86 80 10 82 32 75 99 50 68 60 67 20 55 22 1 76 39 9 89 87 21 27 48 80 81 69 33 74 36 63 46 30 48 64 19 10 74 76 9 38 57 51 79 18 65 70 86 53 78 16 35 24 46 78 13 10 28 55 31 70 18 15 39 74 74 58 39 47 60 32 4 60 19 42 93 60 61 60 57 30 72 37 76 95 3 98 91 34 20 2 78 79 83 77 50 38 86 12 79 57 54 37 92 85 66 91 36 20 79 20 87 51 45 89 85 79 48 37 10 33 53 18 15 38 1 84 20 22 77 44 7 0 72 73 52 95 11 52 61 4 64 1 87 4 21 27 22 48 89 72 1 90 54 11 38 49 29 66 65 7 36 79 10 97 43 9 72 20 28 90 7 44 14 36 10 26 20 9 74 70 78 31 77 9 17 60 2 7 72 97 40 12 17 9 73 63 13 97 49 96 
95 65 43 30 7 49 47 60 66 29 49 42 87 94 17 98 34 14 52 4 16 78 10 41 10 62 32 7 11 44 19 73 19 81 93 52 37 80 35 99 79 16 17 87 69 28 78 14 95 93 23 25 63 61 78 75 34 37 81 35 45 80 57 13 75 5 36 94 50 25 14 42 11 6 31 25 58 55 92 24 57 85 40 49 32 81 89 1 40 36 43 13 44 51 16 23 1 46 77 30 69 63 31 5 14 67 78 37 4 13 62 40 76 14 22 52 22 31 94 91 46 97 60 37 14 22 19 88 4 49 11 2 69 63 43 76 73 6 91 62 73 63 0 87 73 75 74 2 83 56 22 57 71 61 65 93 81 49 31 35 52 55 91 9 8 13 45 96 2 1 5 72 15 53 92 64 34 2 96 0 46 18 69 92 95 7 85 67 15 3 59 40 17 51 60 80 25 85 42 76 
18 30 70 32 92 46 95 20 12 25 7 69 91 1 78 99 34 49 1 39 74 78 16 20 98 56 87 6 8 75 9 8 2 74 98 1 86 32 80 77 60 17 56 66 82 43 30 95 0 69 84 79 61 52 90 73 34 57 27 3 29 95 35 33 65 21 22 67 24 81 84 73 92 86 78 38 63 66 12 3 73 25 67 93 96 58 40 42 54 47 65 19 4 76 8 62 54 58 70 79 50 86 58 88 26 7 34 61 94 48 21 63 33 71 1 40 15 16 3 12 91 22 37 95 5 75 63 91 47 47 89 48 23 91 88 80 77 29 7 7 87 51 92 91 88 68 67 49 65 30 86 81 77 14 74 66 48 96 73 93 19 78 20 78 89 63 38 87 25 69 74 45 98 56 70 80 83 11 65 3 52 60 6 24 40 91 65 97 66 31 85 15 13 20 26 69 35 88 45 24 
81 77 66 2 3 34 38 69 24 70 86 18 87 81 54 97 13 56 17 79 41 27 20 85 39 73 28 86 69 68 53 20 27 45 41 67 91 75 57 74 52 11 82 34 71 94 95 33 54 18 67 32 70 50 73 11 68 73 6 48 16 28 13 42 38 99 76 90 68 53 23 60 44 75 95 92 82 83 65 7 57 89 74 40 34 50 81 10 40 63 95 76 10 48 82 42 58 34 77 85 20 29 43 98 66 38 19 87 49 52 11 75 48 49 55 44 95 0 19 9 59 20 87 48 72 24 27 80 63 49 40 60 85 19 98 72 60 12 10 48 52 25 85 38 53 14 81 15 63 24 4 85 97 25 99 38 74 7 89 97 26 81 48 81 17 91 7 47 61 44 81 61 84 45 80 7 94 39 18 21 0 1 96 20 23 59 7 82 65 67 80 76 21 66 46 46 46 32 99 62 
4 55 35 44 19 77 32 38 61 14 87 54 80 29 58 81 3 45 74 42 79 94 87 78 85 79 34 15 94 52 9 37 59 66 65 9 18 5 81 32 77 65 66 39 30 90 63 5 74 38 57 80 66 33 74 77 58 2 67 6 24 77 14 69 57 67 23 26 54 97 73 67 62 89 59 92 54 57 90 82 1 65 68 48 24 12 75 59 45 45 61 33 84 20 30 33 30 86 48 65 50 77 3 38 68 17 25 23 43 54 60 75 82 87 10 92 35 14 99 20 44 29 89 39 6 49 80 17 78 89 41 54 9 88 29 42 15 87 81 74 35 57 0 92 15 72 11 90 62 77 97 66 93 6 11 29 2 51 29 17 65 42 89 15 89 60 23 29 19 37 3 12 85 61 11 22 62 56 88 14 80 87 26 51 58 68 82 2 32 32 48 78 51 51 41 34 57 39 98 90 
96 44 54 2 93 20 37 96 21 43 85 26 87 89 53 75 73 7 47 50 76 86 18 87 32 54 0 26 33 98 70 62 98 84 58 66 48 0 25 58 18 8 33 24 26 11 80 8 33 22 37 29 58 58 58 77 36 27 95 64 17 89 66 91 69 9 60 59 80 58 99 96 47 96 21 95 53 68 55 76 5 78 45 56 22 16 93 58 56 20 42 83 93 55 19 39 26 67 64 26 74 37 24 11 99 23 32 24 12 62 63 74 51 79 55 42 24 44 27 20 82 48 52 83 93 26 69 10 11 81 33 77 62 67 36 15 66 41 35 53 59 47 0 47 98 65 6 27 37 81 67 63 39 62 26 88 65 48 95 50 5 76 16 15 93 62 83 94 72 2 93 25 66 32 33 82 42 44 58 12 51 52 93 97 52 19 83 19 5 22 21 89 17 44 57 72 61 92 15 50 
5 65 92 5 53 77 3 11 43 63 4 24 4 5 30 80 39 47 76 59 93 36 8 99 89 85 87 41 12 43 27 30 21 24 73 59 93 98 93 14 25 3 52 23 14 68 42 16 90 5 40 17 57 97 60 94 63 99 30 77 8 91 17 91 72 9 38 74 4 26 28 12 12 85 5 94 51 29 32 79 92 27 72 63 42 35 52 72 14 89 35 28 27 66 61 67 14 21 11 38 19 19 68 40 28 94 56 16 33 56 45 31 28 47 92 67 38 60 69 5 45 29 6 75 91 47 9 72 95 96 39 32 59 79 20 43 30 25 89 97 94 76 1 40 52 38 75 21 55 73 2 43 98 93 70 53 78 69 46 30 68 73 63 95 86 3 28 43 36 73 43 42 49 98 23 84 47 40 89 47 83 62 84 84 8 98 48 30 11 85 71 79 47 29 10 67 18 3 78 10 
35 65 50 46 30 54 79 25 93 33 27 31 28 66 18 99 11 23 83 70 30 3 53 65 18 45 69 77 18 78 95 24 80 6 99 37 17 60 42 66 74 29 37 85 12 11 53 77 11 58 76 62 87 83 39 48 23 3 16 52 65 82 14 7 53 0 2 35 6 20 96 20 2 11 91 15 41 43 77 45 40 89 50 89 22 72 43 98 12 19 86 80 89 53 8 97 40 19 62 57 77 57 92 81 25 36 51 55 66 95 49 47 66 9 22 0 87 3 25 65 63 19 72 10 1 16 60 10 24 74 40 78 22 48 63 88 51 60 8 4 55 51 38 35 21 14 96 2 82 96 86 9 54 94 21 52 93 19 24 0 84 79 19 71 17 21 76 54 60 11 4 19 28 51 19 74 70 68 3 63 27 23 98 0 28 3 74 13 73 25 28 41 70 84 44 35 22 28 76 77 
29 49 7 19 17 87 9 7 7 39 96 15 54 12 8 56 60 47 62 58 1 20 45 48 61 10 11 66 77 37 47 92 96 9 78 52 70 70 99 54 29 66 86 15 80 7 73 4 92 94 6 49 49 42 51 46 1 77 43 52 7 35 80 51 70 29 33 26 87 97 18 48 33 90 74 86 99 39 84 85 31 47 49 77 73 48 97 42 34 12 88 78 14 0 7 51 60 79 11 46 80 88 74 0 9 24 87 40 61 61 14 82 81 80 64 58 77 18 8 16 4 13 83 91 56 26 2 95 68 68 45 11 45 79 42 98 51 77 74 22 60 45 39 23 50 39 7 73 49 80 15 64 19 10 56 63 99 94 78 71 0 75 23 14 27 62 10 75 85 36 75 3 74 83 74 16 7 69 97 29 26 53 95 59 87 72 95 63 33 39 22 40 91 18 88 9 20 12 71 10 
33 56 53 83 61 87 43 14 86 22 75 63 90 75 92 84 48 39 38 22 56 51 95 9 44 79 12 14 65 94 61 59 86 24 64 55 35 52 47 12 24 50 4 1 43 68 93 68 75 51 88 32 86 68 0 98 61 15 88 5 91 60 51 91 64 1 54 42 83 32 58 19 21 76 41 73 67 41 62 17 70 87 3 77 90 87 79 71 9 50 0 56 0 10 26 49 22 51 56 60 80 61 87 21 78 62 65 31 96 94 0 17 6 61 95 74 48 52 48 69 84 12 23 33 18 36 74 25 46 6 1 90 16 32 55 48 25 2 81 21 40 6 51 32 84 91 5 31 24 67 1 47 54 65 22 0 84 13 58 55 55 69 3 2 62 88 58 12 28 29 81 21 33 15 30 0 6 98 61 86 29 16 63 70 15 76 20 11 17 71 82 20 33 77 70 35 38 59 26 31 
13 11 16 2 18 11 62 11 38 5 82 37 62 74 44 13 95 50 30 88 87 92 23 43 65 43 67 14 48 95 74 71 14 55 63 29 23 35 79 93 14 42 81 79 32 66 88 64 90 27 23 42 81 45 69 97 29 9 86 1 76 65 80 44 21 3 53 97 23 83 52 88 64 35 57 0 96 73 15 23 60 83 60 82 31 86 75 92 42 91 70 79 91 93 37 36 96 65 11 94 80 2 93 18 87 54 35 49 66 92 52 67 66 66 61 43 89 54 10 59 16 7 23 96 7 55 40 81 98 58 48 5 65 30 91 14 11 1 99 5 98 46 99 51 30 91 65 57 19 15 46 31 0 79 75 61 25 79 94 90 51 98 5 72 38 53 38 53 0 80 20 9 65 38 65 43 13 80 9 48 37 79 66 94 68 65 75 45 58 12 78 20 79 41 41 37 36 12 69 90 
78 5 62 91 89 59 66 20 36 19 80 73 39 51 22 39 66 91 34 12 36 27 45 70 38 42 45 68 81 3 61 57 41 18 15 17 75 90 25 41 54 69 27 11 37 83 11 74 68 22 50 55 4 8 54 20 48 99 57 28 42 6 93 98 45 37 52 11 44 27 71 38 22 57 89 7 60 50 69 48 84 25 47 29 91 67 6 62 97 6 12 5 39 88 90 38 18 12 48 55 63 58 7 92 94 85 95 31 18 46 7 88 52 38 38 18 40 64 9 29 5 32 67 87 41 3 16 40 80 32 56 99 83 50 14 94 52 51 96 85 36 85 74 34 82 67 31 31 42 78 10 68 56 44 37 87 98 25 74 21 87 56 31 51 6 96 75 12 86 64 37 29 59 32 29 38 77 21 17 7 75 78 66 71 3 52 27 48 76 47 44 67 96 46 79 13 47 9 51 95 
75 96 54 17 74 43 37 29 73 48 85 14 94 20 72 7 24 30 68 38 89 49 43 49 25 32 96 83 38 51 42 66 3 59 34 3 88 21 69 14 74 96 10 81 71 8 65 91 73 91 45 90 3 30 99 12 60 15 7 88 58 70 19 97 18 1 30 31 23 28 42 14 16 84 61 31 94 38 24 83 60 19 70 63 97 44 11 14 51 35 88 81 5 40 98 68 0 37 45 39 18 10 40 88 99 38 94 48 35 90 66 52 67 98 10 45 98 29 20 57 52 96 78 77 22 83 69 8 61 24 44 33 56 64 58 48 55 12 92 44 14 95 83 81 4 84 57 84 20 10 42 24 9 10 70 88 6 41 25 52 81 18 47 40 43 78 65 46 52 71 59 96 63 74 74 30 85 36 29 93 54 67 64 72 72 24 16 50 63 12 73 17 69 79 65 53 62 56 36 47 
54 79 60 39 70 67 47 4 85 16 63 75 8 99 82 39 88 87 54 0 86 77 19 97 35 71 66 91 45 90 88 94 90 71 15 38 31 66 16 18 80 22 58 31 42 24 33 73 37 19 55 29 51 39 83 30 20 25 11 66 8 91 44 7 22 85 67 15 99 82 66 36 77 86 68 24 28 12 29 0 94 44 37 29 46 88 22 36 33 46 16 90 83 92 1 19 11 63 85 60 0 17 96 63 50 50 37 74 22 56 85 26 41 54 17 49 44 98 36 73 12 7 52 32 82 9 98 73 86 14 96 21 83 21 40 81 38 53 2 1 96 32 30 66 53 44 98 4 31 98 64 83 31 81 20 59 38 14 49 26 5 54 81 72 45 31 74 57 81 38 55 18 3 40 59 17 71 15 40 66 13 36 87 18 24 15 7 95 57 31 3 76 26 98 80 55 28 75 83 60 
48 86 47 32 45 63 13 81 37 67 65 4 72 48 56 72 65 60 58 97 36 3 22 69 40 4 92 34 94 28 91 44 73 81 87 12 7 71 8 44 56 40 79 81 14 53 36 87 21 63 45 48 52 95 74 28 2 90 38 35 50 24 61 72 93 11 70 88 58 86 63 34 68 42 18 89 86 29 94 82 59 17 59 25 59 23 66 54 34 53 61 48 55 45 2 52 76 63 53 18 44 21 6 26 45 17 71 49 88 66 39 22 13 10 16 66 3 23 47 26 91 21 34 92 51 28 25 5 55 99 83 58 67 4 6 4 56 12 53 8 67 13 55 14 82 6 30 73 2 87 5 68 93 94 80 44 25 33 83 94 92 13 29 18 6 18 7 96 71 48 38 74 89 70 65 46 66 0 26 9 30 22 39 16 56 7 52 11 17 68 71 27 21 6 18 12 56 33 92 79 
24 77 19 51 65 92 34 15 25 94 99 31 42 58 49 83 0 34 57 61 79 96 58 61 4 14 4 43 99 39 18 72 81 23 82 40 91 17 1 31 91 26 58 90 73 45 84 60 41 49 60 90 15 3 51 27 71 40 92 76 26 9 85 71 44 45 7 68 11 7 11 16 24 69 78 98 9 84 92 52 59 65 17 23 9 55 68 33 81 62 16 6 49 75 28 52 76 77 94 88 50 39 83 2 21 99 49 32 85 31 68 6 39 30 75 11 97 77 30 36 61 22 0 21 92 48 95 36 41 49 34 19 18 13 46 0 36 64 59 27 49 61 9 82 91 63 3 71 28 44 3 3 5 5 92 37 63 2 7 23 2 66 43 69 4 17 99 98 98 79 18 79 69 36 59 16 96 18 96 9 32 54 91 10 36 27 26 35 86 87 56 87 21 0 94 14 16 54 51 64 
64 97 55 16 57 2 60 25 31 85 39 64 26 85 5 81 10 76 1 86 33 12 45 50 25 26 83 55 43 17 18 43 56 42 64 91 46 64 39 36 38 93 7 65 39 43 98 17 19 75 67 59 92 41 47 79 42 26 33 19 55 50 87 58 64 6 25 87 78 6 22 21 63 6 1 42 49 14 98 97 83 21 69 49 99 18 13 51 28 14 53 30 6 21 59 77 74 85 78 12 18 3 46 97 12 91 8 46 86 7 36 10 54 42 38 80 43 78 32 88 43 7 46 9 98 46 1 13 40 43 82 39 42 17 54 91 59 18 14 29 56 49 88 27 20 38 66 4 22 75 36 92 44 97 73 67 49 29 94 89 81 15 57 35 75 26 63 43 11 61 84 67 89 90 36 92 34 81 3 70 22 83 92 75 17 40 49 80 94 29 54 77 80 74 16 93 59 99 64 5 
71 97 52 33 92 28 33 65 10 11 18 53 41 95 48 60 51 31 47 53 13 55 76 53 23 60 91 35 20 56 58 38 13 70 34 95 21 20 46 47 33 35 10 53 29 91 89 47 35 35 35 12 37 7 56 14 57 53 73 47 28 1 80 86 36 32 41 79 48 38 8 89 52 34 65 39 48 2 75 84 19 53 32 56 16 33 39 27 30 64 79 72 73 61 47 31 12 34 74 79 96 42 34 79 45 24 59 2 80 18 73 96 21 23 50 66 45 5 5 9 58 47 48 87 58 17 79 71 73 34 25 42 35 79 38 26 94 57 61 62 52 41 88 86 59 17 63 96 68 10 73 51 17 88 9 59 71 33 35 81 19 54 73 85 53 50 80 41 77 89 63 3 8 32 72 98 83 49 92 21 81 61 76 57 55 44 49 16 79 29 52 13 51 59 26 46 48 8 61 20 
40 43 48 2 75 3 76 29 40 29 28 14 24 86 13 11 81 75 81 19 68 77 5 68 31 13 13 96 73 90 53 68 58 84 21 98 95 85 32 45 77 74 41 5 26 69 65 42 69 76 73 18 37 1 43 53 56 83 54 64 28 91 71 67 7 8 81 24 27 64 77 65 8 40 31 92 57 78 80 53 64 17 16 96 34 12 89 25 22 43 60 44 61 90 68 12 27 51 81 75 43 10 87 46 44 47 23 31 10 68 85 60 7 32 95 94 60 11 44 78 58 99 68 23 37 18 39 76 93 17 1 7 0 16 13 62 29 23 29 4 22 49 76 96 68 94 49 50 93 46 75 94 22 28 34 13 34 60 89 77 11 45 8 72 0 26 48 60 7 95 20 26 15 15 62 96 21 11 43 63 94 57 31 93 76 46 9 27 18 56 26 42 53 49 62 15 32 4 23 69 
86 65 57 70 59 15 55 48 36 31 32 57 43 0 64 41 43 69 65 36 95 30 33 48 53 7 49 79 32 33 79 95 6 99 27 69 4 16 11 13 83 1 61 25 1 86 33 84 46 16 35 4 63 26 2 77 84 4 74 64 85 19 64 89 43 2 71 56 56 8 88 66 33 39 33 46 42 44 39 77 43 80 39 28 61 75 98 27 78 91 3 67 57 84 29 44 34 17 56 23 94 65 57 59 49 35 9 32 59 94 89 57 89 53 56 27 16 31 61 6 71 62 24 15 66 37 38 2 49 90 7 88 85 12 60 57 37 46 73 24 93 36 68 35 36 63 55 21 34 28 2 1 96 39 85 28 74 10 60 14 93 67 72 65 79 65 13 67 92 0 0 21 99 62 96 67 40 46 63 86 38 23 42 76 15 88 21 19 31 50 3 44 3 65 54 65 39 92 41 9 
46 60 87 51 16 80 36 90 49 2 97 99 0 95 76 39 98 39 92 31 32 31 18 33 45 40 17 93 9 77 8 83 31 96 25 75 98 53 60 50 51 38 64 91 40 6 5 79 35 28 51 36 56 3 30 0 21 16 83 44 21 95 85 98 7 10 59 40 16 30 45 42 26 95 97 95 26 6 37 59 60 29 74 67 97 79 71 41 62 53 25 82 15 39 53 9 70 11 29 94 86 15 75 31 58 53 20 66 46 0 55 59 64 16 24 51 66 87 76 1 99 46 82 59 87 90 63 81 49 7 94 14 44 60 45 67 95 60 8 24 32 8 16 31 74 35 26 8 87 74 61 99 98 64 8 96 78 77 76 56 34 77 6 98 74 76 52 77 49 0 70 17 0 74 83 44 84 32 95 90 36 10 11 99 22 43 87 0 10 55 60 60 18 75 42 17 40 57 71 65 
1 96 29 86 19 94 29 9 85 28 0 42 1 17 54 13 31 55 92 79 92 31 90 93 26 83 34 56 58 17 15 12 93 37 6 70 31 15 65 47 65 74 37 3 22 0 25 94 53 44 87 34 13 60 47 97 12 26 5 41 24 25 8 81 71 19 76 97 38 74 76 93 48 64 25 42 87 91 65 77 48 21 59 28 43 23 22 66 34 96 72 19 50 69 77 40 9 6 72 32 82 91 89 27 90 56 72 21 1 34 89 71 76 35 53 18 36 84 43 32 10 89 38 66 32 88 91 10 17 98 50 58 25 10 73 37 43 15 15 31 82 96 22 67 25 6 4 54 58 95 16 73 30 68 32 87 47 12 93 50 33 98 25 27 77 59 32 28 59 9 10 57 63 35 60 97 87 90 73 18 99 59 19 83 77 71 74 49 53 51 36 0 31 47 1 16 32 49 85 11 
59 74 4 81 65 53 74 73 51 43 7 85 22 70 36 97 2 68 75 12 92 74 43 77 18 22 8 64 29 17 17 79 25 49 70 10 50 47 8 20 71 60 83 24 42 70 60 96 55 0 99 1 22 1 79 79 62 0 95 71 60 83 27 98 6 12 72 80 36 61 83 5 0 75 97 34 61 24 59 3 55 47 76 63 49 72 51 45 67 68 77 66 96 55 52 54 87 73 29 23 54 62 91 8 91 18 40 39 90 47 72 58 46 88 51 14 27 78 4 28 1 9 52 39 27 93 67 71 78 17 17 0 47 4 31 22 62 30 21 96 93 45 79 6 76 41 31 59 62 32 94 58 32 46 76 9 56 9 25 51 29 28 73 99 13 25 12 14 31 51 79 83 14 41 6 41 93 60 46 33 73 2 80 10 60 4 34 21 3 38 86 80 82 29 21 66 63 50 14 32 
44 24 7 15 81 42 10 69 73 70 16 32 96 72 31 37 49 47 98 49 36 97 81 82 51 46 44 15 89 59 28 37 87 63 56 61 2 81 66 6 61 95 54 49 47 14 90 69 99 71 95 64 40 62 50 27 79 73 15 49 35 83 46 96 71 50 35 87 6 38 48 11 31 66 59 2 94 20 6 52 39 12 81 62 45 57 75 69 6 75 65 69 89 8 9 25 76 6 75 24 63 84 72 24 28 85 61 74 85 33 70 38 31 41 34 36 36 29 9 67 76 88 47 70 59 72 25 52 82 55 33 92 98 41 99 93 57 18 5 38 84 54 79 93 4 67 87 5 78 8 15 94 93 80 8 76 69 64 13 82 97 20 57 76 84 83 29 51 92 74 2 32 7 67 36 95 51 66 35 85 81 48 95 1 65 94 49 3 55 32 30 30 33 67 50 23 39 7 97 33 
71 93 13 23 14 8 90 32 30 86 24 53 43 54 25 16 64 7 98 32 5 72 43 57 98 26 41 73 37 61 20 27 32 23 29 35 86 69 25 2 67 79 62 12 74 50 90 47 58 68 70 2 56 67 93 70 32 66 13 27 60 45 85 94 13 43 28 25 13 93 68 87 53 28 82 62 68 79 46 47 51 22 6 17 90 55 24 17 43 59 11 16 46 14 85 77 13 75 46 76 72 77 20 75 44 95 4 32 67 43 60 43 11 28 5 42 9 26 59 62 3 81 2 32 9 78 23 92 35 5 76 64 24 73 56 32 59 2 71 9 97 56 68 79 38 41 56 32 63 57 26 46 17 75 75 28 83 95 76 39 13 90 70 30 39 49 57 40 56 14 56 45 29 23 88 8 1 84 38 75 50 12 26 52 87 90 14 83 15 46 92 59 78 93 35 41 11 29 79 54 
86 30 50 17 55 36 2 93 30 58 88 88 16 70 71 44 82 79 54 9 37 99 30 71 30 80 4 25 75 21 85 11 33 88 38 0 79 3 38 11 55 91 34 78 59 73 8 63 39 91 60 42 61 73 19 76 29 81 32 7 18 56 79 58 17 90 60 94 21 55 1 48 6 23 59 49 90 39 98 96 89 21 83 15 83 10 66 81 75 38 0 38 46 83 6 19 86 81 83 95 17 42 62 70 13 90 40 2 5 45 37 71 67 96 36 87 11 0 16 42 60 53 11 30 42 70 18 98 24 73 59 96 19 34 6 20 3 67 8 64 43 87 96 1 3 43 18 15 73 92 88 23 81 6 94 59 42 5 6 76 44 46 5 16 95 20 25 55 35 67 88 55 2 12 23 37 28 31 22 81 77 18 43 5 60 43 1 94 62 31 71 12 92 20 57 68 61 76 78 74 
71 38 59 27 85 90 71 43 38 64 63 63 16 30 16 39 58 47 39 34 34 78 52 78 81 14 42 26 50 97 74 53 98 32 58 93 84 75 0 99 28 46 82 69 60 67 48 29 32 37 77 4 6 56 30 55 24 21 45 96 8 32 56 17 76 69 16 56 72 76 77 90 60 21 7 98 66 54 87 52 72 2 70 23 42 70 61 38 95 69 41 10 64 86 77 64 93 73 50 21 3 53 79 51 93 0 93 46 71 3 24 31 32 70 67 7 86 8 40 99 72 54 31 26 67 9 65 77 37 71 4 46 46 86 53 59 51 69 53 37 29 14 88 34 34 1 39 0 35 73 36 87 29 44 71 66 43 46 83 77 96 28 45 93 21 78 92 37 95 42 86 24 10 3 50 42 64 94 15 7 99 31 92 97 40 42 8 46 34 56 43 66 22 44 30 46 65 15 56 17 
11 43 21 85 97 42 87 78 9 18 14 95 35 92 60 69 12 90 47 44 35 57 90 59 0 55 74 51 92 3 52 79 56 98 41 31 57 22 86 10 84 46 82 56 88 57 30 88 81 94 83 98 86 79 16 12 80 68 50 18 36 35 56 48 86 34 51 63 40 20 40 87 75 16 16 15 81 14 68 49 86 71 37 43 10 79 16 62 79 93 85 83 79 27 89 55 86 50 19 47 9 0 13 99 97 8 10 87 17 67 46 60 29 68 16 40 81 29 59 24 46 8 68 44 51 42 11 84 10 11 64 6 80 46 48 53 30 4 12 20 22 43 45 5 81 39 57 80 86 25 25 90 27 98 11 27 67 2 85 24 8 57 99 65 49 62 26 94 90 18 29 19 99 23 85 17 74 6 15 79 97 78 29 65 36 47 45 88 18 45 56 78 30 28 95 71 92 71 66 16 
21 75 90 55 99 71 25 35 41 95 7 85 66 21 99 96 52 10 30 73 54 96 4 26 94 67 13 0 5 82 33 90 36 96 15 88 60 39 69 48 16 0 73 7 61 43 32 11 86 13 84 96 30 35 84 29 47 56 68 24 64 59 30 33 77 74 83 10 65 67 27 18 60 85 40 12 66 82 72 15 48 18 44 60 58 93 24 22 68 77 37 44 93 50 66 71 21 40 62 10 14 79 13 24 73 56 97 65 50 62 62 91 13 22 9 66 26 56 29 53 7 83 52 87 69 59 93 10 76 60 45 99 23 54 51 83 84 47 19 24 91 65 91 67 89 29 33 76 10 94 43 18 39 30 36 78 78 41 2 34 19 72 48 54 56 89 6 65 51 68 11 44 22 21 22 47 16 6 60 13 98 0 17 86 44 45 69 31 61 38 57 37 52 46 10 46 61 36 49 77 
72 61 64 38 56 83 92 52 34 31 27 94 62 50 76 8 62 90 56 96 39 44 35 93 17 59 32 39 99 67 25 43 1 42 27 84 55 23 40 9 47 46 26 33 55 44 19 45 5 31 57 77 14 76 12 22 48 22 33 61 16 70 22 96 68 61 39 85 65 33 87 59 27 64 76 37 79 29 19 36 45 69 91 76 8 33 11 50 19 53 26 33 5 24 31 79 27 73 34 9 45 89 89 53 74 5 82 74 87 79 56 97 23 44 3 59 20 73 93 19 97 2 47 38 75 26 53 52 36 65 97 16 2 90 45 55 92 53 43 9 12 48 53 24 45 96 57 49 65 34 26 16 82 90 23 20 52 60 31 79 82 66 74 63 30 54 60 73 14 32 16 1 36 81 34 58 80 4 12 99 13 45 53 38 41 77 38 52 42 94 46 41 85 72 69 66 36 51 13 28 
6 69 12 34 25 42 40 82 1 18 80 92 43 86 90 60 76 23 2 1 35 20 54 29 33 15 41 35 76 38 25 15 33 25 68 93 94 78 43 28 74 52 70 68 19 57 62 34 82 92 76 63 5 46 18 12 10 30 7 12 86 58 91 78 28 0 12 17 70 27 62 37 37 95 42 0 21 46 65 92 23 51 55 63 3 67 42 37 68 59 43 0 22 77 44 38 17 98 95 14 67 11 54 60 88 70 83 18 77 24 6 47 63 73 81 84 32 68 3 60 23 76 12 92 52 9 28 26 66 23 25 81 12 39 83 61 61 7 70 85 31 21 98 82 63 62 26 6 46 49 53 53 23 26 70 14 96 91 58 86 66 82 4 12 49 7 88 85 18 68 38 54 75 47 24 34 81 98 19 37 80 34 19 97 84 56 98 21 54 79 91 75 13 56 17 30 34 94 49 51 
61 19 12 43 53 2 13 10 46 25 44 14 14 62 66 19 51 88 32 22 42 17 90 56 30 25 83 84 79 74 19 55 17 30 8 95 54 72 1 34 50 94 44 0 84 31 33 87 38 40 99 63 92 65 60 41 11 9 36 20 4 29 58 78 14 73 97 18 52 64 27 6 82 91 51 24 34 87 37 86 54 38 20 79 21 74 80 22 11 60 72 45 49 4 1 70 80 26 11 45 68 1 39 39 0 38 91 69 65 99 66 43 12 76 35 34 87 77 3 64 86 69 12 91 2 27 89 2 75 68 3 39 75 96 63 88 58 28 9 19 87 87 79 63 18 51 11 25 40 98 20 46 92 66 64 91 67 10 73 15 91 46 53 24 91 13 60 21 42 88 12 50 61 58 49 60 18 98 36 3 6 45 68 61 81 45 27 0 97 88 74 67 84 13 60 53 86 72 37 19 
10 88 62 35 31 42 51 0 15 19 27 20 63 78 19 7 74 7 61 71 58 15 91 89 46 25 21 37 79 76 68 36 77 58 43 5 58 49 1 86 16 88 88 85 2 44 88 35 89 23 80 82 4 97 94 29 34 73 16 52 1 83 41 47 95 7 36 56 48 48 61 71 27 50 14 37 30 80 32 66 75 67 22 79 97 95 60 76 98 19 20 3 70 71 81 93 47 7 5 77 27 59 25 50 19 49 90 12 73 38 78 38 16 45 51 30 23 89 43 33 27 61 65 85 49 37 55 4 83 70 9 51 33 54 69 63 28 1 27 2 70 26 67 98 61 74 20 33 76 10 35 44 42 32 4 58 54 65 37 47 50 12 97 90 88 92 70 30 54 93 58 32 41 4 6 6 56 66 72 14 70 80 71 2 57 36 53 10 45 90 40 7 64 80 8 71 31 54 52 48 
33 83 42 21 58 52 48 99 51 77 77 28 68 69 56 42 94 17 79 58 70 38 54 7 1 99 39 25 14 72 6 92 65 25 60 14 41 37 85 92 21 95 92 24 46 38 74 12 32 15 43 9 21 83 75 19 42 89 45 16 4 98 68 15 14 84 52 86 90 44 84 45 77 75 67 45 31 99 43 5 86 45 96 72 74 90 39 59 29 46 35 4 87 36 48 48 81 92 13 73 89 81 49 98 65 51 42 31 65 15 98 24 38 56 47 10 89 7 21 88 71 98 45 74 98 14 95 99 92 48 32 71 7 40 29 32 92 49 13 83 7 8 5 49 35 4 96 19 6 69 41 13 44 12 2 73 17 7 0 24 44 26 84 41 90 64 80 11 34 73 2 59 29 80 9 77 53 9 30 55 82 34 56 14 57 25 87 78 9 16 93 24 66 0 6 2 3 91 30 5 
63 29 88 85 88 56 93 42 4 31 97 71 87 76 66 24 48 78 43 92 88 89 78 38 84 47 89 2 27 67 45 32 51 56 73 13 54 48 86 31 64 33 3 10 79 24 42 46 55 8 99 79 15 34 36 58 24 47 50 18 88 33 72 23 38 97 81 54 48 52 83 69 9 80 73 48 92 26 33 32 84 98 42 35 2 39 51 85 44 19 29 21 68 81 25 83 28 1 34 16 38 87 25 62 79 9 62 18 80 50 58 47 37 31 21 13 78 47 18 94 2 49 89 43 57 54 64 62 21 84 1 67 45 23 27 61 82 89 43 19 41 83 46 62 49 22 72 64 17 59 38 9 21 59 86 81 65 86 87 62 21 66 17 72 99 82 42 62 90 31 19 75 29 35 32 65 56 28 86 64 76 55 50 98 20 78 66 54 51 91 99 87 29 70 35 22 54 9 66 70 
40 46 80 38 43 64 25 53 89 73 47 54 0 39 71 74 89 2 62 14 55 42 79 91 75 58 70 37 36 68 66 72 2 13 38 25 95 19 9 0 18 85 32 1 76 35 89 29 47 63 37 73 32 95 48 73 60 56 24 66 31 38 87 64 46 53 2 12 17 68 39 29 70 96 73 33 7 19 3 61 46 96 41 72 88 62 1 74 49 97 25 52 34 61 12 19 6 18 32 33 89 94 15 1 77 73 57 75 83 86 13 88 2 43 46 11 42 70 72 47 69 53 90 31 20 87 98 92 16 32 83 22 71 75 43 62 3 85 33 78 75 85 0 65 67 42 21 52 66 73 1 93 83 59 63 3 55 29 8 11 74 22 96 74 75 1 32 31 41 40 5 54 99 20 48 64 90 42 18 21 77 37 41 56 53 61 75 29 46 47 51 21 82 54 42 9 61 53 5 8 
85 50 32 79 23 11 48 66 17 91 20 37 41 87 80 54 38 33 83 65 85 56 71 41 67 58 10 12 69 63 20 6 28 59 34 90 31 1 69 30 61 4 27 80 43 31 49 57 97 92 34 93 48 94 55 35 93 39 84 26 91 51 13 44 94 50 20 82 23 84 82 61 2 39 5 27 47 64 53 8 88 90 65 59 23 79 96 16 88 37 3 92 68 20 57 91 44 44 90 84 11 42 4 73 85 86 67 81 70 4 3 64 2 15 40 2 18 20 29 3 80 59 63 8 86 99 36 57 96 97 67 46 27 76 87 28 20 6 92 38 38 85 52 92 95 22 42 58 85 13 31 96 29 87 22 8 19 65 5 68 44 69 32 87 83 74 62 98 49 31 78 95 1 28 60 36 19 40 15 88 65 70 81 39 27 67 85 12 85 47 29 56 38 52 24 48 75 43 29 65 
15 24 81 3 81 9 94 56 98 33 60 83 40 26 4 89 30 20 27 6 54 0 43 35 32 82 72 35 44 77 2 91 89 27 18 14 28 87 26 85 17 1 69 64 79 35 31 13 30 2 37 72 8 95 60 95 81 58 96 47 52 90 94 83 81 78 25 5 28 80 9 38 26 80 53 41 67 3 31 55 47 69 66 50 85 55 31 7 33 53 71 12 73 47 0 26 26 86 97 47 27 54 95 40 42 78 21 60 2 91 52 40 6 16 56 42 32 57 17 16 72 7 66 87 29 4 50 15 28 99 55 8 48 62 15 57 18 70 69 89 2 79 77 35 57 9 35 82 13 33 50 49 13 0 72 87 62 65 16 22 59 33 74 85 95 12 38 7 0 69 48 58 94 98 99 89 53 14 28 93 76 67 69 42 74 11 37 92 26 25 47 4 19 72 55 65 92 64 44 82 
2 91 70 29 25 2 85 56 79 36 47 32 17 95 59 43 98 94 35 11 27 61 95 19 44 7 90 0 7 65 15 52 38 56 36 21 93 65 44 74 54 50 95 46 80 72 71 45 2 31 96 42 16 74 87 46 98 95 26 38 28 16 78 31 54 84 6 19 73 76 23 58 57 98 65 79 61 43 70 87 92 83 72 52 29 81 59 70 81 0 35 20 55 2 99 83 92 2 27 98 25 83 43 33 6 94 9 35 0 4 91 18 49 10 76 62 50 89 21 57 25 54 82 13 8 29 51 10 30 71 8 30 93 18 36 2 80 24 33 83 25 39 79 97 49 40 44 94 47 57 54 14 26 88 87 50 51 89 81 62 79 55 44 83 65 64 69 13 58 70 40 50 76 48 17 64 33 40 99 95 0 60 17 97 13 12 61 21 1 96 78 34 43 58 24 86 17 94 87 95 
86 56 16 92 10 54 31 3 7 47 25 74 9 67 72 71 80 64 37 48 88 48 1 99 66 16 60 94 37 32 9 51 43 44 10 26 97 67 18 43 80 33 64 1 86 26 59 47 89 89 10 79 25 30 23 8 84 68 87 60 97 90 92 97 69 28 25 99 26 81 52 55 89 42 45 43 27 9 23 13 30 67 93 56 9 14 51 89 69 28 65 27 17 32 35 93 76 74 89 51 2 45 81 59 5 50 59 57 45 40 16 70 29 50 30 85 83 92 70 50 93 42 43 71 66 74 79 48 69 84 24 51 76 58 24 84 31 8 16 33 98 62 65 29 45 89 16 66 6 76 72 76 92 59 97 28 62 87 3 77 22 63 68 62 47 78 10 36 37 34 52 22 63 40 39 46 97 77 72 57 24 61 20 30 66 67 58 27 39 28 28 77 40 18 57 76 1 11 75 38 
58 82 28 32 33 59 77 90 43 6 77 16 60 1 87 20 84 89 15 95 47 41 18 18 95 31 48 46 5 18 58 83 58 45 28 72 14 84 96 3 2 40 68 26 85 98 52 67 44 50 80 84 16 22 40 22 92 12 88 19 71 79 79 49 4 83 95 41 28 42 83 48 62 43 4 0 93 9 4 34 12 83 23 75 96 54 3 85 97 14 19 71 30 62 27 55 94 59 58 35 82 76 3 90 7 87 2 77 19 45 34 97 18 50 7 79 81 39 58 45 80 93 98 74 96 87 2 66 59 11 8 10 95 13 60 11 21 75 37 25 51 4 47 77 60 87 46 0 18 67 30 24 39 37 15 93 64 93 39 25 96 5 26 19 5 70 65 34 88 16 42 40 25 0 83 73 32 68 53 70 99 47 82 54 44 74 14 55 11 42 87 20 63 18 47 42 63 83 35 32 
56 58 37 15 93 38 57 61 96 67 91 82 35 75 87 41 58 67 63 49 95 12 97 83 57 26 68 53 5 72 29 15 41 81 37 33 24 74 61 30 11 98 17 27 20 31 57 7 76 17 17 90 93 67 30 27 2 8 5 22 11 80 16 81 88 37 11 11 64 16 25 79 37 39 78 54 93 18 47 83 64 60 28 58 61 29 54 71 59 50 69 12 17 37 99 98 43 45 54 55 82 28 86 20 97 11 47 42 78 57 82 14 49 36 1 57 8 5 8 83 82 34 93 16 35 89 63 48 83 66 51 3 22 57 91 10 17 65 83 63 48 24 97 19 59 21 68 24 88 82 44 76 96 17 0 88 29 37 60 61 21 60 77 55 85 72 26 47 84 63 7 17 89 11 1 66 54 58 48 18 70 9 52 73 58 27 71 78 11 37 53 73 64 91 65 70 13 29 47 14 
54 95 95 37 6 2 77 31 58 0 86 99 11 50 25 74 19 92 77 94 78 60 78 66 87 59 6 99 36 36 59 64 48 26 14 78 51 61 14 71 63 31 85 52 78 57 70 92 66 43 15 75 72 4 45 38 32 35 14 97 29 53 34 67 16 24 53 92 93 43 75 21 26 39 70 24 22 33 96 54 53 50 5 21 18 79 71 29 70 25 58 37 51 63 87 38 11 93 63 28 82 89 33 58 1 16 92 55 45 4 26 92 31 83 22 92 93 54 15 53 72 39 36 61 12 99 75 33 17 36 81 25 84 59 32 72 9 89 24 82 94 12 14 55 16 51 34 45 87 49 75 76 12 58 0 69 35 50 25 89 19 99 38 23 81 65 23 65 7 92 66 3 0 58 64 1 55 98 66 63 6 68 23 37 57 29 25 55 92 53 10 21 95 28 19 51 71 6 35 85 
77 23 37 45 13 22 13 69 66 71 34 26 5 6 40 89 43 74 48 9 3 39 73 53 63 4 36 4 33 4 31 86 73 55 17 61 28 75 13 4 60 24 77 74 87 8 46 95 70 79 57 50 76 19 99 58 33 47 56 66 94 97 88 42 9 28 12 33 89 75 15 0 54 7 24 8 42 75 68 63 6 73 3 59 59 60 79 51 19 12 72 90 0 42 53 65 71 17 11 72 24 64 84 96 54 45 31 60 1 56 42 81 15 48 90 6 24 15 15 56 63 25 99 19 78 55 15 45 37 40 37 83 10 39 56 8 73 66 41 52 52 58 10 46 30 72 47 65 55 24 76 82 11 80 10 57 36 32 70 56 25 75 28 32 37 48 73 29 87 65 22 38 59 8 21 1 45 45 98 32 16 79 80 44 38 42 36 4 66 24 21 45 78 47 16 81 46 62 54 98 
73 44 67 65 38 13 34 66 57 38 50 30 24 91 47 2 52 47 66 57 72 4 13 73 76 8 26 54 29 35 25 32 1 37 60 10 89 42 11 74 95 60 40 15 9 62 72 96 25 99 43 39 46 96 29 43 63 53 38 65 23 9 83 93 80 17 8 75 56 11 24 36 85 87 60 35 52 42 24 11 97 69 36 99 92 44 94 71 47 44 55 64 82 81 67 55 83 60 40 94 4 92 18 40 53 35 93 67 82 36 47 42 8 7 41 51 63 48 75 85 72 79 6 23 12 31 57 2 13 78 48 27 75 41 49 87 89 20 11 46 9 36 24 30 58 55 5 38 61 56 45 94 46 95 10 76 95 27 11 28 37 54 6 93 98 1 72 20 19 29 79 8 27 53 11 26 19 98 37 57 39 71 83 77 73 64 76 89 69 24 87 11 29 6 21 44 50 5 92 31 
66 20 53 14 11 85 10 94 59 23 36 10 30 86 46 67 62 26 3 86 81 32 53 34 20 88 19 56 53 70 80 53 50 51 76 83 20 82 90 74 79 20 55 20 16 77 26 34 15 60 16 85 67 41 86 30 78 25 17 38 17 29 21 97 90 19 85 35 28 17 33 55 9 83 9 7 31 72 94 64 69 47 31 36 70 0 70 6 35 12 54 21 28 41 70 23 44 55 7 14 90 78 91 0 19 5 67 19 54 22 91 89 61 72 51 14 60 77 28 14 54 15 67 1 96 49 56 99 27 33 59 61 78 77 60 49 35 22 57 1 80 97 36 47 57 89 72 24 12 23 24 22 70 32 7 2 72 48 51 6 23 55 16 11 12 9 71 27 91 2 30 89 23 51 18 92 27 86 16 65 90 48 32 71 8 69 59 9 91 87 30 67 85 30 75 25 96 60 36 97 
45 49 94 13 78 61 68 56 2 61 24 29 70 10 61 16 97 64 22 38 43 70 14 87 91 6 60 30 14 64 4 3 95 6 83 71 53 23 27 13 13 76 99 4 45 54 34 58 65 30 93 91 59 49 62 12 58 95 50 10 34 10 99 34 0 50 86 50 8 85 7 49 58 96 99 43 25 48 9 3 72 10 92 10 55 35 39 5 98 17 82 45 73 42 16 88 84 66 18 35 83 46 27 99 32 93 4 89 31 12 54 46 75 58 26 22 99 90 84 99 92 59 83 80 61 55 28 44 38 35 81 69 34 31 80 4 99 71 91 14 39 81 46 16 32 56 27 55 71 60 14 80 82 78 6 82 79 99 78 59 88 80 71 24 69 48 69 87 19 42 88 87 38 16 97 27 33 97 89 62 36 14 17 7 14 39 58 51 60 8 55 99 89 92 41 4 76 89 3 12 
84 17 82 71 30 98 66 2 32 37 89 58 4 40 20 52 62 67 40 48 14 3 51 43 61 62 35 38 55 70 29 91 86 78 86 54 37 20 82 41 19 8 2 88 4 45 27 32 36 33 76 92 35 28 65 16 61 91 52 49 31 91 4 13 17 11 67 57 93 5 16 24 44 5 22 54 12 55 48 41 74 8 13 67 33 42 73 52 71 11 49 89 66 39 59 13 33 5 86 59 52 56 45 76 29 33 69 59 57 52 32 54 18 95 87 50 70 27 88 65 44 26 41 7 82 87 99 36 90 83 58 68 45 28 88 1 57 97 20 28 45 69 74 52 71 7 96 48 17 85 2 47 32 7 69 10 9 63 68 4 77 75 92 89 55 2 6 9 12 3 75 50 34 26 35 1 5 56 57 25 34 1 42 33 84 68 92 2 97 79 17 88 12 11 20 17 80 74 31 94 
74 95 25 78 30 63 90 40 56 58 49 13 57 51 81 71 14 83 67 48 8 2 75 65 81 60 61 80 35 28 70 27 95 23 87 92 55 71 85 22 92 32 70 33 77 95 26 53 4 5 38 39 24 18 73 61 70 26 96 98 48 0 4 89 51 37 0 94 80 31 40 10 81 67 80 72 96 44 30 52 0 18 36 31 72 33 20 10 61 49 28 20 99 13 88 71 58 91 93 90 57 76 85 12 23 24 60 75 70 67 21 47 48 45 89 73 64 4 63 63 4 72 18 57 80 44 19 81 60 75 53 7 21 55 85 80 50 97 82 49 97 85 62 34 59 44 47 76 59 47 91 9 49 45 81 14 67 57 32 31 33 81 61 6 58 11 51 83 58 82 9 98 30 0 94 17 40 77 47 44 99 90 68 54 75 14 30 90 89 68 4 86 21 43 49 38 35 99 32 92 
48 17 29 18 1 40 96 45 5 9 88 77 43 20 29 46 94 68 92 13 16 77 86 81 65 24 76 51 32 66 19 31 78 72 52 2 58 51 93 81 25 8 92 72 63 42 19 43 86 95 28 7 73 75 71 68 7 27 27 85 50 9 42 33 77 89 47 37 2 99 76 30 8 77 35 52 16 80 53 19 94 23 50 89 65 4 91 44 85 25 41 49 67 80 73 73 74 78 73 71 75 2 50 43 26 26 22 34 72 78 60 21 28 79 93 38 46 58 17 12 5 62 51 70 44 15 57 39 59 19 12 13 43 30 58 16 19 97 45 96 52 68 71 14 32 96 90 94 54 54 30 92 5 81 76 45 29 74 82 68 26 98 36 70 80 43 17 21 87 71 19 80 24 34 59 32 44 10 88 94 7 23 17 81 87 0 29 92 47 32 71 67 30 2 46 38 84 19 51 79 
70 32 20 90 9 43 3 29 5 93 0 33 39 91 7 18 89 69 82 97 8 86 29 96 26 18 62 82 94 56 91 85 1 0 82 20 5 24 60 33 55 53 57 3 69 28 68 55 10 9 58 4 37 89 27 88 72 75 95 21 69 72 10 48 14 99 23 64 30 49 90 51 31 33 84 25 60 32 42 93 50 48 9 51 75 6 82 54 55 37 82 39 83 1 55 54 74 20 23 42 46 18 28 67 35 19 97 45 62 81 80 2 9 78 12 72 77 64 49 54 27 68 82 17 91 4 11 33 50 92 87 0 71 78 51 45 4 57 67 42 6 75 72 73 51 63 31 31 82 6 93 56 72 3 12 26 33 56 41 97 68 51 42 16 64 67 10 26 7 36 55 49 36 36 51 35 40 38 22 50 12 91 50 73 10 52 16 2 61 55 78 64 62 29 74 62 40 39 94 29 
10 48 48 36 16 70 52 34 72 40 63 15 34 4 31 96 89 53 89 73 79 83 66 0 58 34 88 68 25 71 2 18 47 52 59 26 54 71 56 21 75 77 61 5 4 81 21 30 25 19 87 32 39 77 52 49 18 73 86 96 30 59 7 1 81 45 19 44 78 49 82 96 9 57 42 29 86 10 11 90 67 33 59 98 41 93 60 65 69 59 24 1 79 83 53 35 44 28 21 4 97 72 91 72 2 96 58 22 64 98 70 0 93 13 73 83 33 7 56 50 3 72 49 0 48 78 95 84 63 3 48 20 1 94 51 4 11 41 54 48 6 43 37 64 16 46 24 32 52 47 9 79 12 64 66 71 25 1 26 54 36 11 5 64 95 18 37 57 26 46 26 67 24 23 93 67 49 23 65 80 40 96 98 77 83 91 3 89 18 92 81 39 90 59 24 3 4 71 61 77 
5 1 33 68 82 75 26 0 66 73 35 60 31 23 77 11 42 8 11 19 47 79 1 34 17 29 24 65 98 30 84 54 34 31 56 62 60 19 31 71 45 92 3 30 67 16 70 93 77 77 2 59 17 42 69 52 77 67 18 42 63 27 34 24 71 31 67 30 18 62 44 61 92 15 25 80 46 83 78 79 6 28 42 32 78 49 74 15 26 94 41 87 1 82 14 97 66 35 60 74 69 98 11 33 17 12 16 58 42 20 45 6 50 62 20 90 99 87 15 57 89 30 18 10 98 30 37 99 41 77 90 28 35 9 45 59 59 89 45 42 17 6 82 21 93 14 55 82 33 97 61 58 20 3 0 58 53 65 55 33 11 94 99 20 62 92 41 23 54 23 75 70 42 42 13 13 87 26 16 15 10 71 92 5 40 4 60 28 49 61 27 12 60 30 88 4 4 3 96 90 
73 94 27 77 76 85 68 20 81 72 66 25 80 89 91 70 38 34 98 22 84 51 85 95 4 61 16 34 35 82 49 32 22 18 8 92 93 4 17 56 57 2 27 13 6 18 87 29 64 25 1 99 5 19 70 18 91 35 64 54 77 52 14 35 0 14 55 38 12 30 36 81 61 94 7 2 67 44 79 43 72 17 82 12 76 0 98 97 69 35 71 70 68 94 11 29 75 72 23 31 5 10 46 65 75 68 75 48 93 5 40 47 76 82 44 76 41 20 88 57 82 50 34 52 27 9 2 89 15 82 61 87 92 7 2 22 77 82 59 0 95 62 53 21 94 32 48 35 60 53 73 5 10 4 8 95 22 46 20 35 85 9 77 79 73 42 41 47 10 26 70 0 33 59 7 58 41 78 77 61 9 28 52 54 61 89 70 92 5 12 75 0 47 49 66 42 1 23 67 13 
85 30 53 91 47 28 30 28 96 5 40 23 48 97 38 66 47 37 24 94 76 66 51 23 34 37 81 9 6 74 27 67 12 56 67 2 97 88 25 46 73 33 37 12 18 27 47 79 77 11 25 17 83 51 72 29 7 79 33 70 5 42 10 5 30 73 69 99 55 76 37 73 51 18 23 53 41 76 6 13 89 17 25 1 58 68 33 80 60 49 59 79 31 25 11 68 15 20 39 1 45 84 17 79 6 20 78 28 23 50 43 27 25 93 98 19 49 65 6 22 54 24 14 20 26 41 99 2 71 71 76 60 3 24 90 15 82 66 7 19 18 78 36 61 87 48 42 2 16 14 72 11 50 52 51 31 55 63 18 42 70 68 8 25 17 92 55 42 87 89 6 66 95 76 62 67 17 93 77 11 72 75 83 45 71 16 9 22 31 15 51 57 48 60 52 35 24 40 85 30 
97 94 58 35 43 12 76 73 81 14 84 32 43 87 30 70 72 38 86 57 45 9 54 69 77 31 48 91 6 3 27 66 16 50 40 60 93 74 72 56 85 25 30 83 6 83 50 41 79 40 67 62 4 8 28 5 90 33 95 91 33 6 70 43 53 32 20 96 96 69 86 68 60 83 44 8 86 16 82 95 47 83 2 95 70 65 45 41 21 89 82 61 19 93 74 35 42 19 21 32 54 58 27 3 42 80 10 13 21 83 43 75 28 95 91 40 82 16 16 98 71 61 89 21 98 92 42 29 88 26 23 47 78 21 10 7 27 44 35 64 5 79 88 41 10 44 93 39 96 85 30 39 37 43 19 49 80 54 83 85 28 2 99 85 68 26 29 63 83 71 84 61 41 11 14 26 77 97 61 2 16 84 47 72 49 0 64 27 67 49 80 80 28 3 45 51 68 92 45 40 
38 28 48 22 48 42 25 12 13 96 35 96 98 72 34 54 73 4 77 54 66 31 26 65 90 53 48 7 74 61 33 44 56 88 40 1 32 21 32 90 2 47 14 50 42 71 67 48 35 90 34 67 41 77 16 72 81 11 85 84 62 91 70 66 97 23 64 45 44 84 52 97 60 31 18 22 0 47 63 98 65 4 66 89 99 15 91 10 28 43 55 67 28 95 75 35 89 45 47 63 84 87 12 47 67 28 96 98 76 57 46 93 22 88 98 12 2 61 63 97 33 79 19 42 44 41 78 33 92 98 41 90 36 69 45 99 71 57 52 94 82 77 11 32 30 59 9 85 89 14 19 68 91 24 25 52 3 13 75 11 99 33 55 22 0 28 90 25 49 40 45 49 55 70 31 27 49 33 4 86 84 99 52 64 62 18 12 5 43 82 79 5 64 3 57 87 56 10 96 42 
47 99 60 35 37 50 49 66 35 98 11 21 28 56 97 75 42 36 44 34 53 9 38 60 45 65 2 38 0 52 51 41 43 31 9 48 29 87 54 18 44 13 17 94 71 13 63 32 23 92 42 34 6 39 39 31 64 8 39 90 12 38 50 94 43 32 87 85 8 2 37 62 32 71 62 64 54 18 97 48 97 0 18 97 20 1 15 22 43 99 71 20 89 11 29 54 25 70 54 65 68 71 99 55 83 69 83 91 93 3 92 10 56 45 39 8 65 50 33 10 0 33 63 66 37 33 65 12 28 48 23 4 55 53 48 32 85 8 4 59 93 23 75 86 56 51 66 46 60 57 42 22 21 13 67 62 85 14 42 44 23 39 98 47 92 98 31 5 90 91 4 17 36 19 87 88 86 42 83 55 68 9 25 90 25 76 26 36 42 23 52 67 52 55 42 64 54 40 5 66 
83 57 24 4 88 83 4 41 0 45 29 36 75 87 75 98 28 66 40 74 62 80 57 43 18 40 8 26 99 64 33 20 10 17 91 92 31 95 45 44 19 26 36 20 12 55 92 3 78 27 71 30 87 25 68 47 89 78 39 26 66 14 84 46 56 16 62 46 63 54 71 45 28 19 25 35 59 29 15 9 91 70 28 16 72 49 95 28 1 21 68 54 43 82 37 4 34 70 13 25 95 82 81 69 45 61 44 33 12 45 29 30 47 85 90 70 20 65 58 88 54 24 86 61 2 47 9 31 22 99 43 17 58 49 16 51 88 59 60 63 15 94 85 60 58 86 82 62 85 42 87 98 16 48 10 96 59 43 92 42 70 59 81 2 94 48 23 71 71 59 2 4 64 53 80 70 4 2 27 23 2 62 15 47 19 53 44 30 86 24 53 65 85 5 6 29 66 59 27 58 
12 39 21 93 67 50 85 8 93 57 71 10 23 97 52 97 27 39 51 67 99 95 65 5 78 2 27 66 46 78 88 11 22 49 58 96 16 37 9 71 69 15 78 74 80 41 14 26 37 5 20 71 31 15 7 77 91 14 7 47 94 92 9 82 49 11 13 44 20 14 35 62 41 75 46 31 89 4 93 22 11 93 26 35 64 30 35 9 67 9 67 2 82 6 3 63 37 77 41 22 33 36 92 98 15 74 20 57 14 51 16 83 11 41 6 10 95 6 79 41 78 59 18 18 66 76 53 91 98 77 22 52 96 81 76 41 33 52 10 89 3 66 91 19 95 94 51 80 73 29 73 58 96 36 65 83 18 82 84 85 40 6 30 9 30 43 26 33 65 17 80 58 85 21 63 54 25 0 78 22 56 69 93 55 61 19 32 74 59 20 95 38 7 63 22 37 37 3 23 89 
49 81 18 24 70 8 84 86 23 43 27 39 26 50 24 73 41 21 70 66 23 42 59 21 71 81 53 37 3 28 54 74 88 28 35 44 19 34 81 61 83 74 61 63 41 54 58 95 8 26 20 28 95 83 91 86 8 68 64 4 63 76 48 95 17 73 35 33 9 65 55 35 92 86 36 91 11 75 90 53 95 54 45 22 44 68 44 61 54 31 58 98 0 85 40 36 38 41 11 68 30 51 81 74 37 40 30 42 59 99 29 55 36 28 38 10 84 73 14 55 50 16 89 39 80 85 71 30 86 88 83 55 92 60 72 60 76 61 12 36 61 96 18 54 32 74 74 76 49 62 36 83 30 69 5 40 86 22 61 52 57 10 22 64 81 18 87 48 92 52 77 17 5 23 14 13 48 22 26 34 18 18 19 77 64 75 47 12 46 28 97 54 51 70 29 86 39 0 87 43 
5 16 7 58 95 91 8 76 46 5 54 30 86 43 14 10 54 90 11 92 8 25 12 68 64 70 91 82 17 1 44 24 99 56 42 94 87 30 5 64 24 90 41 99 35 27 46 37 34 2 80 79 32 87 9 71 92 12 25 3 86 70 33 47 58 49 51 90 49 22 77 40 45 19 32 42 24 11 10 86 34 7 35 65 62 72 37 18 63 5 98 93 32 79 43 52 62 75 54 1 65 72 75 84 68 99 90 86 97 91 47 2 56 0 75 6 26 94 79 74 5 25 7 97 22 12 97 84 28 46 98 79 39 68 55 48 55 73 40 51 78 83 37 36 95 82 25 87 32 86 32 49 79 51 4 14 72 48 28 38 66 50 51 8 51 54 82 33 97 58 61 21 75 54 31 88 15 57 1 51 37 99 96 33 39 69 96 44 50 13 11 18 25 6 11 61 69 90 60 19 
18 6 26 77 12 93 57 34 75 29 10 71 47 39 10 94 46 29 52 79 68 89 59 5 14 7 27 41 38 27 1 92 10 68 62 90 29 8 85 63 73 42 80 81 19 32 58 74 89 20 59 72 90 77 28 94 11 13 10 16 56 98 23 22 61 6 90 29 46 27 20 74 32 75 69 11 22 91 29 99 22 70 2 74 97 33 45 57 26 88 58 43 69 27 21 52 59 78 50 89 67 98 81 44 81 77 50 85 78 12 55 69 67 75 48 25 15 28 14 43 65 32 27 45 3 22 61 43 92 49 77 94 45 53 22 64 42 0 30 21 21 47 39 98 11 30 98 66 53 92 12 15 38 16 34 70 4 43 83 93 44 51 96 64 46 47 7 66 4 0 66 65 37 67 58 8 37 41 67 28 8 3 23 77 48 82 47 63 63 5 5 84 3 56 22 12 24 53 9 62 
23 33 41 60 92 98 64 39 67 10 0 8 86 62 70 50 3 36 97 63 19 10 80 40 18 36 92 13 9 31 72 77 55 31 97 43 69 50 84 33 48 46 33 24 77 57 54 93 71 59 69 70 34 76 39 32 71 66 69 3 51 29 47 78 21 21 98 9 32 52 18 52 96 93 89 98 87 60 79 82 55 2 6 81 43 79 51 40 11 27 42 83 12 78 27 13 3 40 66 54 29 24 39 99 27 66 17 41 6 62 92 69 25 83 77 82 70 13 95 56 87 3 87 76 42 32 47 71 23 24 46 63 88 33 95 55 53 51 88 26 37 12 81 51 16 92 38 96 51 57 21 85 77 10 71 38 32 97 80 23 95 49 76 18 89 5 41 78 54 98 35 88 68 75 39 3 93 86 4 32 6 10 21 41 95 39 54 17 30 30 41 49 37 22 16 66 92 14 74 43 
42 0 78 23 98 69 2 46 22 29 47 68 3 61 96 19 16 48 18 58 91 79 19 42 96 61 50 8 73 25 61 63 93 49 60 92 13 98 45 74 0 85 0 3 94 46 86 56 52 31 36 0 29 8 10 5 20 80 52 14 92 54 15 0 52 76 49 9 48 24 53 2 91 90 47 37 44 61 2 38 78 21 7 44 67 0 49 86 20 32 89 43 53 0 20 93 25 15 6 61 83 89 14 47 24 47 99 27 35 49 69 56 36 18 49 49 9 64 48 45 78 73 51 51 17 57 99 90 53 0 15 85 50 58 59 75 61 65 25 28 32 44 46 19 97 62 42 39 48 88 93 55 1 30 51 91 86 63 84 56 45 4 79 23 30 51 60 65 60 88 84 21 48 64 70 42 37 56 23 98 86 52 73 31 69 33 60 42 50 83 85 30 35 71 67 70 17 36 30 69 
83 96 93 48 45 46 85 21 92 50 84 75 44 52 23 2 54 12 38 8 11 29 11 28 65 45 98 54 56 73 21 92 52 41 24 83 1 18 74 32 66 86 40 41 90 72 13 71 0 4 39 62 55 5 53 15 70 9 17 96 76 5 92 40 93 42 8 90 42 88 93 24 96 17 68 0 45 83 59 58 12 13 5 31 48 31 36 66 85 81 64 47 51 62 12 40 28 57 34 63 46 55 75 96 48 62 31 81 7 74 82 23 28 83 36 75 44 46 31 97 44 83 94 51 6 94 88 25 12 44 45 60 36 4 28 89 91 79 86 11 94 57 10 75 53 89 57 47 6 15 12 40 82 72 27 81 50 37 69 41 33 0 46 28 52 39 27 21 26 58 44 42 36 28 10 97 60 49 48 26 50 82 63 4 31 44 73 36 38 49 10 79 43 92 96 16 49 16 97 58 
15 32 10 55 15 2 95 53 47 77 80 24 40 15 10 76 87 62 61 12 41 5 76 8 94 90 80 27 69 47 62 76 23 97 12 61 26 49 12 84 84 30 85 77 88 1 46 21 50 28 82 34 49 68 71 7 38 64 37 65 95 59 24 93 15 25 33 64 48 59 54 9 5 63 81 50 22 82 13 14 80 12 81 85 29 87 70 68 23 92 68 58 67 6 94 11 86 52 81 29 43 73 84 60 44 6 77 6 54 80 23 11 73 87 97 81 1 98 94 95 65 84 93 99 34 54 18 6 95 21 57 83 86 55 75 78 64 53 12 98 8 44 96 44 57 97 92 27 33 89 66 69 12 88 27 39 98 28 89 32 36 46 17 50 37 85 7 50 28 5 40 9 28 74 90 90 57 89 14 61 73 67 55 49 13 26 39 27 8 36 2 55 4 5 9 78 36 98 31 8 
34 66 45 51 70 54 76 72 99 13 77 14 89 98 0 7 42 48 24 1 28 41 30 22 19 82 67 80 75 83 43 97 77 76 32 96 43 23 92 22 72 87 10 11 29 92 82 24 48 48 99 3 43 93 16 54 9 3 58 95 90 48 45 35 17 75 1 81 33 74 23 21 1 36 39 6 21 54 88 95 40 52 75 29 79 58 49 86 26 55 32 92 5 53 42 25 14 78 3 65 14 20 24 24 40 84 44 14 45 68 84 24 92 92 17 5 18 25 52 62 94 33 98 65 57 82 53 76 28 99 51 40 68 23 92 99 11 27 65 11 29 77 67 96 82 34 81 21 50 38 62 74 65 66 91 9 96 31 0 78 47 92 12 27 69 3 30 59 33 96 97 38 18 75 19 38 49 17 50 57 57 88 19 91 27 58 99 37 59 91 79 30 63 10 15 69 31 98 51 63 
57 61 56 58 70 8 88 90 64 12 92 59 61 93 2 24 96 9 8 67 63 99 95 12 33 12 75 42 56 30 6 43 37 60 91 35 27 9 65 37 69 64 72 65 72 51 4 33 93 26 20 74 6 51 28 81 75 60 65 50 27 80 88 84 88 34 66 90 79 34 51 6 31 85 42 10 13 19 52 55 96 87 99 58 38 59 61 72 10 52 53 90 76 76 65 9 26 94 40 74 68 19 50 73 22 59 45 55 24 1 51 69 90 2 66 88 90 22 55 97 59 21 90 90 47 70 40 54 31 22 94 99 12 59 41 90 10 69 82 91 25 93 76 36 56 56 96 86 5 62 9 49 72 7 24 68 40 98 97 35 87 0 3 38 17 99 12 54 95 8 9 34 88 6 48 90 73 1 58 11 49 81 0 63 99 82 93 74 63 83 26 13 2 86 96 62 38 8 92 40 
45 33 77 33 65 42 59 17 84 24 80 76 65 40 71 19 23 90 54 19 12 2 20 23 24 66 92 31 7 0 49 33 24 38 22 94 24 87 40 76 71 87 73 91 45 19 83 10 59 78 94 7 63 51 50 50 29 0 4 38 44 15 90 0 65 23 78 19 17 46 63 72 9 48 82 63 65 82 28 7 21 95 55 71 8 46 58 20 62 22 68 69 81 47 0 49 62 90 94 8 76 46 14 20 5 40 66 93 17 80 77 90 88 97 33 74 87 23 64 39 61 31 7 71 34 6 3 68 12 41 84 84 18 33 42 16 69 99 50 40 73 18 74 88 40 4 53 73 93 37 57 91 35 26 6 21 35 57 93 22 12 22 48 35 5 37 78 33 8 61 10 28 57 88 5 3 53 44 63 14 60 98 73 70 25 16 72 21 96 84 13 22 84 39 14 41 18 80 92 53 
26 33 17 9 5 34 27 54 3 12 98 15 77 0 47 50 1 9 2 38 13 59 5 24 58 9 29 47 86 64 24 75 63 60 27 28 5 20 39 34 66 73 87 48 17 92 96 83 69 85 51 64 66 6 58 93 56 47 33 24 20 81 95 36 55 22 62 28 94 98 47 81 50 63 17 79 63 42 71 31 64 91 32 56 80 0 95 76 4 75 59 72 47 45 61 58 7 71 59 41 22 3 99 14 95 54 29 42 50 69 69 68 21 80 80 61 65 75 53 61 25 83 59 84 9 51 85 68 17 59 85 68 23 60 16 61 5 54 90 61 96 50 25 14 78 41 24 91 47 45 71 48 39 64 48 14 65 50 75 42 86 10 61 64 79 45 26 63 21 74 25 54 32 46 80 99 98 32 80 87 64 46 34 86 65 14 59 17 86 47 45 33 51 15 34 85 92 22 32 71 
9 64 14 3 6 3 86 65 81 77 55 80 42 4 61 99 93 65 87 34 98 66 13 40 6 71 6 12 4 6 75 13 43 6 96 51 49 21 66 31 27 46 50 2 84 26 17 85 74 88 49 75 4 82 39 35 17 78 5 20 49 35 6 34 85 89 99 3 75 22 85 98 64 69 20 74 77 43 74 62 92 89 52 39 92 29 60 43 14 72 84 13 70 95 50 17 41 69 13 90 11 44 46 72 88 19 78 83 27 36 7 53 95 74 97 91 98 53 83 27 59 57 83 92 63 99 38 26 41 41 11 72 2 81 30 12 95 69 28 41 17 41 37 94 68 92 36 86 6 91 94 31 78 76 1 84 35 39 75 6 83 67 64 37 6 47 56 47 45 28 65 56 15 14 19 34 57 55 52 12 85 35 46 44 33 6 63 9 48 99 41 8 66 49 62 38 32 39 85 23 
31 11 73 65 5 62 58 32 75 82 46 49 17 25 37 65 83 63 48 19 41 78 87 64 50 88 21 50 4 44 84 27 11 32 97 31 51 15 89 61 3 63 81 6 67 57 39 38 52 99 61 59 38 1 9 19 67 60 46 13 31 68 94 27 42 81 1 83 69 87 97 99 83 20 74 54 83 14 31 19 64 66 98 68 12 8 9 60 41 36 37 96 31 1 99 68 49 76 76 4 55 79 33 44 60 82 68 89 30 97 98 45 39 91 10 83 17 59 60 19 68 34 45 26 77 92 54 41 18 14 3 10 89 79 31 32 43 45 96 40 18 62 68 91 69 0 73 62 90 2 13 8 4 32 83 95 58 69 56 46 39 86 21 13 0 26 88 13 75 44 14 94 9 17 72 18 38 23 88 99 83 5 90 84 41 19 86 56 72 52 8 96 31 62 59 50 62 50 18 85 
27 49 69 99 14 90 18 93 66 61 79 46 33 55 55 78 71 47 47 88 41 12 23 82 45 40 69 88 4 29 37 83 73 34 33 68 56 28 24 60 5 50 29 17 54 25 45 38 46 76 49 31 96 7 53 40 67 93 62 19 99 64 4 96 20 8 36 40 45 33 43 47 8 97 75 86 80 75 72 21 91 1 33 58 53 79 21 50 80 97 70 4 5 43 16 83 36 51 95 47 72 59 5 23 53 11 81 57 61 85 55 26 56 51 31 64 43 61 63 5 32 28 55 22 28 70 13 20 57 47 89 85 41 79 82 35 94 41 66 28 59 54 55 2 94 31 30 9 48 69 20 8 39 2 94 21 91 72 74 92 87 79 16 79 8 52 50 43 73 65 74 25 89 36 3 71 26 42 11 81 31 6 4 8 81 2 66 74 29 62 87 29 26 73 68 44 77 28 92 84 
40 71 74 4 10 69 40 71 99 59 9 29 68 30 6 96 70 81 29 84 64 73 13 74 6 51 62 29 68 5 36 73 73 49 58 11 68 14 49 81 64 93 85 96 55 83 19 44 18 31 71 11 63 23 88 44 95 78 2 41 81 36 47 70 50 21 73 60 58 47 51 30 3 55 22 23 69 62 82 68 69 12 73 83 46 16 19 5 21 18 51 16 68 93 33 48 46 53 96 86 52 68 10 85 95 98 97 5 32 83 4 97 32 20 67 17 77 46 91 68 16 70 29 82 29 4 73 21 5 7 54 94 10 96 61 62 20 74 9 74 21 81 37 34 49 54 80 96 40 91 59 85 77 44 82 36 44 80 56 20 34 84 36 74 4 0 48 90 89 39 79 18 24 78 4 31 61 52 28 29 99 48 88 57 62 42 75 61 14 87 9 82 7 55 21 53 58 8 57 36 
16 53 23 22 82 84 5 49 41 52 53 51 34 1 18 27 1 13 39 73 17 43 37 93 31 30 79 12 8 28 77 20 40 43 44 65 13 60 45 95 27 31 84 30 74 90 24 83 16 69 52 17 15 21 48 48 74 51 99 1 11 60 43 66 73 79 3 19 23 22 40 53 57 32 44 90 65 71 95 26 37 93 22 28 18 77 25 20 77 31 35 91 65 20 61 51 88 59 19 89 30 70 10 20 2 41 11 88 32 55 58 67 83 7 46 74 88 91 60 27 74 90 95 18 91 11 11 22 91 56 69 38 68 60 13 71 61 72 21 39 52 4 78 94 45 33 48 48 68 26 18 68 66 12 74 15 22 58 14 44 55 45 52 54 56 31 88 22 72 50 35 87 51 4 30 12 13 32 71 41 13 67 7 16 21 20 29 37 8 37 98 19 84 4 93 62 90 12 77 74 
66 99 5 41 35 55 99 95 74 0 52 1 1 86 2 25 40 76 7 72 15 12 66 37 15 83 72 72 53 83 28 66 43 79 2 32 26 83 4 6 12 69 82 9 51 71 60 58 53 74 77 37 54 98 27 26 50 63 28 63 43 12 34 86 35 90 95 56 98 31 10 10 47 11 14 35 35 34 40 91 58 15 35 39 24 65 64 60 59 0 58 4 71 19 91 98 38 63 39 38 38 26 53 89 63 61 56 18 9 70 11 13 85 99 96 82 3 3 2 25 72 86 13 61 1 75 6 47 48 3 47 29 81 85 12 34 44 64 39 51 73 65 49 55 96 33 37 67 50 53 72 53 59 44 38 29 41 9 56 20 93 18 22 41 13 76 72 82 38 64 51 60 15 85 1 93 85 59 89 52 45 43 79 18 83 76 68 29 20 33 28 82 1 52 61 50 69 23 24 79 
25 77 73 64 67 23 60 83 46 55 45 96 44 25 71 74 7 44 60 75 44 47 83 11 65 17 80 25 33 65 69 87 22 54 41 43 46 19 89 26 70 2 16 80 23 30 31 20 29 21 97 49 70 35 21 29 43 28 90 65 1 0 46 78 71 17 18 6 18 36 57 98 17 52 7 50 38 15 55 33 44 11 52 55 74 4 17 72 25 74 56 27 57 6 4 62 18 24 53 24 96 92 79 89 75 93 81 45 93 88 13 68 44 25 89 27 45 48 88 46 33 76 69 66 29 88 30 5 5 0 57 62 77 85 72 33 68 16 55 65 80 9 42 89 57 9 95 63 17 41 21 81 93 27 10 30 66 30 53 11 78 13 95 78 7 72 63 9 16 46 41 43 99 94 29 8 43 77 15 19 80 52 48 41 55 22 50 95 26 75 77 94 75 27 91 62 80 29 21 73 
75 84 38 34 39 75 28 50 90 82 84 45 68 28 7 72 41 28 86 2 54 49 77 52 6 13 92 62 6 47 18 30 29 60 71 91 98 39 3 78 91 12 63 23 67 79 40 0 69 12 37 14 11 34 38 25 42 12 71 24 79 12 69 91 31 46 19 60 29 95 91 9 32 27 0 97 76 59 67 60 25 79 13 27 35 27 51 27 54 68 87 18 38 54 99 81 63 48 91 51 97 35 72 61 2 86 1 65 10 13 81 33 24 37 15 98 20 52 81 24 80 25 61 79 75 62 67 70 42 8 14 0 85 39 97 72 22 55 69 29 35 5 50 10 50 98 33 10 36 13 68 23 91 67 36 4 61 44 46 72 53 7 9 37 88 6 59 22 10 36 54 12 66 19 77 63 15 42 51 75 41 1 59 41 55 14 13 80 86 60 79 47 38 61 88 24 56 90 25 1 
84 98 5 71 31 91 46 5 3 20 8 66 38 66 38 77 72 53 15 59 53 89 51 97 15 22 50 48 48 29 36 79 62 49 25 85 74 12 47 94 90 53 33 86 79 38 2 3 42 45 59 21 82 65 22 72 26 78 88 58 7 48 7 72 94 64 39 34 91 91 5 72 88 65 82 31 67 70 87 75 66 50 85 43 42 74 55 68 85 20 17 97 63 95 59 34 58 60 66 54 90 92 27 87 78 48 30 25 20 33 32 58 70 68 20 24 15 89 26 19 99 45 77 37 23 34 56 7 72 54 83 14 64 63 87 66 30 34 13 89 37 53 90 59 55 35 85 29 2 1 49 43 12 86 34 47 79 48 33 70 47 96 86 73 87 40 37 13 57 54 92 70 34 8 16 34 49 18 91 84 51 92 77 3 31 40 42 53 3 78 34 84 95 42 66 55 48 46 2 80 
32 13 15 77 43 63 75 48 81 62 75 75 95 92 73 4 98 14 9 46 20 48 13 20 92 22 35 13 20 23 82 28 93 15 57 13 45 2 39 12 9 11 92 86 44 55 39 29 16 15 8 43 64 34 91 94 50 95 98 22 57 65 48 64 82 36 47 78 66 29 19 14 27 77 95 23 96 51 51 74 93 54 99 58 24 36 3 34 77 28 19 59 29 89 13 40 65 24 8 96 51 4 68 55 25 80 56 60 61 36 94 47 30 12 29 98 4 70 23 13 81 90 81 90 54 27 0 85 84 91 53 92 65 66 13 46 61 3 6 97 1 60 92 33 65 37 7 31 21 39 95 14 34 85 93 49 2 2 2 6 70 24 18 81 78 17 86 75 26 8 33 60 54 50 76 63 31 85 32 22 73 68 76 34 9 88 23 23 56 55 22 55 26 44 94 7 51 71 33 79 
40 49 82 71 50 25 18 10 96 11 93 62 14 33 26 43 44 45 94 69 47 47 1 64 54 43 2 43 93 65 32 69 91 27 89 81 60 22 0 60 29 9 1 71 6 98 48 63 8 70 54 66 57 92 91 74 17 49 81 56 59 22 39 37 30 73 81 3 40 65 39 79 24 41 93 98 31 10 51 90 6 48 76 58 85 54 47 72 79 25 63 42 52 52 19 83 11 89 75 76 62 65 98 75 15 72 33 18 84 75 86 62 36 31 56 14 75 91 70 91 40 73 6 58 62 17 76 56 86 49 47 68 46 84 11 2 96 6 68 3 44 47 10 1 68 79 45 0 23 41 95 38 28 63 56 23 24 66 85 79 69 94 60 76 28 40 86 94 65 14 42 17 73 35 86 39 33 52 88 78 5 98 35 69 3 36 49 81 58 3 66 25 9 36 2 22 28 34 8 58 
49 6 21 57 14 35 23 14 62 45 20 36 49 72 45 16 62 68 46 76 64 48 13 72 54 91 23 28 78 58 65 19 39 92 94 11 91 63 65 84 21 59 66 89 96 32 50 92 27 7 35 9 25 76 24 83 52 43 24 74 62 52 88 8 97 21 44 93 80 18 31 44 5 98 74 49 36 29 85 16 27 0 55 79 8 17 71 91 48 79 67 3 13 48 82 69 46 45 5 17 37 57 49 75 42 66 51 88 10 69 59 56 51 68 74 79 26 17 71 82 52 92 4 83 77 25 58 27 10 83 41 22 34 88 21 60 28 43 25 43 75 78 20 25 21 35 18 60 44 13 11 15 10 10 43 46 52 20 69 49 45 29 37 44 27 71 88 35 87 36 21 9 65 33 91 78 27 25 64 6 6 57 52 62 96 29 83 21 16 21 43 79 71 73 37 44 53 22 33 44 
11 98 15 74 2 34 69 51 23 2 19 93 8 56 66 40 52 17 48 27 63 36 11 41 44 16 40 13 62 73 46 8 60 82 74 59 88 65 57 57 95 29 45 26 27 40 28 43 84 9 87 80 3 61 49 72 48 22 39 72 23 11 55 30 22 5 27 11 9 97 68 51 30 76 62 40 89 87 23 46 34 15 36 25 30 75 38 83 36 63 45 31 89 45 1 87 21 30 90 70 64 88 85 5 43 81 79 59 36 98 74 98 5 9 58 0 51 48 2 34 58 79 67 68 90 99 60 69 10 16 70 73 0 48 69 32 88 85 32 8 90 61 14 29 69 72 38 8 89 98 68 94 63 77 0 87 44 89 19 78 75 94 63 19 19 10 88 23 44 68 44 38 25 12 83 46 94 19 87 42 86 34 41 78 68 6 97 50 46 78 3 94 38 1 94 32 0 54 13 82 
95 73 32 93 31 14 60 70 16 4 38 92 93 15 33 10 19 46 69 51 7 88 79 75 81 5 75 68 71 19 93 25 85 90 99 82 10 45 65 28 3 81 82 77 18 23 59 63 30 85 86 45 61 25 88 23 22 14 73 8 12 63 15 77 62 1 46 3 17 3 59 64 55 11 36 10 77 56 79 84 11 11 69 81 15 46 45 54 43 39 85 95 51 60 12 9 70 99 56 91 52 9 78 30 36 54 72 66 6 67 94 1 76 15 36 2 29 31 71 90 94 94 94 38 28 7 15 38 22 44 10 67 67 66 97 91 78 10 17 45 58 64 44 51 0 94 95 48 47 12 98 5 54 61 9 31 3 20 73 90 56 99 76 85 62 68 33 22 78 79 28 79 95 71 40 85 59 44 10 51 25 72 93 78 71 61 62 40 53 35 66 39 17 30 45 92 53 25 41 79 
98 0 80 61 70 36 39 31 61 1 31 8 71 52 0 38 21 50 8 53 96 7 21 69 46 7 34 65 36 2 22 95 99 14 10 78 12 54 68 94 77 69 41 74 41 8 73 88 16 19 95 21 41 45 70 38 81 3 50 38 27 51 12 45 42 66 41 10 67 14 32 92 17 55 42 2 71 20 1 12 32 66 29 56 41 45 18 24 96 26 26 82 54 76 90 85 53 1 26 2 64 52 38 87 85 5 90 35 49 84 19 71 45 89 35 98 66 55 81 43 93 24 81 18 61 1 41 48 22 6 69 57 16 60 71 87 15 97 7 49 12 16 97 35 95 57 0 84 70 43 10 89 10 8 28 4 77 69 60 13 8 99 69 75 82 18 23 43 12 48 30 12 42 55 51 58 90 42 33 76 20 97 2 72 82 68 71 55 76 46 47 36 98 38 46 85 37 21 57 19 
44 13 26 57 76 90 34 68 34 84 69 69 63 56 25 11 76 22 69 83 84 46 44 86 50 49 14 6 7 54 14 23 79 82 48 39 95 33 42 36 0 30 62 44 37 17 54 3 94 63 38 61 75 74 65 6 83 61 6 58 31 89 5 8 82 13 79 46 66 12 42 50 90 62 96 19 53 92 73 23 67 19 23 88 71 17 34 88 49 42 85 85 33 82 51 37 51 4 53 95 0 10 46 38 73 94 8 69 43 49 39 91 27 53 88 60 11 89 80 68 68 91 33 28 17 77 47 54 20 85 98 25 95 97 4 41 18 83 62 99 87 76 16 40 70 35 88 2 82 16 7 27 92 85 58 54 3 38 26 12 47 92 67 76 30 95 38 46 92 52 77 40 77 76 11 44 60 99 36 64 22 47 58 88 1 97 25 28 95 80 0 78 66 67 0 80 64 13 48 17 
26 95 30 20 93 78 1 25 57 54 72 61 82 54 53 24 79 73 26 5 77 40 80 28 36 16 96 98 43 15 71 62 54 42 56 59 95 62 73 51 90 44 55 66 30 89 86 46 75 93 36 73 85 74 95 83 48 85 80 85 90 13 55 70 39 27 80 10 55 60 20 97 17 12 37 49 82 95 86 82 67 79 27 44 99 26 4 10 64 88 31 58 81 10 19 5 76 20 50 48 2 24 46 51 63 80 27 41 70 34 64 68 0 81 29 95 88 55 47 53 7 42 54 28 72 95 55 41 95 25 73 82 38 93 22 49 53 30 25 3 42 20 30 89 55 61 91 29 30 15 70 36 69 70 45 3 36 76 68 4 23 20 45 42 20 61 64 36 9 19 22 85 62 54 8 4 6 77 24 10 22 36 91 92 70 30 55 15 27 13 30 25 52 83 56 62 53 70 98 67 
89 7 99 37 10 24 95 85 31 61 58 67 45 43 70 68 66 80 92 97 82 54 93 81 42 32 47 30 23 53 17 78 43 90 27 39 79 37 91 81 36 47 85 87 57 76 8 53 77 53 61 36 53 67 44 94 18 17 57 32 0 61 28 82 93 63 35 58 47 23 39 23 31 38 18 18 4 30 13 50 23 81 82 20 77 71 47 66 2 27 44 14 67 0 40 2 26 0 43 62 39 24 92 47 19 41 97 5 77 87 32 71 57 36 6 30 68 7 7 9 15 85 24 51 91 60 40 74 57 67 94 79 32 45 73 73 8 33 49 55 51 13 22 8 93 89 70 5 28 67 4 46 13 57 38 48 90 86 86 46 4 77 89 66 48 2 83 98 65 26 95 32 84 97 10 98 16 50 38 17 71 67 53 77 17 37 17 68 27 6 46 75 50 37 19 6 61 71 58 94 
96 4 42 69 47 79 37 88 75 33 29 31 95 38 50 18 45 94 19 35 50 8 26 0 43 65 0 43 26 75 13 79 68 18 59 84 96 19 10 70 48 19 87 38 79 66 29 26 15 32 85 74 87 92 7 70 95 75 38 53 46 64 0 19 17 26 38 68 35 96 82 17 85 96 81 94 50 25 28 36 77 59 89 63 50 81 79 8 54 25 31 69 43 68 16 21 75 18 26 94 16 12 13 8 28 83 3 48 90 72 63 96 49 51 23 17 35 20 70 86 96 1 95 91 16 72 29 5 7 91 63 76 7 85 66 71 91 74 0 11 22 87 23 30 10 55 39 69 82 73 16 88 34 32 47 73 53 15 46 4 11 8 78 45 60 88 17 79 17 63 49 87 22 34 3 79 75 56 11 57 51 20 28 7 10 81 19 37 50 91 84 25 84 7 91 33 76 80 79 14 
46 83 77 76 14 0 9 55 90 38 38 40 51 97 90 50 97 82 70 62 59 42 34 57 23 23 81 1 33 43 40 71 54 34 41 75 74 54 14 52 34 93 10 74 68 96 59 65 72 69 16 25 76 33 61 30 86 99 49 68 32 71 96 87 49 88 17 39 54 25 72 8 51 45 8 44 11 88 3 49 5 51 67 96 49 84 69 58 34 12 86 15 18 54 81 84 67 84 76 21 62 18 75 6 17 89 67 97 33 70 93 41 38 68 84 41 7 31 69 61 64 42 77 84 53 94 74 53 16 67 10 63 83 68 55 7 40 94 51 37 4 58 10 93 5 0 58 88 60 66 81 5 95 40 62 81 51 15 89 39 32 86 36 44 87 58 18 17 96 60 78 69 10 20 41 34 80 94 67 88 37 64 67 36 54 60 36 73 34 31 86 56 83 22 30 97 91 91 11 87 
26 59 58 56 86 75 47 39 62 3 79 61 47 91 92 45 63 92 56 21 48 73 63 70 73 30 87 52 64 92 88 10 64 67 55 54 47 0 31 92 86 84 23 15 80 29 31 97 77 29 33 12 84 24 57 57 35 33 32 68 20 37 46 96 19 28 30 52 27 56 34 26 86 59 15 59 46 15 34 39 84 35 36 30 82 21 51 0 67 22 77 33 93 22 84 28 92 21 63 97 41 21 8 80 61 56 98 92 31 4 21 95 36 42 92 56 30 56 62 99 2 62 57 60 30 63 14 70 21 67 57 65 85 95 8 10 43 41 69 42 9 42 25 2 85 17 86 61 99 5 53 94 73 85 0 91 58 31 86 63 72 86 44 92 39 68 66 80 28 12 51 1 35 23 14 70 15 38 57 81 47 63 58 42 6 59 27 1 91 47 22 58 79 2 10 79 99 78 56 99 
44 11 25 54 76 96 67 62 10 75 38 44 74 83 85 73 99 92 10 19 24 87 22 55 76 74 64 53 73 87 19 90 55 40 94 81 54 29 0 11 18 9 85 43 98 2 51 66 79 23 16 7 65 47 91 95 93 68 9 67 57 5 46 50 54 43 19 88 68 46 43 99 87 88 77 29 20 37 80 74 5 65 34 20 74 43 8 32 28 14 3 39 23 33 95 57 67 70 20 13 2 54 93 53 97 63 19 51 56 71 67 31 71 66 79 75 59 6 95 65 44 85 26 48 99 54 66 69 19 36 72 19 20 83 57 9 29 92 70 83 6 95 53 48 0 10 56 51 76 29 9 35 37 53 87 99 22 78 36 50 67 60 8 67 38 79 49 52 57 61 83 95 19 92 13 82 84 53 92 52 97 85 20 0 99 25 82 26 82 27 53 78 1 63 51 75 20 11 25 41 
95 35 33 55 21 99 36 32 43 18 40 82 10 67 36 23 58 51 98 92 49 82 40 47 11 41 82 93 11 67 46 80 17 42 53 85 94 36 14 78 1 67 76 2 87 90 41 85 38 77 80 53 77 39 94 21 15 85 8 65 5 18 48 54 97 17 67 43 96 79 14 76 10 62 67 71 13 57 21 73 31 88 63 30 36 18 18 14 3 33 90 61 47 30 42 90 78 98 22 77 41 56 8 31 90 4 38 5 22 83 43 87 93 8 76 2 8 22 57 84 58 15 80 84 30 45 13 96 63 91 54 65 20 46 49 86 26 97 36 89 31 13 77 7 81 61 98 9 95 77 30 66 32 4 89 23 60 32 16 89 26 5 28 45 72 19 89 2 68 12 34 94 41 39 36 22 81 42 6 23 80 25 30 9 40 76 85 72 31 43 84 63 70 20 96 52 23 61 59 45 
33 62 27 92 67 41 35 3 14 48 96 41 27 31 57 36 0 75 25 45 45 54 24 29 99 20 1 15 12 13 96 1 70 24 36 80 36 19 70 26 33 48 59 23 16 47 18 19 27 81 25 25 60 20 49 36 81 56 76 57 27 2 12 26 25 48 73 53 34 56 75 52 20 12 71 55 43 40 26 38 33 13 92 81 47 59 79 82 16 86 81 94 72 42 21 22 12 18 37 63 84 61 56 48 29 80 6 87 88 36 72 54 98 56 87 83 26 65 41 10 4 32 95 42 67 31 18 43 78 60 89 27 33 26 61 30 75 98 53 62 43 9 49 70 67 2 66 62 28 27 72 5 45 59 58 6 12 90 37 13 30 29 8 88 7 63 79 23 5 44 67 52 52 24 28 71 50 79 40 43 43 48 79 97 3 31 68 57 27 59 15 2 14 88 71 86 81 36 5 30 
33 35 54 58 7 97 86 48 24 15 9 45 2 22 79 32 75 15 42 60 77 62 35 96 73 2 73 53 47 64 13 99 6 59 14 39 48 96 74 9 29 9 34 80 21 91 95 30 55 53 94 38 76 47 50 54 47 39 35 86 77 52 8 58 36 4 36 88 32 76 18 2 74 99 31 92 96 56 60 21 5 15 92 79 89 45 23 85 8 2 36 40 96 93 44 12 67 30 68 19 65 14 47 92 65 91 39 86 44 33 10 51 87 14 28 31 65 41 23 4 32 1 13 0 6 60 13 76 7 32 13 46 33 38 71 50 8 26 59 25 23 94 92 8 91 30 17 71 30 7 25 7 87 78 90 44 60 56 15 79 0 12 0 77 74 96 34 60 5 83 43 6 14 63 90 26 43 47 67 70 30 67 14 34 13 14 86 82 30 28 52 92 54 0 80 46 42 56 91 55 
94 80 69 79 77 83 34 15 1 20 7 60 23 69 82 6 78 93 74 82 33 15 43 99 73 73 98 51 67 74 3 37 78 99 44 30 89 20 21 67 20 70 61 37 55 72 92 50 82 35 85 74 3 38 74 96 65 2 17 16 71 89 74 97 25 29 26 71 40 20 94 48 87 25 72 22 81 65 17 10 30 96 76 16 22 77 38 24 67 1 98 27 49 62 43 96 98 30 32 72 4 56 3 4 60 49 45 67 77 16 4 3 84 3 58 96 56 60 6 66 49 84 53 34 85 41 62 44 67 94 69 35 72 83 68 58 22 74 3 14 62 17 6 96 77 85 36 60 51 71 86 54 81 68 89 76 75 94 88 60 95 21 6 56 47 79 54 15 25 68 67 5 78 12 50 30 74 74 38 86 6 77 64 93 29 9 34 62 99 73 53 77 46 42 62 57 51 38 97 54 
21 38 76 43 44 29 5 59 37 6 47 46 96 3 62 38 63 63 10 87 85 17 28 38 48 30 86 92 87 9 76 99 26 25 95 89 96 19 79 81 96 20 71 2 51 57 44 53 45 90 91 11 77 55 58 95 98 25 13 72 7 96 7 86 57 9 16 1 86 51 55 75 46 26 12 52 14 67 51 79 45 53 45 58 35 99 30 48 22 3 40 74 78 87 52 0 92 38 14 66 83 49 89 62 11 66 23 83 9 17 26 71 22 21 33 45 99 81 37 10 45 12 19 65 86 89 8 96 80 63 30 29 1 89 15 73 18 57 55 12 12 6 27 93 76 62 2 15 29 53 15 36 27 67 89 45 27 0 18 14 65 74 23 0 5 98 66 88 25 51 10 49 47 91 43 21 99 16 25 8 98 22 71 90 93 90 86 70 83 98 28 71 28 93 46 50 12 94 57 64 
55 0 16 37 50 81 44 12 54 59 34 25 60 14 53 21 29 99 68 97 51 52 58 90 75 81 38 11 48 11 6 99 32 63 94 41 45 33 6 65 99 70 48 29 53 39 19 84 61 91 81 5 43 50 73 47 20 38 36 8 63 70 73 8 76 34 20 59 37 30 77 57 62 98 12 76 31 62 98 79 7 25 29 7 87 99 41 23 33 96 28 96 15 47 59 12 7 43 25 82 40 75 79 43 65 63 29 19 96 34 61 87 89 35 9 73 96 61 5 13 24 90 61 91 82 69 4 49 46 23 70 26 27 51 79 91 65 85 24 5 98 29 85 99 58 23 40 69 92 14 50 25 32 97 7 38 22 86 23 30 43 45 34 8 79 67 11 81 50 56 80 74 39 69 25 83 66 58 99 91 53 27 67 8 29 26 96 8 13 96 40 15 83 83 58 35 30 15 56 34 
45 71 6 99 2 99 71 88 28 52 54 25 1 84 21 93 19 54 45 37 74 88 17 73 83 11 69 43 30 11 97 21 32 96 34 7 83 83 55 4 94 13 96 93 10 61 51 52 69 68 65 17 81 70 56 51 89 10 56 33 6 19 62 18 32 97 15 94 98 37 54 70 47 57 74 71 34 49 70 73 17 19 90 41 54 34 69 41 50 96 95 28 73 26 85 54 98 11 66 44 6 65 48 31 31 67 27 65 79 94 34 17 31 26 44 92 97 59 9 16 47 89 21 16 93 69 39 96 44 14 54 10 57 58 24 49 94 64 84 13 96 30 34 95 9 86 76 19 30 15 99 23 91 41 26 82 45 44 39 24 56 81 8 99 43 57 47 95 49 72 68 42 89 6 7 92 84 59 58 93 21 52 73 22 25 47 60 0 85 27 7 99 13 62 11 52 38 95 85 85 
2 51 88 13 74 97 96 38 20 77 53 50 54 11 4 86 27 1 28 45 93 18 71 56 63 3 72 68 3 17 48 12 98 65 48 9 19 93 82 12 81 8 81 90 29 83 6 98 40 1 61 82 89 0 4 11 85 93 90 7 78 62 87 83 13 45 71 46 72 40 24 99 96 55 88 70 63 50 67 18 4 47 49 41 17 46 14 24 25 20 54 93 20 85 96 15 88 96 10 32 65 4 51 1 59 95 7 77 50 74 82 18 59 13 0 9 29 49 20 68 94 11 12 11 67 93 4 34 61 23 68 40 10 99 3 25 64 72 65 27 39 9 20 51 45 6 51 7 33 82 47 22 68 96 35 72 40 83 18 82 38 67 14 33 3 65 91 95 69 66 44 29 59 93 25 80 66 1 98 45 81 48 94 51 55 5 16 84 44 3 86 11 89 11 99 72 24 60 99 44 
0 61 84 54 20 51 80 10 26 47 20 65 42 94 34 26 31 43 74 16 98 53 94 47 20 66 4 43 66 94 93 50 15 44 82 34 16 94 9 92 29 60 93 71 2 91 15 63 1 46 54 63 33 56 72 36 98 19 33 32 71 97 34 36 68 73 62 66 90 20 78 26 7 28 51 57 26 64 56 58 71 90 87 53 35 54 52 93 23 59 77 83 65 19 1 3 50 38 99 37 66 79 92 16 65 6 80 49 67 21 85 20 78 86 98 3 71 37 79 83 62 10 20 66 86 97 39 65 45 4 98 31 83 44 97 19 65 56 60 3 20 94 8 64 95 83 3 95 21 90 37 17 17 0 40 19 60 86 7 77 9 38 18 93 99 3 81 98 8 4 60 97 0 31 98 22 20 97 37 40 48 76 81 11 83 92 98 2 90 32 67 76 58 74 44 29 53 0 4 93 
91 51 43 41 5 35 6 67 59 52 33 39 66 53 43 65 24 88 21 37 31 61 55 41 12 86 84 78 29 66 1 29 9 33 27 42 78 95 21 86 42 68 42 26 38 24 29 24 4 26 18 78 53 90 85 32 19 83 33 97 99 18 12 1 93 21 85 97 46 55 46 43 71 41 41 28 72 84 16 39 52 79 64 72 7 55 6 85 95 9 83 80 47 25 90 21 69 93 51 33 55 75 15 47 9 34 65 34 29 78 59 47 58 23 17 92 29 44 45 81 88 12 47 14 41 8 91 10 32 23 49 6 96 71 8 85 87 80 39 58 83 6 84 55 51 38 97 41 35 32 67 79 79 80 29 11 98 46 10 35 37 96 90 33 9 10 46 89 3 83 78 82 59 87 59 19 55 75 14 51 89 49 47 83 78 64 56 80 48 66 20 8 14 96 15 92 86 49 89 68 
16 15 23 10 97 27 25 39 95 19 97 14 7 73 99 78 98 89 45 60 40 51 32 49 50 43 52 58 32 97 40 44 22 20 70 8 54 84 98 96 93 94 8 83 53 9 43 87 16 19 7 80 71 2 99 95 69 28 84 28 33 11 72 84 13 9 6 74 64 71 1 45 39 24 59 41 39 9 76 86 6 82 39 34 19 75 81 57 23 80 23 36 62 74 68 97 49 32 44 0 17 52 31 54 52 73 22 97 26 80 34 56 78 46 1 44 46 46 45 60 36 27 3 37 3 21 17 41 86 7 51 0 79 79 91 68 87 73 92 57 24 84 60 92 39 14 72 25 27 7 31 70 93 5 45 15 25 71 19 15 48 22 88 92 4 87 26 13 62 23 89 19 26 67 39 34 60 28 57 90 89 73 88 70 76 82 68 55 46 65 41 31 92 3 39 16 59 6 55 92 
28 64 90 47 9 30 94 67 15 62 83 42 74 14 72 49 6 34 41 28 64 95 63 14 4 13 75 74 24 42 71 50 69 4 63 95 59 25 58 86 7 97 39 49 37 48 46 77 64 0 63 6 61 9 39 31 37 47 28 64 30 28 6 13 0 19 31 13 54 60 70 99 40 48 32 40 86 16 47 37 32 61 52 54 35 7 26 62 12 6 55 81 95 80 35 52 3 92 79 49 13 26 75 90 14 37 99 6 9 45 18 53 92 1 84 63 65 40 59 0 79 30 68 10 78 1 39 48 25 73 42 73 7 5 97 24 97 50 27 63 42 17 12 62 22 72 64 89 46 81 43 44 56 59 70 34 59 49 73 28 11 48 21 23 90 59 27 44 89 81 69 91 5 62 53 15 36 62 16 80 24 22 97 78 58 68 54 29 66 66 98 28 7 10 67 94 29 77 2 67 
90 91 61 99 34 69 8 36 76 62 87 49 90 11 7 59 0 39 39 35 40 49 53 32 90 83 93 79 44 62 97 60 97 79 34 22 77 10 50 65 88 1 54 32 88 44 1 26 64 22 98 85 7 14 79 1 68 66 67 97 99 40 29 31 72 80 41 25 38 77 26 19 47 79 44 31 74 72 84 91 61 2 67 74 8 97 95 74 18 57 48 60 78 89 53 0 12 65 93 98 61 50 25 26 25 28 46 72 56 68 68 51 71 71 65 90 99 85 26 99 46 26 53 80 13 75 2 36 46 76 59 63 15 92 6 56 66 88 40 14 90 25 68 40 70 52 40 18 53 23 4 41 25 14 21 26 48 48 80 46 32 23 98 36 10 92 42 95 6 98 93 73 12 16 45 13 2 11 97 5 56 3 68 39 96 61 17 29 16 44 98 54 64 18 91 23 76 18 40 6 
17 4 97 98 11 44 30 59 75 78 64 23 14 77 99 9 94 47 96 86 91 57 44 25 32 83 14 66 23 98 85 30 71 52 5 92 89 56 96 20 97 54 60 9 77 77 84 16 90 19 71 47 2 29 44 6 62 1 30 97 13 76 69 81 36 91 25 28 63 23 91 79 8 47 94 26 47 91 84 99 86 67 9 98 26 58 31 53 9 31 91 74 21 47 55 61 48 76 52 0 2 2 34 64 49 97 66 30 75 94 34 46 49 73 7 51 85 26 16 98 29 98 14 55 70 32 16 10 40 97 43 2 88 37 89 84 86 83 67 78 93 47 11 54 47 66 49 76 57 38 76 22 5 66 99 91 2 67 31 46 78 12 46 54 19 24 90 22 60 19 77 49 80 30 31 61 11 6 6 75 28 81 6 17 95 35 5 59 40 76 89 35 96 19 28 2 10 79 14 74 
40 55 69 51 38 11 17 94 7 56 47 11 72 1 32 17 50 4 17 34 88 3 81 53 88 16 85 24 88 5 12 17 92 48 39 24 42 10 2 78 98 86 27 73 8 92 90 68 86 50 11 48 34 44 44 18 88 39 34 91 35 59 5 2 18 85 74 65 56 66 57 27 81 98 91 12 7 3 30 29 88 14 50 33 46 82 54 64 54 94 51 68 10 81 60 93 16 96 83 69 24 72 27 60 82 33 79 44 55 38 97 4 2 74 22 14 44 54 26 3 16 55 35 82 57 35 83 67 20 75 33 25 38 8 99 9 30 67 18 74 51 17 21 42 45 10 77 42 28 48 48 53 33 36 43 57 68 37 86 43 57 60 53 48 75 42 66 55 17 15 24 41 47 83 34 66 61 44 16 98 83 76 54 16 65 15 54 73 83 18 54 53 27 17 55 50 89 90 64 17 
36 59 10 73 7 98 76 17 67 94 33 57 71 65 13 71 35 13 73 79 94 3 83 74 22 18 46 35 89 59 0 96 41 17 40 30 79 8 62 73 69 86 16 23 73 65 40 71 69 49 64 46 5 33 40 93 70 9 22 8 64 75 54 70 25 82 5 1 95 82 12 32 80 14 5 28 90 42 49 19 54 49 10 43 4 1 2 78 99 1 40 96 84 48 19 97 77 10 86 65 32 8 55 98 9 43 31 65 96 21 4 27 78 39 87 65 63 22 80 5 33 77 76 23 3 11 91 77 16 97 54 34 52 93 95 85 99 4 54 89 21 42 70 51 98 84 64 36 67 31 3 31 96 54 33 74 55 15 73 56 29 10 6 81 0 31 75 59 53 71 87 48 75 32 23 28 28 84 65 8 50 79 31 55 80 88 4 64 94 98 10 60 2 83 62 69 1 36 12 23 
81 82 34 54 16 9 10 69 57 75 37 62 29 75 35 57 5 70 5 65 19 18 22 56 18 54 29 27 61 41 97 98 86 46 58 12 55 3 87 35 1 96 53 41 73 79 27 62 60 98 75 50 77 52 0 61 29 64 11 45 42 66 63 43 40 79 12 58 12 71 84 60 77 93 9 13 61 3 29 1 31 66 82 13 70 32 44 30 83 93 98 73 46 51 81 66 11 61 71 50 94 85 70 26 31 8 23 11 56 15 62 91 72 11 79 85 9 6 27 67 95 52 71 90 31 87 32 88 35 79 36 82 91 73 92 93 81 94 10 26 8 66 29 54 65 69 46 83 58 46 33 56 12 95 73 37 0 56 4 3 80 23 98 69 6 46 64 95 37 35 68 14 76 29 71 28 64 80 86 57 29 75 81 54 47 8 97 81 73 56 56 90 46 83 74 60 91 42 14 18 
13 86 58 23 71 64 3 24 47 24 92 50 14 35 36 68 77 48 98 86 17 72 57 98 97 56 68 93 83 43 75 54 19 73 27 66 55 15 11 71 68 12 83 3 57 56 65 79 46 75 22 45 18 43 50 61 65 6 11 7 96 58 19 73 65 90 48 46 35 82 27 4 70 93 0 78 19 54 13 81 98 84 1 41 43 95 84 54 47 36 88 63 99 11 61 61 94 70 20 64 3 48 88 39 33 91 43 41 70 67 64 81 74 45 65 22 40 38 50 65 5 16 78 23 40 13 22 77 46 81 64 15 31 86 2 69 36 58 99 80 35 14 77 60 48 92 59 0 41 38 45 59 0 88 82 38 84 33 29 30 29 27 23 55 44 89 56 33 57 90 84 78 87 38 16 16 93 98 61 76 27 13 41 47 93 29 59 24 9 56 87 67 15 47 34 68 44 30 7 11 
71 46 36 15 80 68 55 20 82 71 67 49 24 31 49 17 42 87 26 58 13 84 72 20 76 86 25 3 52 76 54 67 23 27 80 31 16 20 7 24 18 59 65 47 45 54 89 38 41 77 23 43 38 10 99 93 48 61 11 63 4 46 38 6 51 69 71 62 81 94 27 24 4 41 34 91 18 56 54 85 45 57 13 79 46 13 60 75 67 18 33 20 85 7 39 11 96 76 50 5 45 77 41 29 10 39 10 96 52 35 80 82 9 13 84 95 11 91 88 93 70 45 22 71 29 52 76 79 30 24 20 52 55 79 53 91 3 71 54 42 37 41 7 98 23 74 50 46 27 26 55 23 55 0 35 7 86 89 13 48 57 57 35 53 46 26 4 72 83 98 50 34 83 11 49 11 42 68 44 48 33 23 72 18 23 41 51 48 86 82 20 72 82 90 43 94 32 99 77 82 
50 79 5 39 77 0 97 80 50 95 29 13 85 74 28 9 7 97 39 43 11 15 2 79 39 40 17 14 76 97 66 8 68 80 20 85 26 86 13 38 35 58 87 50 19 87 83 72 69 36 95 67 24 55 14 43 98 95 21 86 26 10 64 15 33 67 14 65 16 31 1 67 45 31 26 58 59 93 72 28 39 58 2 92 36 59 9 86 57 79 6 73 42 9 13 46 9 46 4 62 18 16 75 58 64 52 11 34 73 9 35 40 47 71 69 83 9 71 22 4 18 19 49 71 68 21 25 21 24 55 25 56 16 45 48 48 8 70 66 69 45 72 25 88 19 14 95 35 18 51 91 71 44 13 53 0 64 91 84 40 38 70 6 56 45 74 82 83 25 33 2 83 11 36 30 25 18 68 5 68 91 47 60 77 99 91 7 45 7 87 53 80 11 9 99 96 23 42 77 93 
28 56 23 88 87 45 81 86 32 13 10 34 0 30 18 85 46 26 31 17 51 60 64 64 68 51 79 43 13 79 41 46 63 65 91 29 38 61 15 79 88 1 83 10 69 85 57 72 47 58 92 21 5 84 26 92 99 83 47 54 32 67 85 24 8 14 23 41 10 66 79 97 44 52 19 71 38 57 80 93 97 26 58 91 90 49 23 77 62 62 58 83 42 71 65 89 37 32 30 56 69 29 90 38 87 58 3 18 27 3 28 48 88 12 83 25 44 0 42 6 43 12 61 13 56 83 10 81 64 51 10 67 93 38 43 17 73 46 11 45 9 74 16 13 12 98 8 47 21 5 80 83 32 97 27 88 2 6 24 46 27 2 19 29 8 69 3 55 23 13 78 79 66 69 1 13 93 69 40 39 55 12 76 53 15 48 53 77 57 70 82 82 68 59 6 58 60 82 14 90 
55 59 61 69 35 7 15 47 24 81 69 51 32 60 7 7 10 34 22 15 79 21 37 61 94 92 75 31 7 24 23 65 86 88 75 97 33 97 93 28 55 58 79 22 18 75 92 13 36 60 15 30 46 60 76 33 40 46 21 55 56 33 51 8 36 39 25 38 58 99 47 10 11 27 43 25 31 99 56 88 41 0 32 43 12 39 36 96 80 1 97 62 98 91 29 88 54 90 6 96 28 93 31 31 13 90 60 55 66 97 67 86 77 66 28 73 87 66 52 89 49 5 46 49 7 43 94 52 54 19 7 36 6 11 2 71 43 77 20 72 39 53 32 82 56 72 88 64 21 64 73 33 15 78 69 70 70 80 21 60 86 75 72 16 35 72 63 52 23 93 64 65 46 2 63 21 94 68 51 57 56 83 19 23 46 43 58 48 91 16 99 49 92 78 0 91 49 49 19 12 
67 13 34 80 63 2 86 65 35 43 46 55 11 53 85 67 10 57 60 24 90 85 84 66 22 15 51 78 55 34 21 31 93 83 54 64 54 63 27 49 23 86 61 18 86 59 4 85 4 52 47 76 67 72 75 7 51 48 43 19 13 7 55 67 48 45 44 86 59 14 90 57 38 90 39 75 33 8 87 10 26 56 16 71 43 85 13 9 90 35 77 21 35 0 17 26 79 53 42 80 38 39 84 18 88 54 84 40 52 58 83 17 5 72 55 73 80 48 13 23 81 9 24 17 41 28 12 55 0 57 51 9 32 38 28 35 50 8 53 0 59 19 47 26 5 6 7 43 63 9 27 9 31 38 66 2 75 0 16 15 90 81 25 93 63 2 47 61 94 58 98 92 18 93 80 38 55 64 9 32 88 31 85 39 16 93 83 64 57 73 48 9 57 87 45 53 4 72 73 54 
30 74 26 58 77 94 86 28 13 59 16 25 36 99 57 66 40 16 80 91 59 88 65 53 81 33 82 32 44 76 45 24 28 33 66 25 96 26 8 20 73 3 81 28 69 21 51 85 7 49 13 60 1 80 66 43 34 89 28 38 17 98 44 55 94 46 73 57 55 83 34 79 58 80 44 15 65 53 52 37 89 41 1 78 20 32 60 52 92 21 73 40 77 70 89 41 62 63 28 7 15 7 25 52 59 77 0 49 83 7 52 5 22 8 85 49 66 79 91 95 95 34 91 1 91 16 9 24 2 70 67 26 50 96 13 59 34 19 6 95 66 46 46 53 7 70 28 70 40 14 82 37 16 71 14 13 10 7 7 91 17 52 49 90 54 64 73 37 70 98 73 40 72 23 43 57 78 83 87 32 59 45 93 48 57 10 35 97 32 40 24 7 39 5 90 40 65 84 22 97 
87 10 70 0 76 42 54 70 0 74 41 87 22 36 61 14 23 97 34 32 8 27 12 43 32 53 36 75 41 11 48 31 73 55 24 56 66 59 0 55 42 72 27 20 72 71 62 35 51 53 50 94 98 36 26 23 96 96 80 91 53 55 46 39 44 37 52 79 46 18 8 88 30 77 41 38 11 17 79 13 7 62 11 55 18 55 31 75 95 65 17 81 88 78 56 70 20 59 61 5 72 83 47 58 98 25 30 45 14 31 69 38 93 52 39 80 60 87 98 80 89 1 57 92 84 29 87 15 17 98 52 30 44 69 25 28 4 20 38 42 8 89 32 74 40 47 75 96 36 29 76 21 10 76 36 8 92 12 91 79 83 66 13 11 50 13 25 10 46 37 67 88 39 19 3 27 47 10 22 92 74 25 80 35 82 34 19 34 12 47 95 72 98 11 55 3 22 71 35 93 
83 89 2 7 98 37 98 87 44 42 6 50 46 43 75 96 65 87 21 8 64 10 64 24 78 85 51 51 12 87 56 7 39 24 94 79 93 78 70 17 62 15 39 85 13 67 25 95 20 18 88 60 76 28 6 39 68 75 28 97 17 88 24 67 74 94 45 53 80 63 79 30 29 65 98 98 45 68 73 97 1 49 17 50 32 50 0 32 78 6 3 79 51 92 51 58 43 51 51 32 32 1 24 45 5 4 11 59 31 8 35 16 66 34 67 97 28 44 2 95 54 74 19 97 11 65 55 86 36 22 65 21 3 17 18 94 82 43 33 31 12 97 32 7 37 66 83 85 44 98 41 36 2 75 9 73 10 96 31 26 9 33 63 78 30 62 72 57 88 31 41 70 38 0 64 38 68 72 72 22 41 20 21 4 32 9 97 65 74 61 45 71 80 46 12 97 33 35 47 23 
47 88 38 97 79 68 98 89 45 54 96 81 61 1 49 93 50 79 30 89 49 87 5 87 70 98 68 98 13 23 3 23 79 2 17 23 54 75 15 17 54 78 7 61 97 90 78 78 98 27 44 55 58 56 93 56 31 56 81 91 20 99 47 74 44 97 61 56 94 75 99 94 14 17 50 22 94 87 99 8 11 95 4 1 44 34 30 2 11 30 57 54 88 91 87 94 27 68 11 0 17 13 9 62 73 79 93 57 38 12 9 81 29 64 62 62 97 42 15 28 63 26 56 91 31 11 12 21 82 81 31 88 54 21 77 51 15 40 91 13 7 5 15 68 88 81 94 35 24 56 81 82 1 26 67 96 47 27 82 35 63 70 76 43 53 83 80 96 20 84 29 2 84 57 98 58 88 68 98 7 45 68 43 56 71 43 1 99 15 22 60 26 52 4 58 22 74 35 98 78 
36 26 10 1 76 50 78 46 97 79 37 30 64 57 83 55 87 0 91 88 30 5 23 64 67 59 83 72 65 32 18 23 75 87 67 9 37 82 14 40 83 39 57 84 1 93 93 26 95 84 97 9 38 0 87 97 58 10 76 69 18 52 37 38 81 91 87 90 34 38 11 60 78 12 62 78 24 58 6 97 6 18 34 8 98 19 3 15 7 7 88 53 9 25 58 36 34 66 79 68 19 89 8 39 78 30 86 47 17 61 30 40 63 0 43 56 18 62 71 24 61 96 61 57 98 99 90 47 74 8 47 64 24 29 90 84 48 25 10 88 49 94 12 4 8 28 87 22 90 12 92 39 32 34 27 76 94 12 21 74 78 48 82 57 33 68 80 51 82 4 16 59 98 68 73 84 16 67 87 65 86 43 10 85 32 9 43 67 83 51 38 69 52 24 69 92 42 72 75 5 
77 40 72 83 97 17 40 53 59 24 55 77 30 77 12 69 5 12 89 44 38 91 41 93 70 42 79 4 99 91 14 57 58 45 70 5 59 59 50 62 13 41 26 6 26 59 87 71 27 41 36 57 16 61 72 53 2 10 45 25 32 29 11 95 51 67 25 71 46 31 47 39 46 92 28 69 95 20 34 87 42 94 45 78 51 45 40 33 22 42 22 15 22 80 15 52 50 22 77 16 4 93 14 24 62 94 43 37 71 46 62 58 22 40 67 9 97 75 72 98 64 53 55 31 59 50 88 7 42 29 59 8 23 56 75 70 33 95 12 14 7 71 83 31 75 19 47 80 21 38 89 19 98 26 79 20 89 5 30 16 19 82 23 75 49 18 95 8 92 83 2 29 4 88 52 71 73 3 84 50 6 12 98 84 59 86 24 94 34 63 16 48 32 71 16 38 5 29 14 11 
73 13 98 41 76 5 29 49 21 39 35 72 86 55 41 89 79 21 71 94 36 57 63 14 7 93 7 49 31 26 43 65 9 79 51 38 25 86 51 85 21 40 16 93 8 16 98 11 58 95 62 51 17 46 91 70 27 47 55 18 83 1 71 68 33 11 27 33 94 47 94 7 42 27 98 57 36 27 62 70 28 4 65 29 51 40 31 88 12 71 45 87 0 30 58 32 7 74 54 69 82 23 41 92 89 50 10 33 50 75 65 28 17 15 99 53 57 33 19 13 46 35 84 23 36 44 38 7 29 4 85 18 67 39 17 91 25 1 71 87 78 2 78 63 89 33 81 38 38 42 0 4 77 16 5 55 95 24 54 27 61 40 60 45 44 35 54 36 49 42 26 14 96 98 46 98 40 66 79 32 80 35 94 98 89 26 64 41 91 43 88 36 97 24 14 44 21 75 55 67 
63 35 74 35 32 12 89 29 94 22 88 11 18 36 24 42 31 13 72 36 29 55 65 20 64 66 68 6 58 7 0 73 62 13 44 32 94 76 33 69 47 49 92 76 68 17 59 96 13 61 34 17 57 68 80 49 86 83 37 44 63 30 10 86 41 80 15 52 6 73 81 73 24 62 36 26 94 9 71 96 16 93 77 62 7 80 6 98 91 59 58 72 92 38 13 48 30 76 28 99 9 81 39 10 47 82 20 86 80 25 74 27 85 98 86 74 28 5 54 24 99 14 95 29 85 33 8 81 24 77 47 10 57 86 92 86 74 65 31 43 54 33 91 48 94 72 4 49 14 80 77 62 34 7 63 84 62 12 4 84 47 26 91 44 88 37 27 31 91 35 86 13 29 89 48 63 57 47 96 84 47 26 34 56 84 31 74 63 95 22 84 70 27 77 73 61 88 98 9 8 
56 56 56 4 67 65 18 25 12 87 54 98 85 16 26 30 37 50 29 28 69 65 5 25 21 44 28 78 95 53 41 66 19 60 70 57 45 56 8 61 33 63 57 75 74 81 61 21 77 32 52 63 50 59 31 51 83 84 49 10 91 73 68 96 34 82 48 71 88 75 71 43 95 85 9 24 5 99 86 8 56 13 22 14 59 13 97 28 70 56 51 97 10 52 41 98 20 59 33 38 6 22 30 55 34 59 8 20 53 8 26 15 95 33 48 91 93 19 83 79 38 54 11 44 3 64 21 21 57 99 25 51 21 85 50 62 53 66 71 27 8 26 40 79 4 67 58 62 35 25 42 4 40 76 25 14 34 74 8 24 97 82 18 25 7 36 38 35 26 90 77 41 77 26 69 15 36 96 71 93 48 63 66 51 94 91 16 99 15 66 41 75 52 55 57 72 86 34 75 63 
52 14 24 87 80 71 20 48 72 68 99 78 46 52 54 77 18 67 61 87 10 43 68 58 38 68 85 1 29 93 13 41 31 63 4 16 89 39 14 48 22 3 43 36 56 65 83 85 30 48 99 95 99 63 79 98 67 7 96 79 88 11 79 77 32 62 66 41 24 64 43 97 68 57 95 84 57 94 65 55 12 41 55 98 6 68 67 34 83 65 78 2 30 73 10 91 53 73 50 69 17 99 38 58 85 85 38 65 75 19 91 47 47 96 48 37 43 87 39 47 98 34 76 94 77 86 13 48 23 60 83 36 88 84 71 0 84 20 77 19 53 4 21 98 46 27 87 43 34 4 1 31 21 78 58 44 60 8 73 91 74 93 53 6 37 11 28 6 75 58 11 79 47 0 60 24 91 55 3 44 87 87 73 60 58 96 51 31 95 49 13 41 35 74 6 72 45 92 58 72 
65 67 93 39 65 81 52 83 61 4 53 64 59 59 80 18 86 57 3 32 46 43 30 28 0 49 8 53 42 58 60 71 26 19 3 90 63 69 80 13 64 98 17 20 88 61 54 64 78 69 56 82 94 72 95 66 63 24 19 97 78 98 68 85 34 53 76 17 78 9 5 65 12 68 98 59 96 90 34 5 4 40 39 81 33 40 90 75 82 47 56 49 43 80 58 45 57 15 36 30 64 32 90 68 45 11 93 53 85 59 33 96 70 82 43 89 76 41 96 89 51 4 90 80 87 64 15 24 67 51 4 40 90 56 44 56 39 63 53 71 41 71 6 62 11 42 78 27 83 17 43 18 24 82 54 54 0 62 31 40 0 78 52 47 9 51 47 52 35 64 87 44 98 81 14 13 30 10 48 46 99 98 99 21 27 68 36 68 60 69 1 24 93 84 11 48 19 74 18 81 
3 22 62 64 42 60 92 1 29 36 46 22 10 2 35 31 47 59 47 9 90 38 33 84 8 56 38 70 38 69 85 85 80 80 3 15 4 5 17 56 7 13 24 96 62 30 4 27 4 83 56 61 97 74 73 5 82 55 44 65 96 64 53 47 39 88 90 14 32 64 5 20 96 37 89 67 42 73 94 65 50 72 58 37 71 98 75 54 80 46 2 14 43 43 30 99 14 28 62 37 90 1 79 48 28 71 6 99 89 41 32 18 73 29 2 75 51 57 31 3 32 59 36 28 6 9 67 14 75 57 16 86 90 40 4 37 67 49 98 81 57 96 58 28 89 28 96 46 89 78 78 77 68 30 33 43 64 51 21 79 52 63 35 95 28 16 19 29 9 41 78 32 49 87 81 90 14 43 39 43 89 12 91 71 83 65 2 91 47 77 56 90 15 41 0 23 80 94 69 47 
14 56 85 64 85 50 89 73 64 19 19 60 35 28 52 97 4 38 6 69 62 51 11 92 58 88 10 26 74 50 41 56 10 70 12 85 96 41 5 91 87 71 17 48 64 18 18 44 93 31 70 65 69 21 98 35 83 37 58 89 50 84 28 34 58 94 11 68 36 0 98 71 64 53 69 55 22 22 87 11 41 54 41 93 76 54 6 22 17 58 91 19 0 84 65 36 48 82 25 40 68 90 71 17 73 83 38 22 10 35 63 42 72 28 24 35 39 40 27 58 88 24 51 61 65 85 25 62 37 16 87 62 41 24 41 78 23 23 73 88 9 43 57 93 78 40 14 94 98 85 96 1 24 10 99 77 31 49 60 57 50 21 52 53 85 38 96 13 95 63 17 81 13 44 22 65 79 80 96 6 73 18 22 50 85 30 57 33 71 54 57 12 73 57 5 97 45 20 31 30 
95 68 3 66 71 95 86 5 99 10 14 68 37 18 52 82 63 98 5 53 38 97 81 95 96 84 81 2 17 10 83 10 1 73 23 94 8 36 48 70 90 27 99 3 72 55 11 19 82 35 42 19 35 29 35 51 38 1 77 73 10 35 27 16 84 48 88 81 3 30 48 27 40 31 12 64 15 15 63 64 98 61 97 81 77 92 64 39 18 10 13 45 18 76 48 20 83 67 71 40 47 59 4 56 97 58 0 97 83 39 79 94 36 67 18 15 2 4 20 27 86 17 64 78 15 65 37 75 72 71 67 74 82 21 69 49 50 15 68 12 42 51 35 31 46 51 12 87 89 15 62 95 61 63 98 61 59 90 59 7 54 76 61 19 31 5 73 43 77 80 11 45 74 35 84 46 85 7 79 63 70 19 90 36 23 92 8 77 56 91 21 59 33 62 32 36 34 19 88 85 
63 95 18 26 9 87 22 51 38 72 72 70 92 0 45 53 88 51 42 74 60 27 68 16 9 84 45 16 79 55 90 67 21 13 33 17 61 94 12 3 23 50 39 29 53 96 75 63 36 26 39 25 77 44 56 8 50 96 59 75 2 92 62 94 97 86 55 37 25 29 63 73 90 81 47 87 64 29 67 89 79 3 96 28 26 40 44 78 56 92 55 93 91 68 32 81 5 33 45 3 45 84 91 41 22 41 93 88 18 77 18 71 97 39 33 86 75 68 1 11 27 65 73 47 14 97 33 88 20 16 18 58 13 39 83 32 66 45 92 4 25 34 63 57 98 62 29 52 76 99 70 37 60 15 76 4 55 88 37 88 22 29 47 42 73 58 67 17 4 10 21 4 10 84 47 8 27 99 84 80 61 27 0 2 17 9 17 97 46 1 59 28 82 69 95 87 49 92 16 44 
15 88 12 79 13 97 22 31 58 20 91 53 14 62 14 26 95 53 7 80 4 79 52 72 78 40 19 90 13 47 6 73 79 35 88 53 27 28 43 74 32 59 2 44 31 38 77 7 23 21 47 11 59 24 79 24 17 10 94 6 89 81 88 77 4 79 93 79 54 84 78 34 22 89 88 23 28 69 60 55 59 58 64 70 56 18 9 37 3 54 93 20 81 71 87 3 34 47 36 68 83 62 32 50 66 86 82 93 65 59 76 94 97 76 7 67 28 2 86 38 76 18 72 11 77 80 2 48 13 72 41 60 51 10 53 6 70 30 3 43 54 70 45 22 27 26 16 40 49 0 25 68 4 80 50 87 78 62 74 15 45 23 63 24 77 96 60 67 69 0 0 63 56 76 58 85 75 98 22 89 81 23 18 13 60 25 68 16 2 51 15 56 74 5 43 91 60 7 50 72 
98 18 73 36 81 75 84 7 96 78 45 72 67 69 30 36 74 72 89 95 18 72 80 67 68 93 49 17 54 53 23 41 59 70 17 6 19 49 98 86 77 95 98 83 63 88 1 10 51 79 38 51 75 69 97 21 36 66 4 59 90 92 22 71 19 81 17 46 44 35 13 4 8 45 85 1 8 53 10 25 88 4 58 36 36 38 3 69 12 3 56 28 47 73 31 5 78 46 12 23 14 24 89 16 40 28 98 75 96 52 10 8 19 44 54 31 16 27 6 7 66 57 10 0 59 96 39 27 32 63 2 33 99 26 85 27 25 11 87 76 62 65 28 71 5 31 22 47 13 7 57 12 64 16 30 47 37 80 46 69 45 66 77 65 21 67 73 16 15 36 27 72 62 51 33 67 79 69 9 20 38 67 45 67 76 68 67 2 9 67 87 44 13 25 83 5 15 32 30 7 
26 9 84 27 96 63 1 27 36 62 27 82 50 15 38 72 0 76 34 24 87 83 79 71 32 14 56 68 69 57 44 36 7 43 78 98 84 38 15 63 67 85 74 30 95 15 39 68 34 2 62 70 64 73 5 83 62 10 93 59 47 62 38 88 4 22 59 72 94 30 96 95 70 84 7 51 64 47 60 42 9 80 12 87 14 37 26 22 96 92 78 16 69 91 45 86 66 93 60 30 75 47 43 92 68 73 73 62 65 14 90 58 89 79 0 55 94 94 10 46 24 10 86 2 31 3 72 34 37 82 11 78 25 23 93 30 85 68 10 42 54 70 89 28 66 7 97 46 44 18 32 55 71 18 17 78 17 15 68 17 30 11 64 23 93 68 25 31 13 95 78 95 3 57 56 73 4 71 67 61 89 31 41 27 62 5 97 94 55 27 21 26 87 41 27 94 8 88 60 65 
40 9 98 57 37 68 68 92 27 53 99 31 63 14 92 84 83 95 3 36 25 27 90 1 18 4 99 53 48 37 21 75 54 37 46 25 54 18 8 30 95 99 37 76 88 31 49 98 56 20 78 80 56 23 16 59 98 0 4 19 43 87 77 54 43 8 89 22 43 9 97 42 32 62 48 53 98 34 50 43 68 75 48 97 90 6 38 27 66 64 23 76 35 4 36 0 59 26 84 0 73 59 35 28 94 98 61 37 47 95 73 81 70 65 65 51 20 93 8 45 64 5 28 0 18 98 13 31 54 59 46 8 58 77 89 68 37 99 92 40 34 69 2 80 80 27 42 6 55 16 20 66 95 99 78 0 31 7 29 3 45 78 48 85 68 55 7 19 18 92 80 31 7 1 98 18 17 3 11 51 85 63 36 49 31 26 30 8 66 17 47 50 82 97 17 3 81 73 74 48 
19 75 89 72 97 91 93 57 93 1 31 37 84 38 96 38 40 34 91 18 27 1 40 90 46 26 10 27 31 31 50 35 29 50 44 26 54 87 62 32 92 7 51 40 7 36 13 49 58 11 62 88 38 18 15 15 86 14 35 16 29 48 66 73 65 86 57 78 5 92 17 92 94 35 42 36 89 35 43 15 85 12 34 37 35 86 25 27 13 49 95 90 70 97 67 29 45 58 95 78 30 64 16 95 11 75 37 94 52 1 77 75 57 94 56 10 38 67 98 76 74 82 14 66 0 70 97 51 51 44 55 1 21 45 20 48 87 81 19 10 99 87 51 86 2 89 68 13 15 50 29 22 79 11 41 87 10 79 47 0 98 90 20 56 91 0 0 32 34 13 37 74 78 96 11 74 88 93 65 53 82 7 26 3 39 26 84 93 44 24 45 43 66 46 31 5 94 9 98 9 
29 5 91 40 25 22 35 53 43 73 0 23 75 30 39 69 29 28 7 16 26 20 28 64 2 66 88 14 7 76 98 50 10 20 72 55 88 43 15 43 32 39 20 85 74 99 85 15 91 17 28 53 96 9 8 23 84 70 14 3 18 56 25 71 22 61 33 96 63 57 16 75 13 93 90 90 12 77 31 82 64 96 30 91 42 13 0 57 55 88 21 22 36 90 47 37 2 1 77 65 66 82 9 93 48 48 5 22 99 53 75 17 88 43 79 51 36 45 33 49 27 46 15 53 11 11 35 51 56 84 5 28 93 54 7 85 27 20 46 22 33 63 61 84 67 0 68 43 67 32 2 96 8 78 57 68 17 28 2 1 22 53 4 13 21 99 94 20 80 57 21 29 24 99 74 91 73 80 16 78 33 96 16 33 39 86 66 69 36 12 3 80 3 58 19 39 76 59 65 40 
26 46 93 43 66 73 38 23 7 67 27 53 23 39 55 12 26 7 83 54 38 86 31 99 34 85 22 58 36 0 21 72 56 12 50 57 2 16 84 75 71 49 3 70 70 50 6 29 74 84 11 15 74 21 57 6 17 88 4 46 91 4 69 13 92 48 38 62 87 77 84 24 66 82 97 84 88 41 65 25 55 63 72 2 39 78 22 69 51 24 49 44 83 8 90 77 21 15 26 38 99 97 88 88 25 57 56 83 11 40 33 83 6 22 46 65 87 41 10 61 4 24 66 19 66 67 76 55 63 16 9 1 25 29 77 65 46 39 18 84 17 99 86 67 29 14 42 47 45 74 44 37 4 83 55 31 82 59 22 84 70 50 69 88 37 52 82 99 95 60 7 25 40 17 43 86 26 27 52 85 93 65 57 94 83 68 3 72 82 46 64 75 26 92 46 2 55 97 5 76 
98 88 12 49 55 87 93 91 63 85 99 78 59 53 52 75 37 84 59 95 37 77 47 20 47 15 41 40 15 79 86 94 53 31 5 17 90 49 68 46 74 48 92 18 87 31 42 36 94 39 59 12 33 88 91 23 49 67 42 93 37 35 42 65 54 60 53 27 57 99 39 28 90 11 98 29 37 47 14 41 82 41 30 97 37 67 87 65 12 28 96 77 53 21 97 43 95 24 13 66 12 53 86 56 6 75 42 60 18 33 61 35 94 6 24 20 65 90 68 73 85 50 71 76 48 13 46 94 35 3 64 51 31 78 30 30 56 12 76 90 20 41 50 73 52 81 86 12 49 84 41 83 78 88 65 31 52 6 30 97 30 81 79 93 38 64 63 58 99 26 3 23 16 42 58 23 49 20 80 66 5 30 87 12 36 99 60 13 14 50 92 41 72 14 18 64 37 17 88 29 
95 61 20 96 95 98 65 62 10 13 97 68 97 32 62 19 72 11 32 18 31 47 53 93 49 25 68 68 84 98 46 11 72 28 50 36 95 51 62 49 53 85 18 0 2 74 25 44 25 56 82 43 13 50 5 65 49 76 5 34 47 22 52 78 22 76 1 68 70 34 78 16 68 31 15 74 50 0 49 4 38 66 97 39 58 3 47 81 28 61 63 85 83 91 63 56 69 25 47 10 54 98 84 44 42 17 82 25 82 69 9 94 85 12 62 90 72 66 55 78 2 17 31 73 90 23 11 76 70 63 10 76 33 81 93 56 58 45 42 89 95 94 21 18 37 68 13 9 17 86 78 35 91 79 28 79 85 27 31 18 11 50 74 73 74 41 20 56 2 20 1 58 59 75 79 29 1 76 45 31 0 32 36 8 48 21 87 78 69 95 35 7 17 78 80 74 56 24 94 57 
25 50 64 57 68 68 13 22 15 17 11 92 45 92 28 70 51 85 75 74 57 7 44 42 41 78 59 6 49 56 15 18 75 79 18 68 60 77 63 5 46 38 86 89 23 38 23 0 86 85 78 64 12 63 50 71 33 87 1 65 64 57 22 43 32 55 16 38 25 61 42 62 98 29 7 8 92 98 65 90 31 3 72 43 80 14 84 19 46 41 51 36 65 65 64 44 80 29 93 72 66 2 38 26 71 8 30 4 87 51 5 13 68 23 94 95 92 69 91 53 97 48 11 69 28 66 60 18 27 54 50 8 3 62 78 4 97 4 70 54 28 99 35 16 7 3 68 73 23 84 83 89 69 83 9 74 49 42 43 0 89 22 38 73 3 30 62 49 44 77 67 68 52 60 56 59 62 1 9 52 67 7 82 52 9 96 97 23 4 51 80 7 6 25 2 28 20 10 36 92 
9 27 82 13 73 39 40 47 40 11 58 4 67 2 19 13 99 69 81 51 86 10 16 33 91 95 46 56 53 25 46 77 22 54 39 21 24 32 34 31 17 99 78 97 47 20 28 20 18 87 64 82 65 22 35 84 82 95 93 73 50 56 52 56 76 97 45 85 57 14 27 39 68 98 58 92 79 67 22 66 10 42 64 76 2 45 28 76 56 31 27 87 43 68 15 30 36 29 37 24 1 55 14 76 35 47 10 12 87 33 52 89 55 57 98 82 34 17 27 71 18 73 22 3 13 11 10 42 60 30 74 18 2 69 96 24 21 88 1 10 44 63 75 40 93 98 69 47 15 35 73 43 74 98 75 20 86 89 46 48 10 12 5 48 58 97 84 18 66 95 91 28 32 88 90 44 68 95 5 43 15 15 78 44 94 85 77 63 43 60 79 81 40 27 70 81 43 31 63 59 
7 85 65 44 24 26 6 43 20 17 60 7 20 57 29 0 49 84 70 54 76 35 32 52 76 26 0 85 87 46 89 69 78 74 31 26 37 47 66 20 57 36 40 2 32 16 23 89 6 45 58 43 30 9 42 17 41 3 84 21 64 44 61 43 16 82 84 4 5 40 96 35 84 28 13 52 34 66 60 62 3 57 70 10 27 67 16 12 91 16 65 44 0 39 84 57 21 64 17 36 78 49 53 97 71 36 72 46 57 1 83 16 3 44 54 57 9 13 35 82 9 26 48 38 2 4 5 64 94 82 74 42 86 38 75 25 55 77 29 95 51 70 8 26 74 2 85 86 66 34 91 50 53 68 24 48 58 95 77 27 97 30 58 4 79 23 6 79 73 0 23 11 47 5 60 80 12 27 64 61 36 76 43 21 6 12 46 81 40 56 27 22 64 9 97 32 84 39 93 36 
59 27 50 30 89 25 71 43 49 54 78 4 74 33 31 6 20 96 53 5 68 82 24 6 89 87 8 30 48 43 61 15 47 46 32 85 73 40 76 89 81 52 8 33 16 22 32 97 44 62 78 16 46 27 44 74 70 3 35 96 65 11 10 80 36 55 74 3 11 8 24 40 68 65 25 95 46 11 98 30 92 55 9 7 26 89 2 70 65 99 9 60 10 71 10 40 57 80 51 73 59 74 66 32 38 33 22 67 31 88 88 22 13 58 61 61 40 61 55 51 36 53 87 41 11 71 8 14 76 90 49 9 29 6 31 72 52 4 87 48 25 97 35 64 87 54 3 27 40 18 34 16 42 14 16 24 40 46 90 2 20 89 84 25 78 55 19 16 0 61 59 38 23 97 78 29 95 66 30 79 91 22 75 9 7 66 1 20 89 86 85 81 53 81 33 93 44 95 37 32 
40 89 7 61 10 37 66 95 11 52 59 23 39 55 92 18 87 97 69 37 62 97 24 37 67 78 56 48 85 16 1 97 94 81 86 6 12 53 87 60 49 38 33 23 81 87 71 48 6 30 42 7 15 40 20 5 90 55 8 18 35 31 69 70 52 58 13 20 10 97 36 28 15 56 85 37 98 4 36 74 84 94 25 95 53 30 84 94 46 66 34 59 51 4 2 83 0 51 23 48 32 45 49 81 87 72 71 55 17 82 24 89 77 86 56 24 90 69 9 62 95 25 69 60 34 55 39 85 60 27 49 60 23 56 72 49 35 25 6 61 45 83 7 60 1 71 23 14 99 75 58 76 57 25 74 31 35 88 57 31 15 85 7 90 41 43 50 3 69 54 94 61 12 21 0 67 45 56 77 10 97 89 68 12 56 53 64 83 53 26 75 57 52 98 76 34 28 10 14 64 
92 68 32 33 57 30 28 2 23 44 87 23 14 71 19 63 81 7 80 17 74 46 87 79 53 74 88 10 6 73 58 91 8 47 4 40 3 32 50 2 52 46 52 21 0 69 94 96 50 85 54 99 93 48 57 86 33 57 36 40 85 40 90 60 21 75 54 79 24 32 39 46 49 75 89 37 85 15 54 92 17 52 41 20 58 48 95 85 76 62 68 68 83 70 23 24 31 3 48 41 43 57 38 62 92 79 46 30 51 60 66 73 64 16 85 69 65 81 46 21 26 7 92 32 6 9 77 77 74 20 81 74 28 89 32 87 63 46 54 20 57 77 71 45 13 81 60 61 94 5 32 89 31 78 2 70 41 23 79 30 82 55 63 94 99 94 81 68 40 96 74 24 15 94 48 19 74 59 55 72 69 30 85 93 67 32 53 77 56 65 65 68 55 66 70 42 92 57 16 33 
33 88 53 84 85 55 90 56 1 97 57 42 2 53 73 81 15 97 91 46 3 39 45 57 89 85 64 53 24 86 9 87 21 51 0 43 75 92 89 59 37 76 8 36 17 54 39 82 13 1 48 96 46 36 0 72 17 50 98 92 61 5 45 12 44 49 10 30 45 56 84 76 30 20 72 17 91 5 67 35 6 79 85 39 69 69 89 33 97 95 51 81 52 62 8 7 77 18 40 75 99 53 84 68 91 81 6 42 10 93 50 88 35 0 86 19 4 71 74 41 94 66 88 78 61 20 30 5 62 94 65 69 61 73 8 6 66 55 26 25 47 27 20 6 70 36 90 41 63 24 27 7 33 69 40 63 1 32 9 28 2 53 90 29 35 29 13 6 62 69 31 48 59 4 48 60 53 63 62 68 42 32 29 83 8 21 53 79 2 70 92 3 37 38 75 33 41 48 34 28 
24 56 54 51 12 38 83 2 18 61 90 29 53 21 64 6 9 37 99 29 42 58 61 39 72 62 67 23 16 52 8 13 90 84 78 36 96 61 44 29 39 78 52 10 57 34 59 51 95 7 79 16 12 76 40 18 73 77 11 35 78 75 50 44 1 93 80 65 42 31 60 80 83 97 19 29 28 34 15 10 85 85 13 97 23 19 63 6 77 35 2 99 92 74 49 17 97 91 91 65 1 54 66 75 49 43 17 30 60 38 39 84 5 32 12 98 33 73 99 11 84 27 65 73 11 61 97 37 14 89 72 89 7 59 39 79 7 72 99 51 59 50 48 83 74 44 81 67 49 76 31 84 95 79 43 45 98 32 65 91 25 1 3 84 7 58 95 99 88 80 36 94 47 93 30 34 12 21 43 82 27 16 8 25 72 85 41 61 32 3 30 76 96 13 55 58 65 87 89 23 
56 30 29 23 30 9 16 38 3 98 51 53 71 39 97 42 17 14 87 99 47 41 39 30 97 10 57 52 61 30 21 15 43 24 1 24 30 28 74 9 31 17 12 11 1 40 28 56 88 66 32 30 18 71 85 75 26 52 96 60 55 62 97 52 77 64 65 19 82 99 17 70 48 16 59 89 89 70 77 98 51 48 17 19 40 69 99 7 85 98 17 81 59 76 26 21 86 91 56 19 38 58 97 94 34 76 48 41 51 98 61 12 33 2 9 61 23 95 54 36 5 78 19 32 65 52 99 23 99 17 39 1 66 25 73 27 6 45 90 57 23 48 4 54 25 38 96 76 94 1 94 48 50 26 95 67 49 22 6 32 6 53 30 32 50 12 10 95 74 74 22 49 53 28 69 57 89 5 28 17 25 18 74 42 47 11 60 61 36 38 15 74 0 17 72 44 54 10 15 38 
19 53 7 24 42 1 61 64 48 55 75 58 8 36 87 63 94 41 87 54 64 7 35 81 74 27 98 29 94 68 37 34 86 4 62 22 68 49 91 68 26 75 97 78 15 97 0 30 18 55 8 15 90 87 82 31 14 40 99 8 98 90 64 81 17 56 62 39 28 6 12 32 11 23 15 6 67 94 90 43 11 3 74 7 83 88 11 14 10 48 56 96 82 28 23 15 22 5 8 4 3 29 52 4 27 93 5 76 66 42 72 46 33 99 66 18 65 11 87 34 84 15 40 38 39 22 18 54 43 86 24 36 87 26 42 40 58 14 34 75 33 75 35 96 40 28 51 1 38 40 13 65 22 36 80 36 11 67 27 92 54 37 21 51 22 57 90 77 24 22 59 23 37 47 78 60 25 78 22 71 53 46 66 37 75 17 95 24 59 44 31 37 26 96 71 62 35 37 13 94 
46 53 95 69 60 63 70 83 6 77 62 0 9 86 33 49 62 60 30 98 92 85 25 71 98 8 40 72 65 67 67 16 6 47 15 20 36 19 91 87 40 48 80 61 56 5 39 50 33 74 85 12 0 10 71 24 76 17 9 17 6 35 79 77 85 11 14 80 11 27 24 10 48 60 8 17 61 1 52 63 3 3 19 84 89 27 9 71 95 43 25 57 29 81 54 95 36 94 45 46 87 87 98 64 12 46 97 60 68 22 11 60 88 62 45 62 46 27 20 65 55 33 86 85 22 65 36 62 1 44 88 77 39 50 44 71 22 43 96 10 41 74 65 90 0 69 38 48 78 92 24 33 60 49 84 16 21 66 75 12 98 81 42 29 98 57 39 5 56 26 8 52 24 11 33 43 19 10 27 80 3 84 48 19 74 45 68 99 14 54 66 63 37 93 31 18 74 0 62 10 
36 38 26 61 13 47 48 25 57 42 68 21 56 24 60 75 98 86 10 5 69 79 7 43 96 71 9 53 62 91 2 44 5 58 1 10 16 40 77 88 91 93 68 96 89 84 38 34 94 68 73 6 70 14 71 54 18 12 77 42 34 62 23 81 46 71 42 97 25 43 97 55 63 58 31 24 2 55 63 71 27 94 77 98 18 19 5 14 79 80 70 15 18 96 28 68 5 97 48 53 49 55 27 34 50 39 18 53 43 82 26 74 93 2 68 74 59 73 98 18 19 43 6 70 86 35 26 30 61 24 40 99 42 2 24 41 57 70 77 91 44 98 25 8 85 66 12 21 58 42 77 39 46 5 65 94 26 1 36 74 90 80 2 85 77 90 56 73 58 92 47 43 53 53 96 84 65 31 1 19 96 76 79 60 0 73 16 7 10 39 83 48 4 92 69 26 11 16 26 1 
59 13 29 40 62 83 20 90 91 77 20 13 67 16 47 77 17 93 19 22 27 12 66 80 75 62 2 26 10 60 15 77 62 45 74 43 20 14 49 27 22 87 8 74 85 18 98 62 69 11 89 46 43 6 58 43 47 56 88 90 28 26 78 30 73 71 31 38 85 25 10 6 13 51 62 66 40 93 24 4 24 44 34 80 11 23 6 20 92 78 36 13 67 65 8 3 27 9 36 11 67 75 4 83 22 55 38 54 78 75 88 98 86 43 56 22 32 88 99 76 83 74 77 55 77 87 77 80 23 13 80 6 24 17 38 27 72 96 47 89 54 46 63 85 19 2 5 30 20 45 97 45 90 19 72 32 89 18 24 57 63 44 15 93 30 55 61 49 15 34 26 91 76 11 96 83 60 79 97 92 77 54 3 85 82 28 1 97 87 7 65 79 46 26 51 10 75 76 28 73 
3 5 66 72 99 26 40 26 3 35 69 54 13 35 26 56 32 86 35 89 99 54 61 97 36 26 17 48 97 26 4 35 24 9 20 37 29 3 22 22 50 6 80 94 94 87 49 32 38 81 71 13 73 78 8 12 97 10 72 68 83 31 93 84 94 85 28 90 21 37 11 25 27 24 16 83 31 35 65 35 2 69 28 36 69 21 77 63 25 84 25 53 4 76 70 75 29 10 89 57 43 46 83 33 64 97 18 86 84 55 69 61 91 77 83 82 31 73 49 42 48 85 19 83 78 29 56 13 45 28 23 32 48 32 53 57 24 32 52 98 65 75 2 16 32 3 71 75 87 83 7 45 27 93 44 67 72 46 42 12 90 55 47 66 34 84 77 86 30 43 42 39 30 43 44 58 27 13 17 32 77 15 48 17 20 19 20 72 38 35 61 98 44 42 29 7 86 45 53 19 
76 76 68 93 55 26 78 18 71 44 68 96 93 56 72 81 20 81 25 66 72 55 20 43 20 79 64 32 36 45 86 0 21 15 0 41 64 50 69 5 92 68 34 8 76 12 54 37 52 65 20 37 58 91 68 30 60 20 69 8 33 98 55 86 21 50 69 54 61 85 48 6 50 28 76 34 44 41 74 98 2 92 67 42 24 43 25 83 78 62 56 35 3 42 78 11 32 4 25 33 2 28 24 89 5 70 48 4 39 88 57 51 64 90 46 96 51 99 86 42 80 69 19 74 96 95 47 54 42 72 12 41 23 58 48 98 17 76 30 10 79 85 67 32 20 87 61 75 33 99 55 92 76 41 21 44 2 33 99 4 71 15 32 70 45 77 9 22 42 99 89 34 34 84 40 22 28 14 75 84 79 70 42 91 73 81 72 29 3 86 74 99 71 37 38 36 34 39 2 28 
72 27 86 26 86 89 86 76 71 41 40 90 18 93 64 50 42 62 45 74 85 1 51 50 63 6 49 56 7 17 68 29 28 52 37 94 5 23 28 98 32 6 33 86 88 68 12 50 57 96 35 82 62 77 54 49 61 61 2 37 33 71 51 79 96 33 49 72 6 99 88 69 65 82 90 62 83 15 51 21 21 95 95 57 89 3 49 33 50 48 28 15 58 81 34 16 65 72 18 26 53 13 34 80 17 48 66 36 73 6 88 38 70 75 0 24 70 87 34 49 79 77 45 23 80 47 46 20 56 67 69 15 26 49 39 35 36 54 78 19 48 68 69 86 40 56 19 10 29 52 57 89 26 65 97 52 46 20 86 13 15 91 82 28 57 10 19 14 2 14 33 20 47 15 14 28 31 25 43 63 2 84 35 58 41 64 21 58 16 73 95 65 64 47 56 44 54 54 29 46 
27 18 60 38 85 45 85 72 43 43 53 31 9 45 59 39 67 61 41 57 69 34 88 92 17 85 88 43 81 55 30 34 91 20 78 5 36 75 15 38 8 70 21 55 18 88 30 56 15 86 40 58 31 47 54 84 88 47 61 29 78 46 25 27 71 48 68 78 15 13 83 59 58 74 78 38 13 89 56 50 63 29 23 68 45 76 21 47 60 19 84 35 73 7 59 19 41 0 30 76 22 82 2 10 90 87 45 76 94 72 80 36 86 91 89 20 35 40 60 60 77 19 57 56 38 42 16 16 78 75 23 15 73 95 99 11 98 48 97 62 10 49 27 10 92 72 91 41 41 13 48 52 19 3 67 48 98 38 87 2 23 76 32 35 0 17 68 63 43 66 71 83 91 19 56 76 53 12 9 23 51 49 36 26 62 33 62 96 23 5 37 71 14 40 28 9 48 98 49 9 
22 17 58 88 19 67 40 19 45 82 10 14 6 61 49 66 50 36 47 11 3 5 73 65 25 47 44 0 47 42 55 69 58 49 75 19 20 33 19 2 36 95 22 31 88 80 86 0 91 79 50 1 40 87 75 0 58 5 99 4 42 75 70 12 74 46 62 46 40 41 44 66 98 63 94 45 38 56 88 33 93 95 90 3 20 50 65 6 19 65 42 6 93 40 89 49 32 27 50 73 73 35 39 94 99 38 2 92 5 59 34 48 96 92 8 44 9 84 69 25 7 12 8 25 45 32 45 36 19 18 59 22 93 46 70 18 43 40 77 5 55 14 45 10 72 9 40 84 93 95 55 40 57 35 90 5 52 4 13 42 54 77 2 51 27 60 42 10 63 25 40 39 74 65 85 21 94 60 73 44 39 12 68 52 39 24 72 51 24 92 42 78 63 33 83 79 46 79 69 27 
57 52 71 82 24 72 53 72 96 91 91 3 91 83 24 0 16 39 97 98 83 51 87 68 61 21 94 15 8 60 3 64 58 50 73 83 87 55 94 88 47 55 67 37 17 40 46 72 52 14 62 6 35 91 45 80 36 75 17 2 52 82 72 97 99 87 74 17 93 13 23 79 52 4 61 18 92 3 98 32 79 15 22 68 67 42 88 31 72 69 63 4 62 7 79 15 38 63 59 88 20 71 65 64 42 30 92 11 15 79 54 57 93 12 94 35 15 53 91 76 17 44 62 21 10 85 96 81 9 86 4 97 63 37 19 39 16 93 41 43 95 29 23 2 55 47 46 19 99 92 7 20 55 12 70 42 80 53 76 39 71 95 72 3 30 7 22 48 40 56 39 3 25 97 96 0 91 28 73 97 18 83 95 78 67 89 1 54 41 99 7 46 15 3 56 62 49 97 90 12 
77 20 79 6 13 51 63 94 62 69 59 35 90 98 88 74 31 27 56 38 7 67 20 1 71 26 67 90 60 6 38 95 91 21 45 32 83 43 24 72 92 88 49 68 46 68 93 80 28 45 34 68 11 53 20 80 26 80 78 68 19 92 31 39 9 99 72 53 44 44 24 2 74 3 75 85 71 6 91 13 3 36 48 14 2 4 18 75 40 89 85 99 66 93 0 34 93 62 28 70 82 48 11 97 94 4 60 8 23 80 70 64 30 60 77 44 74 57 67 51 1 40 71 20 21 6 22 79 2 57 98 78 2 33 40 44 78 16 85 52 51 46 25 41 55 49 19 48 8 32 26 23 97 63 80 25 57 10 80 19 96 65 62 1 25 96 8 47 76 34 89 61 83 76 92 25 84 35 98 48 97 73 65 80 48 88 13 41 56 75 95 8 32 75 87 60 86 89 86 19 
78 92 1 72 96 65 17 47 91 89 95 96 20 72 21 56 75 48 94 17 23 19 66 48 32 4 34 66 36 83 19 14 35 24 41 20 48 26 13 11 51 53 14 98 0 12 12 34 28 47 38 3 7 15 30 51 53 47 19 95 9 3 58 39 99 35 84 97 48 59 75 1 32 1 18 64 79 26 26 35 24 24 50 38 74 59 99 40 15 31 49 15 88 94 64 71 17 33 66 60 21 52 32 82 74 14 92 26 16 2 58 33 79 56 94 94 6 63 24 83 39 87 88 27 69 86 69 4 75 62 45 60 6 77 59 93 12 7 79 78 15 80 13 39 78 56 21 36 33 27 34 28 11 16 25 55 67 27 80 41 52 38 34 9 90 93 2 87 48 34 48 46 32 56 2 45 99 6 43 54 37 34 92 64 81 90 8 53 80 23 78 31 64 44 76 48 79 14 13 27 
17 17 22 13 3 73 42 92 56 58 29 7 77 61 7 62 67 49 4 3 83 64 86 65 55 33 64 44 92 38 22 89 20 13 82 60 48 33 93 59 28 2 71 72 65 64 62 2 87 68 42 16 73 92 65 15 70 97 21 61 65 50 30 57 19 54 36 93 3 22 54 74 90 28 16 31 29 23 10 8 52 65 5 65 24 37 18 65 87 96 25 24 14 58 12 32 15 36 79 82 84 13 98 41 56 34 5 55 41 70 15 21 46 18 2 80 29 16 58 40 47 26 76 51 7 17 17 21 68 95 32 59 91 98 72 45 33 82 69 9 29 88 80 21 12 52 65 91 28 28 32 47 94 86 36 25 60 41 72 81 11 2 6 47 41 56 97 46 29 41 29 56 65 19 50 66 64 19 85 22 45 67 1 70 1 14 50 87 69 60 71 74 70 30 34 2 96 53 36 50 
84 14 96 52 37 17 40 30 45 14 6 55 53 71 29 70 74 48 65 7 82 59 86 14 71 59 11 36 69 7 58 7 38 79 39 49 17 63 11 28 99 99 2 4 70 37 91 54 19 97 38 52 63 10 98 21 40 69 18 62 93 91 38 48 27 10 86 92 93 84 62 21 2 40 98 77 2 13 64 6 74 40 64 14 20 68 91 29 71 76 95 83 74 29 29 14 91 88 20 56 34 34 98 15 26 38 17 40 67 35 71 23 41 27 85 82 50 47 92 48 18 35 41 99 42 64 87 19 98 65 14 9 58 83 66 60 80 65 64 59 67 54 73 12 23 8 37 71 27 73 70 37 39 36 76 3 72 98 43 65 48 25 67 48 30 20 23 20 34 65 42 58 85 48 37 93 88 72 81 61 45 67 64 29 89 5 46 85 87 77 38 24 78 27 68 0 3 89 61 66 
93 45 41 55 53 43 8 95 67 11 69 57 74 29 23 3 20 71 20 96 97 42 83 83 86 29 96 17 39 86 83 18 30 91 73 0 86 52 2 28 62 53 8 58 40 50 38 51 88 2 25 13 89 49 99 6 37 61 88 80 20 95 66 4 43 85 47 68 82 11 74 79 4 62 63 96 13 40 70 6 9 65 11 78 35 42 13 1 96 56 72 32 77 51 93 1 70 48 91 64 20 71 25 77 89 37 89 92 15 61 59 50 35 1 86 90 23 16 94 57 57 82 31 45 86 43 21 60 77 35 24 87 60 74 58 68 13 83 35 65 49 30 12 42 82 19 15 14 89 89 18 72 86 78 42 52 42 15 49 45 30 12 91 29 82 78 86 71 5 8 4 63 67 47 18 83 34 29 54 41 17 31 32 25 42 86 36 12 23 27 82 33 60 37 91 46 79 64 28 54 
91 88 57 59 69 36 0 23 35 47 50 23 75 63 60 1 17 52 38 13 20 63 32 74 98 80 17 55 89 32 45 26 64 71 46 55 7 37 59 21 70 59 71 72 48 96 36 2 38 57 27 7 41 22 86 39 6 43 53 35 73 98 5 10 16 4 14 86 77 13 34 13 13 51 15 1 98 92 93 71 63 85 8 39 10 62 73 33 15 98 2 22 3 37 83 7 40 9 94 73 63 45 74 84 45 17 64 77 74 65 46 33 83 24 76 80 31 89 24 14 17 23 97 21 36 74 59 27 22 8 41 6 93 33 67 93 75 15 94 32 73 53 80 87 18 65 84 35 93 64 84 45 72 96 57 59 74 53 58 28 52 25 72 32 15 33 40 44 13 9 6 27 73 10 54 13 92 2 8 62 66 34 32 7 72 67 26 60 71 6 44 78 84 58 90 95 22 53 65 90 
1 69 87 17 4 8 70 99 57 33 15 23 3 1 29 86 9 86 10 77 97 53 52 55 40 38 92 0 92 84 83 90 78 98 54 82 40 13 69 18 2 23 62 34 73 19 34 53 71 42 99 89 2 30 95 85 3 0 97 14 50 7 14 84 83 67 79 3 75 4 30 45 41 43 96 9 58 93 56 49 83 94 9 4 21 28 93 3 25 49 82 97 73 58 14 25 90 21 21 83 84 48 45 9 59 67 26 58 92 19 3 68 63 72 49 27 2 24 69 90 21 93 15 6 15 89 81 7 2 72 1 90 55 66 76 76 9 69 11 17 89 41 62 9 0 38 82 21 76 18 23 37 77 44 87 92 18 72 90 5 55 72 62 20 64 98 24 64 1 98 8 16 47 27 26 52 79 93 66 78 25 90 64 48 72 82 79 31 37 66 19 36 17 36 73 62 62 39 72 97 
20 2 25 17 12 28 94 58 18 9 10 86 44 80 72 71 54 58 98 0 75 21 88 66 56 58 22 35 23 35 66 77 11 33 97 40 14 85 75 58 35 26 52 62 13 43 70 99 67 93 41 66 86 31 95 2 72 92 92 52 99 52 34 90 53 47 84 99 96 22 48 36 45 56 20 81 56 88 19 71 92 43 28 57 73 17 37 65 97 71 23 52 24 43 9 28 89 35 68 8 18 87 38 85 95 42 66 16 86 79 90 68 71 4 38 1 84 19 24 17 64 22 76 7 83 16 63 93 65 26 54 2 88 76 73 40 35 5 61 34 93 0 92 53 13 36 3 83 55 60 76 4 99 19 75 45 8 95 11 39 20 85 9 18 66 40 56 49 76 29 41 95 18 51 77 62 94 74 52 82 34 86 13 46 67 28 27 95 15 60 74 93 98 13 51 83 56 21 32 40 
30 70 27 55 17 55 36 79 23 87 1 11 85 95 34 41 29 95 69 40 37 42 47 60 71 81 60 85 82 73 84 18 9 56 67 67 31 90 33 1 2 47 57 37 56 4 75 99 11 26 93 64 16 94 99 91 79 64 5 44 48 9 5 98 21 82 64 74 78 14 78 67 41 98 49 92 75 85 17 44 75 38 81 76 86 20 74 82 26 5 78 5 75 92 26 77 42 45 47 52 32 76 80 29 42 52 68 72 55 61 80 42 75 14 8 15 53 80 55 73 16 85 30 43 65 76 88 90 48 49 35 70 7 79 98 48 75 57 91 30 54 78 23 3 5 76 36 13 15 18 66 49 85 20 70 26 3 27 38 57 75 34 37 91 41 77 22 66 75 64 22 49 50 30 79 19 52 78 22 31 11 97 40 41 69 66 93 19 90 70 29 6 99 72 20 71 17 44 56 70 
78 62 88 73 33 70 91 88 40 49 77 24 68 3 81 57 1 42 24 13 8 49 25 78 57 42 41 99 66 73 77 21 47 43 5 43 13 66 40 60 52 17 70 76 92 38 36 82 47 78 6 28 23 28 61 24 51 94 48 89 6 48 32 97 20 35 83 26 76 41 81 22 46 82 60 32 6 95 26 83 5 68 80 13 13 23 78 72 19 42 12 84 64 33 15 17 92 33 51 50 96 73 47 79 73 79 0 67 14 81 11 32 41 13 70 43 12 1 27 99 59 43 97 85 88 16 87 46 59 43 4 72 60 88 6 42 81 50 29 81 4 30 26 86 17 13 63 22 95 19 33 24 9 53 89 62 6 36 22 27 86 63 16 11 71 39 1 71 22 1 80 70 12 56 11 44 27 75 31 51 58 21 59 43 31 99 65 6 94 54 0 48 99 38 27 79 15 26 21 2 
45 77 9 27 90 96 19 46 69 41 44 88 77 67 46 33 59 47 60 74 48 82 5 41 27 8 98 52 59 5 89 16 64 30 95 3 6 74 6 85 66 89 55 24 44 41 38 81 56 59 32 80 73 88 32 51 94 89 81 99 87 84 38 40 24 7 75 78 9 30 67 24 45 0 15 8 67 42 90 51 86 76 61 70 95 88 13 33 61 96 19 51 63 58 75 10 74 66 76 29 29 28 7 75 32 26 58 86 2 28 95 87 9 2 24 52 87 90 93 19 50 82 76 33 3 8 49 11 88 29 51 59 83 83 73 63 82 54 80 97 89 5 20 10 21 12 49 25 6 85 20 58 18 3 78 68 3 2 80 2 79 93 7 33 68 64 50 18 51 10 34 10 16 66 42 87 46 88 23 17 86 50 81 37 54 51 6 0 44 96 31 87 56 54 45 77 26 59 97 23 
27 20 64 19 19 94 8 63 12 44 59 20 17 53 9 24 13 90 31 77 84 62 70 51 94 11 57 13 23 76 83 99 66 81 1 82 19 23 43 25 75 65 24 86 65 78 39 0 78 83 15 68 36 27 10 89 64 38 86 57 65 11 48 16 85 93 37 87 82 39 42 9 91 75 79 28 84 28 84 56 39 68 10 40 25 72 99 73 76 37 72 19 46 43 39 53 2 60 90 44 93 83 78 91 84 30 7 90 41 28 63 92 79 47 29 21 93 65 28 88 33 89 12 73 41 41 13 2 2 22 94 31 53 15 95 64 75 57 49 38 15 91 33 57 46 29 4 68 98 58 98 29 7 38 90 18 74 93 33 0 2 54 81 84 40 15 12 27 50 57 69 6 8 11 30 9 91 26 94 96 78 91 13 4 98 0 18 83 48 71 68 94 48 37 72 1 20 15 90 96 
94 31 22 17 99 72 93 87 28 17 48 17 23 23 88 65 10 62 26 91 89 3 97 76 90 87 74 40 40 34 92 60 60 81 52 96 84 80 70 68 4 56 69 8 36 68 7 77 11 46 9 62 64 37 5 51 6 88 93 92 96 13 63 90 31 15 1 22 7 89 83 50 68 61 58 68 36 24 67 79 1 10 81 72 29 36 16 34 10 64 50 70 95 76 82 98 90 11 90 39 64 45 93 68 26 57 66 93 61 76 36 28 76 51 46 66 16 89 97 17 12 38 31 85 67 71 38 45 51 15 42 19 63 74 39 38 91 36 6 43 94 96 89 50 36 33 70 43 78 68 52 41 54 7 40 77 87 94 95 66 29 76 95 95 65 29 63 21 7 29 46 71 67 43 43 59 45 23 70 4 13 33 67 21 15 35 76 79 11 96 88 45 3 50 49 30 40 9 49 24 
15 70 77 56 64 31 22 75 32 63 61 71 70 95 91 53 99 58 92 85 15 51 93 74 51 25 93 13 81 72 22 96 89 61 84 75 49 54 21 29 55 23 40 66 82 88 91 73 82 12 68 86 19 49 32 90 52 93 43 94 93 92 82 31 34 39 6 31 35 65 48 33 12 16 70 5 59 62 65 2 36 4 39 99 64 35 26 12 14 49 34 19 62 66 68 71 91 84 8 56 52 68 80 7 25 90 65 62 99 90 25 67 65 80 29 38 0 72 78 33 13 63 95 96 26 6 93 0 63 72 45 78 77 54 37 51 56 61 65 43 44 64 88 77 73 86 60 42 64 78 58 92 90 65 45 59 71 84 44 80 85 86 62 50 38 1 78 46 92 48 3 48 24 59 78 83 64 7 1 47 77 91 14 5 19 64 93 38 99 51 82 85 63 44 30 91 44 3 40 80 
24 44 31 3 13 77 94 13 38 26 87 18 69 32 67 36 37 99 38 60 56 49 78 70 28 68 75 9 53 81 94 87 6 41 28 66 69 32 41 11 64 37 71 46 58 81 45 58 16 84 41 10 80 40 5 96 48 83 14 45 7 35 57 13 61 35 31 84 99 97 98 62 72 98 36 51 74 66 51 22 61 65 46 3 50 37 83 74 22 17 21 66 92 56 84 49 41 26 67 6 59 96 86 97 64 39 16 82 67 71 94 24 6 27 60 15 30 8 99 88 48 33 32 68 18 54 40 64 62 18 85 3 21 37 32 60 34 58 71 46 31 63 57 41 53 58 12 83 32 4 54 6 57 33 98 8 36 91 61 5 12 46 60 43 73 51 5 36 16 91 54 83 80 99 65 56 36 14 21 5 84 35 83 69 78 19 68 37 50 48 58 64 71 55 25 23 15 56 81 60 
0 44 73 25 41 23 49 1 21 90 32 44 98 91 35 64 5 68 14 35 11 97 84 9 23 25 68 1 35 86 7 72 20 59 95 33 90 95 82 53 39 16 12 85 34 53 93 60 99 88 95 10 21 58 62 89 16 68 68 95 65 66 7 97 31 14 9 63 51 99 8 63 53 58 86 14 32 21 54 0 52 58 63 31 31 39 93 31 63 3 98 89 89 3 46 65 61 91 94 29 68 34 82 31 61 53 69 74 17 47 49 4 25 64 95 97 37 3 84 71 42 20 49 54 40 95 28 91 65 7 91 45 29 90 96 33 58 41 70 5 63 2 24 40 72 56 23 1 24 63 16 94 99 41 74 30 96 56 33 60 37 49 60 50 74 41 88 26 36 30 17 76 91 79 24 21 50 91 38 94 86 55 45 91 8 95 16 13 90 56 11 10 32 11 52 12 91 48 95 73 
91 67 97 82 6 58 39 70 84 29 21 60 68 99 98 2 83 46 40 32 67 81 57 52 70 51 11 60 17 58 4 87 47 33 23 79 94 35 33 87 93 98 43 7 34 71 11 76 94 94 70 6 85 7 37 43 72 34 6 53 70 41 69 23 60 48 30 20 25 62 45 52 28 97 1 76 61 62 29 76 19 42 21 19 26 64 59 49 24 60 25 8 51 47 54 49 91 68 43 52 50 79 84 90 11 28 47 98 39 21 68 74 61 31 29 16 45 31 5 89 11 65 51 39 81 85 64 9 90 49 81 83 0 73 70 5 93 29 24 69 45 80 19 55 59 6 24 67 86 75 96 16 17 56 57 56 22 15 43 60 82 54 49 50 29 57 94 7 22 41 33 10 4 95 15 14 19 76 91 75 36 85 31 68 59 11 71 63 92 17 10 73 20 81 79 16 32 63 24 90 
82 7 33 40 87 2 96 59 8 28 9 33 37 1 11 60 51 40 12 54 53 23 26 24 22 64 94 41 89 39 33 57 52 45 4 35 81 96 73 42 62 45 76 99 44 83 15 84 75 60 60 91 19 52 22 6 74 72 39 13 64 57 37 57 51 37 56 72 60 91 34 60 17 50 84 92 93 10 93 77 9 23 48 29 85 45 7 22 90 49 49 81 69 72 23 17 52 5 15 17 43 49 8 20 37 36 14 89 4 83 37 22 99 84 68 85 63 26 96 52 24 70 53 20 64 61 88 5 36 71 69 69 98 59 95 79 54 31 74 33 45 23 16 11 92 5 71 66 77 75 10 89 86 49 2 71 57 20 67 73 15 28 31 17 9 57 38 32 69 67 91 60 1 67 34 16 27 76 94 80 71 24 13 36 94 36 37 32 76 33 37 82 29 7 69 15 44 2 86 87 
76 12 53 66 70 42 38 22 82 66 36 91 69 56 40 9 27 84 57 34 62 68 50 3 55 42 74 10 51 8 31 68 4 37 74 44 69 95 17 57 32 7 86 32 43 77 3 1 61 49 19 30 1 48 97 52 99 35 62 79 94 37 35 40 82 83 84 81 62 89 66 23 49 71 20 22 85 13 20 14 8 90 3 38 2 47 42 94 35 91 11 56 53 42 5 46 36 30 11 25 62 77 22 42 41 65 41 82 31 73 80 3 12 5 12 73 86 95 95 32 1 54 46 44 92 59 51 74 60 22 4 85 31 31 93 41 44 34 9 55 1 88 86 25 13 24 43 71 87 73 65 86 3 36 94 32 55 79 94 93 44 79 2 68 47 43 62 60 62 59 73 17 0 44 76 86 87 16 79 73 59 48 43 53 7 16 65 78 3 48 61 46 46 52 6 38 37 25 89 84 
99 21 77 36 42 75 62 5 74 21 65 38 5 10 54 4 19 51 27 97 10 60 17 89 21 67 68 56 76 4 71 12 56 43 16 77 64 74 1 42 79 47 0 58 4 65 69 95 6 26 9 1 38 0 73 90 25 50 67 13 90 70 16 17 99 80 15 31 83 17 21 6 72 69 73 89 94 42 30 55 68 99 95 95 89 4 42 30 46 62 72 89 18 89 99 85 29 91 18 50 93 0 89 80 58 72 36 76 86 53 53 58 69 66 60 14 25 63 47 32 67 70 10 0 84 86 45 14 79 73 27 19 80 39 82 28 74 40 24 30 44 66 95 59 9 57 1 18 12 19 85 65 10 12 66 83 24 72 77 48 43 58 41 45 3 37 51 91 18 25 34 88 16 69 56 23 84 6 41 68 76 34 60 8 26 58 12 41 94 45 0 5 87 82 6 64 10 83 21 56 
60 87 85 81 62 1 71 60 22 51 29 78 84 57 83 53 96 17 15 71 30 19 22 19 5 85 35 12 92 53 87 19 99 50 90 5 26 87 21 89 55 66 32 31 88 92 39 4 70 37 31 96 48 31 58 34 27 74 91 82 95 43 90 89 30 13 80 12 36 76 94 78 39 91 47 32 24 59 19 10 29 30 5 68 52 5 33 36 44 94 31 61 10 1 42 21 87 9 48 55 64 97 12 4 70 12 94 55 40 2 24 94 85 48 41 3 90 17 42 27 48 93 2 2 45 62 62 79 33 74 45 77 39 73 82 90 73 40 12 59 68 80 61 97 87 14 34 74 94 27 58 50 30 91 77 80 24 48 46 40 28 16 9 19 63 75 74 1 70 98 2 41 92 42 11 65 9 17 69 20 13 86 92 30 16 8 15 71 51 65 28 58 32 75 1 79 93 94 73 83 
87 39 55 51 72 24 93 28 97 53 54 5 41 95 29 98 61 67 5 75 51 42 13 68 41 30 47 55 34 43 34 26 42 91 52 8 24 78 41 90 25 86 55 90 60 42 64 2 85 30 87 21 22 26 56 79 79 67 55 39 4 86 53 66 25 50 96 85 41 80 52 65 71 16 31 62 28 71 98 30 77 59 96 0 21 87 43 81 2 68 60 13 9 75 4 45 22 11 52 24 33 89 40 19 73 46 60 69 91 74 3 87 55 91 57 64 81 75 38 73 2 89 91 59 64 13 29 93 87 47 72 88 25 18 21 23 37 50 15 92 40 66 62 52 36 26 49 62 20 99 46 35 67 56 96 52 36 94 12 41 35 95 99 5 62 71 86 94 70 38 23 66 50 80 96 82 40 39 13 1 4 19 79 92 86 96 50 61 75 60 82 6 18 60 1 0 98 64 68 63 
40 23 73 95 11 40 36 47 16 72 44 17 79 15 88 43 45 40 49 85 12 76 71 11 84 57 35 56 7 5 71 2 19 20 4 72 30 18 19 29 78 39 63 75 47 19 66 37 30 57 82 48 95 57 86 28 81 33 85 85 12 54 10 32 7 51 21 87 27 42 88 20 8 21 14 70 50 50 48 28 91 83 65 39 52 77 7 37 57 3 22 59 16 54 5 47 40 2 79 27 42 56 96 90 84 37 64 86 86 81 39 90 46 94 97 40 63 22 60 31 56 24 43 83 5 74 49 25 82 35 27 69 91 95 67 21 20 45 6 76 98 72 22 66 45 65 7 62 20 38 2 17 58 84 4 85 82 66 46 86 1 75 5 55 10 12 68 8 27 68 55 15 46 67 54 85 2 10 78 74 67 19 72 8 7 79 12 23 63 34 3 25 93 57 76 88 19 47 71 88 
80 1 84 75 6 66 95 50 32 47 87 46 96 82 48 66 11 69 39 83 84 69 5 54 91 48 25 32 15 92 58 44 89 9 92 24 34 52 48 41 47 61 66 37 15 62 78 98 47 89 42 12 25 53 7 25 53 51 99 12 48 58 82 72 29 28 64 23 6 99 25 87 91 8 70 71 13 17 23 17 53 77 73 55 18 80 42 39 76 44 31 15 47 47 74 77 40 93 15 95 42 97 12 91 43 15 79 33 96 53 47 89 71 35 71 46 43 35 46 39 21 1 80 58 61 41 36 78 94 82 78 25 82 23 30 69 14 12 66 34 18 67 57 85 39 8 1 19 96 58 66 13 78 70 63 79 84 13 8 67 63 69 81 91 79 8 82 17 77 29 91 14 81 7 66 89 95 7 50 34 90 4 87 30 9 5 20 88 62 55 43 88 83 3 7 36 35 38 6 40 
73 3 73 78 39 73 61 65 73 82 31 46 15 87 68 33 1 89 14 49 53 78 33 58 90 0 97 61 35 47 82 21 42 6 21 53 26 20 71 22 79 83 48 35 16 33 46 78 77 81 1 88 35 80 41 40 21 48 82 64 80 28 99 24 24 46 3 31 60 58 31 44 12 67 92 49 18 27 28 34 27 6 26 63 31 11 39 10 42 35 51 68 84 89 17 54 92 66 74 1 40 45 82 61 72 90 84 93 96 73 27 11 38 28 25 57 49 76 9 21 18 88 51 61 49 62 7 30 12 84 50 42 78 30 44 83 59 16 95 34 69 95 2 4 62 47 58 15 44 99 69 36 50 36 51 92 53 95 10 17 21 14 4 62 42 45 4 29 37 41 25 0 47 0 14 78 51 30 75 44 22 56 47 31 0 47 79 35 26 23 9 85 88 13 64 1 8 77 95 32 
70 64 32 83 81 85 35 15 57 18 51 12 2 10 12 95 66 21 86 65 15 71 97 24 47 36 17 24 72 36 88 67 86 58 94 0 6 66 8 6 96 88 52 15 88 47 71 59 42 97 80 43 12 47 37 29 64 13 72 58 46 44 96 22 81 63 15 99 12 79 86 56 16 82 30 78 33 33 9 99 58 85 63 99 61 79 2 77 2 38 64 24 54 50 38 29 83 55 24 54 30 12 60 43 66 48 71 20 35 93 82 72 5 95 20 88 22 83 72 55 61 81 86 73 72 18 75 1 16 82 5 67 12 73 31 29 92 8 72 22 11 3 53 9 75 44 38 27 67 94 98 95 0 8 54 81 92 36 74 93 41 59 1 69 54 57 38 86 39 48 0 58 61 90 27 22 28 48 15 27 88 34 8 6 85 27 71 56 87 75 44 69 80 40 44 21 40 13 30 92 
20 26 0 66 66 71 15 67 20 63 83 28 57 9 72 43 7 80 69 99 11 60 33 78 91 79 28 41 66 9 94 45 77 36 55 78 88 15 38 13 39 44 27 98 94 48 95 6 62 82 38 5 70 3 64 7 60 37 62 79 45 65 59 81 20 43 59 20 73 44 88 3 41 21 23 34 71 98 64 39 6 12 19 98 82 4 2 92 77 9 89 79 3 89 61 18 23 78 36 46 15 31 32 98 14 56 6 91 41 29 97 31 32 23 83 31 17 79 82 46 60 93 35 44 85 40 11 18 28 15 3 8 60 39 78 29 74 18 65 57 70 91 94 49 94 39 55 83 93 0 17 60 31 59 20 42 84 99 26 53 6 92 96 80 62 82 75 44 9 74 15 45 43 93 92 6 17 15 86 30 12 58 59 2 5 44 89 65 42 2 29 73 97 86 10 36 35 26 11 35 
3 34 29 30 93 27 3 92 53 81 50 40 21 30 99 20 66 56 42 6 49 33 21 76 4 9 98 43 98 28 49 39 37 4 70 16 34 41 78 41 91 35 43 78 84 48 37 39 30 75 70 80 43 32 6 1 29 13 71 98 59 60 26 35 61 33 91 0 32 35 46 1 49 78 22 72 17 28 82 31 77 13 22 99 82 59 31 69 43 81 62 88 6 82 54 51 89 69 36 9 66 92 70 94 13 14 99 40 48 74 82 74 23 21 37 3 69 93 84 75 46 71 62 65 43 41 16 56 99 32 40 63 96 53 27 58 97 83 45 0 89 41 56 30 80 20 12 29 55 99 58 95 70 41 20 78 90 38 4 33 73 10 27 79 1 78 64 41 55 29 85 27 68 74 69 70 24 66 2 40 46 65 57 81 48 20 8 65 47 26 51 74 86 26 14 0 75 79 2 65 
98 99 38 93 61 1 56 42 35 55 16 93 57 27 88 66 78 72 89 96 66 74 33 88 49 14 9 66 25 20 73 72 73 10 13 67 92 74 94 75 21 83 58 7 88 44 0 25 89 32 84 3 79 13 93 86 4 0 40 9 43 52 12 41 62 82 74 40 69 93 35 8 91 13 19 30 55 30 52 78 78 6 36 45 71 54 56 0 26 20 61 58 37 17 95 65 76 71 12 5 17 13 70 90 51 18 16 38 90 79 41 94 71 68 14 6 36 60 81 34 55 80 87 36 27 1 76 51 59 69 39 44 38 12 63 83 43 71 56 68 74 12 39 80 97 95 77 2 56 84 5 73 63 87 84 96 86 85 44 79 87 39 29 3 90 84 23 61 37 45 36 19 65 65 89 92 81 35 42 78 25 66 39 80 54 84 81 80 0 32 34 77 68 46 39 58 7 10 62 7 
39 87 79 52 12 29 80 31 82 3 81 5 89 30 65 60 68 52 25 66 38 60 84 86 78 26 24 7 43 57 99 54 83 80 62 85 7 50 3 8 55 57 93 47 74 88 8 68 5 75 92 22 21 39 74 89 58 19 93 84 32 51 99 73 75 75 25 4 95 22 27 47 58 51 30 33 90 3 66 64 2 41 16 11 79 94 93 83 10 97 13 13 24 94 62 16 46 25 23 21 30 62 59 81 46 10 74 85 60 93 79 24 57 69 15 56 30 33 69 38 39 8 74 12 18 83 63 84 64 58 44 38 90 42 48 57 39 34 90 54 91 96 58 1 39 57 69 16 72 20 37 8 86 63 24 31 30 98 86 16 61 34 61 93 61 18 49 31 57 87 77 85 9 1 92 94 45 63 51 0 19 71 42 89 81 83 68 77 87 7 56 32 1 16 74 14 85 97 27 71 
84 72 81 84 81 19 40 43 5 24 52 54 1 89 63 55 29 20 70 91 7 30 69 64 84 6 70 55 81 44 86 94 72 95 78 86 31 16 39 5 85 72 25 50 96 63 29 92 31 98 81 68 81 38 32 89 2 42 66 38 85 7 1 23 5 30 33 56 27 38 29 43 12 14 78 50 99 1 35 0 50 12 46 36 22 61 22 94 19 29 30 74 16 90 92 63 63 58 2 49 53 90 93 1 45 60 78 52 54 35 54 17 53 92 33 51 88 9 26 80 95 79 57 40 76 13 53 24 62 59 32 85 46 60 56 68 14 52 14 75 17 77 66 33 70 4 32 98 88 14 73 21 90 4 31 3 80 52 82 4 14 84 91 12 20 60 13 10 10 7 65 4 64 62 22 79 64 85 62 84 46 66 95 43 29 87 29 27 96 34 51 71 68 91 77 71 8 50 37 6 
57 77 4 18 19 48 18 64 31 75 25 85 35 68 67 78 34 81 19 40 37 76 9 8 98 34 4 33 90 13 39 9 79 14 27 21 54 73 56 79 63 81 22 2 45 11 5 5 31 10 56 95 65 10 11 43 82 42 84 30 63 50 4 57 32 9 85 49 57 66 41 20 88 85 4 30 45 8 99 12 6 66 21 7 61 92 54 12 30 47 82 55 73 17 27 93 4 91 86 99 65 74 92 99 30 1 83 25 24 91 78 35 81 77 54 53 53 30 38 35 84 48 21 95 82 22 41 10 15 24 0 94 96 99 31 41 81 14 97 8 17 44 81 54 10 43 81 3 18 15 74 5 83 83 50 66 65 93 54 6 85 8 16 86 19 27 22 9 65 48 36 90 7 38 18 26 11 63 25 59 82 64 47 62 34 90 5 81 81 45 13 31 98 11 17 56 19 31 34 20 
3 27 84 15 96 67 41 55 35 78 60 49 18 41 48 56 75 14 17 11 40 11 75 9 39 9 72 79 26 39 83 92 17 78 82 52 99 37 43 51 66 96 23 59 87 34 74 85 9 3 3 56 97 79 3 75 90 9 48 59 26 63 16 31 92 67 61 32 48 81 24 76 20 93 69 75 60 83 33 56 8 69 42 44 92 89 66 45 68 92 63 93 45 71 30 49 17 28 11 79 54 50 91 65 77 84 15 45 24 48 4 54 72 36 99 0 81 37 75 43 18 74 93 8 33 46 56 68 6 30 9 17 51 14 24 35 17 55 0 71 85 40 39 74 69 55 66 75 32 67 83 42 22 7 43 24 49 97 3 94 13 16 25 59 82 96 81 76 88 24 21 91 62 24 35 28 99 87 58 50 1 46 14 88 90 79 1 58 73 48 18 7 84 96 55 84 39 71 55 63 
34 16 65 68 91 88 60 32 62 28 47 96 20 27 35 12 69 49 86 20 97 79 90 97 5 16 15 97 3 4 85 9 99 91 77 27 56 4 89 87 86 10 98 85 41 50 18 47 66 46 35 17 97 54 15 38 19 61 80 97 60 43 45 8 92 12 25 87 57 27 39 68 4 32 63 45 32 75 45 47 91 2 15 78 97 24 96 41 74 16 82 12 55 23 19 67 55 13 68 96 42 7 65 95 10 68 85 5 6 45 69 39 87 17 11 37 69 63 77 71 82 70 46 30 76 70 36 2 61 28 22 94 11 70 0 37 66 24 69 16 61 62 21 28 58 63 3 13 5 93 12 95 87 50 16 72 64 22 92 10 51 66 29 22 8 5 48 33 66 13 39 26 78 76 66 65 12 79 26 27 41 59 54 97 65 18 99 49 37 76 26 94 63 67 19 75 65 80 88 75 
68 47 9 48 86 60 19 46 53 79 40 21 97 60 6 5 24 8 20 1 33 80 19 42 3 11 80 50 58 54 73 96 30 10 22 17 27 38 94 11 85 73 62 73 78 46 74 60 40 54 34 97 38 70 58 15 6 13 25 65 48 5 62 7 78 57 8 33 31 53 16 13 45 14 0 51 66 19 70 9 85 93 50 68 86 65 72 56 39 59 57 38 45 27 23 96 99 77 88 57 73 7 16 47 31 22 17 17 62 72 51 17 31 36 99 70 28 7 96 81 40 35 1 49 7 5 98 68 48 98 41 12 8 14 66 90 80 84 38 65 51 13 77 22 51 93 74 92 96 90 71 22 40 2 77 32 40 11 69 98 15 48 36 14 46 79 16 60 24 29 7 47 95 6 15 79 47 46 23 12 37 95 49 88 39 52 92 93 2 65 56 46 51 27 0 76 10 26 47 87 
64 54 95 77 12 35 78 13 21 12 49 77 17 22 53 66 69 84 11 92 63 10 92 12 8 71 82 36 36 99 58 51 26 89 94 1 61 99 81 2 75 79 16 88 47 58 48 53 58 0 57 51 13 11 13 13 38 19 25 33 80 93 15 34 44 2 25 87 22 91 49 96 11 71 46 11 23 77 37 28 38 34 11 24 19 48 62 4 21 80 94 92 10 94 26 38 45 3 96 69 22 19 45 62 91 48 12 73 89 37 69 75 69 95 8 22 69 25 59 58 78 98 45 7 78 36 8 7 56 30 38 73 39 11 10 41 85 73 85 31 38 19 27 62 11 27 77 90 95 30 30 54 51 25 89 29 52 76 53 59 39 97 8 22 64 83 56 19 52 47 87 31 44 55 8 34 25 9 38 95 81 39 41 84 89 9 31 38 49 58 88 32 17 18 21 1 5 2 2 64 
92 74 70 55 32 65 43 78 69 91 98 1 27 11 64 20 4 5 66 79 99 41 54 33 50 10 14 84 86 26 8 50 64 58 71 7 74 20 9 62 32 59 58 0 13 95 48 79 77 6 11 87 83 43 26 55 62 60 15 82 11 25 43 99 30 43 90 21 95 13 22 31 7 2 41 81 3 95 80 20 46 72 9 95 34 66 61 97 73 30 11 60 5 64 83 10 17 8 78 95 97 88 69 8 12 80 28 91 9 95 57 15 25 67 93 93 94 63 15 3 39 10 10 16 34 54 76 96 18 34 48 85 34 45 83 61 5 89 58 43 60 71 83 49 20 91 19 71 93 78 91 33 48 97 13 73 51 65 45 43 87 9 3 9 40 36 99 3 37 92 60 3 98 82 97 81 5 15 2 13 73 70 61 20 84 27 44 83 61 83 54 21 49 53 0 81 69 29 30 25 
27 27 86 9 84 77 88 19 87 12 78 61 28 89 74 47 67 36 86 27 78 49 8 42 28 58 90 77 88 51 59 63 93 96 47 21 27 88 43 79 70 27 12 89 65 1 54 34 82 63 76 80 4 55 51 29 76 19 82 31 77 11 15 98 86 76 75 93 81 3 63 26 58 70 88 96 8 95 96 22 75 18 45 46 17 81 34 82 82 34 40 9 67 41 30 53 54 79 32 11 56 94 20 99 86 25 50 79 29 43 37 90 31 47 78 22 51 95 85 81 96 37 83 70 8 57 43 0 45 16 63 55 39 53 61 51 92 46 64 93 83 73 21 31 63 99 87 35 84 80 6 87 4 33 27 35 63 31 71 87 39 73 11 27 65 27 38 45 44 87 57 90 8 64 67 15 18 94 39 5 46 45 67 99 24 62 74 87 40 18 1 39 84 4 1 1 24 49 80 57 
72 73 75 50 24 17 99 24 7 19 95 49 80 46 52 33 70 99 17 2 3 27 62 63 88 66 60 36 83 3 23 71 9 36 58 14 97 85 50 85 8 36 34 9 46 99 82 13 93 62 75 84 60 90 57 8 99 19 26 61 94 29 42 56 87 4 4 85 12 74 60 71 32 35 65 28 52 32 21 12 37 97 22 2 4 87 63 32 90 26 39 91 89 18 86 83 70 81 62 92 37 8 44 29 86 85 51 35 58 32 36 78 49 93 90 15 41 90 0 9 71 21 89 42 84 16 78 45 19 70 15 61 52 69 23 23 80 86 13 60 36 37 7 69 43 38 4 47 28 86 55 23 15 6 93 90 11 53 51 68 28 12 28 14 58 87 24 58 53 42 62 26 42 5 51 23 94 59 76 51 6 17 64 68 95 86 25 40 82 14 9 2 27 87 28 31 97 15 52 84 
77 60 3 85 80 13 28 59 14 18 77 2 25 13 64 18 17 73 49 55 61 71 31 99 38 7 65 22 67 25 14 32 92 85 60 82 39 24 2 2 43 81 68 44 59 87 71 93 19 43 21 64 93 79 1 25 55 24 43 25 78 41 63 7 34 66 52 24 85 60 12 58 89 49 68 78 90 74 36 51 4 79 20 85 36 84 49 94 0 89 95 40 92 75 55 63 40 49 84 16 71 19 6 13 93 62 22 67 24 64 56 70 39 35 46 4 67 48 72 93 31 96 9 93 84 58 89 27 8 90 55 52 66 62 5 95 25 28 93 35 40 63 99 2 62 29 28 33 47 24 81 59 3 67 96 42 77 40 38 43 43 79 22 58 16 97 5 75 58 90 74 71 73 32 8 9 36 54 18 42 46 12 58 3 68 35 93 70 13 27 13 64 10 74 96 90 55 88 73 41 
97 65 13 86 37 51 31 69 29 37 55 65 22 4 23 17 14 31 59 54 15 40 35 53 39 40 14 58 97 51 53 21 40 70 13 60 63 88 61 33 5 12 72 34 14 7 41 2 25 93 79 69 87 58 99 18 95 41 72 8 4 89 63 24 93 58 39 94 63 31 62 34 60 9 92 35 41 86 16 36 21 91 60 83 49 11 6 84 43 81 85 43 23 23 25 1 86 88 10 54 65 83 37 14 26 2 28 90 9 89 91 49 82 2 67 25 5 81 64 46 10 64 98 64 46 65 3 52 21 19 3 2 81 74 35 96 95 29 51 78 1 20 18 9 24 38 24 85 7 5 24 48 23 97 74 30 85 75 38 50 29 82 53 58 3 82 39 77 95 34 22 72 85 31 91 95 31 47 74 85 87 39 74 47 44 29 38 97 96 1 9 49 5 10 17 41 8 39 78 3 
