50 61 59 86 77 70 10 55 81 27 84 51 7 37 25 62 59 37 9 48 93 1 28 22 83 19 40 25 49 50 51 69 33 39 25 92 99 73 44 81 67 32 72 19 38 15 98 33 47 90 19 4 79 47 42 46 18 75 46 29 83 12 33 75 62 72 2 44 26 88 28 46 42 58 42 91 47 32 70 64 1 82 89 9 52 61 97 53 11 57 78 79 84 56 73 9 23 0 22 64 44 99 92 45 10 81 14 98 57 74 72 60 74 20 10 67 62 91 76 74 48 63 36 45 51 82 39 64 31 71 78 2 95 82 44 86 7 21 64 5 10 14 73 68 15 85 7 75 3 69 40 58 83 58 39 50 64 38 5 75 34 28 86 6 65 60 97 54 69 93 58 67 93 47 84 80 34 25 88 60 57 46 56 95 66 82 99 51 19 27 52 59 44 93 18 46 28 15 39 79 64 22 23 36 42 19 90 1 49 28 88 42 19 63 97 87 83 43 90 27 28 43 34 7 9 16 68 60 3 45 29 4 24 1 73 56 77 64 51 46 2 82 32 6 33 44 46 17 80 49 1 22 51 92 83 91 5 90 95 43 58 35 35 14 49 24 12 72 34 35 98 7 39 10 3 26 59 37 24 42 75 47 87 76 64 71 99 59 13 7 73 88 9 25 3 7 35 87 6 83 98 4 71 25 71 9 74 77 73 6 95 33 47 22 54 54 95 96 61 40 39 99 38 46 92 70 78 94 47 96 72 22 99 63 51 14 38 43 76 56 31 2 26 38 8 26 34 87 49 71 85 5 92 29 51 65 55 19 87 27 47 53 25 79 54 60 94 5 47 48 30 61 41 31 30 86 37 15 52 28 48 83 96 6 13 2 60 21 62 69 60 7 28 68 30 44 27 58 28 67 
8 28 47 47 59 51 58 12 80 17 20 95 33 41 62 36 76 58 4 19 61 38 33 77 87 83 14 29 99 78 19 86 92 23 96 99 89 71 35 0 12 59 77 2 93 42 86 70 19 5 84 22 12 94 55 25 46 79 27 13 64 56 14 25 71 44 73 95 51 22 92 10 42 6 16 57 94 64 49 92 44 55 88 59 63 99 78 52 99 39 73 31 68 52 63 57 82 4 57 45 50 58 70 51 44 30 56 58 58 79 6 99 25 92 90 48 39 60 93 37 37 53 53 18 70 42 54 32 27 55 25 49 0 13 16 70 91 67 74 39 52 73 18 30 29 31 33 43 50 76 37 0 79 43 87 67 45 93 89 84 7 17 8 5 38 12 51 63 87 93 69 23 59 20 20 5 55 29 39 20 54 96 81 46 51 34 86 68 87 55 37 85 58 77 95 39 45 31 71 39 40 51 66 31 13 81 21 89 73 78 29 17 25 56 78 49 72 58 87 5 67 30 81 22 45 65 97 3 88 66 43 81 19 59 13 10 61 4 5 57 14 6 74 36 53 47 80 40 94 47 49 88 41 10 38 27 34 75 87 79 46 69 44 54 58 31 81 68 99 89 95 93 10 8 43 41 76 79 86 48 37 68 57 59 17 41 71 40 55 72 25 9 49 39 25 96 95 24 67 46 43 24 23 65 57 54 55 18 48 14 32 23 17 31 18 85 79 50 82 50 70 28 94 32 76 1 75 29 92 26 22 38 85 12 27 82 51 14 27 21 72 33 63 24 86 42 65 63 63 20 43 56 77 46 71 81 54 31 93 17 87 0 59 43 69 50 20 31 20 61 26 97 68 40 63 20 24 46 86 83 57 88 39 34 35 36 87 47 61 57 84 34 75 8 45 78 23 50 21 13 
93 7 17 55 36 91 59 57 48 27 60 99 93 78 62 72 71 8 66 22 20 27 28 2 88 84 37 97 55 76 56 2 60 95 16 62 92 58 84 97 68 0 60 59 87 66 71 71 11 11 90 55 75 76 12 84 21 97 18 75 90 16 61 24 82 79 34 50 68 72 9 44 97 23 77 2 40 11 43 42 14 65 61 56 14 94 29 93 36 87 29 20 66 41 77 11 48 41 68 43 48 46 19 12 16 18 32 0 30 67 85 42 68 53 75 68 9 87 46 48 96 97 98 65 72 45 20 41 48 74 77 66 92 16 66 63 99 14 32 85 22 32 18 70 97 5 17 56 17 16 40 49 57 73 48 73 13 38 45 4 72 2 42 30 48 2 13 37 24 43 78 50 29 95 70 38 89 11 99 50 72 96 26 40 47 29 56 68 43 85 49 36 6 21 66 80 77 12 28 80 29 68 26 50 9 32 72 38 64 36 52 9 95 61 93 46 90 86 57 3 64 70 3 15 4 62 82 54 89 73 25 90 92 63 23 33 8 3 0 71 74 80 69 17 55 97 40 30 43 64 12 57 59 32 20 67 17 63 5 18 77 98 49 7 16 34 41 44 53 23 35 84 40 47 97 55 34 13 36 9 92 23 36 70 63 96 15 91 64 58 48 68 82 55 63 45 40 90 42 22 47 61 1 70 76 9 41 98 66 1 93 1 62 90 70 15 58 7 17 72 95 92 11 90 62 96 97 70 70 11 11 35 20 69 25 95 99 77 64 50 65 41 98 12 38 30 46 55 43 59 26 33 93 41 53 6 23 61 55 89 73 13 27 75 39 55 12 9 26 96 87 8 29 33 8 22 38 44 19 82 98 4 13 10 70 20 87 92 88 77 54 87 85 83 88 3 96 79 74 72 
35 82 22 99 5 28 26 17 48 1 2 84 19 12 63 52 10 79 88 86 24 90 78 27 42 43 86 2 27 88 25 86 76 55 0 11 52 67 57 39 18 12 30 10 50 41 27 85 89 40 53 62 89 98 90 85 8 83 2 85 52 16 28 1 91 71 81 92 52 42 84 32 66 52 64 3 19 33 70 15 87 92 34 79 82 86 22 13 84 68 44 27 71 81 81 77 94 85 83 19 28 65 28 22 71 0 23 36 70 50 95 90 49 95 42 30 55 62 88 44 32 62 7 28 36 24 57 84 92 62 43 0 24 68 53 47 80 41 80 7 27 77 11 5 81 80 81 34 40 81 33 85 17 32 43 88 48 69 71 8 29 66 60 33 96 34 62 22 75 95 2 47 31 13 69 64 60 81 8 71 21 24 84 60 67 52 34 64 53 63 76 8 81 65 88 80 20 5 64 72 99 50 78 77 72 84 62 51 95 32 75 17 94 88 35 98 79 60 78 11 16 72 67 25 84 63 39 64 16 3 78 4 64 34 56 47 55 96 22 95 88 6 21 45 75 91 94 46 43 69 67 77 86 14 81 10 82 67 14 69 56 73 29 34 78 74 39 72 37 78 88 3 49 79 43 18 24 37 6 24 21 27 86 39 21 94 61 23 75 91 41 76 29 78 16 54 85 4 56 56 16 46 73 59 80 31 64 97 22 84 55 33 36 81 6 0 3 36 92 72 71 77 3 92 1 4 12 5 93 26 90 72 50 68 64 60 51 9 29 68 59 43 4 16 47 89 28 60 90 19 62 10 70 46 40 86 25 21 64 38 6 76 54 79 69 31 58 45 65 67 42 17 81 9 18 65 8 5 36 48 24 41 38 0 8 49 86 20 2 18 93 14 65 0 47 37 27 77 55 2 
21 59 94 88 10 99 72 81 42 90 45 19 32 52 93 51 85 44 27 20 46 39 95 39 40 73 58 66 87 32 30 59 21 74 37 51 56 53 83 7 37 40 56 21 18 57 38 13 2 57 11 42 59 48 5 67 68 10 3 15 65 45 35 61 32 44 81 76 73 22 70 3 45 55 64 2 5 80 94 52 57 17 7 96 51 93 32 26 86 96 53 91 25 16 59 59 82 96 55 58 67 88 34 37 50 3 50 35 67 97 56 12 80 56 42 96 88 45 59 58 28 19 73 99 47 96 2 54 3 0 18 86 93 9 43 90 72 91 58 88 23 71 57 11 33 78 70 77 81 25 79 81 60 35 46 6 23 95 67 85 91 26 47 47 86 2 40 53 59 60 19 23 9 20 41 83 14 87 96 72 90 9 87 95 17 71 17 36 1 71 67 76 74 47 81 53 32 71 14 63 27 90 53 66 78 46 23 3 50 58 22 76 27 61 24 6 94 25 21 13 37 5 21 59 13 75 14 45 66 36 20 66 56 29 9 0 96 6 59 96 0 5 36 77 48 61 70 4 57 63 83 54 75 61 58 79 66 53 98 94 4 73 27 24 62 60 59 9 12 7 15 25 90 74 54 91 29 44 8 84 69 54 18 2 39 26 78 23 26 35 11 96 78 9 6 41 90 41 26 34 26 47 60 2 79 49 78 31 94 32 35 59 58 6 68 98 2 6 88 59 18 71 82 43 4 61 74 32 82 94 31 78 87 8 41 52 55 88 39 68 47 99 18 16 52 94 26 8 18 59 36 32 96 18 37 92 42 61 19 57 52 80 18 73 89 92 76 73 10 78 19 7 44 74 66 87 43 64 14 30 61 62 15 65 50 36 24 54 9 33 68 88 6 31 81 12 46 85 25 80 
96 14 98 75 21 36 94 84 23 98 80 20 81 83 21 94 34 85 47 9 63 81 57 10 54 15 83 50 16 31 21 26 1 61 42 28 99 55 91 96 84 49 55 28 84 6 90 96 2 32 69 94 49 68 32 81 35 99 34 35 81 24 8 17 13 19 40 54 44 81 56 58 14 5 68 4 84 35 32 98 5 79 74 8 60 39 6 12 56 92 7 48 95 79 65 32 81 24 43 66 73 91 26 47 6 58 35 56 51 93 2 0 26 96 43 48 70 62 42 16 23 70 29 24 36 63 80 27 23 83 20 39 55 77 45 85 10 67 63 18 32 25 58 51 19 92 40 32 37 25 1 59 39 13 89 99 27 29 87 75 88 6 70 77 36 19 0 78 47 34 16 56 27 63 32 42 31 78 92 82 67 32 26 80 40 5 94 34 40 53 52 87 61 71 79 77 14 17 16 2 6 57 51 29 16 55 33 9 10 36 12 41 82 10 27 0 62 30 13 20 63 26 19 91 52 27 23 66 36 22 92 83 1 41 12 26 27 40 9 36 36 16 75 50 85 5 92 14 37 43 69 41 0 30 9 24 43 62 71 32 62 75 73 91 18 93 70 94 72 8 47 80 89 72 10 12 31 83 51 30 1 5 11 9 71 31 13 1 13 63 83 55 71 68 2 6 39 91 18 77 79 33 44 48 13 94 36 87 54 29 69 68 86 44 47 1 44 82 96 82 37 24 6 16 89 45 72 86 46 81 7 79 24 48 67 21 53 42 34 36 5 15 57 93 20 92 4 52 3 23 34 72 29 3 81 18 59 74 43 37 86 81 14 69 67 65 97 93 83 14 4 10 52 0 64 16 4 17 3 90 48 46 70 22 28 1 71 62 5 70 86 38 39 9 3 74 80 24 50 70 
80 9 73 25 75 61 81 89 64 90 55 44 96 31 29 24 78 86 65 43 67 75 78 86 49 21 29 50 88 44 49 36 53 62 22 21 74 99 38 45 61 84 29 33 9 41 38 54 83 62 7 17 33 43 2 48 60 79 8 82 93 35 63 85 4 46 26 3 62 28 39 63 92 47 16 38 33 97 34 61 51 68 0 68 76 87 19 44 16 10 9 49 21 59 95 59 75 5 50 38 1 88 65 95 12 23 33 69 66 3 25 40 86 17 36 77 82 70 28 98 93 13 28 23 38 97 25 74 68 83 81 50 68 69 68 10 48 32 20 32 50 51 62 0 24 89 0 83 88 46 66 19 63 57 84 9 66 84 43 60 21 63 32 28 59 50 7 51 58 57 40 91 47 85 69 92 37 0 0 90 11 81 16 90 2 82 86 34 3 42 43 91 37 62 38 23 83 58 83 10 29 60 49 8 99 36 80 12 57 38 99 95 17 68 99 40 46 27 34 26 35 77 25 54 47 5 28 11 62 78 39 20 84 63 92 5 97 90 64 68 53 59 86 21 92 51 75 7 36 6 51 2 61 18 34 46 89 46 86 33 74 82 88 28 77 31 73 33 80 17 35 81 91 22 9 56 98 90 47 46 6 65 85 45 61 45 18 74 26 81 51 56 73 89 21 22 27 95 16 5 74 6 49 82 36 56 3 17 17 5 92 50 93 89 9 31 67 26 36 58 22 76 24 40 97 45 99 74 54 29 39 24 14 0 98 11 53 29 96 43 11 95 25 29 66 66 87 28 90 13 16 98 77 29 60 78 69 44 62 29 42 67 85 94 56 33 49 25 36 41 5 74 62 85 71 2 92 20 2 73 29 13 68 71 83 46 40 21 89 71 53 46 39 86 84 11 68 51 46 55 
51 0 74 75 61 83 29 33 34 79 67 89 89 19 33 96 5 1 0 81 45 26 57 62 61 66 24 68 2 59 38 77 89 45 34 73 84 85 36 30 26 2 81 33 67 11 34 6 69 34 35 35 4 97 65 24 25 87 55 80 27 13 81 48 77 57 42 92 59 7 40 82 99 94 5 20 35 89 97 80 0 95 29 49 48 96 46 92 41 69 78 32 25 21 6 99 9 16 45 12 26 48 60 53 81 23 19 30 21 5 54 38 90 66 27 90 44 14 71 70 90 99 88 62 93 47 18 74 76 74 48 82 41 66 89 85 67 29 98 35 62 30 50 48 32 1 61 83 41 0 89 7 17 34 34 76 48 6 28 65 66 51 79 73 44 99 62 36 87 20 2 36 48 58 65 23 12 22 54 82 33 90 56 30 96 2 31 74 84 31 89 5 71 38 57 86 55 44 56 69 32 43 56 28 16 99 90 18 56 86 87 2 1 4 31 11 73 35 73 78 82 14 28 73 43 65 90 83 47 80 50 97 94 79 36 3 87 18 54 33 14 24 99 19 5 50 86 35 86 33 84 46 3 95 79 94 38 26 15 59 2 77 37 74 98 49 77 46 28 3 28 85 44 2 19 74 90 87 31 61 13 99 81 94 90 2 47 66 41 22 88 27 25 53 44 2 66 6 40 36 26 53 89 60 61 86 67 30 82 96 47 97 57 7 0 64 34 82 50 8 70 57 56 5 65 49 12 61 55 77 9 49 47 97 24 65 85 17 86 83 54 45 97 59 90 67 36 30 45 36 76 73 10 70 60 0 88 25 85 38 53 89 55 53 6 12 58 77 63 67 8 22 67 54 74 12 84 24 10 60 46 52 88 99 9 38 28 48 76 93 82 69 13 73 10 49 35 60 59 90 
81 84 95 98 24 27 89 27 6 61 65 80 9 38 55 69 52 42 47 82 59 89 28 2 85 30 31 61 81 25 98 7 86 80 92 23 48 59 52 93 62 0 66 48 90 54 56 39 49 28 61 60 51 96 90 26 59 32 30 43 74 45 60 77 90 38 42 70 9 28 51 5 83 27 72 83 25 11 8 82 50 16 71 5 15 87 9 12 13 51 42 77 25 42 96 91 41 47 38 42 62 68 80 71 38 35 0 30 2 79 39 13 98 96 37 30 59 22 0 40 1 66 64 74 63 62 71 21 84 31 71 35 7 96 8 11 89 20 54 31 21 8 12 24 4 58 6 81 11 13 20 2 2 23 43 7 62 31 20 83 93 82 83 74 96 52 78 58 69 46 97 88 66 39 68 87 14 0 87 97 47 92 29 3 96 72 56 6 15 66 88 6 81 32 42 77 61 59 71 19 42 17 82 65 37 64 54 87 35 84 43 43 91 10 98 91 98 66 3 69 94 2 58 93 88 44 42 27 54 99 46 83 69 68 56 21 19 62 59 52 7 79 27 50 15 73 4 92 18 29 71 84 59 65 55 96 55 92 32 97 35 34 65 48 12 8 84 76 38 67 10 52 6 56 86 38 11 3 66 44 35 84 76 1 47 93 47 76 88 78 55 93 88 81 68 92 33 81 93 78 43 61 44 41 36 57 21 27 47 13 41 30 57 97 88 34 12 83 69 40 61 47 36 14 41 48 0 39 54 35 0 72 63 85 36 78 69 24 60 30 79 34 28 11 28 66 68 91 60 15 6 72 8 10 70 84 38 54 81 51 69 54 45 93 8 31 39 40 77 38 18 86 76 16 68 93 88 92 3 38 5 93 41 69 35 49 99 28 8 81 2 42 68 57 23 9 8 6 9 9 
60 51 36 31 88 29 40 94 10 47 66 41 53 4 39 38 45 50 59 61 57 23 0 35 41 70 58 81 2 80 77 51 54 15 81 30 84 98 1 42 0 7 28 24 51 22 99 31 2 34 79 59 47 65 82 99 75 83 28 31 81 67 84 74 28 85 6 74 45 99 43 76 27 83 43 5 67 73 98 81 9 93 7 31 48 43 29 45 26 61 34 42 55 72 41 29 12 91 26 83 37 96 69 16 32 57 59 34 48 6 88 26 64 87 54 8 54 80 96 97 78 36 39 27 79 19 37 48 39 59 42 6 42 37 56 58 81 11 49 86 24 89 56 57 66 48 17 54 99 86 16 92 19 43 25 92 89 52 63 7 42 90 18 50 55 25 87 43 44 2 9 34 10 5 35 35 11 43 19 94 41 55 25 40 97 91 0 72 41 66 56 27 47 52 69 23 20 49 19 90 51 85 58 73 98 32 64 6 95 9 73 43 15 72 66 4 96 53 61 64 71 47 92 38 52 84 4 54 32 85 51 63 40 22 41 67 68 60 20 57 47 86 82 49 5 5 92 17 32 75 68 91 31 29 18 55 52 96 90 6 69 97 20 39 38 75 25 68 45 70 58 52 93 86 11 21 47 42 94 61 85 37 96 73 53 1 26 27 71 98 16 67 22 65 42 36 44 46 67 61 71 94 71 4 94 89 8 93 57 59 41 31 72 93 17 58 90 74 14 24 68 71 97 53 99 56 0 89 88 37 19 57 35 52 27 36 6 74 84 0 67 83 36 95 67 97 61 87 4 78 83 57 37 35 70 45 56 28 23 71 65 20 52 96 13 47 33 13 90 99 4 95 25 31 64 70 83 7 10 63 44 91 16 83 33 78 62 46 33 87 78 40 3 73 63 79 26 8 5 45 
32 50 27 4 95 35 77 51 33 49 72 86 75 87 94 33 80 55 62 93 19 94 42 27 26 6 39 1 12 11 0 26 22 87 66 6 89 83 38 74 23 55 84 49 7 84 48 55 30 28 10 12 48 96 62 77 62 5 92 86 57 88 14 56 14 40 92 45 36 51 83 24 95 59 65 39 2 22 76 5 39 95 41 65 41 95 95 44 67 52 92 87 63 91 18 13 30 72 2 26 78 98 89 96 24 32 32 72 2 35 87 20 60 21 80 36 67 45 72 99 97 36 97 83 84 92 57 23 53 54 15 16 76 37 40 62 81 13 89 93 1 66 60 11 75 77 6 3 8 51 30 51 45 84 91 50 83 14 83 21 35 55 8 75 71 36 28 75 40 11 31 41 74 50 87 71 37 37 60 44 98 9 81 90 93 22 47 57 12 34 55 88 59 19 49 60 53 15 15 61 4 74 79 16 77 8 30 2 63 43 37 63 83 63 44 87 98 48 96 67 34 84 37 15 75 90 29 54 28 14 12 31 41 18 72 46 50 48 58 86 67 8 58 54 65 81 44 18 13 99 96 76 31 80 74 6 30 48 29 69 87 24 61 34 55 26 15 56 12 61 50 15 62 48 67 47 86 14 16 12 20 43 56 68 98 94 78 41 72 44 56 14 97 27 18 68 46 92 32 29 37 65 24 59 97 15 31 30 44 3 1 68 5 88 82 28 47 13 72 17 45 31 7 88 48 53 77 76 14 38 2 14 45 22 4 68 15 33 42 81 14 72 46 34 83 78 34 31 38 82 17 69 98 1 70 23 7 55 7 11 91 61 65 82 34 21 91 2 95 57 18 82 92 69 72 71 69 60 28 50 16 65 16 46 69 14 20 75 58 5 82 35 42 24 18 37 57 34 25 99 
47 84 28 36 86 90 79 14 77 83 7 52 3 42 14 43 39 66 61 33 1 94 54 26 97 65 49 43 46 53 85 41 14 47 75 44 52 86 66 11 54 35 3 97 76 17 27 32 80 24 18 76 20 36 11 40 49 86 1 93 85 26 60 91 68 43 9 1 98 99 78 90 44 4 5 41 23 45 82 97 69 89 75 13 43 93 52 39 31 97 43 6 3 48 45 22 85 15 42 63 80 83 34 24 91 18 29 37 85 36 75 99 8 69 71 15 86 18 81 69 65 40 67 30 14 40 77 49 69 34 11 14 2 19 59 92 71 4 42 96 80 84 16 45 7 40 39 46 45 47 11 54 13 96 55 78 48 74 64 36 60 11 76 35 53 34 84 59 28 63 9 58 14 70 14 19 68 46 98 34 97 39 94 88 65 84 82 17 79 74 57 91 94 27 20 65 99 82 50 28 34 95 13 60 37 29 60 86 61 71 97 68 36 4 57 21 47 90 10 15 5 52 80 31 39 98 84 40 93 65 4 83 97 40 31 97 19 51 80 16 21 30 36 63 72 72 1 9 46 36 96 33 33 71 66 19 99 80 31 93 36 40 99 20 89 6 30 29 75 42 10 0 84 48 10 63 27 60 33 50 18 51 83 94 54 17 19 31 75 92 54 79 42 19 99 80 83 4 67 41 72 95 59 31 81 49 35 9 79 72 70 26 50 31 76 14 42 60 86 20 97 32 28 86 13 30 71 14 45 84 58 15 92 26 10 87 14 93 21 68 82 95 99 60 96 40 66 38 20 57 88 17 67 58 26 63 27 89 92 50 81 60 6 94 66 35 21 87 78 79 65 0 42 43 17 89 7 49 6 41 60 83 53 30 79 39 8 85 14 99 45 33 57 89 7 47 70 42 89 96 
73 41 58 98 46 74 64 24 67 64 35 55 14 40 80 48 31 75 25 24 21 17 55 46 75 27 15 40 36 86 20 57 60 81 78 13 29 73 47 57 60 59 18 12 54 6 45 34 53 73 85 45 72 83 85 53 65 1 7 36 72 28 26 58 1 8 97 57 45 76 87 60 35 47 47 69 96 86 65 68 71 43 90 74 47 29 76 99 29 9 86 20 6 80 27 31 21 98 76 6 29 3 75 46 38 44 65 45 8 4 96 35 12 59 25 70 70 35 40 67 62 17 6 10 47 42 82 21 16 99 35 29 29 98 12 42 18 65 45 88 43 68 69 38 67 74 9 14 49 68 28 93 60 94 19 52 49 66 27 83 43 58 13 89 77 20 69 84 52 36 46 7 27 6 89 53 98 36 44 84 8 86 37 17 51 48 98 18 89 92 35 49 92 64 78 15 57 86 31 89 18 11 21 37 13 1 67 37 24 0 90 87 51 27 66 28 31 54 7 7 88 43 90 68 20 37 56 58 29 96 50 52 61 19 77 79 62 22 56 88 37 92 36 92 66 88 92 61 92 58 97 51 16 0 47 27 16 5 24 34 42 38 21 41 90 24 15 23 84 57 83 57 57 38 90 93 93 48 62 57 26 74 49 38 95 27 71 94 35 64 25 19 22 52 80 77 80 93 59 27 45 82 13 29 72 35 19 16 49 9 33 75 57 23 98 88 91 8 97 50 60 9 17 86 14 33 40 87 2 64 56 39 51 57 90 10 35 83 47 13 68 57 4 79 9 61 37 14 58 82 38 18 81 14 20 34 43 94 49 75 66 75 42 69 64 97 61 43 28 86 24 30 35 33 44 17 70 76 81 60 95 6 45 34 81 45 47 91 83 35 66 62 75 71 14 23 23 35 47 56 
72 52 88 9 83 97 65 78 97 99 71 92 17 25 11 47 76 47 30 46 28 44 24 75 33 64 92 68 20 27 79 50 48 20 99 22 26 61 86 97 40 27 75 44 58 69 4 79 13 64 28 50 80 25 27 22 76 38 52 1 26 45 94 40 38 39 14 63 30 61 0 54 52 29 44 7 29 54 95 69 78 75 90 47 97 73 54 55 8 44 60 77 31 85 35 86 24 25 8 30 6 12 74 6 54 7 58 2 62 18 68 98 14 66 87 14 50 66 61 71 93 40 43 48 70 91 55 57 84 62 51 6 50 23 81 24 61 1 23 12 33 51 77 60 70 91 16 50 90 70 41 45 67 48 15 26 99 98 78 4 32 74 0 44 5 18 4 20 20 25 96 13 38 31 15 90 56 39 32 51 87 38 98 98 62 33 80 20 50 91 71 51 42 52 5 51 33 45 64 55 17 57 96 77 17 84 57 40 49 6 80 77 92 74 71 60 74 27 4 65 44 78 6 71 96 57 6 35 9 0 25 32 31 46 33 5 67 63 77 71 57 51 28 13 5 37 13 73 35 29 4 26 43 83 33 15 33 21 66 97 57 34 22 99 5 48 3 24 90 99 91 86 93 12 67 74 74 5 12 61 6 45 27 61 64 85 69 75 61 80 74 95 49 21 31 16 89 83 31 91 11 86 60 38 59 55 82 69 31 44 99 87 81 17 6 24 40 18 81 59 20 70 42 56 77 51 74 88 58 47 97 56 71 30 16 53 64 53 12 1 25 3 46 95 90 54 36 63 81 0 35 52 18 98 37 61 10 69 72 98 88 31 4 65 88 60 30 73 49 50 22 2 14 22 98 41 55 72 31 88 53 68 39 81 23 78 19 92 2 38 28 7 23 5 49 26 0 92 51 82 
81 58 67 32 11 56 43 57 70 55 31 69 62 82 82 87 75 20 74 88 90 76 12 54 36 3 47 73 25 26 30 42 63 92 60 48 12 19 72 56 26 54 1 42 74 85 84 89 42 9 7 53 91 21 72 23 65 62 79 4 1 17 32 95 1 70 68 97 90 37 54 62 42 94 29 65 59 43 12 83 60 32 85 16 39 62 61 74 19 25 8 10 6 39 56 92 26 14 89 91 39 63 28 73 44 35 26 28 47 38 71 77 62 79 93 36 84 75 11 84 34 38 59 44 78 54 79 98 74 81 68 3 65 33 79 71 51 41 29 14 41 11 40 24 14 76 50 1 56 92 21 4 47 47 48 21 28 75 85 56 40 67 51 0 90 2 26 79 15 44 97 36 33 82 40 23 50 21 54 24 5 29 68 94 60 37 78 17 56 2 97 50 94 3 2 78 88 16 70 66 88 12 15 33 59 31 66 82 64 76 33 48 25 53 35 99 43 28 46 69 38 22 80 80 63 55 44 26 46 1 11 79 90 52 90 41 7 85 51 22 22 45 8 77 30 21 47 2 94 80 39 75 6 77 5 23 44 29 90 31 32 74 96 42 1 73 55 89 81 30 39 42 50 34 19 11 47 77 67 3 47 16 66 98 68 57 53 66 31 30 76 5 33 71 74 91 5 19 98 67 65 68 77 18 46 85 65 79 52 81 4 75 33 38 62 23 84 43 7 42 85 2 65 88 15 48 40 11 50 74 98 97 59 88 89 39 1 76 71 1 69 17 34 41 83 40 20 36 62 67 96 94 98 92 41 53 97 45 59 57 81 53 60 23 15 65 40 71 7 89 48 59 42 84 12 97 59 63 19 80 63 17 55 78 31 18 81 95 43 57 70 37 12 82 11 24 30 65 2 93 
23 41 69 67 59 72 30 55 24 79 36 63 89 96 58 62 38 62 17 7 70 65 90 64 21 47 36 0 50 66 19 26 71 87 62 32 60 55 26 68 38 96 99 18 65 97 86 23 44 17 40 76 4 73 39 33 82 45 78 51 8 6 9 72 42 85 46 86 33 62 37 71 29 61 63 8 28 32 97 84 38 75 99 50 26 33 12 48 9 8 2 70 49 39 67 10 24 61 97 94 15 4 50 73 53 55 5 89 96 33 87 81 7 64 29 41 64 53 13 94 72 0 32 12 99 5 59 65 70 80 16 11 24 51 19 65 2 98 28 14 75 84 27 94 2 15 27 86 31 60 51 66 81 60 15 93 4 2 93 35 66 42 27 26 29 57 40 11 33 78 25 30 48 57 62 12 45 66 81 84 81 67 10 68 43 61 23 90 55 9 19 71 97 51 77 17 47 27 54 59 68 55 79 45 46 75 44 39 87 19 66 63 27 42 49 21 25 80 18 9 60 61 22 94 79 78 7 26 12 89 37 66 96 20 63 96 55 83 64 21 76 51 51 80 58 5 33 52 37 94 85 17 74 11 69 10 65 1 13 25 70 55 8 67 2 75 77 46 6 13 22 84 96 37 59 18 13 28 34 1 78 90 3 43 39 67 61 66 33 66 46 8 87 61 28 6 72 86 8 55 11 13 27 31 94 95 38 57 47 70 99 56 84 19 2 77 10 89 77 86 33 90 18 5 9 22 28 44 92 90 69 11 34 87 27 79 85 39 98 70 66 13 80 46 23 68 10 2 91 56 35 43 11 89 98 3 31 47 17 48 44 27 63 63 19 26 9 51 14 27 65 91 21 87 74 78 95 98 40 35 66 37 91 84 45 54 10 83 65 60 10 66 46 76 83 54 62 39 2 87 
58 45 27 19 16 45 81 41 32 5 0 47 71 17 82 69 14 43 37 24 35 41 28 59 44 83 48 89 3 22 9 35 97 22 97 75 67 59 12 66 99 85 17 74 59 1 12 38 93 18 52 30 85 54 35 94 20 98 67 34 70 59 75 56 71 21 43 49 74 20 48 93 90 42 79 80 92 84 28 8 92 76 86 1 39 18 66 55 21 6 3 20 36 18 84 57 57 76 56 20 53 42 13 46 70 11 32 26 55 77 87 39 18 21 60 34 69 39 65 35 23 67 81 0 91 54 59 86 61 21 52 97 68 19 37 22 0 69 42 63 12 11 48 69 79 21 18 16 67 7 86 4 6 36 81 92 72 77 0 8 25 97 9 50 67 72 95 0 6 60 1 75 44 7 48 84 47 51 31 68 69 99 18 13 78 11 74 43 36 49 49 26 51 12 20 14 46 5 61 0 82 64 94 3 77 1 99 79 94 56 23 1 95 46 28 23 15 58 21 93 85 83 15 60 45 46 76 78 81 41 92 23 50 65 60 86 57 53 48 94 56 85 79 55 50 34 54 40 57 78 41 79 73 82 21 7 77 14 87 0 69 58 79 48 4 82 96 56 79 75 87 82 69 83 75 34 48 97 44 47 12 11 43 28 99 68 28 38 49 1 25 95 16 18 23 63 31 9 58 10 82 62 81 6 70 73 38 67 26 28 87 72 53 97 94 0 46 47 39 9 96 96 15 7 48 74 99 36 87 36 89 67 60 0 70 75 57 14 61 13 1 3 11 24 82 15 51 47 16 80 96 81 18 89 9 45 39 94 88 80 60 92 62 11 52 27 33 39 63 61 56 92 67 18 83 86 36 46 62 18 56 15 47 64 79 8 14 72 47 1 81 54 33 12 32 22 82 64 91 32 
57 79 57 53 10 89 48 22 20 74 34 56 62 52 85 13 79 19 63 20 74 5 39 91 28 98 88 73 54 58 3 30 65 0 95 71 89 19 53 41 0 55 60 98 14 79 74 57 14 20 79 78 10 36 2 6 28 88 34 99 88 71 38 83 53 28 52 50 52 97 27 94 10 77 95 43 8 67 85 6 80 85 7 96 58 75 45 23 18 59 37 29 20 85 72 61 47 67 5 90 90 99 97 45 17 36 48 83 20 77 31 83 5 52 86 25 2 58 21 46 76 23 85 54 70 5 20 72 45 24 53 52 49 21 36 71 84 27 22 42 10 90 32 52 17 65 9 70 10 41 89 56 87 28 59 94 38 19 7 70 6 48 17 91 20 11 60 91 9 83 74 69 54 35 46 58 8 38 64 1 98 32 82 12 95 58 95 29 8 71 28 25 54 83 80 24 11 4 84 37 23 76 19 75 9 35 44 56 71 86 90 81 66 26 39 87 49 0 88 36 76 89 56 44 80 17 47 62 46 22 4 54 86 46 67 1 81 61 0 15 28 96 88 39 62 4 9 27 23 15 23 82 59 20 2 20 42 70 77 45 29 71 90 60 26 33 43 45 59 36 27 9 5 57 49 25 82 66 79 94 63 63 8 35 19 37 19 52 63 65 23 73 17 80 47 58 3 16 37 73 80 9 84 32 20 29 54 58 6 36 47 60 43 40 41 20 34 24 66 52 31 64 65 79 12 64 94 57 9 81 29 73 66 8 99 52 31 40 6 11 63 54 46 75 41 14 17 92 34 93 12 44 67 97 98 18 67 89 85 47 68 10 50 31 51 21 78 79 88 21 38 58 27 11 54 33 27 88 46 67 61 36 29 65 21 65 83 74 83 9 16 27 4 91 97 29 54 83 99 39 
45 9 66 98 59 56 55 9 43 4 1 90 74 68 0 26 46 36 67 64 78 33 28 45 37 86 86 38 6 88 78 67 21 77 1 91 68 57 8 52 28 4 9 0 48 58 14 20 26 85 55 95 18 17 65 90 92 54 56 99 93 78 76 12 64 62 43 62 44 66 10 93 50 33 91 29 41 58 66 81 46 22 78 71 49 45 78 29 51 26 71 7 78 50 61 97 90 79 53 94 93 55 1 4 81 42 90 74 24 76 61 59 84 57 21 89 73 81 60 11 72 71 88 54 9 23 72 94 47 7 11 31 70 20 60 38 21 17 39 89 53 72 10 14 58 43 64 8 32 44 78 58 1 25 87 29 14 99 89 83 83 97 56 49 46 36 75 25 38 80 97 97 64 94 62 80 78 95 38 84 56 7 41 40 92 64 35 14 5 68 70 57 10 70 85 81 75 4 7 75 0 57 45 39 77 41 13 75 58 39 72 34 24 30 28 72 59 95 61 20 10 40 40 23 72 50 86 59 24 44 92 40 3 41 23 93 28 98 26 58 41 98 45 65 96 57 96 79 84 36 16 16 5 45 74 94 13 97 70 5 45 28 69 51 15 67 26 94 1 73 41 34 38 67 34 17 44 88 41 32 50 33 9 72 82 32 78 32 45 75 5 41 38 79 59 84 97 2 75 38 29 58 40 54 91 79 66 58 96 74 66 11 33 75 4 15 81 36 4 44 41 47 16 14 19 11 81 27 11 17 81 86 58 32 44 46 75 66 30 49 24 53 47 45 13 18 24 33 27 15 77 43 7 87 55 33 52 86 36 13 86 54 13 57 89 61 48 47 62 35 5 81 16 15 70 5 33 85 49 11 90 75 65 95 85 65 61 32 49 57 28 85 83 23 62 32 35 95 54 44 
92 60 60 3 12 73 92 71 72 10 52 96 60 13 3 71 13 58 99 81 42 96 0 31 92 36 45 89 22 75 6 97 5 83 87 29 65 90 48 7 3 55 61 28 71 9 8 55 29 9 56 72 8 58 9 52 7 15 2 98 64 57 53 14 1 53 5 66 77 52 76 18 35 57 59 8 77 99 31 11 35 4 45 92 5 21 78 27 51 11 96 59 19 20 55 48 52 86 19 83 65 61 56 55 40 88 23 35 12 70 37 80 1 25 70 25 46 83 44 76 79 47 83 66 65 62 75 26 27 70 96 78 66 6 77 46 90 88 21 97 94 32 25 50 94 61 90 47 88 93 78 4 81 84 40 9 93 1 85 60 24 93 89 42 94 67 99 64 26 4 76 51 54 75 72 79 14 72 22 67 38 55 33 53 76 50 39 3 75 6 35 67 44 50 13 27 15 72 25 96 14 82 36 76 40 84 62 81 61 50 41 84 51 25 60 50 52 13 40 29 34 69 7 78 20 34 5 18 7 37 32 3 59 8 6 80 84 23 18 7 99 27 47 26 33 78 60 96 61 8 89 26 76 66 97 37 46 81 25 53 4 97 3 27 62 67 82 3 98 79 5 90 92 70 62 17 7 79 69 5 51 40 65 94 20 28 74 65 56 91 24 75 81 77 95 54 21 86 51 10 10 94 94 5 68 84 32 78 72 8 62 68 42 54 98 65 38 5 13 25 76 3 42 45 2 17 39 47 6 23 90 28 64 26 30 40 91 41 61 53 50 69 28 90 14 60 44 28 47 31 63 61 68 95 17 61 7 49 8 51 80 76 98 78 20 88 68 95 85 53 78 16 8 18 22 81 16 38 17 38 13 31 48 98 91 41 66 42 56 85 14 17 7 47 36 11 86 48 1 47 
46 0 67 5 62 95 81 39 94 42 18 40 21 81 31 31 73 26 40 73 25 60 44 45 82 2 20 71 54 90 28 51 31 29 71 83 44 95 8 0 93 26 78 44 35 76 17 8 2 66 77 33 2 32 26 44 35 81 21 30 97 85 94 7 30 30 22 11 2 99 20 78 26 16 46 52 4 97 17 49 38 17 69 26 59 7 26 69 93 30 3 57 1 26 79 96 1 89 14 39 0 43 4 3 67 38 33 32 90 49 52 59 33 34 37 56 20 78 21 20 16 92 88 47 8 61 6 5 30 99 56 53 19 15 57 11 62 21 37 74 7 18 82 13 79 47 25 84 53 60 26 41 28 50 85 24 68 18 72 70 7 23 91 29 49 87 47 52 17 68 14 36 13 45 38 36 28 86 32 1 79 23 63 89 90 57 65 9 51 17 48 4 18 95 45 70 71 54 17 24 74 49 13 98 54 93 96 31 32 84 83 59 64 17 64 95 20 33 53 45 75 62 79 98 81 13 38 76 10 29 52 31 4 38 6 70 88 76 5 10 11 76 25 39 93 51 66 8 11 37 68 8 74 44 49 20 15 18 15 43 40 80 75 55 47 76 20 94 25 28 53 97 81 72 31 84 99 17 81 14 83 31 80 2 31 40 85 18 36 50 76 60 19 59 55 30 38 11 76 69 20 70 3 97 59 78 96 94 96 63 60 51 57 13 57 92 42 14 19 17 60 21 12 42 53 74 28 27 83 59 81 24 45 42 60 57 59 43 41 38 50 89 64 67 83 84 52 70 23 18 60 89 35 79 72 37 32 17 73 67 49 71 72 82 56 72 0 69 31 83 78 39 72 78 60 48 15 80 13 22 2 88 88 12 41 39 95 17 91 99 46 45 36 73 4 27 25 71 74 38 
85 14 6 85 26 39 21 0 35 77 75 66 23 79 58 48 58 58 46 19 17 21 8 69 12 87 62 40 68 8 74 11 35 28 85 61 19 96 94 71 93 19 31 77 50 68 99 0 62 24 76 6 80 35 27 27 42 10 50 27 57 36 1 16 92 48 64 42 49 61 4 51 72 17 68 27 23 87 82 20 33 33 98 67 63 13 78 16 24 74 31 26 40 92 27 26 31 4 83 32 55 34 79 46 15 56 59 85 2 16 16 33 79 13 48 57 34 46 78 47 19 78 26 1 85 71 67 88 30 94 6 35 97 66 54 3 40 88 4 42 27 91 53 78 77 63 17 56 41 80 18 72 60 64 10 43 73 52 42 98 96 50 19 76 79 95 41 83 22 5 58 59 55 3 16 8 97 88 90 40 48 45 27 92 73 70 56 72 70 98 79 96 1 46 69 14 25 11 26 89 73 31 1 14 92 26 5 13 49 93 70 46 4 26 45 50 83 41 19 36 54 30 83 31 53 89 58 66 8 27 98 5 37 29 7 25 24 54 93 71 3 87 26 73 3 95 83 34 19 93 16 80 87 52 61 34 88 90 79 42 78 6 92 59 54 64 33 96 89 4 28 65 65 49 9 14 22 7 94 45 72 73 55 39 83 24 67 78 78 94 15 88 72 34 46 24 32 72 2 97 73 75 61 24 37 94 68 23 89 76 37 94 97 71 99 49 32 22 22 82 59 53 6 36 43 45 40 15 80 25 87 58 42 25 57 23 21 41 39 18 49 64 49 37 52 9 36 3 12 9 92 42 0 55 54 17 57 64 63 97 0 99 91 71 82 92 48 14 52 79 45 11 24 20 1 43 92 80 80 55 46 7 17 98 99 19 45 22 64 35 43 40 65 70 68 54 24 5 45 94 
30 64 74 4 24 48 78 23 37 48 64 60 9 50 76 39 57 43 91 74 62 54 15 98 80 53 34 57 16 44 64 6 87 92 99 35 67 72 67 69 39 13 83 23 23 63 22 28 7 53 97 50 33 37 56 67 11 1 94 87 89 77 62 2 55 94 20 64 31 67 65 49 18 74 87 90 27 21 82 41 43 82 90 64 3 87 49 21 27 66 12 85 89 56 71 14 98 4 92 81 99 62 44 76 26 9 16 60 41 58 93 99 67 34 87 52 22 93 51 14 97 72 7 46 11 88 62 19 76 92 28 40 43 41 47 77 43 56 71 30 1 20 95 1 70 12 32 12 81 31 61 10 52 14 88 66 0 35 48 4 21 99 0 52 46 72 58 21 53 60 8 91 59 12 39 55 47 94 56 38 24 29 84 15 23 22 59 65 46 7 48 70 57 1 35 94 46 11 7 54 4 73 70 95 16 90 46 86 92 22 84 21 43 71 0 19 76 62 74 28 94 36 23 91 44 46 17 65 22 66 88 38 8 10 29 22 54 30 83 24 32 81 27 42 14 88 60 53 38 71 20 66 32 44 41 93 43 49 91 33 10 96 45 77 46 61 47 49 6 28 19 16 23 19 58 48 25 6 60 94 73 21 67 51 37 70 9 8 76 63 89 22 91 86 91 86 28 48 42 11 52 63 33 83 21 60 5 11 48 63 2 97 73 55 80 52 27 37 43 15 65 12 66 85 59 36 81 93 32 68 54 8 57 8 10 95 18 91 87 31 7 88 91 26 34 87 78 96 75 90 33 2 0 20 7 73 27 34 76 34 64 17 52 1 31 15 45 27 66 9 80 41 71 28 46 61 44 31 41 43 2 97 40 5 3 51 48 95 91 20 48 61 70 62 91 9 4 28 71 40 
21 78 86 28 58 85 89 23 31 40 71 10 43 74 39 4 92 69 83 21 96 21 72 35 21 9 52 48 19 39 64 0 67 98 26 12 37 45 16 47 83 34 26 76 13 92 4 56 53 9 35 53 32 18 65 32 56 28 75 63 99 31 35 21 24 5 51 42 93 81 0 46 57 41 90 85 50 77 23 97 37 44 78 51 8 11 86 98 49 96 19 61 22 37 9 63 9 39 98 57 24 21 85 6 71 20 72 6 1 71 21 73 28 14 49 37 17 20 0 31 3 29 5 6 43 45 49 93 4 75 66 29 12 77 90 33 82 37 67 70 30 7 98 78 42 31 3 29 62 17 79 74 86 7 76 62 70 63 24 59 58 94 5 23 87 17 8 39 75 58 1 69 52 32 93 15 59 42 57 75 98 98 70 76 2 18 33 86 23 51 13 21 52 12 27 30 31 24 38 14 0 56 47 23 29 52 22 65 27 65 50 77 99 38 93 68 51 81 0 61 38 21 33 16 32 81 1 38 71 7 21 28 75 2 47 17 40 58 75 86 58 54 79 73 16 38 77 26 33 25 92 36 71 8 76 26 12 57 51 32 83 90 40 29 82 78 93 26 13 57 77 53 64 66 31 26 17 50 22 2 80 10 81 50 54 29 9 78 67 63 60 86 63 53 16 75 71 26 37 23 57 14 35 11 89 93 51 61 22 14 71 29 24 36 32 7 7 60 4 77 40 96 1 75 19 60 45 36 53 31 18 7 62 77 91 58 42 34 7 29 95 53 41 82 94 70 29 35 62 25 11 41 9 88 5 96 75 62 30 95 44 14 36 6 5 81 29 97 65 87 58 14 20 81 55 81 84 50 19 95 0 35 47 29 81 39 93 47 71 33 15 13 20 28 16 8 74 84 74 12 
31 22 20 88 61 60 10 27 60 18 35 6 87 60 11 14 64 21 77 83 95 95 54 25 61 4 70 2 42 60 58 32 49 12 3 24 98 11 46 63 44 51 5 52 68 14 68 15 94 73 92 89 87 93 0 83 7 0 69 95 63 38 88 64 21 33 1 21 59 2 74 9 98 29 75 74 40 38 33 92 79 9 30 75 99 26 56 79 34 18 74 31 7 66 77 24 21 97 70 4 92 24 79 2 12 72 88 43 45 56 20 21 87 7 76 87 36 44 28 22 18 24 4 79 92 12 12 45 84 51 23 95 22 23 56 17 44 63 74 27 81 79 22 19 23 84 6 57 80 49 28 59 99 59 68 66 88 31 22 98 77 17 95 44 91 61 37 78 85 27 54 19 19 5 34 17 53 28 15 15 0 34 45 23 13 62 1 52 78 97 74 3 38 13 15 31 93 55 0 54 86 92 39 74 86 20 96 24 46 26 60 55 77 7 75 16 69 47 92 58 94 4 45 24 98 32 99 90 98 9 23 24 5 86 34 44 88 25 58 22 34 7 53 97 45 32 85 93 33 28 25 30 15 33 19 70 25 70 22 59 0 11 98 76 25 77 30 74 16 12 1 81 50 68 33 19 50 93 52 83 43 22 67 79 43 84 51 28 47 54 49 34 33 72 54 14 34 33 80 34 74 25 24 73 56 39 24 35 55 89 59 60 65 17 18 74 21 76 42 95 64 22 3 69 23 21 63 19 48 25 55 99 82 27 93 20 50 56 79 81 72 13 63 42 69 37 64 81 45 19 27 82 4 76 65 18 69 74 0 50 51 30 24 58 76 68 84 88 95 93 74 55 28 73 31 64 85 42 46 27 91 3 87 77 27 57 70 92 91 67 17 8 92 60 7 73 76 18 78 53 
82 56 8 19 1 97 32 31 79 95 35 69 88 41 41 44 97 9 47 36 89 20 8 8 17 31 51 63 14 98 35 69 9 59 70 60 82 1 82 65 50 97 21 53 42 69 50 28 71 43 16 49 15 77 39 10 7 59 61 40 75 20 82 38 31 16 7 31 79 52 64 98 58 84 20 61 10 35 81 20 75 45 84 31 33 65 50 18 42 67 28 49 89 43 60 3 8 44 92 6 16 8 74 4 98 96 5 65 68 14 43 16 98 65 52 6 59 65 54 49 99 12 73 57 5 53 12 21 96 98 85 64 97 7 81 41 0 9 72 63 69 63 84 65 33 28 43 63 21 13 74 62 20 90 71 65 20 48 59 59 51 4 5 2 47 10 25 8 55 2 44 21 51 30 27 22 66 26 6 49 67 61 39 29 51 29 87 31 44 53 25 29 93 52 28 50 32 32 22 82 24 56 98 95 36 43 37 55 19 87 76 9 90 53 17 67 98 65 13 77 7 8 13 55 46 43 23 99 5 43 95 85 61 59 1 3 90 90 81 45 11 10 86 13 68 80 87 71 35 33 96 87 19 8 95 6 26 77 46 1 71 93 8 51 59 31 82 59 67 75 8 47 61 65 88 95 94 23 30 13 1 74 72 35 38 67 88 29 53 22 12 5 44 23 98 60 6 64 88 39 66 53 33 97 87 54 89 15 9 50 73 45 36 33 38 31 39 87 80 80 44 17 94 50 26 61 45 35 22 85 96 77 3 37 17 12 40 54 93 63 3 13 13 64 76 88 14 38 46 53 34 64 81 76 87 8 95 87 0 76 96 96 70 39 41 91 28 47 68 41 58 57 50 52 58 41 56 87 44 89 31 9 87 96 13 41 12 76 85 65 55 31 46 27 97 84 98 31 37 74 
19 98 97 77 5 27 19 65 14 20 90 71 49 79 51 33 89 29 45 81 74 50 12 57 90 83 57 1 65 29 61 41 41 75 53 25 71 17 16 31 18 5 83 68 38 10 9 13 20 60 89 11 92 79 77 25 10 40 88 69 58 72 19 41 78 26 51 7 2 87 46 47 98 3 1 96 86 3 85 86 85 89 69 47 82 80 66 47 92 5 47 68 1 5 76 77 10 8 50 86 1 57 77 1 87 10 84 60 23 79 16 43 98 74 0 67 4 97 0 83 83 96 21 34 6 24 67 2 81 13 92 19 84 99 16 90 17 22 62 31 70 8 6 25 98 77 55 78 66 30 43 70 63 59 52 36 98 13 69 6 32 40 13 25 19 36 80 89 84 11 88 6 59 82 2 15 28 63 33 77 28 62 62 24 11 83 36 1 83 40 34 63 73 87 71 52 86 82 60 55 85 44 41 43 38 51 93 5 66 0 87 62 62 99 37 35 73 56 66 17 50 92 85 57 77 92 83 76 85 35 21 18 46 98 86 96 8 9 6 36 83 92 28 20 24 99 85 45 92 37 54 5 76 47 22 82 85 92 23 34 96 44 99 88 29 17 86 81 11 77 46 26 51 46 93 71 18 39 98 69 80 24 71 40 43 67 18 12 67 31 23 25 47 17 41 57 92 49 55 72 13 95 20 70 42 7 42 28 33 82 76 68 77 15 46 66 57 65 53 67 29 21 3 10 19 73 31 55 61 10 33 43 88 51 81 9 28 24 58 30 35 82 90 12 59 11 30 84 4 8 14 5 74 77 42 7 34 94 67 96 58 19 85 26 66 25 53 61 10 11 14 14 77 41 88 55 31 52 32 57 18 22 30 4 69 85 76 2 5 74 10 67 41 70 99 47 22 48 99 89 
22 88 77 42 28 16 59 25 99 46 87 9 82 45 69 16 52 99 66 7 57 98 7 5 65 53 86 96 79 38 92 1 1 13 36 40 34 83 95 61 0 36 84 29 95 70 74 3 86 76 64 24 96 2 4 21 82 33 83 24 47 65 47 18 44 44 34 64 29 6 35 15 7 71 39 96 7 13 93 43 39 79 9 91 12 42 89 39 80 73 49 76 13 18 81 3 17 46 44 24 27 1 51 83 86 72 23 86 81 74 51 87 75 6 2 68 76 61 95 28 43 79 1 59 49 76 57 0 49 83 26 34 90 71 65 74 7 20 33 72 61 41 80 68 58 23 30 45 43 88 90 2 23 89 82 73 43 69 76 62 41 59 31 29 65 37 31 7 36 78 20 16 79 17 19 28 16 36 74 76 83 7 53 19 36 44 89 83 63 47 14 20 52 78 68 42 44 11 13 78 39 5 29 80 75 32 45 90 13 83 5 72 15 86 0 83 98 92 78 11 29 11 86 86 9 15 36 68 71 53 52 32 15 28 95 88 45 96 45 51 73 40 84 10 71 13 61 9 89 45 96 11 41 53 48 81 6 83 92 27 6 11 27 19 27 84 75 55 98 77 80 57 25 57 63 89 71 64 65 53 90 91 12 31 15 81 66 4 70 31 15 4 89 88 24 42 5 41 52 57 88 61 50 95 59 49 17 77 11 66 55 23 47 81 21 46 84 91 9 35 25 40 78 77 76 6 36 74 44 7 67 2 56 19 98 33 32 35 15 30 7 68 77 0 69 8 76 92 94 30 92 94 27 1 40 52 7 71 33 37 72 90 16 59 27 10 4 16 37 4 76 5 23 38 19 11 69 68 16 33 11 3 65 50 32 37 90 65 70 44 55 66 49 69 18 87 35 47 94 35 
92 16 53 49 4 64 10 28 21 89 10 66 77 30 20 50 28 75 4 11 1 8 86 70 31 26 86 46 70 26 61 22 19 99 13 38 44 86 54 36 35 39 82 42 22 19 94 15 35 80 13 14 89 29 80 71 46 15 23 21 30 35 12 26 73 52 21 77 88 63 94 94 50 89 43 45 56 66 27 16 41 52 10 26 32 61 4 40 14 89 54 59 5 41 56 70 37 44 96 1 61 44 79 42 5 13 65 87 5 50 66 97 62 27 10 28 47 77 60 50 60 39 62 0 58 6 80 90 97 48 47 3 5 98 68 65 6 85 46 5 76 40 0 18 51 44 50 95 3 5 93 63 70 31 88 81 4 72 10 98 4 2 78 5 78 6 94 25 24 54 3 35 60 25 60 16 22 49 61 63 46 25 90 10 65 91 64 1 45 36 78 23 38 18 44 25 18 11 29 33 27 68 47 3 63 42 83 70 93 84 96 33 42 1 75 39 30 56 45 84 60 82 94 32 15 46 94 42 83 8 52 2 19 78 44 67 72 86 12 40 74 2 99 60 70 20 50 43 83 30 76 86 9 13 35 42 15 68 35 97 8 4 15 66 0 77 86 46 27 72 32 31 15 87 5 68 90 55 89 89 10 21 60 88 8 55 91 12 18 74 64 57 12 36 83 32 2 22 22 85 44 31 2 58 58 26 38 73 81 66 72 57 58 36 26 1 81 14 26 78 0 50 1 86 65 88 24 20 93 75 24 58 27 84 88 45 85 81 84 84 37 29 56 76 42 93 89 30 72 55 76 24 41 92 57 41 86 32 77 63 2 32 87 36 61 3 63 1 3 46 44 40 65 12 36 12 76 6 26 41 74 94 83 79 50 30 0 77 39 27 95 68 59 99 67 48 76 48 41 41 
55 18 21 10 25 98 50 52 7 96 36 96 93 66 66 46 33 62 23 6 8 51 33 92 93 78 74 88 89 62 78 93 15 65 65 53 89 61 39 85 47 19 8 19 18 61 15 9 99 62 78 4 25 34 56 29 1 11 42 7 65 15 2 61 58 58 56 93 13 23 89 17 72 66 22 25 58 85 31 33 89 64 68 76 35 29 36 29 73 8 63 89 50 57 79 66 56 7 31 82 2 29 28 99 26 35 49 62 63 71 85 53 73 13 26 53 0 72 84 44 71 49 22 43 5 25 24 67 13 54 14 65 74 42 84 24 85 24 86 2 7 63 26 57 57 20 7 95 33 22 52 72 85 88 90 40 43 11 83 9 33 12 24 17 34 84 99 63 21 34 48 82 72 33 5 74 8 3 24 91 94 89 70 63 73 76 0 12 23 94 16 38 53 33 34 38 67 53 20 36 42 73 80 64 96 32 51 11 97 44 13 24 60 3 35 37 58 36 40 88 20 72 21 89 7 37 43 29 39 11 1 3 89 81 13 75 93 70 67 20 26 0 33 39 53 49 58 60 60 29 53 91 60 95 3 99 28 12 72 45 0 63 71 73 64 69 8 32 97 73 62 66 26 95 68 6 83 27 85 14 34 51 44 1 18 68 77 26 85 53 68 74 48 8 65 29 36 19 45 53 23 22 20 56 65 57 28 95 4 97 40 90 34 2 4 34 14 79 92 97 40 21 0 65 65 97 91 67 78 81 95 77 67 85 96 78 39 18 42 33 90 66 20 89 43 17 86 95 20 76 47 88 59 16 32 93 77 97 35 64 20 44 87 77 9 81 90 64 80 9 37 45 28 63 61 89 81 70 30 19 24 50 8 56 72 42 11 62 34 65 19 71 0 32 76 52 45 84 72 23 
48 71 22 50 54 73 74 53 96 67 67 3 62 23 83 64 73 35 81 73 27 78 43 52 48 4 3 94 51 20 55 10 75 8 4 92 19 29 11 14 5 89 53 70 86 61 57 56 24 38 7 85 68 61 44 16 30 57 71 59 19 2 94 90 85 32 77 48 93 22 66 22 54 51 69 72 96 89 18 20 19 96 81 54 81 33 69 18 77 92 5 64 93 30 79 41 7 23 57 52 91 59 68 36 56 3 51 25 76 15 97 57 17 57 83 96 74 60 72 54 17 11 53 52 98 88 46 85 95 96 90 71 45 67 28 92 60 35 94 38 91 2 99 11 74 41 15 24 3 32 78 36 46 54 22 0 4 83 4 90 78 5 73 62 4 63 92 7 40 37 83 46 87 32 3 4 14 0 8 77 76 55 89 85 92 99 8 70 0 8 69 98 9 72 32 79 98 47 48 8 9 3 26 81 29 39 26 38 61 25 12 56 45 58 49 0 47 89 0 96 27 40 28 3 78 90 79 5 4 7 25 67 76 98 21 4 30 80 32 24 35 78 40 92 83 20 6 94 3 7 42 66 35 76 46 5 7 86 22 48 86 51 59 1 48 21 95 2 48 95 16 86 24 21 23 73 40 11 46 86 52 6 37 98 62 71 94 14 47 62 20 49 21 38 93 5 64 78 94 59 97 79 22 61 12 23 17 19 85 17 72 12 50 74 42 74 91 60 49 92 17 84 61 39 67 49 12 51 34 7 55 84 68 82 99 60 87 19 76 79 3 12 18 84 85 34 77 69 89 2 30 39 35 25 54 46 33 53 7 24 61 85 41 84 1 2 3 44 66 83 33 92 24 21 97 59 14 52 13 52 6 74 30 69 20 25 35 95 76 31 43 19 81 92 5 59 19 60 93 79 
95 25 87 30 34 91 60 4 55 22 50 54 73 40 49 40 52 64 95 33 3 62 91 12 66 12 22 38 64 32 10 47 28 91 24 58 59 57 99 99 93 13 41 67 38 84 94 23 47 54 47 40 33 37 0 19 16 28 93 43 91 10 97 44 7 63 88 66 49 70 52 5 49 97 2 80 61 10 46 35 17 46 34 25 8 67 90 73 67 66 77 61 68 73 71 68 82 25 80 45 31 35 89 53 6 46 32 7 90 5 60 30 42 29 49 55 11 85 88 81 51 48 55 69 83 22 92 73 63 35 60 76 49 81 58 27 11 4 28 27 85 82 65 18 2 59 15 58 78 11 63 64 0 71 35 77 36 78 59 51 96 51 43 37 31 49 84 20 14 86 73 9 54 37 64 47 37 96 77 63 61 49 90 84 78 67 76 20 47 79 13 72 24 3 2 31 17 74 26 99 62 73 76 55 57 50 34 76 28 4 35 84 92 58 86 19 17 3 67 62 81 17 65 54 55 85 68 95 99 6 58 48 67 21 69 92 3 61 26 45 13 14 16 40 87 84 74 25 78 53 19 28 52 6 72 24 64 2 62 56 85 19 53 27 8 50 75 44 78 21 65 70 34 32 69 4 78 57 51 65 55 55 1 73 93 44 29 23 25 89 28 2 95 67 33 41 63 56 74 96 23 76 51 48 97 28 69 82 45 62 57 83 10 22 36 10 17 16 5 34 77 24 37 53 69 31 86 37 43 98 3 91 59 52 55 18 8 79 45 37 16 3 3 35 33 34 77 17 18 27 75 53 24 13 13 22 59 74 48 80 20 9 58 37 56 66 58 64 69 96 20 97 3 71 41 21 86 6 28 64 42 2 92 52 71 73 42 80 70 14 89 73 71 62 90 71 32 49 79 83 
54 97 39 83 35 44 33 18 56 64 88 86 15 20 12 52 20 20 97 99 84 53 24 68 2 22 76 56 90 27 83 50 61 64 5 78 18 16 44 86 66 26 77 8 47 11 34 16 72 74 9 76 2 17 75 25 50 36 16 16 45 70 2 81 28 54 79 94 46 8 17 87 6 53 8 21 29 93 31 85 63 58 67 2 77 79 34 53 55 47 1 4 31 44 47 76 86 91 45 36 25 20 34 39 63 77 17 41 33 36 46 77 90 66 86 29 35 74 75 3 54 2 43 3 63 90 34 76 35 3 10 39 45 44 83 29 89 62 32 13 51 65 36 58 87 92 0 42 94 81 35 3 81 86 83 53 37 79 52 68 39 22 7 31 44 87 29 62 36 11 99 12 19 55 28 72 84 5 37 80 17 3 1 30 38 87 85 58 65 98 69 85 62 47 59 69 44 46 39 49 56 98 97 70 93 72 55 37 43 37 50 15 80 97 62 3 27 29 64 87 11 18 20 34 0 15 11 72 80 6 63 50 65 29 24 51 73 30 61 19 94 63 79 48 46 40 85 18 78 39 69 31 83 69 86 71 81 2 35 52 72 64 46 1 11 85 32 48 47 34 61 29 32 57 23 6 57 25 8 52 26 47 63 79 77 93 86 28 34 16 26 18 20 47 87 83 42 14 39 12 47 72 11 56 48 97 7 9 40 67 75 92 30 19 75 81 65 58 81 50 49 5 0 72 8 94 47 23 7 99 78 92 57 88 45 31 36 32 10 41 35 36 7 34 24 92 53 16 40 50 71 92 51 52 2 13 68 68 69 57 48 30 80 26 41 78 96 66 87 14 5 15 66 54 0 58 35 6 68 21 8 76 99 86 1 74 64 66 48 82 67 2 79 97 26 88 84 21 47 18 
25 63 52 70 37 27 85 17 23 68 84 66 90 91 77 81 85 31 77 17 44 72 61 85 42 29 63 42 44 22 80 54 38 2 70 75 5 16 7 10 48 28 91 46 27 76 66 64 93 79 22 17 36 26 48 78 47 22 53 14 3 1 91 86 82 60 35 56 72 36 45 18 70 32 98 85 1 63 26 35 79 50 2 74 85 16 32 98 68 44 88 26 87 34 45 70 77 2 16 75 91 89 60 92 45 33 76 68 18 68 97 11 97 72 82 93 69 37 20 72 47 98 49 94 42 49 18 11 75 57 69 48 99 93 12 36 98 87 14 42 60 98 53 47 66 16 82 9 45 70 97 40 55 25 40 28 59 93 25 20 61 0 9 90 42 58 40 94 83 50 67 15 29 43 17 79 1 87 9 14 58 16 22 87 31 1 56 34 45 67 86 21 53 70 9 9 22 73 88 23 53 85 5 23 40 13 79 88 56 25 31 65 62 24 92 76 13 38 18 79 58 28 35 87 0 74 65 41 21 21 10 58 33 90 60 31 25 5 39 65 78 10 10 13 99 5 14 79 4 88 33 60 37 77 38 29 19 93 96 50 37 1 63 11 37 99 21 66 32 39 6 14 47 53 23 70 24 50 1 16 72 35 38 32 38 13 7 7 88 11 46 33 80 32 50 43 87 17 36 49 21 14 92 83 47 76 13 77 4 70 41 52 17 2 56 47 29 47 27 26 89 44 84 74 48 19 76 53 97 15 72 59 40 92 88 33 54 61 74 33 97 66 61 26 7 46 68 49 66 78 89 1 32 16 34 23 52 91 24 57 85 7 90 76 13 11 55 67 80 69 62 38 70 58 62 95 7 99 82 83 49 95 62 92 63 86 47 58 84 89 16 48 66 39 41 4 52 4 28 2 
38 60 54 80 7 50 87 86 15 57 93 16 62 70 18 4 93 47 96 50 52 48 80 61 51 93 34 44 49 19 20 96 34 62 86 48 8 65 53 11 92 23 54 13 38 27 36 88 94 99 76 0 16 19 21 12 22 91 69 55 44 23 15 59 45 74 81 89 21 85 15 22 70 67 44 65 27 13 73 68 77 10 44 3 48 5 15 30 58 85 33 30 94 10 36 39 12 69 59 12 46 72 6 88 10 31 96 60 58 62 88 89 80 84 43 47 4 99 81 81 3 73 74 83 37 18 16 30 73 83 26 52 27 79 30 84 38 92 5 10 12 56 86 97 78 60 78 52 88 13 76 20 97 13 98 28 63 44 62 6 2 28 43 77 96 42 98 98 80 98 52 96 51 36 43 90 76 52 73 63 21 43 99 72 20 75 30 41 38 68 18 87 69 80 5 79 30 52 30 99 95 33 77 53 53 58 42 8 40 38 79 55 73 72 59 43 8 57 25 20 84 26 42 99 44 91 18 47 23 55 88 98 38 16 11 81 12 1 7 70 11 3 37 96 93 73 0 84 5 0 56 31 67 73 60 20 62 76 54 64 16 45 37 15 67 72 10 8 2 63 71 72 53 67 78 51 18 35 45 23 16 43 94 66 73 83 40 33 90 24 74 6 70 75 20 54 69 94 84 23 50 62 6 22 70 17 91 11 62 68 54 1 43 68 25 75 65 82 59 3 98 95 62 82 55 45 50 60 0 43 70 10 28 67 23 41 95 50 23 28 91 0 65 69 91 21 33 76 27 19 1 5 81 49 25 23 65 15 86 92 11 22 95 79 91 38 79 92 90 27 43 87 51 85 51 23 97 19 56 44 55 26 21 59 7 17 28 93 3 24 22 83 88 30 9 40 13 15 66 83 
89 14 79 27 40 21 31 40 27 50 23 16 29 58 51 30 72 1 62 49 56 37 62 48 83 42 20 24 13 97 19 71 86 79 82 20 69 34 62 3 83 38 20 23 9 89 97 60 4 35 72 74 62 71 52 11 10 99 25 64 95 2 46 87 79 96 29 35 66 98 75 44 64 11 59 61 7 77 36 39 99 96 97 84 72 23 9 76 86 13 16 82 44 96 64 39 27 72 83 94 75 41 76 40 33 64 40 50 83 35 91 99 18 60 30 19 86 88 60 24 91 32 4 33 26 4 97 52 57 86 69 24 52 81 77 42 56 98 21 75 77 31 20 83 51 38 23 48 56 5 2 82 41 76 93 94 58 2 40 57 95 87 66 38 41 17 99 50 28 49 85 79 49 49 91 15 59 16 87 70 46 1 78 87 13 64 77 11 72 17 34 66 0 91 47 50 30 72 2 73 13 25 38 2 4 60 45 59 67 80 87 10 72 93 34 53 17 89 42 19 17 67 22 67 60 21 39 99 59 19 85 33 35 34 45 45 64 25 66 96 29 51 78 87 62 13 26 10 67 11 96 82 87 86 57 97 31 67 95 54 84 54 61 65 90 87 57 71 67 89 41 81 35 21 45 85 65 85 15 62 1 62 72 29 64 63 98 99 69 55 59 41 5 57 9 10 34 69 54 4 99 49 35 50 71 22 91 80 39 81 5 91 65 74 93 79 38 6 14 66 62 18 62 22 79 95 86 58 27 64 6 61 98 92 51 16 59 49 77 77 97 28 71 27 29 50 8 16 91 42 13 97 26 56 65 13 4 57 24 44 25 60 71 25 78 53 2 2 50 8 58 43 64 7 66 9 35 68 21 85 45 53 6 40 50 37 79 28 65 16 58 12 16 17 97 68 77 59 39 44 
95 33 44 70 14 19 45 90 86 66 59 89 42 41 54 87 48 69 13 9 63 30 68 55 57 63 29 95 74 51 55 22 44 1 68 51 5 49 9 29 22 93 43 64 41 91 48 7 37 95 94 28 44 79 40 4 98 61 63 69 69 97 50 29 80 56 56 1 43 4 29 2 43 96 16 70 46 79 29 47 34 60 43 47 6 65 31 7 61 12 86 50 42 77 63 36 51 13 88 64 18 11 54 62 53 65 79 0 13 97 72 67 85 48 72 60 64 38 12 57 28 88 78 26 89 31 43 24 37 22 39 17 33 81 68 3 52 86 56 37 78 92 30 72 36 43 80 23 10 8 52 21 85 97 44 78 54 46 45 84 50 37 38 27 7 15 34 3 72 52 94 94 61 65 95 41 33 68 28 14 23 29 38 79 14 14 76 85 33 99 66 56 70 15 73 90 10 97 21 14 81 59 1 78 98 69 98 38 54 49 95 15 29 49 88 60 29 21 26 84 34 22 73 88 6 16 87 98 25 99 68 67 75 71 38 93 5 42 48 32 10 80 57 29 39 66 98 99 45 32 69 74 49 95 11 9 0 3 16 36 20 80 96 6 19 24 29 35 82 76 24 73 41 94 12 57 9 67 73 12 42 4 69 19 86 22 31 90 29 78 85 87 11 18 24 83 39 89 81 97 46 53 47 92 55 23 46 25 79 87 57 24 96 57 83 39 2 58 58 47 34 7 46 92 26 79 53 67 32 39 63 66 59 35 80 90 28 7 3 60 5 19 1 74 87 50 27 87 35 13 92 77 85 99 38 22 49 12 19 65 59 86 3 90 2 44 92 21 96 53 88 11 92 39 62 78 91 49 68 42 6 45 4 19 24 62 58 41 41 89 69 1 10 78 47 46 72 50 26 48 
99 71 93 24 26 15 7 64 48 16 3 76 52 7 75 25 53 8 61 77 12 1 87 8 79 99 6 37 44 77 31 76 41 75 1 74 44 26 9 5 2 88 51 94 92 30 24 24 78 84 28 51 91 58 2 97 21 68 6 31 45 71 35 91 90 50 21 29 31 13 48 84 57 37 21 23 93 72 48 91 98 80 27 14 87 58 14 92 59 43 72 21 53 30 65 23 82 79 48 54 85 65 79 97 53 71 12 23 41 71 14 42 80 46 17 74 90 82 99 94 83 82 47 30 91 4 30 48 85 24 75 72 92 92 62 17 95 1 49 46 99 89 99 46 62 75 18 8 10 70 35 13 12 50 36 42 66 31 9 17 64 7 45 71 14 90 35 95 85 76 48 9 83 8 87 74 7 62 4 47 33 10 81 76 66 46 30 34 68 0 87 94 17 25 63 0 69 9 39 96 60 13 12 52 56 24 33 14 79 73 4 19 1 77 99 84 65 72 14 80 36 90 27 91 10 78 57 34 15 51 25 26 21 66 69 13 32 63 70 98 42 38 13 85 1 36 93 51 25 34 95 51 22 63 30 93 37 34 10 45 2 74 82 71 3 91 77 26 6 27 1 3 60 31 73 92 33 68 9 36 62 41 74 72 30 37 4 99 96 1 30 98 21 84 45 30 69 18 41 82 23 46 7 16 93 58 56 56 52 74 96 7 60 5 3 37 44 13 0 53 14 50 19 19 84 45 84 44 21 9 0 37 5 30 7 70 70 28 91 85 24 13 16 13 32 42 65 65 1 15 38 43 82 31 98 99 15 39 43 68 86 29 76 76 97 80 62 7 49 56 62 80 68 24 65 13 92 68 61 68 47 19 20 70 62 54 82 87 22 1 79 66 95 18 85 42 23 47 72 85 
87 24 12 8 80 34 87 80 85 6 54 91 15 21 79 77 77 7 41 29 29 18 84 15 10 80 68 8 24 5 12 72 45 18 5 26 76 28 61 60 24 14 61 69 53 68 30 21 51 76 3 64 8 31 25 2 26 59 21 8 86 12 30 42 9 95 3 89 21 38 75 15 83 18 25 35 26 97 58 37 72 20 57 92 79 4 79 95 67 98 31 72 14 13 51 89 5 47 83 77 25 52 90 17 40 82 79 47 76 96 90 1 64 98 43 78 83 81 93 70 61 51 11 24 97 72 71 13 83 70 84 2 49 46 46 48 69 76 79 27 1 73 92 5 11 75 28 45 34 97 92 84 65 64 28 14 2 9 93 60 65 95 4 1 6 43 82 38 12 35 72 26 76 24 73 86 1 83 36 14 37 41 40 4 33 30 75 24 80 27 62 20 70 91 59 9 86 29 19 27 40 66 30 53 60 60 80 55 87 62 85 27 9 18 40 75 90 4 3 30 65 52 66 64 49 63 94 18 66 98 12 97 25 78 82 47 27 18 69 5 83 15 77 30 80 22 36 87 56 52 53 66 40 94 60 73 84 53 45 85 3 74 94 46 38 19 48 76 4 87 70 70 6 20 76 27 68 65 50 10 52 0 89 30 36 82 12 2 94 69 67 61 36 63 4 81 49 37 4 69 59 36 20 0 73 23 3 12 3 49 39 88 96 53 66 17 67 36 31 91 23 97 77 90 52 24 23 87 25 19 48 81 84 28 30 55 30 73 33 15 31 24 70 47 74 47 96 12 96 23 29 21 55 51 14 49 25 68 71 26 2 86 75 32 47 78 50 69 91 22 4 55 47 32 84 89 36 22 17 98 67 69 97 18 66 53 75 69 6 96 43 77 13 99 99 66 36 49 40 92 
67 25 5 49 95 63 64 30 64 90 54 19 76 16 28 52 36 93 47 82 31 60 72 89 56 52 56 60 51 30 33 20 69 44 86 40 3 29 64 24 73 62 94 79 64 93 61 75 10 63 75 80 84 32 1 96 96 9 48 81 44 93 1 87 75 69 55 68 79 64 12 81 10 91 43 47 57 84 37 46 62 29 95 80 65 35 47 73 61 8 24 62 47 98 59 47 60 1 8 98 79 19 81 12 89 61 1 82 28 56 76 69 33 90 30 33 90 51 1 8 84 83 31 93 45 88 96 91 32 8 31 60 79 97 79 78 89 64 25 40 1 67 69 64 0 13 65 12 23 10 92 34 55 80 34 28 32 65 71 96 63 94 7 76 67 91 25 18 18 24 27 74 49 91 80 24 1 7 7 55 44 61 60 94 71 5 64 83 89 79 21 41 61 66 34 98 47 45 44 80 88 4 46 63 58 57 83 24 74 80 53 61 49 44 16 8 57 75 31 0 45 3 58 26 30 69 72 5 7 91 35 92 39 69 43 79 66 13 91 80 57 44 58 55 50 82 12 81 72 5 79 17 78 61 29 55 74 83 75 37 84 76 39 27 15 23 69 91 91 95 59 89 56 14 3 95 40 53 9 20 3 85 5 2 82 65 26 49 61 92 80 30 60 41 68 36 21 70 1 98 3 55 81 94 2 75 88 28 29 19 43 49 44 37 29 13 32 78 50 3 27 48 22 17 36 75 9 48 95 18 6 56 17 36 25 43 99 52 8 66 43 65 85 37 14 86 98 8 19 85 37 25 73 43 18 53 97 20 58 33 42 78 41 18 65 31 68 4 46 30 47 82 52 95 20 63 33 64 81 2 17 58 34 36 65 68 87 58 5 40 85 81 67 68 54 67 62 56 93 50 
9 44 46 43 50 97 36 83 57 3 69 76 17 85 94 67 0 52 95 17 78 53 31 52 36 34 16 11 74 75 90 68 19 53 5 77 39 14 28 33 34 38 15 1 87 46 13 59 79 31 2 37 43 93 15 20 87 33 92 54 12 43 24 59 40 60 11 77 41 43 68 94 52 43 26 81 51 68 58 34 28 37 29 54 44 50 58 7 18 89 33 29 4 2 33 62 36 2 13 57 27 33 33 57 91 92 67 76 77 37 37 22 45 10 84 4 44 66 95 9 31 61 16 95 94 42 97 33 0 19 47 68 13 18 11 27 35 98 62 79 49 87 67 70 89 93 98 12 53 69 96 68 20 15 76 9 11 76 68 72 26 55 8 15 3 54 57 82 64 9 54 9 3 75 4 63 56 63 96 1 62 77 73 70 87 49 38 86 25 72 73 56 7 90 80 36 45 83 72 84 27 76 84 15 88 45 79 4 1 68 57 56 47 89 47 50 91 32 17 6 65 82 80 40 67 7 8 94 71 67 32 37 34 89 43 68 2 56 65 1 86 60 86 52 96 60 46 49 64 40 54 5 67 77 98 24 67 92 56 50 29 55 80 56 30 70 84 76 94 26 37 79 98 95 79 97 49 31 69 54 30 12 13 88 24 50 7 89 25 99 83 54 51 79 8 1 92 48 50 67 93 57 16 36 29 60 87 59 95 66 93 1 17 30 13 14 70 46 66 22 35 57 2 25 81 95 9 44 62 87 6 70 77 70 29 23 31 53 86 35 36 9 33 98 17 76 99 43 27 63 36 91 79 93 84 72 48 43 87 69 50 86 76 40 76 73 9 57 60 36 77 80 57 95 46 2 22 67 74 92 97 53 88 45 15 41 26 65 62 50 53 5 63 51 39 57 64 61 64 12 
1 42 52 82 63 45 96 48 52 59 31 76 30 54 35 7 26 67 48 39 48 98 56 92 4 88 35 1 3 16 9 99 72 74 58 54 36 68 86 81 68 12 85 67 29 88 60 77 64 76 25 54 51 85 87 44 47 6 94 77 0 36 33 42 90 74 68 3 74 86 60 55 52 17 45 38 5 36 92 72 44 12 94 67 57 99 47 27 31 53 65 53 11 46 99 14 39 16 10 1 27 15 7 8 93 43 75 51 28 94 95 82 52 51 42 61 8 46 39 48 88 9 95 55 76 82 44 58 68 82 39 13 93 21 51 20 12 55 30 1 77 78 44 46 99 41 21 48 27 85 44 92 58 29 14 41 82 8 43 70 23 86 31 30 50 90 59 13 91 90 23 73 12 92 19 9 33 65 37 69 81 95 50 22 5 3 82 30 35 35 85 87 18 80 87 8 60 28 72 25 16 59 89 85 81 27 10 1 2 12 52 58 60 77 84 46 29 53 48 35 54 65 26 56 32 54 35 28 2 93 38 4 2 1 25 44 44 24 78 57 15 38 54 14 99 15 15 52 98 76 84 62 8 16 33 37 40 66 22 69 36 97 12 40 96 99 78 59 9 15 94 93 50 71 88 26 14 81 18 5 41 72 53 50 11 61 78 39 56 46 21 35 2 42 90 71 48 2 93 28 5 80 68 38 16 39 54 48 73 66 42 80 88 40 7 92 0 91 11 73 19 56 63 26 92 75 77 80 1 30 1 45 2 91 16 31 89 77 47 27 24 84 78 97 36 86 60 18 55 56 17 71 73 65 37 71 14 71 49 92 3 7 91 34 57 35 31 21 78 87 47 72 31 65 91 57 46 84 78 11 41 50 27 37 90 44 87 93 88 51 89 46 62 25 11 46 79 22 13 2 
85 7 32 53 10 26 85 35 76 47 53 87 36 63 75 56 42 35 48 45 54 63 58 90 90 11 32 93 18 46 65 84 52 82 95 36 21 7 39 55 56 19 2 59 6 97 5 23 1 48 80 70 33 3 19 20 95 35 15 15 80 88 36 83 81 55 95 49 77 95 37 50 40 19 32 94 25 8 66 79 71 96 68 44 91 22 49 9 17 95 11 48 83 51 13 61 78 76 42 79 4 72 76 31 54 1 8 60 23 46 86 43 88 31 52 67 49 89 92 72 64 63 97 89 29 57 25 28 10 31 72 74 11 64 56 86 21 87 50 18 6 73 92 11 20 5 63 40 40 97 3 74 40 17 41 98 1 44 39 67 45 73 46 14 91 56 16 20 28 38 69 23 68 39 93 23 68 41 90 18 46 20 10 85 86 68 65 57 30 42 64 11 82 62 16 72 50 20 73 76 29 18 70 59 48 50 0 68 98 1 13 89 33 54 82 59 68 95 52 16 34 65 52 67 55 58 21 47 46 76 83 78 79 91 12 38 2 27 34 9 7 11 3 2 47 85 63 60 92 83 72 86 8 77 58 23 95 93 94 67 82 67 41 62 62 61 12 1 34 49 22 22 96 72 84 31 54 47 68 59 56 20 22 36 32 68 15 75 66 66 58 92 45 58 51 9 62 99 78 15 0 46 1 28 60 52 77 83 29 98 90 11 98 98 21 65 34 44 94 68 64 50 26 71 9 30 26 42 95 82 41 77 68 0 42 58 58 58 90 55 36 44 25 47 12 8 14 1 58 31 40 57 50 49 69 20 21 85 50 2 78 54 57 10 58 16 67 56 56 32 22 41 83 81 80 8 0 16 68 96 64 75 40 7 50 43 48 45 85 11 82 32 57 99 7 34 34 82 93 79 
77 16 30 32 62 59 99 16 93 20 8 71 61 9 87 61 25 76 15 48 17 18 55 60 45 32 27 97 16 74 22 90 80 95 93 9 81 13 71 2 51 57 18 69 39 84 16 43 67 99 45 96 49 0 9 90 90 11 44 8 69 56 90 69 59 53 84 19 32 30 88 75 38 35 1 95 3 42 37 85 33 97 39 46 29 6 58 39 37 58 79 2 71 39 8 72 69 10 30 66 51 19 85 58 13 93 89 83 78 73 95 68 77 63 20 52 53 36 25 66 92 34 4 11 88 64 65 32 66 57 84 86 94 40 71 83 39 81 3 99 34 22 48 79 93 50 69 96 2 78 36 43 69 39 53 64 98 15 85 96 38 55 90 76 65 41 61 95 37 45 55 63 57 89 28 54 63 93 57 22 70 40 64 55 7 37 85 80 95 36 67 21 73 1 47 59 17 21 80 80 68 6 12 61 17 90 2 6 9 87 81 69 98 49 16 61 13 99 78 75 57 55 55 41 56 29 12 87 16 37 56 44 20 84 35 75 64 64 51 57 18 35 61 1 83 51 77 69 61 34 37 62 42 51 31 71 5 75 68 41 47 62 28 95 49 71 8 12 33 69 27 14 74 42 72 14 31 80 6 63 54 50 93 12 25 94 80 68 5 13 52 96 11 54 72 92 44 62 70 9 71 15 53 54 24 48 14 97 0 56 0 72 32 59 95 57 29 70 69 2 5 85 95 88 54 93 77 35 23 55 85 97 12 99 97 3 54 33 48 1 28 53 98 3 63 13 90 62 28 51 99 20 87 4 18 50 42 13 35 4 7 52 10 68 35 73 68 32 43 76 22 70 5 30 49 77 15 64 75 81 77 35 49 82 64 54 29 73 54 0 77 24 81 22 57 43 36 72 46 22 
7 31 7 12 2 98 5 89 24 99 77 1 44 33 69 25 85 19 99 13 18 60 80 98 59 72 61 4 95 54 18 0 22 48 68 96 70 90 61 47 22 79 77 67 85 44 19 64 61 55 17 51 77 19 92 6 95 16 19 30 36 93 81 2 37 52 25 86 47 94 18 71 73 32 15 21 0 89 32 27 35 53 34 66 61 53 32 40 0 96 46 22 39 22 38 44 26 71 89 4 16 46 19 94 45 90 86 30 74 8 80 50 85 10 23 62 9 64 32 5 90 34 51 18 60 89 66 23 66 1 28 72 45 5 13 91 98 21 11 94 5 25 78 86 86 22 47 39 81 35 61 17 8 12 34 9 8 61 17 42 65 73 3 69 14 17 23 83 65 28 1 38 10 87 47 95 46 25 95 94 49 5 31 98 4 86 50 19 5 64 14 85 32 60 62 71 55 12 82 68 36 88 57 81 86 92 82 15 73 91 10 14 69 99 57 58 85 86 79 1 24 4 89 81 5 66 80 83 48 75 93 24 41 45 38 39 47 26 52 32 71 92 97 52 46 93 68 44 63 39 26 98 18 10 84 37 90 67 86 36 58 78 38 75 70 79 61 21 86 94 1 41 12 7 48 54 34 87 59 85 78 76 87 18 25 98 76 69 57 75 72 91 59 76 98 83 17 6 66 66 84 88 12 83 0 81 46 94 66 96 39 83 7 34 45 98 31 36 88 42 44 74 12 34 80 15 3 30 4 81 16 38 0 52 9 40 71 34 0 40 31 57 88 60 20 85 77 33 3 44 13 63 86 79 13 52 66 25 53 71 89 61 99 2 9 49 57 46 61 50 73 91 27 63 93 44 58 36 51 47 24 29 22 16 51 47 33 86 3 55 55 7 59 7 28 9 37 32 64 9 
3 20 22 3 4 56 50 6 25 1 90 29 28 88 89 2 71 70 57 42 5 77 26 85 2 13 39 79 23 5 5 11 95 38 58 64 60 96 92 98 26 58 74 26 62 33 98 91 13 8 60 22 22 79 22 61 70 11 60 57 23 24 5 22 39 98 86 22 77 5 99 52 27 60 76 46 58 64 38 42 75 92 39 89 64 36 38 72 15 7 37 14 77 33 55 14 29 1 34 54 49 81 86 41 98 27 60 93 60 36 9 16 20 24 53 64 82 13 78 28 89 71 49 54 37 63 92 9 31 15 85 64 58 82 10 84 5 51 77 68 64 55 82 59 45 6 79 33 80 27 87 91 8 12 26 73 39 96 56 5 71 11 47 50 95 50 3 45 82 24 4 30 46 79 2 22 44 47 88 11 77 76 17 65 20 10 56 28 3 2 98 14 79 67 90 6 72 13 36 1 28 77 44 36 34 57 57 73 78 55 77 39 7 84 59 61 73 45 89 38 61 70 7 54 14 25 31 23 13 21 89 38 70 43 54 32 4 21 5 57 39 45 30 84 21 61 14 75 48 37 58 52 65 44 14 63 67 70 57 82 26 9 83 55 74 26 50 33 45 23 49 61 20 67 22 78 83 33 22 75 23 73 26 76 80 51 24 48 32 50 34 30 35 96 10 61 67 98 71 76 63 34 95 54 43 39 85 81 9 49 29 78 43 10 10 16 52 9 80 2 64 88 26 71 12 59 73 46 77 3 81 31 15 16 28 78 65 50 13 14 96 9 26 79 53 44 21 36 78 52 71 56 19 74 18 41 45 26 13 41 64 84 2 25 38 43 3 59 11 28 84 24 54 37 7 14 59 39 89 62 39 1 88 58 53 70 22 37 71 9 45 91 52 26 43 50 86 84 48 97 
32 1 70 88 12 37 41 36 71 27 6 84 93 64 32 96 18 5 1 82 76 43 94 18 1 13 43 91 61 54 37 6 15 0 68 44 83 4 71 72 64 79 53 50 86 4 79 7 35 79 16 60 61 49 88 57 0 69 91 27 14 27 80 8 46 63 29 94 57 20 50 94 42 37 34 2 9 35 8 38 54 64 46 88 11 68 34 53 3 50 6 34 44 93 61 74 76 24 98 30 75 83 33 87 44 75 12 50 37 23 76 46 60 32 64 73 24 58 40 28 31 84 94 48 69 61 41 85 89 60 43 74 98 13 21 13 8 74 4 25 60 57 78 1 2 58 33 51 50 99 95 53 41 70 19 34 20 31 20 32 0 83 19 12 29 52 85 83 69 17 89 56 85 77 87 17 62 23 74 55 51 93 91 4 83 9 6 51 9 19 37 19 23 72 79 24 23 91 38 10 31 22 32 34 0 43 10 54 22 43 31 76 9 22 27 10 74 5 99 88 68 61 8 58 73 13 26 12 86 41 36 28 26 79 92 75 41 2 36 82 60 70 3 70 51 64 44 70 67 66 33 24 41 48 87 14 31 92 57 50 37 71 38 12 54 13 87 27 28 56 21 83 22 60 50 18 21 73 26 0 9 99 5 39 20 89 3 54 71 66 27 97 44 97 81 46 83 20 50 99 97 87 64 85 86 36 90 99 47 29 24 25 15 90 30 69 17 48 95 95 38 63 13 14 59 27 4 31 42 32 15 90 64 4 5 58 62 63 92 17 36 98 70 15 35 17 17 15 24 73 69 32 76 78 51 52 13 52 60 42 93 17 2 1 98 98 62 20 25 69 23 4 15 99 1 53 12 69 66 72 14 0 45 69 94 13 32 59 93 82 36 32 1 78 54 54 77 83 84 30 
51 58 37 93 21 3 93 64 94 70 0 97 77 52 16 90 98 34 41 43 92 83 33 35 27 24 40 40 2 89 70 97 12 34 78 3 11 67 65 22 89 75 63 72 86 39 78 92 61 50 17 45 27 40 54 61 29 67 19 36 18 38 54 4 48 4 15 55 89 3 74 74 41 86 97 11 94 19 38 46 56 37 25 92 58 57 12 98 69 87 40 56 87 0 80 79 63 78 76 91 11 7 87 49 26 29 59 22 71 77 77 4 86 39 20 81 97 89 59 80 69 0 43 35 23 31 97 30 61 38 44 21 77 98 9 18 84 77 72 39 71 81 82 63 22 3 47 98 5 50 54 85 23 61 27 73 48 45 65 42 78 33 91 49 40 13 56 33 23 34 41 24 61 82 14 29 98 19 10 93 92 2 34 37 18 60 45 98 8 73 47 78 50 50 19 1 66 9 47 22 48 76 37 72 24 25 8 57 85 5 68 46 48 62 38 34 42 23 8 99 26 98 83 46 10 79 14 39 73 28 78 26 29 78 14 68 26 3 41 40 79 86 37 27 47 34 15 26 82 47 88 28 10 25 87 67 24 46 56 83 23 34 50 96 3 58 88 59 82 62 97 24 47 58 62 38 47 6 21 0 60 64 11 95 16 78 9 4 26 48 82 79 66 77 75 28 75 66 33 21 24 70 63 28 23 16 7 75 50 89 19 61 27 77 59 6 48 32 13 1 10 17 19 37 65 59 0 31 43 55 6 27 28 81 40 49 35 98 28 92 14 44 13 87 67 91 8 64 25 53 0 43 42 89 53 97 64 70 18 24 77 48 65 71 26 33 99 98 45 38 3 11 74 24 48 5 97 83 91 66 22 55 77 97 48 68 25 89 22 52 93 3 7 43 86 20 26 56 85 95 
82 77 7 43 14 59 8 84 63 31 28 66 52 43 61 7 58 97 33 7 53 65 64 45 99 66 37 23 88 60 85 40 74 27 30 97 2 41 20 38 82 83 66 55 84 73 44 26 31 22 69 74 48 95 43 37 52 87 8 34 88 78 92 78 45 99 92 76 90 12 49 94 34 25 10 10 34 53 21 89 27 57 80 7 79 41 83 43 26 40 50 96 50 29 41 96 24 11 70 76 74 98 34 56 32 43 19 41 70 47 97 40 69 19 35 84 6 58 80 7 17 65 33 49 15 87 41 62 97 13 96 57 70 16 60 73 18 63 46 51 37 34 83 36 15 63 66 12 65 87 33 86 21 40 58 94 1 42 72 89 89 98 61 8 42 66 79 72 38 79 66 72 65 87 0 75 20 47 88 56 81 24 51 75 94 7 76 26 18 7 25 64 57 58 46 8 2 36 86 25 66 55 12 65 0 58 8 72 40 65 45 50 20 49 17 23 32 52 99 69 48 46 97 23 20 53 55 2 78 34 86 49 12 25 7 17 4 23 6 16 96 14 7 81 71 61 20 49 23 25 65 44 29 79 91 47 97 82 51 28 15 19 86 71 82 92 0 76 19 10 34 77 70 94 95 37 67 49 92 89 91 83 96 94 79 41 52 59 10 83 54 52 3 73 7 99 82 31 27 23 72 98 9 66 51 9 92 63 26 54 36 19 60 81 44 63 64 26 0 27 74 90 73 2 52 94 4 50 51 83 51 93 70 25 87 11 87 30 35 70 82 34 96 0 83 17 18 88 67 44 57 0 41 48 76 0 52 71 10 87 93 96 25 22 3 9 95 45 31 3 91 58 13 1 93 63 46 21 14 64 52 24 62 68 91 32 22 32 77 75 96 82 44 86 92 38 46 59 6 51 
61 6 42 96 21 93 51 56 71 94 87 87 67 50 17 70 40 92 92 42 14 68 79 23 72 4 85 98 51 66 64 21 27 88 0 7 16 24 5 72 72 8 49 41 8 61 7 87 36 78 25 36 34 92 43 39 13 8 96 21 58 12 84 60 7 69 34 79 28 4 64 10 3 35 6 11 19 11 51 77 23 12 86 84 91 84 83 73 31 88 40 52 83 63 94 15 15 36 36 29 0 55 40 54 10 87 83 40 28 78 46 47 81 48 94 81 20 60 68 10 26 41 89 98 98 72 27 46 94 83 89 99 92 25 88 61 11 43 31 33 79 59 95 77 86 46 94 88 73 92 73 48 30 98 40 31 51 79 55 94 87 4 98 32 48 12 72 2 53 20 92 89 96 34 75 64 14 40 54 88 14 39 15 97 72 61 13 11 11 76 93 6 72 96 26 89 56 67 29 25 80 38 66 4 19 74 70 11 42 61 1 97 27 15 17 13 14 0 87 67 24 43 62 78 88 63 98 36 92 29 3 90 71 21 74 66 41 69 71 71 8 76 52 23 44 46 44 91 17 93 27 18 55 43 89 82 75 41 22 28 44 55 77 70 4 93 64 28 64 57 78 2 86 94 78 71 77 21 99 11 78 14 29 12 53 97 79 3 73 37 69 49 84 57 44 80 90 85 7 1 10 71 96 46 82 91 12 4 22 44 63 61 51 44 40 26 76 9 7 36 54 96 31 80 65 99 3 81 70 94 32 93 49 91 73 55 34 11 9 19 24 2 20 41 98 34 0 99 6 39 90 22 54 98 25 60 89 64 27 12 50 56 22 5 35 17 96 91 76 69 46 34 77 77 33 96 42 6 42 27 33 63 20 80 9 95 27 26 9 89 96 57 39 11 22 68 34 73 26 28 
14 18 62 67 90 63 67 82 70 82 18 75 35 44 60 38 56 71 32 40 58 67 65 44 41 67 63 6 64 30 99 53 79 47 82 30 88 77 29 33 40 55 75 62 35 3 19 4 25 18 65 96 50 72 94 82 28 67 38 7 56 85 90 95 39 78 58 61 45 91 4 63 39 21 82 40 9 76 40 35 53 27 38 46 55 68 88 54 37 61 95 84 94 50 15 97 94 7 97 94 51 93 80 95 19 48 66 54 44 19 12 58 69 63 54 4 15 37 55 56 2 31 37 81 6 61 99 79 8 0 32 25 45 58 52 98 32 3 76 10 46 44 94 49 39 22 73 48 64 17 78 65 61 34 28 0 72 2 74 5 77 55 18 44 78 84 92 19 62 60 55 79 2 15 55 65 25 44 48 49 45 30 14 64 44 58 22 43 88 48 43 52 65 46 36 69 56 53 77 82 93 61 0 54 48 79 39 1 57 65 87 72 86 50 31 53 53 98 60 33 30 92 87 75 32 43 22 47 30 34 59 91 73 51 35 93 37 41 25 37 61 92 21 76 63 5 64 73 19 84 13 62 58 46 57 7 6 90 39 87 36 14 65 95 51 78 39 51 35 89 6 94 32 74 43 53 35 81 93 11 38 50 71 11 80 10 82 22 47 69 3 24 54 3 92 53 5 93 49 72 91 35 77 2 94 23 64 52 77 77 39 99 73 65 82 27 88 4 30 47 48 62 59 22 20 63 15 1 48 86 24 1 5 38 11 44 39 59 89 15 46 48 62 13 22 69 87 15 23 99 72 79 95 23 39 73 78 7 83 56 93 47 53 41 58 16 19 5 90 34 82 20 47 3 97 10 76 37 50 41 71 21 28 32 50 6 66 66 28 39 16 45 82 37 7 88 80 3 22 55 
37 7 26 99 68 34 53 53 95 83 58 35 38 48 52 93 31 4 89 48 83 43 9 40 57 20 55 39 49 88 43 73 36 40 65 15 45 25 77 23 39 89 88 57 10 45 73 66 28 12 79 63 33 63 31 58 28 95 21 45 59 79 51 48 37 27 32 92 66 7 94 39 32 72 11 89 89 63 98 95 91 64 33 84 27 58 61 26 1 36 84 58 56 3 22 82 29 5 19 82 32 69 68 5 31 56 84 45 93 8 37 73 10 94 35 74 54 42 47 84 15 81 16 55 62 10 35 89 96 74 73 66 93 84 2 29 90 33 58 69 24 70 74 36 32 39 96 98 24 13 83 85 9 39 79 7 23 66 47 29 22 9 35 19 15 46 40 72 30 62 42 27 97 26 2 62 77 43 16 42 95 28 99 56 53 90 26 82 58 92 53 69 24 19 33 77 12 99 3 1 40 8 32 85 8 76 56 45 25 50 89 24 5 90 35 5 18 86 0 9 43 28 26 89 16 85 85 73 50 13 51 60 38 8 83 70 73 0 10 88 92 40 60 91 76 61 4 16 72 42 66 43 98 2 73 17 80 21 38 98 8 38 15 10 42 64 75 3 87 70 41 72 58 96 40 16 47 19 26 90 83 84 87 4 27 93 15 58 62 47 26 40 13 48 4 18 34 16 78 99 97 9 76 24 35 7 86 66 1 97 96 98 15 2 73 4 50 3 76 91 40 85 42 83 79 1 34 0 68 10 86 34 28 94 8 48 35 29 25 73 44 79 82 29 37 93 32 52 35 14 23 12 93 25 65 4 97 41 24 81 87 24 15 12 57 21 40 60 2 90 31 94 59 73 94 46 11 21 62 15 66 3 28 57 28 33 72 6 43 70 70 64 74 43 42 70 8 38 50 21 
12 54 72 48 78 2 14 93 34 21 80 94 43 61 40 79 91 71 58 26 9 39 45 65 43 19 98 67 25 17 54 70 74 84 10 83 17 12 66 22 34 31 65 43 15 66 79 37 89 72 44 91 99 51 25 77 37 8 40 27 29 77 45 23 62 86 26 75 8 1 47 2 76 93 86 52 12 52 41 4 94 43 77 89 5 31 61 70 0 38 48 67 58 96 23 77 14 98 94 61 99 86 28 8 50 16 2 69 47 5 28 31 14 26 58 72 64 23 78 63 44 36 93 98 33 0 91 71 36 29 46 40 83 39 22 96 18 16 27 36 85 27 83 14 85 95 47 21 62 27 7 81 9 36 4 96 27 6 98 89 34 58 70 4 6 15 17 99 35 77 37 59 33 10 24 93 11 31 27 75 36 58 57 98 3 72 64 62 91 82 63 60 42 35 77 10 29 28 36 96 60 50 61 70 54 68 8 53 96 54 39 39 71 53 7 65 34 17 18 27 24 15 83 27 98 10 71 73 61 40 16 75 83 60 55 63 90 64 66 25 41 48 82 39 33 37 79 42 39 78 65 15 12 46 57 74 1 72 45 38 60 0 64 4 91 35 30 28 32 81 70 50 80 36 45 37 71 20 66 38 56 1 62 47 86 36 98 34 19 45 51 43 0 80 61 64 4 3 55 80 19 24 2 46 78 80 39 52 54 30 6 4 90 32 25 2 62 67 86 77 84 25 96 90 3 36 31 78 78 64 25 68 9 85 79 79 36 6 69 65 25 85 7 68 10 24 25 24 3 3 80 30 28 76 13 6 43 43 69 15 29 54 89 95 41 72 0 93 16 83 63 87 47 19 52 7 82 65 91 49 55 66 44 86 79 65 89 52 39 31 79 54 41 12 23 97 99 16 95 38 
16 79 4 86 2 26 66 40 8 11 10 46 81 30 16 23 69 29 73 75 95 82 6 55 66 79 58 38 55 66 40 16 30 65 1 31 49 76 81 63 87 89 59 6 58 21 42 96 58 8 68 91 94 33 70 54 84 35 14 7 25 26 20 71 20 51 53 49 64 65 67 85 50 29 5 18 76 85 42 5 74 14 3 9 74 3 94 0 43 96 8 59 14 20 91 21 13 47 85 92 7 79 39 61 95 65 41 65 80 87 9 59 9 91 62 27 50 70 79 16 91 77 8 7 68 88 48 36 33 70 8 80 18 85 83 23 85 34 14 59 94 14 78 13 24 58 20 16 54 28 64 43 41 36 9 25 52 62 0 91 40 4 63 58 21 34 92 12 48 8 33 4 22 4 90 4 5 33 46 29 34 58 66 95 35 63 96 51 82 53 54 79 22 69 41 65 20 39 1 18 12 63 26 5 57 51 61 6 46 38 95 56 87 28 37 66 51 51 44 85 23 34 99 31 3 56 99 2 39 24 19 8 69 78 48 21 65 64 14 13 65 34 48 12 59 26 40 28 99 0 86 18 17 57 27 27 3 95 77 0 14 5 93 23 11 70 44 44 4 11 78 56 20 48 44 41 11 92 11 31 53 74 14 38 94 66 73 91 10 80 42 79 98 49 16 89 30 55 49 59 72 8 24 52 29 14 12 80 20 21 28 69 20 12 39 61 29 21 41 92 44 12 87 95 57 9 15 5 82 25 56 13 91 26 65 88 78 98 71 96 12 27 72 17 39 87 34 99 49 69 84 9 57 94 91 29 45 94 32 83 24 36 48 14 60 91 84 36 18 41 66 49 28 40 6 92 84 44 94 25 96 80 22 67 97 68 95 20 24 62 40 80 74 83 66 67 59 13 42 41 
33 83 29 64 61 17 56 89 90 92 71 71 25 40 18 36 17 40 26 72 12 25 61 31 21 32 42 98 55 21 71 30 71 68 19 56 14 29 98 16 61 18 11 99 44 22 9 30 95 27 73 18 39 53 55 48 18 49 63 6 62 35 46 71 80 12 53 5 78 38 13 58 65 5 12 67 41 53 7 9 49 9 12 48 51 96 21 24 15 39 10 40 75 90 80 80 8 30 34 52 23 86 85 45 70 76 98 58 84 15 95 75 89 38 46 21 11 96 0 94 30 42 50 86 74 44 96 18 67 11 27 64 68 42 77 87 76 24 86 21 29 38 65 46 29 38 31 82 95 75 7 6 45 69 80 51 51 71 23 56 1 79 88 37 49 58 89 36 47 77 80 26 76 79 50 13 80 32 53 9 63 45 63 53 42 33 83 44 83 36 64 75 22 26 24 64 18 38 99 91 83 67 79 48 77 74 26 17 17 17 81 9 90 8 32 70 68 19 0 27 96 87 28 1 38 84 71 63 38 73 88 92 13 30 0 12 96 51 36 5 18 58 82 15 70 15 17 5 35 77 30 98 95 28 35 44 94 16 90 85 64 77 15 63 99 1 90 48 17 22 5 41 22 20 10 22 75 1 95 55 23 0 98 13 40 46 8 52 60 95 65 67 89 80 42 69 34 57 82 7 5 18 92 30 37 10 9 18 59 27 17 55 76 11 16 22 68 18 11 52 78 93 67 51 94 67 41 53 83 42 3 37 38 92 34 54 3 35 16 55 95 69 8 21 70 76 87 71 65 72 21 20 18 50 61 32 75 74 25 3 1 36 2 83 46 48 74 12 56 6 23 82 3 59 67 49 45 89 76 0 5 56 82 72 54 82 70 38 44 28 14 20 47 91 18 16 39 46 97 9 
0 36 13 2 51 80 35 12 45 91 98 79 70 6 49 36 52 1 39 26 30 71 67 83 79 58 84 0 79 30 59 31 39 9 95 19 92 38 91 57 42 50 98 70 30 42 83 25 18 94 36 43 71 33 17 80 20 63 20 32 41 63 59 41 42 13 0 66 60 87 56 16 8 42 8 33 68 71 20 87 51 14 24 1 29 31 7 48 57 64 5 99 48 98 70 47 75 35 85 98 37 4 94 30 16 78 86 86 16 22 35 20 51 89 83 5 10 37 18 29 44 26 8 85 42 3 3 70 3 37 93 35 21 20 4 14 32 7 15 11 21 75 44 66 18 11 27 58 36 71 74 50 36 12 88 2 46 38 47 5 27 81 29 62 94 53 31 33 29 13 97 83 17 30 72 12 84 11 49 20 81 44 70 12 17 28 98 91 64 79 61 64 9 32 21 18 51 1 90 93 8 16 29 75 47 75 51 91 77 91 76 16 63 86 42 29 3 44 78 87 16 90 14 0 47 94 20 43 3 58 6 16 68 8 66 50 75 81 16 9 93 21 18 97 89 11 71 60 46 37 59 51 6 86 50 44 4 70 66 2 48 30 78 65 8 17 49 4 9 77 84 25 96 42 47 43 7 56 73 73 94 19 97 10 18 36 48 40 3 6 28 22 93 14 11 49 62 2 81 57 77 7 38 36 78 62 24 95 53 8 7 17 96 70 5 80 88 32 32 45 10 76 94 59 30 57 17 55 25 0 19 26 88 7 39 52 99 97 68 55 11 45 42 19 30 10 55 45 97 82 36 22 80 97 80 29 35 29 15 47 93 15 47 22 64 25 23 96 52 62 89 58 45 25 81 16 41 26 6 78 11 81 61 51 5 21 20 45 96 16 2 70 29 83 4 53 46 36 29 68 
59 42 84 57 71 65 41 22 78 43 11 50 11 47 54 88 77 99 45 46 21 95 9 79 59 84 18 52 91 66 73 81 10 29 12 78 85 33 42 67 79 89 78 93 62 46 1 34 16 61 41 33 63 26 81 38 46 93 46 14 1 25 13 90 27 47 54 32 99 49 47 55 58 28 6 0 6 99 26 68 78 29 17 68 60 89 97 59 78 95 32 31 98 46 10 31 0 92 81 99 9 21 92 0 85 60 19 58 73 18 66 79 83 36 72 77 97 19 50 99 16 43 11 88 48 12 71 49 12 64 23 16 60 76 87 68 6 20 98 51 5 94 61 38 83 14 98 12 43 38 35 57 14 22 44 32 5 29 5 3 50 62 32 82 74 28 49 31 56 86 47 24 64 77 58 89 98 3 77 52 80 16 57 46 61 59 79 3 36 55 31 93 32 59 17 57 29 75 37 71 43 64 29 48 89 33 14 92 13 39 15 73 77 82 28 88 13 17 91 6 88 99 43 35 41 31 82 34 15 74 81 86 34 35 97 23 4 51 24 48 74 33 72 11 47 47 99 53 91 91 76 4 27 93 5 54 61 54 82 28 70 60 89 15 3 14 26 77 48 3 93 8 30 66 5 98 21 81 99 21 45 18 59 57 68 21 27 54 4 43 2 51 85 31 6 79 49 91 85 3 43 85 64 60 66 18 21 27 46 34 91 82 61 66 52 54 71 87 54 81 18 16 77 44 95 29 20 72 8 16 29 17 28 8 90 13 24 9 25 54 16 80 52 38 21 79 22 73 84 78 44 97 51 59 8 42 90 55 58 73 45 18 43 65 19 6 94 78 18 63 73 25 10 77 61 73 11 64 66 28 99 7 57 5 11 29 14 41 1 93 88 99 26 93 99 89 21 33 78 51 
59 35 16 18 88 70 75 9 10 71 99 91 92 35 65 21 10 22 72 65 48 51 88 48 48 37 24 92 48 94 79 37 23 22 59 40 90 58 58 84 65 46 66 93 24 11 42 74 93 97 18 3 31 52 71 31 75 54 7 2 69 80 47 19 17 56 33 24 76 27 77 81 58 14 63 30 33 74 75 35 98 92 79 66 98 74 32 0 4 79 59 48 32 41 70 57 87 5 27 97 18 47 45 93 64 27 81 58 76 43 54 20 2 73 36 99 81 83 97 24 61 21 49 49 2 39 75 91 4 73 85 83 40 43 45 23 31 12 0 62 94 93 80 26 10 13 96 5 60 64 6 10 8 93 0 85 25 28 31 38 40 99 42 66 78 27 2 23 99 99 57 85 5 89 56 92 60 24 92 80 31 85 4 82 35 72 97 1 95 10 82 29 67 97 58 27 52 95 15 85 44 54 48 71 15 43 63 2 26 14 11 88 39 73 79 73 36 13 80 68 58 13 79 37 21 45 19 73 35 98 93 50 74 78 56 21 74 91 56 21 7 34 98 82 10 38 22 26 65 99 12 50 8 47 78 44 75 28 62 4 41 42 79 1 30 43 94 30 52 88 96 88 74 70 24 45 53 42 2 1 16 89 81 12 19 11 45 53 59 65 54 53 72 81 98 35 82 25 94 58 64 7 18 23 61 8 83 21 29 70 26 63 8 8 1 73 85 20 85 65 10 46 84 11 78 60 10 22 3 67 11 26 77 77 99 55 3 41 56 83 8 26 11 91 61 88 73 17 77 47 13 6 92 65 31 30 57 74 82 16 30 19 61 44 73 44 55 95 64 97 21 66 16 98 76 45 63 93 24 25 19 16 46 35 74 84 33 27 55 41 59 81 97 63 85 27 47 76 9 95 
8 39 42 98 24 29 54 57 98 26 3 68 15 35 15 64 50 69 14 45 38 95 24 55 6 88 75 8 47 59 93 19 67 69 42 4 19 49 49 76 50 92 53 14 53 3 18 14 18 20 95 52 49 62 2 28 91 17 54 21 1 67 13 12 37 89 34 99 71 40 36 61 3 36 40 27 69 1 99 16 41 47 52 17 48 48 56 28 86 80 31 93 53 94 78 61 78 76 22 67 99 71 36 81 73 68 84 32 15 2 7 14 10 56 48 99 15 82 59 97 86 3 73 13 95 50 79 99 18 70 1 12 3 97 72 82 40 68 67 48 91 91 66 28 55 93 8 86 5 79 91 25 58 56 73 95 4 4 6 68 18 86 55 39 67 28 13 94 85 58 90 88 13 15 39 95 67 4 11 30 28 77 3 7 96 73 79 53 34 39 27 94 0 42 61 47 91 90 98 85 18 24 16 26 82 33 31 23 70 42 30 76 8 26 92 88 31 62 98 27 62 29 19 41 89 20 19 93 87 33 8 6 20 24 62 36 44 96 53 2 88 94 93 95 15 71 89 23 55 65 94 84 9 0 30 87 78 13 52 64 55 23 99 49 0 52 39 14 29 37 26 34 77 86 19 24 38 72 39 44 28 60 53 84 45 29 15 58 17 45 41 76 72 48 98 86 32 5 45 86 15 80 42 62 25 44 16 57 81 77 89 95 42 33 88 19 24 48 39 54 64 80 57 5 32 50 41 1 62 18 36 42 64 33 68 47 52 97 85 20 64 85 64 1 89 98 34 10 48 77 37 53 38 81 65 24 80 55 6 23 93 61 93 30 86 56 12 87 46 49 86 97 88 86 59 93 57 80 48 99 35 83 90 49 90 18 81 32 77 45 10 24 32 40 56 28 75 64 55 64 
55 0 98 2 35 50 47 84 71 2 85 33 19 96 81 42 6 29 84 89 61 18 44 22 85 32 52 74 70 59 53 70 68 57 94 45 39 6 4 64 17 94 15 45 50 22 71 46 69 55 74 20 58 63 74 79 55 17 2 3 94 27 37 39 95 98 70 94 50 65 85 3 48 54 70 1 91 26 60 87 95 40 77 40 74 83 4 70 46 11 13 44 89 9 8 22 89 1 13 15 30 97 47 45 85 47 39 92 90 60 19 68 64 99 38 29 31 40 83 80 26 33 54 52 10 64 45 8 31 15 99 34 26 84 57 48 10 13 2 7 75 59 33 6 24 17 36 60 0 12 31 40 63 73 17 47 25 74 33 70 32 28 65 39 65 36 24 50 77 60 94 61 94 49 21 23 87 15 29 36 0 0 7 90 89 21 81 73 22 5 64 89 71 91 67 44 61 75 95 99 65 96 76 98 71 36 12 62 65 47 5 85 33 88 47 50 4 42 54 39 1 42 37 93 26 2 24 63 5 82 27 49 57 68 67 22 18 53 45 68 2 42 77 99 18 48 29 21 5 32 65 48 83 93 25 52 8 83 73 31 41 20 80 42 35 61 40 34 59 80 61 3 75 63 13 99 87 71 98 42 22 26 2 65 30 50 75 52 24 3 45 17 57 43 93 57 10 27 95 61 3 21 11 74 90 76 72 64 56 39 49 69 52 30 8 12 59 25 44 84 84 30 29 15 29 21 75 23 94 90 55 28 4 31 88 29 88 51 70 71 89 78 44 67 88 18 52 11 3 49 23 89 27 32 37 84 13 47 77 43 99 74 0 17 35 19 24 33 46 61 81 23 66 77 87 15 24 67 93 46 72 43 85 18 25 52 4 5 46 97 92 1 33 10 68 42 53 13 58 89 
30 14 2 52 52 4 59 33 86 25 80 24 31 11 5 67 18 35 22 92 46 35 19 89 40 63 52 43 24 97 71 17 50 90 24 18 89 18 12 54 32 75 53 16 89 45 0 8 74 26 8 20 86 12 31 16 92 1 7 54 2 35 82 46 5 36 89 10 38 97 37 25 20 39 43 57 41 21 62 62 98 10 38 57 83 34 7 97 97 64 75 73 90 19 20 51 66 5 69 11 8 35 39 34 5 39 39 72 94 6 54 24 24 6 43 68 35 55 36 61 27 60 20 59 35 20 21 16 99 86 89 97 25 17 89 50 42 68 52 19 42 49 17 71 17 5 44 76 95 52 14 82 55 1 35 65 39 67 60 73 7 37 1 77 63 15 4 84 85 90 50 14 24 22 62 85 82 98 88 69 60 56 40 78 47 98 67 38 81 40 85 31 86 50 80 82 44 49 39 60 89 5 95 35 96 81 78 0 45 50 12 96 77 49 27 81 9 40 90 54 61 7 57 9 36 59 91 8 6 30 91 82 70 80 37 56 62 38 24 60 39 93 76 64 9 69 22 61 75 11 97 50 55 88 40 72 53 62 57 48 72 20 64 95 80 57 16 80 78 89 69 15 29 95 99 13 2 70 86 40 11 71 42 92 27 22 69 31 33 1 91 17 10 69 69 26 35 42 33 68 44 49 89 99 10 96 22 76 83 94 14 50 83 79 37 75 21 70 93 38 4 10 96 63 71 78 91 76 52 48 8 10 48 55 99 24 73 3 44 43 96 70 79 97 57 65 82 52 29 76 63 61 94 37 1 94 25 2 21 96 77 91 56 60 22 99 55 76 48 97 22 41 65 81 61 3 96 63 67 41 59 76 8 77 96 60 58 47 55 51 28 42 23 22 46 34 18 53 91 21 
26 90 3 83 98 61 79 67 64 42 11 53 4 54 28 41 0 30 42 85 25 87 83 86 70 95 5 71 65 48 40 6 99 34 92 83 87 32 62 98 21 10 52 60 2 81 30 53 31 66 54 1 51 56 35 77 63 36 86 43 13 34 85 52 23 85 84 80 68 35 41 19 63 74 87 31 42 19 30 94 14 89 49 82 30 28 40 10 12 70 64 14 23 45 76 94 54 67 64 42 65 98 29 26 82 48 35 61 29 10 53 51 67 95 76 76 40 87 57 89 59 65 4 45 44 2 73 44 80 71 76 98 46 69 37 67 2 46 76 74 49 87 27 92 48 76 74 27 42 79 90 99 47 16 65 55 66 13 77 58 21 98 19 39 0 47 26 95 51 89 80 55 72 1 23 66 76 99 4 40 48 26 85 67 79 33 60 96 71 41 28 73 65 12 18 18 25 54 23 13 49 65 37 19 81 58 86 28 66 65 54 14 51 46 55 65 33 18 61 45 14 0 9 68 28 85 88 13 75 96 33 66 52 98 99 38 11 12 36 14 8 15 99 77 89 69 95 45 12 16 63 72 2 24 8 67 95 88 34 2 12 66 36 9 17 83 39 85 44 12 96 5 49 86 39 54 24 84 34 4 52 7 51 48 97 66 23 75 16 67 19 89 54 11 83 46 94 85 89 23 11 18 66 28 73 93 67 92 59 62 47 81 57 39 36 98 2 2 56 39 73 0 64 0 31 33 67 53 4 73 36 44 60 50 23 83 92 83 99 71 17 65 12 29 95 0 19 80 37 24 51 83 44 68 13 1 57 14 87 59 32 81 60 36 87 76 47 54 22 71 74 32 68 71 17 11 2 77 56 13 10 79 93 48 47 59 65 75 59 96 20 31 61 85 67 16 36 87 25 66 
75 46 21 10 67 45 24 3 42 31 30 10 69 1 41 13 56 60 81 75 81 69 77 17 6 63 46 91 35 92 86 58 63 32 28 69 14 39 98 57 83 22 13 78 86 8 28 38 85 97 8 76 51 14 83 41 85 61 84 70 60 56 1 47 62 21 6 97 60 61 86 6 21 82 2 85 45 41 26 64 9 32 55 82 76 94 66 76 9 28 23 83 3 92 47 23 17 45 55 51 7 66 1 25 52 46 85 63 11 92 18 38 71 30 85 30 82 31 97 70 57 52 27 61 5 71 76 28 66 35 4 10 3 36 2 35 41 88 37 5 98 72 57 56 45 59 51 78 77 59 85 81 11 21 21 57 56 48 43 14 86 97 69 83 10 65 51 34 14 78 27 30 7 82 70 91 6 54 0 52 47 71 49 15 46 31 85 57 61 98 49 71 50 33 89 73 45 6 20 0 65 97 83 86 83 7 30 93 26 61 33 36 97 79 14 55 38 73 54 40 41 50 65 77 28 88 29 80 36 31 90 57 20 25 84 50 20 85 77 25 9 86 78 9 83 79 11 62 31 17 25 14 66 20 7 48 94 73 76 64 27 63 45 67 37 78 6 61 32 41 30 60 59 78 18 11 5 22 49 74 98 29 49 80 22 40 61 78 15 38 11 46 47 80 12 80 7 43 46 83 9 50 77 84 45 21 26 46 84 46 39 9 45 14 71 1 44 1 89 45 26 33 2 9 2 44 60 15 85 45 92 45 97 82 87 60 37 35 1 43 50 73 38 31 45 15 54 37 47 9 59 1 65 47 44 97 54 72 60 9 93 76 55 2 19 51 96 28 32 76 32 93 89 48 6 11 2 78 59 72 33 58 80 8 63 40 86 51 73 36 65 73 86 0 40 6 83 94 19 77 
35 71 98 84 31 66 46 1 53 81 98 55 81 97 36 8 20 4 71 70 53 92 26 99 16 49 38 33 9 71 41 70 72 81 36 33 26 45 99 65 68 45 78 97 23 89 18 56 0 71 63 50 28 47 44 88 35 59 66 24 4 90 26 83 45 6 74 11 33 87 84 76 49 54 59 67 71 60 54 17 99 8 20 48 56 99 55 86 27 69 67 82 54 46 37 69 48 50 63 94 99 14 58 21 26 36 31 64 53 45 54 97 81 52 20 82 4 30 2 87 76 88 38 36 99 60 86 95 43 17 43 10 86 68 52 32 69 15 35 48 13 39 27 23 74 79 67 67 92 9 38 95 30 28 3 9 85 33 90 37 92 14 84 24 37 46 71 81 41 22 74 75 79 23 60 56 6 29 90 8 88 23 54 21 5 37 41 21 49 87 37 84 89 90 71 55 76 27 95 25 5 90 38 94 23 93 47 10 2 18 41 11 8 50 19 93 46 35 21 52 75 98 58 35 93 89 23 56 11 17 11 96 59 23 43 84 73 4 88 4 20 61 95 71 84 16 36 15 31 73 6 79 59 96 58 34 60 99 6 2 66 34 12 68 66 93 30 18 66 62 60 74 85 12 84 49 64 39 22 4 74 12 13 37 86 95 48 5 14 40 52 1 81 87 65 99 50 44 95 62 92 89 43 33 86 25 2 63 12 49 65 19 17 80 17 26 14 32 49 49 79 35 78 21 77 36 15 52 39 87 25 46 21 34 28 68 45 61 26 32 40 2 92 32 70 5 19 7 93 27 52 77 7 46 96 91 88 65 73 40 25 39 65 62 7 93 44 47 52 47 63 29 8 40 7 60 39 23 75 31 49 24 58 82 22 3 37 2 3 37 0 17 32 84 50 60 20 86 62 19 
90 85 75 28 97 21 55 98 34 37 32 50 92 83 43 95 40 39 94 75 23 10 91 86 53 78 41 54 10 48 95 39 46 73 82 28 97 63 84 86 94 52 62 73 81 83 54 0 81 57 14 52 98 54 83 24 38 13 21 20 11 41 58 11 38 52 93 89 50 28 54 41 54 49 95 75 23 62 80 85 30 67 2 79 61 98 56 21 12 16 95 92 38 71 80 47 49 62 44 68 78 73 95 25 56 69 80 20 12 38 84 23 1 7 89 60 93 53 61 80 28 53 31 4 23 39 61 8 95 15 90 16 91 1 14 81 67 99 32 73 83 20 3 93 12 94 60 89 93 89 59 13 36 58 16 79 14 93 72 29 24 91 16 45 8 74 25 58 23 90 12 89 28 99 80 55 73 8 95 28 72 88 81 45 58 0 95 42 39 36 98 59 16 41 61 28 0 70 12 22 24 97 51 52 47 57 68 46 34 69 25 32 60 92 36 79 8 23 71 4 78 62 90 25 83 86 86 99 89 22 41 80 38 13 59 10 96 28 59 81 5 33 78 50 68 59 71 95 36 66 41 45 23 9 81 63 5 50 14 25 74 50 9 20 29 66 44 36 75 29 52 20 32 23 3 57 88 66 11 18 24 15 52 1 18 10 38 57 58 93 22 27 75 90 94 39 62 56 36 1 36 36 20 36 58 69 72 61 64 48 16 86 54 48 81 41 87 13 38 68 19 79 46 27 24 69 12 80 67 83 88 33 11 5 10 11 91 37 17 94 84 55 89 82 69 22 59 92 74 22 0 67 62 71 77 36 37 65 55 64 73 86 11 93 49 52 11 40 6 91 24 85 24 57 75 63 17 57 79 10 32 56 49 38 29 42 0 67 46 76 50 21 9 38 6 68 48 72 50 96 
77 73 40 57 40 15 25 71 74 48 85 80 35 60 17 10 90 65 86 54 63 19 37 33 33 51 0 39 54 18 32 29 75 90 99 63 68 73 64 85 16 57 48 13 37 62 75 22 87 45 36 31 84 66 97 52 39 73 75 48 29 30 64 2 40 17 62 46 96 59 91 2 19 14 97 85 8 10 72 26 90 33 1 90 22 40 46 44 85 20 71 1 19 0 99 56 9 35 12 14 93 60 47 92 91 24 83 97 66 72 27 19 1 40 98 54 35 87 79 55 61 79 85 98 82 36 93 41 16 96 89 3 77 46 43 42 4 91 83 12 13 36 69 40 91 53 59 71 68 69 97 77 58 76 41 97 96 5 77 55 98 20 27 78 50 71 36 77 99 91 64 54 67 41 33 9 59 93 47 53 78 35 75 40 96 33 14 24 84 24 60 6 87 94 79 30 26 16 54 7 46 67 15 12 27 84 96 91 39 20 10 73 39 25 26 26 95 83 9 26 85 97 17 81 52 80 92 11 39 40 64 83 14 0 20 33 5 45 6 93 98 26 25 98 41 59 41 58 10 25 17 52 25 48 5 76 23 40 4 38 67 29 11 33 40 11 82 25 1 24 22 3 32 43 92 56 55 80 49 73 91 61 91 73 7 21 83 35 98 75 39 86 8 17 10 34 26 17 98 92 27 41 41 17 73 38 30 71 36 86 90 49 25 29 39 89 19 44 20 11 39 17 86 59 41 30 86 37 38 45 87 35 11 3 34 48 49 48 88 96 54 91 71 81 93 74 24 0 97 36 92 3 76 41 17 57 58 6 70 6 43 86 26 13 97 35 14 47 56 81 70 43 60 64 45 34 77 72 2 27 25 98 46 87 4 89 67 41 71 42 35 18 4 39 50 15 45 53 68 51 
87 81 3 54 22 60 39 94 26 39 22 25 72 22 74 87 46 71 57 98 71 53 93 92 19 69 84 24 95 53 89 98 36 60 39 31 24 57 18 84 84 95 52 75 52 48 73 0 32 36 34 13 0 77 31 60 19 48 75 16 7 23 45 82 92 1 87 5 30 13 89 76 68 91 19 15 66 39 15 74 85 36 39 65 82 64 42 98 32 80 0 67 22 34 11 3 16 57 47 37 56 78 1 87 84 88 76 87 95 45 44 95 29 91 64 58 55 91 61 63 50 9 87 10 58 12 67 3 94 52 10 77 98 86 74 8 14 46 66 19 1 0 46 33 52 92 96 60 72 54 97 86 69 46 23 8 20 35 6 8 52 10 57 11 36 57 71 47 96 61 86 73 30 93 48 99 42 0 43 4 73 97 65 80 45 9 53 17 65 36 56 18 8 95 91 47 31 1 92 85 8 69 96 3 76 0 16 49 87 11 75 77 74 23 22 32 70 16 80 90 60 30 88 79 16 71 77 56 93 8 18 53 88 5 7 25 17 12 59 88 39 61 13 99 48 86 31 10 68 20 29 74 88 59 47 49 95 73 67 6 16 96 65 87 78 79 60 49 43 47 24 59 51 86 7 51 73 92 97 58 27 48 51 9 51 45 85 31 28 6 36 57 6 95 88 8 49 97 14 81 64 39 67 91 5 58 29 8 87 34 32 1 4 62 19 99 64 65 61 38 1 46 21 98 89 94 24 11 37 40 89 57 71 73 86 82 18 20 43 74 0 91 87 42 81 24 65 9 27 51 7 97 61 37 45 80 3 64 41 68 78 91 63 3 36 25 14 50 7 85 0 46 14 65 55 57 48 71 12 99 83 19 32 8 24 58 89 83 38 99 22 67 76 4 70 9 79 55 34 87 
50 37 44 83 40 74 71 75 87 39 37 87 66 73 84 56 70 63 28 79 97 45 51 37 31 65 66 94 72 74 92 63 29 60 12 41 5 92 8 95 52 4 43 59 51 36 50 99 11 70 59 37 99 67 25 21 75 36 0 39 35 52 84 60 54 10 28 1 23 77 13 65 53 73 59 22 35 86 27 75 59 4 33 89 82 17 12 72 8 11 12 82 68 7 7 6 71 78 75 42 85 6 43 46 44 96 68 16 92 17 18 68 91 25 63 21 29 3 87 52 62 54 65 29 23 12 69 3 23 61 58 0 35 46 62 73 4 87 47 74 47 45 32 37 17 29 85 91 72 80 67 39 66 35 12 8 32 59 17 37 18 55 76 11 29 83 69 62 77 35 91 23 8 8 21 54 10 83 90 78 95 62 8 89 14 24 64 46 12 27 72 35 32 64 50 36 7 19 45 73 11 96 61 56 0 93 76 3 15 56 94 91 94 11 9 33 3 31 90 95 93 50 29 38 36 56 24 98 25 47 73 11 13 93 1 19 25 43 29 81 66 88 7 0 85 48 6 79 26 30 81 71 88 78 57 61 72 74 1 82 24 79 46 91 97 92 50 62 40 19 22 59 73 55 90 71 97 9 12 19 41 37 54 83 26 16 68 0 12 28 73 66 86 11 27 42 3 23 1 57 82 69 64 21 38 1 34 32 72 85 15 17 74 70 48 38 85 24 9 63 90 64 25 92 16 94 25 3 5 23 41 38 2 97 46 0 99 9 49 2 71 86 6 54 16 16 97 32 59 77 40 35 43 35 97 96 99 98 19 90 44 96 79 39 67 54 93 67 91 33 71 65 7 10 54 18 22 30 18 62 23 77 58 79 7 25 88 41 1 81 98 99 24 18 83 48 95 18 44 42 
13 23 29 65 34 6 98 43 14 5 93 82 1 38 3 72 82 25 87 51 7 52 90 71 86 0 40 19 53 47 73 57 67 8 7 43 94 46 55 43 79 73 90 11 68 65 54 96 69 28 6 82 14 42 30 57 96 56 34 34 21 22 96 85 20 48 12 97 77 50 48 41 5 66 68 58 46 82 32 85 30 31 48 78 69 33 27 53 59 72 70 68 62 11 71 81 0 6 9 26 21 29 6 6 8 19 12 33 74 33 65 15 99 64 41 20 67 27 32 68 76 33 44 94 90 33 95 10 7 84 21 51 81 81 33 85 40 6 98 67 4 81 52 4 70 31 70 44 90 82 2 53 13 98 75 7 68 30 74 47 69 52 97 58 93 52 40 70 85 1 21 61 8 75 37 54 73 38 11 48 65 72 68 40 4 61 40 71 4 60 20 80 14 19 36 26 8 11 12 97 23 49 73 2 2 88 1 40 3 59 27 26 32 26 71 38 80 84 74 38 27 68 21 9 71 25 71 64 28 81 8 47 39 33 31 78 22 6 36 51 51 40 11 1 19 91 87 66 5 69 70 93 75 90 68 79 30 85 18 75 36 72 61 47 75 71 35 1 17 37 5 54 79 95 74 90 34 73 39 24 74 18 8 15 9 9 29 45 84 17 52 55 32 42 10 1 12 17 12 16 85 15 81 25 10 77 57 4 33 90 51 88 85 3 63 8 33 67 13 71 90 39 42 64 28 77 72 58 63 97 11 90 75 18 39 89 0 37 19 83 20 83 29 79 97 34 95 41 40 86 36 74 6 72 75 23 25 7 35 45 2 69 12 91 16 83 0 44 73 37 13 27 87 16 42 64 2 26 29 77 28 79 53 73 18 12 36 79 97 88 58 66 7 34 10 44 86 98 91 73 
17 67 51 1 34 1 45 88 60 90 41 72 23 46 29 4 16 19 60 45 9 94 45 74 52 23 29 4 15 39 45 29 84 60 96 28 82 5 24 6 96 15 34 11 23 3 67 80 18 24 44 23 37 87 41 28 11 74 86 87 78 98 38 50 62 48 9 60 65 50 43 50 32 89 33 9 82 21 44 92 79 65 8 15 74 13 62 36 23 61 85 70 34 26 49 15 68 3 37 78 1 74 7 68 89 35 90 6 99 26 47 76 46 12 27 81 26 70 67 47 60 93 53 60 93 89 3 48 20 28 85 57 88 6 96 49 91 83 44 7 58 28 1 13 5 6 37 75 55 15 53 92 25 50 43 89 10 73 27 54 67 37 48 33 44 57 25 96 91 31 59 7 86 24 74 26 39 59 95 51 64 51 28 11 56 16 66 53 25 87 26 12 26 40 15 71 95 29 91 53 39 12 24 34 69 98 37 87 60 18 85 53 40 40 3 56 88 74 55 9 26 90 43 14 75 54 30 98 59 40 25 13 57 98 87 76 34 53 74 44 52 69 11 87 57 60 66 92 53 50 1 8 17 64 31 1 64 31 60 2 95 64 68 11 91 29 15 14 25 15 39 90 91 62 3 23 34 44 78 26 55 66 53 31 18 7 50 84 67 58 98 64 47 23 35 95 59 49 69 91 38 22 61 28 89 58 16 24 71 44 75 11 23 87 51 17 97 40 95 27 66 97 91 95 11 66 15 58 44 5 68 48 82 75 43 11 59 49 60 47 87 32 64 46 87 9 90 70 38 35 42 99 68 74 80 67 58 56 4 3 57 46 21 16 47 54 95 29 75 30 71 47 84 32 98 39 80 35 23 86 73 84 73 51 85 22 96 48 82 15 5 10 80 60 24 23 42 63 69 56 
78 71 74 68 41 91 97 46 31 3 29 26 86 35 73 43 89 41 60 31 59 9 62 76 24 3 36 93 91 89 22 76 45 38 21 54 59 38 59 64 98 87 77 41 42 51 73 15 20 35 51 75 39 67 93 35 33 67 69 43 99 9 54 83 78 72 83 78 48 93 59 72 10 64 90 15 83 17 7 20 86 79 70 97 63 97 23 74 83 47 60 20 52 52 36 51 87 81 93 35 73 60 71 58 60 50 53 89 43 41 19 17 23 18 77 7 51 99 51 18 50 76 73 28 56 63 85 32 6 13 71 22 10 63 52 55 7 60 6 70 96 11 26 15 3 65 23 83 39 56 83 73 74 59 91 40 93 81 84 88 41 47 63 89 56 77 25 42 38 16 12 22 72 75 20 33 94 70 49 25 80 6 67 90 64 29 59 83 69 93 30 93 59 5 40 90 17 35 27 7 79 40 91 6 78 28 96 99 32 85 86 63 4 3 24 97 22 65 9 17 31 70 58 66 27 5 28 1 87 85 97 18 17 93 93 13 5 23 31 89 17 36 55 91 97 60 82 3 21 78 64 27 78 9 45 72 15 40 44 28 4 67 52 24 40 71 83 91 95 97 0 56 50 81 71 29 89 73 8 91 65 15 72 27 60 58 39 18 86 37 63 5 94 1 47 12 0 6 24 53 71 71 60 31 61 49 3 55 30 57 15 57 23 93 74 64 72 49 31 92 72 62 50 96 59 62 79 19 49 1 29 5 1 60 70 22 48 8 79 83 79 82 50 78 29 68 98 3 62 2 54 59 69 81 28 87 57 84 52 60 39 98 77 50 77 91 99 86 41 58 82 81 51 38 6 37 17 96 63 46 58 24 11 61 9 0 78 68 87 45 9 23 86 67 98 17 31 47 22 18 
2 7 88 15 72 66 14 66 54 4 14 52 36 76 15 20 84 89 35 82 37 50 71 48 38 57 81 96 83 65 89 30 26 26 31 47 53 62 11 42 35 58 50 78 24 2 85 36 23 29 96 6 7 18 93 48 43 16 5 74 1 69 89 11 72 64 32 64 18 41 45 84 62 88 32 6 63 70 82 84 52 95 45 7 81 95 12 82 81 95 74 31 2 67 52 60 66 2 42 19 43 73 3 56 94 31 40 14 43 32 41 88 60 9 57 85 23 71 99 23 33 16 50 44 16 54 86 89 99 89 27 54 84 44 9 71 27 95 49 42 5 59 36 48 76 53 0 64 49 32 3 17 41 69 50 48 92 80 98 18 95 48 51 44 13 63 1 47 57 55 87 56 38 13 16 77 86 52 64 33 23 44 11 94 83 83 85 76 59 47 45 52 10 70 35 22 19 90 52 19 8 57 44 23 44 68 71 62 12 30 63 39 89 59 21 26 1 54 53 86 63 76 51 34 64 14 19 18 72 41 13 64 72 83 29 28 13 25 97 39 76 51 1 59 75 55 66 27 5 50 42 68 66 43 83 21 13 13 38 23 57 15 6 72 9 18 81 24 11 67 97 89 32 46 75 31 94 90 56 59 66 74 37 38 42 7 49 16 41 31 17 57 42 34 59 10 7 18 21 28 60 68 52 35 99 16 4 89 4 78 11 97 91 67 6 70 21 18 67 99 1 8 35 65 12 36 81 54 23 75 4 80 23 50 46 45 24 2 65 61 79 53 54 26 54 5 80 42 74 10 86 26 75 47 33 90 33 82 48 65 43 16 0 14 15 59 38 35 29 42 94 1 9 36 18 5 90 68 76 49 93 36 9 70 48 26 6 36 87 20 11 42 88 7 9 96 38 56 92 62 
93 48 78 95 4 30 7 10 35 72 73 24 17 4 69 42 69 59 43 0 37 81 31 33 11 82 20 21 71 28 53 97 0 70 70 87 15 65 36 94 25 69 36 22 68 74 45 70 16 27 52 41 62 19 75 27 62 10 45 6 10 78 1 89 94 90 41 51 81 51 57 19 28 82 25 27 49 93 87 59 71 82 68 15 60 72 84 63 27 66 19 70 99 93 55 29 23 30 20 57 56 21 99 27 76 36 87 19 80 27 55 88 13 79 51 3 6 33 37 85 52 28 71 53 66 19 48 89 31 80 63 0 7 27 30 6 69 95 94 39 30 30 82 85 17 80 83 83 28 14 59 22 23 42 52 63 87 18 79 85 63 64 12 5 86 77 93 87 71 55 43 90 81 7 40 23 29 43 37 62 66 46 78 41 83 26 3 65 55 6 61 46 93 16 38 91 93 59 37 10 79 51 22 37 2 50 12 16 92 1 44 69 48 83 97 94 48 30 56 22 76 85 46 75 98 66 99 6 44 20 86 99 55 89 74 70 73 6 83 95 10 22 90 70 10 95 92 38 94 46 2 22 7 46 89 56 19 20 12 58 35 57 70 19 93 43 68 43 27 41 16 97 27 77 55 20 12 39 85 11 33 0 86 50 21 28 22 86 26 80 16 20 82 22 28 13 87 90 95 40 74 5 80 8 47 40 8 3 54 95 97 0 41 54 47 85 72 28 23 36 61 59 44 23 45 19 6 69 31 78 40 67 80 71 87 55 74 89 9 0 60 59 63 94 94 42 45 68 62 94 33 58 94 32 15 92 5 40 89 56 47 91 75 98 87 31 84 47 48 69 41 50 99 14 89 3 32 30 34 33 77 94 75 17 27 85 10 17 20 92 4 17 61 48 63 33 89 28 31 66 
69 0 44 90 53 66 87 42 95 23 56 78 87 15 10 84 63 68 33 80 67 76 52 76 28 74 29 30 28 96 25 46 5 34 52 14 92 5 46 39 23 32 43 94 7 67 9 47 38 2 75 93 3 40 40 33 3 30 80 47 30 49 6 27 93 27 51 52 30 72 94 3 21 67 20 34 36 8 78 3 15 79 20 94 70 20 17 1 8 41 56 99 2 92 53 28 63 6 89 88 1 99 34 17 23 42 2 81 24 55 1 58 96 27 78 85 58 8 6 72 62 78 15 35 32 85 19 13 48 0 35 68 83 1 75 14 35 42 63 7 66 72 3 3 12 10 46 62 38 11 4 80 49 8 75 58 92 68 99 26 13 41 84 6 42 16 32 64 55 55 60 21 42 14 48 99 59 63 83 47 29 95 47 39 21 70 44 4 2 72 62 20 52 33 54 69 21 98 66 89 85 5 51 17 48 55 7 92 1 55 98 26 37 38 14 40 94 41 19 70 66 82 48 93 63 80 18 94 48 56 72 52 91 52 44 94 60 53 61 1 99 94 98 78 13 13 22 87 84 65 92 78 68 67 8 24 73 57 78 4 66 54 91 98 71 59 43 69 38 89 94 26 79 56 77 12 25 71 98 61 40 90 6 18 76 81 99 66 74 77 58 55 1 71 67 10 56 59 34 60 91 95 0 12 34 57 19 31 89 58 7 89 72 36 34 34 6 68 16 53 93 20 2 0 28 77 55 56 42 56 72 14 9 22 82 14 24 76 2 31 37 0 56 8 29 22 35 37 59 58 32 96 20 6 48 81 4 94 79 45 56 90 27 67 33 80 78 33 6 35 23 4 17 47 94 0 20 41 94 27 45 65 58 52 14 55 95 72 67 63 45 32 28 37 96 56 52 23 41 11 
34 24 40 75 93 97 40 91 23 53 22 40 97 59 47 88 95 58 57 9 70 44 58 17 17 8 34 8 68 32 58 74 34 0 69 87 77 6 59 57 80 22 16 33 60 94 26 48 19 9 14 87 85 85 69 8 48 52 17 83 3 71 25 58 24 58 82 21 98 48 87 76 33 84 67 61 29 10 28 24 6 70 32 30 32 21 68 98 11 57 51 30 91 60 16 5 58 0 38 79 66 17 31 46 88 6 25 8 11 5 61 85 77 78 0 22 80 38 15 86 63 43 26 32 86 66 73 9 87 60 25 95 7 27 12 6 20 30 23 51 36 25 40 10 14 0 69 80 75 10 51 84 60 2 26 61 18 19 48 5 31 7 52 65 27 12 17 9 33 66 27 28 43 72 54 92 70 78 8 43 55 62 88 49 90 62 24 22 73 25 34 74 5 85 23 75 88 89 83 14 63 59 89 74 55 64 98 97 61 86 84 83 98 10 77 16 6 86 20 46 82 17 99 7 59 6 93 11 24 33 46 97 13 92 16 50 46 78 45 43 68 74 47 97 38 85 11 98 94 11 33 57 89 11 82 8 8 82 79 20 29 38 53 11 21 87 13 14 39 5 2 22 5 20 41 44 18 9 89 85 40 73 11 11 26 78 63 57 64 64 52 39 70 82 56 18 18 30 36 49 34 95 58 36 86 12 3 80 1 84 20 15 58 48 92 25 5 8 0 51 75 73 77 39 66 30 20 61 41 14 32 36 87 78 69 35 90 72 57 53 65 71 19 36 34 43 65 6 18 43 86 57 18 1 41 16 23 70 45 57 84 67 73 50 98 75 2 47 92 58 86 8 37 82 7 70 15 40 53 95 9 80 28 60 3 72 21 27 56 38 6 8 48 57 92 91 20 58 29 74 
6 0 95 48 93 48 48 23 81 89 94 90 70 35 32 87 7 18 21 59 33 94 20 21 29 16 41 91 51 87 32 70 71 60 83 10 21 23 9 78 43 11 88 21 10 44 82 42 38 38 64 92 2 81 42 16 56 15 31 43 72 42 32 26 31 43 71 53 97 9 70 60 51 26 92 76 15 62 7 77 37 2 67 2 27 0 73 62 55 63 63 66 15 86 92 83 90 16 3 1 77 99 49 40 44 29 86 74 26 98 3 21 10 48 5 94 88 67 17 66 24 72 97 76 61 40 78 24 56 89 82 38 98 37 35 2 2 82 73 59 32 81 77 45 63 53 75 99 50 86 17 52 17 54 48 82 4 8 70 13 33 72 0 45 14 55 31 6 33 51 50 7 67 24 10 1 66 28 32 77 55 49 94 21 96 61 56 23 22 14 49 22 57 46 42 61 26 68 7 25 77 69 0 51 53 98 53 54 57 91 89 17 32 99 75 48 83 12 86 31 10 38 75 4 32 95 16 23 86 14 11 10 75 12 68 90 89 90 3 42 71 24 13 2 22 33 93 25 36 33 26 67 75 75 11 22 94 71 85 93 31 51 32 90 97 52 85 80 58 39 95 20 8 84 1 9 51 35 91 53 74 14 55 86 43 46 97 84 8 97 6 97 7 88 30 71 16 0 44 41 94 42 6 49 67 95 69 76 93 41 82 43 53 20 42 72 53 20 79 11 8 35 91 23 80 21 40 71 69 5 25 58 12 11 84 7 50 85 24 73 2 7 57 87 25 82 78 37 97 86 11 66 59 79 11 17 65 33 39 54 58 20 67 2 8 46 20 45 88 18 99 27 20 44 13 21 42 38 84 22 43 23 53 58 26 62 58 89 89 62 78 26 85 63 98 14 30 3 79 64 
9 61 17 63 66 14 86 90 88 26 31 62 15 94 74 73 4 20 85 78 34 62 14 9 48 58 40 57 70 53 0 39 45 19 91 32 44 99 19 21 47 55 88 18 13 82 49 13 56 24 68 49 59 42 78 99 17 35 34 59 8 89 60 90 57 0 93 46 37 0 33 83 67 37 7 49 89 56 27 53 76 84 70 29 40 98 75 38 87 20 51 76 68 59 14 17 3 44 14 50 15 8 19 90 96 20 3 7 79 40 32 82 91 78 84 74 37 45 85 80 89 50 13 89 94 95 55 33 44 35 42 43 93 97 10 68 15 24 13 40 99 42 27 99 92 87 89 0 58 53 95 24 53 25 4 13 43 49 82 57 40 52 18 57 39 29 13 57 34 68 64 57 46 25 85 16 73 95 90 52 59 40 97 47 74 21 97 85 53 92 40 57 80 84 10 52 65 86 77 3 66 77 9 61 2 39 49 22 89 26 15 5 12 83 29 36 48 46 88 71 81 86 77 46 86 88 41 81 36 66 21 36 88 48 87 16 64 50 40 51 28 67 83 92 5 10 28 23 31 11 32 37 32 73 48 79 16 85 92 59 30 93 42 92 42 6 67 83 77 15 50 82 14 15 2 8 42 33 81 20 51 34 6 39 24 54 50 24 56 42 34 30 76 41 76 89 70 58 73 17 3 42 14 72 99 67 9 13 44 55 10 84 32 33 81 27 95 44 86 62 60 90 64 99 18 36 66 89 79 3 16 66 84 59 4 91 36 20 60 23 9 30 43 14 30 29 14 51 28 17 37 16 79 96 34 33 81 60 29 64 40 16 36 43 79 13 37 50 43 81 70 55 91 28 53 91 2 81 56 50 90 63 86 22 65 65 87 24 7 11 24 64 95 74 63 19 31 5 69 9 
5 89 44 48 20 46 84 1 34 51 80 29 31 60 26 29 1 73 91 97 54 10 48 55 11 57 46 94 62 23 95 37 39 51 46 74 46 64 23 82 79 1 54 51 82 70 57 91 69 64 72 35 92 28 77 40 60 13 32 97 47 7 52 81 23 84 94 30 31 77 95 14 58 36 29 76 23 45 54 83 52 85 43 50 47 95 54 76 10 61 86 18 38 85 52 33 42 68 67 75 25 11 67 19 89 24 54 93 18 55 30 18 62 22 79 51 22 89 99 22 61 26 67 76 7 36 78 34 41 55 99 65 19 0 80 3 54 73 96 80 11 90 72 22 79 93 73 69 1 7 9 90 13 65 89 16 6 26 22 95 31 69 83 80 61 37 81 78 4 26 52 52 62 60 13 66 48 23 84 4 88 37 52 96 66 40 25 80 39 9 85 12 91 33 66 1 74 70 27 2 86 33 69 10 47 27 20 66 79 40 54 81 66 83 3 9 17 15 38 3 54 58 75 22 63 44 57 63 36 62 14 81 82 40 60 24 94 7 70 51 81 72 83 82 37 37 11 36 28 28 48 49 52 65 35 76 58 66 51 3 38 99 77 30 3 36 20 21 8 70 15 92 31 86 1 26 48 10 67 97 64 81 1 11 15 9 22 2 16 67 5 80 21 19 28 74 29 9 74 89 47 39 46 6 67 51 53 86 32 67 36 93 86 84 62 76 40 56 99 4 77 51 94 18 3 47 85 52 4 19 2 81 48 53 95 87 30 7 49 0 35 28 22 67 84 11 94 93 76 56 99 35 13 25 91 1 93 59 37 80 36 29 75 8 0 77 35 77 93 98 21 99 18 61 36 75 88 47 43 68 81 50 1 90 64 3 20 42 75 55 87 18 69 4 22 78 73 91 14 60 
59 0 89 11 61 26 67 82 88 39 17 43 37 62 54 10 98 95 64 16 21 50 73 75 43 80 58 60 85 31 83 98 99 97 64 25 25 30 38 35 74 77 13 50 66 3 50 46 87 86 32 91 48 50 75 98 66 61 64 17 38 16 7 65 47 40 18 88 16 6 85 22 69 15 87 15 82 71 20 94 63 96 55 64 22 9 14 84 75 23 3 73 50 56 86 48 38 50 76 12 96 38 18 44 29 14 50 28 8 16 37 30 63 48 22 62 61 40 86 39 8 77 0 17 52 77 95 44 40 87 58 6 3 94 83 16 5 38 39 40 84 43 12 7 85 36 12 1 27 71 26 17 70 73 39 60 92 28 86 96 16 43 35 33 95 98 68 58 87 51 45 28 98 44 2 88 27 22 30 34 38 85 43 78 62 25 87 14 34 73 48 88 0 17 76 57 42 25 6 42 58 24 21 67 89 59 30 17 87 71 68 0 89 20 88 32 86 90 77 15 58 35 13 52 87 11 0 35 34 41 33 13 70 31 7 25 79 87 1 15 63 86 77 39 23 30 50 97 76 24 28 96 92 20 52 1 10 27 24 86 38 24 92 98 39 10 2 62 3 46 23 13 13 73 2 16 38 24 96 5 30 54 49 16 80 86 46 86 59 6 83 22 42 79 3 66 82 42 94 7 14 2 11 87 3 75 6 90 73 30 31 30 14 78 75 0 14 82 78 8 63 92 6 52 78 94 92 31 77 75 96 43 78 80 90 94 24 67 46 53 24 99 67 26 59 94 99 95 38 72 45 10 82 96 45 78 30 44 57 20 5 28 48 51 44 55 55 33 99 66 37 85 63 97 23 60 61 7 36 13 40 75 79 48 9 4 75 99 98 90 6 70 47 55 73 73 12 25 79 48 
58 56 16 35 14 14 95 41 48 89 91 26 97 33 23 90 98 2 29 72 94 49 52 31 13 14 60 47 63 68 73 95 20 92 78 6 17 91 17 56 80 83 96 71 27 0 57 13 74 43 98 19 18 19 18 94 12 98 48 5 27 58 90 43 77 32 8 35 93 20 62 5 17 35 38 75 4 25 75 40 26 23 63 87 14 56 33 67 21 7 6 5 82 45 57 3 81 2 18 48 44 85 49 0 19 27 94 94 46 4 34 7 9 2 27 88 10 34 65 67 83 72 22 69 22 5 39 0 57 67 7 39 23 85 32 30 10 44 35 17 23 57 45 27 6 79 55 27 51 80 25 53 69 99 79 13 93 36 80 0 19 59 32 60 66 42 75 94 46 42 18 55 53 20 14 22 7 24 66 35 95 41 98 1 53 26 46 15 18 48 59 86 88 50 8 90 90 94 83 73 15 13 94 16 70 52 61 31 27 7 69 40 84 18 39 59 74 98 86 81 40 79 1 47 80 80 8 5 61 34 68 53 74 84 4 4 89 62 47 31 50 69 0 67 8 63 49 92 36 95 83 10 49 47 33 21 48 88 59 41 61 78 49 9 73 52 80 16 74 50 35 84 23 90 14 99 9 15 0 39 7 65 51 31 84 93 92 55 70 91 18 30 53 57 51 14 1 21 41 80 41 64 71 25 32 81 64 12 5 36 39 53 23 27 88 3 33 12 57 41 28 37 61 65 16 25 41 30 43 27 4 82 50 75 64 35 20 64 85 51 70 36 18 65 20 71 86 74 0 82 13 52 68 46 55 34 80 52 60 92 46 10 68 36 49 41 40 9 36 21 10 15 23 16 66 83 94 23 26 93 5 5 84 67 72 37 92 19 24 67 23 80 61 14 62 89 62 36 91 83 
22 13 59 0 32 28 19 91 81 44 80 98 16 66 37 46 46 72 90 30 72 46 19 86 38 86 69 9 69 25 57 73 23 0 75 99 49 76 84 58 77 66 79 27 17 5 76 97 36 77 86 6 0 88 44 83 88 43 66 33 58 56 13 8 15 9 94 30 38 88 46 23 78 56 44 12 8 14 86 69 85 85 79 48 32 47 1 83 59 5 52 20 73 65 75 91 75 42 9 8 51 71 60 43 49 88 50 44 38 73 19 22 33 96 23 51 44 25 98 48 62 28 49 95 3 75 4 42 73 69 4 42 52 94 91 80 48 68 66 75 37 13 39 62 20 50 30 3 88 47 24 48 75 4 2 72 86 27 32 54 86 27 18 70 53 5 11 16 5 41 19 21 19 19 44 75 86 18 69 24 72 93 35 34 41 28 85 33 76 50 30 34 83 60 48 23 50 44 99 3 42 87 58 59 46 31 49 88 35 14 32 59 80 59 99 67 68 2 26 18 11 25 47 34 71 48 17 93 24 35 39 75 21 57 22 60 96 73 68 41 71 48 38 15 85 28 19 49 65 60 8 29 9 55 34 83 17 70 38 5 97 53 61 10 65 5 45 24 27 57 26 55 98 41 92 96 1 6 43 2 70 38 76 28 72 95 56 88 59 48 79 6 50 63 30 99 61 53 44 44 53 46 54 93 48 76 61 31 98 47 60 54 24 82 30 43 50 16 12 69 64 0 99 8 72 49 21 75 99 62 33 42 61 25 92 28 58 79 66 11 90 96 98 44 63 67 25 24 42 47 79 23 64 87 18 16 69 47 84 17 34 96 48 37 58 99 54 46 26 8 86 92 11 17 92 56 92 76 77 21 96 4 41 24 27 69 78 33 35 13 71 17 18 19 16 6 2 57 57 13 
18 60 26 87 39 25 18 54 45 58 91 9 76 51 21 95 48 77 40 51 37 90 83 43 35 34 54 91 32 10 32 73 64 35 46 71 40 90 94 47 92 69 31 25 94 44 83 65 94 44 99 31 98 76 56 76 5 83 70 91 32 21 45 8 94 33 97 84 57 34 42 54 31 33 16 36 14 22 1 12 26 43 97 88 88 17 33 7 76 4 95 3 74 73 4 56 70 94 87 59 18 34 62 3 32 41 55 34 76 10 85 23 5 80 74 38 26 50 66 5 64 78 17 85 42 3 94 57 86 93 18 87 34 50 59 6 22 95 51 7 44 56 55 62 59 64 23 85 12 63 49 21 17 53 85 92 5 67 71 33 37 44 43 92 95 97 45 16 0 57 61 8 90 92 72 78 48 42 64 70 30 99 11 11 48 80 35 33 77 41 30 18 47 25 45 90 12 13 75 65 64 32 1 12 6 38 3 22 29 32 72 88 44 51 31 47 3 81 94 54 91 20 80 23 7 88 94 94 6 84 73 95 41 92 78 27 65 65 57 63 60 52 79 32 70 4 87 78 60 14 15 90 28 54 28 5 75 55 18 43 83 19 76 28 91 80 88 86 89 67 50 11 99 59 11 21 72 88 67 99 61 72 6 73 18 77 63 63 74 85 38 38 64 10 92 31 74 78 52 20 83 86 37 92 64 77 13 39 94 59 0 14 52 55 66 64 6 46 45 77 56 69 62 41 21 41 37 49 82 64 82 17 0 23 15 6 13 38 60 94 33 59 90 8 71 27 19 50 21 33 73 71 46 72 89 10 70 11 33 68 75 91 13 98 43 61 55 99 64 37 78 27 31 15 12 40 60 27 78 47 6 2 87 46 58 62 79 33 84 74 79 59 74 83 38 74 95 74 34 61 
3 12 55 1 82 6 51 18 58 60 83 0 52 64 4 49 13 75 14 52 41 4 45 31 33 64 41 89 90 16 71 63 49 65 0 80 92 33 30 58 4 38 29 80 69 24 80 5 95 82 64 81 79 26 8 42 9 61 61 12 11 1 27 18 50 41 81 53 87 48 50 25 68 73 1 55 80 34 10 16 89 97 93 20 76 56 55 27 23 40 30 74 90 23 34 85 90 15 89 35 5 26 83 27 53 49 74 53 57 34 31 32 5 62 86 67 66 57 78 66 25 35 37 67 6 2 99 32 49 37 41 6 36 25 8 78 95 50 53 99 56 20 87 77 29 62 90 84 92 51 79 84 1 83 62 79 89 40 3 43 7 21 40 75 51 59 45 80 94 31 25 76 13 35 97 21 3 49 71 23 85 76 96 48 33 91 72 59 86 27 69 11 12 93 19 41 1 25 91 72 18 21 7 97 48 49 85 82 77 10 54 34 55 57 13 74 7 37 64 50 22 41 58 39 8 71 97 68 24 11 78 74 64 12 39 5 29 80 52 51 58 7 57 95 61 42 83 55 2 67 53 93 39 76 5 12 71 51 19 48 35 53 49 19 30 72 16 0 8 33 70 1 57 98 84 9 47 26 37 93 65 67 48 51 98 49 91 20 45 31 53 66 70 79 89 82 13 33 59 46 17 4 54 15 52 84 34 13 69 31 45 71 78 19 17 88 71 95 63 74 39 42 26 5 9 32 53 84 9 2 43 4 5 68 25 21 82 65 60 65 35 59 16 14 16 15 47 24 51 72 83 19 91 87 87 6 84 77 6 23 79 52 41 61 70 27 10 24 87 45 10 92 33 3 36 96 59 49 86 80 72 86 80 53 11 39 75 72 43 66 52 77 49 27 8 29 57 31 14 43 
7 31 15 7 36 39 97 64 83 48 71 67 59 34 28 15 1 74 91 35 47 35 38 70 81 43 61 21 31 53 12 6 14 36 71 28 30 67 99 15 96 11 30 57 49 96 7 57 35 4 86 23 74 44 48 64 97 16 76 40 66 17 21 53 76 72 96 26 16 34 44 51 74 75 50 23 24 8 4 75 47 44 9 25 85 0 44 41 55 65 80 18 92 34 33 37 65 91 95 69 14 82 83 27 21 44 72 24 54 57 48 42 7 47 27 88 89 36 91 56 78 15 29 52 84 70 11 21 82 45 35 90 57 97 70 0 78 93 64 88 58 53 75 14 82 2 70 92 44 68 68 10 22 27 37 61 33 7 64 45 61 90 69 80 95 24 98 16 47 0 81 0 32 54 92 17 8 30 19 42 92 32 85 50 71 94 37 97 45 18 35 98 99 53 12 59 94 59 38 22 1 47 7 74 23 41 83 29 13 62 16 5 87 20 34 32 48 19 92 73 11 59 13 43 33 63 66 8 33 85 98 82 41 19 79 21 33 82 5 69 65 61 29 77 71 71 12 93 3 69 84 27 3 42 57 88 89 20 59 70 75 40 96 5 69 68 93 10 37 96 90 70 60 62 77 83 95 19 55 43 56 51 53 62 5 26 36 90 65 60 76 17 66 10 22 10 51 86 4 75 67 25 77 7 94 2 9 6 95 42 74 13 21 6 0 7 57 33 26 44 91 87 93 46 33 72 8 61 54 1 53 75 63 27 43 0 63 53 61 26 58 45 21 0 47 46 13 20 75 61 10 30 93 44 73 19 20 90 59 67 9 40 75 99 22 83 75 85 91 95 96 51 86 16 90 90 82 55 71 52 59 3 8 1 66 8 9 59 19 75 86 15 14 72 63 29 82 57 2 3 
74 40 30 86 26 62 10 6 74 49 78 19 30 66 90 92 34 63 80 47 38 33 47 37 64 1 33 79 36 36 56 45 69 35 40 26 46 12 92 20 68 15 96 30 14 48 21 79 89 25 91 97 65 50 31 41 23 31 56 53 24 26 80 43 34 38 26 64 94 83 82 49 74 46 74 20 28 63 84 19 54 82 70 48 8 67 40 52 15 74 96 85 35 85 54 10 91 67 79 55 99 73 0 52 70 70 59 22 37 13 29 78 19 25 36 68 87 12 86 33 36 73 75 73 71 58 4 69 62 83 12 47 7 38 43 33 98 51 13 62 51 20 16 38 72 16 97 86 74 1 81 97 10 45 70 73 54 77 23 20 37 81 64 48 11 52 15 45 68 89 60 94 32 24 46 87 99 49 90 25 86 65 83 67 61 42 52 3 86 94 18 12 66 95 64 67 91 42 23 15 50 19 49 69 22 23 95 28 21 61 71 74 93 94 55 7 13 52 42 45 85 13 66 0 3 91 32 67 40 87 88 15 54 19 84 64 15 96 74 41 54 19 55 43 45 26 35 65 22 35 63 39 18 25 86 20 99 74 11 76 96 56 97 98 51 27 92 18 18 10 76 82 18 33 47 42 40 22 36 98 9 51 85 87 1 7 4 53 70 88 2 19 53 1 19 91 77 60 62 63 23 86 28 24 94 9 11 43 28 62 41 5 60 31 72 23 97 23 52 25 32 9 28 11 49 61 25 2 68 97 69 64 34 32 3 46 64 97 98 40 39 77 78 2 61 76 49 70 88 25 39 39 33 17 73 32 6 98 28 51 60 28 46 76 7 7 8 8 78 43 88 63 87 89 13 46 30 58 28 85 37 80 45 76 21 31 43 55 95 22 16 67 21 7 53 83 46 61 96 79 
78 99 14 31 99 36 88 72 85 17 76 83 56 82 25 30 40 72 68 83 36 34 16 93 51 59 37 65 3 56 94 10 46 23 36 93 55 11 15 96 40 96 90 72 37 37 76 4 70 28 0 76 97 18 97 14 46 80 2 31 46 81 0 93 93 5 1 28 10 58 19 75 45 77 85 92 25 78 66 82 87 63 52 62 29 14 66 96 74 2 81 16 95 76 87 1 94 75 18 40 46 44 27 80 47 42 6 44 78 85 5 25 35 69 60 94 66 46 76 13 64 25 94 85 46 65 69 49 59 63 82 30 82 19 45 27 26 44 49 87 69 94 80 4 55 49 15 83 23 93 14 89 78 88 84 28 51 28 70 65 95 70 50 24 63 89 14 8 26 7 37 45 54 28 81 4 53 5 33 42 33 52 13 54 9 0 52 67 39 96 81 89 10 35 66 80 39 11 88 28 91 22 87 71 42 96 73 51 39 43 56 38 6 75 77 86 54 37 25 50 24 90 7 38 76 0 97 18 19 97 23 38 65 87 98 8 51 27 63 87 47 72 13 71 7 34 85 41 3 47 52 87 36 46 24 43 65 39 39 49 87 11 87 31 88 32 2 64 19 35 96 95 51 3 95 69 80 85 57 17 82 14 73 48 49 24 15 9 13 69 73 13 15 36 50 46 4 26 17 8 96 20 95 8 53 86 12 85 86 39 19 60 14 57 19 1 61 0 72 55 56 38 75 78 20 78 95 67 85 77 85 3 20 40 21 97 91 7 68 2 67 25 4 94 54 2 11 72 11 41 93 77 31 34 76 45 36 59 76 90 35 57 6 41 6 65 73 82 96 19 88 0 48 95 23 85 60 39 28 83 26 29 83 83 36 80 33 69 45 88 54 88 95 45 5 75 53 60 32 60 
4 82 60 16 70 85 22 47 51 1 7 53 44 70 57 62 4 2 89 70 45 29 64 12 99 23 61 52 43 37 78 74 11 56 55 85 56 51 57 35 79 51 71 27 24 84 32 9 4 62 49 33 86 65 50 94 16 41 84 16 7 64 34 8 85 5 6 35 9 36 25 22 64 27 9 76 2 53 39 0 62 61 9 97 95 34 62 39 51 20 31 4 89 93 0 30 22 64 4 91 87 70 30 51 90 67 24 4 66 72 44 24 44 67 16 34 51 22 58 2 67 51 24 14 53 31 14 49 82 2 94 3 57 67 83 14 41 81 17 39 84 88 55 12 76 51 83 44 16 74 34 79 31 28 75 8 75 71 21 52 97 95 79 54 39 64 36 83 29 47 44 6 44 74 57 40 56 91 73 20 33 50 63 79 77 13 84 6 15 93 8 72 59 19 56 81 65 17 15 39 7 13 84 92 10 86 38 65 43 29 11 85 94 65 92 57 32 8 42 27 50 97 69 19 60 54 77 90 55 65 17 73 17 65 74 10 3 64 97 17 61 82 76 24 39 57 75 9 27 83 65 79 34 35 36 83 61 15 49 12 5 73 53 57 40 89 9 35 49 39 3 79 2 34 73 12 92 44 69 47 92 74 26 70 8 46 54 32 84 23 73 4 99 54 1 8 89 79 6 71 1 61 3 68 90 5 97 89 93 3 44 60 18 27 21 69 29 88 3 41 19 67 4 20 97 42 17 17 70 93 8 82 52 28 50 22 13 54 1 59 63 94 76 11 1 88 73 3 99 7 6 70 88 72 27 11 15 57 62 24 29 63 80 97 16 33 36 52 27 42 61 83 4 65 80 81 65 71 59 96 8 0 60 51 13 1 9 18 45 77 8 14 72 91 81 35 87 80 28 83 
52 98 44 84 37 15 45 57 3 62 14 69 54 87 68 64 44 53 83 47 0 93 62 78 9 12 57 12 75 1 66 13 40 24 7 51 62 34 3 7 1 50 31 65 59 3 43 2 71 63 1 97 70 84 9 60 11 33 13 40 6 7 67 60 43 20 65 94 32 60 57 75 16 58 93 96 54 9 36 1 9 68 70 96 33 87 8 41 82 31 11 92 55 67 87 48 13 64 91 23 77 54 51 54 4 84 41 63 22 82 8 71 42 44 94 33 75 86 56 52 93 18 3 68 78 1 21 44 99 94 80 10 47 96 75 43 18 90 7 96 29 84 91 6 86 3 98 27 74 88 60 33 82 46 0 94 14 85 38 64 47 27 53 49 73 85 82 90 76 45 46 58 54 99 24 77 21 25 62 22 48 87 33 36 16 98 35 64 53 11 85 0 75 43 22 2 66 7 11 52 64 53 2 66 93 65 24 33 95 25 93 59 3 61 63 26 31 32 68 93 98 58 11 57 93 62 18 24 56 68 99 32 64 54 49 6 26 4 10 64 88 28 88 4 26 75 9 10 91 38 10 30 69 28 44 49 15 40 2 64 22 93 65 10 62 60 8 17 45 62 47 77 44 54 35 24 17 17 8 9 97 13 37 13 67 7 47 71 52 0 89 97 88 62 27 79 69 14 70 76 94 65 70 53 39 99 9 8 28 23 67 85 79 88 10 13 10 32 29 60 11 71 88 31 30 6 81 10 0 37 5 45 66 98 24 54 85 59 14 10 59 21 71 85 66 33 17 27 63 99 69 34 6 22 58 30 40 11 0 51 37 81 13 54 99 28 24 51 23 33 43 77 26 86 75 26 23 82 69 49 42 51 56 20 8 14 92 59 90 47 60 94 55 34 19 27 18 45 31 28 
59 90 44 18 93 19 12 42 8 81 35 62 80 22 17 91 57 90 65 73 4 7 44 12 34 24 3 47 28 59 77 14 35 38 92 35 40 36 54 76 50 4 39 50 87 30 57 30 61 57 14 57 86 35 45 20 82 78 0 26 83 63 33 16 53 85 84 31 31 41 76 52 42 0 64 58 61 12 51 33 56 90 99 22 56 27 62 15 43 29 7 4 89 41 80 18 87 11 75 95 43 94 66 35 75 52 50 53 44 28 16 8 14 70 3 44 51 34 36 0 89 81 75 86 60 93 37 49 71 96 78 85 34 2 86 36 72 82 62 71 66 89 44 8 3 49 67 23 53 62 79 59 61 70 81 98 2 6 69 84 11 59 97 48 17 30 1 79 23 44 56 5 33 93 98 60 28 79 54 92 0 33 46 88 65 40 56 3 30 90 76 75 70 21 55 64 49 30 54 32 83 67 7 78 39 90 87 41 51 83 57 42 70 56 97 28 38 34 61 50 75 3 1 18 52 10 73 38 36 70 58 40 72 79 20 6 23 17 86 69 41 23 19 25 33 95 38 30 85 34 76 89 87 94 92 58 21 50 90 37 4 74 4 94 78 48 22 1 73 66 52 10 31 25 77 58 99 33 74 90 72 90 4 95 97 31 74 47 41 40 6 25 88 49 22 31 17 41 62 4 97 81 12 40 83 90 27 16 34 8 92 49 37 91 9 73 49 65 47 15 76 50 79 22 43 29 80 62 9 0 15 50 79 89 67 45 95 86 84 3 81 6 81 94 78 61 13 22 39 38 46 8 90 46 19 17 7 92 60 47 70 63 14 68 91 76 25 23 62 20 92 19 36 4 40 89 97 91 89 34 79 8 20 45 43 5 30 22 99 43 43 22 80 79 47 49 17 44 37 54 
43 34 17 57 6 30 7 43 56 15 76 65 93 24 52 58 63 3 41 43 51 2 24 36 23 96 93 45 57 50 91 56 68 38 80 40 53 67 94 75 21 63 28 32 57 82 71 60 43 52 72 86 47 44 68 80 43 29 25 4 95 1 53 31 28 13 32 85 84 17 90 17 87 40 29 46 64 69 13 38 73 3 30 46 19 67 82 59 89 4 34 3 64 95 92 22 47 47 7 3 87 34 87 14 50 86 20 48 16 59 49 60 46 9 15 16 83 49 48 55 3 75 73 9 42 14 23 22 81 91 69 66 39 59 20 52 2 76 29 68 6 42 95 71 51 26 53 50 35 59 18 30 63 39 85 22 62 92 96 94 22 39 3 10 22 20 30 34 39 56 79 40 3 31 44 94 42 78 21 30 87 53 57 88 43 24 35 35 1 19 71 86 22 81 85 32 77 65 0 33 85 8 47 20 93 90 56 97 41 97 94 68 36 34 1 79 21 33 15 71 22 67 49 22 69 18 82 87 88 61 55 7 64 85 0 58 14 39 70 93 35 46 66 99 88 68 25 65 68 68 36 10 32 34 38 3 83 82 87 63 92 62 23 91 0 7 35 36 49 14 31 73 75 27 57 91 41 65 82 85 91 71 38 97 93 99 85 76 48 9 11 5 71 74 75 29 82 2 31 61 97 38 91 5 47 46 44 4 65 26 27 24 96 83 83 39 12 97 14 65 49 7 63 56 91 58 23 78 96 29 97 38 44 24 41 38 34 44 27 63 54 71 61 77 86 84 56 68 44 49 87 7 68 51 70 52 34 94 21 41 63 53 33 30 85 4 81 63 16 65 65 83 78 39 87 20 97 58 36 81 99 95 74 17 86 54 53 26 66 13 26 62 72 43 58 29 68 58 52 16 
77 56 7 76 63 92 22 69 33 24 21 32 96 94 87 88 20 32 24 69 98 37 73 34 69 0 53 24 57 26 38 13 97 3 92 18 76 40 18 57 58 4 3 76 39 96 43 54 48 5 82 37 57 36 67 92 8 35 53 29 28 63 22 47 88 92 49 42 4 16 70 91 8 24 63 22 48 31 33 33 16 61 87 11 57 71 27 16 4 91 19 23 77 46 5 89 62 48 33 12 17 40 11 92 47 45 9 16 91 20 26 52 67 91 20 2 57 86 39 35 72 79 2 75 80 3 86 56 95 95 21 86 66 16 52 23 7 99 68 89 53 3 26 16 45 24 25 82 65 48 99 16 26 52 79 55 93 86 78 38 64 32 17 50 83 4 10 60 85 89 28 41 0 72 16 40 93 92 62 51 5 7 44 75 45 94 45 22 29 63 65 13 11 93 44 51 84 47 72 91 75 85 35 97 45 39 81 20 85 63 85 6 53 69 18 73 41 97 93 32 38 89 70 61 77 44 87 66 69 10 39 17 7 61 54 44 56 3 52 29 28 9 9 34 29 23 72 80 58 85 35 38 29 74 26 44 67 94 85 65 14 45 47 13 39 62 48 31 78 49 98 49 94 1 0 56 37 17 31 47 72 21 10 51 91 44 40 36 87 51 3 46 20 56 43 67 33 36 63 32 5 17 95 11 55 53 87 46 34 79 94 67 27 39 11 11 90 16 24 89 75 27 96 69 93 35 11 48 43 99 39 53 51 63 58 88 47 43 17 18 86 28 2 14 95 5 57 55 48 25 68 97 2 5 77 57 30 89 12 99 31 38 77 61 75 67 47 66 75 56 66 4 46 34 35 3 84 60 93 78 0 25 30 2 99 3 82 58 40 19 82 44 84 10 61 17 84 92 27 40 
73 11 68 67 47 19 12 30 98 43 82 40 93 22 14 92 72 75 70 84 13 73 61 83 89 43 6 76 72 56 70 86 6 34 41 35 39 28 29 4 78 68 17 26 29 13 29 93 20 46 25 8 59 55 63 97 36 65 13 54 46 97 55 57 10 47 33 92 88 57 24 40 58 81 14 51 55 78 59 51 7 12 24 97 32 21 79 10 76 44 9 64 26 4 71 84 82 84 81 86 73 21 70 39 8 67 8 91 3 49 27 85 65 36 63 11 38 46 3 20 29 80 11 13 20 88 42 75 20 7 12 30 57 26 86 3 94 82 64 50 17 14 29 92 58 20 33 10 32 96 75 13 11 80 95 1 80 79 39 19 86 52 11 92 86 26 93 22 54 14 1 61 25 80 7 82 50 66 15 79 81 17 5 44 6 53 24 92 42 27 2 47 11 61 86 38 55 62 26 59 50 90 96 51 7 72 70 78 33 15 45 29 39 78 10 49 31 43 54 79 26 69 48 3 54 72 36 30 72 98 55 23 16 76 84 73 87 38 41 77 35 11 50 37 41 3 84 45 32 34 66 77 32 61 1 76 9 67 86 55 65 81 60 69 15 38 22 45 73 10 78 25 85 1 14 70 35 31 27 91 22 9 96 71 8 11 24 97 35 92 47 66 38 81 94 93 43 77 61 14 26 40 49 9 37 67 50 28 89 60 79 24 13 58 71 99 22 83 22 46 56 32 60 38 19 52 85 40 96 1 6 49 16 99 95 97 52 63 90 67 15 36 87 58 18 71 12 35 55 24 74 11 64 74 85 79 76 35 0 97 65 86 21 52 32 17 0 34 51 10 89 12 46 60 71 23 47 41 58 75 1 3 65 61 79 44 73 89 33 26 48 64 48 43 93 54 47 0 19 43 
56 36 64 74 92 88 96 23 42 0 78 45 74 76 54 7 57 68 68 1 26 37 76 85 1 89 67 43 79 17 49 92 89 69 51 66 14 59 30 8 78 16 60 35 0 51 10 74 18 43 40 34 76 35 77 17 82 76 46 40 98 52 61 62 37 72 80 58 24 35 16 72 94 24 19 61 93 24 41 29 82 37 42 44 81 10 15 27 80 60 55 24 55 40 32 8 15 51 70 16 83 62 39 90 32 65 60 65 8 6 26 20 33 86 25 44 95 0 57 59 51 65 77 3 49 10 81 34 13 8 99 36 61 73 22 79 95 84 10 89 88 66 90 3 24 97 26 41 48 98 83 38 84 18 21 13 98 3 1 20 78 52 0 40 20 56 66 66 55 90 90 64 23 60 60 51 69 12 44 7 58 52 15 31 65 85 83 87 65 85 92 59 58 26 32 78 30 82 74 95 80 70 75 87 20 92 9 75 49 45 29 39 19 61 74 19 79 0 54 16 66 36 61 86 37 48 76 30 49 81 63 83 73 75 2 13 67 26 12 3 81 77 93 64 13 11 31 92 79 68 11 89 61 30 89 18 27 64 39 34 12 95 17 60 69 92 58 62 0 6 22 72 44 28 5 2 35 8 91 20 47 29 57 53 30 89 31 14 8 0 50 60 39 57 31 37 33 50 28 78 39 99 31 97 81 53 57 2 61 77 37 51 1 58 21 52 1 23 16 10 24 74 96 39 66 55 74 63 98 9 84 6 52 58 70 38 6 46 96 43 86 98 23 75 88 72 86 58 14 94 15 90 19 51 90 28 76 25 89 40 28 1 21 77 91 55 16 0 94 65 31 61 84 34 13 98 88 20 93 72 97 19 69 83 70 90 0 46 71 95 57 75 87 94 60 60 57 18 12 34 
20 11 57 92 82 7 76 35 48 20 9 89 90 33 65 24 19 61 85 41 98 40 69 88 4 59 12 10 28 58 15 0 26 84 31 97 84 51 56 79 46 96 92 30 50 26 60 1 71 98 93 21 58 25 90 48 5 5 46 15 37 41 20 70 87 56 29 31 47 27 4 1 93 42 19 13 47 72 86 39 35 42 34 59 61 70 92 30 20 76 85 23 97 85 96 97 75 34 22 15 41 79 13 49 33 53 28 84 39 0 50 13 49 1 70 18 4 79 18 22 39 52 82 11 38 95 86 8 26 95 34 91 55 3 14 87 74 60 15 51 92 26 97 75 83 87 57 59 99 76 56 25 88 85 8 18 70 31 7 12 12 88 50 37 57 50 48 20 57 32 99 48 28 18 50 86 8 15 40 36 7 36 99 18 57 26 29 8 19 68 51 59 70 26 78 53 32 58 95 31 20 9 21 73 13 95 2 21 91 38 22 99 2 24 15 57 36 1 30 9 63 40 81 48 66 0 49 69 46 17 42 49 4 98 17 86 65 67 56 32 2 45 32 28 9 24 44 75 12 36 93 78 93 29 38 84 1 97 52 79 85 36 17 80 81 45 42 1 83 60 53 84 40 26 18 25 37 40 68 18 41 60 18 99 81 40 33 89 44 44 67 35 11 47 58 10 52 64 76 72 15 55 13 52 37 41 55 28 9 60 78 45 75 4 0 14 82 97 55 26 57 38 97 51 6 97 38 71 55 72 28 70 25 20 23 88 93 24 76 97 28 59 36 57 66 42 56 33 38 76 63 71 38 11 34 37 65 24 76 65 24 25 26 4 25 74 48 92 68 73 4 54 16 71 78 36 98 76 94 23 0 8 26 13 85 99 99 33 35 50 61 50 25 79 21 69 43 91 95 73 
62 94 52 21 44 74 49 37 87 15 45 81 72 11 20 83 92 6 32 1 42 16 60 90 24 94 94 93 59 97 41 18 67 93 23 9 28 5 69 33 49 39 65 29 39 51 60 57 21 75 0 71 65 86 43 23 88 33 8 32 29 5 41 96 11 78 46 95 4 20 29 70 32 64 99 90 35 53 2 23 98 51 60 98 60 7 90 39 12 97 92 35 97 15 20 13 55 67 73 78 56 26 30 42 17 6 87 41 9 60 11 50 82 50 91 99 3 17 54 69 94 90 26 81 87 11 14 95 21 7 11 58 48 53 44 53 46 20 88 60 93 66 59 14 97 88 98 16 50 66 31 58 61 84 17 42 40 0 30 74 2 85 29 59 96 47 18 17 0 31 55 82 4 89 58 5 35 21 76 60 41 99 52 25 9 23 29 19 42 75 16 28 87 22 50 38 28 77 8 96 24 67 28 7 68 95 58 57 84 4 79 96 96 76 62 38 62 82 15 75 99 12 97 15 98 78 55 74 92 99 43 30 24 24 42 28 99 74 54 81 32 35 80 54 20 45 8 73 12 82 55 34 97 11 69 3 57 48 47 80 48 16 59 33 42 38 85 64 59 66 80 70 99 40 49 25 31 5 47 87 19 72 16 81 6 24 3 70 15 34 91 90 9 26 31 35 21 44 6 67 90 1 76 58 5 56 42 61 30 78 11 47 71 73 59 95 8 87 76 42 91 66 7 74 97 75 80 76 96 84 9 14 18 94 92 91 34 19 74 43 70 38 35 66 93 80 32 52 41 59 8 87 39 53 2 92 90 28 93 38 77 0 57 44 85 76 81 61 39 0 18 46 81 42 99 98 35 52 78 89 84 17 90 19 74 35 12 98 10 41 39 19 31 5 35 57 14 36 74 38 
34 44 69 6 81 74 21 81 86 20 25 37 37 25 22 96 44 56 94 46 31 17 21 26 62 14 86 13 45 14 8 68 69 32 48 88 65 97 94 27 67 53 66 88 12 99 45 89 65 64 0 80 7 18 20 44 6 81 11 73 66 38 62 47 90 10 67 19 80 65 53 26 60 87 77 62 73 79 43 47 17 10 66 6 12 90 92 4 63 96 69 52 81 55 18 9 79 30 57 19 88 84 3 48 51 98 61 76 32 84 99 28 12 15 22 94 29 98 60 46 1 16 73 31 42 30 68 4 78 18 79 37 0 79 27 77 87 29 47 73 81 27 46 71 30 35 91 7 94 94 97 90 16 37 63 17 85 83 81 60 1 97 16 51 8 30 47 99 83 26 18 26 32 36 19 25 79 30 83 2 59 18 42 37 9 91 70 46 26 54 61 79 23 94 73 68 56 0 23 56 89 7 83 34 41 95 63 84 4 32 98 66 56 94 80 94 74 14 79 82 33 3 23 79 87 10 81 17 68 11 96 95 48 89 42 57 52 72 94 19 11 72 97 79 69 65 34 49 8 41 69 50 55 42 56 23 67 77 29 64 84 97 42 77 40 32 82 19 86 90 3 82 77 20 64 17 94 32 1 67 72 81 41 5 54 34 19 48 38 34 60 64 24 51 76 37 77 59 51 5 81 91 90 34 39 82 38 17 47 79 21 27 92 15 86 27 12 0 85 73 4 55 11 1 96 85 59 95 99 36 54 94 95 1 29 82 71 35 84 46 20 10 37 81 30 84 89 61 91 12 94 26 37 18 42 88 52 63 90 75 50 57 19 58 26 5 65 10 43 54 90 29 62 49 69 34 40 11 90 10 1 94 97 47 10 36 36 32 29 0 42 86 38 95 66 2 32 70 53 83 
58 93 35 88 63 39 78 93 84 47 84 74 36 58 18 57 21 93 34 38 77 70 95 43 35 86 33 21 75 50 18 72 51 34 87 73 68 45 64 82 81 15 95 14 38 67 58 83 75 9 67 32 98 27 36 43 82 74 59 39 45 87 67 65 92 66 75 28 2 83 70 38 87 76 1 85 66 7 53 2 4 39 24 76 6 16 93 24 13 34 98 44 69 74 6 90 80 13 83 59 71 57 9 4 89 26 3 71 59 48 50 32 9 13 52 22 3 33 71 40 1 84 98 17 99 59 19 92 79 71 18 0 65 23 37 4 41 65 64 53 75 79 70 71 88 57 88 84 31 93 10 87 83 6 32 34 63 42 64 90 89 4 13 47 23 56 53 74 94 60 98 33 85 79 41 63 39 4 92 72 24 34 61 71 57 89 96 65 40 11 70 17 6 11 23 22 64 54 57 63 0 20 81 50 41 78 29 94 56 58 47 25 61 78 17 14 25 88 9 76 61 37 11 80 26 97 29 79 94 31 62 94 76 86 46 97 47 90 77 62 5 90 98 8 66 66 6 12 53 65 16 94 35 81 31 67 45 70 66 97 64 24 88 4 68 68 81 68 55 88 35 47 44 42 8 16 50 62 35 39 7 50 16 7 55 24 86 46 55 6 99 17 6 21 26 7 25 50 97 14 34 60 60 99 35 92 70 1 7 13 16 85 82 45 2 32 29 95 99 26 85 85 12 42 40 29 41 98 27 50 34 15 30 82 15 56 69 21 95 84 44 89 2 13 10 16 58 48 49 17 6 30 57 22 12 36 62 46 9 78 55 22 18 16 76 82 37 93 38 49 88 39 49 76 89 36 83 71 87 28 88 61 16 58 96 7 0 91 56 50 9 65 51 24 34 84 57 43 73 35 
30 64 12 76 99 83 76 5 65 20 53 2 0 18 77 23 59 58 67 96 50 78 29 18 93 50 93 51 63 2 76 81 37 53 52 63 44 6 40 20 80 9 46 72 58 1 12 80 1 4 26 98 56 50 66 77 23 65 25 46 11 11 69 43 47 14 52 27 89 57 28 61 88 52 43 58 47 74 18 97 9 72 84 74 39 73 88 91 83 68 22 88 62 46 89 45 44 9 43 60 86 3 97 49 13 3 79 46 38 57 98 87 5 28 2 62 5 9 74 55 47 65 97 61 91 3 44 24 84 71 86 14 40 34 79 51 11 15 79 82 46 85 65 9 3 42 31 96 83 4 5 9 21 26 22 42 57 61 13 91 51 71 60 70 97 20 77 48 38 47 62 78 41 83 70 31 93 83 52 4 14 91 40 37 76 64 24 70 2 89 21 38 62 83 70 3 59 58 35 26 83 29 34 32 38 32 6 34 90 27 97 72 89 58 12 36 84 91 92 77 17 75 95 70 99 49 15 81 40 24 74 24 64 91 59 78 33 26 5 9 74 86 89 54 11 76 60 45 13 23 33 96 74 91 8 66 12 14 12 73 38 53 86 19 35 66 94 75 41 81 10 92 97 8 81 30 6 7 29 85 99 79 84 46 61 65 67 86 15 30 41 34 32 31 70 37 46 26 51 44 92 3 65 67 35 40 8 2 9 61 75 51 42 49 33 47 82 77 61 67 54 13 69 88 17 64 3 12 83 47 65 0 65 14 64 59 4 7 35 76 7 71 57 51 10 23 31 79 57 26 14 24 7 55 20 15 39 77 97 95 92 69 65 87 53 92 96 7 80 97 50 47 70 25 12 73 35 98 14 83 86 65 57 17 52 11 12 96 57 82 75 75 59 75 35 9 66 31 4 92 
76 70 64 40 13 59 47 82 81 74 15 26 89 2 98 19 68 79 50 66 79 78 65 58 27 46 81 35 61 16 94 8 98 58 77 74 72 33 47 53 45 82 86 9 30 61 51 13 95 21 65 62 97 51 72 92 12 70 6 24 46 46 50 29 23 92 18 97 95 58 67 6 21 64 38 54 94 89 37 59 40 73 11 43 51 71 40 67 89 3 64 0 45 47 33 71 60 9 67 85 78 31 72 42 38 58 72 83 75 84 19 30 45 41 68 65 29 63 52 93 72 5 68 80 31 93 7 28 79 82 67 75 37 4 33 4 25 9 15 12 22 64 31 44 49 32 69 48 3 71 69 49 36 71 57 11 90 45 79 74 22 84 47 98 1 49 64 81 4 33 16 15 64 2 49 64 56 21 10 37 94 27 54 32 90 66 23 65 60 19 94 29 55 66 62 14 80 90 82 39 69 77 83 98 43 90 26 95 71 57 6 39 36 14 48 44 8 94 56 79 59 83 7 19 20 39 93 80 35 2 49 56 11 99 11 29 21 3 86 91 96 56 66 59 82 70 99 7 31 91 30 16 21 24 47 54 16 22 8 11 75 50 65 55 17 53 89 98 41 43 92 47 64 74 53 55 1 17 26 13 63 1 9 68 65 84 81 53 10 4 66 52 26 50 5 5 77 32 96 63 26 24 85 39 79 30 24 25 71 0 25 37 8 36 54 20 55 57 86 13 72 77 87 73 94 74 50 85 46 0 1 7 18 19 76 20 6 54 90 53 62 47 65 63 39 7 44 55 6 56 46 41 65 69 45 44 69 78 56 51 8 89 63 11 72 84 86 21 75 72 56 53 85 9 22 55 90 67 53 13 16 17 16 93 21 75 37 28 57 69 54 39 83 70 35 46 60 63 42 82 
20 53 17 35 35 56 79 54 95 4 74 34 64 23 29 66 4 33 22 46 45 45 12 30 55 13 56 80 2 51 81 28 35 65 23 38 62 10 61 79 88 42 97 83 78 84 56 34 10 77 77 85 68 88 43 15 72 96 59 9 34 2 42 54 50 11 47 27 57 12 0 94 71 40 30 19 2 26 42 23 67 16 41 57 80 67 67 31 86 28 0 94 76 82 11 72 92 5 59 61 96 58 99 7 39 64 41 67 97 26 42 29 4 58 76 71 80 70 39 93 10 61 90 50 60 48 41 71 20 53 47 32 7 63 38 75 24 44 89 6 69 20 81 63 43 19 30 30 20 40 28 93 90 42 34 62 71 75 66 82 96 40 59 20 62 65 6 94 53 53 22 16 43 60 26 81 45 14 85 62 32 71 42 67 39 65 27 0 39 61 22 85 75 50 97 6 85 14 95 6 92 95 81 37 27 81 22 51 35 28 34 63 96 77 91 68 34 48 86 7 45 20 88 0 49 3 92 29 16 55 72 69 0 13 62 70 42 80 49 50 67 53 39 86 77 95 34 19 53 24 54 76 22 22 49 32 6 90 62 90 75 48 14 46 69 21 52 78 58 33 62 1 99 13 12 78 53 77 65 28 6 21 64 37 44 21 1 56 2 72 84 52 34 73 36 18 91 1 64 49 65 72 94 40 81 4 93 83 85 30 53 44 99 38 71 9 77 58 7 65 89 81 57 39 78 65 27 71 26 70 65 4 61 49 80 12 71 58 9 74 17 84 41 30 74 49 93 76 95 60 43 26 87 49 73 35 41 10 87 7 63 84 16 22 0 68 65 76 52 42 80 50 10 17 82 22 38 92 63 82 24 45 27 19 49 80 46 57 9 50 83 6 88 3 0 11 49 20 69 32 
75 97 51 72 70 62 63 8 58 44 79 32 7 11 76 4 57 14 49 44 12 42 27 23 26 18 90 76 56 82 51 96 58 63 54 94 55 75 21 49 44 85 29 62 32 79 57 82 28 58 45 68 0 70 8 26 62 30 86 11 20 86 75 93 16 84 16 70 39 60 91 21 95 31 52 98 39 57 71 0 79 61 20 26 3 29 50 63 82 8 7 47 87 48 18 26 97 75 18 43 76 44 22 6 15 33 85 98 83 73 65 86 20 39 18 77 35 9 52 91 4 86 33 1 20 72 60 44 81 54 31 54 37 72 2 70 4 49 52 13 2 70 21 45 69 76 40 9 91 48 91 45 78 72 70 91 99 13 88 6 80 75 88 6 42 12 22 88 62 37 0 24 16 85 99 88 0 96 46 6 15 3 47 41 54 12 75 92 16 16 67 16 74 59 40 27 26 80 87 44 54 58 1 69 59 3 64 79 95 22 51 77 66 22 75 36 47 84 35 77 47 77 32 90 8 70 68 10 7 84 36 7 78 12 88 87 80 29 92 55 61 83 96 61 54 68 3 68 36 5 56 12 21 44 60 57 20 67 72 73 52 48 22 16 31 66 13 7 15 58 94 98 42 79 8 59 2 63 36 88 3 95 38 91 40 89 3 88 55 88 11 31 9 83 0 28 9 26 19 55 44 1 59 39 78 42 12 98 86 41 86 85 59 78 70 6 97 31 16 99 54 31 2 93 43 54 35 73 5 98 75 50 0 89 82 15 8 12 20 2 27 95 68 33 80 46 68 39 65 48 35 87 55 73 84 29 68 13 30 29 81 27 41 76 61 75 0 76 42 28 31 23 95 69 75 47 78 26 99 37 62 66 97 91 32 86 90 6 45 96 34 52 95 29 32 74 57 31 89 21 
48 4 5 38 11 95 6 88 93 88 28 73 94 2 18 63 87 86 75 48 86 63 31 40 74 52 88 51 30 49 64 87 32 82 96 90 11 56 2 62 33 30 6 16 11 55 50 64 26 84 16 12 20 21 80 7 5 83 74 3 78 5 85 28 27 83 41 47 16 90 75 56 38 25 74 63 51 83 87 37 48 2 84 13 21 3 18 8 46 47 78 95 40 66 17 6 37 58 74 6 88 19 80 27 49 16 67 6 61 24 32 34 88 94 72 63 46 25 16 12 20 36 11 46 7 82 64 97 94 33 15 26 13 20 45 17 0 13 10 63 40 7 95 84 16 17 64 35 72 91 91 30 79 14 10 40 89 55 41 20 35 98 80 27 89 57 71 45 64 98 83 84 6 80 92 98 95 67 3 96 54 57 67 54 43 13 34 57 73 78 33 7 86 51 36 90 30 13 38 75 10 88 57 76 86 75 80 28 89 7 86 74 63 31 39 85 64 69 68 70 31 94 35 98 17 90 11 58 99 58 93 12 4 39 28 80 96 80 91 38 30 39 68 94 21 44 43 69 26 21 51 14 51 33 48 82 86 83 90 35 39 78 93 11 16 7 18 91 28 66 28 73 14 33 66 39 31 45 92 1 13 46 84 86 1 77 48 58 59 72 17 22 48 86 6 36 9 52 68 5 94 30 72 20 1 62 48 57 77 34 70 14 73 20 23 41 33 63 18 2 63 63 87 10 1 42 35 28 50 37 49 42 86 49 42 12 20 70 41 57 95 3 4 58 86 27 11 67 15 15 15 70 21 70 61 23 90 93 92 74 69 63 83 87 49 88 31 91 29 4 65 73 33 91 59 92 68 51 89 44 31 9 34 95 63 71 82 77 55 45 98 74 61 66 86 51 37 2 43 15 
53 14 29 4 59 96 42 20 32 47 48 49 46 73 48 20 12 87 91 17 88 48 13 36 90 54 99 6 23 30 49 84 85 18 1 75 85 96 34 59 52 72 41 17 38 54 68 38 24 5 16 18 93 47 40 17 48 35 86 21 0 27 66 8 11 41 68 40 43 28 91 68 74 54 11 12 41 57 15 12 23 15 8 45 26 2 52 16 63 20 66 91 34 42 17 13 89 7 47 14 45 44 40 51 72 57 23 31 65 2 80 90 97 79 43 96 24 93 32 42 59 26 52 73 15 39 98 99 73 44 41 41 19 19 18 29 24 49 1 25 4 65 64 96 98 26 22 62 37 87 5 54 28 73 11 85 9 2 15 44 49 87 47 26 10 83 68 25 68 33 92 78 36 74 43 31 46 24 37 60 70 74 99 16 26 81 36 9 38 2 78 74 36 2 85 68 8 78 75 83 78 82 0 35 87 8 96 42 62 77 35 72 72 24 85 8 10 42 46 52 65 33 71 24 17 95 30 95 23 41 30 52 93 41 23 67 64 36 48 22 92 56 89 73 41 98 75 87 66 51 46 51 41 1 23 43 46 7 18 64 45 92 30 26 81 19 78 42 59 14 26 37 89 39 95 31 95 44 22 88 47 74 36 37 64 7 98 54 34 50 7 58 48 35 82 84 14 3 76 89 75 46 35 37 2 72 4 14 97 93 86 91 42 77 35 2 49 98 71 61 33 3 10 21 18 97 67 7 92 12 83 30 2 60 86 82 41 36 64 79 90 67 98 53 65 97 92 35 56 16 22 13 87 20 2 30 29 59 37 61 51 65 91 84 11 4 96 74 24 19 40 50 8 68 35 45 70 10 74 82 65 80 9 68 44 51 13 84 32 85 87 21 23 23 81 64 54 9 25 31 
25 8 92 73 58 25 77 79 3 91 10 90 36 1 57 0 80 89 95 47 31 27 54 72 40 82 61 44 67 64 72 77 26 29 35 26 68 82 79 48 14 22 51 28 13 8 5 89 8 94 61 12 74 25 77 12 34 74 58 59 67 5 9 18 2 44 10 16 14 38 37 23 18 17 70 98 21 85 63 98 70 61 46 61 29 71 73 19 70 99 60 9 20 28 86 72 29 50 80 8 52 11 56 52 59 65 2 27 34 99 15 63 39 92 76 13 80 8 1 13 6 28 13 83 7 76 88 30 47 83 66 65 90 39 12 95 17 22 68 71 73 76 86 36 92 89 32 41 55 69 90 92 39 70 82 4 29 83 46 69 96 47 47 75 84 47 88 57 36 79 84 15 47 86 8 46 67 57 25 83 70 70 79 34 30 69 62 52 28 67 94 72 84 81 92 58 70 79 45 53 24 2 17 38 74 30 20 32 70 72 48 70 53 51 81 95 37 73 35 4 70 33 76 99 47 66 61 59 4 67 14 80 25 85 32 48 60 52 3 46 71 14 60 30 17 36 80 73 86 66 73 31 97 73 9 58 57 47 37 85 23 26 36 41 79 1 80 78 55 88 44 17 8 98 71 84 52 32 71 82 0 99 9 33 71 30 17 2 14 73 61 72 73 30 23 88 26 86 70 27 29 93 4 52 16 42 17 47 71 40 87 10 35 98 63 3 66 70 99 94 90 99 64 85 28 65 30 49 6 16 1 19 96 9 86 71 62 0 59 99 99 8 3 91 78 89 14 32 76 11 59 74 17 16 35 47 98 44 53 65 56 2 66 7 58 94 99 38 80 33 49 13 6 8 68 39 19 69 99 68 72 22 47 31 28 47 21 46 85 63 93 87 78 93 45 6 62 65 59 94 
69 32 26 20 86 60 38 45 9 1 9 92 78 95 13 28 21 25 91 63 35 37 26 11 9 6 77 24 40 86 89 94 93 31 23 52 42 44 8 10 68 59 29 43 98 6 85 74 62 14 41 9 46 4 3 14 18 94 91 33 68 12 22 35 84 28 31 30 61 51 50 81 80 45 35 21 52 18 32 23 45 82 54 52 61 18 49 11 72 16 6 98 10 85 29 60 70 97 27 41 49 34 41 82 93 36 90 90 12 17 61 73 68 37 71 61 76 88 60 70 2 31 99 14 10 95 55 57 79 76 50 97 21 61 1 85 91 44 50 43 94 69 57 35 90 86 27 27 66 78 75 32 74 38 73 2 60 55 55 26 72 73 29 6 13 20 53 71 23 85 28 63 66 99 44 98 70 6 43 74 25 35 74 16 19 34 85 44 36 33 54 76 75 6 48 73 9 18 98 31 99 75 64 99 12 15 49 61 70 49 34 18 92 61 78 22 65 91 18 86 63 81 19 98 13 90 82 25 73 21 43 37 32 69 81 93 65 80 13 36 13 63 5 72 59 78 79 26 75 49 77 68 79 70 27 24 11 76 64 59 21 7 69 6 3 60 0 47 35 43 47 44 23 4 15 75 31 27 12 17 43 16 94 89 73 25 94 67 91 21 53 58 81 77 32 29 18 8 96 29 55 73 4 87 56 96 53 28 62 68 54 94 28 71 88 13 50 94 7 82 75 17 62 74 1 87 91 14 23 9 2 29 38 24 76 12 32 98 95 25 89 17 84 2 22 64 72 64 96 73 31 73 17 28 62 47 10 76 51 10 24 67 42 37 10 5 30 72 39 43 40 28 32 73 95 28 86 13 81 27 49 14 69 17 71 17 50 18 82 6 55 44 63 81 95 69 81 75 74 41 
29 63 45 53 92 58 83 40 38 6 40 48 24 89 34 5 56 53 45 18 78 23 19 56 79 29 34 67 46 20 57 94 23 62 93 46 19 10 51 18 3 69 0 70 88 21 9 41 87 77 25 43 39 96 5 67 44 17 86 73 9 70 67 59 35 79 89 85 15 58 11 19 1 97 2 94 59 55 23 38 86 27 55 82 24 41 7 68 25 94 40 18 29 46 35 5 82 92 28 6 58 14 16 10 89 53 78 54 0 87 40 54 64 15 61 18 36 2 33 3 64 75 35 67 80 24 30 11 81 11 99 71 82 77 26 3 81 74 47 41 59 69 35 28 5 23 59 31 1 34 28 56 60 46 76 75 49 64 64 73 10 89 78 10 98 69 40 59 99 28 58 76 32 5 89 5 21 1 20 62 86 86 16 92 13 29 50 26 40 77 88 92 19 42 32 43 33 60 67 45 57 91 78 74 31 82 89 47 92 2 77 10 78 90 88 18 92 18 42 0 5 64 58 19 51 25 21 84 69 43 87 9 73 6 36 79 48 45 0 57 31 87 82 7 15 66 12 87 27 7 24 38 80 14 11 78 49 0 63 11 97 30 23 44 62 87 83 95 95 90 89 20 12 77 78 77 12 50 34 65 83 92 23 11 81 29 51 10 59 25 59 31 57 52 3 53 3 48 60 59 96 1 69 94 80 39 69 73 37 2 68 95 24 47 96 16 45 37 93 98 56 1 12 9 77 63 64 84 78 46 67 62 60 46 56 53 75 39 80 42 38 33 70 62 79 38 86 75 82 16 58 2 48 28 72 7 29 33 50 65 30 69 59 29 73 12 9 81 74 47 95 29 47 8 5 0 74 75 94 47 93 0 41 94 7 77 87 84 1 19 80 65 3 8 16 42 44 45 24 4 
15 33 21 1 44 11 12 20 39 36 79 41 91 6 11 27 73 22 90 53 65 1 11 3 41 29 11 15 94 71 78 64 36 42 87 58 26 14 36 10 96 33 58 39 70 74 11 28 86 41 77 64 42 43 10 40 20 94 36 56 25 71 83 45 75 85 16 92 67 41 97 3 75 20 70 76 76 60 94 74 46 15 31 24 34 92 82 79 12 8 46 31 23 48 58 9 2 12 89 28 32 35 54 78 94 48 49 84 68 44 48 80 93 92 57 33 58 90 43 72 94 75 14 74 23 56 0 66 20 73 6 13 62 93 8 91 47 40 44 59 89 21 4 10 59 28 22 24 51 91 12 15 68 3 44 40 40 69 77 99 97 57 94 59 47 67 66 42 21 57 5 22 97 13 71 40 13 79 15 20 59 40 49 81 39 35 23 50 76 48 64 41 96 56 37 71 97 57 45 12 36 63 0 93 67 54 60 55 53 36 15 9 16 65 27 89 12 57 99 51 78 41 77 99 87 98 13 52 66 23 1 24 44 90 88 14 19 1 24 54 12 96 91 72 1 81 86 67 89 83 13 87 42 48 9 93 33 47 83 94 60 5 29 15 33 5 54 59 25 65 58 45 55 27 7 20 45 62 77 24 4 2 61 95 48 89 56 55 98 2 74 90 34 66 33 64 19 18 38 31 41 44 63 17 76 61 10 21 26 94 25 79 91 69 26 73 92 71 57 62 78 36 96 91 55 23 58 95 18 35 7 59 35 20 15 33 41 74 44 44 71 54 94 64 84 14 21 16 18 20 25 1 34 89 53 77 45 44 56 44 46 1 81 65 59 30 97 5 73 5 43 79 92 70 55 20 77 99 81 45 50 14 11 73 60 37 74 88 71 85 86 96 83 99 41 72 13 62 98 22 
68 99 60 53 45 89 88 34 40 26 63 42 32 21 44 53 49 60 11 29 81 53 13 42 46 47 59 25 81 60 49 15 17 40 46 79 6 49 46 38 32 29 83 54 89 27 92 97 93 41 7 63 43 46 12 18 9 99 26 66 27 20 87 28 46 44 3 71 99 36 25 77 81 80 80 53 91 71 94 5 49 34 26 83 69 74 64 41 21 81 63 34 36 21 59 53 46 99 27 68 28 59 24 69 51 25 18 40 95 76 66 58 39 93 94 76 60 42 57 38 23 19 78 57 66 36 50 91 69 96 3 70 81 46 52 49 98 75 18 78 74 23 34 43 21 79 24 22 90 70 18 82 57 78 70 32 99 17 19 85 7 97 75 74 30 45 24 62 50 45 92 55 78 44 91 96 13 87 23 1 56 65 52 87 1 57 95 46 61 40 35 28 44 64 42 71 28 87 65 62 63 88 75 60 45 55 44 30 37 15 85 82 2 21 34 51 26 30 2 79 30 1 38 86 37 98 96 14 73 62 70 84 61 92 60 4 26 27 3 35 44 65 62 0 21 52 16 45 71 99 63 12 65 11 75 74 32 34 19 49 87 76 13 72 1 48 31 95 52 54 52 82 86 42 67 47 87 91 56 54 10 77 37 16 73 7 71 17 50 82 49 50 64 22 35 19 1 86 59 38 9 10 52 48 78 22 64 48 58 58 52 73 14 76 13 91 80 9 53 17 7 48 14 57 90 80 90 24 50 36 44 64 28 28 2 95 38 49 80 86 40 93 8 78 83 12 66 33 57 25 26 89 84 81 71 32 27 49 6 67 33 99 75 97 53 92 44 26 13 35 64 73 87 87 41 85 53 4 97 31 92 47 33 25 95 61 27 1 89 51 46 41 36 79 32 25 84 69 91 22 
15 67 87 50 6 89 3 27 60 10 97 4 89 55 27 30 54 76 52 87 3 88 55 81 41 84 82 65 29 53 65 42 60 98 14 84 81 63 89 11 36 52 15 65 0 84 32 51 72 14 71 39 49 89 45 67 99 58 54 92 52 50 62 90 25 84 64 7 47 61 31 58 81 95 91 89 29 19 83 16 28 66 66 32 18 98 70 92 89 12 99 47 93 25 86 50 52 53 50 75 90 23 43 99 24 3 84 44 92 32 16 97 64 62 45 6 20 46 97 59 61 99 58 29 12 62 12 83 18 69 40 41 9 41 70 74 63 43 19 26 90 51 48 43 23 32 4 30 46 19 60 84 26 71 31 98 17 60 92 60 31 95 25 88 20 90 39 7 59 21 71 64 69 87 35 50 13 44 29 62 68 55 36 28 64 52 41 10 65 77 51 65 68 4 90 89 88 71 80 63 9 11 9 9 62 74 69 56 74 4 3 60 11 79 44 93 51 66 32 18 26 55 21 95 31 69 6 83 59 68 29 53 71 58 92 77 82 94 52 11 78 51 24 76 45 3 41 30 31 76 46 1 22 87 41 53 30 95 74 2 62 53 35 97 7 10 69 77 23 20 31 46 97 64 20 89 55 55 94 0 12 15 40 31 23 25 24 59 31 65 81 70 41 14 14 96 71 14 48 48 99 12 20 34 35 88 9 39 13 54 76 9 2 52 37 77 15 1 93 10 8 94 72 80 93 62 29 97 57 28 24 22 68 13 43 93 60 75 64 62 4 38 34 8 41 24 10 38 32 70 41 13 60 97 51 11 24 30 45 52 20 38 21 60 40 21 2 53 76 13 84 23 26 29 21 57 33 74 94 70 92 74 3 52 91 99 77 75 59 66 5 65 47 41 17 85 6 54 98 58 
48 21 22 45 97 72 1 65 87 81 79 93 26 39 56 60 32 24 34 45 75 6 90 49 60 65 13 13 6 49 14 90 10 29 61 16 47 95 41 83 1 24 45 56 50 46 16 11 49 32 31 56 59 42 24 28 46 42 4 56 95 62 67 84 27 31 35 17 26 13 18 39 81 88 33 35 60 63 74 92 9 23 0 68 50 50 34 68 89 75 8 23 15 73 56 45 64 28 40 91 29 0 15 78 61 61 39 32 4 9 26 68 40 28 64 74 2 89 92 19 73 6 29 46 49 9 11 30 16 20 93 42 99 42 57 15 7 35 46 81 74 26 14 81 38 52 68 57 86 12 43 4 50 73 36 55 69 56 76 72 78 14 2 70 34 48 7 18 85 33 35 9 50 4 47 54 0 71 52 97 18 19 39 27 33 89 17 76 60 80 0 79 80 20 34 68 9 14 38 60 61 57 5 4 56 24 80 19 84 93 75 2 2 34 3 69 4 70 51 60 88 74 75 5 81 80 46 60 16 55 98 96 66 37 81 83 36 86 39 53 51 98 89 9 86 96 72 57 76 67 42 87 2 78 28 20 4 11 17 92 63 41 70 22 28 10 47 89 46 10 24 11 25 69 3 49 70 3 49 96 61 70 52 2 70 55 68 99 11 97 20 14 6 90 51 19 43 48 74 31 95 31 12 62 31 59 85 47 34 1 51 32 40 33 30 40 73 23 2 67 57 58 15 29 17 47 40 38 71 62 58 75 1 78 51 48 91 24 58 57 42 91 66 27 51 53 55 65 37 80 19 23 98 53 21 73 20 4 14 47 40 66 25 83 6 64 64 27 95 24 3 62 74 29 21 89 76 94 25 6 12 51 79 79 22 75 14 75 16 9 20 90 6 38 80 47 60 82 80 3 
29 55 23 3 90 54 52 96 86 55 28 50 24 8 81 27 49 56 63 26 91 29 83 88 29 99 30 17 33 87 38 18 47 13 83 54 3 28 73 46 88 42 81 45 83 14 33 68 0 28 92 79 82 54 98 44 65 5 96 75 43 18 15 98 36 69 3 46 3 29 29 46 56 93 20 36 47 51 16 49 57 95 80 12 70 86 38 2 2 48 1 97 92 62 30 46 44 60 90 7 32 94 83 13 29 17 76 30 26 85 54 95 73 97 36 35 57 22 47 87 97 19 15 49 59 0 8 75 91 94 81 62 48 7 97 42 43 30 66 59 43 37 42 8 97 77 20 52 89 74 12 98 0 88 2 97 12 96 85 12 56 83 31 94 57 8 11 41 2 80 1 20 70 15 85 2 43 80 19 61 33 41 90 84 32 85 87 68 63 98 64 57 89 6 92 79 13 24 38 95 6 87 82 68 63 11 59 73 61 90 45 20 64 77 16 99 78 83 14 83 76 78 30 62 5 17 2 62 90 32 34 2 59 38 33 55 58 40 82 87 29 59 99 84 16 88 31 17 89 21 86 57 27 91 70 84 81 34 59 73 71 69 90 37 57 94 69 93 75 67 13 62 93 75 5 70 96 31 14 17 44 45 64 66 12 14 45 62 63 50 47 79 60 16 10 85 68 15 94 59 82 81 86 58 63 97 14 89 0 86 58 24 29 33 32 82 7 11 26 13 60 21 79 37 73 80 36 12 56 69 41 20 31 52 6 13 17 86 99 77 68 85 23 9 23 3 64 6 4 98 58 96 16 15 59 33 78 88 49 93 85 87 30 9 54 72 88 77 30 42 55 2 24 79 12 52 37 9 95 33 75 43 88 83 40 27 42 14 91 15 44 16 16 11 36 48 68 23 53 77 
10 33 39 93 44 41 70 50 85 3 47 83 81 1 46 58 38 30 48 57 8 26 47 82 11 47 28 59 67 35 28 54 65 95 63 73 48 27 80 38 78 83 65 45 56 50 93 18 51 96 83 64 77 9 98 66 64 4 33 58 0 61 18 91 31 35 26 27 8 49 35 0 24 75 88 94 57 16 71 34 84 33 76 2 94 32 42 56 33 66 0 19 64 73 98 84 16 99 24 66 12 39 34 96 99 81 44 38 21 48 60 90 40 21 18 64 72 19 67 53 44 49 37 16 2 95 85 73 88 33 6 66 29 13 50 99 12 99 19 14 99 13 47 19 90 75 87 4 1 81 64 36 20 72 71 49 5 39 39 11 19 22 48 95 41 74 30 28 1 2 55 85 58 69 25 91 36 13 51 73 58 83 34 61 16 60 27 8 19 68 55 93 41 18 45 50 86 47 95 76 39 33 52 75 52 54 66 29 13 25 7 47 4 74 20 61 90 73 16 51 35 68 74 95 91 44 22 22 78 8 41 17 30 70 35 37 76 97 77 94 21 0 3 67 9 55 3 50 61 7 39 29 24 9 7 70 99 93 59 67 15 53 35 69 79 27 83 54 14 10 74 64 23 66 14 0 67 21 38 19 49 94 91 55 44 48 11 49 99 62 22 30 11 33 22 64 20 21 38 66 61 29 50 22 21 22 73 74 13 11 22 1 38 70 57 32 66 28 9 40 21 17 42 90 64 50 49 8 55 8 25 77 99 6 1 37 10 70 3 45 2 20 27 46 80 42 8 32 78 47 74 32 95 58 69 15 85 26 77 19 18 44 34 56 87 48 98 16 19 44 49 2 4 33 28 77 91 51 45 15 16 87 78 88 15 95 80 73 34 70 1 65 43 57 73 94 6 49 90 15 
78 53 82 89 38 86 46 31 87 9 24 6 64 53 4 88 11 98 38 25 54 46 62 84 25 42 46 48 78 87 92 98 44 41 31 80 4 99 72 90 16 32 56 60 91 65 76 85 42 49 68 26 39 34 72 66 63 0 76 65 48 94 69 78 13 19 48 45 54 47 39 12 91 4 14 22 11 35 92 46 0 62 17 25 96 69 50 74 87 35 11 25 4 60 53 42 10 5 40 83 84 60 54 37 90 80 89 34 25 23 21 83 8 54 22 1 81 40 57 21 92 19 92 68 23 20 51 90 57 85 76 51 78 52 98 11 58 17 70 34 13 12 78 17 60 80 46 26 35 87 28 26 38 28 83 27 23 33 47 3 11 48 79 3 64 56 59 64 40 11 28 54 72 39 81 82 75 98 6 4 44 6 72 21 85 41 71 65 45 12 31 36 29 54 62 89 22 28 0 0 11 26 0 85 12 56 54 93 77 34 82 28 77 45 4 18 25 75 1 6 74 89 64 57 98 99 64 53 49 75 89 1 46 94 73 50 99 7 34 39 19 53 37 25 90 36 13 42 82 14 8 35 13 48 53 79 69 78 14 98 51 59 4 97 51 86 97 32 72 52 61 54 19 23 64 11 84 66 30 56 81 14 17 99 77 92 39 93 96 65 32 24 57 90 94 96 1 44 41 40 90 38 82 53 30 12 78 35 73 76 28 9 76 99 47 6 72 83 45 35 30 94 61 91 8 5 86 44 31 42 35 48 31 2 22 92 68 59 16 72 59 94 15 55 88 64 71 93 9 27 61 18 55 74 69 92 26 56 10 7 15 93 31 24 50 29 8 44 18 10 9 58 24 64 46 64 38 75 53 90 87 57 19 68 18 17 13 74 21 15 6 92 20 48 40 94 87 60 45 20 
26 43 78 58 30 21 46 16 44 98 16 92 88 57 96 88 69 70 77 17 80 9 87 52 50 93 95 84 62 90 8 48 10 7 99 99 60 83 82 1 92 38 4 16 75 62 72 27 55 19 64 61 38 51 73 82 73 82 88 9 47 98 86 65 44 54 39 1 5 24 95 89 64 3 91 48 24 98 34 43 21 14 7 43 17 74 27 58 53 8 34 18 94 15 34 18 46 7 59 13 79 1 32 60 46 68 98 63 63 39 47 43 45 16 26 59 52 95 81 0 22 35 69 17 39 98 22 3 22 24 6 14 41 62 50 40 48 15 48 34 37 50 79 7 4 49 32 31 95 53 13 5 49 59 94 44 66 83 19 57 86 67 21 40 99 3 45 67 88 26 47 59 36 11 72 32 42 44 25 81 78 43 72 84 92 48 93 95 39 66 75 63 45 33 35 27 45 43 52 88 45 22 27 68 33 93 81 21 68 35 98 88 17 72 49 57 48 9 45 61 11 22 10 49 7 26 1 68 87 87 16 32 95 59 45 17 20 86 28 59 20 24 71 97 76 73 6 89 14 47 19 98 76 21 19 55 12 82 98 22 77 95 20 34 18 96 81 88 70 96 78 72 39 16 47 42 35 98 83 59 48 74 39 18 15 77 7 98 0 40 63 38 23 75 25 78 22 95 6 95 1 20 6 70 66 55 59 25 59 19 25 87 44 6 20 34 25 99 14 41 75 82 88 62 46 59 62 92 83 90 49 14 51 38 24 37 68 53 95 38 90 24 20 74 24 91 38 49 48 43 59 57 73 50 56 37 44 99 72 49 9 14 93 43 6 54 54 67 84 25 65 68 89 24 91 99 82 16 22 95 46 20 66 65 66 65 76 28 6 30 66 32 40 7 51 16 68 87 90 70 
48 89 76 99 65 52 75 50 73 7 96 1 94 96 33 61 22 10 43 37 65 9 33 70 81 45 86 89 52 79 32 97 63 67 18 75 44 89 11 28 85 54 35 22 83 21 65 53 6 79 50 19 35 80 37 69 70 3 23 48 58 24 25 45 61 84 12 37 0 4 16 48 37 90 44 42 87 32 8 62 20 62 8 94 50 7 77 83 76 66 46 75 1 35 53 57 42 67 29 16 55 56 45 98 51 10 82 73 29 21 18 51 94 56 86 78 57 5 30 40 72 83 58 13 11 80 71 53 1 82 70 44 47 88 63 14 78 88 34 88 13 64 55 96 26 61 80 48 83 12 47 14 88 8 19 99 35 46 11 97 41 95 22 41 99 59 38 45 2 26 7 54 95 56 86 86 46 77 41 8 78 14 85 91 94 97 55 32 1 7 79 66 19 12 2 96 78 22 49 46 8 69 66 4 75 51 19 84 16 12 41 88 33 56 75 71 21 48 71 72 53 53 84 15 32 3 77 21 38 77 13 58 42 61 67 93 73 15 39 2 98 73 18 18 92 98 90 60 68 87 70 7 16 1 17 9 40 81 12 22 46 80 25 23 53 50 57 73 89 5 2 93 51 73 57 53 47 92 42 80 65 15 78 22 0 47 36 58 3 57 55 5 18 6 82 40 21 88 5 60 40 65 3 59 67 93 9 42 6 1 50 94 43 4 75 28 62 79 41 21 14 17 17 97 22 17 59 42 27 30 6 63 92 22 83 11 37 82 44 32 25 18 11 15 62 58 70 29 74 0 9 95 27 79 98 94 2 27 37 47 45 1 45 49 90 26 53 70 19 31 54 59 44 15 88 30 18 21 91 62 61 71 88 26 36 32 88 81 59 37 4 82 21 94 97 86 35 11 98 38 
68 31 28 95 51 88 94 71 35 4 93 54 25 5 33 37 91 36 68 41 3 3 55 51 97 6 95 67 1 34 46 94 72 73 42 1 82 17 76 82 41 57 21 97 20 63 9 28 18 19 77 51 95 64 58 71 15 40 31 47 18 3 28 95 20 90 63 0 58 70 91 88 92 98 10 76 48 0 19 15 67 12 9 81 79 14 27 4 81 31 16 6 64 77 20 75 62 14 80 80 77 98 2 20 44 84 21 38 95 87 8 87 92 52 84 66 84 67 43 25 69 18 90 57 29 74 71 84 51 49 44 86 61 78 14 59 53 70 1 23 60 11 95 48 44 12 79 31 80 24 65 47 50 46 15 39 24 92 37 10 71 2 24 61 72 2 39 59 76 54 27 36 90 21 73 76 39 30 30 1 29 37 90 36 28 95 76 84 37 52 45 92 71 83 19 41 60 50 28 59 63 66 95 8 87 45 74 65 25 18 60 93 33 14 93 99 7 81 84 56 40 62 68 74 33 2 14 59 55 53 74 68 36 7 28 31 30 67 73 18 86 26 50 87 50 78 52 89 55 55 5 12 56 50 49 52 39 12 21 6 39 1 12 12 77 81 71 25 15 91 51 16 66 36 75 53 83 78 55 1 4 74 31 67 55 27 5 95 99 97 7 2 71 64 47 61 4 96 27 7 54 40 95 86 13 70 64 29 20 79 64 43 90 31 11 38 93 94 64 86 63 44 96 0 63 67 30 30 67 27 25 20 39 91 2 64 71 82 36 10 60 98 44 3 45 20 49 64 0 4 89 17 38 15 42 75 42 58 14 8 48 24 80 69 82 72 75 2 52 68 72 89 89 10 42 46 65 5 76 81 29 31 57 28 35 68 78 31 82 33 63 69 26 69 69 21 8 35 91 93 
96 58 72 85 42 38 3 47 15 24 12 85 12 31 11 68 32 4 75 4 10 11 80 93 49 47 91 4 91 80 33 8 48 19 95 78 99 61 54 26 89 79 35 37 33 86 76 32 0 91 15 55 98 97 42 6 93 50 67 74 52 30 62 99 46 18 58 76 25 44 25 52 84 80 46 56 89 94 11 93 15 64 46 39 35 83 0 14 37 70 13 48 32 95 74 27 32 96 68 20 34 71 20 32 25 69 72 58 26 41 53 34 49 1 69 9 91 13 79 0 91 34 32 73 85 1 76 99 8 61 90 5 87 14 52 90 38 94 27 52 74 97 13 19 6 76 12 43 55 51 46 57 31 43 85 89 81 65 17 99 48 60 43 60 64 29 41 59 81 73 51 9 7 54 40 52 90 38 58 83 95 81 6 91 95 33 59 65 38 54 80 24 54 75 76 71 58 59 78 50 13 93 77 29 91 58 26 22 5 3 79 65 64 6 6 88 92 40 95 64 26 90 30 81 96 56 57 56 11 37 32 19 21 77 93 41 65 71 34 56 84 59 77 51 60 83 35 8 94 76 60 10 60 79 35 22 73 60 45 27 16 12 78 35 95 50 42 64 52 47 5 31 29 62 6 67 69 24 21 58 6 48 79 92 39 19 69 12 21 11 92 54 46 53 97 9 22 12 29 50 62 88 18 65 5 3 10 33 53 57 31 90 30 42 0 88 13 20 51 25 4 37 7 39 24 51 12 33 54 59 45 12 18 51 26 56 45 47 94 63 94 65 78 0 35 72 94 45 45 50 3 16 86 2 54 78 21 81 20 75 11 62 75 89 56 47 24 48 79 26 53 35 23 86 9 97 58 59 90 28 47 63 58 82 99 73 57 61 59 6 25 16 77 27 27 49 64 6 13 59 
5 76 5 53 15 6 49 32 97 63 75 7 47 33 19 33 71 87 94 6 41 43 70 47 0 28 0 56 46 78 69 23 49 69 23 47 68 70 29 37 86 75 26 41 57 86 67 24 30 20 4 92 19 60 40 5 64 78 82 99 18 32 7 52 9 12 41 47 89 38 90 20 24 60 78 19 37 0 53 19 72 80 81 64 61 45 62 5 50 92 86 33 16 92 83 96 8 18 83 8 6 94 76 2 39 19 88 55 60 75 6 99 21 47 9 21 15 73 69 39 4 88 84 70 56 66 31 25 74 3 28 79 59 37 6 83 94 86 39 63 52 65 26 83 70 4 33 27 49 74 32 11 71 89 35 19 3 18 52 50 31 83 49 38 4 92 77 37 87 2 4 83 18 9 20 40 9 73 85 10 75 94 36 38 32 50 24 19 39 27 61 60 34 14 6 28 81 63 20 86 77 74 15 14 83 30 72 12 28 8 20 91 93 2 33 79 93 0 94 67 26 98 40 22 9 51 86 46 10 82 80 97 56 20 23 20 13 41 71 93 81 34 23 49 79 86 86 6 0 3 46 21 42 51 85 48 8 92 29 58 64 93 4 15 52 50 41 57 34 74 81 83 58 46 62 97 97 85 63 4 59 58 68 39 17 30 29 62 53 63 41 87 93 32 49 26 21 85 72 10 76 81 5 92 77 46 67 5 56 61 10 0 12 39 7 1 93 27 80 1 29 1 39 17 98 18 78 68 20 13 41 93 61 65 88 82 92 0 25 39 82 28 76 34 30 16 36 53 64 89 85 44 88 41 78 97 32 92 64 17 3 94 63 17 88 52 50 52 18 13 46 95 85 51 20 22 53 34 50 65 37 53 68 48 46 57 59 2 93 14 83 32 27 87 15 47 72 84 14 51 
75 61 31 27 19 86 71 97 84 5 34 40 67 40 59 83 56 59 13 68 63 64 22 45 77 25 61 17 79 26 48 70 43 88 71 53 26 37 40 63 93 13 31 7 96 19 92 31 96 25 94 28 41 41 74 36 39 76 56 86 88 30 61 13 70 42 47 21 60 63 69 6 83 41 10 53 79 57 47 84 16 5 78 73 2 31 38 66 67 76 45 75 31 63 65 28 4 38 34 33 59 45 46 24 86 83 62 98 52 29 41 12 62 51 34 23 12 8 55 2 7 33 31 99 16 51 83 76 25 33 93 95 10 16 1 92 70 93 0 54 35 70 33 65 12 53 54 31 82 29 8 92 45 91 43 2 7 36 44 92 9 83 79 2 81 93 67 62 68 36 32 98 96 33 56 2 77 33 53 3 36 74 50 29 60 29 96 88 12 15 83 29 68 80 37 79 24 83 86 67 74 44 21 29 20 58 50 96 0 25 72 50 18 75 13 47 35 64 67 58 55 36 45 77 10 24 35 45 3 9 10 82 89 48 52 48 5 37 62 62 59 55 74 33 52 15 64 65 48 84 56 7 13 34 82 78 80 10 32 48 70 18 95 28 6 58 4 9 68 81 81 28 93 60 80 18 78 35 48 40 78 77 82 24 8 35 17 48 16 12 76 96 21 7 4 3 87 44 78 70 6 24 34 35 10 11 70 92 84 91 84 46 37 71 29 59 78 45 14 14 92 68 13 62 36 60 41 53 93 19 1 11 65 52 90 65 14 50 11 7 10 95 97 98 65 25 66 26 77 25 51 52 78 51 1 41 79 17 87 66 49 31 54 74 74 34 61 49 45 51 63 44 8 79 50 57 74 8 89 65 10 59 69 10 48 76 32 30 95 66 62 40 14 95 44 33 46 30 62 60 
39 31 11 42 15 91 20 93 68 21 49 78 62 47 27 20 36 93 51 15 74 18 57 89 43 1 37 52 72 84 17 16 0 6 27 70 81 2 18 29 91 1 23 95 68 45 83 23 80 84 25 46 29 38 41 68 62 3 86 25 95 95 59 80 61 96 78 26 76 37 33 54 80 59 11 7 75 24 73 71 79 38 19 35 85 43 21 46 90 62 69 10 41 12 60 28 24 56 53 0 46 72 93 14 5 38 36 3 21 49 74 94 33 47 13 20 80 34 46 34 83 74 58 55 17 7 67 13 22 16 64 16 25 3 33 56 71 53 46 62 17 64 1 34 10 7 50 35 40 2 39 56 25 7 44 6 43 36 65 98 20 2 46 84 59 13 30 44 47 21 14 92 95 5 48 10 38 46 63 12 68 58 29 17 36 60 44 37 27 11 50 27 48 47 95 82 46 72 67 55 67 98 68 34 99 23 40 91 17 67 39 37 51 29 88 59 68 43 2 15 21 95 57 53 4 55 96 49 29 2 1 40 65 72 95 82 93 28 88 47 75 39 59 96 27 64 91 45 1 94 13 37 61 70 58 43 14 29 57 50 4 12 31 95 8 6 40 35 21 10 1 73 40 38 95 4 47 67 59 76 87 94 33 93 67 74 6 37 76 47 9 12 14 98 62 65 91 62 2 78 7 50 34 62 72 4 74 70 47 26 83 34 38 91 11 37 39 28 57 60 81 19 45 23 17 76 6 68 16 74 6 97 95 48 45 96 99 21 12 93 75 48 64 10 2 4 83 17 25 8 74 11 21 26 76 68 88 77 18 39 10 11 4 67 42 88 70 94 46 68 22 5 63 63 73 44 92 87 76 40 94 77 62 34 56 88 75 57 51 94 23 51 1 13 99 28 86 9 18 24 
67 34 36 34 95 85 27 17 18 30 75 10 56 53 32 85 74 25 2 32 11 99 24 94 49 23 55 49 52 72 69 99 56 76 9 65 31 83 46 24 58 62 56 59 44 66 5 33 99 60 12 93 22 88 62 67 50 87 61 93 77 54 14 74 99 15 58 81 19 9 93 1 86 47 18 80 71 9 40 21 51 22 45 35 21 73 20 15 60 87 29 48 11 52 50 85 18 18 54 59 88 38 68 1 12 85 17 28 27 54 70 10 18 76 2 50 28 90 87 93 39 8 58 3 28 21 12 77 31 48 58 1 12 0 52 51 43 79 2 51 26 64 71 31 52 51 43 90 80 58 26 1 75 38 77 1 11 96 81 41 60 40 90 77 20 37 93 23 50 70 77 62 27 53 22 32 5 22 47 36 23 18 10 19 57 37 2 18 91 0 40 13 20 67 61 15 85 86 51 70 39 2 37 63 69 55 48 5 30 60 87 63 59 30 83 4 7 32 72 59 86 14 50 73 63 69 71 33 97 67 88 86 49 87 3 93 10 91 44 87 5 40 26 7 2 74 64 23 78 89 19 87 95 34 43 82 37 58 46 53 98 84 79 14 48 9 50 77 57 1 47 25 83 11 17 33 18 81 46 56 91 74 0 94 30 76 94 8 58 49 99 19 43 64 70 71 4 52 11 73 98 45 68 11 9 53 4 0 18 41 28 96 60 24 27 68 87 12 84 33 70 92 73 37 99 88 81 87 53 39 13 32 69 70 92 50 97 86 22 96 97 56 19 10 39 14 35 58 46 97 0 83 89 73 61 77 24 21 74 5 59 63 69 67 90 78 43 89 93 66 64 5 69 19 66 14 42 22 85 75 99 8 39 29 91 17 18 34 17 13 82 78 90 52 87 53 97 19 56 24 
40 84 9 36 57 78 58 65 19 94 28 24 90 41 36 87 20 52 90 1 62 4 83 68 42 38 94 58 6 34 36 24 81 69 34 29 5 29 91 2 49 80 73 3 11 12 4 86 20 6 77 29 95 88 93 89 80 88 79 46 18 14 30 8 26 85 34 82 69 91 36 5 12 66 20 43 3 25 58 97 32 78 41 34 96 7 36 93 98 76 85 78 47 41 94 68 18 68 98 25 25 69 2 34 52 8 88 65 88 99 23 37 30 41 27 56 97 94 75 10 58 40 81 5 58 77 90 12 93 54 37 81 93 87 40 62 49 0 61 87 39 80 67 0 88 31 45 68 78 33 46 54 54 93 58 43 32 44 52 25 27 87 20 34 13 57 11 72 11 37 9 20 77 94 61 28 76 92 27 1 36 28 66 13 12 83 69 69 63 44 24 66 24 6 75 97 38 11 78 57 14 18 93 8 72 22 18 4 0 36 61 15 13 3 51 85 54 58 50 86 29 69 23 12 20 96 49 77 2 97 82 56 98 12 32 16 10 67 93 25 63 11 90 31 38 69 96 84 42 41 68 62 56 33 41 46 51 5 87 11 58 86 2 53 3 91 35 11 58 51 47 66 32 36 18 0 20 24 34 66 95 53 75 58 90 98 9 0 54 21 16 61 75 3 95 44 69 62 69 81 99 12 15 11 77 0 74 99 17 82 40 29 68 23 85 61 18 50 32 46 27 99 29 21 99 56 21 70 1 39 92 14 35 48 74 25 65 59 74 34 71 15 63 23 51 44 67 23 16 91 57 73 71 33 69 75 64 77 15 14 33 0 16 59 45 69 40 83 60 77 25 39 36 13 58 35 95 19 48 20 40 78 37 44 19 53 41 73 17 13 54 40 71 98 50 23 93 11 68 5 
94 49 60 9 86 51 22 38 20 83 78 97 94 90 67 35 65 56 73 57 53 70 21 57 13 21 54 79 27 28 27 23 63 45 2 69 40 92 27 75 42 39 97 17 98 89 48 35 43 45 48 98 86 2 9 48 29 93 15 26 39 58 52 46 99 67 64 2 1 85 48 6 77 0 38 81 56 93 56 39 12 62 75 97 75 50 45 13 49 6 78 88 41 63 56 29 94 56 17 56 23 98 38 35 9 42 57 76 20 3 38 27 67 46 21 45 32 46 38 61 7 91 42 89 93 53 58 5 76 56 54 40 5 23 56 75 19 81 33 90 90 43 54 19 2 8 75 66 13 2 0 11 66 81 0 46 3 97 55 16 6 78 63 21 31 63 35 53 53 1 70 35 82 89 65 84 76 97 16 8 94 21 18 63 54 80 68 2 64 78 11 20 74 8 51 99 1 52 82 73 88 25 30 56 28 69 11 98 13 65 85 20 99 92 16 57 34 28 17 66 46 38 69 17 37 64 51 30 95 68 78 52 73 42 62 88 45 66 4 15 37 99 41 5 0 55 0 86 68 33 79 68 38 67 77 17 20 35 22 71 9 80 11 81 14 48 45 63 59 81 94 73 36 25 5 32 17 6 7 45 47 74 76 74 13 10 92 46 77 81 9 69 92 8 76 68 57 39 9 42 52 38 44 83 66 1 53 64 22 57 24 15 32 68 49 8 57 67 78 36 62 98 51 0 2 59 9 62 40 51 78 12 50 9 52 34 47 92 84 25 68 44 5 51 45 99 37 20 72 54 38 1 30 49 13 5 16 63 87 90 73 51 33 21 63 58 94 96 99 66 91 99 53 86 46 85 43 91 29 24 8 10 17 99 64 72 10 47 63 30 62 60 95 17 14 82 18 64 84 15 
38 91 53 3 99 56 20 97 82 0 80 95 35 61 67 66 50 37 23 91 49 29 57 57 10 87 80 34 22 29 11 83 85 75 43 76 0 50 39 44 50 22 28 70 0 81 47 80 71 53 52 55 0 48 5 8 90 78 52 9 65 7 38 71 54 93 24 22 10 12 86 61 68 88 69 80 35 3 57 35 43 96 52 93 18 23 78 21 2 37 5 36 22 70 2 23 26 26 17 6 55 9 22 28 54 31 29 17 20 43 38 2 14 49 76 48 97 49 55 16 16 86 8 73 45 80 14 67 50 22 66 55 85 95 14 2 26 91 17 2 51 4 38 94 64 62 59 97 4 71 24 22 35 11 85 71 6 52 92 8 72 1 38 89 27 40 3 54 34 8 71 17 40 12 44 5 5 89 2 39 27 58 46 14 24 5 51 75 57 49 60 92 38 50 57 56 57 5 4 28 28 57 19 41 15 73 53 6 49 87 57 6 65 24 57 81 13 32 78 95 34 60 87 82 59 31 9 37 70 2 70 53 91 20 45 43 84 20 0 46 8 16 67 87 40 77 32 17 35 88 63 66 21 89 45 47 43 34 31 67 76 95 1 32 67 47 87 57 7 33 98 87 23 71 68 68 51 75 20 69 54 77 26 16 51 32 13 73 1 28 22 83 30 3 96 45 3 91 16 46 24 83 95 32 36 90 21 0 78 96 45 54 99 34 78 42 6 96 48 87 7 81 68 76 40 31 35 88 13 8 86 30 92 24 18 33 88 3 42 56 21 73 38 74 96 68 20 27 15 19 77 94 68 61 49 38 63 3 68 30 40 89 78 30 17 66 31 19 20 87 2 6 93 54 3 4 7 91 79 88 95 83 69 13 56 11 66 53 1 99 88 22 60 68 27 57 85 38 8 29 
34 50 2 17 56 47 53 0 90 83 4 67 4 93 36 4 75 41 47 2 43 47 26 25 49 39 29 83 66 20 94 47 72 4 61 81 87 40 8 95 71 28 35 2 24 41 93 75 65 33 7 24 57 99 56 10 47 39 6 13 82 48 80 38 33 96 60 55 83 44 27 35 72 45 35 61 45 39 64 47 27 68 23 87 96 90 58 29 95 40 64 42 31 42 55 41 88 48 67 86 50 25 11 43 19 60 93 2 45 50 14 47 95 33 22 24 26 13 53 10 63 18 35 62 31 77 94 76 71 46 77 86 81 97 35 84 31 31 88 15 15 59 19 84 70 54 65 26 29 44 37 94 92 16 80 26 49 14 35 39 49 47 6 96 17 96 80 8 96 55 89 19 27 38 54 44 53 21 27 45 71 47 77 32 51 84 79 49 97 1 30 39 54 15 64 15 81 80 69 70 34 63 55 23 72 75 8 93 6 99 13 98 34 1 50 20 74 72 71 39 75 70 69 31 18 13 80 71 76 60 67 39 29 61 39 70 20 50 41 39 30 52 19 92 13 48 7 67 31 33 16 68 95 8 49 80 37 75 13 57 92 63 42 62 33 19 12 92 94 90 55 68 54 84 60 67 19 38 37 92 88 58 36 1 17 57 76 93 75 71 8 56 32 38 5 31 30 47 75 53 62 13 93 14 73 99 12 20 14 84 7 91 79 9 8 65 53 7 30 26 92 42 4 48 80 89 9 82 0 23 84 78 9 89 69 21 14 40 8 14 41 14 54 9 35 48 67 17 63 7 63 79 48 32 59 42 36 36 13 64 91 27 50 86 69 7 8 7 71 85 72 69 60 8 58 97 19 8 3 4 87 89 33 29 40 20 61 72 20 54 82 68 20 81 78 58 59 43 73 10 
3 48 84 69 43 69 6 87 61 61 32 6 85 5 79 63 54 56 52 73 28 41 91 66 61 3 63 68 43 24 69 5 34 13 14 59 82 86 90 92 24 79 27 95 62 26 39 17 51 94 97 66 76 75 21 75 27 87 22 54 70 36 7 49 56 38 25 14 49 99 80 62 0 70 20 72 40 13 30 36 20 87 22 41 60 93 91 86 63 91 30 48 70 45 8 9 21 78 35 99 64 36 17 68 17 81 30 32 25 11 7 75 15 31 7 13 60 47 67 7 11 47 88 8 21 40 63 97 21 60 89 44 0 45 84 51 99 62 70 67 35 50 35 70 94 54 56 58 4 12 82 19 45 57 20 92 17 97 41 37 8 81 18 76 7 94 3 1 38 95 39 62 40 14 17 34 72 19 32 81 69 50 14 85 72 24 37 80 4 7 50 98 2 77 14 44 86 34 38 53 90 5 34 64 90 45 98 90 4 64 55 49 13 39 15 77 99 19 79 82 4 56 69 27 87 48 27 62 58 74 94 51 12 15 34 81 87 97 97 74 40 91 34 22 46 48 40 48 64 87 43 40 95 42 55 48 48 37 59 41 85 74 15 20 90 23 16 81 14 15 39 35 31 45 5 57 90 61 22 25 38 8 45 53 0 86 39 30 67 18 42 81 85 46 88 59 45 23 12 65 99 63 24 96 93 1 91 5 87 54 69 84 57 98 64 82 23 96 22 56 25 5 29 15 53 57 38 84 30 84 41 57 26 93 27 29 6 41 41 10 23 50 92 41 89 76 33 86 88 64 83 51 7 47 63 69 36 61 32 52 95 78 83 11 23 73 28 46 18 83 62 81 72 30 43 29 2 31 44 81 63 5 7 17 88 96 13 66 64 96 11 98 26 45 76 77 2 94 17 76 
41 13 83 17 17 27 87 55 96 56 12 48 36 85 86 40 15 7 71 19 80 87 22 2 70 61 45 98 55 65 19 90 19 57 91 50 62 27 92 40 3 45 73 25 43 90 51 43 34 74 52 74 44 14 22 93 74 41 77 78 62 82 77 37 32 71 99 5 91 98 97 47 88 30 61 86 32 61 10 67 20 55 97 34 32 41 7 38 56 34 78 86 11 97 29 43 21 89 75 32 4 70 55 20 13 13 61 59 71 21 45 27 48 19 69 36 68 19 12 21 59 60 80 49 78 10 27 82 60 42 42 82 17 85 22 79 75 32 83 3 9 84 41 51 28 98 89 71 92 89 81 35 63 43 76 56 88 76 64 38 58 33 21 28 26 76 60 25 35 29 31 38 76 16 97 12 31 64 37 31 92 7 68 82 12 75 10 57 43 73 40 69 88 3 15 76 79 59 44 65 51 46 29 12 85 3 79 28 65 24 80 68 8 85 62 49 82 51 53 34 0 27 58 53 20 92 57 89 72 74 84 91 53 0 28 70 33 15 63 62 34 55 78 59 92 19 30 61 81 36 34 27 28 87 99 6 28 48 2 63 17 77 33 68 63 38 64 15 31 76 2 51 42 73 17 47 81 29 78 24 85 2 4 34 46 89 18 90 47 50 95 51 7 11 18 75 39 50 6 79 38 32 52 17 58 26 34 0 93 82 86 57 98 85 8 57 53 52 76 15 12 51 39 36 52 42 40 0 36 58 74 59 96 50 12 23 16 2 64 15 62 3 75 52 28 93 77 52 71 85 8 97 25 76 27 30 42 52 6 79 78 55 11 41 32 9 54 41 85 57 60 51 2 4 41 54 80 5 36 37 95 17 91 2 85 11 79 6 19 9 65 25 16 5 90 12 49 50 92 28 
98 82 37 60 15 45 19 10 88 71 33 30 41 26 73 4 60 20 66 31 5 7 40 94 72 8 34 13 41 29 44 79 85 10 97 91 11 77 18 52 90 5 7 70 72 12 13 58 78 1 57 65 7 53 28 88 97 63 28 22 11 57 6 70 12 5 0 55 24 70 89 21 20 96 18 98 2 65 8 61 39 20 39 69 76 42 65 89 75 48 15 70 11 96 79 22 73 35 31 20 29 46 89 36 12 68 56 45 26 23 29 55 3 82 25 58 50 91 30 20 90 33 92 90 13 64 70 34 34 8 34 55 22 46 49 29 64 80 62 3 89 80 57 99 34 96 55 12 16 36 40 85 91 67 15 37 1 30 33 50 85 31 40 19 78 2 74 73 42 66 7 28 81 14 43 86 24 67 20 75 6 65 54 33 24 98 63 31 44 50 53 91 56 49 6 32 91 26 80 91 77 56 13 37 79 58 16 98 34 46 8 80 72 53 5 55 2 41 41 52 56 68 96 56 38 10 11 14 36 21 82 47 65 87 96 9 39 31 75 22 54 47 92 94 10 30 68 24 42 22 8 77 2 44 66 25 55 34 28 10 33 8 44 18 34 67 29 48 70 75 29 26 9 24 76 42 4 74 56 54 82 63 17 9 98 61 10 18 31 73 85 91 59 63 0 91 12 35 44 91 26 44 94 87 56 99 79 43 50 90 24 39 71 25 11 12 9 88 45 72 22 18 1 94 64 78 23 66 23 41 60 97 44 87 25 96 49 65 86 13 92 62 2 51 82 72 55 47 9 81 99 30 84 31 84 45 53 37 32 87 63 99 90 26 45 0 87 21 10 17 32 96 95 65 91 40 58 3 5 69 64 80 39 85 1 42 3 38 14 72 81 79 20 26 1 63 31 35 15 75 
26 89 82 97 33 29 1 36 38 60 44 26 81 13 37 4 61 84 82 57 48 2 34 73 18 14 86 87 88 63 90 81 12 47 88 15 67 32 52 42 96 77 8 63 19 95 11 67 16 61 68 16 69 36 64 81 13 51 96 74 47 10 96 75 58 96 25 78 38 7 99 79 3 35 27 19 56 28 82 66 51 12 2 57 47 34 47 96 94 0 72 93 60 18 92 5 11 12 29 75 36 42 75 74 63 78 86 94 79 30 12 70 12 14 12 84 28 76 70 17 11 94 78 43 54 52 78 64 87 39 26 57 35 9 20 67 12 58 96 16 28 10 41 94 17 48 17 59 10 93 58 25 53 98 69 80 15 96 27 87 34 93 29 4 90 67 45 47 86 90 23 78 59 95 77 62 44 60 29 12 40 7 78 10 37 17 90 28 2 85 55 23 0 21 45 21 4 97 6 8 53 0 91 27 8 31 71 15 11 70 49 63 45 88 39 10 14 26 12 36 27 45 17 31 29 80 4 43 31 64 96 93 45 46 17 48 27 52 83 32 92 68 69 26 71 97 20 36 31 68 96 47 86 50 74 83 33 26 58 2 6 86 51 87 94 89 73 44 20 43 46 41 33 12 72 79 45 78 78 17 38 22 25 98 88 65 97 27 24 19 88 86 81 3 14 56 32 29 22 19 71 12 0 47 45 32 99 29 39 31 9 88 50 41 8 24 23 38 95 92 79 23 62 52 88 73 66 43 55 65 16 37 44 83 92 32 4 22 77 41 81 7 16 65 11 41 44 53 0 4 88 49 36 37 3 11 43 74 98 68 60 39 69 59 23 3 43 59 81 87 63 9 43 43 75 73 0 82 90 73 7 21 99 82 4 31 63 40 78 3 75 64 73 21 46 68 73 70 48 33 
86 30 68 60 81 31 40 19 63 20 58 69 53 63 92 20 92 11 84 10 5 80 69 74 56 92 42 48 72 70 44 72 90 25 30 75 99 83 0 19 7 86 87 88 56 91 76 70 34 18 27 85 21 9 23 54 99 64 71 76 50 8 7 71 33 50 38 36 18 63 22 65 76 14 70 2 54 21 31 80 72 99 15 25 4 14 58 5 64 88 41 55 49 76 52 39 52 86 78 14 40 55 80 98 11 2 94 16 65 89 77 51 73 4 94 87 47 2 1 2 38 86 49 85 67 50 39 90 13 81 58 81 50 94 18 69 50 91 36 89 59 47 8 54 72 15 0 18 27 43 53 5 44 12 83 95 43 29 33 27 21 91 41 66 49 5 61 39 66 88 59 49 51 70 27 9 7 89 26 98 34 15 53 79 40 27 22 72 68 30 6 19 8 71 16 60 51 0 1 14 31 7 24 49 41 87 8 81 41 50 24 32 10 22 18 38 45 95 35 0 52 93 69 56 75 15 98 51 58 39 41 48 82 26 79 35 8 10 3 77 42 26 1 19 77 90 71 73 11 16 49 92 14 38 79 1 20 17 56 88 49 73 58 69 53 98 59 86 86 75 69 17 74 49 90 91 41 94 41 17 90 90 81 86 62 45 27 30 41 78 50 78 19 72 67 51 14 11 97 3 86 34 70 65 1 18 46 37 57 29 32 20 34 24 39 21 16 41 50 96 32 34 31 93 82 90 61 16 63 21 76 88 4 26 77 34 51 38 82 8 92 44 55 73 59 27 22 54 44 80 56 66 59 88 76 34 97 72 3 60 70 55 77 64 16 12 71 43 20 49 69 84 0 75 63 45 81 11 50 15 98 28 28 16 12 86 16 91 76 10 34 57 30 79 31 56 15 4 3 93 
68 95 36 73 48 78 79 50 80 24 4 19 46 10 55 34 21 2 8 91 75 56 30 29 6 55 31 46 11 70 34 58 56 56 35 12 20 60 72 82 37 85 56 82 73 34 68 89 45 21 99 79 38 9 14 7 64 24 92 12 93 62 32 96 6 79 73 64 48 51 13 45 30 48 65 81 41 95 72 89 40 59 62 37 53 26 10 36 31 90 23 62 69 83 72 75 12 21 19 58 80 65 51 21 5 71 84 83 31 11 78 24 30 4 88 4 60 47 24 3 35 28 84 26 60 95 3 37 28 3 60 77 44 35 41 4 4 15 20 89 76 48 7 64 39 47 34 48 47 0 93 40 68 20 98 38 4 40 80 40 44 50 13 37 57 85 12 34 5 44 42 89 86 95 50 84 19 81 40 98 50 65 68 59 22 80 10 54 55 19 99 20 46 25 49 50 9 18 0 25 46 58 38 41 55 28 8 44 26 7 41 77 90 78 7 49 89 93 87 56 15 15 2 55 56 27 97 53 13 0 48 75 37 28 55 93 61 74 57 45 12 87 94 6 1 58 70 77 26 83 22 94 34 34 95 3 24 23 76 13 62 73 73 88 85 27 66 55 30 83 44 34 62 61 46 63 32 78 98 56 19 6 67 44 15 66 66 99 4 18 32 90 62 74 34 14 57 99 98 1 69 53 58 4 26 67 38 26 52 66 35 40 25 57 60 72 37 56 40 92 43 56 62 41 39 55 28 19 95 56 72 30 70 5 62 53 21 15 65 31 40 34 32 67 65 2 36 44 34 0 85 73 25 13 92 17 31 88 63 74 34 82 63 39 36 47 25 67 96 86 48 40 27 49 50 17 89 7 13 87 53 50 72 78 98 37 6 94 28 0 50 0 42 29 40 83 57 7 26 70 
97 60 63 83 95 65 56 12 83 77 72 22 22 42 85 24 42 11 75 17 33 5 77 60 87 84 58 46 4 96 50 32 6 25 45 11 71 52 23 22 97 20 16 64 21 31 46 33 69 56 96 17 34 33 73 94 1 76 2 44 29 16 89 3 33 69 87 9 98 3 98 31 81 11 38 21 42 62 80 15 59 64 89 26 30 5 38 90 85 65 44 82 69 53 42 43 56 15 4 20 38 98 6 25 49 99 57 1 29 31 62 50 21 27 33 0 43 24 15 13 69 51 11 31 38 44 81 22 86 28 68 16 98 1 43 14 15 1 14 37 43 22 66 97 65 9 96 28 36 84 53 6 82 34 60 88 5 84 56 58 31 73 45 98 38 31 76 9 26 67 9 56 86 35 76 32 64 41 3 89 25 95 43 21 20 17 66 11 18 19 52 46 98 47 89 92 30 25 49 39 26 89 29 14 19 93 85 35 63 96 38 92 10 90 50 59 12 45 66 86 74 47 0 91 97 93 44 25 63 43 84 7 27 61 90 64 79 38 57 3 64 10 8 76 36 85 78 31 84 94 83 65 87 86 34 12 31 82 47 78 75 61 34 97 5 10 29 49 20 0 99 43 9 95 78 37 33 52 38 57 30 44 2 54 19 42 98 69 72 25 58 65 19 11 70 37 68 67 74 46 48 92 92 71 0 95 35 3 78 83 19 38 72 79 63 59 80 39 9 70 25 3 92 93 99 9 62 64 24 37 76 21 45 50 55 20 75 58 24 63 0 85 44 53 4 86 29 80 32 23 59 68 92 0 58 98 0 26 90 65 13 24 80 4 81 93 17 61 69 3 85 32 73 92 49 90 13 91 88 43 17 57 11 58 6 36 19 77 20 87 43 33 8 35 18 22 39 98 13 46 
49 87 73 22 22 86 76 18 55 16 53 6 25 92 5 17 71 66 0 89 45 0 49 42 11 52 81 28 18 26 20 75 49 98 77 38 56 36 39 16 50 94 28 84 99 33 55 95 84 52 12 54 37 29 43 78 95 85 49 1 0 23 86 89 36 0 68 15 30 33 94 40 49 56 36 90 91 4 46 26 11 20 92 53 46 89 2 37 29 87 95 85 16 21 70 7 6 88 78 81 15 19 38 94 42 40 30 31 77 80 73 18 18 7 68 61 67 86 9 25 11 46 83 85 78 10 69 62 23 0 1 61 1 24 75 91 45 16 50 7 41 27 38 57 31 45 91 18 11 38 89 96 79 86 96 63 46 28 54 29 51 2 79 6 23 97 16 22 72 61 63 83 19 59 49 9 48 41 69 88 8 58 5 50 64 67 15 17 0 37 38 64 50 71 16 28 65 6 77 92 40 87 89 81 99 81 55 85 64 37 36 0 65 6 98 57 29 52 71 67 32 15 40 31 49 15 77 35 31 7 88 79 29 74 10 55 45 49 80 74 70 11 45 42 10 66 12 43 8 74 57 64 51 27 89 43 38 50 10 0 0 75 47 14 55 10 59 85 9 71 55 75 92 44 15 96 83 69 34 3 28 5 57 16 79 92 84 87 78 55 26 50 43 40 58 30 95 14 2 82 24 43 17 32 57 88 80 76 8 40 24 82 85 49 42 99 25 52 2 63 58 87 25 46 69 80 6 45 27 11 55 46 68 48 45 34 53 98 36 53 89 51 20 67 39 50 8 14 78 29 23 52 36 66 97 75 79 64 10 18 97 61 94 77 39 19 92 84 36 64 36 63 82 66 59 90 18 19 44 88 72 36 70 9 66 52 87 85 17 48 99 89 43 64 50 36 15 48 50 58 
94 80 24 35 92 65 60 31 46 73 30 13 65 73 8 2 34 41 6 52 11 71 77 75 43 52 15 10 26 7 54 16 15 43 31 60 1 48 45 79 47 65 97 42 55 56 72 44 98 64 44 49 74 95 87 2 3 28 70 47 46 92 76 91 51 53 82 91 14 34 10 65 45 80 42 86 64 56 43 58 73 91 89 75 60 98 46 13 97 34 19 28 69 50 1 98 55 82 60 6 80 32 28 38 96 13 13 21 91 67 4 48 10 92 18 58 83 49 77 89 96 12 57 87 70 51 49 61 9 2 2 15 65 34 11 52 21 91 17 84 15 63 48 95 27 76 67 55 29 68 49 60 4 75 37 63 72 45 83 49 30 88 39 22 19 88 74 77 6 45 18 6 6 9 43 90 75 87 91 49 8 59 66 69 57 38 2 81 81 41 8 77 67 21 56 57 5 93 14 93 5 76 41 79 75 57 28 69 98 72 7 84 38 17 39 33 91 23 53 99 52 66 68 5 66 49 32 46 34 35 30 90 0 88 62 23 18 74 52 48 12 17 54 69 93 88 24 83 6 84 13 36 89 34 46 70 41 60 69 12 72 52 95 70 45 57 52 23 47 86 2 20 29 8 29 38 92 2 50 59 34 14 67 37 44 11 2 19 38 6 56 4 26 37 24 17 18 90 72 54 90 35 7 88 61 2 51 90 3 48 17 81 43 73 51 77 53 50 1 80 35 82 11 97 92 70 74 85 5 37 5 21 55 18 38 5 53 27 1 46 10 61 0 50 97 29 64 24 1 91 19 26 75 81 74 99 10 83 73 16 85 12 28 58 2 83 72 93 11 10 11 60 81 3 16 73 25 50 91 42 86 26 67 72 98 35 41 74 72 91 56 21 70 4 5 59 40 34 93 62 
12 21 76 15 64 16 56 70 89 3 75 92 57 67 34 78 48 80 66 19 86 3 3 97 40 1 27 16 55 58 24 28 65 94 45 84 23 33 17 10 18 1 21 93 79 13 15 53 64 52 64 57 72 7 32 47 71 62 38 76 20 32 33 85 40 70 57 5 6 6 71 0 73 53 20 93 30 49 47 79 52 26 1 73 2 83 32 19 7 17 80 87 92 84 25 7 11 89 77 13 9 3 97 64 76 72 53 69 75 47 5 86 52 80 37 46 64 95 6 10 56 32 10 89 73 30 80 78 48 99 60 29 8 52 12 35 57 77 64 92 23 67 74 14 98 92 58 48 95 59 24 58 26 8 51 19 81 70 53 28 89 79 87 79 0 60 79 24 71 86 80 62 69 85 10 82 27 15 1 83 9 46 66 13 89 85 8 3 19 92 5 31 1 51 58 10 91 93 30 55 5 25 89 72 20 32 80 86 7 68 1 16 11 13 21 71 53 3 84 72 34 71 4 6 19 69 68 2 75 65 75 61 85 52 73 13 70 93 21 34 6 41 43 70 14 4 85 39 55 41 69 7 96 0 93 86 77 22 33 60 58 49 60 89 62 32 65 65 90 4 48 47 25 92 78 33 85 47 93 69 97 81 11 58 84 27 56 42 74 74 30 83 30 0 9 63 56 29 60 44 72 25 46 88 26 87 40 54 3 93 85 89 16 5 15 68 62 20 82 30 74 88 91 3 30 28 19 83 87 46 8 55 52 64 42 33 43 56 89 72 66 12 15 8 81 2 77 74 10 99 3 15 41 98 35 9 77 27 94 66 71 56 49 65 18 85 41 71 70 35 10 95 17 58 73 45 59 63 16 75 56 35 90 39 71 42 47 51 9 82 77 35 92 36 16 7 74 71 15 65 
37 98 47 55 19 8 87 32 45 14 77 63 76 89 24 24 92 93 95 12 77 61 52 27 98 28 33 68 36 91 15 59 71 51 31 45 82 90 34 9 9 53 27 62 66 9 56 2 65 95 6 97 17 20 49 57 38 48 43 36 72 69 30 42 99 40 19 20 97 20 90 33 14 14 59 89 98 59 47 52 48 27 0 44 45 98 97 17 90 50 50 59 34 81 91 81 47 47 90 65 4 65 10 0 87 31 21 87 65 59 65 26 2 7 18 16 25 61 39 11 35 20 52 78 19 22 2 20 6 57 17 91 63 82 86 20 58 44 52 97 73 80 85 28 16 53 96 42 73 19 53 56 18 84 30 96 41 42 45 47 32 89 28 38 11 43 87 15 22 31 48 17 43 16 87 67 12 22 89 4 85 77 95 79 13 0 95 45 29 7 34 31 49 69 42 6 2 12 89 84 71 70 67 13 48 77 65 2 48 38 78 20 41 87 62 16 66 0 13 54 32 74 65 19 77 91 67 92 41 1 40 72 97 11 82 41 6 96 44 33 42 33 34 2 70 56 22 88 15 86 72 74 40 51 71 32 4 84 72 55 80 46 31 1 93 4 68 51 55 56 31 73 84 70 54 85 14 14 18 86 38 61 89 57 67 65 28 41 82 84 81 43 20 30 22 5 45 6 79 93 10 31 3 13 89 19 58 69 98 39 3 18 70 64 68 12 4 66 15 90 64 59 41 41 79 98 22 64 78 72 67 6 6 43 47 89 44 50 21 50 67 32 64 68 87 72 36 46 58 20 89 39 32 16 25 56 23 74 75 33 12 36 5 63 93 37 53 13 31 4 44 17 75 13 38 33 88 33 14 91 87 48 13 57 3 33 97 56 34 38 64 48 36 24 60 59 34 77 89 46 
1 60 54 53 64 22 61 53 47 27 77 12 30 90 24 59 26 52 76 42 42 89 49 21 32 73 86 86 45 47 97 91 34 68 63 38 89 50 80 46 31 41 62 63 75 74 33 69 15 94 70 5 26 17 0 45 22 19 60 1 54 83 54 97 10 74 81 44 17 11 15 78 40 33 57 63 94 11 57 60 84 7 52 33 49 56 55 87 20 38 88 50 5 8 86 55 9 36 34 8 6 71 95 20 42 25 45 25 71 71 56 47 43 82 10 75 21 35 30 63 44 6 98 12 94 67 53 37 75 8 78 94 55 15 88 28 2 82 30 91 42 72 61 22 38 77 95 10 37 98 78 97 9 2 38 92 97 88 27 91 53 19 58 56 84 14 69 67 18 99 45 28 59 19 80 58 12 54 48 74 5 77 98 94 26 11 50 88 70 87 15 14 85 64 42 16 57 30 55 12 51 14 42 68 87 71 94 37 73 78 96 3 49 23 60 70 77 85 69 31 58 0 37 77 12 77 89 89 58 37 37 52 34 98 64 36 8 78 91 22 97 17 64 90 41 9 37 15 41 48 49 41 15 51 50 28 11 28 47 16 51 68 44 49 25 90 48 87 19 34 31 50 56 75 28 26 73 28 19 71 94 92 71 71 78 11 54 0 52 54 94 67 16 43 16 17 85 3 85 2 69 93 84 75 90 59 91 96 81 85 94 17 12 12 6 32 72 13 20 28 41 67 23 76 50 30 64 12 75 49 60 23 84 93 29 56 71 46 45 78 54 83 30 18 39 41 14 32 31 37 97 0 16 79 93 3 95 21 40 96 18 47 77 88 78 26 12 70 35 53 75 47 58 5 65 76 47 83 49 8 9 51 72 45 47 69 46 67 48 91 74 19 37 51 67 64 41 2 61 99 
18 93 21 72 46 86 14 46 13 74 53 87 73 42 38 2 69 58 54 20 50 42 95 0 58 83 87 80 19 88 6 41 56 89 50 83 19 19 31 85 71 90 26 61 38 19 98 59 17 35 10 38 59 52 50 44 0 4 80 55 35 99 52 72 50 96 15 71 59 44 77 3 94 75 25 19 6 43 61 45 57 22 98 62 49 62 49 94 51 10 83 9 61 40 14 11 98 73 96 24 0 61 55 51 55 44 98 40 92 60 79 3 56 15 25 59 10 91 84 74 63 33 55 19 89 3 77 54 65 17 64 23 53 18 73 25 52 82 52 68 24 70 39 53 78 12 92 89 48 85 52 21 24 76 81 92 22 28 4 45 84 60 11 10 49 50 85 34 23 9 79 71 50 63 73 59 19 47 86 12 50 38 89 81 82 13 68 28 82 82 93 5 49 6 58 92 66 14 77 29 66 17 37 18 30 41 23 66 43 90 56 45 83 67 6 13 21 50 49 59 73 78 88 64 90 27 45 98 67 18 17 74 15 97 99 0 44 2 30 25 10 83 37 36 37 8 87 86 57 68 80 10 77 57 6 69 2 62 71 58 92 94 42 14 68 83 36 42 48 56 17 73 17 66 58 23 43 81 94 82 70 47 72 64 95 4 3 5 44 24 61 27 1 54 31 99 23 5 70 22 54 68 42 84 86 89 71 44 85 29 24 60 8 6 30 70 79 30 10 6 74 29 26 54 70 65 74 64 43 68 17 91 50 93 73 48 78 67 51 98 63 14 20 24 84 67 13 70 25 66 96 51 19 29 7 18 87 20 60 50 88 44 86 18 45 69 87 33 50 19 99 10 57 50 60 23 8 20 10 34 50 91 76 97 35 76 95 91 92 24 27 47 86 8 73 5 93 54 64 81 
92 70 38 98 31 38 32 52 90 94 92 94 16 74 67 75 10 29 47 9 73 70 15 54 97 42 29 79 32 93 27 18 58 76 49 80 98 66 1 15 72 85 96 76 69 39 29 33 32 82 71 69 34 9 76 48 13 92 3 0 48 86 41 80 2 0 3 0 84 41 35 97 64 60 42 34 67 58 97 27 57 97 66 26 28 72 28 84 26 79 62 21 11 17 9 9 46 76 29 92 2 25 9 25 5 25 13 20 92 95 11 26 1 11 57 32 53 14 74 98 24 91 31 85 71 57 8 99 9 38 83 95 77 64 44 71 2 18 45 76 67 29 52 9 53 24 59 4 30 76 80 66 32 20 61 68 30 64 25 85 39 23 4 98 83 91 27 88 93 48 3 8 99 30 12 37 27 11 77 49 24 50 27 81 0 25 61 42 3 48 85 48 55 75 28 27 78 26 27 70 81 31 3 83 14 16 50 8 8 81 74 35 50 16 66 10 53 39 27 36 22 6 88 11 39 2 80 64 68 9 47 60 38 47 24 30 83 96 39 8 77 15 71 95 71 42 57 33 8 99 46 78 99 90 9 14 6 88 76 24 43 99 36 7 64 83 99 72 94 61 55 61 80 59 44 56 69 11 34 75 15 71 34 86 98 35 61 69 68 16 87 76 6 10 14 45 27 97 20 61 19 61 16 37 99 1 96 38 3 64 71 71 60 31 93 78 31 67 99 5 73 71 78 94 9 40 40 13 59 43 34 9 10 94 49 18 13 63 84 58 52 93 48 1 26 57 48 29 90 60 20 25 34 81 37 69 55 74 19 32 28 54 13 25 35 81 52 0 97 4 91 91 10 78 22 26 24 95 86 11 87 43 59 78 57 70 39 30 62 51 90 32 30 26 23 44 46 94 66 17 
97 83 90 45 52 83 88 49 72 62 49 93 14 68 61 59 87 34 20 28 97 65 38 91 30 94 13 31 76 25 38 23 20 1 12 84 2 59 84 18 81 10 33 34 43 3 9 40 32 8 73 11 40 58 18 29 54 64 65 77 71 54 21 77 42 26 46 5 0 11 19 93 31 31 63 59 99 35 29 37 1 62 82 87 91 95 63 44 32 10 79 70 64 12 78 52 3 93 67 31 35 0 11 79 30 49 19 82 52 9 86 47 32 66 54 61 31 96 45 82 58 9 15 22 4 84 46 99 75 80 80 47 45 99 52 59 90 59 72 53 60 85 18 41 31 97 18 64 54 97 7 63 90 9 20 14 81 78 0 14 30 61 45 63 51 43 10 94 87 63 51 44 89 11 9 71 36 66 98 25 37 22 69 21 54 26 2 81 45 82 25 37 4 85 45 57 21 47 87 23 25 27 39 89 61 91 42 2 49 59 4 62 76 82 61 2 72 15 26 23 18 44 77 53 33 68 53 29 76 14 34 62 48 24 81 86 42 77 14 4 73 90 7 93 80 7 12 94 3 65 12 0 46 91 55 93 53 98 68 41 46 69 37 75 92 29 8 95 50 44 61 68 76 84 33 98 39 15 33 99 98 4 7 69 52 44 0 29 33 31 79 23 49 56 57 35 98 20 13 98 16 53 58 87 57 97 35 79 63 7 6 95 47 28 12 82 44 7 55 18 35 58 65 91 83 3 65 93 32 11 44 81 24 84 53 71 82 57 52 6 39 74 19 41 37 69 54 13 9 68 41 23 60 44 31 27 30 62 33 13 0 87 4 83 2 73 7 7 50 96 17 7 6 26 1 6 52 31 50 40 89 7 21 85 73 21 37 9 85 0 51 68 68 36 57 45 98 4 48 28 
25 13 85 72 86 57 60 1 76 17 75 62 35 84 60 58 68 57 66 41 91 74 37 13 70 82 57 62 72 84 15 41 67 81 37 87 82 52 35 54 25 72 62 76 83 18 70 76 75 59 94 53 14 92 59 76 40 85 46 30 68 74 89 2 41 72 44 31 78 79 14 65 84 72 31 72 53 78 98 14 57 69 55 7 61 18 54 2 8 40 92 37 14 86 21 75 5 30 99 13 41 26 23 19 63 69 29 5 46 20 0 29 70 97 70 26 24 32 69 42 5 16 88 32 50 88 72 41 52 35 90 68 57 68 27 7 79 10 29 52 44 20 78 20 9 92 22 95 11 37 26 96 95 49 81 62 68 96 10 19 74 2 56 28 58 35 1 33 8 21 54 59 44 73 97 63 64 6 81 20 46 86 14 8 38 11 12 31 9 17 42 77 96 21 65 17 22 5 59 46 99 56 93 93 31 29 40 83 94 27 75 80 1 24 71 31 61 46 13 8 91 77 84 28 40 10 43 24 82 83 53 73 58 12 85 54 31 90 57 46 19 10 89 40 96 40 5 32 26 65 67 88 24 54 94 27 96 30 0 96 50 21 48 86 63 85 99 3 26 77 76 67 95 53 35 30 4 53 0 24 25 85 23 27 22 13 33 42 82 44 44 46 54 26 48 70 20 43 91 59 74 98 30 99 74 82 12 41 75 94 74 26 48 58 80 14 59 5 40 54 88 50 36 8 71 28 60 52 39 21 40 38 21 80 27 48 13 34 77 57 46 18 62 6 16 72 67 92 49 68 24 86 97 50 63 84 59 37 69 4 59 28 86 53 57 41 82 57 58 44 45 95 66 66 34 44 89 19 31 5 62 60 40 6 61 49 34 70 96 90 66 11 16 41 91 75 60 11 15 54 
30 86 89 94 1 30 35 97 52 26 49 22 13 26 46 31 63 55 85 52 36 71 84 4 50 69 72 4 85 47 28 40 78 2 4 58 1 90 16 0 59 59 17 6 66 94 74 83 21 12 39 16 21 20 62 87 28 99 76 36 72 89 19 62 84 5 11 52 61 46 37 97 95 84 58 85 1 84 65 69 46 68 45 74 37 64 45 48 88 50 1 28 41 97 68 48 93 79 54 3 96 17 32 81 13 74 49 79 49 32 3 66 54 74 10 32 58 17 89 84 30 9 3 63 64 50 92 35 22 8 0 63 0 76 74 55 95 69 29 37 20 93 39 72 25 51 63 60 35 41 21 2 52 1 35 90 61 50 50 70 14 16 9 17 52 15 14 99 27 12 91 70 78 12 38 54 68 55 59 53 36 25 42 23 55 58 1 16 32 47 76 81 80 58 63 7 44 46 38 6 20 17 18 83 61 18 4 64 29 46 75 4 81 4 27 77 35 76 28 9 61 50 75 73 30 0 35 8 84 1 42 47 90 66 87 7 98 92 43 95 49 56 79 64 34 8 29 75 24 23 40 65 16 82 29 29 75 4 56 17 32 31 63 34 48 48 29 6 61 73 10 18 4 16 98 81 79 11 67 70 83 38 47 13 46 93 58 77 87 38 80 64 60 9 13 63 8 51 69 68 75 48 27 86 3 95 49 31 48 47 42 28 6 62 14 72 13 77 25 89 74 76 51 72 56 60 75 71 13 66 51 46 10 92 63 25 48 2 3 19 85 66 58 60 23 71 72 22 98 24 31 18 76 89 74 58 28 25 74 9 39 27 14 83 55 34 21 77 49 42 61 76 54 72 26 54 56 49 67 76 98 68 88 91 29 88 73 68 92 39 77 70 62 28 87 87 47 22 81 26 
8 98 42 95 67 23 34 11 99 44 7 69 55 70 11 49 37 22 67 44 21 17 89 61 90 74 53 95 37 92 33 66 95 17 59 30 85 29 40 73 6 11 89 1 99 73 92 11 72 7 60 54 65 62 26 30 64 69 25 70 28 31 71 7 13 82 16 99 82 56 13 67 71 72 1 33 69 43 97 5 66 95 22 96 57 99 39 41 86 21 66 68 2 13 27 68 62 18 72 14 52 18 60 58 13 21 54 56 57 30 95 7 56 77 71 60 14 4 92 35 29 9 1 78 26 0 82 78 9 81 11 45 65 52 30 60 20 55 53 50 38 71 68 38 4 47 87 2 35 9 87 95 98 14 14 46 80 37 16 48 20 67 43 94 15 81 78 96 12 37 57 64 34 58 4 61 79 67 43 68 99 94 65 85 27 88 40 83 95 59 20 62 26 71 97 57 37 83 2 3 73 41 15 68 84 99 95 52 10 2 62 68 4 62 13 46 18 83 76 26 85 88 58 20 91 31 64 56 54 52 38 60 87 37 71 1 40 93 44 32 28 88 34 41 61 70 52 65 37 91 9 73 45 95 4 31 11 81 57 45 68 37 32 91 6 66 20 88 6 21 91 0 92 64 28 84 97 94 81 38 86 40 84 51 83 7 35 50 15 30 15 35 98 42 33 68 10 76 86 23 34 56 21 64 68 40 82 92 90 62 6 74 60 25 32 49 96 37 38 78 29 86 64 35 12 87 4 4 47 47 50 57 92 83 22 49 79 58 16 21 31 90 71 28 58 79 14 17 22 17 7 22 78 65 56 16 26 15 6 26 66 31 48 38 29 81 93 86 16 35 45 20 96 45 65 64 42 74 45 33 86 34 74 6 22 14 1 6 40 88 18 38 9 15 7 43 75 45 71 19 
9 23 74 35 73 48 16 59 75 82 30 37 96 26 84 30 86 54 64 65 34 52 50 57 89 24 80 39 47 90 35 72 77 74 31 5 3 44 55 99 17 11 69 95 73 19 17 7 24 41 3 14 72 44 58 74 51 54 74 95 74 85 38 14 76 47 67 31 72 22 59 55 28 8 13 37 55 58 64 92 94 35 66 36 66 84 39 97 69 33 90 33 2 86 72 20 30 3 26 11 17 1 11 68 0 23 43 55 96 7 54 21 15 96 25 40 13 11 29 7 53 65 52 11 25 33 36 51 91 38 10 0 26 12 0 60 89 6 58 99 30 86 90 39 6 92 7 96 87 55 35 35 42 49 39 76 86 22 74 73 80 20 72 18 32 10 90 34 55 13 19 83 43 98 85 36 21 22 0 6 81 94 78 17 7 63 56 9 44 32 67 1 79 85 99 46 53 68 52 66 51 70 78 51 2 1 58 19 11 91 13 98 72 97 81 74 90 81 66 45 9 33 3 92 73 73 60 91 55 14 30 81 99 4 38 1 55 73 66 29 92 43 14 58 82 16 9 1 26 16 54 20 36 11 45 16 47 27 18 57 52 92 46 14 84 46 67 35 1 11 13 96 47 22 62 40 53 23 1 38 87 51 31 63 65 7 98 20 47 60 27 77 78 38 21 45 95 65 18 76 86 31 34 55 90 7 38 56 4 13 38 69 5 72 30 29 84 80 37 64 55 88 31 42 8 35 94 31 82 97 39 49 41 4 82 55 68 84 13 44 74 64 8 95 16 69 42 38 97 12 15 85 17 63 31 40 73 24 34 75 95 18 65 33 10 56 8 55 62 39 88 74 49 42 2 55 20 68 16 34 56 1 92 66 47 73 19 87 19 65 60 57 17 35 57 4 21 25 45 91 
82 29 46 9 64 32 25 2 81 94 24 26 65 68 99 99 19 77 78 60 69 34 58 38 95 98 66 70 51 44 92 15 37 50 68 42 71 73 84 3 32 82 97 17 72 53 9 56 79 72 81 99 67 99 92 53 11 89 1 96 22 61 62 88 39 61 54 56 2 59 96 30 35 67 20 72 45 48 37 22 2 86 59 70 5 75 31 18 44 29 94 77 11 12 38 13 29 32 63 67 73 64 84 75 87 52 72 45 32 97 4 89 64 91 65 67 87 3 55 94 6 6 0 69 74 20 45 42 81 97 80 83 16 90 13 67 81 79 22 62 66 67 37 31 69 55 79 81 37 40 11 15 9 79 99 57 16 26 83 4 68 97 76 9 11 19 23 85 79 26 93 3 57 43 41 66 57 53 36 28 27 63 60 4 93 46 64 20 91 26 91 38 95 40 52 76 87 55 89 17 39 5 2 42 3 65 91 21 68 63 28 25 78 39 33 82 2 37 23 98 37 0 82 28 1 38 59 13 22 24 31 96 51 70 25 85 46 21 4 73 70 31 72 75 56 15 39 59 44 89 27 60 4 20 43 71 53 74 46 38 41 36 47 1 9 72 57 0 16 59 40 4 67 74 12 83 14 30 90 50 91 74 85 69 30 70 3 42 89 34 80 37 25 21 98 88 0 2 18 45 20 42 94 12 27 47 43 43 53 41 73 51 84 0 65 17 62 25 97 25 76 36 90 86 60 29 63 57 80 85 57 78 49 87 7 5 51 72 22 17 23 24 16 3 25 10 58 57 68 14 34 53 14 41 60 91 24 97 55 89 68 53 74 14 45 66 90 69 5 75 29 25 22 75 57 57 19 54 76 4 27 49 30 64 34 77 97 22 3 80 65 8 86 6 64 34 63 35 0 70 
55 54 31 45 29 46 69 9 35 50 92 66 73 66 44 49 70 7 66 70 39 56 55 48 85 43 76 77 7 6 60 16 95 71 92 55 75 4 39 68 39 83 70 15 49 17 5 37 85 33 58 96 19 87 61 91 49 5 86 43 33 75 75 93 27 98 61 94 6 38 88 85 1 12 29 16 51 41 20 6 8 57 18 83 10 54 97 60 95 69 57 28 41 89 53 67 41 41 82 59 49 92 51 92 19 31 46 96 91 99 34 75 33 88 18 11 66 29 12 59 37 45 13 93 19 21 77 18 35 6 86 13 80 94 62 98 91 70 88 12 93 71 98 12 21 2 85 89 22 32 68 37 24 49 68 89 67 27 67 96 68 7 98 76 91 60 37 90 48 63 48 11 34 57 9 26 32 78 71 52 26 70 61 85 68 99 55 97 34 15 25 71 32 58 29 64 90 89 61 32 54 44 42 5 36 41 67 8 91 2 85 64 78 41 35 76 18 49 40 24 18 48 20 86 50 44 52 26 69 6 30 1 1 21 41 34 8 94 79 91 20 24 27 85 94 91 1 24 48 25 71 74 68 8 31 66 16 84 63 65 64 84 43 20 53 4 9 99 71 46 61 85 12 33 88 36 34 21 15 23 3 53 60 47 13 97 76 42 49 72 13 50 63 16 77 21 34 72 35 63 95 39 2 48 20 57 81 32 15 87 6 13 28 98 70 36 99 36 15 94 73 66 78 44 6 53 11 80 4 72 95 50 2 70 34 48 99 24 45 81 27 28 10 8 94 27 25 60 88 1 17 14 73 99 91 3 78 26 6 54 87 57 60 77 26 26 60 31 68 33 9 24 83 74 38 6 76 10 74 3 54 19 22 35 3 3 80 47 45 22 90 78 7 83 55 59 53 13 57 55 
81 18 93 92 76 35 39 78 48 21 21 77 27 72 77 72 80 82 88 57 24 50 34 96 84 41 64 4 50 85 13 87 89 85 40 82 80 12 72 9 49 69 29 87 78 26 38 50 56 7 92 8 52 2 82 33 75 61 26 81 96 55 83 12 40 75 50 12 53 93 2 62 79 2 15 1 99 38 71 35 80 24 52 68 40 58 88 56 66 37 41 88 61 19 3 17 18 0 49 4 33 18 0 9 46 68 90 77 61 12 41 13 34 11 54 38 87 18 77 78 43 6 62 52 88 29 14 42 2 39 18 1 10 78 83 39 14 18 55 77 54 44 31 8 32 85 77 9 39 33 52 57 56 40 37 26 9 21 96 67 11 78 32 12 87 87 35 78 87 46 33 48 49 45 23 22 20 30 23 69 91 44 82 95 23 43 1 60 0 18 72 85 18 3 84 4 52 43 51 5 97 6 9 7 30 85 41 73 44 1 49 34 54 43 86 75 94 95 83 29 57 98 3 35 72 39 65 73 72 99 0 5 8 63 19 24 34 14 86 21 82 60 38 49 54 10 18 54 83 75 98 74 56 55 92 66 81 78 17 44 33 26 57 8 88 13 94 6 11 5 66 68 76 65 31 17 2 41 6 3 37 32 23 93 22 5 16 4 57 51 8 4 66 18 39 25 98 59 55 14 94 18 92 68 37 49 23 7 54 55 55 70 4 54 90 48 61 86 95 24 73 24 0 33 23 17 1 76 0 7 77 42 31 32 21 12 5 80 3 14 82 25 9 16 59 97 22 63 98 53 84 7 71 67 74 7 32 57 44 94 23 95 65 41 55 12 48 9 20 30 50 26 79 8 19 12 16 53 31 21 38 45 83 15 56 85 4 63 10 88 4 90 28 36 42 95 76 11 74 42 
54 38 65 27 79 81 42 6 50 85 91 34 35 95 66 23 1 54 22 0 83 46 60 84 37 78 25 13 60 67 43 39 47 49 76 34 71 75 45 94 38 58 59 10 59 15 10 47 45 22 16 78 64 25 64 45 80 68 54 66 49 5 6 8 67 44 98 50 91 77 1 49 86 8 26 17 96 41 74 51 87 0 97 86 45 67 77 84 12 32 28 54 37 68 19 34 86 73 8 79 24 86 58 54 67 7 29 52 48 60 48 8 33 10 69 39 71 2 67 89 20 88 31 38 98 22 15 48 37 20 1 86 68 95 35 70 53 31 7 75 30 14 36 74 50 38 25 81 32 48 42 29 62 65 13 73 94 85 66 22 54 47 34 94 9 80 28 39 16 56 46 4 9 97 47 75 38 77 49 53 70 74 48 82 25 59 7 43 96 26 19 13 38 8 54 23 9 5 7 11 61 97 62 53 99 22 32 89 61 54 16 22 8 3 44 75 29 38 76 92 28 37 59 16 86 36 30 90 18 86 45 18 54 71 28 33 99 56 13 67 19 35 59 16 81 13 24 73 90 1 66 97 26 94 50 39 96 95 22 2 99 90 29 98 65 2 40 81 53 21 55 78 8 18 33 92 47 30 60 26 28 90 21 89 78 28 23 7 66 89 17 99 27 10 80 73 60 78 49 28 57 56 64 29 24 9 19 69 41 39 30 25 59 11 6 33 56 88 22 15 22 22 88 46 68 18 33 7 41 26 0 2 55 52 52 40 63 14 52 27 15 8 51 39 31 13 77 20 8 11 64 7 26 37 34 2 29 46 58 6 3 44 28 91 7 58 39 79 17 9 61 7 36 25 49 82 92 8 13 34 70 19 37 72 73 11 48 91 2 42 99 60 78 66 58 12 54 74 84 23 
46 44 34 11 90 33 92 16 23 15 50 91 58 88 72 77 87 60 73 29 95 5 13 68 93 25 38 76 86 15 87 27 11 98 42 38 72 94 20 77 2 24 18 0 73 48 42 66 91 36 50 61 32 92 92 71 14 65 75 24 44 91 93 91 66 26 22 13 35 54 44 79 7 57 66 96 25 81 90 96 79 91 6 94 17 12 3 24 0 25 65 54 85 24 50 96 69 17 61 90 37 82 56 52 48 75 73 79 48 88 37 65 70 85 94 29 74 90 23 95 11 87 98 64 43 95 45 61 74 31 76 84 59 66 49 0 3 78 69 74 84 57 74 56 88 77 90 28 72 41 67 60 71 65 15 78 8 68 11 58 3 28 38 71 97 45 27 73 10 29 78 4 63 32 70 22 54 32 93 50 97 68 92 8 72 44 55 46 14 95 83 64 42 75 76 92 28 17 33 33 79 2 81 17 27 5 33 1 50 82 64 12 50 54 94 74 71 80 8 50 79 79 42 38 77 73 41 10 10 24 84 20 49 35 82 26 70 91 10 72 97 99 14 96 16 76 12 71 22 33 26 65 37 46 3 48 27 63 46 21 85 35 71 16 23 73 12 34 67 60 90 27 79 22 84 77 25 26 22 53 82 94 82 28 38 38 27 43 40 83 91 82 11 38 95 19 7 28 88 9 5 30 36 35 45 93 69 23 95 84 78 90 36 65 39 34 45 88 82 45 32 77 67 8 94 37 59 4 4 16 53 80 94 42 85 11 77 26 58 35 57 50 5 62 2 44 91 11 6 80 39 61 19 63 23 79 20 59 44 88 14 89 76 69 21 55 48 79 57 70 59 3 54 43 6 91 34 36 43 80 17 81 14 36 13 55 30 4 31 18 38 34 41 70 81 31 54 19 78 80 
95 77 75 18 84 68 18 51 14 48 37 87 90 17 97 0 94 42 21 14 78 76 0 86 81 52 15 75 49 32 31 25 41 2 30 25 58 85 92 86 60 58 33 47 85 30 82 88 6 81 48 9 29 90 35 28 3 63 18 11 74 47 74 78 2 39 42 6 0 6 82 54 51 12 47 29 78 17 37 16 61 65 22 78 68 95 14 61 69 67 87 74 46 36 48 76 89 46 80 96 22 63 16 29 34 28 53 99 61 94 75 13 35 57 11 75 63 85 58 92 44 67 10 28 63 27 32 34 12 92 47 64 80 39 67 90 59 92 54 20 11 29 79 50 37 91 44 15 62 2 54 41 88 1 62 66 42 32 14 48 78 9 93 37 14 75 11 98 1 24 36 48 14 77 74 12 5 37 1 71 97 16 67 77 66 43 12 7 47 14 24 90 27 68 98 39 80 96 31 92 4 54 80 0 43 83 28 25 81 65 89 49 48 73 37 43 68 70 19 0 59 26 64 45 99 79 31 54 82 43 88 52 80 76 57 55 87 7 76 31 35 20 9 48 43 45 7 91 88 98 68 87 4 8 10 76 66 16 52 95 8 83 45 42 37 24 95 21 48 97 35 82 41 45 12 60 94 26 97 58 85 75 63 42 96 84 47 88 96 96 76 69 95 67 11 99 15 64 16 99 12 89 56 4 33 26 79 74 30 22 68 55 14 56 3 28 94 66 31 68 61 67 80 12 25 62 66 42 54 69 58 20 82 3 4 75 81 45 46 73 57 67 88 70 33 98 41 42 73 49 61 12 62 49 27 21 67 61 29 32 27 14 89 8 5 46 78 46 52 91 40 33 37 75 96 72 97 93 24 71 27 86 42 60 97 34 74 55 70 40 96 75 4 45 34 84 83 47 55 14 
14 88 77 63 40 19 41 40 58 73 21 99 27 49 89 1 35 13 32 66 33 63 36 25 90 8 41 95 63 54 19 54 31 0 35 30 24 18 15 30 72 2 91 39 29 26 19 98 41 15 6 71 67 46 93 10 54 88 81 17 41 99 93 86 35 55 75 26 96 18 45 46 55 16 19 30 73 29 63 59 45 8 56 77 6 56 82 4 62 73 50 54 65 2 42 42 90 88 56 12 39 81 35 1 91 22 44 40 11 54 86 41 45 92 65 56 93 18 28 29 84 87 2 39 63 38 37 67 92 36 92 71 95 56 30 54 32 61 35 33 15 84 0 7 67 75 45 9 55 8 63 13 51 58 46 31 11 32 23 12 69 39 51 83 11 11 82 74 26 45 12 66 33 56 84 33 41 64 26 27 70 86 58 66 26 13 53 87 37 64 55 78 81 77 62 57 91 2 50 75 53 58 54 58 69 58 30 44 26 4 65 34 97 36 25 42 43 21 77 21 81 66 26 75 88 26 76 27 51 5 99 51 93 48 66 58 71 34 35 70 14 43 45 78 8 25 85 4 97 18 2 48 68 26 4 62 83 37 39 59 23 79 5 74 95 38 75 72 40 79 71 58 97 33 0 40 63 74 34 33 84 44 1 37 72 79 28 0 88 64 80 13 55 41 47 23 33 21 34 6 86 43 50 61 98 62 26 59 99 60 35 80 96 75 6 26 14 55 50 39 61 61 58 8 43 59 81 62 85 21 82 24 10 60 22 17 7 53 44 36 70 8 1 45 93 22 36 74 99 96 91 66 88 21 86 92 67 53 0 59 61 38 56 84 89 19 50 69 12 68 62 65 81 1 79 40 35 2 36 5 13 35 15 17 59 7 71 77 56 63 44 35 3 72 44 12 49 28 0 42 
31 69 47 40 84 6 58 22 46 67 41 8 26 55 93 72 60 85 7 32 52 84 20 48 49 26 25 20 4 14 44 2 53 25 91 13 16 74 38 22 82 5 44 94 89 30 70 20 9 89 14 92 48 97 13 41 41 42 39 86 77 27 68 99 62 71 8 62 23 82 86 21 31 76 96 3 33 82 30 33 93 24 69 85 21 34 14 95 82 26 15 84 75 65 57 25 42 49 4 97 75 22 50 73 18 39 70 7 12 24 0 89 92 98 40 32 57 15 56 8 44 95 73 13 92 85 10 79 42 33 7 22 18 74 47 16 25 28 98 71 53 84 12 14 90 23 50 52 34 48 10 19 63 96 21 70 31 59 28 45 44 37 6 99 86 70 73 30 42 41 67 86 40 14 75 11 3 79 16 89 71 56 57 17 75 83 93 10 48 15 58 47 30 42 76 58 54 97 23 37 83 83 25 73 33 18 69 97 75 17 77 52 39 89 17 29 12 10 48 17 47 32 82 90 78 3 54 51 53 28 10 7 2 30 42 83 12 51 49 62 54 90 30 40 92 77 85 63 42 38 0 39 48 44 60 57 2 7 64 28 29 87 78 56 13 57 75 56 69 91 12 81 52 58 94 17 65 5 62 75 65 95 21 85 51 37 93 40 45 13 21 99 5 22 18 6 98 78 79 0 16 32 93 99 77 45 82 43 42 80 23 94 9 45 77 54 8 84 85 43 82 83 34 35 93 29 58 31 4 43 60 80 77 58 69 46 41 15 62 35 23 60 53 63 7 24 85 47 52 77 19 19 59 15 98 73 49 27 67 78 11 73 50 59 93 39 92 93 85 35 93 76 56 55 7 38 53 3 91 86 65 95 80 27 83 42 2 72 13 90 93 40 63 56 74 58 86 30 53 24 
83 7 92 75 41 99 50 16 8 23 31 94 76 4 99 8 58 3 90 88 73 72 83 56 40 83 12 63 97 6 16 68 41 5 98 67 90 74 53 8 1 28 61 84 2 90 45 45 60 8 65 41 37 86 30 74 82 88 99 52 47 96 23 32 97 69 76 52 67 52 30 70 22 66 32 34 69 90 94 66 25 63 87 8 90 95 1 90 65 33 32 33 70 48 19 32 57 13 81 22 49 59 98 35 97 21 84 15 23 96 29 47 57 85 6 32 34 85 1 9 65 55 30 72 20 30 27 33 23 20 26 34 62 69 19 14 17 12 82 91 22 19 74 5 92 58 63 13 54 58 78 82 54 58 2 3 32 29 4 74 97 73 46 71 16 48 93 31 38 65 46 26 44 25 30 3 67 66 89 84 51 39 19 70 72 18 79 49 89 23 57 43 82 61 3 9 37 78 59 87 47 38 55 73 80 96 33 18 80 0 73 36 7 4 52 48 56 46 22 31 57 34 92 68 42 76 78 89 99 96 70 93 66 60 78 52 2 37 98 0 64 22 62 53 56 17 46 32 8 55 11 28 51 47 93 26 45 46 49 10 56 57 46 41 14 98 10 73 2 40 78 83 20 58 58 88 77 26 45 54 33 34 17 84 67 94 85 37 87 67 80 68 82 7 50 99 43 22 0 42 15 13 33 75 10 9 89 12 65 34 32 55 64 65 69 4 85 94 64 99 0 74 94 88 64 40 18 48 37 2 55 62 31 87 97 94 64 43 8 33 34 30 64 86 36 8 22 50 1 89 37 54 80 72 36 21 37 5 31 47 80 83 76 30 18 11 49 42 44 99 87 16 11 58 73 79 48 57 85 21 91 5 81 25 87 33 14 79 55 38 5 65 20 77 83 0 62 90 35 63 
12 87 61 87 40 46 30 10 30 42 25 34 83 87 84 76 49 69 51 70 85 95 67 49 6 64 91 63 96 46 80 43 27 17 19 37 77 42 47 32 49 28 3 7 49 3 72 20 58 92 35 67 43 84 82 27 16 96 69 28 4 19 47 16 49 38 8 47 66 81 13 77 64 87 98 87 49 4 80 44 75 85 7 97 29 64 26 35 63 60 12 41 50 75 9 93 2 2 33 31 63 53 88 55 73 59 19 10 24 96 82 17 22 1 3 21 23 20 9 90 60 49 37 37 51 28 41 31 42 29 90 60 72 96 39 20 35 84 62 13 60 37 95 81 89 96 10 58 89 52 90 51 81 91 55 48 1 47 32 97 25 42 30 3 17 7 75 39 46 9 14 91 63 40 6 94 30 62 77 24 8 80 95 58 4 14 63 67 46 53 41 3 7 70 61 22 66 65 11 57 94 84 88 0 51 69 48 59 35 63 43 63 38 80 29 60 3 22 21 49 48 87 1 5 8 45 52 75 8 72 72 28 40 27 51 61 62 44 56 53 22 63 69 80 24 43 67 20 52 82 40 42 17 12 88 8 80 31 95 82 41 14 86 54 6 59 96 85 46 0 43 35 77 97 43 74 27 86 94 42 58 4 92 27 44 42 49 23 75 32 37 21 50 0 92 47 13 39 74 48 37 31 60 41 19 2 72 5 53 73 33 46 25 94 7 7 72 11 73 42 46 56 83 70 68 54 34 30 49 29 58 55 18 11 0 84 64 90 60 98 28 92 85 93 56 1 70 82 23 5 23 34 71 78 97 97 78 92 65 71 71 27 80 1 53 73 63 91 60 69 65 36 22 83 21 58 89 9 92 80 72 1 36 14 35 11 98 0 7 78 77 50 61 66 95 78 90 1 56 62 
23 86 32 63 61 37 54 26 59 33 39 62 39 22 23 43 19 71 62 73 73 31 5 92 5 18 16 10 57 30 27 81 33 95 72 56 12 36 72 28 34 98 35 75 28 18 1 87 1 10 26 3 67 92 90 32 53 23 78 10 66 86 98 41 2 14 79 14 63 10 70 72 79 65 97 68 91 19 98 32 95 84 82 7 68 53 12 18 55 24 42 57 45 43 30 13 74 68 73 33 81 12 81 42 60 60 29 80 32 82 45 37 44 52 45 60 70 26 26 42 58 71 27 88 70 98 94 14 29 17 67 73 88 81 16 7 42 79 62 15 99 11 14 7 91 7 56 2 48 75 28 9 77 78 6 70 33 67 68 34 76 57 61 87 79 43 24 74 53 96 48 69 28 98 55 25 14 49 42 2 94 19 23 35 58 98 46 31 74 86 32 83 53 87 82 54 6 40 60 32 26 45 1 3 32 23 21 19 52 46 96 50 12 32 55 42 80 55 4 27 18 42 83 77 5 44 46 51 33 74 25 43 51 68 87 68 9 17 7 30 13 2 26 73 94 68 39 72 19 41 60 43 35 80 17 11 37 36 95 49 73 59 54 21 26 43 98 80 41 33 51 72 69 24 35 88 77 72 36 40 87 19 49 90 47 29 73 88 19 35 90 12 88 35 97 22 73 50 83 84 54 43 25 44 24 90 83 41 47 43 77 7 56 54 68 44 24 66 0 99 25 57 90 32 91 92 67 76 86 75 17 15 94 71 18 51 50 14 87 39 73 99 71 11 70 82 36 6 52 98 49 1 58 13 37 2 74 40 62 97 87 69 65 41 87 29 18 79 15 45 23 18 76 42 62 7 2 75 62 71 65 76 17 72 49 93 3 1 14 45 82 40 34 23 79 23 43 80 24 91 
88 71 86 75 86 97 5 84 22 41 45 67 13 75 39 64 72 15 13 41 1 21 66 74 82 30 6 48 53 77 40 95 3 15 33 69 89 72 96 20 35 23 10 78 63 88 56 71 90 72 19 95 13 73 99 10 83 54 83 68 56 57 16 12 25 2 43 52 15 99 36 66 14 7 5 53 63 99 88 39 3 92 96 30 69 88 69 40 25 27 33 28 10 41 2 5 55 97 21 73 46 94 69 50 25 39 69 36 41 72 22 87 75 38 41 42 40 80 39 33 92 84 77 34 86 76 94 50 55 98 27 75 77 24 78 81 38 76 63 61 13 63 91 12 38 12 13 88 84 7 45 67 68 99 87 89 4 25 93 68 23 73 44 62 19 14 88 78 51 74 74 62 39 75 66 24 20 84 89 19 36 22 0 37 5 14 30 22 0 3 6 58 54 96 49 66 2 72 63 5 34 60 47 34 63 37 92 46 81 95 40 47 80 25 88 44 83 74 26 23 94 47 87 96 7 73 41 16 1 94 74 39 13 99 81 29 45 29 24 75 85 21 63 16 83 72 36 70 50 26 24 79 19 13 21 71 44 86 9 68 76 28 33 98 90 24 37 68 93 83 55 89 57 41 74 95 99 71 41 74 55 92 92 70 57 77 74 82 24 81 0 68 99 9 97 17 60 69 94 58 31 51 84 11 19 9 16 15 23 49 46 60 40 22 93 5 41 2 18 41 71 43 87 98 30 59 90 69 51 11 30 8 0 4 56 73 32 39 90 1 72 91 64 45 86 78 12 55 20 70 64 4 41 91 97 29 73 52 15 12 23 21 2 84 22 72 83 56 85 24 19 72 8 61 83 88 2 18 88 84 88 15 65 72 58 87 83 97 16 17 13 9 4 17 36 16 66 61 24 47 
32 88 16 12 44 83 66 61 30 7 58 53 58 26 81 56 10 21 21 31 96 65 99 41 18 77 8 96 89 40 8 50 63 27 88 65 8 29 82 49 80 12 10 81 59 79 11 49 17 58 10 54 99 34 98 94 89 22 53 6 90 92 38 10 29 40 96 0 77 94 6 79 23 71 91 20 34 33 63 50 31 66 11 87 26 42 6 71 41 40 32 28 20 55 27 50 81 97 60 52 77 91 91 91 34 22 74 79 6 38 87 75 4 81 35 76 62 30 94 49 99 54 61 70 49 87 27 74 73 32 91 81 50 20 28 70 51 78 86 65 21 28 4 12 21 10 23 95 37 58 38 86 45 30 47 2 24 34 29 62 88 58 21 12 86 69 14 42 77 15 48 78 34 56 76 2 64 95 38 84 37 38 95 17 4 62 54 54 45 90 33 7 74 83 43 92 59 42 24 86 84 53 67 47 17 30 75 88 82 82 65 37 56 6 21 54 93 19 39 21 55 39 48 44 79 54 5 69 55 34 35 83 4 7 80 27 58 10 13 66 88 88 84 16 76 77 51 22 30 5 46 88 20 55 54 90 51 25 14 16 48 91 71 67 73 3 10 38 61 75 37 5 96 97 26 8 56 60 58 24 33 60 46 6 19 56 6 36 34 82 67 67 89 43 23 9 91 99 6 24 14 27 75 20 52 32 20 30 44 47 58 8 17 96 0 51 45 56 1 54 8 14 16 89 14 11 28 34 22 88 8 62 49 84 28 71 67 87 13 25 96 50 6 31 97 92 91 59 40 49 6 60 17 81 40 35 7 98 93 68 99 6 43 87 86 19 0 99 17 20 46 97 24 33 30 32 55 65 28 35 29 51 34 15 70 82 7 27 68 66 71 57 84 16 0 64 57 92 6 19 
9 32 82 14 16 15 67 91 70 35 11 70 88 0 69 58 41 15 10 80 13 25 49 21 74 28 90 15 79 14 35 23 21 23 42 5 48 2 97 36 86 58 27 20 6 83 34 37 71 50 33 35 6 73 60 26 62 12 14 30 46 19 14 87 24 97 5 93 8 84 67 72 47 26 24 6 21 7 61 17 69 60 15 62 95 60 7 82 42 49 63 57 7 25 12 28 26 29 40 63 68 38 6 14 97 2 7 71 22 5 59 37 69 53 53 28 40 58 71 45 8 51 22 38 59 69 73 41 63 97 7 26 80 63 77 91 44 19 4 55 78 21 40 13 13 9 70 58 89 25 4 13 50 1 31 79 76 11 48 67 7 47 21 90 49 9 21 42 64 46 34 63 8 59 91 10 36 75 79 42 67 3 97 0 26 89 53 80 88 94 93 56 95 96 27 91 57 46 18 15 61 52 6 22 47 6 73 3 5 73 48 95 84 58 55 30 91 37 76 31 70 84 73 7 25 31 52 26 73 99 23 42 75 16 20 92 45 4 90 8 90 21 72 29 98 72 49 33 0 70 45 26 46 31 96 93 66 42 21 54 14 44 28 28 79 81 99 26 69 79 49 58 90 12 0 49 15 82 96 91 75 20 32 12 55 72 73 36 19 55 45 27 43 77 6 92 7 26 59 71 98 12 34 28 5 5 7 90 61 43 52 95 67 87 61 70 23 99 25 31 14 99 61 94 7 82 33 62 97 72 37 3 98 71 2 70 99 2 25 80 38 1 12 46 64 70 82 39 85 88 11 22 16 74 33 98 72 26 56 83 15 39 65 26 48 7 53 16 36 33 12 76 68 82 48 59 82 11 6 87 97 2 68 62 22 16 8 43 13 34 0 38 63 83 94 41 8 30 22 11 
12 72 14 96 22 71 69 58 37 84 95 42 95 58 72 18 27 97 62 29 93 14 33 91 39 99 1 39 58 98 22 74 87 57 99 23 84 68 31 11 46 2 73 65 63 93 70 98 58 56 97 49 22 94 22 19 77 17 21 77 23 24 8 38 57 65 64 94 22 97 21 3 87 81 86 7 69 29 19 26 9 43 66 58 59 58 83 9 72 71 79 38 77 40 73 81 15 43 61 15 52 66 76 25 77 36 3 49 30 74 18 67 71 36 52 41 76 73 69 25 20 62 59 98 45 65 17 25 83 41 65 81 74 34 35 81 92 25 54 65 44 26 4 1 4 87 93 9 33 61 72 43 17 98 64 65 67 41 83 38 54 45 8 53 68 86 11 88 13 38 23 62 24 99 88 46 64 18 81 34 66 28 63 20 23 54 58 40 0 90 52 62 85 44 84 17 66 54 28 5 14 68 86 1 3 63 23 8 7 20 5 52 0 71 47 55 66 44 98 18 78 25 79 23 30 30 2 23 44 94 45 4 41 47 42 76 23 72 36 30 53 84 41 92 1 69 43 25 70 14 60 91 59 78 96 57 43 67 73 47 35 46 35 2 65 43 79 78 82 66 60 37 90 11 88 77 90 92 72 53 27 53 79 76 41 33 41 6 79 86 55 60 77 69 5 94 61 91 14 19 86 43 71 95 38 33 3 27 4 90 98 39 25 81 84 88 78 62 24 96 21 88 0 62 99 12 39 20 3 32 19 11 65 49 16 54 81 86 69 91 57 72 92 95 88 58 55 99 69 56 29 31 55 46 89 81 78 75 31 65 62 42 53 95 58 18 84 70 4 77 91 40 51 98 66 78 37 75 35 50 30 24 85 57 64 34 54 74 0 78 79 56 74 69 37 71 89 72 38 13 
89 16 64 14 32 48 5 23 58 34 20 67 92 66 24 32 32 96 86 56 75 93 19 1 11 61 14 33 98 16 15 65 85 49 77 42 98 54 37 42 4 33 99 81 37 30 53 27 71 14 2 39 90 47 68 20 41 6 85 71 5 45 58 18 73 25 74 87 64 3 93 96 60 45 52 9 60 87 84 23 29 38 5 99 80 86 78 10 96 23 73 4 82 73 88 74 0 64 54 65 89 32 82 84 76 9 82 1 73 95 11 46 86 90 28 37 3 8 76 78 12 5 95 77 81 98 61 51 9 53 9 97 19 37 52 22 34 3 50 68 36 96 91 3 86 92 90 17 58 34 98 13 85 16 23 32 70 41 44 77 46 18 24 58 81 94 90 3 17 41 39 15 26 19 31 7 73 4 36 61 97 99 22 9 15 20 52 40 69 74 77 86 22 21 71 52 15 3 28 30 5 73 58 8 1 80 5 20 92 92 2 91 20 65 94 12 98 52 71 62 74 25 74 64 44 27 14 47 81 15 67 83 77 17 7 9 2 83 65 81 81 19 79 86 7 42 38 42 31 50 23 24 69 38 56 38 54 4 39 72 51 68 19 90 11 29 73 74 85 15 4 6 81 56 84 91 26 64 87 98 40 88 77 81 87 44 86 49 59 55 61 50 81 20 67 24 86 39 72 53 91 85 18 24 69 76 24 40 21 77 44 56 19 43 24 13 70 96 98 12 31 22 14 98 43 16 72 32 78 5 74 92 38 58 82 42 47 55 64 67 56 89 22 40 26 31 81 65 84 34 36 91 42 83 91 62 58 19 97 43 27 29 40 35 64 43 77 44 53 36 59 32 76 90 41 15 23 36 56 40 39 14 85 26 96 51 75 85 92 15 51 96 78 45 57 12 55 47 54 95 
58 5 86 22 7 90 92 27 97 9 44 38 61 16 33 70 30 10 6 32 98 38 46 75 1 26 66 89 45 89 42 66 29 44 17 21 27 55 12 99 71 75 1 20 93 35 15 50 42 12 86 37 13 81 69 8 1 11 2 26 53 76 44 77 68 43 11 73 90 31 8 64 35 27 73 9 58 24 67 11 69 49 0 91 15 20 84 36 18 14 87 73 74 37 37 92 10 59 52 51 74 91 61 36 76 94 61 21 66 20 71 3 44 12 31 46 38 51 24 10 89 49 37 12 26 84 1 88 19 87 81 90 1 90 27 38 46 11 60 0 72 12 12 92 97 98 13 51 96 90 1 94 48 33 89 54 72 53 63 84 59 58 66 82 9 6 37 7 97 13 52 23 80 47 53 54 26 39 6 48 19 40 62 61 65 22 75 68 24 96 52 45 62 39 26 87 85 33 59 22 13 71 13 21 78 20 28 75 61 39 63 44 18 58 68 98 38 4 46 53 78 20 7 46 24 35 10 90 32 20 74 75 46 62 40 27 2 78 77 89 0 2 28 68 21 84 83 69 1 75 47 37 78 50 73 43 37 86 22 71 36 71 66 2 8 30 25 64 36 62 85 72 65 3 96 82 4 50 10 51 53 30 77 40 16 2 5 0 65 68 89 36 32 6 58 52 83 91 11 16 16 92 8 10 22 55 92 9 27 68 29 95 89 70 97 15 69 40 96 98 1 61 63 23 36 69 87 16 84 97 2 99 91 44 9 73 26 38 31 66 30 41 29 33 75 99 55 37 59 16 45 56 99 16 53 95 80 19 24 34 21 35 96 90 91 81 61 4 37 4 50 64 37 91 2 77 70 21 90 46 59 37 29 42 20 51 59 13 12 5 18 87 7 62 7 88 33 53 75 60 
11 41 77 75 20 92 15 48 70 48 99 79 94 61 64 69 21 56 4 95 28 63 57 2 87 42 79 29 46 26 4 40 36 40 31 67 67 5 45 78 99 23 69 95 98 66 37 92 20 24 37 91 77 45 68 51 68 3 45 38 8 57 40 24 68 95 20 5 82 77 7 45 85 63 12 87 29 85 13 79 43 82 30 45 49 95 56 19 25 13 60 2 49 86 18 36 95 68 50 44 18 78 58 71 84 88 66 5 17 1 63 43 73 32 9 60 57 36 96 65 0 43 41 37 43 77 78 77 1 28 38 4 9 58 62 91 21 18 53 63 84 20 64 43 29 72 65 4 62 17 72 97 64 99 92 24 52 41 69 62 6 10 71 66 4 26 54 49 50 45 25 4 29 0 35 79 97 43 36 37 2 38 78 32 88 91 40 98 15 47 79 47 95 24 18 37 40 42 82 70 24 65 23 97 67 51 69 0 60 53 27 16 71 87 44 33 46 64 38 27 56 51 39 37 46 76 10 21 28 86 63 21 68 41 10 73 32 35 34 65 34 78 61 91 71 36 74 40 5 69 97 8 82 57 86 79 13 80 33 51 67 90 57 82 96 42 44 56 35 72 1 42 99 34 87 41 28 76 17 5 1 60 18 27 47 61 96 97 74 18 31 50 3 73 31 46 61 4 34 71 40 32 19 47 3 36 44 39 45 57 61 93 2 23 57 75 22 42 88 32 43 10 73 42 99 8 94 12 16 3 18 96 59 69 43 73 58 41 29 55 74 41 97 11 40 19 97 93 59 34 86 63 30 78 51 8 30 55 58 64 40 46 92 45 84 29 2 59 8 5 29 84 50 81 29 80 15 76 42 91 95 55 59 50 49 12 12 59 58 26 13 27 16 51 4 54 27 74 99 86 
33 20 89 19 27 17 67 31 24 26 25 4 12 78 11 34 43 78 65 67 26 53 22 4 26 32 96 90 13 53 11 48 74 86 45 11 68 72 93 72 97 37 30 64 11 31 57 30 52 2 73 32 22 51 87 43 13 42 3 49 48 33 58 19 73 98 20 8 57 27 95 59 63 12 36 28 40 25 18 98 19 57 89 15 22 30 21 5 93 5 79 51 89 8 27 15 3 30 66 86 26 79 74 25 51 28 12 51 64 58 57 47 50 10 61 75 82 44 39 60 6 12 37 17 9 16 86 30 73 52 57 50 88 78 65 77 19 29 81 81 29 84 75 91 52 71 56 61 71 6 2 27 64 29 16 58 62 86 8 38 85 73 22 63 37 28 49 7 29 95 28 95 97 72 15 29 29 50 34 51 11 79 73 63 75 50 76 46 50 2 73 59 13 40 20 86 86 23 46 80 71 10 93 96 46 50 62 98 18 60 12 23 3 49 61 78 47 48 39 54 27 96 68 19 24 35 25 41 95 70 47 43 35 93 7 84 70 25 40 20 89 53 98 77 0 50 45 87 52 59 11 41 27 23 22 60 89 8 9 78 41 68 21 48 12 70 23 88 43 67 12 90 75 49 55 75 36 75 47 18 99 59 92 35 33 93 3 37 42 16 65 41 14 66 75 67 22 99 20 95 59 90 55 48 12 35 8 79 93 32 60 80 22 59 75 21 12 64 86 11 82 15 45 68 56 68 26 77 52 77 3 57 57 31 76 83 33 41 69 9 1 53 54 56 58 8 40 14 78 17 87 25 9 69 88 61 21 29 62 37 56 35 95 19 25 50 0 58 68 61 73 43 78 86 73 42 80 23 26 22 94 88 99 31 55 74 63 84 51 27 46 48 21 79 17 20 71 87 86 49 
51 60 16 59 51 34 0 15 18 58 61 17 8 28 86 30 16 29 89 23 97 24 14 57 95 47 40 28 79 41 35 9 8 42 15 29 31 18 24 94 42 69 67 32 48 11 19 96 88 75 15 32 31 69 79 56 63 13 97 7 21 30 23 73 37 46 78 51 16 18 13 7 51 86 17 26 22 31 43 51 99 16 76 58 37 30 93 13 39 22 12 82 13 20 33 81 64 46 40 19 45 58 1 99 8 71 18 88 26 33 45 63 9 64 69 10 14 31 47 13 4 25 64 4 91 36 54 90 83 88 22 56 46 90 39 57 79 89 24 0 68 17 86 39 47 31 46 55 16 80 74 79 6 5 22 22 3 53 17 99 21 53 71 11 27 13 77 77 27 80 51 76 5 2 34 3 35 0 14 25 74 36 49 84 58 17 81 42 18 1 26 20 34 93 92 63 76 85 44 4 12 80 40 20 75 94 96 55 31 24 74 12 37 16 17 42 2 87 94 70 46 94 63 9 14 28 48 84 33 76 39 60 62 69 55 35 4 83 20 8 25 28 49 37 31 88 70 47 84 73 0 38 84 70 10 99 81 49 57 10 54 19 7 44 5 22 15 81 26 50 64 17 7 1 20 15 5 72 67 39 78 7 68 36 81 15 27 37 91 17 28 70 8 57 27 65 97 57 33 82 30 27 57 50 95 74 26 91 19 76 44 32 94 91 22 22 96 69 15 80 32 97 63 55 13 60 92 49 98 92 76 59 85 30 38 88 79 46 64 99 86 27 47 24 38 60 73 12 4 98 18 63 56 86 18 49 6 14 29 95 96 16 5 22 74 31 16 54 42 16 18 77 96 38 57 86 16 89 61 48 67 80 79 66 48 91 8 1 4 92 79 47 15 52 3 18 64 21 78 84 
67 25 31 17 91 77 1 71 67 19 47 36 92 17 91 45 58 51 6 86 5 90 86 30 76 66 11 44 5 77 50 58 76 81 39 73 29 96 9 6 27 66 19 11 2 95 49 73 35 73 7 40 59 52 33 79 97 84 93 2 96 31 96 37 80 60 99 67 16 3 89 99 0 10 53 2 3 55 90 29 64 6 32 28 28 46 17 75 0 11 4 83 49 99 94 88 63 77 27 75 74 89 18 3 22 38 47 64 18 92 57 73 55 66 25 9 94 55 1 72 67 83 56 8 28 84 21 28 37 18 63 3 73 36 20 80 93 7 28 49 83 84 3 42 58 69 21 71 84 88 94 8 52 40 55 92 45 12 35 16 14 69 1 21 0 6 86 41 45 74 10 37 50 33 20 19 83 7 45 63 10 69 11 98 33 94 58 47 92 89 64 56 42 19 32 92 91 20 20 3 46 69 33 69 23 56 39 28 76 71 44 63 64 78 41 35 28 56 52 9 13 80 12 64 62 96 98 9 30 50 64 0 24 88 27 48 19 29 68 78 12 54 95 10 22 47 80 54 84 11 11 47 0 1 22 69 52 64 67 55 49 87 67 71 80 37 77 71 68 76 88 15 67 24 25 69 8 59 31 3 81 79 99 88 94 20 10 74 85 54 0 78 64 44 20 40 72 82 30 96 55 9 87 70 48 13 59 70 30 88 3 11 94 16 41 21 85 60 69 31 70 3 13 22 75 86 53 40 29 69 51 77 44 95 93 48 65 61 4 68 8 56 83 81 5 82 85 64 10 30 99 69 45 19 45 24 26 95 70 46 80 72 35 30 48 51 8 99 21 8 33 84 50 8 28 97 21 4 66 63 26 27 71 59 52 42 29 15 81 75 52 46 15 8 64 30 29 49 43 86 
88 29 38 60 40 43 37 51 19 15 13 26 35 61 66 21 25 52 53 56 84 88 51 9 28 24 10 48 65 81 80 82 71 41 2 38 83 11 51 52 37 19 45 19 23 4 71 84 2 65 27 1 64 73 94 46 74 10 6 19 15 59 11 73 4 60 66 90 61 82 49 15 52 20 71 76 25 10 47 55 86 64 90 0 27 97 14 45 76 88 40 68 90 46 2 89 56 74 61 42 43 81 20 4 0 26 58 52 88 85 29 54 76 6 0 65 35 41 86 43 24 19 55 53 80 28 90 6 95 2 76 88 46 16 92 24 53 16 63 68 82 58 62 78 74 15 10 66 58 9 59 50 37 31 56 58 92 7 90 75 54 42 58 16 33 51 32 94 16 4 2 39 54 77 94 2 11 19 27 41 90 92 89 25 35 92 2 57 82 75 19 60 31 52 44 4 19 2 85 43 23 40 78 73 0 74 16 78 87 81 16 82 65 64 39 69 38 69 10 96 90 42 76 5 24 69 94 98 34 72 34 13 44 13 88 43 0 37 24 6 30 3 32 47 73 23 77 64 94 4 87 38 0 71 91 31 27 93 59 33 89 50 36 90 9 47 19 11 50 37 60 63 4 23 92 22 85 50 52 33 55 71 34 84 84 45 76 1 6 95 48 78 11 12 22 6 88 33 80 8 58 71 33 36 37 46 95 86 49 49 80 49 69 47 71 88 26 33 12 27 52 53 60 24 46 54 33 67 44 73 74 19 20 15 98 58 90 52 6 48 37 40 52 22 85 84 13 4 94 27 23 97 60 77 51 95 17 24 13 95 41 29 58 62 8 37 49 3 21 16 77 43 29 99 37 14 81 29 29 80 4 35 40 12 56 48 71 8 32 89 81 21 74 6 47 16 51 89 18 65 
23 60 47 35 93 53 74 97 70 8 46 91 89 84 0 47 63 86 54 5 83 39 66 58 41 44 82 85 83 42 14 76 53 66 53 84 41 19 76 85 65 43 85 73 95 92 82 95 73 10 64 29 6 48 3 57 1 50 27 74 29 58 89 46 33 91 82 11 5 29 67 72 40 27 17 58 19 61 71 55 74 46 86 13 26 77 65 18 14 74 69 74 62 79 94 33 53 63 51 63 97 7 74 98 41 28 47 7 74 44 63 71 54 20 96 55 9 73 3 21 4 94 85 77 32 38 30 5 67 42 63 85 46 25 33 77 38 9 95 7 86 85 21 3 1 29 29 10 44 70 6 87 31 31 78 4 9 19 32 40 61 59 15 79 94 42 90 39 77 76 8 6 69 76 21 52 99 41 74 30 64 90 37 83 52 41 41 66 12 93 13 64 22 52 26 15 2 75 58 24 61 35 58 85 78 0 80 29 37 60 14 32 55 38 1 22 85 80 89 39 40 85 56 80 65 91 73 53 11 56 0 82 61 31 43 47 88 58 18 63 61 58 54 87 15 42 78 26 55 11 31 60 43 8 90 1 76 85 24 47 43 5 10 43 83 40 12 60 93 2 98 20 56 10 57 35 58 14 51 97 83 31 99 24 84 88 79 18 70 10 70 83 8 62 28 14 62 82 44 84 28 8 25 82 71 97 76 73 50 22 81 83 83 9 80 27 47 45 98 67 95 81 92 73 25 18 3 48 34 40 5 80 17 4 43 77 52 35 55 60 70 17 67 74 45 14 55 53 24 49 28 1 31 84 97 23 65 55 55 8 99 72 19 95 64 65 66 39 81 76 29 52 13 72 50 72 83 89 91 55 63 22 24 6 58 5 82 35 82 71 43 34 25 36 3 46 53 97 93 86 
68 76 22 61 57 79 45 93 15 9 17 40 56 10 15 60 52 33 67 40 11 51 3 82 77 93 61 4 88 82 18 10 59 58 20 36 61 18 41 27 20 21 16 49 47 39 4 75 94 64 63 63 4 67 45 81 17 75 24 5 85 61 18 49 29 87 92 13 1 21 2 80 81 42 65 12 28 26 68 46 22 25 38 55 25 10 18 42 78 85 44 49 13 94 36 21 22 59 73 58 69 3 95 31 76 60 95 28 40 42 90 45 49 18 53 96 26 61 45 85 88 93 67 93 50 92 65 53 78 42 13 1 37 74 33 77 52 63 63 82 5 41 31 88 80 45 24 98 3 17 24 11 8 41 27 24 29 21 28 86 37 76 92 65 61 20 99 53 17 11 49 96 28 65 23 40 21 79 90 30 36 28 27 27 32 38 84 90 31 99 66 35 39 32 47 34 13 90 18 43 83 31 24 45 66 75 69 4 78 96 84 91 89 30 31 57 86 68 19 68 82 99 18 96 88 56 70 53 14 11 57 7 90 93 49 5 53 55 86 0 89 8 25 74 39 85 92 2 61 78 39 97 96 45 5 77 88 94 44 65 30 37 89 86 82 95 75 45 11 73 25 57 24 62 94 33 12 68 33 5 80 26 77 41 31 48 15 31 43 31 77 39 82 2 93 63 63 9 47 28 70 80 15 50 18 80 27 54 54 42 91 22 1 30 53 29 65 74 47 85 53 86 35 69 71 99 58 67 6 13 64 78 52 22 60 63 70 48 51 45 19 24 73 90 11 87 78 16 21 5 42 84 18 49 72 49 43 36 12 36 49 50 51 83 52 89 67 60 18 23 14 80 85 18 60 20 98 93 89 86 39 14 43 10 7 46 68 67 0 77 90 24 61 35 88 56 22 30 20 18 
57 69 62 93 38 79 75 68 82 80 45 51 42 57 39 65 50 74 92 1 20 6 69 95 47 85 46 8 22 13 8 24 55 81 24 79 52 85 15 38 47 84 99 84 36 10 89 57 45 65 7 29 69 90 32 87 73 88 90 76 0 89 99 7 72 61 91 95 82 30 84 43 77 44 23 21 40 72 30 4 86 55 31 90 90 86 36 54 73 68 71 91 84 0 28 46 40 47 40 28 27 31 25 42 56 69 84 56 26 57 70 40 39 48 69 49 43 70 80 96 14 84 34 13 18 4 76 61 87 12 46 54 77 24 59 4 0 71 2 15 43 3 24 76 31 55 23 65 8 70 69 51 91 2 46 66 62 50 62 84 6 32 67 18 31 97 9 11 57 98 58 85 93 67 16 33 85 86 17 62 41 70 83 9 6 20 0 99 24 34 79 60 23 54 55 55 5 26 76 21 71 69 56 10 25 88 12 78 31 23 31 56 50 69 73 1 86 43 43 55 28 11 63 44 63 96 88 61 99 70 99 74 59 38 91 35 71 32 13 87 24 50 67 92 59 57 36 36 59 75 17 43 15 19 21 36 51 8 95 96 93 46 95 17 27 63 12 63 48 13 34 85 56 89 56 9 40 40 71 37 53 27 83 29 39 84 1 49 9 15 38 49 51 54 16 78 89 5 31 58 82 33 25 70 15 31 16 44 81 47 87 36 28 45 31 75 6 83 28 6 27 9 29 67 22 82 25 61 19 96 78 81 87 14 46 93 57 3 23 92 86 25 67 77 76 43 37 41 66 16 98 7 91 18 40 58 28 6 58 19 59 68 80 19 57 96 66 71 34 34 47 41 76 44 0 17 21 74 4 41 93 67 47 33 55 41 98 31 50 49 93 42 84 24 47 88 70 9 25 10 
66 60 73 47 49 86 49 55 19 94 25 93 33 40 21 75 38 48 59 17 81 96 11 9 97 73 20 1 16 68 38 89 74 17 56 55 90 96 87 72 95 27 84 37 24 94 39 1 91 41 64 45 27 43 7 65 40 23 26 61 73 72 93 0 4 44 29 8 0 98 26 22 99 0 20 7 13 38 59 92 96 97 49 1 14 46 10 44 48 22 18 36 96 42 56 12 41 51 91 74 25 72 49 75 88 47 65 37 64 4 81 39 72 27 37 71 80 45 95 85 25 86 7 23 57 18 93 40 2 84 96 22 31 86 17 11 47 34 8 86 93 76 14 46 31 45 13 2 15 63 40 41 39 67 26 9 12 95 84 8 97 92 52 7 97 91 29 52 94 66 61 75 28 89 70 29 53 1 12 99 22 50 65 7 58 52 98 46 65 87 14 57 44 95 96 85 19 92 94 4 79 82 59 51 81 69 40 81 86 17 35 65 20 68 68 91 14 70 8 82 68 92 6 98 86 48 20 4 72 85 59 47 16 60 67 26 12 22 17 5 74 15 65 28 79 6 46 49 7 81 60 58 57 63 29 27 98 9 39 45 18 78 81 71 91 14 64 4 97 81 72 18 94 23 83 49 50 0 78 10 69 85 17 41 48 8 23 49 62 8 26 43 0 39 20 82 83 62 95 54 64 62 50 46 88 71 25 11 33 41 77 85 61 82 32 31 9 51 99 47 17 74 12 67 6 51 15 95 36 86 92 67 17 65 67 31 65 58 14 30 76 78 38 94 13 43 84 85 89 72 14 49 71 43 18 44 80 88 75 3 30 46 10 35 49 13 14 53 34 87 67 14 11 40 55 70 54 77 74 58 50 2 63 59 32 87 56 30 74 40 19 9 9 68 97 43 62 84 92 42 
65 99 59 68 19 77 0 56 77 28 61 63 74 94 47 98 4 45 29 45 29 16 72 65 49 47 90 34 46 36 72 72 32 34 87 23 94 61 86 40 73 44 94 78 55 88 78 93 95 94 61 66 63 83 65 31 94 14 17 84 71 86 66 95 73 72 38 39 49 50 33 91 1 41 81 41 39 72 71 85 5 18 37 36 45 91 39 80 48 38 65 62 55 1 0 37 90 28 93 73 8 55 32 52 87 6 85 84 84 94 18 25 38 97 65 55 64 42 41 27 87 27 7 63 0 71 96 8 18 87 87 72 52 71 20 47 18 97 94 1 68 49 85 9 30 87 76 56 14 29 92 5 83 52 47 79 56 34 26 27 92 6 81 48 35 15 68 77 81 72 21 82 82 23 41 81 82 76 27 62 17 60 20 16 41 95 72 31 22 87 99 59 14 7 59 42 99 59 61 53 34 96 34 78 97 86 36 26 92 23 62 61 67 99 28 83 95 2 98 34 14 10 99 11 47 86 96 85 34 58 54 67 60 0 61 66 39 95 22 7 25 93 52 66 82 30 57 31 50 90 98 60 60 35 81 35 91 73 89 41 78 22 76 87 47 22 84 53 79 93 27 68 14 50 89 56 88 52 26 38 7 15 0 17 7 18 9 99 42 70 29 67 86 45 67 62 43 32 46 7 69 46 18 98 53 98 62 99 99 58 24 55 33 33 23 70 18 62 25 44 28 47 29 14 26 12 34 47 0 7 45 24 13 68 71 92 72 41 43 64 10 56 50 46 59 4 80 78 70 64 38 93 14 10 61 62 86 59 98 83 98 59 69 97 63 96 35 62 98 54 99 42 61 74 77 87 19 59 2 98 20 68 71 43 58 71 16 20 97 38 50 81 54 36 0 77 20 86 34 65 
58 50 19 89 48 28 49 67 76 31 50 77 80 74 14 73 85 8 14 22 77 61 91 1 46 90 71 45 66 82 99 64 46 77 18 57 75 85 21 82 26 24 40 63 6 2 3 39 55 39 0 35 93 19 60 15 55 8 81 75 34 44 67 71 17 87 33 23 2 3 86 42 64 10 43 92 71 55 79 5 61 18 70 48 26 97 38 4 90 83 11 41 5 23 17 10 63 32 60 26 33 52 11 69 84 65 23 69 97 95 26 20 21 31 51 19 38 95 49 63 29 7 40 71 73 52 34 82 72 71 50 3 88 97 5 30 13 68 1 53 89 32 31 71 29 39 88 27 42 33 84 64 82 12 66 59 19 55 45 66 0 66 79 80 8 49 19 2 43 36 89 4 0 63 27 94 67 69 88 16 66 87 83 56 87 66 77 95 72 40 20 51 99 11 16 84 75 78 74 7 31 54 22 71 33 76 81 2 93 23 12 91 55 48 88 2 90 4 90 59 75 67 60 39 58 43 85 32 26 70 33 79 67 75 61 37 71 6 74 17 90 67 80 51 99 65 48 6 26 68 9 97 51 83 19 45 59 62 65 6 10 98 37 98 40 26 54 42 48 78 57 78 78 74 3 92 75 6 58 88 3 32 29 47 78 57 85 58 87 43 65 81 61 90 62 87 38 2 8 22 15 5 55 30 36 52 13 3 40 55 79 9 89 45 3 77 11 77 53 16 58 63 45 25 61 26 27 46 82 66 55 10 68 81 4 67 18 45 4 67 33 52 54 44 87 22 74 13 90 83 60 34 89 67 60 39 72 70 25 55 90 87 84 30 54 58 75 24 35 33 89 96 77 92 61 46 35 49 75 49 3 3 17 36 58 5 86 45 76 9 55 75 80 69 75 4 71 6 17 50 
3 35 75 99 74 53 52 10 32 48 65 68 54 80 9 27 47 61 92 70 0 84 94 5 2 20 95 14 30 15 17 4 34 4 59 75 47 33 93 12 79 12 25 83 95 84 28 22 67 93 70 91 56 51 53 93 74 15 41 3 92 63 40 58 73 64 96 56 28 85 81 72 6 69 63 0 30 1 73 49 61 23 35 22 36 26 57 99 43 36 28 44 31 44 21 60 30 75 28 99 37 49 27 87 46 19 38 57 7 68 53 44 43 17 96 34 16 37 2 28 89 65 33 3 40 75 69 39 14 1 91 22 6 48 80 0 95 94 75 18 94 81 11 92 52 69 80 28 88 71 23 60 91 23 88 74 95 23 71 66 1 73 79 44 83 28 99 68 82 1 13 74 40 15 72 89 96 16 76 63 24 66 65 21 95 66 48 81 16 14 16 25 32 97 73 2 36 87 46 85 1 13 25 13 75 40 63 37 83 93 31 31 48 12 11 17 80 53 61 74 12 54 72 45 45 11 16 70 41 42 25 65 46 42 34 15 12 6 53 58 85 46 78 16 28 22 22 31 54 46 65 99 1 72 42 33 14 56 69 11 30 33 17 64 11 68 25 93 48 50 85 43 74 81 13 31 88 91 61 24 25 79 53 64 21 84 43 5 9 11 23 53 47 47 42 12 18 43 2 82 93 64 44 37 86 47 83 51 97 73 37 66 69 85 80 3 90 90 26 58 0 94 56 85 53 66 91 23 93 18 64 82 41 27 86 54 57 28 65 8 37 70 61 11 59 72 51 14 46 45 88 67 22 55 4 22 22 16 65 52 58 19 31 54 67 5 78 28 23 76 54 71 77 71 90 19 65 12 37 57 68 91 96 84 43 15 60 8 48 82 7 68 36 72 85 20 62 12 57 99 
85 14 43 27 34 88 84 65 28 52 60 46 24 22 27 74 30 66 44 84 69 0 98 50 79 38 91 99 68 53 38 86 41 72 7 32 70 17 46 33 17 6 68 35 29 83 97 75 49 4 27 17 11 61 93 54 7 53 80 0 40 88 6 53 24 8 87 35 3 74 85 51 66 24 66 95 13 78 97 46 63 25 78 67 76 75 89 17 40 16 66 33 50 57 88 44 31 23 7 43 60 94 84 64 13 63 18 35 55 90 24 48 72 96 16 95 54 36 58 85 94 68 89 97 18 91 21 12 92 53 54 28 53 2 68 55 88 42 75 50 51 61 17 59 36 22 58 48 48 93 43 85 85 86 18 89 80 76 13 55 69 37 69 23 77 38 68 56 61 27 50 68 77 85 21 66 52 43 39 42 74 50 29 50 97 80 41 0 88 78 79 52 57 17 83 87 42 98 57 76 27 44 42 45 62 7 23 1 78 35 20 86 36 95 75 98 10 98 69 82 42 54 75 56 48 3 89 44 39 66 79 33 17 63 76 30 44 59 84 77 75 14 89 46 82 4 82 52 73 94 74 83 95 47 3 69 33 12 98 10 44 73 57 30 29 50 36 2 16 29 4 81 35 27 85 57 12 36 21 52 60 86 50 80 41 87 28 34 74 28 51 30 13 77 48 40 58 81 93 33 18 52 58 82 15 28 77 40 6 40 9 47 20 68 15 40 97 88 33 40 26 71 39 11 18 52 55 53 96 98 80 92 39 25 62 54 37 39 20 53 96 52 66 96 62 66 45 63 60 20 35 90 77 0 83 54 48 59 87 0 3 79 80 6 81 56 37 59 91 52 63 43 26 92 87 39 60 44 73 10 40 37 61 60 15 9 95 21 5 77 59 62 7 74 41 99 34 45 83 29 
63 97 77 54 93 0 8 25 92 4 54 0 67 79 45 74 96 60 38 70 10 76 28 57 96 69 33 92 64 44 35 42 75 73 91 23 71 71 42 49 97 17 5 17 83 12 96 37 5 54 5 53 64 74 57 56 94 17 46 64 57 57 38 92 46 47 24 17 89 18 69 51 14 86 62 6 14 47 93 60 60 62 11 84 49 80 83 68 58 45 64 55 48 7 12 46 24 92 21 64 20 9 17 16 49 56 20 70 3 51 92 36 10 90 61 5 67 54 86 19 42 47 96 38 17 39 48 53 28 16 50 53 54 96 16 38 5 75 0 45 38 45 91 31 8 80 50 52 64 8 85 76 31 21 37 8 63 17 78 4 40 63 34 35 1 19 5 60 18 91 77 59 59 5 91 63 0 13 67 23 74 42 37 51 46 68 45 57 0 93 79 35 43 81 22 22 12 69 98 99 24 55 20 69 21 90 7 92 67 5 88 12 39 7 45 5 37 92 97 9 91 35 31 94 81 53 53 55 58 96 15 53 91 93 53 26 94 46 53 84 90 40 48 7 25 12 14 5 90 69 31 77 80 66 89 42 2 0 24 33 29 30 86 97 19 95 23 11 34 7 89 57 80 42 71 22 7 81 27 99 20 39 7 72 95 63 82 50 83 14 91 56 24 56 8 84 72 90 2 63 39 26 16 7 48 34 43 3 13 26 73 80 6 85 77 67 13 90 45 35 2 19 61 80 95 14 27 44 15 9 23 86 94 43 6 68 72 13 33 53 51 47 48 51 98 56 80 61 92 63 91 56 68 15 6 58 74 95 59 55 78 22 70 8 99 82 38 26 27 44 8 41 45 27 87 92 43 4 84 14 5 50 36 85 89 65 51 5 45 77 28 37 58 31 22 26 70 91 37 40 
53 92 54 94 3 72 35 99 17 21 78 18 76 6 71 38 74 74 12 30 72 26 29 56 48 14 80 55 4 1 94 19 58 64 83 68 13 72 43 9 64 99 10 22 78 9 96 48 61 14 96 4 35 91 34 22 74 13 4 47 47 29 82 78 14 35 64 15 47 40 36 73 96 33 15 73 97 85 17 50 24 61 0 23 30 12 24 91 66 9 8 11 29 83 9 81 93 80 25 16 58 71 13 16 53 88 90 11 71 51 47 64 97 27 47 15 2 44 51 29 10 85 35 18 60 87 58 0 99 48 81 42 16 19 15 13 11 68 18 5 18 38 41 87 54 28 50 37 77 1 42 14 68 63 47 0 34 85 53 88 0 87 41 97 70 18 53 12 42 77 12 18 40 72 25 25 94 47 77 4 65 77 62 38 59 65 33 18 94 8 95 8 32 53 68 46 25 93 84 77 18 91 35 74 88 91 3 65 21 41 87 92 24 89 54 31 75 20 36 63 63 74 88 68 96 1 19 12 27 20 36 81 12 53 48 62 25 56 16 36 98 2 0 42 96 41 35 43 99 88 29 83 51 53 79 89 90 25 5 15 42 63 44 75 26 45 63 28 69 83 15 16 27 90 90 89 35 56 24 97 21 69 3 91 45 38 53 34 80 19 99 72 16 6 17 23 30 53 19 15 83 4 58 56 39 68 54 93 47 44 86 94 24 34 75 94 49 68 74 79 64 84 61 90 15 48 38 66 90 62 44 60 11 39 74 21 30 6 51 79 55 67 93 81 60 21 20 92 19 77 73 45 72 56 6 41 50 82 0 23 8 64 28 97 17 95 69 22 97 6 59 98 90 74 20 18 13 72 71 49 91 47 94 63 98 6 46 26 13 48 66 58 50 18 12 17 77 65 23 47 
34 9 82 30 10 1 20 5 64 32 16 90 49 15 54 45 72 76 79 35 16 10 41 48 14 58 31 77 19 29 88 92 2 27 49 83 46 36 52 27 59 85 34 34 93 69 41 44 85 12 94 27 51 48 73 44 31 46 11 59 16 19 91 6 93 4 44 26 50 55 49 75 47 78 98 93 76 53 54 95 28 27 6 83 90 97 81 46 97 87 32 9 26 55 0 8 0 23 10 26 18 85 50 53 41 5 31 12 60 95 30 42 63 41 53 49 93 15 58 98 72 89 35 67 90 77 56 98 13 37 79 72 34 75 4 78 51 52 22 26 94 10 48 74 45 73 63 32 64 72 39 21 20 91 52 32 29 40 43 89 21 38 45 19 26 25 67 9 86 16 46 36 75 35 93 57 30 17 21 1 59 65 33 14 65 75 34 68 81 25 48 72 81 82 17 83 75 59 66 86 91 93 0 64 13 90 92 74 38 63 71 14 46 41 55 22 67 23 62 63 0 96 68 79 12 1 38 40 75 81 69 90 73 50 44 68 6 19 46 78 25 12 12 33 46 2 62 0 82 52 35 5 20 73 42 91 69 90 34 95 3 86 89 52 71 93 57 96 28 14 95 39 76 28 36 10 93 66 17 48 2 54 82 7 27 59 15 67 70 87 25 47 52 55 42 76 27 60 43 26 73 90 22 72 41 83 25 23 72 74 93 46 47 17 50 45 88 11 2 39 66 62 56 92 28 20 19 83 12 28 99 64 48 48 48 33 73 49 17 82 48 54 66 19 74 36 16 53 18 42 0 92 73 56 27 19 93 69 53 64 30 77 77 77 77 44 36 59 89 69 8 91 35 18 23 98 1 12 44 29 15 14 41 80 74 49 29 43 81 42 16 31 49 23 53 94 31 82 23 97 
67 24 51 12 67 34 89 99 81 78 21 68 94 11 64 78 19 20 11 12 18 30 55 32 73 85 61 70 68 58 20 7 25 94 25 7 55 17 31 79 67 36 27 55 51 71 49 63 19 55 12 67 7 15 54 68 34 53 28 57 23 52 80 94 73 99 64 63 27 44 58 41 42 62 0 41 30 16 90 97 55 40 29 7 99 27 46 78 68 17 32 3 84 95 59 5 25 63 25 97 94 39 49 65 85 66 65 34 91 24 44 19 37 64 49 96 0 19 95 51 71 42 13 13 51 76 24 0 91 41 26 52 50 82 61 44 50 94 41 74 78 89 50 41 10 23 17 26 25 63 12 81 43 24 37 26 9 99 83 20 49 98 39 32 70 69 90 49 48 99 2 94 84 96 50 28 82 12 69 50 74 50 14 14 12 98 21 71 24 24 82 12 42 30 95 6 46 19 39 92 90 97 80 21 15 12 96 51 98 33 96 83 63 26 57 70 43 70 44 6 45 30 42 4 42 73 15 0 50 6 84 37 58 80 32 80 60 27 13 59 28 52 15 98 56 89 4 16 62 14 7 53 69 51 26 36 89 99 11 73 38 52 79 53 95 40 74 53 60 83 33 14 13 10 65 2 2 56 95 92 63 7 69 92 10 69 36 93 59 79 86 42 83 70 45 23 9 72 5 22 1 41 95 58 94 51 47 91 95 99 7 90 4 97 48 1 30 57 80 70 20 59 64 85 3 87 53 44 44 10 58 91 53 85 80 7 6 51 12 93 12 41 96 10 11 68 80 50 71 7 11 8 76 53 31 45 35 25 5 51 41 88 16 30 70 47 7 23 52 61 9 29 81 28 85 61 43 39 34 39 31 30 53 26 99 78 60 22 32 86 17 64 6 11 88 69 18 50 73 16 
70 99 5 50 47 54 43 3 51 35 62 62 16 92 37 84 21 85 50 49 24 59 42 11 76 22 9 67 15 68 45 69 59 19 62 32 32 4 45 34 29 16 75 9 52 75 36 26 79 0 54 49 97 56 44 65 59 99 68 77 27 27 0 83 19 46 29 48 78 82 72 68 28 10 78 95 46 84 61 73 3 49 23 42 81 5 22 45 24 88 49 46 1 44 54 97 17 76 16 33 39 75 47 28 68 85 30 1 86 75 1 20 59 94 23 45 58 58 21 79 37 42 87 50 69 83 30 31 83 4 55 15 57 97 67 51 1 9 48 66 44 28 15 43 45 1 82 65 90 82 56 12 4 81 47 62 75 31 61 85 48 0 33 19 51 6 36 16 79 21 39 90 8 2 40 99 59 38 85 74 23 66 20 59 23 29 80 76 83 30 50 68 77 66 67 28 57 87 97 47 50 98 36 6 14 51 84 83 59 79 76 4 84 54 44 20 60 13 99 91 69 6 78 67 60 11 57 90 26 8 3 16 62 84 63 68 14 9 62 7 43 98 50 84 49 42 65 4 14 31 71 92 25 4 64 83 94 43 34 45 96 93 45 72 99 27 63 30 40 65 30 60 70 41 68 70 78 10 31 30 48 49 53 97 95 24 1 59 71 9 14 30 14 14 24 38 74 46 41 8 44 30 21 40 64 22 41 8 79 93 93 98 92 68 28 17 36 86 24 83 84 95 74 76 80 34 47 86 97 63 92 41 91 66 39 94 84 26 74 12 8 81 47 48 41 64 69 24 86 93 75 55 55 83 82 44 43 34 27 65 82 0 1 1 95 87 28 75 88 72 63 89 37 80 95 73 23 13 8 55 2 6 67 24 41 98 25 17 29 82 20 70 3 54 75 52 85 31 74 21 
31 22 27 39 54 51 74 36 30 58 96 37 89 69 26 9 31 64 20 79 55 66 53 5 38 89 15 23 74 84 72 7 1 66 6 27 64 9 39 50 22 16 14 26 65 82 48 46 80 13 38 74 13 94 30 87 61 37 13 65 56 54 88 26 19 37 37 8 17 56 44 2 55 39 61 11 0 29 68 47 39 8 8 7 48 25 28 11 46 69 12 30 77 71 94 44 3 67 44 35 50 78 17 60 22 51 66 3 13 46 35 73 62 51 82 9 86 40 99 49 0 58 20 27 60 82 76 12 6 60 74 22 80 80 99 68 41 8 44 10 35 60 97 56 68 48 71 76 68 39 98 54 26 17 99 62 13 86 19 83 76 55 0 11 73 58 34 19 69 37 4 69 52 80 49 78 37 72 76 65 51 10 58 21 62 87 98 38 59 40 22 31 34 30 18 6 43 92 41 80 59 40 42 11 59 38 55 65 21 2 88 91 10 57 87 90 79 55 32 48 8 16 86 35 58 63 47 69 88 46 45 31 97 47 81 96 72 50 24 52 31 20 55 34 64 75 28 13 45 72 99 82 11 42 58 87 30 71 31 62 54 7 81 29 1 31 34 44 19 52 72 56 86 40 19 35 19 42 69 55 60 61 23 91 72 29 88 92 96 6 39 72 4 80 22 77 21 0 36 4 12 3 18 68 95 88 6 60 94 56 7 23 92 47 53 24 47 14 68 65 2 55 31 16 82 93 83 23 7 29 48 87 11 44 59 60 3 82 40 76 25 6 42 6 37 58 29 20 68 14 31 66 59 12 86 69 80 90 53 60 73 0 21 98 60 39 98 48 54 19 30 4 28 60 49 99 64 94 46 47 20 2 17 99 42 71 81 71 42 3 96 23 33 95 64 35 83 4 44 93 
92 94 80 66 71 13 45 46 31 23 24 37 69 5 73 17 97 65 43 22 24 83 79 28 2 35 76 29 57 75 17 34 58 9 13 41 70 75 54 67 3 48 77 83 32 34 88 12 95 94 29 51 66 4 14 68 88 8 46 1 68 7 8 87 26 30 81 6 89 44 38 63 9 78 71 4 37 56 89 58 44 30 51 13 24 20 87 81 39 41 54 69 57 42 13 81 2 66 58 31 8 5 72 77 75 25 30 16 1 88 45 5 84 44 76 61 38 12 19 86 95 32 71 12 45 42 42 23 92 25 73 15 23 62 66 29 59 1 7 28 82 2 68 48 19 17 64 74 92 75 81 72 32 75 94 38 34 88 40 97 66 19 49 51 78 38 41 88 87 58 5 79 62 58 73 95 53 30 32 24 91 95 43 17 26 43 38 48 46 83 94 0 62 63 32 61 34 79 88 65 17 15 25 33 32 0 52 31 54 96 56 15 85 74 53 68 81 40 48 73 12 13 65 39 14 42 90 60 1 15 76 16 4 30 19 19 67 23 2 87 27 6 99 12 7 5 64 53 6 6 23 37 83 88 24 66 25 81 84 28 37 27 12 41 36 29 34 60 61 49 31 4 2 47 18 38 10 96 40 17 3 88 56 60 61 33 45 78 59 34 66 2 48 55 45 89 33 41 39 72 53 12 50 0 48 46 25 13 88 43 80 7 41 99 59 23 57 96 44 85 84 29 75 85 92 86 98 47 82 33 61 99 31 37 80 41 62 32 22 86 91 30 97 87 93 59 39 69 71 13 46 74 64 0 12 37 39 66 0 88 37 75 49 18 35 67 48 3 42 5 72 0 82 60 38 66 57 52 57 71 47 68 83 74 63 45 64 83 11 53 23 55 13 37 79 60 85 0 23 72 
18 1 25 59 73 54 96 63 35 6 32 24 81 0 26 63 9 2 80 73 11 0 10 8 95 64 82 58 49 18 13 14 52 24 90 95 55 56 2 42 26 45 45 56 17 6 20 96 98 13 63 90 91 75 46 83 97 0 46 67 15 58 1 41 38 17 34 37 42 94 93 12 93 0 59 23 15 31 85 5 22 18 74 39 19 98 90 29 32 93 20 7 15 76 44 71 3 25 78 72 25 16 85 92 70 4 3 42 15 4 47 35 77 67 65 90 11 81 43 5 84 95 72 26 33 80 5 6 39 28 69 85 44 25 61 50 52 61 24 24 78 16 9 73 20 75 79 10 99 15 44 48 30 61 65 33 33 2 89 25 37 14 48 19 23 75 17 27 99 11 96 42 6 70 45 88 41 61 81 88 31 17 74 8 12 48 16 63 32 21 7 49 55 35 74 14 2 40 55 77 7 62 80 62 24 57 4 22 30 82 62 78 71 55 88 11 12 84 1 16 24 74 80 45 48 14 0 6 34 49 80 3 68 93 66 14 37 58 9 69 9 98 71 99 31 49 84 29 68 33 18 85 55 49 67 61 4 49 70 92 57 49 79 46 42 54 66 58 63 37 88 29 0 1 11 24 40 7 59 80 26 63 26 25 87 54 69 85 12 66 15 59 56 74 38 96 85 31 79 8 72 78 15 12 21 26 47 59 8 56 27 58 88 77 39 16 62 85 26 86 54 2 96 63 68 10 89 88 21 76 34 46 15 52 0 12 58 74 95 3 92 9 40 2 64 81 26 7 75 53 53 79 51 25 92 49 7 66 69 66 38 51 15 15 91 85 27 64 30 18 2 84 5 34 85 65 57 53 18 33 97 63 39 21 87 74 44 60 7 34 58 55 61 83 25 84 86 87 57 81 
53 63 32 27 33 83 31 74 39 38 0 62 22 99 15 14 11 63 11 64 18 94 39 22 72 3 32 84 95 55 90 90 43 56 78 79 86 64 82 37 78 19 15 91 21 5 82 8 5 66 18 62 2 46 41 48 25 44 25 7 66 72 65 27 80 44 56 88 83 69 85 75 78 50 32 6 82 5 87 27 83 36 73 45 5 41 27 55 6 46 48 74 95 76 62 72 80 78 5 26 95 77 60 14 71 85 6 98 9 47 79 41 91 24 43 33 25 20 42 49 65 49 4 67 26 57 75 54 19 11 22 30 76 53 36 32 25 50 54 8 54 30 86 68 43 52 89 79 5 43 65 41 16 28 22 65 55 25 93 76 45 67 95 96 29 17 81 17 72 74 48 78 21 75 71 99 82 79 58 90 37 86 85 60 9 65 85 37 90 42 91 87 34 74 99 14 70 9 2 64 8 56 51 79 26 86 42 75 83 0 91 38 97 49 98 73 91 10 2 85 91 25 43 81 94 28 38 38 99 84 52 49 66 63 84 7 2 91 81 43 92 80 19 59 77 51 75 64 42 16 73 36 98 73 33 33 38 60 37 15 32 56 18 28 40 66 90 23 31 69 41 99 80 19 63 46 49 62 24 58 6 39 17 46 68 48 22 56 0 76 80 54 1 23 33 66 91 43 38 10 10 18 85 16 23 56 66 90 37 8 99 62 94 38 18 68 71 52 6 48 26 14 6 25 86 2 1 74 80 0 87 53 88 56 47 77 25 65 33 76 77 66 57 56 85 43 13 45 65 18 92 80 50 83 48 62 47 65 1 72 65 53 86 26 91 88 71 78 58 56 24 14 58 99 65 36 16 52 62 85 16 26 29 4 46 94 25 57 33 67 54 97 40 20 43 3 65 74 42 27 
94 78 54 15 14 93 61 75 32 34 52 57 46 12 0 84 48 65 86 33 34 22 83 56 60 56 21 48 36 57 16 9 33 79 64 44 98 18 93 88 5 29 24 92 21 95 70 93 94 46 31 70 27 92 25 9 80 80 40 55 14 3 92 87 80 15 85 35 43 63 82 7 39 77 14 14 27 85 6 19 51 26 55 80 5 26 87 89 58 89 81 82 90 62 42 1 65 6 42 79 99 72 24 69 43 89 77 76 27 40 85 56 19 29 75 4 75 28 18 74 13 11 80 76 4 71 80 40 57 47 78 60 64 9 18 61 15 15 61 93 5 77 55 14 62 83 98 9 24 90 73 91 65 14 97 86 79 54 92 67 21 99 66 63 52 90 77 80 60 37 7 73 89 28 43 80 80 20 24 23 94 51 17 5 98 97 46 83 53 55 6 90 19 98 98 62 93 50 16 64 15 12 75 88 27 80 10 19 37 7 43 2 36 76 18 34 32 69 38 35 13 69 55 66 85 76 25 96 98 46 60 35 42 27 84 71 79 7 63 74 93 13 1 99 21 13 23 65 15 71 71 6 63 50 50 58 9 40 23 30 63 86 40 56 11 12 15 13 57 67 15 33 12 14 34 30 3 98 81 39 63 49 33 53 20 64 40 10 89 32 26 58 96 66 61 4 53 29 99 39 21 41 17 60 54 86 71 97 13 55 19 34 25 83 6 63 86 0 81 11 52 30 55 3 57 2 3 98 64 80 29 64 11 29 30 36 11 9 64 74 3 56 38 44 11 59 91 49 42 38 36 92 54 83 25 14 54 61 85 2 39 99 53 32 19 83 89 80 76 98 56 24 5 96 9 41 70 99 51 53 88 69 78 1 23 75 74 2 75 65 67 97 44 26 46 83 18 6 3 60 
71 75 11 72 67 92 49 71 11 61 35 13 73 10 18 58 79 94 62 43 28 56 87 66 2 71 36 86 30 27 52 21 22 94 23 72 85 44 9 32 12 71 22 93 91 66 77 32 14 63 10 1 33 27 50 45 9 81 45 68 61 90 27 54 15 48 69 74 72 40 22 92 51 94 42 19 56 87 79 34 48 44 94 9 94 25 7 10 89 3 50 21 61 59 25 59 72 64 92 54 90 20 56 37 98 97 87 13 62 86 91 89 69 67 13 22 64 20 80 18 35 90 90 30 68 86 81 17 79 12 50 83 80 11 86 93 31 50 2 59 19 54 89 32 61 33 92 60 77 30 65 68 33 30 86 42 32 43 76 51 90 90 31 61 39 94 65 36 53 27 95 99 85 41 54 43 12 77 46 36 50 96 3 41 8 14 25 97 55 53 94 29 88 71 12 48 5 69 16 80 72 37 25 7 70 13 42 78 70 41 48 93 52 46 70 59 48 40 13 67 52 61 62 67 89 63 93 69 72 56 72 91 23 28 81 82 97 91 48 10 20 99 25 67 93 24 85 24 6 2 14 49 87 31 76 22 9 78 33 7 42 95 5 40 76 48 2 53 38 83 77 18 76 32 34 23 75 66 41 16 0 69 17 35 8 47 81 34 64 28 81 6 73 46 94 16 34 84 93 79 81 17 73 62 52 56 83 88 9 55 5 25 16 81 70 79 11 45 57 13 34 32 8 74 68 52 27 46 65 58 9 8 98 36 19 79 94 23 7 14 91 64 50 21 36 42 40 99 40 80 59 57 63 43 79 48 14 82 33 6 33 60 67 21 41 77 43 84 84 21 98 18 96 21 59 20 46 64 88 2 91 65 48 33 99 53 13 55 13 20 12 16 39 23 71 92 78 25 42 37 
29 9 5 79 86 2 21 44 25 26 33 28 4 96 95 25 82 22 23 88 84 6 7 9 13 75 52 91 93 17 92 11 40 17 36 33 4 75 64 67 20 45 48 10 7 53 77 62 92 78 77 66 91 63 67 92 52 51 63 50 54 84 4 89 27 7 55 48 6 55 59 0 45 9 1 11 72 8 78 47 2 88 34 69 50 37 83 53 85 93 15 92 42 1 35 31 97 15 80 85 0 84 14 8 79 6 47 52 92 80 89 33 86 89 43 41 61 94 20 25 6 71 9 5 19 35 12 9 58 79 26 3 74 16 51 58 98 96 98 83 1 15 10 46 86 54 11 19 37 83 14 19 76 98 72 69 3 3 4 44 14 74 95 51 1 32 91 2 78 74 96 18 25 39 46 60 36 24 71 66 4 76 12 55 56 22 53 97 52 13 22 95 5 75 44 7 99 27 37 0 63 73 98 33 30 1 45 26 78 46 42 79 43 96 67 2 1 90 92 24 12 21 84 71 67 31 60 81 5 87 27 25 25 61 91 58 38 0 26 9 46 35 5 76 14 57 38 3 2 28 20 50 77 39 79 23 36 26 47 9 72 14 73 28 41 46 84 95 47 62 18 48 78 42 96 43 94 85 26 82 49 54 89 72 89 30 5 47 81 12 7 54 30 33 64 70 45 0 12 0 11 25 25 95 5 88 6 56 5 65 6 40 65 65 17 8 39 48 70 19 36 44 26 71 65 20 96 57 78 35 65 59 93 82 86 83 63 1 55 21 57 1 59 24 2 89 33 45 34 27 17 92 98 20 52 19 7 71 4 43 77 66 55 86 77 17 53 51 84 5 52 72 4 17 8 22 80 58 36 60 64 60 3 29 4 98 54 75 6 38 97 56 8 10 91 92 22 62 15 87 
32 67 93 73 20 52 50 70 19 43 40 27 0 90 19 74 12 79 59 85 88 20 58 38 76 55 1 82 46 69 72 55 71 53 69 78 92 39 57 17 35 82 53 81 30 79 70 80 24 31 52 53 67 42 80 75 14 93 36 19 76 13 95 0 97 1 93 41 88 58 36 54 12 85 8 51 22 45 28 46 99 61 9 9 38 12 58 31 53 15 9 63 89 88 29 9 38 84 69 41 95 81 75 50 98 29 93 96 28 57 44 16 64 11 29 15 9 26 33 48 24 87 88 38 75 72 93 15 54 46 24 87 47 60 0 19 41 30 55 32 85 39 75 11 49 91 69 94 40 0 17 12 61 7 95 93 47 97 16 60 5 35 10 14 27 39 9 23 21 39 30 43 71 99 84 65 9 50 40 95 71 1 29 90 59 80 49 7 93 17 98 2 84 30 72 86 35 77 42 98 19 46 16 70 55 33 76 89 72 40 51 97 94 51 65 59 10 78 88 84 54 71 14 73 13 88 6 95 84 59 48 59 77 73 27 84 17 56 30 4 26 49 94 72 13 24 91 6 46 76 9 93 52 82 44 20 50 29 39 98 72 49 82 34 73 81 39 81 54 37 31 80 27 32 88 56 16 49 16 63 23 88 99 97 24 99 82 31 81 81 16 6 44 71 5 95 81 70 53 58 44 64 38 28 31 86 77 78 8 5 23 74 1 96 2 52 91 50 21 74 64 4 45 0 28 65 53 90 47 3 92 66 49 81 20 5 58 39 95 61 39 94 2 32 72 85 24 11 88 23 68 29 49 66 84 46 69 90 37 84 74 22 37 89 12 12 85 13 92 27 31 25 46 70 81 0 92 11 55 53 66 53 65 21 58 66 56 50 57 95 74 49 1 29 92 72 24 8 12 66 
21 18 68 51 14 6 33 59 50 98 11 54 27 66 64 86 38 77 71 36 37 12 55 35 70 37 20 86 63 34 26 56 94 20 11 46 5 62 70 31 32 41 33 83 18 72 26 2 77 7 62 26 98 29 13 4 16 26 6 31 84 46 22 18 61 8 91 14 5 50 43 18 27 38 20 39 71 36 51 63 87 0 20 6 79 18 20 99 43 76 61 71 59 84 37 32 3 95 26 88 8 6 13 68 88 23 62 46 33 73 78 40 84 71 62 56 35 39 87 37 51 75 50 95 76 8 82 26 69 97 60 91 96 13 11 3 97 69 0 60 2 89 55 46 16 70 59 46 72 3 70 49 76 78 1 22 75 66 74 69 37 34 30 79 64 12 14 29 40 79 8 62 53 39 72 7 27 19 8 14 9 11 98 43 50 78 93 97 40 89 41 11 89 62 60 69 56 27 1 90 31 35 46 63 50 34 22 30 29 7 64 87 14 15 3 71 73 35 98 95 39 30 46 79 32 36 97 3 64 6 29 80 20 47 30 36 34 35 44 96 34 62 72 94 71 19 96 34 9 17 81 84 56 97 97 42 77 21 18 88 64 45 94 69 54 32 3 12 63 26 48 99 51 11 32 18 80 50 26 39 55 55 30 96 27 82 76 54 2 81 50 89 80 31 31 72 45 79 97 19 46 10 50 78 54 92 3 39 25 18 84 74 5 59 52 56 65 64 68 74 46 16 18 36 88 34 84 50 73 41 1 81 39 41 43 49 84 3 69 1 2 89 99 72 89 99 52 19 0 41 72 7 49 66 30 84 40 12 75 74 14 81 63 83 15 29 59 77 14 53 72 9 59 80 79 44 33 20 54 97 13 99 53 40 19 70 57 86 44 10 89 92 44 57 54 68 92 35 69 65 
50 50 42 94 24 95 99 42 63 38 8 3 33 43 58 65 24 74 91 52 84 59 65 32 39 39 67 80 44 75 90 65 30 74 31 49 9 25 16 71 69 69 21 40 38 65 1 26 72 24 17 60 65 9 5 3 75 93 89 52 53 17 5 42 89 4 88 60 43 48 85 6 45 32 23 40 22 8 7 72 96 69 75 10 37 98 57 84 88 24 61 15 89 80 79 35 30 30 48 81 64 94 10 3 78 52 3 0 60 38 43 2 98 97 96 64 1 15 10 8 54 75 86 61 3 42 79 64 87 2 72 88 2 12 33 31 55 89 72 39 75 73 45 57 79 31 37 84 74 4 24 13 10 24 85 75 59 61 82 25 95 81 44 19 27 74 68 69 66 39 99 9 77 14 95 87 39 96 10 22 86 29 70 18 58 85 42 39 72 18 36 27 50 95 3 76 65 68 3 41 62 2 79 55 53 89 78 94 43 25 18 24 19 38 21 84 36 43 60 96 40 81 0 25 20 39 18 55 86 37 3 15 31 46 61 83 43 6 25 18 21 48 89 36 68 2 64 89 10 86 35 83 42 69 39 16 33 51 76 78 44 10 4 40 21 78 20 64 99 28 66 13 71 33 40 62 81 74 20 83 14 2 89 66 6 56 88 43 53 97 58 31 10 71 85 39 16 39 89 91 93 73 13 45 20 54 47 64 81 34 56 65 14 55 63 4 76 36 96 94 40 22 67 61 68 20 62 49 33 41 56 90 41 75 47 26 63 85 9 8 82 74 77 76 44 72 60 54 13 86 82 1 90 66 32 9 54 49 97 85 50 0 0 80 11 59 60 74 94 40 51 45 7 10 95 70 31 54 38 98 91 42 39 9 28 76 5 10 16 30 56 7 16 68 58 41 88 1 47 91 
72 65 84 96 0 45 29 47 7 73 45 14 67 20 34 73 12 38 61 96 54 58 43 51 43 32 93 50 34 28 13 20 53 45 81 35 81 33 75 81 31 65 54 10 81 27 76 61 99 2 33 59 48 50 75 34 76 49 54 42 98 58 5 54 29 67 70 5 90 80 66 30 1 42 97 84 90 56 49 50 46 25 44 88 30 38 71 83 57 15 52 50 45 57 8 56 56 57 2 39 84 83 78 57 40 15 93 66 96 83 40 63 75 99 11 62 12 78 96 2 64 26 52 0 85 82 14 42 54 41 21 99 97 89 95 75 77 33 55 16 21 76 14 36 8 20 69 26 55 78 18 76 3 18 78 46 48 41 58 32 11 16 28 12 50 32 36 38 98 16 50 16 99 51 6 82 64 19 83 18 37 29 48 32 16 58 77 40 8 93 12 99 47 18 47 94 76 30 1 16 64 52 39 48 16 48 97 24 94 66 5 4 15 80 35 10 42 55 53 56 59 56 61 86 78 47 25 26 61 60 27 85 95 33 5 20 39 54 70 98 84 99 78 80 66 31 38 94 53 54 35 68 76 96 93 53 25 78 3 19 3 14 26 4 79 86 21 66 16 50 86 53 17 59 2 32 80 34 22 49 85 97 11 43 15 66 3 69 66 21 8 5 84 72 49 73 37 77 19 20 46 32 77 12 9 90 71 14 63 65 27 46 41 36 57 10 16 42 96 49 54 54 29 21 2 34 56 72 87 4 54 41 75 84 18 11 40 39 98 70 38 48 32 6 59 57 71 92 66 48 16 18 2 94 42 22 35 51 49 26 83 8 6 50 34 10 22 34 58 60 90 74 40 62 89 24 71 14 80 41 71 67 46 46 21 93 14 64 81 96 66 38 71 29 77 94 67 65 12 74 
43 3 76 28 91 40 63 76 43 68 98 1 83 64 46 83 58 6 6 64 83 97 23 20 37 42 28 85 34 94 49 2 71 61 79 27 26 34 54 82 76 47 29 17 36 92 49 56 59 27 33 96 33 30 9 0 96 29 78 59 79 25 4 99 54 94 9 64 29 16 69 7 98 15 75 88 15 25 95 70 31 14 68 3 7 95 20 15 60 40 33 53 95 42 54 59 37 29 66 58 0 45 61 58 41 76 17 47 20 87 63 40 17 68 74 82 97 43 59 13 8 28 93 94 20 81 51 56 90 4 80 57 87 99 85 60 2 65 70 84 31 92 10 62 59 89 40 63 75 80 2 52 54 81 47 2 79 61 50 74 58 85 28 69 90 76 38 75 39 91 31 21 49 70 63 9 64 17 77 1 65 28 2 74 41 26 11 98 77 96 51 39 46 45 56 99 53 93 60 49 14 66 99 6 52 42 59 63 4 23 54 48 3 68 51 58 13 61 52 93 68 76 95 93 92 60 92 10 8 22 62 70 53 2 84 81 2 12 73 23 51 52 99 17 46 95 13 1 78 16 35 27 90 86 62 20 34 10 60 99 32 54 64 4 82 19 62 52 9 40 90 26 41 53 27 15 60 27 63 73 44 92 43 37 93 93 71 82 75 42 3 84 51 99 92 97 55 68 30 19 3 34 34 26 79 8 47 79 30 2 13 92 84 97 21 18 15 51 51 21 18 10 25 51 74 87 47 4 30 75 44 40 59 93 4 86 63 69 22 3 25 9 52 90 36 71 0 30 3 2 38 57 97 0 19 44 62 35 4 94 62 30 47 73 64 71 37 46 62 30 9 49 59 92 8 70 5 25 73 58 56 39 39 84 11 5 37 65 21 79 77 46 39 98 44 1 64 34 80 95 
45 13 87 1 66 15 48 52 96 8 52 17 92 78 6 80 28 84 54 20 73 11 90 16 13 10 26 37 46 75 54 96 38 15 25 41 92 26 84 64 43 73 44 83 6 51 96 64 44 71 67 69 57 38 72 41 36 40 46 20 14 69 86 57 10 4 87 47 67 28 66 15 48 69 46 61 78 78 73 1 23 64 99 34 60 89 95 67 92 54 43 18 56 82 45 67 90 48 88 54 2 78 84 92 77 23 41 13 68 34 76 1 29 37 31 69 20 16 34 20 97 33 50 28 76 96 39 57 73 19 37 31 93 84 34 91 32 30 42 37 56 77 50 87 54 60 98 53 88 19 9 4 35 85 23 40 90 48 83 71 18 24 1 69 48 42 93 89 76 85 16 53 66 53 14 88 62 77 65 95 64 54 46 98 18 94 73 40 34 26 1 98 87 76 69 24 27 0 68 4 4 21 88 12 43 62 97 50 78 70 48 30 0 29 10 62 95 12 73 44 56 74 59 37 7 92 20 49 38 25 85 71 50 10 73 90 73 58 99 28 24 22 90 22 60 39 44 68 44 58 82 59 25 88 58 32 66 53 95 50 37 43 65 63 41 56 80 27 65 12 27 22 61 84 24 63 60 65 26 65 42 57 53 89 51 15 81 39 56 82 21 5 96 24 14 38 69 35 69 92 44 15 65 13 46 13 73 42 28 43 12 12 2 5 93 98 32 24 42 27 33 70 83 82 3 97 72 27 30 94 63 80 76 80 35 88 97 1 54 74 45 93 63 81 30 66 71 47 14 71 5 75 17 76 93 40 30 9 55 43 80 83 7 47 83 71 66 15 72 44 34 67 5 23 51 57 36 72 75 91 59 64 67 72 64 65 14 39 62 30 17 72 79 52 68 14 35 8 65 43 
22 41 14 62 85 24 51 67 27 94 52 78 41 31 40 21 90 5 7 31 65 78 93 17 15 90 7 60 50 26 41 27 66 25 9 90 78 13 80 51 74 6 42 52 22 19 35 34 51 32 19 29 60 94 17 55 45 88 7 93 59 87 13 3 90 5 32 80 58 91 29 94 51 18 39 22 9 29 9 71 28 17 55 76 44 38 70 12 23 76 41 50 13 97 7 51 77 19 83 86 51 7 99 90 29 75 96 52 25 50 25 33 71 6 78 40 31 90 35 87 34 84 9 62 78 57 23 0 75 79 85 94 95 4 94 50 8 61 56 36 76 87 88 35 62 77 9 22 55 82 72 60 35 13 30 21 33 15 3 49 32 67 91 15 12 73 93 55 60 95 21 68 85 35 5 37 15 79 24 13 27 1 83 24 72 35 53 47 74 74 92 15 28 65 36 58 73 29 84 71 49 66 79 63 88 41 65 76 12 32 26 1 43 52 6 14 99 22 13 25 45 28 80 25 11 63 85 90 29 1 96 73 11 99 47 70 37 4 91 67 27 23 71 34 78 95 25 10 99 85 3 30 42 15 63 47 57 83 26 39 86 77 29 81 10 24 33 27 36 77 17 70 42 46 13 25 62 42 61 73 83 6 74 35 41 68 77 1 78 17 70 66 27 29 94 92 79 37 96 73 2 32 48 58 32 95 85 45 2 57 9 37 1 67 3 38 67 3 64 12 83 99 49 90 16 48 72 17 12 44 92 1 33 97 66 46 72 35 58 27 22 59 75 21 0 53 21 1 26 19 79 19 14 91 60 23 5 80 86 9 6 11 99 41 78 83 59 62 4 34 14 34 98 54 32 14 24 56 85 16 75 42 76 6 76 67 19 9 58 87 37 66 22 16 83 12 70 56 55 46 
3 63 1 86 82 32 2 58 17 67 7 98 55 46 56 2 46 29 29 85 88 90 93 34 54 69 4 26 19 34 56 15 5 96 88 71 83 38 9 0 55 84 26 27 52 60 58 46 94 54 59 50 89 25 1 69 28 82 47 64 90 22 73 32 18 11 67 34 51 67 85 69 14 37 3 75 36 64 63 90 90 21 28 64 42 15 13 33 34 77 15 61 60 12 88 38 42 21 89 82 55 41 68 36 2 95 57 15 25 62 90 63 73 48 81 48 39 74 91 76 66 37 41 17 56 15 93 83 18 10 95 83 16 26 41 53 91 30 97 5 89 73 68 40 74 49 58 53 57 96 0 86 43 53 81 61 85 97 22 98 76 98 16 70 0 16 90 48 22 86 90 8 42 39 64 5 67 81 14 88 54 98 83 29 21 18 10 80 41 40 76 24 53 9 41 66 89 84 12 62 97 70 93 41 54 54 91 91 47 36 37 27 4 84 54 19 87 96 1 58 31 49 6 15 14 34 49 91 81 97 74 78 21 68 54 86 4 99 97 5 82 74 1 36 61 78 69 79 63 19 45 7 75 48 61 34 25 70 45 94 58 2 52 28 63 62 12 86 56 74 37 35 36 95 3 46 67 55 93 14 32 90 59 36 81 81 72 25 16 17 21 86 50 34 32 85 57 5 96 78 22 98 11 77 41 62 2 46 9 44 94 34 78 15 87 76 33 43 73 41 17 43 96 35 67 18 68 36 37 57 93 29 98 13 25 76 57 84 7 55 87 62 51 34 85 68 24 60 71 52 4 81 90 88 78 42 72 31 60 77 69 9 12 63 60 77 56 19 12 97 61 85 88 42 48 47 70 62 26 11 43 78 50 21 29 59 68 66 41 30 13 53 19 26 88 36 36 71 59 39 
70 81 54 13 82 75 79 91 79 12 42 81 85 42 67 17 96 69 54 31 98 34 74 15 50 41 46 33 34 27 92 46 88 48 38 5 16 36 9 57 57 4 8 18 13 88 86 2 82 98 84 53 19 77 29 63 58 92 70 97 79 65 91 30 24 81 59 28 90 52 13 49 53 24 83 31 60 11 44 88 11 66 28 77 60 81 3 5 71 15 63 37 9 88 97 59 3 66 46 7 85 72 37 84 77 66 88 23 72 61 20 29 39 93 17 42 93 20 34 98 85 24 25 83 13 25 58 7 14 93 25 28 99 64 37 21 38 20 31 58 14 72 67 27 58 70 1 85 74 23 62 41 24 94 41 33 96 85 65 36 47 87 76 42 41 16 74 32 13 55 10 65 63 33 45 29 20 91 25 33 40 1 3 11 48 76 59 79 12 33 15 10 88 11 39 57 43 0 52 2 45 66 84 31 81 52 53 23 81 86 52 10 41 92 79 99 81 23 78 3 95 24 43 43 92 63 9 78 82 11 46 58 37 95 99 4 78 56 31 46 25 56 10 36 14 46 57 69 79 87 91 55 32 25 30 61 42 45 70 40 80 30 9 40 99 80 60 97 81 63 64 77 72 36 81 92 44 41 71 1 66 63 18 42 86 95 59 32 24 62 67 35 82 58 64 65 2 30 30 13 62 3 40 41 71 36 66 85 93 66 2 20 63 77 62 33 11 79 23 34 89 22 36 88 45 12 76 96 82 93 26 88 80 65 54 8 40 62 0 19 47 36 33 93 20 95 23 27 2 73 90 29 85 37 32 14 8 67 52 41 43 85 27 51 41 89 11 92 93 96 33 27 68 18 92 32 94 50 90 16 7 29 99 52 92 87 40 93 58 82 5 84 53 57 98 56 32 71 86 53 
44 52 9 31 2 63 13 98 34 46 75 21 22 83 99 20 26 23 63 66 69 36 55 58 12 99 66 58 25 54 0 93 75 50 97 90 12 44 2 58 91 59 81 56 91 90 77 23 99 98 66 0 24 62 97 34 88 37 44 34 72 7 77 62 60 12 89 17 42 22 7 60 80 33 69 68 42 63 30 67 87 4 36 91 95 12 32 37 13 0 72 58 41 51 84 88 49 96 68 90 52 6 17 29 51 11 22 26 19 62 93 36 70 1 18 0 98 26 35 93 51 84 13 69 84 88 26 41 49 32 39 48 82 31 95 36 83 46 49 64 46 39 11 21 57 85 48 9 65 59 91 48 66 60 88 27 66 46 18 71 68 82 1 92 60 79 79 29 56 90 18 77 32 94 35 30 22 55 49 37 80 93 23 22 19 98 40 61 37 39 49 73 49 51 7 49 90 24 10 36 81 67 48 21 31 50 22 79 7 17 6 89 7 90 60 14 72 40 38 22 26 97 78 88 98 6 69 75 28 56 74 26 4 37 55 81 16 49 72 97 50 5 26 71 94 3 10 68 87 95 73 27 82 5 10 63 22 25 90 22 46 52 63 18 68 59 8 68 76 21 24 23 57 0 6 14 1 68 16 40 86 79 30 50 99 4 20 30 57 82 62 3 64 11 77 5 13 2 39 90 13 79 91 9 66 77 69 78 8 76 98 94 31 75 49 65 55 15 93 61 44 94 71 25 87 83 86 26 48 67 95 16 81 58 60 52 47 54 92 52 76 73 50 11 77 37 25 3 44 53 53 77 81 9 54 56 29 38 41 97 79 59 57 9 79 48 28 91 34 81 46 19 79 21 5 47 79 55 14 93 8 80 31 5 5 15 46 29 59 2 60 82 79 53 89 61 58 87 63 46 
97 47 24 55 43 69 6 68 95 22 61 90 38 50 0 22 16 67 32 35 94 80 71 54 84 28 14 25 84 5 72 81 35 44 10 69 42 89 99 56 12 34 70 10 42 97 39 46 83 59 63 58 64 7 80 64 67 63 48 48 40 79 39 5 48 32 79 60 98 37 8 66 14 59 1 66 8 78 1 43 0 21 73 83 51 98 92 76 62 79 64 74 54 48 89 37 32 11 64 56 17 88 30 67 21 96 68 65 76 72 49 21 69 18 90 85 18 52 94 31 71 60 22 39 6 95 86 10 19 12 52 82 53 39 68 74 49 55 50 7 98 9 16 34 16 18 31 0 77 30 7 80 60 66 77 76 92 27 69 99 37 40 92 89 9 39 68 43 18 42 9 56 10 71 78 48 7 28 72 29 87 5 66 23 63 56 6 12 56 6 83 60 82 3 20 57 37 89 47 46 40 70 1 69 32 95 50 6 65 58 12 99 26 38 73 1 43 28 76 36 22 42 47 57 47 45 31 95 5 12 64 32 63 87 8 1 32 37 24 97 53 82 76 98 53 48 8 1 99 80 80 30 34 35 90 35 26 10 77 37 29 51 84 24 4 44 31 97 90 73 30 88 97 85 75 10 76 65 60 55 61 17 98 73 17 39 12 17 76 49 99 50 9 65 50 94 37 99 65 31 74 99 37 55 20 19 14 80 51 83 21 39 56 79 5 38 9 93 20 35 22 15 65 23 25 71 8 91 44 38 95 77 65 30 60 55 46 68 57 15 18 72 58 42 12 5 97 91 99 20 30 2 86 32 66 46 41 69 46 10 99 58 32 99 57 67 17 23 31 59 55 16 98 61 48 31 21 13 96 63 92 1 99 41 58 24 15 66 69 79 93 55 48 91 38 87 32 34 0 3 
63 85 16 77 93 97 6 15 11 81 43 10 6 32 91 20 24 87 83 95 38 45 53 11 61 69 73 99 16 71 10 19 30 79 9 92 56 82 21 17 70 62 13 85 47 33 42 20 38 53 67 2 58 90 1 37 16 95 50 51 19 6 23 8 16 2 58 45 24 2 93 5 91 80 59 35 29 7 30 28 87 89 87 22 54 31 22 41 84 10 41 85 68 86 86 81 42 97 10 83 79 99 89 23 92 91 36 0 22 48 74 84 86 36 18 15 3 33 7 8 68 58 41 75 2 48 87 98 22 35 6 14 55 30 89 96 98 22 50 16 41 30 68 33 21 34 28 38 27 17 21 65 10 19 35 88 47 77 24 28 41 23 74 42 98 78 79 59 94 75 29 84 50 18 76 66 39 95 43 74 0 22 71 88 9 73 34 53 42 14 67 86 48 78 33 99 74 74 52 56 66 48 66 27 97 96 7 55 56 98 44 35 77 7 2 61 37 76 39 25 75 86 92 96 89 80 63 10 29 37 7 48 0 46 5 2 10 67 41 48 52 97 38 30 61 19 2 49 58 15 73 56 82 8 52 63 78 81 29 99 25 8 85 70 78 8 49 88 69 57 1 38 39 10 87 58 74 23 98 59 40 15 85 26 51 43 70 70 93 5 59 76 41 12 69 2 50 48 59 97 66 4 16 28 29 94 79 83 83 39 27 80 84 40 83 44 82 80 83 9 12 75 68 91 33 26 13 37 31 76 18 33 13 9 21 3 99 77 91 97 40 71 28 7 16 54 26 77 27 91 95 53 46 88 29 79 13 17 45 78 68 78 3 65 34 52 61 21 59 23 27 53 77 78 54 84 37 92 71 58 87 36 85 17 3 8 5 9 5 4 38 73 7 72 46 52 69 36 20 24 
50 95 10 98 10 6 60 99 75 92 93 10 40 58 78 97 90 71 85 8 81 90 68 51 27 14 2 19 43 51 21 60 81 66 24 9 71 17 11 17 91 28 97 21 87 27 33 66 49 13 80 32 65 0 18 46 72 66 51 80 26 71 33 91 22 40 79 21 72 32 79 49 11 45 38 7 41 25 87 38 19 41 27 33 61 46 49 13 18 54 67 85 76 25 59 91 15 61 68 34 77 19 7 15 29 23 1 9 28 57 84 79 5 1 18 24 90 92 24 9 41 12 7 6 91 61 47 12 94 73 82 40 31 37 83 52 36 14 26 34 30 83 39 97 41 39 36 12 18 21 52 8 81 42 26 77 61 15 19 80 33 60 67 96 60 64 1 3 55 69 44 78 69 46 76 7 0 4 90 33 34 38 13 25 46 49 33 96 84 6 1 41 31 5 91 17 73 62 94 56 76 13 75 5 59 80 96 41 14 20 43 84 3 0 26 92 41 40 95 23 14 44 29 10 23 97 15 47 63 16 37 47 22 75 33 4 55 31 71 39 87 38 52 56 75 81 87 14 68 29 34 8 14 55 80 20 43 28 23 27 68 94 11 57 45 12 19 59 65 40 44 22 16 23 96 37 16 13 66 10 68 62 34 69 0 20 2 46 58 58 90 56 14 88 7 73 64 63 28 12 44 31 40 21 67 68 12 8 4 14 4 8 74 24 65 45 36 7 86 40 64 86 81 30 72 5 87 0 1 95 74 5 98 12 83 12 70 39 28 44 37 50 20 53 56 35 24 9 66 67 64 67 25 46 51 74 61 42 87 85 72 11 1 73 14 14 8 48 23 72 27 17 94 79 35 60 12 87 29 92 54 10 42 5 37 40 49 71 87 16 21 84 91 24 74 81 28 55 91 28 
88 41 18 28 3 75 84 29 77 8 60 22 76 26 29 40 28 77 78 69 33 28 38 1 43 10 81 15 93 37 49 96 24 85 68 67 72 34 37 1 14 57 49 19 24 64 48 40 27 33 31 8 67 33 65 85 8 85 69 66 7 81 38 73 26 51 66 93 61 6 74 31 21 39 54 36 10 20 25 48 24 55 96 25 73 74 67 95 66 1 74 79 87 99 21 94 52 52 59 19 78 26 80 83 61 54 94 48 54 50 60 52 80 93 80 51 83 78 55 36 98 45 26 96 1 18 71 67 61 8 52 95 79 13 51 34 62 10 39 63 1 57 62 20 84 33 84 79 45 94 71 22 78 42 7 20 94 88 31 84 77 6 40 56 36 76 54 38 20 83 86 82 1 34 47 97 26 64 63 28 55 22 39 47 20 20 61 51 96 11 22 78 20 4 76 7 5 11 98 98 91 84 90 0 28 94 70 38 28 78 34 14 94 18 56 19 98 43 53 14 21 8 3 96 14 60 68 74 54 30 98 19 71 30 95 41 0 98 28 47 44 71 0 13 88 22 22 84 54 43 74 32 95 55 75 27 43 75 51 51 40 68 11 63 48 5 39 58 23 69 60 69 96 42 58 66 82 93 16 72 94 59 5 53 96 11 46 74 63 13 82 22 93 78 33 93 46 33 44 30 11 10 75 95 67 93 59 36 1 80 87 90 92 65 18 22 82 26 63 81 59 46 76 33 98 69 3 21 89 70 30 65 66 76 60 61 8 62 49 51 87 84 94 23 19 3 72 10 63 66 83 76 45 14 38 94 24 99 65 8 30 80 70 68 71 48 40 79 5 90 93 36 66 54 34 98 47 18 24 85 94 20 1 28 6 24 99 9 49 48 73 17 55 58 28 34 90 22 15 10 
37 21 85 74 40 1 82 23 12 61 13 75 47 28 54 16 59 57 44 8 7 50 16 32 86 73 27 91 3 14 60 57 88 70 5 9 35 16 83 19 14 86 8 5 46 50 53 68 14 29 85 17 9 23 65 42 37 97 43 91 74 96 88 1 38 23 60 50 86 10 25 12 21 79 69 26 27 65 51 21 21 60 89 92 83 9 57 50 62 2 17 19 79 23 54 1 31 30 47 64 80 84 67 48 69 1 7 83 42 42 72 22 90 69 81 47 40 30 11 36 75 67 41 18 82 72 23 97 47 52 18 15 19 90 14 79 86 80 30 51 95 66 15 67 99 86 12 60 42 98 13 29 58 38 99 25 23 39 94 69 63 13 20 27 54 0 5 68 40 48 35 66 34 75 21 93 59 1 86 70 96 15 59 28 58 97 34 75 62 8 80 46 21 76 53 53 85 5 93 59 92 73 74 92 27 97 69 82 46 15 37 78 94 32 86 17 55 65 42 28 7 47 32 67 30 11 10 8 28 19 65 72 72 26 26 22 23 10 16 65 32 64 83 10 8 84 6 25 61 66 48 40 47 11 7 80 99 84 75 1 47 36 54 8 41 48 92 7 84 80 21 79 93 16 36 25 62 32 34 19 20 23 32 64 20 10 5 18 30 68 87 35 22 77 64 42 60 51 32 31 59 93 89 42 33 46 33 4 61 52 31 51 8 2 65 11 15 6 97 16 33 7 11 10 18 46 74 30 87 83 60 71 77 51 95 17 24 32 34 97 23 44 60 81 33 33 76 21 1 12 32 62 42 13 2 50 9 98 36 73 48 92 51 30 49 82 24 77 38 88 54 43 85 55 98 82 3 53 48 63 65 31 97 85 95 33 5 12 24 47 11 82 34 33 35 40 66 96 0 40 
43 63 2 78 0 90 89 5 26 66 26 68 74 17 85 24 63 21 92 79 72 87 67 45 64 64 1 98 6 91 86 4 39 12 9 99 66 42 88 78 6 80 9 60 78 44 99 99 9 31 54 95 79 3 12 99 64 75 92 91 60 53 91 77 30 57 32 97 1 85 23 42 16 74 22 59 44 42 48 43 3 20 7 33 51 31 24 54 85 99 81 35 67 16 26 10 81 24 14 92 35 15 32 48 90 29 45 46 52 89 84 27 12 83 97 92 78 63 98 37 83 67 91 79 85 73 44 3 22 78 28 1 50 50 88 93 33 30 17 33 65 17 94 75 64 86 53 36 66 38 60 81 74 49 75 25 17 99 40 64 87 15 34 31 8 92 42 51 46 63 66 86 65 84 79 15 91 95 98 90 34 53 14 68 10 83 40 12 19 60 15 82 70 7 83 54 23 31 19 40 28 20 82 7 79 28 74 60 89 48 46 69 54 61 74 21 39 46 51 1 59 70 13 20 33 58 15 3 54 41 50 27 78 27 38 55 20 75 96 29 86 51 33 21 9 91 21 44 13 82 64 50 89 66 81 22 39 43 0 4 77 50 41 85 30 82 37 86 10 71 60 23 43 49 88 86 1 70 17 86 45 7 26 78 10 72 75 44 79 8 91 48 20 44 36 69 47 50 5 49 26 49 95 84 18 85 31 37 81 5 94 6 81 73 6 65 72 96 29 19 47 99 71 48 55 22 56 11 56 3 22 91 92 28 37 2 36 13 1 69 13 91 60 41 66 99 31 88 72 2 44 58 34 36 42 86 6 71 29 88 23 45 97 49 17 82 25 45 58 51 98 75 45 9 94 73 81 79 22 50 26 69 35 50 64 41 68 33 13 68 90 19 39 88 58 57 19 33 7 55 
2 88 84 42 10 59 84 64 32 39 18 16 31 2 19 30 57 69 66 25 96 73 12 40 32 75 60 13 71 62 76 26 94 16 0 18 82 65 27 86 33 43 88 12 97 21 91 10 37 15 48 91 28 66 78 59 26 24 48 41 94 1 60 90 52 99 57 15 26 99 59 53 54 25 88 60 54 34 49 46 56 76 45 54 91 82 13 1 14 85 89 23 23 66 30 93 98 0 13 2 87 88 23 63 73 24 65 75 45 5 70 75 34 20 49 35 54 74 13 65 50 15 12 9 41 96 31 61 83 88 88 14 87 14 36 20 93 43 23 2 93 45 33 8 92 83 10 12 38 19 81 64 91 37 32 7 50 49 15 61 58 4 95 11 3 75 89 10 54 27 91 80 44 23 94 74 76 4 98 95 37 39 29 20 25 81 90 51 33 3 41 42 41 54 66 82 60 91 15 27 59 24 57 77 85 28 19 71 71 61 77 20 37 14 79 3 5 77 18 75 53 87 41 63 47 14 92 46 29 4 53 14 46 14 29 86 56 97 41 49 26 32 32 85 32 14 52 93 17 26 35 70 24 85 56 24 24 34 90 47 65 73 48 56 82 52 41 66 13 61 7 68 55 34 42 84 72 89 19 12 47 68 57 57 77 0 70 78 84 64 31 26 74 9 24 15 35 91 84 33 92 31 67 30 4 51 41 4 16 13 85 98 9 7 86 19 56 26 2 47 43 94 80 18 75 77 4 34 6 60 40 35 13 6 13 53 52 6 54 94 76 76 1 99 21 55 15 32 21 1 81 5 77 10 56 19 36 33 61 66 57 85 49 45 76 7 78 61 10 25 31 65 44 58 85 5 98 59 63 0 49 90 78 68 63 40 4 21 9 45 34 9 89 98 73 34 69 6 70 28 
20 2 80 89 64 93 69 22 19 68 4 60 66 9 2 95 79 82 28 77 26 40 40 38 98 69 65 99 88 31 0 68 61 2 61 99 60 96 90 97 66 2 70 3 77 93 73 26 30 35 83 66 3 64 70 9 13 0 72 62 50 25 93 12 37 61 64 89 72 74 24 91 82 85 18 21 74 32 46 77 61 2 90 1 72 79 89 87 60 1 59 81 53 22 40 97 24 15 68 85 20 84 54 75 79 9 96 31 30 68 21 77 74 88 52 48 13 6 1 83 68 82 21 4 42 40 14 42 94 39 75 3 12 38 9 97 33 69 39 44 63 30 40 33 11 5 2 42 22 13 17 17 98 92 40 37 14 84 23 7 51 10 9 90 0 32 52 21 20 66 44 36 11 98 12 29 42 29 95 8 75 91 57 58 5 78 20 22 79 78 18 68 99 8 24 18 21 17 24 84 12 0 62 40 60 40 28 62 69 75 76 68 69 54 14 17 12 30 62 91 99 2 55 10 42 85 25 59 25 30 5 69 86 11 2 55 12 80 14 39 63 96 49 73 78 28 24 82 45 70 54 2 81 19 67 96 80 93 79 74 13 64 14 9 44 39 99 5 50 89 6 80 24 49 73 99 60 98 94 22 91 91 39 13 16 46 26 66 82 56 71 90 2 93 83 6 59 31 42 43 6 96 13 13 83 55 32 19 89 36 5 84 70 25 54 75 14 55 79 9 78 65 52 59 22 45 78 46 68 33 47 84 27 49 18 83 10 77 3 68 23 62 81 56 2 36 26 33 62 70 47 88 69 85 88 30 55 74 76 29 5 31 17 4 79 48 15 41 0 14 82 74 32 87 17 42 39 27 72 26 32 35 22 12 52 48 75 78 64 46 96 25 40 10 17 71 73 44 29 88 
85 97 92 94 38 40 85 55 65 4 99 22 44 77 39 35 89 22 98 43 61 87 91 56 39 30 66 22 73 15 2 31 93 31 82 46 76 70 94 22 64 9 40 17 34 82 74 55 78 47 65 89 5 35 96 18 36 50 41 80 87 83 14 26 21 92 20 45 66 47 64 76 84 87 51 4 22 20 76 51 78 30 75 77 42 54 49 21 93 68 9 70 44 29 17 37 27 88 1 64 8 23 54 67 73 54 11 2 8 44 37 76 49 52 85 62 63 94 94 51 44 82 63 39 50 21 70 45 4 99 45 5 86 44 97 89 12 93 57 24 9 34 52 65 50 25 42 29 8 22 20 75 16 29 18 67 62 75 41 69 12 8 93 35 32 36 33 78 11 94 16 45 23 49 26 94 39 69 83 21 69 93 87 34 5 17 79 26 56 98 39 77 8 37 45 11 94 48 9 49 15 15 41 69 63 7 38 20 7 72 72 46 50 80 30 51 39 53 46 17 53 83 80 14 14 4 92 87 68 80 13 30 37 81 39 28 94 74 73 9 42 89 92 4 8 47 22 58 78 19 38 35 23 75 19 71 20 6 15 46 2 20 74 25 83 60 11 15 94 7 26 44 0 50 87 60 9 6 14 99 46 61 32 72 20 4 21 48 44 34 85 97 89 76 64 86 31 15 81 17 25 14 62 10 33 17 90 1 10 92 63 31 67 0 99 81 46 22 21 58 44 58 31 78 39 7 22 42 52 52 28 86 61 54 57 13 30 91 61 83 44 58 97 21 33 56 96 73 55 35 32 92 35 44 41 24 45 63 69 97 53 77 24 30 0 13 58 32 73 75 79 51 93 13 23 14 65 89 42 56 10 65 73 86 37 97 22 59 16 74 60 69 72 35 99 22 45 21 22 23 
79 43 85 80 27 15 49 0 17 26 10 3 94 57 1 21 97 25 11 44 42 28 64 88 48 70 70 98 88 67 76 59 0 37 7 74 92 76 64 81 42 32 32 8 41 43 20 55 33 8 63 58 97 67 16 61 49 66 16 84 69 91 93 19 17 71 64 98 18 98 60 37 29 8 95 66 62 7 33 91 28 90 30 17 68 14 65 41 43 74 3 38 7 53 16 63 44 59 68 79 19 99 36 90 92 91 80 30 89 49 88 78 26 58 50 26 26 48 99 23 66 20 87 11 76 0 98 28 27 21 20 69 25 21 1 14 85 56 54 50 98 96 11 10 7 65 53 87 25 38 9 83 50 26 53 16 27 34 95 61 13 47 80 53 79 18 3 53 55 46 14 69 85 21 27 22 84 67 91 31 0 0 0 9 95 21 5 27 29 5 74 58 9 27 63 6 73 6 97 33 17 8 43 60 58 24 7 98 99 60 45 47 67 74 47 30 98 73 74 15 32 86 43 24 97 91 42 68 83 15 43 92 85 91 50 53 10 85 29 67 29 4 83 57 62 83 31 57 21 13 44 41 69 4 48 74 16 69 80 39 69 32 82 77 74 83 98 46 47 8 41 32 82 34 96 40 33 9 11 10 61 15 97 67 56 5 10 4 74 30 66 80 35 60 22 17 92 8 80 27 94 80 4 46 67 88 68 73 44 14 84 90 47 53 31 44 58 87 60 18 79 77 44 82 37 56 14 15 19 22 76 15 88 79 50 35 54 68 73 58 75 83 22 4 37 36 6 88 85 36 64 1 3 20 85 30 15 68 51 87 31 56 21 54 51 31 50 73 85 19 40 97 22 88 36 76 25 48 39 76 71 90 66 84 18 1 13 35 54 24 32 61 4 44 12 52 21 85 53 12 
94 52 28 14 98 84 78 7 1 36 69 11 22 5 51 72 60 1 13 5 24 75 30 78 10 84 0 77 80 76 78 14 87 17 79 32 61 85 77 40 59 58 61 61 68 63 43 84 65 4 25 8 10 58 25 85 25 16 62 26 34 94 54 53 99 64 29 31 88 85 33 31 18 0 3 19 83 26 5 16 1 62 48 77 45 98 4 47 85 18 30 27 30 77 48 16 98 50 7 59 72 69 53 17 33 23 6 8 61 80 78 44 5 66 39 35 79 37 63 70 99 33 62 94 99 87 5 0 15 99 97 21 83 73 54 9 62 91 7 12 73 27 9 21 7 10 74 2 78 71 71 4 65 40 73 13 27 38 41 12 52 71 6 84 15 53 24 63 20 4 65 75 43 92 15 10 72 88 92 27 20 18 4 49 57 92 1 91 9 62 79 8 72 66 67 76 71 52 26 83 95 62 97 38 7 50 27 55 65 1 53 52 71 80 77 76 5 77 43 33 89 81 16 84 7 15 35 21 38 67 64 82 71 40 47 68 89 67 10 9 17 17 42 84 42 47 51 72 47 51 18 38 99 69 59 17 17 91 91 72 54 47 15 19 64 11 10 30 89 25 75 71 87 7 67 52 93 25 22 36 13 9 35 98 47 84 53 62 67 34 70 9 70 26 67 31 23 23 10 15 27 61 72 17 73 49 95 18 68 78 29 41 69 81 97 37 93 40 17 52 47 88 37 38 54 60 75 97 94 56 92 39 3 31 22 4 66 85 15 5 59 56 16 9 46 65 29 4 14 70 80 30 86 97 8 97 22 59 8 77 26 61 96 86 33 43 23 31 25 32 74 62 6 26 40 39 72 66 47 42 32 57 73 52 40 80 26 49 6 81 74 43 63 96 13 29 18 61 47 74 
76 74 77 68 1 75 93 40 43 24 22 28 20 43 42 50 70 22 24 87 22 11 15 12 18 15 64 7 36 32 5 25 74 99 19 95 48 80 42 67 18 14 18 92 3 86 64 73 62 80 25 97 66 49 26 75 33 47 89 84 85 93 18 17 43 98 85 11 3 33 96 52 28 82 24 32 15 31 65 40 6 11 78 29 19 83 65 4 86 24 22 21 43 64 10 97 3 64 87 81 34 50 38 8 94 10 84 72 46 42 9 55 24 46 54 27 39 85 69 84 84 78 86 37 40 89 16 86 42 62 56 92 98 98 25 89 9 51 33 62 62 39 31 31 34 84 82 94 71 18 81 10 98 80 95 16 50 28 76 54 81 58 17 0 25 62 53 29 29 93 64 52 17 25 44 22 23 24 82 98 76 28 86 54 38 3 22 3 67 60 8 16 2 88 85 50 68 87 61 8 42 28 61 81 10 58 68 3 75 7 97 31 92 49 75 0 75 91 94 37 66 91 97 61 90 94 65 85 60 95 57 49 5 83 31 54 88 16 58 15 5 41 27 86 81 65 13 45 45 56 96 82 2 3 42 27 62 18 88 73 47 66 30 52 68 24 38 66 53 28 50 88 31 2 65 78 45 86 39 96 52 82 7 71 17 72 44 93 32 5 39 47 63 70 40 65 20 17 71 13 84 14 85 57 68 5 59 51 42 71 66 38 64 89 60 90 98 92 18 87 81 39 30 34 87 89 18 13 78 35 42 80 9 41 11 71 28 36 48 81 75 63 82 70 81 96 78 94 81 78 78 78 58 72 28 86 79 65 73 31 24 49 22 49 8 35 47 21 91 45 97 37 63 31 82 64 71 32 78 60 54 25 84 49 38 60 26 88 82 56 53 67 76 73 72 67 73 70 26 47 
2 93 58 15 44 91 99 40 66 57 32 98 17 58 69 60 0 26 71 83 94 6 45 45 49 85 39 35 16 11 47 29 71 72 10 37 33 51 76 99 30 3 3 75 23 13 41 15 22 67 72 75 54 17 81 38 23 35 36 23 61 6 23 64 75 78 53 93 30 34 98 48 27 6 44 55 70 50 11 99 11 15 92 64 54 4 62 26 9 77 95 22 17 90 38 23 54 10 48 94 19 54 52 76 18 37 34 99 7 48 36 40 43 70 52 15 66 74 0 3 89 99 35 92 70 21 83 90 17 73 11 84 96 41 71 13 65 69 6 26 99 41 11 8 58 4 63 15 14 16 78 7 38 63 72 82 29 73 22 26 70 39 49 68 9 44 26 5 30 14 87 84 92 79 37 57 28 57 30 17 3 10 57 53 0 96 11 71 15 75 65 38 19 16 27 9 55 71 63 8 35 20 94 50 47 67 58 14 25 72 77 31 51 20 0 38 83 65 80 67 62 75 21 10 66 52 33 68 76 77 67 52 42 3 31 95 77 97 25 88 85 98 87 67 95 61 16 64 96 3 30 39 92 41 49 7 17 27 77 99 1 8 32 19 5 18 65 19 9 81 62 93 44 19 69 93 88 6 17 85 77 18 70 82 4 61 38 0 39 92 66 89 39 58 26 28 82 86 48 15 82 82 66 31 38 87 22 40 96 44 58 29 99 49 36 88 49 74 95 77 0 36 90 43 80 80 56 84 28 4 93 74 26 85 45 42 36 25 99 32 1 53 99 3 34 78 83 46 61 45 26 3 0 19 2 71 34 42 71 98 63 66 72 44 44 94 10 76 0 27 15 89 1 93 77 23 19 15 91 35 19 18 15 16 38 33 41 39 87 36 27 26 7 36 9 38 60 1 82 35 
32 55 39 27 46 50 36 53 20 81 69 63 87 61 87 7 80 77 8 10 49 1 19 73 12 88 86 63 46 14 88 59 94 42 99 55 30 26 91 70 43 96 77 70 13 61 6 37 89 85 26 73 3 2 19 81 62 24 14 87 54 96 65 2 84 24 46 77 99 43 67 57 18 84 2 53 57 92 43 20 62 27 72 14 21 56 72 48 73 21 91 6 56 33 85 30 96 72 20 59 48 11 28 46 79 5 21 7 31 12 11 7 57 44 53 80 54 97 62 6 61 91 5 45 68 59 67 87 92 96 91 63 53 90 81 46 25 54 69 21 27 2 30 98 71 12 62 44 4 13 48 6 6 82 70 55 26 31 32 59 99 6 12 8 38 30 2 43 51 68 71 9 53 94 26 38 28 78 19 45 54 14 63 4 25 46 55 53 78 25 11 16 40 19 66 47 79 34 48 72 23 15 75 86 34 8 34 82 89 60 31 11 36 26 15 40 92 38 91 77 25 36 77 33 77 51 23 91 0 21 11 6 0 67 88 21 76 47 96 31 76 8 66 34 98 66 82 63 88 47 91 1 13 14 73 35 97 89 11 12 5 0 58 67 78 36 6 52 68 41 93 95 46 47 14 71 5 2 23 0 90 37 2 21 71 93 20 21 92 95 15 78 82 99 34 90 49 65 19 38 83 64 48 0 88 1 89 69 99 86 64 87 72 36 54 31 80 62 77 3 46 91 47 54 4 98 18 84 5 3 68 71 71 49 25 78 89 34 63 5 45 62 42 45 44 48 71 53 34 97 77 73 83 78 6 95 53 32 35 39 38 38 92 4 2 15 62 43 68 9 97 49 52 53 32 33 45 72 34 3 75 89 96 0 56 20 49 53 66 54 49 22 5 90 48 16 63 0 69 53 
47 64 46 3 78 77 55 91 83 86 15 23 98 24 81 95 79 57 59 77 28 5 95 78 92 19 55 15 17 94 98 75 41 69 19 27 0 64 98 4 61 96 9 87 74 32 89 19 73 93 73 74 69 11 21 65 88 85 51 37 82 74 42 26 66 65 84 43 75 2 30 66 17 51 1 62 29 70 47 38 55 71 22 16 39 52 44 50 82 51 68 83 57 72 69 97 73 64 32 69 42 65 54 20 54 98 2 77 70 10 28 70 3 4 91 32 68 94 92 45 24 54 63 8 54 72 18 56 44 13 12 17 56 44 51 51 8 59 45 55 17 80 75 39 35 8 60 17 38 91 96 79 99 30 48 37 69 10 69 19 58 30 63 61 55 86 9 21 79 88 89 48 6 59 73 47 61 3 28 23 8 81 33 83 60 55 90 49 82 41 80 47 28 69 82 3 26 56 55 73 67 78 16 0 93 49 14 80 95 45 55 67 22 22 83 73 54 36 86 88 53 78 44 11 64 87 56 38 69 74 90 27 4 57 63 88 10 0 97 98 47 89 23 28 76 94 33 10 28 23 19 94 90 81 0 92 79 76 62 59 4 12 57 48 23 25 28 47 77 21 94 35 95 0 37 42 9 31 15 60 64 98 98 32 21 2 22 53 81 35 4 85 62 93 73 11 50 82 31 42 59 35 23 45 14 42 32 9 16 48 30 10 77 14 23 65 19 9 62 30 79 62 73 64 94 99 61 5 18 31 83 95 70 24 69 55 44 15 58 94 34 84 58 81 75 95 81 82 38 89 13 7 79 27 86 36 97 24 18 92 52 17 85 97 11 50 27 70 93 59 27 84 52 64 82 83 38 32 52 33 87 20 7 49 22 3 50 42 84 89 15 54 14 48 64 61 59 3 35 41 
1 13 44 64 42 32 59 95 74 55 78 64 19 96 15 27 13 66 62 77 51 30 33 11 30 40 1 97 44 85 33 32 4 23 1 80 24 20 24 82 27 30 48 83 4 66 86 25 91 28 77 38 10 70 24 29 90 77 72 44 44 52 6 47 74 67 13 74 2 43 82 79 69 58 85 92 28 98 71 40 23 36 8 75 22 55 47 86 52 42 72 66 85 54 14 7 47 30 56 14 93 74 81 38 8 79 30 53 58 11 35 46 47 44 91 42 61 15 3 74 39 65 90 91 77 86 52 75 23 99 96 30 31 70 8 87 85 1 50 93 77 82 77 30 30 6 53 83 53 99 67 23 7 0 37 76 11 31 60 59 39 96 87 80 98 5 23 3 66 35 3 97 87 72 74 21 4 47 78 68 72 79 88 51 39 12 49 73 27 94 20 44 25 15 41 20 60 43 31 33 92 95 1 80 35 27 10 61 36 95 39 67 8 43 22 77 93 1 88 56 81 67 82 97 15 85 63 96 31 2 40 9 64 99 54 18 49 79 8 37 24 81 72 8 31 66 96 74 20 70 4 67 45 57 42 58 71 38 80 50 74 84 1 40 84 36 19 48 45 86 33 82 0 39 97 13 99 45 50 20 68 56 69 9 38 98 1 16 91 78 10 90 1 11 71 9 18 61 54 36 15 50 56 71 58 39 60 4 11 65 29 74 90 4 52 11 67 4 2 34 69 9 26 78 71 25 82 16 32 36 99 9 39 1 90 92 91 54 0 24 87 92 49 5 0 92 5 95 13 80 26 92 67 6 98 76 30 54 37 2 60 23 58 88 9 17 54 77 63 64 11 82 95 82 37 95 11 32 43 52 77 46 65 43 12 83 46 39 69 84 84 22 29 24 53 91 33 63 9 71 
98 12 77 49 19 77 94 3 39 46 71 23 43 46 14 22 64 18 85 52 96 46 44 72 71 41 3 29 35 26 90 97 89 16 75 21 23 71 23 1 29 52 80 22 43 44 46 37 10 32 20 57 67 95 9 64 14 14 46 74 24 80 70 19 26 30 73 90 23 13 9 70 91 12 23 16 26 19 72 81 44 44 79 65 54 40 14 19 50 85 79 27 18 79 33 18 98 7 58 45 47 71 72 5 71 84 43 37 86 8 45 52 89 80 81 73 14 77 68 4 75 0 21 51 91 40 34 17 30 43 47 33 43 65 39 10 75 32 5 14 5 99 93 97 97 66 34 79 49 50 86 96 81 9 52 70 29 91 70 16 73 98 44 99 39 71 83 70 13 90 0 66 73 0 79 73 57 99 8 74 76 62 25 82 56 30 10 69 34 52 44 64 14 3 44 45 12 80 43 12 59 97 9 9 4 7 47 82 87 47 92 42 68 66 81 66 92 84 49 95 56 26 37 48 39 64 67 73 52 42 8 8 19 24 4 56 89 67 78 3 72 46 1 64 39 3 61 24 45 30 89 56 65 7 65 40 67 15 90 79 5 55 65 79 64 16 44 10 35 14 28 96 64 3 40 51 55 99 73 49 36 30 71 57 76 69 54 53 46 65 81 81 25 72 47 52 98 17 18 39 68 2 60 62 12 28 8 35 98 66 38 40 83 14 59 25 85 45 7 77 60 93 31 1 86 0 61 99 25 79 1 39 59 4 11 16 98 99 55 85 34 74 48 77 8 51 40 56 40 83 94 87 57 13 21 15 43 1 20 76 13 53 94 99 64 15 57 18 36 33 25 60 73 5 38 53 61 45 94 2 5 22 64 60 49 75 26 97 99 17 12 12 62 29 89 38 19 81 17 5 
4 14 55 44 13 33 81 3 92 36 59 48 24 84 72 90 16 1 7 49 76 49 96 14 40 65 33 37 44 36 83 92 84 33 37 58 97 52 25 39 51 36 60 69 57 47 15 16 38 81 51 2 41 49 41 71 11 58 98 67 7 65 56 71 51 48 18 8 17 70 93 58 20 56 84 70 48 72 28 54 23 39 39 13 14 89 90 77 7 3 49 0 92 76 40 51 16 53 39 69 17 89 45 27 78 13 37 86 21 43 56 97 47 9 71 1 91 28 92 46 25 38 6 64 68 93 50 11 89 81 63 6 21 28 54 94 73 63 51 9 52 95 83 84 55 90 38 14 24 44 70 30 59 33 44 88 13 96 75 15 77 32 47 17 1 22 64 87 48 26 51 63 98 50 32 0 85 49 93 28 77 67 57 28 6 98 36 55 92 84 42 67 52 78 67 21 81 64 90 11 49 62 17 1 61 18 3 71 43 27 39 80 62 82 56 84 91 7 70 17 22 74 88 20 22 26 94 38 65 66 25 81 19 34 84 66 31 60 69 39 3 32 45 69 11 29 80 86 8 77 65 15 61 74 88 1 91 53 84 49 42 24 36 26 67 7 17 66 78 92 10 88 35 12 62 88 33 95 49 2 47 23 25 20 23 40 95 19 63 7 58 25 10 21 28 85 31 17 31 70 88 14 81 80 73 46 3 91 22 94 54 9 67 67 83 32 98 84 97 25 6 4 88 71 58 30 17 74 20 36 39 9 27 14 75 25 91 55 39 96 55 88 32 31 55 99 59 80 0 69 61 47 25 32 73 81 51 40 54 89 74 72 72 39 81 67 96 6 20 60 31 47 57 94 54 2 1 44 32 51 16 48 92 29 50 47 34 49 39 61 35 3 61 36 23 48 13 66 51 88 
60 19 27 14 66 48 73 0 92 66 7 29 22 57 69 24 82 8 87 63 88 89 97 3 54 10 4 17 75 27 24 14 79 24 70 35 8 74 9 84 48 65 39 95 5 88 81 95 54 44 31 33 76 42 16 49 87 44 54 90 27 50 40 68 5 77 93 38 54 47 25 23 53 76 17 51 39 17 19 86 96 23 30 41 69 54 7 86 30 27 37 1 17 19 95 18 38 76 15 45 91 65 25 64 59 5 12 36 11 40 20 82 70 45 33 54 78 15 63 29 81 83 39 52 73 77 96 5 6 59 21 74 89 74 54 63 82 94 57 11 89 8 92 18 6 18 84 73 63 35 48 78 74 3 69 2 39 49 88 84 37 32 79 40 99 79 96 24 38 56 76 2 94 90 18 2 66 81 82 57 36 74 33 10 8 53 30 39 7 15 22 56 91 39 16 52 25 67 78 64 76 39 12 60 24 42 55 23 41 47 16 30 52 82 30 8 79 67 12 48 21 75 95 95 28 62 84 77 79 48 33 74 6 26 38 65 96 8 66 47 59 64 65 9 90 94 28 40 14 46 99 72 69 81 7 60 9 47 60 79 65 48 0 58 9 75 81 94 42 47 24 53 76 84 70 68 3 65 55 82 47 30 28 52 28 4 65 48 20 84 44 18 27 84 28 33 62 8 58 50 11 13 4 30 15 95 59 53 32 68 74 23 69 62 67 86 16 38 17 41 55 27 59 15 29 56 37 58 43 54 80 65 97 36 95 12 34 52 15 28 97 99 66 94 72 56 99 40 7 93 89 26 32 1 86 53 20 52 58 5 62 9 12 0 82 9 56 10 21 53 82 24 70 6 42 8 84 58 5 70 19 2 42 71 9 69 64 72 90 80 24 91 25 40 10 74 24 36 88 17 
94 92 29 97 35 20 95 52 61 89 52 94 90 48 15 24 36 65 54 13 20 31 14 79 74 21 57 3 37 48 31 67 42 70 12 99 29 98 53 94 60 37 33 26 34 73 18 42 35 87 44 75 67 23 44 73 48 54 21 0 75 91 0 6 13 91 78 79 34 13 55 14 3 94 99 74 89 63 35 29 21 76 9 87 73 86 40 26 50 84 68 36 84 67 52 26 95 94 36 12 84 91 13 1 11 87 91 8 2 31 95 27 46 40 17 35 64 41 0 33 54 91 47 11 19 97 14 98 69 56 46 66 93 44 44 22 73 81 73 26 37 9 97 34 58 23 94 5 10 95 28 34 95 59 5 22 20 53 59 34 49 90 94 42 59 6 44 93 71 45 32 19 10 45 15 49 5 5 53 76 1 6 41 49 9 71 71 24 7 31 62 94 85 78 59 63 61 31 76 3 59 81 48 44 80 11 94 57 67 5 69 89 8 56 91 7 28 85 8 1 84 42 44 15 87 4 43 85 62 57 17 23 87 97 27 48 98 62 61 49 24 76 3 11 82 74 37 51 20 59 94 69 39 88 61 80 5 94 71 24 72 42 15 65 37 71 59 75 85 75 73 97 88 74 46 6 61 48 83 2 18 22 37 33 40 87 48 49 46 70 90 57 18 66 57 90 24 49 64 29 54 46 37 49 35 95 72 31 28 50 39 55 84 6 99 64 3 12 9 26 53 62 9 23 76 27 7 1 95 48 15 79 97 59 95 66 9 35 17 41 51 3 87 54 15 10 33 59 28 90 93 96 4 68 91 23 2 12 34 46 64 88 79 52 54 50 63 55 51 25 43 80 10 21 15 19 43 44 86 8 0 99 56 86 74 21 57 16 4 56 82 18 10 93 13 36 14 38 2 32 
67 71 63 60 5 34 56 19 61 10 23 1 45 5 58 1 35 60 18 94 38 52 70 23 41 19 29 52 51 69 44 26 67 75 51 50 80 59 81 93 27 89 39 86 80 94 33 60 59 27 11 41 41 44 55 76 69 65 66 75 18 69 60 76 53 50 7 17 68 36 3 33 3 29 48 69 66 36 28 91 18 64 96 2 67 64 36 6 2 29 85 49 52 87 31 34 31 39 19 53 11 20 74 40 80 78 90 92 14 23 25 2 16 52 88 20 53 27 22 51 80 45 69 7 72 91 44 29 35 92 30 79 70 25 21 21 81 23 98 55 83 1 81 10 89 43 96 96 16 38 24 94 11 54 99 80 13 68 28 36 71 59 12 46 22 77 77 36 96 89 24 48 51 1 95 14 74 21 51 92 22 90 64 99 68 95 70 60 57 95 50 7 38 65 90 99 57 29 85 85 80 36 83 29 9 38 39 87 1 45 10 70 56 21 3 39 53 82 43 0 39 97 55 39 36 98 16 76 17 17 26 81 53 60 76 49 28 85 27 15 71 73 16 81 15 63 11 65 71 61 30 15 39 56 59 6 65 22 65 43 56 97 56 47 3 93 62 21 34 66 44 96 17 35 42 74 82 2 64 41 91 17 38 45 20 4 17 99 21 33 2 99 16 44 38 20 46 39 26 48 30 57 53 42 69 96 48 24 16 36 45 8 47 38 96 30 96 63 61 11 36 30 50 65 48 24 8 79 34 69 76 34 4 53 88 35 57 60 85 71 99 91 11 17 41 48 23 35 62 71 65 88 6 54 22 60 24 83 79 16 51 92 43 75 92 7 57 45 43 30 62 12 90 73 94 68 4 6 64 87 63 58 39 85 59 77 53 64 59 58 3 67 45 20 83 28 78 55 9 48 
21 84 10 42 33 46 32 34 35 78 18 75 89 34 3 66 55 75 76 86 59 68 71 81 64 69 77 80 99 85 36 30 86 32 86 49 20 60 40 38 64 94 78 14 17 64 18 44 54 96 39 92 71 27 16 17 88 90 93 12 1 41 33 93 94 23 73 17 59 14 68 76 22 27 27 16 3 3 51 38 81 55 85 85 95 25 45 80 30 5 94 30 85 83 73 80 73 9 72 91 6 63 13 61 69 81 70 21 23 89 11 85 26 74 47 86 11 47 39 84 0 36 65 40 31 62 67 16 43 42 14 10 1 16 74 43 33 68 71 30 98 80 14 95 47 39 84 85 84 57 54 91 76 48 45 74 36 79 68 0 96 81 16 11 64 1 60 61 42 63 85 38 30 89 47 58 30 11 41 29 92 47 85 5 32 1 71 91 46 90 4 44 84 20 90 53 67 98 86 20 52 51 89 69 9 80 43 41 65 85 57 62 96 21 32 44 46 99 99 11 55 35 38 40 31 57 35 64 63 42 45 14 55 84 86 44 69 73 37 93 70 27 97 89 9 74 77 2 89 9 40 86 6 78 46 89 53 57 8 92 50 18 96 74 7 18 1 6 28 3 42 37 99 71 76 9 53 20 65 18 68 40 35 24 58 30 45 70 70 91 92 22 82 35 81 12 33 77 17 67 53 96 41 73 3 90 75 50 73 25 91 45 21 1 79 66 53 61 23 44 98 65 24 25 89 19 41 53 51 88 11 60 60 30 31 86 98 92 26 37 58 10 53 78 87 5 56 80 82 57 75 77 90 57 35 41 89 82 98 32 50 17 11 51 80 34 8 31 32 21 20 17 15 46 55 57 34 3 12 24 17 59 38 87 24 44 10 99 76 26 44 93 15 98 8 67 27 60 47 12 
89 57 74 70 31 63 46 3 30 46 45 60 78 94 92 30 82 78 29 93 0 69 78 97 96 68 79 61 64 43 29 45 13 19 59 5 80 35 78 42 11 89 15 35 37 76 20 12 78 75 91 78 88 17 9 11 11 35 95 15 3 41 9 23 52 60 40 21 45 99 14 20 9 93 3 30 14 3 46 47 90 27 56 35 16 28 84 51 10 42 49 72 4 64 84 17 50 4 37 82 62 39 86 21 24 18 81 87 77 96 71 30 29 89 6 10 80 82 60 74 75 70 60 73 44 41 89 76 83 11 61 81 83 59 40 12 52 64 12 9 42 95 35 98 38 58 14 38 19 45 65 19 85 4 69 16 13 20 1 26 31 45 12 68 7 86 89 33 58 99 17 57 45 60 53 2 27 67 11 24 59 0 34 66 20 26 7 95 20 73 72 9 99 37 19 94 53 98 60 72 36 26 39 93 98 67 10 2 3 13 51 27 76 86 48 76 92 29 99 2 21 87 93 73 61 92 98 64 14 25 47 30 15 54 15 36 34 83 37 39 6 39 46 3 88 28 54 20 13 72 93 19 57 71 28 81 27 82 20 52 39 52 90 50 88 95 36 66 99 61 35 95 44 16 65 36 68 2 81 14 23 49 56 60 78 53 86 37 63 51 86 21 56 19 2 20 50 61 51 96 23 37 15 69 85 55 68 75 4 76 92 86 34 94 85 33 58 49 11 29 79 75 15 99 45 45 67 73 88 72 67 29 48 39 94 30 1 69 70 59 96 29 28 9 18 76 99 36 47 27 26 85 41 38 20 75 67 80 80 88 96 11 17 97 4 43 96 68 96 78 48 56 33 3 36 66 15 99 7 3 47 75 24 46 87 23 73 96 28 50 74 21 97 72 53 29 98 12 52 42 
71 66 33 31 45 84 37 53 33 71 77 58 9 0 9 64 84 87 97 42 22 72 24 41 42 45 54 80 53 67 35 64 24 56 46 43 50 85 27 43 41 39 95 19 65 95 88 37 64 54 44 18 55 86 79 58 89 95 57 66 47 76 24 51 24 10 66 44 78 33 5 55 9 48 48 36 94 44 45 7 95 20 92 91 85 44 95 99 57 21 21 67 99 99 8 2 4 54 98 83 79 82 84 18 6 18 6 84 30 11 5 93 73 12 34 25 82 25 35 97 30 25 63 24 49 76 78 25 90 57 2 3 48 30 11 6 37 69 30 68 84 84 64 28 62 36 65 9 68 91 67 66 92 81 27 36 17 7 71 9 84 87 97 40 28 3 47 73 97 25 7 19 52 2 61 54 26 26 95 94 46 24 72 65 95 62 8 68 39 39 95 85 45 15 23 95 17 75 87 82 89 46 50 97 10 26 9 26 93 23 28 28 68 93 2 98 19 16 62 43 67 77 33 97 0 51 13 95 90 7 72 78 43 63 22 26 86 36 27 9 55 3 93 84 34 53 80 78 13 23 70 81 1 77 73 66 11 73 59 28 39 82 46 44 90 9 52 87 53 96 44 49 72 14 73 0 28 14 7 32 55 3 36 62 94 47 17 59 37 30 73 78 72 70 64 80 26 20 56 59 37 94 92 33 5 39 82 39 82 2 90 65 26 7 87 63 40 82 98 20 34 38 25 90 45 57 19 31 78 36 37 82 43 33 46 29 8 63 81 94 44 34 10 23 39 64 8 51 88 68 31 5 94 52 14 3 30 52 78 84 44 33 59 89 28 75 54 82 7 42 97 19 10 42 23 4 0 98 75 94 71 71 66 15 5 98 54 54 84 15 18 3 47 90 79 11 62 62 42 15 
88 4 75 61 28 50 88 44 87 9 87 85 63 12 31 97 55 34 26 1 9 62 86 68 47 56 73 36 99 95 71 28 73 9 58 32 58 62 9 93 74 29 32 11 30 67 27 8 32 25 93 6 90 24 75 36 69 84 44 85 73 89 80 70 49 57 36 37 45 41 32 13 71 29 95 88 78 63 62 47 88 39 15 21 64 59 44 38 35 27 85 37 38 18 10 64 67 47 65 7 79 1 70 12 81 83 44 61 69 50 15 30 7 12 74 57 13 37 2 55 34 12 12 0 25 72 52 10 45 88 22 38 70 40 18 4 76 1 10 69 10 26 43 81 10 16 40 58 38 19 25 41 54 34 32 79 17 96 28 92 2 52 7 19 8 79 74 87 27 28 78 44 57 80 77 69 43 62 77 92 52 84 32 34 48 88 9 69 48 18 38 35 18 19 79 1 67 89 74 36 72 79 23 82 49 20 18 77 55 63 38 59 22 34 16 46 70 79 0 98 29 58 24 75 41 0 51 28 2 68 35 36 10 44 14 8 44 38 45 61 95 99 34 84 91 19 44 67 70 75 17 19 56 52 99 58 19 17 98 77 48 90 9 49 45 9 42 6 9 81 43 62 41 26 66 91 89 81 57 35 98 84 95 14 9 55 53 14 64 52 17 79 95 24 91 86 74 67 56 54 0 83 71 59 7 64 94 90 95 10 2 30 72 17 31 61 48 12 14 78 88 66 59 66 10 54 81 64 31 46 28 62 50 30 27 48 36 4 65 31 33 87 68 10 39 20 40 0 49 20 54 2 35 19 5 62 77 52 25 49 13 46 53 65 77 27 52 98 72 43 88 81 47 7 19 13 78 11 31 94 37 24 11 11 14 38 55 20 96 77 36 84 16 35 20 59 14 1 60 28 
22 45 58 45 61 92 90 54 71 75 36 7 54 31 76 12 67 25 36 55 83 75 73 89 37 16 72 73 9 98 71 98 64 46 64 14 15 44 26 26 29 36 46 59 21 96 3 53 67 82 97 76 2 8 98 65 70 30 78 90 95 16 48 80 69 14 50 80 97 56 78 68 96 85 5 71 79 58 25 99 55 50 45 18 1 29 83 87 9 58 29 26 82 9 28 59 77 92 87 27 79 40 71 28 48 20 54 54 14 82 49 89 69 69 45 49 8 42 9 11 12 77 42 26 68 79 19 98 92 58 99 0 49 24 36 34 61 71 53 16 64 48 88 39 47 87 84 61 36 70 28 38 5 6 25 93 63 18 4 38 18 58 72 42 76 27 82 27 43 75 53 90 47 92 29 82 92 83 43 43 43 59 31 11 78 32 41 27 29 72 43 93 60 9 43 53 10 87 88 22 99 72 99 75 65 33 33 89 39 79 89 10 6 71 55 54 21 10 10 89 72 40 34 66 16 30 15 98 53 58 75 16 3 34 23 63 69 48 3 80 90 93 52 74 18 91 39 68 89 1 46 66 86 69 46 94 55 47 41 68 87 53 71 15 24 40 16 39 22 30 16 52 44 86 13 8 17 87 0 0 2 37 50 78 10 0 30 99 77 50 0 51 10 99 79 69 35 72 58 49 74 93 52 48 69 18 82 79 61 83 93 38 12 14 85 70 68 21 3 44 47 37 30 28 36 82 8 78 70 80 90 40 56 69 38 88 93 20 23 15 89 22 15 54 7 35 64 13 96 12 60 5 27 6 91 74 31 36 9 80 63 53 72 13 80 48 2 36 16 26 27 9 20 34 2 25 35 41 98 43 50 32 3 3 51 93 68 61 2 19 71 97 16 46 59 2 74 0 86 69 
66 6 7 76 24 65 33 46 48 41 17 56 98 34 40 37 78 72 37 22 81 37 61 25 95 89 60 66 50 55 99 74 3 69 99 64 56 88 93 18 26 45 77 45 92 55 88 83 3 81 29 84 8 87 16 38 63 76 10 94 32 91 64 52 91 23 66 81 80 54 41 55 85 1 60 61 68 48 3 29 52 2 1 35 10 84 16 26 19 77 2 36 65 73 39 45 87 83 24 96 80 9 42 19 6 63 67 85 6 24 48 44 52 49 0 91 61 98 80 52 25 58 84 2 3 52 92 43 49 31 50 8 56 79 3 14 99 17 93 23 7 14 64 4 27 39 31 33 85 47 5 61 44 27 27 68 55 6 32 14 2 53 12 42 56 46 41 87 77 57 23 17 17 29 58 31 1 59 90 32 20 8 54 40 68 94 31 33 42 21 7 0 3 6 33 17 76 44 8 98 49 73 32 95 34 42 87 27 62 35 28 57 55 41 40 89 93 69 82 93 34 78 40 95 6 14 26 17 29 93 67 55 25 66 22 51 68 5 43 71 98 61 21 70 26 62 42 84 7 6 25 36 21 77 28 31 33 9 30 18 9 3 54 6 79 67 45 7 17 94 25 20 97 66 70 61 53 70 85 50 38 19 95 19 69 34 74 86 71 86 74 25 61 0 47 80 54 82 86 79 55 5 41 8 79 86 99 86 5 19 32 86 42 65 85 84 64 52 59 22 3 83 78 37 10 98 27 17 85 17 49 77 8 49 40 17 60 21 23 87 64 83 88 73 40 67 46 10 4 93 98 39 83 70 85 82 30 95 89 67 14 81 29 7 19 64 46 71 61 46 15 42 96 55 97 97 86 91 84 30 75 31 52 15 26 56 95 17 15 80 95 60 44 22 11 4 43 36 18 72 
60 39 71 55 51 14 46 96 1 63 31 78 40 31 21 80 48 85 2 25 67 24 53 71 11 88 38 61 86 38 29 71 10 10 42 88 59 62 60 82 6 88 8 45 79 77 12 1 97 4 51 18 44 89 8 17 83 66 79 37 39 29 22 89 56 76 8 3 67 49 6 13 15 34 63 52 56 4 74 95 53 98 85 5 49 53 16 29 96 78 58 48 70 27 50 31 13 57 2 88 34 49 25 59 82 45 63 82 15 38 26 20 96 88 66 85 1 81 36 15 14 82 90 74 99 94 37 50 56 72 84 89 74 88 32 68 22 61 37 43 16 21 65 15 38 64 46 22 38 93 36 27 5 75 79 92 94 51 82 2 67 83 69 20 14 11 48 30 82 97 36 43 3 50 62 61 55 19 6 40 75 61 94 66 66 53 90 1 40 6 26 93 21 16 98 52 94 81 37 83 44 38 1 47 68 5 26 20 24 48 46 28 48 76 91 7 59 87 11 34 3 83 16 73 25 4 66 18 38 88 2 10 19 68 64 50 52 58 40 63 87 89 93 65 69 84 86 70 13 47 17 81 32 62 41 37 89 15 62 12 22 98 52 36 55 11 16 9 77 64 65 42 49 40 27 60 38 15 41 88 93 39 77 32 24 6 60 58 88 53 66 93 66 72 6 0 60 59 1 6 16 96 33 86 19 42 26 16 3 54 28 4 21 44 18 67 93 4 78 19 58 25 45 10 43 22 57 18 46 75 61 23 90 86 15 66 35 39 51 33 25 73 60 74 59 74 21 61 32 92 70 16 39 8 91 77 39 76 36 18 53 92 21 0 69 14 92 66 67 7 93 71 14 95 89 99 97 80 94 53 90 62 89 89 67 51 57 1 23 53 16 5 89 78 68 3 71 48 83 19 
86 97 30 51 99 30 42 22 61 16 68 78 90 26 23 91 79 3 83 18 48 91 44 30 62 5 76 98 99 44 53 64 59 26 30 56 57 76 20 67 6 72 64 61 43 47 71 85 9 51 0 25 12 44 9 22 44 49 13 76 68 73 2 53 24 51 54 30 10 50 98 35 51 73 25 24 39 10 74 12 26 18 97 13 0 25 71 87 72 86 36 90 12 32 5 82 44 94 54 14 68 88 89 5 22 51 23 87 53 87 75 58 95 63 53 2 9 61 33 11 48 31 60 55 46 33 78 64 87 83 37 7 17 14 84 1 34 38 52 92 41 66 31 89 46 83 73 41 22 70 72 90 78 69 91 79 98 12 82 14 17 52 36 5 67 35 80 91 75 69 94 81 39 27 33 13 80 10 49 73 98 22 3 98 28 56 22 35 84 89 45 1 30 99 38 65 69 17 81 24 61 18 57 21 3 98 50 16 58 80 68 2 19 39 51 89 32 12 43 85 96 35 38 0 58 30 92 6 27 6 62 23 8 59 6 9 69 94 94 32 43 33 3 93 12 63 15 59 88 0 62 60 14 11 10 31 25 83 1 40 24 7 44 93 1 37 65 35 89 88 76 5 94 8 21 8 85 55 32 50 62 18 83 13 62 29 12 26 95 2 94 75 98 39 86 81 18 36 45 53 95 68 88 89 41 86 11 2 66 98 82 84 53 96 60 94 16 57 37 66 61 69 55 16 64 12 85 79 40 39 19 43 39 10 96 50 75 47 88 24 27 62 20 92 21 39 12 14 69 47 89 70 45 99 27 58 54 88 84 59 47 68 78 48 86 41 69 99 52 43 89 20 60 65 3 51 30 87 77 13 23 70 39 6 40 11 43 62 16 49 64 70 16 81 75 36 82 47 86 93 
64 62 77 29 69 84 2 48 72 15 20 60 71 20 3 19 3 94 58 15 15 61 45 39 57 71 53 75 24 94 33 67 67 28 69 87 10 47 58 83 75 37 60 82 82 39 74 0 52 76 57 97 61 12 22 38 80 70 77 22 61 71 2 65 49 68 77 23 87 66 18 68 31 99 9 3 42 28 12 81 13 17 75 52 83 44 99 16 60 45 38 0 15 54 62 11 62 79 32 60 85 44 75 24 96 90 37 44 89 70 56 11 37 16 9 53 25 83 54 36 36 34 49 25 68 2 21 74 94 61 27 19 38 67 24 86 62 62 70 16 6 39 83 13 75 10 79 99 80 11 68 70 82 7 50 74 43 65 58 33 61 86 9 10 32 41 70 67 49 43 56 95 92 89 81 23 13 36 28 50 22 58 68 70 37 77 68 85 15 41 97 48 52 57 19 79 65 95 25 54 82 92 4 50 65 33 5 54 2 67 56 63 9 81 51 97 69 24 56 61 74 55 68 88 77 88 16 94 19 40 40 51 43 74 46 80 24 35 91 33 22 50 88 89 48 83 24 26 50 96 25 27 27 43 73 0 22 21 89 53 56 10 76 70 53 58 1 77 13 79 12 28 21 32 8 40 58 94 33 78 48 45 40 77 62 69 24 76 65 41 50 82 26 23 32 36 33 14 17 61 64 33 16 55 15 96 19 89 13 24 98 80 31 62 61 94 83 44 6 89 56 0 98 4 56 21 49 52 30 82 32 81 53 56 58 75 48 31 54 39 64 6 81 40 31 4 35 91 42 70 42 18 37 53 26 32 90 94 42 98 59 8 35 16 76 89 35 91 32 93 65 18 15 92 83 14 80 67 34 43 75 97 69 59 54 58 49 13 88 55 0 34 38 2 49 3 41 65 14 52 
11 10 63 18 13 54 15 31 10 83 23 50 98 66 91 49 50 45 76 83 25 35 19 29 14 17 80 8 8 29 8 52 62 10 84 60 96 83 90 2 85 87 22 12 80 37 55 39 0 11 34 43 59 20 34 67 30 5 92 62 18 20 1 97 59 60 21 23 12 93 67 48 66 17 74 54 67 21 50 89 14 24 80 87 98 48 58 6 68 22 78 50 25 93 16 39 75 98 90 84 23 14 44 99 15 79 48 63 24 51 3 72 63 87 57 41 96 76 74 84 3 28 82 26 70 55 86 36 19 94 30 46 78 63 57 69 26 54 36 19 32 80 51 38 55 78 70 21 58 16 7 52 47 18 43 1 42 35 18 98 61 25 6 41 37 80 87 78 89 54 21 67 17 78 6 86 26 39 11 74 4 32 24 3 40 26 22 83 7 49 56 9 7 70 41 61 48 52 86 24 66 63 43 78 61 70 47 85 80 83 95 72 38 75 30 75 91 18 38 41 87 33 26 63 24 11 80 31 4 93 13 89 12 0 99 84 22 67 34 25 22 94 99 19 45 15 72 22 6 35 68 38 49 38 18 38 83 66 59 66 79 65 37 60 82 90 45 14 42 3 0 65 18 92 54 12 23 42 39 4 90 16 43 98 76 42 68 50 18 24 5 42 67 85 65 6 66 61 92 55 12 24 49 49 69 69 13 10 90 33 59 96 47 43 56 9 2 3 21 29 96 9 35 0 6 89 46 6 51 73 9 91 8 39 28 30 76 80 59 97 44 51 67 46 18 26 87 52 74 2 25 53 17 17 24 7 22 69 35 84 57 94 91 2 50 68 90 71 69 58 93 58 99 46 40 54 33 54 75 2 24 74 71 41 9 44 36 59 17 32 97 9 36 60 19 61 77 91 63 48 
14 3 43 0 18 20 61 93 30 11 48 64 28 73 55 58 72 57 97 45 81 8 68 27 4 42 36 35 43 35 14 50 5 47 60 95 12 63 19 82 43 89 28 37 18 70 87 46 2 61 85 83 49 47 59 64 45 17 75 89 52 85 19 8 40 66 20 7 43 17 81 53 70 16 56 13 2 60 40 28 91 64 36 56 41 50 55 24 75 29 56 46 54 78 95 98 77 99 57 1 22 43 20 14 42 87 71 48 8 88 5 1 3 74 79 69 89 72 15 86 42 94 26 58 18 68 66 9 46 91 56 28 5 24 12 86 58 35 59 59 76 54 40 11 63 39 34 92 45 91 72 78 59 64 90 73 92 99 59 8 70 26 36 41 36 30 80 1 80 32 40 25 66 9 45 13 61 42 76 24 41 65 33 36 4 58 7 68 76 1 15 7 9 20 99 51 3 79 49 33 3 50 51 51 83 95 65 39 22 69 69 90 57 44 79 77 23 37 98 10 51 20 45 26 19 29 41 30 78 48 22 8 55 65 24 3 49 2 12 38 71 42 7 8 25 62 66 28 58 93 2 99 11 61 2 34 88 76 47 78 18 97 40 21 28 88 78 47 70 75 45 29 26 22 35 65 89 39 21 93 87 90 20 96 6 44 77 78 72 55 93 96 25 42 50 21 82 4 94 71 96 14 25 16 13 68 60 34 45 85 12 57 48 64 76 88 26 77 7 47 91 96 14 3 84 46 13 58 41 29 71 61 33 35 91 44 15 82 76 21 70 58 20 47 87 50 17 23 85 56 32 76 65 68 99 88 0 35 88 39 62 55 70 63 63 9 88 4 83 30 3 25 22 40 93 71 71 21 47 82 6 60 99 45 78 38 31 61 19 79 16 37 31 70 74 21 88 30 99 32 
39 85 18 74 11 97 23 78 75 90 96 0 64 59 97 46 15 48 15 68 42 39 41 46 5 37 24 69 55 72 85 8 30 87 89 57 59 82 8 98 69 66 81 13 85 39 57 48 58 40 14 45 86 94 82 65 73 22 84 73 32 68 14 93 40 84 7 93 8 34 87 6 56 68 49 82 72 73 48 34 57 95 81 54 14 78 64 42 49 23 77 24 63 34 57 54 49 20 21 26 45 15 74 19 4 15 97 98 81 56 49 60 90 61 28 89 5 77 54 2 55 13 48 11 12 73 63 8 37 46 2 97 41 3 89 35 49 94 84 45 84 2 9 99 39 90 54 73 21 97 29 12 5 32 32 49 91 43 87 46 52 51 15 40 82 63 62 97 55 98 60 3 65 9 24 66 82 38 19 87 73 96 0 56 85 91 26 82 60 86 26 8 70 59 47 54 71 47 90 21 54 91 61 13 60 30 89 53 65 96 40 74 21 87 24 91 41 36 45 14 95 99 47 42 3 62 43 60 24 95 19 76 47 69 53 78 85 73 13 1 95 94 21 74 41 33 97 19 87 17 66 46 88 30 95 9 28 56 71 48 77 98 97 37 28 36 21 94 76 30 43 24 84 30 62 19 57 24 22 59 70 87 20 5 15 51 21 48 51 76 90 29 42 70 16 89 94 27 44 22 14 13 0 85 3 36 81 74 41 26 44 68 2 70 64 15 65 81 18 75 14 23 49 48 87 37 39 34 38 51 23 13 61 53 79 89 62 86 93 26 85 0 46 52 27 25 78 61 8 29 50 87 55 38 23 39 24 88 70 14 22 20 17 84 99 71 17 54 32 87 32 60 57 90 21 94 53 14 33 86 34 27 56 23 16 62 77 36 81 27 22 85 4 14 8 77 90 3 21 75 
53 82 91 23 13 60 0 55 24 3 90 66 77 19 17 67 99 42 30 67 39 9 83 13 42 17 4 30 12 9 12 61 26 52 53 87 22 25 24 73 80 93 68 70 27 9 20 16 74 93 63 19 56 80 76 44 94 16 2 11 23 33 46 94 89 81 26 56 2 27 72 67 61 24 76 61 14 85 94 45 44 66 12 8 41 2 38 34 83 1 90 78 69 38 86 40 75 89 76 27 19 52 33 30 40 4 81 95 92 86 38 70 8 82 4 10 87 60 8 17 97 98 79 21 73 77 41 39 20 31 56 91 23 13 3 4 87 44 8 29 92 41 65 92 68 1 87 2 68 90 3 39 24 36 74 91 6 54 22 46 57 69 49 36 80 69 49 40 7 25 5 42 94 30 91 18 23 51 74 47 6 48 78 91 47 50 66 1 62 25 82 89 16 65 89 43 36 74 80 34 1 0 75 42 98 21 71 0 5 28 93 77 8 77 98 74 88 74 40 22 76 34 16 12 63 16 4 87 89 62 15 63 71 86 15 69 48 34 38 38 42 99 3 80 57 75 31 70 30 82 4 22 4 45 93 4 92 94 79 40 82 91 43 10 51 10 12 20 72 40 95 9 98 69 81 9 95 20 56 70 58 15 89 33 46 73 21 60 1 2 90 34 11 99 95 7 40 67 43 90 82 68 23 32 69 46 35 12 37 85 58 43 18 53 51 44 90 23 15 60 17 18 68 30 20 19 12 63 1 16 75 0 70 30 41 8 80 38 88 27 19 89 28 71 59 76 3 42 69 83 99 24 31 52 38 83 64 62 6 97 68 94 33 1 44 26 10 79 25 61 28 92 57 10 67 81 61 4 49 76 65 29 38 53 73 85 11 78 21 2 96 9 36 69 0 37 64 8 98 3 
29 62 96 70 83 6 82 9 69 56 84 16 11 24 68 59 98 69 28 26 15 89 75 75 65 49 17 12 35 47 44 80 49 94 28 90 45 63 54 72 29 25 57 72 56 50 37 28 62 60 49 31 48 32 46 52 51 42 12 31 11 37 32 20 75 49 11 2 7 79 71 29 51 71 47 72 94 9 95 98 57 45 93 97 77 27 18 35 54 27 72 21 65 56 51 81 29 83 62 56 81 74 28 20 9 26 51 42 71 22 69 12 3 21 36 53 38 86 38 73 98 54 78 38 50 1 33 99 97 28 84 64 96 58 93 94 13 90 93 72 49 65 93 94 52 84 80 90 19 12 63 53 7 73 29 3 69 91 45 16 69 80 74 61 62 57 79 14 69 98 88 78 6 97 76 13 60 2 14 24 53 91 24 7 73 9 54 95 37 32 36 26 28 42 84 15 37 53 2 84 19 60 73 2 64 4 97 84 44 79 20 40 90 29 26 83 16 17 0 90 24 46 22 32 25 51 25 54 63 76 53 25 98 50 11 86 1 48 80 96 86 19 38 77 64 87 45 38 93 95 76 88 45 78 62 79 78 51 30 67 66 83 65 96 46 49 86 62 40 86 55 87 71 65 64 71 89 44 36 39 22 5 14 58 64 92 56 94 2 18 90 37 16 9 10 73 63 72 76 24 53 58 23 3 48 66 17 23 31 34 24 98 57 48 69 56 28 72 13 45 45 99 90 44 71 20 67 8 21 41 83 98 96 24 31 72 63 2 41 56 69 43 8 76 80 64 18 4 67 22 45 17 87 80 33 28 66 22 24 30 84 74 95 67 5 31 97 96 30 93 37 94 62 77 29 8 45 93 0 16 60 97 43 0 8 47 84 90 88 52 42 50 88 1 29 12 32 13 77 57 
27 95 33 50 24 26 70 6 98 42 8 39 68 75 68 32 20 25 62 30 7 94 89 53 97 48 25 39 81 88 40 51 32 31 8 71 14 39 52 31 57 29 25 41 65 18 55 65 32 38 80 34 74 20 8 69 43 47 78 18 68 29 58 80 56 98 71 93 8 11 39 86 33 68 28 91 44 74 17 90 54 86 6 92 53 89 48 76 23 0 41 49 93 96 78 30 39 28 17 16 30 64 66 19 74 80 48 16 45 49 38 47 95 0 31 83 96 11 33 62 63 45 93 87 5 68 57 60 25 53 3 37 20 0 10 90 92 21 42 41 61 30 41 20 96 49 39 84 99 52 94 90 28 56 35 52 2 11 86 43 85 81 73 79 66 44 90 72 62 82 58 80 94 24 58 38 27 41 40 97 42 97 67 40 11 79 26 96 61 43 38 98 93 83 62 59 9 8 31 80 30 29 31 47 33 96 99 72 98 84 59 56 90 82 1 32 2 58 83 92 83 1 21 53 21 5 30 23 99 56 64 75 4 24 90 18 15 58 5 42 43 90 91 21 85 98 80 66 95 79 77 47 6 45 18 80 3 61 94 45 41 71 98 96 58 4 22 91 91 14 35 77 0 42 10 47 88 91 99 55 13 97 42 25 96 86 21 68 12 32 30 61 52 59 44 95 97 41 68 0 64 83 14 84 72 58 20 14 76 23 23 55 43 67 63 23 92 22 63 44 48 74 33 2 66 42 91 64 61 11 96 69 16 75 13 83 58 92 82 2 39 43 27 32 79 82 54 59 86 3 48 17 11 42 60 60 32 29 35 80 91 89 29 48 14 16 6 70 92 69 48 52 19 91 28 68 36 6 51 88 85 34 55 73 2 29 59 19 51 83 43 94 85 93 47 55 6 87 9 22 
41 85 89 94 38 19 81 18 38 71 45 19 79 71 73 10 19 0 97 95 34 58 92 34 48 73 91 65 87 88 16 58 69 3 74 27 2 6 83 87 33 12 57 94 71 26 94 72 60 85 2 33 44 84 33 9 49 14 57 15 7 38 88 43 72 25 90 72 66 82 70 18 41 71 59 12 85 94 21 77 19 20 27 37 95 55 55 38 54 43 96 72 57 47 31 20 14 53 86 51 30 93 21 39 78 22 82 6 53 92 94 91 94 79 12 69 46 45 57 53 29 86 53 60 17 5 25 77 23 28 97 39 81 44 53 18 60 42 50 31 63 25 66 25 12 68 92 95 9 15 44 95 73 41 63 3 80 93 90 46 60 62 52 49 21 22 93 4 68 14 76 7 15 79 57 68 32 1 88 66 8 80 96 51 50 6 83 50 20 43 85 40 15 98 3 48 65 37 6 56 80 92 96 14 26 98 66 19 48 24 47 67 83 10 0 53 87 19 29 80 94 74 10 78 49 90 25 32 81 15 99 46 77 26 5 29 26 12 30 22 51 90 42 45 94 27 48 77 14 84 8 33 42 60 42 28 87 88 51 29 81 74 21 55 36 46 88 55 64 35 60 34 97 18 32 36 9 36 10 80 94 47 16 42 89 91 97 3 15 81 72 60 30 12 60 78 35 74 21 56 37 4 45 21 74 2 6 44 20 1 59 93 83 19 74 2 69 12 62 26 91 97 37 4 6 17 11 19 16 11 3 93 23 39 8 98 6 68 40 30 95 2 46 61 9 47 62 5 4 91 2 97 69 64 81 42 70 31 42 95 53 88 90 53 84 16 86 86 45 45 97 53 55 6 61 39 29 20 79 4 28 76 20 97 35 13 69 40 34 48 98 69 88 79 63 52 63 63 51 55 
11 1 6 65 66 67 32 27 65 90 54 10 27 6 29 49 8 14 21 36 91 82 63 45 92 54 94 3 51 27 18 52 57 8 46 79 46 91 32 73 74 16 35 99 68 7 80 89 39 69 12 90 47 31 28 76 5 26 46 9 26 10 44 33 97 1 22 38 29 39 5 98 44 96 97 8 67 53 98 66 78 23 42 56 28 16 58 57 30 39 36 6 75 98 92 71 16 62 65 10 61 22 70 5 28 24 36 68 19 45 19 3 8 20 4 52 73 76 93 96 37 9 75 86 38 32 63 77 63 33 28 28 8 78 88 6 44 69 77 71 10 31 14 4 77 39 14 26 69 73 12 9 61 23 64 10 39 39 4 11 84 31 23 51 16 21 90 94 78 35 64 37 31 14 31 17 65 98 44 48 22 17 35 97 70 71 26 93 46 33 32 46 61 76 81 67 80 93 85 4 80 30 0 51 30 20 28 3 84 19 56 56 51 9 91 67 96 11 46 16 79 80 39 61 36 55 31 25 44 20 88 48 0 98 14 20 99 91 30 65 46 91 41 77 92 33 48 72 40 36 60 86 6 33 24 52 23 62 20 36 68 79 20 55 85 18 21 85 51 88 44 20 96 42 5 72 28 29 81 43 64 82 31 39 79 64 27 56 97 91 21 72 27 1 45 60 50 39 98 45 40 63 44 62 8 99 20 92 61 21 7 88 33 12 48 39 30 1 98 56 2 39 33 65 47 8 98 79 73 17 77 28 43 16 82 29 91 0 11 85 38 20 50 63 76 36 54 79 75 88 54 80 78 10 77 12 0 2 23 5 1 40 13 90 48 38 83 5 22 43 62 27 92 59 40 1 19 92 18 46 79 24 26 0 65 40 96 68 76 76 6 76 78 68 54 16 96 70 79 52 
35 37 44 55 1 22 16 45 91 25 31 52 20 94 84 69 35 68 27 86 12 6 4 75 12 96 37 17 73 41 9 44 8 90 58 0 62 13 56 83 17 83 78 78 28 38 68 82 28 75 30 76 28 24 84 63 47 89 58 69 17 64 22 65 7 14 92 23 19 56 13 16 56 49 63 91 81 12 31 12 12 74 56 80 60 13 52 46 55 52 68 73 46 78 69 77 38 92 20 46 1 94 14 55 63 77 53 27 5 96 97 78 59 79 10 70 29 79 88 7 13 86 76 24 62 34 47 22 36 42 85 51 82 60 92 56 64 57 32 79 43 53 97 76 69 46 59 4 97 76 13 42 55 70 18 50 48 7 55 51 68 18 77 50 88 2 90 87 78 82 50 2 86 68 4 14 42 33 92 12 86 49 23 92 22 47 81 36 35 58 6 97 36 13 13 81 25 24 21 61 93 48 40 80 8 78 97 13 47 62 52 46 22 94 85 40 50 64 81 28 41 35 48 67 3 54 36 14 51 82 76 69 29 23 97 26 32 40 29 36 46 98 80 52 23 94 76 50 76 6 91 73 61 38 72 81 69 39 11 9 36 19 52 12 38 74 2 46 62 65 95 59 5 41 68 8 52 19 47 31 66 29 7 4 7 19 43 72 30 34 93 88 70 97 85 5 36 75 34 75 86 16 64 3 86 27 67 86 84 91 55 2 22 21 80 55 43 53 64 14 50 13 63 73 20 66 86 4 75 68 87 42 72 76 43 35 19 60 53 16 17 19 31 59 75 9 55 21 13 33 48 29 89 46 24 75 6 95 8 81 3 30 54 5 40 14 82 95 31 47 92 28 58 31 80 79 24 27 67 23 73 39 50 85 8 78 73 3 96 71 74 17 68 45 78 83 90 22 38 8 
49 37 5 9 35 42 50 81 35 37 73 75 4 35 95 57 33 88 26 60 6 72 53 71 82 28 63 24 7 40 41 5 31 43 43 76 88 90 92 97 35 12 57 59 24 9 18 1 89 94 26 42 68 24 84 80 26 5 7 37 53 63 31 98 36 14 8 7 41 61 34 40 52 56 90 79 10 64 29 17 1 82 5 9 30 9 48 94 10 30 23 25 77 77 83 43 20 9 28 9 98 28 78 60 82 80 4 69 83 62 73 86 91 73 57 82 24 61 0 7 12 0 58 53 44 80 86 41 7 15 56 83 16 55 65 60 85 62 53 60 13 13 8 27 81 95 60 76 26 68 70 91 6 43 42 47 96 29 64 71 17 27 4 27 29 22 78 49 17 52 46 41 90 82 98 12 25 76 18 68 32 4 91 60 2 95 31 29 31 0 20 58 70 10 35 28 58 28 39 85 38 35 22 29 12 20 14 18 45 79 64 28 55 63 9 80 39 91 42 15 23 84 58 1 86 64 42 74 39 63 44 99 36 99 70 9 33 33 33 4 24 9 13 90 49 27 8 86 24 40 79 83 34 99 32 48 18 25 40 46 21 65 34 39 4 4 45 85 20 43 75 38 13 71 78 50 28 26 11 67 95 50 1 71 3 11 91 91 48 32 34 51 2 27 53 94 24 41 49 95 20 64 31 0 98 39 27 94 78 49 51 82 23 1 65 46 54 41 70 99 93 63 19 25 68 65 52 31 53 80 50 37 67 57 33 51 26 21 83 76 9 35 68 7 12 45 78 37 26 29 2 87 2 64 84 69 46 74 24 66 44 51 69 2 40 73 58 26 45 3 95 40 40 10 73 27 94 98 41 35 9 3 34 47 53 16 73 6 15 12 36 88 47 27 18 47 3 51 54 74 
3 67 70 92 42 20 54 4 73 83 46 24 6 74 16 16 64 7 85 60 41 81 97 0 12 79 68 19 32 78 40 22 12 67 37 2 69 98 40 48 81 93 8 16 69 80 40 77 78 56 80 44 99 74 86 50 89 89 12 62 23 0 13 38 84 25 84 33 24 96 99 79 50 56 31 20 35 35 7 22 70 57 8 4 81 39 92 31 60 67 33 80 52 11 76 74 96 69 53 42 23 86 38 96 44 72 48 39 18 48 21 92 54 72 74 11 99 3 47 78 4 31 76 74 44 27 6 91 90 97 83 16 66 60 10 39 28 40 43 2 87 79 65 1 5 98 9 66 41 56 18 75 37 67 37 39 5 18 87 60 7 7 32 3 37 61 3 96 96 34 95 35 58 39 92 12 95 71 35 63 15 0 49 47 67 63 7 31 60 7 78 65 92 37 49 43 64 90 79 68 78 60 5 92 60 94 65 62 0 26 96 93 77 28 94 64 74 81 67 35 82 1 43 67 79 25 73 9 31 95 49 98 64 63 32 89 7 62 53 37 92 41 61 72 99 16 74 13 66 83 52 62 89 29 92 41 78 80 5 0 98 84 19 74 16 23 93 0 61 48 32 32 75 58 58 81 65 96 92 19 19 67 58 21 87 7 66 71 23 13 64 41 10 45 46 97 92 92 28 99 0 44 85 56 53 90 2 27 16 51 86 88 9 35 39 10 26 3 56 86 20 42 63 86 61 89 21 10 82 89 0 50 18 61 4 91 62 89 1 47 98 19 36 71 40 60 69 31 76 36 23 93 4 85 6 21 60 13 13 37 9 3 98 15 89 65 54 35 70 75 21 67 81 90 31 96 52 49 48 39 20 16 2 12 7 95 52 22 0 1 61 14 92 31 33 48 7 6 75 64 
14 36 16 17 15 73 31 4 50 48 1 55 89 69 3 8 64 32 85 27 87 57 82 18 57 98 9 68 11 53 78 97 56 99 66 17 30 0 39 46 4 71 7 26 1 44 6 87 9 56 47 6 11 69 31 9 19 7 52 20 89 98 84 98 29 61 8 77 40 18 32 19 16 35 76 96 83 73 40 72 5 67 3 55 11 80 73 85 66 93 12 11 81 53 20 75 98 54 69 11 43 65 25 97 20 28 65 34 83 43 33 24 16 28 76 60 38 88 76 96 14 27 97 41 7 77 55 17 93 46 35 54 50 63 11 66 18 42 64 6 29 96 56 57 38 80 79 43 66 39 87 33 47 54 72 7 3 23 65 22 76 45 79 7 89 21 85 57 8 69 49 75 65 90 90 90 32 95 83 83 78 38 55 0 13 50 61 99 21 28 97 1 74 90 35 97 35 67 56 47 56 40 88 58 83 70 55 55 92 85 50 89 10 4 7 10 61 31 75 39 61 46 44 75 47 62 59 12 82 84 68 87 25 88 39 9 28 72 9 65 11 94 96 28 10 15 44 90 69 49 19 39 7 53 1 10 54 73 99 69 37 74 40 77 79 49 85 71 86 11 55 39 81 73 99 0 10 65 37 45 18 23 20 42 24 47 73 85 53 11 25 46 57 23 0 94 77 63 64 16 34 97 67 14 27 76 24 29 94 36 35 89 85 14 63 84 26 74 39 89 35 28 0 17 80 40 86 25 17 74 9 81 93 52 94 32 35 57 29 36 90 94 25 16 80 82 23 29 10 4 84 89 88 15 42 18 95 21 67 70 90 25 71 25 33 57 91 19 99 77 62 4 10 59 4 34 81 91 1 6 89 59 35 65 0 34 27 8 6 46 30 5 21 1 30 8 8 8 90 43 
1 95 95 42 51 77 8 89 26 41 52 2 90 79 93 73 59 47 57 47 97 46 29 23 68 86 88 15 20 25 61 46 99 81 55 88 55 70 80 79 57 35 26 65 88 62 66 82 86 23 21 19 5 47 96 55 88 36 71 25 23 43 50 90 76 33 62 8 48 88 37 75 49 15 24 76 45 18 1 39 95 29 2 73 80 51 68 13 69 75 95 46 79 24 5 10 16 24 61 66 72 29 70 30 70 23 12 69 0 85 87 1 39 75 5 16 20 87 57 90 67 99 69 15 74 42 23 19 70 62 52 48 85 82 12 71 60 72 6 83 12 81 55 6 34 3 25 84 75 67 14 17 35 71 89 31 39 62 36 8 20 91 26 72 25 50 35 6 86 45 17 75 19 15 74 0 29 91 84 78 75 58 0 43 23 60 78 18 54 36 83 49 49 27 0 85 82 63 86 56 86 28 14 39 76 46 55 43 38 89 58 89 67 14 46 58 53 70 48 32 15 63 12 22 69 53 77 92 27 31 17 15 59 43 53 58 87 56 83 5 75 49 16 37 78 5 97 32 7 41 69 54 34 5 81 88 60 22 90 64 43 87 57 26 74 83 49 13 72 75 50 4 83 61 82 6 54 92 64 13 67 16 34 27 71 36 15 18 99 58 58 61 36 51 42 42 61 8 74 43 99 92 55 64 41 15 39 41 54 19 4 59 48 45 30 92 70 85 53 61 32 57 58 44 89 27 47 29 17 86 93 52 53 79 38 23 59 41 28 77 54 17 13 40 98 74 63 79 55 68 5 12 32 79 62 96 2 7 21 94 6 85 58 36 32 96 49 99 80 37 12 19 10 8 26 71 28 60 65 18 67 89 87 7 43 59 25 1 23 2 87 25 93 40 80 88 85 87 37 87 
12 4 12 58 98 94 55 81 20 23 61 65 64 35 60 98 6 99 0 99 52 45 78 23 68 60 96 95 44 51 37 92 59 45 40 86 6 0 86 5 81 22 63 39 15 83 20 82 59 5 58 63 33 20 66 31 29 57 30 5 22 9 47 33 97 70 31 19 71 38 8 95 23 23 42 16 45 62 42 30 76 86 0 56 31 63 26 69 66 79 97 95 13 29 43 70 62 21 45 6 15 4 56 43 54 88 27 72 88 17 39 26 59 21 77 38 56 34 47 74 37 42 5 36 31 7 46 43 58 47 67 18 71 17 68 90 82 22 69 8 30 19 30 35 46 60 38 66 69 8 88 53 0 65 19 28 35 51 44 41 89 96 69 92 27 79 24 19 48 61 77 55 6 23 12 63 40 53 50 55 79 50 50 66 45 74 59 64 64 92 36 91 55 24 50 58 16 48 45 27 22 81 86 5 99 68 84 97 73 89 74 50 44 76 8 46 59 95 4 67 48 15 62 1 25 18 67 42 20 1 95 84 41 61 53 42 43 15 59 66 80 60 30 21 38 90 43 40 30 89 23 53 58 93 0 92 29 8 32 64 5 34 41 12 46 46 26 83 85 12 85 48 59 94 89 6 51 48 78 36 78 23 43 2 50 79 72 95 36 20 80 38 50 62 60 39 35 25 76 3 89 27 53 26 77 87 52 64 89 25 10 38 55 35 49 55 96 20 70 19 7 87 39 6 86 91 67 39 46 16 31 7 67 12 60 69 62 6 74 56 71 19 11 27 77 95 80 11 48 11 63 50 41 13 62 75 59 39 55 66 77 75 49 58 47 74 77 16 78 24 68 29 69 44 88 26 28 80 69 35 46 35 94 22 97 69 57 42 28 19 87 84 30 32 67 20 9 38 53 91 
86 81 74 31 98 37 62 8 24 34 72 50 38 97 12 10 73 97 55 2 5 91 36 99 68 81 92 45 77 20 71 58 12 85 83 39 28 53 92 83 45 73 68 8 60 17 73 71 60 75 49 43 14 38 82 69 54 91 14 18 59 84 92 30 17 52 47 20 10 66 43 81 40 49 62 25 28 7 8 36 49 52 82 81 95 94 76 57 86 30 45 82 48 50 51 94 93 29 11 6 8 6 90 6 19 49 45 42 75 26 22 17 2 80 95 97 40 81 14 8 91 74 30 46 82 89 57 18 29 37 75 21 38 87 14 72 27 30 6 62 47 60 58 39 6 11 16 62 21 40 98 73 65 95 29 8 18 95 58 47 83 1 26 22 29 75 34 73 9 89 84 17 73 75 5 32 17 4 96 45 26 99 33 88 0 8 65 66 93 78 77 36 77 42 81 88 59 26 15 49 71 87 48 36 2 28 55 79 91 20 79 9 91 6 38 97 88 95 15 44 25 3 43 21 29 59 43 63 25 82 93 14 59 27 86 70 60 91 75 1 80 56 98 42 5 60 67 21 53 74 46 24 20 21 95 83 97 83 77 88 3 1 43 66 44 12 13 3 89 28 5 0 73 77 45 32 98 51 52 63 19 2 55 56 61 74 10 77 96 81 35 58 86 33 50 45 97 81 33 80 84 86 94 91 20 90 67 60 24 49 98 0 75 66 21 15 47 48 39 7 46 94 92 5 48 8 5 97 28 11 76 40 84 98 98 98 70 66 37 33 81 83 81 54 7 0 21 2 28 89 11 86 94 94 16 82 47 15 41 56 4 82 27 15 15 52 80 58 8 80 51 55 51 33 88 63 36 98 19 16 3 95 90 72 26 29 1 8 89 25 62 29 61 78 29 2 48 24 77 50 
48 81 27 23 32 30 80 39 83 97 70 17 84 82 51 4 89 10 60 95 64 0 83 33 3 82 15 23 71 38 33 34 71 49 80 32 70 28 20 72 98 65 19 58 3 20 7 95 63 23 0 16 7 50 88 99 30 51 80 65 56 9 99 83 58 72 40 34 92 33 85 32 31 46 37 21 36 67 49 39 60 54 82 6 6 76 42 35 42 46 2 5 87 3 99 76 88 70 36 13 78 38 22 35 65 79 17 85 11 33 70 7 25 60 97 29 97 30 45 61 71 61 22 53 68 6 2 41 68 2 15 46 87 87 20 3 15 50 42 19 4 44 41 47 36 37 87 10 27 84 40 42 82 24 35 76 15 59 80 83 80 65 86 72 93 11 75 10 95 37 57 25 7 20 39 88 2 45 20 99 34 62 8 21 69 9 61 6 97 86 80 85 63 87 76 24 23 64 90 35 84 97 93 30 29 95 16 69 32 19 58 15 33 43 8 86 97 18 14 36 92 66 91 75 93 40 42 65 50 84 9 7 94 18 39 90 24 92 95 7 64 28 82 95 53 92 37 34 95 93 91 17 65 33 40 93 42 92 27 15 28 60 18 29 69 92 75 58 33 18 8 28 75 44 98 81 8 93 67 44 53 76 23 34 33 37 96 56 50 18 36 94 62 72 6 85 53 82 40 77 9 70 96 74 34 43 74 68 95 18 41 4 33 84 88 61 54 51 70 59 89 64 93 15 72 84 8 67 54 21 27 23 22 96 39 97 48 73 30 84 58 23 16 15 57 32 62 36 74 67 47 43 95 8 17 85 62 11 62 84 12 77 23 97 58 64 56 91 16 46 9 86 58 19 47 52 87 42 42 27 87 28 83 95 72 67 81 40 17 27 16 19 35 90 69 62 19 61 44 66 
12 81 83 53 69 35 38 75 74 68 16 92 35 0 9 75 20 29 16 9 3 86 91 33 28 32 0 78 87 97 71 5 67 35 45 33 85 91 31 17 10 7 95 89 9 65 98 59 76 49 79 19 2 33 15 32 29 50 73 30 29 30 12 41 81 64 47 63 12 55 72 57 46 19 84 33 17 96 29 0 2 21 81 22 48 64 23 70 75 26 68 65 93 9 83 49 21 64 96 78 40 51 85 19 36 72 6 73 47 49 91 97 0 75 27 67 87 94 92 43 35 10 92 27 43 66 9 81 85 98 57 74 7 86 67 71 67 1 82 12 70 36 43 58 64 76 45 97 82 61 5 57 43 55 74 20 91 56 22 69 36 68 53 40 35 58 54 30 55 12 52 86 76 84 86 4 28 59 50 48 44 87 87 66 1 53 33 77 65 53 93 90 39 44 97 95 59 17 57 83 84 47 79 91 32 79 64 66 18 30 87 21 3 13 1 2 39 63 46 89 77 15 67 99 84 99 60 19 31 96 60 71 35 19 87 20 59 55 92 56 96 0 87 43 34 3 88 3 91 51 80 81 19 23 31 61 68 45 71 21 87 19 93 4 90 8 57 56 55 37 27 95 21 44 7 34 29 4 92 95 20 47 96 68 99 41 78 87 51 93 14 35 43 93 86 13 94 65 25 48 69 32 64 82 52 11 26 46 96 86 68 73 90 24 73 62 9 56 44 65 58 61 64 60 63 79 11 99 28 48 50 38 69 38 12 61 15 53 17 92 59 35 8 14 93 54 20 67 22 42 36 63 43 67 22 21 63 62 85 44 70 79 53 28 36 69 78 24 33 89 75 43 22 60 82 73 93 12 33 20 60 21 2 26 67 36 11 72 39 40 27 11 61 19 41 86 32 95 19 36 
94 81 85 68 10 89 95 50 82 44 67 16 61 74 0 77 83 92 80 96 39 1 2 36 14 0 83 70 3 2 90 12 54 19 91 61 89 38 34 89 52 0 31 11 43 65 91 84 78 31 32 1 87 87 46 72 68 21 99 34 75 66 96 73 34 68 24 48 80 70 53 79 59 65 96 26 44 46 82 60 39 84 32 60 32 25 66 78 62 20 72 30 62 17 77 21 52 96 45 49 83 75 48 87 63 27 55 40 14 89 15 95 20 89 95 40 28 94 15 94 6 3 39 64 19 33 12 39 93 39 33 75 19 27 24 94 16 78 55 93 55 49 10 28 36 48 70 33 21 27 16 4 3 15 95 14 89 84 26 16 41 69 29 70 18 51 29 86 43 13 41 89 14 71 60 68 39 70 21 32 65 80 70 73 57 0 92 43 30 56 14 54 13 97 60 2 62 27 10 2 94 29 41 61 91 87 64 77 76 67 7 84 2 56 49 72 4 42 44 16 81 22 13 4 23 68 47 3 82 22 64 51 22 94 78 33 98 13 64 58 65 18 9 69 18 85 64 90 80 60 81 20 62 77 34 22 53 98 70 2 57 22 90 95 48 48 65 27 31 20 5 92 17 77 2 96 19 77 3 54 85 76 95 75 77 35 62 13 49 75 92 83 49 65 61 1 19 95 37 57 70 98 45 38 13 62 47 64 92 65 95 40 87 84 67 94 14 94 57 60 57 50 9 64 37 12 60 49 18 47 23 34 7 21 44 36 95 30 0 37 37 1 8 68 82 77 5 83 41 75 82 55 19 53 35 55 13 75 8 67 95 83 38 30 54 22 74 66 44 9 4 40 6 57 17 3 38 87 4 80 74 18 45 70 49 10 43 27 53 49 1 24 97 20 27 46 35 81 78 57 
32 94 27 59 99 25 39 88 15 17 85 49 81 47 27 90 86 86 0 49 13 24 42 36 36 46 53 9 90 70 72 48 72 55 30 9 32 84 29 44 78 5 91 81 43 10 84 75 38 49 56 48 69 2 43 61 55 49 42 8 44 40 49 55 34 90 29 31 1 63 88 1 53 57 91 96 58 70 76 31 81 3 59 80 9 40 53 5 36 89 71 61 99 4 41 7 59 76 63 63 22 50 52 5 2 18 44 42 72 80 37 8 19 23 10 97 37 18 0 51 86 61 46 14 81 23 87 43 20 85 97 4 23 13 0 12 83 4 99 64 47 12 14 69 56 87 69 44 73 0 48 28 81 99 27 75 56 10 68 83 88 33 54 46 49 44 84 52 54 62 31 65 97 58 89 54 64 73 87 64 22 69 4 6 62 37 1 78 78 68 3 56 98 31 11 78 26 54 66 7 6 82 2 13 44 62 87 84 79 34 37 57 66 95 80 3 35 79 77 53 81 20 89 1 20 69 40 51 31 4 11 64 62 86 1 33 34 87 39 86 1 21 18 88 75 36 33 15 73 3 55 60 83 69 93 38 21 65 64 73 89 82 30 60 76 35 74 15 58 86 49 69 67 92 19 48 95 69 23 49 80 20 26 49 15 12 24 32 1 44 71 53 74 20 69 38 3 57 89 78 87 64 67 19 39 73 51 25 60 22 85 89 93 41 70 38 93 97 34 57 60 70 67 58 8 78 84 58 63 52 73 63 47 42 42 2 87 93 87 32 16 46 95 31 14 55 92 34 81 24 78 68 29 70 17 48 98 63 40 52 40 23 11 48 9 31 73 26 37 52 19 80 61 11 7 52 45 46 24 10 23 45 88 62 39 81 80 48 95 73 73 37 86 44 43 32 25 30 26 77 
55 18 66 73 74 71 75 35 52 74 49 29 83 67 70 81 51 40 66 77 5 22 26 4 49 21 68 12 99 86 41 89 3 31 68 44 47 35 63 12 37 30 80 19 69 51 2 48 26 53 79 47 79 79 19 22 13 67 74 10 83 36 71 38 75 98 95 52 23 35 12 59 95 80 84 68 77 9 4 95 60 97 16 34 17 0 46 6 58 98 42 17 78 4 36 46 30 33 32 53 96 82 34 29 57 90 86 61 47 41 69 67 45 51 61 39 71 60 36 16 33 97 8 42 98 98 3 47 96 82 30 31 41 14 48 90 89 29 2 41 3 99 64 51 74 1 57 61 5 20 0 20 80 54 67 63 44 13 41 16 60 97 91 31 47 17 14 80 82 37 3 80 54 54 66 16 69 97 68 93 35 97 16 39 13 59 4 83 97 35 29 46 84 32 11 92 84 0 69 25 0 89 21 15 18 0 23 4 20 64 20 54 89 89 72 28 74 73 95 34 19 94 88 36 87 46 43 83 77 59 21 88 67 99 77 41 36 15 58 41 49 26 94 92 15 84 65 63 73 28 39 9 55 15 42 98 25 66 63 66 94 6 18 50 11 49 15 46 93 64 0 95 78 79 61 19 74 92 99 25 84 56 24 95 70 74 26 56 19 53 70 31 23 8 50 97 20 92 38 19 60 30 88 44 25 54 83 40 40 72 81 9 49 60 67 76 3 95 80 47 87 11 88 66 97 87 48 32 87 80 71 39 52 55 31 14 12 89 80 86 11 71 64 23 7 17 72 29 81 29 53 82 14 76 35 49 66 49 82 64 30 9 66 78 71 25 84 72 54 86 29 85 57 22 3 83 29 67 34 93 14 41 1 86 52 51 81 90 32 55 97 87 74 70 94 77 0 22 4 67 
35 54 98 62 72 45 67 86 85 90 6 68 57 55 87 29 50 18 22 93 41 17 12 0 72 29 87 31 3 40 59 90 71 4 10 0 94 47 28 40 14 38 63 50 50 75 48 93 54 51 79 20 91 34 87 15 42 88 2 32 59 63 88 45 78 86 82 75 45 54 29 27 48 95 74 96 81 97 60 70 50 3 27 33 29 28 24 61 2 16 19 36 66 97 40 12 0 14 53 32 96 12 94 81 23 16 30 89 86 0 10 62 80 58 72 52 82 1 93 69 2 88 37 92 3 96 70 20 85 78 52 70 66 86 48 9 39 94 12 78 21 18 54 55 58 3 67 59 64 50 78 23 60 82 53 75 63 38 39 72 77 0 34 85 57 96 63 31 61 25 60 2 18 1 93 72 95 68 98 32 98 83 0 48 23 76 50 26 20 85 18 17 20 40 76 69 56 46 78 12 19 73 37 65 61 26 35 54 66 11 5 10 96 67 90 46 70 56 5 44 3 54 52 49 90 96 82 75 27 64 78 27 78 74 96 95 86 49 91 16 81 97 83 26 46 88 50 36 83 72 82 89 16 12 56 75 64 67 75 18 18 57 86 65 34 31 48 21 74 17 18 86 83 30 89 74 56 48 89 7 73 16 4 17 20 17 56 44 48 88 40 7 97 26 99 56 80 53 94 94 87 96 43 5 44 78 67 13 50 8 29 65 84 46 83 49 49 43 17 18 48 0 16 77 8 23 89 46 10 84 61 62 6 4 3 88 36 16 52 92 97 44 58 61 92 93 60 60 60 19 13 4 34 11 36 96 16 16 35 91 50 72 98 38 28 46 73 99 63 89 4 25 51 20 44 56 73 20 95 94 22 93 24 86 48 69 19 88 95 33 21 21 58 33 13 57 63 14 38 78 
65 77 41 19 49 87 25 20 67 64 39 84 21 1 69 60 56 85 46 78 42 13 45 50 60 22 33 19 5 51 90 10 42 96 68 10 75 51 16 72 82 97 69 61 27 94 77 67 64 48 84 13 66 57 36 1 75 28 82 53 29 23 92 26 31 2 88 27 30 98 71 41 23 26 85 17 87 18 52 95 3 11 31 37 25 13 5 75 27 12 74 46 26 48 17 66 98 15 50 97 96 41 19 33 60 65 78 5 1 31 33 38 41 99 68 59 25 85 34 83 4 35 74 50 70 63 44 51 8 62 73 4 39 76 27 67 98 92 28 3 84 14 4 74 10 7 69 10 24 97 43 85 89 32 45 42 52 24 94 44 30 8 23 33 6 18 39 71 6 28 76 26 66 67 58 54 42 34 2 86 60 56 97 14 4 38 37 96 76 43 94 21 58 17 28 59 92 5 73 22 50 57 82 7 62 9 91 11 1 11 54 80 20 28 68 84 33 24 22 83 94 47 13 3 90 57 41 18 79 59 51 71 68 7 33 48 32 50 42 88 15 43 6 7 8 59 31 22 90 35 69 60 10 90 59 57 20 36 70 43 58 21 5 82 55 34 74 72 52 48 56 5 80 38 30 15 7 86 70 29 92 15 98 57 44 6 15 23 78 61 46 96 73 87 40 0 78 5 4 72 51 48 20 30 88 40 85 12 87 65 83 55 87 12 56 57 28 52 37 94 55 77 94 32 16 72 71 8 67 85 84 94 35 18 27 72 67 61 23 67 31 35 63 23 87 78 79 40 47 35 91 65 79 32 61 0 95 46 16 74 85 10 62 52 97 41 13 86 10 16 21 11 71 93 89 73 73 0 65 51 63 53 78 84 38 46 84 46 34 95 68 6 60 88 77 86 41 27 17 8 
71 95 11 5 87 88 39 54 55 71 27 25 93 88 81 72 91 39 59 77 5 28 97 61 20 95 25 94 92 98 23 15 8 84 84 0 12 86 1 93 11 83 44 95 34 42 82 63 28 66 37 25 96 73 11 70 25 74 96 74 52 99 53 30 43 44 89 80 56 75 4 94 15 36 14 51 96 69 41 71 37 25 94 23 43 78 58 78 67 10 99 82 43 30 4 89 98 34 61 53 48 97 20 42 77 30 61 51 9 77 95 52 36 10 99 26 35 42 28 8 2 87 5 4 99 43 47 37 23 24 65 92 64 11 56 64 3 32 66 10 15 96 16 9 46 90 76 87 2 19 20 60 22 29 71 54 38 74 59 97 40 80 21 64 65 64 97 0 99 20 1 5 40 5 19 86 51 0 72 52 98 51 68 78 15 92 16 40 95 46 27 41 0 7 36 61 25 57 34 35 72 68 93 43 59 39 93 43 3 14 60 31 89 63 21 55 70 72 46 64 18 40 9 82 51 13 15 8 34 10 32 64 90 89 63 88 96 19 69 49 51 42 36 28 21 35 62 90 5 32 25 92 38 52 5 42 77 78 45 88 66 94 98 95 57 66 86 73 23 53 48 87 77 98 87 5 60 66 83 31 74 41 78 15 37 66 56 64 58 46 10 13 43 39 45 12 9 53 63 85 28 32 9 13 95 28 21 24 20 78 54 35 27 71 81 22 10 17 10 57 42 36 52 92 36 55 93 48 46 4 54 76 83 38 5 0 83 52 43 4 60 41 13 73 82 94 37 28 69 63 22 51 9 37 97 56 29 7 37 42 0 44 70 58 72 37 91 95 91 28 77 30 60 48 76 57 89 53 43 9 74 14 53 49 35 37 33 5 94 15 78 83 39 5 19 8 31 82 37 26 
26 78 38 45 11 79 32 80 62 66 46 5 70 99 75 67 32 64 73 95 78 19 91 33 27 15 98 61 44 13 80 66 31 0 35 85 23 97 76 13 48 11 91 49 79 34 62 66 76 14 85 15 51 43 93 70 93 78 27 46 11 90 2 62 84 56 95 55 55 88 46 4 27 77 42 68 10 23 1 85 76 86 60 76 28 30 75 82 99 97 17 57 48 89 91 10 92 15 75 45 80 90 83 45 11 20 90 18 87 85 50 41 38 86 82 55 74 81 2 99 6 13 69 12 52 45 42 82 63 48 19 49 84 96 9 77 44 99 80 52 15 65 6 28 4 16 93 23 67 12 10 67 43 6 74 63 69 75 24 63 1 97 30 83 8 14 12 47 2 44 83 81 80 92 44 88 76 21 54 44 4 95 78 74 68 88 85 16 29 51 81 16 78 72 0 26 72 44 28 84 93 53 95 45 56 44 9 4 60 12 56 46 97 54 26 86 39 11 6 45 42 33 28 14 30 86 14 86 44 69 27 27 93 95 2 49 57 25 88 73 26 39 77 50 7 64 16 49 47 26 68 82 2 97 25 8 29 23 12 31 45 27 24 92 42 42 78 52 21 89 78 34 76 52 53 39 40 58 77 19 47 27 28 85 52 6 2 62 8 71 25 94 37 40 73 43 76 70 23 82 31 10 46 43 45 8 45 57 57 52 56 62 29 36 61 48 15 82 32 16 69 17 10 30 42 85 3 85 4 22 30 92 18 17 69 61 33 31 37 45 99 50 99 92 12 86 72 18 33 59 62 27 9 91 78 95 86 26 49 37 92 48 46 61 32 22 95 31 4 81 36 2 21 8 94 0 16 76 20 8 61 61 77 22 97 19 2 70 55 78 87 95 77 62 9 1 36 61 83 73 
58 90 75 56 94 33 6 23 61 8 90 25 71 34 40 45 59 70 6 30 76 79 35 68 28 89 48 81 10 18 97 51 91 25 77 0 8 59 39 4 63 20 89 37 83 5 17 17 97 44 77 47 60 83 15 75 80 16 17 99 14 68 43 10 99 91 87 84 98 64 36 71 38 90 82 72 1 93 84 37 1 12 56 53 69 67 59 12 28 41 92 85 60 4 30 69 10 60 44 55 16 85 81 92 70 28 93 23 9 99 58 13 37 20 42 9 14 59 8 24 74 90 9 59 8 38 49 29 52 44 9 54 30 46 4 16 40 82 65 9 75 47 63 70 28 10 92 38 19 74 5 62 81 33 59 4 99 70 90 0 17 55 66 51 88 18 34 70 26 6 39 11 16 45 94 70 34 31 85 89 92 82 40 26 76 4 90 32 23 20 89 4 98 8 58 77 26 66 46 90 9 86 6 36 62 24 24 96 47 67 62 73 57 69 2 92 25 43 75 83 21 59 87 9 17 92 86 57 88 71 22 93 66 16 87 56 94 66 96 1 23 74 82 30 86 76 29 81 87 60 46 90 50 13 68 26 0 64 5 77 74 67 14 38 7 86 21 67 45 37 99 87 18 75 98 96 0 67 97 60 54 1 22 16 44 60 51 11 65 45 32 56 60 74 19 97 42 28 45 66 57 94 57 65 88 63 54 32 37 54 53 74 18 16 16 85 93 33 37 32 70 34 2 67 10 34 9 23 45 44 78 4 28 13 5 60 17 71 49 97 14 4 86 78 40 87 63 82 63 48 93 69 65 62 80 84 1 74 23 7 90 37 38 33 64 86 83 6 61 65 8 44 67 39 96 72 6 39 88 54 8 76 32 47 72 32 18 6 91 41 14 57 84 14 26 61 27 96 8 85 
36 13 78 15 49 65 86 68 5 27 42 77 27 10 73 34 6 13 59 93 90 68 73 58 99 84 40 29 92 76 0 53 94 57 0 92 54 75 32 23 61 17 98 52 35 95 9 44 19 49 3 2 52 75 65 5 2 27 0 73 47 14 90 49 84 7 1 7 36 49 24 40 59 71 56 45 66 25 40 71 59 84 43 84 87 1 29 38 67 27 13 83 99 18 47 17 88 40 70 26 90 86 83 31 85 90 3 15 31 52 37 82 42 66 95 83 81 8 46 77 61 35 48 53 70 80 82 85 88 8 51 43 27 8 48 21 57 78 51 83 62 14 85 26 80 10 30 40 72 38 36 19 84 41 97 66 31 15 48 90 94 95 43 77 13 85 88 77 25 43 38 63 35 65 3 97 85 5 13 57 15 28 26 39 4 3 7 35 34 89 37 46 88 57 39 13 23 10 22 83 39 29 57 34 78 51 88 34 5 75 64 33 42 94 85 90 86 50 82 2 48 20 80 84 13 85 22 26 17 95 68 64 14 15 59 1 67 66 75 50 80 80 26 21 73 8 88 2 60 81 23 70 55 17 18 5 44 76 33 56 3 71 26 55 97 18 86 62 63 27 77 7 90 16 35 11 8 30 52 54 23 98 46 68 24 36 30 27 27 27 67 35 41 60 29 40 34 58 70 47 36 69 41 44 8 50 84 82 27 3 0 31 72 3 98 90 35 92 41 77 1 71 45 60 3 28 57 11 4 59 0 12 79 82 96 45 40 83 89 43 98 60 97 99 1 74 80 87 21 83 42 96 6 15 14 54 45 4 61 73 83 13 92 40 97 40 6 71 96 91 57 32 65 17 15 37 35 53 84 75 28 27 38 67 14 66 75 66 71 64 30 9 83 47 81 11 76 40 10 97 
78 14 21 16 24 14 65 97 3 21 93 99 50 97 4 86 65 67 56 11 69 72 67 48 44 30 96 65 54 30 21 71 92 0 0 52 56 7 99 16 28 29 79 62 33 17 25 93 27 99 72 29 8 79 9 93 74 62 88 39 17 10 94 26 40 61 7 62 51 7 79 37 1 31 7 64 3 30 93 73 72 46 32 88 6 23 4 64 14 15 2 27 99 35 90 1 92 84 78 97 86 43 70 16 44 49 1 98 2 38 3 57 1 28 99 21 97 26 39 53 2 33 37 24 83 47 45 48 15 90 8 1 54 67 83 21 80 44 68 55 24 55 64 54 80 0 30 83 63 65 42 5 43 23 50 79 36 72 66 99 77 71 46 79 61 15 31 65 29 12 49 83 72 86 87 14 42 24 4 30 70 4 51 67 6 71 89 10 72 59 5 95 42 55 35 34 65 43 5 39 11 53 99 62 6 55 25 3 20 94 58 75 64 58 7 71 29 91 93 92 22 40 19 24 42 5 71 58 69 26 99 44 10 34 7 33 94 6 41 65 44 11 20 29 43 65 93 58 78 72 22 62 98 70 40 16 41 23 48 11 28 30 85 95 78 65 76 95 60 2 68 50 44 43 73 96 18 79 34 47 87 6 34 19 96 55 3 81 35 47 8 10 44 1 41 16 63 84 75 81 36 93 50 60 83 61 93 8 85 77 61 2 90 84 2 23 92 21 25 74 52 82 23 3 72 76 84 43 17 40 24 78 78 81 34 39 52 43 14 26 83 19 80 0 49 4 97 30 14 81 21 95 52 72 22 28 44 43 9 25 52 45 38 42 50 23 44 73 49 31 57 5 74 88 3 60 98 0 41 89 2 35 88 53 28 65 57 59 76 9 13 89 16 50 18 85 4 94 46 96 
97 42 37 62 33 22 51 46 32 41 50 11 49 34 94 71 6 76 3 23 68 40 71 4 54 81 27 16 5 92 41 87 88 60 92 76 48 71 16 71 79 35 65 5 25 52 78 49 75 58 92 49 68 46 97 52 76 24 50 6 99 31 12 67 78 72 82 87 60 12 1 53 99 21 50 69 55 47 56 68 60 35 50 87 40 64 11 63 96 76 62 87 83 13 41 71 23 4 96 27 23 73 47 95 20 49 24 65 76 64 85 47 47 31 22 55 28 82 78 41 52 1 28 84 6 60 88 79 11 82 74 61 38 34 69 38 34 65 0 21 74 35 29 90 94 42 83 97 97 71 98 0 22 98 8 52 91 44 22 79 30 3 83 80 61 62 92 40 97 22 45 51 51 12 91 42 52 67 59 16 53 29 82 38 45 73 13 75 17 99 51 8 32 35 16 68 93 79 12 68 1 76 88 37 94 99 16 62 72 76 70 80 58 34 15 94 28 64 47 30 10 68 54 13 69 14 20 6 16 91 0 34 67 51 76 54 66 19 24 18 40 71 61 81 18 19 88 53 9 48 76 88 45 86 55 50 26 80 0 37 32 91 0 27 49 74 50 7 53 17 38 91 39 61 32 44 27 72 98 42 91 73 49 85 9 74 52 24 49 76 87 29 19 59 66 50 0 46 78 91 18 57 26 72 53 58 74 52 55 32 52 37 78 19 45 14 12 40 79 82 23 47 66 83 79 94 23 15 9 0 11 98 9 91 29 33 94 9 4 17 92 25 31 22 6 73 30 33 9 43 80 85 29 77 49 22 55 50 38 15 58 5 30 85 54 87 95 86 10 0 25 79 41 97 87 30 7 93 28 61 0 65 76 99 45 18 3 2 42 33 52 17 65 4 38 66 33 36 11 60 
81 49 70 7 89 81 15 32 17 1 88 75 41 4 22 10 17 58 20 40 54 0 80 69 45 40 64 52 6 47 74 26 51 81 58 33 38 29 84 85 32 94 50 85 0 13 87 77 24 56 49 43 82 99 44 32 13 92 55 80 81 84 87 65 64 88 34 11 7 13 69 52 84 72 77 58 62 0 11 73 74 41 66 87 34 25 72 41 51 45 56 84 86 95 27 71 65 1 66 63 60 25 19 9 38 66 53 94 89 89 73 45 10 77 99 36 70 68 69 44 38 51 30 27 62 84 10 86 92 22 81 68 81 76 25 76 20 18 60 50 34 60 62 57 74 0 34 19 62 62 11 70 18 2 70 29 95 38 63 90 54 17 28 39 2 63 52 54 28 66 63 81 93 44 5 14 5 46 54 27 98 0 17 53 3 54 88 11 26 67 51 13 24 59 46 74 67 6 4 86 20 23 89 68 15 94 7 98 43 90 57 45 86 26 12 48 69 70 87 48 12 33 13 29 8 60 36 43 9 9 60 92 22 69 20 53 90 14 76 76 92 10 40 15 11 4 27 12 24 52 96 84 51 85 61 22 76 96 49 38 2 28 72 9 60 88 64 42 68 64 63 85 56 52 50 83 7 85 71 19 76 66 34 20 1 54 53 86 99 82 34 14 75 74 1 80 56 99 18 34 8 88 92 11 40 33 95 81 27 7 88 20 33 17 10 19 25 66 47 99 44 40 27 87 5 44 47 93 1 27 2 90 49 49 28 49 42 40 41 8 8 92 1 7 31 48 91 73 42 59 79 45 13 56 19 33 82 22 54 52 82 32 63 65 53 1 11 11 31 63 78 88 60 17 70 25 79 37 2 35 86 62 58 86 41 87 94 29 80 12 32 34 21 10 70 43 91 78 52 46 
39 28 82 41 21 78 1 57 75 30 23 52 36 55 36 68 24 29 97 38 89 2 8 99 5 61 50 5 55 5 72 21 67 33 26 15 34 26 31 32 93 48 25 68 24 38 0 74 30 13 24 24 15 35 76 13 50 53 52 54 81 93 67 44 9 40 69 55 62 63 83 24 31 75 73 51 62 99 18 5 87 73 98 11 45 9 8 58 8 25 52 26 89 72 4 4 31 21 96 97 19 79 42 87 91 71 18 38 78 9 60 35 91 79 0 84 14 38 82 25 63 86 81 17 51 56 23 64 28 14 51 39 0 47 11 84 71 95 5 52 16 97 71 87 70 4 34 22 8 91 47 82 64 16 27 20 83 18 41 68 59 61 97 11 45 99 92 60 5 45 1 18 36 7 6 26 20 60 59 34 30 56 65 82 57 63 39 86 21 46 18 5 86 40 91 32 82 82 65 66 88 87 31 82 14 7 91 30 66 26 95 23 28 76 68 12 23 10 85 64 13 84 13 42 0 33 16 23 51 98 51 34 84 90 10 59 7 49 26 54 66 20 19 85 34 45 64 81 6 15 28 92 59 92 35 55 93 25 73 91 8 69 10 9 21 62 47 86 21 4 20 66 77 92 95 12 96 45 32 35 55 32 85 44 40 53 59 36 89 35 94 12 61 68 77 10 58 11 70 65 77 34 57 43 56 99 82 61 47 45 60 36 76 58 31 52 18 36 6 50 76 89 62 18 62 91 93 5 25 48 34 59 16 13 24 76 25 1 61 11 29 97 77 88 47 89 67 6 7 97 35 44 42 81 53 42 83 18 41 70 46 58 84 56 88 74 18 65 38 26 36 75 71 8 55 41 75 61 49 64 65 8 47 43 75 8 37 39 45 48 78 30 11 93 87 45 31 37 10 91 
82 73 1 87 17 8 1 25 67 41 24 6 6 1 50 14 27 70 35 61 78 39 0 16 9 73 4 5 28 5 13 77 8 12 79 17 28 43 68 79 97 38 65 78 21 19 91 69 18 71 30 57 36 29 10 76 32 26 18 76 46 3 42 59 2 45 12 25 10 46 79 20 36 29 31 18 49 67 27 68 97 82 27 2 85 43 56 99 33 43 70 94 3 8 94 85 79 49 1 33 89 69 99 11 56 91 79 93 84 97 21 80 46 49 57 96 39 97 56 20 98 58 24 60 94 18 33 48 91 99 69 59 3 87 35 92 57 43 80 0 97 17 42 20 82 50 38 8 60 54 67 52 12 37 35 65 35 81 66 15 82 13 1 15 74 26 0 16 42 36 7 26 8 87 1 12 86 34 14 29 66 4 92 85 64 85 84 62 54 71 42 3 36 41 68 7 73 64 82 45 14 93 47 59 57 87 51 29 37 53 22 79 16 17 4 57 32 42 6 2 31 74 48 39 97 69 67 5 20 2 40 58 38 39 49 43 28 84 16 86 78 30 86 43 54 86 86 16 38 19 94 93 58 4 49 59 9 87 17 72 83 56 43 36 79 70 89 87 57 63 95 75 59 23 21 96 39 23 24 84 25 97 67 75 79 87 44 79 84 56 99 65 13 2 34 49 1 18 26 26 28 64 97 69 51 94 68 78 17 91 82 35 77 25 66 81 86 40 14 28 67 39 13 71 44 28 62 36 36 51 81 25 42 47 33 51 33 8 90 21 75 80 97 16 37 57 58 6 19 66 74 77 28 70 18 70 91 81 18 85 45 4 33 75 45 91 92 49 11 33 76 22 21 24 13 20 19 13 65 7 3 87 49 42 44 83 30 6 87 58 67 97 90 90 83 64 70 94 69 67 
28 73 70 4 80 16 13 86 34 23 0 98 40 45 7 88 88 87 91 48 10 11 45 15 97 49 90 40 30 74 1 26 20 35 75 16 86 0 90 30 58 14 1 61 56 69 51 86 98 22 99 27 89 44 99 59 24 65 3 12 19 72 31 85 59 64 83 72 60 40 43 12 99 85 96 4 49 7 30 20 12 68 6 40 4 81 13 66 33 86 61 19 83 44 8 21 17 9 11 14 6 19 13 5 66 5 4 93 9 27 31 55 1 72 93 5 48 65 16 11 78 99 66 25 48 1 24 16 63 15 35 10 77 11 12 60 65 46 2 94 34 48 47 30 64 55 63 40 95 61 76 18 49 98 67 94 24 77 10 37 31 73 18 22 3 2 27 6 33 15 22 31 10 16 49 97 39 38 9 57 6 53 33 56 69 37 46 47 2 86 7 21 22 6 17 44 2 5 54 81 10 94 55 22 36 21 78 57 57 79 83 58 54 9 33 35 90 17 39 68 22 33 58 58 69 5 12 64 72 48 63 39 33 93 81 85 92 12 18 81 18 70 24 49 62 53 3 82 0 33 37 67 39 10 20 43 70 99 70 92 95 14 95 76 36 65 41 59 42 21 92 57 86 13 33 22 33 28 5 62 83 27 93 86 27 61 84 20 91 24 19 42 66 41 69 66 89 98 31 17 66 3 33 17 25 38 65 35 25 64 7 93 91 33 47 60 5 13 19 10 26 80 80 18 64 15 38 95 58 16 34 58 92 0 44 38 99 19 33 6 5 75 22 30 72 28 98 18 9 52 69 12 5 39 93 82 83 81 73 95 9 11 31 74 64 34 38 7 0 94 8 82 93 30 2 46 10 24 34 50 92 80 49 34 22 76 57 32 66 67 8 72 73 14 21 21 42 54 2 57 
92 7 51 72 89 53 6 51 53 37 68 11 20 18 47 32 3 4 29 87 73 88 23 48 81 26 29 84 34 92 29 98 32 72 82 43 77 83 67 75 46 19 40 46 42 45 96 7 43 3 88 68 44 46 7 90 31 83 39 38 64 0 87 20 78 72 8 27 89 18 57 22 35 21 41 65 26 55 0 3 30 93 75 81 3 95 52 39 82 25 22 91 41 85 51 55 55 58 98 84 73 36 59 6 33 72 56 71 85 98 39 42 56 94 81 5 54 44 25 18 30 60 74 44 83 4 1 17 88 55 39 67 25 74 25 21 49 96 97 96 81 8 27 58 77 61 64 37 21 21 3 91 35 67 52 92 64 37 30 60 95 55 80 91 25 20 20 75 57 93 27 1 28 7 31 98 13 60 61 75 73 38 1 70 53 63 0 59 2 48 34 88 34 85 28 1 1 45 80 14 35 63 70 5 20 3 45 19 52 17 74 42 28 98 76 12 44 1 53 98 35 89 48 79 56 47 76 99 98 79 80 68 90 41 7 24 67 58 81 87 46 1 31 58 23 87 92 16 64 66 4 88 45 64 85 23 80 39 12 87 38 68 5 45 57 37 10 39 27 87 53 52 15 16 75 36 7 79 52 95 2 53 69 37 2 64 65 92 24 2 11 93 35 13 46 59 14 57 74 85 42 89 14 38 8 65 15 51 14 67 0 71 12 89 23 50 85 34 79 64 39 44 41 71 7 66 68 76 28 18 52 98 71 85 31 79 75 61 78 7 58 31 58 82 15 5 62 90 62 70 59 65 73 41 95 7 32 34 10 35 35 99 87 6 18 51 37 25 98 49 53 69 70 70 83 72 96 34 43 49 77 24 14 98 74 77 21 45 28 43 21 89 71 22 12 66 71 79 47 36 
91 79 84 96 29 38 10 99 73 84 46 15 62 32 24 12 22 99 91 59 69 39 85 1 4 9 86 29 34 48 75 46 0 67 70 76 65 5 12 33 32 59 6 5 61 49 80 33 97 96 35 19 38 55 65 79 34 85 90 8 27 27 49 5 71 7 4 58 21 0 72 54 52 2 16 94 34 20 75 0 11 60 8 52 7 75 94 43 25 78 64 78 18 0 34 9 50 54 69 84 25 67 76 88 16 31 95 55 25 41 12 26 40 15 20 19 92 7 83 58 78 88 3 7 59 75 38 60 44 3 6 97 85 37 56 73 6 92 52 55 26 96 36 41 29 93 39 3 25 7 49 67 19 83 96 27 14 44 40 76 96 19 10 26 57 96 13 56 33 38 19 54 9 85 99 84 84 25 26 88 58 86 79 58 45 98 18 95 68 87 61 84 48 38 70 69 17 82 27 98 9 29 51 8 35 63 56 3 78 17 97 46 19 77 74 96 85 78 74 34 83 99 64 25 7 63 29 49 53 52 13 70 46 20 28 70 70 76 7 95 88 39 91 86 24 32 70 24 65 0 19 56 41 69 86 82 45 36 60 82 69 86 32 20 20 9 23 83 8 82 94 67 16 68 41 35 1 87 46 98 11 9 38 74 68 1 67 83 34 67 87 81 53 80 15 12 39 62 96 23 47 98 94 35 68 47 35 90 63 34 22 19 81 24 39 23 10 87 94 36 11 69 93 89 42 49 35 83 11 80 67 59 9 91 62 64 47 30 84 69 0 48 91 98 1 0 17 71 93 71 55 26 10 94 87 7 18 35 40 84 8 3 10 86 60 83 27 93 20 63 56 26 25 62 21 23 90 24 60 11 95 16 83 84 36 62 32 97 83 92 17 12 39 71 60 64 86 48 56 42 
25 71 48 69 95 24 87 31 72 57 50 66 39 44 18 19 53 60 85 21 87 97 26 37 6 95 7 77 18 47 27 75 25 46 44 4 16 6 2 33 34 95 52 20 64 21 71 13 30 86 25 63 60 46 72 81 78 25 99 42 4 60 20 33 88 80 83 33 14 96 58 53 62 6 29 18 96 72 31 68 97 98 57 5 84 22 63 72 60 11 41 35 76 23 97 71 78 5 98 52 92 37 50 59 7 25 31 98 70 76 58 92 20 97 73 57 89 63 50 84 18 74 97 58 77 20 51 54 59 56 12 15 69 59 82 0 89 89 30 99 42 95 18 3 93 19 24 22 86 55 90 3 54 37 18 77 6 90 56 57 59 2 6 76 19 44 31 67 57 11 27 14 80 11 90 3 14 67 87 1 35 43 15 29 66 62 49 87 36 30 24 68 42 51 47 82 57 61 17 29 25 33 78 1 4 29 20 36 41 55 93 21 15 55 96 68 88 11 25 76 96 85 43 19 32 47 68 6 87 98 31 68 42 3 62 15 47 37 1 88 36 89 67 70 16 38 45 74 47 86 3 61 62 52 4 23 58 2 17 19 57 98 74 11 20 75 15 0 59 79 28 25 26 54 88 65 81 30 51 14 75 89 99 85 22 86 75 67 10 99 5 85 99 23 18 27 40 3 67 33 5 51 74 94 99 34 61 84 98 17 6 29 0 24 20 89 85 58 33 19 45 60 97 28 61 51 46 66 12 77 99 85 34 32 50 84 47 49 13 1 8 8 45 10 82 37 94 7 37 27 58 24 56 71 84 37 75 87 42 55 14 59 58 20 40 27 41 62 26 90 33 84 65 63 77 53 49 6 79 1 19 38 41 37 62 93 15 27 85 83 39 66 52 46 6 99 36 56 74 72 
24 19 61 60 38 30 17 38 57 13 84 63 16 23 11 94 50 21 93 75 88 14 73 16 72 5 3 41 19 95 18 6 93 98 32 57 47 76 22 86 66 44 44 75 63 34 7 8 74 21 15 83 90 42 51 0 12 74 94 30 64 72 45 33 21 96 3 23 61 55 56 0 32 20 20 55 79 74 38 70 20 27 32 89 88 77 26 90 78 91 19 79 62 34 70 32 60 80 89 75 30 41 22 57 43 0 95 75 98 68 23 48 74 12 57 17 55 88 89 70 9 1 5 23 23 82 50 95 59 28 63 20 20 27 0 79 56 46 75 5 67 29 23 91 83 16 22 57 82 63 5 5 9 84 5 98 70 4 48 91 68 78 52 62 45 93 7 5 21 88 92 43 54 83 38 22 99 51 86 27 8 5 45 66 14 88 30 1 75 40 33 35 37 11 13 66 71 38 71 44 60 27 35 16 2 50 7 13 34 65 30 7 23 44 58 42 60 32 13 51 94 18 16 87 44 11 54 91 77 16 23 22 55 35 16 77 77 68 10 44 36 41 29 67 62 22 32 60 79 74 46 36 31 50 82 16 71 30 10 57 90 65 8 9 60 52 38 9 90 91 73 76 85 68 44 13 80 8 90 64 7 4 44 68 38 35 91 5 96 56 41 48 24 10 70 52 21 22 30 20 2 97 53 80 57 34 63 72 79 18 5 38 40 19 43 56 83 62 6 46 97 80 29 41 70 99 0 76 88 24 8 18 55 48 25 5 33 67 97 69 42 28 84 15 78 83 44 67 18 3 3 80 17 32 11 75 36 27 26 87 40 43 46 36 74 61 63 45 19 31 14 91 37 26 44 38 18 63 31 66 75 82 96 22 0 10 90 83 82 16 85 97 25 31 79 33 67 71 51 6 
92 25 75 86 12 91 8 95 54 1 83 11 3 46 38 32 49 14 48 60 80 68 21 68 54 12 61 1 90 0 14 4 25 18 96 94 99 88 73 83 47 67 1 92 0 61 60 19 10 50 33 62 86 76 53 70 37 78 41 57 16 58 20 1 24 51 16 88 78 37 78 81 26 74 44 21 79 45 28 65 86 25 14 41 72 84 38 54 53 24 54 80 99 38 72 71 63 97 0 99 78 6 37 10 81 70 29 40 69 71 86 33 81 82 51 10 91 56 75 81 75 83 96 10 77 24 19 66 44 71 3 87 9 87 31 4 6 70 28 91 48 95 19 96 68 70 59 8 45 75 37 21 77 91 53 16 32 16 80 80 5 88 70 41 0 23 58 73 24 64 72 38 42 28 51 40 81 37 15 40 19 47 40 28 0 20 35 29 2 69 84 55 81 31 73 76 28 79 18 76 22 6 18 7 94 72 13 28 21 39 14 0 82 94 3 62 16 10 6 5 70 25 66 10 71 89 3 5 47 71 18 78 26 25 41 56 95 73 46 68 24 63 81 82 80 93 86 30 29 9 59 33 0 10 3 10 13 22 44 98 3 35 39 94 19 49 46 68 19 4 93 81 23 39 59 74 15 40 62 84 12 60 41 60 75 37 43 62 70 90 6 57 14 63 73 12 25 10 92 56 21 89 43 30 48 25 21 86 66 18 71 20 63 84 58 94 25 10 45 86 6 56 18 45 22 62 47 36 92 79 96 91 41 72 55 23 97 58 94 32 28 97 96 79 52 69 71 39 97 44 38 83 53 90 7 51 46 30 33 79 72 62 1 9 99 48 66 17 0 70 96 47 83 67 30 48 13 71 34 64 51 85 29 91 39 94 50 94 21 13 8 0 17 33 36 38 63 35 83 75 
87 36 0 32 22 1 37 91 80 49 59 92 99 87 31 36 60 9 18 54 69 16 24 36 39 5 93 7 53 35 92 41 85 30 40 46 57 31 56 48 16 37 46 48 34 67 27 82 9 79 73 40 57 95 8 66 23 26 83 63 69 5 78 72 85 30 40 13 44 68 31 76 85 65 18 47 30 89 14 40 12 16 99 19 33 21 57 18 79 47 11 91 96 52 43 31 49 85 48 81 95 86 83 39 82 70 59 33 12 73 91 98 94 3 74 91 65 60 47 96 20 58 4 97 96 42 55 98 0 79 98 63 30 35 40 79 5 60 10 78 52 58 35 24 48 61 27 12 65 58 24 81 91 81 47 88 18 21 93 29 62 0 89 66 21 92 37 86 13 42 99 87 75 1 26 63 60 78 52 39 66 16 11 36 70 45 47 57 27 27 78 25 91 39 39 23 92 17 47 91 66 98 81 19 15 82 87 38 88 14 97 19 10 22 34 97 99 14 73 2 65 78 2 65 75 57 89 65 79 58 21 7 24 74 1 66 62 33 83 49 18 65 98 96 62 83 66 49 84 87 48 74 30 19 64 38 34 50 42 48 35 82 48 88 75 23 94 13 82 6 17 45 4 63 18 75 98 61 82 87 35 38 86 25 96 41 40 15 20 86 86 24 26 11 92 68 80 69 53 39 29 37 34 49 65 7 77 55 43 2 99 15 91 69 56 31 25 30 80 40 54 1 39 42 38 83 24 27 57 68 61 88 2 17 86 29 84 38 84 65 39 39 8 53 87 93 56 65 56 16 1 5 50 3 70 9 69 59 88 88 95 47 27 61 49 91 64 33 47 64 43 91 12 92 42 30 65 90 38 63 13 88 6 15 93 99 46 61 69 51 37 19 15 7 47 56 69 23 36 86 
69 29 41 55 64 69 40 54 60 8 45 15 36 86 92 49 32 38 49 99 0 94 63 0 35 49 76 0 44 97 43 59 30 12 63 32 21 93 47 75 72 66 10 83 12 38 42 67 45 0 59 46 76 74 1 88 9 7 94 46 1 49 33 1 10 35 48 99 86 13 87 59 37 54 61 82 47 23 38 6 82 5 45 58 60 61 92 54 51 57 39 12 20 2 93 3 57 48 25 55 11 93 51 45 87 30 9 25 93 74 72 49 85 9 63 51 96 16 16 10 11 77 36 5 61 1 20 69 15 76 81 64 31 53 76 21 23 91 94 54 84 80 77 20 68 3 64 34 7 51 96 17 72 13 4 98 0 6 49 83 61 79 97 19 64 65 69 20 39 1 13 40 5 42 93 28 6 16 53 82 7 97 60 77 45 82 49 25 30 37 25 74 37 20 5 2 45 53 15 81 68 59 54 76 88 91 35 87 75 80 29 60 83 40 45 73 80 36 39 80 57 26 32 77 52 33 64 32 22 96 37 29 70 75 60 92 49 70 56 92 83 95 45 95 11 50 63 98 20 99 31 87 38 96 61 12 15 20 59 82 60 91 32 26 10 87 0 71 21 46 19 16 69 33 81 79 80 20 97 90 9 31 69 28 46 25 76 40 96 54 29 22 37 90 71 18 78 72 66 97 14 68 93 77 7 1 4 28 60 94 40 64 23 59 60 86 67 39 54 68 69 11 39 87 18 65 35 61 36 78 41 79 58 12 54 2 69 77 42 91 4 36 23 17 6 17 97 30 39 19 71 12 4 3 44 33 79 72 76 85 7 57 29 56 31 66 53 68 57 75 45 39 16 29 87 19 30 7 99 65 80 68 51 37 39 45 89 85 49 22 85 4 46 60 99 92 27 10 46 89 
8 76 86 8 81 79 12 89 3 66 43 20 60 8 52 50 9 23 45 58 2 12 99 41 47 80 3 84 89 7 34 99 22 3 63 31 65 8 53 88 98 37 60 55 94 77 13 3 13 91 37 96 31 58 25 97 97 41 52 19 72 43 21 6 35 46 68 63 18 25 2 22 17 66 11 88 81 72 8 61 53 74 17 72 77 32 44 51 48 75 51 13 18 20 86 61 48 95 45 60 38 62 64 78 65 31 8 1 3 73 85 31 96 0 92 21 95 22 80 27 88 46 91 14 18 63 18 28 55 16 97 3 7 34 83 84 79 85 58 69 91 80 37 33 70 0 63 3 56 4 28 94 1 58 25 95 8 15 76 51 90 7 84 67 88 11 6 17 57 16 53 97 57 81 96 67 75 76 17 11 18 41 60 30 7 50 92 55 76 74 29 51 15 68 59 24 56 15 26 60 37 48 19 84 97 79 97 42 71 62 35 28 80 82 85 98 86 63 25 27 58 22 53 91 60 9 98 39 77 55 7 45 14 73 93 90 87 71 89 45 22 35 21 34 30 63 91 31 22 9 12 34 6 96 95 51 84 68 64 7 90 59 20 81 55 22 82 3 87 2 23 77 21 3 2 38 0 40 1 11 95 72 68 60 88 52 48 83 14 59 50 16 91 10 13 55 58 96 8 40 6 69 28 80 94 13 30 42 42 52 16 97 53 68 62 21 52 98 39 56 12 96 67 50 84 78 71 99 86 63 19 12 34 95 4 44 98 83 14 77 20 65 43 61 41 20 21 58 99 66 77 13 65 96 88 54 61 81 22 89 99 31 24 59 12 51 90 37 26 63 90 36 50 89 95 52 37 17 30 10 7 67 69 79 33 82 9 67 94 96 33 14 25 76 19 50 29 28 39 1 
32 46 77 73 60 61 96 97 19 87 0 73 42 6 72 85 4 44 13 58 39 83 81 73 24 9 91 12 19 71 38 62 74 88 60 35 66 69 5 0 61 30 28 8 14 39 77 11 66 8 44 21 65 58 13 11 88 79 17 70 8 80 83 88 38 85 42 66 92 52 27 46 5 78 6 2 53 6 17 49 39 7 35 83 90 84 54 83 41 6 68 74 26 71 48 89 78 4 52 39 19 40 5 62 25 66 81 39 1 67 36 32 75 73 46 61 83 87 0 89 39 78 69 6 95 83 75 59 45 79 78 53 37 43 88 88 27 71 89 64 84 5 45 75 63 78 56 69 97 69 22 41 75 87 3 41 46 42 84 33 90 16 27 68 56 30 3 77 50 2 28 80 77 21 69 3 49 25 6 82 94 27 64 32 31 60 79 16 62 22 32 92 31 20 35 41 30 89 47 87 98 36 83 55 36 35 3 82 50 60 24 4 92 5 79 61 96 63 93 94 77 56 23 59 83 7 28 55 69 56 59 97 7 60 97 86 0 87 52 98 51 93 97 99 22 70 95 40 59 30 68 67 34 27 60 6 62 52 51 90 27 26 88 56 45 57 4 27 27 5 59 75 62 9 1 28 27 76 43 30 66 98 49 92 65 73 59 82 80 45 15 87 74 12 18 30 12 82 96 65 52 69 9 15 33 60 73 11 5 61 32 66 71 7 39 15 82 49 10 77 49 4 46 13 97 78 12 58 44 96 86 45 27 78 94 36 74 33 37 30 67 50 42 60 56 36 67 15 77 98 38 65 49 18 32 64 64 12 39 61 37 95 82 9 88 85 13 98 63 90 76 63 5 23 64 41 35 63 16 29 94 17 18 62 25 83 86 33 27 18 38 37 91 75 79 24 88 98 6 71 
11 89 31 49 63 11 90 44 23 6 27 91 26 22 24 27 15 26 75 70 86 88 62 96 35 72 65 90 89 73 23 5 58 63 29 21 29 68 93 17 32 86 67 28 79 16 40 32 32 17 25 26 89 33 34 26 31 57 50 0 8 25 81 63 48 48 95 74 11 28 85 20 74 23 25 64 42 53 59 29 49 90 53 42 68 18 83 57 40 71 3 37 78 20 79 50 53 80 72 64 33 52 13 26 93 44 81 84 24 43 45 79 36 18 66 88 35 27 16 35 23 26 83 85 77 40 83 17 45 66 29 43 31 84 6 50 33 47 74 99 75 15 5 21 3 77 93 63 54 0 10 16 6 2 72 21 35 26 37 92 64 51 94 56 93 88 59 21 34 94 97 17 1 49 20 75 84 79 25 27 38 25 21 30 47 83 10 48 94 2 26 83 78 84 82 46 56 79 17 10 72 90 69 39 20 81 41 2 85 71 40 69 77 13 4 91 37 56 62 34 84 79 74 43 91 78 34 45 2 99 56 1 87 39 67 64 34 30 33 45 73 75 74 72 48 61 64 55 32 11 84 72 11 91 12 99 39 56 49 54 33 34 99 90 51 17 90 80 25 74 63 20 15 77 20 44 12 21 8 56 51 74 51 17 69 84 12 95 54 41 84 96 99 29 6 50 1 67 63 44 95 39 40 27 13 2 30 62 39 61 49 40 84 42 68 21 97 99 56 84 37 24 82 91 30 80 14 32 75 38 34 35 23 70 80 39 66 45 11 25 23 5 47 30 18 14 62 61 51 92 94 29 18 70 48 88 8 70 67 0 74 15 6 29 73 71 42 79 70 36 64 93 99 29 61 31 69 60 82 12 71 7 22 7 31 43 10 30 31 37 12 63 67 83 12 30 93 25 23 44 
57 77 8 27 54 60 95 22 89 86 4 74 41 39 9 36 2 47 51 53 74 67 10 72 89 69 35 71 75 10 94 9 23 6 92 42 94 51 30 59 62 65 59 11 65 42 94 18 97 86 48 58 33 37 57 91 3 32 88 79 99 48 36 62 96 61 19 86 2 2 50 14 36 13 35 80 63 14 30 96 7 3 32 4 51 43 24 97 43 3 2 75 57 88 32 71 69 18 18 67 14 69 46 36 60 42 81 68 35 80 73 91 59 75 28 47 54 32 59 9 72 47 6 9 89 94 79 45 36 95 41 54 46 59 19 48 12 4 65 88 29 84 18 2 15 18 15 71 17 74 47 27 86 68 47 59 24 54 76 39 54 71 95 78 30 2 40 90 5 54 50 14 14 85 38 41 30 84 98 21 28 23 84 91 12 6 98 33 96 71 32 89 16 33 49 0 14 12 94 11 52 17 85 20 0 68 44 65 28 93 4 36 28 88 69 26 48 37 23 98 30 38 63 72 8 38 58 71 94 90 33 38 59 21 81 2 52 2 57 72 65 37 22 85 3 29 79 31 17 72 41 14 99 35 24 11 56 78 71 7 18 24 52 7 40 62 3 86 51 73 1 45 29 7 92 30 26 94 61 15 79 29 1 73 85 26 12 74 78 81 59 84 79 21 56 39 1 8 43 94 87 58 79 5 8 36 49 61 13 82 40 69 27 58 34 28 94 63 98 42 28 14 51 43 87 43 20 93 16 94 80 10 42 48 95 54 54 24 50 66 1 83 80 93 47 15 69 57 77 50 27 70 93 10 34 15 3 68 28 41 24 98 19 8 71 29 34 39 20 75 10 55 40 35 16 31 96 26 53 39 65 10 18 62 56 10 50 28 68 97 74 4 97 58 55 98 50 99 84 52 
20 60 2 74 64 99 96 76 62 18 63 71 76 88 28 99 67 20 68 71 5 18 20 41 6 91 41 43 70 47 8 30 39 25 53 91 51 55 69 27 34 22 31 23 41 16 61 39 9 84 78 63 21 35 6 96 53 76 20 76 69 45 43 52 26 12 20 36 3 34 99 32 26 39 8 18 8 10 20 85 30 52 96 80 38 75 45 17 41 71 93 84 70 21 33 78 27 74 11 71 63 58 81 16 28 41 11 45 5 74 54 86 42 6 29 31 59 19 93 5 38 26 51 19 9 54 29 45 24 95 61 84 94 65 60 46 54 68 39 19 44 63 86 68 93 67 6 51 71 31 41 67 9 71 43 93 6 45 23 4 28 30 30 53 74 80 16 70 22 63 89 16 85 54 45 2 96 28 15 36 44 63 93 56 20 64 41 83 97 15 48 11 14 73 0 28 30 83 36 17 79 8 44 8 72 79 98 5 57 78 99 10 61 55 59 2 36 73 40 56 98 34 44 75 96 50 76 76 2 5 84 86 4 17 13 64 97 18 26 35 21 84 94 94 90 99 53 52 85 32 97 77 10 94 26 11 81 94 57 2 50 32 97 61 79 79 28 75 1 7 77 34 64 76 25 35 11 70 31 87 32 79 19 4 79 45 47 47 45 73 97 96 46 34 19 2 15 82 44 34 6 69 78 86 27 60 12 42 56 69 94 45 71 56 11 92 38 49 2 87 60 22 40 85 46 4 1 14 56 85 9 23 17 14 25 81 80 74 90 86 5 48 45 1 28 5 96 54 36 91 96 52 98 19 23 18 54 18 68 80 46 86 96 88 91 68 59 65 65 59 28 63 23 75 29 43 61 74 91 68 63 79 36 69 31 6 6 41 27 76 51 93 25 83 29 5 62 80 28 86 
84 94 45 37 52 10 66 40 32 17 3 5 1 69 7 79 31 64 4 97 63 25 59 60 69 77 63 72 84 85 51 74 75 65 54 93 85 28 83 67 95 17 98 97 9 73 33 33 98 77 94 86 15 39 72 97 51 40 7 23 24 73 25 71 73 86 59 50 35 94 81 48 40 65 93 72 62 54 13 95 36 65 71 73 52 72 9 68 9 16 29 81 65 14 82 60 46 46 51 16 56 24 67 19 90 22 70 87 86 66 20 73 46 16 60 49 88 37 98 78 48 12 16 67 41 5 1 42 25 5 82 0 26 90 22 25 97 16 65 58 88 43 97 20 58 25 72 34 57 94 44 46 5 82 84 60 67 94 62 24 80 23 62 1 31 12 6 57 49 15 69 63 88 78 1 67 5 53 44 77 70 94 23 68 50 72 6 72 71 45 58 58 6 32 52 15 45 2 10 16 30 86 35 8 94 46 91 90 20 68 4 53 58 75 82 53 49 71 78 72 69 82 53 76 67 31 47 99 55 55 74 17 24 71 3 64 26 45 36 10 97 38 71 34 67 55 82 20 4 2 51 58 53 8 18 23 27 57 89 72 96 52 43 84 83 76 72 92 84 57 44 58 66 35 17 53 24 47 19 65 13 95 38 93 35 85 34 86 47 86 50 78 90 65 69 53 19 82 62 82 24 87 98 78 86 34 44 68 73 79 0 65 42 44 6 30 75 59 84 30 53 94 59 61 68 14 75 41 84 68 90 89 10 23 23 59 53 80 41 6 38 98 1 7 21 51 12 87 81 94 65 34 6 61 0 90 82 6 30 71 55 56 24 26 94 41 46 68 58 89 23 44 27 74 11 55 81 50 8 75 78 12 77 18 62 34 16 28 96 39 5 83 78 96 91 35 72 37 8 13 
59 45 92 32 64 61 26 54 82 49 97 98 4 84 27 50 82 71 39 36 26 59 17 26 98 18 44 19 29 26 52 86 79 68 44 41 21 0 9 90 52 58 43 61 16 69 31 75 20 90 63 33 69 35 54 59 60 12 59 10 91 77 99 88 42 17 0 7 86 87 73 98 83 56 35 23 51 44 47 84 98 52 97 35 35 87 75 55 70 43 67 1 40 46 8 98 0 86 68 91 63 34 97 55 3 90 17 76 63 9 68 77 70 52 16 18 21 22 53 96 6 78 92 15 34 73 12 5 77 37 15 84 5 8 6 83 0 13 24 73 54 16 69 35 90 24 82 87 3 70 95 12 7 55 83 32 19 86 55 11 90 39 97 7 78 67 31 81 66 81 17 93 75 0 92 12 45 34 47 9 42 41 53 42 12 80 76 33 54 0 48 99 25 59 32 70 36 13 42 65 90 17 80 76 25 55 89 83 83 55 88 44 44 4 21 3 27 30 34 21 10 16 84 90 31 75 58 19 9 75 16 88 58 19 16 95 90 23 53 89 55 27 73 17 35 79 93 26 23 85 10 96 49 22 22 22 92 93 3 22 79 33 39 21 91 49 93 45 65 37 51 60 11 30 93 43 53 38 77 15 68 93 47 54 74 58 67 42 25 94 88 9 44 18 7 8 42 76 32 54 98 45 25 63 66 44 65 34 20 8 54 26 98 41 78 20 41 16 30 10 8 26 56 42 50 52 83 10 61 4 13 74 85 18 52 15 0 52 92 99 75 34 76 20 81 19 94 77 54 12 64 63 55 9 77 40 60 73 76 94 2 73 39 22 38 46 58 75 57 75 39 5 70 48 38 40 49 17 12 38 65 77 93 16 45 99 8 88 50 6 2 40 76 27 3 9 17 39 3 47 
86 5 93 48 72 38 8 39 2 32 36 46 42 32 16 29 89 19 99 61 47 63 79 77 34 13 56 40 66 26 91 47 25 34 67 20 35 8 96 16 5 96 97 33 37 17 5 74 97 67 90 99 93 11 42 72 90 80 39 46 9 91 65 4 55 58 93 42 90 50 51 11 20 8 48 67 51 56 77 36 44 5 45 35 47 68 89 41 23 16 88 23 54 1 9 21 16 12 66 25 21 7 64 12 76 42 0 5 62 28 52 75 6 1 50 63 81 36 1 45 45 77 22 95 26 14 48 82 49 97 35 82 25 12 65 88 2 4 22 34 3 35 26 61 55 29 52 41 52 76 61 54 0 55 21 79 27 36 50 52 60 22 39 48 16 17 58 46 56 7 37 2 23 91 33 16 31 28 53 53 30 32 94 19 64 13 27 86 15 64 18 34 87 24 11 87 55 58 56 10 68 63 98 86 80 5 84 99 6 41 77 46 36 68 99 33 13 48 29 92 56 14 33 80 36 54 38 27 54 95 47 45 24 23 77 57 88 1 29 19 48 17 46 92 38 99 49 70 87 33 18 98 72 18 82 87 9 59 33 57 42 67 54 98 86 9 37 15 5 54 92 58 29 40 29 95 57 99 91 45 26 69 99 67 29 99 94 30 9 22 0 92 93 43 82 89 41 43 66 21 9 66 39 18 49 94 61 84 23 90 14 22 70 67 7 91 13 31 4 93 36 0 30 44 32 3 34 54 44 18 78 62 91 19 75 3 77 38 95 86 22 81 46 74 24 38 0 22 87 8 89 41 57 85 7 86 0 51 63 74 17 30 74 90 23 18 47 67 11 30 46 53 84 36 22 52 90 61 26 77 35 11 97 48 38 37 8 85 88 11 57 5 79 47 49 17 28 19 40 9 
16 68 84 34 91 38 51 20 38 89 22 32 53 40 19 69 78 20 65 69 31 59 11 81 14 36 85 84 12 66 85 2 25 49 33 4 38 25 16 19 34 10 52 21 53 14 19 1 5 1 33 95 19 90 29 84 42 71 90 91 62 22 80 3 65 77 82 35 4 15 10 68 48 80 35 46 31 75 71 22 51 53 25 82 23 21 24 5 43 94 97 68 14 5 1 9 99 55 71 91 83 21 28 31 78 26 48 66 63 49 52 51 9 48 13 10 59 52 80 80 70 82 62 5 21 17 65 64 89 29 99 69 86 3 79 17 22 14 26 69 77 81 49 88 73 62 56 87 95 75 88 26 33 19 96 89 81 47 28 22 62 41 23 57 5 76 7 13 11 74 94 40 81 39 56 46 36 11 74 82 15 61 17 66 81 88 3 68 11 39 89 85 41 72 90 37 12 78 31 51 73 11 68 22 99 7 5 44 90 42 76 26 19 76 38 41 26 47 13 83 11 52 17 96 20 10 37 55 67 27 48 76 72 97 19 56 4 24 41 51 60 8 62 80 19 98 0 29 13 82 7 37 62 40 91 12 54 39 28 82 6 0 89 39 68 75 79 8 18 83 12 77 0 33 55 94 47 96 59 28 84 58 32 30 26 1 64 0 99 86 14 22 53 89 31 8 21 91 70 8 79 97 5 80 68 77 4 19 15 58 74 74 85 71 18 55 17 92 64 4 11 76 3 4 45 78 89 95 55 95 33 48 73 27 53 96 14 0 12 32 51 91 49 17 87 88 21 31 93 53 22 84 10 41 64 51 64 30 20 89 62 4 75 10 38 28 59 67 64 2 76 71 0 89 30 87 65 47 90 10 68 79 46 73 49 81 89 84 15 71 87 89 66 74 17 44 88 3 0 55 
65 50 16 67 20 98 30 55 93 86 97 69 64 20 85 86 78 0 89 13 83 3 63 7 87 29 46 90 93 43 63 59 37 17 7 84 53 87 44 42 42 50 69 47 91 74 63 80 82 38 73 16 30 55 24 68 82 32 68 50 36 93 5 28 64 11 18 43 21 8 34 7 48 19 59 76 8 62 7 57 46 2 37 29 74 39 57 7 37 81 47 58 45 17 30 21 25 76 40 95 66 33 76 58 83 41 10 21 83 60 22 35 80 73 32 50 46 22 87 37 69 42 40 5 4 31 41 74 6 27 21 52 42 89 47 48 47 36 91 69 8 60 20 70 70 67 70 73 89 58 81 48 67 20 59 12 73 39 55 35 18 14 3 23 55 57 3 7 8 27 26 40 19 9 15 32 26 4 52 17 1 17 48 10 78 22 39 94 32 64 91 97 74 91 12 38 56 34 3 78 66 71 94 46 68 40 2 39 62 72 6 99 93 60 67 70 85 94 41 95 41 83 82 99 52 83 72 0 81 5 15 78 53 32 3 28 91 74 15 83 20 62 43 30 25 31 63 21 70 46 85 87 76 24 27 22 97 14 92 62 14 77 85 41 33 74 50 57 72 81 91 70 46 3 40 14 37 30 96 66 48 64 9 3 29 39 39 29 49 84 8 46 23 9 26 42 38 32 55 62 11 89 45 82 15 27 92 19 89 40 37 21 30 66 48 38 76 96 1 56 21 56 79 31 88 44 97 1 29 44 93 1 89 76 66 14 99 2 88 6 53 34 63 79 62 8 24 48 38 50 7 55 15 3 89 62 41 47 60 19 32 52 37 96 72 76 81 39 42 32 8 66 85 36 25 11 55 52 50 50 21 11 18 87 8 61 44 73 30 70 55 71 45 65 42 63 37 38 27 8 
80 24 51 16 57 58 16 1 53 24 65 59 78 5 44 27 37 42 41 67 51 17 59 81 90 67 25 8 49 70 47 49 53 56 77 35 21 64 67 41 96 94 29 79 82 49 97 23 41 90 71 65 81 12 28 14 93 38 94 5 19 96 90 2 65 42 71 31 50 70 19 72 93 92 96 47 84 10 32 8 87 52 44 61 46 66 85 17 45 33 12 54 38 60 16 56 16 99 9 72 90 47 51 77 82 27 40 26 51 78 42 88 81 18 96 34 23 8 67 10 1 77 68 13 84 25 88 70 10 79 86 23 47 52 52 53 4 38 29 8 1 91 31 82 54 38 88 96 5 23 45 30 51 62 73 8 48 13 47 20 16 73 59 43 99 29 82 38 63 39 52 46 33 78 6 87 42 73 72 88 30 80 72 87 14 84 64 86 69 90 4 27 96 74 40 16 48 74 12 86 64 76 92 87 95 87 51 13 40 83 87 41 24 2 67 8 78 43 32 28 5 49 80 86 84 11 99 27 72 70 83 25 5 34 55 75 82 18 91 79 18 99 34 87 90 0 95 26 59 43 30 73 27 33 34 9 10 18 99 15 69 87 46 61 92 1 34 46 44 23 22 50 71 23 0 46 15 1 60 91 77 19 65 89 87 72 71 49 40 27 22 88 18 79 26 84 55 69 51 33 40 77 51 69 28 57 34 7 37 22 5 90 48 84 2 72 57 16 31 5 32 48 77 42 79 23 18 58 64 62 82 63 15 74 23 24 15 42 71 82 7 31 83 32 20 14 97 15 21 2 97 53 16 19 31 6 27 47 31 21 14 11 63 25 95 56 57 47 29 90 8 77 93 52 53 59 41 93 29 69 80 18 25 82 19 22 41 3 56 35 9 63 36 49 17 2 21 59 82 83 
94 44 29 98 79 24 80 1 92 5 3 15 16 8 81 91 65 3 18 82 41 86 39 83 28 48 28 70 85 69 30 87 71 90 9 40 29 45 39 62 83 69 46 27 62 0 66 92 45 79 3 54 38 89 50 90 17 80 1 5 28 25 76 59 82 14 49 96 59 61 43 88 27 46 75 43 98 9 63 42 85 73 55 59 20 20 73 39 31 53 0 72 36 50 36 12 16 37 4 52 65 73 48 77 69 96 1 31 89 72 22 39 72 43 95 65 73 71 85 62 62 14 12 2 14 57 68 69 98 19 59 26 27 37 49 65 16 15 89 46 13 9 35 98 62 47 99 37 2 26 1 3 70 44 50 19 83 46 65 30 79 56 81 94 6 24 14 2 43 39 62 11 64 64 3 8 76 18 34 62 59 49 46 87 11 63 49 40 46 33 2 8 14 79 35 27 44 32 57 18 24 3 2 77 53 29 70 39 32 88 57 28 13 95 15 13 78 27 34 12 18 57 20 62 21 26 41 25 2 39 23 17 66 17 46 85 3 19 47 2 47 29 83 16 14 5 81 94 57 60 88 11 69 76 74 60 19 31 74 80 57 10 43 85 72 87 24 77 60 3 27 57 41 12 17 65 96 39 88 84 69 89 20 74 14 32 54 51 24 71 2 85 95 69 43 84 48 94 20 21 11 34 1 73 63 47 22 47 37 9 87 53 71 48 94 63 16 90 60 57 83 90 50 55 26 20 99 89 97 21 45 7 96 85 78 65 59 48 87 27 39 14 39 49 77 35 65 41 57 2 1 17 82 3 2 70 37 54 24 17 87 22 0 97 3 51 65 57 47 64 20 64 13 76 43 94 77 55 45 57 68 3 25 12 64 28 93 2 99 88 38 67 18 83 77 6 4 79 15 22 
37 79 56 46 86 33 8 26 17 84 72 65 57 51 19 36 10 83 24 88 98 51 68 79 90 65 55 83 83 0 87 7 43 16 88 54 4 10 81 93 15 29 71 72 20 20 12 92 98 61 47 92 37 96 82 73 3 64 74 66 44 3 47 40 75 1 31 35 94 19 51 17 85 40 29 51 2 75 8 96 37 54 73 68 32 30 26 14 22 76 31 25 3 92 0 26 43 96 58 57 64 60 14 4 77 99 20 68 57 0 17 77 71 93 70 6 51 76 77 45 73 5 14 60 92 95 28 80 58 30 68 56 6 16 73 69 34 59 8 85 62 26 90 6 77 44 31 85 10 13 98 54 89 54 66 94 96 55 19 98 24 7 46 61 24 60 5 73 68 76 50 26 73 47 17 68 93 41 8 82 5 6 83 6 31 64 56 47 77 6 68 52 85 31 39 27 10 16 29 87 59 77 62 73 63 69 99 21 92 61 4 31 84 39 36 44 25 15 76 35 48 34 12 27 45 41 16 39 68 96 2 59 47 24 79 40 18 21 75 43 15 76 20 2 44 16 6 24 29 51 41 35 6 8 59 18 8 51 37 43 51 96 91 17 76 15 30 67 76 19 57 82 65 34 44 19 95 29 77 15 69 92 91 50 61 56 60 66 46 71 17 14 61 36 69 34 86 87 66 88 87 63 35 36 77 82 18 37 30 21 8 24 3 57 59 80 75 53 39 22 27 54 33 85 51 15 15 61 17 44 64 69 89 40 35 79 21 6 49 40 26 89 36 11 54 36 65 86 55 33 62 50 87 51 80 90 54 94 18 27 10 62 91 34 65 28 25 62 0 60 63 4 41 18 32 9 74 23 88 91 92 78 34 90 27 88 15 52 52 49 74 70 99 52 4 69 11 85 50 50 
78 37 77 70 17 41 81 65 86 47 97 11 96 93 1 31 45 55 85 23 79 8 82 44 57 27 51 88 78 24 26 86 55 64 98 37 8 17 70 67 76 39 19 58 86 2 83 68 75 17 59 87 46 22 55 13 53 8 71 34 96 49 8 22 62 39 59 69 20 89 64 19 95 73 71 41 70 81 76 45 11 6 33 53 52 61 40 47 53 81 24 80 76 43 28 22 98 28 83 22 8 52 67 2 95 83 60 91 0 61 79 83 87 58 22 93 7 79 30 36 27 34 68 21 50 48 60 31 56 37 83 81 39 55 54 7 61 82 19 41 12 92 36 13 29 45 2 69 74 53 88 76 38 65 8 53 58 90 81 36 65 72 30 94 3 2 14 3 71 46 36 14 58 76 28 79 99 74 7 79 61 79 55 9 85 68 83 64 29 82 78 38 21 42 17 99 31 13 2 72 74 91 26 62 74 70 47 2 24 58 26 42 60 5 43 89 34 44 15 71 37 24 45 11 80 62 32 70 39 63 19 41 18 1 90 65 41 50 88 16 28 46 74 79 47 98 3 15 80 97 88 85 39 68 14 46 71 82 82 34 95 82 40 79 16 99 91 68 57 43 24 0 2 87 53 97 78 47 32 64 83 31 7 78 75 85 30 76 48 20 99 51 79 16 78 36 10 74 46 6 39 35 66 7 40 4 59 4 25 60 29 23 7 58 36 87 70 68 73 47 37 33 77 10 56 34 89 7 46 91 98 43 48 24 35 7 61 88 13 36 76 65 3 24 8 21 30 71 90 30 66 14 56 13 93 58 36 24 0 28 30 75 80 8 30 67 55 11 21 98 23 22 35 10 37 47 14 6 66 22 93 0 6 13 63 88 90 72 48 25 47 84 8 97 16 20 47 72 61 44 
73 67 88 17 55 95 20 13 49 27 47 61 45 65 64 56 8 25 26 90 68 67 76 37 50 60 85 63 73 34 25 72 71 59 69 9 70 7 83 89 69 77 66 31 32 96 85 36 81 25 89 79 25 28 68 26 30 3 91 82 38 67 32 45 64 46 77 79 98 19 63 88 30 43 38 8 53 84 20 53 29 61 88 0 25 9 50 68 87 71 0 80 81 5 38 87 72 67 21 34 37 59 40 0 53 91 4 97 91 38 62 21 36 39 27 74 26 30 19 93 25 76 93 93 26 69 2 33 44 32 28 10 37 7 97 60 92 51 32 61 12 90 11 66 54 71 93 54 34 31 82 8 80 34 85 49 45 99 65 31 62 87 19 40 60 26 63 13 65 88 5 92 95 24 74 59 27 39 71 52 71 3 85 34 20 96 6 37 93 91 34 41 72 81 38 83 88 74 69 85 90 10 40 78 4 44 0 81 71 25 0 6 40 27 48 98 45 87 48 44 8 88 30 32 88 34 20 27 48 85 24 78 53 89 72 68 83 5 8 23 98 51 9 86 29 36 1 76 91 0 28 15 78 91 45 55 56 65 21 21 52 88 7 75 32 68 94 73 60 84 31 93 20 7 53 55 73 79 41 88 54 61 50 25 33 89 10 34 87 4 95 8 91 95 11 97 81 29 57 98 43 77 68 3 13 53 9 6 22 99 83 67 34 2 77 42 94 52 66 77 56 77 11 28 43 2 28 18 43 54 38 10 93 68 64 50 21 19 13 22 11 19 4 20 60 93 29 30 61 72 60 65 41 81 36 13 99 96 97 54 34 96 68 1 48 25 38 73 53 40 24 87 20 82 99 3 94 4 52 82 14 31 81 61 81 52 56 60 31 82 95 27 62 47 36 63 1 71 47 20 
15 15 91 73 50 89 98 81 97 77 79 85 86 59 56 70 52 93 83 24 96 84 37 79 74 63 90 13 21 80 91 88 13 53 21 21 11 24 69 97 30 22 5 87 87 10 22 43 90 14 18 90 64 46 52 93 12 75 33 30 98 82 41 84 53 62 47 94 68 91 61 7 19 51 76 65 83 86 86 8 35 25 57 4 56 0 71 94 52 48 62 54 2 58 46 24 41 53 88 21 97 14 26 12 22 54 68 90 84 79 69 73 91 71 15 40 8 30 99 56 68 18 60 22 83 75 57 5 43 44 57 20 95 68 91 55 30 46 10 26 16 3 95 91 94 72 32 34 5 71 51 29 33 89 72 97 11 23 71 2 65 85 26 9 68 54 89 60 30 18 58 38 54 20 59 57 45 12 42 16 45 48 16 77 19 5 61 35 69 8 24 99 6 33 18 68 41 53 95 28 80 31 91 45 57 16 70 48 78 83 67 12 82 5 54 71 99 9 56 93 88 92 22 97 34 76 53 99 91 2 58 38 67 81 10 99 67 61 39 46 26 76 83 74 10 70 0 31 7 83 1 81 86 89 52 66 13 78 72 72 73 24 33 14 75 68 10 45 71 44 87 53 22 88 63 84 47 94 31 85 80 9 3 78 58 63 36 97 75 3 39 83 22 62 85 92 24 59 40 22 41 44 41 9 28 51 34 52 20 47 30 42 87 12 91 21 84 72 71 19 84 50 14 86 64 79 50 53 66 64 76 66 65 23 2 36 42 69 82 50 40 51 90 89 26 80 84 76 92 54 64 10 4 92 71 3 66 56 71 52 81 53 49 5 79 99 14 32 58 14 12 40 37 47 38 54 67 72 27 34 26 35 92 57 27 1 85 77 80 97 69 30 21 43 47 32 67 73 92 41 
6 25 26 20 54 31 51 81 37 21 19 88 78 61 10 60 81 53 50 53 74 90 35 66 67 45 51 66 97 37 24 17 77 83 48 77 15 87 5 91 4 60 21 16 93 32 43 96 94 64 82 98 32 42 34 52 97 81 65 87 85 31 12 94 31 68 89 28 96 46 55 16 27 91 48 0 25 34 95 20 23 81 26 76 18 51 9 60 56 70 16 4 32 19 89 51 60 0 54 83 53 33 94 98 4 87 5 12 15 6 37 33 58 94 82 47 48 95 5 39 93 3 89 20 16 16 70 9 51 99 75 53 90 88 89 91 94 91 56 19 20 39 53 13 25 21 5 32 18 11 46 16 14 41 59 36 35 23 73 3 30 88 99 67 31 71 17 30 25 17 56 49 74 78 0 50 42 23 44 78 8 19 59 63 29 84 59 74 67 64 90 77 53 97 6 59 13 66 93 92 21 11 50 94 35 23 42 80 99 95 71 98 78 26 80 97 48 95 81 24 74 11 90 91 2 20 62 16 86 37 74 31 74 26 5 7 1 58 46 13 14 39 80 26 41 26 55 45 9 48 4 38 66 28 81 78 66 26 24 26 87 39 55 49 41 86 14 66 94 54 61 75 9 85 26 64 87 1 97 47 87 81 33 90 69 62 42 85 97 50 75 70 65 13 9 26 76 47 96 14 45 69 3 69 99 42 51 8 58 48 1 55 54 3 63 86 90 46 97 5 11 2 84 87 54 51 80 85 0 4 56 20 69 13 99 8 68 50 24 12 12 91 64 98 77 30 47 61 52 69 44 4 25 20 18 49 36 33 55 58 2 90 94 82 0 51 81 51 0 53 0 26 23 66 25 84 62 10 28 12 65 36 17 0 21 22 95 89 74 26 59 61 64 37 29 27 49 67 58 34 
7 67 64 98 9 0 98 63 44 62 7 58 12 10 28 85 13 54 91 62 47 16 91 19 76 17 10 8 16 28 10 5 5 39 87 98 12 6 3 1 23 76 75 87 1 70 62 61 79 0 75 60 85 9 28 99 84 38 4 40 9 28 92 93 38 94 34 32 83 85 2 37 99 42 13 11 16 47 10 46 1 54 75 64 99 62 81 49 6 44 8 35 56 9 1 33 86 20 24 27 90 86 60 27 73 57 29 71 25 30 73 31 22 70 70 16 49 23 75 30 89 46 69 29 1 32 4 10 25 77 70 8 85 84 23 68 39 53 50 70 49 59 23 57 17 78 1 91 75 24 6 76 48 61 32 59 36 81 14 14 31 97 72 62 68 2 7 35 62 97 65 5 82 58 75 71 64 44 31 54 37 80 77 38 29 45 61 16 34 59 83 55 81 43 89 69 87 51 36 17 39 95 49 66 77 38 82 69 70 1 17 35 7 32 97 41 43 86 47 25 85 88 98 81 13 89 5 5 42 64 5 44 96 53 7 11 31 69 7 24 75 52 3 89 9 72 85 91 2 44 2 36 63 42 27 55 69 37 62 75 77 93 86 30 94 84 30 20 22 33 87 86 51 43 56 0 79 8 66 3 82 46 63 95 86 18 12 49 19 64 22 10 56 6 92 95 26 68 99 67 47 35 30 18 70 12 4 17 5 8 71 6 91 25 62 10 59 64 94 47 69 49 73 3 24 63 11 5 51 88 89 26 51 35 87 93 36 44 64 11 56 52 9 70 37 86 46 47 35 48 0 81 21 42 28 76 7 7 66 74 56 66 66 29 93 9 82 65 85 87 76 19 18 47 59 50 60 30 28 40 81 90 20 24 77 25 58 11 82 67 94 21 67 24 47 2 48 56 80 61 
18 61 39 71 57 14 10 3 33 68 8 12 80 65 58 28 40 23 88 88 74 64 34 19 71 55 14 3 10 93 21 57 37 57 10 25 55 65 22 39 26 11 41 16 66 2 23 91 42 92 70 77 89 95 3 43 56 23 3 16 50 92 84 74 39 1 33 37 78 28 30 9 76 6 43 99 86 45 98 87 15 28 11 48 17 55 56 17 42 28 5 51 60 9 22 7 93 55 11 17 40 54 79 9 20 38 19 5 4 98 9 71 23 27 44 29 65 51 90 46 45 37 5 82 8 88 63 68 25 52 72 79 71 13 84 80 24 95 65 39 32 12 49 40 66 24 24 42 84 46 9 8 85 24 79 76 18 24 42 42 69 60 69 58 50 59 38 9 90 1 0 63 34 61 29 4 4 56 32 73 80 89 56 30 46 31 90 66 90 3 99 96 19 86 42 55 37 69 36 92 17 15 69 8 18 39 22 86 65 31 72 69 4 16 84 13 40 71 94 6 12 27 87 6 69 72 90 97 7 71 19 6 68 35 39 27 44 91 87 83 45 25 71 71 56 83 52 7 51 24 72 50 48 17 94 61 78 96 38 4 22 81 99 37 77 27 3 70 56 17 46 73 68 50 81 82 20 29 93 3 91 41 60 14 50 85 83 60 74 71 65 29 21 66 95 84 71 28 41 16 43 69 35 11 95 25 11 34 96 52 46 5 41 80 53 37 51 58 95 15 81 85 76 14 28 15 36 24 46 78 28 69 79 86 31 97 80 67 29 83 96 66 92 98 75 95 68 91 97 86 5 14 87 90 67 1 16 36 89 11 30 52 92 66 85 93 46 12 49 1 90 18 20 4 23 73 7 83 49 40 49 71 34 26 16 77 21 26 39 57 63 12 15 64 90 2 66 71 39 11 
88 84 43 22 44 22 62 70 11 40 27 45 24 66 41 30 24 7 50 48 66 58 5 4 93 60 66 65 76 81 39 94 87 79 59 4 33 59 49 6 97 34 26 93 80 83 27 83 95 45 87 59 85 75 40 42 88 61 87 12 49 10 49 10 64 53 67 2 93 77 25 8 4 0 95 0 95 45 0 20 85 88 56 79 97 59 99 62 92 23 14 18 72 97 82 14 73 5 87 82 53 90 10 16 3 47 70 11 28 38 75 53 10 11 40 21 52 51 51 40 26 70 63 95 76 97 89 10 97 8 62 8 22 63 28 83 68 51 14 64 18 60 41 74 23 49 76 60 16 79 76 69 76 61 9 44 79 23 63 10 20 70 92 98 54 84 9 35 38 92 12 94 59 32 93 88 70 81 59 0 71 55 93 16 99 66 48 64 44 71 72 75 90 3 39 38 91 93 60 15 45 86 75 94 54 62 68 74 36 20 46 6 47 46 59 61 12 47 37 47 87 93 87 41 91 86 12 76 88 81 95 40 61 85 4 58 27 78 45 24 34 46 13 69 59 38 77 61 65 45 88 13 68 57 57 22 67 5 90 82 48 61 66 76 18 44 22 33 14 23 41 11 10 15 27 45 66 69 20 19 12 99 4 79 67 86 5 12 98 46 98 26 25 2 3 30 84 56 78 36 67 67 16 50 78 47 13 50 82 32 35 83 99 87 46 20 44 25 92 82 64 34 27 71 54 86 39 55 91 85 12 6 22 28 1 65 13 65 22 61 98 39 79 46 76 23 97 45 75 70 21 80 73 61 19 42 87 85 16 81 35 59 19 11 63 47 37 65 26 2 59 50 90 90 48 43 90 57 34 16 20 37 69 3 69 59 10 58 56 93 54 54 49 49 20 83 91 47 71 97 
27 86 55 15 50 68 45 90 21 39 21 32 52 62 87 86 29 91 94 67 77 20 73 94 27 25 26 15 20 10 91 89 23 53 31 22 50 78 79 47 13 29 49 78 61 32 68 50 23 62 84 45 14 31 72 31 63 29 6 26 79 34 59 81 54 75 98 90 14 80 37 19 78 85 30 76 20 57 76 53 61 12 90 61 47 10 87 11 51 38 83 64 85 37 77 58 60 92 61 39 78 50 8 89 24 70 70 69 82 99 50 37 13 17 76 82 41 97 67 22 85 32 10 74 64 25 89 47 45 47 44 82 31 52 27 18 27 15 94 97 17 7 39 53 17 53 30 0 38 80 96 30 87 31 91 91 30 54 44 25 45 21 98 26 39 38 67 45 95 89 25 65 79 80 62 98 44 72 31 72 99 70 1 81 83 18 25 51 73 38 2 75 32 98 64 40 91 43 39 54 68 32 36 68 67 76 80 79 93 57 79 45 69 33 83 31 96 86 32 47 71 39 26 93 7 66 73 86 52 92 0 5 18 83 62 30 0 65 96 80 2 97 39 32 2 15 49 14 45 28 26 34 15 11 89 55 68 12 14 58 4 61 78 75 18 24 93 39 76 13 19 34 2 84 59 71 76 88 16 44 20 5 8 96 45 88 70 46 84 98 34 76 13 82 8 47 34 33 9 76 10 30 65 16 61 78 14 64 77 78 71 76 8 52 5 77 85 63 90 33 20 18 2 86 94 34 99 17 40 95 51 16 98 16 93 78 75 10 37 38 79 24 79 47 25 72 67 54 71 11 76 88 38 73 46 66 42 91 2 94 66 98 47 64 88 61 32 52 8 82 83 86 37 89 76 4 55 68 70 58 91 98 29 36 4 30 49 87 3 71 74 97 50 34 16 19 8 3 21 15 
56 64 33 91 50 22 41 71 50 17 11 22 81 38 93 72 45 31 56 14 4 19 46 22 54 95 3 73 34 4 73 54 15 29 22 33 8 27 59 84 58 31 14 1 93 68 15 8 88 83 98 42 21 31 91 14 80 76 75 50 26 6 7 38 77 21 15 21 10 92 53 28 28 26 90 15 95 12 19 32 95 97 64 59 14 87 89 92 55 14 25 99 28 78 84 5 71 87 60 90 40 24 60 58 70 18 43 44 3 78 38 45 57 54 1 49 23 22 91 88 79 77 1 31 61 71 72 49 19 77 36 72 62 21 83 14 65 30 3 33 49 62 40 91 66 74 82 89 40 25 25 10 43 5 42 19 67 27 78 70 78 9 40 91 92 61 39 45 26 87 51 49 14 79 5 56 78 76 34 54 1 4 93 15 77 42 12 97 67 0 50 10 9 40 31 4 94 13 16 10 59 81 34 24 60 98 19 46 49 54 78 77 30 87 36 2 8 63 33 95 66 39 13 95 62 62 22 22 45 33 41 49 78 12 82 19 69 75 41 4 35 98 54 89 63 22 5 84 93 21 82 5 50 8 63 93 27 39 52 25 75 92 18 79 21 12 83 89 31 50 5 87 88 73 65 46 53 41 54 80 90 0 94 41 89 91 71 14 59 66 18 18 93 20 56 27 30 52 22 82 28 19 19 97 28 15 0 0 66 99 15 58 56 88 62 21 33 91 14 84 5 49 3 32 60 95 75 33 44 6 3 11 15 61 33 48 39 92 74 0 56 69 57 98 79 45 5 84 16 70 12 75 55 58 20 96 82 86 30 82 35 16 85 79 67 14 32 64 74 44 60 85 53 11 28 89 15 31 93 35 89 2 24 29 56 66 69 32 85 77 22 69 7 95 57 54 10 28 15 16 
15 14 21 27 7 73 43 34 17 77 26 37 80 52 14 8 92 53 73 90 7 44 55 34 95 94 26 33 15 11 51 84 75 15 10 59 80 86 99 77 71 84 62 82 73 4 27 47 43 98 17 17 38 78 76 97 69 31 29 70 70 25 87 60 71 95 71 4 22 4 59 79 27 92 74 27 28 61 7 63 89 55 72 54 81 24 5 23 96 28 90 52 47 17 37 49 81 42 71 50 24 33 0 75 35 5 36 50 57 13 45 14 10 74 35 68 24 19 71 19 45 78 56 56 30 18 29 97 19 43 70 81 34 30 69 77 81 34 76 66 56 70 2 39 18 16 94 55 66 9 42 70 10 77 99 60 23 49 28 3 28 24 18 74 7 43 55 46 44 29 42 76 65 29 13 51 57 37 92 8 61 70 93 42 92 89 84 31 42 82 42 0 52 47 84 68 57 36 86 53 72 36 44 50 12 38 59 48 36 36 97 77 40 92 9 14 19 50 63 65 20 77 50 74 30 9 71 96 7 60 1 10 76 44 81 47 69 32 88 1 29 47 70 13 87 21 78 67 24 63 15 91 7 13 41 52 8 46 97 85 61 20 8 13 70 41 75 91 29 69 91 58 45 4 95 57 66 22 31 39 97 69 41 60 32 88 42 75 57 94 6 27 12 76 61 99 65 54 75 99 26 23 68 84 89 48 43 79 58 11 40 5 0 48 0 21 44 88 58 58 17 28 3 38 62 36 81 19 69 13 16 50 86 23 93 18 67 87 47 10 57 28 50 21 59 12 41 84 69 86 97 65 92 94 12 67 32 0 39 66 58 80 94 52 7 17 11 76 85 1 26 46 8 29 49 52 0 13 72 19 21 38 10 68 86 70 52 85 90 52 37 79 40 28 95 74 47 73 77 23 
10 37 29 40 40 25 28 44 77 2 88 62 90 56 53 20 4 73 96 28 57 59 91 42 56 61 61 79 36 47 84 66 77 81 24 43 27 46 56 88 16 73 14 3 90 3 95 52 76 90 75 61 31 82 54 51 76 19 24 23 60 10 71 57 24 55 38 31 94 42 40 49 4 16 25 68 8 0 4 5 7 79 46 75 30 29 90 79 5 81 77 63 18 59 76 60 82 84 87 45 50 49 29 9 61 28 26 4 20 15 95 97 94 98 88 58 84 64 66 77 48 29 68 78 58 6 51 52 51 28 49 52 50 25 78 23 75 76 8 60 45 40 89 26 71 44 70 23 7 2 91 9 39 81 0 44 76 55 22 16 95 18 53 80 65 45 52 28 30 30 24 7 93 51 46 4 99 49 88 81 98 13 16 84 80 22 37 65 52 21 50 21 78 24 90 54 85 72 87 3 10 92 81 45 83 11 32 49 79 81 25 68 64 87 66 53 5 11 33 74 82 82 41 42 28 80 5 57 77 55 94 8 99 76 44 74 15 38 26 59 2 48 89 17 71 65 4 80 80 10 29 30 42 28 43 31 9 27 5 37 61 30 26 11 45 24 69 83 78 34 42 14 31 57 81 91 94 11 3 74 4 13 96 90 92 72 40 24 45 77 48 35 5 85 6 29 96 84 35 91 38 88 37 0 60 86 57 42 57 5 75 90 4 21 24 37 40 82 58 30 33 41 54 21 57 95 3 53 33 10 47 47 76 44 74 51 48 17 65 54 68 82 75 24 14 38 61 47 78 10 68 72 95 37 33 26 85 22 88 87 66 88 32 57 92 97 94 10 51 34 7 8 51 31 27 57 61 36 48 60 47 27 76 82 88 51 82 7 37 48 78 80 76 44 7 27 35 29 4 2 
93 27 14 75 46 60 37 71 5 91 49 13 65 58 99 41 5 72 27 86 41 6 92 95 4 4 15 21 67 74 61 94 98 19 36 24 73 97 42 5 6 82 51 33 74 52 24 4 96 92 16 46 77 52 96 0 28 32 89 65 34 89 56 30 86 69 86 49 37 22 61 32 56 27 31 76 24 3 16 39 55 7 53 95 73 25 87 16 54 98 21 49 62 82 90 2 45 42 27 77 88 3 48 10 79 8 60 63 53 63 46 59 97 48 33 6 74 87 47 34 25 37 22 21 97 80 71 79 27 38 19 57 63 59 35 6 99 82 95 41 43 38 91 55 41 53 76 46 38 16 24 62 44 20 64 23 97 33 46 72 16 29 44 39 79 99 27 64 73 72 87 82 64 18 38 63 41 24 59 7 7 49 9 85 85 28 44 65 36 39 72 41 33 18 72 30 34 15 0 77 51 44 45 58 31 16 44 64 80 38 18 14 71 70 35 98 51 5 46 78 73 19 12 55 24 51 67 66 78 87 41 44 90 24 65 34 8 92 45 81 38 70 8 82 72 87 42 9 46 67 49 91 12 49 35 29 38 6 50 80 74 14 43 13 43 49 2 2 75 34 12 86 31 70 46 59 60 91 41 2 38 1 18 95 41 21 52 56 24 0 96 30 69 50 5 41 92 91 68 48 96 10 93 27 39 88 3 50 45 95 20 42 27 28 45 74 0 82 48 38 61 17 42 7 25 1 36 31 23 54 37 22 47 75 46 65 42 78 12 58 78 68 8 4 13 41 45 41 5 66 83 25 60 12 12 56 53 24 83 63 51 18 30 35 92 74 64 35 84 98 24 79 59 24 73 9 96 70 90 2 60 59 88 76 67 47 89 23 45 67 35 98 91 62 70 91 39 71 86 22 
77 72 20 38 8 3 22 52 73 43 78 63 81 66 3 32 57 80 46 47 77 94 88 71 89 3 63 91 12 14 86 84 62 66 32 53 57 67 40 77 74 66 94 20 36 46 78 40 41 12 14 61 73 88 13 98 28 93 41 62 87 71 48 63 49 47 55 75 22 22 83 72 28 73 16 64 6 13 30 96 25 43 14 60 9 58 50 72 16 56 61 29 53 33 33 75 43 14 70 41 67 37 49 70 64 42 48 83 89 65 58 73 84 77 90 0 37 92 89 31 65 52 3 6 16 42 73 14 53 76 52 61 40 96 9 46 40 83 46 57 30 88 96 53 90 21 13 65 97 2 51 58 19 8 38 7 29 24 39 54 49 9 98 62 37 35 9 24 18 41 93 99 94 20 20 35 47 88 7 36 9 52 71 14 86 25 27 8 65 96 12 15 37 57 63 40 34 78 2 37 20 35 97 44 24 85 15 56 59 90 58 20 10 94 55 5 74 71 89 75 39 26 11 55 20 35 60 16 28 4 15 96 72 19 55 60 79 29 5 70 31 11 71 53 50 63 47 82 55 50 1 6 54 1 1 52 97 64 92 73 25 43 13 25 29 83 23 40 37 15 21 8 61 71 13 64 63 84 72 5 69 6 94 93 96 30 81 58 74 65 84 55 19 9 7 56 79 52 44 6 21 62 35 74 18 94 37 12 99 1 90 51 89 82 29 54 60 74 28 3 14 60 56 35 48 74 10 70 77 58 55 77 38 7 29 93 3 71 94 85 56 42 4 35 81 28 18 71 30 11 58 29 85 45 15 80 38 96 45 59 9 33 15 62 78 6 21 92 78 67 82 96 80 22 55 21 51 26 32 55 69 77 62 55 51 86 26 86 92 50 9 89 26 44 77 71 80 70 39 47 
77 46 97 56 37 15 94 50 65 65 35 75 23 58 5 82 8 49 12 78 97 63 74 42 80 1 80 3 96 97 52 15 26 12 92 1 38 7 46 77 57 1 49 30 87 60 58 16 52 71 86 71 91 88 15 9 55 42 57 23 30 1 99 59 59 37 7 32 75 7 74 62 93 61 79 80 74 13 66 16 47 93 52 81 93 57 85 94 32 48 96 54 66 87 34 23 98 60 9 8 59 11 19 18 7 11 32 13 6 91 84 11 17 24 5 80 3 94 43 10 57 67 44 48 41 11 10 96 41 30 87 85 84 35 93 64 26 81 30 82 28 31 37 79 23 79 97 41 5 6 22 52 79 50 38 53 69 49 93 9 11 59 88 79 89 46 47 96 14 76 21 62 28 16 60 43 91 40 69 59 63 23 61 57 43 87 5 78 47 29 87 42 0 67 17 71 98 33 77 95 67 36 46 93 83 88 62 3 42 61 89 95 93 59 9 39 27 32 98 94 59 66 3 51 32 74 70 32 52 36 85 12 13 68 69 44 79 69 91 4 69 96 48 68 59 15 21 92 8 50 92 97 2 97 94 69 95 71 98 31 1 51 44 15 76 22 77 10 21 40 38 37 26 38 91 26 5 79 27 92 95 69 52 16 18 10 88 43 77 52 77 62 86 26 5 80 16 76 47 15 30 65 64 2 67 50 25 13 28 90 92 49 63 24 70 38 37 45 16 30 34 15 8 83 91 93 22 0 57 51 50 44 40 96 40 12 79 98 79 2 2 78 30 97 19 85 25 79 70 66 54 97 82 25 83 50 53 7 95 38 23 35 11 76 37 36 79 58 13 48 5 24 88 21 57 39 69 26 21 16 8 84 52 92 9 54 81 37 86 73 93 74 2 88 45 55 20 11 33 76 
55 41 14 75 95 88 64 28 52 88 24 56 93 37 95 71 64 73 11 58 92 55 28 33 83 1 29 50 73 31 93 46 88 17 38 44 13 63 84 59 72 55 15 31 48 43 81 7 97 59 33 81 17 29 19 14 52 7 27 24 91 61 27 61 28 88 39 14 48 54 89 72 97 39 9 5 13 43 82 79 58 61 34 4 27 62 59 34 94 43 26 5 92 49 40 24 55 34 62 97 23 20 58 88 31 27 36 99 8 64 74 47 57 25 58 53 69 8 15 79 30 42 39 45 3 34 16 16 17 6 82 2 73 74 79 1 6 77 88 0 73 88 8 48 12 3 74 16 2 73 28 55 7 15 69 61 36 6 42 32 26 57 29 96 20 17 13 22 58 11 14 53 92 45 44 97 65 53 74 75 72 14 77 77 8 5 45 96 19 39 47 40 94 47 87 43 31 63 28 68 83 26 86 33 1 24 79 54 62 65 5 8 74 11 87 2 51 23 82 91 61 66 34 24 65 0 5 99 26 20 67 73 13 22 35 76 16 29 57 92 78 69 44 54 80 64 54 33 47 54 57 9 20 67 48 45 16 80 15 85 69 82 47 80 12 30 45 78 5 20 21 25 25 95 18 46 50 88 13 54 76 86 33 46 37 45 5 42 53 54 44 16 44 23 23 73 9 92 98 32 16 44 28 84 74 44 84 10 56 24 40 90 49 7 71 58 68 58 96 99 85 24 8 33 15 44 60 89 98 14 91 93 82 31 73 6 67 55 85 41 22 28 57 48 12 77 47 30 22 44 21 77 53 64 17 7 62 29 30 35 41 73 87 73 45 35 57 77 11 2 59 52 84 80 85 40 40 23 68 41 81 68 53 83 59 47 96 70 82 82 12 67 60 85 0 85 39 93 60 24 
42 95 95 25 31 76 27 30 77 47 59 63 87 10 40 1 9 88 40 82 17 27 91 86 17 97 2 64 38 97 61 56 65 15 47 67 65 0 85 91 96 83 75 69 22 6 66 28 74 69 23 64 96 7 94 3 67 67 94 78 4 59 88 23 82 46 23 46 3 55 43 6 35 36 25 18 56 76 61 71 21 40 49 67 96 88 22 42 33 49 28 88 12 74 38 24 94 40 18 27 46 66 54 4 3 81 40 70 72 95 28 50 52 90 79 35 39 52 82 36 5 4 83 49 53 63 83 32 37 88 57 1 44 9 46 23 68 96 13 46 2 56 41 94 66 11 65 73 35 67 91 63 2 28 64 77 1 62 70 33 76 16 51 56 95 48 22 17 3 63 92 24 93 75 84 46 31 31 46 16 38 27 4 50 44 53 94 53 47 27 52 94 9 86 37 5 14 98 23 50 42 99 48 83 11 84 14 26 43 46 55 24 22 71 18 30 83 83 26 15 27 38 56 87 34 99 43 91 96 29 68 60 55 92 10 92 35 71 63 66 66 59 15 58 74 30 37 53 3 89 0 66 29 54 19 69 81 23 88 86 19 31 14 1 72 34 65 85 93 75 34 75 96 71 39 1 29 53 36 74 20 48 15 67 89 97 81 3 12 29 45 23 46 45 92 73 95 48 90 53 29 57 76 40 29 26 30 97 73 8 4 66 18 4 27 44 59 65 25 69 21 95 13 92 53 99 7 14 23 68 52 21 36 61 72 30 57 32 17 58 41 19 64 39 9 73 81 16 7 83 8 19 2 63 85 88 64 45 39 14 51 60 44 3 56 23 51 51 41 69 20 85 17 25 17 91 42 6 17 63 82 27 61 54 14 82 72 24 55 14 75 36 77 25 13 45 78 59 81 29 
39 52 46 9 97 24 2 90 95 25 26 94 14 92 21 86 81 72 47 78 14 63 7 93 28 71 68 19 78 8 1 64 41 70 28 23 65 62 0 18 46 20 61 80 88 28 67 37 27 85 69 25 49 0 5 4 32 41 5 27 77 32 64 66 37 12 57 14 49 40 34 5 37 52 97 86 65 1 52 41 40 12 27 97 80 85 42 1 49 13 43 63 77 73 21 93 17 35 14 62 98 14 65 87 46 21 35 38 23 36 67 77 8 82 29 27 79 34 37 64 71 37 63 87 36 64 72 13 99 70 38 79 70 55 97 14 47 91 31 90 92 73 49 1 87 92 42 2 63 79 44 82 22 98 32 49 52 88 55 72 5 48 90 70 10 61 5 48 82 33 64 26 46 39 38 18 61 8 91 11 2 75 59 54 59 84 43 63 79 87 80 60 53 4 57 2 11 42 74 97 54 20 75 88 47 84 13 71 51 98 55 32 77 95 55 61 4 87 12 37 84 47 31 12 29 43 49 99 15 67 27 43 70 64 91 18 2 74 67 89 3 40 43 7 25 31 44 89 78 2 81 41 46 81 37 45 16 73 67 22 12 56 33 16 0 77 65 47 35 30 59 70 70 40 82 8 25 99 77 44 2 95 13 5 67 21 30 50 62 74 1 18 40 13 28 91 15 75 72 40 49 60 30 32 33 11 93 97 40 30 47 38 26 64 66 24 26 83 49 95 15 90 3 35 57 33 59 53 15 78 49 84 70 56 87 67 6 37 88 68 52 78 21 93 72 14 17 51 87 3 42 97 55 8 8 78 66 62 46 65 36 73 51 31 65 65 51 77 3 70 66 44 56 81 40 15 86 21 1 1 26 4 67 46 30 13 17 50 19 98 18 35 10 53 95 29 90 89 46 12 
34 66 20 38 95 32 51 16 22 60 83 50 71 31 17 84 16 97 14 79 19 94 43 83 70 82 53 51 78 78 71 68 13 80 33 29 63 43 11 22 90 12 42 6 98 12 63 59 58 20 46 25 16 21 64 42 46 56 20 0 47 41 66 79 15 45 9 21 35 46 16 71 40 94 91 34 68 63 47 30 98 78 45 41 13 5 30 87 35 11 85 41 62 1 13 63 48 90 82 15 35 24 1 78 19 92 94 61 19 88 89 5 45 70 40 6 22 24 64 38 65 50 91 64 7 72 65 83 87 16 6 73 39 18 10 68 3 94 6 11 76 74 78 64 40 1 79 65 43 43 63 96 33 50 7 23 79 20 53 76 74 30 57 18 0 52 29 48 72 62 75 37 44 99 82 40 21 75 37 53 89 46 35 4 65 87 24 2 56 63 43 29 80 71 72 67 24 70 15 98 34 59 6 14 9 89 72 36 30 36 43 2 22 5 23 82 87 77 27 75 4 39 47 34 9 82 11 66 96 68 3 82 97 80 59 87 9 93 29 4 1 96 88 72 87 76 80 99 21 68 88 80 65 40 14 67 2 12 57 58 20 34 63 37 5 30 53 86 30 79 40 9 40 3 81 20 45 70 65 66 29 47 70 85 65 44 4 13 89 77 19 75 49 67 43 82 94 81 65 45 74 34 34 90 14 8 62 93 38 85 14 39 30 40 29 16 82 82 12 35 43 97 60 18 81 92 32 78 73 40 95 55 56 35 78 99 90 0 22 71 23 35 1 19 48 5 78 95 6 37 78 42 28 95 69 10 66 21 90 31 12 53 98 69 75 75 81 68 70 39 46 59 77 61 8 53 35 39 85 41 44 82 52 52 81 65 61 3 70 50 20 27 80 34 58 2 81 0 63 38 
53 17 41 24 87 14 23 97 78 73 9 31 20 73 15 31 96 69 37 82 7 26 31 30 14 0 80 94 37 10 11 96 71 65 39 94 92 8 11 19 63 45 3 72 70 85 98 87 7 40 25 54 72 23 6 78 48 7 92 86 23 95 90 75 52 53 98 62 14 37 8 36 42 61 7 32 50 52 3 74 76 14 76 23 44 91 38 61 84 11 13 40 99 25 39 82 92 15 64 11 56 18 93 3 61 94 20 8 28 88 2 26 65 94 66 89 85 11 90 75 53 72 24 86 77 62 39 73 55 60 73 21 2 51 82 25 5 92 62 22 56 30 48 50 69 58 29 81 38 75 67 94 18 21 88 12 49 84 5 80 34 64 54 0 52 28 69 48 54 3 83 64 34 34 97 71 79 16 18 19 27 99 17 40 81 91 66 33 92 24 2 48 87 75 91 85 25 20 88 35 56 11 16 78 14 44 44 20 25 85 16 53 28 86 91 44 69 18 74 61 28 69 29 32 39 40 95 7 20 25 43 87 56 3 91 75 61 20 62 41 94 81 61 29 97 89 17 51 10 10 83 36 30 57 27 32 83 48 30 91 18 89 51 22 64 72 28 23 53 77 62 59 78 91 13 86 74 84 97 80 32 75 25 59 23 46 12 61 41 87 90 24 80 49 31 31 58 78 67 54 56 20 65 73 33 9 25 92 11 31 4 31 95 24 53 93 41 49 7 42 67 17 84 22 54 57 48 54 80 53 7 97 48 1 63 63 47 93 41 44 49 46 25 16 23 42 79 26 74 30 77 7 83 66 23 93 68 20 70 76 40 97 4 71 91 64 23 85 72 40 28 65 70 61 78 24 76 14 38 47 56 9 89 73 43 65 65 46 67 68 40 55 76 45 75 92 27 37 85 76 
64 86 75 8 43 63 95 22 42 93 91 99 5 21 24 27 98 52 98 76 73 47 75 2 30 7 24 73 82 31 66 47 40 67 65 19 89 61 49 23 77 74 54 94 88 60 33 41 99 29 31 47 32 22 34 30 5 57 78 16 99 52 54 58 82 55 3 8 2 79 16 81 70 16 66 65 20 68 41 28 96 73 0 48 98 81 82 5 5 8 58 60 33 82 44 78 7 25 52 11 0 33 15 66 39 50 59 79 35 42 84 79 40 60 28 30 13 64 59 98 34 11 7 94 90 66 9 22 32 26 65 26 14 86 7 26 38 45 22 28 44 2 33 98 11 5 32 37 63 62 44 98 60 52 58 80 61 27 25 14 3 6 53 79 87 28 91 83 85 5 35 64 11 47 5 33 21 94 83 10 54 57 89 0 51 85 2 33 46 83 75 27 34 17 86 57 53 61 8 75 30 38 1 72 80 71 19 45 18 77 78 83 73 47 91 12 39 3 88 34 1 96 87 8 3 83 85 45 19 46 73 82 55 51 45 95 47 16 40 37 14 15 72 23 20 49 18 54 24 2 56 58 58 55 26 17 88 59 68 18 45 95 7 62 42 62 54 38 20 43 35 94 18 32 42 83 47 70 45 59 70 14 1 5 38 0 0 95 32 10 11 48 75 40 42 53 6 85 1 67 91 4 49 6 40 59 24 53 54 4 89 34 74 39 44 75 39 55 20 89 11 32 74 3 65 32 45 2 59 41 54 44 69 67 34 15 21 30 9 44 57 25 5 67 30 16 96 25 42 32 11 27 33 61 79 12 23 8 60 6 13 18 0 25 40 19 81 37 38 79 14 69 20 66 94 59 35 18 26 10 12 98 32 18 37 69 5 30 5 96 41 0 12 43 19 61 13 5 54 66 
93 47 14 94 55 79 92 53 82 26 57 10 63 38 52 8 97 27 54 42 47 72 9 0 32 46 53 64 77 53 94 12 28 10 38 22 94 68 10 69 29 17 74 70 56 24 50 63 85 49 86 27 37 32 35 35 81 25 91 42 30 43 13 23 45 12 9 10 13 57 37 76 2 78 17 93 36 80 7 23 3 13 19 25 12 96 21 43 35 81 56 64 62 11 34 97 82 36 40 48 41 89 96 17 92 59 49 47 98 18 51 39 20 4 58 40 54 99 15 42 34 22 21 24 40 13 50 40 42 68 99 51 52 30 91 16 86 54 26 57 81 69 9 75 72 41 70 69 0 98 6 28 82 20 57 17 47 20 65 39 56 62 13 63 72 94 96 42 74 21 26 14 79 50 90 39 27 82 8 3 31 5 22 40 52 22 50 60 49 61 18 91 94 75 98 93 75 86 25 6 11 89 18 34 99 65 73 16 50 53 55 62 14 48 98 30 78 42 16 71 61 84 61 71 87 3 99 4 83 93 34 32 81 58 97 29 29 6 11 73 7 16 13 95 92 42 42 94 65 30 28 89 79 21 51 99 67 77 80 28 3 29 88 88 4 31 77 8 9 81 63 82 96 69 74 77 67 61 8 41 14 75 82 87 51 28 20 40 98 31 96 22 86 20 23 91 64 13 2 2 23 90 34 68 11 16 59 80 14 23 50 90 92 0 29 64 37 76 39 4 8 67 28 68 70 83 50 28 77 49 69 44 11 12 32 94 50 63 8 68 60 5 68 37 30 99 82 44 49 26 21 45 25 94 80 17 42 86 85 40 59 13 2 89 89 20 4 36 72 84 20 38 83 71 99 58 94 34 40 19 11 90 17 31 46 56 79 74 2 85 26 6 59 89 12 25 57 34 43 51 
72 25 20 77 10 33 91 42 83 43 96 38 35 36 56 37 93 64 9 9 66 55 34 18 87 63 3 64 67 34 76 38 8 0 87 2 13 62 95 21 56 24 66 44 42 48 38 51 59 4 83 53 66 58 52 48 24 89 37 83 52 11 43 41 39 94 94 24 16 11 7 1 79 17 89 46 74 97 6 9 37 94 97 99 50 8 94 45 83 57 31 85 22 51 58 84 53 94 33 83 92 88 60 40 11 36 93 42 84 45 72 56 13 55 10 65 82 6 80 4 38 29 64 2 10 52 71 0 42 94 59 47 95 89 30 37 44 55 4 30 13 2 98 47 45 83 3 37 74 8 7 61 99 69 98 27 61 7 74 36 58 16 80 13 94 62 1 37 38 60 95 66 11 33 41 18 87 70 47 23 23 85 11 1 8 43 57 15 1 88 36 81 57 61 97 72 77 71 92 26 18 33 37 36 84 21 44 14 25 83 71 94 3 67 67 19 7 58 90 14 44 22 33 38 23 29 2 40 13 39 3 74 38 99 24 86 47 8 80 94 10 92 63 50 7 0 28 19 99 49 69 37 13 27 76 19 77 56 42 34 16 39 39 61 55 13 36 59 99 48 4 26 61 99 30 51 12 17 17 89 24 97 53 87 15 33 90 16 33 81 22 61 56 31 76 74 57 73 50 56 94 54 42 58 96 13 41 90 40 6 67 90 85 46 31 0 76 65 70 66 76 82 6 25 43 95 1 49 97 9 29 44 59 90 26 15 62 13 87 14 65 39 50 62 20 80 78 5 35 27 21 48 55 37 13 23 79 62 38 66 29 22 63 47 10 4 98 0 75 13 84 3 42 7 13 91 96 82 95 88 80 47 18 58 16 63 87 82 75 22 57 18 3 16 97 54 43 36 3 62 
15 63 6 97 74 60 8 75 81 46 74 40 47 72 82 97 73 44 97 90 26 77 32 4 1 31 33 79 2 73 99 60 94 17 47 33 83 28 32 53 75 94 62 2 56 36 37 48 36 3 35 96 10 88 7 40 77 47 67 33 15 60 14 98 56 33 95 39 68 96 85 81 79 23 31 84 43 89 82 39 87 34 16 43 54 67 75 18 42 7 15 21 90 93 52 60 82 4 95 5 49 3 10 88 87 96 78 89 92 40 57 7 65 63 81 71 66 46 63 43 43 96 19 77 55 20 88 39 10 25 83 21 26 43 24 53 96 83 91 45 36 80 43 34 82 55 25 12 38 76 77 63 62 34 46 28 83 13 74 74 85 98 18 98 79 58 82 61 71 55 81 81 89 23 96 51 10 78 5 95 42 94 90 36 10 77 18 30 96 24 35 17 80 25 80 13 76 13 49 78 38 87 81 16 16 99 76 27 25 4 65 11 2 29 56 36 31 85 48 36 67 64 71 61 33 11 47 36 93 28 65 82 58 88 18 31 98 62 85 16 31 72 40 77 54 86 67 10 33 53 7 89 85 94 85 13 54 68 80 65 31 7 73 29 56 74 9 68 61 82 2 13 0 95 22 71 55 0 55 55 28 46 23 65 84 30 26 57 41 72 38 96 96 38 93 49 59 28 26 1 87 51 9 91 36 54 32 4 3 54 58 41 20 68 50 65 86 72 81 26 36 38 95 16 85 0 87 24 54 4 0 61 66 15 30 68 7 94 74 41 19 51 59 87 86 23 62 20 90 75 79 23 38 87 23 73 7 59 52 41 67 92 52 77 76 5 99 10 17 42 15 48 4 16 12 54 28 19 27 86 79 80 87 36 82 40 83 79 52 61 67 37 85 85 29 36 40 36 17 89 
99 17 76 16 40 25 10 84 87 36 34 20 55 16 82 30 70 87 59 75 62 11 10 23 28 79 32 90 66 13 35 92 19 78 69 65 25 74 56 92 64 85 99 33 97 29 80 44 65 56 90 92 59 64 5 23 84 42 20 84 10 96 38 51 74 58 33 44 6 47 26 10 29 87 61 1 37 51 4 34 67 81 45 94 17 66 49 6 37 73 46 57 75 25 53 6 65 53 60 27 46 11 6 79 84 62 80 64 87 72 54 64 72 92 43 37 55 43 14 50 71 82 17 45 83 99 50 82 18 67 35 89 91 91 18 18 95 66 46 19 75 62 0 43 76 95 33 42 8 80 7 86 2 75 98 76 6 99 1 5 99 4 34 91 36 63 26 59 96 94 32 61 45 51 55 26 7 64 18 53 98 45 16 11 14 65 45 43 58 98 91 58 99 7 56 31 89 87 3 75 49 44 77 11 57 17 6 14 94 7 59 12 24 26 67 75 87 0 69 97 76 81 12 26 45 89 58 28 78 79 60 88 88 46 3 51 19 25 47 81 59 6 44 89 2 98 57 73 1 31 11 55 8 95 23 43 31 62 19 35 7 74 55 97 8 73 26 28 23 94 42 85 31 44 44 47 0 91 29 73 37 48 62 87 54 67 33 20 48 46 12 63 36 61 77 11 37 29 19 79 42 66 4 26 67 40 96 79 30 51 29 92 69 41 7 35 95 12 85 46 52 61 64 16 69 81 28 52 3 57 14 42 30 95 45 82 21 83 55 39 56 47 45 57 43 3 57 63 25 99 32 56 31 98 28 30 62 27 20 19 66 39 62 76 93 30 56 43 51 65 70 9 27 67 74 72 1 66 77 61 26 84 2 62 9 87 80 2 83 14 65 57 50 53 44 5 49 35 2 77 
43 49 12 33 33 82 52 90 53 97 23 87 24 7 58 88 6 54 87 55 21 77 53 21 79 88 27 50 36 62 50 30 83 69 10 81 87 58 54 70 70 34 10 57 65 64 12 35 6 68 74 9 42 35 83 79 45 64 72 90 4 46 81 60 26 23 16 88 14 37 65 84 59 15 42 13 72 2 9 50 62 33 88 77 63 29 25 75 37 73 94 33 87 49 78 2 20 52 9 79 24 88 76 21 26 85 16 61 52 23 41 26 92 88 2 66 85 19 24 34 41 42 34 15 0 77 70 5 48 96 53 12 39 31 52 71 74 56 84 4 99 45 35 29 77 10 79 16 23 85 99 91 10 4 92 1 75 31 21 92 96 67 9 37 65 38 0 81 39 12 21 35 84 45 64 77 34 44 4 56 72 27 42 58 33 60 87 51 60 27 6 35 43 13 93 1 60 36 65 64 25 4 96 77 27 14 36 62 9 8 57 13 14 96 55 60 24 80 99 51 83 68 6 46 69 17 8 9 59 71 3 54 96 22 33 50 68 2 37 86 84 50 37 75 76 65 76 0 37 4 66 19 56 44 8 22 54 32 87 63 82 9 73 58 56 24 47 98 91 71 26 99 2 64 5 91 37 94 89 58 87 10 13 62 39 65 77 98 11 18 82 94 64 67 12 29 33 7 42 98 32 78 69 29 42 73 8 4 23 27 15 27 53 12 27 20 44 28 80 59 14 67 72 27 91 52 27 65 95 35 52 85 75 27 39 78 46 4 19 86 9 32 49 78 85 59 46 94 27 81 30 96 8 75 57 45 94 90 35 76 3 75 26 56 53 78 83 32 25 90 37 5 87 24 97 91 62 39 6 11 96 28 42 17 33 41 98 32 25 91 59 18 87 1 78 2 48 11 22 18 
19 99 83 90 29 76 0 26 96 72 28 60 44 88 78 38 66 71 11 96 12 20 32 85 41 19 8 11 57 89 19 41 68 2 0 28 60 13 44 56 63 54 92 59 37 74 31 20 77 35 3 42 72 61 90 91 59 74 44 31 61 65 43 20 12 73 25 40 14 12 21 64 7 12 37 22 69 78 79 38 40 42 71 33 63 86 12 60 35 46 65 39 54 79 37 83 55 22 86 36 48 72 31 43 4 80 56 21 38 84 34 8 57 39 39 98 34 19 18 86 23 19 47 6 50 87 50 70 1 30 98 26 30 8 76 0 94 92 36 58 34 92 15 95 34 8 81 23 9 3 70 19 85 80 55 32 39 69 42 2 18 49 2 10 45 91 75 83 17 53 86 31 55 90 51 5 38 99 72 26 65 4 65 15 8 86 41 9 99 20 44 6 10 63 29 86 27 46 46 24 13 38 5 32 87 85 46 25 5 69 70 51 28 68 46 4 79 97 52 30 21 93 61 58 78 64 36 80 58 49 86 28 19 93 18 11 61 6 7 84 98 74 92 4 4 68 63 4 88 77 57 43 45 92 72 79 52 43 34 12 36 96 62 14 37 32 41 18 25 33 50 92 87 78 13 51 84 59 68 2 86 90 15 58 58 41 98 32 65 97 96 28 11 71 82 10 73 72 9 96 11 66 68 68 3 77 98 24 71 19 62 35 61 8 11 85 70 16 66 26 50 58 14 38 78 41 68 93 25 1 86 50 31 25 57 45 6 38 70 77 87 42 13 50 93 66 20 23 64 81 45 47 33 30 39 50 12 31 74 82 95 11 62 43 45 17 56 98 96 98 10 64 35 45 0 39 2 9 39 5 12 51 11 97 80 16 79 58 47 49 64 73 49 94 75 3 65 3 78 15 
34 65 21 28 67 96 39 70 37 49 92 17 98 31 79 83 82 94 36 60 54 23 11 43 85 13 97 18 51 27 74 28 10 83 64 82 50 83 92 60 76 34 90 18 23 77 37 30 35 74 63 75 29 37 62 11 66 69 17 73 79 89 73 50 21 64 91 25 70 17 56 0 0 15 6 49 69 97 87 1 62 37 11 88 44 58 3 9 56 66 18 11 37 77 75 36 23 59 45 89 23 24 74 94 89 14 31 56 69 54 62 44 89 3 82 77 23 7 27 81 51 76 41 72 34 26 55 50 9 86 58 66 91 86 24 27 56 89 86 74 4 30 45 12 7 92 72 17 6 93 36 48 42 75 50 57 24 98 29 41 33 35 56 77 71 4 62 90 7 33 46 35 36 27 86 7 4 27 66 73 13 9 6 77 91 42 96 29 13 71 19 96 85 99 85 37 75 34 85 55 88 46 76 68 79 34 77 76 68 70 40 43 49 38 85 13 58 26 60 12 19 74 22 19 51 5 49 91 31 47 61 75 5 92 68 24 27 59 87 40 19 51 29 50 32 79 95 75 97 79 9 23 80 94 77 87 53 55 45 41 52 73 33 9 0 10 33 87 22 61 56 37 46 71 90 46 63 19 35 67 1 57 4 77 10 37 25 59 10 15 92 89 60 90 86 97 12 5 79 2 58 26 67 78 63 65 70 12 95 99 75 33 90 84 60 82 47 57 89 3 38 90 35 63 33 99 43 24 45 90 0 8 77 16 8 55 23 75 10 91 58 79 28 30 21 55 86 7 6 35 59 68 20 56 6 49 25 88 5 85 39 74 81 37 34 56 9 73 11 43 37 51 2 39 77 93 12 68 78 51 15 99 35 76 74 89 64 1 14 29 43 88 25 44 69 53 69 18 40 11 
37 14 40 25 58 11 50 34 16 25 27 38 58 1 58 2 79 73 58 31 50 81 70 17 45 83 26 45 70 62 45 61 18 40 95 72 37 14 81 46 18 95 10 24 62 77 76 23 51 55 27 77 39 90 42 73 63 14 12 32 9 35 9 96 35 37 5 12 69 89 75 64 68 54 98 58 41 50 44 1 34 24 68 9 36 90 50 59 77 62 44 59 38 39 23 63 99 29 58 62 65 60 83 36 84 77 52 83 23 97 91 7 9 4 0 90 41 30 31 0 56 91 26 1 57 24 89 22 53 7 76 32 85 75 59 87 45 46 87 4 14 15 21 57 82 23 4 45 38 85 60 22 96 97 53 94 86 63 44 46 43 33 92 29 37 62 99 88 99 43 48 88 7 17 8 44 66 9 12 93 95 45 22 40 93 84 81 2 89 83 70 18 76 73 9 18 13 76 72 19 57 89 98 95 10 10 39 75 1 61 19 82 60 56 4 71 12 87 88 50 19 30 55 30 60 91 13 61 85 86 90 76 1 72 62 49 48 13 72 99 96 84 6 20 97 84 39 49 11 83 39 93 34 34 94 58 35 97 80 81 77 53 4 28 74 51 20 35 91 69 4 78 89 51 48 12 54 11 99 49 20 16 97 43 19 17 24 51 41 94 15 31 25 50 39 94 52 92 75 64 92 7 10 86 54 67 10 57 27 41 27 63 29 66 76 13 67 49 21 72 50 29 10 53 85 80 94 99 43 57 88 44 92 7 2 75 25 83 11 80 60 0 11 88 64 17 48 6 56 55 0 62 30 47 48 25 26 90 74 50 55 51 14 44 6 5 2 39 76 78 0 3 14 30 45 70 15 88 46 22 48 78 53 72 53 0 5 83 30 19 63 31 29 10 26 27 37 56 36 20 
74 3 77 44 31 65 94 0 72 5 58 22 50 84 14 98 19 40 79 53 34 88 12 2 35 10 59 85 35 34 8 37 19 15 37 47 69 51 69 43 90 94 95 61 22 91 52 16 97 90 24 97 19 77 49 40 46 62 2 3 99 65 27 55 46 38 96 82 2 93 15 81 57 16 94 23 67 36 81 79 17 12 52 3 52 46 80 28 99 47 39 63 45 98 9 81 21 0 32 19 88 46 91 37 57 38 14 21 79 43 89 50 80 32 4 81 76 15 10 62 96 17 41 76 0 32 77 35 7 32 74 86 98 88 59 12 78 30 72 25 61 88 4 5 83 19 35 77 93 83 94 51 71 60 69 43 14 89 63 49 36 68 13 73 83 81 55 21 68 98 44 42 33 2 25 1 89 73 3 62 78 7 17 46 58 32 10 66 14 8 41 68 36 78 26 66 17 42 93 56 79 83 93 29 31 34 28 33 93 1 9 69 58 63 82 47 91 29 9 36 76 48 52 43 36 35 88 44 51 71 54 85 59 65 43 48 75 21 30 13 89 77 59 57 79 47 59 27 33 10 65 10 29 90 87 43 30 19 25 16 85 24 1 57 88 92 7 82 97 52 55 62 72 47 5 82 32 7 60 9 47 12 39 70 79 66 36 11 43 74 53 85 35 76 31 31 83 48 21 47 50 70 66 47 65 60 30 61 57 78 6 21 67 71 78 94 83 27 35 35 67 83 86 79 69 57 19 79 86 20 80 52 28 38 0 12 62 32 71 4 46 81 57 44 84 59 55 90 17 15 93 83 95 99 53 26 99 45 79 50 42 69 69 0 16 3 36 13 18 51 24 54 4 93 48 96 26 20 2 24 2 52 90 0 13 46 80 47 57 45 31 3 64 87 63 88 75 2 95 19 
57 76 72 44 17 3 88 80 21 97 38 58 8 19 85 41 79 16 47 89 87 9 72 78 90 6 63 10 51 23 1 41 99 32 27 36 58 98 92 69 61 76 76 52 89 48 39 10 80 37 26 65 86 44 38 92 66 26 57 88 74 74 89 4 32 19 23 21 11 9 49 89 2 7 15 88 47 55 23 52 35 9 12 9 96 12 72 4 31 50 28 5 51 83 67 74 9 69 81 19 45 23 59 7 68 10 52 80 0 79 50 89 30 99 25 23 78 59 91 90 56 52 45 70 41 29 48 34 12 86 88 43 78 81 89 99 48 15 35 40 83 78 3 28 16 12 42 3 5 86 54 99 15 42 71 58 54 18 24 73 62 42 77 68 8 75 19 26 64 13 71 66 44 94 43 78 45 24 31 35 35 13 26 94 11 33 59 33 13 32 22 61 8 48 15 30 17 21 3 87 33 35 24 24 46 60 70 69 28 79 83 5 42 12 78 83 80 40 52 60 58 48 15 81 96 49 52 30 3 15 30 94 12 18 83 9 39 60 23 68 19 56 79 25 13 42 59 18 58 17 51 26 9 25 10 57 76 61 68 91 45 12 71 8 83 98 96 6 18 61 19 24 61 77 26 1 51 17 89 96 45 86 79 51 70 77 28 26 94 4 64 1 38 17 31 96 96 15 30 98 27 57 9 96 35 92 21 3 46 3 27 92 41 41 53 15 29 70 61 39 28 66 32 44 28 90 25 6 70 80 14 29 62 22 26 24 51 58 83 26 97 85 10 59 78 39 45 91 86 57 40 20 88 38 87 97 6 75 43 31 48 7 31 3 32 53 5 88 86 71 25 95 24 66 45 28 89 83 18 82 25 78 6 9 88 17 2 0 16 72 45 74 16 78 58 21 27 98 23 17 
52 26 83 65 91 76 85 75 68 40 25 53 14 93 74 55 99 67 8 83 14 64 36 83 17 82 91 78 24 29 63 82 22 57 12 80 50 89 17 88 12 81 77 62 33 46 97 22 65 56 94 76 8 92 28 19 63 39 89 62 43 97 18 35 70 98 33 84 29 39 6 0 82 80 75 95 83 36 70 12 26 88 36 70 54 13 36 52 66 76 64 26 93 15 88 69 37 58 17 14 76 76 92 54 72 83 46 36 6 16 30 11 86 70 5 13 88 68 53 33 34 91 21 81 24 11 76 27 28 77 29 37 56 36 86 38 8 34 39 59 0 58 52 82 85 16 93 22 99 92 46 23 11 46 20 67 78 97 99 57 14 3 24 78 43 13 72 53 80 87 62 70 43 18 89 66 59 68 17 36 89 68 20 60 37 46 16 21 69 45 8 24 62 47 15 91 66 49 80 10 46 29 10 1 61 76 97 77 44 47 53 56 75 99 23 95 52 27 82 6 35 7 32 67 78 67 37 94 2 42 75 33 97 47 71 14 97 95 7 17 76 4 96 80 26 42 74 24 29 33 54 46 91 58 6 74 29 13 51 31 73 74 68 22 53 70 26 63 42 28 92 26 88 97 71 34 56 41 69 20 38 7 55 62 37 91 75 74 47 78 9 8 57 50 36 90 33 94 11 67 70 43 99 22 14 52 22 70 67 60 46 2 16 99 97 1 88 22 19 9 31 90 82 59 40 57 6 61 27 51 49 71 36 0 81 3 52 31 88 70 2 79 10 98 32 59 89 71 6 83 97 34 47 80 7 79 96 41 40 37 86 44 29 46 80 7 65 81 64 68 93 76 60 69 16 17 88 40 59 12 74 30 6 78 26 82 35 93 44 96 74 32 58 46 55 96 54 96 52 6 
84 63 26 95 19 87 17 46 18 65 26 89 16 66 85 87 29 66 83 84 55 71 54 69 64 98 26 49 62 14 86 80 70 90 59 24 6 73 80 13 52 32 67 61 12 20 47 80 50 73 87 0 15 70 29 88 82 14 98 98 56 66 82 11 20 23 59 90 65 91 11 63 60 35 85 85 22 4 43 57 18 47 42 82 23 81 61 2 61 6 53 94 68 76 96 21 57 76 83 49 88 57 54 83 1 8 69 76 87 50 2 95 93 67 64 33 31 43 82 2 49 28 24 18 51 84 94 12 77 95 10 17 15 2 30 69 7 21 71 46 97 46 24 17 32 83 66 17 3 22 32 29 91 34 41 13 67 53 77 59 67 65 13 75 38 51 35 66 6 78 62 67 25 95 84 56 25 81 12 26 87 96 58 29 97 82 56 47 33 1 28 19 21 73 52 26 61 13 0 29 58 25 38 8 96 59 30 90 29 50 93 81 15 2 16 64 44 66 45 20 10 26 29 27 26 13 14 75 72 77 2 90 91 73 88 64 44 80 19 9 1 18 90 65 64 92 67 74 45 83 71 25 12 85 8 95 70 43 75 81 43 62 88 93 61 37 24 59 91 91 15 17 60 45 42 18 96 73 15 5 71 68 26 17 33 54 66 79 10 60 68 4 59 35 51 63 28 70 13 78 39 75 89 56 93 62 10 49 56 43 3 55 29 23 59 44 15 92 43 16 28 32 85 60 54 47 87 31 48 60 84 36 6 6 50 20 86 75 14 89 69 12 48 95 93 90 6 18 52 49 54 17 77 95 73 34 45 75 99 9 77 98 17 5 27 6 54 76 90 18 65 99 41 81 41 46 2 10 30 12 19 23 55 43 41 88 5 97 1 75 67 90 36 14 55 58 81 88 56 73 
21 68 95 1 34 70 47 35 60 31 16 26 72 71 44 28 37 57 77 53 1 31 9 73 11 38 94 57 2 48 24 2 95 69 66 81 50 51 73 2 35 69 7 86 82 33 54 86 79 12 75 3 8 7 50 7 56 39 23 97 37 70 99 67 27 0 23 50 47 19 32 0 63 43 72 86 75 1 0 13 49 70 78 70 4 22 25 46 53 85 90 63 14 58 29 48 32 83 73 49 28 52 12 59 44 43 34 41 18 90 64 75 25 83 52 10 52 49 7 96 88 20 62 5 13 99 69 6 87 68 13 45 45 16 72 22 14 59 42 0 99 66 38 58 21 6 58 71 59 48 47 36 75 20 68 34 94 75 80 80 37 80 98 34 1 96 81 6 1 20 36 1 19 15 23 54 47 33 75 98 87 63 31 59 32 96 59 87 33 76 1 51 26 79 70 77 82 31 14 13 73 94 11 51 60 10 59 33 13 90 80 30 79 94 55 36 38 1 8 98 23 22 73 13 98 28 33 25 19 47 24 82 59 12 88 75 59 43 25 81 30 42 68 0 59 24 56 47 5 87 51 29 70 15 16 5 62 61 13 26 28 54 30 69 21 48 10 3 28 93 10 57 2 25 28 35 99 26 78 21 44 10 7 68 63 10 53 12 56 80 23 20 41 86 33 7 20 76 14 86 68 61 9 70 5 43 3 27 24 93 40 61 69 30 24 2 11 14 16 60 21 58 41 48 71 57 37 71 17 5 91 40 21 64 91 67 79 35 98 92 36 98 31 83 55 42 76 7 64 92 47 24 30 71 63 73 80 7 53 85 2 19 58 42 21 40 0 12 60 14 37 11 56 76 86 15 43 79 20 91 96 24 23 88 54 31 77 55 81 26 33 82 5 65 87 63 74 14 19 13 
52 61 39 23 20 42 78 30 75 77 11 90 57 46 67 48 60 53 62 51 98 92 74 5 45 1 77 67 78 97 72 87 91 58 77 32 81 67 87 79 56 40 22 1 49 9 73 13 86 23 22 8 44 3 8 46 13 13 80 19 39 55 24 33 82 57 50 35 69 76 0 23 94 44 24 84 55 59 9 35 99 27 82 6 9 73 75 6 31 62 46 70 83 38 15 55 87 84 79 55 38 77 77 68 25 33 39 21 74 54 84 76 67 26 94 82 99 7 25 95 54 12 40 8 17 15 56 78 75 97 11 48 50 2 92 68 54 54 79 62 56 7 49 46 54 79 65 39 73 60 81 40 66 63 57 41 97 14 4 29 79 93 15 27 87 31 82 19 47 60 53 50 96 53 62 32 92 20 28 37 66 10 5 74 87 14 15 46 95 75 83 84 61 4 87 3 12 35 34 27 10 71 57 90 74 46 52 99 77 79 6 1 36 19 1 47 1 43 86 22 63 61 96 0 19 66 10 12 36 71 5 46 73 11 74 13 18 93 25 90 41 30 12 50 82 68 15 14 24 20 71 66 5 25 51 72 47 51 61 55 21 79 26 40 70 39 17 79 40 85 61 57 76 11 49 96 60 61 96 48 4 94 26 37 73 68 65 80 7 66 3 91 10 23 35 51 0 89 53 76 32 3 12 36 10 66 14 80 1 54 6 59 25 45 94 19 67 80 62 77 58 92 29 76 27 51 12 33 59 23 75 89 3 47 5 4 3 77 23 72 23 86 9 45 32 24 15 92 71 69 37 30 60 9 50 94 48 30 78 17 10 14 63 29 75 0 40 48 48 59 19 71 93 87 13 42 3 21 83 1 18 33 95 51 36 69 39 22 97 17 25 48 15 34 92 69 57 4 94 36 
99 63 35 66 24 39 65 64 52 26 47 81 86 86 83 29 12 60 91 35 10 53 56 13 1 58 90 7 38 17 15 13 82 14 62 47 46 75 53 5 85 68 54 64 41 29 86 62 43 6 91 66 79 63 44 44 96 0 47 77 88 16 58 2 83 4 49 29 4 83 6 73 16 75 66 43 25 86 63 1 49 66 83 45 5 98 40 53 24 42 40 99 93 1 88 39 60 61 31 88 62 70 28 82 83 82 75 41 4 97 15 99 19 5 66 63 74 57 33 29 9 69 4 59 23 56 8 69 95 84 73 29 29 98 94 94 28 95 94 38 16 58 50 94 71 23 65 5 55 59 55 39 76 69 33 39 28 84 31 15 78 42 26 19 31 13 89 17 90 84 63 79 59 48 83 97 90 92 27 85 65 13 73 96 11 2 75 46 10 47 40 49 24 8 35 18 10 16 4 65 40 26 9 71 4 69 3 32 60 15 93 78 2 47 35 22 71 27 39 17 51 51 28 16 17 88 0 83 88 59 4 72 16 37 17 46 74 43 5 72 98 6 58 88 84 37 27 87 77 46 88 15 82 97 31 42 73 58 80 65 7 50 28 41 89 97 66 69 79 75 94 96 18 39 75 12 74 19 74 3 11 21 48 68 83 33 20 98 72 4 56 40 53 12 57 61 59 26 89 58 70 92 13 64 70 35 56 76 15 44 43 60 27 61 92 29 18 30 43 97 30 72 35 85 68 95 11 27 94 79 10 4 87 76 15 45 64 10 0 71 41 85 7 64 75 37 94 12 31 78 90 33 91 19 46 67 67 29 17 15 94 17 12 48 14 25 24 90 14 87 67 42 59 34 49 59 37 95 14 64 50 19 55 45 67 2 77 50 54 67 44 9 92 0 31 68 87 60 7 91 
63 24 75 35 29 71 91 39 96 13 4 54 51 18 42 13 2 78 71 91 13 12 35 78 18 60 0 31 91 21 37 53 22 51 93 21 63 28 61 74 31 9 2 84 58 23 28 66 72 14 32 8 44 26 39 61 1 32 39 1 24 32 93 27 33 97 88 69 81 88 64 79 56 37 43 13 48 70 96 11 54 8 85 52 63 19 11 14 5 22 91 7 35 73 31 5 71 66 14 38 27 56 76 15 82 49 17 33 75 14 39 29 86 30 46 64 34 57 52 2 91 36 25 64 88 75 49 63 76 93 47 20 21 93 48 53 21 11 69 93 44 64 57 82 42 18 22 46 5 22 98 36 53 19 32 25 32 91 45 50 20 88 92 31 35 72 73 41 81 13 38 40 12 16 53 12 60 49 78 33 36 18 96 4 49 51 29 96 93 93 63 61 7 61 9 84 89 96 82 7 38 25 84 82 13 86 76 35 46 34 69 49 7 39 30 7 38 52 92 51 85 73 56 73 77 25 13 22 20 44 84 60 0 45 29 52 69 6 13 81 34 91 40 51 79 27 61 56 43 5 48 21 31 7 80 1 62 64 13 77 78 23 23 79 39 14 79 49 79 32 25 92 62 70 95 54 26 80 57 7 22 35 86 35 10 94 66 9 35 98 72 50 64 54 22 97 64 7 2 29 26 3 79 19 97 92 93 70 42 12 25 61 94 70 85 48 12 19 87 73 26 51 47 96 95 17 41 84 9 34 23 13 44 84 88 27 39 17 50 72 65 96 82 65 15 38 82 76 44 18 22 78 36 14 85 3 2 72 49 62 79 45 54 84 48 51 0 91 52 37 12 59 53 87 48 75 5 39 68 0 62 15 60 23 30 52 87 88 32 71 58 91 43 89 70 14 34 8 38 63 
4 52 40 27 77 95 22 59 80 9 96 59 38 22 92 16 6 29 49 90 83 13 83 13 3 22 63 43 82 7 35 43 23 61 25 1 24 82 72 34 60 87 5 53 92 67 55 46 94 49 22 49 98 59 81 14 25 0 91 36 20 55 94 40 5 69 81 64 32 97 11 55 93 82 96 78 60 1 57 44 88 16 46 98 4 81 84 26 76 83 59 88 92 77 28 9 78 16 44 64 52 44 23 95 95 38 89 95 94 25 81 86 50 73 91 96 47 75 31 23 19 2 74 52 90 21 24 15 70 46 43 42 84 43 35 32 82 39 31 55 62 99 83 61 7 97 42 99 18 25 34 59 88 58 90 78 58 19 43 36 41 39 61 0 48 70 44 60 98 69 27 71 80 95 28 35 51 4 50 23 25 62 46 33 10 19 23 81 21 23 85 95 16 42 44 4 72 52 94 19 92 15 36 53 81 76 20 55 6 46 85 81 24 11 63 90 13 25 14 62 81 72 25 57 17 13 89 46 40 38 64 88 6 70 11 3 43 28 39 6 27 43 7 12 88 13 84 81 93 20 27 59 63 60 43 36 70 70 55 45 48 64 6 95 18 26 59 89 31 81 67 94 8 18 37 85 71 61 18 74 74 15 81 99 72 29 32 19 93 74 87 17 76 82 53 12 70 15 49 33 26 60 35 94 1 69 51 94 10 70 80 13 84 59 89 6 26 80 88 10 12 52 60 6 17 0 41 24 4 5 37 93 18 73 73 99 60 22 48 33 57 7 95 55 79 4 86 1 63 96 14 21 9 74 0 49 49 45 77 89 26 31 2 53 89 79 57 7 70 46 20 18 17 91 27 99 15 74 97 95 34 15 55 77 6 70 27 81 65 66 14 50 10 35 16 19 94 28 37 36 
83 76 17 63 36 99 11 26 16 25 41 96 2 63 63 46 86 81 86 94 74 27 75 24 95 59 8 1 8 54 98 10 51 22 9 10 16 87 59 22 3 52 23 76 21 49 97 42 65 15 45 13 30 16 61 73 49 16 98 30 57 10 75 96 91 90 24 99 3 39 92 93 62 21 43 32 86 5 57 23 27 16 59 21 43 73 75 4 44 89 30 71 12 72 65 10 81 30 19 56 31 19 70 51 79 98 20 55 13 47 84 28 52 32 13 62 0 89 98 70 48 32 2 11 61 64 51 44 39 87 1 11 79 78 56 18 72 88 2 2 30 79 94 70 88 46 78 13 4 46 86 34 61 99 73 2 76 1 15 35 75 16 7 84 6 25 27 32 59 99 27 20 49 56 38 75 15 47 51 5 77 42 30 72 51 15 25 92 41 17 17 34 71 4 97 89 26 84 31 9 86 6 52 85 98 92 49 50 41 91 19 38 86 62 67 68 82 44 30 54 60 30 22 65 2 78 50 40 30 67 23 3 39 91 64 37 85 45 94 8 14 38 95 68 83 77 72 23 86 50 86 23 49 13 70 0 11 0 75 40 62 74 31 56 29 4 37 77 2 67 18 11 74 84 79 48 0 81 62 12 60 69 10 0 9 26 76 24 44 32 35 90 46 88 60 47 4 30 35 64 26 60 5 66 66 64 30 93 53 84 60 55 98 36 16 39 86 48 61 64 72 11 51 85 54 83 86 37 8 93 51 23 43 79 14 53 60 80 33 80 74 52 31 53 29 28 72 31 81 45 20 93 3 8 35 81 10 81 28 97 17 52 97 68 94 67 41 5 98 70 59 76 43 3 10 81 82 89 2 21 39 67 54 62 9 97 90 30 18 27 11 75 11 37 76 49 68 85 96 57 
18 10 9 49 56 5 15 95 11 99 57 55 54 87 43 31 62 20 40 77 99 20 34 35 62 46 17 6 31 49 56 65 58 14 34 91 58 52 59 96 14 10 9 36 40 97 34 76 66 94 39 97 55 42 2 82 46 48 7 5 73 27 12 22 20 65 83 91 7 86 40 95 10 73 23 96 55 40 19 50 57 67 24 58 35 99 31 31 3 83 19 44 25 38 21 71 74 10 23 32 81 73 58 80 23 82 87 31 9 82 63 80 4 27 30 25 12 12 8 15 37 23 56 82 38 92 54 28 23 42 84 58 38 27 52 88 40 27 12 30 93 41 74 43 5 97 42 89 96 93 93 69 89 47 7 72 14 83 21 93 63 17 47 42 20 53 39 30 19 5 3 9 15 86 27 57 61 3 11 70 89 38 55 49 93 72 20 29 32 24 70 75 62 63 22 51 13 6 75 98 43 47 83 46 63 41 47 88 5 7 3 17 38 63 74 47 18 47 34 93 88 83 26 94 52 44 41 81 59 64 23 24 64 27 73 83 8 18 58 44 99 42 46 5 70 71 29 76 1 26 78 5 98 11 53 44 61 95 91 89 77 21 51 93 34 47 12 87 40 12 62 79 9 12 93 38 35 83 13 51 41 33 39 27 54 18 90 7 21 85 89 26 70 26 8 60 37 84 65 55 27 40 70 59 61 52 52 85 56 11 90 72 69 62 94 22 68 62 82 34 24 90 3 72 24 51 42 98 53 82 56 9 19 39 96 28 17 8 54 68 45 15 99 79 19 11 42 11 32 24 49 25 66 18 28 35 74 48 48 18 31 25 64 72 85 31 97 72 4 90 92 14 62 43 52 29 22 45 44 44 90 68 85 93 7 85 16 52 68 61 23 48 17 29 26 21 9 92 36 93 
14 79 77 4 11 98 70 86 5 68 15 32 30 13 57 57 4 70 76 54 74 17 11 92 56 49 1 34 87 52 54 2 39 27 14 84 20 2 81 24 98 20 28 47 29 1 7 86 79 62 8 98 4 97 54 99 29 78 10 14 4 25 26 56 67 22 67 25 57 61 16 33 28 9 79 26 5 54 84 90 94 17 3 7 90 69 11 64 42 8 60 25 18 80 73 86 22 87 51 32 46 72 88 80 23 14 23 28 32 85 11 27 31 27 74 61 45 89 44 23 9 71 52 28 47 74 54 40 60 51 78 63 91 46 76 42 39 21 37 13 60 94 17 64 16 20 60 72 95 29 22 61 0 67 10 10 13 44 38 42 65 42 49 80 77 85 5 73 69 44 92 66 63 97 73 82 67 64 90 9 17 84 20 73 25 99 45 87 98 57 97 93 93 96 88 67 70 11 71 43 35 40 45 66 87 97 24 4 2 90 52 75 40 67 23 31 91 77 97 72 57 23 14 72 60 17 42 2 91 29 45 64 26 0 47 21 2 24 89 34 8 39 53 94 2 78 90 87 34 39 96 36 33 12 10 39 51 9 84 63 37 99 39 91 98 54 7 36 23 16 93 17 33 87 61 91 97 5 18 70 57 2 59 11 84 10 16 63 48 15 10 54 59 69 38 60 4 32 21 74 82 74 4 80 25 42 2 17 27 20 14 87 66 82 97 61 81 58 69 59 0 16 39 69 16 71 70 83 94 35 44 27 59 46 29 91 68 19 25 16 18 82 91 59 28 62 44 75 80 83 12 52 56 28 83 38 26 24 34 85 22 35 89 51 50 71 80 66 42 72 1 29 73 5 37 13 79 99 56 72 85 99 30 44 94 35 43 48 16 1 3 37 38 4 59 27 67 71 15 34 
91 51 96 59 44 87 11 25 84 22 18 65 48 72 83 21 92 61 11 48 61 62 61 51 24 53 15 98 2 24 95 62 27 81 94 66 66 81 50 15 41 21 34 61 37 87 2 74 97 29 70 81 91 83 27 19 95 96 8 5 35 23 91 3 62 22 8 10 57 90 61 16 15 64 67 64 36 52 95 76 16 36 93 19 81 32 97 46 98 83 79 79 54 88 45 47 5 38 74 12 52 76 29 35 2 53 69 2 13 27 76 10 27 46 75 31 87 92 44 16 47 35 95 16 3 19 41 36 30 28 15 83 99 81 77 61 67 90 22 36 17 88 30 36 37 95 41 75 17 37 44 51 53 72 77 4 71 71 40 86 78 29 83 36 62 39 2 92 36 53 24 85 10 70 56 27 86 19 67 46 27 89 48 25 60 22 41 28 28 21 38 92 90 13 20 38 22 0 75 74 3 84 35 97 74 22 56 1 14 25 88 89 54 61 13 53 12 80 22 35 64 98 42 93 36 56 19 21 41 32 10 59 26 63 4 85 35 52 70 21 57 27 32 22 52 80 6 32 49 79 49 97 81 47 33 44 22 70 39 81 96 97 24 49 31 76 38 16 7 84 19 60 55 35 16 16 90 36 68 64 47 55 9 83 33 7 30 70 51 70 90 71 15 37 79 22 8 42 2 26 48 62 91 36 8 34 80 75 21 95 11 36 79 12 75 92 86 97 62 13 90 10 76 74 75 82 43 1 15 52 16 8 4 17 53 80 21 12 55 28 43 82 90 41 83 58 50 12 26 24 32 29 9 8 90 2 98 50 87 55 71 31 59 17 62 34 9 32 24 56 98 34 74 73 33 21 32 72 23 99 16 49 81 76 7 25 84 28 62 42 64 27 32 11 36 37 97 50 41 81 
18 95 88 81 44 0 41 27 95 68 10 66 72 88 93 68 16 21 65 51 22 49 94 9 82 56 2 81 67 22 67 22 36 58 94 82 35 43 94 55 6 32 82 57 26 41 59 88 36 27 98 67 13 81 8 38 9 69 46 87 75 61 15 99 8 11 12 80 78 73 71 14 3 49 68 74 54 92 8 37 95 45 6 1 93 0 74 24 61 24 40 26 9 30 86 65 64 86 25 47 48 79 33 55 84 11 87 51 20 84 47 89 57 77 70 36 97 55 73 30 90 27 15 59 37 44 23 87 99 61 10 47 75 69 76 10 51 45 52 15 68 74 89 35 82 64 25 20 45 82 21 89 44 59 95 44 47 8 76 73 40 74 30 77 70 7 39 88 98 80 94 86 90 78 85 36 66 82 68 93 68 37 45 51 71 67 93 0 4 78 66 12 17 71 10 57 89 41 34 75 27 53 74 49 62 60 64 74 34 46 51 60 20 28 78 7 52 5 45 75 58 30 59 39 85 34 65 37 8 38 82 38 97 62 7 15 8 40 57 36 44 6 81 84 64 14 59 29 97 91 46 78 74 91 59 30 36 80 64 63 83 88 11 50 72 84 67 25 1 89 77 54 53 80 59 58 49 80 5 34 51 19 13 44 1 79 45 41 62 64 2 74 54 97 88 37 12 26 47 9 63 1 36 77 86 57 8 1 5 58 68 13 27 47 57 73 1 60 2 73 51 44 0 38 41 94 54 62 77 2 73 33 31 86 57 92 97 65 9 29 77 4 11 38 63 76 43 26 87 59 90 73 91 46 34 84 49 58 60 38 91 26 53 21 94 77 73 35 40 64 1 86 61 58 3 62 73 69 95 22 20 48 76 98 70 35 3 71 96 27 27 19 14 51 90 23 19 57 51 51 
70 53 13 9 66 47 55 12 92 68 60 77 43 22 68 47 72 79 32 84 51 51 87 40 34 33 77 21 57 32 4 99 2 70 65 33 86 84 84 92 95 75 43 4 15 99 48 36 17 78 36 69 99 71 43 46 8 95 98 55 10 60 52 79 58 49 0 50 95 5 13 23 88 35 71 74 46 41 37 89 90 7 20 68 2 15 7 27 90 67 92 95 25 51 18 7 53 67 50 17 51 94 11 99 74 28 65 87 23 73 33 43 5 44 79 53 14 95 32 18 65 47 23 7 2 3 70 8 35 68 76 53 60 59 13 95 89 38 68 72 22 67 72 45 43 99 70 18 61 79 10 99 22 0 16 82 20 64 49 53 20 99 26 34 76 59 68 28 69 48 81 20 95 51 98 87 89 57 33 61 25 50 8 95 43 34 83 9 9 40 3 55 88 14 39 69 5 40 64 64 14 84 27 47 14 36 62 74 85 34 39 65 1 49 67 41 14 53 91 35 48 21 87 41 19 63 12 92 98 0 60 42 24 68 23 1 99 92 56 21 13 21 45 83 65 68 3 85 50 37 69 4 98 49 62 83 57 71 33 34 27 92 25 19 31 97 41 23 50 69 81 88 16 44 34 58 13 87 35 20 30 97 68 56 1 54 99 61 78 66 77 84 72 87 34 89 68 35 76 48 19 40 77 48 70 61 79 26 85 70 95 81 72 50 97 56 14 52 7 40 95 43 48 32 37 47 72 30 29 85 17 9 6 1 23 48 18 41 43 23 5 68 84 52 55 84 88 67 13 45 6 55 46 36 39 89 2 46 94 98 11 85 39 60 60 59 40 52 34 84 83 10 49 87 82 57 55 87 96 9 55 56 19 58 40 47 66 32 31 18 65 87 75 9 47 59 43 52 59 64 
93 26 42 78 37 85 72 37 16 87 1 71 10 60 78 78 50 17 68 63 72 13 56 79 15 34 96 54 36 94 13 69 67 10 89 44 41 39 79 7 18 43 76 60 67 18 24 54 14 86 78 17 21 35 80 62 57 8 39 51 36 58 14 30 92 46 52 19 81 12 2 28 33 24 81 20 31 14 69 38 38 2 15 19 22 10 89 66 91 82 80 92 85 36 45 88 8 80 46 47 62 58 14 39 69 31 35 20 53 48 68 59 25 12 28 91 4 12 78 73 75 42 86 77 13 39 62 25 84 97 80 60 98 11 63 24 34 69 15 55 32 39 82 24 74 2 85 48 73 75 12 71 0 78 41 96 27 33 66 8 86 84 17 91 58 64 36 11 0 13 21 49 54 33 79 85 55 26 45 70 91 13 66 26 85 51 94 7 51 0 61 10 15 63 14 99 27 57 61 41 4 74 8 59 18 52 70 75 3 77 61 94 28 31 57 20 52 57 81 61 60 45 94 17 40 60 18 68 68 90 75 33 84 67 60 96 71 81 35 69 82 14 72 23 10 84 73 76 88 28 94 35 76 92 18 60 91 40 30 15 60 11 86 47 74 77 46 4 11 84 35 51 56 3 78 17 39 82 77 31 77 67 15 72 38 85 28 83 65 99 14 83 69 55 77 96 44 24 66 19 85 16 66 53 89 78 69 69 73 55 73 96 71 80 55 36 98 19 25 39 59 9 85 40 6 11 41 27 92 0 3 42 53 51 99 88 45 77 91 93 47 84 38 63 18 9 44 59 28 79 17 59 36 74 51 22 30 91 42 8 20 96 2 32 59 47 15 7 84 38 80 8 45 73 60 36 3 67 38 66 12 34 55 55 87 69 82 54 87 55 83 48 58 78 30 46 64 85 65 79 
34 6 33 83 3 42 94 64 4 34 51 8 50 6 28 47 10 8 63 27 68 51 12 98 37 12 80 99 42 97 78 78 88 60 34 92 69 35 9 6 70 61 52 34 27 39 99 4 28 69 13 90 13 82 50 58 53 67 0 35 18 34 54 62 36 18 58 30 11 11 44 30 77 6 35 50 5 27 73 2 33 4 98 86 14 2 89 4 34 83 97 94 64 38 0 99 71 98 73 90 41 87 48 89 74 91 88 63 1 88 97 63 81 3 50 91 43 53 32 25 8 3 67 77 37 99 33 63 82 57 69 58 91 63 41 42 35 77 51 2 12 88 56 89 28 89 86 5 21 28 52 88 35 41 31 15 39 62 8 48 23 87 91 52 73 27 86 93 70 28 55 29 48 17 41 59 30 89 50 25 50 42 32 2 7 75 1 96 60 27 89 54 84 84 82 48 16 87 52 95 54 80 60 63 39 15 89 98 39 0 9 6 51 97 29 90 80 62 12 73 66 78 82 59 16 11 68 49 62 34 82 39 26 0 11 88 59 12 72 72 75 90 20 36 93 11 75 20 46 54 25 93 43 19 29 57 38 73 1 55 4 85 60 1 60 29 16 48 70 54 73 95 90 95 98 96 90 93 37 36 93 43 88 64 58 73 50 16 68 75 94 62 19 40 80 98 95 79 66 16 11 11 81 27 69 54 16 25 12 35 63 31 10 92 76 23 27 21 70 14 25 23 79 59 61 83 4 25 67 62 50 92 42 1 23 34 26 45 69 95 37 17 38 36 15 31 85 32 13 91 57 13 89 61 15 29 72 90 72 90 80 26 11 38 99 33 40 34 10 46 78 3 99 39 54 67 29 94 72 54 98 67 50 80 8 39 51 84 39 84 97 77 34 59 14 76 38 98 7 19 
70 74 19 76 9 20 46 81 69 54 85 74 45 52 29 0 30 39 26 32 33 15 67 87 33 48 86 93 31 46 9 23 85 13 95 2 62 33 87 81 53 14 23 42 98 72 20 63 67 51 69 74 76 45 9 91 41 54 8 34 62 75 38 32 98 54 30 30 4 70 25 47 95 56 15 1 85 1 48 44 31 97 35 42 67 27 59 10 90 37 52 5 67 38 61 6 91 87 73 3 26 11 83 4 46 58 12 24 83 36 52 88 98 1 69 90 26 0 59 42 80 97 49 13 30 75 82 47 39 42 0 93 72 52 21 91 18 70 23 9 14 93 74 57 13 65 39 8 17 58 91 97 39 33 84 19 51 46 87 73 81 16 39 68 66 80 80 56 90 78 80 18 23 8 66 58 82 52 4 75 92 43 79 31 64 87 36 49 46 95 57 79 63 77 76 89 48 33 0 91 76 38 38 75 30 68 85 39 46 33 13 0 47 21 88 39 49 97 6 22 12 21 27 38 24 96 94 47 6 1 68 1 19 12 45 30 76 50 31 65 14 45 41 53 62 10 89 33 20 8 53 22 95 77 95 33 68 15 59 91 12 29 41 37 27 58 39 61 47 51 43 39 88 0 85 68 33 78 27 69 71 36 94 90 57 35 73 60 35 44 64 35 55 48 18 60 12 14 13 12 81 48 2 81 74 41 32 5 73 87 90 48 60 29 1 33 76 19 10 27 93 96 28 54 33 76 40 73 47 10 22 81 28 48 59 88 43 86 31 83 40 79 1 44 10 74 73 47 14 41 66 19 15 23 55 81 35 15 87 96 70 87 71 34 26 2 79 99 94 85 50 54 12 84 65 52 76 28 62 97 78 96 36 31 99 77 47 82 94 58 46 57 22 20 99 63 90 17 29 34 
97 28 48 26 79 52 21 69 16 20 18 2 27 5 28 40 14 82 57 48 56 13 45 29 39 87 92 18 51 22 86 89 19 36 9 76 83 20 50 77 49 43 38 14 67 73 88 64 61 97 0 99 91 76 21 31 62 2 66 17 27 65 98 9 24 8 42 35 78 43 44 99 95 32 21 45 21 85 69 1 2 51 10 84 77 99 50 91 21 18 94 67 81 46 24 77 12 39 47 99 6 99 30 4 6 90 13 68 29 56 66 95 71 44 83 45 44 81 47 86 22 87 72 73 57 17 61 94 11 96 79 92 18 50 80 71 98 20 90 50 75 49 13 64 94 12 36 53 39 15 5 67 63 33 51 34 51 53 80 3 85 52 83 67 85 45 71 60 23 99 85 56 31 11 18 10 37 27 13 73 86 41 88 66 10 84 76 10 75 79 62 56 30 79 99 36 93 20 23 39 61 7 18 77 81 15 66 41 58 28 77 35 65 55 67 24 30 3 82 89 53 75 58 21 38 21 54 5 9 63 27 25 28 56 4 29 25 81 45 11 19 64 53 58 32 73 22 96 50 91 26 88 30 9 29 75 2 58 64 80 49 50 16 9 5 2 79 96 16 21 86 22 79 83 20 27 63 62 6 46 36 16 92 86 60 97 10 73 48 5 42 24 45 8 97 95 2 28 73 87 16 94 94 85 94 33 51 21 82 12 47 50 83 86 19 87 52 46 42 15 33 84 52 62 13 86 51 68 64 95 0 69 6 86 80 89 56 6 74 12 93 29 80 65 83 77 36 28 27 82 41 82 46 49 85 48 17 84 66 19 36 63 72 10 51 63 65 1 21 89 40 0 84 42 46 23 64 32 98 36 55 83 62 61 77 93 22 32 34 58 5 20 93 96 54 3 29 14 41 33 
41 12 93 50 27 30 60 34 50 36 49 4 26 14 2 88 12 11 35 58 94 48 69 24 10 30 37 67 2 47 75 9 40 37 67 53 75 63 79 88 1 41 27 14 38 58 0 76 6 37 86 61 38 13 37 22 93 64 34 54 12 58 75 66 2 65 51 25 26 59 67 52 38 35 90 48 13 89 33 16 42 37 94 9 95 2 89 90 17 76 85 73 85 26 54 83 11 99 96 83 33 59 95 70 51 10 86 81 82 97 84 8 74 84 37 30 39 15 23 77 17 40 49 31 64 52 72 16 88 13 39 34 97 91 75 35 93 94 92 82 60 60 50 37 17 86 48 81 60 72 65 14 67 69 15 60 5 92 88 38 11 17 11 82 97 67 24 14 21 18 71 50 81 40 95 58 87 55 86 76 64 45 55 73 70 14 90 25 79 86 7 60 34 89 30 24 96 87 38 19 17 15 13 9 92 21 26 75 32 71 0 98 41 93 42 74 58 93 43 12 76 94 73 78 99 79 40 87 44 70 80 43 66 25 95 16 21 9 92 36 32 17 61 84 94 98 46 14 35 28 66 76 99 27 5 93 56 39 10 91 68 89 95 21 21 88 87 17 80 58 48 70 67 14 66 4 43 22 26 36 65 80 6 94 36 23 59 56 15 91 0 53 43 68 95 33 97 79 85 90 29 14 55 12 49 54 70 21 55 54 86 57 16 9 35 76 88 64 4 59 90 61 25 84 67 55 34 40 41 48 73 75 80 71 16 79 86 97 18 28 84 98 0 44 85 15 50 57 37 91 80 7 88 11 90 88 79 14 79 45 67 9 57 3 90 78 76 65 91 71 10 8 29 77 86 5 34 98 39 33 84 64 98 51 53 3 26 65 3 96 96 28 90 83 72 70 65 38 87 8 
70 11 41 9 38 72 32 60 92 29 45 65 45 94 83 19 24 42 22 12 15 7 98 18 86 26 72 32 30 73 4 28 64 19 23 75 43 16 71 78 56 17 37 72 85 15 26 48 11 63 90 84 35 37 68 17 67 97 6 6 90 93 95 83 46 33 2 43 57 55 6 34 84 6 6 2 82 77 0 24 85 76 97 66 36 99 99 44 9 94 9 39 99 59 97 15 22 98 71 44 10 97 50 16 70 44 69 32 66 53 80 10 50 23 3 36 4 20 90 92 88 47 45 3 95 19 94 8 30 25 89 39 11 32 23 25 36 15 2 1 47 67 83 11 11 85 93 4 40 22 46 67 44 25 32 3 96 9 37 24 5 96 98 14 56 71 52 72 44 70 64 73 19 30 1 81 70 46 75 38 33 7 82 20 17 0 12 66 36 48 55 73 50 29 70 23 22 9 70 81 13 3 80 77 92 8 97 83 28 26 12 0 45 64 52 79 48 48 85 84 34 46 16 6 99 13 30 74 31 31 84 52 99 4 61 68 56 51 44 89 53 48 61 16 30 37 17 85 39 12 76 46 85 29 31 20 87 72 30 5 93 41 11 98 21 38 76 30 86 96 89 56 46 38 34 42 18 58 47 21 59 41 33 31 75 78 80 90 10 2 45 86 62 94 75 10 69 36 52 76 70 35 53 79 37 26 34 88 55 7 18 19 49 20 27 15 99 93 24 4 36 67 40 13 44 0 35 57 58 68 6 77 48 76 27 2 24 77 89 68 40 87 13 20 71 35 86 2 37 61 91 27 61 66 70 40 94 21 31 86 8 8 13 69 72 50 16 78 69 27 16 18 48 55 57 75 63 10 0 25 17 24 88 65 45 4 16 21 80 6 72 53 36 30 38 48 78 75 60 6 
70 15 27 36 77 19 14 16 56 75 10 11 15 72 60 44 20 21 49 35 22 59 14 30 88 11 69 7 86 53 42 62 85 51 49 84 34 43 54 20 81 56 51 49 27 86 94 28 78 29 62 91 87 68 44 66 13 70 53 29 96 5 87 3 44 77 11 49 47 7 60 70 36 22 49 53 25 98 83 28 12 40 43 24 25 41 99 84 91 22 95 31 92 42 90 28 70 10 56 84 88 46 50 2 84 77 84 37 2 95 95 32 80 69 31 98 3 5 50 25 35 90 54 51 71 94 55 13 55 2 57 32 49 50 53 57 21 25 65 41 64 15 37 8 40 69 63 73 34 9 46 35 55 32 83 63 15 7 64 50 55 5 41 33 2 25 0 89 39 10 88 64 33 84 93 1 14 33 58 70 48 89 75 76 97 74 89 31 85 87 67 72 94 10 30 55 99 0 36 1 98 43 40 2 79 79 85 66 92 82 1 36 26 97 32 20 67 80 41 81 98 84 24 58 60 46 29 95 49 54 8 34 58 10 66 79 23 68 42 39 60 15 27 16 60 9 53 17 75 52 27 67 45 10 68 33 73 78 76 76 66 57 41 78 43 25 33 48 34 99 71 1 40 63 69 12 63 84 16 61 27 61 62 73 69 59 43 64 85 35 27 50 19 27 98 68 9 13 38 87 31 12 13 7 83 93 43 94 25 3 70 59 65 78 82 9 64 77 28 31 49 92 29 98 29 5 16 48 12 97 60 7 45 30 23 93 40 46 28 22 24 66 74 96 92 48 52 49 37 34 80 26 47 20 23 63 58 51 75 75 41 7 76 9 94 66 59 7 61 94 56 50 14 93 26 67 44 83 24 24 79 16 26 86 96 94 36 45 56 13 58 52 46 73 50 59 41 48 53 42 
29 17 20 32 5 24 66 12 61 67 74 99 96 64 7 90 13 95 57 13 53 23 26 24 17 64 69 48 2 28 83 33 92 94 36 44 15 18 39 52 75 83 68 61 43 69 30 66 76 39 30 90 31 32 78 49 68 16 13 65 5 41 58 97 62 11 76 60 18 89 1 81 54 24 33 30 56 49 48 83 35 78 54 32 49 81 91 97 53 37 20 25 62 81 36 25 87 54 2 50 65 67 11 78 66 47 15 18 23 34 89 24 64 0 90 88 19 62 76 47 86 71 15 72 65 86 13 21 11 48 69 9 92 5 5 60 43 14 54 34 44 45 48 49 45 64 53 0 1 87 58 28 49 97 17 10 94 89 93 69 79 85 23 62 83 43 93 25 81 89 48 13 72 54 33 31 53 99 16 43 3 88 33 7 89 0 0 72 5 38 83 30 97 29 96 96 38 72 56 16 45 10 14 20 37 89 25 16 64 37 42 82 85 48 68 68 86 32 64 89 7 37 35 43 10 79 49 91 41 69 85 21 29 11 67 45 24 26 80 3 17 78 20 79 51 77 44 36 51 17 98 14 54 5 42 56 59 72 66 23 20 35 46 73 30 70 4 10 61 64 26 61 22 94 29 57 25 61 8 18 62 79 82 33 87 87 4 34 82 80 86 97 91 52 7 47 73 29 56 63 97 56 97 44 82 25 70 69 11 13 89 94 62 49 55 24 27 12 56 48 85 47 74 8 82 56 49 67 84 37 1 47 26 42 4 79 5 82 71 57 29 64 50 92 28 24 10 95 76 58 83 50 38 17 18 21 5 77 92 66 57 9 47 65 62 78 97 75 60 46 79 99 16 32 32 21 98 76 34 48 88 29 68 69 79 6 96 54 21 54 95 55 79 67 59 20 28 76 68 14 
81 33 39 63 22 19 82 28 13 73 68 13 30 47 76 48 75 65 47 57 4 18 59 90 73 1 93 37 67 67 15 62 5 31 46 11 16 82 21 77 45 27 79 81 17 18 6 3 29 83 61 10 48 86 91 8 97 4 92 38 73 69 75 27 32 27 25 37 47 33 45 41 66 13 60 73 19 3 3 67 7 84 59 83 59 62 40 83 2 72 93 43 17 52 99 60 63 51 19 61 46 68 21 39 13 49 23 36 47 50 83 47 8 64 12 78 59 69 98 78 44 5 55 94 23 72 68 61 28 97 1 29 92 35 26 32 88 49 7 78 1 59 69 63 64 86 89 91 54 49 24 58 71 38 63 65 63 43 13 70 93 98 63 19 19 5 43 30 25 70 77 40 25 50 25 15 71 52 9 44 66 32 90 5 71 45 56 59 89 92 68 44 84 90 24 34 2 99 97 51 26 0 48 16 15 62 25 12 25 32 89 91 30 67 41 10 24 0 3 5 5 2 9 46 35 44 25 75 36 61 19 27 89 34 69 5 47 24 46 41 54 99 64 75 98 90 29 78 14 16 24 25 63 78 85 88 37 70 33 1 31 51 14 32 45 38 3 92 49 80 43 3 87 29 95 9 38 89 45 87 22 41 98 9 63 8 52 22 49 78 36 68 14 21 30 88 94 74 79 27 61 98 74 72 82 5 70 92 34 72 58 31 94 26 98 69 21 36 41 85 33 85 52 93 57 2 50 26 27 15 76 57 44 62 7 74 96 41 28 88 50 34 71 50 43 93 15 80 38 89 57 20 80 7 47 54 52 52 71 55 78 1 3 18 0 43 19 41 90 23 38 25 2 24 1 90 14 0 70 46 60 85 79 16 78 99 53 58 3 9 92 66 6 71 56 15 54 71 58 51 
50 76 55 56 18 42 68 13 81 40 2 31 16 90 24 40 83 87 87 38 67 38 90 55 3 75 22 7 11 20 11 94 34 56 60 96 14 44 3 91 58 13 48 64 87 93 88 72 19 29 93 92 46 82 80 2 61 59 14 86 21 91 11 6 28 95 60 22 83 70 38 6 15 50 96 64 31 70 70 68 70 90 38 43 25 47 51 28 40 44 31 5 22 0 61 65 86 56 16 4 67 79 55 88 62 89 93 47 62 49 10 65 24 70 79 43 41 15 34 68 61 50 2 43 65 86 6 29 27 9 15 44 27 52 67 9 6 4 43 26 3 77 57 42 66 73 31 41 8 63 34 35 46 37 42 8 17 74 97 1 66 24 66 70 72 57 69 19 82 4 44 72 29 87 35 24 46 39 67 76 96 83 63 83 16 32 60 37 60 41 95 62 25 10 37 36 92 14 23 16 96 37 13 85 66 3 71 45 45 43 82 20 51 55 4 82 28 32 52 93 93 17 32 35 15 79 87 60 25 95 69 7 51 51 29 93 17 29 38 23 16 98 97 38 71 79 86 12 96 42 9 4 28 86 83 92 20 10 29 22 62 59 20 77 83 65 22 89 38 61 44 82 69 20 88 21 3 6 40 63 42 27 8 90 97 18 61 82 20 57 38 92 38 88 32 21 24 69 20 88 33 10 75 92 86 97 58 25 6 77 43 73 48 98 52 0 76 3 21 95 59 70 11 76 75 44 64 51 42 21 4 39 22 78 90 71 45 81 31 98 62 84 6 54 96 66 2 77 93 19 92 37 17 74 0 69 8 48 84 51 70 50 78 81 5 83 55 43 24 99 57 85 94 39 22 0 37 42 77 62 24 60 13 60 39 65 84 96 53 72 70 86 70 56 41 50 2 66 11 14 
66 12 9 26 46 74 51 13 14 11 18 17 29 43 25 87 31 2 63 76 78 7 35 99 39 70 77 10 78 19 69 34 47 52 18 51 42 72 96 8 77 93 56 41 81 3 79 26 70 55 66 89 31 98 74 78 41 34 0 54 47 53 86 98 75 87 70 90 54 75 2 82 37 76 48 55 70 98 0 93 65 26 41 11 44 78 13 56 5 54 44 69 42 70 57 79 90 21 45 66 6 5 20 2 70 88 10 77 1 34 56 17 86 20 27 15 97 97 92 8 21 75 33 35 8 84 83 60 96 29 12 31 70 7 75 52 20 56 9 18 63 40 50 5 7 13 25 64 86 91 24 58 51 9 52 65 75 4 43 69 1 21 31 30 31 44 98 28 95 14 42 54 90 32 31 41 98 17 86 51 56 54 61 71 18 75 72 26 21 54 18 82 73 11 17 38 59 2 98 67 71 96 60 86 4 78 18 22 29 15 27 66 33 61 30 94 13 95 26 54 72 77 68 84 16 16 46 92 39 51 54 88 52 42 40 77 71 97 40 87 3 93 80 23 27 75 32 47 94 55 2 10 38 7 56 70 30 55 16 18 72 80 55 52 47 26 49 87 77 67 33 24 19 37 8 70 96 49 6 67 80 84 43 81 42 58 23 17 51 86 49 78 72 33 61 33 58 27 76 0 85 46 4 61 47 72 59 9 14 83 37 33 59 46 54 51 60 71 80 75 12 35 57 92 41 74 7 49 54 92 5 65 11 15 37 43 50 94 11 10 3 36 12 33 19 5 94 32 79 66 16 78 43 31 45 38 89 51 6 96 8 6 39 25 19 10 57 21 60 66 93 0 5 82 96 39 76 65 48 33 5 91 22 34 42 6 72 30 82 35 37 16 50 57 7 85 53 14 96 28 
9 90 64 72 3 19 25 64 50 97 88 54 25 5 3 97 39 64 24 3 31 47 93 95 18 33 96 76 45 37 89 7 57 68 1 41 68 28 78 31 21 10 49 89 75 62 99 65 64 77 42 58 96 31 5 97 43 97 51 90 3 37 85 78 0 9 43 23 54 45 4 13 41 52 83 32 76 28 93 49 44 84 92 22 89 47 46 96 56 79 71 51 87 27 35 41 99 89 52 91 28 26 98 88 90 35 39 2 90 28 41 38 70 67 98 47 66 79 96 82 87 45 17 76 73 7 0 41 12 87 44 16 38 11 25 18 80 10 21 11 38 69 9 31 4 72 8 21 3 94 38 50 35 64 68 8 17 96 16 65 32 89 97 26 52 63 92 7 60 3 88 36 84 17 66 72 69 51 56 53 24 14 69 81 92 44 34 56 28 0 54 81 84 45 76 17 82 63 48 2 4 0 93 48 9 50 27 18 57 58 41 50 33 81 56 26 54 60 8 50 92 9 66 34 22 44 39 74 28 79 13 99 26 98 12 43 7 42 74 35 88 52 13 81 86 88 8 85 13 58 80 88 83 4 73 47 4 82 34 12 67 99 82 34 32 93 43 50 96 75 35 38 50 24 16 41 19 82 72 70 29 20 62 62 51 81 7 88 48 51 65 75 93 63 59 28 32 21 77 56 98 61 11 16 99 7 52 54 53 65 41 38 58 99 53 22 34 28 72 38 76 50 95 36 19 98 54 3 65 17 28 9 59 62 10 3 87 1 74 72 54 91 10 20 24 83 50 82 82 13 10 52 39 17 76 26 2 85 16 6 38 54 1 22 5 57 11 14 99 10 69 44 39 33 16 97 84 96 33 18 97 95 76 34 88 86 85 42 52 24 72 82 57 44 23 98 10 81 6 73 
85 37 38 9 77 51 39 91 56 33 77 64 26 51 60 65 41 2 58 2 91 35 19 97 57 31 15 41 65 55 25 17 94 96 80 39 14 25 98 72 29 28 14 86 1 13 30 36 13 8 50 28 93 58 64 90 10 67 20 44 42 51 2 93 43 97 13 99 48 55 18 52 56 79 65 43 38 29 27 51 52 86 46 63 48 84 53 14 84 4 39 30 29 32 49 93 10 57 81 80 26 92 66 21 19 91 42 24 29 38 99 90 38 18 17 48 91 95 38 0 11 29 95 19 98 44 51 22 45 28 21 38 8 77 83 17 72 71 16 76 22 62 65 14 83 94 60 18 9 21 17 20 27 35 37 55 33 85 67 63 59 65 25 21 73 34 16 20 61 97 48 43 77 11 58 62 35 36 94 69 4 83 55 30 96 86 73 47 70 76 62 40 27 62 72 74 47 11 22 56 4 15 21 97 70 82 77 15 35 36 0 94 95 17 31 27 50 78 62 98 61 25 12 94 95 45 39 68 73 72 65 95 12 75 76 71 93 91 3 67 25 28 78 44 14 50 58 22 86 47 29 4 70 88 28 40 38 79 53 72 75 0 44 84 33 31 49 60 54 6 84 24 50 75 55 67 77 27 63 99 30 64 13 26 82 13 99 6 64 0 39 45 93 69 40 20 11 71 91 20 10 50 79 70 15 80 12 39 16 81 40 95 79 70 87 15 59 63 20 32 13 12 73 11 15 69 36 38 58 57 86 36 63 65 21 99 26 52 24 65 44 26 29 49 62 77 6 88 15 59 60 35 25 54 90 54 14 13 57 54 50 16 71 87 39 13 49 53 57 63 56 8 55 34 75 53 34 65 23 87 44 5 31 78 36 39 18 23 76 28 2 64 27 47 6 45 4 75 75 48 
10 61 95 96 62 31 98 40 22 50 10 50 60 61 80 2 18 47 6 21 70 36 12 73 33 19 78 15 12 18 89 14 91 93 54 50 25 60 25 53 16 87 30 77 21 35 99 90 7 94 30 20 17 3 66 32 40 72 96 92 97 0 17 25 67 12 36 21 21 16 89 84 39 34 39 94 37 94 90 74 71 68 21 17 79 22 85 70 20 45 28 0 77 59 95 68 37 75 34 85 40 52 65 66 46 49 82 59 99 88 86 26 11 93 0 3 10 69 65 25 78 52 61 28 83 56 32 72 39 36 0 83 24 4 2 78 91 61 95 55 14 55 69 3 93 24 47 98 4 8 41 52 84 39 79 55 99 7 12 80 36 23 73 14 95 27 87 44 93 37 6 27 72 84 95 0 14 62 33 83 47 55 90 12 39 91 19 57 85 12 26 12 60 70 54 74 59 99 21 0 72 15 61 14 76 86 56 93 75 71 50 69 97 77 27 79 48 96 13 6 56 23 2 32 7 43 98 88 3 46 4 27 44 97 7 52 82 59 87 3 2 87 51 92 4 99 77 40 74 78 44 67 75 79 82 17 41 80 86 7 63 21 15 16 93 28 6 69 26 17 28 29 93 82 12 53 91 29 39 59 52 97 93 67 83 9 43 22 23 87 54 43 59 92 39 4 35 52 46 26 24 65 32 15 75 63 96 11 38 63 50 12 80 16 23 63 41 25 40 80 47 40 97 5 90 79 35 38 51 85 77 6 81 59 55 82 39 11 96 54 69 17 58 52 21 68 63 34 25 27 31 34 38 21 99 95 74 26 36 10 19 11 32 58 75 75 92 29 15 6 23 34 92 90 82 11 39 25 61 28 91 99 84 72 88 12 5 12 42 92 49 60 52 85 42 56 75 9 16 36 
58 0 18 96 63 40 15 99 93 91 56 17 80 48 76 62 90 67 47 81 79 94 87 69 31 32 88 38 94 40 6 23 92 13 73 79 54 5 92 70 81 78 76 2 14 0 87 49 30 40 48 56 43 0 42 64 62 12 17 36 62 73 79 59 73 4 43 52 89 82 22 59 94 61 46 46 62 65 40 24 34 24 89 52 83 62 5 49 23 89 59 8 24 96 30 91 89 67 68 9 37 18 20 75 24 93 10 37 81 8 0 87 20 14 9 45 27 24 12 45 56 99 70 76 9 17 93 8 60 64 17 9 48 79 11 40 64 91 67 64 38 49 2 51 42 12 5 8 52 9 45 43 67 9 67 92 60 64 41 44 75 96 14 37 27 87 90 56 68 76 14 38 16 91 59 6 87 16 61 40 16 34 49 83 63 61 86 62 68 84 56 82 80 67 74 7 23 15 62 3 25 75 99 35 17 91 90 91 3 99 20 69 28 99 19 17 48 65 22 96 43 46 94 43 64 16 2 94 2 23 71 36 91 15 61 91 24 30 52 83 9 69 50 84 13 56 84 74 94 34 96 94 76 70 50 33 7 20 62 2 46 91 72 55 19 59 0 3 1 2 49 44 87 38 13 36 10 45 19 29 68 15 83 14 3 96 97 99 26 60 73 28 85 51 22 76 27 44 37 67 95 23 84 73 52 54 18 69 6 25 2 99 76 98 84 50 48 52 10 33 67 82 11 98 33 90 88 56 69 74 52 33 36 67 74 23 16 32 76 60 7 10 21 83 49 37 90 53 15 49 42 72 44 6 13 35 85 13 11 30 59 21 48 51 35 88 6 17 27 93 80 8 32 98 38 53 88 89 18 68 56 57 17 99 36 22 3 20 53 48 6 46 15 64 18 32 53 32 9 27 
30 97 21 9 49 74 86 65 91 86 4 1 39 26 2 74 86 88 64 31 61 71 62 96 84 49 81 49 0 57 54 69 67 68 73 24 78 46 44 16 23 24 47 26 48 65 38 1 72 66 37 71 53 82 43 53 14 26 10 32 33 16 18 72 15 70 40 35 83 69 57 49 48 71 0 71 51 30 36 97 69 86 17 45 53 64 48 29 84 48 73 79 28 76 16 39 14 2 16 61 80 57 52 85 27 34 38 95 29 36 53 26 85 85 93 76 33 59 26 50 40 71 25 78 73 63 77 22 9 70 14 7 69 40 59 22 22 18 34 50 80 81 16 22 28 98 76 24 17 21 24 58 25 54 46 79 9 47 97 82 2 76 45 79 94 3 50 38 27 3 43 20 49 83 62 7 34 35 3 5 77 31 3 32 83 95 42 64 22 61 15 26 35 97 2 76 19 18 2 89 0 1 82 14 1 47 34 8 11 38 66 0 65 16 94 69 22 92 38 5 50 85 80 70 42 12 76 22 56 40 3 73 35 32 27 3 10 65 49 66 95 88 48 16 18 98 38 39 50 46 89 36 43 19 11 15 97 39 13 42 98 83 12 36 18 79 5 87 74 48 31 99 22 37 26 53 86 43 82 60 40 29 36 55 71 86 37 64 99 92 81 83 87 41 30 1 43 36 72 27 32 62 79 37 60 37 95 12 70 44 79 64 98 17 46 90 85 28 93 37 84 96 9 25 49 31 32 37 29 61 42 9 43 89 98 56 10 11 12 48 55 77 25 54 61 21 45 55 49 3 88 67 51 7 13 5 90 25 67 87 32 83 48 56 81 2 67 75 38 85 56 49 3 38 55 82 2 55 77 68 10 60 6 92 66 21 0 58 68 10 22 11 36 2 53 41 1 89 7 58 
9 57 64 64 64 11 46 44 19 5 83 72 34 99 70 35 28 2 71 80 53 64 62 10 61 21 39 74 43 62 13 13 88 24 64 68 65 31 81 85 50 56 27 36 0 7 45 61 33 49 81 28 67 49 91 30 91 13 46 54 27 84 18 97 37 22 39 33 54 55 17 20 93 67 92 27 4 58 2 12 77 35 43 53 13 14 20 98 42 87 75 14 21 5 66 4 86 90 66 24 22 23 85 81 82 32 59 37 54 42 22 75 57 32 28 3 43 63 66 83 30 53 14 9 45 27 72 17 62 38 44 68 15 67 26 45 16 13 59 22 79 76 88 50 63 52 97 83 25 16 56 67 35 59 42 91 31 7 92 53 25 76 62 21 24 99 84 98 58 12 85 67 85 24 97 50 56 39 70 31 7 81 23 41 6 27 63 76 32 20 92 14 66 53 67 67 89 90 46 39 70 31 53 47 97 38 49 94 96 12 86 14 57 21 6 9 21 75 39 73 78 64 73 43 11 53 64 83 70 94 73 9 83 42 2 70 23 25 51 51 40 89 82 85 87 17 54 24 89 97 88 17 82 85 18 65 51 32 48 44 3 17 0 66 21 55 29 37 84 42 51 63 42 60 13 70 97 69 55 9 23 51 18 40 77 53 8 79 74 45 72 83 45 24 0 41 80 84 89 43 50 1 42 24 92 49 60 48 63 33 36 4 65 1 62 71 73 90 42 97 68 22 12 62 30 58 24 79 84 43 58 12 43 2 52 34 12 22 94 95 50 17 1 26 89 49 43 61 32 36 82 11 53 57 35 7 79 89 61 2 57 18 74 65 97 97 84 71 20 74 12 20 64 12 27 2 70 34 10 62 96 89 5 22 18 87 98 38 93 71 42 45 91 98 63 45 98 54 19 61 
71 8 33 18 34 67 66 40 79 91 67 51 27 60 58 9 77 79 16 97 90 9 4 85 39 6 5 28 13 0 41 39 13 29 34 53 69 14 74 57 90 1 9 99 64 52 29 33 83 75 94 98 36 99 59 80 23 72 45 19 22 44 41 86 97 13 51 14 23 9 49 15 38 8 89 42 31 50 52 28 85 17 63 9 45 85 58 65 96 26 10 81 92 50 19 93 73 36 71 16 6 56 66 57 95 64 82 72 68 30 92 8 65 18 8 92 15 35 30 84 47 37 94 6 69 38 52 96 88 14 47 75 37 82 3 64 61 84 25 50 62 51 96 1 4 62 9 45 92 0 6 66 22 9 70 82 84 8 52 79 90 62 82 28 19 33 80 38 4 94 74 91 19 95 82 41 83 65 97 52 6 21 95 10 43 82 12 26 81 51 6 35 91 69 41 78 10 7 27 50 56 52 44 76 23 92 42 14 45 51 0 63 0 90 76 32 89 68 80 81 20 44 47 99 36 59 44 89 41 25 77 57 85 19 7 44 44 31 41 44 1 11 0 56 34 51 74 89 43 10 58 84 78 83 42 24 35 92 70 17 64 23 40 85 88 26 60 67 31 52 87 37 97 42 70 2 16 4 17 88 87 61 53 70 13 84 68 1 97 96 51 83 47 28 32 16 27 11 91 41 52 11 59 43 40 41 41 70 38 0 8 73 32 41 65 99 34 83 45 70 66 6 84 2 38 86 77 34 99 44 43 91 87 24 46 89 38 73 99 19 8 77 92 8 90 6 51 27 29 35 28 47 47 59 49 15 1 91 38 5 65 99 85 72 37 86 43 16 31 81 24 73 46 61 84 62 5 80 91 7 71 82 17 29 14 91 53 93 84 32 55 7 51 86 9 64 12 86 87 7 
59 36 17 84 24 61 13 86 21 94 20 50 14 54 86 55 73 82 29 0 15 77 5 96 51 54 29 12 10 60 86 58 94 49 74 97 63 8 42 41 46 81 3 96 28 64 80 9 94 8 96 64 7 17 76 2 55 86 88 19 73 0 59 9 4 69 42 87 65 88 12 98 88 41 91 50 99 47 22 56 47 85 3 6 18 98 59 7 89 4 84 17 63 18 94 45 93 76 98 54 15 3 2 41 19 14 25 71 29 93 38 66 35 64 50 77 26 14 23 99 40 62 2 3 55 45 92 97 97 94 37 99 14 78 69 34 47 8 8 87 1 40 96 30 90 2 32 53 21 18 43 12 64 21 89 64 40 31 57 73 49 10 84 45 44 21 73 82 9 34 61 83 78 17 41 9 15 55 65 75 13 78 0 60 48 45 82 52 60 14 4 58 15 18 50 44 71 64 49 4 39 74 68 41 46 72 20 77 40 19 59 10 88 17 49 66 78 66 72 44 2 51 18 51 61 48 72 81 73 23 74 96 11 78 32 4 0 5 95 57 32 57 11 18 20 13 55 99 41 19 44 47 6 53 95 28 17 97 46 95 84 65 31 99 55 35 49 41 52 36 91 46 87 71 12 92 64 60 22 6 53 78 73 29 24 82 34 42 13 37 55 26 79 47 45 0 41 1 41 86 66 36 18 55 34 31 8 15 19 7 25 11 98 85 24 86 28 56 11 92 11 71 39 39 54 13 79 63 67 3 49 98 50 2 52 68 35 78 35 35 75 58 53 18 25 17 85 11 2 76 43 22 5 77 68 28 85 91 6 97 99 39 44 34 64 78 49 21 15 88 22 60 31 1 61 76 80 58 3 55 78 34 54 53 90 97 95 16 64 61 74 21 0 75 48 8 53 96 0 91 
70 41 21 91 71 12 86 76 44 91 83 98 77 38 39 52 89 80 71 52 99 94 66 67 66 80 45 66 3 44 73 65 57 20 75 95 59 82 31 90 98 6 84 17 93 84 71 63 96 46 30 82 46 76 79 79 93 62 40 16 91 94 77 79 66 78 48 29 11 96 45 67 16 93 91 15 75 19 61 11 66 46 68 77 45 17 12 46 9 28 97 57 70 69 28 78 54 39 34 48 23 22 52 34 43 45 47 25 88 80 30 26 23 74 38 42 84 10 42 67 38 60 71 17 46 82 81 17 78 27 10 0 8 12 43 63 24 62 85 37 42 23 1 91 87 56 84 35 99 34 16 19 40 4 7 56 5 33 33 64 57 38 51 61 28 10 90 71 66 75 29 41 67 88 11 59 78 89 5 50 11 95 91 25 7 81 72 90 49 38 55 0 10 3 51 4 92 39 70 85 40 90 58 21 5 3 0 36 17 73 57 7 86 75 98 17 27 47 27 68 64 36 24 48 91 60 30 28 93 48 67 45 56 45 44 51 82 83 83 1 22 80 26 16 9 83 42 43 24 90 87 30 49 16 27 44 83 11 65 93 73 5 72 36 49 53 16 73 5 61 81 10 42 14 14 87 13 79 35 92 51 41 61 46 19 59 89 37 38 65 56 24 90 62 82 21 59 90 94 86 66 93 25 0 62 86 17 92 12 75 92 99 30 97 81 82 40 27 10 81 3 2 62 4 82 59 73 40 22 76 54 19 36 19 52 54 28 41 56 93 72 7 78 44 10 59 66 29 27 36 65 19 60 65 32 77 39 55 88 77 38 26 62 63 5 99 73 96 58 63 74 52 4 90 88 52 48 65 64 76 40 24 98 28 24 44 37 20 64 64 15 65 75 66 45 34 76 13 37 31 
94 4 9 20 4 33 67 58 23 55 45 70 59 81 3 2 40 21 42 64 76 84 83 11 1 86 49 12 69 60 40 74 86 52 50 50 15 60 26 10 18 7 34 55 44 17 5 80 86 89 66 41 13 0 60 36 48 83 14 74 52 93 45 17 40 98 79 85 99 51 90 33 83 99 18 3 39 94 75 10 39 8 54 43 90 84 21 2 12 21 70 87 42 20 92 1 70 39 72 61 31 38 55 98 65 84 71 15 69 29 23 53 75 73 10 55 43 63 15 87 57 67 70 16 73 33 31 41 51 7 24 15 35 72 56 53 75 46 57 18 72 57 33 16 3 86 57 92 52 47 2 47 80 95 61 51 58 75 47 65 55 34 56 5 51 91 69 58 27 9 1 69 9 68 98 48 97 49 80 95 81 34 77 77 75 11 40 14 98 16 71 13 26 28 48 58 67 53 16 18 64 33 83 18 49 68 50 75 62 67 86 3 47 9 44 57 68 60 2 21 71 70 37 2 32 92 35 55 56 3 18 16 30 13 74 11 14 22 92 75 39 84 4 80 76 76 84 7 85 22 97 46 7 46 21 27 49 8 9 46 72 4 78 81 33 15 35 56 74 78 9 64 99 12 57 86 13 26 49 95 52 49 97 63 48 0 8 97 77 86 88 2 48 74 66 16 14 73 17 87 47 36 84 4 41 30 90 78 18 37 98 66 92 92 99 36 56 43 90 95 88 79 13 91 5 51 62 73 79 28 65 2 3 83 14 37 39 28 74 3 4 71 0 44 28 44 27 59 73 41 30 85 82 38 15 14 9 24 23 80 1 51 10 92 56 29 34 14 24 92 3 73 25 45 62 27 14 97 24 90 25 44 1 43 28 21 15 94 10 69 9 78 84 92 45 78 76 68 53 0 
32 79 90 61 23 31 33 97 73 47 27 44 83 57 82 54 24 54 96 83 38 86 23 18 33 29 50 39 74 45 55 38 26 85 81 34 88 16 68 9 89 94 95 66 39 36 62 49 36 35 92 66 11 87 74 64 82 47 96 51 82 96 95 12 72 73 40 20 26 78 32 68 14 74 13 31 97 57 32 72 94 26 63 82 87 43 45 57 33 66 48 55 12 40 74 22 1 45 90 12 56 11 61 85 68 58 20 7 9 19 97 8 28 31 62 71 48 11 61 16 52 46 89 45 60 51 95 45 10 71 44 25 82 0 66 20 31 23 85 55 47 72 29 92 0 24 65 97 53 31 53 37 73 10 0 52 70 55 71 68 57 92 38 75 87 13 32 41 87 81 60 1 95 50 47 64 40 11 35 57 14 35 26 65 95 92 12 61 34 65 21 24 71 84 35 34 77 70 18 65 16 80 60 31 21 10 71 49 71 38 65 71 55 35 60 19 13 90 86 58 60 81 6 56 44 26 19 75 31 83 57 51 67 71 22 25 73 27 2 77 21 87 34 89 16 34 42 31 25 41 69 54 9 87 93 20 37 72 67 25 17 11 56 35 82 44 73 26 20 67 76 95 13 43 47 57 89 22 64 9 58 17 2 53 83 90 92 16 4 36 79 13 48 35 96 34 43 53 98 70 72 8 5 92 5 57 32 46 46 37 96 78 8 62 49 92 39 47 16 57 70 11 10 58 22 91 33 7 56 63 72 21 94 56 7 2 20 59 40 60 75 8 79 69 99 55 29 66 50 6 55 66 24 21 9 8 84 67 94 94 35 70 96 8 99 29 77 36 78 71 15 60 13 82 96 59 91 77 55 31 66 31 41 43 53 62 47 75 94 35 15 12 50 74 26 18 13 3 49 87 
68 26 26 37 78 29 1 39 76 48 94 8 25 6 77 68 76 33 21 28 33 90 73 88 11 78 9 99 82 40 95 21 40 24 61 12 39 99 94 41 43 56 7 8 46 3 40 66 79 4 83 2 91 13 20 30 57 23 17 64 97 87 33 53 15 69 71 27 13 1 44 77 46 61 77 7 92 45 18 41 81 9 76 57 41 4 79 87 59 54 12 83 66 79 48 40 41 32 25 96 34 95 99 72 42 54 45 42 49 9 66 35 98 61 69 50 12 15 83 90 55 12 79 27 12 69 7 52 3 59 55 87 48 61 74 61 84 37 75 76 80 95 20 46 78 67 17 64 7 54 72 11 48 20 29 53 9 65 11 4 15 60 80 30 21 31 30 56 22 8 22 37 33 19 21 73 68 77 72 79 13 12 57 70 6 93 96 87 44 95 7 88 59 52 44 19 99 24 34 82 78 40 99 9 4 85 17 33 87 41 40 68 72 3 26 64 97 54 36 80 21 70 9 41 13 55 48 9 77 81 27 74 98 5 9 45 37 80 27 85 8 49 15 97 67 93 40 36 21 28 66 13 28 23 45 46 91 56 52 49 67 26 24 80 68 82 13 20 60 17 16 1 80 87 85 1 66 99 35 71 10 79 58 93 97 11 48 95 4 81 3 82 93 39 46 61 34 17 94 39 49 24 19 29 11 16 63 33 57 29 86 0 61 71 75 20 49 35 90 60 59 92 10 80 99 52 57 84 46 92 29 36 64 17 13 30 13 35 17 83 36 38 42 99 72 72 37 94 14 58 18 26 34 54 68 43 9 48 92 33 15 96 49 6 78 0 18 11 59 42 38 30 55 8 95 56 36 85 90 8 41 59 89 53 72 67 66 68 95 1 95 69 53 17 43 2 13 60 89 20 
23 7 10 83 10 1 7 4 18 55 0 13 62 33 62 47 9 71 84 10 49 33 20 26 4 14 27 46 42 7 26 22 47 35 7 12 81 70 17 86 76 90 59 25 58 69 42 58 21 37 21 22 7 57 88 91 44 85 36 81 54 35 3 20 33 70 26 84 32 51 39 58 4 38 52 21 55 71 5 17 44 46 37 47 89 36 2 89 17 92 99 15 51 61 97 34 55 24 90 24 7 35 90 53 24 51 50 4 67 63 66 96 50 43 85 93 0 56 0 94 27 8 35 85 19 16 67 93 47 44 77 22 67 68 97 50 30 80 86 42 53 25 17 80 39 77 5 64 54 19 94 89 18 1 21 18 93 26 2 72 79 51 55 93 54 44 61 69 9 51 48 96 20 52 91 68 84 71 60 57 88 82 41 2 27 15 20 74 88 61 9 55 86 66 53 81 26 48 25 14 17 22 79 21 62 98 92 33 47 80 75 95 19 89 1 42 24 61 61 5 38 18 94 75 68 11 23 27 89 84 2 30 74 90 84 33 86 65 67 61 65 63 94 34 41 36 77 60 14 20 56 28 26 77 41 38 89 50 36 30 37 39 47 8 99 54 22 44 80 10 37 50 67 85 87 87 40 39 46 84 66 76 76 50 80 6 75 67 49 13 93 54 36 59 93 85 46 84 10 63 16 76 61 44 19 42 49 97 75 1 23 91 14 17 86 76 80 89 60 23 44 2 17 88 12 38 44 4 98 86 56 89 14 29 8 61 51 6 98 68 94 11 33 32 60 67 37 5 22 1 99 20 38 19 53 82 32 25 7 93 72 1 59 87 78 51 22 35 89 81 43 68 88 45 39 71 35 54 74 29 14 35 41 9 23 6 40 87 48 24 71 20 50 9 7 80 60 11 82 10 
31 42 15 22 3 99 50 53 70 73 64 72 52 4 38 58 95 71 71 40 96 23 59 2 45 58 13 20 92 65 81 4 68 34 71 53 30 21 10 61 31 57 32 83 44 73 48 44 46 64 34 47 24 62 72 30 5 0 49 23 58 57 14 55 92 73 58 78 77 46 6 95 13 78 61 73 47 97 74 90 69 32 68 71 64 4 49 77 11 54 42 30 58 83 22 38 62 43 49 76 68 96 30 0 12 8 25 83 99 79 58 61 86 94 74 37 0 98 7 21 69 13 9 44 5 22 80 78 68 32 71 51 7 77 20 94 20 91 17 11 57 46 49 3 23 75 43 99 92 76 65 60 61 5 94 97 29 11 9 6 33 63 9 39 51 18 13 48 33 2 95 23 94 75 34 6 98 99 56 40 56 62 53 98 61 94 95 50 76 6 68 2 77 66 75 37 2 34 64 35 7 95 3 75 60 98 45 38 69 30 84 69 85 28 72 85 43 12 3 90 40 15 26 58 89 35 0 68 45 91 59 13 34 84 8 17 93 35 20 45 86 31 56 92 21 33 68 15 81 98 32 33 31 66 55 75 87 71 9 84 85 11 62 49 38 61 71 31 44 21 69 85 71 39 92 8 93 94 57 95 17 58 19 56 76 38 38 0 56 46 85 34 68 99 10 55 7 16 76 92 44 82 76 93 7 59 35 77 42 43 30 10 86 2 27 66 14 68 32 90 80 31 65 57 64 83 51 88 30 12 62 37 11 96 38 18 10 64 53 24 90 68 52 55 60 43 77 63 71 8 96 15 76 4 12 57 19 75 68 15 25 12 61 61 44 92 51 83 96 33 3 32 11 73 31 38 43 96 8 8 18 34 3 89 58 43 47 35 31 43 54 85 46 85 94 60 23 21 90 60 
13 81 69 45 28 86 10 44 35 15 57 91 11 70 64 40 76 97 14 14 46 38 76 20 11 67 9 19 8 21 3 29 9 91 22 71 76 50 13 3 4 90 15 99 54 0 96 70 72 53 80 82 94 33 43 58 70 34 73 88 47 14 80 83 96 84 27 79 45 34 65 57 50 11 63 9 31 19 91 61 96 65 38 24 18 88 34 78 73 93 83 78 0 10 46 29 18 84 36 33 66 90 70 94 73 7 73 31 46 84 16 8 23 28 3 47 78 15 6 73 34 62 54 26 43 39 8 80 87 83 28 55 27 22 35 77 69 77 76 32 83 99 43 48 96 33 16 59 50 78 55 14 0 87 63 66 0 50 8 98 11 13 71 67 60 21 45 82 3 24 25 44 75 92 22 64 25 81 40 92 58 28 16 49 19 57 74 25 47 10 30 90 67 73 90 48 13 69 55 29 69 83 31 92 36 38 38 52 53 72 96 43 74 39 1 71 67 60 78 27 41 13 99 69 61 65 37 43 18 60 30 87 96 64 63 31 31 75 54 17 84 77 95 67 90 1 96 19 23 23 87 57 52 97 15 1 67 63 51 86 55 47 42 63 77 77 12 74 41 49 40 10 58 38 74 81 42 91 22 73 30 8 6 26 2 91 49 89 87 8 97 43 20 34 2 81 38 70 27 31 92 69 36 27 79 97 61 99 51 40 82 97 97 81 31 42 61 11 82 21 63 79 62 10 58 44 31 74 5 93 84 8 66 59 63 40 87 3 35 96 51 34 46 64 97 11 45 6 15 25 69 57 29 26 59 6 63 23 88 53 1 33 78 37 85 62 77 70 14 72 41 73 63 7 30 89 70 70 93 17 98 20 3 6 55 67 92 47 76 33 74 42 81 13 97 44 63 44 9 80 
33 92 42 60 20 52 55 68 56 98 7 63 60 38 87 88 76 23 20 13 90 59 96 74 35 94 22 55 87 23 99 42 74 19 95 16 4 45 81 74 60 74 78 1 68 73 30 65 56 86 60 9 12 69 71 95 82 72 21 17 1 36 93 13 70 44 43 61 13 14 11 94 16 48 54 10 2 38 48 47 63 84 55 34 65 55 86 64 10 47 54 43 24 39 45 88 22 32 27 76 29 11 22 57 29 34 40 66 94 1 0 53 61 81 1 52 87 56 6 14 3 86 3 40 30 44 47 43 60 15 71 71 82 71 97 1 68 89 0 73 56 13 15 16 14 76 24 19 33 5 35 95 13 30 79 76 6 78 4 67 46 61 94 85 15 15 93 16 63 68 85 64 48 52 0 11 18 10 2 88 38 18 16 30 88 88 12 47 20 95 87 91 42 9 4 15 24 55 73 65 16 33 40 66 50 8 32 26 33 87 39 39 88 27 2 56 12 38 90 46 61 29 49 91 78 37 3 23 53 51 46 57 26 14 32 0 54 94 98 93 55 19 64 78 86 24 84 87 66 60 63 56 91 37 46 56 45 19 44 96 58 87 24 79 21 13 54 17 68 10 27 25 76 18 29 43 12 17 63 49 96 76 64 26 63 27 9 21 3 40 10 87 15 94 58 27 64 96 54 61 16 76 50 9 21 67 41 97 34 65 78 82 79 72 24 30 41 62 7 94 76 84 71 39 48 98 76 82 85 3 71 4 7 95 44 45 80 20 0 1 64 85 10 32 64 6 92 6 42 23 87 99 88 71 55 92 29 5 48 63 79 80 69 15 59 60 25 14 11 31 32 5 2 45 82 61 25 72 11 86 92 15 34 37 95 24 15 46 46 8 79 2 70 70 70 89 46 51 48 3 
0 29 50 95 93 65 87 41 72 67 15 96 73 24 76 55 17 41 95 34 35 22 88 11 18 56 83 18 54 0 10 48 37 5 93 79 63 53 65 54 11 58 92 58 11 59 44 42 42 48 26 43 49 17 29 47 80 23 47 19 85 55 14 62 8 97 55 96 57 68 55 30 20 51 91 88 16 47 14 33 90 82 1 93 90 43 34 41 46 27 51 39 89 24 73 36 99 67 56 78 36 59 78 41 2 16 84 28 14 38 35 8 13 78 67 33 75 9 40 42 73 59 82 86 36 30 7 38 93 92 41 21 38 58 89 5 97 66 30 52 15 30 63 59 59 10 65 70 37 7 59 4 13 81 78 64 41 50 71 16 74 44 10 46 57 53 89 84 40 45 86 95 74 12 25 23 81 52 22 40 58 85 42 29 55 91 71 38 0 48 1 95 58 67 54 72 63 16 82 53 69 5 91 50 31 92 94 79 25 21 59 76 0 43 50 65 17 22 50 68 61 8 70 79 93 45 90 75 14 75 15 65 87 29 82 8 6 62 46 87 73 29 20 69 46 64 82 2 17 14 27 4 88 2 94 82 59 25 21 31 13 5 8 47 26 75 14 21 39 1 32 20 71 64 40 75 88 57 47 42 5 39 5 32 57 49 60 98 36 96 12 9 11 43 58 43 54 33 4 2 14 78 44 57 65 14 43 43 5 46 92 69 99 41 45 27 32 30 97 98 68 82 18 4 14 5 97 73 36 68 92 57 99 14 83 58 98 70 46 16 91 43 38 37 46 67 30 61 53 5 8 30 99 43 48 9 37 99 36 34 2 76 73 24 14 10 89 64 81 62 57 66 53 48 17 20 25 34 5 3 12 58 38 23 5 43 6 75 80 80 56 69 17 92 0 99 23 29 41 90 
56 88 4 61 83 12 96 65 18 62 66 12 85 57 3 16 95 13 83 50 27 62 16 66 10 22 52 41 43 50 28 96 98 80 9 62 89 73 87 33 68 39 36 45 61 25 62 58 43 90 96 42 6 43 13 58 7 72 30 38 36 4 77 90 47 80 51 24 91 89 76 95 55 93 63 84 78 72 47 11 55 15 52 24 2 40 51 20 37 55 93 2 52 76 93 89 43 59 64 36 62 37 52 99 87 19 85 79 26 24 31 49 69 61 16 27 73 57 9 76 25 51 90 14 49 6 51 56 22 28 77 72 88 80 50 41 72 82 95 2 71 98 94 55 91 43 7 44 64 85 8 59 62 75 29 41 9 50 69 96 56 36 37 42 38 40 8 94 86 18 80 87 3 93 23 94 23 8 74 29 39 70 39 12 39 85 73 51 22 88 36 64 13 31 88 50 33 83 6 73 2 99 81 32 52 99 47 73 67 75 53 0 71 6 71 27 46 67 10 73 66 83 18 20 30 69 60 23 3 34 33 43 90 33 1 29 40 90 34 44 26 65 67 1 18 10 43 5 38 50 86 93 32 89 55 40 73 37 75 88 66 37 17 74 91 0 62 96 30 27 27 4 64 70 4 70 90 54 8 57 67 62 70 98 59 72 26 77 7 29 13 32 20 88 93 88 74 11 44 83 70 90 74 96 81 18 37 9 73 94 17 7 89 71 89 29 5 25 84 30 1 75 43 68 79 71 38 13 73 19 88 97 23 79 68 72 9 72 66 82 9 37 3 59 20 44 93 64 73 91 24 39 81 8 60 74 5 53 67 55 25 12 22 79 71 50 73 64 12 2 46 75 17 48 2 58 12 23 22 34 51 0 47 61 81 96 17 54 80 23 41 36 63 46 33 24 41 38 60 49 
50 10 90 42 1 75 93 63 81 14 77 72 75 70 61 59 28 10 86 6 95 93 55 20 54 16 98 28 10 9 42 14 55 69 70 30 76 22 24 79 43 30 46 33 97 2 17 77 49 28 2 92 94 91 14 13 93 52 17 11 72 37 70 60 51 91 13 48 48 9 93 84 78 87 8 37 86 88 4 4 38 60 54 67 37 97 34 73 14 20 16 58 0 90 41 61 66 56 71 95 64 12 62 40 2 68 99 32 88 68 85 38 54 87 21 48 96 14 66 95 12 89 78 80 86 22 55 43 25 11 85 39 92 26 39 51 92 31 85 59 4 38 1 94 21 29 44 46 63 96 2 24 15 35 41 49 39 72 51 38 50 45 91 36 45 64 73 64 58 30 12 57 82 81 27 57 31 38 83 1 10 53 48 15 51 97 38 34 77 95 13 25 67 46 44 43 85 30 83 75 14 94 24 54 51 66 84 65 4 73 89 81 57 10 41 32 12 89 52 30 5 40 99 92 62 74 93 39 93 76 66 88 98 55 22 47 89 81 31 61 96 95 74 15 77 82 0 55 26 61 31 61 80 3 2 75 25 25 42 37 97 78 58 87 56 44 93 23 94 66 69 38 27 32 4 62 20 71 47 73 13 98 45 12 1 4 97 54 74 63 85 39 74 27 2 33 59 35 22 62 5 85 6 94 17 88 36 38 55 95 78 85 1 20 16 30 19 46 58 86 95 55 45 79 50 72 83 34 46 98 77 13 17 17 57 11 50 31 53 60 67 63 66 72 43 55 64 55 4 55 5 7 7 42 96 21 98 81 24 72 91 78 21 11 4 31 11 49 79 1 24 35 54 35 55 88 93 94 62 60 35 73 99 63 58 32 75 15 79 38 26 77 29 55 7 24 57 79 95 43 
18 41 16 99 98 91 64 3 72 39 73 8 80 65 4 48 32 69 37 51 64 51 93 24 32 45 78 80 80 5 50 5 48 96 47 85 29 63 18 97 33 56 23 91 82 14 95 97 9 32 99 5 72 80 4 98 0 0 35 4 97 65 51 31 86 50 61 52 29 2 52 60 26 14 53 97 7 58 20 27 37 43 0 15 13 36 47 30 33 75 2 15 44 43 83 90 10 55 59 20 25 17 7 62 37 56 69 75 66 20 1 28 28 84 37 55 2 84 51 92 67 63 94 90 41 70 38 96 66 67 1 6 61 32 62 19 12 92 31 68 19 43 67 75 94 48 97 16 43 12 84 40 66 60 15 72 56 31 83 12 97 9 34 52 97 59 42 85 69 68 91 49 11 24 53 13 79 63 25 27 20 92 21 39 94 30 98 61 73 2 90 7 14 46 67 33 41 98 75 2 55 1 56 17 64 43 5 40 60 56 89 39 33 79 11 96 16 8 63 57 92 7 9 67 27 74 63 14 53 0 32 49 14 12 90 32 55 71 71 59 75 29 48 32 30 23 45 67 26 0 85 85 62 25 57 19 43 61 75 57 5 3 53 55 58 54 86 86 4 66 12 54 69 84 86 82 43 18 88 17 86 12 69 64 45 90 33 68 2 79 51 85 85 97 28 55 67 58 24 64 20 98 92 54 47 26 9 94 20 49 44 25 22 89 71 10 90 52 70 65 76 67 90 83 33 27 46 1 81 14 39 41 89 0 50 66 79 67 15 99 21 56 92 43 28 79 41 0 94 16 15 6 37 7 20 29 69 92 6 53 44 60 60 61 81 52 35 6 39 83 92 26 26 26 85 40 94 66 54 37 31 74 14 31 89 73 58 33 94 42 82 84 64 94 6 93 14 22 66 7 
62 57 21 25 96 41 82 27 78 1 72 21 63 37 60 25 69 54 44 63 94 79 86 9 45 57 54 64 90 97 4 40 15 75 1 18 37 27 51 60 3 77 52 13 33 71 52 87 43 66 45 13 70 96 7 61 95 88 3 2 28 87 52 25 36 91 29 45 79 37 34 8 56 86 37 36 64 58 26 90 12 68 82 45 71 1 41 42 19 69 78 92 24 18 19 26 24 30 21 48 24 39 45 82 27 92 32 74 98 71 0 52 76 85 67 47 27 58 87 75 51 10 59 48 61 3 21 52 43 20 52 93 98 25 40 6 67 27 28 4 90 66 23 7 36 50 71 29 88 51 58 53 97 32 53 81 69 78 49 90 93 24 87 76 71 34 84 16 60 27 10 32 12 19 58 63 86 57 86 37 49 47 69 18 55 55 52 92 95 94 68 37 70 12 49 87 65 99 13 93 26 31 53 97 84 61 39 6 24 10 33 75 22 3 45 56 27 35 82 51 67 61 49 4 2 86 19 12 51 0 70 28 81 80 54 24 42 10 42 70 45 15 20 41 34 27 49 66 11 68 80 81 61 1 5 79 53 19 32 62 45 41 7 58 74 22 37 7 6 0 16 99 76 82 78 97 63 51 54 21 41 49 85 7 38 31 55 26 83 23 85 82 51 10 54 30 51 37 81 97 8 20 17 11 79 21 32 98 0 87 8 43 80 79 55 75 40 15 60 90 85 77 94 71 49 83 5 4 93 77 23 42 1 82 44 44 45 14 93 61 53 70 94 64 56 94 70 67 56 5 19 94 81 99 38 61 7 19 36 16 12 29 90 51 79 13 34 5 98 78 70 96 46 90 8 26 32 34 71 55 94 8 77 38 32 39 14 12 5 67 28 19 21 86 35 27 59 63 98 87 
30 68 87 46 83 21 19 51 2 75 22 37 43 81 14 67 27 54 13 45 39 31 68 36 94 40 33 3 38 98 57 21 61 10 99 76 89 24 99 6 25 96 10 79 73 4 53 4 52 72 16 7 57 95 53 75 77 91 49 69 94 11 3 55 15 62 14 16 30 78 68 68 30 78 80 5 6 41 91 17 65 53 62 43 88 35 19 85 8 71 75 83 21 6 35 77 44 89 33 25 27 53 45 59 3 41 67 29 8 12 31 19 85 28 80 55 38 10 9 93 97 51 90 93 97 78 97 92 0 59 48 19 49 35 94 13 69 41 64 37 65 53 86 1 95 35 22 13 36 69 40 7 83 4 66 9 80 45 2 11 71 40 38 15 10 65 56 78 84 2 54 1 12 55 7 99 81 44 99 77 23 44 3 11 2 7 32 5 13 5 6 26 6 39 12 20 48 35 39 41 68 19 78 23 97 63 87 26 94 64 11 33 57 23 31 34 94 6 8 48 84 79 72 74 19 66 29 70 73 25 98 70 78 90 68 69 83 41 26 9 82 71 84 3 44 78 96 51 26 17 70 99 1 7 37 34 95 35 46 98 19 3 57 13 96 49 11 98 20 5 31 16 61 80 31 31 71 69 77 79 36 94 84 81 83 85 13 35 47 59 71 95 64 52 18 95 8 33 87 99 35 59 83 95 75 77 95 23 9 7 62 17 92 23 9 46 36 24 83 79 90 26 39 17 38 81 55 51 64 18 34 19 8 26 37 75 40 48 1 81 80 25 12 5 56 33 27 74 48 57 39 48 31 91 11 13 84 14 80 61 82 11 9 34 67 83 90 59 32 82 8 68 19 11 63 63 97 84 42 6 49 73 82 1 20 12 66 25 62 63 18 85 41 30 67 52 52 26 9 96 
95 7 58 77 74 1 90 24 79 8 88 45 60 42 84 47 64 51 13 28 80 28 65 60 89 21 14 38 92 71 7 80 74 86 87 59 81 54 42 95 98 41 46 88 13 24 92 33 38 73 15 87 98 24 88 2 5 5 82 19 57 22 68 17 75 21 21 62 88 16 42 65 51 18 99 25 24 33 95 19 52 46 93 64 88 61 67 69 35 74 28 87 40 98 15 91 39 78 73 62 27 17 23 0 64 84 44 78 58 31 88 82 13 42 26 14 6 25 19 35 58 83 0 91 78 77 80 96 7 98 21 96 10 42 89 42 99 47 44 31 25 7 40 0 25 32 83 57 56 97 36 79 14 98 33 78 93 53 72 6 49 89 29 95 1 95 51 83 14 23 13 90 91 97 26 8 60 97 56 6 27 40 18 66 79 49 24 88 23 75 3 41 39 99 17 56 45 67 29 85 35 96 23 61 98 61 99 43 22 82 64 68 85 72 36 66 29 73 24 90 50 10 60 59 44 7 64 29 0 4 85 98 84 17 75 12 40 43 83 59 80 5 12 44 83 63 38 97 37 42 10 47 44 80 4 38 99 35 74 0 43 32 16 73 19 12 89 33 28 6 41 83 36 18 99 32 22 2 45 55 73 64 81 83 24 59 39 30 42 1 72 13 35 72 33 83 27 39 76 50 49 36 14 59 91 47 82 90 52 69 53 79 10 82 94 87 17 76 72 97 36 66 78 6 46 24 50 71 96 63 5 46 81 3 13 40 78 14 72 6 3 24 29 21 85 45 33 38 77 43 87 49 49 21 31 49 34 80 23 93 46 15 71 98 11 64 27 21 27 52 74 58 57 51 49 45 32 6 33 80 99 60 41 73 45 68 64 2 38 47 49 22 61 33 91 49 79 62 15 14 
71 25 48 60 76 53 67 24 89 50 59 82 27 83 66 2 88 5 68 55 45 90 32 0 93 87 4 63 37 95 14 72 39 37 77 47 7 51 37 45 86 36 62 10 25 83 33 74 74 70 20 62 57 25 15 89 58 54 11 41 21 13 64 94 94 60 6 20 42 57 23 4 57 23 55 26 37 22 55 16 63 37 59 34 61 52 50 25 4 78 0 69 51 85 80 56 27 33 98 38 25 31 66 46 69 42 37 18 87 10 83 57 51 14 46 80 57 95 31 55 47 43 50 37 27 67 22 15 68 37 78 89 16 21 77 89 49 58 1 69 20 15 14 43 63 83 33 3 29 94 23 39 68 33 66 25 65 35 52 2 76 21 93 26 55 30 46 0 95 11 94 55 58 55 80 61 57 95 63 99 9 12 33 13 9 35 75 40 66 85 7 29 7 66 80 91 98 80 62 20 70 37 25 84 42 37 56 79 58 33 1 28 45 62 75 62 83 6 30 86 40 32 2 84 85 63 2 26 85 77 95 39 66 48 90 25 93 52 58 10 55 22 70 79 33 48 5 45 35 10 70 63 21 45 87 4 34 35 76 31 4 50 21 56 11 87 76 5 49 13 44 41 70 86 55 31 86 22 16 66 39 43 64 96 51 12 22 0 74 77 14 69 91 78 56 48 29 40 60 48 64 16 39 8 25 89 23 96 66 92 48 78 37 5 68 40 28 41 8 29 25 18 15 64 35 31 54 5 12 89 13 7 40 81 86 60 39 62 39 79 82 85 8 8 4 99 29 43 26 96 53 26 7 26 4 36 66 95 82 94 48 91 60 61 95 79 26 16 63 74 22 11 95 82 81 28 11 67 51 85 39 20 4 71 72 37 28 30 5 11 42 60 30 37 52 86 28 0 46 16 
83 30 49 89 79 84 90 23 64 83 32 71 42 18 18 56 5 90 60 57 17 71 79 93 8 89 94 19 90 90 72 72 50 4 20 67 24 8 36 55 34 96 21 69 22 75 90 50 52 31 95 17 16 55 80 96 71 77 54 23 11 10 68 9 44 40 94 63 4 29 91 67 89 22 65 37 57 32 25 68 99 70 22 79 68 63 69 81 72 70 83 90 6 80 80 98 81 20 20 56 41 6 2 8 33 44 30 69 98 84 66 34 24 56 17 66 84 14 48 5 61 72 98 76 71 35 49 88 41 62 69 19 38 86 53 44 98 87 4 48 49 10 98 21 9 77 47 66 28 49 91 39 56 23 98 62 50 1 1 38 4 20 6 55 14 66 41 82 20 44 40 55 98 77 80 44 96 20 72 63 75 24 78 63 72 34 80 59 71 84 32 84 14 16 51 60 75 34 2 74 95 41 42 96 45 2 46 95 99 11 74 34 87 87 66 70 24 19 27 72 10 49 78 10 15 10 15 91 68 26 43 89 56 10 5 42 43 29 33 15 61 12 94 82 71 2 82 62 94 60 48 67 60 44 13 45 84 68 66 35 61 69 81 66 65 21 17 54 90 14 23 51 89 20 95 44 87 20 0 22 93 10 6 6 59 40 92 92 27 20 97 40 2 9 7 94 51 44 56 62 67 36 72 99 93 3 31 47 7 47 93 43 1 61 62 13 32 91 37 35 53 72 60 14 91 40 50 3 11 21 24 49 7 29 8 31 80 0 46 79 19 41 15 31 62 36 92 71 20 7 81 71 3 94 58 62 41 51 50 7 35 30 13 31 56 11 65 32 54 85 45 60 64 79 90 1 84 33 3 92 73 49 31 39 47 63 24 15 46 10 86 94 85 83 4 85 75 19 22 97 
55 68 88 3 60 92 18 14 11 50 88 16 97 33 0 23 91 90 81 33 51 8 42 94 51 66 40 50 77 13 93 35 19 62 22 79 76 98 69 9 83 88 34 80 10 59 75 52 70 25 38 5 84 91 80 89 91 98 82 22 89 36 38 60 15 19 56 60 65 67 62 70 40 55 82 46 82 14 17 69 19 86 35 14 22 21 65 35 60 2 22 66 50 22 23 75 13 59 89 43 93 89 47 25 55 91 99 41 59 76 29 58 40 62 63 37 55 47 76 30 14 7 35 69 22 85 17 49 10 38 10 19 10 73 53 83 98 39 10 50 11 3 20 84 68 9 6 80 25 9 23 56 40 73 58 15 76 30 35 72 11 47 98 40 14 18 51 27 38 85 31 87 85 76 6 22 67 91 74 45 18 27 66 36 24 36 18 48 4 17 30 39 42 19 22 91 19 39 13 21 48 75 97 95 77 63 78 24 1 4 64 59 44 44 66 7 53 95 0 9 74 86 97 94 73 50 78 11 55 71 29 6 26 66 5 47 67 15 0 22 2 83 67 47 22 57 27 79 75 92 44 1 10 68 70 26 62 12 81 40 68 71 17 1 42 14 10 38 83 42 78 61 98 29 60 60 20 83 28 15 42 1 81 85 12 81 25 30 7 41 43 43 17 16 77 70 58 14 21 64 37 2 57 28 17 86 50 78 25 87 85 48 3 35 99 20 0 27 43 86 34 80 61 47 14 31 50 90 8 95 5 13 53 8 24 56 87 30 63 10 71 28 60 60 4 73 15 90 74 95 84 46 73 42 27 8 15 35 11 12 23 58 55 2 75 92 5 19 69 41 19 90 41 81 50 78 58 37 97 11 18 61 75 79 47 39 53 42 64 94 18 4 99 5 87 42 60 42 68 43 
85 66 60 85 35 37 98 6 14 13 40 24 97 88 89 97 48 59 9 30 17 98 28 74 96 76 72 74 46 93 22 28 60 95 51 84 34 49 82 93 46 27 61 32 25 58 5 86 32 54 94 75 78 53 11 11 78 81 74 28 58 74 15 16 19 14 50 45 32 49 58 66 99 5 4 35 31 5 8 84 55 15 90 14 3 88 7 82 1 67 82 38 65 98 70 1 48 52 73 79 46 57 23 97 18 44 99 26 96 86 58 66 73 4 42 74 97 82 68 96 25 13 8 92 21 58 84 83 37 68 24 98 0 17 77 3 42 11 73 92 46 9 22 92 38 51 49 15 10 5 12 44 10 72 19 8 96 9 60 40 37 64 30 75 75 52 99 11 10 80 72 49 59 1 40 63 70 89 3 21 11 43 42 58 76 68 8 36 73 90 11 30 67 38 79 41 93 79 6 61 32 53 33 42 94 76 97 26 89 21 18 73 85 70 92 18 47 24 59 47 51 88 20 57 13 99 80 24 31 31 53 6 43 75 51 42 91 4 45 6 44 21 67 46 30 11 75 81 44 2 11 14 16 84 16 67 58 19 69 81 14 25 77 73 83 94 15 85 41 2 15 37 17 99 13 76 28 13 74 82 53 0 64 0 31 6 31 18 50 10 37 95 13 4 13 38 20 58 32 64 50 14 44 69 26 1 74 96 77 11 85 65 27 19 39 97 76 74 4 81 5 20 65 46 83 95 42 17 22 18 3 37 41 32 43 62 49 9 30 96 23 56 74 59 51 63 16 62 15 56 52 5 35 32 92 39 30 73 20 75 57 0 87 55 82 3 29 50 0 7 14 35 61 53 15 63 76 40 62 5 24 43 94 48 88 67 83 45 5 7 38 55 93 94 65 31 61 92 30 51 
25 21 18 58 35 31 56 25 49 94 42 9 67 44 95 16 40 17 57 24 12 81 33 42 94 61 77 7 46 56 9 93 2 73 93 11 5 31 18 38 88 36 3 43 84 55 90 57 3 6 59 37 67 35 48 34 24 69 18 50 21 97 7 10 6 61 76 65 15 88 32 73 4 51 22 73 35 60 56 34 54 34 93 34 38 60 64 9 47 17 9 92 19 75 39 56 81 79 34 21 53 52 0 78 45 27 99 62 61 27 76 83 31 64 82 34 73 34 72 19 28 11 61 26 54 72 58 22 66 32 52 74 27 97 67 77 54 84 21 98 84 11 11 88 80 34 43 6 4 23 37 31 57 57 75 39 59 82 27 85 71 23 10 80 61 45 83 79 45 18 36 66 9 90 93 46 3 50 83 60 43 76 63 21 96 68 10 44 15 94 15 92 67 26 43 23 23 41 40 31 93 88 81 45 93 22 25 96 74 21 35 91 86 33 97 77 39 92 51 51 80 81 65 7 58 19 11 84 37 48 6 62 38 27 52 43 70 92 24 22 63 90 18 59 13 49 55 67 76 76 2 66 68 96 94 70 49 15 32 2 36 20 51 11 25 40 68 61 62 67 41 21 40 11 45 21 17 70 67 4 98 10 62 88 5 54 26 34 74 98 11 13 6 91 90 26 24 96 70 30 68 1 41 0 7 30 19 92 40 58 66 76 60 84 83 78 69 17 60 94 70 88 15 50 48 87 45 39 40 70 94 6 3 36 56 11 34 40 1 84 40 98 27 49 52 23 14 59 15 7 69 59 37 8 97 68 11 49 8 55 81 9 95 46 37 66 29 86 52 97 75 2 91 26 64 73 93 91 23 79 51 90 64 15 8 52 8 87 25 8 85 93 48 92 53 61 17 36 44 66 
61 29 48 81 51 98 1 35 71 88 38 19 33 59 66 60 81 82 46 92 8 47 49 81 43 4 77 63 71 49 26 6 25 0 53 81 22 57 99 72 38 81 5 18 65 57 70 70 22 63 75 22 19 69 87 64 36 33 27 52 47 24 71 35 76 77 13 95 62 32 97 31 42 12 3 44 3 14 9 31 57 99 12 17 6 95 52 25 93 3 90 65 41 68 18 64 74 33 73 74 38 40 41 4 3 55 62 93 15 12 27 77 52 61 33 10 60 70 79 28 80 73 11 93 61 43 80 81 15 72 73 30 2 14 80 59 1 55 70 90 85 24 7 83 66 91 69 92 95 19 38 50 28 9 89 93 35 91 8 18 28 6 4 72 90 45 73 13 84 28 77 22 17 2 69 6 26 67 77 55 34 61 9 78 68 9 17 11 71 12 99 20 3 15 86 2 50 8 21 57 1 57 16 2 91 26 15 45 58 6 72 79 17 62 45 76 98 10 11 98 94 28 85 42 33 14 96 19 50 30 31 63 94 0 18 4 7 88 78 76 53 56 91 13 4 12 42 88 77 52 42 87 10 78 41 16 43 56 34 80 2 60 49 80 9 79 64 66 46 39 41 92 67 41 30 60 31 49 31 35 1 10 42 16 40 17 15 91 19 65 55 75 70 98 63 35 24 55 33 88 38 80 86 24 24 84 72 57 23 38 57 84 94 98 33 80 57 58 32 86 55 1 40 83 2 0 38 0 81 60 23 60 61 67 9 20 12 78 29 98 46 90 99 12 84 62 56 3 79 69 88 5 1 56 96 16 91 74 42 24 54 26 58 40 77 40 43 68 83 56 34 9 21 75 50 42 95 91 50 70 76 98 87 61 79 66 84 11 47 43 50 70 85 24 51 76 96 63 28 5 
57 15 79 42 17 11 74 74 16 73 4 28 66 84 39 77 8 62 92 35 63 24 15 42 45 95 42 10 77 47 47 10 55 94 11 76 16 40 38 20 69 64 73 85 83 53 99 89 71 53 27 16 48 18 60 61 73 83 58 84 27 61 20 75 23 0 35 87 20 87 90 37 75 27 27 77 42 47 57 10 18 11 57 11 92 42 18 22 7 32 20 97 4 94 81 37 14 40 83 11 7 35 16 60 23 60 66 37 75 31 13 35 0 48 44 67 1 39 60 97 82 26 35 78 15 51 96 43 9 95 38 80 79 47 73 69 63 97 11 56 62 21 8 64 97 11 65 0 98 32 35 6 2 17 40 18 12 27 77 17 22 49 12 55 78 42 64 21 81 75 74 55 99 20 90 13 89 86 63 15 18 68 95 46 99 28 90 33 35 1 77 0 99 18 42 56 70 29 94 87 59 1 94 17 98 54 82 75 24 91 0 15 51 80 35 92 41 84 2 3 36 40 51 71 86 94 84 97 62 33 14 79 83 89 28 18 87 97 77 89 10 19 28 28 96 20 24 65 93 81 16 5 83 97 36 26 61 32 89 24 50 63 42 58 64 81 63 30 74 14 46 4 28 62 28 14 5 60 69 28 85 51 59 38 60 12 4 34 67 97 62 8 42 54 10 27 85 63 72 86 51 85 34 46 84 84 68 58 46 91 23 25 82 61 88 3 68 77 2 14 12 85 34 18 94 89 55 66 92 21 23 49 94 81 57 21 55 16 39 7 99 27 5 8 12 17 10 55 21 3 83 58 71 32 26 13 82 75 53 72 96 11 71 8 92 24 74 81 82 63 57 6 96 62 16 46 4 25 30 50 16 92 78 75 86 42 17 17 94 1 23 79 9 59 28 45 83 56 50 52 
71 97 32 22 17 17 28 46 16 30 71 36 2 94 88 47 60 54 76 14 34 47 22 6 39 95 68 74 21 38 24 8 60 94 25 23 58 96 16 32 10 48 50 22 5 46 57 36 34 50 63 85 91 9 49 46 30 17 16 71 44 54 76 69 87 66 27 33 32 22 36 5 77 27 43 47 39 76 68 18 42 72 93 69 31 70 45 5 54 27 95 34 38 36 96 29 22 29 16 77 97 73 82 8 4 22 77 75 94 59 13 44 89 73 75 2 7 3 58 34 19 98 42 29 69 39 42 62 0 34 60 70 62 79 51 97 85 22 8 70 16 29 89 42 43 73 8 49 56 97 7 61 98 37 96 48 23 73 18 55 88 2 88 88 88 57 54 8 7 88 82 85 28 68 36 88 36 59 13 1 88 62 52 27 61 22 11 9 63 96 33 5 56 93 84 72 81 43 72 86 22 49 68 40 70 13 65 71 37 28 69 78 73 26 67 51 77 3 35 94 73 89 3 87 67 67 55 89 63 61 28 22 85 72 93 77 97 24 33 18 76 9 81 29 89 43 57 93 19 61 74 78 49 88 19 21 53 87 66 35 41 86 84 85 14 92 7 38 51 9 0 73 19 32 9 61 34 11 9 98 17 20 57 2 3 76 77 72 10 23 8 67 66 47 12 54 61 48 50 90 15 31 97 57 60 33 4 14 87 56 76 17 41 4 38 93 31 31 19 82 70 45 26 68 44 29 90 89 40 49 55 30 61 76 4 69 29 86 7 21 40 52 93 46 90 37 93 15 77 43 54 41 57 58 59 54 94 65 99 26 0 7 46 16 74 78 34 85 21 98 53 72 37 27 98 30 27 18 58 88 33 25 5 81 4 74 0 97 48 78 38 46 25 38 34 67 88 26 79 62 
27 48 63 94 70 99 3 20 86 80 55 97 75 77 30 45 97 72 69 70 90 11 0 8 59 94 55 96 84 64 2 63 9 85 52 68 15 67 29 16 94 27 35 85 27 51 29 89 33 70 73 0 20 55 64 85 83 26 7 13 62 19 8 68 90 93 25 72 60 54 68 95 79 63 72 92 30 54 79 13 1 86 81 16 18 95 8 23 39 95 4 89 71 77 8 33 94 91 41 81 13 33 23 43 37 0 27 87 38 75 28 30 23 77 48 69 48 31 20 84 41 29 58 20 73 36 55 59 9 73 89 28 26 0 3 63 60 81 23 97 89 31 99 63 89 67 23 43 23 19 29 8 27 24 34 67 46 53 76 25 91 65 77 75 71 3 87 96 40 91 36 46 69 47 89 12 85 88 9 14 37 63 7 9 43 80 55 85 52 36 4 88 92 64 72 80 33 73 36 0 69 46 4 55 48 14 1 90 33 67 71 87 99 26 93 17 91 68 2 22 69 12 47 83 68 38 99 31 14 99 10 74 35 38 85 3 76 99 48 56 84 46 60 61 6 53 8 71 49 30 15 91 87 31 20 22 68 55 73 38 31 90 48 30 94 23 63 30 55 61 13 78 89 23 54 32 28 81 75 56 20 72 53 31 16 59 80 65 10 91 31 79 85 36 62 61 3 97 43 41 68 45 57 36 98 11 86 21 59 59 27 67 40 11 37 6 79 17 86 49 43 85 36 90 22 17 38 98 80 55 93 99 43 47 48 91 94 86 14 47 37 30 67 44 13 26 42 80 16 45 79 85 16 54 77 1 40 35 1 89 11 34 0 64 64 51 57 10 25 95 22 86 52 53 12 76 75 39 5 10 47 3 2 69 43 10 98 74 54 8 18 27 14 6 76 24 59 61 33 78 
71 24 81 15 39 71 14 89 58 4 82 15 76 6 72 70 6 9 30 29 56 42 30 79 39 75 58 28 72 0 31 86 12 91 88 1 85 53 68 93 98 82 20 72 23 19 49 3 79 70 2 80 25 63 52 61 36 20 6 51 31 77 80 70 24 89 31 72 28 83 7 76 91 33 59 24 24 63 64 96 44 55 61 73 87 47 6 30 87 55 40 34 80 24 15 82 88 10 53 56 83 1 10 1 37 57 64 7 63 76 26 54 76 22 15 79 53 64 20 57 71 94 31 76 43 21 17 83 42 17 90 70 50 30 90 12 33 54 87 49 4 50 14 91 83 4 94 99 79 97 99 90 36 26 47 5 28 72 65 44 31 44 67 97 13 52 6 61 5 63 39 79 32 35 17 6 9 37 20 27 5 49 87 58 26 75 45 9 92 64 88 81 96 93 36 78 68 93 55 49 50 57 21 16 77 57 62 68 58 57 1 22 87 45 67 96 85 96 5 41 5 75 18 91 75 37 36 16 63 42 9 19 29 16 61 40 84 74 86 63 70 39 78 65 30 65 32 56 57 23 30 80 56 99 58 13 74 20 64 11 95 35 79 59 32 20 5 96 50 20 32 86 17 93 75 70 20 73 81 30 50 18 81 98 18 17 57 99 63 86 43 23 38 95 85 38 85 85 96 55 54 87 17 78 35 1 7 12 94 16 87 59 72 18 45 0 6 64 2 78 80 82 50 73 89 68 20 99 79 98 96 49 19 21 65 89 28 44 51 27 69 35 30 26 95 27 99 13 87 30 22 57 60 30 57 44 25 16 20 66 69 85 62 7 91 20 75 17 96 77 38 44 47 19 65 27 27 89 6 97 15 85 84 56 70 16 23 48 68 56 25 72 45 68 37 84 61 2 52 6 
75 58 89 54 10 78 52 35 37 47 27 72 21 95 65 40 12 65 64 90 60 60 81 63 26 48 26 96 0 69 43 71 98 9 83 13 88 40 29 69 63 82 42 51 53 70 81 48 17 4 58 5 23 48 15 98 32 88 52 56 34 46 1 12 95 31 93 34 31 59 37 58 6 15 22 46 74 10 23 68 49 67 34 53 63 31 53 78 83 58 36 70 98 8 85 5 64 20 11 28 1 33 27 76 3 28 63 91 98 73 88 32 40 52 51 95 35 38 35 17 27 32 17 41 16 89 0 71 35 80 56 63 44 88 88 9 53 81 19 88 20 61 15 17 18 65 19 78 7 86 39 6 84 83 28 30 88 3 54 73 38 15 0 76 19 30 55 56 87 36 67 28 17 4 17 42 11 12 10 18 98 8 46 81 66 59 25 63 66 19 94 91 32 68 81 89 38 23 98 26 7 55 42 67 47 12 45 76 48 2 53 55 10 95 18 59 58 40 19 91 87 29 12 77 44 85 84 29 25 49 61 38 8 71 34 90 87 18 96 93 19 82 32 94 26 54 23 31 2 78 83 62 97 73 6 68 0 44 60 9 88 43 33 24 85 20 27 40 61 9 2 19 85 70 90 30 78 80 65 70 47 60 8 85 97 15 77 71 59 33 11 43 51 92 42 61 36 10 26 90 42 91 70 18 3 84 91 24 14 22 59 54 38 12 15 31 99 70 8 79 9 38 65 70 86 5 87 4 20 17 95 74 52 54 84 68 95 13 97 63 31 48 93 81 49 28 79 65 36 39 80 91 42 18 75 58 13 42 45 17 97 84 21 22 28 79 1 95 83 85 85 27 7 78 64 55 58 36 65 77 18 78 92 51 10 32 53 4 73 51 31 48 91 97 85 58 91 62 49 67 
21 60 62 60 71 20 72 58 39 42 65 25 7 63 6 19 1 45 30 63 80 67 34 50 31 6 18 32 44 23 67 26 31 5 22 3 68 33 96 20 66 45 58 24 46 86 99 96 35 57 30 56 39 75 86 58 67 32 49 94 2 65 32 34 96 53 85 19 20 99 53 13 46 20 16 19 94 30 18 29 97 72 3 29 99 52 22 85 60 2 93 84 3 46 64 58 67 45 28 4 72 52 66 55 51 44 68 81 93 28 19 75 69 61 87 92 94 88 22 85 94 10 59 36 26 12 54 79 30 87 87 47 49 76 36 76 48 29 66 10 66 37 0 4 36 2 10 81 38 63 40 96 26 86 79 52 2 24 2 56 0 91 17 31 54 13 34 15 43 59 22 71 53 26 62 98 47 41 61 58 29 79 33 30 38 67 72 23 81 34 49 57 57 71 3 4 10 90 73 25 39 17 66 51 42 26 84 49 80 27 83 53 13 86 68 9 52 89 18 2 58 45 11 35 81 45 48 71 23 82 9 36 68 96 93 2 37 16 84 59 85 80 46 53 85 26 86 7 14 92 55 72 77 15 7 44 20 67 17 67 76 26 33 59 31 21 49 36 22 95 86 46 5 19 71 39 89 89 70 68 78 88 76 77 66 18 34 58 50 59 97 56 41 38 50 43 58 18 74 98 69 16 23 70 83 74 44 90 53 87 74 86 23 88 32 21 2 19 95 61 84 49 33 62 66 26 67 22 50 19 98 87 26 19 71 1 33 35 37 10 17 54 26 63 28 77 65 73 75 34 67 44 28 35 93 6 87 45 1 71 67 62 74 68 61 64 41 57 94 71 82 0 41 41 31 82 75 43 39 92 94 30 2 15 27 48 4 67 84 77 7 10 42 49 81 99 23 62 90 65 
10 14 97 86 97 51 1 4 43 6 79 2 15 65 23 22 54 91 47 22 89 16 86 8 65 90 84 2 74 79 77 98 85 36 97 94 41 77 51 32 8 94 97 20 11 45 30 30 15 37 97 41 50 83 42 72 33 27 46 25 95 1 7 75 27 44 48 76 77 63 74 82 46 2 32 25 0 35 29 42 16 30 51 23 27 82 18 26 71 41 81 42 83 97 56 56 72 83 46 75 93 73 69 82 33 95 45 25 56 15 65 78 59 46 64 93 68 68 34 3 70 83 61 27 80 63 39 81 92 33 73 67 26 58 9 73 77 77 55 89 29 53 29 35 50 36 17 9 98 87 19 46 21 7 87 12 48 7 16 39 23 78 70 20 90 87 42 70 51 52 3 80 89 5 47 52 24 17 78 18 59 69 73 47 46 3 11 91 62 60 84 89 33 38 36 31 90 21 87 70 93 28 24 22 83 42 87 49 81 46 6 64 45 31 3 7 68 64 80 86 13 75 83 75 23 69 24 27 7 98 40 11 76 16 43 68 79 61 58 22 20 12 85 56 94 9 58 5 39 86 95 48 43 20 92 82 91 62 17 92 71 50 71 79 69 66 72 1 24 10 11 48 11 10 92 93 64 27 94 29 47 69 83 90 7 55 32 9 70 50 49 43 0 95 21 6 74 60 18 29 84 53 72 14 81 7 59 3 25 92 74 51 44 16 29 83 9 56 63 65 25 65 48 87 53 67 9 62 93 55 10 56 2 45 34 17 30 66 73 79 67 37 34 84 46 65 40 63 69 86 20 36 18 7 67 32 78 56 56 37 60 71 67 15 42 60 39 0 18 28 83 35 25 75 87 19 37 26 81 26 59 95 11 88 11 84 46 6 34 4 97 95 73 71 66 65 80 24 31 51 
42 65 93 22 19 76 85 93 33 76 8 97 63 85 53 32 99 35 52 74 99 39 2 74 98 53 10 31 77 82 98 70 28 53 62 45 81 60 51 20 82 99 68 27 81 81 70 89 42 41 74 23 64 11 15 32 33 15 88 92 7 2 99 34 69 8 42 74 95 5 54 94 29 10 30 33 98 23 57 26 31 50 27 2 37 23 93 32 73 26 51 28 27 36 2 98 57 77 78 8 61 5 34 51 88 67 89 54 76 42 55 87 60 78 80 58 42 58 96 87 14 62 4 79 77 87 48 62 17 82 34 72 59 41 70 42 68 60 30 62 64 20 39 61 16 49 65 95 51 29 23 48 16 62 79 46 82 84 53 7 35 9 69 52 53 13 18 59 50 82 28 21 95 91 98 82 23 50 97 17 53 28 51 15 71 8 95 56 8 4 40 20 5 87 96 67 55 45 7 74 72 65 84 92 43 44 23 65 69 47 88 85 50 71 95 0 7 14 65 69 13 45 6 37 77 75 86 22 62 9 73 71 12 76 54 62 6 87 15 63 74 98 71 22 95 89 12 60 12 33 56 2 63 91 54 3 73 75 36 91 48 64 91 11 9 53 17 47 26 15 82 14 59 40 70 16 57 71 66 94 46 53 29 70 12 16 97 45 44 21 66 41 74 28 82 2 2 34 13 91 29 10 39 65 74 8 68 48 18 26 60 15 62 34 99 45 91 74 18 95 42 50 19 32 49 31 1 26 97 96 4 35 90 38 43 72 68 12 2 57 80 76 38 45 82 35 75 68 15 46 78 70 82 6 28 53 27 25 81 81 65 87 75 11 65 88 21 72 61 90 36 47 89 37 21 86 59 21 89 97 86 60 77 60 82 97 84 23 18 88 93 74 42 55 5 81 62 32 10 80 
34 60 89 51 11 75 69 86 46 61 60 99 15 68 54 4 57 7 71 86 9 43 86 22 96 87 24 35 32 98 89 56 65 0 5 60 56 76 81 67 93 24 69 55 66 6 25 47 51 51 95 83 3 1 80 24 95 37 92 92 49 65 43 69 4 62 21 30 90 46 98 35 54 53 19 83 15 97 12 51 80 50 86 48 22 31 34 88 71 99 58 97 32 3 64 34 94 40 93 10 88 43 36 2 8 91 71 94 26 86 8 87 21 96 96 80 33 85 85 98 92 34 26 92 50 26 83 79 46 88 4 43 10 47 14 26 70 49 8 93 39 33 20 71 16 81 70 68 88 67 8 23 87 74 95 80 85 79 40 77 38 4 95 1 32 56 96 45 90 80 39 46 15 22 90 96 42 69 12 98 19 0 20 2 86 86 49 90 38 49 85 75 13 50 29 52 78 89 19 42 79 4 63 47 60 57 66 1 75 59 13 53 42 34 44 91 86 44 34 16 57 54 3 69 43 95 27 89 56 49 95 42 49 41 37 88 63 25 77 39 56 89 21 74 57 63 77 55 80 54 52 77 7 56 25 31 36 10 69 71 54 29 39 84 44 87 73 84 65 68 87 0 91 29 14 31 40 40 91 73 30 93 27 21 34 9 53 14 32 5 22 15 76 73 12 84 40 1 10 15 52 16 3 62 18 56 85 90 91 69 65 97 94 77 76 93 68 83 27 45 35 54 78 32 43 45 77 2 13 85 9 21 62 82 70 41 7 49 93 79 87 73 19 64 30 21 6 96 19 2 68 97 81 38 90 98 57 28 11 79 71 73 89 38 45 69 75 99 64 90 48 17 86 98 78 49 96 15 14 62 81 80 32 25 42 9 66 81 71 27 58 98 86 37 59 63 39 31 83 78 
56 65 86 56 65 6 78 76 15 45 56 88 28 47 18 89 50 19 1 46 18 67 73 88 98 19 19 88 59 42 25 65 51 27 68 4 85 14 58 82 6 8 75 61 54 21 31 65 42 91 20 84 80 22 16 87 12 30 59 99 36 64 46 89 48 68 46 38 16 26 3 42 27 32 76 97 98 4 50 6 48 87 35 47 23 88 60 49 62 85 62 42 20 43 30 25 49 84 59 21 52 30 33 16 29 49 18 44 16 89 64 11 69 33 49 20 61 19 77 38 54 1 98 96 42 79 32 93 49 39 40 85 60 37 79 72 96 31 50 7 80 51 64 20 34 30 22 41 56 13 54 93 54 66 32 30 14 94 17 25 80 64 12 18 63 76 9 23 48 13 16 89 10 88 87 22 74 14 39 85 55 28 12 33 64 72 47 11 64 94 92 66 38 0 88 41 99 64 72 96 33 40 79 51 10 50 8 16 84 56 44 49 50 6 19 57 14 10 24 63 36 5 66 67 84 19 39 98 51 67 16 60 68 24 95 52 96 6 45 78 58 66 68 95 53 75 10 6 70 46 94 10 22 73 62 97 12 65 26 99 55 9 36 62 31 13 45 44 4 12 51 29 55 54 0 78 88 53 33 2 31 10 50 69 67 63 5 31 47 86 1 78 59 32 29 62 39 58 65 7 50 12 24 4 2 69 55 15 31 39 9 76 25 43 76 83 25 30 30 93 81 61 39 34 31 62 71 64 36 81 82 18 67 66 72 47 25 63 70 17 70 88 30 5 80 81 43 61 5 44 79 15 7 79 9 28 83 84 40 17 67 72 49 80 1 57 2 46 79 56 8 56 45 41 31 76 91 67 47 33 28 99 33 78 79 97 30 42 47 62 27 16 42 60 74 57 82 22 71 70 
52 39 54 36 44 94 21 89 85 83 77 65 64 72 82 69 87 72 55 62 68 20 26 65 3 9 23 78 56 81 3 30 68 73 84 18 71 27 15 89 51 75 45 81 35 95 90 56 85 67 51 64 8 98 74 81 93 19 55 94 85 42 65 19 79 23 65 93 79 7 38 30 50 64 86 63 75 20 60 88 59 81 83 87 76 87 46 59 51 93 80 57 43 1 65 35 6 87 22 13 34 55 18 14 38 2 25 29 70 18 5 87 28 81 71 95 1 73 95 39 83 4 7 44 60 37 53 29 99 1 2 59 21 12 26 21 35 85 14 82 87 47 9 24 76 40 90 16 21 50 44 37 96 64 95 94 7 88 14 22 75 43 78 74 41 68 42 6 66 36 92 31 73 49 31 44 86 66 40 75 62 74 26 18 58 53 97 7 75 36 15 52 19 51 13 58 8 39 51 37 13 25 91 35 94 57 71 73 76 71 82 55 30 87 12 21 41 51 24 80 6 25 57 34 77 6 60 12 52 59 45 94 65 82 32 90 65 55 70 82 93 34 64 0 47 12 83 67 45 46 77 99 51 17 87 92 98 92 63 95 52 78 59 70 75 80 95 17 14 10 76 52 49 41 57 18 16 96 59 83 6 93 11 87 50 55 19 31 63 93 57 27 72 70 66 32 21 26 83 94 53 16 44 42 92 10 26 78 24 4 35 13 88 17 11 21 55 6 81 34 15 65 67 25 55 93 14 28 25 30 57 4 10 47 3 24 67 34 91 44 73 56 80 9 59 82 49 75 34 59 6 93 65 67 8 32 27 27 26 50 66 6 0 48 93 32 56 14 16 73 63 38 82 24 1 4 83 84 20 52 40 50 34 80 59 92 89 20 99 70 62 71 24 4 89 60 62 23 80 5 
16 55 78 14 15 31 83 5 88 59 45 84 35 75 44 80 4 8 37 57 59 73 95 3 78 10 88 3 58 19 59 4 75 15 93 87 24 59 81 69 39 78 67 28 4 77 25 85 8 47 77 4 83 75 69 8 42 12 20 97 3 78 52 27 70 54 28 65 5 2 60 58 62 82 23 39 12 90 72 69 11 49 84 16 59 1 99 56 91 40 33 63 2 42 23 3 35 12 86 53 70 81 91 86 19 83 4 97 69 64 54 82 85 54 95 14 60 27 46 30 37 21 96 44 44 72 46 39 48 33 68 82 20 32 56 41 0 61 59 47 40 72 83 87 70 37 38 8 36 53 9 91 88 86 73 16 99 84 34 51 75 61 94 45 93 46 4 89 99 0 64 92 70 6 6 25 2 15 28 40 92 94 93 45 85 72 47 12 53 78 42 4 22 12 42 32 54 1 29 40 38 87 14 32 50 10 47 46 17 4 6 46 13 87 46 10 34 51 63 31 5 10 63 5 24 37 19 58 12 59 99 53 75 11 97 96 23 15 75 16 83 56 3 89 97 25 55 82 40 30 21 97 74 19 0 38 49 25 47 0 89 5 89 61 97 1 26 71 15 38 94 75 69 62 44 61 98 50 48 32 43 55 76 63 26 2 63 4 97 0 79 0 63 75 48 11 24 51 37 9 65 51 15 41 5 16 4 14 10 22 62 80 12 40 76 76 8 3 0 73 31 58 90 88 20 25 64 91 44 61 90 87 97 10 27 48 25 12 24 64 15 63 73 22 81 70 62 80 84 26 36 4 53 62 77 31 34 98 0 6 41 1 35 12 47 27 89 4 59 51 64 88 11 71 96 99 88 65 94 79 34 54 3 58 26 46 99 82 92 91 28 2 67 77 79 20 71 97 70 95 
37 1 39 58 8 4 24 30 63 17 27 38 18 97 4 81 11 48 33 95 30 53 57 37 38 62 56 39 5 70 14 87 21 33 93 36 1 4 21 47 76 18 6 84 16 45 20 24 70 41 18 81 99 18 7 15 34 72 86 94 33 84 68 60 5 93 60 52 34 99 58 91 22 99 94 74 52 47 71 55 64 37 47 17 1 74 37 83 39 19 19 72 23 92 89 64 84 87 93 61 31 39 15 16 0 93 88 54 34 67 47 19 85 79 8 6 55 99 12 1 34 55 20 54 91 74 8 69 81 68 43 12 0 59 13 89 72 36 0 39 91 93 87 3 26 21 8 76 89 87 8 73 61 35 88 78 70 21 30 18 22 52 12 52 65 46 44 83 1 4 5 66 89 28 29 76 9 45 79 55 55 51 3 48 65 84 72 86 6 19 66 68 98 58 28 53 98 41 11 56 79 69 31 5 89 66 58 80 59 44 15 96 14 27 20 53 27 62 83 74 64 2 69 86 97 48 12 15 87 72 55 39 34 78 68 51 60 85 61 73 65 74 94 82 12 3 21 28 85 1 51 0 89 91 98 16 7 80 40 3 69 55 91 45 58 48 93 92 88 82 2 59 46 67 88 22 10 19 43 54 49 1 68 22 7 62 22 18 16 51 11 40 30 21 76 92 75 63 41 17 11 76 87 80 89 86 94 54 53 2 61 62 94 97 47 56 64 74 13 93 9 61 50 78 71 59 42 87 42 79 5 5 12 73 58 30 80 33 63 12 99 34 60 88 24 67 28 76 19 13 22 20 72 82 72 66 77 10 24 3 81 88 4 96 90 95 35 76 38 14 40 24 57 45 63 53 10 49 38 24 11 41 2 92 54 86 82 43 46 32 34 34 45 18 8 94 95 87 11 67 
11 70 93 44 52 23 71 51 26 60 98 67 98 15 16 43 8 16 43 13 28 5 93 47 23 32 17 64 94 81 18 94 14 13 45 58 23 10 23 25 39 79 15 66 87 43 37 55 44 17 8 9 85 63 93 54 33 31 20 33 31 25 31 93 65 54 13 78 89 65 64 24 53 96 58 44 66 17 40 56 48 73 89 90 99 92 33 80 92 55 29 86 38 59 30 80 75 15 0 10 92 31 82 14 0 97 18 53 39 16 10 80 62 36 53 76 97 98 54 96 53 44 47 74 91 2 73 48 25 46 7 56 15 9 4 2 80 43 45 73 90 42 7 45 68 62 92 84 23 39 40 14 31 5 35 5 86 67 17 68 25 40 85 79 62 51 67 8 93 94 76 45 23 81 30 43 8 42 56 57 5 27 42 27 73 24 76 19 63 82 37 89 20 57 79 72 49 97 78 65 4 50 41 4 22 38 51 80 28 37 50 67 50 96 92 5 61 79 47 17 18 31 75 6 18 24 25 86 43 2 54 80 75 47 60 15 20 72 52 38 35 47 73 14 85 29 27 99 74 59 12 58 56 50 79 23 96 79 14 69 95 16 18 10 67 52 12 36 63 65 86 12 37 72 11 95 47 97 23 98 56 20 62 67 67 58 78 24 60 20 31 29 34 65 3 17 45 10 98 22 52 79 52 43 42 84 76 97 93 93 31 44 87 21 41 26 88 69 36 6 83 56 15 39 41 38 44 15 99 97 9 86 0 68 48 46 54 90 5 41 27 61 12 84 7 92 91 49 12 73 92 40 38 95 99 62 44 3 22 24 91 61 30 6 33 2 86 17 13 68 58 37 5 65 61 47 28 31 37 44 37 55 27 78 96 17 34 27 23 51 89 10 43 86 1 53 65 41 15 64 
55 96 50 59 27 88 55 72 54 7 66 45 17 15 28 17 24 1 69 20 71 60 72 87 81 91 17 59 22 95 63 40 16 95 89 79 46 35 6 75 61 24 51 82 55 40 88 63 28 69 40 91 30 28 72 11 28 2 35 84 46 31 57 72 64 80 41 91 28 63 1 52 22 94 31 46 98 39 78 3 75 75 6 20 58 36 64 80 4 9 98 53 96 96 5 4 68 13 60 21 91 14 68 12 71 24 24 26 48 41 7 34 29 76 51 9 97 24 61 76 96 77 10 50 44 63 53 89 26 16 94 25 97 52 44 70 81 32 82 1 20 24 91 98 25 0 84 96 69 12 55 22 26 6 33 17 14 56 23 22 4 54 12 13 96 27 73 90 21 0 75 15 42 56 53 14 93 78 37 9 12 43 41 55 45 63 49 96 10 50 71 15 64 59 73 31 51 41 2 81 57 17 32 37 94 23 26 83 33 12 66 2 16 14 55 85 69 89 30 54 19 11 70 21 40 67 99 83 6 84 24 62 27 6 75 33 72 67 13 12 3 72 49 29 48 74 10 75 51 25 45 56 12 21 59 39 22 50 95 99 20 98 3 29 25 61 12 66 20 46 95 89 0 31 61 37 60 25 58 58 37 85 50 92 74 49 23 77 76 15 95 77 7 43 78 27 53 80 79 53 30 74 23 14 52 33 92 35 88 23 22 52 8 81 88 81 70 19 18 28 93 76 23 4 58 5 93 7 6 29 66 48 78 16 94 32 83 25 62 22 48 42 39 12 44 67 64 36 52 7 7 87 33 47 58 29 45 83 5 1 16 10 24 94 20 91 71 30 22 89 48 98 72 44 12 46 94 29 73 35 84 41 95 34 51 45 5 98 28 32 38 21 43 95 91 31 33 5 99 76 
55 79 82 55 8 10 58 67 32 61 0 13 83 36 61 26 41 25 60 18 43 93 95 20 47 30 32 60 67 84 26 15 7 16 55 82 52 76 65 38 4 89 20 2 75 61 90 29 90 13 74 22 15 62 85 65 24 93 34 76 64 73 75 70 35 28 48 58 52 94 92 63 84 41 66 95 42 40 10 90 86 99 23 8 10 19 87 1 62 66 73 71 42 36 43 77 26 43 33 28 0 8 12 91 82 23 93 15 42 45 20 30 18 84 9 99 49 63 62 83 89 67 55 62 71 25 65 13 63 92 37 62 9 41 0 53 36 2 86 42 89 72 60 87 4 68 21 47 69 83 38 43 93 85 70 64 1 79 22 5 36 45 80 62 69 11 41 85 88 85 13 21 6 68 47 40 61 51 10 33 84 20 18 29 30 11 34 17 34 88 98 53 60 72 7 88 58 48 58 8 77 81 37 59 68 35 37 81 41 76 45 64 96 32 82 98 21 75 24 58 85 62 19 6 19 50 86 62 98 73 52 49 3 6 11 56 33 27 25 79 61 53 25 12 83 99 83 49 20 7 36 86 18 98 52 54 97 54 40 2 95 93 26 84 6 40 10 72 40 49 48 49 35 92 0 42 47 55 45 98 13 8 93 93 81 16 3 36 74 34 18 88 72 34 29 29 86 2 3 0 77 96 18 15 77 10 50 45 98 18 3 34 82 50 71 31 2 83 21 33 62 72 59 58 64 74 81 17 11 18 14 23 80 50 18 50 1 27 76 77 98 30 98 28 49 5 12 85 61 57 61 3 77 58 28 82 61 14 41 55 81 10 58 22 37 41 40 1 53 30 70 19 94 81 78 92 24 85 37 98 18 48 52 53 27 14 76 55 30 38 14 64 28 7 7 36 16 58 85 96 
76 13 47 49 42 15 98 55 61 69 69 75 17 85 29 63 92 32 84 38 87 86 39 74 84 8 90 69 33 5 25 40 45 70 80 74 86 34 86 84 3 74 14 15 14 52 5 30 48 46 20 14 68 49 69 95 78 83 31 17 57 10 75 16 6 66 0 23 18 89 47 63 66 20 36 14 85 48 96 57 36 19 75 99 21 73 91 15 72 66 69 41 34 17 56 52 66 69 96 30 10 15 57 16 25 63 28 28 55 99 93 29 62 54 34 33 10 20 38 65 27 3 77 92 97 57 63 52 97 83 80 14 18 73 35 84 94 31 2 74 58 79 28 40 68 92 68 57 15 11 13 57 72 68 79 54 59 51 65 69 71 15 51 27 14 7 6 82 48 83 61 31 20 49 42 32 56 41 10 66 0 14 97 11 97 10 22 36 46 71 37 66 96 10 37 50 51 81 69 71 96 20 2 39 7 93 15 21 68 13 15 57 42 88 10 63 96 12 82 9 40 73 0 16 72 16 23 90 31 78 97 58 12 10 8 3 73 43 66 37 38 91 28 48 67 79 75 22 92 28 56 5 31 5 42 2 71 81 49 48 39 3 70 91 69 93 24 50 20 23 92 54 68 60 84 57 20 13 97 48 72 48 0 53 65 26 62 24 94 61 46 54 44 13 43 66 39 77 49 72 30 4 93 91 61 41 12 96 58 43 47 3 94 33 57 8 97 25 33 54 75 44 71 2 60 50 76 92 62 37 40 57 38 15 80 81 81 92 96 35 87 5 42 5 45 43 64 86 35 38 66 81 79 89 68 12 53 10 74 52 39 59 13 18 56 4 1 63 96 41 43 44 65 55 38 41 77 82 80 68 34 89 50 0 39 93 76 30 37 79 45 10 40 25 39 99 48 71 81 25 
70 54 86 51 31 36 98 16 74 81 90 92 0 22 44 55 85 56 19 66 74 23 4 39 67 88 46 70 62 4 84 63 99 29 80 78 4 78 58 9 56 50 69 61 20 65 85 67 15 14 86 59 11 68 12 94 18 40 56 29 26 6 49 58 47 72 6 47 22 95 31 44 39 95 14 36 98 37 13 67 23 71 49 74 8 20 65 71 63 8 10 71 48 74 89 93 74 21 68 1 36 92 1 25 71 29 49 11 51 39 79 99 71 2 75 38 9 75 2 79 97 22 47 16 24 52 55 5 76 88 25 49 46 20 59 33 1 0 85 1 13 95 72 52 18 52 21 7 69 83 35 73 52 16 21 17 62 40 8 68 77 87 65 62 72 25 74 63 7 27 95 90 33 81 55 24 24 5 34 98 35 11 85 49 55 59 48 17 18 90 84 73 70 0 29 36 42 33 85 15 2 32 70 87 11 24 69 30 13 9 51 21 60 14 80 51 72 91 37 89 33 9 90 17 45 13 17 63 8 93 73 42 99 37 31 27 96 42 89 87 40 88 68 18 17 1 19 36 94 87 16 99 29 55 74 50 60 48 52 32 30 73 26 3 72 71 85 42 82 37 36 1 31 97 4 57 26 64 11 67 49 61 40 77 76 38 94 91 1 66 83 90 57 61 39 70 67 98 1 61 15 62 37 15 6 66 67 65 27 87 39 25 29 27 54 83 96 59 43 44 58 94 81 81 47 29 17 92 22 85 99 35 57 93 57 54 19 57 26 34 4 1 28 97 90 6 93 99 23 1 64 53 81 66 43 10 13 72 67 32 47 38 62 48 18 25 40 84 87 3 37 16 26 95 38 51 57 18 50 39 75 70 31 11 60 48 53 76 80 4 73 62 13 59 26 45 88 72 65 55 
98 76 83 60 75 42 76 31 84 55 40 47 54 56 64 54 10 13 22 76 90 91 97 67 59 29 57 65 13 68 89 91 0 47 69 5 53 36 18 62 60 12 40 89 7 36 88 60 15 37 50 28 33 22 33 10 55 92 36 40 80 34 75 27 46 93 59 55 6 21 85 11 6 86 46 99 66 42 38 23 23 96 31 86 15 32 89 31 72 32 10 35 29 78 92 11 82 95 35 11 68 67 37 26 4 14 81 68 79 90 20 78 50 38 78 29 26 19 78 14 78 32 76 37 48 92 19 3 22 35 80 28 82 24 5 64 44 98 89 85 73 84 15 10 76 14 98 30 69 25 88 92 73 86 29 66 9 23 73 40 80 29 60 30 43 66 98 28 72 78 8 65 31 47 78 42 13 45 20 56 63 51 46 72 57 16 83 66 96 73 14 37 2 3 0 65 65 51 64 98 6 32 32 84 10 56 38 46 41 87 99 39 78 17 52 75 31 51 74 14 45 92 73 54 99 47 15 78 39 23 58 67 61 74 45 46 19 39 34 38 68 68 13 36 65 59 52 64 57 23 4 13 40 21 90 63 78 91 46 40 41 52 76 38 84 21 88 56 86 80 72 79 38 84 62 66 24 36 92 15 64 67 54 24 81 19 14 81 85 65 56 52 95 85 55 27 53 25 60 37 15 83 72 8 60 66 76 77 3 62 64 16 84 89 7 41 17 32 65 35 59 70 2 9 9 29 39 27 83 10 86 13 67 99 59 41 40 88 32 77 34 99 65 68 78 95 60 18 46 58 7 66 8 77 59 99 3 41 11 8 82 0 10 37 44 42 65 75 20 20 76 39 29 0 34 46 4 30 76 35 45 51 38 89 4 28 64 42 86 33 32 57 94 26 39 20 35 70 61 81 
2 71 36 94 53 1 16 38 56 74 1 70 47 13 73 36 51 33 45 83 40 1 65 63 27 54 98 34 9 0 64 79 60 52 68 34 16 93 31 13 25 79 43 93 27 36 58 11 21 73 49 97 2 64 19 36 57 18 42 52 21 0 25 98 28 49 83 16 11 22 38 14 2 96 67 72 12 2 54 35 50 32 53 53 61 91 73 23 56 91 12 1 34 89 73 45 44 76 85 87 83 82 38 65 9 18 61 33 12 38 92 3 39 62 88 45 11 75 49 56 97 12 75 73 70 44 11 72 75 58 67 28 54 58 6 66 69 37 36 98 18 95 8 24 54 86 75 3 73 22 40 40 82 63 56 21 92 58 80 44 53 51 49 9 34 86 91 98 2 17 29 18 37 46 52 84 96 66 61 10 44 64 84 94 84 22 35 28 16 45 64 35 78 51 34 64 9 58 81 16 60 22 31 6 91 47 9 81 98 96 15 83 71 51 21 14 72 10 19 34 37 5 54 0 82 22 59 24 21 13 7 25 63 24 95 1 19 74 74 91 54 9 1 29 17 85 70 41 80 11 1 11 37 60 46 36 93 63 43 78 57 17 37 36 27 26 29 71 9 58 49 0 98 41 66 88 28 56 56 62 74 85 36 24 11 80 14 21 43 79 3 45 85 16 52 9 4 37 96 12 29 16 6 74 88 63 55 93 31 38 75 5 89 23 1 68 68 95 36 74 60 78 6 37 24 15 36 12 74 5 52 49 31 16 98 25 22 85 99 35 2 27 65 83 20 59 31 64 2 15 64 95 36 36 81 63 44 1 80 62 85 10 46 1 84 50 81 39 91 17 55 38 33 73 41 15 1 23 83 95 86 41 27 29 31 1 48 57 92 84 53 18 85 3 46 17 2 26 18 50 
55 44 70 86 0 43 21 97 59 20 72 73 80 92 24 63 38 20 82 54 68 90 26 17 19 6 79 35 50 72 14 69 38 46 49 56 59 92 34 42 90 22 7 70 24 6 32 34 47 15 16 43 88 68 80 73 65 77 66 29 12 71 48 53 64 15 19 55 82 61 47 36 22 5 84 55 39 9 99 16 80 40 5 14 81 54 39 48 1 77 14 31 17 92 5 69 89 38 1 52 57 46 1 14 47 48 22 55 95 14 80 3 27 88 34 78 25 68 30 50 33 70 56 64 75 23 13 61 33 13 71 74 20 59 47 85 25 0 34 62 82 17 40 26 42 22 38 83 49 50 21 57 39 56 16 52 16 72 3 21 84 34 28 81 60 67 6 39 12 13 55 61 98 38 82 2 11 40 14 98 98 27 58 67 58 38 41 43 83 67 51 86 94 2 97 89 75 27 77 43 0 11 46 67 65 80 51 18 20 44 81 22 62 81 90 87 29 25 4 81 67 23 6 99 83 20 93 47 19 44 30 9 10 50 54 52 14 69 66 78 88 7 84 19 18 10 44 66 26 26 96 7 78 74 56 21 67 30 21 98 54 44 10 94 96 25 56 21 61 47 52 31 95 1 55 42 23 3 82 35 84 18 73 21 39 74 64 86 63 6 76 42 66 39 35 33 11 2 48 4 5 47 45 32 61 6 53 10 16 63 12 66 39 88 13 17 22 96 35 76 85 29 15 48 81 99 33 6 44 47 85 28 92 17 48 21 30 70 95 35 52 20 79 80 95 87 46 85 15 67 45 19 83 47 46 70 49 74 3 70 9 97 48 14 53 96 78 10 18 40 84 58 37 84 39 39 52 2 32 44 90 69 45 49 67 12 4 35 65 6 86 96 92 96 72 76 32 6 90 28 
37 41 53 78 54 56 51 53 10 62 20 7 99 0 27 16 51 48 81 88 5 49 29 96 75 83 18 93 57 57 45 78 31 61 54 95 75 20 51 74 33 59 14 48 78 81 92 79 78 46 27 43 29 19 89 63 8 75 37 70 5 46 14 77 12 96 98 98 16 48 81 33 53 61 45 70 75 84 12 47 59 99 47 35 80 14 30 68 2 89 38 37 98 21 42 51 56 6 53 73 76 99 90 6 3 68 34 2 26 1 2 99 36 76 40 33 48 85 51 59 5 75 84 92 45 86 77 6 4 58 48 3 74 19 5 49 73 51 56 38 11 12 83 31 84 74 92 32 9 71 33 97 61 26 68 91 70 28 46 94 30 89 63 61 39 70 20 59 28 51 48 97 31 48 82 16 43 68 15 20 17 29 59 85 82 65 2 84 46 56 45 42 8 39 73 53 16 5 39 15 61 48 69 95 28 62 36 4 17 97 14 17 41 3 54 7 44 90 57 17 91 34 83 22 76 84 43 78 37 96 11 37 31 86 68 9 0 26 56 58 14 36 45 36 5 25 17 23 55 99 62 98 79 42 40 54 4 68 60 60 46 30 20 26 29 85 84 42 25 64 91 19 2 70 27 48 9 78 89 74 91 61 0 93 24 16 3 66 30 7 69 56 4 89 93 61 13 64 82 94 29 56 65 37 85 79 1 25 74 68 49 75 56 48 84 68 32 8 33 67 56 52 42 49 17 67 31 62 6 13 18 26 55 29 77 11 32 19 98 64 30 49 18 22 90 68 78 83 18 61 98 9 49 92 70 15 15 81 41 34 27 26 3 61 26 36 0 13 41 77 7 88 63 66 92 56 66 32 72 52 14 36 9 22 77 87 5 63 68 35 40 87 34 64 6 15 84 17 13 32 
13 15 39 85 3 14 6 28 18 89 49 61 67 45 46 48 4 61 57 92 34 85 16 80 10 62 86 32 52 92 69 99 13 95 67 4 32 11 37 3 51 23 15 85 43 92 70 74 62 81 87 62 51 6 32 14 43 90 96 89 34 73 95 54 39 82 51 20 45 59 0 19 98 54 31 61 21 93 77 33 15 81 22 34 73 64 92 3 81 50 8 85 18 24 60 86 21 80 74 37 53 48 88 30 26 74 16 20 29 23 6 31 59 63 72 91 71 37 41 38 76 87 89 85 72 60 8 26 54 60 12 88 54 52 96 67 2 43 83 58 11 75 2 27 22 4 9 45 29 98 31 23 76 13 27 44 16 18 18 86 97 64 98 68 55 0 33 39 24 24 31 95 27 97 84 50 64 44 94 41 47 98 53 39 30 76 35 82 82 54 82 87 80 38 56 97 48 75 43 33 55 50 53 48 86 53 81 14 45 31 46 77 45 83 40 45 48 28 17 79 23 44 98 28 94 95 66 59 9 79 45 13 59 25 97 96 10 95 61 38 58 16 75 88 51 79 67 14 79 88 68 80 1 51 35 21 63 55 98 67 26 98 36 92 95 21 70 43 40 30 63 90 25 16 78 31 17 35 47 92 0 17 73 20 33 57 40 54 11 37 15 60 7 9 47 21 29 50 68 26 65 84 35 83 4 55 82 60 3 51 36 41 53 7 72 63 80 28 99 96 26 67 35 7 73 72 55 36 16 87 12 40 23 67 71 72 81 93 64 90 57 83 29 1 16 90 0 38 88 57 4 26 32 39 35 2 58 35 43 45 84 17 14 41 0 44 64 25 46 58 67 33 7 3 94 18 63 66 13 64 87 48 88 69 13 82 82 3 51 97 32 73 90 25 77 82 98 66 21 91 
86 82 17 58 62 6 77 58 68 38 92 25 51 32 95 24 25 64 32 30 53 80 21 19 56 32 26 42 3 75 83 57 84 0 66 0 16 74 59 25 38 48 41 98 74 55 72 71 16 21 3 30 46 90 47 64 39 65 77 65 82 57 5 95 26 17 27 19 11 37 67 37 9 38 23 22 63 19 40 70 7 61 65 43 99 88 22 94 27 51 5 52 14 25 13 49 63 41 0 4 69 84 99 56 20 53 91 65 42 9 62 90 12 91 14 73 25 53 65 47 73 53 74 34 1 43 3 48 75 84 8 74 64 86 27 57 73 44 20 87 50 69 43 46 12 92 71 20 55 19 1 71 95 40 73 71 90 95 21 28 78 25 68 73 19 5 64 93 71 97 11 13 77 91 26 62 24 48 79 41 36 4 97 52 79 84 82 52 41 17 44 35 20 18 19 42 1 19 66 58 14 2 55 95 58 54 64 11 26 75 75 60 62 82 62 64 75 57 36 55 34 32 62 31 45 13 58 16 68 93 24 31 71 48 69 11 81 60 80 40 64 65 15 23 12 11 75 87 33 70 96 62 97 85 71 19 33 71 72 23 19 47 42 61 36 67 57 35 47 27 44 77 81 73 82 76 46 36 93 11 68 37 13 41 38 37 75 15 92 16 38 91 38 53 62 82 10 23 82 38 6 28 25 59 89 64 17 90 4 56 80 42 91 8 28 95 18 37 48 48 35 11 92 37 61 2 33 37 57 16 33 84 91 22 5 37 27 34 15 66 46 57 3 27 52 36 9 16 7 56 9 89 68 58 61 76 68 8 46 78 70 53 17 30 18 23 72 39 73 19 1 99 44 9 75 27 94 77 43 28 98 49 84 54 64 59 26 85 23 65 99 6 79 7 7 31 20 61 89 69 
34 23 83 77 22 37 11 13 29 90 78 48 64 23 38 40 0 19 94 99 42 94 28 64 78 23 58 35 39 90 25 80 46 85 32 20 48 85 40 33 65 73 51 23 23 75 10 86 10 82 98 18 85 31 14 40 89 14 55 51 41 80 88 67 17 87 72 73 46 53 57 51 46 88 26 93 13 53 13 76 68 92 25 34 65 67 77 3 42 99 70 86 68 23 97 71 15 71 25 11 85 88 71 4 44 40 18 27 20 25 2 75 77 32 88 4 8 48 40 28 91 97 2 36 82 97 8 42 45 90 92 34 47 64 29 43 36 33 72 88 46 46 38 22 4 20 54 75 91 68 8 7 26 31 71 98 25 69 55 47 73 95 76 43 34 35 84 65 56 43 20 0 6 21 88 69 51 78 21 27 39 44 52 41 70 94 91 27 87 18 7 23 0 80 30 93 96 46 0 40 45 45 21 84 99 83 65 49 53 31 70 33 58 48 57 9 75 18 95 39 11 85 47 60 94 35 37 72 31 92 76 90 40 25 55 54 43 74 49 69 74 39 43 92 6 36 10 99 29 35 46 47 17 94 92 53 52 90 95 61 85 91 25 43 43 97 27 21 65 62 99 81 46 33 72 32 86 15 8 83 16 12 25 58 45 21 73 46 72 11 68 71 24 77 26 5 88 18 69 86 13 69 11 53 65 83 12 14 53 51 23 74 20 90 75 72 47 29 56 92 84 66 41 70 23 76 8 66 41 75 96 83 15 1 27 26 27 23 80 85 45 58 98 31 25 78 62 85 27 67 81 90 15 29 22 95 46 94 66 22 4 98 57 39 47 84 88 55 96 62 76 61 45 37 18 55 79 54 38 58 37 8 69 52 28 6 10 69 69 60 73 79 40 49 15 43 37 64 17 73 
96 44 63 82 89 79 42 96 98 66 21 74 77 5 40 30 17 79 94 16 47 89 41 27 80 30 31 9 26 74 40 22 56 12 25 53 93 58 71 12 95 68 44 14 31 1 25 25 5 94 89 52 94 19 25 65 54 75 21 19 72 33 57 60 98 20 39 69 89 68 76 75 80 10 70 20 64 27 29 17 52 68 0 90 30 0 50 34 89 24 56 9 80 15 45 87 15 86 5 91 25 27 6 0 34 22 16 30 90 30 31 60 14 56 87 69 93 77 19 57 49 23 68 50 75 42 84 81 96 31 46 38 65 33 85 15 66 94 93 76 39 79 16 88 79 52 37 90 72 10 73 34 90 46 11 34 91 95 65 64 95 83 43 26 54 6 4 24 50 59 31 16 89 62 44 80 71 78 26 15 71 47 27 73 40 79 62 21 18 38 17 40 70 70 35 31 54 24 67 11 64 16 22 72 70 55 82 61 42 35 87 70 10 87 6 67 55 40 24 28 90 23 79 19 4 91 83 26 42 77 20 37 47 71 79 96 56 86 38 97 12 55 12 7 22 20 37 47 59 82 22 69 25 21 60 95 16 48 75 42 11 83 44 10 38 94 42 26 9 34 93 38 65 10 16 4 25 16 29 94 41 32 75 87 57 90 47 68 92 11 18 75 67 72 66 80 43 98 38 8 68 69 71 40 54 3 36 39 53 4 58 62 55 20 21 83 68 40 33 52 15 89 16 82 4 97 16 9 65 27 20 37 24 77 99 73 93 80 4 48 52 95 75 21 54 40 92 55 57 68 50 73 1 62 27 78 92 33 34 4 8 33 31 46 83 99 50 52 63 19 39 61 88 59 41 19 27 61 45 98 36 26 5 34 30 41 64 75 89 6 33 86 40 99 72 54 68 62 99 2 
81 37 49 72 8 46 55 78 20 55 24 97 37 49 47 52 50 11 2 50 98 94 1 50 61 83 67 49 47 12 99 60 26 18 39 37 3 30 26 68 55 30 32 35 36 95 31 49 73 61 3 34 70 30 65 72 39 43 99 43 8 83 10 43 41 85 1 2 55 1 1 37 79 94 98 56 61 6 18 68 11 13 55 59 43 66 25 4 6 8 4 77 19 28 27 11 8 32 14 45 55 72 69 43 39 94 5 64 56 79 79 54 8 28 35 49 0 42 27 79 59 42 15 54 65 19 95 66 66 49 55 73 47 42 94 24 85 47 94 60 77 30 91 69 41 1 79 25 41 81 84 72 28 80 52 71 44 16 57 62 26 73 19 51 19 65 43 95 96 41 33 39 69 95 37 20 16 34 46 98 82 97 23 71 42 96 58 18 37 99 38 90 62 68 95 9 47 75 29 49 16 32 9 90 18 29 10 55 42 29 52 81 55 52 38 41 98 28 2 85 45 63 97 59 49 74 95 70 19 65 3 57 89 12 70 63 97 41 42 39 60 91 71 9 72 99 69 61 18 89 75 88 46 97 71 52 91 30 86 83 8 47 22 3 91 8 22 4 95 59 4 75 72 64 0 14 30 42 61 83 32 91 62 66 1 5 3 97 60 49 28 30 32 85 85 79 66 89 22 57 14 99 45 83 84 92 30 56 7 4 34 44 30 85 35 58 91 79 10 2 60 44 6 50 28 94 1 94 54 55 61 52 40 61 52 92 67 58 3 24 28 31 47 19 70 61 25 67 7 63 84 52 60 96 28 79 13 48 81 63 27 46 77 55 76 1 86 77 20 47 91 33 38 85 69 0 7 5 21 50 24 88 88 78 62 28 57 82 89 33 14 83 93 70 38 25 1 26 83 22 
81 48 19 95 27 83 39 20 28 46 66 97 36 71 31 53 67 63 50 50 5 30 96 92 89 71 37 15 53 97 50 59 49 51 7 51 5 29 42 26 91 12 64 60 82 52 88 31 8 60 18 35 26 98 26 44 17 64 85 72 43 94 71 29 88 84 94 32 58 79 97 74 79 71 9 49 86 51 16 10 47 48 66 54 99 91 17 67 47 66 92 72 3 85 39 87 98 45 13 34 60 8 37 0 12 58 51 38 16 48 74 66 53 27 22 82 87 75 16 35 81 33 15 20 13 90 50 98 75 36 19 82 98 14 30 85 74 79 30 62 96 39 99 17 19 65 69 23 36 8 84 70 85 21 76 78 65 80 75 69 15 59 61 95 76 11 23 20 81 76 79 50 94 7 31 65 76 70 84 78 73 32 48 68 93 89 55 13 7 52 95 56 14 56 74 17 77 36 65 10 50 26 22 60 62 21 53 54 83 13 30 5 74 40 85 3 35 3 16 74 95 82 93 59 64 35 87 56 3 8 83 34 27 81 2 78 68 37 21 34 2 75 0 95 99 83 71 65 10 29 85 47 73 6 34 55 26 78 20 85 5 73 10 84 25 56 92 52 60 99 69 11 56 4 73 97 56 95 93 17 46 36 45 75 66 8 82 99 90 68 12 99 15 57 53 0 24 41 51 57 39 34 30 92 73 52 54 89 33 98 12 36 39 32 2 34 12 59 80 59 81 56 64 91 81 42 25 31 69 26 64 97 51 60 87 2 73 39 70 78 38 33 63 45 49 56 53 89 32 53 76 12 24 99 35 80 32 62 50 68 2 72 42 68 25 11 90 40 48 57 74 32 23 28 87 8 36 58 17 3 67 68 95 49 5 57 70 50 14 37 55 19 1 43 50 99 10 8 99 86 
50 65 78 48 28 31 99 69 92 52 42 0 35 69 97 70 46 58 76 77 56 77 8 1 41 6 43 45 64 27 15 96 3 60 45 81 70 41 92 53 41 23 62 65 6 39 89 24 66 1 14 66 34 40 23 73 25 67 38 86 65 95 46 75 23 78 36 20 19 80 93 59 75 59 35 13 63 20 48 66 84 87 72 16 9 76 81 43 31 64 39 35 40 62 7 66 62 87 98 7 57 54 7 0 46 20 13 84 73 98 26 32 86 89 25 55 87 15 41 27 94 6 73 30 60 26 18 29 41 26 36 56 50 56 14 99 47 33 69 15 54 54 82 3 87 80 73 40 62 78 68 58 54 41 29 6 51 76 45 1 38 41 45 67 16 1 65 56 92 63 3 37 69 52 48 6 3 39 9 54 69 72 1 39 11 85 46 24 20 52 90 61 71 10 82 38 49 87 53 19 70 11 66 42 66 40 1 41 50 49 17 9 99 23 54 27 1 58 61 74 87 14 97 69 54 14 55 31 63 0 77 13 34 15 74 18 73 90 53 24 40 89 32 46 90 77 79 81 92 79 66 75 24 9 51 30 65 41 31 65 21 14 46 41 31 47 97 14 70 25 59 84 21 84 87 0 29 99 6 77 52 77 40 72 15 71 11 91 18 78 39 57 67 19 7 47 12 53 92 41 17 54 84 56 1 22 2 67 48 77 68 3 77 12 23 40 96 86 10 80 91 19 58 50 25 96 17 27 59 11 14 4 22 74 95 57 60 99 88 39 34 47 44 24 67 84 44 15 19 59 88 2 59 90 29 16 6 8 72 50 51 6 69 1 13 34 69 81 75 75 13 1 53 0 79 47 50 60 59 61 49 50 92 40 97 24 83 56 36 77 39 32 35 58 57 63 63 69 26 66 
52 85 70 36 21 18 0 29 91 46 11 3 68 38 43 54 15 89 41 64 19 37 31 31 57 23 67 43 62 70 89 64 32 99 43 85 36 63 37 32 16 80 69 96 41 88 68 53 20 88 82 30 45 81 99 53 60 93 47 27 47 44 91 69 56 55 71 51 43 20 94 70 19 11 57 52 81 53 40 51 16 63 7 6 19 21 68 81 88 63 32 62 75 20 3 87 94 30 51 34 6 61 84 99 58 83 58 84 82 71 67 47 43 24 76 39 93 53 69 44 49 35 87 52 48 46 73 38 20 67 74 26 37 41 59 81 27 80 80 95 58 67 64 78 69 20 40 33 71 28 11 44 84 7 27 2 52 58 23 16 1 52 17 84 29 6 14 98 49 57 20 85 67 84 91 98 99 99 40 60 6 84 5 35 67 88 65 75 54 75 47 63 40 67 16 23 24 86 82 5 79 3 98 15 19 56 13 70 67 49 39 49 96 11 8 45 35 17 32 27 5 7 45 99 39 1 66 87 48 30 70 71 39 78 29 40 5 65 2 2 74 94 62 59 91 18 80 13 60 40 85 14 39 80 62 18 97 46 16 17 7 42 27 7 84 14 46 44 33 16 69 15 85 57 52 42 89 68 56 91 15 39 8 81 35 75 14 66 14 62 9 12 59 46 44 37 98 7 76 71 91 65 71 4 66 3 82 83 72 79 81 43 98 63 4 7 57 59 24 26 86 49 9 0 6 17 82 98 69 29 72 30 82 92 0 13 83 32 12 21 3 85 70 10 79 0 69 61 53 86 56 67 13 6 74 42 74 85 13 68 81 83 5 56 32 56 91 31 62 12 25 96 25 12 48 43 92 10 57 42 83 95 52 27 55 70 82 84 62 64 48 41 14 46 44 10 73 42 20 53 
69 15 97 72 68 98 78 74 3 17 77 10 91 13 53 33 76 49 37 45 22 91 4 53 20 98 9 51 91 23 68 91 94 16 62 78 7 8 1 79 11 84 0 21 37 53 82 46 0 19 36 62 58 21 8 51 79 51 79 63 19 17 27 2 35 60 41 1 2 21 97 79 43 48 80 24 29 15 65 80 56 28 95 41 50 64 25 95 72 93 59 62 9 68 60 49 15 63 17 94 93 43 49 38 33 41 69 98 59 82 2 54 34 23 89 77 98 46 30 89 77 43 76 57 25 6 40 12 58 9 60 0 72 24 54 98 8 7 72 84 68 96 2 4 59 94 54 63 18 49 4 82 72 94 83 83 48 13 42 79 56 86 30 91 75 9 11 17 60 86 53 44 74 15 81 43 88 27 80 21 38 75 67 69 99 6 87 72 8 90 55 19 97 17 48 3 27 58 65 58 85 57 99 80 51 16 62 90 7 15 44 98 38 76 82 86 4 43 89 53 51 93 70 11 37 64 90 33 62 51 27 34 39 69 55 80 85 67 6 17 74 21 57 71 14 30 17 54 25 5 45 45 71 30 56 12 28 57 23 36 65 23 58 99 82 42 24 62 46 16 20 69 72 11 77 46 75 27 85 96 72 63 2 64 78 29 53 89 90 29 4 1 9 28 85 24 3 64 31 40 16 2 81 69 88 19 92 54 47 17 2 88 16 90 64 23 99 69 76 90 75 51 48 38 72 4 49 50 24 27 27 90 65 51 40 53 40 50 11 91 40 98 92 15 96 31 97 25 5 56 14 39 0 29 28 57 91 80 26 3 66 58 85 46 40 73 58 37 11 80 2 14 8 91 53 71 82 63 82 38 58 72 30 41 15 73 39 30 47 67 35 50 18 23 37 42 73 97 67 10 
17 53 24 70 93 35 60 31 45 37 66 91 61 94 61 7 2 96 2 51 35 35 69 71 94 88 38 69 44 75 42 79 6 49 58 75 50 24 91 80 53 72 14 75 2 13 50 65 7 46 61 50 70 66 95 91 52 26 33 48 17 42 96 89 26 19 11 34 14 68 66 16 6 91 85 38 53 79 18 52 12 43 51 46 82 2 54 13 70 9 93 62 4 24 84 35 53 16 44 81 75 36 15 46 4 51 93 96 66 90 21 51 59 43 28 56 78 33 61 17 34 48 79 19 29 95 3 53 35 0 80 83 0 12 71 90 47 16 78 58 77 31 26 54 30 69 77 23 54 40 37 96 90 57 6 27 72 20 56 59 48 63 64 93 73 68 76 81 0 50 70 23 2 78 6 66 0 19 38 87 86 86 46 52 88 18 19 51 89 47 52 50 37 1 96 69 62 95 82 26 57 89 54 55 41 55 76 37 9 23 75 12 62 93 23 36 39 20 81 86 56 80 10 29 72 13 35 54 15 7 45 82 47 68 45 83 11 42 89 30 0 13 6 95 26 27 13 73 55 83 49 88 30 38 87 80 99 36 98 61 96 66 28 79 35 32 72 58 6 2 40 82 15 99 14 27 30 17 67 1 80 2 71 42 13 98 83 32 88 79 60 24 85 25 35 95 11 89 66 97 44 56 34 79 57 84 97 57 14 7 10 3 90 71 18 27 63 24 37 24 45 79 50 9 46 20 15 18 69 23 41 6 83 8 78 48 98 47 52 0 98 93 41 8 29 24 83 15 14 28 30 8 8 19 91 12 56 10 52 82 99 14 37 27 37 18 25 66 11 69 26 60 51 58 1 54 69 62 53 11 88 14 13 81 79 46 28 84 9 5 73 33 95 85 51 92 32 62 31 47 
62 66 95 9 59 76 1 92 18 57 69 10 15 2 51 82 29 79 65 77 14 35 11 59 76 26 39 59 42 71 95 25 20 26 25 76 88 33 98 15 81 17 66 4 17 31 11 31 57 71 93 35 64 85 9 94 66 95 12 86 62 30 90 40 53 36 1 20 20 10 52 1 96 21 1 46 57 98 2 93 97 50 32 31 97 55 48 52 85 89 39 56 27 43 59 11 62 26 6 61 21 66 66 65 0 82 22 51 51 83 76 75 16 76 55 64 39 5 83 56 84 75 15 82 99 34 59 2 9 22 42 80 5 87 17 3 62 21 0 27 27 86 20 65 78 13 62 98 93 42 79 75 17 55 89 71 45 47 49 57 28 25 69 88 2 7 20 92 16 55 32 78 1 27 67 59 11 60 76 89 46 96 72 23 3 35 69 55 21 46 66 97 45 71 40 53 91 52 0 83 96 43 37 5 33 45 56 70 15 90 42 90 36 17 41 59 23 24 54 66 63 10 50 85 26 31 63 43 64 60 88 40 69 80 60 67 99 1 32 49 82 43 32 13 82 6 3 84 59 34 32 61 55 80 16 33 30 15 37 19 1 28 57 8 98 93 0 53 95 75 82 65 73 63 73 32 16 50 17 16 92 13 84 27 34 44 56 29 84 33 19 36 89 39 19 70 17 19 50 46 93 99 31 60 82 94 17 53 90 95 84 78 70 45 14 77 78 10 35 6 46 34 88 43 74 27 61 26 85 58 25 90 53 93 83 24 98 55 73 3 36 67 75 74 38 53 81 85 56 9 89 44 43 70 17 87 80 46 76 20 66 18 66 57 48 60 77 25 82 31 9 43 2 48 7 57 74 94 38 57 17 55 30 61 63 61 66 72 41 73 99 73 52 75 37 52 32 30 97 5 
88 78 12 59 16 4 68 50 88 96 28 57 19 50 44 95 62 98 90 34 14 0 39 84 39 40 89 66 42 77 64 22 6 56 67 1 94 91 85 93 22 23 48 11 80 51 58 57 96 42 61 70 71 43 11 66 51 31 35 59 35 34 10 80 54 61 77 13 29 83 94 3 86 43 58 41 90 30 38 71 85 57 85 3 96 33 4 6 12 98 78 84 10 52 70 53 90 89 3 66 63 6 40 75 18 23 69 31 95 50 93 6 81 43 15 17 58 96 17 72 78 98 11 84 86 5 25 71 29 11 1 24 58 42 7 81 60 41 54 23 85 93 70 41 69 4 33 29 39 66 87 76 5 86 49 71 97 47 59 65 22 64 46 51 88 57 86 74 15 3 40 23 38 57 25 69 67 80 47 78 9 40 26 7 50 28 33 45 58 91 63 20 55 56 39 68 43 4 74 81 55 58 15 99 9 99 24 24 24 78 85 36 78 97 85 36 63 18 63 39 1 1 5 91 75 99 3 26 97 22 79 78 48 53 57 45 38 91 64 56 89 79 34 0 48 3 25 7 98 93 26 13 5 93 26 50 66 40 23 5 4 73 80 81 98 78 96 19 13 61 96 89 76 67 70 97 30 44 77 45 73 89 67 53 68 71 74 78 4 65 70 9 3 67 97 23 5 83 92 72 70 20 34 61 31 26 62 47 51 94 18 53 38 82 57 41 69 58 36 33 73 92 9 11 77 5 91 79 1 66 26 85 97 6 70 22 0 12 70 67 25 43 27 79 43 79 89 88 33 64 41 89 13 78 91 71 0 71 66 34 86 85 38 28 94 1 73 64 93 84 41 0 43 72 61 48 2 30 14 66 38 19 60 62 73 19 29 79 19 5 61 86 24 72 91 75 13 46 47 25 
89 35 16 18 49 44 84 31 30 49 9 8 41 71 70 11 59 43 59 25 2 30 61 45 80 65 38 22 54 1 7 55 28 33 58 21 99 45 95 8 71 25 37 9 50 90 55 8 12 49 72 88 97 28 90 67 80 98 22 28 98 9 74 17 18 10 56 38 33 81 75 7 73 46 23 26 22 99 6 37 77 42 84 77 36 93 11 15 21 49 48 77 43 72 43 16 66 6 22 60 7 41 7 33 11 71 47 73 95 73 87 95 56 94 5 62 99 46 96 33 96 60 71 21 2 40 51 35 46 60 91 36 62 5 16 1 63 98 12 0 58 5 76 85 23 13 96 9 83 55 90 77 95 11 44 1 72 86 74 38 62 50 87 12 80 69 69 8 5 57 79 79 80 47 46 95 48 79 48 78 98 79 13 47 48 56 6 56 95 34 27 97 84 90 31 30 66 16 71 57 43 85 3 12 48 31 24 54 69 7 71 24 37 96 24 56 42 46 87 18 33 95 70 33 81 29 95 94 5 20 69 32 50 86 57 29 93 12 67 1 53 83 69 63 45 36 92 92 32 4 8 16 61 67 0 41 21 23 10 31 63 35 84 29 98 36 77 90 37 0 14 56 35 93 35 39 44 80 24 89 76 91 15 36 71 68 25 30 40 59 1 1 25 38 80 57 28 46 50 45 75 85 71 83 17 98 21 93 44 68 69 93 93 71 12 65 2 3 88 50 3 98 44 56 20 92 24 31 74 30 28 44 91 84 90 59 30 90 66 23 99 88 82 63 71 8 90 80 44 60 46 3 8 37 78 12 99 83 25 15 5 6 80 62 80 97 61 67 38 0 39 28 83 83 60 0 26 5 34 55 36 19 23 29 53 6 63 46 53 9 34 18 90 63 70 4 56 43 81 76 
5 66 59 61 83 83 75 51 10 4 20 25 98 7 90 82 68 9 16 30 32 96 8 91 95 88 17 69 14 64 88 61 27 86 75 76 67 2 2 40 39 43 43 19 66 41 19 28 15 52 81 58 95 18 78 66 22 79 66 49 98 50 30 74 32 5 90 20 54 77 94 71 97 3 27 60 24 94 63 78 89 9 89 96 86 4 17 52 34 30 84 68 1 50 27 83 49 99 33 34 14 63 10 61 97 63 53 4 8 52 10 53 13 94 97 63 29 1 5 36 27 43 28 7 65 28 2 33 68 11 88 21 62 2 51 65 85 13 57 95 35 91 59 52 85 85 52 12 0 15 61 82 32 20 50 13 79 71 59 11 82 63 30 77 30 88 88 91 74 3 66 10 67 9 79 19 92 3 27 18 87 64 77 34 11 65 21 90 19 85 39 85 16 37 28 62 66 71 38 52 77 95 65 52 21 52 49 47 26 99 13 89 98 89 91 81 23 92 37 75 38 28 58 0 24 90 37 97 35 17 53 11 68 79 98 53 26 25 90 98 43 35 99 93 53 54 76 54 64 12 87 27 42 45 3 79 64 82 38 29 47 46 64 4 25 88 96 74 60 80 93 91 63 69 61 59 56 71 15 66 58 4 15 6 17 68 75 90 54 9 70 71 31 68 39 84 54 21 83 2 21 61 59 43 6 30 98 46 28 7 98 72 62 57 24 97 65 49 41 46 84 34 62 25 31 9 55 10 65 84 72 85 48 28 64 28 28 22 3 70 67 84 21 72 66 91 7 11 72 91 14 6 37 95 34 25 8 51 64 22 29 15 71 36 68 28 55 89 78 13 55 80 59 40 89 78 59 65 80 60 37 20 45 2 32 94 29 67 0 24 89 5 18 91 71 26 91 99 53 18 
74 42 27 51 2 4 82 47 29 9 50 77 76 46 95 19 51 8 79 37 1 17 95 22 35 60 29 23 40 23 89 20 65 87 82 87 46 87 15 82 97 17 81 29 52 66 64 12 45 81 13 21 82 1 58 13 18 70 84 87 19 45 68 42 0 26 41 85 21 59 85 27 81 26 30 40 83 64 23 53 94 92 43 99 98 6 53 62 34 40 73 11 84 88 97 8 93 76 48 4 41 34 23 75 67 40 9 66 28 75 88 90 78 95 45 9 87 42 36 70 19 60 19 78 7 2 65 91 58 89 2 32 33 90 70 29 69 99 53 88 67 93 49 16 77 76 77 21 36 74 36 8 5 88 71 1 72 53 28 38 5 52 64 54 41 49 41 1 73 47 91 49 28 92 99 34 3 24 98 98 81 22 53 65 25 53 1 55 15 26 53 77 80 27 81 45 93 24 25 52 26 31 6 90 20 1 77 97 33 67 18 97 69 26 30 72 9 87 40 76 20 61 12 45 26 8 30 9 64 46 18 85 75 0 75 42 33 4 25 27 41 68 69 5 38 42 84 37 86 57 73 92 87 18 55 61 19 24 70 82 44 69 23 48 66 42 62 33 76 37 95 2 72 29 48 70 35 49 71 48 21 69 79 0 64 9 67 49 67 79 26 25 9 63 16 2 46 45 90 87 5 87 76 2 99 48 3 32 25 12 53 38 8 97 27 83 16 97 47 85 42 77 41 61 13 85 19 49 23 37 39 89 61 63 4 89 92 2 73 64 54 83 73 18 72 86 72 57 89 71 93 86 84 57 84 75 93 15 85 76 41 45 14 82 94 30 82 37 61 31 91 97 51 98 73 8 74 16 35 99 81 35 17 47 65 32 51 45 37 49 17 8 44 2 43 42 46 33 59 98 
8 83 45 92 28 49 74 77 5 38 88 80 98 13 36 9 89 15 21 45 81 38 21 19 36 13 77 38 31 7 54 66 35 69 77 3 46 79 35 68 88 38 94 32 38 17 42 23 56 56 71 47 10 52 41 24 94 11 61 65 55 75 96 51 81 79 30 12 47 85 57 5 81 6 73 84 8 78 98 85 38 7 0 45 58 49 2 19 88 75 27 83 97 44 20 4 9 99 58 67 89 51 15 56 71 71 75 91 67 45 77 39 67 62 61 65 7 38 64 13 55 16 66 77 92 7 35 90 89 54 82 2 46 81 90 66 46 93 97 37 21 27 26 2 76 43 1 95 55 83 94 89 35 13 58 29 54 12 25 84 88 71 9 55 8 63 73 58 58 40 38 67 93 41 98 73 63 47 57 81 84 31 5 11 61 19 76 82 82 59 13 38 34 48 72 54 13 8 25 5 59 79 43 19 23 70 20 28 62 42 25 1 57 56 44 52 35 22 16 5 20 4 64 85 91 87 58 89 83 78 86 50 1 20 91 32 95 41 61 88 31 28 20 91 17 44 4 67 59 78 97 32 96 50 17 99 91 58 48 78 53 55 63 85 32 1 44 99 13 5 96 84 36 13 50 85 94 4 48 84 64 14 64 90 22 58 49 38 26 35 81 68 43 8 45 14 36 3 27 14 97 63 43 60 36 36 85 9 31 32 17 48 81 96 84 0 90 8 15 34 93 27 82 68 85 24 55 86 93 6 51 92 79 7 87 37 58 42 78 86 20 43 55 78 8 54 82 44 77 0 8 30 14 13 7 45 31 49 94 92 83 29 20 17 12 45 30 50 96 84 44 33 1 7 49 6 76 25 74 36 5 86 95 14 50 47 27 99 13 9 69 5 87 62 96 30 90 40 76 75 
73 7 89 60 98 10 59 9 45 17 99 16 47 69 54 86 26 43 10 54 79 18 93 71 47 59 96 2 62 74 68 68 13 2 37 42 83 61 55 73 75 37 53 14 28 79 62 95 96 62 50 31 57 78 89 52 41 17 31 30 61 13 59 98 4 60 45 12 45 20 10 1 62 67 94 65 82 26 45 60 50 60 57 13 63 9 19 56 11 32 31 8 29 50 45 76 2 8 21 68 86 3 75 34 62 21 95 54 99 39 67 17 74 33 3 9 89 53 84 61 99 40 20 90 96 57 89 27 27 75 32 33 27 9 72 30 67 84 63 34 45 5 63 47 90 80 85 57 48 4 62 33 12 8 47 60 4 61 67 18 99 97 35 91 68 60 29 56 33 80 19 22 74 30 14 73 49 70 22 91 62 8 37 75 89 45 84 28 47 80 97 97 35 42 45 59 62 94 55 56 17 65 18 58 85 36 4 63 2 8 59 39 77 99 68 8 4 95 90 0 64 12 96 88 53 17 67 44 39 72 26 55 73 66 98 76 25 69 24 33 67 68 28 87 47 62 52 59 24 2 86 75 15 78 31 28 70 68 32 14 81 42 93 20 86 85 23 10 96 90 74 40 91 94 88 57 14 72 29 36 21 18 83 18 3 54 35 64 67 69 93 38 87 35 17 99 45 20 50 51 77 18 31 55 58 36 88 93 65 55 78 92 31 27 46 16 18 64 91 56 58 73 94 71 36 5 65 49 64 76 59 88 96 92 7 27 12 76 99 33 3 57 19 21 18 84 35 21 63 23 45 41 57 64 2 37 22 90 10 5 97 60 49 68 33 31 57 47 1 36 54 47 50 75 81 1 86 50 29 13 58 65 25 66 75 65 9 85 24 83 67 83 58 50 85 3 48 81 78 87 
