86 80 10 82 32 75 99 50 68 60 67 20 55 22 1 76 39 9 89 87 21 27 48 80 81 69 33 74 36 63 46 30 48 64 19 10 74 76 9 38 57 51 79 18 65 70 86 53 78 16 35 24 46 78 13 10 28 55 31 70 18 15 39 74 74 58 39 47 60 32 4 60 19 42 93 60 61 60 57 30 72 37 76 95 3 98 91 34 20 2 78 79 83 77 50 38 86 12 79 57 54 37 92 85 66 91 36 20 79 20 87 51 45 89 85 79 48 37 10 33 53 18 15 38 1 84 20 22 77 44 7 0 72 73 52 95 11 52 61 4 64 1 87 4 21 27 22 48 89 72 1 90 54 11 38 49 29 66 65 7 36 79 10 97 43 9 72 20 28 90 7 44 14 36 10 26 20 9 74 70 78 31 77 9 17 60 2 7 72 97 40 12 17 9 73 63 13 97 49 96 95 65 43 30 7 49 47 60 66 29 49 42 87 94 17 98 34 14 52 4 16 78 10 41 10 62 32 7 11 44 19 73 19 81 93 52 37 80 35 99 79 16 17 87 69 28 78 14 95 93 23 25 63 61 78 75 34 37 81 35 45 80 57 13 75 5 36 94 50 25 14 42 11 6 31 25 58 55 92 24 57 85 40 49 32 81 89 1 40 36 43 13 44 51 16 23 1 46 77 30 69 63 31 5 14 67 78 37 4 13 62 40 76 14 22 52 22 31 94 91 46 97 60 37 14 22 19 88 4 49 11 2 69 63 43 76 73 6 91 62 73 63 0 87 73 75 74 2 83 56 22 57 71 61 65 93 81 49 31 35 52 55 91 9 8 13 45 96 2 1 5 72 15 53 92 64 34 2 96 0 46 18 69 92 95 7 85 67 15 3 59 40 17 51 60 80 25 85 42 76 
18 30 70 32 92 46 95 20 12 25 7 69 91 1 78 99 34 49 1 39 74 78 16 20 98 56 87 6 8 75 9 8 2 74 98 1 86 32 80 77 60 17 56 66 82 43 30 95 0 69 84 79 61 52 90 73 34 57 27 3 29 95 35 33 65 21 22 67 24 81 84 73 92 86 78 38 63 66 12 3 73 25 67 93 96 58 40 42 54 47 65 19 4 76 8 62 54 58 70 79 50 86 58 88 26 7 34 61 94 48 21 63 33 71 1 40 15 16 3 12 91 22 37 95 5 75 63 91 47 47 89 48 23 91 88 80 77 29 7 7 87 51 92 91 88 68 67 49 65 30 86 81 77 14 74 66 48 96 73 93 19 78 20 78 89 63 38 87 25 69 74 45 98 56 70 80 83 11 65 3 52 60 6 24 40 91 65 97 66 31 85 15 13 20 26 69 35 88 45 24 81 77 66 2 3 34 38 69 24 70 86 18 87 81 54 97 13 56 17 79 41 27 20 85 39 73 28 86 69 68 53 20 27 45 41 67 91 75 57 74 52 11 82 34 71 94 95 33 54 18 67 32 70 50 73 11 68 73 6 48 16 28 13 42 38 99 76 90 68 53 23 60 44 75 95 92 82 83 65 7 57 89 74 40 34 50 81 10 40 63 95 76 10 48 82 42 58 34 77 85 20 29 43 98 66 38 19 87 49 52 11 75 48 49 55 44 95 0 19 9 59 20 87 48 72 24 27 80 63 49 40 60 85 19 98 72 60 12 10 48 52 25 85 38 53 14 81 15 63 24 4 85 97 25 99 38 74 7 89 97 26 81 48 81 17 91 7 47 61 44 81 61 84 45 80 7 94 39 18 21 0 1 96 20 23 59 7 82 65 67 80 76 21 66 46 46 46 32 99 62 
4 55 35 44 19 77 32 38 61 14 87 54 80 29 58 81 3 45 74 42 79 94 87 78 85 79 34 15 94 52 9 37 59 66 65 9 18 5 81 32 77 65 66 39 30 90 63 5 74 38 57 80 66 33 74 77 58 2 67 6 24 77 14 69 57 67 23 26 54 97 73 67 62 89 59 92 54 57 90 82 1 65 68 48 24 12 75 59 45 45 61 33 84 20 30 33 30 86 48 65 50 77 3 38 68 17 25 23 43 54 60 75 82 87 10 92 35 14 99 20 44 29 89 39 6 49 80 17 78 89 41 54 9 88 29 42 15 87 81 74 35 57 0 92 15 72 11 90 62 77 97 66 93 6 11 29 2 51 29 17 65 42 89 15 89 60 23 29 19 37 3 12 85 61 11 22 62 56 88 14 80 87 26 51 58 68 82 2 32 32 48 78 51 51 41 34 57 39 98 90 96 44 54 2 93 20 37 96 21 43 85 26 87 89 53 75 73 7 47 50 76 86 18 87 32 54 0 26 33 98 70 62 98 84 58 66 48 0 25 58 18 8 33 24 26 11 80 8 33 22 37 29 58 58 58 77 36 27 95 64 17 89 66 91 69 9 60 59 80 58 99 96 47 96 21 95 53 68 55 76 5 78 45 56 22 16 93 58 56 20 42 83 93 55 19 39 26 67 64 26 74 37 24 11 99 23 32 24 12 62 63 74 51 79 55 42 24 44 27 20 82 48 52 83 93 26 69 10 11 81 33 77 62 67 36 15 66 41 35 53 59 47 0 47 98 65 6 27 37 81 67 63 39 62 26 88 65 48 95 50 5 76 16 15 93 62 83 94 72 2 93 25 66 32 33 82 42 44 58 12 51 52 93 97 52 19 83 19 5 22 21 89 17 44 57 72 61 92 15 50 
5 65 92 5 53 77 3 11 43 63 4 24 4 5 30 80 39 47 76 59 93 36 8 99 89 85 87 41 12 43 27 30 21 24 73 59 93 98 93 14 25 3 52 23 14 68 42 16 90 5 40 17 57 97 60 94 63 99 30 77 8 91 17 91 72 9 38 74 4 26 28 12 12 85 5 94 51 29 32 79 92 27 72 63 42 35 52 72 14 89 35 28 27 66 61 67 14 21 11 38 19 19 68 40 28 94 56 16 33 56 45 31 28 47 92 67 38 60 69 5 45 29 6 75 91 47 9 72 95 96 39 32 59 79 20 43 30 25 89 97 94 76 1 40 52 38 75 21 55 73 2 43 98 93 70 53 78 69 46 30 68 73 63 95 86 3 28 43 36 73 43 42 49 98 23 84 47 40 89 47 83 62 84 84 8 98 48 30 11 85 71 79 47 29 10 67 18 3 78 10 35 65 50 46 30 54 79 25 93 33 27 31 28 66 18 99 11 23 83 70 30 3 53 65 18 45 69 77 18 78 95 24 80 6 99 37 17 60 42 66 74 29 37 85 12 11 53 77 11 58 76 62 87 83 39 48 23 3 16 52 65 82 14 7 53 0 2 35 6 20 96 20 2 11 91 15 41 43 77 45 40 89 50 89 22 72 43 98 12 19 86 80 89 53 8 97 40 19 62 57 77 57 92 81 25 36 51 55 66 95 49 47 66 9 22 0 87 3 25 65 63 19 72 10 1 16 60 10 24 74 40 78 22 48 63 88 51 60 8 4 55 51 38 35 21 14 96 2 82 96 86 9 54 94 21 52 93 19 24 0 84 79 19 71 17 21 76 54 60 11 4 19 28 51 19 74 70 68 3 63 27 23 98 0 28 3 74 13 73 25 28 41 70 84 44 35 22 28 76 77 
29 49 7 19 17 87 9 7 7 39 96 15 54 12 8 56 60 47 62 58 1 20 45 48 61 10 11 66 77 37 47 92 96 9 78 52 70 70 99 54 29 66 86 15 80 7 73 4 92 94 6 49 49 42 51 46 1 77 43 52 7 35 80 51 70 29 33 26 87 97 18 48 33 90 74 86 99 39 84 85 31 47 49 77 73 48 97 42 34 12 88 78 14 0 7 51 60 79 11 46 80 88 74 0 9 24 87 40 61 61 14 82 81 80 64 58 77 18 8 16 4 13 83 91 56 26 2 95 68 68 45 11 45 79 42 98 51 77 74 22 60 45 39 23 50 39 7 73 49 80 15 64 19 10 56 63 99 94 78 71 0 75 23 14 27 62 10 75 85 36 75 3 74 83 74 16 7 69 97 29 26 53 95 59 87 72 95 63 33 39 22 40 91 18 88 9 20 12 71 10 33 56 53 83 61 87 43 14 86 22 75 63 90 75 92 84 48 39 38 22 56 51 95 9 44 79 12 14 65 94 61 59 86 24 64 55 35 52 47 12 24 50 4 1 43 68 93 68 75 51 88 32 86 68 0 98 61 15 88 5 91 60 51 91 64 1 54 42 83 32 58 19 21 76 41 73 67 41 62 17 70 87 3 77 90 87 79 71 9 50 0 56 0 10 26 49 22 51 56 60 80 61 87 21 78 62 65 31 96 94 0 17 6 61 95 74 48 52 48 69 84 12 23 33 18 36 74 25 46 6 1 90 16 32 55 48 25 2 81 21 40 6 51 32 84 91 5 31 24 67 1 47 54 65 22 0 84 13 58 55 55 69 3 2 62 88 58 12 28 29 81 21 33 15 30 0 6 98 61 86 29 16 63 70 15 76 20 11 17 71 82 20 33 77 70 35 38 59 26 31 
13 11 16 2 18 11 62 11 38 5 82 37 62 74 44 13 95 50 30 88 87 92 23 43 65 43 67 14 48 95 74 71 14 55 63 29 23 35 79 93 14 42 81 79 32 66 88 64 90 27 23 42 81 45 69 97 29 9 86 1 76 65 80 44 21 3 53 97 23 83 52 88 64 35 57 0 96 73 15 23 60 83 60 82 31 86 75 92 42 91 70 79 91 93 37 36 96 65 11 94 80 2 93 18 87 54 35 49 66 92 52 67 66 66 61 43 89 54 10 59 16 7 23 96 7 55 40 81 98 58 48 5 65 30 91 14 11 1 99 5 98 46 99 51 30 91 65 57 19 15 46 31 0 79 75 61 25 79 94 90 51 98 5 72 38 53 38 53 0 80 20 9 65 38 65 43 13 80 9 48 37 79 66 94 68 65 75 45 58 12 78 20 79 41 41 37 36 12 69 90 78 5 62 91 89 59 66 20 36 19 80 73 39 51 22 39 66 91 34 12 36 27 45 70 38 42 45 68 81 3 61 57 41 18 15 17 75 90 25 41 54 69 27 11 37 83 11 74 68 22 50 55 4 8 54 20 48 99 57 28 42 6 93 98 45 37 52 11 44 27 71 38 22 57 89 7 60 50 69 48 84 25 47 29 91 67 6 62 97 6 12 5 39 88 90 38 18 12 48 55 63 58 7 92 94 85 95 31 18 46 7 88 52 38 38 18 40 64 9 29 5 32 67 87 41 3 16 40 80 32 56 99 83 50 14 94 52 51 96 85 36 85 74 34 82 67 31 31 42 78 10 68 56 44 37 87 98 25 74 21 87 56 31 51 6 96 75 12 86 64 37 29 59 32 29 38 77 21 17 7 75 78 66 71 3 52 27 48 76 47 44 67 96 46 79 13 47 9 51 95 
75 96 54 17 74 43 37 29 73 48 85 14 94 20 72 7 24 30 68 38 89 49 43 49 25 32 96 83 38 51 42 66 3 59 34 3 88 21 69 14 74 96 10 81 71 8 65 91 73 91 45 90 3 30 99 12 60 15 7 88 58 70 19 97 18 1 30 31 23 28 42 14 16 84 61 31 94 38 24 83 60 19 70 63 97 44 11 14 51 35 88 81 5 40 98 68 0 37 45 39 18 10 40 88 99 38 94 48 35 90 66 52 67 98 10 45 98 29 20 57 52 96 78 77 22 83 69 8 61 24 44 33 56 64 58 48 55 12 92 44 14 95 83 81 4 84 57 84 20 10 42 24 9 10 70 88 6 41 25 52 81 18 47 40 43 78 65 46 52 71 59 96 63 74 74 30 85 36 29 93 54 67 64 72 72 24 16 50 63 12 73 17 69 79 65 53 62 56 36 47 54 79 60 39 70 67 47 4 85 16 63 75 8 99 82 39 88 87 54 0 86 77 19 97 35 71 66 91 45 90 88 94 90 71 15 38 31 66 16 18 80 22 58 31 42 24 33 73 37 19 55 29 51 39 83 30 20 25 11 66 8 91 44 7 22 85 67 15 99 82 66 36 77 86 68 24 28 12 29 0 94 44 37 29 46 88 22 36 33 46 16 90 83 92 1 19 11 63 85 60 0 17 96 63 50 50 37 74 22 56 85 26 41 54 17 49 44 98 36 73 12 7 52 32 82 9 98 73 86 14 96 21 83 21 40 81 38 53 2 1 96 32 30 66 53 44 98 4 31 98 64 83 31 81 20 59 38 14 49 26 5 54 81 72 45 31 74 57 81 38 55 18 3 40 59 17 71 15 40 66 13 36 87 18 24 15 7 95 57 31 3 76 26 98 80 55 28 75 83 60 
48 86 47 32 45 63 13 81 37 67 65 4 72 48 56 72 65 60 58 97 36 3 22 69 40 4 92 34 94 28 91 44 73 81 87 12 7 71 8 44 56 40 79 81 14 53 36 87 21 63 45 48 52 95 74 28 2 90 38 35 50 24 61 72 93 11 70 88 58 86 63 34 68 42 18 89 86 29 94 82 59 17 59 25 59 23 66 54 34 53 61 48 55 45 2 52 76 63 53 18 44 21 6 26 45 17 71 49 88 66 39 22 13 10 16 66 3 23 47 26 91 21 34 92 51 28 25 5 55 99 83 58 67 4 6 4 56 12 53 8 67 13 55 14 82 6 30 73 2 87 5 68 93 94 80 44 25 33 83 94 92 13 29 18 6 18 7 96 71 48 38 74 89 70 65 46 66 0 26 9 30 22 39 16 56 7 52 11 17 68 71 27 21 6 18 12 56 33 92 79 24 77 19 51 65 92 34 15 25 94 99 31 42 58 49 83 0 34 57 61 79 96 58 61 4 14 4 43 99 39 18 72 81 23 82 40 91 17 1 31 91 26 58 90 73 45 84 60 41 49 60 90 15 3 51 27 71 40 92 76 26 9 85 71 44 45 7 68 11 7 11 16 24 69 78 98 9 84 92 52 59 65 17 23 9 55 68 33 81 62 16 6 49 75 28 52 76 77 94 88 50 39 83 2 21 99 49 32 85 31 68 6 39 30 75 11 97 77 30 36 61 22 0 21 92 48 95 36 41 49 34 19 18 13 46 0 36 64 59 27 49 61 9 82 91 63 3 71 28 44 3 3 5 5 92 37 63 2 7 23 2 66 43 69 4 17 99 98 98 79 18 79 69 36 59 16 96 18 96 9 32 54 91 10 36 27 26 35 86 87 56 87 21 0 94 14 16 54 51 64 
64 97 55 16 57 2 60 25 31 85 39 64 26 85 5 81 10 76 1 86 33 12 45 50 25 26 83 55 43 17 18 43 56 42 64 91 46 64 39 36 38 93 7 65 39 43 98 17 19 75 67 59 92 41 47 79 42 26 33 19 55 50 87 58 64 6 25 87 78 6 22 21 63 6 1 42 49 14 98 97 83 21 69 49 99 18 13 51 28 14 53 30 6 21 59 77 74 85 78 12 18 3 46 97 12 91 8 46 86 7 36 10 54 42 38 80 43 78 32 88 43 7 46 9 98 46 1 13 40 43 82 39 42 17 54 91 59 18 14 29 56 49 88 27 20 38 66 4 22 75 36 92 44 97 73 67 49 29 94 89 81 15 57 35 75 26 63 43 11 61 84 67 89 90 36 92 34 81 3 70 22 83 92 75 17 40 49 80 94 29 54 77 80 74 16 93 59 99 64 5 71 97 52 33 92 28 33 65 10 11 18 53 41 95 48 60 51 31 47 53 13 55 76 53 23 60 91 35 20 56 58 38 13 70 34 95 21 20 46 47 33 35 10 53 29 91 89 47 35 35 35 12 37 7 56 14 57 53 73 47 28 1 80 86 36 32 41 79 48 38 8 89 52 34 65 39 48 2 75 84 19 53 32 56 16 33 39 27 30 64 79 72 73 61 47 31 12 34 74 79 96 42 34 79 45 24 59 2 80 18 73 96 21 23 50 66 45 5 5 9 58 47 48 87 58 17 79 71 73 34 25 42 35 79 38 26 94 57 61 62 52 41 88 86 59 17 63 96 68 10 73 51 17 88 9 59 71 33 35 81 19 54 73 85 53 50 80 41 77 89 63 3 8 32 72 98 83 49 92 21 81 61 76 57 55 44 49 16 79 29 52 13 51 59 26 46 48 8 61 20 
40 43 48 2 75 3 76 29 40 29 28 14 24 86 13 11 81 75 81 19 68 77 5 68 31 13 13 96 73 90 53 68 58 84 21 98 95 85 32 45 77 74 41 5 26 69 65 42 69 76 73 18 37 1 43 53 56 83 54 64 28 91 71 67 7 8 81 24 27 64 77 65 8 40 31 92 57 78 80 53 64 17 16 96 34 12 89 25 22 43 60 44 61 90 68 12 27 51 81 75 43 10 87 46 44 47 23 31 10 68 85 60 7 32 95 94 60 11 44 78 58 99 68 23 37 18 39 76 93 17 1 7 0 16 13 62 29 23 29 4 22 49 76 96 68 94 49 50 93 46 75 94 22 28 34 13 34 60 89 77 11 45 8 72 0 26 48 60 7 95 20 26 15 15 62 96 21 11 43 63 94 57 31 93 76 46 9 27 18 56 26 42 53 49 62 15 32 4 23 69 86 65 57 70 59 15 55 48 36 31 32 57 43 0 64 41 43 69 65 36 95 30 33 48 53 7 49 79 32 33 79 95 6 99 27 69 4 16 11 13 83 1 61 25 1 86 33 84 46 16 35 4 63 26 2 77 84 4 74 64 85 19 64 89 43 2 71 56 56 8 88 66 33 39 33 46 42 44 39 77 43 80 39 28 61 75 98 27 78 91 3 67 57 84 29 44 34 17 56 23 94 65 57 59 49 35 9 32 59 94 89 57 89 53 56 27 16 31 61 6 71 62 24 15 66 37 38 2 49 90 7 88 85 12 60 57 37 46 73 24 93 36 68 35 36 63 55 21 34 28 2 1 96 39 85 28 74 10 60 14 93 67 72 65 79 65 13 67 92 0 0 21 99 62 96 67 40 46 63 86 38 23 42 76 15 88 21 19 31 50 3 44 3 65 54 65 39 92 41 9 
46 60 87 51 16 80 36 90 49 2 97 99 0 95 76 39 98 39 92 31 32 31 18 33 45 40 17 93 9 77 8 83 31 96 25 75 98 53 60 50 51 38 64 91 40 6 5 79 35 28 51 36 56 3 30 0 21 16 83 44 21 95 85 98 7 10 59 40 16 30 45 42 26 95 97 95 26 6 37 59 60 29 74 67 97 79 71 41 62 53 25 82 15 39 53 9 70 11 29 94 86 15 75 31 58 53 20 66 46 0 55 59 64 16 24 51 66 87 76 1 99 46 82 59 87 90 63 81 49 7 94 14 44 60 45 67 95 60 8 24 32 8 16 31 74 35 26 8 87 74 61 99 98 64 8 96 78 77 76 56 34 77 6 98 74 76 52 77 49 0 70 17 0 74 83 44 84 32 95 90 36 10 11 99 22 43 87 0 10 55 60 60 18 75 42 17 40 57 71 65 1 96 29 86 19 94 29 9 85 28 0 42 1 17 54 13 31 55 92 79 92 31 90 93 26 83 34 56 58 17 15 12 93 37 6 70 31 15 65 47 65 74 37 3 22 0 25 94 53 44 87 34 13 60 47 97 12 26 5 41 24 25 8 81 71 19 76 97 38 74 76 93 48 64 25 42 87 91 65 77 48 21 59 28 43 23 22 66 34 96 72 19 50 69 77 40 9 6 72 32 82 91 89 27 90 56 72 21 1 34 89 71 76 35 53 18 36 84 43 32 10 89 38 66 32 88 91 10 17 98 50 58 25 10 73 37 43 15 15 31 82 96 22 67 25 6 4 54 58 95 16 73 30 68 32 87 47 12 93 50 33 98 25 27 77 59 32 28 59 9 10 57 63 35 60 97 87 90 73 18 99 59 19 83 77 71 74 49 53 51 36 0 31 47 1 16 32 49 85 11 
59 74 4 81 65 53 74 73 51 43 7 85 22 70 36 97 2 68 75 12 92 74 43 77 18 22 8 64 29 17 17 79 25 49 70 10 50 47 8 20 71 60 83 24 42 70 60 96 55 0 99 1 22 1 79 79 62 0 95 71 60 83 27 98 6 12 72 80 36 61 83 5 0 75 97 34 61 24 59 3 55 47 76 63 49 72 51 45 67 68 77 66 96 55 52 54 87 73 29 23 54 62 91 8 91 18 40 39 90 47 72 58 46 88 51 14 27 78 4 28 1 9 52 39 27 93 67 71 78 17 17 0 47 4 31 22 62 30 21 96 93 45 79 6 76 41 31 59 62 32 94 58 32 46 76 9 56 9 25 51 29 28 73 99 13 25 12 14 31 51 79 83 14 41 6 41 93 60 46 33 73 2 80 10 60 4 34 21 3 38 86 80 82 29 21 66 63 50 14 32 44 24 7 15 81 42 10 69 73 70 16 32 96 72 31 37 49 47 98 49 36 97 81 82 51 46 44 15 89 59 28 37 87 63 56 61 2 81 66 6 61 95 54 49 47 14 90 69 99 71 95 64 40 62 50 27 79 73 15 49 35 83 46 96 71 50 35 87 6 38 48 11 31 66 59 2 94 20 6 52 39 12 81 62 45 57 75 69 6 75 65 69 89 8 9 25 76 6 75 24 63 84 72 24 28 85 61 74 85 33 70 38 31 41 34 36 36 29 9 67 76 88 47 70 59 72 25 52 82 55 33 92 98 41 99 93 57 18 5 38 84 54 79 93 4 67 87 5 78 8 15 94 93 80 8 76 69 64 13 82 97 20 57 76 84 83 29 51 92 74 2 32 7 67 36 95 51 66 35 85 81 48 95 1 65 94 49 3 55 32 30 30 33 67 50 23 39 7 97 33 
71 93 13 23 14 8 90 32 30 86 24 53 43 54 25 16 64 7 98 32 5 72 43 57 98 26 41 73 37 61 20 27 32 23 29 35 86 69 25 2 67 79 62 12 74 50 90 47 58 68 70 2 56 67 93 70 32 66 13 27 60 45 85 94 13 43 28 25 13 93 68 87 53 28 82 62 68 79 46 47 51 22 6 17 90 55 24 17 43 59 11 16 46 14 85 77 13 75 46 76 72 77 20 75 44 95 4 32 67 43 60 43 11 28 5 42 9 26 59 62 3 81 2 32 9 78 23 92 35 5 76 64 24 73 56 32 59 2 71 9 97 56 68 79 38 41 56 32 63 57 26 46 17 75 75 28 83 95 76 39 13 90 70 30 39 49 57 40 56 14 56 45 29 23 88 8 1 84 38 75 50 12 26 52 87 90 14 83 15 46 92 59 78 93 35 41 11 29 79 54 86 30 50 17 55 36 2 93 30 58 88 88 16 70 71 44 82 79 54 9 37 99 30 71 30 80 4 25 75 21 85 11 33 88 38 0 79 3 38 11 55 91 34 78 59 73 8 63 39 91 60 42 61 73 19 76 29 81 32 7 18 56 79 58 17 90 60 94 21 55 1 48 6 23 59 49 90 39 98 96 89 21 83 15 83 10 66 81 75 38 0 38 46 83 6 19 86 81 83 95 17 42 62 70 13 90 40 2 5 45 37 71 67 96 36 87 11 0 16 42 60 53 11 30 42 70 18 98 24 73 59 96 19 34 6 20 3 67 8 64 43 87 96 1 3 43 18 15 73 92 88 23 81 6 94 59 42 5 6 76 44 46 5 16 95 20 25 55 35 67 88 55 2 12 23 37 28 31 22 81 77 18 43 5 60 43 1 94 62 31 71 12 92 20 57 68 61 76 78 74 
71 38 59 27 85 90 71 43 38 64 63 63 16 30 16 39 58 47 39 34 34 78 52 78 81 14 42 26 50 97 74 53 98 32 58 93 84 75 0 99 28 46 82 69 60 67 48 29 32 37 77 4 6 56 30 55 24 21 45 96 8 32 56 17 76 69 16 56 72 76 77 90 60 21 7 98 66 54 87 52 72 2 70 23 42 70 61 38 95 69 41 10 64 86 77 64 93 73 50 21 3 53 79 51 93 0 93 46 71 3 24 31 32 70 67 7 86 8 40 99 72 54 31 26 67 9 65 77 37 71 4 46 46 86 53 59 51 69 53 37 29 14 88 34 34 1 39 0 35 73 36 87 29 44 71 66 43 46 83 77 96 28 45 93 21 78 92 37 95 42 86 24 10 3 50 42 64 94 15 7 99 31 92 97 40 42 8 46 34 56 43 66 22 44 30 46 65 15 56 17 11 43 21 85 97 42 87 78 9 18 14 95 35 92 60 69 12 90 47 44 35 57 90 59 0 55 74 51 92 3 52 79 56 98 41 31 57 22 86 10 84 46 82 56 88 57 30 88 81 94 83 98 86 79 16 12 80 68 50 18 36 35 56 48 86 34 51 63 40 20 40 87 75 16 16 15 81 14 68 49 86 71 37 43 10 79 16 62 79 93 85 83 79 27 89 55 86 50 19 47 9 0 13 99 97 8 10 87 17 67 46 60 29 68 16 40 81 29 59 24 46 8 68 44 51 42 11 84 10 11 64 6 80 46 48 53 30 4 12 20 22 43 45 5 81 39 57 80 86 25 25 90 27 98 11 27 67 2 85 24 8 57 99 65 49 62 26 94 90 18 29 19 99 23 85 17 74 6 15 79 97 78 29 65 36 47 45 88 18 45 56 78 30 28 95 71 92 71 66 16 
21 75 90 55 99 71 25 35 41 95 7 85 66 21 99 96 52 10 30 73 54 96 4 26 94 67 13 0 5 82 33 90 36 96 15 88 60 39 69 48 16 0 73 7 61 43 32 11 86 13 84 96 30 35 84 29 47 56 68 24 64 59 30 33 77 74 83 10 65 67 27 18 60 85 40 12 66 82 72 15 48 18 44 60 58 93 24 22 68 77 37 44 93 50 66 71 21 40 62 10 14 79 13 24 73 56 97 65 50 62 62 91 13 22 9 66 26 56 29 53 7 83 52 87 69 59 93 10 76 60 45 99 23 54 51 83 84 47 19 24 91 65 91 67 89 29 33 76 10 94 43 18 39 30 36 78 78 41 2 34 19 72 48 54 56 89 6 65 51 68 11 44 22 21 22 47 16 6 60 13 98 0 17 86 44 45 69 31 61 38 57 37 52 46 10 46 61 36 49 77 72 61 64 38 56 83 92 52 34 31 27 94 62 50 76 8 62 90 56 96 39 44 35 93 17 59 32 39 99 67 25 43 1 42 27 84 55 23 40 9 47 46 26 33 55 44 19 45 5 31 57 77 14 76 12 22 48 22 33 61 16 70 22 96 68 61 39 85 65 33 87 59 27 64 76 37 79 29 19 36 45 69 91 76 8 33 11 50 19 53 26 33 5 24 31 79 27 73 34 9 45 89 89 53 74 5 82 74 87 79 56 97 23 44 3 59 20 73 93 19 97 2 47 38 75 26 53 52 36 65 97 16 2 90 45 55 92 53 43 9 12 48 53 24 45 96 57 49 65 34 26 16 82 90 23 20 52 60 31 79 82 66 74 63 30 54 60 73 14 32 16 1 36 81 34 58 80 4 12 99 13 45 53 38 41 77 38 52 42 94 46 41 85 72 69 66 36 51 13 28 
6 69 12 34 25 42 40 82 1 18 80 92 43 86 90 60 76 23 2 1 35 20 54 29 33 15 41 35 76 38 25 15 33 25 68 93 94 78 43 28 74 52 70 68 19 57 62 34 82 92 76 63 5 46 18 12 10 30 7 12 86 58 91 78 28 0 12 17 70 27 62 37 37 95 42 0 21 46 65 92 23 51 55 63 3 67 42 37 68 59 43 0 22 77 44 38 17 98 95 14 67 11 54 60 88 70 83 18 77 24 6 47 63 73 81 84 32 68 3 60 23 76 12 92 52 9 28 26 66 23 25 81 12 39 83 61 61 7 70 85 31 21 98 82 63 62 26 6 46 49 53 53 23 26 70 14 96 91 58 86 66 82 4 12 49 7 88 85 18 68 38 54 75 47 24 34 81 98 19 37 80 34 19 97 84 56 98 21 54 79 91 75 13 56 17 30 34 94 49 51 61 19 12 43 53 2 13 10 46 25 44 14 14 62 66 19 51 88 32 22 42 17 90 56 30 25 83 84 79 74 19 55 17 30 8 95 54 72 1 34 50 94 44 0 84 31 33 87 38 40 99 63 92 65 60 41 11 9 36 20 4 29 58 78 14 73 97 18 52 64 27 6 82 91 51 24 34 87 37 86 54 38 20 79 21 74 80 22 11 60 72 45 49 4 1 70 80 26 11 45 68 1 39 39 0 38 91 69 65 99 66 43 12 76 35 34 87 77 3 64 86 69 12 91 2 27 89 2 75 68 3 39 75 96 63 88 58 28 9 19 87 87 79 63 18 51 11 25 40 98 20 46 92 66 64 91 67 10 73 15 91 46 53 24 91 13 60 21 42 88 12 50 61 58 49 60 18 98 36 3 6 45 68 61 81 45 27 0 97 88 74 67 84 13 60 53 86 72 37 19 
10 88 62 35 31 42 51 0 15 19 27 20 63 78 19 7 74 7 61 71 58 15 91 89 46 25 21 37 79 76 68 36 77 58 43 5 58 49 1 86 16 88 88 85 2 44 88 35 89 23 80 82 4 97 94 29 34 73 16 52 1 83 41 47 95 7 36 56 48 48 61 71 27 50 14 37 30 80 32 66 75 67 22 79 97 95 60 76 98 19 20 3 70 71 81 93 47 7 5 77 27 59 25 50 19 49 90 12 73 38 78 38 16 45 51 30 23 89 43 33 27 61 65 85 49 37 55 4 83 70 9 51 33 54 69 63 28 1 27 2 70 26 67 98 61 74 20 33 76 10 35 44 42 32 4 58 54 65 37 47 50 12 97 90 88 92 70 30 54 93 58 32 41 4 6 6 56 66 72 14 70 80 71 2 57 36 53 10 45 90 40 7 64 80 8 71 31 54 52 48 33 83 42 21 58 52 48 99 51 77 77 28 68 69 56 42 94 17 79 58 70 38 54 7 1 99 39 25 14 72 6 92 65 25 60 14 41 37 85 92 21 95 92 24 46 38 74 12 32 15 43 9 21 83 75 19 42 89 45 16 4 98 68 15 14 84 52 86 90 44 84 45 77 75 67 45 31 99 43 5 86 45 96 72 74 90 39 59 29 46 35 4 87 36 48 48 81 92 13 73 89 81 49 98 65 51 42 31 65 15 98 24 38 56 47 10 89 7 21 88 71 98 45 74 98 14 95 99 92 48 32 71 7 40 29 32 92 49 13 83 7 8 5 49 35 4 96 19 6 69 41 13 44 12 2 73 17 7 0 24 44 26 84 41 90 64 80 11 34 73 2 59 29 80 9 77 53 9 30 55 82 34 56 14 57 25 87 78 9 16 93 24 66 0 6 2 3 91 30 5 
63 29 88 85 88 56 93 42 4 31 97 71 87 76 66 24 48 78 43 92 88 89 78 38 84 47 89 2 27 67 45 32 51 56 73 13 54 48 86 31 64 33 3 10 79 24 42 46 55 8 99 79 15 34 36 58 24 47 50 18 88 33 72 23 38 97 81 54 48 52 83 69 9 80 73 48 92 26 33 32 84 98 42 35 2 39 51 85 44 19 29 21 68 81 25 83 28 1 34 16 38 87 25 62 79 9 62 18 80 50 58 47 37 31 21 13 78 47 18 94 2 49 89 43 57 54 64 62 21 84 1 67 45 23 27 61 82 89 43 19 41 83 46 62 49 22 72 64 17 59 38 9 21 59 86 81 65 86 87 62 21 66 17 72 99 82 42 62 90 31 19 75 29 35 32 65 56 28 86 64 76 55 50 98 20 78 66 54 51 91 99 87 29 70 35 22 54 9 66 70 40 46 80 38 43 64 25 53 89 73 47 54 0 39 71 74 89 2 62 14 55 42 79 91 75 58 70 37 36 68 66 72 2 13 38 25 95 19 9 0 18 85 32 1 76 35 89 29 47 63 37 73 32 95 48 73 60 56 24 66 31 38 87 64 46 53 2 12 17 68 39 29 70 96 73 33 7 19 3 61 46 96 41 72 88 62 1 74 49 97 25 52 34 61 12 19 6 18 32 33 89 94 15 1 77 73 57 75 83 86 13 88 2 43 46 11 42 70 72 47 69 53 90 31 20 87 98 92 16 32 83 22 71 75 43 62 3 85 33 78 75 85 0 65 67 42 21 52 66 73 1 93 83 59 63 3 55 29 8 11 74 22 96 74 75 1 32 31 41 40 5 54 99 20 48 64 90 42 18 21 77 37 41 56 53 61 75 29 46 47 51 21 82 54 42 9 61 53 5 8 
85 50 32 79 23 11 48 66 17 91 20 37 41 87 80 54 38 33 83 65 85 56 71 41 67 58 10 12 69 63 20 6 28 59 34 90 31 1 69 30 61 4 27 80 43 31 49 57 97 92 34 93 48 94 55 35 93 39 84 26 91 51 13 44 94 50 20 82 23 84 82 61 2 39 5 27 47 64 53 8 88 90 65 59 23 79 96 16 88 37 3 92 68 20 57 91 44 44 90 84 11 42 4 73 85 86 67 81 70 4 3 64 2 15 40 2 18 20 29 3 80 59 63 8 86 99 36 57 96 97 67 46 27 76 87 28 20 6 92 38 38 85 52 92 95 22 42 58 85 13 31 96 29 87 22 8 19 65 5 68 44 69 32 87 83 74 62 98 49 31 78 95 1 28 60 36 19 40 15 88 65 70 81 39 27 67 85 12 85 47 29 56 38 52 24 48 75 43 29 65 15 24 81 3 81 9 94 56 98 33 60 83 40 26 4 89 30 20 27 6 54 0 43 35 32 82 72 35 44 77 2 91 89 27 18 14 28 87 26 85 17 1 69 64 79 35 31 13 30 2 37 72 8 95 60 95 81 58 96 47 52 90 94 83 81 78 25 5 28 80 9 38 26 80 53 41 67 3 31 55 47 69 66 50 85 55 31 7 33 53 71 12 73 47 0 26 26 86 97 47 27 54 95 40 42 78 21 60 2 91 52 40 6 16 56 42 32 57 17 16 72 7 66 87 29 4 50 15 28 99 55 8 48 62 15 57 18 70 69 89 2 79 77 35 57 9 35 82 13 33 50 49 13 0 72 87 62 65 16 22 59 33 74 85 95 12 38 7 0 69 48 58 94 98 99 89 53 14 28 93 76 67 69 42 74 11 37 92 26 25 47 4 19 72 55 65 92 64 44 82 
2 91 70 29 25 2 85 56 79 36 47 32 17 95 59 43 98 94 35 11 27 61 95 19 44 7 90 0 7 65 15 52 38 56 36 21 93 65 44 74 54 50 95 46 80 72 71 45 2 31 96 42 16 74 87 46 98 95 26 38 28 16 78 31 54 84 6 19 73 76 23 58 57 98 65 79 61 43 70 87 92 83 72 52 29 81 59 70 81 0 35 20 55 2 99 83 92 2 27 98 25 83 43 33 6 94 9 35 0 4 91 18 49 10 76 62 50 89 21 57 25 54 82 13 8 29 51 10 30 71 8 30 93 18 36 2 80 24 33 83 25 39 79 97 49 40 44 94 47 57 54 14 26 88 87 50 51 89 81 62 79 55 44 83 65 64 69 13 58 70 40 50 76 48 17 64 33 40 99 95 0 60 17 97 13 12 61 21 1 96 78 34 43 58 24 86 17 94 87 95 86 56 16 92 10 54 31 3 7 47 25 74 9 67 72 71 80 64 37 48 88 48 1 99 66 16 60 94 37 32 9 51 43 44 10 26 97 67 18 43 80 33 64 1 86 26 59 47 89 89 10 79 25 30 23 8 84 68 87 60 97 90 92 97 69 28 25 99 26 81 52 55 89 42 45 43 27 9 23 13 30 67 93 56 9 14 51 89 69 28 65 27 17 32 35 93 76 74 89 51 2 45 81 59 5 50 59 57 45 40 16 70 29 50 30 85 83 92 70 50 93 42 43 71 66 74 79 48 69 84 24 51 76 58 24 84 31 8 16 33 98 62 65 29 45 89 16 66 6 76 72 76 92 59 97 28 62 87 3 77 22 63 68 62 47 78 10 36 37 34 52 22 63 40 39 46 97 77 72 57 24 61 20 30 66 67 58 27 39 28 28 77 40 18 57 76 1 11 75 38 
58 82 28 32 33 59 77 90 43 6 77 16 60 1 87 20 84 89 15 95 47 41 18 18 95 31 48 46 5 18 58 83 58 45 28 72 14 84 96 3 2 40 68 26 85 98 52 67 44 50 80 84 16 22 40 22 92 12 88 19 71 79 79 49 4 83 95 41 28 42 83 48 62 43 4 0 93 9 4 34 12 83 23 75 96 54 3 85 97 14 19 71 30 62 27 55 94 59 58 35 82 76 3 90 7 87 2 77 19 45 34 97 18 50 7 79 81 39 58 45 80 93 98 74 96 87 2 66 59 11 8 10 95 13 60 11 21 75 37 25 51 4 47 77 60 87 46 0 18 67 30 24 39 37 15 93 64 93 39 25 96 5 26 19 5 70 65 34 88 16 42 40 25 0 83 73 32 68 53 70 99 47 82 54 44 74 14 55 11 42 87 20 63 18 47 42 63 83 35 32 56 58 37 15 93 38 57 61 96 67 91 82 35 75 87 41 58 67 63 49 95 12 97 83 57 26 68 53 5 72 29 15 41 81 37 33 24 74 61 30 11 98 17 27 20 31 57 7 76 17 17 90 93 67 30 27 2 8 5 22 11 80 16 81 88 37 11 11 64 16 25 79 37 39 78 54 93 18 47 83 64 60 28 58 61 29 54 71 59 50 69 12 17 37 99 98 43 45 54 55 82 28 86 20 97 11 47 42 78 57 82 14 49 36 1 57 8 5 8 83 82 34 93 16 35 89 63 48 83 66 51 3 22 57 91 10 17 65 83 63 48 24 97 19 59 21 68 24 88 82 44 76 96 17 0 88 29 37 60 61 21 60 77 55 85 72 26 47 84 63 7 17 89 11 1 66 54 58 48 18 70 9 52 73 58 27 71 78 11 37 53 73 64 91 65 70 13 29 47 14 
54 95 95 37 6 2 77 31 58 0 86 99 11 50 25 74 19 92 77 94 78 60 78 66 87 59 6 99 36 36 59 64 48 26 14 78 51 61 14 71 63 31 85 52 78 57 70 92 66 43 15 75 72 4 45 38 32 35 14 97 29 53 34 67 16 24 53 92 93 43 75 21 26 39 70 24 22 33 96 54 53 50 5 21 18 79 71 29 70 25 58 37 51 63 87 38 11 93 63 28 82 89 33 58 1 16 92 55 45 4 26 92 31 83 22 92 93 54 15 53 72 39 36 61 12 99 75 33 17 36 81 25 84 59 32 72 9 89 24 82 94 12 14 55 16 51 34 45 87 49 75 76 12 58 0 69 35 50 25 89 19 99 38 23 81 65 23 65 7 92 66 3 0 58 64 1 55 98 66 63 6 68 23 37 57 29 25 55 92 53 10 21 95 28 19 51 71 6 35 85 77 23 37 45 13 22 13 69 66 71 34 26 5 6 40 89 43 74 48 9 3 39 73 53 63 4 36 4 33 4 31 86 73 55 17 61 28 75 13 4 60 24 77 74 87 8 46 95 70 79 57 50 76 19 99 58 33 47 56 66 94 97 88 42 9 28 12 33 89 75 15 0 54 7 24 8 42 75 68 63 6 73 3 59 59 60 79 51 19 12 72 90 0 42 53 65 71 17 11 72 24 64 84 96 54 45 31 60 1 56 42 81 15 48 90 6 24 15 15 56 63 25 99 19 78 55 15 45 37 40 37 83 10 39 56 8 73 66 41 52 52 58 10 46 30 72 47 65 55 24 76 82 11 80 10 57 36 32 70 56 25 75 28 32 37 48 73 29 87 65 22 38 59 8 21 1 45 45 98 32 16 79 80 44 38 42 36 4 66 24 21 45 78 47 16 81 46 62 54 98 
73 44 67 65 38 13 34 66 57 38 50 30 24 91 47 2 52 47 66 57 72 4 13 73 76 8 26 54 29 35 25 32 1 37 60 10 89 42 11 74 95 60 40 15 9 62 72 96 25 99 43 39 46 96 29 43 63 53 38 65 23 9 83 93 80 17 8 75 56 11 24 36 85 87 60 35 52 42 24 11 97 69 36 99 92 44 94 71 47 44 55 64 82 81 67 55 83 60 40 94 4 92 18 40 53 35 93 67 82 36 47 42 8 7 41 51 63 48 75 85 72 79 6 23 12 31 57 2 13 78 48 27 75 41 49 87 89 20 11 46 9 36 24 30 58 55 5 38 61 56 45 94 46 95 10 76 95 27 11 28 37 54 6 93 98 1 72 20 19 29 79 8 27 53 11 26 19 98 37 57 39 71 83 77 73 64 76 89 69 24 87 11 29 6 21 44 50 5 92 31 66 20 53 14 11 85 10 94 59 23 36 10 30 86 46 67 62 26 3 86 81 32 53 34 20 88 19 56 53 70 80 53 50 51 76 83 20 82 90 74 79 20 55 20 16 77 26 34 15 60 16 85 67 41 86 30 78 25 17 38 17 29 21 97 90 19 85 35 28 17 33 55 9 83 9 7 31 72 94 64 69 47 31 36 70 0 70 6 35 12 54 21 28 41 70 23 44 55 7 14 90 78 91 0 19 5 67 19 54 22 91 89 61 72 51 14 60 77 28 14 54 15 67 1 96 49 56 99 27 33 59 61 78 77 60 49 35 22 57 1 80 97 36 47 57 89 72 24 12 23 24 22 70 32 7 2 72 48 51 6 23 55 16 11 12 9 71 27 91 2 30 89 23 51 18 92 27 86 16 65 90 48 32 71 8 69 59 9 91 87 30 67 85 30 75 25 96 60 36 97 
45 49 94 13 78 61 68 56 2 61 24 29 70 10 61 16 97 64 22 38 43 70 14 87 91 6 60 30 14 64 4 3 95 6 83 71 53 23 27 13 13 76 99 4 45 54 34 58 65 30 93 91 59 49 62 12 58 95 50 10 34 10 99 34 0 50 86 50 8 85 7 49 58 96 99 43 25 48 9 3 72 10 92 10 55 35 39 5 98 17 82 45 73 42 16 88 84 66 18 35 83 46 27 99 32 93 4 89 31 12 54 46 75 58 26 22 99 90 84 99 92 59 83 80 61 55 28 44 38 35 81 69 34 31 80 4 99 71 91 14 39 81 46 16 32 56 27 55 71 60 14 80 82 78 6 82 79 99 78 59 88 80 71 24 69 48 69 87 19 42 88 87 38 16 97 27 33 97 89 62 36 14 17 7 14 39 58 51 60 8 55 99 89 92 41 4 76 89 3 12 84 17 82 71 30 98 66 2 32 37 89 58 4 40 20 52 62 67 40 48 14 3 51 43 61 62 35 38 55 70 29 91 86 78 86 54 37 20 82 41 19 8 2 88 4 45 27 32 36 33 76 92 35 28 65 16 61 91 52 49 31 91 4 13 17 11 67 57 93 5 16 24 44 5 22 54 12 55 48 41 74 8 13 67 33 42 73 52 71 11 49 89 66 39 59 13 33 5 86 59 52 56 45 76 29 33 69 59 57 52 32 54 18 95 87 50 70 27 88 65 44 26 41 7 82 87 99 36 90 83 58 68 45 28 88 1 57 97 20 28 45 69 74 52 71 7 96 48 17 85 2 47 32 7 69 10 9 63 68 4 77 75 92 89 55 2 6 9 12 3 75 50 34 26 35 1 5 56 57 25 34 1 42 33 84 68 92 2 97 79 17 88 12 11 20 17 80 74 31 94 
74 95 25 78 30 63 90 40 56 58 49 13 57 51 81 71 14 83 67 48 8 2 75 65 81 60 61 80 35 28 70 27 95 23 87 92 55 71 85 22 92 32 70 33 77 95 26 53 4 5 38 39 24 18 73 61 70 26 96 98 48 0 4 89 51 37 0 94 80 31 40 10 81 67 80 72 96 44 30 52 0 18 36 31 72 33 20 10 61 49 28 20 99 13 88 71 58 91 93 90 57 76 85 12 23 24 60 75 70 67 21 47 48 45 89 73 64 4 63 63 4 72 18 57 80 44 19 81 60 75 53 7 21 55 85 80 50 97 82 49 97 85 62 34 59 44 47 76 59 47 91 9 49 45 81 14 67 57 32 31 33 81 61 6 58 11 51 83 58 82 9 98 30 0 94 17 40 77 47 44 99 90 68 54 75 14 30 90 89 68 4 86 21 43 49 38 35 99 32 92 48 17 29 18 1 40 96 45 5 9 88 77 43 20 29 46 94 68 92 13 16 77 86 81 65 24 76 51 32 66 19 31 78 72 52 2 58 51 93 81 25 8 92 72 63 42 19 43 86 95 28 7 73 75 71 68 7 27 27 85 50 9 42 33 77 89 47 37 2 99 76 30 8 77 35 52 16 80 53 19 94 23 50 89 65 4 91 44 85 25 41 49 67 80 73 73 74 78 73 71 75 2 50 43 26 26 22 34 72 78 60 21 28 79 93 38 46 58 17 12 5 62 51 70 44 15 57 39 59 19 12 13 43 30 58 16 19 97 45 96 52 68 71 14 32 96 90 94 54 54 30 92 5 81 76 45 29 74 82 68 26 98 36 70 80 43 17 21 87 71 19 80 24 34 59 32 44 10 88 94 7 23 17 81 87 0 29 92 47 32 71 67 30 2 46 38 84 19 51 79 
70 32 20 90 9 43 3 29 5 93 0 33 39 91 7 18 89 69 82 97 8 86 29 96 26 18 62 82 94 56 91 85 1 0 82 20 5 24 60 33 55 53 57 3 69 28 68 55 10 9 58 4 37 89 27 88 72 75 95 21 69 72 10 48 14 99 23 64 30 49 90 51 31 33 84 25 60 32 42 93 50 48 9 51 75 6 82 54 55 37 82 39 83 1 55 54 74 20 23 42 46 18 28 67 35 19 97 45 62 81 80 2 9 78 12 72 77 64 49 54 27 68 82 17 91 4 11 33 50 92 87 0 71 78 51 45 4 57 67 42 6 75 72 73 51 63 31 31 82 6 93 56 72 3 12 26 33 56 41 97 68 51 42 16 64 67 10 26 7 36 55 49 36 36 51 35 40 38 22 50 12 91 50 73 10 52 16 2 61 55 78 64 62 29 74 62 40 39 94 29 10 48 48 36 16 70 52 34 72 40 63 15 34 4 31 96 89 53 89 73 79 83 66 0 58 34 88 68 25 71 2 18 47 52 59 26 54 71 56 21 75 77 61 5 4 81 21 30 25 19 87 32 39 77 52 49 18 73 86 96 30 59 7 1 81 45 19 44 78 49 82 96 9 57 42 29 86 10 11 90 67 33 59 98 41 93 60 65 69 59 24 1 79 83 53 35 44 28 21 4 97 72 91 72 2 96 58 22 64 98 70 0 93 13 73 83 33 7 56 50 3 72 49 0 48 78 95 84 63 3 48 20 1 94 51 4 11 41 54 48 6 43 37 64 16 46 24 32 52 47 9 79 12 64 66 71 25 1 26 54 36 11 5 64 95 18 37 57 26 46 26 67 24 23 93 67 49 23 65 80 40 96 98 77 83 91 3 89 18 92 81 39 90 59 24 3 4 71 61 77 
5 1 33 68 82 75 26 0 66 73 35 60 31 23 77 11 42 8 11 19 47 79 1 34 17 29 24 65 98 30 84 54 34 31 56 62 60 19 31 71 45 92 3 30 67 16 70 93 77 77 2 59 17 42 69 52 77 67 18 42 63 27 34 24 71 31 67 30 18 62 44 61 92 15 25 80 46 83 78 79 6 28 42 32 78 49 74 15 26 94 41 87 1 82 14 97 66 35 60 74 69 98 11 33 17 12 16 58 42 20 45 6 50 62 20 90 99 87 15 57 89 30 18 10 98 30 37 99 41 77 90 28 35 9 45 59 59 89 45 42 17 6 82 21 93 14 55 82 33 97 61 58 20 3 0 58 53 65 55 33 11 94 99 20 62 92 41 23 54 23 75 70 42 42 13 13 87 26 16 15 10 71 92 5 40 4 60 28 49 61 27 12 60 30 88 4 4 3 96 90 73 94 27 77 76 85 68 20 81 72 66 25 80 89 91 70 38 34 98 22 84 51 85 95 4 61 16 34 35 82 49 32 22 18 8 92 93 4 17 56 57 2 27 13 6 18 87 29 64 25 1 99 5 19 70 18 91 35 64 54 77 52 14 35 0 14 55 38 12 30 36 81 61 94 7 2 67 44 79 43 72 17 82 12 76 0 98 97 69 35 71 70 68 94 11 29 75 72 23 31 5 10 46 65 75 68 75 48 93 5 40 47 76 82 44 76 41 20 88 57 82 50 34 52 27 9 2 89 15 82 61 87 92 7 2 22 77 82 59 0 95 62 53 21 94 32 48 35 60 53 73 5 10 4 8 95 22 46 20 35 85 9 77 79 73 42 41 47 10 26 70 0 33 59 7 58 41 78 77 61 9 28 52 54 61 89 70 92 5 12 75 0 47 49 66 42 1 23 67 13 
85 30 53 91 47 28 30 28 96 5 40 23 48 97 38 66 47 37 24 94 76 66 51 23 34 37 81 9 6 74 27 67 12 56 67 2 97 88 25 46 73 33 37 12 18 27 47 79 77 11 25 17 83 51 72 29 7 79 33 70 5 42 10 5 30 73 69 99 55 76 37 73 51 18 23 53 41 76 6 13 89 17 25 1 58 68 33 80 60 49 59 79 31 25 11 68 15 20 39 1 45 84 17 79 6 20 78 28 23 50 43 27 25 93 98 19 49 65 6 22 54 24 14 20 26 41 99 2 71 71 76 60 3 24 90 15 82 66 7 19 18 78 36 61 87 48 42 2 16 14 72 11 50 52 51 31 55 63 18 42 70 68 8 25 17 92 55 42 87 89 6 66 95 76 62 67 17 93 77 11 72 75 83 45 71 16 9 22 31 15 51 57 48 60 52 35 24 40 85 30 97 94 58 35 43 12 76 73 81 14 84 32 43 87 30 70 72 38 86 57 45 9 54 69 77 31 48 91 6 3 27 66 16 50 40 60 93 74 72 56 85 25 30 83 6 83 50 41 79 40 67 62 4 8 28 5 90 33 95 91 33 6 70 43 53 32 20 96 96 69 86 68 60 83 44 8 86 16 82 95 47 83 2 95 70 65 45 41 21 89 82 61 19 93 74 35 42 19 21 32 54 58 27 3 42 80 10 13 21 83 43 75 28 95 91 40 82 16 16 98 71 61 89 21 98 92 42 29 88 26 23 47 78 21 10 7 27 44 35 64 5 79 88 41 10 44 93 39 96 85 30 39 37 43 19 49 80 54 83 85 28 2 99 85 68 26 29 63 83 71 84 61 41 11 14 26 77 97 61 2 16 84 47 72 49 0 64 27 67 49 80 80 28 3 45 51 68 92 45 40 
38 28 48 22 48 42 25 12 13 96 35 96 98 72 34 54 73 4 77 54 66 31 26 65 90 53 48 7 74 61 33 44 56 88 40 1 32 21 32 90 2 47 14 50 42 71 67 48 35 90 34 67 41 77 16 72 81 11 85 84 62 91 70 66 97 23 64 45 44 84 52 97 60 31 18 22 0 47 63 98 65 4 66 89 99 15 91 10 28 43 55 67 28 95 75 35 89 45 47 63 84 87 12 47 67 28 96 98 76 57 46 93 22 88 98 12 2 61 63 97 33 79 19 42 44 41 78 33 92 98 41 90 36 69 45 99 71 57 52 94 82 77 11 32 30 59 9 85 89 14 19 68 91 24 25 52 3 13 75 11 99 33 55 22 0 28 90 25 49 40 45 49 55 70 31 27 49 33 4 86 84 99 52 64 62 18 12 5 43 82 79 5 64 3 57 87 56 10 96 42 47 99 60 35 37 50 49 66 35 98 11 21 28 56 97 75 42 36 44 34 53 9 38 60 45 65 2 38 0 52 51 41 43 31 9 48 29 87 54 18 44 13 17 94 71 13 63 32 23 92 42 34 6 39 39 31 64 8 39 90 12 38 50 94 43 32 87 85 8 2 37 62 32 71 62 64 54 18 97 48 97 0 18 97 20 1 15 22 43 99 71 20 89 11 29 54 25 70 54 65 68 71 99 55 83 69 83 91 93 3 92 10 56 45 39 8 65 50 33 10 0 33 63 66 37 33 65 12 28 48 23 4 55 53 48 32 85 8 4 59 93 23 75 86 56 51 66 46 60 57 42 22 21 13 67 62 85 14 42 44 23 39 98 47 92 98 31 5 90 91 4 17 36 19 87 88 86 42 83 55 68 9 25 90 25 76 26 36 42 23 52 67 52 55 42 64 54 40 5 66 
83 57 24 4 88 83 4 41 0 45 29 36 75 87 75 98 28 66 40 74 62 80 57 43 18 40 8 26 99 64 33 20 10 17 91 92 31 95 45 44 19 26 36 20 12 55 92 3 78 27 71 30 87 25 68 47 89 78 39 26 66 14 84 46 56 16 62 46 63 54 71 45 28 19 25 35 59 29 15 9 91 70 28 16 72 49 95 28 1 21 68 54 43 82 37 4 34 70 13 25 95 82 81 69 45 61 44 33 12 45 29 30 47 85 90 70 20 65 58 88 54 24 86 61 2 47 9 31 22 99 43 17 58 49 16 51 88 59 60 63 15 94 85 60 58 86 82 62 85 42 87 98 16 48 10 96 59 43 92 42 70 59 81 2 94 48 23 71 71 59 2 4 64 53 80 70 4 2 27 23 2 62 15 47 19 53 44 30 86 24 53 65 85 5 6 29 66 59 27 58 12 39 21 93 67 50 85 8 93 57 71 10 23 97 52 97 27 39 51 67 99 95 65 5 78 2 27 66 46 78 88 11 22 49 58 96 16 37 9 71 69 15 78 74 80 41 14 26 37 5 20 71 31 15 7 77 91 14 7 47 94 92 9 82 49 11 13 44 20 14 35 62 41 75 46 31 89 4 93 22 11 93 26 35 64 30 35 9 67 9 67 2 82 6 3 63 37 77 41 22 33 36 92 98 15 74 20 57 14 51 16 83 11 41 6 10 95 6 79 41 78 59 18 18 66 76 53 91 98 77 22 52 96 81 76 41 33 52 10 89 3 66 91 19 95 94 51 80 73 29 73 58 96 36 65 83 18 82 84 85 40 6 30 9 30 43 26 33 65 17 80 58 85 21 63 54 25 0 78 22 56 69 93 55 61 19 32 74 59 20 95 38 7 63 22 37 37 3 23 89 
49 81 18 24 70 8 84 86 23 43 27 39 26 50 24 73 41 21 70 66 23 42 59 21 71 81 53 37 3 28 54 74 88 28 35 44 19 34 81 61 83 74 61 63 41 54 58 95 8 26 20 28 95 83 91 86 8 68 64 4 63 76 48 95 17 73 35 33 9 65 55 35 92 86 36 91 11 75 90 53 95 54 45 22 44 68 44 61 54 31 58 98 0 85 40 36 38 41 11 68 30 51 81 74 37 40 30 42 59 99 29 55 36 28 38 10 84 73 14 55 50 16 89 39 80 85 71 30 86 88 83 55 92 60 72 60 76 61 12 36 61 96 18 54 32 74 74 76 49 62 36 83 30 69 5 40 86 22 61 52 57 10 22 64 81 18 87 48 92 52 77 17 5 23 14 13 48 22 26 34 18 18 19 77 64 75 47 12 46 28 97 54 51 70 29 86 39 0 87 43 5 16 7 58 95 91 8 76 46 5 54 30 86 43 14 10 54 90 11 92 8 25 12 68 64 70 91 82 17 1 44 24 99 56 42 94 87 30 5 64 24 90 41 99 35 27 46 37 34 2 80 79 32 87 9 71 92 12 25 3 86 70 33 47 58 49 51 90 49 22 77 40 45 19 32 42 24 11 10 86 34 7 35 65 62 72 37 18 63 5 98 93 32 79 43 52 62 75 54 1 65 72 75 84 68 99 90 86 97 91 47 2 56 0 75 6 26 94 79 74 5 25 7 97 22 12 97 84 28 46 98 79 39 68 55 48 55 73 40 51 78 83 37 36 95 82 25 87 32 86 32 49 79 51 4 14 72 48 28 38 66 50 51 8 51 54 82 33 97 58 61 21 75 54 31 88 15 57 1 51 37 99 96 33 39 69 96 44 50 13 11 18 25 6 11 61 69 90 60 19 
18 6 26 77 12 93 57 34 75 29 10 71 47 39 10 94 46 29 52 79 68 89 59 5 14 7 27 41 38 27 1 92 10 68 62 90 29 8 85 63 73 42 80 81 19 32 58 74 89 20 59 72 90 77 28 94 11 13 10 16 56 98 23 22 61 6 90 29 46 27 20 74 32 75 69 11 22 91 29 99 22 70 2 74 97 33 45 57 26 88 58 43 69 27 21 52 59 78 50 89 67 98 81 44 81 77 50 85 78 12 55 69 67 75 48 25 15 28 14 43 65 32 27 45 3 22 61 43 92 49 77 94 45 53 22 64 42 0 30 21 21 47 39 98 11 30 98 66 53 92 12 15 38 16 34 70 4 43 83 93 44 51 96 64 46 47 7 66 4 0 66 65 37 67 58 8 37 41 67 28 8 3 23 77 48 82 47 63 63 5 5 84 3 56 22 12 24 53 9 62 23 33 41 60 92 98 64 39 67 10 0 8 86 62 70 50 3 36 97 63 19 10 80 40 18 36 92 13 9 31 72 77 55 31 97 43 69 50 84 33 48 46 33 24 77 57 54 93 71 59 69 70 34 76 39 32 71 66 69 3 51 29 47 78 21 21 98 9 32 52 18 52 96 93 89 98 87 60 79 82 55 2 6 81 43 79 51 40 11 27 42 83 12 78 27 13 3 40 66 54 29 24 39 99 27 66 17 41 6 62 92 69 25 83 77 82 70 13 95 56 87 3 87 76 42 32 47 71 23 24 46 63 88 33 95 55 53 51 88 26 37 12 81 51 16 92 38 96 51 57 21 85 77 10 71 38 32 97 80 23 95 49 76 18 89 5 41 78 54 98 35 88 68 75 39 3 93 86 4 32 6 10 21 41 95 39 54 17 30 30 41 49 37 22 16 66 92 14 74 43 
42 0 78 23 98 69 2 46 22 29 47 68 3 61 96 19 16 48 18 58 91 79 19 42 96 61 50 8 73 25 61 63 93 49 60 92 13 98 45 74 0 85 0 3 94 46 86 56 52 31 36 0 29 8 10 5 20 80 52 14 92 54 15 0 52 76 49 9 48 24 53 2 91 90 47 37 44 61 2 38 78 21 7 44 67 0 49 86 20 32 89 43 53 0 20 93 25 15 6 61 83 89 14 47 24 47 99 27 35 49 69 56 36 18 49 49 9 64 48 45 78 73 51 51 17 57 99 90 53 0 15 85 50 58 59 75 61 65 25 28 32 44 46 19 97 62 42 39 48 88 93 55 1 30 51 91 86 63 84 56 45 4 79 23 30 51 60 65 60 88 84 21 48 64 70 42 37 56 23 98 86 52 73 31 69 33 60 42 50 83 85 30 35 71 67 70 17 36 30 69 83 96 93 48 45 46 85 21 92 50 84 75 44 52 23 2 54 12 38 8 11 29 11 28 65 45 98 54 56 73 21 92 52 41 24 83 1 18 74 32 66 86 40 41 90 72 13 71 0 4 39 62 55 5 53 15 70 9 17 96 76 5 92 40 93 42 8 90 42 88 93 24 96 17 68 0 45 83 59 58 12 13 5 31 48 31 36 66 85 81 64 47 51 62 12 40 28 57 34 63 46 55 75 96 48 62 31 81 7 74 82 23 28 83 36 75 44 46 31 97 44 83 94 51 6 94 88 25 12 44 45 60 36 4 28 89 91 79 86 11 94 57 10 75 53 89 57 47 6 15 12 40 82 72 27 81 50 37 69 41 33 0 46 28 52 39 27 21 26 58 44 42 36 28 10 97 60 49 48 26 50 82 63 4 31 44 73 36 38 49 10 79 43 92 96 16 49 16 97 58 
15 32 10 55 15 2 95 53 47 77 80 24 40 15 10 76 87 62 61 12 41 5 76 8 94 90 80 27 69 47 62 76 23 97 12 61 26 49 12 84 84 30 85 77 88 1 46 21 50 28 82 34 49 68 71 7 38 64 37 65 95 59 24 93 15 25 33 64 48 59 54 9 5 63 81 50 22 82 13 14 80 12 81 85 29 87 70 68 23 92 68 58 67 6 94 11 86 52 81 29 43 73 84 60 44 6 77 6 54 80 23 11 73 87 97 81 1 98 94 95 65 84 93 99 34 54 18 6 95 21 57 83 86 55 75 78 64 53 12 98 8 44 96 44 57 97 92 27 33 89 66 69 12 88 27 39 98 28 89 32 36 46 17 50 37 85 7 50 28 5 40 9 28 74 90 90 57 89 14 61 73 67 55 49 13 26 39 27 8 36 2 55 4 5 9 78 36 98 31 8 34 66 45 51 70 54 76 72 99 13 77 14 89 98 0 7 42 48 24 1 28 41 30 22 19 82 67 80 75 83 43 97 77 76 32 96 43 23 92 22 72 87 10 11 29 92 82 24 48 48 99 3 43 93 16 54 9 3 58 95 90 48 45 35 17 75 1 81 33 74 23 21 1 36 39 6 21 54 88 95 40 52 75 29 79 58 49 86 26 55 32 92 5 53 42 25 14 78 3 65 14 20 24 24 40 84 44 14 45 68 84 24 92 92 17 5 18 25 52 62 94 33 98 65 57 82 53 76 28 99 51 40 68 23 92 99 11 27 65 11 29 77 67 96 82 34 81 21 50 38 62 74 65 66 91 9 96 31 0 78 47 92 12 27 69 3 30 59 33 96 97 38 18 75 19 38 49 17 50 57 57 88 19 91 27 58 99 37 59 91 79 30 63 10 15 69 31 98 51 63 
57 61 56 58 70 8 88 90 64 12 92 59 61 93 2 24 96 9 8 67 63 99 95 12 33 12 75 42 56 30 6 43 37 60 91 35 27 9 65 37 69 64 72 65 72 51 4 33 93 26 20 74 6 51 28 81 75 60 65 50 27 80 88 84 88 34 66 90 79 34 51 6 31 85 42 10 13 19 52 55 96 87 99 58 38 59 61 72 10 52 53 90 76 76 65 9 26 94 40 74 68 19 50 73 22 59 45 55 24 1 51 69 90 2 66 88 90 22 55 97 59 21 90 90 47 70 40 54 31 22 94 99 12 59 41 90 10 69 82 91 25 93 76 36 56 56 96 86 5 62 9 49 72 7 24 68 40 98 97 35 87 0 3 38 17 99 12 54 95 8 9 34 88 6 48 90 73 1 58 11 49 81 0 63 99 82 93 74 63 83 26 13 2 86 96 62 38 8 92 40 45 33 77 33 65 42 59 17 84 24 80 76 65 40 71 19 23 90 54 19 12 2 20 23 24 66 92 31 7 0 49 33 24 38 22 94 24 87 40 76 71 87 73 91 45 19 83 10 59 78 94 7 63 51 50 50 29 0 4 38 44 15 90 0 65 23 78 19 17 46 63 72 9 48 82 63 65 82 28 7 21 95 55 71 8 46 58 20 62 22 68 69 81 47 0 49 62 90 94 8 76 46 14 20 5 40 66 93 17 80 77 90 88 97 33 74 87 23 64 39 61 31 7 71 34 6 3 68 12 41 84 84 18 33 42 16 69 99 50 40 73 18 74 88 40 4 53 73 93 37 57 91 35 26 6 21 35 57 93 22 12 22 48 35 5 37 78 33 8 61 10 28 57 88 5 3 53 44 63 14 60 98 73 70 25 16 72 21 96 84 13 22 84 39 14 41 18 80 92 53 
26 33 17 9 5 34 27 54 3 12 98 15 77 0 47 50 1 9 2 38 13 59 5 24 58 9 29 47 86 64 24 75 63 60 27 28 5 20 39 34 66 73 87 48 17 92 96 83 69 85 51 64 66 6 58 93 56 47 33 24 20 81 95 36 55 22 62 28 94 98 47 81 50 63 17 79 63 42 71 31 64 91 32 56 80 0 95 76 4 75 59 72 47 45 61 58 7 71 59 41 22 3 99 14 95 54 29 42 50 69 69 68 21 80 80 61 65 75 53 61 25 83 59 84 9 51 85 68 17 59 85 68 23 60 16 61 5 54 90 61 96 50 25 14 78 41 24 91 47 45 71 48 39 64 48 14 65 50 75 42 86 10 61 64 79 45 26 63 21 74 25 54 32 46 80 99 98 32 80 87 64 46 34 86 65 14 59 17 86 47 45 33 51 15 34 85 92 22 32 71 9 64 14 3 6 3 86 65 81 77 55 80 42 4 61 99 93 65 87 34 98 66 13 40 6 71 6 12 4 6 75 13 43 6 96 51 49 21 66 31 27 46 50 2 84 26 17 85 74 88 49 75 4 82 39 35 17 78 5 20 49 35 6 34 85 89 99 3 75 22 85 98 64 69 20 74 77 43 74 62 92 89 52 39 92 29 60 43 14 72 84 13 70 95 50 17 41 69 13 90 11 44 46 72 88 19 78 83 27 36 7 53 95 74 97 91 98 53 83 27 59 57 83 92 63 99 38 26 41 41 11 72 2 81 30 12 95 69 28 41 17 41 37 94 68 92 36 86 6 91 94 31 78 76 1 84 35 39 75 6 83 67 64 37 6 47 56 47 45 28 65 56 15 14 19 34 57 55 52 12 85 35 46 44 33 6 63 9 48 99 41 8 66 49 62 38 32 39 85 23 
31 11 73 65 5 62 58 32 75 82 46 49 17 25 37 65 83 63 48 19 41 78 87 64 50 88 21 50 4 44 84 27 11 32 97 31 51 15 89 61 3 63 81 6 67 57 39 38 52 99 61 59 38 1 9 19 67 60 46 13 31 68 94 27 42 81 1 83 69 87 97 99 83 20 74 54 83 14 31 19 64 66 98 68 12 8 9 60 41 36 37 96 31 1 99 68 49 76 76 4 55 79 33 44 60 82 68 89 30 97 98 45 39 91 10 83 17 59 60 19 68 34 45 26 77 92 54 41 18 14 3 10 89 79 31 32 43 45 96 40 18 62 68 91 69 0 73 62 90 2 13 8 4 32 83 95 58 69 56 46 39 86 21 13 0 26 88 13 75 44 14 94 9 17 72 18 38 23 88 99 83 5 90 84 41 19 86 56 72 52 8 96 31 62 59 50 62 50 18 85 27 49 69 99 14 90 18 93 66 61 79 46 33 55 55 78 71 47 47 88 41 12 23 82 45 40 69 88 4 29 37 83 73 34 33 68 56 28 24 60 5 50 29 17 54 25 45 38 46 76 49 31 96 7 53 40 67 93 62 19 99 64 4 96 20 8 36 40 45 33 43 47 8 97 75 86 80 75 72 21 91 1 33 58 53 79 21 50 80 97 70 4 5 43 16 83 36 51 95 47 72 59 5 23 53 11 81 57 61 85 55 26 56 51 31 64 43 61 63 5 32 28 55 22 28 70 13 20 57 47 89 85 41 79 82 35 94 41 66 28 59 54 55 2 94 31 30 9 48 69 20 8 39 2 94 21 91 72 74 92 87 79 16 79 8 52 50 43 73 65 74 25 89 36 3 71 26 42 11 81 31 6 4 8 81 2 66 74 29 62 87 29 26 73 68 44 77 28 92 84 
40 71 74 4 10 69 40 71 99 59 9 29 68 30 6 96 70 81 29 84 64 73 13 74 6 51 62 29 68 5 36 73 73 49 58 11 68 14 49 81 64 93 85 96 55 83 19 44 18 31 71 11 63 23 88 44 95 78 2 41 81 36 47 70 50 21 73 60 58 47 51 30 3 55 22 23 69 62 82 68 69 12 73 83 46 16 19 5 21 18 51 16 68 93 33 48 46 53 96 86 52 68 10 85 95 98 97 5 32 83 4 97 32 20 67 17 77 46 91 68 16 70 29 82 29 4 73 21 5 7 54 94 10 96 61 62 20 74 9 74 21 81 37 34 49 54 80 96 40 91 59 85 77 44 82 36 44 80 56 20 34 84 36 74 4 0 48 90 89 39 79 18 24 78 4 31 61 52 28 29 99 48 88 57 62 42 75 61 14 87 9 82 7 55 21 53 58 8 57 36 16 53 23 22 82 84 5 49 41 52 53 51 34 1 18 27 1 13 39 73 17 43 37 93 31 30 79 12 8 28 77 20 40 43 44 65 13 60 45 95 27 31 84 30 74 90 24 83 16 69 52 17 15 21 48 48 74 51 99 1 11 60 43 66 73 79 3 19 23 22 40 53 57 32 44 90 65 71 95 26 37 93 22 28 18 77 25 20 77 31 35 91 65 20 61 51 88 59 19 89 30 70 10 20 2 41 11 88 32 55 58 67 83 7 46 74 88 91 60 27 74 90 95 18 91 11 11 22 91 56 69 38 68 60 13 71 61 72 21 39 52 4 78 94 45 33 48 48 68 26 18 68 66 12 74 15 22 58 14 44 55 45 52 54 56 31 88 22 72 50 35 87 51 4 30 12 13 32 71 41 13 67 7 16 21 20 29 37 8 37 98 19 84 4 93 62 90 12 77 74 
66 99 5 41 35 55 99 95 74 0 52 1 1 86 2 25 40 76 7 72 15 12 66 37 15 83 72 72 53 83 28 66 43 79 2 32 26 83 4 6 12 69 82 9 51 71 60 58 53 74 77 37 54 98 27 26 50 63 28 63 43 12 34 86 35 90 95 56 98 31 10 10 47 11 14 35 35 34 40 91 58 15 35 39 24 65 64 60 59 0 58 4 71 19 91 98 38 63 39 38 38 26 53 89 63 61 56 18 9 70 11 13 85 99 96 82 3 3 2 25 72 86 13 61 1 75 6 47 48 3 47 29 81 85 12 34 44 64 39 51 73 65 49 55 96 33 37 67 50 53 72 53 59 44 38 29 41 9 56 20 93 18 22 41 13 76 72 82 38 64 51 60 15 85 1 93 85 59 89 52 45 43 79 18 83 76 68 29 20 33 28 82 1 52 61 50 69 23 24 79 25 77 73 64 67 23 60 83 46 55 45 96 44 25 71 74 7 44 60 75 44 47 83 11 65 17 80 25 33 65 69 87 22 54 41 43 46 19 89 26 70 2 16 80 23 30 31 20 29 21 97 49 70 35 21 29 43 28 90 65 1 0 46 78 71 17 18 6 18 36 57 98 17 52 7 50 38 15 55 33 44 11 52 55 74 4 17 72 25 74 56 27 57 6 4 62 18 24 53 24 96 92 79 89 75 93 81 45 93 88 13 68 44 25 89 27 45 48 88 46 33 76 69 66 29 88 30 5 5 0 57 62 77 85 72 33 68 16 55 65 80 9 42 89 57 9 95 63 17 41 21 81 93 27 10 30 66 30 53 11 78 13 95 78 7 72 63 9 16 46 41 43 99 94 29 8 43 77 15 19 80 52 48 41 55 22 50 95 26 75 77 94 75 27 91 62 80 29 21 73 
75 84 38 34 39 75 28 50 90 82 84 45 68 28 7 72 41 28 86 2 54 49 77 52 6 13 92 62 6 47 18 30 29 60 71 91 98 39 3 78 91 12 63 23 67 79 40 0 69 12 37 14 11 34 38 25 42 12 71 24 79 12 69 91 31 46 19 60 29 95 91 9 32 27 0 97 76 59 67 60 25 79 13 27 35 27 51 27 54 68 87 18 38 54 99 81 63 48 91 51 97 35 72 61 2 86 1 65 10 13 81 33 24 37 15 98 20 52 81 24 80 25 61 79 75 62 67 70 42 8 14 0 85 39 97 72 22 55 69 29 35 5 50 10 50 98 33 10 36 13 68 23 91 67 36 4 61 44 46 72 53 7 9 37 88 6 59 22 10 36 54 12 66 19 77 63 15 42 51 75 41 1 59 41 55 14 13 80 86 60 79 47 38 61 88 24 56 90 25 1 84 98 5 71 31 91 46 5 3 20 8 66 38 66 38 77 72 53 15 59 53 89 51 97 15 22 50 48 48 29 36 79 62 49 25 85 74 12 47 94 90 53 33 86 79 38 2 3 42 45 59 21 82 65 22 72 26 78 88 58 7 48 7 72 94 64 39 34 91 91 5 72 88 65 82 31 67 70 87 75 66 50 85 43 42 74 55 68 85 20 17 97 63 95 59 34 58 60 66 54 90 92 27 87 78 48 30 25 20 33 32 58 70 68 20 24 15 89 26 19 99 45 77 37 23 34 56 7 72 54 83 14 64 63 87 66 30 34 13 89 37 53 90 59 55 35 85 29 2 1 49 43 12 86 34 47 79 48 33 70 47 96 86 73 87 40 37 13 57 54 92 70 34 8 16 34 49 18 91 84 51 92 77 3 31 40 42 53 3 78 34 84 95 42 66 55 48 46 2 80 
32 13 15 77 43 63 75 48 81 62 75 75 95 92 73 4 98 14 9 46 20 48 13 20 92 22 35 13 20 23 82 28 93 15 57 13 45 2 39 12 9 11 92 86 44 55 39 29 16 15 8 43 64 34 91 94 50 95 98 22 57 65 48 64 82 36 47 78 66 29 19 14 27 77 95 23 96 51 51 74 93 54 99 58 24 36 3 34 77 28 19 59 29 89 13 40 65 24 8 96 51 4 68 55 25 80 56 60 61 36 94 47 30 12 29 98 4 70 23 13 81 90 81 90 54 27 0 85 84 91 53 92 65 66 13 46 61 3 6 97 1 60 92 33 65 37 7 31 21 39 95 14 34 85 93 49 2 2 2 6 70 24 18 81 78 17 86 75 26 8 33 60 54 50 76 63 31 85 32 22 73 68 76 34 9 88 23 23 56 55 22 55 26 44 94 7 51 71 33 79 40 49 82 71 50 25 18 10 96 11 93 62 14 33 26 43 44 45 94 69 47 47 1 64 54 43 2 43 93 65 32 69 91 27 89 81 60 22 0 60 29 9 1 71 6 98 48 63 8 70 54 66 57 92 91 74 17 49 81 56 59 22 39 37 30 73 81 3 40 65 39 79 24 41 93 98 31 10 51 90 6 48 76 58 85 54 47 72 79 25 63 42 52 52 19 83 11 89 75 76 62 65 98 75 15 72 33 18 84 75 86 62 36 31 56 14 75 91 70 91 40 73 6 58 62 17 76 56 86 49 47 68 46 84 11 2 96 6 68 3 44 47 10 1 68 79 45 0 23 41 95 38 28 63 56 23 24 66 85 79 69 94 60 76 28 40 86 94 65 14 42 17 73 35 86 39 33 52 88 78 5 98 35 69 3 36 49 81 58 3 66 25 9 36 2 22 28 34 8 58 
49 6 21 57 14 35 23 14 62 45 20 36 49 72 45 16 62 68 46 76 64 48 13 72 54 91 23 28 78 58 65 19 39 92 94 11 91 63 65 84 21 59 66 89 96 32 50 92 27 7 35 9 25 76 24 83 52 43 24 74 62 52 88 8 97 21 44 93 80 18 31 44 5 98 74 49 36 29 85 16 27 0 55 79 8 17 71 91 48 79 67 3 13 48 82 69 46 45 5 17 37 57 49 75 42 66 51 88 10 69 59 56 51 68 74 79 26 17 71 82 52 92 4 83 77 25 58 27 10 83 41 22 34 88 21 60 28 43 25 43 75 78 20 25 21 35 18 60 44 13 11 15 10 10 43 46 52 20 69 49 45 29 37 44 27 71 88 35 87 36 21 9 65 33 91 78 27 25 64 6 6 57 52 62 96 29 83 21 16 21 43 79 71 73 37 44 53 22 33 44 11 98 15 74 2 34 69 51 23 2 19 93 8 56 66 40 52 17 48 27 63 36 11 41 44 16 40 13 62 73 46 8 60 82 74 59 88 65 57 57 95 29 45 26 27 40 28 43 84 9 87 80 3 61 49 72 48 22 39 72 23 11 55 30 22 5 27 11 9 97 68 51 30 76 62 40 89 87 23 46 34 15 36 25 30 75 38 83 36 63 45 31 89 45 1 87 21 30 90 70 64 88 85 5 43 81 79 59 36 98 74 98 5 9 58 0 51 48 2 34 58 79 67 68 90 99 60 69 10 16 70 73 0 48 69 32 88 85 32 8 90 61 14 29 69 72 38 8 89 98 68 94 63 77 0 87 44 89 19 78 75 94 63 19 19 10 88 23 44 68 44 38 25 12 83 46 94 19 87 42 86 34 41 78 68 6 97 50 46 78 3 94 38 1 94 32 0 54 13 82 
95 73 32 93 31 14 60 70 16 4 38 92 93 15 33 10 19 46 69 51 7 88 79 75 81 5 75 68 71 19 93 25 85 90 99 82 10 45 65 28 3 81 82 77 18 23 59 63 30 85 86 45 61 25 88 23 22 14 73 8 12 63 15 77 62 1 46 3 17 3 59 64 55 11 36 10 77 56 79 84 11 11 69 81 15 46 45 54 43 39 85 95 51 60 12 9 70 99 56 91 52 9 78 30 36 54 72 66 6 67 94 1 76 15 36 2 29 31 71 90 94 94 94 38 28 7 15 38 22 44 10 67 67 66 97 91 78 10 17 45 58 64 44 51 0 94 95 48 47 12 98 5 54 61 9 31 3 20 73 90 56 99 76 85 62 68 33 22 78 79 28 79 95 71 40 85 59 44 10 51 25 72 93 78 71 61 62 40 53 35 66 39 17 30 45 92 53 25 41 79 98 0 80 61 70 36 39 31 61 1 31 8 71 52 0 38 21 50 8 53 96 7 21 69 46 7 34 65 36 2 22 95 99 14 10 78 12 54 68 94 77 69 41 74 41 8 73 88 16 19 95 21 41 45 70 38 81 3 50 38 27 51 12 45 42 66 41 10 67 14 32 92 17 55 42 2 71 20 1 12 32 66 29 56 41 45 18 24 96 26 26 82 54 76 90 85 53 1 26 2 64 52 38 87 85 5 90 35 49 84 19 71 45 89 35 98 66 55 81 43 93 24 81 18 61 1 41 48 22 6 69 57 16 60 71 87 15 97 7 49 12 16 97 35 95 57 0 84 70 43 10 89 10 8 28 4 77 69 60 13 8 99 69 75 82 18 23 43 12 48 30 12 42 55 51 58 90 42 33 76 20 97 2 72 82 68 71 55 76 46 47 36 98 38 46 85 37 21 57 19 
44 13 26 57 76 90 34 68 34 84 69 69 63 56 25 11 76 22 69 83 84 46 44 86 50 49 14 6 7 54 14 23 79 82 48 39 95 33 42 36 0 30 62 44 37 17 54 3 94 63 38 61 75 74 65 6 83 61 6 58 31 89 5 8 82 13 79 46 66 12 42 50 90 62 96 19 53 92 73 23 67 19 23 88 71 17 34 88 49 42 85 85 33 82 51 37 51 4 53 95 0 10 46 38 73 94 8 69 43 49 39 91 27 53 88 60 11 89 80 68 68 91 33 28 17 77 47 54 20 85 98 25 95 97 4 41 18 83 62 99 87 76 16 40 70 35 88 2 82 16 7 27 92 85 58 54 3 38 26 12 47 92 67 76 30 95 38 46 92 52 77 40 77 76 11 44 60 99 36 64 22 47 58 88 1 97 25 28 95 80 0 78 66 67 0 80 64 13 48 17 26 95 30 20 93 78 1 25 57 54 72 61 82 54 53 24 79 73 26 5 77 40 80 28 36 16 96 98 43 15 71 62 54 42 56 59 95 62 73 51 90 44 55 66 30 89 86 46 75 93 36 73 85 74 95 83 48 85 80 85 90 13 55 70 39 27 80 10 55 60 20 97 17 12 37 49 82 95 86 82 67 79 27 44 99 26 4 10 64 88 31 58 81 10 19 5 76 20 50 48 2 24 46 51 63 80 27 41 70 34 64 68 0 81 29 95 88 55 47 53 7 42 54 28 72 95 55 41 95 25 73 82 38 93 22 49 53 30 25 3 42 20 30 89 55 61 91 29 30 15 70 36 69 70 45 3 36 76 68 4 23 20 45 42 20 61 64 36 9 19 22 85 62 54 8 4 6 77 24 10 22 36 91 92 70 30 55 15 27 13 30 25 52 83 56 62 53 70 98 67 
89 7 99 37 10 24 95 85 31 61 58 67 45 43 70 68 66 80 92 97 82 54 93 81 42 32 47 30 23 53 17 78 43 90 27 39 79 37 91 81 36 47 85 87 57 76 8 53 77 53 61 36 53 67 44 94 18 17 57 32 0 61 28 82 93 63 35 58 47 23 39 23 31 38 18 18 4 30 13 50 23 81 82 20 77 71 47 66 2 27 44 14 67 0 40 2 26 0 43 62 39 24 92 47 19 41 97 5 77 87 32 71 57 36 6 30 68 7 7 9 15 85 24 51 91 60 40 74 57 67 94 79 32 45 73 73 8 33 49 55 51 13 22 8 93 89 70 5 28 67 4 46 13 57 38 48 90 86 86 46 4 77 89 66 48 2 83 98 65 26 95 32 84 97 10 98 16 50 38 17 71 67 53 77 17 37 17 68 27 6 46 75 50 37 19 6 61 71 58 94 96 4 42 69 47 79 37 88 75 33 29 31 95 38 50 18 45 94 19 35 50 8 26 0 43 65 0 43 26 75 13 79 68 18 59 84 96 19 10 70 48 19 87 38 79 66 29 26 15 32 85 74 87 92 7 70 95 75 38 53 46 64 0 19 17 26 38 68 35 96 82 17 85 96 81 94 50 25 28 36 77 59 89 63 50 81 79 8 54 25 31 69 43 68 16 21 75 18 26 94 16 12 13 8 28 83 3 48 90 72 63 96 49 51 23 17 35 20 70 86 96 1 95 91 16 72 29 5 7 91 63 76 7 85 66 71 91 74 0 11 22 87 23 30 10 55 39 69 82 73 16 88 34 32 47 73 53 15 46 4 11 8 78 45 60 88 17 79 17 63 49 87 22 34 3 79 75 56 11 57 51 20 28 7 10 81 19 37 50 91 84 25 84 7 91 33 76 80 79 14 
46 83 77 76 14 0 9 55 90 38 38 40 51 97 90 50 97 82 70 62 59 42 34 57 23 23 81 1 33 43 40 71 54 34 41 75 74 54 14 52 34 93 10 74 68 96 59 65 72 69 16 25 76 33 61 30 86 99 49 68 32 71 96 87 49 88 17 39 54 25 72 8 51 45 8 44 11 88 3 49 5 51 67 96 49 84 69 58 34 12 86 15 18 54 81 84 67 84 76 21 62 18 75 6 17 89 67 97 33 70 93 41 38 68 84 41 7 31 69 61 64 42 77 84 53 94 74 53 16 67 10 63 83 68 55 7 40 94 51 37 4 58 10 93 5 0 58 88 60 66 81 5 95 40 62 81 51 15 89 39 32 86 36 44 87 58 18 17 96 60 78 69 10 20 41 34 80 94 67 88 37 64 67 36 54 60 36 73 34 31 86 56 83 22 30 97 91 91 11 87 26 59 58 56 86 75 47 39 62 3 79 61 47 91 92 45 63 92 56 21 48 73 63 70 73 30 87 52 64 92 88 10 64 67 55 54 47 0 31 92 86 84 23 15 80 29 31 97 77 29 33 12 84 24 57 57 35 33 32 68 20 37 46 96 19 28 30 52 27 56 34 26 86 59 15 59 46 15 34 39 84 35 36 30 82 21 51 0 67 22 77 33 93 22 84 28 92 21 63 97 41 21 8 80 61 56 98 92 31 4 21 95 36 42 92 56 30 56 62 99 2 62 57 60 30 63 14 70 21 67 57 65 85 95 8 10 43 41 69 42 9 42 25 2 85 17 86 61 99 5 53 94 73 85 0 91 58 31 86 63 72 86 44 92 39 68 66 80 28 12 51 1 35 23 14 70 15 38 57 81 47 63 58 42 6 59 27 1 91 47 22 58 79 2 10 79 99 78 56 99 
44 11 25 54 76 96 67 62 10 75 38 44 74 83 85 73 99 92 10 19 24 87 22 55 76 74 64 53 73 87 19 90 55 40 94 81 54 29 0 11 18 9 85 43 98 2 51 66 79 23 16 7 65 47 91 95 93 68 9 67 57 5 46 50 54 43 19 88 68 46 43 99 87 88 77 29 20 37 80 74 5 65 34 20 74 43 8 32 28 14 3 39 23 33 95 57 67 70 20 13 2 54 93 53 97 63 19 51 56 71 67 31 71 66 79 75 59 6 95 65 44 85 26 48 99 54 66 69 19 36 72 19 20 83 57 9 29 92 70 83 6 95 53 48 0 10 56 51 76 29 9 35 37 53 87 99 22 78 36 50 67 60 8 67 38 79 49 52 57 61 83 95 19 92 13 82 84 53 92 52 97 85 20 0 99 25 82 26 82 27 53 78 1 63 51 75 20 11 25 41 95 35 33 55 21 99 36 32 43 18 40 82 10 67 36 23 58 51 98 92 49 82 40 47 11 41 82 93 11 67 46 80 17 42 53 85 94 36 14 78 1 67 76 2 87 90 41 85 38 77 80 53 77 39 94 21 15 85 8 65 5 18 48 54 97 17 67 43 96 79 14 76 10 62 67 71 13 57 21 73 31 88 63 30 36 18 18 14 3 33 90 61 47 30 42 90 78 98 22 77 41 56 8 31 90 4 38 5 22 83 43 87 93 8 76 2 8 22 57 84 58 15 80 84 30 45 13 96 63 91 54 65 20 46 49 86 26 97 36 89 31 13 77 7 81 61 98 9 95 77 30 66 32 4 89 23 60 32 16 89 26 5 28 45 72 19 89 2 68 12 34 94 41 39 36 22 81 42 6 23 80 25 30 9 40 76 85 72 31 43 84 63 70 20 96 52 23 61 59 45 
33 62 27 92 67 41 35 3 14 48 96 41 27 31 57 36 0 75 25 45 45 54 24 29 99 20 1 15 12 13 96 1 70 24 36 80 36 19 70 26 33 48 59 23 16 47 18 19 27 81 25 25 60 20 49 36 81 56 76 57 27 2 12 26 25 48 73 53 34 56 75 52 20 12 71 55 43 40 26 38 33 13 92 81 47 59 79 82 16 86 81 94 72 42 21 22 12 18 37 63 84 61 56 48 29 80 6 87 88 36 72 54 98 56 87 83 26 65 41 10 4 32 95 42 67 31 18 43 78 60 89 27 33 26 61 30 75 98 53 62 43 9 49 70 67 2 66 62 28 27 72 5 45 59 58 6 12 90 37 13 30 29 8 88 7 63 79 23 5 44 67 52 52 24 28 71 50 79 40 43 43 48 79 97 3 31 68 57 27 59 15 2 14 88 71 86 81 36 5 30 33 35 54 58 7 97 86 48 24 15 9 45 2 22 79 32 75 15 42 60 77 62 35 96 73 2 73 53 47 64 13 99 6 59 14 39 48 96 74 9 29 9 34 80 21 91 95 30 55 53 94 38 76 47 50 54 47 39 35 86 77 52 8 58 36 4 36 88 32 76 18 2 74 99 31 92 96 56 60 21 5 15 92 79 89 45 23 85 8 2 36 40 96 93 44 12 67 30 68 19 65 14 47 92 65 91 39 86 44 33 10 51 87 14 28 31 65 41 23 4 32 1 13 0 6 60 13 76 7 32 13 46 33 38 71 50 8 26 59 25 23 94 92 8 91 30 17 71 30 7 25 7 87 78 90 44 60 56 15 79 0 12 0 77 74 96 34 60 5 83 43 6 14 63 90 26 43 47 67 70 30 67 14 34 13 14 86 82 30 28 52 92 54 0 80 46 42 56 91 55 
94 80 69 79 77 83 34 15 1 20 7 60 23 69 82 6 78 93 74 82 33 15 43 99 73 73 98 51 67 74 3 37 78 99 44 30 89 20 21 67 20 70 61 37 55 72 92 50 82 35 85 74 3 38 74 96 65 2 17 16 71 89 74 97 25 29 26 71 40 20 94 48 87 25 72 22 81 65 17 10 30 96 76 16 22 77 38 24 67 1 98 27 49 62 43 96 98 30 32 72 4 56 3 4 60 49 45 67 77 16 4 3 84 3 58 96 56 60 6 66 49 84 53 34 85 41 62 44 67 94 69 35 72 83 68 58 22 74 3 14 62 17 6 96 77 85 36 60 51 71 86 54 81 68 89 76 75 94 88 60 95 21 6 56 47 79 54 15 25 68 67 5 78 12 50 30 74 74 38 86 6 77 64 93 29 9 34 62 99 73 53 77 46 42 62 57 51 38 97 54 21 38 76 43 44 29 5 59 37 6 47 46 96 3 62 38 63 63 10 87 85 17 28 38 48 30 86 92 87 9 76 99 26 25 95 89 96 19 79 81 96 20 71 2 51 57 44 53 45 90 91 11 77 55 58 95 98 25 13 72 7 96 7 86 57 9 16 1 86 51 55 75 46 26 12 52 14 67 51 79 45 53 45 58 35 99 30 48 22 3 40 74 78 87 52 0 92 38 14 66 83 49 89 62 11 66 23 83 9 17 26 71 22 21 33 45 99 81 37 10 45 12 19 65 86 89 8 96 80 63 30 29 1 89 15 73 18 57 55 12 12 6 27 93 76 62 2 15 29 53 15 36 27 67 89 45 27 0 18 14 65 74 23 0 5 98 66 88 25 51 10 49 47 91 43 21 99 16 25 8 98 22 71 90 93 90 86 70 83 98 28 71 28 93 46 50 12 94 57 64 
55 0 16 37 50 81 44 12 54 59 34 25 60 14 53 21 29 99 68 97 51 52 58 90 75 81 38 11 48 11 6 99 32 63 94 41 45 33 6 65 99 70 48 29 53 39 19 84 61 91 81 5 43 50 73 47 20 38 36 8 63 70 73 8 76 34 20 59 37 30 77 57 62 98 12 76 31 62 98 79 7 25 29 7 87 99 41 23 33 96 28 96 15 47 59 12 7 43 25 82 40 75 79 43 65 63 29 19 96 34 61 87 89 35 9 73 96 61 5 13 24 90 61 91 82 69 4 49 46 23 70 26 27 51 79 91 65 85 24 5 98 29 85 99 58 23 40 69 92 14 50 25 32 97 7 38 22 86 23 30 43 45 34 8 79 67 11 81 50 56 80 74 39 69 25 83 66 58 99 91 53 27 67 8 29 26 96 8 13 96 40 15 83 83 58 35 30 15 56 34 45 71 6 99 2 99 71 88 28 52 54 25 1 84 21 93 19 54 45 37 74 88 17 73 83 11 69 43 30 11 97 21 32 96 34 7 83 83 55 4 94 13 96 93 10 61 51 52 69 68 65 17 81 70 56 51 89 10 56 33 6 19 62 18 32 97 15 94 98 37 54 70 47 57 74 71 34 49 70 73 17 19 90 41 54 34 69 41 50 96 95 28 73 26 85 54 98 11 66 44 6 65 48 31 31 67 27 65 79 94 34 17 31 26 44 92 97 59 9 16 47 89 21 16 93 69 39 96 44 14 54 10 57 58 24 49 94 64 84 13 96 30 34 95 9 86 76 19 30 15 99 23 91 41 26 82 45 44 39 24 56 81 8 99 43 57 47 95 49 72 68 42 89 6 7 92 84 59 58 93 21 52 73 22 25 47 60 0 85 27 7 99 13 62 11 52 38 95 85 85 
2 51 88 13 74 97 96 38 20 77 53 50 54 11 4 86 27 1 28 45 93 18 71 56 63 3 72 68 3 17 48 12 98 65 48 9 19 93 82 12 81 8 81 90 29 83 6 98 40 1 61 82 89 0 4 11 85 93 90 7 78 62 87 83 13 45 71 46 72 40 24 99 96 55 88 70 63 50 67 18 4 47 49 41 17 46 14 24 25 20 54 93 20 85 96 15 88 96 10 32 65 4 51 1 59 95 7 77 50 74 82 18 59 13 0 9 29 49 20 68 94 11 12 11 67 93 4 34 61 23 68 40 10 99 3 25 64 72 65 27 39 9 20 51 45 6 51 7 33 82 47 22 68 96 35 72 40 83 18 82 38 67 14 33 3 65 91 95 69 66 44 29 59 93 25 80 66 1 98 45 81 48 94 51 55 5 16 84 44 3 86 11 89 11 99 72 24 60 99 44 0 61 84 54 20 51 80 10 26 47 20 65 42 94 34 26 31 43 74 16 98 53 94 47 20 66 4 43 66 94 93 50 15 44 82 34 16 94 9 92 29 60 93 71 2 91 15 63 1 46 54 63 33 56 72 36 98 19 33 32 71 97 34 36 68 73 62 66 90 20 78 26 7 28 51 57 26 64 56 58 71 90 87 53 35 54 52 93 23 59 77 83 65 19 1 3 50 38 99 37 66 79 92 16 65 6 80 49 67 21 85 20 78 86 98 3 71 37 79 83 62 10 20 66 86 97 39 65 45 4 98 31 83 44 97 19 65 56 60 3 20 94 8 64 95 83 3 95 21 90 37 17 17 0 40 19 60 86 7 77 9 38 18 93 99 3 81 98 8 4 60 97 0 31 98 22 20 97 37 40 48 76 81 11 83 92 98 2 90 32 67 76 58 74 44 29 53 0 4 93 
91 51 43 41 5 35 6 67 59 52 33 39 66 53 43 65 24 88 21 37 31 61 55 41 12 86 84 78 29 66 1 29 9 33 27 42 78 95 21 86 42 68 42 26 38 24 29 24 4 26 18 78 53 90 85 32 19 83 33 97 99 18 12 1 93 21 85 97 46 55 46 43 71 41 41 28 72 84 16 39 52 79 64 72 7 55 6 85 95 9 83 80 47 25 90 21 69 93 51 33 55 75 15 47 9 34 65 34 29 78 59 47 58 23 17 92 29 44 45 81 88 12 47 14 41 8 91 10 32 23 49 6 96 71 8 85 87 80 39 58 83 6 84 55 51 38 97 41 35 32 67 79 79 80 29 11 98 46 10 35 37 96 90 33 9 10 46 89 3 83 78 82 59 87 59 19 55 75 14 51 89 49 47 83 78 64 56 80 48 66 20 8 14 96 15 92 86 49 89 68 16 15 23 10 97 27 25 39 95 19 97 14 7 73 99 78 98 89 45 60 40 51 32 49 50 43 52 58 32 97 40 44 22 20 70 8 54 84 98 96 93 94 8 83 53 9 43 87 16 19 7 80 71 2 99 95 69 28 84 28 33 11 72 84 13 9 6 74 64 71 1 45 39 24 59 41 39 9 76 86 6 82 39 34 19 75 81 57 23 80 23 36 62 74 68 97 49 32 44 0 17 52 31 54 52 73 22 97 26 80 34 56 78 46 1 44 46 46 45 60 36 27 3 37 3 21 17 41 86 7 51 0 79 79 91 68 87 73 92 57 24 84 60 92 39 14 72 25 27 7 31 70 93 5 45 15 25 71 19 15 48 22 88 92 4 87 26 13 62 23 89 19 26 67 39 34 60 28 57 90 89 73 88 70 76 82 68 55 46 65 41 31 92 3 39 16 59 6 55 92 
28 64 90 47 9 30 94 67 15 62 83 42 74 14 72 49 6 34 41 28 64 95 63 14 4 13 75 74 24 42 71 50 69 4 63 95 59 25 58 86 7 97 39 49 37 48 46 77 64 0 63 6 61 9 39 31 37 47 28 64 30 28 6 13 0 19 31 13 54 60 70 99 40 48 32 40 86 16 47 37 32 61 52 54 35 7 26 62 12 6 55 81 95 80 35 52 3 92 79 49 13 26 75 90 14 37 99 6 9 45 18 53 92 1 84 63 65 40 59 0 79 30 68 10 78 1 39 48 25 73 42 73 7 5 97 24 97 50 27 63 42 17 12 62 22 72 64 89 46 81 43 44 56 59 70 34 59 49 73 28 11 48 21 23 90 59 27 44 89 81 69 91 5 62 53 15 36 62 16 80 24 22 97 78 58 68 54 29 66 66 98 28 7 10 67 94 29 77 2 67 90 91 61 99 34 69 8 36 76 62 87 49 90 11 7 59 0 39 39 35 40 49 53 32 90 83 93 79 44 62 97 60 97 79 34 22 77 10 50 65 88 1 54 32 88 44 1 26 64 22 98 85 7 14 79 1 68 66 67 97 99 40 29 31 72 80 41 25 38 77 26 19 47 79 44 31 74 72 84 91 61 2 67 74 8 97 95 74 18 57 48 60 78 89 53 0 12 65 93 98 61 50 25 26 25 28 46 72 56 68 68 51 71 71 65 90 99 85 26 99 46 26 53 80 13 75 2 36 46 76 59 63 15 92 6 56 66 88 40 14 90 25 68 40 70 52 40 18 53 23 4 41 25 14 21 26 48 48 80 46 32 23 98 36 10 92 42 95 6 98 93 73 12 16 45 13 2 11 97 5 56 3 68 39 96 61 17 29 16 44 98 54 64 18 91 23 76 18 40 6 
17 4 97 98 11 44 30 59 75 78 64 23 14 77 99 9 94 47 96 86 91 57 44 25 32 83 14 66 23 98 85 30 71 52 5 92 89 56 96 20 97 54 60 9 77 77 84 16 90 19 71 47 2 29 44 6 62 1 30 97 13 76 69 81 36 91 25 28 63 23 91 79 8 47 94 26 47 91 84 99 86 67 9 98 26 58 31 53 9 31 91 74 21 47 55 61 48 76 52 0 2 2 34 64 49 97 66 30 75 94 34 46 49 73 7 51 85 26 16 98 29 98 14 55 70 32 16 10 40 97 43 2 88 37 89 84 86 83 67 78 93 47 11 54 47 66 49 76 57 38 76 22 5 66 99 91 2 67 31 46 78 12 46 54 19 24 90 22 60 19 77 49 80 30 31 61 11 6 6 75 28 81 6 17 95 35 5 59 40 76 89 35 96 19 28 2 10 79 14 74 40 55 69 51 38 11 17 94 7 56 47 11 72 1 32 17 50 4 17 34 88 3 81 53 88 16 85 24 88 5 12 17 92 48 39 24 42 10 2 78 98 86 27 73 8 92 90 68 86 50 11 48 34 44 44 18 88 39 34 91 35 59 5 2 18 85 74 65 56 66 57 27 81 98 91 12 7 3 30 29 88 14 50 33 46 82 54 64 54 94 51 68 10 81 60 93 16 96 83 69 24 72 27 60 82 33 79 44 55 38 97 4 2 74 22 14 44 54 26 3 16 55 35 82 57 35 83 67 20 75 33 25 38 8 99 9 30 67 18 74 51 17 21 42 45 10 77 42 28 48 48 53 33 36 43 57 68 37 86 43 57 60 53 48 75 42 66 55 17 15 24 41 47 83 34 66 61 44 16 98 83 76 54 16 65 15 54 73 83 18 54 53 27 17 55 50 89 90 64 17 
36 59 10 73 7 98 76 17 67 94 33 57 71 65 13 71 35 13 73 79 94 3 83 74 22 18 46 35 89 59 0 96 41 17 40 30 79 8 62 73 69 86 16 23 73 65 40 71 69 49 64 46 5 33 40 93 70 9 22 8 64 75 54 70 25 82 5 1 95 82 12 32 80 14 5 28 90 42 49 19 54 49 10 43 4 1 2 78 99 1 40 96 84 48 19 97 77 10 86 65 32 8 55 98 9 43 31 65 96 21 4 27 78 39 87 65 63 22 80 5 33 77 76 23 3 11 91 77 16 97 54 34 52 93 95 85 99 4 54 89 21 42 70 51 98 84 64 36 67 31 3 31 96 54 33 74 55 15 73 56 29 10 6 81 0 31 75 59 53 71 87 48 75 32 23 28 28 84 65 8 50 79 31 55 80 88 4 64 94 98 10 60 2 83 62 69 1 36 12 23 81 82 34 54 16 9 10 69 57 75 37 62 29 75 35 57 5 70 5 65 19 18 22 56 18 54 29 27 61 41 97 98 86 46 58 12 55 3 87 35 1 96 53 41 73 79 27 62 60 98 75 50 77 52 0 61 29 64 11 45 42 66 63 43 40 79 12 58 12 71 84 60 77 93 9 13 61 3 29 1 31 66 82 13 70 32 44 30 83 93 98 73 46 51 81 66 11 61 71 50 94 85 70 26 31 8 23 11 56 15 62 91 72 11 79 85 9 6 27 67 95 52 71 90 31 87 32 88 35 79 36 82 91 73 92 93 81 94 10 26 8 66 29 54 65 69 46 83 58 46 33 56 12 95 73 37 0 56 4 3 80 23 98 69 6 46 64 95 37 35 68 14 76 29 71 28 64 80 86 57 29 75 81 54 47 8 97 81 73 56 56 90 46 83 74 60 91 42 14 18 
13 86 58 23 71 64 3 24 47 24 92 50 14 35 36 68 77 48 98 86 17 72 57 98 97 56 68 93 83 43 75 54 19 73 27 66 55 15 11 71 68 12 83 3 57 56 65 79 46 75 22 45 18 43 50 61 65 6 11 7 96 58 19 73 65 90 48 46 35 82 27 4 70 93 0 78 19 54 13 81 98 84 1 41 43 95 84 54 47 36 88 63 99 11 61 61 94 70 20 64 3 48 88 39 33 91 43 41 70 67 64 81 74 45 65 22 40 38 50 65 5 16 78 23 40 13 22 77 46 81 64 15 31 86 2 69 36 58 99 80 35 14 77 60 48 92 59 0 41 38 45 59 0 88 82 38 84 33 29 30 29 27 23 55 44 89 56 33 57 90 84 78 87 38 16 16 93 98 61 76 27 13 41 47 93 29 59 24 9 56 87 67 15 47 34 68 44 30 7 11 71 46 36 15 80 68 55 20 82 71 67 49 24 31 49 17 42 87 26 58 13 84 72 20 76 86 25 3 52 76 54 67 23 27 80 31 16 20 7 24 18 59 65 47 45 54 89 38 41 77 23 43 38 10 99 93 48 61 11 63 4 46 38 6 51 69 71 62 81 94 27 24 4 41 34 91 18 56 54 85 45 57 13 79 46 13 60 75 67 18 33 20 85 7 39 11 96 76 50 5 45 77 41 29 10 39 10 96 52 35 80 82 9 13 84 95 11 91 88 93 70 45 22 71 29 52 76 79 30 24 20 52 55 79 53 91 3 71 54 42 37 41 7 98 23 74 50 46 27 26 55 23 55 0 35 7 86 89 13 48 57 57 35 53 46 26 4 72 83 98 50 34 83 11 49 11 42 68 44 48 33 23 72 18 23 41 51 48 86 82 20 72 82 90 43 94 32 99 77 82 
50 79 5 39 77 0 97 80 50 95 29 13 85 74 28 9 7 97 39 43 11 15 2 79 39 40 17 14 76 97 66 8 68 80 20 85 26 86 13 38 35 58 87 50 19 87 83 72 69 36 95 67 24 55 14 43 98 95 21 86 26 10 64 15 33 67 14 65 16 31 1 67 45 31 26 58 59 93 72 28 39 58 2 92 36 59 9 86 57 79 6 73 42 9 13 46 9 46 4 62 18 16 75 58 64 52 11 34 73 9 35 40 47 71 69 83 9 71 22 4 18 19 49 71 68 21 25 21 24 55 25 56 16 45 48 48 8 70 66 69 45 72 25 88 19 14 95 35 18 51 91 71 44 13 53 0 64 91 84 40 38 70 6 56 45 74 82 83 25 33 2 83 11 36 30 25 18 68 5 68 91 47 60 77 99 91 7 45 7 87 53 80 11 9 99 96 23 42 77 93 28 56 23 88 87 45 81 86 32 13 10 34 0 30 18 85 46 26 31 17 51 60 64 64 68 51 79 43 13 79 41 46 63 65 91 29 38 61 15 79 88 1 83 10 69 85 57 72 47 58 92 21 5 84 26 92 99 83 47 54 32 67 85 24 8 14 23 41 10 66 79 97 44 52 19 71 38 57 80 93 97 26 58 91 90 49 23 77 62 62 58 83 42 71 65 89 37 32 30 56 69 29 90 38 87 58 3 18 27 3 28 48 88 12 83 25 44 0 42 6 43 12 61 13 56 83 10 81 64 51 10 67 93 38 43 17 73 46 11 45 9 74 16 13 12 98 8 47 21 5 80 83 32 97 27 88 2 6 24 46 27 2 19 29 8 69 3 55 23 13 78 79 66 69 1 13 93 69 40 39 55 12 76 53 15 48 53 77 57 70 82 82 68 59 6 58 60 82 14 90 
55 59 61 69 35 7 15 47 24 81 69 51 32 60 7 7 10 34 22 15 79 21 37 61 94 92 75 31 7 24 23 65 86 88 75 97 33 97 93 28 55 58 79 22 18 75 92 13 36 60 15 30 46 60 76 33 40 46 21 55 56 33 51 8 36 39 25 38 58 99 47 10 11 27 43 25 31 99 56 88 41 0 32 43 12 39 36 96 80 1 97 62 98 91 29 88 54 90 6 96 28 93 31 31 13 90 60 55 66 97 67 86 77 66 28 73 87 66 52 89 49 5 46 49 7 43 94 52 54 19 7 36 6 11 2 71 43 77 20 72 39 53 32 82 56 72 88 64 21 64 73 33 15 78 69 70 70 80 21 60 86 75 72 16 35 72 63 52 23 93 64 65 46 2 63 21 94 68 51 57 56 83 19 23 46 43 58 48 91 16 99 49 92 78 0 91 49 49 19 12 67 13 34 80 63 2 86 65 35 43 46 55 11 53 85 67 10 57 60 24 90 85 84 66 22 15 51 78 55 34 21 31 93 83 54 64 54 63 27 49 23 86 61 18 86 59 4 85 4 52 47 76 67 72 75 7 51 48 43 19 13 7 55 67 48 45 44 86 59 14 90 57 38 90 39 75 33 8 87 10 26 56 16 71 43 85 13 9 90 35 77 21 35 0 17 26 79 53 42 80 38 39 84 18 88 54 84 40 52 58 83 17 5 72 55 73 80 48 13 23 81 9 24 17 41 28 12 55 0 57 51 9 32 38 28 35 50 8 53 0 59 19 47 26 5 6 7 43 63 9 27 9 31 38 66 2 75 0 16 15 90 81 25 93 63 2 47 61 94 58 98 92 18 93 80 38 55 64 9 32 88 31 85 39 16 93 83 64 57 73 48 9 57 87 45 53 4 72 73 54 
30 74 26 58 77 94 86 28 13 59 16 25 36 99 57 66 40 16 80 91 59 88 65 53 81 33 82 32 44 76 45 24 28 33 66 25 96 26 8 20 73 3 81 28 69 21 51 85 7 49 13 60 1 80 66 43 34 89 28 38 17 98 44 55 94 46 73 57 55 83 34 79 58 80 44 15 65 53 52 37 89 41 1 78 20 32 60 52 92 21 73 40 77 70 89 41 62 63 28 7 15 7 25 52 59 77 0 49 83 7 52 5 22 8 85 49 66 79 91 95 95 34 91 1 91 16 9 24 2 70 67 26 50 96 13 59 34 19 6 95 66 46 46 53 7 70 28 70 40 14 82 37 16 71 14 13 10 7 7 91 17 52 49 90 54 64 73 37 70 98 73 40 72 23 43 57 78 83 87 32 59 45 93 48 57 10 35 97 32 40 24 7 39 5 90 40 65 84 22 97 87 10 70 0 76 42 54 70 0 74 41 87 22 36 61 14 23 97 34 32 8 27 12 43 32 53 36 75 41 11 48 31 73 55 24 56 66 59 0 55 42 72 27 20 72 71 62 35 51 53 50 94 98 36 26 23 96 96 80 91 53 55 46 39 44 37 52 79 46 18 8 88 30 77 41 38 11 17 79 13 7 62 11 55 18 55 31 75 95 65 17 81 88 78 56 70 20 59 61 5 72 83 47 58 98 25 30 45 14 31 69 38 93 52 39 80 60 87 98 80 89 1 57 92 84 29 87 15 17 98 52 30 44 69 25 28 4 20 38 42 8 89 32 74 40 47 75 96 36 29 76 21 10 76 36 8 92 12 91 79 83 66 13 11 50 13 25 10 46 37 67 88 39 19 3 27 47 10 22 92 74 25 80 35 82 34 19 34 12 47 95 72 98 11 55 3 22 71 35 93 
83 89 2 7 98 37 98 87 44 42 6 50 46 43 75 96 65 87 21 8 64 10 64 24 78 85 51 51 12 87 56 7 39 24 94 79 93 78 70 17 62 15 39 85 13 67 25 95 20 18 88 60 76 28 6 39 68 75 28 97 17 88 24 67 74 94 45 53 80 63 79 30 29 65 98 98 45 68 73 97 1 49 17 50 32 50 0 32 78 6 3 79 51 92 51 58 43 51 51 32 32 1 24 45 5 4 11 59 31 8 35 16 66 34 67 97 28 44 2 95 54 74 19 97 11 65 55 86 36 22 65 21 3 17 18 94 82 43 33 31 12 97 32 7 37 66 83 85 44 98 41 36 2 75 9 73 10 96 31 26 9 33 63 78 30 62 72 57 88 31 41 70 38 0 64 38 68 72 72 22 41 20 21 4 32 9 97 65 74 61 45 71 80 46 12 97 33 35 47 23 47 88 38 97 79 68 98 89 45 54 96 81 61 1 49 93 50 79 30 89 49 87 5 87 70 98 68 98 13 23 3 23 79 2 17 23 54 75 15 17 54 78 7 61 97 90 78 78 98 27 44 55 58 56 93 56 31 56 81 91 20 99 47 74 44 97 61 56 94 75 99 94 14 17 50 22 94 87 99 8 11 95 4 1 44 34 30 2 11 30 57 54 88 91 87 94 27 68 11 0 17 13 9 62 73 79 93 57 38 12 9 81 29 64 62 62 97 42 15 28 63 26 56 91 31 11 12 21 82 81 31 88 54 21 77 51 15 40 91 13 7 5 15 68 88 81 94 35 24 56 81 82 1 26 67 96 47 27 82 35 63 70 76 43 53 83 80 96 20 84 29 2 84 57 98 58 88 68 98 7 45 68 43 56 71 43 1 99 15 22 60 26 52 4 58 22 74 35 98 78 
36 26 10 1 76 50 78 46 97 79 37 30 64 57 83 55 87 0 91 88 30 5 23 64 67 59 83 72 65 32 18 23 75 87 67 9 37 82 14 40 83 39 57 84 1 93 93 26 95 84 97 9 38 0 87 97 58 10 76 69 18 52 37 38 81 91 87 90 34 38 11 60 78 12 62 78 24 58 6 97 6 18 34 8 98 19 3 15 7 7 88 53 9 25 58 36 34 66 79 68 19 89 8 39 78 30 86 47 17 61 30 40 63 0 43 56 18 62 71 24 61 96 61 57 98 99 90 47 74 8 47 64 24 29 90 84 48 25 10 88 49 94 12 4 8 28 87 22 90 12 92 39 32 34 27 76 94 12 21 74 78 48 82 57 33 68 80 51 82 4 16 59 98 68 73 84 16 67 87 65 86 43 10 85 32 9 43 67 83 51 38 69 52 24 69 92 42 72 75 5 77 40 72 83 97 17 40 53 59 24 55 77 30 77 12 69 5 12 89 44 38 91 41 93 70 42 79 4 99 91 14 57 58 45 70 5 59 59 50 62 13 41 26 6 26 59 87 71 27 41 36 57 16 61 72 53 2 10 45 25 32 29 11 95 51 67 25 71 46 31 47 39 46 92 28 69 95 20 34 87 42 94 45 78 51 45 40 33 22 42 22 15 22 80 15 52 50 22 77 16 4 93 14 24 62 94 43 37 71 46 62 58 22 40 67 9 97 75 72 98 64 53 55 31 59 50 88 7 42 29 59 8 23 56 75 70 33 95 12 14 7 71 83 31 75 19 47 80 21 38 89 19 98 26 79 20 89 5 30 16 19 82 23 75 49 18 95 8 92 83 2 29 4 88 52 71 73 3 84 50 6 12 98 84 59 86 24 94 34 63 16 48 32 71 16 38 5 29 14 11 
73 13 98 41 76 5 29 49 21 39 35 72 86 55 41 89 79 21 71 94 36 57 63 14 7 93 7 49 31 26 43 65 9 79 51 38 25 86 51 85 21 40 16 93 8 16 98 11 58 95 62 51 17 46 91 70 27 47 55 18 83 1 71 68 33 11 27 33 94 47 94 7 42 27 98 57 36 27 62 70 28 4 65 29 51 40 31 88 12 71 45 87 0 30 58 32 7 74 54 69 82 23 41 92 89 50 10 33 50 75 65 28 17 15 99 53 57 33 19 13 46 35 84 23 36 44 38 7 29 4 85 18 67 39 17 91 25 1 71 87 78 2 78 63 89 33 81 38 38 42 0 4 77 16 5 55 95 24 54 27 61 40 60 45 44 35 54 36 49 42 26 14 96 98 46 98 40 66 79 32 80 35 94 98 89 26 64 41 91 43 88 36 97 24 14 44 21 75 55 67 63 35 74 35 32 12 89 29 94 22 88 11 18 36 24 42 31 13 72 36 29 55 65 20 64 66 68 6 58 7 0 73 62 13 44 32 94 76 33 69 47 49 92 76 68 17 59 96 13 61 34 17 57 68 80 49 86 83 37 44 63 30 10 86 41 80 15 52 6 73 81 73 24 62 36 26 94 9 71 96 16 93 77 62 7 80 6 98 91 59 58 72 92 38 13 48 30 76 28 99 9 81 39 10 47 82 20 86 80 25 74 27 85 98 86 74 28 5 54 24 99 14 95 29 85 33 8 81 24 77 47 10 57 86 92 86 74 65 31 43 54 33 91 48 94 72 4 49 14 80 77 62 34 7 63 84 62 12 4 84 47 26 91 44 88 37 27 31 91 35 86 13 29 89 48 63 57 47 96 84 47 26 34 56 84 31 74 63 95 22 84 70 27 77 73 61 88 98 9 8 
56 56 56 4 67 65 18 25 12 87 54 98 85 16 26 30 37 50 29 28 69 65 5 25 21 44 28 78 95 53 41 66 19 60 70 57 45 56 8 61 33 63 57 75 74 81 61 21 77 32 52 63 50 59 31 51 83 84 49 10 91 73 68 96 34 82 48 71 88 75 71 43 95 85 9 24 5 99 86 8 56 13 22 14 59 13 97 28 70 56 51 97 10 52 41 98 20 59 33 38 6 22 30 55 34 59 8 20 53 8 26 15 95 33 48 91 93 19 83 79 38 54 11 44 3 64 21 21 57 99 25 51 21 85 50 62 53 66 71 27 8 26 40 79 4 67 58 62 35 25 42 4 40 76 25 14 34 74 8 24 97 82 18 25 7 36 38 35 26 90 77 41 77 26 69 15 36 96 71 93 48 63 66 51 94 91 16 99 15 66 41 75 52 55 57 72 86 34 75 63 52 14 24 87 80 71 20 48 72 68 99 78 46 52 54 77 18 67 61 87 10 43 68 58 38 68 85 1 29 93 13 41 31 63 4 16 89 39 14 48 22 3 43 36 56 65 83 85 30 48 99 95 99 63 79 98 67 7 96 79 88 11 79 77 32 62 66 41 24 64 43 97 68 57 95 84 57 94 65 55 12 41 55 98 6 68 67 34 83 65 78 2 30 73 10 91 53 73 50 69 17 99 38 58 85 85 38 65 75 19 91 47 47 96 48 37 43 87 39 47 98 34 76 94 77 86 13 48 23 60 83 36 88 84 71 0 84 20 77 19 53 4 21 98 46 27 87 43 34 4 1 31 21 78 58 44 60 8 73 91 74 93 53 6 37 11 28 6 75 58 11 79 47 0 60 24 91 55 3 44 87 87 73 60 58 96 51 31 95 49 13 41 35 74 6 72 45 92 58 72 
65 67 93 39 65 81 52 83 61 4 53 64 59 59 80 18 86 57 3 32 46 43 30 28 0 49 8 53 42 58 60 71 26 19 3 90 63 69 80 13 64 98 17 20 88 61 54 64 78 69 56 82 94 72 95 66 63 24 19 97 78 98 68 85 34 53 76 17 78 9 5 65 12 68 98 59 96 90 34 5 4 40 39 81 33 40 90 75 82 47 56 49 43 80 58 45 57 15 36 30 64 32 90 68 45 11 93 53 85 59 33 96 70 82 43 89 76 41 96 89 51 4 90 80 87 64 15 24 67 51 4 40 90 56 44 56 39 63 53 71 41 71 6 62 11 42 78 27 83 17 43 18 24 82 54 54 0 62 31 40 0 78 52 47 9 51 47 52 35 64 87 44 98 81 14 13 30 10 48 46 99 98 99 21 27 68 36 68 60 69 1 24 93 84 11 48 19 74 18 81 3 22 62 64 42 60 92 1 29 36 46 22 10 2 35 31 47 59 47 9 90 38 33 84 8 56 38 70 38 69 85 85 80 80 3 15 4 5 17 56 7 13 24 96 62 30 4 27 4 83 56 61 97 74 73 5 82 55 44 65 96 64 53 47 39 88 90 14 32 64 5 20 96 37 89 67 42 73 94 65 50 72 58 37 71 98 75 54 80 46 2 14 43 43 30 99 14 28 62 37 90 1 79 48 28 71 6 99 89 41 32 18 73 29 2 75 51 57 31 3 32 59 36 28 6 9 67 14 75 57 16 86 90 40 4 37 67 49 98 81 57 96 58 28 89 28 96 46 89 78 78 77 68 30 33 43 64 51 21 79 52 63 35 95 28 16 19 29 9 41 78 32 49 87 81 90 14 43 39 43 89 12 91 71 83 65 2 91 47 77 56 90 15 41 0 23 80 94 69 47 
14 56 85 64 85 50 89 73 64 19 19 60 35 28 52 97 4 38 6 69 62 51 11 92 58 88 10 26 74 50 41 56 10 70 12 85 96 41 5 91 87 71 17 48 64 18 18 44 93 31 70 65 69 21 98 35 83 37 58 89 50 84 28 34 58 94 11 68 36 0 98 71 64 53 69 55 22 22 87 11 41 54 41 93 76 54 6 22 17 58 91 19 0 84 65 36 48 82 25 40 68 90 71 17 73 83 38 22 10 35 63 42 72 28 24 35 39 40 27 58 88 24 51 61 65 85 25 62 37 16 87 62 41 24 41 78 23 23 73 88 9 43 57 93 78 40 14 94 98 85 96 1 24 10 99 77 31 49 60 57 50 21 52 53 85 38 96 13 95 63 17 81 13 44 22 65 79 80 96 6 73 18 22 50 85 30 57 33 71 54 57 12 73 57 5 97 45 20 31 30 95 68 3 66 71 95 86 5 99 10 14 68 37 18 52 82 63 98 5 53 38 97 81 95 96 84 81 2 17 10 83 10 1 73 23 94 8 36 48 70 90 27 99 3 72 55 11 19 82 35 42 19 35 29 35 51 38 1 77 73 10 35 27 16 84 48 88 81 3 30 48 27 40 31 12 64 15 15 63 64 98 61 97 81 77 92 64 39 18 10 13 45 18 76 48 20 83 67 71 40 47 59 4 56 97 58 0 97 83 39 79 94 36 67 18 15 2 4 20 27 86 17 64 78 15 65 37 75 72 71 67 74 82 21 69 49 50 15 68 12 42 51 35 31 46 51 12 87 89 15 62 95 61 63 98 61 59 90 59 7 54 76 61 19 31 5 73 43 77 80 11 45 74 35 84 46 85 7 79 63 70 19 90 36 23 92 8 77 56 91 21 59 33 62 32 36 34 19 88 85 
63 95 18 26 9 87 22 51 38 72 72 70 92 0 45 53 88 51 42 74 60 27 68 16 9 84 45 16 79 55 90 67 21 13 33 17 61 94 12 3 23 50 39 29 53 96 75 63 36 26 39 25 77 44 56 8 50 96 59 75 2 92 62 94 97 86 55 37 25 29 63 73 90 81 47 87 64 29 67 89 79 3 96 28 26 40 44 78 56 92 55 93 91 68 32 81 5 33 45 3 45 84 91 41 22 41 93 88 18 77 18 71 97 39 33 86 75 68 1 11 27 65 73 47 14 97 33 88 20 16 18 58 13 39 83 32 66 45 92 4 25 34 63 57 98 62 29 52 76 99 70 37 60 15 76 4 55 88 37 88 22 29 47 42 73 58 67 17 4 10 21 4 10 84 47 8 27 99 84 80 61 27 0 2 17 9 17 97 46 1 59 28 82 69 95 87 49 92 16 44 15 88 12 79 13 97 22 31 58 20 91 53 14 62 14 26 95 53 7 80 4 79 52 72 78 40 19 90 13 47 6 73 79 35 88 53 27 28 43 74 32 59 2 44 31 38 77 7 23 21 47 11 59 24 79 24 17 10 94 6 89 81 88 77 4 79 93 79 54 84 78 34 22 89 88 23 28 69 60 55 59 58 64 70 56 18 9 37 3 54 93 20 81 71 87 3 34 47 36 68 83 62 32 50 66 86 82 93 65 59 76 94 97 76 7 67 28 2 86 38 76 18 72 11 77 80 2 48 13 72 41 60 51 10 53 6 70 30 3 43 54 70 45 22 27 26 16 40 49 0 25 68 4 80 50 87 78 62 74 15 45 23 63 24 77 96 60 67 69 0 0 63 56 76 58 85 75 98 22 89 81 23 18 13 60 25 68 16 2 51 15 56 74 5 43 91 60 7 50 72 
98 18 73 36 81 75 84 7 96 78 45 72 67 69 30 36 74 72 89 95 18 72 80 67 68 93 49 17 54 53 23 41 59 70 17 6 19 49 98 86 77 95 98 83 63 88 1 10 51 79 38 51 75 69 97 21 36 66 4 59 90 92 22 71 19 81 17 46 44 35 13 4 8 45 85 1 8 53 10 25 88 4 58 36 36 38 3 69 12 3 56 28 47 73 31 5 78 46 12 23 14 24 89 16 40 28 98 75 96 52 10 8 19 44 54 31 16 27 6 7 66 57 10 0 59 96 39 27 32 63 2 33 99 26 85 27 25 11 87 76 62 65 28 71 5 31 22 47 13 7 57 12 64 16 30 47 37 80 46 69 45 66 77 65 21 67 73 16 15 36 27 72 62 51 33 67 79 69 9 20 38 67 45 67 76 68 67 2 9 67 87 44 13 25 83 5 15 32 30 7 26 9 84 27 96 63 1 27 36 62 27 82 50 15 38 72 0 76 34 24 87 83 79 71 32 14 56 68 69 57 44 36 7 43 78 98 84 38 15 63 67 85 74 30 95 15 39 68 34 2 62 70 64 73 5 83 62 10 93 59 47 62 38 88 4 22 59 72 94 30 96 95 70 84 7 51 64 47 60 42 9 80 12 87 14 37 26 22 96 92 78 16 69 91 45 86 66 93 60 30 75 47 43 92 68 73 73 62 65 14 90 58 89 79 0 55 94 94 10 46 24 10 86 2 31 3 72 34 37 82 11 78 25 23 93 30 85 68 10 42 54 70 89 28 66 7 97 46 44 18 32 55 71 18 17 78 17 15 68 17 30 11 64 23 93 68 25 31 13 95 78 95 3 57 56 73 4 71 67 61 89 31 41 27 62 5 97 94 55 27 21 26 87 41 27 94 8 88 60 65 
40 9 98 57 37 68 68 92 27 53 99 31 63 14 92 84 83 95 3 36 25 27 90 1 18 4 99 53 48 37 21 75 54 37 46 25 54 18 8 30 95 99 37 76 88 31 49 98 56 20 78 80 56 23 16 59 98 0 4 19 43 87 77 54 43 8 89 22 43 9 97 42 32 62 48 53 98 34 50 43 68 75 48 97 90 6 38 27 66 64 23 76 35 4 36 0 59 26 84 0 73 59 35 28 94 98 61 37 47 95 73 81 70 65 65 51 20 93 8 45 64 5 28 0 18 98 13 31 54 59 46 8 58 77 89 68 37 99 92 40 34 69 2 80 80 27 42 6 55 16 20 66 95 99 78 0 31 7 29 3 45 78 48 85 68 55 7 19 18 92 80 31 7 1 98 18 17 3 11 51 85 63 36 49 31 26 30 8 66 17 47 50 82 97 17 3 81 73 74 48 19 75 89 72 97 91 93 57 93 1 31 37 84 38 96 38 40 34 91 18 27 1 40 90 46 26 10 27 31 31 50 35 29 50 44 26 54 87 62 32 92 7 51 40 7 36 13 49 58 11 62 88 38 18 15 15 86 14 35 16 29 48 66 73 65 86 57 78 5 92 17 92 94 35 42 36 89 35 43 15 85 12 34 37 35 86 25 27 13 49 95 90 70 97 67 29 45 58 95 78 30 64 16 95 11 75 37 94 52 1 77 75 57 94 56 10 38 67 98 76 74 82 14 66 0 70 97 51 51 44 55 1 21 45 20 48 87 81 19 10 99 87 51 86 2 89 68 13 15 50 29 22 79 11 41 87 10 79 47 0 98 90 20 56 91 0 0 32 34 13 37 74 78 96 11 74 88 93 65 53 82 7 26 3 39 26 84 93 44 24 45 43 66 46 31 5 94 9 98 9 
29 5 91 40 25 22 35 53 43 73 0 23 75 30 39 69 29 28 7 16 26 20 28 64 2 66 88 14 7 76 98 50 10 20 72 55 88 43 15 43 32 39 20 85 74 99 85 15 91 17 28 53 96 9 8 23 84 70 14 3 18 56 25 71 22 61 33 96 63 57 16 75 13 93 90 90 12 77 31 82 64 96 30 91 42 13 0 57 55 88 21 22 36 90 47 37 2 1 77 65 66 82 9 93 48 48 5 22 99 53 75 17 88 43 79 51 36 45 33 49 27 46 15 53 11 11 35 51 56 84 5 28 93 54 7 85 27 20 46 22 33 63 61 84 67 0 68 43 67 32 2 96 8 78 57 68 17 28 2 1 22 53 4 13 21 99 94 20 80 57 21 29 24 99 74 91 73 80 16 78 33 96 16 33 39 86 66 69 36 12 3 80 3 58 19 39 76 59 65 40 26 46 93 43 66 73 38 23 7 67 27 53 23 39 55 12 26 7 83 54 38 86 31 99 34 85 22 58 36 0 21 72 56 12 50 57 2 16 84 75 71 49 3 70 70 50 6 29 74 84 11 15 74 21 57 6 17 88 4 46 91 4 69 13 92 48 38 62 87 77 84 24 66 82 97 84 88 41 65 25 55 63 72 2 39 78 22 69 51 24 49 44 83 8 90 77 21 15 26 38 99 97 88 88 25 57 56 83 11 40 33 83 6 22 46 65 87 41 10 61 4 24 66 19 66 67 76 55 63 16 9 1 25 29 77 65 46 39 18 84 17 99 86 67 29 14 42 47 45 74 44 37 4 83 55 31 82 59 22 84 70 50 69 88 37 52 82 99 95 60 7 25 40 17 43 86 26 27 52 85 93 65 57 94 83 68 3 72 82 46 64 75 26 92 46 2 55 97 5 76 
98 88 12 49 55 87 93 91 63 85 99 78 59 53 52 75 37 84 59 95 37 77 47 20 47 15 41 40 15 79 86 94 53 31 5 17 90 49 68 46 74 48 92 18 87 31 42 36 94 39 59 12 33 88 91 23 49 67 42 93 37 35 42 65 54 60 53 27 57 99 39 28 90 11 98 29 37 47 14 41 82 41 30 97 37 67 87 65 12 28 96 77 53 21 97 43 95 24 13 66 12 53 86 56 6 75 42 60 18 33 61 35 94 6 24 20 65 90 68 73 85 50 71 76 48 13 46 94 35 3 64 51 31 78 30 30 56 12 76 90 20 41 50 73 52 81 86 12 49 84 41 83 78 88 65 31 52 6 30 97 30 81 79 93 38 64 63 58 99 26 3 23 16 42 58 23 49 20 80 66 5 30 87 12 36 99 60 13 14 50 92 41 72 14 18 64 37 17 88 29 95 61 20 96 95 98 65 62 10 13 97 68 97 32 62 19 72 11 32 18 31 47 53 93 49 25 68 68 84 98 46 11 72 28 50 36 95 51 62 49 53 85 18 0 2 74 25 44 25 56 82 43 13 50 5 65 49 76 5 34 47 22 52 78 22 76 1 68 70 34 78 16 68 31 15 74 50 0 49 4 38 66 97 39 58 3 47 81 28 61 63 85 83 91 63 56 69 25 47 10 54 98 84 44 42 17 82 25 82 69 9 94 85 12 62 90 72 66 55 78 2 17 31 73 90 23 11 76 70 63 10 76 33 81 93 56 58 45 42 89 95 94 21 18 37 68 13 9 17 86 78 35 91 79 28 79 85 27 31 18 11 50 74 73 74 41 20 56 2 20 1 58 59 75 79 29 1 76 45 31 0 32 36 8 48 21 87 78 69 95 35 7 17 78 80 74 56 24 94 57 
25 50 64 57 68 68 13 22 15 17 11 92 45 92 28 70 51 85 75 74 57 7 44 42 41 78 59 6 49 56 15 18 75 79 18 68 60 77 63 5 46 38 86 89 23 38 23 0 86 85 78 64 12 63 50 71 33 87 1 65 64 57 22 43 32 55 16 38 25 61 42 62 98 29 7 8 92 98 65 90 31 3 72 43 80 14 84 19 46 41 51 36 65 65 64 44 80 29 93 72 66 2 38 26 71 8 30 4 87 51 5 13 68 23 94 95 92 69 91 53 97 48 11 69 28 66 60 18 27 54 50 8 3 62 78 4 97 4 70 54 28 99 35 16 7 3 68 73 23 84 83 89 69 83 9 74 49 42 43 0 89 22 38 73 3 30 62 49 44 77 67 68 52 60 56 59 62 1 9 52 67 7 82 52 9 96 97 23 4 51 80 7 6 25 2 28 20 10 36 92 9 27 82 13 73 39 40 47 40 11 58 4 67 2 19 13 99 69 81 51 86 10 16 33 91 95 46 56 53 25 46 77 22 54 39 21 24 32 34 31 17 99 78 97 47 20 28 20 18 87 64 82 65 22 35 84 82 95 93 73 50 56 52 56 76 97 45 85 57 14 27 39 68 98 58 92 79 67 22 66 10 42 64 76 2 45 28 76 56 31 27 87 43 68 15 30 36 29 37 24 1 55 14 76 35 47 10 12 87 33 52 89 55 57 98 82 34 17 27 71 18 73 22 3 13 11 10 42 60 30 74 18 2 69 96 24 21 88 1 10 44 63 75 40 93 98 69 47 15 35 73 43 74 98 75 20 86 89 46 48 10 12 5 48 58 97 84 18 66 95 91 28 32 88 90 44 68 95 5 43 15 15 78 44 94 85 77 63 43 60 79 81 40 27 70 81 43 31 63 59 
7 85 65 44 24 26 6 43 20 17 60 7 20 57 29 0 49 84 70 54 76 35 32 52 76 26 0 85 87 46 89 69 78 74 31 26 37 47 66 20 57 36 40 2 32 16 23 89 6 45 58 43 30 9 42 17 41 3 84 21 64 44 61 43 16 82 84 4 5 40 96 35 84 28 13 52 34 66 60 62 3 57 70 10 27 67 16 12 91 16 65 44 0 39 84 57 21 64 17 36 78 49 53 97 71 36 72 46 57 1 83 16 3 44 54 57 9 13 35 82 9 26 48 38 2 4 5 64 94 82 74 42 86 38 75 25 55 77 29 95 51 70 8 26 74 2 85 86 66 34 91 50 53 68 24 48 58 95 77 27 97 30 58 4 79 23 6 79 73 0 23 11 47 5 60 80 12 27 64 61 36 76 43 21 6 12 46 81 40 56 27 22 64 9 97 32 84 39 93 36 59 27 50 30 89 25 71 43 49 54 78 4 74 33 31 6 20 96 53 5 68 82 24 6 89 87 8 30 48 43 61 15 47 46 32 85 73 40 76 89 81 52 8 33 16 22 32 97 44 62 78 16 46 27 44 74 70 3 35 96 65 11 10 80 36 55 74 3 11 8 24 40 68 65 25 95 46 11 98 30 92 55 9 7 26 89 2 70 65 99 9 60 10 71 10 40 57 80 51 73 59 74 66 32 38 33 22 67 31 88 88 22 13 58 61 61 40 61 55 51 36 53 87 41 11 71 8 14 76 90 49 9 29 6 31 72 52 4 87 48 25 97 35 64 87 54 3 27 40 18 34 16 42 14 16 24 40 46 90 2 20 89 84 25 78 55 19 16 0 61 59 38 23 97 78 29 95 66 30 79 91 22 75 9 7 66 1 20 89 86 85 81 53 81 33 93 44 95 37 32 
40 89 7 61 10 37 66 95 11 52 59 23 39 55 92 18 87 97 69 37 62 97 24 37 67 78 56 48 85 16 1 97 94 81 86 6 12 53 87 60 49 38 33 23 81 87 71 48 6 30 42 7 15 40 20 5 90 55 8 18 35 31 69 70 52 58 13 20 10 97 36 28 15 56 85 37 98 4 36 74 84 94 25 95 53 30 84 94 46 66 34 59 51 4 2 83 0 51 23 48 32 45 49 81 87 72 71 55 17 82 24 89 77 86 56 24 90 69 9 62 95 25 69 60 34 55 39 85 60 27 49 60 23 56 72 49 35 25 6 61 45 83 7 60 1 71 23 14 99 75 58 76 57 25 74 31 35 88 57 31 15 85 7 90 41 43 50 3 69 54 94 61 12 21 0 67 45 56 77 10 97 89 68 12 56 53 64 83 53 26 75 57 52 98 76 34 28 10 14 64 92 68 32 33 57 30 28 2 23 44 87 23 14 71 19 63 81 7 80 17 74 46 87 79 53 74 88 10 6 73 58 91 8 47 4 40 3 32 50 2 52 46 52 21 0 69 94 96 50 85 54 99 93 48 57 86 33 57 36 40 85 40 90 60 21 75 54 79 24 32 39 46 49 75 89 37 85 15 54 92 17 52 41 20 58 48 95 85 76 62 68 68 83 70 23 24 31 3 48 41 43 57 38 62 92 79 46 30 51 60 66 73 64 16 85 69 65 81 46 21 26 7 92 32 6 9 77 77 74 20 81 74 28 89 32 87 63 46 54 20 57 77 71 45 13 81 60 61 94 5 32 89 31 78 2 70 41 23 79 30 82 55 63 94 99 94 81 68 40 96 74 24 15 94 48 19 74 59 55 72 69 30 85 93 67 32 53 77 56 65 65 68 55 66 70 42 92 57 16 33 
33 88 53 84 85 55 90 56 1 97 57 42 2 53 73 81 15 97 91 46 3 39 45 57 89 85 64 53 24 86 9 87 21 51 0 43 75 92 89 59 37 76 8 36 17 54 39 82 13 1 48 96 46 36 0 72 17 50 98 92 61 5 45 12 44 49 10 30 45 56 84 76 30 20 72 17 91 5 67 35 6 79 85 39 69 69 89 33 97 95 51 81 52 62 8 7 77 18 40 75 99 53 84 68 91 81 6 42 10 93 50 88 35 0 86 19 4 71 74 41 94 66 88 78 61 20 30 5 62 94 65 69 61 73 8 6 66 55 26 25 47 27 20 6 70 36 90 41 63 24 27 7 33 69 40 63 1 32 9 28 2 53 90 29 35 29 13 6 62 69 31 48 59 4 48 60 53 63 62 68 42 32 29 83 8 21 53 79 2 70 92 3 37 38 75 33 41 48 34 28 24 56 54 51 12 38 83 2 18 61 90 29 53 21 64 6 9 37 99 29 42 58 61 39 72 62 67 23 16 52 8 13 90 84 78 36 96 61 44 29 39 78 52 10 57 34 59 51 95 7 79 16 12 76 40 18 73 77 11 35 78 75 50 44 1 93 80 65 42 31 60 80 83 97 19 29 28 34 15 10 85 85 13 97 23 19 63 6 77 35 2 99 92 74 49 17 97 91 91 65 1 54 66 75 49 43 17 30 60 38 39 84 5 32 12 98 33 73 99 11 84 27 65 73 11 61 97 37 14 89 72 89 7 59 39 79 7 72 99 51 59 50 48 83 74 44 81 67 49 76 31 84 95 79 43 45 98 32 65 91 25 1 3 84 7 58 95 99 88 80 36 94 47 93 30 34 12 21 43 82 27 16 8 25 72 85 41 61 32 3 30 76 96 13 55 58 65 87 89 23 
56 30 29 23 30 9 16 38 3 98 51 53 71 39 97 42 17 14 87 99 47 41 39 30 97 10 57 52 61 30 21 15 43 24 1 24 30 28 74 9 31 17 12 11 1 40 28 56 88 66 32 30 18 71 85 75 26 52 96 60 55 62 97 52 77 64 65 19 82 99 17 70 48 16 59 89 89 70 77 98 51 48 17 19 40 69 99 7 85 98 17 81 59 76 26 21 86 91 56 19 38 58 97 94 34 76 48 41 51 98 61 12 33 2 9 61 23 95 54 36 5 78 19 32 65 52 99 23 99 17 39 1 66 25 73 27 6 45 90 57 23 48 4 54 25 38 96 76 94 1 94 48 50 26 95 67 49 22 6 32 6 53 30 32 50 12 10 95 74 74 22 49 53 28 69 57 89 5 28 17 25 18 74 42 47 11 60 61 36 38 15 74 0 17 72 44 54 10 15 38 19 53 7 24 42 1 61 64 48 55 75 58 8 36 87 63 94 41 87 54 64 7 35 81 74 27 98 29 94 68 37 34 86 4 62 22 68 49 91 68 26 75 97 78 15 97 0 30 18 55 8 15 90 87 82 31 14 40 99 8 98 90 64 81 17 56 62 39 28 6 12 32 11 23 15 6 67 94 90 43 11 3 74 7 83 88 11 14 10 48 56 96 82 28 23 15 22 5 8 4 3 29 52 4 27 93 5 76 66 42 72 46 33 99 66 18 65 11 87 34 84 15 40 38 39 22 18 54 43 86 24 36 87 26 42 40 58 14 34 75 33 75 35 96 40 28 51 1 38 40 13 65 22 36 80 36 11 67 27 92 54 37 21 51 22 57 90 77 24 22 59 23 37 47 78 60 25 78 22 71 53 46 66 37 75 17 95 24 59 44 31 37 26 96 71 62 35 37 13 94 
46 53 95 69 60 63 70 83 6 77 62 0 9 86 33 49 62 60 30 98 92 85 25 71 98 8 40 72 65 67 67 16 6 47 15 20 36 19 91 87 40 48 80 61 56 5 39 50 33 74 85 12 0 10 71 24 76 17 9 17 6 35 79 77 85 11 14 80 11 27 24 10 48 60 8 17 61 1 52 63 3 3 19 84 89 27 9 71 95 43 25 57 29 81 54 95 36 94 45 46 87 87 98 64 12 46 97 60 68 22 11 60 88 62 45 62 46 27 20 65 55 33 86 85 22 65 36 62 1 44 88 77 39 50 44 71 22 43 96 10 41 74 65 90 0 69 38 48 78 92 24 33 60 49 84 16 21 66 75 12 98 81 42 29 98 57 39 5 56 26 8 52 24 11 33 43 19 10 27 80 3 84 48 19 74 45 68 99 14 54 66 63 37 93 31 18 74 0 62 10 36 38 26 61 13 47 48 25 57 42 68 21 56 24 60 75 98 86 10 5 69 79 7 43 96 71 9 53 62 91 2 44 5 58 1 10 16 40 77 88 91 93 68 96 89 84 38 34 94 68 73 6 70 14 71 54 18 12 77 42 34 62 23 81 46 71 42 97 25 43 97 55 63 58 31 24 2 55 63 71 27 94 77 98 18 19 5 14 79 80 70 15 18 96 28 68 5 97 48 53 49 55 27 34 50 39 18 53 43 82 26 74 93 2 68 74 59 73 98 18 19 43 6 70 86 35 26 30 61 24 40 99 42 2 24 41 57 70 77 91 44 98 25 8 85 66 12 21 58 42 77 39 46 5 65 94 26 1 36 74 90 80 2 85 77 90 56 73 58 92 47 43 53 53 96 84 65 31 1 19 96 76 79 60 0 73 16 7 10 39 83 48 4 92 69 26 11 16 26 1 
59 13 29 40 62 83 20 90 91 77 20 13 67 16 47 77 17 93 19 22 27 12 66 80 75 62 2 26 10 60 15 77 62 45 74 43 20 14 49 27 22 87 8 74 85 18 98 62 69 11 89 46 43 6 58 43 47 56 88 90 28 26 78 30 73 71 31 38 85 25 10 6 13 51 62 66 40 93 24 4 24 44 34 80 11 23 6 20 92 78 36 13 67 65 8 3 27 9 36 11 67 75 4 83 22 55 38 54 78 75 88 98 86 43 56 22 32 88 99 76 83 74 77 55 77 87 77 80 23 13 80 6 24 17 38 27 72 96 47 89 54 46 63 85 19 2 5 30 20 45 97 45 90 19 72 32 89 18 24 57 63 44 15 93 30 55 61 49 15 34 26 91 76 11 96 83 60 79 97 92 77 54 3 85 82 28 1 97 87 7 65 79 46 26 51 10 75 76 28 73 3 5 66 72 99 26 40 26 3 35 69 54 13 35 26 56 32 86 35 89 99 54 61 97 36 26 17 48 97 26 4 35 24 9 20 37 29 3 22 22 50 6 80 94 94 87 49 32 38 81 71 13 73 78 8 12 97 10 72 68 83 31 93 84 94 85 28 90 21 37 11 25 27 24 16 83 31 35 65 35 2 69 28 36 69 21 77 63 25 84 25 53 4 76 70 75 29 10 89 57 43 46 83 33 64 97 18 86 84 55 69 61 91 77 83 82 31 73 49 42 48 85 19 83 78 29 56 13 45 28 23 32 48 32 53 57 24 32 52 98 65 75 2 16 32 3 71 75 87 83 7 45 27 93 44 67 72 46 42 12 90 55 47 66 34 84 77 86 30 43 42 39 30 43 44 58 27 13 17 32 77 15 48 17 20 19 20 72 38 35 61 98 44 42 29 7 86 45 53 19 
76 76 68 93 55 26 78 18 71 44 68 96 93 56 72 81 20 81 25 66 72 55 20 43 20 79 64 32 36 45 86 0 21 15 0 41 64 50 69 5 92 68 34 8 76 12 54 37 52 65 20 37 58 91 68 30 60 20 69 8 33 98 55 86 21 50 69 54 61 85 48 6 50 28 76 34 44 41 74 98 2 92 67 42 24 43 25 83 78 62 56 35 3 42 78 11 32 4 25 33 2 28 24 89 5 70 48 4 39 88 57 51 64 90 46 96 51 99 86 42 80 69 19 74 96 95 47 54 42 72 12 41 23 58 48 98 17 76 30 10 79 85 67 32 20 87 61 75 33 99 55 92 76 41 21 44 2 33 99 4 71 15 32 70 45 77 9 22 42 99 89 34 34 84 40 22 28 14 75 84 79 70 42 91 73 81 72 29 3 86 74 99 71 37 38 36 34 39 2 28 72 27 86 26 86 89 86 76 71 41 40 90 18 93 64 50 42 62 45 74 85 1 51 50 63 6 49 56 7 17 68 29 28 52 37 94 5 23 28 98 32 6 33 86 88 68 12 50 57 96 35 82 62 77 54 49 61 61 2 37 33 71 51 79 96 33 49 72 6 99 88 69 65 82 90 62 83 15 51 21 21 95 95 57 89 3 49 33 50 48 28 15 58 81 34 16 65 72 18 26 53 13 34 80 17 48 66 36 73 6 88 38 70 75 0 24 70 87 34 49 79 77 45 23 80 47 46 20 56 67 69 15 26 49 39 35 36 54 78 19 48 68 69 86 40 56 19 10 29 52 57 89 26 65 97 52 46 20 86 13 15 91 82 28 57 10 19 14 2 14 33 20 47 15 14 28 31 25 43 63 2 84 35 58 41 64 21 58 16 73 95 65 64 47 56 44 54 54 29 46 
27 18 60 38 85 45 85 72 43 43 53 31 9 45 59 39 67 61 41 57 69 34 88 92 17 85 88 43 81 55 30 34 91 20 78 5 36 75 15 38 8 70 21 55 18 88 30 56 15 86 40 58 31 47 54 84 88 47 61 29 78 46 25 27 71 48 68 78 15 13 83 59 58 74 78 38 13 89 56 50 63 29 23 68 45 76 21 47 60 19 84 35 73 7 59 19 41 0 30 76 22 82 2 10 90 87 45 76 94 72 80 36 86 91 89 20 35 40 60 60 77 19 57 56 38 42 16 16 78 75 23 15 73 95 99 11 98 48 97 62 10 49 27 10 92 72 91 41 41 13 48 52 19 3 67 48 98 38 87 2 23 76 32 35 0 17 68 63 43 66 71 83 91 19 56 76 53 12 9 23 51 49 36 26 62 33 62 96 23 5 37 71 14 40 28 9 48 98 49 9 22 17 58 88 19 67 40 19 45 82 10 14 6 61 49 66 50 36 47 11 3 5 73 65 25 47 44 0 47 42 55 69 58 49 75 19 20 33 19 2 36 95 22 31 88 80 86 0 91 79 50 1 40 87 75 0 58 5 99 4 42 75 70 12 74 46 62 46 40 41 44 66 98 63 94 45 38 56 88 33 93 95 90 3 20 50 65 6 19 65 42 6 93 40 89 49 32 27 50 73 73 35 39 94 99 38 2 92 5 59 34 48 96 92 8 44 9 84 69 25 7 12 8 25 45 32 45 36 19 18 59 22 93 46 70 18 43 40 77 5 55 14 45 10 72 9 40 84 93 95 55 40 57 35 90 5 52 4 13 42 54 77 2 51 27 60 42 10 63 25 40 39 74 65 85 21 94 60 73 44 39 12 68 52 39 24 72 51 24 92 42 78 63 33 83 79 46 79 69 27 
57 52 71 82 24 72 53 72 96 91 91 3 91 83 24 0 16 39 97 98 83 51 87 68 61 21 94 15 8 60 3 64 58 50 73 83 87 55 94 88 47 55 67 37 17 40 46 72 52 14 62 6 35 91 45 80 36 75 17 2 52 82 72 97 99 87 74 17 93 13 23 79 52 4 61 18 92 3 98 32 79 15 22 68 67 42 88 31 72 69 63 4 62 7 79 15 38 63 59 88 20 71 65 64 42 30 92 11 15 79 54 57 93 12 94 35 15 53 91 76 17 44 62 21 10 85 96 81 9 86 4 97 63 37 19 39 16 93 41 43 95 29 23 2 55 47 46 19 99 92 7 20 55 12 70 42 80 53 76 39 71 95 72 3 30 7 22 48 40 56 39 3 25 97 96 0 91 28 73 97 18 83 95 78 67 89 1 54 41 99 7 46 15 3 56 62 49 97 90 12 77 20 79 6 13 51 63 94 62 69 59 35 90 98 88 74 31 27 56 38 7 67 20 1 71 26 67 90 60 6 38 95 91 21 45 32 83 43 24 72 92 88 49 68 46 68 93 80 28 45 34 68 11 53 20 80 26 80 78 68 19 92 31 39 9 99 72 53 44 44 24 2 74 3 75 85 71 6 91 13 3 36 48 14 2 4 18 75 40 89 85 99 66 93 0 34 93 62 28 70 82 48 11 97 94 4 60 8 23 80 70 64 30 60 77 44 74 57 67 51 1 40 71 20 21 6 22 79 2 57 98 78 2 33 40 44 78 16 85 52 51 46 25 41 55 49 19 48 8 32 26 23 97 63 80 25 57 10 80 19 96 65 62 1 25 96 8 47 76 34 89 61 83 76 92 25 84 35 98 48 97 73 65 80 48 88 13 41 56 75 95 8 32 75 87 60 86 89 86 19 
78 92 1 72 96 65 17 47 91 89 95 96 20 72 21 56 75 48 94 17 23 19 66 48 32 4 34 66 36 83 19 14 35 24 41 20 48 26 13 11 51 53 14 98 0 12 12 34 28 47 38 3 7 15 30 51 53 47 19 95 9 3 58 39 99 35 84 97 48 59 75 1 32 1 18 64 79 26 26 35 24 24 50 38 74 59 99 40 15 31 49 15 88 94 64 71 17 33 66 60 21 52 32 82 74 14 92 26 16 2 58 33 79 56 94 94 6 63 24 83 39 87 88 27 69 86 69 4 75 62 45 60 6 77 59 93 12 7 79 78 15 80 13 39 78 56 21 36 33 27 34 28 11 16 25 55 67 27 80 41 52 38 34 9 90 93 2 87 48 34 48 46 32 56 2 45 99 6 43 54 37 34 92 64 81 90 8 53 80 23 78 31 64 44 76 48 79 14 13 27 17 17 22 13 3 73 42 92 56 58 29 7 77 61 7 62 67 49 4 3 83 64 86 65 55 33 64 44 92 38 22 89 20 13 82 60 48 33 93 59 28 2 71 72 65 64 62 2 87 68 42 16 73 92 65 15 70 97 21 61 65 50 30 57 19 54 36 93 3 22 54 74 90 28 16 31 29 23 10 8 52 65 5 65 24 37 18 65 87 96 25 24 14 58 12 32 15 36 79 82 84 13 98 41 56 34 5 55 41 70 15 21 46 18 2 80 29 16 58 40 47 26 76 51 7 17 17 21 68 95 32 59 91 98 72 45 33 82 69 9 29 88 80 21 12 52 65 91 28 28 32 47 94 86 36 25 60 41 72 81 11 2 6 47 41 56 97 46 29 41 29 56 65 19 50 66 64 19 85 22 45 67 1 70 1 14 50 87 69 60 71 74 70 30 34 2 96 53 36 50 
84 14 96 52 37 17 40 30 45 14 6 55 53 71 29 70 74 48 65 7 82 59 86 14 71 59 11 36 69 7 58 7 38 79 39 49 17 63 11 28 99 99 2 4 70 37 91 54 19 97 38 52 63 10 98 21 40 69 18 62 93 91 38 48 27 10 86 92 93 84 62 21 2 40 98 77 2 13 64 6 74 40 64 14 20 68 91 29 71 76 95 83 74 29 29 14 91 88 20 56 34 34 98 15 26 38 17 40 67 35 71 23 41 27 85 82 50 47 92 48 18 35 41 99 42 64 87 19 98 65 14 9 58 83 66 60 80 65 64 59 67 54 73 12 23 8 37 71 27 73 70 37 39 36 76 3 72 98 43 65 48 25 67 48 30 20 23 20 34 65 42 58 85 48 37 93 88 72 81 61 45 67 64 29 89 5 46 85 87 77 38 24 78 27 68 0 3 89 61 66 93 45 41 55 53 43 8 95 67 11 69 57 74 29 23 3 20 71 20 96 97 42 83 83 86 29 96 17 39 86 83 18 30 91 73 0 86 52 2 28 62 53 8 58 40 50 38 51 88 2 25 13 89 49 99 6 37 61 88 80 20 95 66 4 43 85 47 68 82 11 74 79 4 62 63 96 13 40 70 6 9 65 11 78 35 42 13 1 96 56 72 32 77 51 93 1 70 48 91 64 20 71 25 77 89 37 89 92 15 61 59 50 35 1 86 90 23 16 94 57 57 82 31 45 86 43 21 60 77 35 24 87 60 74 58 68 13 83 35 65 49 30 12 42 82 19 15 14 89 89 18 72 86 78 42 52 42 15 49 45 30 12 91 29 82 78 86 71 5 8 4 63 67 47 18 83 34 29 54 41 17 31 32 25 42 86 36 12 23 27 82 33 60 37 91 46 79 64 28 54 
91 88 57 59 69 36 0 23 35 47 50 23 75 63 60 1 17 52 38 13 20 63 32 74 98 80 17 55 89 32 45 26 64 71 46 55 7 37 59 21 70 59 71 72 48 96 36 2 38 57 27 7 41 22 86 39 6 43 53 35 73 98 5 10 16 4 14 86 77 13 34 13 13 51 15 1 98 92 93 71 63 85 8 39 10 62 73 33 15 98 2 22 3 37 83 7 40 9 94 73 63 45 74 84 45 17 64 77 74 65 46 33 83 24 76 80 31 89 24 14 17 23 97 21 36 74 59 27 22 8 41 6 93 33 67 93 75 15 94 32 73 53 80 87 18 65 84 35 93 64 84 45 72 96 57 59 74 53 58 28 52 25 72 32 15 33 40 44 13 9 6 27 73 10 54 13 92 2 8 62 66 34 32 7 72 67 26 60 71 6 44 78 84 58 90 95 22 53 65 90 1 69 87 17 4 8 70 99 57 33 15 23 3 1 29 86 9 86 10 77 97 53 52 55 40 38 92 0 92 84 83 90 78 98 54 82 40 13 69 18 2 23 62 34 73 19 34 53 71 42 99 89 2 30 95 85 3 0 97 14 50 7 14 84 83 67 79 3 75 4 30 45 41 43 96 9 58 93 56 49 83 94 9 4 21 28 93 3 25 49 82 97 73 58 14 25 90 21 21 83 84 48 45 9 59 67 26 58 92 19 3 68 63 72 49 27 2 24 69 90 21 93 15 6 15 89 81 7 2 72 1 90 55 66 76 76 9 69 11 17 89 41 62 9 0 38 82 21 76 18 23 37 77 44 87 92 18 72 90 5 55 72 62 20 64 98 24 64 1 98 8 16 47 27 26 52 79 93 66 78 25 90 64 48 72 82 79 31 37 66 19 36 17 36 73 62 62 39 72 97 
20 2 25 17 12 28 94 58 18 9 10 86 44 80 72 71 54 58 98 0 75 21 88 66 56 58 22 35 23 35 66 77 11 33 97 40 14 85 75 58 35 26 52 62 13 43 70 99 67 93 41 66 86 31 95 2 72 92 92 52 99 52 34 90 53 47 84 99 96 22 48 36 45 56 20 81 56 88 19 71 92 43 28 57 73 17 37 65 97 71 23 52 24 43 9 28 89 35 68 8 18 87 38 85 95 42 66 16 86 79 90 68 71 4 38 1 84 19 24 17 64 22 76 7 83 16 63 93 65 26 54 2 88 76 73 40 35 5 61 34 93 0 92 53 13 36 3 83 55 60 76 4 99 19 75 45 8 95 11 39 20 85 9 18 66 40 56 49 76 29 41 95 18 51 77 62 94 74 52 82 34 86 13 46 67 28 27 95 15 60 74 93 98 13 51 83 56 21 32 40 30 70 27 55 17 55 36 79 23 87 1 11 85 95 34 41 29 95 69 40 37 42 47 60 71 81 60 85 82 73 84 18 9 56 67 67 31 90 33 1 2 47 57 37 56 4 75 99 11 26 93 64 16 94 99 91 79 64 5 44 48 9 5 98 21 82 64 74 78 14 78 67 41 98 49 92 75 85 17 44 75 38 81 76 86 20 74 82 26 5 78 5 75 92 26 77 42 45 47 52 32 76 80 29 42 52 68 72 55 61 80 42 75 14 8 15 53 80 55 73 16 85 30 43 65 76 88 90 48 49 35 70 7 79 98 48 75 57 91 30 54 78 23 3 5 76 36 13 15 18 66 49 85 20 70 26 3 27 38 57 75 34 37 91 41 77 22 66 75 64 22 49 50 30 79 19 52 78 22 31 11 97 40 41 69 66 93 19 90 70 29 6 99 72 20 71 17 44 56 70 
78 62 88 73 33 70 91 88 40 49 77 24 68 3 81 57 1 42 24 13 8 49 25 78 57 42 41 99 66 73 77 21 47 43 5 43 13 66 40 60 52 17 70 76 92 38 36 82 47 78 6 28 23 28 61 24 51 94 48 89 6 48 32 97 20 35 83 26 76 41 81 22 46 82 60 32 6 95 26 83 5 68 80 13 13 23 78 72 19 42 12 84 64 33 15 17 92 33 51 50 96 73 47 79 73 79 0 67 14 81 11 32 41 13 70 43 12 1 27 99 59 43 97 85 88 16 87 46 59 43 4 72 60 88 6 42 81 50 29 81 4 30 26 86 17 13 63 22 95 19 33 24 9 53 89 62 6 36 22 27 86 63 16 11 71 39 1 71 22 1 80 70 12 56 11 44 27 75 31 51 58 21 59 43 31 99 65 6 94 54 0 48 99 38 27 79 15 26 21 2 45 77 9 27 90 96 19 46 69 41 44 88 77 67 46 33 59 47 60 74 48 82 5 41 27 8 98 52 59 5 89 16 64 30 95 3 6 74 6 85 66 89 55 24 44 41 38 81 56 59 32 80 73 88 32 51 94 89 81 99 87 84 38 40 24 7 75 78 9 30 67 24 45 0 15 8 67 42 90 51 86 76 61 70 95 88 13 33 61 96 19 51 63 58 75 10 74 66 76 29 29 28 7 75 32 26 58 86 2 28 95 87 9 2 24 52 87 90 93 19 50 82 76 33 3 8 49 11 88 29 51 59 83 83 73 63 82 54 80 97 89 5 20 10 21 12 49 25 6 85 20 58 18 3 78 68 3 2 80 2 79 93 7 33 68 64 50 18 51 10 34 10 16 66 42 87 46 88 23 17 86 50 81 37 54 51 6 0 44 96 31 87 56 54 45 77 26 59 97 23 
27 20 64 19 19 94 8 63 12 44 59 20 17 53 9 24 13 90 31 77 84 62 70 51 94 11 57 13 23 76 83 99 66 81 1 82 19 23 43 25 75 65 24 86 65 78 39 0 78 83 15 68 36 27 10 89 64 38 86 57 65 11 48 16 85 93 37 87 82 39 42 9 91 75 79 28 84 28 84 56 39 68 10 40 25 72 99 73 76 37 72 19 46 43 39 53 2 60 90 44 93 83 78 91 84 30 7 90 41 28 63 92 79 47 29 21 93 65 28 88 33 89 12 73 41 41 13 2 2 22 94 31 53 15 95 64 75 57 49 38 15 91 33 57 46 29 4 68 98 58 98 29 7 38 90 18 74 93 33 0 2 54 81 84 40 15 12 27 50 57 69 6 8 11 30 9 91 26 94 96 78 91 13 4 98 0 18 83 48 71 68 94 48 37 72 1 20 15 90 96 94 31 22 17 99 72 93 87 28 17 48 17 23 23 88 65 10 62 26 91 89 3 97 76 90 87 74 40 40 34 92 60 60 81 52 96 84 80 70 68 4 56 69 8 36 68 7 77 11 46 9 62 64 37 5 51 6 88 93 92 96 13 63 90 31 15 1 22 7 89 83 50 68 61 58 68 36 24 67 79 1 10 81 72 29 36 16 34 10 64 50 70 95 76 82 98 90 11 90 39 64 45 93 68 26 57 66 93 61 76 36 28 76 51 46 66 16 89 97 17 12 38 31 85 67 71 38 45 51 15 42 19 63 74 39 38 91 36 6 43 94 96 89 50 36 33 70 43 78 68 52 41 54 7 40 77 87 94 95 66 29 76 95 95 65 29 63 21 7 29 46 71 67 43 43 59 45 23 70 4 13 33 67 21 15 35 76 79 11 96 88 45 3 50 49 30 40 9 49 24 
15 70 77 56 64 31 22 75 32 63 61 71 70 95 91 53 99 58 92 85 15 51 93 74 51 25 93 13 81 72 22 96 89 61 84 75 49 54 21 29 55 23 40 66 82 88 91 73 82 12 68 86 19 49 32 90 52 93 43 94 93 92 82 31 34 39 6 31 35 65 48 33 12 16 70 5 59 62 65 2 36 4 39 99 64 35 26 12 14 49 34 19 62 66 68 71 91 84 8 56 52 68 80 7 25 90 65 62 99 90 25 67 65 80 29 38 0 72 78 33 13 63 95 96 26 6 93 0 63 72 45 78 77 54 37 51 56 61 65 43 44 64 88 77 73 86 60 42 64 78 58 92 90 65 45 59 71 84 44 80 85 86 62 50 38 1 78 46 92 48 3 48 24 59 78 83 64 7 1 47 77 91 14 5 19 64 93 38 99 51 82 85 63 44 30 91 44 3 40 80 24 44 31 3 13 77 94 13 38 26 87 18 69 32 67 36 37 99 38 60 56 49 78 70 28 68 75 9 53 81 94 87 6 41 28 66 69 32 41 11 64 37 71 46 58 81 45 58 16 84 41 10 80 40 5 96 48 83 14 45 7 35 57 13 61 35 31 84 99 97 98 62 72 98 36 51 74 66 51 22 61 65 46 3 50 37 83 74 22 17 21 66 92 56 84 49 41 26 67 6 59 96 86 97 64 39 16 82 67 71 94 24 6 27 60 15 30 8 99 88 48 33 32 68 18 54 40 64 62 18 85 3 21 37 32 60 34 58 71 46 31 63 57 41 53 58 12 83 32 4 54 6 57 33 98 8 36 91 61 5 12 46 60 43 73 51 5 36 16 91 54 83 80 99 65 56 36 14 21 5 84 35 83 69 78 19 68 37 50 48 58 64 71 55 25 23 15 56 81 60 
0 44 73 25 41 23 49 1 21 90 32 44 98 91 35 64 5 68 14 35 11 97 84 9 23 25 68 1 35 86 7 72 20 59 95 33 90 95 82 53 39 16 12 85 34 53 93 60 99 88 95 10 21 58 62 89 16 68 68 95 65 66 7 97 31 14 9 63 51 99 8 63 53 58 86 14 32 21 54 0 52 58 63 31 31 39 93 31 63 3 98 89 89 3 46 65 61 91 94 29 68 34 82 31 61 53 69 74 17 47 49 4 25 64 95 97 37 3 84 71 42 20 49 54 40 95 28 91 65 7 91 45 29 90 96 33 58 41 70 5 63 2 24 40 72 56 23 1 24 63 16 94 99 41 74 30 96 56 33 60 37 49 60 50 74 41 88 26 36 30 17 76 91 79 24 21 50 91 38 94 86 55 45 91 8 95 16 13 90 56 11 10 32 11 52 12 91 48 95 73 91 67 97 82 6 58 39 70 84 29 21 60 68 99 98 2 83 46 40 32 67 81 57 52 70 51 11 60 17 58 4 87 47 33 23 79 94 35 33 87 93 98 43 7 34 71 11 76 94 94 70 6 85 7 37 43 72 34 6 53 70 41 69 23 60 48 30 20 25 62 45 52 28 97 1 76 61 62 29 76 19 42 21 19 26 64 59 49 24 60 25 8 51 47 54 49 91 68 43 52 50 79 84 90 11 28 47 98 39 21 68 74 61 31 29 16 45 31 5 89 11 65 51 39 81 85 64 9 90 49 81 83 0 73 70 5 93 29 24 69 45 80 19 55 59 6 24 67 86 75 96 16 17 56 57 56 22 15 43 60 82 54 49 50 29 57 94 7 22 41 33 10 4 95 15 14 19 76 91 75 36 85 31 68 59 11 71 63 92 17 10 73 20 81 79 16 32 63 24 90 
82 7 33 40 87 2 96 59 8 28 9 33 37 1 11 60 51 40 12 54 53 23 26 24 22 64 94 41 89 39 33 57 52 45 4 35 81 96 73 42 62 45 76 99 44 83 15 84 75 60 60 91 19 52 22 6 74 72 39 13 64 57 37 57 51 37 56 72 60 91 34 60 17 50 84 92 93 10 93 77 9 23 48 29 85 45 7 22 90 49 49 81 69 72 23 17 52 5 15 17 43 49 8 20 37 36 14 89 4 83 37 22 99 84 68 85 63 26 96 52 24 70 53 20 64 61 88 5 36 71 69 69 98 59 95 79 54 31 74 33 45 23 16 11 92 5 71 66 77 75 10 89 86 49 2 71 57 20 67 73 15 28 31 17 9 57 38 32 69 67 91 60 1 67 34 16 27 76 94 80 71 24 13 36 94 36 37 32 76 33 37 82 29 7 69 15 44 2 86 87 76 12 53 66 70 42 38 22 82 66 36 91 69 56 40 9 27 84 57 34 62 68 50 3 55 42 74 10 51 8 31 68 4 37 74 44 69 95 17 57 32 7 86 32 43 77 3 1 61 49 19 30 1 48 97 52 99 35 62 79 94 37 35 40 82 83 84 81 62 89 66 23 49 71 20 22 85 13 20 14 8 90 3 38 2 47 42 94 35 91 11 56 53 42 5 46 36 30 11 25 62 77 22 42 41 65 41 82 31 73 80 3 12 5 12 73 86 95 95 32 1 54 46 44 92 59 51 74 60 22 4 85 31 31 93 41 44 34 9 55 1 88 86 25 13 24 43 71 87 73 65 86 3 36 94 32 55 79 94 93 44 79 2 68 47 43 62 60 62 59 73 17 0 44 76 86 87 16 79 73 59 48 43 53 7 16 65 78 3 48 61 46 46 52 6 38 37 25 89 84 
99 21 77 36 42 75 62 5 74 21 65 38 5 10 54 4 19 51 27 97 10 60 17 89 21 67 68 56 76 4 71 12 56 43 16 77 64 74 1 42 79 47 0 58 4 65 69 95 6 26 9 1 38 0 73 90 25 50 67 13 90 70 16 17 99 80 15 31 83 17 21 6 72 69 73 89 94 42 30 55 68 99 95 95 89 4 42 30 46 62 72 89 18 89 99 85 29 91 18 50 93 0 89 80 58 72 36 76 86 53 53 58 69 66 60 14 25 63 47 32 67 70 10 0 84 86 45 14 79 73 27 19 80 39 82 28 74 40 24 30 44 66 95 59 9 57 1 18 12 19 85 65 10 12 66 83 24 72 77 48 43 58 41 45 3 37 51 91 18 25 34 88 16 69 56 23 84 6 41 68 76 34 60 8 26 58 12 41 94 45 0 5 87 82 6 64 10 83 21 56 60 87 85 81 62 1 71 60 22 51 29 78 84 57 83 53 96 17 15 71 30 19 22 19 5 85 35 12 92 53 87 19 99 50 90 5 26 87 21 89 55 66 32 31 88 92 39 4 70 37 31 96 48 31 58 34 27 74 91 82 95 43 90 89 30 13 80 12 36 76 94 78 39 91 47 32 24 59 19 10 29 30 5 68 52 5 33 36 44 94 31 61 10 1 42 21 87 9 48 55 64 97 12 4 70 12 94 55 40 2 24 94 85 48 41 3 90 17 42 27 48 93 2 2 45 62 62 79 33 74 45 77 39 73 82 90 73 40 12 59 68 80 61 97 87 14 34 74 94 27 58 50 30 91 77 80 24 48 46 40 28 16 9 19 63 75 74 1 70 98 2 41 92 42 11 65 9 17 69 20 13 86 92 30 16 8 15 71 51 65 28 58 32 75 1 79 93 94 73 83 
87 39 55 51 72 24 93 28 97 53 54 5 41 95 29 98 61 67 5 75 51 42 13 68 41 30 47 55 34 43 34 26 42 91 52 8 24 78 41 90 25 86 55 90 60 42 64 2 85 30 87 21 22 26 56 79 79 67 55 39 4 86 53 66 25 50 96 85 41 80 52 65 71 16 31 62 28 71 98 30 77 59 96 0 21 87 43 81 2 68 60 13 9 75 4 45 22 11 52 24 33 89 40 19 73 46 60 69 91 74 3 87 55 91 57 64 81 75 38 73 2 89 91 59 64 13 29 93 87 47 72 88 25 18 21 23 37 50 15 92 40 66 62 52 36 26 49 62 20 99 46 35 67 56 96 52 36 94 12 41 35 95 99 5 62 71 86 94 70 38 23 66 50 80 96 82 40 39 13 1 4 19 79 92 86 96 50 61 75 60 82 6 18 60 1 0 98 64 68 63 40 23 73 95 11 40 36 47 16 72 44 17 79 15 88 43 45 40 49 85 12 76 71 11 84 57 35 56 7 5 71 2 19 20 4 72 30 18 19 29 78 39 63 75 47 19 66 37 30 57 82 48 95 57 86 28 81 33 85 85 12 54 10 32 7 51 21 87 27 42 88 20 8 21 14 70 50 50 48 28 91 83 65 39 52 77 7 37 57 3 22 59 16 54 5 47 40 2 79 27 42 56 96 90 84 37 64 86 86 81 39 90 46 94 97 40 63 22 60 31 56 24 43 83 5 74 49 25 82 35 27 69 91 95 67 21 20 45 6 76 98 72 22 66 45 65 7 62 20 38 2 17 58 84 4 85 82 66 46 86 1 75 5 55 10 12 68 8 27 68 55 15 46 67 54 85 2 10 78 74 67 19 72 8 7 79 12 23 63 34 3 25 93 57 76 88 19 47 71 88 
80 1 84 75 6 66 95 50 32 47 87 46 96 82 48 66 11 69 39 83 84 69 5 54 91 48 25 32 15 92 58 44 89 9 92 24 34 52 48 41 47 61 66 37 15 62 78 98 47 89 42 12 25 53 7 25 53 51 99 12 48 58 82 72 29 28 64 23 6 99 25 87 91 8 70 71 13 17 23 17 53 77 73 55 18 80 42 39 76 44 31 15 47 47 74 77 40 93 15 95 42 97 12 91 43 15 79 33 96 53 47 89 71 35 71 46 43 35 46 39 21 1 80 58 61 41 36 78 94 82 78 25 82 23 30 69 14 12 66 34 18 67 57 85 39 8 1 19 96 58 66 13 78 70 63 79 84 13 8 67 63 69 81 91 79 8 82 17 77 29 91 14 81 7 66 89 95 7 50 34 90 4 87 30 9 5 20 88 62 55 43 88 83 3 7 36 35 38 6 40 73 3 73 78 39 73 61 65 73 82 31 46 15 87 68 33 1 89 14 49 53 78 33 58 90 0 97 61 35 47 82 21 42 6 21 53 26 20 71 22 79 83 48 35 16 33 46 78 77 81 1 88 35 80 41 40 21 48 82 64 80 28 99 24 24 46 3 31 60 58 31 44 12 67 92 49 18 27 28 34 27 6 26 63 31 11 39 10 42 35 51 68 84 89 17 54 92 66 74 1 40 45 82 61 72 90 84 93 96 73 27 11 38 28 25 57 49 76 9 21 18 88 51 61 49 62 7 30 12 84 50 42 78 30 44 83 59 16 95 34 69 95 2 4 62 47 58 15 44 99 69 36 50 36 51 92 53 95 10 17 21 14 4 62 42 45 4 29 37 41 25 0 47 0 14 78 51 30 75 44 22 56 47 31 0 47 79 35 26 23 9 85 88 13 64 1 8 77 95 32 
70 64 32 83 81 85 35 15 57 18 51 12 2 10 12 95 66 21 86 65 15 71 97 24 47 36 17 24 72 36 88 67 86 58 94 0 6 66 8 6 96 88 52 15 88 47 71 59 42 97 80 43 12 47 37 29 64 13 72 58 46 44 96 22 81 63 15 99 12 79 86 56 16 82 30 78 33 33 9 99 58 85 63 99 61 79 2 77 2 38 64 24 54 50 38 29 83 55 24 54 30 12 60 43 66 48 71 20 35 93 82 72 5 95 20 88 22 83 72 55 61 81 86 73 72 18 75 1 16 82 5 67 12 73 31 29 92 8 72 22 11 3 53 9 75 44 38 27 67 94 98 95 0 8 54 81 92 36 74 93 41 59 1 69 54 57 38 86 39 48 0 58 61 90 27 22 28 48 15 27 88 34 8 6 85 27 71 56 87 75 44 69 80 40 44 21 40 13 30 92 20 26 0 66 66 71 15 67 20 63 83 28 57 9 72 43 7 80 69 99 11 60 33 78 91 79 28 41 66 9 94 45 77 36 55 78 88 15 38 13 39 44 27 98 94 48 95 6 62 82 38 5 70 3 64 7 60 37 62 79 45 65 59 81 20 43 59 20 73 44 88 3 41 21 23 34 71 98 64 39 6 12 19 98 82 4 2 92 77 9 89 79 3 89 61 18 23 78 36 46 15 31 32 98 14 56 6 91 41 29 97 31 32 23 83 31 17 79 82 46 60 93 35 44 85 40 11 18 28 15 3 8 60 39 78 29 74 18 65 57 70 91 94 49 94 39 55 83 93 0 17 60 31 59 20 42 84 99 26 53 6 92 96 80 62 82 75 44 9 74 15 45 43 93 92 6 17 15 86 30 12 58 59 2 5 44 89 65 42 2 29 73 97 86 10 36 35 26 11 35 
3 34 29 30 93 27 3 92 53 81 50 40 21 30 99 20 66 56 42 6 49 33 21 76 4 9 98 43 98 28 49 39 37 4 70 16 34 41 78 41 91 35 43 78 84 48 37 39 30 75 70 80 43 32 6 1 29 13 71 98 59 60 26 35 61 33 91 0 32 35 46 1 49 78 22 72 17 28 82 31 77 13 22 99 82 59 31 69 43 81 62 88 6 82 54 51 89 69 36 9 66 92 70 94 13 14 99 40 48 74 82 74 23 21 37 3 69 93 84 75 46 71 62 65 43 41 16 56 99 32 40 63 96 53 27 58 97 83 45 0 89 41 56 30 80 20 12 29 55 99 58 95 70 41 20 78 90 38 4 33 73 10 27 79 1 78 64 41 55 29 85 27 68 74 69 70 24 66 2 40 46 65 57 81 48 20 8 65 47 26 51 74 86 26 14 0 75 79 2 65 98 99 38 93 61 1 56 42 35 55 16 93 57 27 88 66 78 72 89 96 66 74 33 88 49 14 9 66 25 20 73 72 73 10 13 67 92 74 94 75 21 83 58 7 88 44 0 25 89 32 84 3 79 13 93 86 4 0 40 9 43 52 12 41 62 82 74 40 69 93 35 8 91 13 19 30 55 30 52 78 78 6 36 45 71 54 56 0 26 20 61 58 37 17 95 65 76 71 12 5 17 13 70 90 51 18 16 38 90 79 41 94 71 68 14 6 36 60 81 34 55 80 87 36 27 1 76 51 59 69 39 44 38 12 63 83 43 71 56 68 74 12 39 80 97 95 77 2 56 84 5 73 63 87 84 96 86 85 44 79 87 39 29 3 90 84 23 61 37 45 36 19 65 65 89 92 81 35 42 78 25 66 39 80 54 84 81 80 0 32 34 77 68 46 39 58 7 10 62 7 
39 87 79 52 12 29 80 31 82 3 81 5 89 30 65 60 68 52 25 66 38 60 84 86 78 26 24 7 43 57 99 54 83 80 62 85 7 50 3 8 55 57 93 47 74 88 8 68 5 75 92 22 21 39 74 89 58 19 93 84 32 51 99 73 75 75 25 4 95 22 27 47 58 51 30 33 90 3 66 64 2 41 16 11 79 94 93 83 10 97 13 13 24 94 62 16 46 25 23 21 30 62 59 81 46 10 74 85 60 93 79 24 57 69 15 56 30 33 69 38 39 8 74 12 18 83 63 84 64 58 44 38 90 42 48 57 39 34 90 54 91 96 58 1 39 57 69 16 72 20 37 8 86 63 24 31 30 98 86 16 61 34 61 93 61 18 49 31 57 87 77 85 9 1 92 94 45 63 51 0 19 71 42 89 81 83 68 77 87 7 56 32 1 16 74 14 85 97 27 71 84 72 81 84 81 19 40 43 5 24 52 54 1 89 63 55 29 20 70 91 7 30 69 64 84 6 70 55 81 44 86 94 72 95 78 86 31 16 39 5 85 72 25 50 96 63 29 92 31 98 81 68 81 38 32 89 2 42 66 38 85 7 1 23 5 30 33 56 27 38 29 43 12 14 78 50 99 1 35 0 50 12 46 36 22 61 22 94 19 29 30 74 16 90 92 63 63 58 2 49 53 90 93 1 45 60 78 52 54 35 54 17 53 92 33 51 88 9 26 80 95 79 57 40 76 13 53 24 62 59 32 85 46 60 56 68 14 52 14 75 17 77 66 33 70 4 32 98 88 14 73 21 90 4 31 3 80 52 82 4 14 84 91 12 20 60 13 10 10 7 65 4 64 62 22 79 64 85 62 84 46 66 95 43 29 87 29 27 96 34 51 71 68 91 77 71 8 50 37 6 
57 77 4 18 19 48 18 64 31 75 25 85 35 68 67 78 34 81 19 40 37 76 9 8 98 34 4 33 90 13 39 9 79 14 27 21 54 73 56 79 63 81 22 2 45 11 5 5 31 10 56 95 65 10 11 43 82 42 84 30 63 50 4 57 32 9 85 49 57 66 41 20 88 85 4 30 45 8 99 12 6 66 21 7 61 92 54 12 30 47 82 55 73 17 27 93 4 91 86 99 65 74 92 99 30 1 83 25 24 91 78 35 81 77 54 53 53 30 38 35 84 48 21 95 82 22 41 10 15 24 0 94 96 99 31 41 81 14 97 8 17 44 81 54 10 43 81 3 18 15 74 5 83 83 50 66 65 93 54 6 85 8 16 86 19 27 22 9 65 48 36 90 7 38 18 26 11 63 25 59 82 64 47 62 34 90 5 81 81 45 13 31 98 11 17 56 19 31 34 20 3 27 84 15 96 67 41 55 35 78 60 49 18 41 48 56 75 14 17 11 40 11 75 9 39 9 72 79 26 39 83 92 17 78 82 52 99 37 43 51 66 96 23 59 87 34 74 85 9 3 3 56 97 79 3 75 90 9 48 59 26 63 16 31 92 67 61 32 48 81 24 76 20 93 69 75 60 83 33 56 8 69 42 44 92 89 66 45 68 92 63 93 45 71 30 49 17 28 11 79 54 50 91 65 77 84 15 45 24 48 4 54 72 36 99 0 81 37 75 43 18 74 93 8 33 46 56 68 6 30 9 17 51 14 24 35 17 55 0 71 85 40 39 74 69 55 66 75 32 67 83 42 22 7 43 24 49 97 3 94 13 16 25 59 82 96 81 76 88 24 21 91 62 24 35 28 99 87 58 50 1 46 14 88 90 79 1 58 73 48 18 7 84 96 55 84 39 71 55 63 
34 16 65 68 91 88 60 32 62 28 47 96 20 27 35 12 69 49 86 20 97 79 90 97 5 16 15 97 3 4 85 9 99 91 77 27 56 4 89 87 86 10 98 85 41 50 18 47 66 46 35 17 97 54 15 38 19 61 80 97 60 43 45 8 92 12 25 87 57 27 39 68 4 32 63 45 32 75 45 47 91 2 15 78 97 24 96 41 74 16 82 12 55 23 19 67 55 13 68 96 42 7 65 95 10 68 85 5 6 45 69 39 87 17 11 37 69 63 77 71 82 70 46 30 76 70 36 2 61 28 22 94 11 70 0 37 66 24 69 16 61 62 21 28 58 63 3 13 5 93 12 95 87 50 16 72 64 22 92 10 51 66 29 22 8 5 48 33 66 13 39 26 78 76 66 65 12 79 26 27 41 59 54 97 65 18 99 49 37 76 26 94 63 67 19 75 65 80 88 75 68 47 9 48 86 60 19 46 53 79 40 21 97 60 6 5 24 8 20 1 33 80 19 42 3 11 80 50 58 54 73 96 30 10 22 17 27 38 94 11 85 73 62 73 78 46 74 60 40 54 34 97 38 70 58 15 6 13 25 65 48 5 62 7 78 57 8 33 31 53 16 13 45 14 0 51 66 19 70 9 85 93 50 68 86 65 72 56 39 59 57 38 45 27 23 96 99 77 88 57 73 7 16 47 31 22 17 17 62 72 51 17 31 36 99 70 28 7 96 81 40 35 1 49 7 5 98 68 48 98 41 12 8 14 66 90 80 84 38 65 51 13 77 22 51 93 74 92 96 90 71 22 40 2 77 32 40 11 69 98 15 48 36 14 46 79 16 60 24 29 7 47 95 6 15 79 47 46 23 12 37 95 49 88 39 52 92 93 2 65 56 46 51 27 0 76 10 26 47 87 
64 54 95 77 12 35 78 13 21 12 49 77 17 22 53 66 69 84 11 92 63 10 92 12 8 71 82 36 36 99 58 51 26 89 94 1 61 99 81 2 75 79 16 88 47 58 48 53 58 0 57 51 13 11 13 13 38 19 25 33 80 93 15 34 44 2 25 87 22 91 49 96 11 71 46 11 23 77 37 28 38 34 11 24 19 48 62 4 21 80 94 92 10 94 26 38 45 3 96 69 22 19 45 62 91 48 12 73 89 37 69 75 69 95 8 22 69 25 59 58 78 98 45 7 78 36 8 7 56 30 38 73 39 11 10 41 85 73 85 31 38 19 27 62 11 27 77 90 95 30 30 54 51 25 89 29 52 76 53 59 39 97 8 22 64 83 56 19 52 47 87 31 44 55 8 34 25 9 38 95 81 39 41 84 89 9 31 38 49 58 88 32 17 18 21 1 5 2 2 64 92 74 70 55 32 65 43 78 69 91 98 1 27 11 64 20 4 5 66 79 99 41 54 33 50 10 14 84 86 26 8 50 64 58 71 7 74 20 9 62 32 59 58 0 13 95 48 79 77 6 11 87 83 43 26 55 62 60 15 82 11 25 43 99 30 43 90 21 95 13 22 31 7 2 41 81 3 95 80 20 46 72 9 95 34 66 61 97 73 30 11 60 5 64 83 10 17 8 78 95 97 88 69 8 12 80 28 91 9 95 57 15 25 67 93 93 94 63 15 3 39 10 10 16 34 54 76 96 18 34 48 85 34 45 83 61 5 89 58 43 60 71 83 49 20 91 19 71 93 78 91 33 48 97 13 73 51 65 45 43 87 9 3 9 40 36 99 3 37 92 60 3 98 82 97 81 5 15 2 13 73 70 61 20 84 27 44 83 61 83 54 21 49 53 0 81 69 29 30 25 
27 27 86 9 84 77 88 19 87 12 78 61 28 89 74 47 67 36 86 27 78 49 8 42 28 58 90 77 88 51 59 63 93 96 47 21 27 88 43 79 70 27 12 89 65 1 54 34 82 63 76 80 4 55 51 29 76 19 82 31 77 11 15 98 86 76 75 93 81 3 63 26 58 70 88 96 8 95 96 22 75 18 45 46 17 81 34 82 82 34 40 9 67 41 30 53 54 79 32 11 56 94 20 99 86 25 50 79 29 43 37 90 31 47 78 22 51 95 85 81 96 37 83 70 8 57 43 0 45 16 63 55 39 53 61 51 92 46 64 93 83 73 21 31 63 99 87 35 84 80 6 87 4 33 27 35 63 31 71 87 39 73 11 27 65 27 38 45 44 87 57 90 8 64 67 15 18 94 39 5 46 45 67 99 24 62 74 87 40 18 1 39 84 4 1 1 24 49 80 57 72 73 75 50 24 17 99 24 7 19 95 49 80 46 52 33 70 99 17 2 3 27 62 63 88 66 60 36 83 3 23 71 9 36 58 14 97 85 50 85 8 36 34 9 46 99 82 13 93 62 75 84 60 90 57 8 99 19 26 61 94 29 42 56 87 4 4 85 12 74 60 71 32 35 65 28 52 32 21 12 37 97 22 2 4 87 63 32 90 26 39 91 89 18 86 83 70 81 62 92 37 8 44 29 86 85 51 35 58 32 36 78 49 93 90 15 41 90 0 9 71 21 89 42 84 16 78 45 19 70 15 61 52 69 23 23 80 86 13 60 36 37 7 69 43 38 4 47 28 86 55 23 15 6 93 90 11 53 51 68 28 12 28 14 58 87 24 58 53 42 62 26 42 5 51 23 94 59 76 51 6 17 64 68 95 86 25 40 82 14 9 2 27 87 28 31 97 15 52 84 
77 60 3 85 80 13 28 59 14 18 77 2 25 13 64 18 17 73 49 55 61 71 31 99 38 7 65 22 67 25 14 32 92 85 60 82 39 24 2 2 43 81 68 44 59 87 71 93 19 43 21 64 93 79 1 25 55 24 43 25 78 41 63 7 34 66 52 24 85 60 12 58 89 49 68 78 90 74 36 51 4 79 20 85 36 84 49 94 0 89 95 40 92 75 55 63 40 49 84 16 71 19 6 13 93 62 22 67 24 64 56 70 39 35 46 4 67 48 72 93 31 96 9 93 84 58 89 27 8 90 55 52 66 62 5 95 25 28 93 35 40 63 99 2 62 29 28 33 47 24 81 59 3 67 96 42 77 40 38 43 43 79 22 58 16 97 5 75 58 90 74 71 73 32 8 9 36 54 18 42 46 12 58 3 68 35 93 70 13 27 13 64 10 74 96 90 55 88 73 41 97 65 13 86 37 51 31 69 29 37 55 65 22 4 23 17 14 31 59 54 15 40 35 53 39 40 14 58 97 51 53 21 40 70 13 60 63 88 61 33 5 12 72 34 14 7 41 2 25 93 79 69 87 58 99 18 95 41 72 8 4 89 63 24 93 58 39 94 63 31 62 34 60 9 92 35 41 86 16 36 21 91 60 83 49 11 6 84 43 81 85 43 23 23 25 1 86 88 10 54 65 83 37 14 26 2 28 90 9 89 91 49 82 2 67 25 5 81 64 46 10 64 98 64 46 65 3 52 21 19 3 2 81 74 35 96 95 29 51 78 1 20 18 9 24 38 24 85 7 5 24 48 23 97 74 30 85 75 38 50 29 82 53 58 3 82 39 77 95 34 22 72 85 31 91 95 31 47 74 85 87 39 74 47 44 29 38 97 96 1 9 49 5 10 17 41 8 39 78 3 
87 31 93 43 45 34 75 35 80 81 58 37 97 27 80 74 32 41 37 82 23 46 2 84 15 39 78 59 50 99 20 61 61 71 39 55 13 20 77 33 85 27 67 52 2 97 11 41 43 14 8 95 54 32 10 60 86 77 9 20 38 1 72 19 74 37 29 32 37 74 79 6 55 10 22 30 48 96 14 36 1 71 46 78 29 97 3 3 78 32 74 93 61 68 50 90 19 86 82 31 13 28 33 45 3 58 30 71 33 61 75 96 62 39 72 99 36 6 21 76 19 83 60 37 89 81 44 61 46 78 83 99 22 6 4 90 3 35 24 36 35 48 18 32 82 41 94 53 79 38 16 92 1 80 80 12 76 36 15 36 81 9 3 12 22 12 28 26 65 41 28 12 84 97 80 1 13 42 11 96 43 27 6 5 80 73 33 3 88 21 70 60 75 42 3 43 26 41 80 12 28 79 57 47 86 36 33 6 75 78 84 16 30 27 26 18 80 19 80 89 15 71 86 24 11 82 2 91 27 74 45 56 31 59 79 21 71 80 60 91 52 17 92 26 89 11 10 8 90 9 72 46 20 12 82 64 79 66 13 17 99 44 14 75 48 87 28 39 78 30 50 48 65 98 8 1 57 7 7 65 32 5 82 43 86 54 16 92 58 0 68 43 32 4 52 63 14 44 17 1 30 75 98 82 92 99 27 77 44 27 0 24 91 5 42 79 79 94 88 37 32 64 26 55 0 61 99 31 33 46 29 1 69 84 41 40 19 66 70 19 16 39 81 65 88 42 39 78 46 84 8 66 49 72 36 96 25 42 34 96 73 80 26 65 14 88 58 14 56 80 49 22 88 26 52 13 73 88 54 96 15 91 53 96 89 42 69 75 10 90 45 88 34 67 36 76 37 34 66 41 
21 29 63 38 52 29 87 71 64 51 22 14 66 9 81 86 64 60 22 59 42 6 25 50 52 68 4 15 90 53 56 4 88 32 72 15 87 40 66 51 44 6 4 43 91 44 88 72 54 84 19 12 23 10 78 66 23 9 74 20 9 98 98 95 71 51 26 34 87 39 46 82 92 35 51 88 34 29 42 38 67 6 99 91 4 38 11 37 48 22 37 98 79 77 93 55 45 80 62 66 27 90 22 30 58 20 72 15 56 44 53 13 16 24 34 51 85 17 9 38 53 45 49 42 30 14 59 31 53 48 47 76 63 44 32 82 21 82 98 86 27 24 40 0 39 4 17 4 82 25 59 22 35 12 24 14 11 56 84 19 37 27 67 27 71 7 17 59 25 9 54 57 72 63 61 51 45 84 96 26 91 60 62 23 91 1 92 33 23 69 28 91 4 84 66 75 39 37 31 3 82 28 52 47 96 31 81 27 75 66 78 90 29 7 54 83 79 86 81 47 76 3 61 32 58 97 49 4 72 11 98 97 68 37 63 32 21 25 39 67 99 63 28 91 22 2 82 26 25 83 40 1 67 63 26 5 71 40 8 27 88 60 18 66 91 30 16 88 17 61 84 91 55 18 1 57 15 36 30 50 87 10 8 30 41 77 73 15 15 62 26 87 60 2 29 85 59 80 94 84 34 7 67 28 14 81 10 45 4 55 60 69 23 54 18 34 57 52 94 48 91 47 12 16 37 7 46 2 12 91 10 82 10 82 85 85 43 2 91 2 30 53 5 71 56 70 58 10 90 90 87 35 1 47 29 47 53 65 23 81 91 71 95 9 59 96 73 14 44 6 3 41 83 83 40 90 74 51 39 45 66 73 57 17 46 54 66 71 58 85 89 63 62 31 6 82 83 75 72 80 
84 81 30 32 41 13 47 40 28 29 30 55 92 38 51 80 59 91 38 8 82 66 79 63 34 21 27 19 61 68 34 58 63 91 82 45 90 67 82 76 76 36 90 20 24 9 54 87 70 23 46 7 43 23 1 81 40 55 93 59 25 7 82 0 77 64 88 7 4 20 74 3 1 39 72 81 66 98 97 82 13 82 18 75 67 91 41 22 14 90 37 75 19 79 12 38 90 3 75 11 2 69 27 99 19 80 16 37 6 0 46 54 82 72 73 52 0 27 89 41 26 50 74 98 7 26 66 85 66 45 52 72 56 31 20 91 50 1 53 53 80 65 9 98 7 29 51 71 5 8 41 34 38 26 53 56 65 38 21 24 65 30 26 6 81 71 69 48 7 11 7 52 72 63 3 94 14 28 21 23 22 59 38 10 52 51 37 37 53 96 96 92 15 34 23 86 15 48 4 84 4 61 23 22 18 51 52 94 33 50 3 0 79 31 59 56 63 26 87 58 79 0 53 95 77 5 95 14 73 37 86 26 54 69 73 7 66 37 19 35 19 43 13 82 16 26 58 4 35 85 87 30 36 2 92 27 73 58 88 57 55 97 26 10 6 89 48 52 17 16 9 93 0 23 53 18 57 66 60 98 96 0 72 26 94 73 54 52 28 15 95 72 42 77 2 21 2 47 37 92 49 38 33 22 64 46 22 11 6 57 35 59 6 49 42 12 10 74 23 80 99 62 46 13 96 45 38 50 51 69 80 27 27 5 12 92 67 35 2 66 19 28 91 86 93 79 18 54 89 82 86 5 8 60 85 63 30 57 27 5 66 20 43 50 64 6 38 82 97 52 38 42 1 58 76 24 81 69 44 40 49 62 76 27 9 4 20 98 40 53 41 67 86 31 17 80 18 81 10 48 
42 59 29 63 2 17 80 28 94 40 55 88 28 33 28 56 89 60 10 23 35 24 55 99 18 44 16 69 35 25 4 59 54 25 99 17 91 91 2 66 24 80 44 80 77 98 87 54 99 30 43 37 41 19 86 73 36 61 45 94 42 20 69 62 53 17 66 85 53 54 44 50 91 12 95 91 27 16 40 21 25 51 28 36 67 7 93 74 11 95 31 26 11 0 93 82 88 13 31 6 86 31 19 69 84 2 15 22 96 64 44 71 82 99 1 41 38 5 9 65 79 58 27 33 65 18 39 53 41 51 61 84 72 69 78 26 89 44 68 40 15 74 67 62 54 18 85 3 25 20 37 86 12 66 12 12 46 82 44 25 62 81 74 20 41 3 13 1 27 7 11 69 32 94 16 33 89 88 97 2 83 79 26 21 78 38 51 49 41 20 51 58 65 49 46 36 75 84 62 83 47 63 88 98 75 96 40 97 99 28 8 11 18 93 28 71 77 64 35 67 54 43 13 86 96 75 14 23 69 17 95 11 36 84 2 41 56 67 58 80 64 91 83 65 49 63 6 7 9 2 13 7 37 52 22 95 33 17 2 94 31 31 28 97 5 82 82 77 3 88 67 20 96 1 41 60 44 41 93 18 6 13 25 15 26 68 77 9 90 97 93 95 89 67 82 34 40 68 11 75 92 51 70 69 39 86 27 21 87 63 0 66 32 65 34 90 73 29 51 66 74 45 28 65 87 60 88 25 52 95 30 37 47 8 12 18 70 74 45 34 46 24 8 97 19 57 25 64 75 59 91 52 29 91 2 69 13 60 16 86 89 47 7 90 45 95 8 7 27 64 50 14 69 2 8 31 28 95 77 30 50 8 86 26 94 72 4 38 75 73 7 9 62 16 97 58 72 99 19 20 
88 62 63 2 20 59 65 99 21 53 59 7 59 38 31 29 11 23 14 92 97 57 15 35 49 94 12 58 69 30 9 18 91 6 87 4 47 48 51 13 24 8 62 44 19 70 27 76 19 54 63 83 47 89 32 11 93 8 25 69 25 82 17 8 42 37 55 83 46 41 9 93 95 76 3 83 56 41 53 31 90 7 15 92 49 32 90 98 2 59 96 99 74 72 92 74 43 2 22 67 61 93 27 7 96 4 54 30 16 76 90 34 61 31 20 26 4 40 27 3 85 16 12 49 70 31 85 13 68 83 33 77 53 50 31 0 14 50 14 84 57 86 98 38 66 42 15 85 62 47 26 42 12 48 82 82 80 85 25 32 15 30 91 64 96 74 22 96 72 0 3 6 25 37 8 38 42 60 71 70 24 79 5 11 92 34 6 58 87 72 16 51 54 0 57 4 52 50 75 93 60 51 2 51 75 79 25 43 21 8 37 36 75 77 28 51 29 17 7 62 93 22 65 98 52 85 15 70 91 14 4 5 65 63 11 3 83 14 96 39 40 80 64 71 45 72 97 45 60 12 33 77 9 44 56 86 41 45 72 97 39 22 33 91 7 4 26 75 69 3 74 24 25 70 54 24 48 47 53 25 51 68 57 75 35 77 46 98 85 44 61 13 98 49 91 52 2 9 93 38 73 53 86 74 46 79 99 70 47 5 83 64 8 41 75 64 83 72 67 35 48 49 37 75 26 60 81 35 70 84 59 96 83 62 1 43 61 75 20 13 22 67 40 81 93 55 38 9 81 68 22 4 26 65 49 2 90 4 17 64 27 71 18 77 99 80 95 61 36 65 25 54 64 78 59 8 44 37 59 69 73 95 60 61 47 32 65 6 42 14 80 43 21 15 94 6 41 44 83 75 
30 23 45 52 87 63 10 54 56 17 5 33 51 63 64 38 72 26 80 64 18 49 1 53 68 32 1 70 77 42 21 38 2 27 37 63 14 41 73 38 92 61 33 51 59 36 63 80 27 63 46 42 66 48 73 21 13 73 8 82 23 18 75 17 14 26 16 35 53 78 69 60 50 6 95 34 54 72 25 42 37 22 40 75 54 6 75 51 70 60 10 48 43 0 14 88 89 4 19 17 60 96 90 28 93 92 26 23 74 74 57 56 59 60 62 84 94 4 85 24 49 83 56 10 54 3 53 44 83 17 74 80 43 37 39 99 13 94 26 84 8 65 7 71 83 97 99 27 50 46 59 3 60 3 93 96 50 96 74 16 52 20 68 25 55 62 57 4 70 26 17 12 97 26 32 74 31 25 36 51 70 84 26 24 13 52 83 0 45 3 5 52 20 42 41 82 66 50 91 56 56 2 8 67 23 89 64 33 57 76 76 32 47 26 22 72 82 30 18 12 65 96 47 40 3 80 98 41 29 3 2 10 63 75 2 66 92 38 39 29 15 46 48 75 91 31 22 74 9 72 79 12 56 3 76 17 25 67 59 22 13 43 50 98 80 1 24 56 86 44 99 17 24 70 72 15 95 16 79 70 65 87 38 78 41 7 3 62 35 74 75 4 0 8 74 0 29 36 93 77 75 65 35 69 99 21 91 44 68 46 16 13 89 19 54 84 95 41 52 67 83 40 83 31 92 91 18 41 99 43 15 1 38 11 1 98 26 7 5 87 0 38 66 30 87 12 16 29 44 94 21 69 54 8 47 3 35 7 36 88 43 88 54 93 43 47 33 95 88 72 76 59 97 71 68 61 26 50 99 42 27 3 12 15 29 91 54 88 27 55 85 53 79 69 99 44 34 57 36 64 
65 63 81 40 82 0 35 94 74 53 4 14 96 31 69 97 54 5 12 11 82 54 36 97 93 91 30 75 43 76 62 21 37 98 63 71 58 72 87 58 35 8 54 61 23 25 77 20 79 70 58 60 94 9 58 19 35 29 50 69 14 62 94 23 84 99 16 19 11 20 87 60 73 8 34 63 96 16 27 31 78 6 52 49 42 49 2 35 55 93 52 34 7 25 33 77 50 87 96 80 44 96 0 57 21 17 48 29 47 93 88 26 33 72 73 92 50 15 90 70 0 97 87 78 98 94 78 32 48 58 80 14 9 72 5 44 77 31 59 94 96 60 64 74 51 97 30 24 30 42 50 95 17 23 64 34 47 85 74 14 84 40 36 6 70 39 83 97 70 17 88 91 8 45 70 94 76 13 86 82 38 81 87 26 20 93 15 61 94 33 73 97 67 0 91 71 11 43 25 4 96 85 10 75 33 23 95 46 15 88 62 93 14 35 77 20 20 59 63 52 64 96 98 97 74 75 93 18 96 82 28 98 84 37 30 2 32 32 98 35 42 58 37 45 46 97 39 51 29 19 88 21 59 80 50 40 43 69 52 50 5 73 64 22 60 54 39 52 90 86 84 47 96 66 80 90 74 79 30 2 23 31 28 82 37 82 32 4 12 94 29 99 34 88 12 32 50 48 86 70 97 58 29 76 50 22 83 9 19 77 49 98 42 65 44 43 64 82 60 5 51 94 15 25 96 50 24 61 13 39 79 27 35 40 48 98 38 72 97 9 15 74 5 81 30 87 23 38 62 84 56 37 66 85 88 17 49 37 62 20 4 78 13 87 62 75 1 64 65 33 31 58 79 43 10 34 91 34 70 65 65 7 78 78 24 50 16 58 70 79 23 33 81 22 44 46 56 65 53 70 
31 61 80 53 48 73 83 17 34 17 24 16 23 93 62 11 92 46 28 24 84 25 86 0 99 0 86 61 72 56 76 56 4 75 69 21 36 74 88 7 93 14 7 9 35 68 85 1 72 65 40 24 97 47 28 2 78 37 72 80 86 21 81 11 85 72 9 46 9 74 95 87 5 39 31 58 49 81 31 23 63 99 95 89 35 1 44 94 69 4 65 49 17 84 25 66 4 13 5 45 13 59 77 53 43 9 38 42 29 32 23 97 29 47 90 83 33 62 92 81 62 36 79 42 75 89 32 61 59 64 17 25 46 31 21 82 5 12 21 30 55 40 57 88 66 11 16 63 46 27 12 74 5 36 22 26 11 63 73 85 80 25 28 94 19 12 80 57 25 72 2 53 55 47 75 38 38 93 18 80 80 45 82 33 80 81 95 98 29 60 88 37 29 6 83 81 60 44 57 42 70 17 25 7 5 11 18 37 73 34 67 14 50 49 51 26 4 51 86 48 14 14 94 93 1 14 45 48 13 55 54 50 71 42 90 12 33 13 45 17 32 78 60 73 92 98 14 70 25 26 74 99 64 82 15 10 87 24 7 86 34 95 51 64 26 48 87 53 79 85 78 89 5 4 45 26 22 67 36 56 55 26 63 92 32 72 46 51 81 89 12 8 67 67 69 16 30 39 35 5 3 79 85 73 53 30 1 72 40 47 92 89 75 2 15 9 82 47 60 64 42 57 69 28 0 22 68 19 79 87 72 44 78 66 11 37 1 6 25 36 26 23 28 83 95 83 80 49 63 57 36 69 26 83 69 17 73 37 15 91 33 68 95 71 22 7 36 94 3 57 76 5 44 95 32 68 93 93 34 44 1 36 59 35 53 93 1 80 42 40 19 67 52 93 91 13 45 15 15 67 
81 43 35 27 7 51 1 16 75 32 78 91 14 73 88 41 15 13 73 75 7 79 63 24 28 47 72 94 29 51 81 88 57 24 5 46 9 99 3 73 87 0 99 73 24 8 92 44 64 72 52 96 25 85 36 84 53 14 40 35 80 70 69 74 85 31 51 35 27 30 49 5 99 32 14 10 13 4 11 79 52 74 63 95 94 47 70 82 15 50 89 47 80 75 24 80 16 70 24 57 22 61 56 15 53 38 27 11 35 75 60 58 32 19 53 50 99 74 68 62 38 79 99 6 31 89 65 42 33 43 2 76 32 25 15 24 20 92 65 47 36 55 28 41 86 15 95 7 41 56 6 49 11 97 15 49 48 25 85 40 90 91 50 81 51 39 59 91 36 7 49 22 3 65 10 65 99 37 52 66 66 73 42 10 16 99 65 39 95 47 84 35 66 94 30 55 17 46 59 60 73 34 22 28 44 13 79 41 52 66 9 25 72 27 29 25 11 90 72 36 20 71 69 62 77 63 22 10 52 37 28 48 31 91 85 90 47 91 10 65 59 18 14 46 6 36 6 19 10 38 48 60 19 33 21 2 35 20 97 87 95 59 90 17 78 68 30 59 80 46 56 6 34 77 30 49 64 6 42 95 31 19 30 96 4 92 27 50 56 15 88 21 29 77 68 45 14 90 68 48 99 11 41 47 87 66 86 16 21 63 24 65 24 8 46 51 35 21 52 42 48 73 15 8 92 43 67 52 3 85 75 32 72 75 32 12 32 11 29 57 71 83 70 58 71 87 80 66 88 20 63 94 24 22 21 40 35 97 94 33 13 53 80 79 15 40 70 10 44 6 99 11 25 36 76 9 19 38 39 40 55 37 73 35 58 89 42 2 58 62 34 0 5 62 3 21 28 34 34 55 
31 16 30 47 39 37 47 66 80 14 23 33 12 40 97 68 27 44 3 77 9 52 42 73 73 47 55 83 60 71 45 10 69 9 72 23 53 25 95 90 34 39 21 69 80 52 96 13 72 21 56 6 52 97 83 85 14 53 5 84 9 13 66 12 98 57 5 66 23 25 67 52 89 72 81 33 65 83 34 63 63 93 72 60 35 14 29 11 89 56 13 40 88 82 98 47 90 67 98 25 54 81 24 68 57 43 6 4 88 59 50 25 42 36 52 71 87 43 59 75 88 4 57 28 26 80 20 10 49 49 79 46 32 57 65 66 14 82 25 54 54 29 25 51 11 30 47 31 86 39 89 78 5 13 48 19 34 67 13 42 47 17 95 36 94 36 63 19 32 26 57 20 46 96 78 70 8 54 38 29 25 48 84 95 95 38 16 45 71 21 37 93 20 88 23 99 25 91 66 42 51 47 43 33 99 14 74 57 68 30 29 16 49 32 76 18 81 1 82 35 15 72 23 61 68 49 26 64 23 11 25 99 79 53 18 49 99 89 44 96 90 76 79 68 80 8 73 48 53 96 25 76 89 6 76 90 27 90 61 90 74 6 72 31 53 55 39 88 77 51 1 52 12 53 4 58 60 48 21 63 98 20 14 20 32 93 75 95 30 37 7 97 40 72 41 21 7 2 54 99 13 78 93 0 29 20 82 21 11 72 47 22 0 4 8 12 70 22 41 44 39 19 1 34 39 59 73 34 14 11 2 26 38 38 43 28 41 11 42 85 39 91 45 58 47 86 92 58 74 4 69 9 88 36 3 8 29 69 23 76 7 36 43 3 34 53 84 32 12 56 75 75 99 34 19 53 55 36 73 61 28 5 60 15 39 56 64 59 60 60 76 33 53 33 67 64 60 61 87 89 
2 97 27 6 59 18 47 66 8 99 52 14 72 71 22 25 54 19 92 20 23 38 35 36 51 0 15 36 29 56 97 22 43 4 2 62 38 8 14 65 86 19 49 79 22 7 38 83 28 0 57 81 30 67 70 30 67 95 58 7 63 16 1 96 92 22 29 47 38 31 46 67 74 44 43 39 47 69 64 9 20 77 44 37 5 29 25 98 64 55 50 62 75 42 60 53 11 30 92 34 42 94 75 95 82 26 7 42 29 65 66 72 56 32 4 65 56 59 57 8 5 16 43 44 53 85 42 19 89 78 34 86 82 56 77 90 23 52 0 97 33 27 13 83 27 13 71 15 7 44 58 1 52 50 10 26 6 87 86 58 87 20 19 28 6 34 63 98 10 16 75 7 7 34 20 31 25 14 9 90 30 25 95 68 32 1 79 74 20 70 76 16 91 77 9 15 11 28 89 81 17 76 71 73 48 55 68 83 70 54 71 26 13 98 45 5 5 80 73 54 68 47 1 83 59 77 13 27 75 94 84 79 90 96 25 17 2 14 88 83 18 96 65 20 93 11 23 92 63 37 37 22 3 82 25 27 77 80 74 76 27 72 52 6 67 78 93 97 95 51 78 91 89 37 26 95 88 95 18 18 31 90 70 28 60 63 19 26 99 85 18 67 12 21 68 24 58 93 86 28 6 94 47 76 35 77 10 4 35 7 62 50 99 60 69 22 90 57 92 74 12 61 65 99 52 91 17 41 34 12 44 87 58 90 74 81 77 52 67 25 51 52 58 33 20 74 81 44 95 58 0 38 63 81 60 32 60 12 90 7 67 80 64 81 29 8 51 35 29 69 35 36 66 24 50 57 18 26 47 28 22 76 66 67 38 51 35 23 57 72 52 84 28 9 62 42 74 69 8 36 
76 38 42 73 66 35 60 24 46 14 67 76 70 8 22 16 88 15 49 23 18 45 42 79 87 83 86 35 65 78 78 70 99 37 77 66 77 87 45 14 54 39 60 11 53 70 45 25 57 23 19 44 94 58 73 81 11 53 30 79 26 98 76 61 12 51 83 9 49 30 72 17 64 5 74 22 2 1 15 75 61 57 48 59 95 86 1 48 4 76 57 62 25 40 84 11 97 64 62 57 9 6 82 71 90 52 79 24 25 23 87 92 80 7 1 71 36 66 85 27 63 45 81 96 82 71 62 6 29 31 71 59 69 5 26 24 50 92 32 61 86 46 90 46 90 27 65 8 89 14 26 35 54 86 6 22 33 12 75 70 55 14 28 58 53 39 54 30 91 4 56 37 26 99 59 89 36 77 17 30 2 38 35 70 74 99 98 43 62 67 31 41 17 3 5 26 73 42 66 99 92 37 89 53 71 66 7 80 28 91 29 22 11 93 61 43 55 86 74 56 1 32 77 37 26 99 34 64 85 65 63 74 3 47 31 4 94 82 18 23 39 32 56 31 96 93 27 6 26 17 81 19 67 82 34 85 54 70 33 66 61 11 25 52 67 22 71 46 87 69 47 38 46 35 83 2 89 36 98 60 13 2 52 54 90 19 97 26 9 20 17 90 93 73 67 4 28 54 57 96 87 69 62 18 19 77 17 1 38 39 78 48 77 83 14 41 15 25 3 75 63 56 52 20 85 95 82 78 30 6 92 33 48 11 37 38 0 30 55 99 71 6 14 58 11 9 49 90 75 9 60 96 88 55 66 67 89 41 69 2 13 43 73 65 76 11 49 14 23 74 52 85 32 28 90 59 74 95 97 7 76 59 19 29 88 33 45 7 42 62 1 49 53 69 83 61 53 69 89 11 
94 24 89 81 50 51 67 26 53 63 23 24 16 23 4 59 99 6 58 8 62 27 26 2 91 88 99 16 17 73 15 68 48 33 66 6 99 69 13 83 42 3 15 35 2 96 48 17 21 26 8 35 82 29 31 26 29 8 20 90 83 62 31 5 17 90 78 68 73 67 67 67 60 8 84 62 25 63 23 75 91 85 80 79 87 10 76 23 8 8 39 68 51 1 78 18 4 16 41 8 10 81 82 21 95 42 99 56 59 28 8 90 39 6 57 92 7 98 99 15 97 2 36 33 0 2 7 84 7 10 0 93 68 67 10 69 99 69 55 62 27 15 56 57 98 22 73 91 56 79 41 66 98 8 82 93 64 97 76 90 57 67 83 19 85 36 82 47 92 60 1 87 33 36 63 53 33 97 56 19 65 19 21 46 81 79 74 84 54 9 14 33 18 54 81 75 15 49 34 4 90 53 12 99 33 50 96 64 38 67 59 44 78 12 28 77 44 7 31 75 66 44 27 56 86 76 75 47 61 23 47 95 45 58 21 26 27 79 95 56 11 4 22 34 54 96 61 91 21 51 98 57 8 92 95 15 58 41 69 82 75 60 69 93 37 20 48 29 35 89 13 40 79 83 44 50 7 99 90 94 42 77 42 87 77 70 38 6 56 57 22 53 25 80 95 44 14 19 8 59 25 37 38 37 2 17 18 47 28 75 63 76 73 83 88 48 11 10 47 10 77 40 86 98 27 29 90 74 25 42 38 29 46 99 1 14 71 86 87 42 89 55 1 0 77 6 51 16 3 96 58 14 77 69 38 80 81 97 62 55 80 43 97 82 96 70 7 15 12 10 92 46 82 94 28 11 46 18 72 31 25 67 80 86 17 2 46 60 67 69 90 2 24 80 6 22 56 0 67 29 
48 41 93 99 79 33 15 28 44 62 47 30 34 16 61 3 15 57 97 88 49 77 30 43 2 14 4 13 91 91 2 90 67 70 9 1 69 36 35 19 63 20 63 72 32 88 24 24 65 95 8 51 7 45 11 14 20 41 28 16 11 96 35 13 93 27 84 85 54 47 71 28 95 70 1 17 41 49 98 13 49 11 82 54 2 45 69 35 56 96 98 50 78 59 3 19 78 6 83 38 87 1 80 44 64 1 92 82 63 15 22 87 25 39 16 39 76 36 47 99 17 17 29 67 2 39 46 10 43 76 34 80 37 19 26 2 26 65 65 14 16 92 73 69 76 45 30 37 90 36 30 14 6 42 25 43 77 54 79 33 70 72 48 60 86 10 12 79 6 90 3 89 99 70 70 59 54 2 99 76 85 7 41 94 65 16 84 19 42 2 91 80 12 36 66 17 36 96 82 33 22 67 47 76 95 94 6 42 74 18 92 13 19 5 13 73 29 51 55 27 89 36 77 88 17 42 84 23 33 93 25 98 95 65 93 37 70 60 13 4 54 5 0 31 98 36 17 22 2 63 85 61 90 0 10 36 70 72 21 75 75 67 65 54 46 17 32 3 71 88 66 88 41 75 71 10 77 27 2 94 52 39 4 15 32 86 97 52 81 40 89 0 76 4 69 59 89 24 9 91 26 78 13 39 15 47 79 55 59 89 88 52 47 1 40 36 21 5 27 5 32 30 21 18 98 10 78 83 46 97 59 19 47 89 8 83 56 74 86 68 66 55 2 72 87 7 6 73 8 95 56 10 2 36 77 46 84 43 40 74 64 79 11 94 62 30 80 59 77 80 80 16 65 77 45 74 4 86 42 0 98 38 51 63 34 44 72 95 94 15 78 54 22 49 48 25 47 29 68 15 
52 93 38 84 8 95 60 55 95 70 11 20 37 43 84 33 6 88 47 1 4 60 52 97 38 24 47 42 95 38 46 48 58 9 64 98 27 32 64 90 58 26 65 62 62 33 5 39 93 62 97 0 38 29 35 50 23 24 71 43 44 93 98 93 71 27 81 33 38 2 80 3 86 28 18 52 85 58 31 73 3 35 47 53 4 25 35 42 89 73 45 48 19 45 85 3 32 17 41 70 73 67 5 91 44 82 36 45 7 12 29 75 76 78 5 83 90 41 39 40 48 63 49 76 25 76 71 72 79 85 50 75 12 80 79 65 90 33 79 21 38 17 65 98 52 33 42 75 0 21 4 96 40 21 54 39 84 76 27 74 86 40 5 50 51 77 45 13 18 61 28 25 44 43 15 1 67 42 82 8 55 29 61 38 9 17 53 77 98 62 70 93 55 93 97 87 67 17 23 36 50 49 58 92 99 82 32 61 61 22 78 22 25 48 87 39 63 49 33 26 53 33 51 91 92 62 36 73 22 78 42 45 12 87 34 58 65 80 72 29 34 53 38 53 59 83 26 14 42 57 3 83 51 15 67 78 96 97 58 60 89 22 34 96 27 29 76 48 84 99 66 33 22 91 57 34 94 59 33 60 50 83 31 40 75 46 85 37 71 87 24 24 97 66 6 58 82 36 63 53 82 25 55 49 94 91 60 20 44 50 36 83 60 6 71 15 24 20 82 1 48 56 86 6 16 14 43 42 99 4 64 21 30 28 82 98 80 47 59 31 75 20 4 69 74 37 42 58 80 19 74 77 61 0 15 5 40 54 65 72 97 33 6 0 20 65 4 75 13 21 89 52 1 19 81 14 62 65 78 76 6 7 52 85 9 15 48 17 36 97 3 84 28 91 6 95 56 47 80 24 
58 46 46 21 84 49 50 93 58 74 12 42 50 42 13 25 52 36 4 98 27 72 93 27 8 85 72 41 90 4 47 34 78 90 15 81 71 0 0 89 64 24 95 87 4 94 96 38 90 32 64 69 51 96 48 56 57 56 3 35 94 18 76 68 0 60 36 93 22 14 99 37 10 6 72 71 80 57 14 47 16 79 31 42 91 35 84 76 88 84 19 68 52 26 21 2 54 30 44 55 45 19 50 10 98 86 10 50 6 77 18 17 56 53 2 91 83 13 96 2 15 17 69 92 32 52 3 61 99 46 60 86 36 33 65 30 55 62 66 41 55 55 37 91 71 34 61 86 75 72 81 26 19 6 89 87 82 4 52 76 58 89 99 71 99 55 65 60 45 39 60 87 85 6 70 93 85 37 83 90 35 38 15 84 12 41 74 30 3 78 8 59 61 43 98 21 26 72 46 45 96 21 27 97 69 40 95 55 91 83 69 32 75 28 76 61 39 76 41 56 41 21 14 98 27 64 52 76 89 29 39 40 3 19 31 1 96 47 57 58 43 61 42 94 27 10 23 16 10 8 34 65 62 38 91 62 80 75 82 4 44 18 21 77 93 79 29 65 4 40 82 89 31 96 83 30 36 36 14 89 35 1 83 18 40 17 99 62 76 37 96 2 91 87 7 33 23 15 97 45 47 83 66 84 41 19 63 80 64 50 54 29 21 55 15 66 73 30 37 91 67 47 61 25 87 3 22 98 18 80 38 27 91 60 44 56 27 61 79 51 20 43 18 63 75 73 8 61 3 9 45 47 6 39 2 93 98 19 94 6 2 98 45 89 58 10 65 95 76 89 51 7 33 97 59 99 71 96 35 80 24 97 9 81 79 81 66 55 73 12 62 69 63 57 2 42 79 59 77 72 
4 76 54 44 41 78 0 21 80 68 23 62 43 0 46 14 35 83 26 18 81 72 70 10 22 20 80 55 69 81 75 64 94 30 88 19 70 38 74 26 38 33 93 7 83 36 23 84 59 19 45 50 68 79 71 65 33 53 79 59 62 41 91 1 64 95 14 79 26 19 52 53 17 43 88 44 18 77 73 6 97 2 76 20 0 67 57 46 49 54 20 78 5 91 66 50 93 86 80 40 31 80 83 55 85 82 41 95 35 21 11 4 30 16 63 51 56 22 63 78 87 96 51 37 58 66 48 60 97 53 57 6 88 0 51 95 42 73 43 15 38 11 87 51 75 45 73 31 64 50 62 64 97 86 39 46 69 24 24 90 20 18 10 82 84 44 19 81 88 41 43 13 15 82 57 94 7 45 67 77 67 77 2 16 97 2 81 88 30 7 59 12 7 2 59 96 21 32 56 1 55 50 81 99 98 87 58 93 37 7 92 0 95 79 6 62 34 54 24 96 85 12 20 42 36 69 15 38 18 68 69 52 7 96 52 8 8 98 94 20 43 60 57 36 87 58 2 39 88 64 13 8 58 55 20 41 16 79 46 30 7 79 43 77 76 83 77 72 75 75 80 60 68 36 89 21 3 65 27 63 6 14 80 15 26 71 75 80 55 99 45 51 36 75 33 65 23 46 67 48 16 97 37 5 52 3 45 16 15 35 93 56 66 60 80 41 75 50 76 43 62 66 64 77 5 22 72 78 42 94 91 23 28 62 92 29 67 33 36 44 79 97 15 28 79 32 25 39 78 66 55 59 7 52 6 13 26 37 95 62 63 7 72 13 57 56 50 82 89 98 99 58 0 59 22 58 21 57 56 52 60 48 22 67 32 33 72 90 96 24 52 41 40 29 95 95 32 84 87 95 
86 9 58 0 64 21 9 11 68 34 1 88 19 80 18 87 39 89 82 37 25 6 92 77 35 12 0 72 66 70 86 73 98 15 32 80 8 98 85 21 29 64 75 84 77 26 2 80 66 68 14 4 6 97 9 20 38 43 50 44 18 26 3 34 93 64 94 2 17 27 98 10 74 87 59 67 1 78 31 21 48 53 7 46 52 91 39 89 71 11 1 40 95 83 39 44 71 12 43 93 57 1 99 38 76 10 49 65 74 7 44 94 53 69 19 4 85 73 21 21 89 13 30 47 59 26 34 43 37 78 0 13 78 94 84 12 75 47 4 63 98 74 83 0 13 72 35 52 79 79 72 27 80 7 9 49 81 91 63 49 53 60 12 82 78 70 90 84 40 76 72 8 84 95 28 9 27 58 30 88 24 33 80 31 96 61 62 59 17 70 51 96 53 84 48 80 39 79 93 82 5 50 58 44 32 70 40 80 29 22 69 79 26 42 76 70 89 45 7 16 39 7 89 92 99 83 72 20 55 23 8 15 8 89 26 7 86 18 15 42 14 34 7 78 72 3 28 22 11 65 19 56 35 29 46 23 57 61 31 70 8 60 28 70 47 85 59 98 42 13 92 37 47 64 25 39 98 1 49 13 78 62 96 7 73 22 98 55 21 21 69 64 89 96 85 43 56 98 70 76 44 81 84 20 18 85 26 41 55 2 59 15 38 48 94 94 5 20 28 68 85 41 20 28 10 27 14 79 66 23 94 30 84 35 43 59 92 41 7 93 13 94 13 7 39 39 59 4 67 16 25 12 76 63 37 85 27 3 63 60 72 61 20 42 6 75 95 95 25 11 52 62 87 23 48 81 30 87 28 50 39 82 20 57 53 4 3 52 52 91 53 89 8 16 0 27 99 53 11 87 
46 13 68 48 77 79 36 77 53 11 64 6 90 49 50 46 74 16 56 40 5 14 76 7 33 60 5 86 37 40 29 32 9 65 91 75 63 79 23 8 21 4 48 46 98 67 94 36 30 50 56 89 58 45 35 36 75 37 99 89 41 98 66 76 39 24 43 32 10 91 32 37 79 94 59 98 60 2 73 94 9 68 24 67 35 12 71 43 26 90 4 67 84 69 77 77 57 50 6 66 96 3 25 68 33 77 95 24 89 43 78 32 31 60 36 71 73 31 99 5 46 4 61 40 16 86 94 3 18 3 84 22 82 55 39 18 61 21 12 78 79 34 10 74 20 59 91 56 22 33 44 44 27 31 45 97 43 32 87 64 41 82 74 2 81 74 49 82 34 29 59 76 8 66 77 89 93 97 14 42 51 7 2 95 90 91 9 49 16 49 2 54 12 25 27 8 15 74 40 32 28 75 40 28 67 57 94 56 36 46 52 78 45 94 76 35 25 44 8 72 98 23 87 40 82 66 88 36 61 89 3 21 78 69 18 8 63 5 50 68 98 78 46 3 2 52 46 22 85 18 12 2 75 35 71 71 35 50 25 4 44 3 3 43 90 56 10 15 22 31 40 59 64 68 91 89 72 61 29 91 27 76 89 4 78 81 22 38 18 53 61 66 35 26 47 73 99 87 95 46 83 11 37 11 80 97 40 33 17 55 21 22 65 87 92 37 87 45 43 77 49 22 45 2 57 49 80 96 9 48 6 56 66 37 48 52 96 81 5 62 19 20 53 72 88 55 69 90 98 31 18 4 39 11 84 82 80 51 58 42 52 61 66 97 43 56 94 16 90 72 53 96 5 62 34 44 13 20 87 42 23 94 69 12 69 70 7 76 59 65 72 54 96 83 61 49 66 2 67 21 
76 58 76 20 19 39 12 86 87 93 75 5 22 11 89 72 49 92 69 15 26 11 27 84 5 46 24 53 71 93 98 27 96 98 24 41 89 63 6 23 25 56 84 51 71 46 85 1 56 69 47 56 69 25 30 97 12 14 57 44 74 2 27 36 96 21 34 99 22 68 48 57 9 55 55 81 30 47 31 58 34 64 77 18 51 34 98 36 79 87 44 87 76 56 4 34 83 59 41 62 45 37 75 75 18 47 20 54 40 18 11 15 92 79 50 49 91 16 54 22 35 36 96 72 91 1 14 16 65 12 63 91 95 41 31 98 64 52 70 95 55 46 86 56 68 48 51 25 18 69 31 53 9 38 82 90 52 67 88 19 82 84 12 9 29 73 31 0 91 97 85 18 16 9 20 78 71 12 19 83 13 10 64 7 59 37 61 86 4 76 60 62 74 18 25 1 51 77 36 96 75 12 35 73 76 33 84 52 6 79 19 22 4 11 34 40 47 45 82 38 9 30 74 41 13 56 62 45 17 17 45 83 24 95 81 0 73 67 95 30 44 61 38 35 71 95 61 50 63 14 53 49 13 21 79 28 67 80 38 83 27 8 31 32 14 15 10 65 25 79 4 9 52 73 57 76 7 8 36 83 97 31 69 87 6 95 35 44 8 39 93 51 34 91 74 91 17 44 63 34 67 24 40 95 36 69 12 63 86 44 28 63 40 86 55 12 2 83 5 16 36 52 97 11 4 55 61 92 74 58 43 98 82 43 6 43 95 35 62 40 70 88 12 56 80 37 86 45 56 68 61 88 20 13 0 57 55 10 88 8 19 32 4 42 4 97 43 46 29 64 91 45 97 44 1 8 68 49 98 74 76 87 53 13 90 76 50 9 49 16 56 90 93 84 94 49 12 0 3 50 
37 16 40 80 57 68 87 78 94 22 21 5 18 32 63 54 48 42 52 45 36 27 9 66 29 64 23 95 6 84 73 74 85 22 77 73 88 35 65 35 9 23 37 16 18 46 55 19 88 75 65 11 79 77 98 81 29 25 80 49 30 71 22 15 5 84 90 82 80 42 71 89 97 93 86 74 99 27 62 65 76 43 7 79 22 56 12 18 27 58 23 77 12 67 85 52 55 4 25 25 0 6 86 35 75 41 69 8 64 89 27 23 6 54 87 11 24 6 83 9 89 25 60 74 32 66 75 69 32 91 53 81 0 93 26 42 57 45 6 8 62 69 67 69 40 47 71 37 99 87 50 63 13 20 95 61 46 46 79 34 96 21 68 27 16 59 50 92 24 85 12 29 30 59 70 92 37 36 83 12 38 85 25 67 30 13 82 20 98 40 58 92 75 73 22 62 64 14 91 76 24 15 56 16 84 99 35 59 89 67 2 53 81 99 61 85 36 38 8 98 80 67 11 30 26 65 92 54 76 52 24 66 70 89 65 47 88 85 31 46 87 93 33 2 84 84 54 61 59 35 75 67 29 1 15 16 39 15 10 59 0 54 62 11 4 65 92 89 91 0 73 78 89 1 4 38 87 81 3 84 27 82 84 28 3 0 18 95 71 80 67 34 32 56 93 6 72 37 12 10 87 45 78 21 18 49 2 58 47 86 85 53 32 21 18 76 4 41 75 58 79 20 44 58 20 78 80 87 16 1 26 35 26 76 6 22 94 63 35 92 30 11 47 45 34 6 25 35 54 56 51 37 82 63 45 44 56 60 92 39 10 27 21 19 98 33 92 2 6 76 73 31 25 59 46 83 57 51 7 58 87 65 49 81 99 72 33 26 53 29 72 57 60 50 14 78 49 80 8 99 
4 20 69 27 65 47 14 35 57 13 90 92 89 71 82 45 84 53 60 42 69 35 5 13 76 77 41 57 38 28 71 60 41 99 74 61 68 20 54 77 90 51 22 9 26 32 34 1 88 8 71 16 78 8 82 92 93 17 33 27 4 15 69 73 1 84 93 8 68 68 10 2 45 59 12 50 81 26 63 94 95 46 34 38 6 69 0 57 83 86 7 88 41 59 65 11 1 21 89 72 11 71 35 77 40 35 24 10 86 82 72 82 85 78 4 94 91 25 34 48 82 64 6 36 52 1 64 21 87 88 16 50 95 63 57 82 29 80 81 81 53 52 31 4 74 18 34 28 56 2 29 17 26 38 67 96 93 68 42 27 77 34 50 1 34 30 75 42 62 66 27 51 46 71 25 41 10 84 59 46 36 78 73 29 47 98 78 51 68 74 18 70 13 11 92 81 90 10 62 60 57 65 68 37 77 65 41 51 37 98 44 86 21 54 25 23 81 34 90 14 29 85 16 61 45 42 70 39 6 97 34 48 96 89 61 82 38 76 40 41 67 82 44 7 78 14 90 56 24 75 39 28 80 86 69 96 80 53 31 17 42 67 78 67 29 17 93 91 41 65 93 91 12 28 36 38 91 98 75 22 76 20 90 25 69 53 85 80 97 38 48 90 42 22 58 20 35 34 38 63 10 84 45 98 80 2 56 30 60 97 29 67 66 39 63 5 97 10 11 96 70 94 52 55 62 13 11 55 94 24 28 26 53 0 44 65 48 3 27 63 33 89 43 43 56 34 37 61 46 69 68 72 10 25 32 10 42 75 81 32 49 79 20 72 27 71 17 45 54 66 70 13 10 40 50 17 75 15 45 44 13 97 83 12 53 99 32 42 38 69 51 56 14 23 94 82 2 3 28 96 
72 64 88 17 71 99 17 33 16 92 47 70 79 43 93 37 75 59 55 71 54 39 82 78 32 19 21 71 68 93 50 60 8 41 14 42 76 6 61 11 37 78 58 84 38 15 9 6 12 82 25 42 47 49 37 91 76 68 62 79 59 89 99 57 0 41 35 81 6 16 98 19 0 24 18 89 4 37 80 96 68 48 27 30 15 82 57 34 88 2 36 7 97 91 26 45 82 47 32 20 87 75 23 2 92 84 60 17 67 21 98 90 47 9 37 4 11 43 22 23 41 29 52 86 48 23 60 70 92 76 40 45 60 13 69 84 68 48 4 97 37 62 26 84 50 49 18 58 4 89 87 22 75 57 77 40 30 24 37 47 97 85 52 32 86 79 11 63 86 77 61 16 41 13 73 22 43 60 27 22 8 62 12 72 26 29 36 57 42 55 32 77 65 64 20 87 3 77 66 21 33 99 68 94 83 46 14 89 27 33 8 80 89 58 2 88 67 95 77 50 32 96 29 99 92 41 51 44 37 63 54 81 61 14 52 40 54 49 74 48 67 65 0 46 93 63 65 2 64 5 35 63 96 83 17 1 46 14 10 99 91 12 6 12 22 25 30 96 92 34 44 43 93 56 27 30 86 43 84 23 55 12 10 98 82 68 64 47 55 49 88 42 84 90 58 29 68 38 41 97 84 97 93 95 3 74 10 71 11 24 84 34 2 76 20 89 82 90 37 14 15 20 98 91 90 11 23 20 47 27 54 4 98 21 97 35 23 91 25 2 96 12 29 35 43 88 42 63 44 42 85 57 22 65 44 61 92 76 85 25 75 73 89 43 23 43 71 75 51 50 35 82 17 35 58 67 41 46 79 40 24 40 27 41 4 92 85 25 58 40 3 57 1 88 93 33 57 51 40 68 
78 28 65 99 33 79 83 49 92 84 53 73 66 48 56 44 17 19 41 86 4 81 10 43 3 59 3 54 49 89 99 80 96 41 94 38 87 11 25 49 91 71 48 37 26 18 8 89 58 92 89 8 30 93 13 19 94 8 46 15 31 52 21 58 65 41 95 77 0 82 12 75 4 47 37 41 13 21 22 41 13 33 61 83 16 21 93 70 55 57 7 87 20 90 17 23 72 80 96 22 77 5 43 16 90 87 84 83 13 87 14 14 40 96 80 68 94 37 38 87 24 3 29 34 78 37 40 77 43 17 16 9 42 4 95 39 41 73 8 93 0 90 10 95 61 74 63 74 41 93 11 10 15 74 77 17 83 14 49 63 98 14 63 65 31 63 15 53 17 83 90 31 24 63 3 88 30 30 77 13 87 65 13 56 66 5 43 23 29 65 13 42 23 65 38 50 96 13 28 49 74 6 29 11 55 25 32 37 1 62 23 58 73 76 55 20 55 2 6 68 94 49 4 80 71 39 1 80 6 43 98 59 5 62 86 51 79 46 75 35 92 72 17 72 96 12 21 6 17 35 38 97 36 16 5 91 94 72 31 72 43 26 28 95 28 11 44 23 62 84 16 18 22 33 70 20 26 35 37 35 59 49 69 49 65 64 5 67 44 71 1 65 9 56 62 50 0 44 44 97 87 84 16 64 39 17 82 88 25 34 65 2 19 56 48 56 4 50 99 43 2 45 7 31 50 77 89 23 42 30 18 39 18 42 74 67 95 4 47 62 95 48 13 79 32 40 90 15 57 46 92 67 18 75 67 35 32 59 65 94 4 2 53 40 35 10 32 30 34 74 10 85 94 3 62 86 34 84 24 49 48 80 27 99 38 75 64 68 2 52 25 56 40 30 61 89 1 56 35 34 
40 10 14 2 25 13 64 20 25 82 77 10 13 63 57 76 76 97 60 18 51 30 78 76 64 54 48 33 63 39 42 6 57 1 20 76 39 75 46 24 73 56 31 42 72 65 6 13 78 99 84 1 61 83 36 2 62 20 40 84 46 0 10 50 97 71 83 7 10 9 12 83 43 35 90 22 25 4 41 70 87 71 83 62 23 59 22 95 13 74 85 46 27 3 14 82 4 80 81 52 85 87 4 96 65 19 20 85 92 53 66 19 46 75 98 40 13 56 32 90 32 97 96 52 98 96 28 31 54 56 14 98 32 68 36 71 36 7 38 96 5 3 66 77 65 9 92 0 55 93 3 3 65 13 36 65 67 51 4 0 56 34 44 57 99 30 0 28 52 73 91 77 13 68 93 71 19 42 54 5 57 5 79 59 23 74 94 41 23 87 99 73 16 84 52 73 50 3 61 4 42 23 44 86 78 14 43 42 48 77 95 11 39 53 11 64 86 76 86 29 4 50 81 47 8 76 12 83 1 72 22 38 64 2 60 35 49 59 50 73 24 56 84 2 10 81 24 69 94 46 15 44 99 30 53 93 70 87 56 86 13 9 96 54 12 58 53 2 55 41 61 92 51 89 49 59 52 53 49 99 91 86 42 90 45 80 32 31 8 64 72 42 64 37 3 85 45 7 63 57 7 84 22 75 1 57 37 21 70 84 95 28 17 94 86 40 61 32 1 90 56 21 71 72 47 2 2 10 18 36 87 68 96 34 94 39 42 76 25 25 49 47 41 7 44 43 24 53 46 73 25 77 84 76 57 59 7 98 94 17 89 2 81 93 68 90 72 47 11 34 76 33 87 67 77 96 49 76 87 57 54 80 71 44 95 18 23 48 66 10 54 42 45 65 56 90 46 67 32 8 
6 86 15 71 37 18 60 36 98 71 68 5 80 14 16 56 53 39 21 77 66 74 31 30 74 89 49 42 69 70 52 8 28 26 17 94 96 28 28 14 96 42 15 76 76 21 76 87 58 67 58 48 97 82 13 72 28 6 19 62 95 23 17 45 42 84 23 15 11 51 25 90 80 6 99 14 69 33 74 60 74 98 67 56 97 73 31 5 27 84 51 89 95 70 58 95 78 57 25 77 45 21 66 41 84 19 49 55 73 40 42 36 33 67 35 58 21 13 21 40 55 30 85 23 89 6 41 44 2 17 74 84 44 28 44 18 42 37 84 68 51 80 86 93 95 11 11 73 37 48 28 69 28 53 52 96 13 84 74 26 72 67 47 37 35 46 55 53 53 87 17 76 80 47 16 86 24 38 98 13 64 83 4 96 94 65 76 65 87 4 42 17 86 17 75 95 94 71 37 87 80 67 79 4 18 87 20 47 80 24 57 55 72 5 40 70 69 14 70 49 44 90 33 3 35 77 15 46 81 53 5 75 57 75 99 35 74 33 59 89 55 49 8 65 8 56 5 82 65 51 70 97 66 18 46 22 11 64 14 42 68 59 45 81 11 16 56 77 40 68 32 63 42 28 26 10 72 66 70 37 95 66 71 47 54 84 18 81 74 94 9 28 15 44 50 50 6 62 91 6 88 2 48 74 63 51 76 47 80 80 84 17 37 81 26 73 20 35 60 5 80 23 31 75 26 49 55 0 34 89 68 55 7 25 91 96 44 4 17 66 61 2 35 16 69 25 74 39 29 8 93 61 17 42 29 20 89 2 69 2 23 76 74 87 35 82 80 23 3 80 62 46 93 84 50 74 97 62 16 4 59 59 9 93 41 77 83 58 8 51 39 29 97 72 86 26 26 37 16 54 
98 74 50 99 5 2 1 5 67 60 44 24 4 60 75 61 4 26 24 45 36 63 58 7 80 97 75 57 14 78 34 2 47 20 10 62 42 15 30 39 82 86 69 47 43 75 99 98 62 54 77 69 39 91 53 67 64 39 66 27 85 72 11 26 36 52 61 2 94 5 54 47 17 17 32 17 31 83 62 51 63 0 57 43 3 44 66 89 70 22 74 44 6 13 2 26 16 75 48 47 38 70 0 18 42 62 92 75 14 54 88 13 27 38 69 42 94 80 70 98 52 41 76 45 25 11 64 51 71 97 3 86 31 99 98 43 64 66 69 21 79 6 72 18 3 42 8 2 26 79 55 61 31 62 36 60 73 63 65 60 81 30 85 2 12 95 52 98 83 80 9 81 34 48 51 16 5 25 31 88 29 75 45 90 60 51 41 84 32 53 76 89 30 54 11 75 36 88 79 36 35 23 10 81 99 71 69 99 15 3 46 26 53 86 7 78 21 13 4 34 97 84 82 18 98 20 84 46 9 88 31 51 88 82 96 72 78 93 45 1 79 64 88 7 89 86 82 60 68 56 28 28 48 14 70 76 97 81 69 82 82 96 35 21 42 86 84 67 59 76 3 8 75 28 81 8 17 33 17 84 47 55 42 77 77 85 1 66 71 29 54 47 23 96 27 66 61 95 46 72 42 9 76 79 50 86 11 43 97 71 37 75 76 91 61 18 29 26 46 5 32 24 82 98 52 60 17 81 45 41 45 26 11 32 72 87 43 67 15 51 68 2 2 4 34 49 62 17 94 53 14 19 88 62 89 21 68 47 18 78 23 92 34 90 66 1 38 79 0 72 92 65 92 77 83 51 33 79 76 4 13 38 93 82 16 42 0 67 54 35 25 77 57 19 56 58 23 32 27 51 
28 98 28 12 41 31 57 13 53 74 60 35 42 32 70 42 22 1 67 73 39 90 64 11 8 63 16 49 47 88 2 76 99 52 35 16 69 25 75 25 70 57 62 60 90 80 45 30 80 79 93 81 72 61 43 23 5 4 37 79 48 54 32 4 21 41 50 61 49 35 62 3 28 94 17 57 39 10 59 18 60 84 47 54 13 20 7 69 71 54 36 57 92 70 60 66 30 76 33 60 33 93 17 75 35 47 22 70 31 38 24 22 36 96 80 84 10 58 8 82 65 97 20 22 21 28 71 99 98 70 99 56 93 82 81 50 67 53 28 97 48 64 63 74 74 95 41 96 56 53 73 73 13 20 18 6 97 72 21 25 61 7 57 81 78 8 33 7 28 84 12 72 28 76 1 15 80 68 98 37 25 99 3 66 2 13 22 70 27 97 9 71 20 7 70 68 90 25 62 78 26 16 6 51 18 81 42 65 53 36 10 19 43 49 73 94 19 70 7 37 70 92 40 81 9 93 63 40 11 10 28 36 98 24 68 52 18 8 61 18 93 91 29 15 84 39 64 3 22 20 10 55 0 57 61 40 93 59 79 53 71 94 34 32 14 25 13 93 43 37 42 84 0 61 97 92 6 25 32 20 62 62 58 72 72 52 93 79 41 99 91 20 88 27 57 63 75 3 11 81 91 36 74 50 38 41 11 78 43 82 40 10 91 34 68 93 26 53 95 74 79 14 59 84 57 11 12 35 86 78 95 89 41 57 57 49 71 69 30 98 21 76 92 23 25 38 48 21 14 56 36 14 41 40 66 49 53 36 92 70 10 10 48 48 53 39 94 87 95 79 64 3 39 85 33 14 16 87 29 85 40 44 92 94 54 80 88 16 42 76 60 63 82 23 15 50 7 11 66 91 
70 80 85 73 85 82 15 23 80 57 67 76 88 22 78 94 77 80 58 44 63 28 21 59 0 48 63 51 27 85 24 54 92 48 54 49 59 18 29 63 62 64 43 46 26 10 50 35 40 14 0 21 12 71 91 77 95 18 85 4 90 93 29 90 53 63 22 1 77 39 76 93 44 60 93 43 39 20 42 16 66 99 94 99 93 11 85 81 95 37 97 16 86 55 17 54 46 8 35 60 39 71 95 18 71 64 44 8 21 79 87 49 15 19 42 23 66 34 68 16 95 45 70 63 20 10 95 46 25 36 22 51 25 63 67 52 88 37 81 80 57 37 36 22 43 29 43 64 35 13 71 69 57 50 68 10 17 16 43 79 84 3 10 96 67 15 48 25 5 71 16 55 76 96 3 72 38 87 47 59 21 12 39 40 8 99 80 56 79 51 55 76 41 1 76 42 9 83 33 41 32 66 44 62 56 9 16 42 56 19 31 2 62 11 51 73 72 73 50 21 28 48 24 69 86 94 63 65 79 39 90 50 75 86 57 20 59 20 44 57 85 90 62 51 43 9 0 57 42 93 13 94 98 90 89 75 38 46 97 6 90 78 65 46 76 2 36 45 27 56 59 52 9 32 96 94 33 28 81 27 4 44 62 54 7 51 27 81 16 24 30 96 32 82 39 37 42 24 53 50 22 99 44 7 80 85 51 42 14 74 99 28 83 21 81 41 90 85 25 59 38 69 75 63 15 81 7 5 77 90 3 6 15 15 88 46 51 85 97 3 87 8 34 82 67 51 9 60 94 73 73 21 87 21 64 64 93 96 31 48 16 17 71 81 66 25 86 6 68 43 30 49 69 9 1 59 9 97 46 74 53 43 7 60 79 24 24 82 44 34 51 73 33 52 0 67 46 37 43 2 
48 72 71 44 87 11 29 39 95 28 45 43 46 15 33 80 30 93 68 29 19 57 80 65 27 17 59 25 77 79 2 26 40 88 63 81 56 32 85 44 75 16 54 88 69 89 32 27 84 14 3 14 57 39 74 54 34 98 3 39 30 94 48 47 54 43 75 48 70 46 42 80 67 1 8 91 66 24 26 63 89 37 58 36 44 49 92 83 19 56 17 87 57 20 40 84 72 61 99 59 8 43 47 59 89 58 36 62 1 29 43 91 89 55 56 59 83 7 34 37 48 19 73 43 95 39 12 93 69 97 50 60 30 72 25 39 52 37 53 73 46 1 23 27 28 28 6 7 58 49 14 14 86 19 98 78 58 92 1 83 89 48 1 90 76 60 36 94 39 52 36 59 30 53 4 0 51 51 44 69 1 34 77 25 61 24 49 88 15 6 57 1 75 46 51 14 6 97 51 35 96 24 17 12 91 24 41 13 96 26 29 24 96 8 50 90 38 37 1 66 46 59 0 75 1 91 53 95 92 85 15 59 2 9 19 88 54 37 92 86 40 87 78 81 7 1 27 42 43 35 91 99 52 17 93 45 74 23 19 89 58 49 11 1 33 66 54 8 24 63 54 12 88 75 98 43 46 66 16 56 38 63 42 35 43 98 37 64 66 13 52 80 40 1 64 13 65 93 95 15 87 35 34 98 78 98 86 10 45 7 94 56 13 98 7 83 17 8 76 91 17 75 44 81 58 37 41 87 42 20 2 49 17 65 13 28 16 36 29 42 13 11 81 75 62 27 90 82 48 3 61 35 95 87 13 67 85 76 47 64 4 16 62 15 28 57 78 67 37 4 76 60 44 28 4 24 7 69 22 32 34 97 80 46 37 34 64 6 35 20 97 59 92 53 16 40 58 30 22 54 
44 20 26 47 15 84 64 27 6 47 91 26 81 21 3 91 45 67 32 63 10 27 12 5 8 7 0 84 90 25 16 9 71 6 77 47 51 96 0 17 78 22 79 19 15 90 31 75 52 80 70 29 60 74 52 36 61 21 1 0 55 39 1 29 53 19 10 1 58 36 97 41 47 90 83 63 43 9 79 84 58 95 93 56 83 56 88 10 52 45 35 2 35 82 61 21 54 55 99 8 94 60 42 23 97 51 34 3 21 38 0 17 96 78 3 61 25 91 61 19 51 61 75 1 29 90 87 41 38 77 12 64 62 75 0 63 80 72 81 78 53 17 89 50 96 27 60 51 52 13 22 5 92 58 49 30 49 49 7 85 37 87 4 94 17 47 7 78 80 62 31 24 27 77 48 36 20 42 49 66 7 48 96 90 41 27 44 59 55 33 31 98 79 55 88 81 97 22 74 91 49 94 18 37 11 35 49 42 99 33 14 39 18 2 46 2 0 94 5 47 59 36 68 67 60 22 36 5 85 5 86 39 67 14 62 74 93 28 45 76 92 38 86 29 61 4 45 83 0 57 31 83 53 36 73 25 40 64 39 74 17 15 2 36 14 38 45 22 37 77 92 94 93 39 54 24 95 69 73 55 36 82 47 81 14 66 72 82 80 60 85 93 9 30 23 76 75 16 68 94 63 61 53 97 61 14 33 8 62 67 81 49 6 71 5 55 64 77 97 60 2 96 83 25 93 44 20 63 56 70 62 32 68 39 65 29 20 16 60 62 86 52 66 42 5 32 40 45 44 11 93 27 31 22 33 95 17 71 10 44 6 26 8 74 98 94 43 44 62 32 99 89 37 65 27 21 61 7 52 50 43 58 76 61 92 95 58 90 45 13 13 83 34 10 53 52 51 95 36 80 
75 88 33 58 4 34 73 54 66 74 63 34 31 63 65 52 39 75 39 26 22 90 92 48 82 19 91 56 73 98 40 12 79 42 38 99 59 7 19 17 44 19 14 85 30 26 93 68 26 90 47 47 10 76 47 91 92 20 50 44 58 11 54 33 30 27 83 2 18 83 90 67 23 56 76 24 6 63 63 87 40 71 79 90 86 33 92 41 39 51 7 32 16 94 18 9 12 75 60 87 86 84 81 71 23 10 42 97 13 13 20 35 64 56 55 22 43 7 8 38 26 86 38 62 73 62 49 90 45 90 80 0 77 84 97 42 69 72 95 47 81 2 83 16 20 47 50 3 87 32 90 64 27 34 34 8 4 49 3 0 14 11 84 83 93 40 18 66 79 36 9 7 64 4 77 40 23 53 64 58 12 61 32 17 45 7 16 69 64 77 7 5 65 16 36 8 80 35 95 17 74 0 80 79 25 52 70 1 21 86 59 2 56 65 42 36 52 57 27 10 95 51 66 92 83 83 87 69 4 35 53 71 43 33 33 86 76 62 1 2 30 25 80 15 73 74 33 74 80 67 36 50 84 66 91 82 81 61 49 28 44 90 59 86 0 71 80 17 81 37 19 60 30 23 2 38 70 98 93 62 97 63 99 77 35 36 67 80 38 70 23 41 27 10 90 0 31 90 56 87 84 3 11 97 33 1 87 38 30 70 49 8 39 67 63 35 68 59 86 3 33 65 1 54 67 17 57 93 51 98 22 40 81 34 74 56 51 81 55 11 91 42 1 96 34 76 36 1 83 56 79 43 12 72 66 13 23 92 17 55 75 42 29 12 80 59 43 82 28 24 19 49 36 54 63 95 51 22 15 10 1 67 55 6 50 17 23 89 35 98 34 60 17 7 86 40 41 30 31 37 
41 57 15 73 65 29 12 44 16 4 52 59 84 84 93 42 90 1 71 83 63 89 75 87 24 45 25 51 37 47 85 28 96 18 98 62 62 81 43 67 94 64 58 38 49 51 82 10 6 24 31 89 79 35 53 65 40 80 1 34 90 33 34 71 34 41 88 61 55 72 50 61 78 40 70 37 61 3 17 19 5 58 47 98 39 61 19 29 9 4 30 71 41 65 74 27 32 63 91 37 60 55 73 69 62 45 11 4 66 89 67 52 27 42 22 59 16 79 30 99 75 12 82 12 43 35 80 3 56 64 4 90 74 34 57 15 72 59 98 14 93 17 7 37 76 21 48 22 28 53 53 99 46 37 50 29 66 27 29 51 48 20 18 80 71 32 22 32 66 97 71 6 87 43 90 82 56 76 10 90 44 98 61 70 30 47 21 56 64 9 12 68 11 46 75 64 80 95 95 31 2 17 29 79 75 79 40 40 36 56 16 35 85 20 33 63 67 82 5 59 4 69 54 25 44 63 79 21 46 85 9 36 3 5 25 94 64 24 20 38 18 84 29 86 49 9 58 39 29 50 34 93 1 46 59 78 85 92 59 99 23 19 71 80 88 90 70 73 80 59 71 21 35 79 6 2 85 42 32 72 21 63 33 15 57 69 2 55 65 55 63 35 21 33 66 42 79 68 68 68 98 92 4 39 56 4 58 3 94 46 54 80 45 0 49 4 19 86 67 65 84 16 34 32 62 19 13 14 31 71 81 21 6 11 40 58 75 52 90 70 23 75 37 27 39 46 88 68 51 29 43 63 74 5 37 82 20 84 45 96 60 2 23 42 8 28 74 54 93 59 30 46 31 95 96 19 1 57 79 48 65 54 62 14 31 56 27 46 46 26 98 5 18 67 70 98 92 71 7 45 
7 25 61 3 36 64 88 10 69 89 8 6 89 64 63 25 51 75 53 7 44 59 15 64 89 8 19 18 62 91 15 33 76 90 60 6 61 56 12 32 73 69 87 5 35 20 91 20 62 32 50 77 33 20 49 10 54 70 62 92 34 57 13 62 63 61 90 81 50 68 73 91 79 27 48 30 95 38 33 63 24 39 47 32 15 28 59 90 27 69 10 10 44 93 57 50 94 51 44 87 63 79 19 9 50 97 17 35 45 46 82 99 66 42 96 9 5 29 46 32 21 88 0 16 8 75 13 99 96 8 33 37 8 27 33 17 82 16 45 63 42 68 6 83 10 60 72 71 3 49 81 4 16 17 59 53 59 62 50 20 25 84 98 77 73 66 44 60 71 88 2 86 92 71 80 15 49 76 76 11 89 70 45 91 25 46 40 57 75 8 83 70 5 31 98 82 98 37 87 25 77 24 53 73 84 85 84 76 4 47 63 16 96 26 62 52 54 36 18 60 21 11 94 48 92 77 86 84 39 68 3 12 28 70 53 19 91 52 11 53 97 65 50 34 66 37 59 27 17 19 26 23 78 28 79 34 42 45 74 48 32 7 75 97 80 8 10 80 63 73 57 14 18 94 72 9 96 13 72 65 85 26 87 33 36 99 71 52 7 68 25 97 62 53 60 5 93 23 98 45 38 63 57 8 18 97 94 14 62 12 79 61 33 31 50 6 9 87 10 71 7 14 0 16 31 28 85 67 55 71 39 57 67 28 24 90 16 11 36 12 25 16 29 87 35 72 51 87 88 6 79 2 26 83 78 19 25 38 59 32 90 76 17 60 49 94 78 96 30 41 5 67 91 91 81 95 62 26 53 14 12 22 66 5 17 18 0 16 6 76 58 87 87 33 41 23 34 2 10 75 
79 60 5 0 86 58 0 82 50 5 41 22 75 24 69 17 94 93 61 43 60 89 1 68 28 7 7 77 21 52 52 50 75 47 25 62 49 20 25 55 3 93 26 72 16 20 90 17 7 90 14 30 13 79 81 87 70 67 38 14 22 60 13 25 34 17 49 33 67 75 70 31 57 10 9 54 87 2 5 65 2 22 71 71 83 28 65 5 30 47 46 54 1 30 41 16 4 85 48 18 46 97 87 9 12 75 14 19 28 49 35 66 61 9 31 53 29 78 26 89 91 23 37 50 2 49 23 48 97 8 87 88 5 23 74 29 0 17 88 48 91 31 71 67 26 74 23 93 95 19 79 19 68 41 32 41 53 98 56 60 25 74 86 3 80 69 28 11 89 64 71 48 44 98 78 96 79 43 26 34 9 32 81 55 11 43 22 36 30 38 75 69 64 11 56 23 86 75 96 56 75 80 60 55 71 23 32 58 59 74 81 16 78 80 28 2 99 82 77 65 93 50 93 65 91 15 65 1 93 32 23 35 54 0 43 65 73 34 44 36 77 36 19 4 96 17 87 8 47 78 65 91 47 5 58 58 80 53 6 16 17 86 36 41 59 30 95 7 96 74 71 58 43 61 61 60 67 13 39 63 65 87 43 3 50 58 29 96 40 95 95 81 52 99 65 68 80 76 53 64 73 76 72 97 60 88 18 42 81 61 99 9 64 69 23 87 7 84 7 41 44 11 7 95 15 92 14 30 79 51 9 52 85 29 52 35 36 91 27 66 43 69 92 61 88 83 76 86 7 80 95 99 62 46 39 26 66 69 96 15 82 67 10 16 58 99 55 3 75 80 80 47 5 5 53 80 45 99 31 8 84 26 41 90 0 11 78 34 17 85 31 53 47 76 32 59 38 47 28 42 
81 36 28 57 39 48 87 4 44 83 71 90 60 90 99 8 29 24 5 40 65 86 78 94 65 29 72 13 19 84 63 2 59 43 12 32 94 8 73 51 23 8 77 95 34 59 99 95 80 99 88 27 80 2 38 25 91 87 86 75 75 8 61 82 39 21 95 69 72 3 68 17 87 81 44 79 89 11 73 71 59 61 22 7 60 82 18 47 47 6 49 32 33 69 58 54 58 26 2 95 55 46 32 9 76 16 65 30 27 36 98 30 97 34 56 85 7 30 35 7 88 86 34 68 65 40 69 39 17 17 76 26 41 32 68 11 59 91 88 97 27 51 26 18 26 78 33 28 47 70 76 93 34 23 32 27 27 9 79 36 78 91 90 15 12 79 85 19 6 59 84 87 21 87 44 86 46 93 17 32 82 77 74 78 1 89 28 18 58 20 84 85 7 80 36 69 31 21 66 10 51 8 17 73 89 66 52 99 85 10 66 22 38 13 97 4 41 55 29 8 44 4 83 75 66 88 33 92 41 84 36 67 60 62 5 86 23 95 24 67 7 2 58 80 14 96 24 1 38 62 0 94 57 10 20 37 85 19 89 16 72 6 58 22 67 13 93 86 3 33 33 13 40 41 97 89 62 59 72 69 8 58 65 67 47 43 44 83 58 80 38 70 99 52 41 83 71 92 16 61 53 25 38 66 44 39 12 54 86 25 68 91 63 23 3 11 47 57 79 66 11 52 1 9 82 1 61 39 67 32 64 64 17 39 97 40 48 76 55 81 66 4 45 59 52 9 51 42 41 60 88 21 71 83 61 50 29 91 73 22 53 37 85 2 19 26 42 54 38 99 33 65 2 54 74 9 53 3 68 1 61 18 76 24 94 57 20 4 28 76 70 6 56 47 56 52 32 60 18 44 
43 30 82 35 10 61 40 26 44 98 75 59 56 77 54 31 72 94 74 11 87 97 19 81 72 70 37 12 42 31 73 23 52 91 24 73 18 23 63 69 67 54 47 48 88 6 43 11 93 53 76 71 59 82 65 46 93 85 51 12 91 84 62 78 51 7 40 66 74 60 70 78 36 35 49 93 35 29 66 43 45 28 2 17 82 11 19 78 11 9 75 44 97 87 82 77 30 41 37 87 70 82 97 34 53 9 5 17 59 18 28 84 48 49 19 68 41 51 42 67 50 26 44 58 62 56 72 69 8 91 41 10 19 83 57 68 96 11 30 68 38 37 1 69 90 49 84 81 5 92 29 48 35 92 51 68 36 62 41 77 36 27 72 34 79 9 66 16 4 82 60 91 63 97 32 10 55 31 12 66 24 4 17 98 52 99 47 50 57 63 76 1 68 86 75 19 60 26 16 67 80 67 93 25 41 68 46 99 60 37 76 1 63 16 54 7 90 74 73 38 36 37 2 57 19 76 18 90 16 87 69 79 62 43 78 70 98 4 70 73 55 9 71 22 7 7 55 78 70 51 25 98 41 13 87 38 5 77 56 62 89 67 68 63 89 61 30 55 73 78 77 47 54 92 18 59 51 43 81 55 78 60 26 57 84 11 70 79 74 1 74 15 34 92 91 68 93 8 78 3 86 17 42 45 39 70 61 6 74 10 99 99 64 42 89 68 61 30 0 97 6 31 43 22 86 72 58 28 42 3 49 66 41 3 18 72 24 95 67 18 6 82 18 45 46 69 17 14 52 32 64 83 13 24 28 85 35 76 67 14 4 75 25 56 26 66 97 11 51 55 28 76 58 17 49 5 6 52 35 3 49 23 59 41 75 68 48 35 48 88 47 82 43 84 10 82 41 27 10 86 
2 9 61 91 22 60 17 8 58 73 30 75 64 0 20 55 68 91 48 61 77 80 12 97 24 62 70 79 70 26 66 6 84 87 6 3 74 42 86 20 52 78 43 31 85 47 92 18 69 57 64 17 86 43 10 66 77 45 54 43 81 55 44 17 73 51 27 76 6 17 55 28 67 24 5 98 24 64 58 37 52 97 87 18 27 91 97 78 31 36 45 3 55 62 33 50 44 69 42 75 90 87 37 21 79 99 41 32 2 42 11 28 91 48 2 73 96 86 40 31 15 44 40 10 90 74 60 42 71 15 66 55 82 13 83 73 0 94 31 18 57 22 83 20 60 51 80 84 73 81 39 3 87 13 34 81 32 48 30 79 93 96 1 1 54 39 18 99 74 75 78 67 11 0 13 20 97 79 54 85 22 12 11 18 9 23 77 22 43 20 50 56 82 19 40 92 26 93 9 28 9 72 43 55 34 24 14 44 72 47 79 36 88 38 40 38 3 26 5 7 1 14 5 46 7 69 98 0 35 62 93 30 45 54 13 15 12 62 73 57 23 2 0 24 61 69 53 45 27 41 87 4 0 78 87 67 38 94 83 97 63 48 53 24 90 93 97 46 11 2 87 98 53 95 21 65 54 35 51 95 72 26 75 35 82 39 27 85 76 14 97 80 80 9 42 39 17 65 62 72 17 51 55 87 93 15 33 71 92 53 73 86 58 39 16 94 6 18 30 40 21 52 57 72 0 54 88 81 28 13 97 46 29 38 22 89 81 22 88 15 13 27 4 68 73 45 11 96 43 51 75 51 10 2 46 61 57 46 62 1 28 18 18 15 27 75 4 11 12 8 95 64 43 45 99 28 68 7 87 22 19 94 83 50 37 26 66 96 29 71 37 63 86 1 64 23 75 30 24 41 
86 73 54 46 85 18 87 39 65 99 61 75 37 27 49 45 68 57 77 52 14 27 32 8 36 79 64 6 53 23 47 75 67 48 84 53 26 76 40 43 47 23 9 91 17 10 74 25 65 31 32 33 23 40 72 23 80 79 69 65 89 61 44 26 83 6 34 2 4 65 33 3 63 56 94 34 31 62 34 53 26 51 39 71 52 84 52 4 17 60 92 59 95 37 96 45 30 19 8 73 38 90 55 84 63 10 40 61 27 84 76 41 10 63 29 95 9 56 13 28 42 17 32 77 27 63 54 69 1 99 33 8 28 38 61 72 92 33 92 91 10 0 92 77 76 9 95 60 53 35 67 14 89 87 50 34 97 7 79 4 22 26 93 9 90 19 20 58 66 77 22 73 94 86 79 62 86 38 48 83 26 59 1 26 21 70 93 10 29 53 7 8 86 47 33 75 24 59 3 78 98 29 57 13 76 37 41 72 95 34 61 75 52 82 8 44 98 42 34 77 28 40 77 81 50 51 53 31 10 76 27 17 62 82 14 17 41 3 26 97 95 53 62 76 69 77 23 53 48 43 37 36 16 62 5 1 68 26 8 95 80 68 80 34 40 28 4 49 15 50 48 71 74 18 2 86 30 40 55 88 31 52 57 82 66 61 80 26 66 32 79 53 78 91 89 33 70 99 92 35 80 3 70 73 88 90 57 70 75 19 19 94 39 87 71 7 63 38 2 56 94 97 73 13 1 19 58 67 30 63 2 97 62 2 26 27 89 65 65 51 20 13 72 58 96 66 14 96 10 76 38 37 42 53 83 14 91 78 96 63 26 55 13 51 71 74 57 2 97 79 11 81 38 44 77 80 26 42 47 96 90 81 1 95 61 35 65 20 74 50 55 93 64 17 66 75 33 69 10 77 
33 68 81 41 7 50 39 40 49 42 53 47 5 75 11 29 34 16 94 95 24 1 58 42 15 23 20 7 58 53 41 45 43 4 11 6 65 60 70 95 90 28 5 53 38 39 91 24 47 36 3 28 35 84 6 73 51 22 95 15 33 47 80 40 80 30 1 12 22 85 21 80 99 30 35 79 85 1 9 35 47 7 19 2 9 38 3 26 8 29 37 93 34 59 64 12 25 59 66 24 80 95 53 75 98 49 98 85 61 45 38 34 50 76 23 61 72 25 96 53 54 30 76 99 13 81 4 53 24 7 86 69 50 72 65 37 69 89 39 89 96 43 94 2 68 61 54 81 91 55 5 19 57 47 72 84 74 28 18 97 27 94 62 35 59 58 98 69 98 26 29 9 1 82 32 65 49 48 9 31 21 61 59 63 17 74 74 61 73 66 30 98 8 8 54 3 21 43 99 51 31 67 29 88 37 8 13 61 37 30 75 39 64 31 26 42 98 37 54 36 42 13 41 80 81 40 9 84 27 8 25 44 54 62 22 98 46 15 8 74 9 31 97 63 71 33 13 18 32 68 7 15 65 78 91 81 57 19 68 50 21 48 40 83 78 93 17 72 53 19 26 95 75 83 11 57 42 62 5 1 84 5 54 94 10 85 59 19 8 45 94 69 59 53 11 84 83 13 13 5 34 26 87 0 8 17 8 68 93 28 94 79 48 50 6 64 26 45 2 21 78 50 76 2 81 57 83 39 81 78 99 86 78 87 46 69 85 70 4 73 20 97 7 51 85 45 32 45 43 28 47 60 6 6 26 4 43 53 7 89 15 47 23 65 55 13 71 67 44 50 9 6 71 18 16 25 56 0 23 21 6 16 63 19 66 88 11 96 86 53 8 81 63 86 88 24 90 65 0 65 
91 97 84 1 43 63 2 93 19 95 96 33 48 14 62 62 62 6 91 20 92 53 85 44 69 89 23 35 16 59 14 47 96 91 52 86 46 23 17 87 68 84 58 20 75 14 91 61 96 6 19 54 66 4 47 49 35 61 47 32 56 63 0 46 29 79 59 80 73 76 88 52 58 18 7 46 85 27 42 37 73 73 67 66 93 44 37 48 6 6 69 81 73 96 19 33 61 83 41 67 69 52 48 12 44 88 28 76 17 19 48 85 93 95 66 51 39 27 12 69 18 0 89 74 53 36 42 96 23 21 91 59 56 32 72 65 52 19 3 28 99 40 49 14 92 91 73 69 89 34 0 53 44 54 30 61 63 41 75 63 17 86 61 61 44 56 9 93 65 43 0 89 34 27 20 74 35 58 68 40 40 24 68 83 18 50 40 92 51 60 2 11 42 6 90 39 87 12 14 19 39 92 78 36 48 4 86 67 52 25 86 12 39 83 29 91 13 70 60 42 44 25 81 27 30 44 47 92 59 43 84 80 90 33 90 43 44 15 7 33 77 22 87 94 81 45 30 18 94 71 18 16 92 23 77 76 77 70 51 41 47 79 91 87 70 8 76 77 78 55 82 26 72 53 24 26 48 68 96 15 63 40 65 13 54 96 60 33 79 18 51 72 19 34 78 0 63 59 67 3 50 9 87 80 99 56 73 70 67 26 58 46 86 75 82 25 10 2 78 54 64 65 82 64 94 45 62 55 17 63 51 44 80 82 39 2 85 41 65 56 78 48 57 56 94 38 32 8 85 54 15 3 93 19 9 26 42 99 38 1 13 35 77 52 36 92 62 17 89 54 57 71 9 81 37 96 83 95 12 79 53 52 34 93 92 59 48 61 78 42 3 29 65 61 81 7 67 83 19 56 
41 73 96 68 68 31 17 66 84 16 34 17 39 15 99 11 86 39 74 65 34 64 0 11 50 63 58 54 3 21 15 31 28 51 87 90 11 16 93 74 59 73 5 26 15 49 55 25 32 73 56 66 58 15 74 96 49 31 25 96 29 16 61 99 74 75 25 9 10 77 99 45 3 44 21 75 74 44 82 80 20 54 81 49 15 97 49 11 36 27 58 29 38 41 10 90 71 71 95 61 53 78 76 42 40 40 71 27 82 13 71 99 40 74 34 97 15 62 52 28 57 80 56 14 44 16 89 23 3 65 41 43 44 31 7 10 62 44 67 70 29 56 51 50 10 29 82 87 87 88 19 64 82 57 43 74 9 49 31 15 94 22 62 78 36 35 82 40 30 41 44 93 81 89 25 14 20 14 26 89 75 97 27 14 89 32 0 89 8 36 12 40 28 74 83 50 63 48 97 96 30 19 27 39 92 83 74 46 53 3 82 5 40 75 28 82 17 7 99 4 0 56 11 41 58 93 19 76 43 8 25 58 87 37 0 52 29 32 81 50 60 30 93 95 20 84 45 57 2 95 67 26 27 11 85 78 34 82 75 95 74 8 42 19 53 25 38 69 72 10 7 39 59 4 95 13 9 13 11 30 15 40 25 55 80 23 97 20 37 55 14 79 74 27 35 10 17 77 69 53 20 82 84 40 33 5 45 13 78 1 98 77 94 62 48 51 31 29 84 14 52 22 57 25 69 67 97 79 97 98 18 96 55 0 19 21 94 44 59 39 82 74 53 18 74 8 37 7 68 92 89 88 25 0 80 60 77 46 27 51 79 56 65 86 72 31 92 98 58 75 77 65 27 46 28 14 55 40 83 38 95 26 65 11 70 73 18 4 57 70 66 61 45 59 9 40 83 69 29 64 
37 16 61 25 64 14 20 76 37 12 3 61 64 29 4 98 29 32 64 74 21 65 29 89 45 19 15 33 48 20 55 22 43 92 66 50 29 98 97 57 53 21 1 79 79 54 5 9 84 67 33 45 61 76 5 64 62 79 30 6 44 81 9 25 53 63 2 97 5 38 66 20 33 99 72 32 56 9 72 85 78 8 98 25 52 34 58 21 7 60 99 22 29 4 65 63 41 92 5 21 62 90 44 9 74 13 73 80 27 18 91 41 83 52 22 46 88 93 55 40 94 46 54 13 76 89 43 10 84 13 0 66 47 33 23 44 73 37 79 20 8 61 79 37 11 35 62 5 41 23 40 50 70 93 82 31 77 91 0 50 91 60 39 44 25 32 65 58 88 77 27 67 0 37 67 45 66 61 61 89 65 81 35 89 43 29 31 65 37 87 4 77 64 74 93 92 42 71 77 94 48 10 8 73 77 63 89 86 88 69 88 51 33 47 93 72 25 49 74 90 10 74 58 65 13 31 95 73 27 90 69 8 14 84 71 47 73 79 21 87 81 4 71 69 33 17 85 28 56 50 3 82 66 61 43 34 72 43 65 84 92 77 62 33 41 82 24 60 62 77 16 89 17 15 93 53 65 74 13 95 12 5 5 42 55 55 14 42 79 25 49 75 66 75 15 48 88 94 30 44 6 33 30 43 32 84 27 3 82 92 93 56 34 47 89 1 83 43 64 67 37 63 18 0 87 85 97 41 77 74 77 28 48 46 62 13 26 63 72 49 50 25 46 75 24 55 23 51 97 64 64 60 13 43 98 3 85 87 47 48 63 15 79 67 11 33 17 39 35 78 17 85 55 50 0 93 87 40 62 77 64 79 87 86 73 58 6 54 62 85 14 82 34 81 69 77 37 67 42 10 
24 19 41 63 91 63 22 93 63 49 54 93 98 4 53 20 84 3 49 55 80 71 89 98 42 40 42 39 81 1 22 21 91 19 81 97 8 15 25 3 53 67 72 78 30 71 17 14 10 8 96 70 73 84 33 1 7 23 15 23 47 50 20 16 2 74 33 65 69 76 56 36 23 14 80 33 72 68 44 1 47 75 66 85 63 90 86 70 45 8 63 68 91 73 37 16 51 88 44 71 17 32 8 7 43 14 29 92 20 66 5 23 59 74 40 90 89 3 23 61 72 33 84 67 81 89 80 52 36 33 26 13 82 28 12 48 44 94 96 82 50 94 13 2 74 11 89 28 99 92 97 14 40 79 67 46 69 67 3 68 16 84 45 85 7 60 5 36 57 20 16 24 90 96 87 70 21 31 42 76 97 12 99 10 93 94 59 24 23 31 23 53 18 18 54 10 16 7 3 22 48 22 14 0 49 8 56 6 22 45 83 69 31 73 30 72 79 61 28 13 60 21 74 38 36 20 72 5 85 39 89 6 12 37 74 24 81 46 19 30 38 39 87 71 1 1 97 9 79 38 72 58 42 68 28 3 25 71 33 48 70 78 91 33 77 41 99 68 95 49 86 10 26 63 22 74 87 46 13 31 35 79 72 94 54 54 96 36 45 94 65 78 43 65 47 53 71 5 21 98 80 79 70 91 76 42 78 67 21 42 1 36 93 81 7 22 57 13 63 6 16 80 57 64 61 60 94 5 86 79 62 81 6 10 29 64 42 68 69 97 47 9 23 96 59 8 7 64 97 2 57 24 26 88 17 68 90 79 51 62 50 77 31 34 27 43 59 61 46 69 99 9 29 89 80 25 11 60 64 78 68 29 45 83 31 83 44 81 19 21 72 14 51 52 99 14 45 29 31 31 
42 44 65 5 8 8 18 53 20 40 59 48 80 53 31 14 83 33 31 55 48 8 89 96 81 24 23 34 78 6 90 97 81 94 86 87 78 16 85 87 93 21 96 80 95 24 69 33 99 6 25 71 30 78 7 20 61 53 22 34 93 64 56 27 14 28 39 83 81 75 8 76 4 47 2 84 84 8 44 64 97 9 99 4 27 92 70 43 13 66 2 84 5 17 84 37 91 48 92 47 39 42 84 51 88 66 66 91 39 94 55 44 26 52 48 90 25 98 29 32 22 97 95 50 48 90 78 84 63 2 36 65 26 88 53 84 81 26 63 98 31 22 35 88 3 49 25 62 19 27 13 67 77 76 22 23 33 38 43 39 42 4 20 49 65 7 94 64 87 79 26 28 18 52 99 52 74 13 10 11 56 33 85 73 60 76 31 92 56 64 95 51 76 72 15 37 59 77 27 49 38 80 15 65 67 63 29 77 85 32 2 25 30 54 90 53 57 4 89 4 65 55 53 11 45 92 54 67 94 99 49 53 34 90 77 57 34 57 85 10 51 61 93 21 20 83 39 55 14 38 25 3 84 25 50 59 93 22 89 34 73 57 60 28 75 37 84 9 20 52 32 43 11 58 1 9 86 32 57 36 49 24 22 29 57 0 53 75 65 86 62 63 80 91 35 69 25 53 1 60 7 89 46 85 47 85 95 28 36 32 72 67 41 80 57 47 45 64 39 88 35 86 48 41 47 25 59 88 49 37 80 39 64 92 38 14 98 7 78 43 94 37 87 64 70 24 94 20 18 87 28 37 12 16 33 80 58 70 88 5 5 31 32 4 3 8 97 97 40 92 0 52 68 17 46 88 48 12 56 68 69 56 75 38 73 50 38 56 77 59 84 53 59 73 26 77 93 35 18 3 
81 43 73 10 46 29 35 73 51 38 24 80 35 82 48 88 20 58 34 42 84 8 22 75 1 76 21 6 76 59 70 50 57 38 2 33 0 53 43 6 91 64 1 63 70 58 85 58 95 17 54 69 75 57 12 27 93 20 66 33 18 85 65 33 8 83 11 38 50 17 5 12 76 24 83 62 80 0 99 68 0 38 17 30 63 62 75 42 57 89 1 96 93 5 50 29 70 95 51 28 65 8 27 33 78 84 56 43 15 76 81 47 41 71 4 11 38 66 2 99 19 34 57 63 99 94 17 52 15 22 30 76 31 28 21 16 73 17 94 4 77 41 20 34 17 34 19 66 45 34 30 86 34 16 55 60 6 22 99 68 75 20 46 8 14 67 76 25 33 30 65 36 49 69 23 17 64 48 53 3 9 82 30 71 57 60 74 9 44 67 68 53 19 77 21 86 96 70 88 1 95 37 94 92 30 86 96 25 81 73 90 28 4 14 87 35 10 27 82 61 52 38 35 90 45 52 67 30 11 65 56 27 29 52 92 55 70 9 23 68 2 1 40 11 52 54 56 34 12 20 9 29 50 23 57 79 54 10 89 18 37 35 93 68 5 24 69 97 64 70 97 33 58 32 0 12 92 41 66 70 15 6 37 52 46 66 57 28 75 15 46 96 40 18 14 30 57 9 18 27 60 88 46 49 45 65 61 53 11 9 89 57 35 56 38 30 92 30 8 26 38 71 24 67 63 0 76 67 19 31 25 39 18 5 9 62 27 37 68 56 47 4 68 54 56 15 81 96 24 32 82 35 5 82 64 32 34 94 46 42 89 50 2 64 82 79 67 91 65 56 28 0 83 63 56 29 62 95 54 36 62 77 30 70 71 23 0 50 96 92 93 0 1 29 17 55 12 91 72 36 
17 66 31 58 55 73 44 99 98 76 68 8 6 51 41 48 96 39 20 9 75 77 33 24 18 1 92 30 85 73 82 42 80 47 65 1 47 12 33 55 46 10 96 24 72 30 46 39 71 14 40 62 46 19 49 82 36 38 14 32 23 44 68 64 42 14 40 25 55 38 62 2 83 52 97 59 93 80 50 18 54 64 62 83 66 4 37 83 14 44 85 1 31 78 36 3 64 21 53 90 63 69 12 22 90 59 24 49 83 47 64 78 4 9 17 82 5 73 99 14 18 95 6 6 2 97 71 1 0 22 30 17 99 71 38 9 73 27 52 94 3 1 41 50 9 76 55 27 20 22 8 43 71 38 60 42 38 82 92 84 72 46 51 21 11 64 37 35 46 52 46 19 2 28 40 14 89 91 20 13 79 99 83 14 34 22 27 65 25 65 63 88 2 52 88 79 60 58 77 50 47 2 65 47 39 4 30 94 0 16 46 96 70 35 10 16 61 99 45 28 33 62 58 55 8 74 36 61 88 11 1 48 18 80 55 26 25 59 51 91 27 20 90 96 94 20 53 48 45 57 36 78 80 12 19 79 45 14 15 1 89 73 94 4 98 60 21 69 18 39 18 20 88 6 67 94 1 60 53 58 6 88 52 23 64 41 66 95 29 9 34 95 37 42 79 35 91 84 25 78 61 78 20 38 0 48 82 65 25 48 86 35 68 20 34 68 39 91 56 84 43 67 97 97 58 71 57 68 37 33 87 24 9 98 52 47 47 20 66 45 12 64 3 46 16 84 14 40 32 59 25 37 37 68 59 57 22 99 0 47 35 22 82 32 36 4 19 29 78 72 5 67 28 7 33 40 36 81 11 35 59 29 12 58 58 24 37 90 87 56 19 89 91 5 79 28 97 91 32 12 
71 82 7 22 20 31 75 39 46 15 73 5 48 72 65 95 54 54 2 1 56 84 2 56 36 36 34 63 28 73 8 62 8 70 45 66 47 74 2 81 96 94 70 67 79 78 74 41 5 43 19 25 80 84 46 95 7 76 98 82 17 16 7 65 36 94 7 79 55 29 97 46 4 61 27 64 12 89 64 67 88 51 75 58 97 8 83 87 98 85 7 28 64 5 60 13 94 44 44 42 71 8 81 92 49 98 31 37 55 70 10 58 13 70 47 61 58 60 56 98 10 63 58 69 22 48 75 44 64 50 97 90 3 42 50 25 47 19 56 80 68 1 18 37 89 96 71 17 95 68 50 7 39 10 75 1 21 5 34 76 53 42 93 92 43 85 75 24 41 13 34 27 60 54 40 80 60 96 6 74 24 7 52 30 14 65 97 53 10 52 54 36 69 21 89 43 63 39 32 50 13 68 22 98 17 80 69 35 67 8 69 8 77 10 63 4 29 69 97 76 89 56 2 29 52 90 97 99 87 97 7 10 38 75 32 12 48 60 37 31 12 34 99 92 66 61 51 4 46 66 31 18 71 2 76 74 74 95 84 44 52 3 89 16 28 68 3 13 6 19 15 43 73 87 61 21 56 32 31 86 87 4 82 24 50 30 88 67 7 42 78 91 44 89 81 32 23 41 64 9 93 6 52 19 48 42 42 23 21 47 88 15 14 67 90 97 4 96 23 12 55 80 28 15 0 70 21 63 31 99 98 37 31 56 99 92 79 85 91 87 58 81 81 38 49 74 88 37 28 12 69 98 54 25 10 17 72 84 21 60 61 46 82 24 87 24 21 32 33 66 75 96 76 99 47 43 50 83 28 5 61 77 93 20 4 65 55 95 61 89 70 52 15 26 83 30 8 49 17 30 
42 6 87 27 65 85 57 99 4 20 57 24 65 40 67 18 42 55 84 7 81 26 64 77 66 46 58 75 64 28 32 47 9 97 47 18 35 43 28 85 63 14 44 42 11 74 37 81 66 57 45 73 98 95 70 89 51 23 23 40 34 73 82 25 32 35 94 39 72 61 15 57 83 32 48 7 23 32 57 72 73 65 73 75 27 75 33 84 4 10 49 0 82 52 22 83 42 48 61 17 50 82 83 19 16 76 86 24 73 29 87 68 96 44 28 55 95 72 68 68 95 25 96 28 56 85 53 22 71 39 71 45 24 4 36 84 10 20 1 96 13 60 28 87 98 66 31 84 84 40 0 95 90 60 22 87 16 11 10 17 79 77 37 38 62 73 49 43 17 37 58 52 79 40 91 31 6 34 22 63 53 88 92 65 23 41 0 5 38 91 42 88 31 38 63 44 15 26 75 33 85 75 77 83 59 74 57 7 50 58 0 51 78 12 53 48 25 66 33 70 18 37 0 3 17 30 44 4 53 18 41 68 62 14 41 73 85 18 50 40 21 16 22 36 19 27 59 2 91 0 47 67 96 49 45 71 98 1 96 21 27 59 12 42 29 6 51 38 73 80 33 61 46 21 3 70 84 35 65 58 55 15 54 39 97 79 44 15 66 98 32 27 65 75 27 59 64 6 2 55 56 23 11 14 83 61 12 30 29 90 63 25 8 83 63 27 59 98 74 35 46 78 16 78 19 16 3 1 44 71 79 91 48 29 63 24 55 88 45 23 26 69 91 26 78 80 6 97 7 36 15 44 60 62 39 99 18 48 27 94 14 30 25 78 46 0 42 21 50 61 89 18 63 96 86 25 61 17 66 11 10 99 90 97 30 39 82 1 40 27 60 46 16 44 73 45 95 25 40 24 
92 5 84 42 44 55 3 34 45 80 24 29 22 56 96 62 42 44 16 96 46 59 74 71 92 84 11 11 21 12 92 50 1 21 99 87 90 45 60 10 58 83 15 33 45 22 4 88 86 72 70 57 48 38 76 99 49 85 22 60 38 89 70 5 62 38 26 5 99 20 89 52 88 51 32 73 30 39 59 62 45 58 32 47 39 14 19 70 26 54 42 69 37 35 23 68 25 63 44 77 25 54 95 73 24 75 58 88 44 61 12 88 71 7 45 30 25 49 94 98 61 68 69 77 57 87 43 63 11 67 26 78 98 40 90 95 20 17 66 83 5 34 56 47 79 63 73 27 32 32 98 17 93 39 20 52 24 97 57 95 33 61 4 44 68 58 57 88 97 7 56 21 8 20 59 97 55 34 46 89 66 70 39 98 90 51 6 55 77 41 2 75 41 90 60 8 97 7 93 32 8 46 15 62 1 71 60 9 10 3 9 28 81 21 28 62 88 55 60 8 4 79 22 31 16 38 41 61 67 41 61 49 3 74 24 95 48 25 40 96 60 20 37 53 16 99 53 36 87 40 41 98 9 22 36 68 71 89 49 59 73 98 70 77 0 95 50 98 93 36 54 88 17 71 23 63 23 69 43 32 87 35 63 70 44 40 68 33 85 67 41 82 59 71 67 64 82 20 22 86 96 82 99 52 26 49 26 22 70 83 98 34 88 66 67 34 45 15 87 86 1 95 0 43 16 72 9 0 28 99 23 60 1 25 10 72 97 46 20 23 76 13 29 75 55 97 80 89 96 24 29 0 97 2 99 13 22 64 92 91 56 78 30 90 0 81 32 77 39 58 9 48 7 19 17 30 14 98 90 35 98 91 45 58 48 88 69 61 68 37 51 84 9 46 74 35 34 88 81 38 
61 52 19 16 46 44 85 87 98 7 43 97 29 27 20 20 30 53 31 78 95 57 98 40 99 91 12 19 25 33 84 72 37 65 63 0 58 53 66 11 68 98 4 94 90 34 17 26 47 1 96 24 21 53 51 30 6 41 24 27 78 23 37 73 40 69 51 38 21 30 32 81 14 81 36 43 94 94 73 93 7 39 1 47 55 33 99 2 70 23 81 38 50 23 81 83 11 40 15 29 32 15 26 49 34 5 85 18 35 48 95 52 14 81 38 64 81 97 13 20 67 70 76 56 7 81 64 86 17 22 75 65 35 64 69 52 14 53 59 25 27 52 36 8 72 37 58 78 71 60 95 21 73 50 64 54 39 97 5 44 29 67 42 3 59 20 20 33 48 79 23 32 92 85 20 48 49 92 2 93 42 28 25 56 60 71 86 27 44 58 33 31 17 90 20 90 78 48 47 48 59 73 97 29 44 13 78 32 49 66 33 42 60 55 28 54 1 5 9 99 8 42 16 34 48 80 38 6 86 64 92 66 99 28 60 74 38 18 15 72 73 82 76 12 43 54 96 21 66 99 90 59 62 39 97 18 90 97 44 56 53 4 69 98 91 40 49 18 50 5 46 85 83 34 74 27 53 53 32 43 92 99 45 18 22 98 92 22 6 1 13 7 73 60 34 36 21 77 23 6 0 98 88 70 49 16 0 0 8 35 45 84 16 23 77 20 16 87 58 34 62 23 46 23 80 39 52 48 8 38 99 45 27 41 72 3 33 29 46 74 3 38 86 82 4 60 51 37 60 25 95 18 57 97 30 25 32 39 91 15 68 33 85 67 53 61 31 37 65 8 99 53 81 16 44 91 26 66 18 34 46 86 38 87 52 93 46 0 64 74 30 28 85 68 80 4 13 80 73 71 
39 59 32 38 40 78 86 11 12 68 23 38 86 96 36 92 41 52 97 60 28 13 53 92 76 88 72 81 92 96 49 49 85 57 44 20 87 52 17 48 28 64 33 70 72 68 40 34 85 18 12 82 92 80 22 85 19 45 42 17 92 34 16 60 62 13 60 23 14 89 49 24 37 20 41 81 48 34 11 24 44 70 75 32 4 14 67 2 95 18 26 25 26 1 69 35 61 76 59 31 97 55 69 2 71 5 94 15 70 81 49 82 11 26 97 77 0 44 28 80 85 1 19 79 30 63 81 54 8 30 46 21 60 40 69 95 22 59 33 44 79 47 97 76 40 36 43 74 24 55 54 69 99 16 6 53 17 34 95 37 94 30 16 32 39 17 87 22 86 25 22 5 61 58 3 19 56 25 4 45 8 9 32 28 46 56 62 43 49 16 0 89 7 34 90 69 59 82 28 83 55 49 80 57 90 59 25 34 48 85 93 5 64 30 27 29 71 53 52 75 8 63 55 85 35 0 8 90 54 15 11 22 89 13 20 60 52 14 56 21 3 12 17 62 88 60 39 57 13 74 36 71 16 83 25 86 67 29 5 89 77 83 90 64 44 70 77 31 81 43 3 61 8 69 37 25 57 58 11 39 47 89 93 15 23 6 54 22 53 85 38 50 64 8 97 72 44 40 44 85 63 50 44 76 81 94 72 25 61 3 96 15 47 72 60 49 84 78 21 12 78 40 90 88 0 60 1 63 45 83 4 62 32 90 95 5 41 57 35 54 78 64 17 1 16 0 0 47 74 69 83 77 94 66 98 11 47 36 82 23 36 58 98 66 3 44 85 25 4 67 90 5 62 61 7 62 26 85 65 76 19 29 3 87 18 6 25 55 91 48 59 23 67 66 90 94 8 8 45 98 
17 68 64 61 91 97 38 5 45 11 33 97 22 3 50 25 96 73 92 84 27 95 57 40 59 7 3 42 27 66 85 59 66 7 38 66 47 70 89 47 77 61 70 1 7 14 3 15 78 83 11 27 34 63 43 68 65 85 82 92 56 53 50 89 94 70 51 29 40 22 80 55 54 61 68 4 10 44 79 94 74 88 13 4 10 26 58 74 68 40 62 62 7 95 62 83 50 75 68 17 53 86 8 33 44 1 8 55 51 27 38 13 34 43 26 29 30 41 17 74 47 16 40 31 72 34 53 77 76 47 9 26 90 82 73 37 79 78 30 60 98 80 79 96 64 42 32 80 22 88 9 92 88 28 31 67 31 99 23 87 17 14 17 49 67 82 18 32 23 88 29 89 67 79 74 51 78 11 36 64 94 66 30 33 70 57 12 7 40 6 83 42 49 3 28 4 84 78 92 25 72 34 26 6 94 48 4 59 51 15 5 14 38 25 83 13 73 23 14 10 7 91 17 45 81 84 3 74 57 13 86 73 91 22 0 70 60 67 25 16 55 58 25 25 26 71 44 22 40 18 95 33 89 77 50 16 19 91 22 32 18 20 97 6 38 58 84 1 95 99 65 92 98 8 40 85 82 29 66 34 85 66 32 26 24 5 82 48 4 97 28 84 47 83 97 70 43 19 37 79 13 65 26 41 88 40 87 46 42 43 73 32 15 30 99 3 34 72 52 48 9 10 50 61 72 74 97 53 96 21 76 17 8 37 51 58 93 0 26 21 62 9 65 9 74 76 56 72 21 23 5 68 37 78 11 55 6 49 17 53 23 79 40 18 94 39 58 15 53 98 40 85 43 46 49 71 3 6 22 31 71 97 64 37 23 48 56 91 7 51 19 16 15 83 63 46 29 15 4 33 
68 55 70 6 3 92 69 36 40 56 74 14 86 45 90 62 37 6 89 16 20 13 0 33 59 87 62 66 55 64 20 39 42 54 47 49 44 1 82 32 58 72 44 77 16 42 50 63 82 6 69 42 2 83 71 5 45 84 51 96 99 3 46 78 76 21 60 37 80 86 16 34 29 97 23 74 28 17 89 5 22 73 80 42 95 65 46 43 28 74 34 91 32 37 28 0 0 14 56 58 45 75 6 58 22 10 59 87 34 50 55 26 25 35 64 83 53 83 13 71 60 53 2 60 80 87 19 71 16 30 4 61 17 83 28 68 7 64 57 91 66 41 7 17 86 23 86 25 51 12 37 25 93 56 40 9 78 32 82 67 50 1 0 21 62 84 0 73 86 15 13 23 4 10 73 7 72 38 69 29 72 82 90 86 43 61 56 9 14 3 15 6 4 63 27 74 23 96 12 24 57 51 14 82 8 96 95 74 44 85 27 78 90 75 79 45 30 70 81 21 24 15 30 90 36 88 25 89 96 96 60 85 22 31 5 96 58 28 83 37 63 34 28 84 88 92 24 39 66 0 71 35 28 5 40 95 76 51 64 25 88 80 53 32 44 57 17 53 10 50 25 64 57 66 69 23 34 57 87 83 67 31 39 74 27 29 5 7 83 98 65 38 61 95 3 54 54 91 11 2 8 30 46 32 18 92 2 32 12 77 29 1 46 46 89 15 67 63 52 96 17 43 75 44 54 79 61 15 82 38 35 22 76 52 49 96 39 62 2 74 54 81 29 65 49 3 16 68 17 34 90 5 33 70 0 88 60 18 55 57 23 38 28 53 55 55 7 25 10 62 1 42 8 18 97 92 54 24 37 4 90 28 26 23 25 1 32 77 13 21 54 2 5 98 22 28 99 33 4 93 
89 49 25 23 70 86 89 41 71 38 28 19 16 11 49 85 12 95 60 80 6 80 34 17 20 0 70 78 45 96 95 94 94 15 19 97 20 9 2 52 42 9 88 10 40 72 19 35 18 43 60 91 39 79 75 79 60 58 84 91 14 9 45 28 83 56 58 44 87 61 4 6 9 37 41 28 23 19 67 65 64 10 63 68 0 17 67 10 17 25 31 20 9 23 89 73 6 35 68 1 45 1 6 34 14 25 0 57 44 80 69 44 0 96 61 31 90 48 9 13 80 89 40 80 13 12 72 23 53 90 69 67 56 76 25 40 60 14 73 10 26 70 74 83 79 73 4 58 59 46 71 29 39 42 27 11 28 30 81 45 71 59 6 2 26 55 84 76 54 48 51 22 79 22 38 43 17 44 30 27 41 36 30 52 79 11 63 50 1 91 41 20 12 47 47 99 49 22 16 71 66 39 23 97 58 92 88 58 67 23 67 42 82 34 73 49 25 30 16 60 0 57 20 7 92 69 47 73 95 16 29 1 67 3 64 27 71 52 97 10 7 52 36 29 48 3 92 0 91 29 7 69 0 44 89 74 91 71 23 68 54 67 34 48 57 92 43 5 6 30 41 59 87 16 48 54 86 65 89 62 99 49 48 97 3 26 97 5 89 3 82 61 29 85 83 78 4 97 15 14 99 5 39 7 85 67 5 1 55 58 70 6 63 29 42 93 52 89 67 93 34 55 85 51 7 3 41 98 76 75 65 35 2 79 15 4 47 92 96 52 69 7 15 44 1 15 50 0 40 79 60 41 2 13 55 2 90 73 8 96 70 22 97 75 19 2 2 9 52 85 7 53 87 60 49 37 28 17 23 59 77 58 79 34 5 41 69 6 29 35 59 69 84 70 74 2 34 83 76 63 
75 40 10 43 49 12 31 19 23 89 2 33 20 7 69 30 19 33 63 16 24 45 11 60 15 87 17 48 79 46 80 13 26 90 68 87 83 85 3 9 0 13 55 18 13 29 13 36 53 92 60 11 91 82 87 90 59 44 69 6 3 70 39 55 12 67 70 47 93 81 70 64 70 81 69 38 45 82 37 1 45 17 13 36 26 79 20 57 45 82 99 95 36 21 12 62 41 11 28 14 35 25 86 90 45 87 24 10 86 40 38 23 5 17 61 94 45 52 46 7 63 13 66 63 59 85 4 85 17 29 9 37 82 97 43 70 33 58 25 45 25 96 90 5 35 32 1 49 77 73 44 60 43 85 87 87 1 67 22 84 80 30 73 66 52 25 73 33 78 61 36 19 67 2 41 67 9 10 88 61 64 66 66 50 7 46 2 38 40 23 19 35 66 30 74 4 82 28 82 81 20 29 72 33 94 58 42 37 93 30 3 87 35 6 42 55 13 51 6 16 2 0 19 55 11 13 81 55 24 76 17 1 99 70 78 18 44 83 58 92 61 81 81 74 67 94 69 66 84 57 23 82 62 96 85 43 52 63 29 84 79 59 0 54 20 91 86 30 32 55 89 16 76 48 48 2 50 10 58 48 76 57 31 91 79 93 26 71 19 40 71 82 61 54 92 14 21 38 55 58 26 32 10 39 74 24 89 76 26 26 55 16 41 80 31 59 95 64 85 60 49 99 90 1 36 25 60 64 7 57 97 48 37 95 5 71 87 36 78 31 81 98 84 94 98 93 86 35 97 65 83 9 71 73 20 58 87 19 16 36 79 33 85 11 31 80 99 99 79 83 83 27 25 1 74 83 69 67 78 21 57 40 15 90 51 94 21 28 5 74 78 39 71 22 51 16 55 70 88 52 
14 64 23 57 77 33 97 29 70 37 15 88 95 84 82 28 51 98 14 15 40 12 0 88 85 12 78 97 37 75 79 9 20 84 79 4 5 8 96 59 83 80 94 65 15 83 60 54 65 89 39 52 19 10 14 51 20 99 11 13 53 53 17 90 61 83 91 48 28 95 55 42 57 76 75 78 69 71 64 76 91 10 95 65 50 28 61 69 39 10 17 53 64 85 53 95 97 5 50 97 16 50 36 60 40 73 33 10 57 73 18 51 20 38 39 13 93 81 52 29 76 82 21 99 76 3 84 33 52 30 76 56 84 48 36 4 80 23 40 9 96 96 20 78 12 89 18 9 88 7 9 95 58 15 75 97 50 58 10 95 55 73 78 20 32 50 98 14 22 45 58 52 16 70 39 1 23 15 37 67 27 92 21 11 81 85 82 87 22 24 38 13 92 56 24 50 40 5 0 71 76 32 4 74 66 45 90 45 44 36 92 58 14 77 94 34 5 0 38 3 85 59 16 0 89 65 1 65 73 47 98 2 88 12 89 76 11 55 55 8 33 43 66 18 37 58 36 27 90 71 1 39 41 8 70 79 0 29 94 13 41 96 21 79 64 81 43 48 93 54 30 4 42 98 3 44 0 47 27 3 96 15 80 23 76 71 61 50 15 7 38 6 73 94 5 19 82 7 90 80 42 18 16 57 93 95 72 91 24 79 25 17 79 84 78 1 60 64 28 62 16 1 30 49 13 36 93 17 12 93 79 87 68 77 85 34 71 71 61 48 75 76 93 69 95 66 52 59 79 59 12 70 93 45 90 73 22 33 70 45 32 81 14 82 97 42 20 83 28 93 53 57 71 76 37 39 36 21 57 69 64 47 4 10 29 76 93 74 6 86 59 56 9 45 90 68 36 16 42 96 
48 3 21 64 10 40 66 16 87 9 95 33 99 5 26 31 40 2 76 41 91 15 61 45 83 66 60 13 77 52 82 74 48 11 93 73 42 48 35 3 70 61 34 17 47 65 46 55 42 71 94 57 47 27 79 52 90 59 67 46 24 58 77 32 74 95 56 78 97 31 0 44 3 46 27 48 58 43 37 57 51 27 31 2 32 48 62 61 30 46 12 90 33 93 70 30 44 5 54 41 89 79 99 0 36 0 22 79 59 74 47 46 11 21 93 49 81 24 62 73 39 13 19 97 40 39 46 73 68 57 56 49 45 26 2 38 23 31 54 25 30 52 31 20 70 42 42 1 50 20 74 27 17 21 35 11 33 94 32 40 92 45 86 87 77 69 93 6 42 82 52 30 31 51 86 82 40 46 34 86 71 56 35 44 28 98 68 77 12 79 26 59 95 91 27 62 44 84 93 65 79 35 31 66 71 68 48 80 97 93 78 96 63 36 84 86 4 8 15 94 29 66 1 71 52 25 52 14 56 38 97 82 13 72 68 34 76 51 59 75 17 15 78 84 28 20 6 99 42 87 28 63 16 15 71 55 41 77 92 12 4 81 11 73 56 46 95 93 19 4 38 74 77 7 57 65 45 51 24 71 36 6 50 38 57 38 92 75 1 16 68 14 61 19 76 66 88 81 67 35 24 14 43 94 83 11 67 48 83 62 35 64 83 6 86 9 81 66 91 35 72 77 92 78 49 9 46 98 85 68 33 9 64 58 39 61 41 29 50 68 84 37 79 24 76 99 59 92 34 52 5 88 94 6 99 24 73 63 77 52 23 5 28 62 25 65 33 17 89 38 31 93 45 80 67 7 73 97 86 61 82 68 10 29 39 9 49 95 85 45 37 57 78 22 48 66 45 49 38 13 
1 17 5 47 78 83 51 11 0 20 75 54 31 38 89 99 11 35 59 99 57 38 96 84 26 56 47 94 42 78 41 46 75 48 14 55 12 53 93 50 80 51 21 7 11 42 66 81 10 68 69 72 6 48 5 17 71 11 99 5 18 6 71 55 53 81 62 96 53 91 90 12 68 52 13 10 65 75 43 7 9 28 46 47 66 29 14 84 53 31 4 91 56 43 95 60 98 41 42 18 62 13 89 31 22 45 30 21 48 23 53 17 70 38 11 11 19 94 56 94 77 91 19 41 55 46 58 58 78 84 38 58 12 87 0 21 61 95 9 23 2 56 15 32 62 24 75 20 63 3 62 98 13 41 27 2 65 67 8 92 93 38 25 51 58 5 47 5 5 33 41 29 18 98 78 83 50 48 11 23 48 7 44 24 62 31 66 82 81 2 36 46 7 35 36 93 39 74 95 20 38 65 11 78 64 59 73 78 32 43 79 95 1 44 52 81 61 82 29 86 15 75 6 88 16 74 58 73 77 60 80 77 12 61 94 38 64 38 98 38 70 13 62 40 1 0 44 88 9 85 74 44 99 89 92 27 84 60 40 9 75 41 13 36 11 31 87 73 18 14 97 62 26 61 37 90 10 52 16 77 5 34 41 54 73 5 3 50 71 33 17 84 17 90 78 33 15 53 14 40 46 60 87 94 30 65 3 42 71 96 41 89 15 91 34 68 65 71 62 90 73 5 86 3 71 27 37 17 73 7 22 58 16 64 56 23 73 67 49 15 76 47 66 79 2 26 8 5 52 51 27 57 14 20 99 36 21 27 19 47 99 47 12 8 77 2 35 11 47 16 22 26 65 39 45 43 29 5 15 73 88 33 98 41 55 61 95 14 99 19 67 59 70 27 79 33 59 37 97 9 
12 32 95 22 62 62 35 93 58 36 92 80 82 52 20 10 18 49 11 98 53 84 95 38 99 73 44 1 79 51 17 2 56 35 27 75 7 21 6 50 16 61 39 95 55 38 73 7 93 41 2 38 79 24 23 43 96 43 46 12 34 78 52 60 35 48 7 85 21 80 34 13 31 94 7 45 45 65 80 88 2 26 49 53 57 91 48 78 3 1 86 59 66 75 26 26 73 32 75 49 6 19 34 95 59 49 77 54 38 2 6 89 99 3 91 84 15 95 6 96 62 17 19 29 73 50 38 61 54 52 34 26 83 5 95 83 61 12 48 75 4 65 18 90 38 35 57 37 30 95 72 56 47 94 63 6 97 63 32 95 98 42 5 33 52 92 17 77 91 72 49 55 61 25 65 48 37 25 99 11 28 38 67 98 29 3 19 66 64 29 21 78 25 2 39 16 66 86 67 57 38 20 95 34 8 7 62 99 15 78 28 34 51 25 78 75 16 57 17 18 81 81 61 2 51 42 73 53 55 48 57 48 90 18 27 17 28 56 38 89 88 34 44 63 21 76 6 82 75 0 9 26 40 43 83 2 93 4 38 48 69 58 9 49 36 96 77 66 87 34 25 12 4 73 72 81 80 62 22 91 12 16 6 52 12 19 88 26 65 33 19 27 39 47 80 40 26 23 32 44 32 25 30 3 79 75 28 0 82 13 75 22 94 24 9 54 87 5 55 98 49 13 96 56 76 37 5 14 46 3 72 68 23 35 34 79 61 23 51 61 97 71 17 40 57 14 74 15 68 12 69 59 91 96 68 18 10 66 89 6 78 76 35 56 8 50 92 62 26 6 38 98 80 37 43 52 65 76 84 84 7 42 90 87 69 70 28 98 20 59 51 96 72 54 78 51 47 84 33 63 
22 80 77 42 99 63 54 79 87 39 11 99 41 13 81 13 62 94 23 39 30 64 9 77 79 80 56 58 48 63 28 91 25 5 43 50 38 21 93 51 49 70 84 67 52 98 51 38 45 97 30 81 16 8 59 20 74 75 75 43 72 72 86 12 43 13 40 76 97 3 77 79 52 3 59 13 41 25 11 16 96 44 76 88 70 49 74 5 75 91 35 68 57 78 90 97 21 67 93 67 24 20 61 48 57 8 11 67 56 69 86 38 54 0 18 25 64 53 30 60 93 16 57 57 28 39 69 94 97 72 54 32 19 37 10 60 90 63 77 80 30 0 3 45 27 40 67 79 22 13 10 90 36 78 57 93 58 29 51 0 13 0 94 41 26 38 64 22 80 74 81 0 5 0 63 88 87 71 24 3 48 9 75 10 16 4 38 88 33 77 79 22 71 27 78 61 77 95 66 26 88 26 6 40 15 10 45 95 6 0 17 76 62 69 88 49 41 95 29 82 23 31 30 44 45 33 61 49 49 32 36 37 69 66 60 35 34 86 98 74 20 12 97 38 1 44 90 46 51 19 13 80 14 59 59 95 69 98 56 63 36 92 68 34 46 52 72 85 92 39 14 10 33 55 69 93 47 40 97 17 23 80 3 8 8 48 95 50 81 9 99 50 79 72 63 5 45 70 66 19 95 35 56 66 14 49 32 2 38 79 92 58 91 22 62 29 88 8 6 61 80 19 17 90 71 56 28 86 21 81 17 24 69 92 65 51 93 49 43 60 52 70 7 10 96 88 51 92 85 65 35 24 2 20 27 56 86 80 44 90 58 49 98 84 89 79 52 15 7 53 13 51 59 77 44 24 7 60 82 79 17 32 30 84 43 8 36 79 14 36 70 72 12 6 32 79 75 88 6 60 
53 19 47 92 69 83 76 28 26 56 94 1 79 45 84 61 3 46 44 23 26 63 68 37 67 55 40 82 67 95 54 26 61 48 5 90 48 26 90 99 23 29 83 63 83 55 61 49 46 68 41 12 9 27 6 64 7 2 93 60 53 63 29 67 97 8 38 85 39 92 75 56 96 3 71 60 93 4 32 94 32 12 73 31 33 74 98 77 48 21 92 10 33 10 43 49 20 6 54 41 38 58 30 95 79 73 63 88 85 18 10 51 25 51 76 60 85 9 61 80 74 93 25 91 27 38 75 16 25 16 55 87 52 52 93 61 2 69 34 35 51 10 46 84 85 29 47 73 65 20 22 22 65 98 39 19 3 36 17 22 6 84 94 78 43 57 44 5 99 89 70 18 35 44 37 6 5 26 2 72 21 14 10 62 33 87 71 78 77 47 67 33 22 91 54 63 18 75 68 59 97 38 55 48 26 75 83 72 75 25 52 56 21 21 72 69 27 50 80 41 82 1 94 28 65 21 5 89 65 60 61 68 24 56 62 98 98 41 23 46 88 11 29 18 13 55 50 61 89 77 87 47 96 12 45 64 23 29 75 60 61 53 90 18 76 18 55 2 40 0 41 77 33 8 59 76 25 17 0 64 97 29 31 60 84 18 6 40 52 73 17 44 88 82 64 44 77 70 21 90 89 65 94 20 96 8 19 48 5 27 51 50 25 38 49 73 27 37 69 36 76 47 75 74 87 95 30 55 87 94 73 86 99 68 78 43 3 7 84 42 14 28 75 69 51 67 61 73 16 45 35 8 79 80 48 37 42 59 13 41 98 43 10 40 72 25 96 59 37 36 48 65 94 46 11 83 14 26 50 44 62 4 12 93 49 8 93 53 90 28 45 37 98 5 61 66 59 76 61 59 
17 65 63 81 7 27 80 31 85 49 52 31 59 29 47 2 38 99 93 3 13 8 93 19 12 72 41 75 27 44 25 79 61 64 42 18 59 40 5 66 38 17 65 5 46 87 96 95 95 61 53 62 45 60 37 48 58 3 91 0 58 74 79 32 88 42 85 1 8 69 51 15 76 74 38 34 82 31 57 41 38 69 68 66 32 96 31 55 57 99 11 8 19 62 91 77 10 43 15 45 60 89 25 86 3 4 18 79 5 37 32 87 80 36 27 80 40 83 32 20 30 29 52 23 54 60 34 50 11 82 49 30 5 26 72 63 19 58 3 30 38 96 33 94 70 78 74 31 16 75 75 4 59 58 31 34 95 4 56 67 71 9 58 28 78 26 48 47 60 94 85 6 17 58 9 64 54 47 40 39 19 10 33 74 30 65 47 55 86 17 12 21 2 46 7 44 34 86 12 9 90 2 45 52 94 85 87 47 78 67 53 21 63 45 21 10 90 93 65 65 87 76 99 83 48 14 83 38 75 94 33 38 45 79 91 78 73 34 68 2 53 61 30 20 7 96 29 41 22 53 64 33 42 77 52 70 21 77 63 36 84 22 86 97 53 89 18 51 71 77 56 70 55 58 75 40 59 58 85 34 8 98 57 61 75 36 48 40 98 94 51 24 29 94 56 30 79 67 78 35 86 6 34 98 91 90 88 17 11 53 26 5 59 80 7 44 95 89 39 67 17 35 70 17 58 21 98 89 17 19 85 91 35 33 87 14 7 25 19 12 35 15 96 15 19 55 39 70 24 91 48 35 23 34 5 56 35 36 77 43 97 83 72 70 14 89 46 59 6 67 19 48 55 5 46 66 68 15 65 92 67 52 76 38 53 64 95 11 8 23 33 67 77 40 98 89 72 95 12 15 
28 23 18 10 75 67 69 45 14 23 56 21 81 66 94 50 13 1 5 16 74 86 41 17 19 2 13 22 35 23 97 81 13 39 13 76 48 97 28 77 33 13 41 97 0 14 82 23 41 25 90 31 75 49 21 26 45 21 57 11 49 29 48 62 29 93 19 88 44 46 32 68 33 51 71 57 10 99 98 51 40 15 63 11 72 55 70 73 81 16 95 51 9 25 25 76 13 70 44 14 48 20 61 69 54 78 23 96 14 75 64 44 45 61 60 36 10 69 52 46 82 44 47 39 54 10 93 54 67 89 54 53 61 73 34 8 0 33 96 74 59 16 20 86 58 13 40 86 11 7 11 13 35 65 92 30 78 34 24 36 24 8 3 61 29 50 47 94 44 30 15 76 15 83 39 75 78 32 87 34 85 41 25 55 30 43 99 40 20 67 97 11 84 53 3 58 22 47 38 42 88 15 28 17 93 24 73 53 5 78 10 47 18 91 53 96 18 10 95 50 36 34 33 74 12 86 27 28 51 47 80 85 70 41 6 73 93 71 45 39 3 82 9 53 84 68 57 2 19 2 97 99 66 10 92 69 6 73 66 12 79 20 92 61 88 60 46 48 59 80 19 34 36 14 71 8 38 2 41 23 17 58 81 19 62 29 77 49 64 82 73 82 52 20 95 92 12 32 67 75 87 22 1 44 0 40 77 1 15 7 51 82 60 19 10 10 60 37 60 81 45 55 24 68 65 24 92 41 40 80 78 13 21 90 36 60 23 37 99 75 1 20 36 83 33 65 40 29 12 71 62 73 44 30 82 68 94 28 17 17 38 38 50 19 53 32 11 79 33 13 96 7 63 29 90 7 82 12 52 27 54 55 3 50 55 89 8 1 63 79 18 7 1 72 72 7 59 80 52 79 
55 83 20 32 85 9 45 81 20 75 50 53 66 65 46 75 5 78 77 52 48 15 48 43 61 83 27 24 64 86 27 51 15 97 48 14 99 90 77 42 59 80 93 13 16 97 32 60 82 14 98 32 5 86 35 2 78 79 56 75 6 89 45 91 2 73 12 45 53 50 97 72 80 81 66 81 17 30 72 29 46 20 99 81 74 37 46 71 47 36 55 62 74 83 54 16 41 68 3 46 44 26 61 65 89 7 80 21 31 37 83 15 17 54 63 99 7 96 22 50 94 65 43 12 9 42 77 45 86 74 70 0 50 38 98 61 0 22 0 91 40 70 28 65 19 42 66 51 12 75 14 15 79 51 69 17 25 3 79 14 59 87 49 16 0 93 44 6 84 26 82 13 70 37 4 68 4 81 46 92 38 41 11 59 24 10 64 30 64 46 27 4 79 38 2 32 38 21 10 66 48 90 41 39 31 2 23 27 24 39 24 42 55 84 77 81 54 66 57 30 73 78 70 70 65 97 52 14 57 32 45 12 34 19 82 75 82 44 96 54 99 52 83 50 13 42 83 57 89 75 95 25 19 24 23 16 35 34 73 26 63 95 8 29 45 94 32 31 30 64 80 41 46 59 92 55 10 8 5 48 54 0 23 51 88 61 15 22 40 58 66 86 50 62 32 12 53 56 80 38 69 50 38 25 47 38 18 61 96 30 33 53 67 7 69 73 75 51 10 81 60 80 22 48 20 40 20 69 94 24 65 93 2 10 75 53 51 35 79 1 1 7 88 53 45 94 56 18 60 46 83 28 79 82 26 24 99 23 21 53 67 17 92 19 17 36 66 17 39 31 51 34 39 25 41 70 77 34 97 7 75 16 83 80 9 46 13 20 90 21 55 58 79 58 16 0 86 76 64 90 
58 46 39 12 5 90 97 10 77 67 27 87 96 51 29 96 62 94 16 38 77 35 81 63 91 4 86 16 93 61 61 51 51 35 99 20 43 27 39 53 95 36 7 2 19 29 86 12 18 84 22 73 32 85 4 85 4 51 42 76 10 80 88 96 0 24 14 1 44 16 89 89 14 54 56 24 52 76 21 12 53 73 8 86 2 7 31 22 50 99 79 47 85 5 54 62 44 7 57 95 54 20 7 24 46 74 47 54 87 77 47 25 12 60 10 96 25 93 79 85 89 80 18 62 19 60 38 32 26 17 91 66 28 61 66 73 70 14 47 19 32 67 47 54 33 79 19 15 80 90 71 94 54 1 38 44 58 60 29 34 24 54 73 11 74 73 10 61 0 62 14 44 44 4 46 83 25 96 19 19 0 27 4 82 71 3 4 49 3 3 22 8 41 90 47 21 49 17 54 95 79 80 57 75 61 26 44 9 29 20 52 81 31 24 86 92 34 62 11 89 67 39 86 39 85 64 48 45 87 69 59 23 83 63 50 30 37 30 12 3 83 59 80 64 34 17 92 80 1 94 8 77 76 9 96 54 92 89 36 29 45 29 56 5 88 42 21 13 10 32 31 17 57 93 59 29 57 98 42 79 98 15 34 16 44 37 5 94 2 46 60 15 23 76 86 82 3 86 21 26 98 0 88 48 22 1 34 30 25 42 97 0 15 12 55 38 29 34 37 77 16 48 64 39 10 20 29 5 98 3 27 67 35 53 44 71 77 72 8 85 80 82 93 99 42 43 24 39 41 66 55 70 68 18 43 63 68 47 72 35 14 64 39 28 7 69 2 2 28 59 10 38 15 34 2 13 34 66 19 40 7 47 0 42 27 47 22 13 51 34 43 78 55 83 48 59 77 38 71 74 
6 20 88 59 71 66 38 84 11 46 12 61 63 18 83 51 26 58 13 77 53 13 80 20 58 74 66 46 61 9 35 62 11 15 17 86 3 38 28 7 93 46 62 8 0 35 25 92 95 16 83 33 92 31 56 25 25 54 2 60 23 18 49 18 39 78 30 79 82 89 98 47 32 72 18 27 92 74 21 41 0 85 96 95 63 26 90 99 26 79 16 10 43 80 46 42 22 75 50 28 98 85 20 54 12 94 56 49 90 66 72 19 3 37 69 31 9 52 71 96 91 5 95 91 81 41 97 43 88 76 90 19 86 40 71 51 49 57 7 39 30 61 54 25 34 8 78 7 28 54 66 80 90 92 84 31 81 23 15 8 33 55 85 31 98 23 3 75 59 69 27 87 1 61 14 35 19 41 22 85 27 92 45 57 18 3 82 18 71 7 19 6 17 56 0 41 2 22 43 40 90 82 29 80 65 23 44 5 52 81 90 52 34 81 88 85 74 7 50 5 91 93 2 43 33 25 19 48 14 12 56 40 23 80 17 31 75 22 41 36 60 76 29 93 53 91 16 27 20 72 68 99 33 33 0 45 39 45 17 52 34 91 82 79 68 50 18 82 95 56 77 4 99 78 12 18 12 76 21 28 19 38 43 76 38 98 88 44 60 3 27 45 42 69 36 39 70 49 17 4 74 71 64 31 93 75 98 70 79 77 6 7 31 81 71 69 92 49 78 18 85 20 72 48 2 51 6 14 42 41 58 61 74 37 52 19 98 22 77 14 78 22 12 64 16 80 41 41 69 62 31 25 36 24 69 8 26 57 53 76 22 54 72 14 41 76 36 47 2 17 86 80 46 91 54 11 98 84 97 16 19 5 7 1 35 42 53 38 10 26 49 7 56 24 15 50 69 28 50 40 
93 86 63 91 1 19 89 37 37 14 42 79 80 94 45 20 33 40 57 72 31 88 1 5 83 18 36 53 36 55 66 64 55 66 32 35 12 28 49 9 53 87 1 9 2 33 22 12 49 20 97 80 79 53 62 74 6 14 7 32 0 40 70 33 8 25 40 25 96 88 69 40 39 66 26 82 87 81 58 45 37 87 84 22 0 58 55 64 35 18 55 94 3 82 79 7 69 70 92 68 51 28 29 84 13 10 88 35 50 15 12 29 44 49 86 20 80 55 13 73 37 11 33 39 68 2 28 20 88 78 19 68 95 60 15 11 96 50 19 99 55 99 48 94 22 18 60 92 29 83 75 8 84 76 84 95 35 40 50 22 79 30 6 58 23 51 84 69 9 55 76 98 82 17 43 7 83 74 58 50 33 36 54 22 76 99 77 87 24 24 24 37 56 72 33 97 82 87 71 80 66 29 71 88 95 73 45 85 7 0 16 0 98 92 38 42 81 2 67 66 75 33 68 35 1 56 99 37 34 74 17 14 21 12 39 18 6 22 73 18 10 85 64 80 75 84 86 80 67 78 39 77 72 68 6 34 24 8 97 31 90 37 5 87 89 47 9 31 75 41 24 49 0 85 25 49 68 32 35 20 30 55 97 63 83 81 39 26 3 83 74 85 42 56 53 89 17 84 64 0 78 26 1 55 89 28 41 36 61 40 60 95 71 65 36 24 60 12 75 49 49 12 7 42 34 94 93 58 87 69 45 24 39 61 49 34 54 10 16 56 86 0 78 80 84 76 13 92 3 53 25 53 69 24 91 67 90 73 62 41 46 91 88 63 2 82 52 57 1 30 7 61 59 91 44 63 66 91 35 60 61 52 78 33 73 55 47 54 82 27 4 35 70 6 12 41 88 8 65 40 
39 26 66 23 12 42 91 77 46 87 7 47 96 4 29 62 0 76 86 62 34 49 34 7 3 5 65 43 3 85 24 12 9 68 32 15 57 41 23 65 14 9 20 69 90 30 15 23 22 61 13 39 50 51 13 9 25 54 84 48 69 7 67 80 13 1 2 0 58 56 51 15 0 34 23 35 37 34 80 80 79 88 52 34 50 97 40 1 40 15 33 28 20 87 7 28 25 68 68 75 28 47 63 28 26 17 24 84 83 76 71 37 8 2 54 86 71 2 88 24 60 57 96 88 10 60 99 21 80 55 37 58 57 21 52 83 50 9 86 80 86 0 80 83 75 23 28 32 63 40 37 93 21 88 47 55 73 84 36 30 13 76 81 67 22 11 18 0 95 65 97 52 24 1 40 13 85 3 69 34 28 65 74 5 0 48 57 89 95 97 89 75 94 88 61 46 16 1 68 84 17 82 3 23 56 1 23 36 38 97 2 18 80 22 95 98 63 80 12 10 39 60 0 88 54 15 61 1 13 59 87 78 67 20 5 9 17 34 8 2 67 35 6 72 53 7 1 58 15 2 96 99 53 21 17 10 61 21 88 66 67 77 95 74 67 15 66 55 69 93 16 45 2 43 50 42 93 35 4 17 29 96 14 32 37 48 66 28 43 34 75 5 53 94 23 40 68 66 68 35 47 85 75 41 9 54 62 38 30 44 51 13 67 51 62 79 66 25 76 75 0 21 77 4 22 44 7 57 22 14 51 84 39 76 83 8 50 72 93 31 43 56 35 0 67 22 91 6 7 95 21 58 28 55 7 85 12 5 92 16 46 68 16 31 81 16 19 80 55 0 52 22 60 12 88 10 27 39 82 40 33 15 13 65 19 8 4 27 42 82 98 22 86 74 51 34 25 6 65 1 
50 16 38 70 88 76 13 49 45 96 98 69 5 34 72 64 69 24 29 71 12 31 80 53 91 44 35 80 72 38 78 57 65 30 8 63 89 95 90 7 52 63 36 10 31 49 57 64 39 51 66 88 6 23 75 72 9 32 4 13 4 52 53 50 55 23 41 54 2 71 72 47 44 6 8 42 3 47 68 88 51 68 58 6 56 92 23 80 85 60 56 46 86 80 31 91 80 15 78 17 19 94 55 14 49 33 53 70 62 35 82 36 62 33 6 85 10 80 35 95 29 18 72 14 35 1 87 69 96 26 10 62 13 69 38 95 63 54 3 28 26 68 15 21 33 32 97 14 64 60 35 44 19 0 31 13 45 52 78 51 27 79 58 89 2 60 98 22 42 15 48 46 36 27 54 98 15 58 16 40 66 84 84 31 97 3 31 8 61 53 59 17 25 4 66 61 91 79 82 75 82 30 93 48 45 76 64 35 95 6 98 8 9 91 54 73 73 62 60 82 48 16 67 23 46 63 33 34 32 93 15 75 71 53 13 52 88 35 16 13 31 10 8 20 3 79 84 33 17 47 35 87 13 65 10 38 10 89 84 96 30 92 93 89 1 37 97 72 48 39 87 55 69 4 97 78 41 58 95 15 39 64 28 68 47 83 67 9 65 53 66 60 31 46 87 30 60 9 64 16 63 81 96 29 99 25 42 42 0 97 10 71 10 58 30 28 28 71 95 60 0 29 20 33 37 84 41 20 69 63 20 86 44 6 36 52 36 17 79 2 67 48 62 98 98 73 98 35 79 49 57 28 61 91 5 19 62 86 76 30 82 29 61 48 59 76 7 47 60 24 31 8 17 50 22 3 43 61 7 86 72 25 90 28 30 88 78 51 4 15 84 37 85 44 80 61 19 7 16 18 
55 58 47 8 40 65 71 71 77 5 90 36 95 59 5 84 89 0 83 20 42 29 64 99 28 76 21 46 90 5 43 13 1 38 66 72 71 71 29 65 36 63 7 37 84 63 19 1 84 47 19 82 71 62 93 86 29 69 19 18 15 60 78 25 42 85 85 70 29 33 91 61 52 93 5 33 95 72 60 62 61 53 78 17 37 43 83 81 70 63 35 21 55 14 82 25 58 55 92 65 52 71 58 11 25 24 88 37 60 71 91 59 30 5 46 38 99 84 57 73 1 41 89 59 20 29 94 98 94 76 98 82 23 57 73 48 51 88 89 80 31 68 52 97 2 37 92 16 65 48 43 0 1 84 19 33 67 90 88 34 56 12 3 8 42 83 85 47 63 52 60 95 76 87 61 95 85 11 83 20 27 21 46 46 50 80 60 38 72 64 16 7 21 26 36 55 25 24 85 28 55 22 12 72 8 7 67 77 86 27 5 41 25 9 10 33 59 53 2 30 23 41 3 37 98 23 77 99 4 49 2 60 20 72 14 1 25 62 37 52 15 91 2 71 47 69 86 71 74 27 90 26 29 63 49 14 57 76 1 13 23 74 43 50 55 79 25 62 40 2 37 2 75 46 47 94 65 45 31 39 2 65 95 73 40 91 25 80 72 26 73 60 15 3 54 23 82 91 26 65 18 0 43 26 6 99 96 91 0 69 12 66 56 32 45 43 62 41 44 55 13 88 48 68 54 28 52 41 63 91 93 80 33 80 8 93 77 99 0 1 86 24 70 90 38 32 62 73 13 49 29 65 50 41 3 58 69 92 31 54 53 69 21 43 47 53 56 93 58 62 68 61 44 48 17 65 25 1 52 26 95 66 73 88 86 72 10 13 37 24 27 81 7 11 99 44 3 53 50 53 
50 76 31 33 39 63 40 83 89 83 15 26 91 2 11 39 20 2 28 78 48 76 79 27 15 46 6 9 24 26 63 81 21 96 10 43 53 14 67 19 66 90 44 62 33 51 88 19 54 55 73 23 44 52 36 35 32 2 11 53 84 81 42 66 72 84 52 11 88 29 3 57 29 33 50 45 36 94 52 35 55 27 23 86 79 72 22 29 42 15 41 89 74 38 40 3 97 66 94 19 55 59 24 93 44 65 43 87 98 63 26 39 51 13 7 26 95 15 32 45 65 16 13 56 98 77 84 68 66 11 95 9 49 74 77 4 81 74 48 56 98 13 11 32 74 19 84 36 43 43 70 32 85 83 34 90 76 25 43 50 37 19 77 52 20 96 55 41 6 84 87 21 64 18 42 88 20 43 31 99 94 70 81 45 18 54 37 19 44 36 60 80 8 97 77 49 59 66 90 0 53 54 4 73 8 68 32 29 17 62 55 95 66 1 17 57 80 42 78 68 54 8 49 2 74 87 97 91 42 80 85 93 85 50 99 37 55 12 36 55 26 52 14 1 94 56 69 47 52 63 68 24 6 34 67 37 58 99 61 2 97 53 20 5 2 70 31 92 79 82 79 77 5 93 60 16 62 42 38 75 80 0 80 68 53 21 80 52 90 50 81 98 96 23 84 36 63 51 80 18 73 98 96 15 47 68 7 40 34 25 64 77 77 11 73 6 57 67 24 91 93 56 27 92 63 40 69 60 34 65 23 55 9 63 96 37 77 30 48 65 26 83 93 6 88 50 32 45 99 86 10 10 23 41 98 23 38 49 42 67 6 55 88 4 76 38 95 56 49 35 45 12 67 85 16 53 55 14 0 46 44 48 27 78 4 92 76 92 9 10 48 24 39 3 94 60 12 67 12 95 
53 75 10 28 3 51 59 90 56 67 10 7 70 39 99 38 56 38 74 94 44 3 98 40 61 87 90 47 3 82 48 86 43 46 83 25 63 56 59 2 97 40 85 11 71 68 93 51 99 43 55 21 0 95 53 5 60 28 75 18 19 35 6 46 73 48 91 40 55 94 27 48 20 7 7 78 25 30 17 16 21 75 79 93 7 76 41 53 61 82 10 52 78 98 95 30 94 80 54 40 76 79 80 36 64 38 77 16 90 75 21 13 39 70 96 55 51 16 33 64 18 5 10 57 79 26 71 6 89 15 49 86 96 76 9 50 0 46 61 66 41 1 26 66 71 0 39 50 98 44 41 25 20 60 84 38 38 64 89 90 12 61 12 32 9 73 79 87 34 75 43 28 2 29 95 48 98 76 11 14 98 40 18 40 88 44 96 89 86 44 85 7 10 30 98 32 53 10 29 87 1 9 34 64 45 67 29 70 5 43 94 12 45 67 56 21 40 94 1 41 73 82 32 60 63 1 92 29 18 78 72 0 69 67 67 96 25 75 11 60 70 17 68 71 21 15 22 61 94 44 11 11 26 82 78 98 87 28 97 32 7 58 64 92 6 39 34 11 80 32 55 87 75 18 98 11 21 54 89 27 32 2 32 17 89 67 78 80 94 61 46 8 40 82 64 38 44 15 82 54 30 39 53 2 30 2 80 48 21 45 41 35 40 14 53 34 26 46 61 10 28 93 90 53 84 2 41 90 52 92 51 31 41 85 74 29 13 92 93 27 16 32 65 42 65 58 97 35 77 83 30 4 34 84 10 60 25 90 70 81 24 2 38 49 98 3 22 9 3 17 46 19 48 46 89 86 86 51 2 18 35 94 30 91 86 29 6 47 30 6 36 86 25 44 63 1 1 92 12 88 
40 9 34 25 8 41 86 50 17 81 0 81 74 15 77 42 61 30 37 97 15 25 26 26 51 60 69 81 66 27 65 33 0 4 14 72 68 87 64 59 5 36 16 12 83 33 62 73 0 21 20 83 77 80 41 99 63 20 93 76 58 75 76 45 54 38 62 84 53 9 42 19 58 8 98 93 3 26 85 49 41 75 94 43 62 91 16 83 19 73 59 34 87 21 14 10 76 18 49 77 65 19 13 77 20 28 13 75 52 88 51 73 58 36 92 44 67 26 32 2 49 95 50 32 19 37 91 91 74 90 99 68 25 13 40 98 99 62 26 27 4 0 76 97 53 16 1 10 68 77 41 18 8 74 6 41 96 47 54 61 46 32 98 60 37 74 32 84 71 76 20 18 73 29 80 86 64 62 2 98 30 87 70 81 55 61 92 93 12 31 63 38 65 97 19 25 18 76 1 22 8 43 72 81 65 33 21 79 26 60 94 91 91 53 20 10 44 13 64 17 10 84 15 20 31 36 60 92 34 73 2 5 83 6 49 40 27 18 38 28 74 32 74 65 44 27 98 42 66 58 97 0 13 92 18 15 12 7 77 52 71 42 95 7 66 43 8 13 26 77 5 66 74 3 26 61 98 77 53 88 73 24 96 94 63 25 15 74 9 36 50 61 23 15 53 47 62 0 97 50 44 26 6 0 93 33 89 46 40 27 9 40 85 79 20 43 83 8 95 97 84 53 82 64 8 71 48 21 72 62 55 58 44 97 98 82 27 53 64 48 9 53 93 99 54 91 54 56 77 16 17 92 71 56 65 40 21 84 99 38 98 85 10 10 38 78 13 12 8 33 6 92 95 50 9 79 64 99 5 32 65 15 86 80 96 13 20 25 73 40 63 81 74 57 84 5 90 8 22 67 
32 7 28 29 65 35 38 39 99 12 38 36 51 19 74 92 93 66 55 52 26 48 72 50 67 74 18 67 8 80 70 34 59 16 2 71 39 44 96 80 7 42 9 91 19 65 32 40 85 53 1 48 55 72 29 54 4 99 15 20 20 43 44 46 18 72 55 95 17 97 42 20 36 5 65 17 37 77 49 44 67 24 83 1 88 91 82 80 55 97 33 81 35 58 5 45 99 86 3 67 83 69 77 82 34 17 43 26 89 63 56 5 33 57 12 63 65 11 84 24 79 40 20 61 75 16 21 57 63 44 27 90 69 26 72 6 78 1 2 63 72 87 58 2 38 69 97 11 74 50 63 98 40 32 17 32 81 52 31 46 35 28 23 85 23 10 44 73 46 82 63 63 0 28 66 88 74 51 30 52 23 49 18 91 30 85 20 63 42 93 20 90 1 31 82 74 41 26 13 10 16 20 65 58 39 23 33 66 29 25 30 55 0 72 94 34 9 42 84 49 28 84 75 15 19 77 53 40 71 94 42 89 30 79 77 9 31 28 86 48 59 85 73 46 42 31 70 40 37 88 86 47 29 57 28 21 43 62 39 91 5 21 0 27 30 59 23 3 74 51 58 90 16 64 28 52 67 93 71 96 70 39 29 75 75 64 49 86 59 85 37 0 56 69 30 19 22 31 14 88 74 52 25 29 88 26 19 58 76 48 29 70 0 87 38 15 56 40 16 36 86 48 67 66 82 16 49 5 80 36 90 45 61 46 66 44 60 75 25 78 22 66 11 6 16 20 64 74 3 47 81 6 7 21 4 17 25 63 16 2 43 83 13 9 74 34 6 60 14 18 87 19 3 8 97 65 36 1 48 89 31 91 37 45 8 81 84 10 7 98 96 72 79 17 0 84 37 4 4 11 
67 65 69 53 1 22 40 10 49 64 22 91 6 73 16 76 4 4 97 28 38 93 28 58 60 57 66 63 89 96 69 15 36 94 54 76 79 39 0 25 8 71 5 72 43 8 61 3 75 37 92 83 36 7 25 77 86 54 73 36 52 38 40 64 99 90 22 49 84 81 8 99 63 31 78 53 70 2 16 75 69 34 44 16 7 53 75 59 93 63 81 90 97 74 38 92 38 37 6 60 78 50 41 35 32 48 44 16 31 42 7 50 98 13 47 94 38 63 5 47 81 77 39 2 76 39 55 85 63 22 34 91 40 75 47 81 97 1 64 40 22 39 59 2 42 31 21 81 29 57 84 26 46 92 19 14 57 86 22 35 88 7 85 52 94 0 45 62 40 4 21 94 51 90 79 79 10 84 79 70 0 7 19 62 88 72 16 29 93 87 47 80 20 86 36 82 16 56 99 49 76 39 24 80 11 43 9 40 44 31 88 11 83 37 95 97 72 85 18 11 14 70 12 70 3 56 14 82 66 65 46 90 49 59 40 25 76 33 97 93 53 10 10 87 94 58 3 19 56 70 39 85 5 78 2 32 77 53 76 47 48 61 98 77 71 88 90 85 67 86 72 86 14 19 26 39 97 3 72 26 5 68 8 38 95 45 48 75 50 13 65 65 18 37 38 51 54 17 22 45 61 40 66 16 61 35 43 5 72 56 73 96 44 23 88 18 30 21 84 46 94 79 86 88 16 37 91 59 74 12 39 84 40 92 82 22 4 98 58 16 83 89 87 53 99 15 61 70 8 47 86 77 13 60 63 29 94 93 56 98 7 67 38 42 78 58 37 56 45 20 62 0 7 58 66 59 96 96 99 29 71 79 7 40 79 5 47 63 89 20 74 71 25 55 2 56 25 38 82 47 
22 84 65 78 70 6 69 96 58 85 35 63 81 96 3 20 28 95 47 58 51 24 57 30 4 12 76 53 51 19 14 2 70 8 3 33 49 98 65 20 41 40 57 1 44 96 73 16 92 85 58 11 82 95 28 3 48 82 91 61 38 11 0 41 88 14 37 9 37 18 93 29 32 87 8 62 90 29 21 0 75 66 5 81 96 42 79 63 30 40 72 65 52 72 17 28 46 27 51 47 40 2 38 73 21 55 93 30 54 0 29 61 10 61 99 88 95 29 15 97 84 35 35 80 76 19 81 4 75 6 88 46 80 6 88 39 27 43 3 54 96 33 83 94 27 35 45 13 89 71 44 33 47 88 83 14 38 84 83 24 39 53 77 34 64 74 38 0 34 89 91 69 52 4 43 44 24 88 3 99 76 6 85 80 88 80 81 39 86 86 20 85 70 30 9 4 43 33 92 99 94 31 97 47 42 76 78 61 63 20 24 50 3 20 59 57 6 42 80 20 80 35 31 30 96 47 65 39 91 0 63 96 55 78 52 16 70 67 95 15 42 39 17 99 62 26 34 60 0 97 57 52 0 21 29 47 77 38 80 19 91 11 35 27 69 74 12 1 88 79 79 81 88 84 81 41 96 84 45 34 4 8 47 56 2 25 33 68 78 51 51 52 11 54 99 41 81 3 58 53 96 69 86 48 92 36 73 28 31 41 40 30 81 76 43 46 30 79 36 6 21 64 94 43 67 72 24 29 5 49 26 89 78 45 47 47 48 75 72 80 10 3 40 48 59 73 92 4 9 3 73 48 99 28 20 87 91 59 49 31 54 99 43 15 99 2 99 58 15 53 19 74 53 20 37 96 33 3 35 2 77 68 85 94 37 94 62 77 67 29 87 28 5 78 30 69 5 25 53 70 
81 58 5 85 37 37 66 99 65 42 36 7 23 67 56 57 89 19 75 68 55 51 62 47 36 82 26 83 61 15 30 49 70 14 51 78 44 46 4 88 82 1 14 47 20 12 41 60 13 63 76 40 35 45 1 92 89 39 32 15 80 58 90 78 2 80 1 51 83 63 30 40 8 34 82 46 18 67 69 3 95 54 36 5 72 18 41 16 38 85 72 23 20 99 32 42 33 21 54 94 2 87 37 78 36 55 7 25 23 84 79 67 89 91 16 0 4 0 25 46 93 55 25 87 95 29 64 47 79 5 35 59 74 40 21 70 20 20 50 62 50 35 48 75 46 7 35 24 60 69 1 54 57 91 32 85 28 66 35 4 97 68 91 60 45 60 85 92 49 55 94 0 34 43 27 31 85 11 7 73 17 26 99 25 2 35 84 23 27 76 33 5 65 49 63 7 85 76 41 5 47 55 12 40 57 53 45 48 56 9 29 4 62 23 81 22 99 68 38 68 83 12 89 87 68 26 10 68 72 0 10 40 31 51 72 16 18 29 34 84 74 77 27 64 2 68 19 85 86 37 1 49 70 50 72 65 91 9 57 41 72 99 16 13 55 76 25 51 29 87 33 78 55 65 17 1 59 52 62 34 62 64 74 89 7 82 94 95 76 51 44 88 32 91 26 13 5 70 52 2 54 99 91 75 11 91 70 56 72 88 62 98 31 3 16 72 34 55 38 86 41 0 74 61 79 50 49 11 95 5 56 16 5 52 63 37 22 40 19 96 92 44 46 52 58 80 8 46 67 2 96 49 29 15 71 10 59 1 65 87 43 24 98 37 42 59 78 35 1 37 48 17 89 36 50 17 41 57 90 84 78 44 69 12 51 86 21 45 63 56 97 34 96 77 29 37 41 80 39 18 
22 75 4 43 14 72 52 55 13 66 57 89 83 19 65 80 85 43 93 5 35 46 5 55 69 78 22 49 94 67 23 12 62 85 87 31 99 76 98 81 34 41 30 26 15 87 27 4 38 15 54 59 99 25 30 30 8 48 13 68 10 88 14 91 65 97 90 24 28 91 80 76 37 88 20 85 88 26 80 12 86 6 90 97 27 63 12 55 92 43 89 51 43 98 71 39 4 53 97 35 97 18 95 10 48 81 28 89 67 70 51 40 69 51 13 14 43 17 38 35 97 54 62 12 66 7 58 82 17 19 47 31 22 73 14 58 61 98 13 83 1 68 9 77 59 28 92 59 19 67 33 85 67 47 41 69 68 9 16 62 78 76 73 12 64 60 18 76 66 83 92 13 16 96 97 82 60 11 55 10 40 77 60 66 10 52 50 26 51 53 25 63 57 99 94 38 33 39 91 65 93 26 72 82 58 42 0 64 44 81 49 10 76 94 96 17 34 70 76 17 69 38 4 47 24 6 91 98 58 17 60 68 60 42 83 90 86 18 42 6 47 90 51 27 44 60 85 22 80 9 96 8 21 90 18 24 82 47 0 7 48 27 94 9 29 90 46 97 75 23 54 40 69 22 92 58 81 29 50 77 86 9 42 90 90 79 99 77 31 79 80 77 61 17 32 56 83 63 7 60 19 7 41 6 47 37 93 62 33 78 51 55 89 81 37 16 78 2 90 39 38 26 83 81 71 59 91 54 46 57 2 63 57 40 50 93 11 58 1 59 34 71 57 7 94 75 65 1 32 71 75 17 69 48 83 18 68 9 59 94 70 40 90 84 45 15 70 28 26 82 53 30 63 23 80 97 35 73 95 85 16 54 11 31 55 77 45 52 90 43 67 13 7 11 56 61 55 71 24 23 
93 9 77 18 83 72 67 66 82 64 59 9 42 71 62 13 92 80 28 72 24 56 83 90 41 12 8 65 39 10 17 31 70 75 56 27 76 72 11 33 33 3 8 3 38 29 35 40 12 94 74 97 73 97 88 49 88 17 77 93 69 46 57 51 91 84 98 90 65 0 76 62 90 88 87 62 48 54 7 67 76 27 91 7 91 70 66 62 64 39 51 31 61 48 27 59 47 79 5 1 30 16 33 30 83 45 63 39 0 92 97 91 74 55 4 10 77 95 8 42 17 25 79 38 51 40 16 12 98 37 98 15 27 71 62 56 10 44 29 20 34 75 34 91 3 26 33 75 15 15 15 48 60 29 97 23 55 98 87 9 3 42 60 49 32 99 84 72 66 51 33 48 43 57 86 55 19 87 53 33 37 92 26 20 39 37 64 64 37 50 81 26 56 10 25 49 69 54 91 55 15 42 14 63 65 77 60 51 83 28 64 77 91 72 90 71 31 75 1 64 14 79 73 55 44 29 57 86 42 45 86 59 81 59 68 66 21 26 4 56 13 67 92 94 74 24 63 64 49 1 16 87 80 86 52 61 59 90 9 28 39 0 10 51 60 81 52 52 52 49 76 29 67 1 14 32 32 4 4 36 31 16 8 94 49 27 9 59 85 87 57 8 32 99 46 8 44 23 10 45 76 46 37 2 99 21 5 67 26 83 50 69 23 51 1 40 47 10 45 6 14 18 32 45 74 9 83 20 89 38 77 66 95 33 62 56 63 97 59 40 32 91 12 61 96 12 8 73 52 63 36 0 95 16 94 96 63 20 84 54 51 14 78 26 28 49 25 13 10 27 28 14 79 6 6 83 57 37 69 38 23 33 61 92 14 16 93 71 21 34 23 54 23 42 65 33 74 52 78 80 
92 52 57 53 5 29 26 88 44 3 43 42 67 89 45 71 88 60 31 48 42 48 41 13 55 20 45 92 83 84 82 34 24 12 14 78 4 80 34 3 28 58 87 49 42 83 47 75 1 90 72 95 12 74 92 30 68 74 14 34 86 78 4 1 24 19 22 40 46 67 70 68 13 50 40 23 87 59 8 51 2 87 37 10 93 79 36 85 83 9 61 15 31 18 50 52 71 53 98 51 21 13 83 71 99 30 71 21 58 73 3 23 69 31 1 87 99 81 40 71 50 29 34 27 14 71 1 0 81 65 13 52 0 99 25 41 54 92 71 26 91 9 85 32 52 10 2 81 57 54 45 55 87 6 68 15 79 31 47 40 98 76 64 78 3 25 55 21 78 90 89 87 38 30 46 57 94 12 29 73 47 55 31 53 77 52 24 26 86 72 48 76 3 10 6 25 29 75 45 96 3 21 65 43 3 25 17 58 38 28 0 74 60 32 52 90 31 78 53 97 47 91 76 56 70 59 84 49 32 21 69 65 62 17 26 30 34 98 38 75 98 88 87 56 6 48 75 69 35 37 96 27 86 36 74 9 76 55 66 7 79 23 76 36 49 13 61 12 68 77 58 25 13 22 22 20 76 57 34 6 32 49 85 12 43 10 58 6 29 29 43 78 18 24 57 97 93 47 13 82 83 5 65 36 27 30 55 60 42 61 74 94 34 34 11 40 43 71 21 31 6 18 0 71 46 89 10 81 91 93 51 27 44 52 87 10 44 54 37 66 29 53 10 3 53 20 54 64 56 25 95 81 9 63 8 89 45 38 39 99 69 28 34 27 0 64 58 37 72 65 34 90 7 77 71 20 97 2 84 63 72 1 19 59 80 37 68 64 8 7 57 71 85 68 79 59 45 18 25 8 
47 42 6 43 61 65 20 2 10 13 62 9 25 47 42 85 21 87 67 24 15 52 84 66 97 28 58 30 89 2 34 0 41 30 3 1 63 64 98 23 32 90 43 71 69 67 47 56 38 96 50 58 27 52 11 95 31 30 34 36 94 63 13 95 90 81 66 32 98 84 84 66 35 34 32 48 38 12 67 79 98 47 53 13 86 4 7 78 42 64 31 74 34 31 92 59 62 15 94 33 64 75 35 27 27 56 0 96 50 92 33 38 1 29 71 1 49 92 79 87 17 55 27 31 36 56 76 0 58 87 8 63 79 86 11 47 45 35 69 35 4 33 90 34 82 34 20 63 25 84 44 99 46 67 23 59 72 11 80 68 76 59 23 74 73 77 47 9 91 50 19 14 80 84 22 37 39 90 9 30 37 4 90 6 80 0 82 34 97 84 21 66 49 25 73 83 96 63 20 77 35 86 23 9 42 77 84 6 39 61 38 34 88 96 80 74 71 89 18 33 85 55 30 31 42 86 18 65 43 18 13 28 79 99 45 22 38 99 8 34 10 46 26 64 68 87 50 53 71 8 7 56 55 83 73 52 18 42 47 24 25 28 51 77 57 77 4 87 28 92 0 35 48 18 90 71 12 94 81 34 28 63 14 97 11 22 26 30 4 0 32 92 4 2 97 24 67 15 9 63 56 46 37 28 50 17 98 35 72 53 89 85 27 35 63 50 38 74 38 41 62 2 72 98 55 36 92 78 75 11 63 74 14 10 74 45 74 19 13 64 16 52 33 23 46 72 97 34 34 60 1 71 19 26 60 30 6 45 80 26 44 95 23 69 14 16 37 99 13 72 19 63 28 66 14 39 66 25 88 61 52 24 42 22 66 21 39 38 97 99 16 64 38 40 5 91 76 48 94 77 
27 23 25 27 72 57 71 6 99 16 98 8 88 61 2 5 29 71 50 0 84 16 93 73 85 18 16 49 77 13 86 48 73 61 99 49 96 39 53 70 26 35 44 78 27 21 92 9 99 96 53 23 7 73 78 4 77 4 84 9 3 36 97 54 73 6 64 83 32 81 80 61 53 11 69 3 27 6 97 69 96 55 35 7 86 66 80 57 10 80 67 33 92 98 14 21 17 54 33 12 92 71 15 51 58 40 71 76 38 69 77 29 76 41 4 17 26 39 82 12 76 24 6 13 98 92 2 49 23 65 13 77 36 80 26 86 16 57 42 52 18 86 67 13 59 18 61 8 13 27 41 22 63 25 72 99 91 41 64 84 49 71 65 52 9 38 59 32 34 32 95 47 13 52 39 58 66 54 98 69 80 52 20 90 63 3 90 73 53 80 45 52 10 39 9 36 69 59 95 60 50 71 2 38 45 49 78 75 47 85 62 42 80 20 56 60 32 50 11 43 54 68 64 20 26 10 56 21 26 40 61 55 71 19 90 64 60 75 4 25 19 51 26 73 43 24 61 89 59 61 9 11 41 50 14 69 45 92 71 68 2 5 55 12 33 88 48 25 13 87 80 74 67 95 86 66 19 44 22 12 26 2 80 75 46 54 95 26 50 61 81 56 39 58 81 7 40 26 83 86 76 57 43 72 37 62 61 47 7 79 96 42 90 71 81 62 49 0 46 91 23 32 66 33 55 58 88 57 60 89 64 66 37 13 5 79 11 68 95 14 50 83 18 37 68 41 92 93 14 56 16 16 11 91 36 72 92 18 96 24 93 28 15 85 68 2 48 97 35 1 57 86 78 94 29 67 43 51 80 83 85 45 60 58 95 88 17 75 1 39 32 87 7 72 51 23 21 21 35 8 
23 81 39 80 70 5 76 11 30 47 42 8 22 44 39 56 49 16 97 5 50 70 64 31 66 17 44 21 64 95 28 8 49 67 56 39 50 96 48 30 47 7 94 40 69 85 92 27 86 3 89 87 91 86 70 86 2 59 91 82 49 58 36 99 59 20 49 35 62 63 9 59 5 17 10 80 18 80 60 30 82 9 93 7 24 78 63 63 79 33 12 3 8 6 6 67 96 40 81 0 30 25 94 82 51 27 25 55 9 69 62 37 46 69 36 12 97 89 70 14 26 45 86 74 90 17 91 3 32 27 41 99 26 87 48 24 31 61 93 89 67 3 92 32 84 20 66 79 42 20 53 8 1 69 46 85 25 21 22 84 43 53 73 87 74 41 54 24 88 13 95 99 62 28 43 12 37 66 93 10 39 87 16 20 2 50 51 16 94 7 32 25 33 57 12 49 46 99 73 98 66 77 2 64 15 70 25 48 10 83 78 40 16 94 40 38 19 0 18 77 94 11 0 54 74 85 18 96 26 89 68 38 5 87 74 24 31 46 86 92 6 19 12 26 54 33 77 31 78 39 55 74 0 93 75 47 70 83 8 36 87 31 80 21 50 45 33 84 61 55 9 73 96 53 73 90 43 79 54 10 70 50 89 71 39 97 17 21 89 36 58 5 11 60 56 94 71 20 53 3 40 87 27 33 82 39 29 83 28 65 4 95 14 94 13 30 89 86 53 7 35 96 31 68 0 1 17 54 73 23 66 9 18 48 72 91 31 63 9 81 34 8 2 91 36 95 34 73 73 46 60 45 41 18 84 48 68 30 59 7 96 32 33 87 62 99 87 76 79 18 65 93 67 41 65 8 55 17 25 83 98 79 49 24 73 31 29 33 49 43 49 71 9 61 65 52 52 56 88 98 
21 0 68 50 85 91 12 5 91 60 77 41 54 78 73 39 97 32 0 72 89 91 32 78 82 95 36 80 51 51 68 44 59 36 19 48 59 65 76 83 28 92 43 18 12 50 59 34 7 83 96 72 86 76 55 66 49 54 7 75 41 72 91 79 20 64 73 11 8 26 61 56 86 52 94 50 60 29 44 62 5 88 99 5 51 20 79 89 44 62 32 70 49 90 92 78 37 18 11 24 38 91 42 15 45 17 31 65 66 29 36 22 81 21 18 71 44 0 99 47 33 79 23 24 20 67 88 29 68 75 36 3 0 28 72 65 89 31 10 56 50 87 50 58 1 56 84 63 8 76 56 78 47 4 12 26 12 81 62 32 42 43 45 18 94 25 10 52 66 42 10 42 13 27 10 59 88 71 90 4 37 32 62 4 49 34 26 27 66 32 43 32 51 1 86 7 36 25 57 2 89 70 68 4 69 89 14 24 2 80 47 11 38 35 36 92 5 41 45 3 42 6 31 16 20 35 38 69 62 90 84 23 36 2 11 48 51 37 31 97 34 36 28 95 35 74 7 83 74 97 10 94 13 10 1 52 7 95 66 61 16 66 8 25 52 95 24 80 75 86 76 35 42 26 60 28 65 89 74 32 52 46 17 69 33 99 1 85 1 6 93 5 62 22 49 6 50 77 50 32 70 5 99 36 81 8 96 46 18 76 14 7 31 31 89 23 39 54 89 38 59 92 68 15 48 78 2 70 69 80 54 63 46 82 28 51 39 8 80 78 63 83 42 16 35 69 35 12 88 7 26 79 68 17 62 3 35 77 3 67 84 4 95 60 1 93 28 33 5 91 43 15 52 42 47 84 92 80 26 25 79 42 19 21 11 44 4 72 65 45 98 91 5 52 19 42 10 98 43 52 
61 57 46 9 90 40 60 10 55 52 19 5 63 30 77 23 46 11 14 22 31 28 68 18 3 98 63 82 64 44 52 87 28 10 68 41 23 18 54 75 14 77 65 60 42 97 87 17 20 20 35 13 10 27 72 94 81 84 57 90 41 0 12 30 90 21 82 86 21 4 5 33 58 14 73 63 99 17 7 20 17 48 67 38 56 62 76 53 13 59 21 66 96 87 86 18 96 36 51 12 62 42 64 54 40 97 39 76 29 91 37 90 20 71 71 12 11 73 84 66 34 2 30 68 1 78 11 98 28 33 60 20 80 67 60 18 10 60 86 94 50 67 86 98 11 4 59 79 30 51 45 54 12 35 53 90 12 0 30 62 0 61 57 69 86 97 92 47 90 72 58 2 21 48 66 89 37 33 6 47 48 45 11 80 15 80 46 15 33 68 28 83 58 72 73 11 75 6 1 79 94 41 93 82 90 28 0 93 43 76 41 53 55 52 77 84 43 62 24 56 16 45 64 40 16 21 1 31 93 51 2 30 40 78 52 13 81 45 49 45 7 58 52 93 18 57 43 54 28 77 27 55 29 20 40 61 16 2 56 40 99 12 16 22 74 65 18 0 75 32 53 97 6 39 82 89 89 35 23 55 3 57 52 14 92 33 57 19 36 9 47 74 69 89 39 93 46 48 1 41 58 69 50 74 84 14 67 63 32 41 94 62 94 2 19 97 1 8 1 61 51 39 69 1 59 97 42 26 67 16 97 66 75 27 63 83 82 85 0 62 31 22 83 63 98 51 71 63 9 24 24 51 37 96 11 50 77 9 2 14 49 25 99 63 82 96 14 41 74 54 97 95 18 75 20 91 80 45 77 32 10 15 21 93 98 48 16 44 79 17 70 28 36 34 19 50 16 50 4 42 
33 94 65 64 5 84 77 21 62 28 97 52 85 31 29 40 42 38 57 68 69 33 71 84 72 5 28 41 99 82 36 60 0 81 69 71 89 89 99 45 38 48 46 0 63 13 92 19 41 76 90 32 68 85 4 10 65 72 87 76 69 44 58 47 42 59 97 8 80 46 6 60 34 89 64 47 22 49 25 39 63 76 66 15 78 93 10 79 23 68 15 21 76 36 92 97 30 11 59 30 7 98 89 13 40 70 16 93 56 86 52 83 12 87 94 14 16 24 0 6 18 1 89 42 90 45 32 52 2 23 62 85 11 10 53 92 79 49 22 99 72 22 7 83 24 96 5 31 19 71 31 24 91 43 8 31 94 81 46 99 57 81 96 85 50 31 69 34 39 52 29 52 97 7 59 79 32 29 20 53 33 78 63 35 44 41 97 6 20 2 11 35 27 78 82 71 34 98 86 14 39 76 38 4 37 78 58 24 2 76 86 36 92 73 99 93 82 8 36 49 47 89 43 67 48 9 91 42 81 2 95 60 1 52 44 67 47 59 56 17 0 34 40 28 43 39 16 62 42 65 64 3 77 78 65 83 15 4 56 26 69 18 25 4 44 18 96 14 35 62 13 98 88 35 10 6 81 46 29 80 90 62 77 5 53 20 9 47 27 97 68 15 81 41 80 63 16 12 1 48 85 14 32 92 32 15 11 6 20 84 63 37 60 23 29 54 71 57 81 36 45 94 40 94 20 88 3 60 70 43 28 30 33 1 53 26 58 14 87 94 19 26 49 61 19 46 61 10 75 79 58 5 98 33 7 43 8 27 47 32 52 91 29 51 67 25 61 80 96 39 40 32 22 4 92 62 98 57 12 61 58 3 95 19 46 91 66 68 76 82 71 93 79 36 19 31 19 75 44 43 
5 35 87 7 21 98 8 26 27 25 36 92 94 93 18 88 49 15 69 75 76 92 8 6 95 30 67 50 6 27 1 45 45 19 15 4 24 43 12 20 69 18 17 46 8 1 95 71 32 55 23 59 40 55 65 36 81 60 68 85 26 44 69 33 71 40 90 34 87 60 1 53 20 12 28 63 40 98 67 65 53 97 28 12 48 49 55 69 47 19 75 71 28 8 59 96 9 53 76 69 50 25 42 12 40 47 33 12 79 13 50 16 34 30 78 91 33 11 2 32 39 68 27 8 41 53 92 0 82 49 26 45 1 66 44 65 57 34 19 20 95 23 99 47 97 14 82 75 37 61 65 29 63 36 25 21 43 36 60 60 10 55 16 59 76 63 22 88 27 27 31 79 10 57 47 26 96 45 83 9 89 6 48 45 29 58 61 65 96 97 98 65 14 68 77 66 28 84 33 38 42 40 4 74 90 70 61 65 85 86 7 63 1 8 97 6 43 37 14 24 10 31 78 49 12 56 38 86 59 80 40 82 26 98 31 52 89 33 22 25 50 6 74 72 66 13 25 55 79 80 88 75 79 88 49 26 25 23 42 0 19 28 48 33 67 56 95 53 6 1 13 6 42 46 61 29 90 54 27 73 76 64 13 89 42 98 3 56 1 72 98 83 74 20 69 45 54 12 37 82 88 19 95 54 9 12 4 23 99 19 64 90 2 69 74 34 23 18 99 74 25 17 1 71 74 36 54 89 73 96 89 70 5 87 68 63 3 48 26 39 31 80 47 49 29 43 82 38 30 88 10 28 43 68 72 29 13 75 64 10 10 9 38 41 0 85 71 68 36 36 8 57 76 28 86 67 57 73 71 26 14 68 11 42 5 74 87 16 73 23 30 34 83 55 65 51 37 53 53 86 
56 26 25 47 69 80 1 7 22 48 97 81 49 5 55 89 89 55 49 88 17 54 29 27 42 42 5 49 28 78 69 76 43 40 6 47 66 65 22 77 56 93 77 52 55 32 2 16 9 66 14 26 53 25 40 8 37 13 87 78 33 5 80 42 41 0 70 52 34 36 82 33 59 38 15 10 98 2 15 51 8 1 0 9 8 84 88 98 82 82 26 43 28 62 57 32 94 66 98 23 91 32 92 4 27 79 10 59 63 21 3 98 61 18 12 73 60 27 33 3 92 99 99 11 74 1 77 43 46 36 90 43 4 12 33 33 93 86 78 63 82 81 13 42 14 18 17 86 32 73 46 39 79 17 69 10 41 90 91 46 38 77 5 60 21 87 64 8 15 29 69 47 39 96 98 42 6 69 33 45 96 27 4 64 55 24 97 96 54 16 24 57 8 24 60 82 75 54 15 62 90 86 80 66 31 64 21 7 77 6 72 37 45 81 58 84 31 16 27 86 54 57 8 5 34 82 62 50 44 33 22 70 47 31 6 0 36 3 51 84 67 7 71 15 45 79 33 14 49 52 62 27 59 39 14 97 50 95 8 59 25 60 66 56 8 44 61 26 20 19 99 5 48 46 90 89 53 17 96 51 21 1 99 59 75 79 59 17 98 74 53 6 62 59 35 53 99 79 53 83 89 36 46 42 88 4 76 37 37 83 52 29 17 95 89 51 84 44 94 62 76 69 78 41 84 41 52 72 79 55 79 35 41 32 20 48 59 1 73 59 50 76 48 70 46 42 9 66 24 24 48 39 58 98 51 50 65 3 86 37 35 27 95 79 51 5 16 86 62 53 47 85 90 21 73 2 12 82 58 28 10 89 57 0 75 82 31 45 30 30 44 81 25 56 44 2 74 41 75 65 
63 20 84 9 43 30 55 64 56 94 61 26 9 5 95 10 63 13 70 96 20 55 43 51 0 6 31 88 20 42 76 35 95 25 96 83 71 31 29 8 44 60 98 38 35 50 81 43 18 19 77 5 26 37 70 3 80 9 47 82 12 65 72 30 59 33 56 21 56 7 4 30 81 62 76 43 19 88 5 54 40 32 16 36 51 19 58 73 85 68 77 91 18 53 90 58 17 76 23 1 29 96 31 71 36 89 56 42 73 45 64 40 93 83 11 43 49 96 75 42 99 21 97 51 62 72 67 73 99 90 51 59 65 84 35 86 39 97 57 37 93 91 29 11 5 45 40 12 59 17 32 69 70 78 70 22 12 4 11 41 99 79 77 61 62 48 11 35 60 49 92 87 55 20 81 22 4 58 42 90 97 18 82 55 82 84 52 65 88 18 37 6 15 86 71 69 27 52 68 30 62 6 60 13 87 78 39 37 86 98 11 18 99 55 84 51 84 86 56 31 54 70 1 86 38 56 21 70 88 76 50 24 9 69 54 33 30 29 96 37 75 13 31 99 81 67 3 13 86 38 54 68 30 4 37 19 60 37 42 49 85 87 76 17 96 8 89 57 6 95 88 41 64 18 47 97 75 20 46 13 1 27 5 17 13 48 78 80 73 49 71 16 74 42 43 15 53 96 38 93 92 15 54 18 75 67 23 4 97 24 62 68 10 76 62 49 17 85 75 94 0 76 4 46 95 49 50 44 75 8 65 40 9 12 10 78 34 14 18 9 7 84 39 5 19 82 32 29 40 48 42 92 31 77 92 72 68 68 38 99 86 26 57 94 59 67 13 11 95 88 45 91 21 52 4 60 74 41 84 83 92 61 75 22 54 82 11 92 66 15 58 29 46 28 59 47 64 76 27 21 
12 48 44 31 99 3 61 86 81 52 6 33 3 32 7 40 55 85 63 61 71 22 99 52 79 35 6 84 26 59 55 18 3 28 73 95 86 31 88 78 82 21 13 95 15 89 78 83 87 19 5 99 88 8 24 38 10 3 59 83 63 19 10 60 58 62 91 53 40 82 66 72 16 54 42 79 54 11 39 62 2 23 52 87 66 50 6 67 25 56 65 55 10 82 76 50 24 23 4 1 3 57 90 56 87 60 56 91 63 35 42 70 84 3 41 0 71 40 89 26 13 21 1 1 78 58 12 69 21 51 81 89 97 8 21 59 66 87 40 98 29 14 21 41 50 1 71 6 85 58 24 83 63 31 31 87 5 76 50 76 61 58 45 7 32 11 2 21 23 83 5 97 94 21 42 93 14 99 60 6 39 3 72 54 89 86 42 72 66 56 67 39 96 92 81 99 94 89 11 92 61 67 84 43 13 51 17 82 58 75 20 59 12 29 32 96 81 58 15 77 61 33 43 74 70 36 92 3 21 55 0 6 12 65 36 20 54 83 99 14 92 85 84 17 66 6 45 76 53 55 17 17 66 97 65 42 63 11 43 89 32 78 35 2 44 31 74 76 73 84 79 3 66 83 12 33 80 95 94 78 55 85 13 68 9 58 30 78 87 41 21 20 31 39 13 0 90 62 74 52 70 39 90 76 55 95 87 13 78 8 32 59 70 95 50 70 66 13 73 35 86 86 3 21 34 13 12 33 12 58 95 83 62 24 72 74 34 83 14 0 4 77 91 89 9 2 5 56 61 10 7 3 68 10 61 11 41 59 16 76 7 18 94 66 83 95 72 76 49 45 92 91 82 53 38 19 54 94 10 21 39 52 48 24 78 44 82 38 68 52 13 18 40 16 46 27 82 99 79 46 
7 14 6 16 52 73 86 6 16 27 20 54 18 29 87 14 54 26 86 78 79 25 34 21 69 58 20 20 56 2 52 57 80 61 72 98 2 65 50 24 39 25 83 5 8 15 56 0 2 62 47 0 22 30 51 99 23 89 43 61 83 22 96 23 40 64 21 21 72 37 59 20 99 19 4 88 27 71 97 58 96 93 95 71 25 71 77 40 27 89 96 24 28 64 55 11 95 29 81 98 14 21 76 91 72 74 11 43 44 49 87 4 38 66 18 84 1 72 64 10 40 9 54 15 36 20 76 58 45 73 5 4 65 1 42 7 98 59 55 72 16 13 49 66 66 95 61 93 76 8 39 87 85 71 47 34 98 34 19 18 62 12 97 40 75 80 36 87 85 11 45 5 74 87 9 89 50 66 95 48 91 80 3 94 52 61 96 39 57 37 49 86 47 98 56 36 14 83 47 24 6 41 17 33 1 10 71 25 89 68 13 61 7 69 95 0 28 76 47 56 39 14 6 70 34 90 39 18 28 86 3 28 63 92 26 45 31 43 76 0 83 25 99 70 30 44 0 84 69 44 68 1 83 69 33 59 88 46 26 74 51 85 39 82 93 79 52 52 47 2 7 60 32 65 28 77 50 64 5 34 59 65 54 84 45 58 19 48 42 96 84 50 29 63 32 82 1 19 4 66 77 19 58 24 68 52 33 78 6 4 75 23 86 74 22 47 65 93 92 13 94 5 41 56 60 90 65 5 85 68 42 56 1 13 22 57 87 53 1 27 49 59 46 61 98 45 80 57 27 69 19 43 6 9 50 63 87 88 95 2 15 82 53 88 47 94 74 1 17 5 13 78 53 46 29 75 47 52 91 79 3 4 8 1 72 15 19 72 74 66 21 69 90 20 14 57 27 20 91 79 
22 84 41 10 1 1 77 34 13 8 79 35 45 0 44 99 58 29 47 42 60 20 48 51 5 16 60 16 65 36 28 56 62 98 12 32 61 44 13 20 80 61 57 11 85 14 83 26 19 65 91 93 7 66 56 98 94 0 48 83 5 10 11 42 61 95 42 79 49 50 6 92 92 94 29 91 75 54 88 81 83 36 98 46 22 35 96 81 52 9 62 69 4 26 40 28 48 90 44 83 65 17 95 54 30 33 22 46 12 83 64 40 74 62 5 43 29 20 65 37 75 83 41 46 68 91 92 78 9 36 50 36 57 91 29 23 4 32 21 48 10 51 22 95 48 63 8 58 33 93 62 92 55 65 81 83 86 30 15 73 38 58 15 91 21 73 28 90 92 52 2 29 34 92 83 79 29 62 26 27 88 50 96 77 88 1 71 43 63 88 64 68 53 77 56 31 37 51 87 63 68 93 64 50 29 27 38 71 5 88 67 77 31 3 82 37 30 73 55 14 17 30 4 31 12 60 76 33 66 32 42 59 10 87 63 30 21 32 56 96 28 38 68 0 50 88 45 27 73 66 68 17 86 7 38 11 65 38 72 67 18 10 38 37 89 69 16 53 56 34 77 53 86 45 17 80 78 24 48 47 73 36 3 31 21 58 11 95 34 10 64 67 86 99 59 37 44 16 91 96 93 83 84 58 95 12 29 34 65 52 28 77 55 7 12 64 53 6 74 87 34 17 27 29 11 0 29 80 81 4 19 97 3 45 98 35 76 14 45 1 45 32 97 6 69 74 66 21 68 96 88 67 17 67 29 71 51 65 78 24 39 45 85 27 80 73 14 21 75 58 92 53 32 76 74 37 72 3 97 65 29 92 53 96 31 4 96 15 80 34 49 80 86 55 64 43 63 43 5 95 
9 25 91 19 92 19 52 82 49 60 62 88 16 78 8 42 24 75 41 73 85 98 20 65 90 54 93 71 40 47 14 17 59 31 54 62 36 79 30 34 50 82 5 78 25 90 2 87 44 98 39 15 69 6 43 77 87 29 95 62 79 32 58 60 3 28 48 66 27 62 17 60 61 44 29 84 36 51 90 57 35 27 19 79 54 91 16 23 9 41 51 97 36 0 65 3 55 72 30 15 75 61 60 8 28 24 63 17 9 38 33 23 77 51 36 60 7 35 4 24 20 86 69 15 79 33 98 74 26 54 51 86 7 20 48 71 69 68 90 82 52 47 2 1 46 66 32 51 48 10 85 10 88 60 76 20 24 8 66 78 23 35 52 87 99 7 45 20 31 26 19 77 25 62 74 20 86 68 11 3 41 46 7 91 74 66 29 40 72 48 48 98 92 15 60 48 7 69 18 67 26 84 82 33 37 51 32 51 38 20 67 32 2 49 62 91 40 10 35 4 69 67 32 62 72 62 0 31 7 15 80 8 98 98 2 3 74 1 69 11 76 63 45 46 31 20 13 36 16 30 31 31 16 63 16 42 39 80 47 95 19 69 82 48 59 62 91 41 77 58 17 94 74 33 55 82 72 11 32 76 92 71 76 1 26 90 66 91 29 9 6 88 83 7 81 2 53 39 23 58 35 48 15 42 2 42 29 39 90 90 64 63 98 17 19 27 25 50 26 36 82 92 69 59 52 61 44 99 20 92 23 94 82 20 44 38 66 66 55 77 95 17 29 63 56 48 68 44 27 35 13 86 34 46 19 47 60 15 44 10 36 58 46 86 72 41 23 47 1 89 76 85 80 67 86 90 24 19 86 52 90 91 19 24 89 19 97 89 28 72 28 87 73 9 65 29 72 1 81 40 
10 94 96 78 58 74 4 0 93 19 93 80 92 16 7 14 48 99 2 47 21 57 17 22 3 52 83 15 33 6 53 5 63 38 44 1 15 84 22 59 14 45 71 15 24 60 86 64 45 73 23 47 89 78 39 60 67 1 90 64 21 18 16 7 23 45 68 60 29 1 25 81 45 22 53 9 90 61 31 27 45 39 39 9 98 67 29 16 31 34 98 25 83 15 54 85 58 43 11 89 22 83 32 89 5 85 34 74 50 8 67 2 49 55 19 47 95 39 64 86 33 72 48 5 51 33 54 27 32 63 6 83 32 73 76 52 10 5 64 15 72 12 17 29 19 22 27 39 75 64 95 15 7 67 36 77 69 26 17 97 41 39 40 67 14 98 93 85 80 17 83 35 80 39 86 65 53 75 10 88 52 96 11 18 55 11 81 72 1 32 46 8 49 41 94 92 35 75 94 12 31 66 24 31 6 35 14 73 78 56 13 27 53 80 11 95 39 96 60 50 55 81 54 43 84 78 71 70 17 40 64 1 11 64 11 26 6 5 52 65 57 36 67 83 86 76 0 55 29 53 8 67 27 47 28 7 6 58 68 78 27 49 94 37 69 91 87 72 44 37 88 93 48 62 29 44 11 68 58 17 52 15 50 40 89 67 29 38 76 60 1 83 81 9 53 43 51 67 24 17 72 43 87 94 78 15 46 62 4 55 4 13 72 54 2 12 2 92 89 62 84 38 81 85 11 82 12 59 2 79 84 70 22 83 21 12 39 15 91 14 53 26 66 19 84 6 35 92 36 28 19 79 87 74 41 40 65 82 88 98 67 52 84 2 7 40 2 33 19 45 55 39 30 57 78 92 82 51 13 10 80 33 31 99 10 25 36 5 7 78 33 23 24 46 67 9 57 15 80 27 
42 35 95 42 59 76 49 31 93 64 26 32 75 52 50 48 7 19 15 27 18 58 78 38 15 61 31 20 86 64 18 73 28 75 51 14 40 95 62 13 10 30 83 82 71 85 8 58 32 16 49 50 88 93 23 60 46 61 0 22 52 95 14 96 33 30 58 15 30 50 39 93 87 33 55 42 38 16 72 43 40 47 3 79 30 49 81 84 27 17 23 31 1 4 76 94 73 0 73 65 27 60 76 39 17 97 31 62 94 48 55 61 46 18 92 45 5 68 36 82 97 71 36 92 92 2 54 49 4 89 43 9 49 98 46 63 88 78 66 49 73 75 77 48 72 63 97 13 51 51 43 7 28 97 2 76 32 27 1 21 7 37 9 22 62 60 61 22 20 72 30 40 90 71 61 82 33 59 50 1 62 54 71 54 88 44 74 83 11 97 84 45 32 19 66 76 48 90 4 51 70 10 55 66 77 69 75 25 45 50 10 63 8 81 56 95 48 91 95 10 36 20 68 1 60 16 67 68 5 55 4 62 20 93 99 19 14 53 60 44 56 83 58 10 47 91 13 18 78 28 98 79 95 58 68 49 8 76 24 25 11 9 92 48 24 57 3 20 65 90 64 56 46 44 1 83 82 65 62 20 45 9 43 77 92 22 34 26 86 19 4 99 97 22 77 44 96 46 41 51 6 74 42 87 27 51 36 17 65 36 64 40 82 59 9 13 79 79 90 46 76 32 99 42 39 55 6 98 90 67 73 91 33 79 55 76 11 29 15 40 31 54 87 35 19 74 36 33 92 82 37 40 53 9 27 63 96 20 36 35 49 70 15 9 22 34 74 68 42 38 17 45 34 91 74 67 57 86 21 68 47 39 83 9 61 76 57 1 78 81 95 58 25 69 41 39 97 91 76 29 
65 41 78 18 5 41 42 47 56 63 84 86 13 74 39 39 75 34 56 57 76 57 54 83 93 85 54 44 66 17 45 94 18 40 23 74 92 46 47 60 49 76 36 76 36 98 62 89 37 83 78 58 98 53 21 70 67 74 40 44 54 2 72 83 42 1 68 86 63 7 52 8 94 66 46 61 81 81 11 32 54 95 67 28 65 93 18 24 26 27 16 60 63 20 89 89 14 65 20 28 95 8 97 66 21 77 5 22 97 37 59 87 66 41 60 83 47 89 66 28 10 78 49 35 51 68 38 51 68 8 12 63 86 85 59 90 52 25 30 33 42 39 46 82 9 3 49 40 33 5 68 43 63 21 35 45 52 26 28 57 78 42 63 51 45 62 94 49 81 26 61 0 98 47 91 57 55 91 85 2 91 25 94 40 93 93 28 23 52 30 18 68 47 82 54 49 1 18 93 49 30 99 61 59 87 5 50 65 73 90 41 73 74 52 92 71 73 34 2 68 53 68 65 91 74 14 21 72 28 83 89 53 25 2 87 32 23 76 88 69 97 19 84 18 80 43 83 64 73 84 25 4 73 79 8 78 97 92 55 96 87 39 93 90 85 29 82 45 29 45 13 10 28 4 35 60 95 42 63 92 66 54 54 84 43 92 53 61 15 41 76 30 83 90 18 42 98 41 83 81 77 16 36 6 35 35 5 87 81 45 99 42 57 94 69 23 11 55 52 49 60 57 26 73 75 26 19 32 84 5 49 85 90 81 78 91 12 9 67 80 88 35 36 42 44 86 77 29 41 0 63 61 64 67 34 21 30 90 29 29 95 91 33 64 42 48 67 41 92 94 81 82 11 82 21 1 33 87 6 74 45 14 47 30 23 77 59 63 74 77 16 48 47 5 6 18 84 80 1 74 
40 22 30 65 93 8 15 70 22 84 10 23 87 7 78 63 1 53 46 54 74 4 59 45 92 21 37 79 20 31 27 56 15 1 58 26 0 22 13 81 45 7 66 3 75 33 36 16 90 72 66 70 50 39 43 24 10 53 46 36 71 99 91 67 12 38 62 60 71 52 24 43 65 18 41 71 37 9 41 89 54 42 81 88 34 38 59 34 17 13 12 44 99 77 18 57 93 47 2 23 34 82 24 43 13 18 61 74 81 67 15 59 18 10 7 42 78 8 8 34 26 55 8 48 25 5 3 96 81 74 22 63 61 11 0 13 87 43 74 24 31 59 65 13 40 94 58 67 14 79 97 60 15 33 25 90 45 46 87 27 36 71 60 29 44 28 48 62 14 65 53 29 28 24 97 87 9 12 95 84 22 65 39 97 97 5 84 76 8 18 13 75 46 92 47 24 87 9 34 44 22 96 30 22 58 87 92 26 18 53 44 51 34 67 89 4 81 65 60 2 76 87 2 71 3 96 33 17 14 14 67 62 71 79 56 98 95 61 41 53 21 77 21 47 94 73 45 85 9 77 18 62 63 42 45 63 59 42 95 70 94 91 30 89 85 32 12 49 57 76 73 0 72 80 62 16 98 22 72 93 59 75 50 78 95 91 11 39 2 27 0 42 77 8 45 19 88 37 33 60 14 84 59 84 90 25 30 63 91 44 84 87 2 30 35 98 50 61 40 4 52 19 4 50 68 16 76 15 72 19 44 78 84 91 12 28 94 18 45 55 95 85 97 75 9 81 77 0 86 70 47 37 93 22 25 44 84 24 28 25 26 69 28 11 33 19 47 32 38 93 16 20 56 78 34 74 90 5 73 90 13 48 21 94 78 7 33 63 55 92 13 6 36 81 94 27 12 13 61 13 
69 27 79 79 28 43 64 79 12 82 43 35 86 52 25 80 53 20 24 43 31 32 14 57 55 53 6 59 17 5 18 94 3 63 57 51 85 20 23 66 11 28 62 64 13 54 96 42 35 3 87 53 11 79 60 26 72 86 51 35 96 11 25 79 56 51 99 80 49 0 58 51 59 94 99 0 46 50 45 41 73 9 29 47 38 51 50 6 69 52 77 5 45 35 30 16 8 5 12 75 58 32 89 35 20 37 10 95 57 83 57 11 78 22 87 52 10 86 25 96 64 91 54 19 76 64 23 34 71 51 25 3 31 81 13 89 62 18 10 94 66 23 24 2 61 97 21 45 70 45 0 80 72 47 7 56 49 79 97 68 89 7 25 60 4 97 30 2 17 63 39 71 41 88 77 9 4 60 78 8 78 40 96 15 8 99 55 52 40 72 59 35 74 69 25 71 93 88 15 5 50 36 95 64 66 51 24 37 46 73 31 76 10 35 77 40 22 64 40 76 9 63 15 61 3 67 25 90 66 44 85 6 91 75 27 69 41 71 47 33 30 33 11 18 90 49 78 67 57 62 26 55 96 52 85 20 50 68 52 64 39 11 32 93 33 82 17 13 15 94 31 61 66 76 7 61 90 19 43 25 25 17 38 78 58 94 26 28 20 39 55 34 76 86 82 67 41 35 65 80 50 86 7 26 93 6 31 29 2 5 26 52 6 21 56 95 65 67 6 47 90 89 41 6 57 21 46 3 73 8 63 54 95 65 9 78 51 30 82 6 94 51 16 31 40 69 83 88 74 65 28 51 30 26 43 11 78 20 98 57 23 50 62 44 47 37 49 48 76 25 56 5 90 53 80 87 71 94 48 29 54 1 41 24 78 94 12 41 83 7 27 30 81 44 66 21 13 90 8 41 
40 39 3 1 23 31 24 62 39 64 2 20 24 79 64 28 69 44 97 21 1 93 92 65 5 44 8 85 88 74 14 11 80 56 28 94 79 52 28 7 52 19 22 91 51 86 94 5 74 93 33 30 38 8 26 18 18 8 76 97 50 84 94 53 94 96 34 17 92 41 13 14 46 67 75 2 21 95 30 75 27 98 81 48 56 2 72 25 40 61 13 79 54 3 24 75 19 15 38 93 76 42 43 60 30 51 50 71 97 3 17 0 27 13 57 16 93 11 11 99 26 99 92 82 7 4 50 98 56 4 23 10 33 19 49 28 2 89 31 12 63 88 71 22 74 70 36 97 7 93 98 64 30 90 36 83 35 43 90 53 99 28 59 49 73 19 12 82 36 95 89 36 46 18 15 96 0 31 19 23 69 91 66 86 71 69 98 24 73 63 72 80 82 87 70 53 30 80 11 63 30 58 84 80 96 47 14 19 33 98 93 83 66 64 83 15 97 42 85 72 9 62 33 36 67 49 77 26 79 24 7 90 54 2 6 75 72 81 7 33 37 40 71 64 68 65 92 42 60 83 62 24 47 90 12 52 84 86 56 69 16 92 63 27 70 54 28 49 87 14 39 97 8 34 93 42 94 62 82 35 9 73 85 3 71 16 63 4 91 5 70 73 16 16 52 51 80 12 57 90 31 24 29 4 38 85 50 29 12 43 76 11 90 92 33 29 82 96 3 81 18 87 44 62 73 8 54 13 47 74 79 15 81 12 6 36 88 44 62 26 38 15 7 29 84 91 11 50 30 6 34 50 24 12 25 84 94 71 52 13 67 77 46 3 93 61 69 48 48 93 6 64 4 76 82 26 4 60 46 7 12 42 60 55 97 32 50 20 3 26 10 96 0 29 63 58 44 81 95 4 
75 50 14 36 58 72 50 84 60 89 55 39 44 19 24 52 97 35 83 9 73 81 62 81 42 69 62 49 52 94 64 85 30 73 77 61 64 4 30 97 97 7 49 74 23 6 47 42 12 44 7 20 22 32 81 68 53 47 94 39 22 45 67 82 95 87 76 23 2 28 88 5 56 10 93 9 59 91 89 4 62 21 98 11 55 91 86 1 57 77 8 84 43 2 33 59 96 19 14 30 65 83 89 22 80 97 11 63 50 82 49 63 3 96 93 12 60 94 99 37 46 44 35 37 81 13 33 33 52 71 56 55 31 99 79 46 8 42 50 52 3 43 35 18 87 2 80 39 38 60 48 43 8 36 4 77 90 85 12 59 78 9 86 97 25 86 42 48 14 15 14 89 77 17 65 85 98 43 42 38 3 62 6 31 35 13 98 12 1 8 22 41 64 38 83 84 56 45 69 13 69 61 33 77 82 10 56 20 89 90 84 87 25 28 53 90 80 34 58 47 66 92 90 91 57 2 79 5 82 64 57 36 45 60 92 52 41 72 74 28 6 56 2 22 50 70 72 23 97 32 80 13 80 2 12 70 73 77 68 79 41 83 82 25 42 28 2 74 26 12 23 88 35 54 83 5 76 55 56 43 3 76 87 66 93 22 33 45 60 43 95 82 24 93 87 33 32 16 29 0 25 89 47 28 86 30 3 66 50 37 72 72 19 67 60 30 32 55 33 1 98 19 3 23 98 7 60 22 79 82 65 17 10 85 97 17 9 4 99 57 99 54 29 84 60 48 66 54 77 91 31 97 67 58 54 37 53 26 30 35 19 16 91 2 65 98 29 70 46 66 95 60 69 63 6 22 9 62 66 13 88 72 60 1 79 52 0 52 56 0 65 25 16 15 15 98 94 49 80 83 
11 74 6 21 87 80 60 15 48 56 79 48 42 63 87 33 10 25 22 28 91 1 40 22 2 43 96 5 13 10 22 25 79 90 41 11 25 1 55 30 24 79 46 90 29 12 57 18 37 77 88 18 58 55 72 5 41 35 58 23 90 9 2 14 94 12 95 31 11 77 90 19 17 19 98 67 58 22 54 95 34 71 21 1 41 40 16 58 94 97 11 77 37 21 41 45 27 41 57 75 17 81 45 7 38 64 60 3 85 15 69 48 42 45 73 22 36 89 73 82 55 35 88 86 23 48 66 55 56 80 70 66 99 37 6 97 65 42 80 83 83 33 34 6 2 5 86 16 91 50 79 88 86 62 84 98 90 8 50 98 84 39 40 89 61 57 62 41 41 80 25 50 38 37 22 76 52 60 53 15 35 63 13 96 77 22 13 58 4 6 1 33 83 28 24 90 24 5 48 99 74 12 92 80 56 11 81 74 62 21 1 79 78 52 28 7 90 2 83 37 39 66 34 37 58 60 72 76 90 65 34 44 41 40 0 42 19 87 99 97 3 6 72 65 81 60 83 0 80 88 91 67 93 0 9 92 43 87 60 83 44 72 36 27 44 1 58 99 65 89 66 88 42 65 70 88 21 17 47 31 34 70 93 9 37 71 23 65 7 61 51 76 87 19 7 9 92 70 65 75 9 56 57 95 17 19 88 24 56 41 27 1 78 41 32 18 98 0 84 61 50 37 70 78 1 14 11 96 21 61 14 91 51 81 10 87 91 60 78 82 60 0 72 88 31 65 13 78 18 55 35 2 41 45 60 77 52 21 47 74 4 52 85 93 38 48 9 3 32 84 47 61 87 52 37 51 45 74 27 70 16 60 33 83 42 11 26 54 19 23 60 7 7 64 49 60 68 89 79 63 
4 87 60 57 79 8 87 91 40 4 59 64 0 59 69 48 19 36 28 52 33 90 65 1 0 49 71 93 20 24 84 99 3 4 8 27 55 27 58 22 32 26 17 63 22 83 80 86 34 88 85 75 40 76 55 78 81 31 34 26 90 92 63 88 93 4 36 22 18 26 93 3 5 85 0 96 86 14 74 92 17 74 6 56 99 26 93 66 52 37 51 18 54 54 61 17 2 95 83 22 86 9 13 3 75 57 28 89 76 22 66 46 94 68 54 21 22 32 20 75 76 65 89 26 41 90 97 19 90 89 42 35 62 64 9 36 22 26 50 93 60 96 81 0 59 48 22 61 33 46 80 59 52 81 73 32 21 32 0 4 18 30 65 66 62 30 14 64 27 75 2 56 55 80 82 91 39 31 21 57 72 67 92 49 74 22 18 14 23 0 2 30 8 1 95 42 50 73 35 55 68 94 11 87 59 33 74 95 58 65 92 23 31 52 52 90 73 60 65 80 83 97 14 61 54 23 65 60 42 71 53 27 91 73 30 21 85 9 68 34 4 42 94 98 82 41 94 69 41 70 10 60 94 85 49 43 10 85 66 3 34 93 23 38 38 5 34 59 66 6 17 10 69 81 48 82 13 62 59 50 6 2 8 88 90 74 30 34 66 12 11 55 7 59 6 96 87 90 88 59 44 13 48 34 73 47 30 72 60 95 98 81 24 66 36 52 61 29 21 34 8 35 39 24 87 12 74 83 76 60 52 43 17 6 94 30 36 69 39 59 12 76 65 83 23 19 29 38 73 69 60 89 90 17 79 19 51 10 34 93 83 18 69 95 91 12 31 35 78 81 0 96 99 24 92 23 24 13 16 92 12 64 25 57 98 93 50 3 28 35 39 2 11 73 80 89 96 13 6 28 
52 51 28 61 74 12 16 46 17 8 45 90 77 72 0 73 18 36 98 4 88 88 12 56 99 33 12 35 71 75 40 66 40 21 96 32 38 68 49 10 87 31 54 34 19 38 78 86 97 54 52 79 93 53 86 89 85 46 54 96 40 55 32 19 91 33 31 77 70 4 42 81 59 48 46 90 68 58 95 87 19 91 42 79 45 38 33 40 72 28 45 37 42 57 83 37 90 0 22 94 1 87 56 43 47 93 7 81 39 84 54 12 32 63 48 48 70 34 0 94 28 63 22 81 99 9 72 76 47 38 13 77 13 3 58 82 73 35 50 32 28 52 71 78 16 17 41 27 3 91 7 82 21 74 8 44 82 58 84 42 12 67 3 13 33 58 21 72 51 50 10 90 79 85 36 7 83 10 54 19 64 3 15 12 51 22 52 74 43 38 11 49 95 75 21 19 4 45 60 25 67 13 84 63 52 92 42 9 45 98 7 52 88 59 92 36 83 67 26 12 51 67 84 93 42 85 46 38 88 40 64 31 99 73 19 59 59 5 28 64 47 41 43 50 61 30 49 87 15 41 61 93 56 18 11 8 28 62 18 74 60 79 29 64 97 47 60 11 57 4 36 99 31 3 30 2 14 74 67 8 76 12 10 82 59 18 74 48 29 3 71 64 76 9 58 71 40 53 71 46 20 61 50 86 70 83 29 87 31 37 37 19 62 51 16 37 40 13 90 72 20 9 91 66 12 71 95 13 72 47 75 20 5 95 63 9 9 18 56 82 76 16 56 85 2 35 16 12 32 33 26 89 75 51 54 39 57 57 58 61 37 23 20 18 85 84 7 97 50 80 18 90 98 63 96 85 22 72 33 23 81 32 48 46 65 4 33 32 45 43 72 95 47 44 75 87 78 54 21 57 
35 45 80 75 55 82 36 39 16 10 20 44 49 48 0 39 30 11 52 27 1 61 4 79 74 41 4 32 58 90 18 73 66 25 61 65 60 97 29 16 74 69 81 49 46 37 99 44 7 53 94 63 25 95 24 86 62 83 90 23 7 24 85 74 81 36 10 49 10 51 34 59 54 64 47 70 34 81 37 78 62 14 68 76 2 80 48 31 15 42 78 90 95 43 19 35 15 29 95 42 43 42 51 24 11 57 6 65 87 75 77 72 0 14 5 63 34 41 65 11 42 93 0 56 73 92 19 8 67 25 43 56 20 20 58 48 1 38 39 60 31 70 59 35 21 40 62 15 35 22 67 32 77 14 79 78 4 96 30 89 75 84 71 64 14 22 1 74 44 72 46 38 73 71 97 49 58 90 82 88 39 19 57 12 93 19 31 67 38 69 0 23 34 66 54 65 16 3 68 26 59 22 22 44 69 34 8 16 9 90 38 27 24 47 80 83 91 61 61 67 6 43 88 61 44 2 24 55 29 41 92 8 32 62 16 17 55 70 23 12 4 73 22 11 89 12 83 83 5 92 65 15 20 76 91 36 1 26 71 59 75 30 9 1 83 26 4 25 55 9 76 87 41 75 53 8 77 0 59 66 5 4 62 77 8 70 48 91 69 76 41 28 57 87 62 60 58 27 49 33 37 69 7 43 82 67 39 86 18 20 71 64 54 57 97 47 14 55 36 78 8 25 38 74 27 48 3 58 74 41 75 63 85 83 1 23 54 95 82 38 87 4 92 51 51 14 37 13 98 9 10 33 47 17 23 73 53 1 94 41 79 52 96 37 67 43 14 48 16 65 67 88 76 64 70 81 94 8 7 58 37 97 63 97 76 32 16 62 50 53 65 4 53 76 81 67 67 25 77 53 
62 62 45 50 25 35 88 53 46 11 91 94 17 38 30 29 88 85 24 36 53 2 56 48 9 68 56 96 50 57 27 46 83 70 86 70 94 74 74 44 35 27 92 25 15 74 84 25 8 97 47 56 7 94 16 59 89 21 9 60 30 54 43 52 35 44 50 55 19 21 66 73 53 0 42 56 20 95 77 34 26 56 11 9 77 30 32 60 39 27 16 23 37 53 10 38 42 74 26 73 56 36 1 76 64 41 62 46 34 46 28 11 28 90 61 43 43 98 1 27 33 18 72 82 49 74 56 16 56 86 22 85 10 3 98 61 56 67 64 87 79 91 38 24 4 59 4 34 65 5 59 41 49 62 37 88 28 93 48 10 1 13 37 18 63 54 79 21 89 31 15 64 89 18 6 86 40 62 34 23 20 81 81 96 57 94 92 25 84 38 58 89 93 55 64 89 20 8 40 19 19 18 44 92 50 94 81 20 55 37 71 73 2 36 20 35 99 88 41 70 43 56 3 0 21 48 50 12 98 74 54 4 34 91 31 43 61 81 14 30 32 18 92 48 85 71 31 39 14 22 79 29 80 49 7 99 31 64 68 61 27 44 33 30 91 41 19 22 5 53 62 97 57 82 33 69 91 74 15 6 70 73 27 5 50 3 29 91 8 14 13 76 25 66 60 67 8 67 4 92 48 43 29 12 77 41 49 19 98 17 44 43 71 92 92 55 95 59 42 23 1 11 6 19 87 39 96 27 71 70 43 81 69 99 18 11 40 6 57 46 88 59 97 35 85 33 43 73 2 76 22 87 24 3 90 16 28 49 40 36 98 22 48 9 64 60 46 10 94 99 28 55 71 82 62 13 48 82 71 74 75 4 88 88 23 10 35 90 42 34 1 28 7 95 22 57 13 48 0 2 
51 70 95 48 30 48 0 85 92 0 57 75 66 41 32 41 76 88 98 22 8 87 26 19 12 68 26 4 8 73 77 58 23 44 77 24 69 10 79 3 49 83 9 47 11 40 19 38 29 60 61 23 50 88 72 99 31 87 43 55 93 32 12 27 87 49 51 4 4 75 42 32 51 27 22 94 95 73 57 88 25 23 32 65 12 69 67 42 43 34 82 40 92 41 50 3 85 80 21 10 35 69 38 51 27 36 49 12 48 68 93 70 72 41 75 48 86 45 14 59 60 98 43 57 82 68 75 92 94 39 10 21 46 66 58 76 39 13 1 94 87 1 48 80 46 50 76 1 76 25 57 47 94 67 81 62 49 68 78 78 19 92 71 82 65 35 31 44 16 99 47 27 45 7 17 59 18 86 82 47 6 97 82 41 57 0 76 6 34 86 91 87 34 48 75 27 76 92 65 30 19 7 78 27 32 3 37 21 62 56 95 3 48 41 78 25 57 95 2 33 58 14 87 29 45 47 87 59 39 41 3 22 38 14 79 35 45 61 15 64 18 74 39 16 54 21 48 28 70 14 16 51 91 36 14 88 22 37 30 99 66 74 98 89 67 7 90 58 97 41 72 96 20 18 68 26 61 53 62 20 72 30 73 29 51 52 91 90 3 65 81 73 18 66 77 6 29 72 6 60 11 51 96 68 73 37 87 69 87 8 0 87 67 11 14 97 41 18 47 81 55 85 44 96 37 51 8 65 11 67 83 2 98 58 54 8 9 54 95 10 65 43 19 57 63 69 74 14 76 5 18 76 13 15 46 12 81 75 65 99 39 50 67 75 84 11 83 60 32 91 13 72 80 34 79 37 29 11 43 65 90 78 79 8 11 16 3 94 24 43 30 23 64 18 59 27 40 50 30 9 
7 6 56 75 95 13 15 11 3 23 1 32 30 81 78 52 80 48 92 9 24 78 59 57 74 71 54 38 90 63 16 54 32 65 26 36 89 59 3 43 54 87 21 90 28 18 8 60 20 42 77 85 84 58 49 73 53 76 2 81 6 62 68 3 5 98 51 30 96 46 97 74 51 56 67 80 28 5 1 65 27 0 81 15 59 9 36 84 85 42 11 91 8 43 87 77 88 73 48 93 59 60 83 91 25 89 90 29 26 85 92 9 97 24 85 81 51 48 31 49 86 10 78 65 32 21 49 7 79 0 93 93 5 78 61 22 11 12 35 1 66 15 30 14 58 23 57 34 47 11 86 69 8 58 95 26 30 1 37 5 69 49 85 91 44 28 36 11 39 23 69 16 40 11 34 12 71 5 28 43 15 22 63 27 96 34 5 94 70 39 40 92 53 70 49 74 3 26 56 79 8 56 17 91 92 37 29 82 94 17 46 14 3 84 23 83 64 92 80 49 0 11 89 67 25 41 28 27 22 7 4 58 13 45 63 5 79 13 19 76 20 45 24 78 43 31 77 5 57 50 82 0 21 44 88 42 40 47 31 61 25 24 76 90 16 98 10 31 71 78 43 98 74 71 94 60 19 41 71 78 20 2 60 18 11 24 51 73 90 43 50 48 17 21 41 97 12 57 90 67 61 90 49 25 10 20 11 46 59 83 93 29 31 74 25 67 35 49 28 61 63 87 72 24 52 90 39 78 25 68 93 79 18 95 31 12 86 84 92 54 75 45 72 62 32 30 43 40 74 8 47 85 47 73 73 18 35 15 86 78 83 81 92 23 28 90 14 63 20 27 40 60 32 66 12 62 29 4 2 60 18 45 41 2 30 30 86 53 50 60 73 51 43 46 94 49 29 26 73 23 
34 76 52 67 36 76 88 88 0 35 87 75 81 19 18 47 32 94 71 17 2 80 28 35 27 20 89 7 4 77 49 83 47 73 48 43 48 85 85 16 48 26 98 30 86 80 93 0 70 33 39 55 5 48 24 38 92 26 93 36 52 33 65 79 74 84 3 48 77 62 26 94 45 90 34 96 8 26 55 85 62 86 99 78 93 92 5 19 58 94 83 9 91 3 75 23 69 86 86 39 13 95 12 87 62 39 12 41 73 14 67 7 89 67 47 18 80 24 90 46 46 54 54 53 52 19 15 44 79 22 20 99 62 88 15 3 69 89 43 94 52 16 66 45 36 18 66 12 32 11 39 63 74 75 64 64 15 65 95 9 84 10 21 8 47 0 46 24 1 59 60 77 1 92 95 59 81 56 4 83 28 39 86 99 96 61 22 27 76 45 56 67 0 64 31 38 3 13 61 16 58 7 55 77 88 89 7 54 6 33 26 51 27 46 37 53 58 52 34 92 47 46 92 45 39 6 76 94 52 25 53 54 8 87 43 71 1 9 94 77 89 4 28 69 11 93 40 73 14 92 92 38 88 81 31 47 45 26 12 36 29 53 26 58 84 32 96 69 8 2 87 88 40 31 21 44 71 24 52 19 43 60 84 66 75 78 9 89 63 17 84 22 18 4 87 25 80 5 11 6 93 9 94 28 70 72 82 16 83 71 68 28 92 41 12 46 36 53 69 32 35 42 60 74 19 4 53 98 29 76 8 78 57 89 28 43 55 92 6 85 3 85 26 16 75 87 15 37 76 10 27 47 2 3 31 71 80 95 47 66 60 48 98 46 14 88 13 32 35 95 82 80 7 39 99 73 3 22 79 63 17 69 12 86 41 34 49 22 1 78 66 59 99 96 82 29 61 36 41 64 
18 17 54 24 83 26 77 73 88 38 17 9 0 73 20 10 54 8 20 65 26 37 18 55 7 97 19 44 47 23 82 25 8 97 25 2 35 51 48 99 38 30 36 86 46 51 58 26 83 1 9 98 88 8 78 78 45 67 94 97 30 15 47 10 45 16 55 24 84 17 80 44 29 99 60 2 57 51 39 18 98 93 3 81 61 51 34 58 36 53 11 62 60 40 86 60 33 87 93 1 32 7 11 14 69 45 79 26 87 41 18 15 69 63 16 37 74 73 80 9 71 13 69 70 59 44 55 93 72 23 83 66 32 56 56 96 99 8 67 21 3 76 56 60 31 32 48 14 4 8 81 18 72 1 89 18 5 90 88 39 34 83 52 17 49 89 69 47 89 96 56 79 88 29 20 37 19 57 96 56 73 70 48 90 62 10 82 93 57 93 22 6 84 54 93 13 33 50 79 77 44 21 39 53 76 29 87 43 99 24 76 4 91 64 95 68 61 4 85 79 19 94 72 81 88 95 50 74 18 35 53 69 69 62 64 90 46 22 9 21 38 97 95 25 80 45 42 44 89 83 57 21 83 49 23 28 79 3 26 81 15 60 67 55 98 72 34 66 98 76 41 91 32 42 54 47 78 23 22 87 98 82 51 94 52 2 70 23 54 10 49 76 55 92 7 8 33 39 45 85 76 77 47 17 13 57 40 94 40 28 39 7 4 7 38 30 48 80 47 19 75 20 4 98 16 24 63 15 8 51 19 48 76 99 33 44 77 48 2 51 1 41 68 35 91 0 19 93 7 4 98 82 40 37 99 12 93 64 31 72 89 71 65 46 74 36 44 91 52 21 75 66 15 66 29 36 75 6 50 76 79 75 36 23 76 36 1 80 30 40 20 24 74 29 18 36 98 66 3 91 
31 84 88 77 49 91 16 60 4 41 42 30 33 82 21 95 6 62 99 89 83 68 5 21 93 23 36 0 56 22 32 22 40 55 93 90 51 91 58 66 90 56 0 68 53 68 48 68 28 31 40 24 96 15 44 98 77 90 67 85 4 23 35 6 72 13 65 68 57 60 34 58 14 5 51 0 35 96 90 49 29 27 29 28 57 70 26 96 54 38 20 60 19 75 53 11 84 13 5 36 11 48 86 21 18 14 48 64 96 81 90 31 1 6 93 77 6 42 89 37 84 42 23 63 19 36 34 79 98 76 68 16 45 20 38 78 16 76 30 56 30 24 69 13 32 55 53 35 31 56 41 56 59 48 31 21 10 19 69 4 4 30 71 22 40 0 19 69 46 23 34 70 19 81 19 7 78 72 85 35 36 63 30 94 7 70 21 58 78 88 87 18 56 2 17 66 54 59 33 79 86 54 48 96 53 28 75 37 59 19 88 0 6 62 46 10 84 97 96 27 61 63 59 35 40 58 3 50 32 95 87 35 43 7 19 14 14 57 9 40 27 29 55 14 43 72 20 68 14 81 49 7 73 11 30 45 75 0 81 9 35 18 34 9 20 88 51 2 57 51 6 27 35 6 65 94 64 34 22 48 54 14 63 74 84 62 51 83 45 33 94 4 1 29 97 22 59 42 9 66 25 12 86 91 33 57 59 79 2 76 33 75 54 91 79 96 77 22 15 66 33 97 10 57 24 48 77 32 63 13 77 41 76 90 12 66 2 23 32 73 72 78 68 16 71 45 29 6 80 56 90 17 57 40 54 18 42 83 77 50 68 85 98 20 13 30 21 70 95 21 37 41 37 4 55 51 58 9 32 64 77 84 15 40 64 6 42 2 77 25 78 93 42 9 73 62 28 55 93 59 
54 29 86 10 79 41 28 37 29 21 36 88 28 5 71 15 34 14 45 46 0 20 68 59 53 11 94 83 21 15 74 39 97 35 46 32 57 62 61 45 6 53 79 28 13 13 81 71 79 17 96 20 31 34 74 55 1 13 8 31 48 8 95 24 67 61 42 92 50 27 34 87 36 51 18 95 92 82 6 43 12 39 79 87 37 20 65 2 50 80 87 79 9 87 86 42 7 98 25 1 52 12 4 24 66 61 40 61 41 9 49 84 75 76 73 72 72 49 16 98 0 40 97 98 88 92 88 63 31 9 0 27 38 85 66 59 46 0 19 59 20 10 55 85 45 88 46 62 67 47 76 85 48 64 55 17 54 83 80 5 78 91 30 74 32 29 58 72 87 20 87 16 1 21 75 86 30 42 91 1 38 24 36 51 88 90 7 63 85 72 19 95 56 12 72 3 74 17 89 59 1 13 1 89 77 29 99 3 39 76 92 1 17 13 61 62 14 24 21 20 14 22 64 74 73 43 69 37 53 6 77 57 32 3 41 96 50 79 60 33 10 60 88 67 17 98 55 28 88 79 57 72 22 22 52 25 69 94 58 93 75 73 82 81 24 53 78 15 42 31 64 47 49 39 12 94 0 51 97 5 36 67 30 96 3 8 94 76 80 39 31 17 57 85 68 28 85 29 73 22 91 1 59 97 26 56 84 79 11 28 39 91 80 40 12 63 35 72 39 35 10 59 39 51 39 57 9 69 55 65 77 15 15 57 64 48 79 29 14 40 10 72 43 0 14 85 36 37 44 94 47 55 63 74 55 31 70 92 52 20 42 34 3 96 48 19 40 70 43 40 77 63 42 49 6 88 25 91 90 46 8 1 13 31 39 0 46 19 84 15 83 45 18 11 14 53 8 62 59 54 
86 14 95 24 29 41 7 53 36 18 17 15 50 14 78 71 75 97 65 73 31 70 67 17 88 74 3 40 94 15 92 93 7 7 21 29 13 17 60 45 33 98 22 60 10 69 21 64 1 88 27 17 9 53 3 87 54 37 50 71 54 22 59 65 72 15 30 48 17 36 85 19 71 95 64 91 11 90 95 5 82 38 1 93 0 12 35 51 54 53 94 57 84 87 17 21 80 34 87 73 44 72 47 12 34 45 28 50 59 21 95 71 51 11 15 83 99 18 49 18 86 74 31 67 32 94 30 94 27 99 47 62 52 55 18 3 6 19 53 72 41 26 90 80 70 79 20 55 17 60 31 75 88 92 47 0 58 18 1 27 77 47 59 1 8 2 73 84 3 30 40 18 25 52 20 2 1 77 56 75 16 46 49 50 54 99 20 84 74 84 79 8 91 18 90 37 64 13 64 91 10 86 9 46 31 72 36 44 71 51 93 37 7 40 40 20 54 94 50 7 72 72 15 69 27 24 5 43 55 44 53 73 5 71 75 79 60 6 26 95 8 43 84 64 14 22 19 72 83 42 62 86 28 50 38 87 14 9 20 22 31 38 37 89 1 68 7 58 26 66 24 22 3 2 44 73 45 27 4 38 5 79 39 64 98 34 80 85 76 24 78 6 60 89 23 43 46 67 0 97 62 79 31 69 82 80 11 6 24 12 88 94 12 81 54 49 91 31 84 31 38 55 79 19 52 11 93 84 85 58 39 31 85 95 62 93 68 65 13 74 23 50 9 97 67 88 71 42 93 35 30 34 22 92 49 50 72 73 67 7 92 70 99 92 21 48 67 92 49 12 3 74 62 2 39 10 64 47 77 70 10 88 44 53 50 60 98 14 68 63 42 16 45 31 13 73 84 95 74 17 
49 51 25 72 14 15 62 46 95 39 49 93 28 23 87 56 76 54 34 20 32 52 54 28 18 45 5 61 68 8 16 53 52 12 10 23 97 92 0 60 14 16 90 28 17 91 66 20 22 40 18 6 77 6 46 38 85 79 54 40 51 18 1 38 79 60 83 47 44 84 84 52 82 2 61 90 59 98 54 72 71 20 69 74 25 67 67 18 53 74 0 87 23 71 76 51 48 34 27 93 8 0 52 2 19 21 9 51 92 66 74 80 43 67 32 84 90 36 44 21 58 75 5 9 62 1 65 16 44 40 79 32 87 32 49 67 14 0 43 84 95 8 84 25 17 53 75 90 90 69 42 74 40 59 54 70 23 97 98 6 48 52 2 4 31 60 26 14 85 73 95 52 0 20 84 97 15 90 21 78 3 70 32 53 66 45 58 34 78 99 77 32 10 87 85 6 3 84 43 55 53 70 52 79 55 86 47 3 80 94 87 28 79 98 95 42 74 84 83 26 83 99 46 54 43 57 4 97 14 23 34 19 3 32 27 89 87 10 21 20 28 48 76 10 60 35 19 6 64 31 53 61 42 12 26 45 28 50 58 65 62 82 72 5 17 99 91 63 78 47 29 46 71 37 89 62 65 11 63 52 2 47 17 20 7 4 4 16 76 22 75 27 58 89 8 93 13 14 69 12 88 42 0 48 22 89 9 79 94 79 64 69 85 92 83 78 14 61 86 31 98 28 5 25 94 88 28 12 38 91 80 73 23 92 2 78 55 28 17 54 99 10 29 51 81 98 78 3 79 24 5 27 40 34 85 66 78 79 28 97 72 80 33 81 12 42 13 29 15 18 81 38 80 98 75 77 18 1 22 59 70 16 47 19 73 2 82 83 70 77 13 64 62 66 59 96 27 99 84 72 
10 58 92 47 85 53 93 68 25 72 97 7 68 19 64 71 9 0 14 70 42 23 59 37 86 41 15 74 61 50 73 28 49 17 67 21 14 41 48 54 64 84 32 98 71 31 51 87 20 34 61 86 50 42 49 57 23 96 81 0 48 70 13 87 34 72 13 33 79 44 44 14 61 17 90 48 92 70 13 52 10 11 92 80 98 75 12 7 81 29 28 53 45 88 75 91 75 92 63 14 76 34 92 4 42 83 85 66 28 74 90 61 87 74 67 30 74 89 11 80 36 2 17 73 89 20 39 60 74 28 36 57 17 37 44 89 33 34 25 59 21 36 1 23 19 72 69 14 47 35 19 15 28 20 67 97 99 66 63 20 1 27 45 16 95 95 98 79 56 89 7 23 33 31 70 21 10 53 38 32 67 48 52 64 66 87 55 88 42 81 5 81 91 40 94 77 52 6 15 69 69 6 19 55 39 61 95 19 60 73 8 14 3 53 61 19 20 79 80 2 36 7 33 62 80 56 42 16 82 52 10 88 27 43 40 10 63 8 81 25 6 19 33 86 72 94 10 25 95 39 99 28 12 2 92 60 67 67 5 3 23 38 24 18 82 65 39 4 12 41 10 92 78 53 57 36 37 99 1 97 96 16 28 12 86 83 30 82 18 33 29 44 33 51 20 50 54 71 43 50 44 88 66 19 9 69 21 42 77 52 43 31 89 94 38 65 53 49 38 84 64 85 75 31 83 5 56 85 63 63 1 54 30 89 45 46 64 68 16 50 26 88 19 72 12 29 26 56 95 86 48 94 69 25 2 54 60 58 72 70 93 47 57 19 22 75 82 30 38 18 96 63 27 32 54 35 63 9 75 19 7 37 98 93 29 55 87 67 2 95 46 97 92 32 74 38 24 63 17 34 
26 58 66 14 7 56 79 52 76 30 66 13 97 25 33 32 73 84 37 81 60 84 59 34 44 98 40 73 88 58 67 2 58 30 28 30 44 92 0 68 82 87 98 95 62 31 8 12 59 88 78 73 34 81 42 66 97 57 4 39 14 77 24 23 25 80 38 67 97 88 29 66 44 13 64 11 40 55 81 44 48 47 94 10 76 93 24 84 64 97 2 20 19 35 15 64 86 21 75 74 38 11 19 14 60 80 11 43 24 80 20 48 32 44 99 92 50 18 48 24 55 69 61 57 69 59 81 1 35 5 12 29 59 82 98 21 25 60 48 63 86 16 34 92 36 64 86 75 72 66 60 71 51 34 34 53 9 64 33 90 59 20 45 7 33 46 33 73 31 29 3 37 83 85 71 89 14 99 17 16 70 10 48 16 61 20 96 41 72 19 56 68 82 57 89 41 46 92 1 41 74 98 31 95 17 0 22 94 24 5 72 94 92 34 41 67 27 55 12 11 68 12 78 78 92 9 24 61 35 39 49 98 10 85 77 29 10 93 16 43 85 14 23 22 99 45 43 73 59 75 74 21 27 19 98 13 77 8 16 58 88 18 34 2 99 40 76 89 96 48 24 81 16 90 97 70 1 41 97 61 96 15 61 86 24 68 56 71 22 54 54 16 6 84 20 88 61 19 21 89 29 36 91 98 71 0 82 4 23 32 52 39 9 17 46 51 18 70 37 3 77 83 57 52 3 10 78 64 57 48 96 5 40 15 0 1 1 17 87 20 74 19 67 92 40 23 56 87 19 31 61 30 95 3 58 5 17 24 52 59 69 54 40 71 45 63 80 99 22 17 80 4 12 22 75 47 92 14 44 62 82 69 91 90 25 53 92 79 58 70 64 4 86 36 85 21 43 77 31 18 
49 76 52 78 43 81 47 12 33 5 21 37 79 57 64 98 81 50 77 39 60 84 35 79 29 59 88 46 48 41 24 97 32 41 20 18 22 55 96 39 99 82 20 3 34 90 91 78 13 74 89 12 2 49 4 77 80 31 25 67 55 58 76 17 50 66 55 30 84 58 78 93 26 67 32 76 83 82 57 3 99 13 97 50 11 6 40 65 57 56 35 67 76 18 74 37 84 1 54 84 87 20 52 81 10 54 6 72 78 31 22 88 17 87 61 5 33 15 62 27 11 45 11 54 7 63 47 61 76 39 72 11 30 62 55 24 87 36 82 64 55 58 49 57 13 23 96 86 95 52 24 52 53 48 4 36 21 58 66 5 39 72 18 0 97 55 26 85 54 80 55 87 98 35 47 18 97 14 7 33 37 17 54 79 1 11 55 78 12 19 40 30 13 31 96 38 56 57 18 8 5 21 46 74 7 90 63 20 76 92 93 44 51 29 89 56 66 23 64 75 53 46 20 43 11 82 97 73 55 14 86 81 37 94 98 47 30 99 18 91 94 93 75 49 77 57 41 76 60 72 54 83 68 30 99 92 35 95 6 81 58 92 27 1 47 77 80 96 32 29 39 69 55 21 97 3 39 30 61 77 27 17 37 87 62 12 9 74 62 75 94 31 13 5 49 15 25 12 51 69 59 97 31 8 67 83 62 58 73 21 6 10 43 56 86 66 57 88 21 60 29 98 62 90 17 93 95 75 33 47 28 40 41 11 1 67 34 57 30 95 0 97 75 0 84 19 29 92 55 74 16 70 7 44 61 83 12 46 17 82 61 0 51 51 20 95 70 55 60 89 50 53 22 9 77 21 90 11 49 70 74 2 81 1 99 60 40 0 59 42 45 83 67 58 83 98 58 93 26 22 
13 64 98 69 24 92 24 24 69 0 91 95 52 28 13 92 75 0 66 55 3 79 76 98 6 76 12 75 98 68 68 34 29 33 5 37 75 3 3 37 94 98 55 59 4 27 43 95 2 50 68 96 66 39 21 95 34 83 83 8 63 73 69 31 77 22 92 19 21 54 42 1 99 80 64 83 62 92 52 75 80 35 30 93 90 91 25 23 38 39 68 76 27 44 40 31 87 21 7 67 64 41 79 67 57 64 98 78 41 3 20 74 8 19 59 80 97 58 15 70 4 80 58 96 81 41 70 68 93 64 85 27 83 80 55 63 5 64 66 56 71 96 38 79 84 29 20 52 61 86 17 38 51 73 70 3 61 4 18 18 57 13 54 45 73 38 21 34 41 37 28 21 67 23 3 87 71 35 4 70 1 1 3 9 63 91 80 69 23 65 21 31 45 36 99 92 48 8 66 63 35 38 3 38 21 91 22 8 34 7 56 81 52 20 19 6 57 11 19 54 67 7 87 77 83 43 28 65 67 30 57 82 17 97 4 34 13 25 40 65 99 18 48 33 36 79 46 33 47 75 75 51 81 99 31 64 33 72 8 59 42 0 32 0 21 40 30 98 67 41 76 54 27 12 7 35 52 66 14 7 82 67 30 79 97 97 77 78 90 37 28 30 65 66 3 36 10 5 6 13 28 35 59 56 10 36 17 22 84 56 87 83 42 73 85 19 0 45 23 57 10 52 67 26 8 31 23 90 80 26 84 23 82 95 21 58 9 40 23 26 64 79 41 70 72 79 2 46 20 70 38 76 52 34 66 28 63 48 88 39 59 75 99 68 6 60 37 61 46 42 25 71 40 13 19 46 18 43 1 96 38 90 37 92 74 38 53 75 2 62 97 2 75 30 51 17 89 20 23 75 
10 99 10 46 8 95 13 73 21 27 90 1 87 71 70 72 63 90 11 68 13 62 27 47 88 70 93 97 65 89 36 58 58 3 95 98 49 13 16 91 94 28 0 22 41 70 97 60 43 48 84 2 0 99 57 18 90 42 5 32 92 64 72 46 77 18 51 39 89 38 0 82 8 45 55 46 66 95 19 16 67 45 73 69 48 40 48 72 5 99 86 75 68 96 2 81 86 39 7 6 5 68 40 8 38 84 72 89 68 73 12 41 53 13 70 21 59 4 28 40 89 97 65 73 47 59 71 25 39 72 83 98 26 13 21 8 26 83 19 95 9 86 55 82 54 88 54 39 50 0 68 70 98 27 58 34 96 7 63 45 19 19 22 12 90 42 66 35 7 87 59 37 96 0 4 96 86 77 66 30 22 20 12 19 21 19 4 27 94 53 5 22 10 57 24 34 23 75 76 16 53 8 13 83 85 4 25 85 34 26 34 98 54 44 82 86 76 67 35 82 11 61 97 15 28 62 15 50 31 84 54 59 0 30 88 59 83 38 83 99 44 9 12 8 77 72 67 20 85 76 40 30 58 47 12 92 52 81 76 71 68 28 49 49 84 36 53 91 12 30 61 98 98 47 11 87 41 55 70 11 62 14 99 20 31 83 66 37 1 68 82 6 73 89 81 84 5 52 99 62 43 91 73 48 42 56 65 55 37 34 96 61 61 57 79 2 42 56 78 43 48 73 26 22 66 29 9 7 63 68 75 53 60 23 79 3 90 91 99 60 76 1 64 85 96 81 45 55 51 12 13 13 42 89 31 15 46 37 38 67 90 13 85 70 0 44 12 87 84 46 64 83 88 36 92 76 17 33 44 16 2 45 74 64 91 76 75 78 67 48 75 66 50 87 60 84 45 95 80 38 
2 15 65 59 80 35 76 37 3 62 85 83 20 71 70 22 39 29 26 62 96 92 69 11 76 21 21 92 64 68 94 74 19 63 65 89 8 17 21 16 34 56 36 54 11 28 53 62 63 50 10 15 13 75 11 90 26 57 11 84 37 42 11 22 43 26 21 4 48 55 71 74 21 71 84 85 0 71 46 65 33 5 76 13 50 67 66 4 97 1 99 83 29 82 58 23 82 72 76 56 89 6 77 82 10 99 77 59 60 7 49 93 58 71 98 61 88 82 6 28 82 98 76 69 54 41 72 92 72 44 67 33 33 47 96 88 76 3 21 88 9 33 4 21 11 88 8 22 21 92 42 18 7 28 59 87 6 89 29 93 21 19 86 80 69 9 95 20 28 48 73 12 53 29 52 65 27 68 26 24 62 55 58 7 98 74 56 40 63 87 12 98 65 78 84 4 33 79 15 87 40 38 56 35 42 99 20 21 9 94 67 56 71 81 51 6 78 26 62 60 87 42 13 28 40 3 2 73 42 56 68 36 53 9 43 54 46 94 66 66 95 52 63 33 25 36 53 7 34 38 33 76 52 56 97 78 15 82 71 20 98 33 41 32 71 37 37 93 80 24 58 52 52 60 11 99 46 66 8 75 92 71 15 11 16 79 36 56 88 5 80 36 15 86 62 45 98 2 60 70 11 83 41 73 12 47 27 63 12 44 26 24 3 21 9 13 54 80 77 83 28 30 40 73 27 79 37 29 75 15 60 3 21 84 62 7 43 4 54 56 10 57 2 45 55 20 78 62 54 83 5 90 0 54 92 48 80 60 39 48 0 29 10 31 73 62 15 5 73 65 89 6 11 51 62 39 64 39 36 99 88 0 16 17 66 45 60 68 5 0 19 40 43 64 38 95 79 3 61 36 
2 28 87 74 37 52 10 20 50 84 91 23 44 94 45 21 92 35 95 5 77 20 66 59 2 12 31 58 3 14 74 7 58 67 65 75 59 13 60 47 29 61 76 67 22 46 64 65 72 0 42 60 62 64 15 5 47 32 66 48 53 54 34 38 37 52 90 57 61 66 93 89 49 51 47 86 78 29 94 61 0 11 64 24 99 60 36 16 41 90 78 53 89 36 25 97 31 95 91 61 42 35 71 28 58 2 83 0 76 97 55 30 3 49 86 53 16 24 73 82 48 16 24 90 56 60 74 61 0 42 88 89 56 27 94 22 5 65 88 89 0 26 78 71 73 62 87 99 21 55 83 34 95 15 56 70 40 45 49 85 5 44 56 8 66 40 34 11 64 62 56 30 83 46 36 64 1 34 72 39 34 10 58 49 48 27 9 66 18 97 27 37 32 20 60 7 89 84 38 9 85 83 4 26 71 71 4 30 45 21 36 12 31 98 65 82 98 59 83 12 11 74 20 94 75 91 59 8 51 64 62 10 74 25 11 41 62 38 39 3 60 79 0 55 32 76 49 97 73 93 32 38 21 21 87 47 20 85 66 26 1 0 67 54 77 48 7 36 34 67 64 30 34 67 4 62 74 63 89 6 65 43 33 68 6 70 57 96 89 30 20 37 67 63 25 55 32 55 16 98 49 34 48 0 56 86 83 24 43 90 42 34 98 94 89 52 64 73 1 90 68 57 82 82 58 19 43 43 17 84 19 11 49 67 99 15 8 0 62 94 40 12 8 12 29 70 94 40 81 33 96 84 43 3 7 92 0 78 74 58 35 73 88 52 28 13 96 90 79 81 88 86 82 2 54 53 44 27 28 3 91 76 29 14 33 5 4 27 71 41 41 50 57 99 18 92 93 42 64 81 
17 0 66 7 3 20 60 47 68 28 0 82 44 12 25 61 86 5 41 12 89 28 77 49 89 10 94 67 67 4 98 93 7 3 27 61 17 46 80 28 54 3 9 4 71 6 84 83 18 47 41 62 0 11 21 94 34 86 59 70 92 76 35 5 95 32 24 13 23 80 3 12 52 54 77 97 84 6 45 87 77 13 89 25 54 85 86 74 92 15 82 59 87 49 86 77 31 40 1 89 64 73 0 21 16 86 13 14 47 83 92 82 11 53 88 6 93 28 92 16 67 52 55 53 24 73 36 14 93 11 25 12 38 66 8 25 60 70 91 5 72 63 79 98 32 20 71 8 0 38 34 28 55 22 89 97 87 78 77 31 95 0 88 27 56 51 78 72 70 52 3 81 19 52 68 6 84 7 90 59 11 36 81 66 93 89 60 65 48 53 8 20 12 33 76 48 42 40 64 52 93 78 1 11 32 15 27 22 79 71 56 20 78 25 40 27 7 49 29 60 88 2 70 54 23 72 90 46 8 65 62 71 8 34 91 65 35 68 37 39 93 11 37 41 33 67 96 86 62 37 84 14 41 53 74 16 2 14 65 22 10 77 41 44 97 2 8 2 69 47 45 96 67 25 94 5 60 36 72 31 22 27 36 84 56 50 44 66 92 95 87 3 88 81 81 64 71 74 6 78 24 71 12 78 75 51 11 85 55 34 65 95 48 57 54 57 97 92 10 12 97 18 0 45 98 2 97 70 6 76 2 46 73 53 2 11 59 27 91 55 34 43 47 89 98 40 29 50 77 64 38 71 93 93 41 0 44 17 50 42 14 70 63 17 69 53 22 37 53 62 35 78 89 99 97 33 66 56 10 37 58 6 4 38 16 94 70 49 82 25 71 76 35 90 17 99 82 19 85 8 
99 35 30 46 68 64 67 28 11 89 73 24 86 74 29 54 2 70 70 31 45 77 33 45 77 2 54 93 66 87 78 50 63 96 89 52 64 12 50 53 88 26 45 42 20 48 1 70 23 5 50 14 19 40 16 0 48 79 80 30 88 45 30 41 51 95 16 75 19 9 82 96 23 56 51 56 35 59 51 50 48 19 5 31 5 7 75 2 53 96 95 34 63 64 8 32 62 21 34 27 59 1 70 26 35 7 34 17 57 56 88 2 7 0 60 73 52 54 38 57 62 99 24 26 61 9 57 20 64 66 63 81 90 29 95 22 44 75 31 45 93 11 55 47 1 43 94 92 59 45 42 51 12 34 47 53 93 92 25 80 21 58 13 4 2 80 81 8 6 60 1 17 31 48 73 80 31 9 76 37 37 96 95 48 8 86 71 91 91 13 3 32 65 93 45 92 34 32 91 52 37 30 29 8 11 11 37 45 91 66 34 51 20 74 80 54 48 11 24 76 67 60 24 76 60 6 86 2 5 79 93 3 89 24 22 50 85 96 16 63 47 14 87 38 51 4 22 23 34 97 60 77 17 4 55 53 2 2 46 85 21 38 68 84 78 19 13 75 57 18 50 65 25 61 7 31 57 62 53 87 33 72 20 53 17 74 81 18 51 53 97 21 65 45 32 32 52 59 90 8 11 82 22 95 55 46 64 57 16 8 44 84 40 99 43 57 95 82 17 72 71 3 0 87 5 20 80 29 27 60 0 32 83 12 56 10 64 50 79 4 87 26 7 72 89 79 51 7 91 28 92 89 18 0 6 81 93 75 9 33 83 6 12 64 21 48 49 72 76 53 99 56 42 83 31 46 7 16 60 50 98 64 74 28 85 91 61 37 25 33 95 84 33 52 21 78 58 85 73 64 
15 7 30 26 41 0 8 87 58 14 43 55 54 61 70 54 30 98 26 15 85 47 49 29 19 23 80 44 40 9 40 71 72 0 32 85 21 54 73 46 2 17 32 92 48 13 28 13 75 43 64 34 33 49 95 96 87 79 96 94 32 86 32 63 37 87 58 70 36 70 35 23 31 36 78 56 85 30 41 60 42 51 84 10 85 27 94 89 43 84 2 22 47 37 48 51 66 66 52 7 91 31 41 62 37 88 62 71 19 45 69 31 21 17 61 51 34 57 18 93 33 74 90 14 43 6 18 28 9 99 13 90 6 36 84 56 80 25 83 90 84 9 19 38 94 75 89 98 58 62 6 34 27 16 39 22 34 84 18 92 87 51 97 3 14 40 92 68 80 3 38 24 99 60 0 74 51 59 88 82 14 59 79 55 67 88 53 20 75 57 62 93 52 61 90 92 65 16 4 11 29 46 6 49 63 88 32 7 7 74 35 99 47 80 92 37 24 28 97 18 77 55 39 87 88 3 94 35 29 24 64 43 80 81 64 69 26 6 6 83 46 96 30 38 11 13 14 78 34 85 87 79 62 35 80 45 12 51 73 68 16 76 57 30 19 42 8 49 87 42 22 28 84 1 0 14 16 30 80 85 69 74 3 68 37 69 86 47 70 19 80 53 60 8 79 56 0 27 29 80 26 16 89 45 37 5 58 43 13 90 7 11 61 17 7 8 90 17 36 53 80 88 26 52 40 3 93 7 73 41 3 83 71 96 55 51 49 23 11 62 9 75 47 51 14 0 30 15 25 94 16 0 84 45 12 53 83 2 8 89 24 60 36 9 2 5 39 36 68 44 88 42 22 47 27 81 92 16 82 69 94 66 82 3 64 81 30 70 35 29 40 50 99 59 53 98 79 21 74 75 
38 24 44 43 55 27 16 53 95 29 71 47 33 51 35 90 31 83 63 49 23 32 8 12 48 20 41 90 78 38 91 13 71 59 24 93 60 86 57 68 55 35 27 16 26 58 15 97 92 17 84 61 87 7 44 49 86 57 38 54 91 8 39 80 7 77 64 77 1 50 67 33 1 70 35 41 6 11 37 9 25 45 24 39 87 73 17 40 25 91 12 81 27 65 66 47 91 77 19 42 30 97 33 68 95 37 41 12 87 21 86 21 5 4 36 46 95 36 71 82 9 46 20 64 40 0 31 98 29 97 10 97 75 25 56 42 98 45 81 20 34 90 93 38 4 29 0 70 67 86 57 42 50 13 74 17 35 52 66 62 27 7 8 81 52 52 39 30 39 6 79 42 96 36 59 79 62 30 51 95 7 68 68 72 24 90 13 22 37 18 45 46 23 19 78 22 21 82 28 20 8 0 50 92 31 28 96 4 83 49 81 38 4 45 67 0 39 7 30 19 12 46 45 66 23 11 75 84 31 73 76 13 99 11 2 5 21 94 19 53 39 35 76 2 92 71 31 63 3 1 44 74 82 4 57 87 61 98 12 88 4 67 9 88 67 90 0 81 56 77 52 15 30 4 73 91 56 12 4 48 24 76 32 21 14 47 38 16 43 31 24 81 54 98 95 33 36 99 64 80 14 75 28 17 29 44 75 70 65 61 41 48 6 8 61 83 55 49 63 37 0 99 73 43 35 12 9 17 93 60 73 95 18 6 87 36 98 42 35 62 65 94 70 38 22 8 20 81 43 4 2 82 0 62 40 47 57 14 32 51 60 38 64 6 44 7 72 54 38 60 32 87 58 7 60 34 6 57 93 94 89 93 7 60 43 12 3 60 74 27 20 27 56 64 96 59 12 70 40 73 
18 60 4 62 55 84 55 68 95 40 15 66 57 16 3 59 25 81 26 42 28 29 4 13 33 44 86 28 61 3 83 1 96 75 43 62 87 60 38 13 58 11 51 34 95 92 54 73 78 68 64 86 38 46 52 58 43 80 41 80 45 69 35 24 74 73 70 23 68 92 66 56 62 26 88 64 63 31 31 16 30 46 66 43 71 63 77 85 34 17 62 80 36 53 75 76 10 93 25 14 89 88 71 61 38 47 67 83 5 23 79 7 77 55 68 25 17 48 31 31 22 31 37 50 48 92 49 1 2 45 7 25 94 76 24 36 52 4 91 12 49 81 54 78 79 71 97 8 7 89 5 11 56 74 45 45 18 40 82 17 73 39 41 83 43 8 5 70 35 62 53 69 35 73 46 42 96 74 73 29 93 62 0 17 14 62 23 10 62 41 69 26 19 24 38 33 76 47 67 27 82 61 32 97 87 50 58 86 85 47 5 83 39 94 56 53 9 82 66 55 44 57 51 7 28 84 39 25 49 87 38 17 55 37 69 36 14 86 32 79 72 43 25 31 61 34 19 4 54 59 59 83 13 2 39 49 24 75 4 94 70 98 85 94 17 34 96 55 2 3 49 95 79 86 24 92 87 50 12 93 23 57 9 26 99 13 18 51 31 52 52 45 59 77 17 25 92 99 32 49 57 82 32 96 60 0 83 50 66 30 97 28 62 36 85 45 80 79 47 61 37 44 59 72 52 3 49 87 72 46 22 74 65 55 78 13 5 81 41 13 24 14 11 26 9 32 43 27 50 73 95 67 94 15 26 33 70 78 38 70 50 61 69 51 28 6 90 95 64 61 59 54 38 29 61 14 6 48 62 20 55 58 70 6 22 65 77 48 47 88 16 8 12 65 98 91 64 38 81 65 
27 75 25 72 1 56 68 64 60 58 14 37 18 80 51 57 41 98 27 27 0 42 18 13 51 17 92 70 75 45 70 23 41 96 46 27 55 95 19 96 75 4 97 49 14 9 63 12 0 18 49 84 30 64 56 40 87 79 60 25 8 69 14 54 26 96 26 44 90 98 51 39 54 67 60 56 69 63 1 76 49 4 71 19 16 70 83 93 73 49 66 87 63 7 49 13 62 23 23 6 12 41 99 32 3 63 82 54 86 51 2 92 69 1 80 62 57 24 59 84 27 60 97 48 84 11 46 4 65 20 82 25 11 79 12 96 21 43 29 68 89 32 77 57 77 25 20 43 99 45 83 38 3 84 2 28 71 16 21 43 15 77 14 42 90 30 10 26 76 64 93 13 46 88 43 5 15 28 60 81 5 74 96 90 15 61 80 12 32 48 96 91 56 76 13 24 1 88 20 30 37 19 87 6 13 49 28 54 65 66 24 25 50 3 14 88 49 2 96 7 63 81 32 15 36 10 99 67 47 42 11 64 66 2 87 18 22 4 95 95 38 30 63 86 96 44 24 24 84 21 97 54 40 12 68 36 31 39 17 31 14 95 26 57 96 77 20 85 25 93 52 69 9 49 14 36 18 61 90 35 67 0 60 52 55 25 46 44 50 27 71 69 33 41 46 52 23 50 74 71 22 40 81 91 88 55 44 76 40 73 81 5 80 92 84 29 16 20 82 13 35 37 84 28 88 90 62 38 76 87 27 5 30 25 35 21 82 16 38 64 70 86 41 92 34 21 58 41 12 20 37 27 59 42 40 49 75 8 39 77 17 66 13 2 43 11 9 68 67 36 44 63 28 90 89 66 5 79 98 73 81 34 75 13 31 46 13 71 43 45 48 51 40 97 56 14 43 87 73 14 
79 54 29 18 23 30 82 46 37 29 71 36 13 59 3 78 53 93 0 58 18 5 3 80 35 92 9 50 92 89 3 22 90 52 85 79 69 69 19 25 38 36 74 38 42 40 66 41 99 95 92 70 81 14 53 62 96 5 11 81 68 77 16 33 72 72 65 17 7 93 9 41 16 36 58 16 22 80 87 63 4 99 31 96 92 14 60 11 45 55 91 39 29 95 4 97 61 67 9 4 54 4 96 81 80 1 68 65 87 34 27 54 3 59 89 19 92 3 60 82 8 97 73 53 21 6 30 13 58 57 80 69 8 59 3 38 64 39 67 9 55 9 85 66 98 29 91 83 7 63 24 12 36 60 0 10 67 95 2 21 29 97 3 3 55 70 22 18 77 61 16 36 57 66 74 61 56 66 89 29 79 67 69 76 85 40 77 30 38 35 98 74 75 16 89 94 25 65 58 76 20 17 95 27 9 53 10 49 9 34 58 88 95 34 19 2 75 1 27 22 28 79 72 71 61 75 75 23 32 60 55 4 63 21 75 26 7 70 16 17 89 60 95 24 62 10 1 23 90 14 71 28 40 74 52 52 17 72 89 65 7 58 60 47 40 30 53 67 31 69 89 62 24 14 91 94 66 89 87 85 82 85 49 83 94 83 39 74 41 11 82 60 93 16 98 56 85 0 48 84 9 25 68 94 46 34 59 49 78 88 54 51 67 56 92 80 26 53 40 0 28 98 95 72 20 42 69 95 32 58 5 72 85 63 66 36 47 25 70 69 50 75 22 86 93 4 88 81 88 57 9 74 5 39 95 30 31 32 76 41 43 69 23 83 19 31 2 85 91 31 17 62 81 6 82 40 8 12 86 69 49 83 63 53 98 16 39 22 82 34 99 12 52 66 95 70 87 61 37 19 
35 99 88 33 57 57 67 72 61 66 22 60 23 7 72 68 2 7 6 30 17 83 59 75 86 51 36 44 77 73 38 61 5 79 22 9 9 87 52 86 62 52 23 27 43 24 4 63 5 33 1 0 92 1 48 39 9 97 88 10 66 2 46 43 58 57 88 19 18 13 82 67 88 96 74 77 90 52 70 30 99 45 19 39 79 62 69 94 13 47 44 2 72 46 13 46 51 22 41 82 82 35 81 38 20 92 18 38 94 89 59 34 72 5 13 47 98 95 63 3 58 15 94 50 36 79 58 57 70 34 98 46 78 41 76 7 96 37 88 39 0 60 63 22 48 3 27 89 90 11 45 79 36 47 50 78 11 34 46 80 41 21 94 23 2 39 72 23 94 30 8 67 69 73 13 51 11 4 92 20 69 48 40 44 39 64 79 4 64 94 80 60 79 14 94 82 99 88 76 49 53 45 89 38 80 87 53 24 81 76 1 61 40 24 44 33 23 54 42 42 14 1 41 20 39 51 18 26 27 69 73 89 44 52 72 97 56 52 65 17 78 55 1 90 20 80 28 23 45 8 55 0 95 77 45 32 71 34 73 79 60 50 22 28 9 96 84 83 39 34 70 26 51 80 97 17 7 76 36 72 91 88 57 80 90 0 51 40 58 72 95 66 24 83 56 96 51 89 46 28 20 22 30 84 18 29 20 14 51 92 21 47 14 92 48 16 95 32 27 37 84 45 9 38 57 8 10 68 38 15 33 29 39 56 17 42 24 80 23 7 14 60 11 96 35 21 49 31 25 57 46 62 29 64 63 39 81 84 69 61 74 25 46 41 16 28 75 88 22 82 50 94 10 67 69 76 36 79 8 82 42 49 24 28 41 15 64 10 34 93 17 5 91 77 76 84 55 53 87 31 
86 23 68 94 2 18 40 90 71 74 92 16 93 94 80 94 64 52 9 53 35 29 81 11 57 61 72 70 76 65 13 50 98 22 70 56 66 5 36 18 87 82 62 9 39 70 79 32 78 64 50 31 88 49 66 96 36 6 74 8 15 82 54 5 69 73 39 59 30 76 80 21 99 50 37 1 86 39 88 58 27 79 66 1 41 88 11 26 29 12 9 65 88 77 14 69 75 70 80 71 34 27 32 66 21 95 90 25 27 17 88 33 20 60 25 85 30 40 1 43 62 78 34 74 27 42 8 25 91 46 24 96 38 77 33 37 0 37 57 76 38 42 59 28 63 41 20 62 3 83 59 3 32 78 56 25 85 24 57 33 59 1 60 95 14 32 59 94 48 32 89 42 76 1 96 95 1 56 35 41 56 83 82 68 36 18 80 72 88 89 24 1 86 39 31 91 18 82 25 42 41 72 70 44 43 69 95 95 71 46 41 92 5 22 9 20 64 43 97 99 85 87 10 78 44 35 42 1 22 4 60 96 55 88 37 25 96 43 97 67 11 19 39 82 78 4 85 11 78 1 56 80 5 91 59 27 5 67 17 72 78 97 27 17 34 9 18 25 4 3 82 31 95 23 48 4 87 55 98 75 68 7 33 53 58 93 54 57 5 13 7 76 91 11 67 80 18 76 64 81 54 17 37 48 58 69 81 12 93 85 71 90 92 51 55 86 6 68 87 82 49 26 21 85 43 16 60 65 47 54 20 24 45 40 91 61 67 47 10 89 70 24 41 48 5 87 78 37 56 18 55 37 35 25 54 28 3 37 61 36 93 90 18 42 63 14 12 86 92 43 58 47 12 90 15 79 62 76 47 64 68 25 66 27 0 0 99 96 88 50 30 34 29 27 81 92 71 65 43 56 
32 14 78 91 57 84 74 33 85 82 34 82 13 26 31 6 77 9 31 77 61 51 4 10 21 44 57 53 20 74 32 46 87 55 77 56 63 97 10 65 93 69 31 40 49 13 3 5 28 85 23 52 69 56 59 92 43 62 19 1 72 9 4 8 21 32 87 70 0 39 50 12 38 8 52 41 15 94 45 32 86 24 3 64 78 36 78 25 93 1 31 40 74 89 59 74 98 11 66 58 26 72 98 85 4 5 76 21 63 68 90 76 16 62 86 17 63 44 86 24 5 85 76 71 54 88 32 89 46 30 60 2 40 45 99 12 7 34 65 76 29 84 14 36 77 7 16 43 87 92 47 89 13 5 67 85 88 32 4 72 61 95 37 53 62 94 73 61 64 8 43 99 33 79 0 20 64 98 27 3 60 8 0 29 15 63 71 39 73 34 94 24 71 51 94 48 28 7 43 49 21 75 24 73 75 7 37 16 71 81 4 20 73 40 57 31 42 21 13 48 79 94 63 19 69 9 83 93 86 60 78 99 91 86 41 15 4 12 56 61 25 38 66 11 2 23 39 91 54 52 9 92 99 95 79 83 77 87 79 51 68 80 49 83 22 63 92 63 54 24 30 31 14 53 15 19 3 79 6 89 83 60 30 75 41 47 49 16 88 71 14 47 90 16 5 18 91 64 61 92 70 89 2 48 30 80 79 52 80 14 25 78 21 88 76 66 26 40 22 60 59 18 82 35 80 36 34 63 40 50 24 63 17 13 25 46 29 46 11 10 58 25 73 57 96 50 32 60 24 51 21 9 76 52 92 65 54 60 31 58 15 85 80 38 73 82 26 4 31 74 55 58 3 91 97 39 64 60 78 81 89 80 42 95 29 69 87 13 37 64 33 84 87 37 85 72 0 36 38 15 
92 65 10 51 36 14 22 79 85 3 81 82 23 11 59 64 5 68 61 18 7 71 83 72 31 73 20 45 8 73 37 77 96 83 1 9 94 80 44 9 15 71 2 10 80 84 46 42 87 50 66 44 57 66 97 26 21 2 25 37 55 71 2 72 63 68 43 13 91 30 2 77 10 52 57 37 23 86 23 97 61 56 79 87 96 81 1 99 28 36 59 21 84 0 58 92 10 55 73 70 29 24 4 72 91 41 53 4 4 98 83 75 10 24 36 36 46 68 61 18 56 51 43 29 51 46 0 71 51 26 22 84 54 42 7 29 76 72 22 37 18 16 26 38 50 66 60 10 81 35 81 59 41 99 20 23 28 50 65 59 3 23 43 88 64 84 67 60 54 11 85 67 15 24 59 85 29 32 68 85 56 73 42 6 19 32 91 61 71 39 96 16 15 63 48 73 74 33 87 58 42 95 22 43 90 57 62 69 95 36 63 69 42 96 32 24 22 37 47 26 84 59 46 76 98 98 4 59 43 98 72 26 22 31 36 19 55 41 93 12 24 36 78 31 25 70 10 88 86 43 69 99 19 44 7 57 63 83 67 99 17 3 38 8 12 97 20 2 70 18 77 89 64 18 32 35 8 80 12 83 75 42 97 86 44 47 78 51 24 80 58 0 23 96 72 1 27 7 93 65 80 17 21 13 91 10 70 3 7 97 48 75 53 2 94 26 11 40 99 64 56 47 13 2 1 73 6 72 79 11 96 6 7 22 67 46 50 78 28 57 90 15 32 6 84 22 13 80 52 83 84 46 34 49 32 37 11 85 41 37 15 27 61 23 60 1 31 27 11 53 97 44 5 76 56 64 65 76 65 42 51 56 54 56 0 90 65 70 25 74 89 56 81 79 11 4 63 9 74 72 
19 70 94 5 84 82 85 16 22 2 19 31 37 22 4 71 29 5 63 88 99 94 1 2 88 93 26 99 21 55 60 10 47 38 26 78 7 47 54 2 49 13 66 63 56 34 72 38 25 36 24 12 5 90 34 22 44 99 80 22 20 4 28 48 97 29 58 29 70 43 12 14 72 57 91 47 6 64 30 53 92 61 9 16 64 61 23 45 93 95 62 13 66 33 27 38 11 58 77 86 50 96 43 85 49 50 66 22 29 4 99 92 70 93 69 47 42 25 5 10 8 83 63 6 9 13 8 41 88 7 64 0 9 80 74 25 39 11 54 52 87 98 3 72 92 48 76 2 92 16 96 33 95 36 88 99 19 31 68 32 99 94 87 23 21 29 74 25 61 33 11 34 87 77 5 56 28 82 64 15 51 27 83 78 27 93 8 52 11 94 42 63 78 73 73 99 80 57 82 18 73 41 83 55 56 26 45 53 11 15 54 9 97 34 26 18 76 68 77 47 84 31 71 66 60 69 38 69 24 69 47 86 62 64 71 99 0 82 37 49 10 42 93 4 64 33 30 4 79 75 43 70 56 22 7 82 9 45 27 64 11 52 93 16 80 37 70 78 74 34 66 74 19 92 83 17 66 40 35 32 2 99 79 60 54 67 73 30 89 96 36 48 79 52 83 13 79 27 30 33 18 61 95 40 72 97 52 22 33 58 60 11 83 92 49 90 58 86 66 11 32 25 88 77 83 31 85 24 11 73 91 31 52 94 90 65 63 61 85 58 76 44 62 60 88 14 4 59 32 86 25 32 66 1 32 4 58 2 12 5 24 20 18 69 44 12 27 15 58 88 90 90 23 38 73 43 83 57 21 91 84 60 31 49 87 32 36 77 90 37 16 60 2 76 3 38 14 88 23 34 
47 53 34 12 50 72 96 69 67 84 35 10 74 88 99 94 87 94 27 66 46 24 88 38 25 93 89 90 62 78 34 76 60 1 6 47 17 58 11 25 67 96 39 1 79 2 94 44 63 35 93 77 10 39 97 98 74 55 48 73 73 90 23 43 88 48 53 44 64 99 7 75 85 29 13 39 21 22 15 90 1 70 75 73 82 73 46 44 59 81 42 28 9 87 63 10 55 78 80 50 15 17 76 31 44 91 32 64 41 51 3 96 62 53 73 15 74 11 20 25 93 64 53 94 87 51 65 2 85 79 83 1 42 86 53 46 76 90 25 45 28 19 42 43 3 38 10 21 18 53 71 36 21 32 25 99 36 84 14 86 34 74 45 1 1 67 79 56 37 37 79 45 52 0 87 18 42 54 35 41 27 87 62 13 50 49 91 8 34 75 6 74 22 93 10 47 92 7 37 67 87 49 38 85 67 95 67 25 37 92 20 19 27 21 62 9 55 15 74 4 43 64 4 22 5 30 48 26 40 76 84 5 18 46 76 19 75 55 21 77 75 22 91 26 63 46 82 51 78 33 55 39 73 47 52 67 35 54 12 94 7 24 16 37 87 48 47 61 94 50 94 29 3 10 71 94 28 79 38 11 58 45 6 58 18 71 63 88 96 0 53 64 14 60 72 7 80 15 35 50 59 38 69 53 79 61 2 51 96 52 56 74 30 25 54 64 49 37 29 77 41 78 8 75 26 44 28 72 86 7 17 59 49 33 75 94 14 51 85 22 25 85 34 3 36 22 20 93 94 33 9 71 16 26 76 67 58 88 73 35 94 55 20 51 66 61 44 11 28 56 43 53 53 86 44 38 43 15 79 6 20 67 44 49 7 62 75 37 41 60 63 8 54 28 38 18 21 6 15 76 
33 60 61 95 38 10 67 99 55 94 0 25 21 63 42 71 56 64 81 12 21 79 33 16 51 62 12 81 46 42 37 1 9 10 10 17 15 75 23 15 36 13 39 5 32 4 22 42 49 52 31 44 61 82 92 62 70 33 80 22 17 23 65 47 4 95 87 57 72 11 7 29 90 65 79 23 5 88 8 9 60 84 17 18 36 97 20 58 26 16 70 19 94 27 96 53 62 39 79 10 8 3 51 26 45 10 92 53 77 69 1 0 35 82 54 77 76 36 3 33 34 93 66 12 57 80 97 0 59 2 31 69 45 23 69 5 70 16 7 66 30 52 41 88 85 44 83 25 20 63 8 54 8 78 42 64 95 35 81 82 8 80 79 53 14 30 39 42 91 15 80 58 65 65 75 20 18 0 99 30 28 97 37 5 27 28 65 71 82 59 32 73 79 40 46 74 31 69 21 57 5 46 86 22 62 51 24 92 41 51 91 89 72 44 67 79 71 63 25 57 75 10 73 89 49 52 84 76 60 5 12 51 41 18 62 77 22 44 83 77 28 68 71 89 8 26 81 46 16 42 67 71 15 94 36 24 59 22 67 96 82 56 83 99 25 7 99 39 55 62 89 25 54 93 42 15 41 56 72 25 6 63 30 28 52 8 62 52 11 23 24 1 59 90 47 57 83 29 46 85 27 78 17 99 87 36 60 81 25 29 7 73 81 24 6 0 60 0 99 93 11 70 46 16 68 69 56 58 5 32 11 86 44 48 52 72 0 10 14 93 61 67 91 0 85 94 53 56 89 70 98 73 30 45 11 27 37 68 37 49 85 71 25 74 4 51 50 30 59 67 8 55 70 36 3 53 22 77 41 59 41 73 56 2 67 66 19 88 11 50 91 50 10 4 41 10 13 85 78 36 
69 59 41 61 82 29 69 96 33 17 6 69 67 19 41 31 60 54 35 75 44 0 25 97 68 21 6 17 97 0 41 98 30 77 70 5 83 54 78 2 88 89 73 71 30 34 28 25 40 1 39 94 14 86 88 3 46 55 21 11 31 1 18 37 7 79 39 75 3 43 68 90 56 42 22 80 16 63 1 59 75 35 42 11 7 99 36 23 66 69 81 5 3 80 62 48 66 63 19 17 56 44 51 56 42 97 24 4 52 10 85 53 93 20 41 58 97 49 0 30 11 1 3 38 17 77 36 43 5 26 70 41 73 60 6 41 12 4 43 15 18 26 76 72 94 23 59 21 71 30 80 67 33 57 26 46 61 91 73 7 18 72 77 19 65 80 94 64 68 87 65 78 42 53 13 58 38 49 77 22 65 59 25 94 17 79 51 25 71 72 49 7 3 72 16 81 26 80 11 89 41 76 67 88 4 49 9 33 89 70 30 72 31 72 19 47 41 44 66 32 99 22 79 51 86 4 86 57 67 88 63 93 30 33 84 34 60 27 15 65 7 98 83 48 4 25 85 75 54 35 18 86 13 98 88 64 97 42 76 34 12 88 97 95 33 23 74 62 86 87 60 61 17 13 84 17 66 58 92 69 4 71 76 36 61 7 39 77 91 71 1 97 69 79 31 27 45 86 85 86 43 48 80 45 45 62 44 11 52 66 79 70 4 39 3 56 44 15 36 2 60 75 98 57 62 19 94 66 62 26 90 14 33 16 78 17 81 34 96 22 7 30 27 88 64 97 48 16 8 68 61 27 96 74 62 86 31 46 85 66 44 19 89 77 14 49 74 90 15 86 63 71 29 86 60 89 94 39 22 84 82 36 28 21 87 59 47 52 28 89 49 62 51 44 65 39 88 60 90 19 
37 39 26 41 31 22 69 9 36 29 90 14 15 41 33 95 53 23 26 20 26 95 65 63 75 19 67 56 44 45 87 72 65 92 24 73 73 78 26 98 0 1 44 0 98 55 77 42 50 67 69 45 43 66 26 91 40 26 94 49 51 92 72 30 21 44 54 73 0 13 41 18 92 26 95 22 42 44 0 61 30 88 0 47 80 88 59 49 70 22 7 28 92 69 54 16 24 62 0 75 70 8 31 76 18 43 83 90 41 18 49 0 46 89 98 7 22 34 5 13 53 30 21 72 34 35 88 66 57 51 5 39 93 99 87 21 17 29 37 78 2 15 49 83 12 13 4 0 99 0 8 8 46 16 13 82 95 35 96 60 38 87 5 87 91 70 75 52 25 64 9 53 80 53 27 15 13 99 81 94 97 30 51 69 99 74 79 88 38 65 14 59 82 14 57 37 6 61 67 73 14 64 43 76 17 73 56 7 98 96 82 90 10 92 31 9 34 5 6 85 11 9 84 30 5 11 77 37 24 31 76 73 84 48 37 70 68 2 11 55 13 52 83 11 20 69 11 50 65 49 42 26 42 70 15 90 51 0 5 89 51 62 58 78 35 5 18 55 1 54 45 60 40 87 87 81 22 70 68 66 14 78 25 94 11 74 33 98 36 63 35 31 6 84 4 67 3 28 68 75 72 63 50 73 21 89 19 81 24 19 81 68 27 4 44 97 10 27 34 58 36 61 58 94 57 50 50 57 52 11 91 7 13 46 57 54 70 49 62 21 22 96 7 49 54 38 22 75 83 62 86 86 64 18 48 67 56 32 74 82 78 86 85 18 45 11 74 40 62 96 21 76 24 33 42 80 42 33 65 29 22 59 0 11 26 34 77 37 3 53 89 49 82 23 35 73 30 18 82 13 
41 62 27 43 22 13 21 41 3 73 37 18 36 22 92 36 99 4 34 52 46 94 54 46 22 24 88 30 53 11 1 72 46 83 1 52 20 42 57 61 48 82 63 35 79 38 23 13 24 1 39 20 17 20 67 74 27 67 9 11 10 89 95 86 51 95 22 58 10 78 33 43 23 20 23 94 24 84 57 71 39 97 31 46 28 81 64 8 94 26 61 96 50 5 30 41 31 38 27 14 28 66 74 3 71 14 20 9 92 89 33 49 86 0 39 61 11 13 58 4 77 50 90 96 67 63 53 64 54 91 40 30 30 69 79 69 33 65 51 88 53 35 0 63 31 58 55 94 74 10 37 63 38 22 36 46 71 55 78 64 61 67 12 84 49 5 89 82 51 73 67 97 93 86 9 14 16 51 21 95 82 47 92 28 32 64 0 17 25 93 97 59 50 50 52 76 39 44 83 57 30 14 77 2 47 68 89 5 72 98 76 86 73 55 92 55 82 30 66 98 68 72 76 11 26 92 55 68 65 43 50 90 42 92 80 94 30 87 43 24 2 20 78 75 41 83 44 81 78 49 49 83 26 14 52 64 21 52 46 22 12 46 18 22 27 86 69 26 76 36 80 68 40 9 80 0 92 3 29 16 7 17 50 52 74 53 72 37 4 88 4 58 43 49 54 36 22 14 24 13 0 31 16 44 85 93 89 99 84 70 39 87 53 34 96 19 68 13 57 26 69 30 98 86 73 36 71 65 61 22 84 63 66 4 42 8 33 35 70 32 19 94 1 59 36 67 4 22 44 40 34 7 86 43 56 88 32 74 48 47 46 67 78 49 18 43 22 56 16 5 78 21 55 37 19 82 8 90 49 32 90 61 5 69 45 31 97 31 31 20 14 68 43 73 93 33 20 87 62 33 
30 5 62 20 27 16 6 47 17 45 96 10 10 95 10 43 80 97 94 84 97 50 96 96 86 99 38 78 48 97 39 26 3 76 25 8 19 99 14 23 79 77 33 46 88 43 34 73 50 19 82 38 76 60 35 1 74 43 48 5 94 17 76 68 96 62 28 94 67 74 66 92 43 2 75 94 24 97 33 79 14 39 81 49 91 30 11 41 3 71 16 32 2 83 31 33 67 74 23 13 87 85 63 12 87 3 91 70 70 97 70 98 34 42 9 2 50 63 43 47 0 20 89 34 97 11 4 15 41 98 53 97 11 91 12 91 92 38 76 13 91 6 18 37 65 76 68 7 77 49 24 28 99 30 8 87 49 40 72 46 11 84 83 70 87 41 62 7 35 61 47 95 65 74 88 21 31 64 86 39 12 58 57 39 23 76 37 24 47 32 51 36 31 57 72 53 79 3 65 22 58 69 47 12 25 35 65 17 88 64 16 31 8 55 15 12 68 72 95 40 32 29 28 43 91 9 65 97 31 65 52 76 39 90 77 93 16 78 77 37 24 2 2 13 3 19 49 59 90 64 95 27 54 64 68 35 45 68 37 43 8 67 23 83 52 27 25 93 64 79 23 5 27 75 43 76 14 52 48 37 49 73 4 2 51 89 42 90 79 33 81 61 84 4 60 41 39 50 6 92 15 30 79 58 49 51 64 4 46 72 75 45 34 55 83 80 6 39 27 2 80 6 16 21 84 21 40 22 71 65 56 3 60 14 58 39 43 34 12 46 13 88 3 96 99 66 83 69 86 75 74 70 63 25 55 83 21 86 94 8 19 49 41 97 6 64 84 9 91 28 28 9 17 60 8 44 1 69 9 38 41 6 12 11 14 99 98 1 81 87 84 97 89 14 10 42 79 68 52 70 
42 44 39 65 72 68 77 95 93 61 61 86 2 30 73 48 48 72 36 61 6 28 82 64 84 44 10 66 18 34 99 36 81 95 66 43 8 76 3 93 25 79 58 37 49 63 96 85 13 91 50 43 51 36 37 26 4 58 71 94 43 22 5 67 18 97 21 38 72 39 85 28 19 56 49 47 46 43 30 71 21 74 47 17 51 57 1 14 17 46 85 9 58 11 84 65 71 2 71 70 91 62 32 38 21 35 69 97 37 60 30 64 88 75 24 21 96 57 69 36 91 98 69 92 83 35 31 48 14 98 40 55 79 37 23 71 17 95 79 98 50 56 93 70 22 51 1 50 85 89 41 44 91 43 27 82 54 80 44 76 61 12 46 70 95 44 15 17 22 79 62 23 93 29 86 5 4 94 89 29 38 89 63 39 47 49 90 51 87 19 64 19 55 37 26 55 79 15 72 14 47 72 27 2 26 60 54 64 72 3 56 45 55 84 48 28 56 79 10 59 83 44 38 95 4 73 15 40 91 65 61 45 74 62 41 34 90 84 48 15 71 44 63 78 16 19 55 67 46 11 1 3 56 2 87 63 16 20 31 91 3 4 95 35 14 37 93 4 7 59 93 46 42 51 26 4 53 27 14 53 82 47 61 66 3 91 38 32 99 18 18 63 71 18 57 23 11 57 95 66 50 59 89 18 23 65 84 60 14 22 29 65 54 0 18 64 41 29 64 85 57 70 49 72 67 56 72 57 41 17 54 99 40 81 7 2 88 30 2 45 27 76 13 23 56 18 53 42 28 21 4 50 30 26 80 99 12 45 7 33 80 83 95 75 79 37 28 18 71 22 3 20 5 83 86 96 79 84 41 3 78 27 11 67 86 28 62 19 72 39 35 24 36 57 73 31 89 63 71 95 
46 24 64 3 38 50 7 95 46 20 11 47 81 90 77 57 97 61 71 33 68 72 35 13 49 11 61 30 68 14 33 8 12 22 89 48 8 8 45 8 15 80 87 67 51 8 97 15 63 80 37 71 33 69 96 61 24 87 62 96 2 32 82 41 72 70 37 31 33 42 71 4 41 93 80 54 43 99 12 18 52 7 50 59 17 42 46 42 31 96 65 49 22 75 93 58 92 25 60 22 27 20 38 62 76 87 91 56 97 68 33 48 65 68 54 17 18 51 20 42 75 53 86 6 76 60 50 36 39 51 0 59 40 33 33 38 40 30 15 53 68 3 17 39 96 92 54 59 82 48 95 25 93 75 28 6 96 51 10 62 9 11 86 69 82 23 85 36 21 90 1 86 98 84 55 67 15 47 77 95 7 32 54 29 83 50 88 90 26 3 5 33 66 39 45 77 72 20 34 37 99 38 93 55 6 70 84 18 80 1 77 96 72 64 22 8 15 2 53 21 30 58 6 24 74 5 86 34 45 73 55 64 94 51 54 90 60 83 12 58 89 26 23 63 37 16 62 94 20 90 0 59 16 6 58 59 61 50 84 84 55 50 1 22 86 9 72 49 13 89 54 30 37 29 53 87 46 84 47 61 97 48 96 28 12 60 48 2 20 50 29 40 69 7 31 89 23 92 28 83 31 45 34 91 15 24 23 24 55 52 57 31 76 38 66 9 26 88 37 98 77 20 9 33 71 20 10 95 53 51 94 8 99 26 18 72 17 25 45 58 76 51 43 67 20 33 93 49 82 41 25 2 57 42 34 31 25 16 13 76 21 76 61 33 81 30 39 85 34 16 89 2 29 7 2 82 25 37 51 53 89 93 87 82 85 34 1 90 47 76 21 47 5 57 50 93 94 3 48 19 
22 19 54 95 54 26 33 95 51 61 1 87 65 66 39 15 83 89 36 67 33 36 22 36 15 55 37 20 96 83 27 8 5 25 22 70 39 1 45 38 90 51 65 17 84 9 70 92 73 63 51 9 64 16 11 15 93 34 84 43 37 24 36 67 35 93 5 58 88 47 21 91 70 21 55 31 64 18 44 13 77 20 54 92 98 24 56 1 81 94 18 13 43 98 44 49 36 88 37 83 22 66 50 43 79 24 6 15 75 45 65 59 81 23 72 89 48 19 71 20 54 6 53 82 92 39 91 92 92 78 39 29 39 44 63 93 9 16 11 15 35 62 43 53 4 10 57 99 39 82 1 47 83 43 26 27 74 90 24 7 88 99 62 45 24 54 97 54 17 21 86 75 78 24 65 99 29 51 54 83 13 49 77 99 74 17 32 87 99 86 67 54 42 22 11 38 78 24 64 16 53 34 6 61 19 12 89 10 42 87 31 31 60 36 60 74 30 4 92 94 58 16 18 70 3 93 49 12 47 34 83 13 6 53 67 7 90 54 83 45 58 97 79 25 86 19 57 43 55 56 13 13 55 20 43 34 20 90 62 0 97 48 47 61 97 12 26 72 71 2 20 72 89 95 79 80 49 89 82 59 17 93 32 31 46 89 22 6 39 30 94 93 7 21 23 14 8 16 63 77 58 91 48 75 19 99 70 1 16 60 19 21 84 34 72 68 67 73 72 91 42 97 46 79 73 58 84 78 25 36 13 69 63 47 54 47 24 95 85 91 74 30 2 1 56 8 82 4 6 38 20 36 40 46 46 6 70 51 45 33 94 54 37 60 14 44 3 91 52 41 7 46 61 52 92 87 97 7 34 12 31 69 63 69 76 71 73 87 60 12 63 69 1 80 18 54 51 47 30 24 
12 29 17 23 60 30 4 76 39 67 91 95 58 6 45 95 96 66 36 93 86 9 98 92 57 0 33 52 70 36 12 72 46 57 51 77 3 91 83 47 47 52 74 49 55 9 9 29 7 96 30 57 36 89 89 49 74 64 46 49 75 83 33 9 63 92 64 20 74 44 56 84 47 69 26 3 3 90 12 67 85 29 44 42 54 94 13 69 0 28 48 65 59 7 52 19 72 69 77 28 37 58 53 88 36 59 16 8 0 80 81 81 2 37 58 36 92 46 85 87 11 22 51 89 92 54 34 28 43 93 93 6 5 47 78 2 7 98 3 13 60 32 53 56 98 59 39 91 91 58 34 55 83 73 28 96 96 82 18 78 50 76 13 53 8 15 76 82 51 2 4 60 9 18 72 55 77 72 79 20 69 25 23 65 92 12 39 62 5 8 84 21 63 94 24 93 55 56 35 61 95 55 91 23 29 62 53 83 11 92 31 98 63 1 61 26 78 76 3 56 9 67 54 83 20 30 71 51 10 45 14 50 61 76 95 66 10 44 20 27 68 3 35 25 58 20 91 85 49 37 97 73 6 13 22 74 88 37 57 74 14 45 14 73 40 55 4 15 30 91 75 15 16 89 54 66 52 75 38 75 9 34 53 5 14 20 24 81 2 36 43 42 57 41 42 31 19 86 31 28 12 25 19 23 92 42 13 80 99 74 30 98 31 17 62 73 0 49 1 65 64 85 13 92 49 37 15 3 20 66 44 56 63 48 2 4 58 53 24 19 61 81 66 9 17 28 72 24 76 80 5 37 37 76 74 27 44 20 20 45 94 58 39 76 41 49 76 89 47 19 22 0 52 80 59 69 4 88 88 34 42 49 91 49 21 11 27 7 16 68 22 93 29 68 62 63 49 7 69 54 
92 8 35 30 2 38 24 88 93 85 74 7 41 8 91 65 44 88 91 57 84 43 25 96 73 34 24 49 75 20 48 20 87 52 16 81 57 44 18 17 83 75 81 8 72 96 11 98 38 13 83 28 52 62 72 77 78 65 23 66 55 34 21 18 30 59 5 86 12 10 40 20 41 86 54 32 76 74 28 99 64 24 7 0 72 25 48 41 92 73 47 71 41 22 73 92 80 4 37 72 7 96 63 73 33 13 60 68 46 54 65 37 80 97 54 82 11 24 80 35 96 38 78 51 34 72 60 31 96 96 65 27 38 18 31 97 22 57 92 63 58 4 80 87 47 82 44 8 19 31 1 83 36 48 17 51 16 28 13 66 40 87 72 35 9 43 99 24 36 22 98 65 68 40 73 5 57 61 54 13 95 41 82 25 93 22 27 81 52 50 69 77 35 93 63 41 80 29 60 96 38 80 85 10 53 37 21 59 3 52 84 50 56 3 40 10 76 85 25 79 91 21 39 20 37 70 98 52 55 46 81 35 90 7 81 3 31 53 72 26 3 13 57 45 28 85 63 97 63 65 54 9 63 78 12 28 2 73 64 37 22 59 39 40 51 50 43 3 75 66 81 65 83 1 86 77 92 75 78 26 64 58 12 29 45 73 11 48 86 64 69 54 18 79 81 24 45 22 15 2 6 41 81 40 29 79 78 90 44 13 89 14 85 68 91 97 34 50 38 37 9 41 14 66 29 76 32 41 65 12 32 53 91 62 7 68 95 13 94 89 93 26 74 88 36 94 4 61 5 37 34 61 92 69 91 22 24 36 55 25 33 5 87 35 81 68 4 71 32 5 54 41 65 27 14 20 20 14 91 31 17 13 81 71 49 52 47 4 20 32 55 56 70 96 64 88 78 84 91 52 
92 92 1 6 1 52 36 30 45 34 11 13 12 47 67 88 33 97 55 19 47 92 76 89 0 44 2 84 97 87 61 24 90 50 3 41 94 53 37 47 79 35 85 43 81 27 23 50 28 81 11 71 91 28 69 60 76 80 65 88 2 39 14 81 12 23 86 29 15 2 24 10 93 68 88 79 96 93 18 4 15 49 34 25 46 8 31 81 48 73 78 92 8 92 89 58 69 59 63 50 19 26 43 40 89 83 57 47 45 5 95 42 40 83 36 7 94 15 57 45 70 27 53 14 77 84 35 4 77 41 9 9 44 71 82 0 34 38 47 98 64 42 75 37 53 3 50 72 62 90 92 87 24 50 57 40 88 69 7 78 48 90 17 77 77 3 35 30 29 58 75 45 41 6 50 36 29 99 4 1 62 93 47 87 60 17 19 45 2 61 34 52 27 98 46 82 86 7 35 50 4 3 45 62 12 15 83 99 47 93 45 40 86 68 15 5 93 10 90 2 93 50 19 74 56 89 70 49 55 55 29 61 92 41 88 51 25 42 83 30 85 83 46 92 78 15 56 46 71 79 79 9 22 57 39 73 80 95 25 64 84 38 94 70 89 40 57 12 48 15 29 50 50 99 6 26 26 49 73 90 5 9 18 96 61 49 45 20 7 15 5 42 57 70 25 66 24 35 31 68 30 9 78 83 18 10 78 37 6 12 11 95 41 24 94 87 2 16 94 99 78 87 91 92 2 13 52 11 91 35 43 39 33 94 89 35 61 19 41 45 74 94 53 3 90 15 91 28 50 32 22 7 31 13 26 84 35 20 11 87 52 20 52 41 6 84 67 24 87 68 64 38 66 4 60 29 28 48 79 69 91 26 64 47 40 6 71 49 52 95 15 46 97 2 75 51 78 88 87 13 
32 67 7 61 70 9 95 66 31 53 83 18 31 14 69 39 7 41 17 15 29 61 52 90 20 65 20 72 91 30 34 43 0 97 85 21 55 59 67 20 7 31 26 5 20 64 56 80 38 72 42 71 63 64 81 29 43 96 82 4 75 85 64 64 95 74 75 86 39 56 87 77 61 90 49 0 60 95 22 9 0 13 82 0 92 98 35 86 56 53 17 76 37 55 44 74 85 54 40 89 23 93 12 97 67 70 51 91 2 85 34 46 61 53 30 10 46 16 89 98 82 94 71 74 68 22 11 49 3 56 37 21 24 10 2 55 94 14 58 96 10 24 37 88 88 52 38 10 27 86 60 8 73 16 77 53 42 91 12 72 15 10 77 66 4 7 60 67 15 8 82 33 67 29 11 77 47 70 81 67 97 31 67 40 17 19 66 86 50 18 68 43 54 10 65 9 81 32 95 65 96 98 64 77 3 0 15 68 1 71 56 41 22 97 43 99 30 38 52 51 96 47 38 70 85 89 61 25 82 88 90 22 7 41 0 33 65 88 14 90 50 90 54 93 28 42 92 95 32 46 43 15 32 41 59 42 2 83 16 50 87 96 70 25 14 60 41 64 13 3 11 53 54 96 20 38 82 51 89 23 39 20 72 39 30 18 71 89 3 31 7 53 87 0 66 70 51 17 32 98 91 3 19 80 10 97 93 56 36 92 55 16 99 2 95 50 74 80 25 90 47 75 97 93 96 96 51 2 49 6 8 23 28 1 93 3 76 37 34 24 58 89 81 92 60 8 23 32 64 16 77 30 94 25 11 90 5 64 37 39 71 97 26 92 30 29 58 99 45 96 27 8 32 82 0 42 71 60 28 65 85 1 25 47 3 30 96 64 54 39 43 80 47 24 70 80 54 75 50 23 
45 89 15 43 22 98 51 38 6 8 4 94 67 1 38 48 0 10 89 92 99 79 98 2 40 59 11 59 8 42 8 76 65 38 99 18 44 54 19 61 14 78 37 54 59 62 31 58 8 17 53 13 48 54 1 27 10 48 14 34 81 91 16 36 27 29 34 55 94 50 88 38 4 32 67 9 58 54 53 44 83 10 73 64 90 29 29 86 49 1 98 64 43 98 63 61 21 22 69 69 52 42 89 9 18 66 95 88 6 63 35 50 45 15 93 71 91 15 97 92 17 36 43 73 48 31 13 51 33 15 75 36 79 2 90 91 98 14 76 78 69 65 7 36 82 30 44 60 72 82 62 99 38 35 51 82 30 6 69 84 85 39 81 97 85 57 36 43 51 15 27 27 21 90 78 35 47 56 87 19 70 48 87 42 68 23 48 70 43 95 76 54 28 93 6 15 63 56 43 73 16 40 84 48 88 85 95 62 58 60 1 90 99 22 9 66 64 55 50 77 86 21 54 28 14 18 95 86 22 31 71 34 99 66 10 12 45 49 82 74 32 52 59 51 61 64 8 29 12 97 98 8 7 29 62 55 90 90 16 67 84 2 82 84 3 73 90 87 16 3 69 73 86 6 24 74 70 86 3 98 65 43 23 94 5 51 64 26 10 17 24 73 23 9 51 34 32 45 67 33 73 23 25 41 34 3 49 85 56 88 19 85 80 62 47 27 94 35 69 77 85 15 4 84 62 79 24 1 86 65 10 75 71 0 61 6 57 59 46 82 65 21 55 51 35 26 83 27 37 21 25 56 63 67 27 73 36 90 53 51 1 91 43 32 80 16 95 2 4 58 14 85 95 94 88 63 20 7 1 11 46 28 87 92 56 62 58 43 67 8 36 23 77 49 13 49 56 37 19 79 
18 56 13 40 89 31 97 69 14 17 61 22 13 69 84 20 45 56 49 90 90 86 38 38 78 32 60 1 29 16 66 65 42 12 93 61 39 44 39 94 32 67 47 33 51 72 19 57 4 9 79 38 21 28 37 26 37 7 81 88 20 25 44 30 22 55 91 19 53 33 42 77 56 10 34 43 82 21 69 98 42 85 48 8 28 93 81 65 48 8 28 78 61 24 32 24 33 50 42 15 59 13 77 30 65 98 22 12 47 84 86 47 71 15 85 79 27 27 62 43 8 73 80 60 0 93 51 42 83 94 96 8 61 26 89 49 3 87 32 32 70 84 25 88 96 4 38 28 14 60 43 90 46 12 6 57 70 95 96 57 12 98 1 90 47 62 25 71 50 37 48 52 24 63 54 50 55 92 14 26 5 77 28 84 88 99 30 81 49 83 4 20 24 33 58 45 25 30 82 79 46 43 69 19 63 15 47 40 58 19 78 69 60 50 98 49 60 51 34 77 67 97 19 59 27 74 27 86 48 97 55 34 35 70 28 5 89 57 81 74 71 33 17 53 60 66 37 15 20 83 61 16 66 93 56 82 21 6 59 88 82 45 53 43 57 22 40 15 88 20 79 17 68 14 44 99 95 75 40 96 26 49 73 30 44 51 39 74 46 9 27 83 48 12 87 54 20 3 18 44 30 98 35 7 48 81 63 22 11 35 40 48 33 7 59 48 72 34 69 30 34 39 62 40 47 55 14 63 28 89 25 16 30 93 49 35 47 55 65 2 30 31 12 69 29 50 30 25 77 60 50 94 22 51 89 46 25 18 62 79 54 23 54 20 19 34 34 26 64 96 70 76 30 35 5 77 1 74 23 45 1 99 61 51 72 39 51 57 52 29 66 85 32 55 53 2 83 37 37 26 
33 64 52 47 29 34 74 91 71 11 97 85 63 76 91 0 86 97 53 22 70 72 35 45 0 67 25 5 81 34 52 18 85 90 8 75 69 74 48 84 90 64 69 20 3 66 32 81 26 26 23 48 13 50 20 0 92 16 2 66 29 13 72 71 16 8 97 85 37 81 35 99 74 7 82 18 9 35 19 51 58 94 44 39 24 84 10 1 42 90 2 51 87 45 71 92 23 56 97 28 0 40 74 64 75 46 33 75 17 65 28 5 40 8 92 64 99 86 72 48 48 84 70 87 67 91 29 37 0 39 12 84 80 51 54 47 74 62 78 48 43 25 8 23 70 42 1 81 46 48 11 82 44 28 73 31 93 31 66 2 40 37 71 29 44 38 98 65 85 3 64 24 91 39 51 94 39 74 24 81 57 54 39 58 93 88 69 29 10 65 41 36 71 94 58 64 8 41 75 41 21 20 60 83 42 15 84 81 6 21 12 77 8 39 43 72 23 69 74 95 72 77 54 58 86 61 16 20 4 55 56 47 63 67 61 34 62 17 48 64 65 31 67 19 55 57 16 68 30 75 61 1 88 75 14 68 71 23 77 58 80 97 90 0 53 70 52 48 64 92 54 0 3 27 85 42 70 82 93 3 10 49 94 82 47 14 5 79 19 4 67 29 0 99 65 27 4 90 8 90 81 77 87 19 44 35 51 51 41 11 83 40 19 73 60 34 51 75 14 82 19 28 31 17 9 17 76 64 57 55 30 50 55 92 74 40 76 45 77 72 40 87 1 60 85 93 4 45 22 90 6 9 90 27 44 98 37 91 59 64 87 68 74 86 84 13 48 80 19 58 94 99 84 16 4 50 32 94 61 3 94 43 84 9 19 96 32 77 25 80 91 54 33 67 87 82 74 68 53 13 
26 38 26 84 75 48 23 10 84 68 92 21 21 5 61 37 60 41 15 21 34 33 24 74 5 90 73 44 55 36 0 82 15 57 91 37 30 24 27 20 61 3 44 75 34 33 20 97 96 96 38 90 38 50 81 41 38 46 29 14 66 22 14 79 3 87 91 4 18 72 64 37 52 62 94 99 16 8 22 2 11 38 1 73 63 51 27 18 36 51 75 59 63 10 22 9 75 71 90 53 49 72 49 96 11 42 38 91 33 56 67 10 52 11 95 89 79 8 70 13 71 53 19 76 53 8 65 51 77 22 9 82 25 88 11 41 23 80 99 78 64 29 94 28 69 30 69 82 44 48 21 10 43 3 27 84 26 44 50 97 91 56 91 85 57 7 17 33 73 78 89 49 73 33 19 33 9 45 62 61 93 17 0 74 52 59 26 71 17 30 30 88 95 25 6 49 73 34 72 7 12 8 78 83 4 54 96 55 85 10 71 25 13 13 4 12 34 79 98 49 14 33 97 35 71 53 75 23 16 97 59 43 55 52 27 92 17 38 54 29 7 82 83 6 74 57 33 13 53 92 79 59 49 6 50 34 93 95 84 18 84 8 35 34 84 52 19 48 24 79 32 39 20 21 43 60 59 85 30 71 5 30 3 4 11 89 29 90 75 48 73 6 48 63 60 83 46 61 64 84 82 62 36 46 32 90 87 8 36 56 44 0 90 60 87 49 94 74 16 18 24 12 37 88 0 81 5 6 20 99 26 27 65 54 54 89 88 91 38 65 53 52 67 52 69 88 78 16 83 40 64 14 80 19 33 90 16 36 46 95 20 54 62 2 62 13 75 17 90 58 49 72 74 99 94 58 68 20 73 95 11 53 36 50 51 41 5 71 48 50 37 23 21 86 20 91 82 45 99 92 
83 96 59 32 80 18 97 30 17 69 3 34 20 31 66 43 77 17 88 80 37 36 99 5 67 90 35 8 75 79 65 88 36 17 65 13 33 45 89 24 74 47 82 75 76 79 66 24 94 29 74 31 1 21 3 70 34 68 72 61 47 99 22 25 88 65 22 71 78 39 90 4 97 74 82 56 53 89 85 66 74 87 17 31 77 27 19 89 63 18 46 16 48 5 53 61 74 55 11 99 75 10 59 51 9 1 68 45 49 72 15 52 53 8 54 16 50 56 59 14 92 13 2 71 16 84 91 6 32 41 99 44 1 20 97 21 33 85 96 68 2 26 19 14 99 79 52 51 54 97 48 5 94 96 7 85 65 78 67 47 61 41 48 50 46 22 11 80 59 22 77 47 74 69 6 60 13 58 32 91 71 62 78 71 41 77 50 11 29 81 26 81 61 16 75 58 52 84 18 42 6 72 80 65 4 70 19 43 93 71 9 92 99 79 52 63 38 6 47 96 23 6 84 15 31 26 86 67 41 29 5 98 94 35 32 71 80 89 47 94 73 80 85 3 20 0 47 9 83 32 69 16 43 21 32 69 37 34 17 73 87 35 5 49 75 15 50 68 74 34 49 21 83 51 52 31 28 24 46 86 82 43 45 76 69 13 67 43 10 78 87 1 41 96 86 42 1 83 9 92 74 68 62 13 85 84 31 80 5 44 6 13 65 63 30 6 61 56 28 46 11 24 13 34 75 61 27 69 20 48 6 40 48 77 26 1 9 89 30 18 78 0 58 18 34 87 65 37 99 40 60 65 34 49 95 20 72 34 45 34 48 22 33 34 16 27 92 29 49 72 80 6 87 88 43 14 20 77 53 54 75 14 50 1 8 29 64 99 2 3 67 50 33 21 33 96 78 11 48 18 
32 79 6 32 60 24 5 52 18 99 19 75 97 78 59 97 25 75 36 76 80 8 26 44 56 28 79 6 18 68 27 34 18 24 87 10 5 75 63 64 94 58 78 11 90 16 18 41 78 41 88 46 74 80 61 20 27 1 30 39 1 96 65 92 94 24 96 90 78 31 13 94 7 26 3 34 60 99 41 1 21 9 20 70 97 64 53 95 60 94 39 31 73 77 10 77 54 2 61 7 51 98 57 63 21 47 58 81 28 88 5 22 47 4 23 35 11 64 26 28 29 4 13 82 99 81 76 91 21 48 33 65 12 5 0 38 60 64 30 11 67 95 68 27 77 86 10 89 97 0 39 91 12 27 21 85 24 94 62 81 47 56 88 93 66 31 61 64 16 94 64 84 95 84 94 84 66 15 52 40 83 12 28 69 83 31 51 59 42 56 98 4 21 91 27 82 63 46 94 60 81 57 63 17 50 7 86 73 65 90 14 97 46 27 6 21 84 51 18 56 99 33 92 26 29 85 42 17 40 68 31 30 12 73 84 25 15 68 89 51 28 81 48 91 44 94 89 55 18 96 26 53 50 4 62 30 20 42 48 12 14 6 9 50 63 2 46 48 57 90 23 22 6 90 29 82 86 45 68 88 92 43 5 88 39 68 93 5 82 1 82 41 83 52 40 13 55 71 22 23 26 54 79 64 83 62 26 95 97 0 8 83 44 69 72 96 21 14 84 89 96 40 8 44 65 86 43 86 45 78 12 81 85 88 57 3 39 72 62 45 16 99 49 80 9 93 6 38 38 50 36 29 76 37 13 47 54 8 43 81 47 25 67 82 50 76 30 78 57 70 21 80 98 33 70 99 23 66 73 72 77 36 96 85 4 41 5 48 64 37 75 59 83 81 4 78 49 22 82 2 
84 38 77 5 13 52 91 69 86 43 97 81 42 83 14 26 26 40 89 66 58 46 12 19 67 22 22 22 94 49 32 34 33 66 56 54 16 18 41 33 66 17 27 46 85 60 14 3 56 53 89 50 80 59 69 9 85 23 18 53 13 66 45 46 81 8 82 94 7 52 88 44 27 84 3 74 74 20 65 40 69 74 20 11 22 24 35 90 15 66 75 80 14 5 88 54 72 25 64 46 38 58 75 65 34 76 88 33 30 0 39 77 76 97 23 21 28 5 74 65 7 33 2 33 57 46 6 19 50 48 6 32 9 95 83 40 17 93 66 23 15 63 83 99 87 87 61 80 54 53 53 82 40 45 30 11 15 93 83 80 56 43 31 31 68 41 72 57 37 74 19 1 46 52 18 98 9 80 23 49 40 42 84 34 26 58 16 31 46 1 78 53 96 44 91 88 47 62 36 81 91 60 13 22 87 34 7 80 14 80 53 19 42 26 53 59 73 63 76 15 87 12 55 67 80 60 60 69 94 7 50 23 5 95 72 66 87 58 51 63 78 58 86 75 0 86 49 8 61 58 77 74 95 88 88 29 42 67 67 45 69 16 56 3 5 59 49 78 4 0 62 10 69 95 82 28 98 17 7 74 30 41 16 16 36 78 90 23 24 41 35 5 52 76 43 58 81 72 15 61 52 48 55 93 59 72 26 86 41 5 65 63 56 81 44 42 0 81 16 46 92 65 10 39 36 69 70 63 91 17 67 47 58 50 54 33 84 2 26 85 79 20 3 26 43 50 38 83 18 23 91 5 84 92 92 30 63 89 70 42 26 88 29 33 29 33 60 93 13 8 77 22 45 51 78 23 32 88 97 63 9 6 54 52 35 11 46 54 27 53 86 63 6 43 12 6 91 51 9 46 
44 13 4 88 92 10 82 31 93 42 46 34 71 27 47 52 9 44 52 20 98 33 99 39 19 11 17 50 19 74 16 46 46 76 87 71 14 25 86 33 31 93 33 81 87 34 50 11 74 87 53 59 2 48 64 93 16 91 71 77 33 59 34 23 84 26 92 52 61 48 99 25 47 57 29 43 53 59 24 20 94 38 82 35 77 12 46 94 19 89 27 28 5 81 90 89 20 63 18 74 96 78 36 16 75 90 63 93 49 58 65 40 65 63 94 73 77 51 81 57 43 7 57 70 91 74 53 94 20 55 79 41 31 40 90 25 85 48 90 62 35 34 44 17 51 68 34 87 37 82 80 38 41 22 60 0 59 52 31 40 10 10 20 17 57 10 92 48 8 27 19 10 23 16 10 70 80 59 9 28 45 41 96 41 23 46 24 9 93 84 39 3 20 99 72 67 88 16 79 30 7 86 17 93 73 17 79 31 12 12 12 1 33 84 20 83 74 95 98 81 29 62 70 37 41 71 24 42 15 6 67 22 48 30 45 28 93 66 13 81 39 41 95 44 85 51 53 87 74 53 18 32 15 94 19 76 1 38 91 63 78 83 7 24 94 59 82 26 8 54 79 39 22 97 1 20 1 69 66 26 68 7 11 39 51 8 91 31 55 88 78 5 1 1 91 13 73 81 38 60 88 52 87 74 83 63 95 90 93 23 76 46 66 50 62 1 86 87 97 91 29 5 12 8 24 34 25 75 13 4 6 96 26 15 50 96 12 64 68 72 61 45 70 77 46 74 15 54 46 32 58 91 46 16 14 8 68 11 14 13 6 7 8 64 91 92 59 63 31 60 69 49 49 91 78 59 18 79 32 55 81 67 65 43 58 47 92 66 67 79 41 68 44 8 92 56 69 47 10 75 
94 11 1 98 18 33 33 70 56 65 40 27 81 32 55 71 22 28 81 9 10 72 64 30 19 89 89 22 30 64 41 46 55 16 61 57 46 66 81 76 66 67 53 18 92 55 0 76 88 28 70 53 66 76 11 34 19 6 28 44 25 82 30 66 32 12 69 93 26 71 38 16 90 27 8 41 41 83 47 5 41 15 74 47 49 32 87 24 36 21 25 29 21 91 61 70 44 36 0 98 99 80 63 7 99 87 0 67 99 53 89 51 33 28 34 98 61 68 72 57 23 25 19 14 68 69 63 75 7 61 22 65 87 81 89 44 29 28 82 28 92 49 85 48 81 13 77 10 48 96 49 36 98 17 10 62 29 13 0 4 37 2 60 9 0 14 20 3 16 97 97 89 27 47 40 78 31 48 92 16 76 16 47 74 51 30 19 1 52 6 79 61 14 70 98 42 25 3 35 69 64 84 14 4 24 7 65 33 33 82 55 39 91 47 97 93 96 4 26 84 33 54 48 26 86 84 39 4 97 95 90 36 5 7 88 28 19 9 13 51 97 66 1 35 55 94 40 31 19 79 66 93 84 11 65 28 33 97 48 32 6 23 78 50 7 96 36 70 68 52 40 14 73 58 55 21 11 17 59 35 2 30 68 7 65 23 87 70 99 1 45 22 19 39 35 63 2 8 98 8 3 89 13 49 68 49 0 40 87 96 75 66 27 7 47 95 20 16 57 1 60 88 41 64 88 47 36 38 54 78 1 41 76 60 72 61 25 34 9 96 91 27 52 91 41 24 48 59 73 7 13 83 28 22 72 12 45 74 98 19 60 41 34 1 56 25 99 33 90 10 45 57 15 29 57 26 56 2 35 26 32 99 7 87 44 2 63 13 6 98 44 26 82 0 40 49 53 95 79 25 
2 81 97 20 31 76 2 0 52 97 31 52 54 50 0 30 46 66 98 44 35 49 39 92 81 65 88 36 68 4 11 46 1 14 76 4 63 22 41 48 4 0 48 22 9 98 56 42 12 84 16 39 80 80 87 28 18 78 37 11 82 34 61 11 27 87 19 98 47 48 95 54 59 45 59 15 55 40 14 94 76 33 50 0 69 27 67 22 19 87 4 84 53 94 73 16 84 10 18 76 72 49 99 78 90 26 92 71 26 24 87 6 12 24 19 87 15 81 64 75 74 10 61 93 63 40 32 1 8 28 56 85 72 79 91 29 70 80 66 59 8 86 30 38 54 43 72 19 44 20 73 30 42 34 39 38 70 15 94 19 71 93 74 22 0 4 19 22 7 47 22 10 3 45 4 35 40 4 9 80 97 74 95 43 78 14 58 77 84 21 58 33 74 25 39 21 57 17 4 85 41 67 96 48 93 11 44 13 69 64 57 82 3 60 37 19 4 11 67 36 96 72 96 51 83 48 4 5 89 62 42 59 9 51 75 26 13 10 27 70 77 15 69 30 33 14 80 32 7 89 66 30 46 41 22 94 31 85 48 94 98 67 32 63 13 49 43 59 43 23 37 48 60 49 52 59 10 60 15 77 7 80 83 72 89 84 22 57 51 69 44 5 30 16 55 26 90 11 5 55 47 50 61 2 18 34 2 97 40 5 71 87 56 19 32 69 99 45 56 84 73 64 52 44 15 44 22 22 9 90 57 86 37 78 0 61 47 1 81 0 10 82 52 44 38 79 92 53 95 19 93 96 95 6 55 86 32 40 62 5 68 77 50 17 41 81 57 36 11 55 63 89 23 3 69 71 69 37 25 56 13 92 76 92 75 66 61 60 73 48 38 38 69 2 97 43 71 85 13 15 
70 36 88 76 65 8 7 73 65 71 87 3 6 98 86 80 79 90 40 96 18 64 55 98 75 91 65 85 87 35 19 62 84 88 17 35 3 81 25 96 75 93 60 45 8 62 15 85 98 52 77 81 23 0 93 36 50 14 11 58 29 99 4 58 81 91 70 36 53 34 56 34 9 25 45 31 0 92 58 70 24 1 55 0 96 27 71 20 57 5 87 42 89 29 67 22 86 60 86 10 83 26 7 27 16 21 5 67 82 83 88 15 49 57 12 64 61 67 17 59 26 4 96 9 8 96 85 22 21 85 33 50 5 6 59 85 73 71 57 59 35 84 16 8 29 40 76 77 58 58 33 40 84 89 70 28 40 93 6 3 12 84 37 74 83 10 99 74 22 37 44 39 89 32 95 86 20 5 32 43 7 97 24 63 55 71 63 26 55 32 85 56 45 18 75 32 98 90 24 30 41 16 64 97 90 81 85 92 10 18 24 59 12 63 45 40 67 65 52 95 75 77 87 81 42 82 90 4 76 54 38 35 4 7 9 91 64 72 85 83 87 5 19 80 94 26 14 60 77 56 8 20 34 48 15 59 89 78 40 57 94 97 80 87 17 16 24 69 57 32 71 30 3 67 74 58 83 4 95 22 7 36 88 48 18 81 14 13 72 36 13 59 81 64 39 58 55 81 17 41 59 79 56 77 10 75 36 42 68 38 29 7 14 92 43 19 93 67 4 11 10 97 86 38 7 91 2 98 22 47 15 49 80 11 32 16 92 3 14 7 46 56 92 69 18 90 15 37 42 19 8 69 51 37 59 83 34 62 38 37 21 94 3 56 75 49 26 52 98 25 99 89 99 2 3 46 8 24 0 35 97 65 62 12 11 64 91 45 64 53 83 14 90 2 92 27 52 1 43 96 
10 22 16 85 25 12 55 50 66 31 87 5 70 57 71 76 6 62 31 68 23 88 52 18 96 26 83 85 31 27 27 76 10 42 41 90 3 1 15 71 14 47 56 65 25 31 51 43 16 46 50 60 46 46 65 44 7 56 67 46 84 6 61 97 76 73 73 24 61 46 24 79 66 80 10 33 6 10 57 39 85 5 13 58 52 60 83 32 91 14 57 59 95 39 5 6 54 35 40 36 10 71 29 22 40 74 42 52 9 71 18 35 93 95 39 89 79 50 42 70 45 65 29 30 68 47 60 95 23 87 23 37 12 20 19 58 51 8 3 94 42 10 69 47 84 44 41 14 10 20 49 91 67 73 10 61 19 67 30 73 90 59 62 99 74 61 26 93 78 67 2 92 97 11 55 4 66 48 87 16 45 61 89 2 54 5 21 52 48 26 30 87 33 13 89 22 20 9 49 38 67 35 39 41 14 42 28 9 84 38 68 43 32 55 85 59 3 35 73 94 72 3 49 33 27 85 90 67 58 6 68 90 33 72 1 98 86 58 43 15 8 19 69 39 3 28 34 59 72 69 35 39 53 29 14 15 44 13 12 25 76 6 1 20 16 34 4 45 15 69 68 48 80 32 29 41 39 69 8 81 90 52 98 35 5 57 94 86 24 72 21 81 47 90 37 8 28 84 18 64 91 69 8 82 70 82 81 12 34 14 86 13 50 64 79 95 90 59 0 73 71 37 46 45 89 53 79 18 77 55 36 27 48 7 11 36 52 52 44 49 1 18 53 88 11 88 18 22 86 27 50 53 57 57 70 27 39 81 65 55 39 83 13 36 8 50 64 39 60 21 99 38 32 63 36 85 60 14 46 48 19 5 65 41 82 48 33 95 82 76 7 2 19 72 90 21 37 88 28 98 
64 8 82 61 72 43 4 92 55 96 83 2 67 56 79 69 51 98 1 80 84 95 94 56 55 98 2 42 53 59 39 65 99 2 84 66 11 75 96 46 19 95 43 70 53 34 64 77 62 94 96 73 31 50 90 55 52 73 71 17 87 60 4 5 97 95 25 55 23 95 29 90 4 75 27 7 84 73 67 54 48 66 30 61 17 37 26 53 83 8 45 60 23 71 75 61 58 47 46 30 98 95 58 16 98 0 30 54 82 66 73 95 42 8 40 25 92 4 15 78 46 92 65 82 88 92 9 17 78 21 47 55 42 82 80 60 85 73 34 21 54 20 45 76 74 53 21 43 18 54 40 4 78 9 91 88 64 43 70 5 57 55 47 52 74 53 99 35 49 68 47 7 52 37 16 86 42 37 90 51 9 44 90 53 80 19 10 73 46 63 97 70 23 83 63 39 98 24 58 0 74 59 2 77 80 63 62 88 41 63 55 47 56 50 64 21 51 13 67 1 11 14 35 99 36 14 31 63 65 31 9 92 8 59 55 54 90 35 66 62 62 77 51 61 39 32 35 82 22 57 30 92 17 74 71 25 60 24 46 33 77 62 46 89 99 16 17 90 15 9 85 61 3 21 99 48 14 74 83 26 23 17 53 63 41 75 98 90 51 25 24 84 85 25 35 21 95 13 60 33 37 29 14 83 87 44 46 57 89 75 91 16 85 94 91 25 39 39 52 52 70 68 10 80 53 15 48 24 41 76 78 60 57 55 94 11 6 98 65 99 88 61 55 29 68 64 46 18 20 69 72 43 71 6 4 81 30 81 34 81 79 91 89 6 87 38 36 30 84 3 16 82 51 2 45 88 68 34 51 43 70 24 74 10 48 95 61 40 78 23 12 84 91 55 69 3 60 79 57 42 
41 50 86 74 98 27 66 89 77 86 25 63 94 49 16 41 87 27 98 40 78 97 15 73 47 32 83 44 86 66 20 94 69 0 83 36 34 51 69 80 87 66 12 34 13 44 59 4 42 98 51 58 22 75 43 64 61 21 22 52 27 75 90 75 84 85 9 27 77 76 44 82 90 27 50 9 30 93 10 79 67 72 82 96 91 52 7 86 36 96 67 7 58 66 75 19 42 69 21 99 28 52 19 62 74 25 65 67 60 99 11 91 48 20 46 56 7 41 56 47 11 59 90 22 6 54 58 76 27 24 34 65 72 56 67 33 64 84 37 84 73 88 82 76 36 11 53 66 47 42 17 61 28 55 18 36 81 40 92 2 24 90 85 68 75 80 68 49 78 99 11 29 16 38 48 12 47 21 36 48 68 43 87 58 90 32 4 81 70 12 76 0 47 42 41 44 19 4 37 16 37 68 14 1 89 10 77 61 97 62 86 52 77 84 6 81 97 38 59 53 81 10 79 18 13 93 84 58 66 60 35 78 62 93 72 24 3 91 76 90 34 13 20 26 61 89 21 15 21 93 16 77 2 94 44 48 35 59 94 69 98 35 97 57 3 43 62 86 24 83 57 16 6 60 9 40 58 5 16 55 94 52 67 68 69 44 24 63 27 60 72 65 10 2 96 27 10 93 86 72 27 77 78 65 57 89 50 32 55 97 56 77 16 40 59 43 2 27 79 41 67 84 10 95 78 53 79 68 33 53 8 89 76 80 0 8 99 57 98 97 88 53 41 1 87 53 64 73 37 28 72 45 34 90 23 69 30 32 3 2 54 37 76 10 80 25 26 26 44 92 30 28 5 9 14 92 71 23 15 62 58 55 11 12 3 71 52 62 74 7 64 3 20 62 33 2 61 60 34 49 
1 89 82 8 42 24 56 25 65 17 96 6 97 0 78 28 84 95 60 71 2 93 97 18 43 81 43 25 64 52 8 48 76 50 13 21 15 44 26 88 31 9 86 66 3 74 58 84 84 94 68 58 86 64 46 8 35 83 31 3 9 27 5 7 46 9 71 75 52 99 89 82 63 5 86 61 74 11 82 21 11 8 24 14 50 10 33 76 40 27 77 53 69 91 25 87 84 39 66 7 69 74 81 14 55 82 88 39 23 29 51 90 37 76 59 24 30 76 43 6 2 75 84 22 66 41 7 63 92 84 60 48 62 41 81 76 33 88 42 77 79 65 76 19 66 44 1 98 82 93 15 26 29 29 81 50 70 57 32 83 12 88 9 27 75 55 10 65 87 75 55 14 20 47 7 16 70 90 3 46 7 11 51 41 29 55 19 38 31 75 19 80 11 98 58 30 69 30 59 28 11 26 57 46 72 82 69 66 50 99 69 4 23 68 99 34 42 26 43 17 87 14 97 93 92 4 42 75 18 60 96 21 92 2 5 38 46 40 25 32 76 91 66 66 31 53 48 70 72 49 16 11 53 52 1 42 89 24 58 6 16 30 99 77 17 95 74 77 97 67 15 23 13 89 15 26 48 10 26 19 60 70 67 9 61 47 8 23 69 83 22 61 69 76 46 11 76 33 69 79 67 68 53 57 29 18 64 72 4 3 0 36 40 3 40 21 26 80 34 45 32 77 73 42 67 22 61 11 88 52 81 25 47 35 24 68 57 11 80 82 81 80 15 14 82 33 42 62 14 87 2 63 74 69 80 13 48 75 73 13 5 52 31 85 5 12 91 96 91 30 59 34 74 44 86 31 20 48 1 97 68 51 45 74 95 61 30 60 34 0 54 66 43 72 90 66 97 94 88 27 
97 79 86 68 63 52 6 69 56 4 71 96 84 14 66 21 87 55 4 37 28 45 47 93 86 21 59 25 27 31 55 63 70 64 69 78 75 12 38 63 88 61 29 50 74 70 78 92 82 60 5 91 46 46 4 99 51 79 26 24 43 61 77 80 69 59 39 62 20 88 55 86 82 18 10 16 63 64 68 19 4 84 62 63 92 59 19 31 84 94 70 46 49 37 10 64 24 78 89 75 89 92 69 92 1 72 4 76 93 28 29 15 82 42 27 56 82 92 90 81 98 18 96 39 62 39 85 85 58 67 30 66 58 27 99 81 41 95 95 8 21 50 96 99 38 84 75 66 80 4 57 53 73 70 63 80 44 58 7 18 63 43 3 45 51 83 41 27 97 27 88 52 87 1 10 39 65 28 39 53 2 80 1 64 54 43 92 72 44 48 19 88 95 29 0 23 4 66 28 20 31 76 15 42 16 38 87 48 20 99 42 38 12 20 77 41 83 97 90 80 27 7 10 94 78 83 8 97 42 37 4 59 70 21 27 8 74 9 82 49 89 53 1 4 54 12 82 88 38 64 90 62 3 92 4 16 0 31 35 33 99 43 49 89 71 79 73 74 51 78 60 42 62 54 51 92 25 96 84 58 25 44 16 8 34 43 68 10 13 70 18 86 28 54 54 64 24 34 52 22 49 29 24 40 90 1 89 8 67 31 58 42 54 40 15 34 62 55 78 13 5 36 45 8 66 88 47 86 54 42 57 70 18 2 19 70 60 96 3 18 5 66 25 16 28 93 91 82 49 78 47 4 60 29 99 16 95 86 69 35 17 95 39 58 93 52 96 64 90 9 68 18 84 69 8 28 19 80 41 26 2 10 67 7 63 24 85 49 81 8 64 98 65 52 39 20 90 24 16 71 
63 81 84 62 58 24 4 11 67 79 85 1 77 40 65 27 28 31 66 43 6 34 51 79 55 15 21 90 4 82 79 50 27 60 45 68 37 39 89 4 71 6 63 68 14 76 46 43 72 28 95 99 68 96 54 22 37 82 40 27 53 78 24 37 66 57 64 16 72 74 6 92 37 83 77 82 32 42 86 16 76 64 16 8 45 81 75 88 97 58 8 52 64 80 32 80 24 58 48 76 34 72 43 38 97 96 54 63 73 53 4 80 19 27 64 58 35 62 56 12 17 51 31 12 49 11 26 40 81 49 26 54 13 34 97 86 85 38 72 23 21 10 92 21 80 4 32 98 81 63 9 6 15 36 98 51 36 16 35 20 49 87 21 45 76 80 0 20 98 73 71 71 10 98 83 30 69 21 67 38 75 64 91 98 38 63 64 9 33 23 62 5 40 0 43 6 39 14 95 73 68 97 49 74 25 91 17 48 65 40 10 53 93 65 98 25 34 78 3 19 1 84 16 85 95 83 92 92 70 27 99 20 27 46 91 33 98 45 73 22 7 90 92 72 27 13 33 67 46 38 47 8 78 31 17 2 88 38 30 47 85 33 3 50 68 23 12 2 45 10 8 80 73 43 66 61 49 18 72 18 24 31 85 32 89 55 20 40 96 99 38 83 48 94 36 93 21 5 41 71 99 48 49 31 34 67 11 7 83 2 68 84 43 48 65 44 7 66 93 25 24 39 58 37 39 63 38 95 12 36 41 56 70 80 65 21 98 37 64 94 33 42 13 80 47 55 58 55 50 90 41 99 42 2 86 40 54 44 52 12 31 28 26 63 56 10 67 85 1 30 85 71 52 37 39 35 76 14 57 5 24 76 12 46 24 32 46 53 6 92 66 74 8 33 4 34 67 30 72 24 
47 95 21 77 10 37 85 19 74 30 49 31 47 91 25 28 73 12 81 62 85 89 74 95 29 38 40 33 29 84 4 28 41 14 49 81 24 80 31 50 78 7 43 28 21 93 77 87 88 60 27 53 36 61 41 30 20 33 54 54 53 3 94 92 49 39 0 13 63 55 98 60 62 53 6 88 61 20 68 43 7 30 81 70 52 61 78 48 0 44 57 19 62 73 15 56 72 96 95 99 41 6 50 52 63 79 95 0 34 1 41 90 61 15 91 83 71 57 31 28 25 0 54 47 30 96 46 41 43 43 81 27 92 97 54 78 18 2 26 75 22 16 12 6 18 42 32 62 83 73 56 94 47 36 4 15 48 29 8 78 28 9 63 75 62 76 86 2 97 71 2 89 88 65 6 10 6 9 37 35 95 84 18 15 18 86 24 98 52 83 28 43 56 62 33 21 81 46 64 65 34 39 52 83 12 36 55 35 93 50 61 24 26 87 53 69 22 24 21 28 30 24 7 89 92 70 42 36 60 64 78 54 27 33 31 51 22 0 62 87 71 3 85 83 46 98 72 50 75 23 28 70 18 30 89 83 31 37 67 53 95 38 92 65 14 12 16 91 62 87 40 93 4 6 12 91 74 53 59 62 61 99 1 14 68 42 21 33 32 6 39 99 94 64 79 7 22 39 74 23 24 39 8 14 84 71 3 57 78 72 76 52 60 96 19 14 80 80 27 64 25 90 15 62 85 90 18 34 82 47 30 98 53 24 63 96 40 44 78 16 42 99 20 44 85 70 19 18 6 20 73 39 1 2 42 27 72 83 63 13 60 40 99 92 3 96 69 94 26 76 12 32 62 93 66 78 82 4 28 65 43 94 60 38 84 27 93 36 15 69 7 17 15 26 22 45 47 26 69 76 
3 86 38 65 22 71 28 3 28 59 99 27 37 13 3 81 30 20 27 99 18 18 84 4 75 45 95 26 78 5 43 19 28 95 79 68 18 33 26 78 36 63 7 36 22 82 20 73 63 4 65 16 37 59 38 5 0 76 73 62 62 14 85 14 19 63 84 24 63 35 57 43 12 12 17 17 40 89 3 57 71 42 15 82 40 39 17 65 82 37 33 13 89 81 88 29 34 54 24 41 83 49 25 47 34 74 89 93 53 74 53 58 74 95 12 89 16 28 43 38 13 10 78 96 93 94 91 77 24 31 28 60 23 2 37 53 73 84 66 80 71 1 14 11 24 31 81 21 31 44 15 63 13 88 1 58 60 56 71 81 8 63 15 12 44 75 46 65 68 52 56 54 88 49 29 28 41 22 1 27 2 28 35 13 75 58 17 39 89 93 47 77 72 23 30 94 52 37 7 36 93 52 21 88 11 19 59 33 42 71 45 14 30 40 84 14 17 18 35 12 95 79 13 45 31 85 73 24 5 5 89 28 19 65 10 18 95 0 63 99 41 24 44 54 61 60 45 1 28 98 19 40 12 15 33 46 69 25 35 56 9 86 64 16 14 7 38 2 82 29 46 5 56 59 83 76 29 20 78 86 93 99 92 15 19 49 17 83 98 93 65 69 54 75 43 49 46 29 35 66 27 37 51 11 65 25 74 75 45 39 85 62 62 93 31 57 12 52 78 69 2 71 2 36 75 47 14 61 51 88 61 61 98 3 99 86 18 74 84 3 5 26 4 96 21 52 7 51 3 82 70 99 57 17 43 24 27 71 38 91 61 45 97 0 51 58 45 81 89 29 5 44 84 69 19 4 85 87 81 72 52 13 57 41 11 17 76 65 44 99 51 27 8 58 15 89 18 91 59 20 
28 16 55 43 12 84 51 79 33 48 36 25 3 42 43 15 4 99 12 16 45 35 28 34 25 27 46 67 20 6 78 12 74 29 3 3 96 35 95 55 51 13 49 44 81 85 34 46 49 61 51 64 62 38 18 19 6 22 42 95 19 31 84 36 70 33 84 93 28 5 57 83 14 39 51 91 60 45 53 73 20 33 54 21 79 22 80 7 48 45 49 35 0 9 65 56 26 96 16 40 80 68 78 88 70 14 31 54 29 12 22 80 22 89 37 99 24 13 75 60 80 6 33 70 28 42 49 76 81 21 11 68 76 46 44 44 27 97 37 52 61 92 6 96 32 99 39 99 82 68 79 56 92 47 22 52 13 80 70 49 7 18 6 93 53 20 79 98 97 86 40 97 42 14 12 60 52 4 61 88 11 87 99 51 82 16 97 22 52 28 75 70 76 97 61 96 65 85 51 11 88 43 1 29 46 62 21 24 56 19 54 26 24 29 91 11 36 99 33 51 58 78 78 12 24 71 59 52 13 59 30 58 40 41 71 17 87 36 52 17 11 58 67 2 49 72 49 82 48 15 59 7 90 73 71 93 56 24 73 61 86 80 67 19 61 16 95 23 3 23 2 14 20 7 68 63 95 78 70 20 41 19 99 83 55 15 88 12 70 76 2 88 46 38 12 26 56 76 4 42 76 33 70 67 85 19 84 90 52 32 33 91 67 40 96 34 47 18 30 42 3 83 3 92 79 74 30 84 63 0 91 91 40 24 1 73 5 22 99 85 62 70 16 77 81 74 87 12 5 19 80 69 88 72 19 25 15 87 88 80 51 70 36 52 42 45 11 7 80 8 55 86 47 16 11 33 5 85 31 93 85 78 23 92 55 72 23 36 4 60 62 74 25 68 78 68 46 96 23 89 
74 41 49 20 81 9 47 96 22 12 45 54 27 3 22 19 70 83 75 68 72 28 38 43 51 51 78 76 64 96 1 51 51 56 72 12 15 50 28 44 84 25 73 94 15 25 11 71 27 73 58 57 1 80 70 6 63 7 91 75 92 55 19 70 7 58 37 45 21 52 97 72 39 34 10 78 21 94 30 15 24 82 16 72 50 93 58 59 59 31 94 25 74 95 54 1 70 19 15 99 50 84 74 81 72 84 80 61 29 12 64 91 19 17 14 4 95 60 75 47 41 88 54 14 70 65 29 41 0 83 0 83 4 69 85 53 29 22 96 63 7 4 69 91 42 23 76 77 96 32 64 53 36 43 96 27 20 65 66 68 58 30 76 99 66 14 27 47 55 70 62 0 71 10 8 12 84 84 82 39 61 43 15 13 76 98 36 75 17 79 69 72 34 43 89 14 0 82 11 67 67 46 5 45 54 25 54 2 37 48 34 71 46 83 53 67 21 93 81 63 99 78 79 21 53 76 68 17 23 86 47 30 71 76 10 69 2 35 18 47 89 39 31 44 91 90 12 72 99 74 59 25 55 91 12 89 4 83 39 30 97 30 59 63 80 86 53 4 44 6 53 49 64 80 91 27 16 93 36 59 70 84 59 91 58 95 91 38 77 25 82 0 67 66 76 2 71 9 32 43 97 59 51 87 82 65 55 83 58 39 41 9 58 38 93 53 58 19 45 32 58 29 37 39 97 2 34 68 83 76 6 41 83 38 47 17 99 24 26 68 71 98 13 41 23 89 96 93 61 18 77 85 34 61 31 52 28 97 8 52 91 61 21 14 16 2 13 44 67 90 92 2 88 20 87 23 53 93 93 61 50 63 68 23 24 23 52 38 54 68 83 62 1 34 50 39 55 1 34 11 
70 2 71 98 94 83 97 67 4 73 36 96 24 9 1 14 14 88 41 57 84 80 50 15 52 40 52 55 72 1 98 79 93 98 32 99 55 76 24 30 33 27 64 71 1 69 37 36 51 28 2 34 7 18 42 42 80 59 16 30 58 23 0 82 18 88 74 41 53 14 19 15 22 17 9 13 44 7 8 51 87 91 90 52 98 25 98 15 89 39 17 25 55 7 77 70 95 86 15 89 50 64 6 34 60 44 60 18 1 39 89 94 34 21 22 55 8 92 63 54 47 99 88 62 82 81 40 67 2 6 67 1 96 77 23 44 32 80 61 39 68 69 93 82 8 37 37 52 79 30 93 88 22 65 56 64 11 24 42 11 89 0 63 0 50 26 8 16 21 65 51 90 57 20 75 5 53 60 0 10 30 8 47 60 46 91 34 72 26 37 7 84 98 26 31 35 24 72 9 62 74 43 55 18 28 1 0 69 49 14 62 25 61 42 62 91 19 42 30 96 31 73 34 14 43 74 18 16 10 24 83 43 77 93 92 92 57 44 67 58 72 91 36 58 24 40 45 75 5 50 71 71 10 70 32 3 99 74 65 82 52 17 57 62 73 0 3 46 36 29 57 31 99 55 90 59 19 25 13 58 68 46 46 29 28 88 44 69 42 88 35 66 6 33 37 67 78 84 88 75 74 28 17 60 36 73 83 11 62 43 57 28 37 40 98 95 67 41 63 75 79 53 49 63 80 46 64 18 35 33 2 35 25 60 76 29 61 47 0 87 49 92 42 16 38 70 96 56 92 91 80 26 84 40 87 97 62 46 24 88 90 75 93 43 62 3 30 67 44 83 44 93 96 89 4 98 33 81 99 61 84 59 0 5 32 55 84 52 92 10 9 24 18 69 30 14 42 51 86 13 
91 58 84 60 31 6 22 30 48 21 56 16 37 18 30 8 91 44 64 73 54 37 19 23 27 84 77 84 31 85 25 19 40 15 71 48 66 98 84 80 41 5 75 31 29 89 91 43 66 52 81 3 53 77 24 88 94 89 85 94 51 40 66 82 61 40 86 14 94 47 16 93 35 23 51 1 86 87 39 95 27 31 72 42 39 0 75 39 57 85 63 3 69 6 38 41 88 47 32 5 57 79 83 57 85 97 40 91 86 74 5 27 7 1 40 23 13 32 90 68 21 19 11 3 0 21 9 16 91 61 2 65 49 79 96 74 17 52 55 52 52 36 94 48 42 49 2 69 92 78 65 52 58 66 20 83 78 83 90 71 69 38 80 3 8 83 69 22 14 20 64 72 92 75 21 8 65 73 9 0 6 73 2 74 73 73 38 90 86 33 61 15 54 74 41 18 92 83 58 60 64 33 95 60 94 84 39 41 6 31 27 33 5 64 10 30 32 93 70 64 20 78 83 67 78 33 18 38 71 18 60 57 19 26 30 91 30 70 7 23 31 92 52 75 16 54 8 97 73 14 80 45 24 69 84 60 5 14 98 56 35 53 10 92 63 41 12 33 88 67 62 40 2 56 1 98 51 32 85 26 26 92 51 98 62 77 71 69 63 90 30 87 19 5 90 57 12 84 71 14 36 89 12 90 81 30 18 35 5 43 72 13 61 54 64 50 78 32 57 50 80 33 50 79 7 39 13 88 50 0 63 27 94 5 72 52 31 56 34 45 56 44 43 3 41 98 18 90 64 44 25 99 53 55 53 41 3 14 10 2 89 73 70 91 62 7 66 47 75 12 6 52 27 54 74 15 61 90 38 32 28 81 72 65 4 68 23 7 87 5 10 22 10 86 93 87 56 3 60 74 
75 79 13 72 94 7 22 81 87 99 40 59 31 61 98 67 94 87 5 44 27 3 56 20 59 61 95 21 76 89 55 77 54 9 28 50 13 25 79 9 14 65 31 72 7 91 78 5 80 1 63 41 71 93 26 13 14 56 25 99 35 12 66 81 4 90 47 25 56 82 12 24 34 31 39 9 49 94 92 92 84 30 88 56 47 75 44 28 17 32 94 53 63 9 11 85 45 77 85 34 80 39 98 57 43 11 54 29 62 51 65 19 96 2 29 0 3 5 71 1 46 21 68 41 74 68 14 69 1 67 22 35 19 43 52 53 29 51 53 92 28 26 29 18 2 13 89 53 0 55 43 85 75 87 3 85 26 65 80 89 24 57 23 58 94 96 31 35 20 4 39 83 21 3 84 70 56 59 65 84 80 84 71 39 78 69 48 37 65 60 81 14 66 12 48 19 6 84 31 67 73 94 69 49 23 21 76 66 45 43 77 28 4 9 72 39 94 40 39 3 50 0 64 91 48 71 76 97 5 49 23 97 6 77 30 30 68 70 92 74 84 38 0 45 13 31 69 34 94 76 39 93 20 54 53 44 52 5 80 36 57 48 19 82 76 48 60 62 39 28 90 43 91 16 2 60 65 31 63 19 16 25 33 38 1 11 78 78 27 25 56 72 44 64 73 89 4 5 23 46 68 60 2 64 49 57 9 20 98 88 25 70 31 3 32 35 32 40 41 72 58 76 91 69 32 28 74 66 8 50 44 5 67 14 5 73 6 8 2 5 3 25 68 71 39 94 37 39 33 72 54 86 55 74 29 88 31 59 93 70 74 20 67 28 32 29 11 18 42 87 88 24 47 21 48 55 76 21 71 70 76 86 2 57 0 7 71 17 71 98 67 36 16 22 27 98 43 27 75 28 
69 80 29 76 88 77 24 93 6 77 51 40 81 81 8 0 71 95 77 70 63 70 47 12 20 34 21 55 60 18 94 6 99 12 45 93 57 77 65 42 98 58 49 90 48 78 9 75 82 29 94 25 67 52 87 59 33 34 64 75 59 99 3 1 9 75 17 31 74 61 46 65 46 60 92 55 29 81 41 23 72 6 63 21 91 11 15 12 34 8 65 55 32 18 47 39 9 1 77 11 39 52 84 70 15 86 37 68 57 86 87 91 85 90 15 91 27 66 4 19 5 42 92 58 19 78 10 94 40 21 20 80 32 64 70 13 33 42 27 20 46 68 0 7 96 49 3 98 47 20 30 9 89 56 32 41 13 69 83 18 43 72 26 15 21 27 33 59 97 34 63 31 61 97 43 12 11 55 74 62 75 98 76 16 66 12 97 18 48 65 99 69 24 26 5 51 50 26 13 19 65 39 72 81 51 87 85 88 37 79 29 71 15 12 3 95 44 72 97 71 50 63 97 89 57 27 86 88 15 65 89 49 99 73 35 83 74 47 2 33 79 3 28 70 20 26 74 35 31 70 21 8 17 75 89 30 76 87 60 18 97 67 77 14 54 20 28 40 44 65 45 87 39 5 22 66 60 23 98 46 3 72 24 95 39 5 65 18 55 54 69 66 86 46 75 25 21 63 46 84 87 88 38 1 54 2 84 27 20 8 55 75 32 51 47 98 82 40 19 99 93 79 85 11 59 28 80 74 90 63 77 11 45 14 78 71 92 14 45 86 33 70 64 86 91 14 93 41 64 54 51 88 25 19 1 65 77 66 3 61 84 13 35 42 77 25 41 73 21 96 30 66 49 87 21 88 18 75 16 42 84 41 6 18 85 30 1 69 10 96 89 31 55 74 21 29 23 94 2 60 
74 77 82 87 66 87 64 28 82 80 32 51 22 50 0 64 72 8 60 90 84 74 65 43 90 13 30 14 38 77 18 95 13 54 74 66 98 56 98 38 20 14 47 43 42 13 88 78 18 16 43 88 2 43 57 66 75 33 44 7 28 18 49 22 8 89 98 10 43 92 10 27 66 97 22 23 92 49 70 93 19 56 5 56 51 32 37 11 94 5 71 75 12 80 62 62 17 86 5 91 44 57 21 46 54 89 11 22 32 68 52 83 71 98 95 77 37 58 51 38 61 74 44 15 62 81 33 46 38 51 72 42 97 21 66 27 51 14 26 68 6 28 11 38 2 15 16 99 11 86 80 51 61 48 51 49 95 55 79 50 98 27 98 21 10 48 15 11 52 3 99 81 74 74 34 58 41 19 61 62 73 43 87 31 42 79 39 32 45 59 56 31 88 89 4 55 43 88 48 53 91 89 88 14 12 74 15 86 78 21 18 71 39 36 69 69 48 51 44 77 29 37 27 88 38 54 73 89 4 8 50 49 63 44 44 42 76 80 22 10 6 7 94 21 77 24 69 38 28 83 96 26 11 16 97 65 71 74 74 5 49 63 85 80 96 72 5 73 7 63 28 98 18 59 22 73 99 24 65 52 56 36 45 50 40 46 45 18 43 68 38 42 50 62 84 28 50 17 36 8 27 16 17 95 32 70 61 46 37 4 45 73 46 2 99 13 78 61 24 16 42 30 82 33 63 97 56 0 21 90 24 42 6 52 12 24 42 32 56 56 36 52 74 5 72 81 91 76 39 18 93 70 92 50 50 8 56 52 52 33 65 8 13 99 98 0 42 53 98 73 14 47 58 40 20 66 76 37 80 26 81 57 53 5 13 29 41 25 86 90 61 21 74 55 73 32 5 47 10 95 
22 24 64 56 12 63 94 50 64 41 11 79 18 73 12 88 89 31 80 4 83 36 47 63 4 55 30 52 13 64 97 41 33 55 57 50 59 34 77 96 10 3 24 48 40 48 17 99 41 28 50 23 32 95 13 3 11 32 32 3 20 74 86 59 14 4 7 57 73 22 64 57 53 29 78 68 89 48 57 30 51 92 88 92 2 93 3 2 84 46 88 22 77 22 70 65 83 12 43 66 12 44 84 60 29 0 30 43 56 62 63 86 68 66 89 47 71 10 7 23 41 64 30 4 48 72 17 16 23 91 59 28 14 75 44 81 42 31 19 65 45 62 4 78 77 63 10 86 73 80 14 82 36 51 13 77 81 8 66 15 14 88 71 87 69 74 25 5 92 12 82 95 80 44 91 66 88 99 59 3 51 21 59 4 19 47 13 93 4 66 98 47 36 21 18 52 80 20 79 26 15 93 43 48 29 19 9 55 19 94 39 86 37 7 47 24 8 24 71 37 29 69 36 67 69 76 97 58 34 46 1 90 43 71 81 5 80 88 18 28 44 67 7 81 38 96 97 22 85 61 11 84 84 94 9 15 25 10 60 33 1 36 60 49 76 6 4 5 1 72 49 9 77 80 46 2 84 0 95 59 0 4 53 75 77 5 84 75 49 19 54 69 64 98 31 34 10 62 9 20 76 41 43 71 93 27 28 20 82 85 37 38 32 35 4 41 36 50 42 72 79 30 79 19 23 87 31 53 78 43 16 78 5 55 79 64 36 5 87 68 24 2 60 39 61 75 96 10 65 65 98 13 28 45 28 98 26 85 83 62 6 84 68 40 37 28 46 51 46 50 9 8 82 22 76 91 99 48 86 38 25 5 77 46 69 98 85 83 73 54 84 26 23 62 34 25 34 58 39 1 
63 66 70 63 80 38 0 97 22 45 54 10 50 48 79 4 8 30 21 41 8 47 74 88 58 21 74 81 45 63 95 68 59 60 43 18 23 94 93 73 74 96 71 73 97 52 43 22 83 49 5 72 64 0 64 72 33 41 2 53 99 49 89 79 74 10 52 19 29 86 86 15 31 99 98 99 3 2 50 88 32 35 88 4 83 36 38 43 42 6 93 12 39 72 6 75 44 30 48 5 35 65 52 28 33 91 54 57 19 29 51 31 93 3 83 90 58 37 93 80 8 3 45 54 24 46 2 42 5 69 72 80 94 36 7 63 20 76 16 78 80 59 11 90 33 71 62 81 34 61 29 39 54 22 11 44 0 1 44 42 25 14 87 9 4 88 2 48 32 62 15 86 36 30 29 53 19 61 48 21 1 29 86 21 2 89 70 37 90 55 69 19 72 23 18 15 83 99 33 24 74 28 44 1 54 4 50 49 53 98 61 83 1 9 78 4 71 69 91 81 33 78 92 56 47 22 76 18 61 97 38 42 80 55 51 4 82 59 90 21 34 41 43 34 56 25 64 15 17 25 69 57 19 95 98 53 12 72 98 67 20 0 22 99 87 28 7 39 47 31 4 21 94 92 23 2 4 84 6 87 56 63 53 35 55 81 82 50 33 73 80 5 22 10 40 1 64 1 40 8 67 42 93 81 61 81 28 80 0 51 40 2 40 85 18 22 25 34 45 4 4 29 37 36 81 17 13 2 78 62 72 45 33 94 60 46 31 14 0 83 80 43 12 51 85 4 29 43 1 4 63 46 59 44 45 25 56 95 40 33 60 9 12 9 26 85 86 35 68 65 79 59 95 25 39 2 7 96 10 92 67 60 19 84 21 25 38 34 23 72 27 71 44 68 95 56 68 57 54 49 
65 75 26 16 15 56 47 40 87 9 4 52 24 58 1 10 17 54 37 18 10 34 18 67 25 76 47 35 36 11 61 30 80 59 61 91 55 75 4 88 3 31 84 71 54 42 43 21 9 9 93 26 89 80 34 53 66 1 48 93 22 66 7 68 38 35 23 47 15 45 82 19 4 13 77 94 90 8 46 96 52 10 40 72 84 97 71 74 97 15 39 67 31 96 99 31 32 53 12 77 75 47 28 79 67 81 68 88 80 35 25 60 38 11 6 27 35 62 60 85 45 30 84 91 53 91 53 29 84 70 22 68 0 17 98 98 66 97 32 54 21 60 29 76 55 71 80 59 62 35 78 50 70 89 2 63 57 96 26 52 48 46 98 36 0 7 21 48 15 89 2 82 55 39 89 92 91 81 70 33 38 96 8 81 28 10 74 39 0 11 82 4 46 9 79 89 72 25 33 43 52 27 2 62 48 12 35 32 66 6 43 4 45 80 39 67 48 43 99 5 81 52 56 27 32 90 27 68 25 66 9 81 51 14 79 77 75 75 76 97 68 46 23 25 20 40 35 43 16 45 6 7 51 26 61 47 57 26 62 4 53 76 34 34 87 89 37 4 59 75 27 2 82 73 92 42 80 85 99 54 21 39 42 53 80 55 49 35 72 22 93 25 29 89 67 52 96 29 73 14 78 13 76 36 22 58 56 33 23 73 43 22 87 55 84 13 15 85 79 36 95 52 56 20 14 89 73 65 49 14 39 43 55 78 89 37 41 79 43 66 67 84 89 17 99 91 28 53 19 45 51 9 41 92 74 8 43 54 23 80 84 60 11 52 62 7 99 19 20 14 6 39 6 52 58 51 75 12 97 64 10 87 38 58 90 60 64 1 7 7 98 50 68 86 23 64 55 63 53 42 
37 12 24 46 90 27 21 82 69 26 35 67 15 78 56 32 58 38 97 4 44 27 86 37 69 81 66 31 2 25 1 40 10 93 67 6 78 19 83 80 63 37 48 45 46 80 92 21 57 80 38 20 5 47 14 52 88 6 90 97 59 60 67 99 82 12 88 4 82 18 95 93 7 25 93 6 31 31 43 99 63 44 6 45 94 87 83 12 55 19 31 75 58 21 20 11 28 95 41 83 62 68 43 11 16 33 25 58 79 96 76 82 57 54 46 71 27 51 68 83 35 88 23 96 19 80 0 14 30 36 30 47 26 3 23 40 1 14 50 34 80 91 72 29 45 76 62 51 4 98 54 8 92 47 15 93 74 65 18 58 59 0 87 65 98 42 72 59 80 88 32 93 11 19 47 80 36 77 9 32 9 6 64 7 55 34 90 56 40 51 99 38 59 23 66 63 54 88 2 65 28 43 64 59 60 2 92 51 7 24 8 23 6 73 95 81 18 91 77 7 11 8 34 27 70 41 78 99 14 66 96 61 89 39 26 85 68 14 71 71 60 58 62 94 7 16 19 37 74 28 39 62 68 86 28 8 96 61 93 25 82 20 47 95 75 71 53 14 53 84 94 47 37 55 4 80 76 75 15 67 84 58 90 95 44 22 25 77 9 96 3 52 14 82 86 63 26 40 74 22 21 28 70 63 40 59 89 70 57 5 67 36 39 0 38 12 77 44 8 42 81 58 94 56 79 35 86 38 50 46 76 10 22 82 58 84 75 85 62 22 79 52 72 23 62 8 80 13 33 60 65 20 80 99 3 69 27 84 63 3 56 29 0 73 94 30 48 81 41 54 27 83 48 78 94 16 43 36 72 24 51 37 65 10 74 71 65 92 59 86 36 87 78 97 13 39 84 83 44 74 
42 87 43 33 58 0 76 52 37 81 57 35 22 24 80 84 32 30 33 16 92 15 33 28 25 93 40 93 92 66 23 27 41 73 94 45 15 54 67 42 64 3 40 29 88 93 21 63 52 3 22 25 56 3 92 48 98 35 61 50 65 95 0 17 8 43 89 18 9 32 23 42 44 70 12 19 72 0 9 78 99 87 34 4 1 32 86 75 67 37 83 18 69 70 33 63 38 60 60 48 78 41 71 24 97 49 58 44 10 57 72 6 6 14 29 28 54 40 2 83 34 56 67 69 83 10 19 62 63 91 30 60 44 46 51 65 71 82 85 40 58 59 77 65 99 52 60 33 95 81 93 26 97 48 32 68 35 89 96 93 11 73 44 68 10 28 40 60 18 75 94 35 52 92 32 89 12 41 3 19 83 97 94 0 26 40 91 10 1 1 12 40 79 46 74 59 28 89 90 10 86 9 5 54 76 54 90 21 68 88 21 15 64 84 43 47 15 30 75 48 10 23 19 39 25 90 15 34 30 17 92 29 23 64 65 84 30 6 71 50 95 6 7 8 61 92 52 57 30 16 13 1 68 91 44 99 42 81 83 67 36 90 15 79 10 59 11 38 67 88 74 75 52 11 72 15 18 88 74 25 34 3 84 77 0 89 19 11 22 38 23 21 42 66 63 96 57 16 70 59 49 63 36 8 65 51 89 83 55 27 37 96 55 63 97 52 46 88 89 71 58 47 35 21 32 62 19 63 77 25 95 15 25 13 36 38 89 18 86 48 80 82 8 25 21 71 80 59 95 49 34 96 4 62 6 21 34 78 35 72 47 47 61 6 92 40 59 63 48 99 14 14 82 17 64 76 24 9 88 93 17 17 45 73 50 76 21 72 60 70 76 63 41 14 33 93 60 33 32 34 
62 24 85 10 95 12 52 29 56 23 66 46 34 90 51 2 14 52 83 79 75 10 78 52 37 25 3 95 27 0 56 72 19 87 64 59 72 98 29 73 9 34 17 71 80 84 55 0 86 56 21 52 85 93 16 68 6 18 18 96 67 0 39 11 72 25 43 81 50 32 27 75 39 62 98 11 73 73 38 54 85 22 23 22 19 33 43 19 55 99 14 72 74 51 28 66 71 73 37 57 11 55 49 80 3 67 60 78 80 79 15 68 59 23 96 49 18 96 14 19 22 45 89 64 55 19 12 61 1 5 83 94 89 25 71 10 87 76 12 73 84 15 15 23 59 99 9 90 4 2 30 34 46 68 60 40 34 57 22 1 78 63 81 28 30 54 82 3 44 54 18 94 83 77 38 77 3 94 21 96 87 57 94 35 95 20 6 58 83 41 27 97 19 61 14 28 68 44 74 71 95 2 97 36 24 49 55 1 70 92 12 79 18 56 23 43 5 84 93 44 57 31 70 77 2 13 26 49 13 13 14 36 90 57 66 16 3 35 82 40 8 40 24 12 4 42 69 21 76 18 45 17 62 70 72 46 9 39 54 79 95 35 75 4 15 94 24 52 64 58 9 92 29 59 19 97 63 16 27 9 8 80 11 54 81 64 25 83 83 61 22 71 93 68 73 55 49 24 68 19 3 27 29 24 46 9 17 65 98 62 30 63 1 31 63 65 19 27 92 84 71 5 13 32 31 56 95 47 43 90 13 26 28 38 81 88 1 82 63 5 61 88 89 80 52 71 32 85 58 68 81 86 47 33 0 34 53 1 5 18 43 13 4 35 0 43 7 9 71 74 93 39 16 49 53 35 23 99 2 11 31 46 42 40 90 75 14 13 15 86 72 15 96 77 36 44 89 42 23 62 
64 52 98 14 15 59 45 16 11 57 55 69 86 7 24 38 72 0 8 62 25 14 8 67 46 74 2 41 88 90 58 96 21 18 94 71 86 16 98 24 45 83 57 78 24 81 62 56 33 11 30 72 39 46 64 9 5 60 14 45 2 65 8 37 48 46 91 80 45 37 48 34 83 90 32 54 87 90 54 43 13 18 11 60 93 26 97 93 49 66 43 0 17 61 80 95 19 77 50 43 52 26 42 34 87 90 65 42 9 36 76 62 84 95 15 73 44 50 74 79 86 26 50 46 39 59 87 22 68 90 30 84 56 6 64 93 11 34 95 77 96 79 49 54 82 59 23 83 58 1 68 40 24 38 22 87 18 26 16 76 1 3 73 26 79 59 75 54 17 44 87 59 78 97 29 70 11 26 11 94 20 20 59 27 3 10 0 20 56 52 96 3 53 98 15 17 66 43 11 41 24 74 29 17 61 52 79 38 71 48 10 3 67 28 34 1 95 84 20 69 4 11 62 86 24 64 85 69 10 11 11 55 55 53 0 38 75 66 40 70 31 16 41 69 45 35 89 68 73 3 68 52 93 65 23 90 81 93 67 55 17 67 24 75 64 77 1 74 23 5 91 83 89 24 20 44 88 37 93 14 71 50 63 87 73 92 63 22 58 13 68 42 9 99 74 25 38 78 59 69 61 30 53 76 10 66 46 77 74 52 22 71 27 74 75 81 7 92 5 38 86 88 21 58 93 82 88 73 61 60 59 32 61 48 85 57 27 75 15 10 69 82 59 10 7 31 1 39 7 55 14 66 93 17 81 95 20 81 6 68 85 58 9 94 79 25 24 47 35 55 12 82 84 49 29 50 81 77 92 60 69 19 61 87 43 41 61 70 96 13 37 33 26 53 72 56 15 43 9 13 
29 9 13 58 79 63 96 26 11 7 93 36 69 78 27 52 33 64 0 31 40 44 1 5 33 53 72 73 21 71 94 63 71 47 49 32 98 84 31 43 99 51 39 23 35 10 95 62 53 98 91 84 84 62 89 67 52 42 54 97 33 33 64 86 88 15 45 59 65 30 82 23 40 7 87 6 8 48 62 60 32 55 22 67 80 45 2 43 32 3 58 8 99 73 53 17 3 26 12 24 24 68 2 97 98 48 89 28 78 79 27 2 26 18 64 43 92 19 12 37 85 26 43 19 20 83 65 64 10 32 91 70 95 85 83 10 1 78 80 62 86 41 0 20 28 40 54 5 68 33 1 34 88 33 26 29 6 14 11 51 32 21 41 5 54 90 28 49 8 72 60 42 21 60 26 63 60 46 47 39 40 23 24 25 51 21 19 38 91 67 12 47 57 16 83 29 85 79 46 46 82 80 82 98 85 81 99 50 12 57 60 63 53 41 75 50 52 86 52 7 85 66 92 63 41 46 93 39 28 64 84 14 80 80 26 54 68 36 47 85 2 40 60 85 33 95 59 58 98 96 16 23 18 83 86 56 36 8 70 58 68 12 67 39 27 93 59 60 4 9 73 81 52 58 80 76 93 12 51 12 60 86 93 2 96 82 34 60 31 68 7 6 7 12 59 91 11 7 74 66 11 71 58 92 81 78 72 4 58 74 68 84 16 65 20 21 17 74 86 26 76 62 83 64 94 37 95 82 56 14 55 11 56 80 18 93 5 9 79 29 70 79 37 58 33 9 24 87 84 97 63 7 20 32 39 7 30 13 55 35 83 41 41 32 86 14 48 93 75 55 1 8 19 47 87 99 19 30 94 32 56 69 96 77 48 52 70 35 61 52 24 50 78 54 32 28 71 70 44 86 
9 64 31 56 43 52 25 78 74 12 5 53 39 98 86 47 42 3 97 85 21 24 62 75 94 87 81 23 86 32 83 7 18 47 17 21 68 21 32 16 34 7 58 72 56 78 80 9 47 1 96 12 21 11 4 67 84 9 4 6 31 35 13 41 18 58 98 43 29 65 28 8 99 70 76 8 75 56 28 4 80 98 2 72 57 55 55 97 62 63 0 59 82 5 21 11 21 83 39 23 77 17 40 98 5 94 44 6 16 63 22 79 84 50 76 14 72 14 31 45 46 59 66 25 67 84 4 57 72 11 92 57 18 29 37 70 48 75 98 76 83 88 95 26 2 80 97 49 28 32 19 35 51 75 85 9 62 1 29 27 81 70 36 71 67 41 94 57 60 77 69 53 25 3 87 85 80 85 6 49 32 11 83 72 89 65 66 13 59 72 77 82 57 56 71 51 92 8 28 34 37 68 78 33 40 0 13 73 93 29 34 14 8 66 28 40 7 79 73 96 67 32 96 61 76 36 58 76 41 80 62 90 44 87 0 9 13 58 58 50 49 48 70 5 32 4 62 61 51 73 65 14 40 7 45 80 47 79 13 90 46 83 61 23 39 75 40 36 41 11 21 22 20 78 57 13 24 14 36 9 32 9 86 20 51 35 56 36 72 25 43 98 87 6 28 43 52 76 21 26 2 41 35 7 46 95 64 55 57 76 11 35 58 82 41 25 89 13 3 36 61 50 13 63 93 17 45 74 5 70 28 92 93 89 44 68 99 42 87 77 49 54 50 64 73 55 94 37 88 89 63 28 48 66 43 14 42 75 61 14 60 9 33 69 59 79 99 78 83 32 73 53 37 63 62 2 18 33 60 57 38 31 95 77 39 21 79 69 27 90 6 41 71 12 99 25 59 23 56 87 
98 49 31 87 74 76 59 35 31 20 84 16 2 27 56 58 1 66 60 83 25 92 12 46 96 36 50 21 36 16 48 61 16 81 24 42 58 82 96 91 17 23 34 6 99 84 17 55 2 58 76 61 94 98 22 98 58 10 95 12 48 79 15 76 70 83 77 74 75 91 33 9 16 24 97 12 63 31 52 1 42 21 80 13 8 12 49 72 41 60 74 14 2 48 68 14 90 49 1 39 19 67 75 41 33 33 57 17 73 48 13 34 20 83 11 5 57 22 85 96 33 86 11 8 54 47 28 9 46 41 1 85 8 92 30 83 66 71 51 61 61 67 89 45 2 7 70 0 11 39 57 71 86 26 88 65 8 20 22 69 64 92 69 53 36 36 81 12 53 58 43 84 39 43 12 63 51 95 80 87 93 92 69 75 84 18 84 89 52 62 19 16 10 38 24 51 49 21 53 11 60 18 84 83 3 50 21 98 96 85 18 20 39 30 34 2 43 3 61 40 22 59 27 80 46 82 42 73 42 57 10 44 53 11 87 53 29 14 93 5 31 82 91 10 32 23 4 56 79 29 75 11 38 45 29 41 98 70 21 17 91 36 59 56 63 0 19 83 9 80 84 16 85 98 92 66 10 23 70 84 40 76 8 21 64 9 50 17 29 44 18 70 20 12 76 65 21 86 37 87 55 48 16 76 82 44 41 23 88 8 97 78 39 96 93 51 52 63 17 10 26 21 80 17 5 84 18 6 57 37 25 80 56 38 96 40 83 6 45 13 30 72 29 42 22 76 61 75 35 34 3 31 19 17 45 69 70 39 77 84 66 29 22 31 50 21 62 77 10 2 4 28 20 64 76 93 66 41 29 31 91 72 87 69 63 19 41 30 19 86 88 25 76 70 56 10 94 23 31 61 
52 21 12 89 87 84 29 58 16 19 40 51 53 43 22 59 14 21 21 4 40 85 92 92 79 71 53 12 61 90 90 18 34 23 79 11 41 20 50 41 46 74 92 93 98 72 99 45 92 81 29 20 6 20 72 98 99 49 86 61 1 51 71 84 75 36 77 71 47 80 40 27 66 74 9 47 20 99 55 51 85 32 96 69 99 22 85 97 64 88 94 10 52 93 12 1 94 91 71 7 82 23 10 11 83 54 40 29 97 51 62 14 14 38 15 35 56 44 95 60 95 80 66 38 65 54 91 31 13 94 44 17 36 31 45 97 69 56 21 49 88 46 67 13 61 71 33 67 62 31 5 60 14 13 57 53 71 24 24 41 79 79 77 33 18 70 68 38 27 22 15 45 0 14 63 73 79 71 55 72 47 5 59 59 42 51 37 59 56 48 40 12 12 55 34 5 21 92 12 28 99 65 7 20 91 44 9 96 17 13 12 54 61 46 46 88 0 89 38 53 83 90 71 35 59 34 6 23 16 39 16 78 84 68 8 35 68 44 78 64 21 10 57 78 34 24 22 63 74 64 49 94 32 98 24 14 70 31 78 63 90 70 93 69 86 85 19 45 83 74 13 37 9 46 2 3 48 21 90 41 81 80 50 39 67 80 79 65 56 28 21 63 17 96 63 35 5 70 63 70 76 13 31 49 59 5 78 17 62 79 23 57 6 9 44 67 32 87 62 13 66 47 32 29 48 18 89 83 9 48 90 22 31 95 60 86 49 43 13 69 20 56 69 59 64 30 56 22 55 0 30 29 10 45 98 56 19 88 4 65 94 83 37 42 84 6 31 40 57 51 57 70 18 96 15 8 70 89 73 76 44 47 90 98 97 82 96 1 14 10 83 14 61 39 2 33 19 87 16 81 
29 58 47 24 95 33 93 70 38 36 36 98 27 44 84 11 39 21 30 19 32 43 79 5 36 52 73 60 37 93 33 27 4 64 82 67 46 18 72 64 15 24 77 47 77 59 28 76 77 96 91 54 92 33 79 27 84 57 25 13 84 42 99 73 58 69 84 92 8 22 28 15 45 77 51 12 16 83 51 73 17 41 96 18 55 10 16 10 34 31 95 15 93 28 13 92 31 9 29 90 70 70 48 61 40 86 74 79 17 90 49 35 32 65 52 80 70 91 93 0 44 18 6 11 45 41 41 67 27 27 54 78 4 6 89 85 8 49 16 26 69 10 61 33 31 8 56 7 97 84 23 53 8 66 11 47 98 15 27 26 54 1 19 34 30 62 82 16 25 96 70 61 38 56 36 51 81 50 63 24 84 8 26 31 16 91 82 26 34 42 88 45 48 9 7 36 52 53 4 25 99 96 91 18 82 96 93 86 53 38 86 53 56 13 29 84 94 12 14 80 11 4 84 9 77 36 26 84 87 52 99 96 70 89 52 63 64 53 61 12 17 94 61 12 23 57 65 0 29 23 0 5 71 28 10 81 9 1 74 40 69 16 54 57 11 83 56 51 3 0 7 16 40 36 15 77 43 25 41 45 77 14 47 22 41 33 6 1 49 62 73 98 80 19 33 17 24 89 25 39 65 66 76 27 54 25 64 86 22 89 42 1 25 82 59 51 93 56 86 90 91 45 3 46 86 25 37 59 14 21 75 38 97 97 16 87 26 53 85 9 86 37 88 23 27 27 66 66 83 21 36 79 37 79 33 62 1 52 42 47 18 65 44 24 31 93 18 51 54 19 42 74 69 12 42 48 2 16 82 45 83 39 84 76 49 96 58 24 88 2 99 90 2 6 93 38 79 76 15 16 
70 57 59 3 97 43 76 54 98 26 47 19 12 40 31 38 25 0 64 4 59 97 65 71 68 3 44 74 69 16 42 25 0 5 14 18 37 15 67 4 36 62 30 53 9 38 52 60 27 95 56 0 73 79 72 22 14 50 73 63 45 11 80 66 41 68 46 62 41 26 67 63 26 38 51 37 91 6 64 54 49 88 36 38 76 76 23 88 6 77 16 58 67 3 16 71 85 90 49 12 9 0 35 81 53 34 89 26 91 32 91 9 50 29 60 9 59 74 34 52 7 50 95 77 43 25 75 85 60 86 7 3 93 47 36 85 29 36 49 97 93 92 28 24 58 28 7 30 30 4 22 14 81 39 29 31 65 64 60 63 91 38 97 99 25 25 45 11 67 66 26 60 29 50 48 43 28 6 50 43 45 21 83 18 88 84 88 24 38 94 44 73 68 64 87 92 85 19 11 76 45 14 69 54 80 17 62 23 86 82 85 91 76 34 84 85 24 27 37 61 52 37 79 92 80 89 64 71 37 61 86 39 5 42 89 75 76 66 23 98 19 82 95 7 80 71 34 14 13 14 31 1 45 74 84 11 84 5 45 83 61 7 33 72 57 78 19 84 63 17 91 47 51 64 24 21 59 80 48 18 83 95 46 36 67 1 24 30 67 8 34 73 17 97 89 60 11 92 14 68 67 78 65 59 67 61 6 56 98 60 83 16 90 88 52 51 92 6 70 30 48 61 26 11 50 58 29 98 5 55 23 11 34 45 21 72 21 73 98 32 66 32 3 12 58 14 43 93 34 56 67 2 81 34 41 63 86 4 6 22 13 70 18 90 55 97 40 97 62 4 83 62 81 37 11 82 75 32 67 70 95 13 67 14 81 33 56 93 99 1 43 21 6 50 58 76 37 4 78 58 
78 57 98 89 41 1 19 51 98 72 65 19 90 51 60 47 68 63 39 19 79 70 5 22 88 7 32 5 38 84 30 28 82 46 74 81 96 36 48 54 77 28 69 3 19 3 17 91 54 71 13 63 0 50 99 65 63 25 15 37 65 46 69 86 24 13 29 39 8 44 54 3 66 37 34 50 94 85 8 21 91 39 63 69 85 35 70 70 99 87 76 97 6 17 3 24 18 11 75 54 91 43 40 91 83 3 72 12 43 32 50 14 23 81 92 75 69 35 74 34 64 19 71 36 29 43 51 15 10 24 13 46 75 7 79 85 14 34 21 74 14 38 62 64 30 55 65 51 6 19 38 32 22 11 15 67 90 90 5 38 46 39 3 0 3 26 87 1 37 38 38 11 67 77 77 10 24 15 69 28 99 3 63 17 9 92 80 29 89 79 98 21 37 18 60 58 67 12 83 64 70 30 46 28 10 78 94 68 49 21 81 63 32 95 24 19 53 93 31 94 10 50 70 37 58 87 57 27 11 67 99 77 60 27 15 92 3 93 26 31 13 71 5 43 37 18 6 48 19 84 88 58 54 27 68 1 55 79 89 72 59 6 4 56 87 81 13 99 86 21 57 38 61 32 64 80 30 18 64 28 1 67 62 14 35 90 81 41 99 94 49 23 83 36 42 61 26 16 97 69 84 20 10 74 31 71 11 18 11 93 63 54 96 88 86 81 18 70 36 97 98 4 77 35 75 46 64 97 59 92 79 55 99 64 53 65 29 29 49 94 24 60 42 6 97 53 88 75 16 20 70 86 24 48 12 60 3 48 63 79 61 36 98 36 89 82 23 53 61 82 47 7 65 91 78 36 94 11 15 5 91 12 58 71 49 39 78 11 56 74 70 36 73 81 47 52 88 90 36 90 
33 10 88 50 15 9 59 80 49 45 43 10 21 38 85 93 77 57 60 95 68 39 58 39 69 63 45 40 50 88 11 2 79 24 89 77 32 60 44 15 17 45 1 22 0 42 75 35 44 18 66 81 60 16 43 40 90 54 37 27 41 32 9 99 69 13 17 6 25 38 34 33 53 65 77 2 70 87 27 61 19 10 59 99 97 94 76 67 8 62 54 73 47 61 34 0 38 66 33 81 87 28 4 64 47 66 18 73 22 58 46 47 0 89 96 75 29 83 53 93 27 98 21 98 99 36 61 70 86 5 89 40 24 34 35 58 86 44 25 83 96 27 11 78 56 46 57 29 22 79 11 37 52 44 86 83 13 73 38 48 77 90 24 85 94 44 83 38 90 31 25 81 15 18 43 53 52 14 77 75 54 0 26 63 17 18 20 72 17 72 58 90 43 23 71 12 68 69 79 5 11 98 3 37 85 39 69 80 82 89 84 23 59 80 81 44 24 73 19 99 27 85 85 92 16 2 53 43 65 71 91 74 65 83 98 54 93 90 58 80 48 75 63 76 44 77 65 99 7 33 5 66 35 19 90 67 56 33 83 64 23 32 0 1 36 28 11 29 7 50 18 52 40 44 22 3 41 97 46 60 64 93 51 32 53 67 86 66 27 54 33 54 61 21 22 58 40 78 62 52 80 92 32 72 56 71 28 63 90 4 27 36 30 15 96 17 41 9 92 58 21 41 62 90 47 61 84 26 26 17 66 42 46 4 57 97 55 1 70 76 50 80 88 14 65 1 62 42 7 45 69 17 66 44 22 71 29 26 51 64 4 60 92 79 86 62 88 57 29 82 95 95 32 28 82 58 32 52 65 82 7 27 85 2 19 77 90 65 75 78 98 76 55 97 35 8 68 29 66 67 
2 66 76 30 89 99 37 44 97 8 46 78 18 26 47 10 70 94 34 28 97 98 38 79 24 86 80 64 73 87 2 80 97 41 73 87 62 70 20 29 83 12 1 28 26 4 71 23 45 17 73 17 27 54 27 0 53 20 34 11 95 70 81 66 40 62 37 70 71 69 40 12 18 78 17 98 69 35 15 28 62 39 60 11 78 2 60 75 20 31 66 78 16 35 30 68 83 27 80 74 88 44 80 38 62 20 39 44 33 88 4 93 79 87 62 22 44 14 6 57 31 50 32 84 94 22 82 79 80 30 35 87 97 26 61 94 3 23 70 16 56 10 49 66 46 63 44 87 66 17 8 73 28 19 79 13 75 26 13 65 84 72 26 97 35 72 83 48 34 43 35 64 20 11 56 4 17 33 26 73 9 93 50 95 50 8 43 42 49 97 70 40 79 57 36 85 84 55 49 12 9 72 85 96 27 77 45 11 11 2 83 9 75 8 26 44 0 94 58 78 94 65 42 64 49 56 34 26 78 1 35 11 49 37 93 78 92 89 9 97 8 14 15 81 26 15 66 79 20 57 37 85 65 87 60 72 47 82 20 20 31 22 62 12 75 3 91 12 79 75 15 56 60 77 84 43 0 85 74 8 9 13 95 28 34 71 25 12 83 80 76 4 41 52 58 27 37 39 34 89 4 55 37 59 47 7 35 38 51 16 99 51 3 13 61 30 57 41 16 8 43 32 17 33 55 45 54 49 57 47 34 30 94 97 88 87 49 19 11 75 86 82 61 5 70 83 98 7 70 12 86 33 69 22 77 63 32 39 91 81 49 35 97 82 64 24 59 99 46 38 37 21 20 52 55 77 78 13 52 7 61 50 91 2 75 8 13 42 86 92 85 35 31 49 13 25 71 13 75 99 
50 84 4 40 27 78 13 56 24 64 95 71 30 9 98 7 40 48 40 83 76 84 23 72 50 99 34 63 92 28 11 71 37 85 22 57 22 64 49 37 38 4 57 34 29 94 47 88 3 4 35 89 78 13 1 27 53 70 69 61 87 17 73 76 83 5 27 23 5 1 9 32 85 64 59 61 90 32 19 94 78 74 25 97 48 66 24 84 54 82 17 50 96 84 13 85 65 75 77 54 24 71 49 25 93 86 12 10 30 1 70 20 4 91 99 98 94 78 36 68 96 91 67 50 76 16 56 82 89 1 89 58 79 68 70 53 59 8 49 35 11 99 92 7 21 94 36 16 72 42 52 17 59 57 67 14 97 23 2 96 61 53 69 72 50 45 75 23 41 43 65 52 82 48 55 2 69 57 37 71 87 2 1 50 19 75 88 21 16 99 22 66 87 8 17 63 98 74 9 91 65 71 74 35 36 50 38 37 84 58 98 40 57 90 78 24 16 11 23 43 70 93 65 76 37 77 21 23 69 10 60 26 90 8 16 58 20 97 23 84 6 78 98 98 19 21 60 13 26 67 59 85 10 73 82 59 49 78 24 41 88 31 19 3 39 9 24 85 25 35 67 96 35 65 82 82 26 0 58 36 89 80 37 74 35 94 70 86 25 93 98 32 68 35 55 46 2 31 18 78 29 27 69 36 76 7 13 86 44 52 62 85 10 93 92 70 99 29 64 9 64 11 68 9 63 39 75 23 34 34 77 59 55 24 1 13 59 27 80 4 54 19 97 37 27 52 49 26 33 75 73 61 2 92 86 10 83 11 96 47 23 46 2 11 10 31 77 77 53 87 62 23 25 29 1 75 77 71 20 89 53 10 81 16 71 96 27 69 50 75 6 9 53 35 56 15 52 4 82 62 
23 45 96 24 68 68 82 63 29 99 12 35 86 34 11 61 67 87 56 81 70 74 0 10 12 69 20 42 84 55 79 44 31 70 10 82 46 70 59 74 49 92 54 36 14 37 59 61 22 32 96 71 30 38 50 97 48 87 38 60 94 11 34 41 43 98 23 69 73 93 21 95 75 74 97 57 32 21 67 58 32 36 92 58 66 49 1 62 13 66 5 33 50 25 23 87 85 32 8 18 8 11 68 58 70 4 54 25 85 84 13 75 25 39 83 86 29 8 37 9 55 50 45 86 40 65 31 94 19 50 64 88 63 52 2 36 65 48 92 61 31 36 81 76 61 85 30 32 89 70 17 51 22 55 39 38 29 55 78 12 40 62 16 3 94 66 6 52 26 4 36 16 11 10 68 74 32 54 85 30 29 13 42 83 94 64 23 2 67 3 31 79 72 17 11 11 77 88 30 2 48 41 1 34 17 57 5 88 99 93 23 79 13 63 51 74 52 35 24 52 19 73 59 2 7 99 86 93 68 73 71 31 27 35 28 55 21 87 69 55 84 92 45 72 57 69 25 6 2 22 27 62 1 44 73 42 1 96 36 20 7 94 28 25 23 26 13 80 48 54 76 85 45 37 6 95 58 31 52 41 94 22 75 28 10 21 62 62 10 99 14 61 14 47 10 55 96 61 11 4 0 39 81 68 68 57 55 63 26 5 95 51 98 31 1 77 88 24 18 10 22 2 64 79 61 12 0 26 70 21 99 19 31 74 81 39 43 11 31 20 58 31 22 18 60 17 29 97 65 97 40 42 57 3 17 62 33 56 87 64 5 26 12 42 43 43 79 11 88 1 95 71 31 68 79 4 51 83 38 4 52 32 36 95 3 67 66 66 32 0 34 36 89 32 11 20 22 49 88 7 
57 25 66 15 3 66 47 16 78 2 33 42 40 76 23 80 76 97 90 36 40 53 15 86 47 63 11 29 99 86 59 31 1 24 57 48 83 55 53 71 47 87 77 16 71 67 89 90 28 3 98 47 59 37 39 39 97 46 21 6 26 28 53 96 68 6 0 91 96 92 27 32 93 79 54 62 36 23 61 27 76 91 17 3 3 36 92 62 60 47 5 13 30 76 34 61 10 83 86 63 13 12 9 7 88 65 10 6 39 85 80 73 66 42 68 37 34 48 34 3 89 0 18 45 97 78 45 30 39 67 32 40 57 13 12 13 0 64 11 74 36 12 22 20 16 40 63 71 2 91 64 51 2 10 73 87 86 37 31 83 3 41 9 99 66 37 24 48 29 63 81 81 31 54 70 38 0 1 33 64 66 7 91 77 49 49 73 57 77 79 83 81 82 30 82 39 91 53 72 54 75 55 1 44 44 41 84 77 36 49 6 61 6 54 62 29 80 28 11 98 30 78 62 27 20 54 71 92 36 77 24 51 38 36 47 33 75 94 97 96 31 75 32 76 46 8 34 64 9 28 38 15 90 31 71 74 93 9 19 15 85 49 58 70 14 70 78 87 44 53 49 68 64 8 48 80 29 39 67 53 51 34 31 6 11 54 55 44 13 23 30 26 69 60 19 19 68 61 83 35 15 10 87 76 9 81 21 6 81 62 0 12 18 28 53 1 38 83 30 79 89 63 29 76 75 56 70 54 94 44 73 3 4 77 32 12 41 59 69 17 42 16 10 34 22 71 29 24 91 73 55 31 91 98 32 70 64 35 37 40 21 60 49 78 76 53 47 53 68 81 72 33 98 26 12 90 39 18 39 57 79 33 62 91 29 36 14 82 49 14 92 88 10 57 70 8 77 23 33 45 
62 22 99 42 22 68 35 96 49 35 86 14 52 91 56 35 73 17 4 43 94 97 16 86 20 79 85 70 69 59 1 55 59 57 78 21 34 10 42 12 24 52 99 35 52 31 53 47 61 89 25 45 11 43 61 35 6 10 69 35 30 21 0 20 99 3 56 45 38 31 42 47 72 38 29 54 93 85 72 55 63 32 90 77 93 62 86 78 30 5 51 3 22 17 90 94 50 8 10 50 19 73 46 16 69 33 21 37 45 9 42 36 49 65 67 90 14 16 60 39 11 22 87 67 84 14 34 40 81 60 35 33 75 22 43 47 83 45 7 8 59 10 31 42 18 9 83 60 36 90 90 87 72 51 56 18 75 61 5 98 58 14 24 53 24 91 61 49 23 17 77 85 67 49 82 35 6 24 90 60 97 88 25 0 67 89 59 36 5 30 82 21 82 64 52 94 96 7 3 73 23 66 14 18 16 6 43 25 9 2 62 25 55 98 53 69 83 3 23 37 93 45 86 76 18 40 60 41 41 24 10 48 52 8 88 82 4 17 7 31 27 42 96 15 12 63 5 95 4 31 33 26 11 50 44 3 28 7 40 1 54 40 1 48 47 31 96 82 10 66 70 86 24 14 19 23 26 81 17 60 14 75 29 70 15 73 25 23 78 33 43 46 78 81 33 27 39 59 57 49 30 60 39 32 28 84 41 0 64 98 2 87 65 12 78 2 73 65 37 3 95 25 77 9 11 53 69 48 95 20 16 43 8 28 91 24 67 61 66 58 46 19 44 48 37 54 32 77 37 95 63 51 74 93 43 17 28 21 50 88 81 41 72 88 68 46 81 95 69 89 55 6 72 63 2 56 79 17 40 47 7 55 91 56 41 11 97 90 21 64 20 66 60 59 86 65 23 50 34 55 
26 80 95 78 94 76 9 6 37 85 74 60 68 85 23 53 23 64 87 48 98 20 34 14 60 42 6 53 91 24 54 59 99 85 28 9 8 48 4 67 56 45 25 93 50 80 24 50 44 36 47 0 15 75 85 77 12 98 3 24 17 39 12 7 42 89 19 88 98 64 4 21 49 90 46 81 34 26 45 39 60 14 44 21 44 38 40 74 42 67 77 15 54 25 92 80 13 16 95 37 92 24 29 62 26 80 13 24 85 21 68 53 27 24 60 80 42 69 76 5 77 96 13 85 40 88 84 33 34 58 65 71 38 16 74 98 61 47 25 47 81 54 21 71 33 24 40 35 11 16 8 82 41 34 91 26 29 97 17 34 59 43 72 98 28 80 7 75 64 23 38 5 16 69 5 18 34 79 83 48 36 14 25 94 95 34 46 91 23 67 30 28 75 71 10 27 75 43 10 23 41 11 33 82 0 25 60 29 46 57 13 3 54 49 58 8 25 49 3 59 40 40 32 42 33 77 31 89 69 55 28 50 99 21 50 87 59 4 1 48 89 94 48 47 47 95 12 37 56 74 14 38 47 70 78 76 51 98 80 44 88 78 88 38 10 27 16 27 36 8 17 35 48 62 22 88 48 45 31 35 40 0 50 33 91 2 58 78 48 42 57 49 54 1 56 17 9 42 84 2 19 22 39 27 37 72 67 30 74 78 34 40 34 94 11 39 74 68 72 73 4 89 53 55 41 31 36 94 2 17 97 72 47 54 68 71 73 69 4 37 88 96 14 64 20 57 86 84 7 52 30 33 67 18 85 74 36 94 77 22 88 70 88 98 10 32 83 59 37 37 8 38 1 17 38 29 52 25 19 21 54 22 77 4 85 15 56 79 10 0 63 63 71 91 16 28 79 67 69 64 
39 60 16 17 43 47 47 9 44 6 49 32 59 1 35 80 70 98 67 5 17 86 25 28 16 37 30 76 38 97 17 65 61 62 52 92 93 44 20 16 50 11 1 95 50 34 0 64 66 92 1 16 92 0 95 34 21 72 2 16 24 36 29 22 14 66 99 73 75 21 50 8 81 54 26 82 3 18 44 40 53 25 39 36 87 50 51 15 83 28 95 51 87 93 74 44 6 69 30 31 33 9 97 55 52 49 1 92 11 66 73 37 72 24 81 86 66 59 74 78 2 5 62 45 92 27 2 10 80 35 76 35 91 62 64 8 77 85 90 21 12 49 42 90 97 59 54 45 81 41 91 79 71 74 14 91 23 84 69 16 78 32 90 80 89 82 64 92 67 18 84 57 99 90 73 19 37 96 7 90 28 26 96 83 52 12 20 40 77 94 34 2 39 64 52 86 15 30 44 46 98 39 27 85 9 28 67 85 33 44 47 24 87 31 61 33 39 28 71 76 0 79 34 85 3 6 97 73 9 14 33 18 82 46 92 16 96 28 95 95 19 11 39 79 54 96 99 85 90 35 52 76 22 9 13 60 42 36 17 54 55 66 62 36 59 37 75 94 66 38 38 65 37 9 70 15 10 76 30 40 99 20 35 75 53 8 86 36 24 0 66 36 26 37 4 73 5 13 59 84 1 58 83 28 22 85 53 21 77 49 13 9 20 34 51 41 55 22 45 95 22 15 13 55 4 65 38 80 61 14 89 85 71 75 59 55 9 29 59 12 68 13 17 80 11 68 20 35 34 82 24 72 2 32 93 8 91 4 21 86 29 16 97 21 27 66 1 66 0 23 14 0 40 17 13 90 27 15 56 80 16 39 24 36 97 13 27 86 69 67 81 29 82 94 6 13 32 24 50 26 
94 64 99 26 67 65 54 50 88 39 28 24 44 62 96 45 75 80 62 9 36 81 85 63 25 98 32 7 4 63 58 42 59 76 60 21 39 45 59 84 46 72 63 48 70 43 57 26 69 31 68 94 74 32 10 84 24 78 80 14 38 83 48 34 23 58 61 81 27 68 61 60 89 49 42 23 34 26 2 91 73 64 37 48 45 54 7 30 49 23 46 3 82 38 84 2 86 12 89 99 18 32 28 27 65 43 76 53 56 6 33 25 53 15 22 43 28 5 65 59 66 88 49 40 28 34 72 55 8 72 61 90 50 15 71 76 26 99 95 66 40 68 58 63 36 90 99 44 83 91 51 31 9 3 34 20 56 65 57 48 53 15 45 2 42 22 11 76 20 91 23 87 70 49 26 45 17 63 67 14 54 9 2 24 77 30 68 64 90 9 26 46 13 17 4 43 94 40 71 9 27 3 6 35 14 34 29 95 90 16 47 5 0 74 98 56 97 35 76 22 75 35 5 59 49 57 54 50 22 79 52 1 96 21 45 91 88 38 62 46 14 59 22 69 95 88 26 94 35 56 42 4 33 58 62 77 51 85 72 86 58 33 93 24 37 63 39 29 25 20 98 10 45 13 29 19 63 73 79 15 18 97 69 86 69 20 6 68 44 55 26 44 86 52 43 25 63 59 69 55 71 95 48 73 75 97 96 58 42 2 92 6 74 36 89 67 76 79 53 74 85 88 71 11 66 34 90 32 83 31 46 33 24 0 65 73 92 37 42 91 21 3 6 99 63 51 92 75 88 12 90 21 28 44 24 35 47 35 61 17 7 12 68 21 94 23 41 53 52 59 43 44 36 92 4 6 77 92 51 2 27 87 82 77 95 51 52 92 55 97 60 96 77 69 59 77 11 72 11 6 
75 96 68 11 7 68 11 84 72 77 5 33 27 20 0 20 5 76 88 91 99 10 33 66 32 40 0 81 85 75 15 98 45 12 73 76 3 85 54 32 40 95 11 82 74 82 89 8 77 53 52 27 76 60 93 31 79 63 31 11 74 79 2 43 50 11 5 17 6 17 6 63 70 37 56 24 34 99 32 45 97 88 83 96 24 9 67 9 56 83 43 41 53 54 28 1 7 0 73 80 50 57 11 99 48 65 78 60 57 13 58 9 80 54 85 55 69 78 53 98 34 12 25 70 13 18 88 6 30 57 37 1 81 84 56 10 95 77 41 56 74 89 31 94 42 63 84 55 81 74 23 69 49 34 20 27 92 80 87 73 36 92 84 42 33 32 66 8 64 74 2 39 33 11 94 35 31 62 93 72 86 23 58 11 69 0 61 35 81 31 68 95 6 22 90 65 85 87 8 51 5 92 41 62 62 82 92 49 27 4 19 83 19 39 78 51 30 68 8 78 80 21 16 41 19 99 60 90 96 23 23 9 4 75 25 8 73 92 16 94 10 42 24 87 31 51 78 65 64 28 72 4 45 48 91 96 18 78 18 99 48 30 26 62 8 31 83 85 26 51 27 9 92 98 64 48 96 15 58 73 3 9 29 54 76 33 24 52 53 53 11 38 64 53 38 36 32 39 98 33 33 56 60 75 81 33 48 58 93 67 96 8 12 43 40 95 58 80 24 79 63 50 48 10 88 59 91 1 26 84 79 21 50 55 96 54 58 10 48 2 26 34 5 77 53 65 61 28 57 17 34 63 23 2 92 84 44 66 84 72 33 86 94 40 86 84 82 85 93 31 19 63 75 26 12 68 23 81 67 75 54 88 79 63 11 77 64 18 4 12 98 10 33 1 62 15 63 66 11 84 
95 62 45 82 72 9 47 14 83 29 95 58 82 92 54 88 66 79 76 7 92 54 48 86 70 89 31 28 54 42 83 80 5 12 36 30 97 32 14 26 59 22 68 25 19 50 60 85 60 47 63 32 81 4 95 16 88 77 75 93 48 8 69 80 93 89 53 71 79 3 58 24 13 8 39 19 62 30 40 86 97 94 85 7 53 94 2 60 59 66 51 86 79 12 50 68 33 5 87 33 96 41 67 77 99 2 12 11 88 60 79 95 81 1 59 39 81 71 46 59 95 24 14 5 33 22 13 41 92 75 16 37 9 96 0 28 11 94 86 68 24 84 1 1 17 49 61 96 50 77 70 96 32 23 6 16 81 94 87 38 5 84 40 66 27 26 90 1 4 38 82 83 45 65 37 31 71 61 86 43 26 98 31 0 78 39 27 10 2 99 40 47 42 89 24 64 8 84 80 65 65 63 11 46 45 88 60 62 76 92 91 39 90 47 89 77 38 48 34 40 98 34 15 64 2 80 16 72 26 74 51 63 16 29 9 41 27 57 49 12 69 1 23 36 11 51 47 13 46 33 74 21 84 79 60 98 85 49 91 57 3 84 26 87 76 72 38 78 51 96 93 79 44 85 51 83 0 96 82 4 8 43 89 61 56 2 0 36 55 66 14 79 13 57 34 73 65 91 80 99 85 49 83 7 66 76 3 55 20 48 9 56 22 34 4 33 26 87 67 43 8 93 76 63 43 23 47 34 99 28 43 39 85 80 88 46 68 10 30 92 85 33 21 59 90 30 9 99 58 9 32 62 8 4 22 28 61 64 8 61 62 25 60 59 87 36 52 66 77 27 41 91 22 25 13 41 78 90 12 90 28 61 76 45 83 5 23 54 86 49 70 27 3 59 19 85 75 90 22 43 
84 66 67 46 39 85 26 44 84 80 49 91 28 23 14 28 93 4 40 13 20 65 24 43 68 14 99 35 17 62 90 63 55 40 33 80 64 96 40 90 39 30 42 88 2 95 11 88 31 51 93 78 14 90 3 37 38 5 73 25 29 64 18 60 77 65 18 10 69 28 6 42 39 45 78 24 7 61 67 12 55 29 57 44 64 18 82 45 93 90 32 62 12 55 79 13 78 25 95 14 46 99 53 13 80 33 27 39 13 60 21 68 90 21 65 40 54 63 74 84 10 91 97 50 44 21 84 11 14 8 91 31 67 86 48 22 54 65 54 2 13 86 57 1 93 52 72 49 13 27 35 81 99 37 7 53 22 28 19 21 73 38 91 29 52 17 32 69 21 59 10 40 76 81 32 2 82 14 63 55 87 62 92 8 38 92 99 0 27 65 76 23 11 42 75 73 5 4 56 98 41 61 43 77 56 46 42 3 83 35 73 2 69 46 81 82 66 55 60 78 85 40 24 5 80 49 6 18 15 50 9 66 38 56 55 34 55 32 90 53 47 82 99 27 71 69 48 30 90 32 71 35 6 80 3 72 36 63 9 17 12 41 54 40 68 68 4 22 24 77 89 75 25 88 61 97 54 81 42 92 84 61 40 16 17 3 28 35 27 84 67 16 50 83 96 65 55 21 74 49 30 3 23 5 3 62 2 72 24 80 54 20 87 87 58 59 57 7 87 86 6 19 17 93 59 5 47 32 52 42 6 88 55 23 19 24 64 73 22 77 71 87 17 43 67 22 46 35 20 45 46 30 55 14 90 16 57 50 58 73 45 96 64 66 66 69 9 55 24 4 46 27 38 41 2 68 64 50 15 1 9 61 39 78 24 11 39 15 6 56 90 4 87 20 71 79 75 21 34 38 
63 66 58 2 8 4 91 80 10 55 30 51 12 47 78 58 23 95 8 52 20 37 42 82 31 48 3 79 10 87 10 85 97 78 61 75 91 18 68 10 73 60 51 0 69 14 48 7 70 18 32 14 94 3 23 10 92 88 2 83 19 18 24 57 70 93 20 49 70 84 99 66 21 90 93 29 64 32 72 40 7 67 68 50 72 44 12 68 53 18 89 66 94 95 5 93 94 3 91 52 13 54 13 68 86 9 92 13 65 19 19 17 48 4 67 71 14 73 66 48 64 52 87 69 79 47 88 74 13 32 81 76 7 68 57 81 64 81 81 20 24 16 29 11 68 87 2 49 27 21 81 55 4 39 34 90 98 87 86 94 4 80 94 42 50 49 12 80 87 73 80 14 42 79 81 37 74 49 68 17 5 74 92 5 52 99 30 92 60 54 83 27 73 78 55 29 26 11 69 54 84 59 32 56 97 23 64 23 44 26 90 69 56 2 12 88 54 88 32 96 87 3 70 21 97 96 16 82 65 16 58 1 13 77 6 97 90 13 5 10 17 21 75 63 98 66 24 78 89 66 20 88 84 41 44 6 81 72 48 68 80 49 51 31 72 40 62 85 34 34 41 80 65 76 64 51 4 74 53 58 97 28 65 47 40 65 80 88 95 51 84 87 67 50 93 36 51 96 47 33 55 92 16 64 92 33 13 12 94 58 66 21 22 8 28 77 25 23 90 19 81 76 43 99 6 74 72 10 76 93 69 76 35 44 45 67 70 41 73 18 72 69 68 5 37 72 60 19 57 15 64 93 38 97 74 93 22 99 11 3 70 86 93 82 64 1 20 43 36 16 85 5 55 77 6 64 84 61 74 64 39 64 60 20 37 0 45 52 25 23 15 70 88 32 39 44 20 29 74 87 
88 78 48 6 77 72 69 58 32 82 65 8 18 44 82 20 12 38 83 52 73 27 55 44 20 91 86 17 26 10 11 7 95 51 83 44 56 31 53 94 89 13 62 67 96 81 39 19 30 3 5 34 40 83 16 40 21 59 3 53 90 17 10 92 26 94 37 39 86 49 57 56 56 36 77 26 88 24 15 63 23 91 86 65 16 47 85 46 75 36 85 96 68 6 60 69 75 36 79 40 85 12 26 8 3 68 81 92 22 4 65 71 23 98 90 41 39 62 59 99 34 58 13 55 31 21 21 50 76 77 5 90 16 54 75 59 0 65 38 70 46 79 53 8 26 59 43 51 63 90 10 45 18 28 98 61 33 25 60 56 23 85 98 93 86 65 97 28 9 15 2 91 88 20 89 16 28 11 55 81 59 13 13 78 7 91 69 15 78 35 53 50 14 68 66 13 29 87 55 43 68 14 14 83 24 86 46 18 57 26 98 78 11 0 89 66 85 59 18 4 16 88 17 76 75 97 11 47 52 49 22 16 72 57 45 34 82 90 83 11 9 84 1 15 87 74 61 56 0 80 88 16 48 38 8 59 0 21 86 82 79 98 78 32 52 77 17 29 70 0 22 41 41 97 48 62 3 77 98 76 65 38 52 63 58 29 89 94 48 20 42 3 86 4 42 59 6 14 14 43 12 31 99 63 79 80 14 18 27 35 39 62 58 88 37 90 10 23 33 29 43 78 13 53 97 21 7 71 61 4 9 85 49 61 55 9 80 87 67 8 3 66 97 99 25 55 60 32 21 2 51 52 9 51 63 40 84 58 76 90 45 91 66 53 67 76 42 28 69 8 97 18 31 36 64 78 76 67 32 21 85 35 96 64 2 94 77 96 68 75 90 15 50 86 4 13 40 93 11 39 
32 68 49 99 23 97 31 71 53 20 50 50 48 78 59 44 42 37 99 54 19 88 96 59 68 74 36 53 18 40 63 46 91 94 66 92 39 95 2 31 62 82 74 74 4 71 77 49 85 42 28 69 22 28 55 8 91 71 97 59 75 5 33 94 65 88 42 3 92 52 22 49 49 24 15 9 31 10 22 82 15 10 89 94 14 85 26 1 44 69 80 77 57 55 34 74 41 84 93 31 4 86 75 1 49 51 77 32 56 6 77 55 52 44 97 43 77 29 50 11 45 56 0 51 34 52 17 22 69 19 0 4 21 27 85 4 33 8 94 50 82 65 63 92 45 86 89 90 12 57 71 64 51 95 34 15 21 70 75 86 68 69 31 79 97 64 82 52 43 40 79 95 39 5 11 98 12 42 96 7 0 80 8 63 15 52 78 35 82 42 40 23 50 46 73 39 6 0 41 88 78 30 47 64 62 99 90 20 67 93 39 24 72 32 86 84 23 25 87 2 33 52 55 4 99 62 79 96 71 33 8 97 74 33 95 80 7 74 11 50 56 55 94 67 39 99 40 56 61 55 42 5 34 67 65 78 27 36 52 91 27 5 35 41 99 0 50 59 78 80 59 93 29 48 96 91 67 87 43 78 43 46 10 59 65 13 61 4 82 21 57 58 28 49 20 31 21 60 58 49 27 47 62 96 28 60 37 13 63 54 10 66 55 9 88 40 86 0 36 86 40 9 81 96 45 85 28 51 36 9 27 59 58 28 15 87 67 82 98 8 55 13 98 13 75 94 91 88 41 89 29 72 13 92 69 94 26 85 69 34 77 43 19 56 87 31 27 71 21 12 23 48 19 95 67 53 53 47 28 36 86 64 49 27 78 34 89 38 39 72 27 23 6 98 87 72 46 80 77 30 
66 44 72 69 79 86 88 5 68 89 66 11 65 93 79 18 73 34 32 11 32 28 26 71 52 77 78 32 52 23 22 95 41 14 99 64 7 56 6 26 64 12 94 37 67 99 80 33 76 29 51 54 37 47 61 76 12 57 89 55 35 23 89 3 24 28 87 56 95 98 4 22 53 71 24 99 62 91 16 65 25 92 17 69 34 50 72 52 76 82 51 26 77 33 47 4 18 93 34 98 11 56 75 8 11 32 63 40 8 65 94 21 26 96 95 58 19 73 4 51 74 32 42 51 36 25 7 29 27 52 1 69 11 26 50 81 14 93 4 36 71 1 59 85 81 56 40 13 5 39 77 7 60 23 38 4 94 91 18 51 24 86 39 41 64 27 70 11 34 55 98 56 73 67 66 54 96 87 65 89 82 62 50 34 28 10 36 17 41 7 40 88 43 79 20 50 20 97 14 49 47 26 90 95 12 19 44 3 38 40 6 2 95 68 24 52 65 51 92 16 55 72 68 70 53 83 78 29 49 90 39 24 58 78 79 13 42 96 60 48 42 4 90 96 69 78 74 63 27 36 81 59 95 71 11 73 54 89 34 1 97 51 5 10 37 90 90 63 94 27 59 90 10 71 33 44 10 92 49 81 34 98 76 61 64 40 12 16 15 91 3 86 98 43 79 58 21 43 3 24 16 60 21 36 5 33 44 81 76 2 36 93 73 0 68 3 56 71 28 63 30 83 51 1 98 16 74 64 47 90 57 40 72 27 73 38 59 58 23 35 70 15 68 40 62 80 10 24 6 40 50 90 33 66 42 85 27 72 37 5 81 48 81 83 74 16 44 96 36 9 57 62 15 97 81 96 52 76 74 24 2 11 47 18 86 8 25 46 32 1 29 96 93 12 94 50 50 66 5 87 
0 27 27 15 13 94 18 92 28 65 59 67 80 99 63 78 51 80 12 80 5 45 77 5 46 73 9 36 12 70 5 30 43 84 5 42 15 11 0 93 36 91 21 78 60 41 45 14 23 60 98 84 90 65 90 73 39 62 57 62 52 8 27 26 94 24 18 81 25 99 50 17 25 70 73 8 75 61 17 82 61 90 76 45 46 44 80 19 38 44 67 79 46 80 68 85 79 27 82 70 23 4 69 55 75 86 87 74 7 67 76 47 59 87 25 48 47 84 66 43 70 59 50 63 18 38 60 29 55 8 10 40 77 52 96 11 99 94 54 14 21 54 62 57 40 35 50 36 17 39 9 21 31 11 83 22 41 53 10 26 83 88 34 84 67 61 48 2 7 51 95 2 2 8 51 62 28 22 79 17 62 18 76 42 49 76 62 57 37 87 2 86 81 55 9 20 89 61 77 55 77 53 85 34 8 59 97 68 79 71 99 23 35 13 76 37 16 33 6 95 43 82 93 67 75 5 52 98 91 40 46 6 83 64 89 4 89 32 59 86 81 11 50 87 40 8 92 87 92 32 96 28 48 3 79 37 51 62 98 30 66 76 59 76 3 16 99 66 35 67 71 4 54 38 70 64 97 34 81 11 33 91 31 77 51 69 63 42 95 62 80 51 92 59 57 24 7 80 94 72 60 27 74 95 18 20 12 6 43 81 38 45 63 31 72 85 39 86 90 72 94 4 82 97 95 7 60 90 37 98 79 28 22 58 83 2 26 93 94 30 24 87 68 65 38 11 2 28 78 76 48 30 31 61 15 92 49 82 23 59 32 76 17 44 95 62 54 18 24 97 20 7 42 13 51 32 47 61 62 42 51 52 92 65 24 41 12 29 12 5 15 58 60 31 92 20 2 60 49 45 
33 75 22 9 11 38 38 45 40 43 84 28 90 42 58 32 88 88 32 91 90 51 72 31 93 10 50 14 51 92 73 65 66 72 83 1 97 64 54 16 7 26 55 42 6 66 19 71 3 17 56 22 5 78 9 26 99 67 57 20 62 18 69 70 37 72 15 10 79 73 34 6 62 14 88 38 97 92 23 63 53 78 91 30 28 0 78 12 10 56 69 89 7 17 55 30 28 27 87 88 16 75 19 82 91 15 86 34 42 43 25 98 14 93 34 84 10 14 76 92 62 39 3 34 70 59 23 95 81 93 91 52 22 60 56 92 76 36 78 5 70 97 54 18 98 83 4 80 57 8 35 91 87 74 67 93 55 94 74 93 10 93 42 13 56 73 34 61 99 95 79 23 19 16 13 71 50 44 14 76 16 18 34 35 81 61 52 72 10 95 80 26 90 24 13 75 94 81 17 28 7 74 98 89 50 16 79 16 12 40 64 58 91 71 86 70 41 70 83 67 71 22 88 12 97 50 35 74 60 34 40 73 80 90 2 98 71 67 4 93 93 66 49 73 94 45 51 84 97 3 35 5 19 86 87 78 39 7 29 3 94 38 48 56 62 3 80 71 39 24 11 86 66 63 49 66 57 70 24 8 10 38 77 70 84 89 4 65 55 31 75 85 84 50 56 50 64 4 12 26 24 94 0 24 5 35 74 3 28 99 77 86 41 81 68 46 47 13 44 56 19 97 72 73 71 50 93 2 64 55 69 9 15 42 77 78 16 26 53 86 36 36 91 6 80 16 25 42 37 31 15 47 3 83 16 77 5 66 90 9 2 22 12 96 49 48 55 68 33 80 9 75 59 4 50 68 21 61 87 29 96 35 0 46 77 35 88 7 91 49 52 10 20 42 28 85 45 80 57 23 
98 44 88 25 22 81 13 53 87 67 52 39 22 36 91 70 42 38 32 31 46 5 62 53 91 51 90 10 70 25 40 50 42 8 90 16 38 97 17 81 33 25 73 69 54 32 53 82 34 44 11 80 4 88 5 34 55 93 2 95 74 61 43 69 68 22 44 96 61 69 1 54 49 96 64 5 84 5 26 59 53 8 14 10 14 43 45 62 81 43 51 90 92 10 40 76 42 47 34 2 69 1 82 18 22 8 61 34 51 96 21 51 68 59 21 77 77 33 49 20 7 87 21 13 36 57 15 48 31 43 35 68 16 81 47 96 72 29 23 97 13 93 59 92 41 94 67 29 4 8 94 72 2 71 81 39 69 2 26 4 99 41 44 93 40 20 29 93 15 26 35 4 9 8 36 58 38 43 48 7 58 2 31 59 35 52 31 5 41 28 2 9 42 11 20 62 64 80 96 20 39 41 37 22 91 68 83 99 21 42 81 51 53 41 49 0 4 85 86 10 11 13 17 74 24 19 40 65 56 43 59 69 24 80 60 48 95 26 12 17 52 97 42 59 16 99 47 59 11 68 27 14 23 47 83 51 5 42 43 45 35 78 71 76 54 56 28 73 41 51 4 55 94 50 30 57 55 37 30 13 87 27 53 73 6 11 52 40 82 56 90 79 35 40 23 90 10 84 54 81 29 65 83 34 70 47 34 36 98 70 46 81 28 32 57 36 30 5 51 86 77 72 33 34 7 7 16 38 70 50 42 88 8 44 12 89 10 34 69 13 85 68 78 95 29 17 55 82 24 12 80 44 51 44 47 10 83 69 89 56 15 40 51 35 44 18 64 28 69 64 72 63 72 53 22 31 56 54 50 51 24 74 84 82 61 22 65 31 43 80 23 61 90 48 34 93 18 1 50 44 
71 56 38 30 99 30 80 78 0 89 42 8 23 81 43 77 29 63 78 86 20 2 42 12 69 32 35 26 27 62 55 67 72 4 88 78 86 63 25 3 21 33 84 52 55 46 12 20 13 27 35 22 56 91 5 81 98 57 17 63 49 57 74 48 60 66 62 72 5 32 76 83 11 1 88 71 42 1 56 11 63 74 71 16 48 25 48 53 83 90 36 55 78 94 72 72 55 7 63 3 9 36 19 73 63 78 89 18 86 62 46 31 69 3 51 6 72 26 84 55 66 69 77 54 93 1 25 45 45 95 80 55 64 33 54 73 31 88 80 8 37 36 59 3 82 84 95 26 57 44 29 59 86 0 76 37 17 57 80 78 47 98 28 77 56 57 82 63 4 86 45 13 98 13 14 63 53 87 10 4 73 77 6 18 47 60 60 43 60 0 94 63 43 55 80 76 15 73 19 0 6 38 91 38 81 35 4 60 32 89 32 94 82 14 16 95 20 29 18 72 45 48 62 37 86 80 31 56 59 92 80 19 54 38 14 46 53 3 29 17 2 98 54 82 87 26 63 94 75 55 57 52 44 42 21 47 89 15 70 82 82 48 94 32 2 55 71 65 96 33 28 70 11 97 56 80 11 7 62 3 47 25 46 8 81 41 50 85 34 77 5 13 34 59 92 32 68 93 42 47 37 92 17 71 39 72 78 26 92 3 97 87 4 61 76 23 56 95 98 56 67 86 39 69 42 67 51 86 34 28 62 77 88 42 18 77 30 73 82 58 49 79 33 85 46 89 28 46 25 2 93 75 98 61 97 35 18 94 82 42 86 0 92 62 9 21 24 59 0 25 91 3 50 87 2 18 38 70 42 48 88 47 66 2 9 32 62 54 86 21 10 61 3 92 83 43 13 62 42 34 
22 56 15 22 46 35 15 17 10 4 81 1 97 38 57 42 7 25 39 30 21 79 31 78 32 53 76 19 54 45 14 96 74 61 54 34 39 11 21 58 27 58 98 33 84 35 16 46 68 37 59 31 85 54 80 9 87 3 39 18 9 42 56 83 65 42 37 51 44 62 44 61 18 70 4 73 97 82 60 6 0 4 11 18 50 16 1 47 47 98 59 96 34 40 61 47 68 65 80 49 58 85 46 95 9 82 68 4 37 10 20 30 43 98 6 82 2 90 48 62 88 98 16 70 2 48 29 14 21 39 54 1 95 32 34 67 29 71 49 10 14 40 98 3 37 90 45 40 82 56 74 73 54 98 83 55 31 63 31 58 34 40 60 38 16 75 54 33 71 17 28 68 58 76 70 52 86 61 24 38 42 42 18 73 53 63 88 55 27 62 80 67 73 12 18 53 1 70 23 94 58 71 81 81 79 78 21 86 94 24 58 18 18 99 82 0 93 98 82 75 8 52 99 31 44 2 6 32 11 60 4 61 13 55 71 49 39 54 75 88 97 93 88 80 31 65 14 73 15 4 74 42 76 84 81 96 82 0 63 61 52 10 62 58 94 23 18 1 13 71 63 22 63 24 45 90 11 30 35 20 89 60 32 84 14 33 61 13 86 24 79 52 86 36 72 17 24 4 36 56 92 78 90 64 60 7 86 38 76 71 41 82 88 9 79 86 21 28 16 79 94 99 75 7 83 10 83 19 87 26 26 34 50 16 71 99 21 0 22 12 56 52 99 42 80 98 63 94 79 81 30 69 1 20 90 64 37 52 18 55 71 89 83 80 42 70 91 26 76 68 26 26 69 52 86 64 38 80 57 87 51 60 58 3 7 85 89 83 50 73 6 94 28 96 88 64 8 55 45 53 
59 7 22 90 74 13 53 57 92 7 89 34 17 85 65 14 8 28 63 86 44 71 19 15 42 53 20 93 0 66 2 1 96 57 97 76 50 85 57 72 80 39 46 69 5 95 58 8 68 87 93 95 54 24 32 42 29 34 41 92 22 18 1 69 53 86 23 14 27 81 29 41 65 99 5 83 27 51 14 11 79 0 46 89 68 37 34 47 5 52 8 55 26 16 96 33 21 5 38 66 80 61 42 5 46 89 33 1 7 33 20 87 6 80 19 41 18 65 80 79 18 55 32 65 12 16 72 82 95 91 27 87 1 8 8 19 21 71 23 69 22 5 69 79 3 70 64 22 56 50 71 61 80 62 17 6 65 94 63 83 1 61 73 62 98 56 46 15 53 18 91 69 62 55 96 43 99 24 56 28 78 86 82 66 40 27 61 51 79 77 73 12 62 96 46 1 27 95 84 2 2 34 8 5 0 54 11 79 51 92 27 19 68 23 58 8 72 8 45 71 39 51 81 61 70 55 42 11 28 30 24 66 64 30 38 11 25 96 27 68 81 31 71 84 22 27 90 49 22 66 80 99 42 14 4 95 13 25 46 93 90 25 39 46 31 52 3 18 75 55 66 29 11 33 66 34 52 18 72 61 64 65 64 25 30 23 38 29 79 1 2 77 15 60 48 79 95 14 80 47 4 0 28 34 95 94 16 18 18 6 73 26 8 5 53 7 33 86 14 52 88 48 41 86 88 34 5 27 80 1 40 19 78 14 48 60 87 45 54 2 1 49 3 6 93 57 64 93 61 30 40 99 28 98 24 72 45 37 74 53 10 5 72 47 19 71 71 66 6 55 95 88 91 97 82 8 26 94 1 25 8 5 34 50 16 23 30 52 71 7 60 37 42 14 63 7 58 57 17 20 
35 65 52 72 30 48 97 17 45 60 91 13 13 9 49 29 70 94 0 97 64 37 75 4 94 91 51 65 10 54 45 2 60 45 93 8 8 55 17 28 89 67 55 20 0 99 48 41 71 89 93 79 6 43 70 21 55 2 36 23 9 23 19 73 28 75 41 46 99 25 46 81 58 99 68 11 40 47 68 65 36 54 34 31 28 20 6 0 78 45 71 72 2 83 48 68 87 37 45 2 90 52 31 29 56 40 31 9 59 13 88 61 11 70 31 76 9 26 14 34 45 93 4 65 17 37 48 36 85 81 12 78 20 14 92 34 83 81 4 30 92 44 58 34 78 57 19 70 11 63 3 58 42 85 38 53 98 8 38 4 34 61 3 12 75 76 90 74 39 47 66 54 23 42 70 99 48 70 22 62 13 24 88 20 83 67 98 12 41 6 15 40 78 67 42 67 90 26 29 1 56 66 89 58 25 25 57 48 64 3 58 62 7 89 58 45 86 49 71 46 22 93 82 96 30 59 71 68 49 0 48 78 98 70 6 9 44 98 27 54 72 14 32 45 1 89 41 4 62 53 30 56 34 85 84 33 64 67 93 66 20 26 32 49 30 94 1 72 49 21 91 99 11 4 11 40 87 10 8 45 59 61 75 37 47 52 37 22 89 57 66 9 51 11 37 2 46 44 53 37 88 73 6 46 25 41 45 45 73 22 3 29 21 29 29 45 54 85 32 47 46 35 75 41 6 24 93 70 76 58 31 94 26 88 67 0 54 60 14 15 79 18 44 26 92 19 5 65 28 55 69 37 73 3 59 31 33 49 75 28 78 49 58 23 9 16 75 79 2 39 55 2 77 74 20 87 16 93 74 8 55 59 54 31 12 38 15 46 60 22 93 32 78 65 19 66 99 62 42 78 
41 52 60 19 55 22 34 37 1 49 64 15 5 13 32 13 97 19 66 11 68 67 32 83 2 90 54 97 74 18 83 38 43 48 80 5 82 77 24 18 55 57 61 88 96 85 62 48 34 28 57 80 79 95 19 92 40 75 94 48 60 95 90 9 8 11 87 33 8 81 70 45 18 54 75 57 66 94 65 43 90 51 92 39 6 71 91 47 15 45 92 45 67 59 28 57 40 61 15 61 3 52 61 82 62 47 38 81 62 18 16 82 1 9 30 32 6 11 51 52 14 61 27 78 21 24 37 90 40 86 86 19 13 71 25 2 92 86 7 13 83 47 21 98 98 26 55 61 53 51 52 84 59 84 3 30 93 99 60 59 38 13 44 59 72 98 29 56 10 13 97 68 47 98 96 29 83 98 9 32 5 47 81 3 37 49 46 82 7 4 54 96 67 71 62 27 94 52 50 41 54 17 50 86 49 71 66 34 51 21 57 37 65 10 35 75 32 23 6 5 35 83 78 77 60 28 31 1 41 67 7 63 22 82 55 40 1 17 31 74 2 30 22 34 20 2 18 14 28 13 91 67 97 35 1 23 11 52 73 52 92 33 21 12 52 68 38 28 99 46 58 27 64 62 17 41 8 5 41 47 9 28 34 33 29 73 99 64 18 47 25 13 75 59 59 47 74 35 7 13 87 16 64 80 98 25 13 5 48 88 89 74 23 80 23 57 15 38 19 47 72 56 89 43 97 73 58 49 86 10 30 12 25 40 33 65 98 95 4 35 40 6 21 80 19 49 37 29 91 16 54 57 69 92 89 66 88 90 66 1 87 30 97 79 22 50 91 27 57 52 42 66 68 1 70 88 43 23 81 29 73 83 31 96 32 67 5 31 87 48 2 35 5 63 27 89 0 33 41 89 
67 11 5 94 96 3 75 39 72 53 82 64 26 69 91 7 87 1 39 16 19 65 58 64 35 17 90 18 32 95 57 84 85 62 54 47 40 58 53 11 55 0 93 38 64 56 77 15 25 82 22 27 86 18 72 7 7 0 51 31 43 94 56 90 1 23 19 46 96 0 23 34 98 56 53 83 16 46 78 19 2 33 40 68 45 67 17 96 44 23 97 59 3 7 25 29 37 23 44 38 44 85 82 12 47 21 31 60 31 61 17 31 38 16 33 66 32 92 76 11 7 71 72 90 30 2 28 73 79 21 1 0 13 19 98 63 40 59 82 88 68 41 63 75 53 93 39 13 35 28 39 41 86 28 14 13 62 95 71 96 17 87 53 70 77 64 82 81 87 9 24 51 34 16 56 88 36 33 11 25 87 29 34 17 70 50 81 39 49 89 96 28 66 87 20 82 98 34 19 5 59 45 22 26 27 32 79 81 1 3 68 87 38 1 2 87 83 61 89 76 25 46 23 0 14 58 43 64 82 27 32 88 96 41 42 19 18 91 53 15 69 13 79 38 90 5 87 8 45 57 79 61 40 8 45 29 40 76 94 2 23 64 86 25 66 46 4 65 98 15 9 88 20 37 75 14 89 21 40 15 45 1 83 93 57 4 62 6 98 53 92 18 23 16 89 56 8 7 83 57 41 41 48 86 39 89 42 48 33 12 22 53 65 62 56 96 24 54 81 99 99 37 58 55 8 81 52 34 56 46 12 21 34 32 17 33 4 51 24 67 69 36 32 12 27 44 42 58 37 25 14 92 59 75 27 86 13 33 63 21 77 49 19 72 81 34 33 99 97 7 90 23 24 95 11 98 77 87 47 96 8 43 87 46 90 92 32 82 57 41 83 28 40 45 15 59 2 13 88 66 
29 83 32 0 44 50 74 91 69 2 96 85 65 50 25 96 69 76 24 3 10 89 80 72 75 26 40 89 65 90 81 30 43 1 65 75 88 45 10 81 82 3 76 66 16 75 35 59 74 55 84 10 91 49 65 87 79 60 59 30 87 37 52 93 85 59 62 19 64 79 15 74 64 4 25 69 53 2 91 62 82 57 12 54 64 81 51 80 84 47 24 46 2 46 83 73 62 51 54 1 32 70 92 17 26 62 11 24 85 99 45 45 65 17 35 83 13 28 97 7 51 90 14 98 91 97 27 97 50 82 30 48 64 24 17 39 82 97 23 87 66 21 22 56 68 5 2 5 2 55 68 33 42 66 30 37 86 21 47 6 21 87 34 84 48 98 12 75 75 36 9 77 37 45 54 60 61 91 52 93 11 14 0 69 51 19 64 47 32 71 77 83 15 76 33 57 25 4 62 9 49 9 72 70 19 0 80 60 18 20 18 10 69 9 40 3 36 29 99 69 27 19 29 56 36 91 55 52 45 38 6 69 44 46 73 74 14 31 81 44 41 35 87 84 22 64 41 68 55 48 7 10 13 21 52 33 56 13 85 4 13 19 14 28 4 84 99 94 76 77 76 73 68 22 40 36 95 90 62 43 66 27 53 34 85 25 6 35 43 94 63 54 13 49 66 69 34 63 59 57 4 57 62 21 2 95 44 49 33 16 4 84 59 92 61 2 18 26 86 21 65 18 20 60 46 86 51 21 72 55 84 55 49 78 6 75 75 11 28 68 58 26 74 60 89 33 6 5 70 9 32 35 59 76 45 52 94 7 97 90 91 39 35 8 45 1 85 64 54 62 8 63 80 92 89 14 8 83 93 91 16 47 58 30 87 30 18 82 23 8 39 30 60 64 24 65 39 42 83 66 
41 76 59 72 53 34 36 6 4 73 13 72 76 25 18 69 82 38 42 96 12 4 86 69 81 15 58 1 95 33 55 64 99 17 14 22 19 63 48 36 29 41 19 57 58 26 36 97 45 37 77 72 92 1 57 13 24 78 97 21 93 94 66 27 24 84 28 70 29 9 61 53 99 89 50 45 14 77 85 64 35 59 8 81 9 17 73 52 19 9 31 56 93 32 55 94 12 82 14 35 19 86 50 48 98 30 39 69 80 61 36 72 47 79 11 56 22 65 1 82 4 38 33 66 39 40 35 89 60 19 12 29 76 63 4 58 42 72 42 16 8 15 42 64 79 71 85 24 43 5 14 77 6 59 42 39 59 98 57 76 26 71 13 61 34 63 46 29 79 67 38 74 98 95 91 61 90 13 87 5 28 52 56 91 24 41 80 28 61 38 50 68 71 18 69 66 76 28 45 55 22 99 32 23 2 45 46 30 3 54 96 51 21 44 46 91 20 20 95 76 70 80 13 52 19 75 25 76 2 52 4 8 49 87 83 72 85 24 48 15 44 78 17 75 10 99 80 86 25 68 64 56 56 95 23 96 63 31 13 15 92 17 40 2 5 24 44 92 25 18 40 73 72 41 14 80 35 26 60 31 63 29 47 34 44 77 96 45 89 75 56 40 11 57 40 99 35 39 90 47 55 25 7 70 39 30 2 71 84 53 91 90 30 14 99 8 71 36 19 54 23 96 3 30 69 60 1 3 45 25 86 98 20 70 45 53 37 10 93 75 93 28 92 11 82 41 65 34 23 5 89 27 83 93 25 97 95 0 91 64 81 21 92 64 78 61 53 11 50 10 88 84 51 50 85 47 79 92 48 30 70 67 45 41 23 97 51 78 33 71 21 44 14 94 19 97 11 90 3 82 
99 95 43 14 88 41 66 33 9 24 73 78 63 28 64 23 62 43 33 40 44 87 8 83 83 19 39 6 42 40 80 9 34 72 73 50 58 75 40 82 97 28 23 53 1 78 65 5 52 36 82 43 66 46 75 31 94 5 50 98 10 12 40 52 8 44 19 63 59 77 87 48 93 34 7 56 34 63 41 4 40 84 66 12 93 37 23 86 18 64 33 73 77 94 42 16 70 90 41 25 73 27 90 1 22 4 21 86 29 45 92 10 12 99 43 62 63 99 24 19 91 48 3 92 78 58 27 44 66 87 93 69 98 92 10 89 33 7 56 3 62 8 57 30 15 60 26 73 98 58 57 19 49 8 89 13 5 32 71 32 45 19 54 18 80 26 14 34 12 15 89 60 33 90 85 41 61 21 58 18 69 60 10 13 24 33 54 87 58 95 57 17 56 6 90 28 46 99 75 6 77 0 23 39 18 13 63 5 98 32 32 0 28 38 76 77 84 84 76 27 25 49 45 14 42 68 62 15 76 4 40 21 43 73 87 19 45 55 56 25 71 86 39 47 79 76 59 99 93 19 96 7 42 12 36 15 46 64 49 88 29 21 2 1 57 16 96 69 58 10 31 53 54 43 53 52 37 14 66 8 52 6 9 30 25 57 2 61 14 23 28 22 79 13 53 20 69 43 95 91 13 94 1 14 60 99 46 65 72 44 14 83 55 47 35 92 75 44 90 67 53 77 94 82 53 2 64 57 90 7 47 12 55 45 82 15 62 53 76 5 63 77 26 8 31 44 88 54 6 84 21 61 39 26 68 63 24 22 79 73 64 0 9 88 2 86 65 73 2 42 24 77 79 10 35 52 77 7 33 35 15 11 58 15 12 42 29 21 46 66 84 7 71 14 97 4 63 88 82 14 
85 38 0 19 94 63 77 90 83 46 65 84 19 75 2 14 44 32 46 8 24 46 68 75 87 76 78 7 91 84 42 80 52 85 68 98 41 72 31 78 11 10 98 43 8 49 64 21 39 42 79 37 78 26 66 69 52 87 49 1 24 86 89 23 38 95 48 38 32 61 18 17 51 46 4 18 32 57 29 9 1 82 11 47 12 21 84 98 42 15 61 91 12 30 78 37 14 16 87 64 92 9 29 50 61 44 84 41 13 10 85 97 2 5 51 42 11 5 34 77 29 32 91 72 25 3 70 32 82 31 53 23 31 77 0 1 64 94 26 38 97 42 99 13 6 31 94 87 41 32 37 3 22 14 6 36 13 15 1 91 77 65 7 59 7 17 5 39 48 21 5 35 7 67 76 1 18 15 65 37 52 47 25 14 87 4 95 4 7 92 46 15 31 42 1 81 62 33 26 7 32 89 94 79 83 58 95 46 68 19 43 48 74 46 29 96 97 20 42 23 23 79 89 75 11 22 74 20 50 13 51 97 38 98 84 51 49 71 45 79 22 69 65 33 57 44 94 81 89 8 82 1 25 80 19 27 15 36 27 40 45 32 45 45 17 15 60 22 8 50 17 76 10 34 91 71 96 79 3 7 29 25 48 42 25 46 4 35 6 54 15 30 33 56 12 64 53 82 30 96 82 58 16 26 30 13 72 62 2 73 81 28 51 95 23 15 19 87 79 44 81 10 19 77 85 99 95 13 62 5 25 33 74 13 82 92 76 16 17 43 5 67 91 8 21 77 20 11 83 25 57 5 66 13 74 25 85 30 78 29 29 65 33 94 37 49 30 18 10 82 25 5 80 25 74 89 5 37 38 19 77 41 25 87 58 71 9 51 1 37 23 58 64 10 3 30 1 23 53 61 
59 90 53 72 19 94 42 25 98 73 70 54 9 3 44 33 13 67 44 21 17 95 28 95 84 23 3 22 19 78 78 84 14 21 48 24 30 76 46 47 32 22 31 64 39 62 14 99 60 15 86 38 65 1 33 9 66 62 96 76 55 44 46 67 33 27 15 78 37 61 82 68 35 24 62 85 4 56 10 49 85 69 36 23 93 68 87 50 56 81 99 34 90 35 68 66 7 27 81 69 12 54 52 39 99 54 59 54 94 79 80 0 81 18 17 98 29 98 9 45 95 77 55 24 22 53 29 82 92 83 99 2 76 51 29 28 20 26 9 66 47 8 50 71 37 54 78 46 89 43 96 98 96 46 29 40 61 20 56 94 8 85 13 35 99 0 96 11 54 54 57 77 49 43 45 98 40 73 22 75 65 13 52 62 98 23 13 36 69 44 82 59 12 98 22 30 34 68 11 13 93 23 6 8 2 0 40 94 73 74 46 26 70 3 52 96 8 78 86 64 24 87 83 11 86 22 19 39 49 41 2 33 61 25 81 70 92 51 45 49 94 59 69 30 94 56 81 8 0 49 53 66 85 63 74 65 83 29 15 73 29 93 42 84 46 48 65 39 17 55 12 34 50 66 68 47 15 41 62 46 45 49 9 80 91 74 8 78 87 23 19 8 4 85 75 88 5 55 67 51 96 53 66 62 93 68 11 70 19 78 28 43 47 90 74 9 0 38 84 88 83 47 26 48 92 97 20 16 20 43 51 39 25 45 74 91 70 45 89 46 16 6 19 38 10 88 26 14 19 32 71 6 49 82 89 57 56 92 70 77 80 80 72 27 84 15 78 92 99 44 51 23 60 19 14 84 34 94 63 18 36 79 80 28 3 44 52 96 75 28 92 33 70 6 43 37 37 98 91 46 
91 83 68 6 89 95 33 76 87 66 77 5 55 97 96 23 55 17 18 53 11 39 59 83 73 25 31 83 28 52 67 12 59 48 5 66 22 35 37 58 69 62 17 24 28 16 11 6 19 24 75 74 43 54 54 43 4 49 1 76 17 19 6 30 49 64 50 63 27 55 30 14 80 11 55 45 23 57 24 5 5 23 77 5 63 17 98 73 13 57 0 88 16 28 40 80 70 23 46 58 24 63 51 45 16 77 54 42 92 92 75 24 91 44 61 85 47 27 87 74 79 66 73 20 49 31 48 91 98 56 61 33 45 83 53 58 9 95 35 43 67 81 45 80 84 84 26 15 19 70 92 98 50 64 83 31 56 28 46 2 78 97 56 75 38 26 23 42 20 39 41 7 65 36 22 69 60 43 58 54 51 48 21 35 1 39 88 14 30 42 27 29 80 80 47 21 35 57 94 27 43 79 9 22 16 56 2 61 59 29 69 94 35 22 95 91 46 19 1 83 5 82 91 1 45 78 73 77 16 28 38 59 40 96 62 0 66 26 51 42 53 45 28 51 7 68 38 49 28 63 92 52 39 45 41 25 46 35 99 42 77 75 98 94 69 70 17 22 77 18 84 39 14 73 63 74 87 18 82 38 87 73 25 61 66 8 26 17 54 63 48 8 31 58 62 30 56 84 81 23 95 56 79 28 46 23 89 34 80 87 34 60 0 83 15 80 40 10 33 10 36 9 97 32 36 52 24 13 56 60 88 35 78 20 65 94 17 48 15 35 68 49 6 69 5 97 75 71 95 70 23 75 98 27 50 61 1 54 81 66 60 20 19 55 4 5 37 32 95 31 4 6 21 58 55 93 7 93 37 94 17 63 31 0 39 3 34 75 87 16 80 90 22 57 92 69 64 64 35 87 
17 66 13 74 85 91 41 39 46 82 24 99 1 82 34 14 27 30 65 79 32 6 31 96 65 35 75 64 29 34 41 73 13 11 21 59 94 80 99 91 23 43 84 4 99 43 48 59 26 36 21 8 94 48 26 44 5 86 59 49 25 72 72 92 17 95 65 74 94 4 73 45 76 61 58 16 71 46 64 90 67 16 63 22 44 85 94 34 98 45 97 34 55 21 23 20 91 18 73 30 51 37 13 10 39 92 6 8 33 43 78 36 17 7 50 14 69 79 39 47 24 22 97 50 7 12 64 7 33 48 28 63 40 65 77 5 78 92 15 43 45 9 64 43 1 14 28 67 39 12 72 42 3 87 54 62 49 28 67 23 69 25 6 74 57 65 61 94 27 20 30 81 83 69 68 30 84 7 1 61 41 21 45 56 15 89 60 60 69 38 17 76 65 56 41 90 77 65 6 53 17 42 50 46 43 3 6 97 58 99 30 4 7 94 84 68 8 8 28 99 32 98 38 20 44 55 54 99 62 80 24 35 11 24 36 55 65 11 43 21 83 33 67 1 21 38 54 6 31 63 62 24 56 52 25 57 98 0 60 17 83 80 34 40 7 35 68 51 41 45 42 93 84 31 87 47 83 82 30 6 26 76 21 45 70 27 51 98 86 79 97 25 33 51 64 42 32 15 53 6 44 44 16 10 19 7 90 3 73 11 26 85 7 69 26 97 59 41 27 64 66 78 25 94 82 70 15 99 14 39 55 57 28 34 77 86 10 54 34 88 87 87 62 70 16 39 17 80 17 28 6 58 93 56 65 93 51 29 63 74 13 89 27 99 30 25 16 43 79 96 0 18 41 34 35 33 31 82 93 87 89 9 48 56 87 72 61 16 80 44 56 80 21 11 49 20 7 50 30 17 
48 97 59 69 60 94 81 91 90 66 46 73 72 92 20 18 5 91 76 89 85 14 84 39 62 58 56 9 26 92 22 86 35 52 73 14 54 58 75 3 3 26 89 86 9 41 62 45 29 13 70 32 3 61 78 86 93 86 73 77 70 93 37 76 62 35 62 84 85 41 38 45 9 71 62 39 55 67 23 16 80 74 93 55 84 91 8 30 36 87 84 0 9 39 26 54 76 12 3 75 59 44 57 33 79 9 56 35 24 7 59 24 6 13 47 4 26 65 19 97 44 20 96 47 90 12 18 69 65 28 64 76 2 51 33 32 51 56 28 10 3 13 33 71 28 44 96 47 79 95 98 22 74 19 73 17 45 74 77 12 41 58 68 70 16 5 6 14 60 92 53 24 64 93 14 71 56 41 61 82 41 80 1 49 8 82 72 2 53 73 10 87 20 20 32 37 95 96 87 97 10 37 64 2 31 75 14 52 8 89 85 35 23 74 34 7 0 50 5 54 80 83 34 74 82 96 27 18 74 38 64 79 33 14 20 95 72 70 52 80 94 8 38 62 20 83 99 27 32 94 7 26 69 58 68 2 39 40 86 80 4 64 66 35 97 48 70 16 75 80 16 9 28 85 9 77 78 32 80 93 54 92 7 25 81 44 9 74 71 42 92 19 23 58 93 85 67 67 18 40 8 91 11 30 89 46 48 58 24 1 66 30 49 26 88 92 58 67 92 39 22 62 94 27 82 28 88 94 41 71 95 35 87 8 73 16 16 53 31 76 98 53 84 72 60 78 59 26 93 12 30 91 32 66 24 25 13 62 0 37 48 60 54 97 48 91 17 14 55 3 17 0 92 74 8 74 5 66 20 87 26 46 38 5 46 17 9 92 0 7 20 71 84 73 6 55 4 19 32 88 
13 32 99 56 14 70 43 89 27 82 58 31 14 27 10 26 2 18 66 5 39 28 13 90 78 83 20 28 53 58 45 43 30 12 85 3 84 98 11 27 2 84 21 11 63 29 75 88 42 78 34 99 10 9 83 76 56 70 87 96 8 58 25 30 46 14 46 22 43 2 4 67 42 3 82 6 26 81 43 94 68 37 46 42 78 54 41 49 12 14 24 4 66 60 83 45 97 83 6 63 41 46 86 74 87 2 33 88 8 99 90 28 22 7 21 26 53 55 7 7 68 31 39 55 69 20 36 60 55 35 19 65 83 81 63 82 13 86 61 62 59 83 7 22 70 71 40 72 60 87 43 32 18 8 27 17 47 17 76 96 88 18 54 96 85 13 50 14 60 91 75 55 49 20 87 17 50 14 38 31 12 15 14 11 81 2 76 83 7 17 98 48 1 20 82 21 52 28 1 27 65 92 75 59 29 20 98 65 29 25 9 47 31 55 63 13 49 42 68 76 72 34 11 24 56 65 20 31 94 39 45 31 34 3 84 63 95 9 51 28 7 93 38 93 59 79 4 17 6 21 68 12 20 41 26 13 90 76 51 46 49 42 49 9 4 2 18 77 30 68 94 84 84 49 31 68 18 43 93 79 7 6 39 4 38 62 64 42 68 18 77 83 60 52 57 93 76 42 82 16 32 97 52 84 56 56 56 36 14 86 27 4 70 68 31 90 30 41 52 23 20 91 90 49 90 7 87 88 20 11 72 13 80 83 89 61 87 13 0 86 2 10 10 2 47 10 84 9 84 5 59 9 8 95 11 16 53 61 61 49 2 33 7 2 2 0 44 58 41 93 44 5 50 25 85 36 52 9 31 86 36 8 93 99 94 38 16 49 76 91 11 40 21 0 32 10 74 74 30 95 
78 68 60 37 77 4 4 71 2 45 60 15 38 16 37 69 76 27 68 42 35 25 10 2 8 75 46 26 93 50 98 40 94 50 39 58 17 67 29 25 45 30 18 47 58 22 47 76 77 7 24 86 90 78 69 22 61 27 42 64 29 96 77 2 13 51 69 37 89 21 89 89 93 52 9 30 13 97 21 51 89 26 99 62 13 20 78 32 11 92 4 38 43 63 67 36 28 54 59 73 89 31 95 67 95 30 27 41 65 43 96 6 40 36 98 16 96 37 26 76 18 42 35 20 7 25 75 78 29 13 9 91 33 78 57 76 25 89 89 47 31 70 87 98 49 93 81 87 11 6 51 43 10 53 67 44 10 72 85 5 74 50 74 10 86 60 99 43 29 57 74 49 40 84 76 93 42 84 67 43 46 19 61 64 47 72 22 40 22 17 87 40 81 90 3 14 90 33 82 72 81 66 44 5 38 71 23 37 7 7 0 81 37 24 4 84 53 80 41 64 65 24 42 19 76 28 67 11 42 39 10 16 91 48 59 37 87 71 97 22 30 56 81 92 5 56 70 58 20 29 31 2 73 13 89 87 41 98 31 74 86 5 58 66 65 6 64 28 61 50 6 15 96 32 66 61 84 69 58 22 4 43 81 68 32 20 73 35 98 34 11 70 15 10 79 30 77 50 99 23 22 19 97 96 57 6 38 34 24 1 70 52 29 78 10 70 41 36 45 31 30 41 86 91 35 87 28 93 30 86 91 93 77 13 59 89 33 52 34 53 91 81 51 73 48 30 56 10 84 6 99 92 89 95 89 30 72 92 74 18 96 63 61 38 50 53 55 99 37 44 86 58 35 21 88 88 15 62 19 54 56 94 99 40 87 40 11 34 64 28 52 77 79 28 84 55 13 79 90 73 
19 96 77 75 18 88 5 73 48 11 88 93 7 84 54 14 8 56 68 83 69 57 11 90 79 71 29 99 54 50 39 35 61 90 87 2 54 0 72 57 33 45 75 16 32 11 12 95 0 26 34 86 22 57 39 54 64 10 52 90 77 16 55 26 73 78 85 90 6 31 95 39 20 8 15 70 43 1 28 9 39 7 39 42 43 93 95 76 34 6 36 72 34 75 29 25 69 18 27 24 82 74 54 35 91 39 37 35 0 28 31 59 5 87 67 15 68 53 16 13 21 55 85 54 29 80 63 60 28 64 64 79 77 5 6 70 96 56 92 79 48 89 57 97 42 94 99 29 12 9 41 91 89 21 32 39 78 71 94 36 57 50 69 27 1 91 46 15 14 41 53 39 77 68 16 84 26 92 35 5 13 17 91 56 3 40 61 24 81 40 4 68 66 70 37 37 77 50 12 50 25 79 88 74 60 65 59 23 66 12 70 58 18 56 85 64 57 47 83 67 54 99 81 20 98 93 93 35 78 20 45 3 73 94 52 40 89 71 12 99 68 92 16 61 24 91 24 9 80 19 3 22 94 47 52 28 25 90 13 79 94 94 67 47 38 45 26 90 37 27 40 6 6 70 19 53 45 6 12 5 65 68 8 5 79 37 22 13 19 3 32 21 62 80 34 61 60 62 13 35 54 30 14 86 18 55 72 66 42 41 60 8 38 6 19 90 75 73 67 2 52 74 10 72 70 78 78 78 83 43 41 15 82 58 51 54 42 26 34 24 63 84 20 48 57 17 40 51 56 47 2 4 28 52 32 72 86 71 73 65 15 25 32 67 35 15 2 43 48 33 47 20 33 46 22 39 13 88 70 88 20 71 19 34 83 53 6 25 63 97 66 42 28 44 92 54 19 23 96 92 
38 94 15 33 94 92 31 37 61 77 62 91 38 8 52 92 86 65 95 96 67 78 79 37 94 44 21 32 81 20 68 21 47 30 31 75 71 70 22 8 91 42 63 86 37 76 2 50 3 75 88 40 16 91 5 91 86 68 12 58 20 3 95 59 7 33 15 87 41 52 77 34 22 48 74 88 23 13 20 97 67 13 32 45 4 0 47 55 6 66 44 11 54 52 93 49 86 31 6 68 23 94 52 70 42 58 90 78 87 75 55 96 11 5 64 28 17 20 13 25 23 52 91 99 10 99 85 11 12 20 37 14 24 71 44 21 35 46 60 27 33 40 6 55 97 52 44 96 82 89 57 10 6 51 14 95 36 0 3 9 85 35 31 82 66 81 89 30 85 14 59 71 81 71 71 31 23 90 23 53 10 61 1 29 22 18 99 29 92 26 53 88 33 81 33 90 16 38 98 25 76 40 52 6 35 51 26 87 51 22 10 67 63 13 41 78 2 47 58 31 58 38 12 67 84 98 82 53 94 11 23 42 56 66 63 57 79 17 88 67 43 94 72 31 52 73 86 34 12 36 59 21 90 16 35 15 66 62 71 8 68 56 26 62 74 76 3 75 13 25 13 60 58 48 30 0 1 56 79 84 51 51 25 82 1 24 48 38 71 53 88 97 22 80 68 44 8 56 77 9 90 83 32 64 88 33 99 59 18 64 10 60 78 94 40 26 77 50 51 62 92 54 72 79 52 12 60 92 39 24 44 34 4 54 50 94 57 33 84 83 27 19 68 70 91 5 9 25 95 65 53 87 51 86 92 51 42 69 48 23 44 42 25 86 40 56 10 35 89 4 12 48 0 62 59 71 17 94 64 48 76 63 38 24 6 38 3 95 88 49 20 96 33 68 27 97 27 87 1 25 
8 1 4 22 58 21 55 62 16 7 24 90 22 86 93 29 11 99 54 98 70 40 5 51 16 98 83 28 75 4 47 39 66 53 68 66 39 76 7 88 12 94 34 75 23 35 83 70 56 68 84 1 80 52 7 5 67 70 16 66 14 15 83 38 19 25 39 71 60 26 4 4 66 37 97 88 13 26 43 27 91 44 86 42 99 44 1 17 28 19 44 59 86 48 49 88 19 83 6 58 57 97 10 42 96 61 6 44 10 98 54 25 38 94 16 20 49 95 4 95 70 52 32 87 85 18 94 3 18 95 52 5 15 23 28 50 27 89 44 15 81 8 99 0 12 23 49 31 8 6 43 92 65 10 14 55 18 90 74 75 32 3 82 22 32 1 38 17 47 51 84 6 9 69 7 30 65 39 85 32 98 65 47 67 84 9 6 63 9 56 52 39 46 49 59 45 58 11 58 46 77 9 26 15 92 75 74 9 45 22 85 38 93 75 91 96 97 65 87 73 97 52 97 11 6 46 36 72 56 16 81 81 67 0 89 1 9 78 43 40 0 16 29 61 15 66 20 63 39 61 22 75 4 74 20 83 62 78 25 29 37 6 42 83 71 28 21 17 92 16 95 72 78 8 56 10 34 16 90 33 10 23 71 88 33 1 74 92 92 29 93 71 67 83 78 19 71 65 92 81 17 11 85 63 91 83 63 51 69 22 92 81 78 73 81 57 72 35 83 84 42 55 65 47 21 76 8 69 17 23 27 68 12 73 74 20 83 1 6 83 92 40 31 28 8 76 24 56 54 26 14 26 91 47 56 68 59 29 18 62 24 81 13 83 21 64 33 56 98 86 60 63 83 6 14 68 30 95 97 24 65 15 40 83 78 34 75 6 89 41 4 65 71 56 24 60 69 1 71 33 
48 2 93 77 78 12 90 48 9 68 88 54 2 62 40 41 17 49 17 93 71 30 3 94 40 36 24 61 62 19 7 90 6 16 34 72 25 37 18 53 6 29 40 8 49 10 71 95 47 57 39 58 77 34 95 77 74 9 38 42 89 76 66 11 78 65 99 25 56 78 95 17 83 88 22 37 71 61 60 18 76 65 16 92 63 10 27 51 85 67 14 86 27 78 48 57 74 53 59 38 83 87 25 83 65 23 94 25 46 65 44 93 8 80 53 80 33 38 60 99 49 41 19 73 58 54 56 3 28 56 15 46 70 68 87 39 81 47 35 49 4 27 98 48 15 45 42 33 75 82 25 82 42 96 18 43 56 52 71 97 82 22 18 38 62 13 1 86 22 43 21 44 23 7 7 91 1 41 66 91 26 89 63 7 4 0 94 33 3 76 48 72 70 31 17 40 85 97 61 35 75 33 17 78 29 80 95 75 2 52 34 58 0 1 54 22 76 25 92 37 5 77 16 67 62 34 48 99 48 85 32 42 34 7 11 12 64 48 61 63 87 30 77 31 35 72 53 23 28 15 43 82 9 65 75 34 25 20 2 27 44 93 25 75 18 90 46 1 54 57 42 96 22 66 84 1 45 79 52 19 33 77 72 21 46 34 68 5 27 81 0 97 11 25 85 15 15 14 59 29 6 48 53 92 40 54 66 88 96 86 57 93 96 97 95 68 2 97 11 21 32 13 13 8 75 5 71 17 45 11 77 40 8 77 79 85 42 88 96 9 34 8 41 9 83 89 83 98 4 54 29 70 72 43 41 24 7 40 45 18 92 48 17 43 32 88 83 83 22 69 66 3 57 83 91 8 64 10 96 84 0 60 54 82 11 9 10 1 26 28 43 97 8 67 54 5 66 76 98 72 
46 97 95 78 44 65 28 9 37 48 92 57 50 21 89 35 45 13 62 24 70 83 79 46 9 42 53 23 78 27 0 86 41 79 23 30 87 31 19 76 4 98 76 77 98 63 15 48 34 28 69 41 58 42 2 1 11 86 70 20 56 75 72 1 34 25 52 56 29 41 34 18 63 58 55 0 72 67 83 21 74 66 60 58 58 61 7 79 94 47 16 16 64 77 70 39 87 77 3 75 64 78 85 90 76 26 15 75 12 97 54 67 90 39 87 45 50 79 23 71 38 8 64 91 86 8 60 98 59 52 59 8 67 80 29 88 42 39 8 13 79 72 64 5 8 30 25 1 70 94 93 14 92 27 73 22 23 98 43 25 6 34 22 62 26 97 58 57 53 5 7 23 7 34 52 3 17 60 6 51 98 52 99 58 62 26 64 44 53 29 34 77 52 10 88 13 50 6 71 51 73 63 76 35 89 5 2 74 42 17 56 13 30 54 25 97 30 34 8 57 73 71 51 17 53 6 10 61 89 35 13 5 58 63 34 15 62 98 35 41 69 93 20 73 46 56 4 3 34 47 42 54 64 78 86 61 65 48 96 3 16 64 99 60 36 51 26 87 12 13 51 36 56 52 5 39 75 97 72 90 20 0 22 22 85 22 8 65 8 33 81 62 15 60 18 74 31 80 55 65 9 98 17 76 86 57 73 82 91 7 68 24 91 31 27 77 47 69 25 98 66 61 90 58 91 45 34 14 99 6 14 35 4 61 46 16 46 46 44 2 24 96 81 8 22 10 61 64 76 98 16 39 59 4 2 4 58 57 18 24 97 53 86 68 28 25 58 92 54 21 59 95 12 33 66 95 51 50 58 22 79 76 5 80 72 34 58 75 18 25 14 29 43 16 44 69 67 99 44 85 
61 59 90 82 81 70 56 80 81 63 31 51 79 24 22 58 19 26 53 75 17 61 76 64 94 60 88 69 52 83 36 86 47 4 24 14 69 14 90 3 84 65 27 80 18 82 37 52 17 61 40 37 53 64 29 41 67 86 5 92 95 93 43 67 28 35 78 3 34 59 81 16 92 75 12 31 83 45 26 91 79 55 99 84 73 56 40 85 80 63 8 95 60 65 13 40 84 6 59 89 11 83 17 52 9 83 10 91 78 27 42 9 51 60 61 4 4 39 50 99 19 34 0 92 91 90 1 34 95 35 28 9 19 51 57 50 99 47 38 37 55 58 44 24 47 64 86 82 60 42 74 63 31 42 42 94 16 77 36 20 5 15 8 59 96 51 6 31 62 96 0 47 82 27 97 27 10 26 91 61 32 41 34 38 31 66 17 38 11 90 85 79 58 70 76 61 25 19 3 26 30 94 59 20 12 6 41 59 16 75 16 45 28 3 58 91 33 91 34 58 68 45 29 73 31 63 0 37 6 83 33 11 32 44 3 88 43 55 91 35 8 75 25 34 8 46 51 74 52 37 60 49 28 10 52 40 98 64 7 34 55 50 19 74 30 52 10 44 24 86 68 51 96 94 36 93 44 8 57 44 96 92 16 35 81 40 9 32 0 39 46 61 68 89 58 80 86 88 13 7 51 30 99 44 83 4 64 41 92 14 59 7 13 84 50 65 32 13 1 7 10 29 56 88 61 84 90 40 58 1 39 26 41 72 21 32 77 12 43 99 56 8 50 46 43 72 33 86 2 55 67 43 66 10 38 81 63 71 58 42 76 35 38 11 20 20 46 46 50 96 34 45 25 22 61 22 30 26 26 70 61 15 87 56 42 26 43 0 84 42 50 87 94 10 82 32 34 30 53 91 
38 2 52 53 65 3 33 41 14 12 48 22 63 28 83 40 37 60 20 0 85 72 91 86 6 77 36 56 42 46 70 21 78 47 5 59 97 93 14 86 35 35 8 37 7 16 81 73 22 98 37 97 75 94 17 95 99 61 88 12 19 67 26 63 36 50 95 94 54 46 23 53 33 38 73 7 76 53 17 39 31 94 21 35 12 24 36 82 28 54 49 19 91 79 97 61 81 37 72 14 18 39 88 15 45 99 0 17 72 32 68 68 99 73 56 55 38 98 94 60 83 88 56 97 33 48 26 0 13 66 52 75 55 36 15 91 73 32 37 18 74 1 50 2 22 95 83 88 75 40 82 53 47 27 68 91 65 35 2 79 97 35 4 57 12 84 41 78 55 54 91 82 14 60 86 28 68 59 70 98 61 57 30 95 40 75 38 72 59 15 17 38 63 6 55 37 84 57 89 82 25 21 55 49 4 97 40 79 97 67 36 9 19 83 74 68 14 35 38 44 71 54 74 34 9 51 58 87 53 73 44 57 17 89 84 52 40 51 54 29 41 53 30 6 48 28 28 63 17 52 67 35 1 98 81 98 94 8 21 37 10 77 9 66 61 85 87 82 30 15 69 69 28 26 88 36 70 33 73 16 66 38 81 70 69 20 55 38 49 51 43 49 67 97 86 54 27 7 67 96 70 1 76 28 18 62 73 72 52 50 3 76 7 73 25 36 43 8 52 79 32 62 13 78 80 80 55 4 74 21 81 76 0 45 65 52 4 8 1 85 10 54 86 70 21 76 39 78 71 38 35 20 70 51 46 9 93 32 37 84 2 96 44 69 45 63 4 96 76 82 49 71 44 75 94 67 20 69 82 6 85 6 77 37 19 7 79 85 62 3 60 71 3 40 97 12 11 94 70 60 
27 34 85 90 34 59 42 49 49 42 39 58 2 27 89 86 71 81 8 46 91 70 23 84 72 61 4 7 87 0 11 25 46 89 96 95 45 43 82 78 18 24 53 98 16 70 24 4 82 99 84 28 4 61 35 23 71 38 52 17 78 55 82 10 87 39 67 37 55 47 47 58 37 11 89 52 41 23 41 2 4 55 51 92 69 56 79 0 56 20 18 30 2 60 48 87 8 44 34 25 57 10 37 7 81 71 71 74 35 94 41 37 61 46 43 97 7 22 44 72 53 27 5 35 97 99 44 33 24 71 91 61 31 94 63 19 21 7 46 84 12 79 32 44 69 4 49 27 84 13 30 70 83 79 6 11 14 43 51 39 90 90 61 15 70 13 42 1 99 92 87 20 95 25 61 3 16 69 20 63 54 71 36 42 70 36 36 30 84 17 52 9 24 71 86 15 12 0 65 70 86 39 21 60 59 65 85 38 19 44 93 48 79 53 78 9 3 93 72 32 93 66 8 87 9 55 67 79 19 43 65 89 54 89 1 67 30 55 99 54 24 75 31 18 77 75 74 42 32 80 10 14 36 84 51 70 93 53 27 29 25 45 81 66 3 97 70 6 11 35 8 98 16 40 88 70 10 0 81 86 46 31 5 67 97 91 88 57 24 15 51 77 24 68 58 18 4 46 97 0 58 65 55 94 44 20 72 99 60 18 70 31 62 51 70 48 68 57 36 33 18 55 42 93 51 58 52 43 24 91 37 65 43 25 93 15 51 71 56 57 86 99 10 15 62 48 8 36 97 4 46 21 51 31 33 15 58 80 90 16 96 93 7 81 50 14 46 8 16 44 28 61 36 36 88 18 32 97 48 11 76 10 51 61 71 29 43 6 49 86 73 90 85 80 79 57 15 85 13 33 
53 1 71 22 65 73 90 66 51 47 37 41 49 69 18 1 86 46 49 91 39 16 76 31 55 16 84 96 22 46 35 31 69 36 94 44 19 77 44 61 67 47 20 63 8 98 92 70 41 9 55 21 98 94 84 46 38 37 39 27 4 89 59 17 7 14 24 95 21 34 55 54 59 51 28 4 61 0 56 39 42 20 52 44 73 31 20 91 63 14 91 77 43 25 6 51 9 3 86 4 79 46 99 70 73 79 19 53 97 65 3 92 98 81 56 4 29 60 81 99 88 20 9 98 36 88 71 73 14 7 88 26 14 6 63 48 20 61 38 60 54 99 65 58 82 97 77 70 12 97 39 77 43 3 48 6 32 96 91 68 30 33 1 46 64 90 36 36 8 24 55 7 22 99 81 8 32 80 9 41 19 82 5 17 86 7 29 78 57 86 41 31 93 26 85 10 50 66 85 62 81 67 34 66 67 13 64 62 86 6 8 78 94 3 99 52 43 84 87 17 57 18 6 3 7 67 89 92 40 13 51 35 80 59 26 71 79 9 69 17 15 58 87 99 66 39 82 93 36 53 92 23 90 67 10 2 77 37 21 96 87 73 46 34 43 72 8 20 24 74 57 12 18 21 49 26 41 19 54 28 55 72 93 24 2 3 84 59 1 59 80 16 57 32 57 92 43 81 12 73 52 18 95 67 65 52 87 99 12 95 23 94 23 35 40 9 16 4 69 47 48 56 87 46 68 35 80 79 84 64 61 80 30 99 96 79 23 73 53 92 20 3 3 1 60 3 65 30 72 79 8 20 19 51 90 6 82 46 53 49 39 35 71 59 38 66 40 23 24 12 86 7 56 99 53 76 18 75 31 61 25 16 90 9 76 77 24 42 49 80 13 98 74 47 15 49 40 19 86 87 
32 35 87 72 55 58 67 52 49 57 87 80 81 59 42 22 53 98 49 32 64 75 83 32 91 52 21 23 84 77 31 67 11 40 43 41 7 78 49 11 5 19 9 86 95 3 65 16 44 18 18 16 38 85 16 73 24 42 8 80 62 50 46 8 25 69 71 4 15 73 44 44 34 2 60 44 35 2 3 54 47 41 39 88 69 19 79 85 7 9 89 12 86 60 12 97 66 24 38 4 63 80 36 20 88 54 96 8 54 90 3 12 20 42 11 78 96 73 78 6 3 52 95 75 84 56 80 67 30 17 73 18 87 87 20 21 11 23 98 69 50 88 89 14 25 66 59 41 47 94 89 62 43 36 87 86 28 70 11 28 10 30 96 13 35 69 93 41 20 93 2 36 8 7 26 93 21 97 94 62 62 20 1 48 57 65 81 24 10 22 41 70 64 10 14 89 7 88 63 16 57 51 3 55 28 45 18 25 32 83 21 51 97 37 42 9 40 11 80 25 39 83 9 93 81 44 28 2 19 58 77 28 35 90 86 93 55 80 77 68 14 48 71 15 60 54 79 0 20 86 16 94 33 78 31 7 86 21 61 9 31 48 23 39 99 70 27 50 87 50 21 88 91 47 94 55 3 99 53 17 89 65 78 58 34 87 64 70 33 1 62 25 59 78 98 53 23 23 57 87 70 9 45 64 83 42 67 33 67 52 47 8 39 33 10 41 24 74 72 18 12 11 34 59 95 87 70 20 49 81 0 91 30 97 15 89 46 63 56 8 66 12 18 62 94 43 79 96 9 59 90 29 74 53 74 81 20 73 50 70 52 15 37 10 13 12 71 61 96 11 21 64 37 69 30 78 46 80 14 2 39 10 99 61 70 93 2 93 88 14 87 75 35 99 8 57 9 1 31 62 
21 22 73 50 33 29 86 69 16 39 63 67 48 54 83 82 22 4 93 91 45 43 8 85 72 75 72 3 60 95 80 84 38 35 89 73 16 85 30 57 58 47 33 96 51 32 1 74 9 26 15 93 45 48 42 30 34 24 50 48 25 19 85 29 61 95 28 37 72 17 52 12 25 35 56 52 12 12 85 95 83 3 61 53 30 0 64 17 57 61 85 88 40 77 79 79 8 47 11 7 28 24 5 14 38 4 21 27 47 42 44 48 24 19 79 15 54 61 87 99 41 40 78 80 29 65 9 26 57 41 50 74 31 60 96 53 47 58 40 9 84 26 94 50 12 89 41 53 55 41 31 39 22 15 84 75 28 94 93 72 90 93 44 94 11 63 26 31 2 5 84 47 35 87 86 23 27 66 77 37 52 41 23 13 0 47 56 54 57 65 87 35 17 29 54 84 11 58 82 32 22 88 78 52 28 34 85 10 81 10 42 94 81 13 0 5 7 96 30 56 84 98 60 43 52 40 95 18 59 93 50 78 50 89 41 97 71 31 94 24 50 13 46 85 26 29 1 16 40 94 69 85 93 33 52 30 2 53 40 71 95 31 58 7 4 54 14 45 24 62 90 59 79 71 57 61 87 81 79 21 29 45 62 37 84 62 74 50 78 33 52 8 79 58 79 2 63 40 65 60 27 27 89 54 6 51 36 70 80 44 89 72 3 16 52 5 74 97 51 94 86 16 88 59 83 12 89 56 39 3 13 30 37 49 18 61 8 23 99 20 37 87 96 6 59 84 40 76 25 69 74 39 69 5 23 79 63 50 39 72 40 66 74 8 92 38 41 73 58 25 85 16 2 26 72 62 87 62 53 98 51 31 84 32 63 42 62 20 23 52 86 2 78 95 53 37 82 20 32 65 
58 34 27 57 39 33 28 32 81 59 40 48 14 23 53 69 8 69 97 27 51 14 65 38 29 52 10 93 73 80 36 53 18 61 45 36 61 64 16 81 99 30 73 97 92 69 0 26 9 3 11 43 84 51 81 21 65 10 97 45 87 49 76 2 69 24 86 39 94 30 65 88 67 94 19 77 11 45 49 20 32 92 81 1 4 5 82 34 62 37 24 88 58 17 77 51 82 5 18 20 79 28 75 41 72 74 62 17 81 18 65 82 46 56 2 99 13 30 55 74 57 77 58 14 36 58 78 20 59 93 2 87 9 42 85 77 2 95 52 4 61 38 88 85 87 18 63 63 93 3 28 11 88 41 21 43 88 33 53 73 67 48 22 46 58 8 48 7 44 57 54 90 22 7 29 83 88 8 79 13 78 20 2 99 92 43 97 24 26 90 18 51 70 62 53 99 16 50 16 55 20 56 99 20 22 86 77 42 11 16 19 63 46 64 57 2 6 1 23 33 50 61 99 9 0 35 60 42 22 75 88 57 81 63 33 0 32 82 24 2 90 79 43 55 27 73 40 26 28 36 95 72 3 34 57 12 53 66 66 97 27 49 32 26 11 83 0 1 40 93 72 17 87 65 70 28 68 33 76 57 96 71 0 7 84 16 66 35 61 92 52 82 37 18 61 89 27 61 97 48 14 69 32 21 64 45 9 15 29 89 97 95 40 68 15 33 34 64 6 66 16 89 85 12 3 87 59 79 43 71 16 35 74 47 50 90 47 29 23 43 85 69 74 78 26 57 7 38 46 63 29 5 46 65 98 28 93 76 53 46 8 97 32 13 53 15 19 78 66 27 5 32 98 20 19 96 17 4 69 71 64 6 94 29 12 68 39 65 23 92 8 85 2 25 85 98 33 17 34 87 
12 56 2 35 7 80 21 80 77 11 49 11 76 16 37 93 4 45 51 87 93 69 32 29 70 41 37 31 15 81 68 92 9 32 83 94 68 35 72 75 66 86 54 99 91 64 99 97 79 86 3 22 83 49 72 64 90 71 37 15 12 22 64 18 13 11 11 19 22 26 7 0 80 71 12 65 63 77 96 22 62 45 82 55 57 69 48 81 40 9 96 82 54 77 43 32 16 16 39 42 23 49 35 55 11 12 81 75 97 64 83 55 8 47 5 69 27 17 25 20 94 84 12 93 86 66 64 46 2 9 43 94 40 84 71 84 51 91 34 53 46 25 25 32 36 55 75 41 90 32 71 66 62 31 41 35 5 65 28 84 95 52 22 31 93 98 72 12 92 94 46 49 13 12 57 34 68 3 21 41 88 44 29 10 82 56 0 24 18 34 43 47 47 14 69 5 51 13 70 70 22 10 38 77 81 28 60 48 86 89 98 3 46 31 84 28 64 29 25 5 52 56 56 50 74 62 63 65 64 67 32 39 65 94 29 13 52 66 49 14 80 54 47 23 73 94 59 4 43 27 11 49 49 64 92 49 97 6 45 18 98 21 38 73 42 80 93 59 41 3 21 9 29 6 4 87 28 53 87 67 91 66 79 56 32 78 10 49 30 20 10 0 67 55 41 43 39 26 94 13 12 1 40 28 17 89 60 81 14 79 7 24 44 58 4 91 73 74 15 97 55 85 79 12 37 68 1 94 10 5 21 2 80 44 13 39 92 83 64 85 89 2 0 28 38 58 87 41 28 12 86 85 18 81 96 77 87 14 17 52 37 85 86 79 75 38 88 90 34 39 87 37 24 32 86 74 5 56 20 58 33 4 40 50 69 64 60 51 44 63 98 83 6 74 92 59 40 37 55 42 
23 46 94 39 2 2 24 6 81 42 18 90 76 49 37 43 50 54 99 50 22 44 56 38 31 16 0 54 4 19 39 66 3 60 5 22 61 32 19 8 30 45 85 10 57 68 40 88 75 42 63 51 12 33 82 74 30 58 62 68 9 14 83 11 51 73 31 11 52 58 10 81 16 97 18 53 60 1 25 58 51 58 21 25 22 29 4 29 14 81 84 34 80 3 25 71 77 85 40 25 7 8 82 0 4 33 73 52 53 40 6 4 90 32 40 41 12 86 59 19 31 9 33 15 25 21 17 52 22 59 93 76 10 25 26 17 88 59 25 97 85 64 36 18 63 0 42 58 54 74 59 34 24 62 99 31 68 94 52 70 63 32 6 76 57 74 71 1 29 81 43 42 50 39 78 41 80 0 35 68 4 82 19 48 39 0 63 3 14 28 62 87 2 13 50 94 64 39 88 27 56 44 86 71 65 83 34 23 12 39 24 55 34 58 0 44 19 18 92 42 81 52 18 77 13 39 94 29 24 60 59 52 59 28 71 90 91 1 80 95 31 60 37 64 97 98 33 15 73 49 18 88 11 14 69 92 34 93 21 41 83 25 1 6 0 84 38 73 38 85 1 94 74 44 53 70 95 85 59 67 7 29 59 10 86 82 2 26 35 90 48 19 2 13 40 71 98 34 82 52 68 78 21 42 43 43 17 10 13 25 58 86 94 30 57 71 8 11 10 21 51 13 75 78 90 53 80 2 12 32 28 21 56 14 71 34 7 41 92 10 20 40 49 32 42 92 12 31 28 43 96 96 81 19 97 31 37 97 92 0 96 39 51 2 25 75 24 10 34 29 67 0 62 7 96 12 87 63 49 75 78 4 37 16 63 0 30 48 53 13 93 44 5 51 56 14 85 66 59 59 
89 69 21 32 41 22 0 10 34 86 47 50 37 75 49 88 60 48 84 99 24 25 39 90 59 68 2 66 23 11 29 12 70 19 59 52 36 68 73 58 17 50 48 0 7 56 55 32 36 94 56 11 92 8 93 42 74 93 74 1 79 86 97 9 43 48 72 38 42 15 94 29 38 39 45 29 31 34 20 49 23 76 37 41 44 60 91 81 70 32 79 51 5 22 96 39 2 92 50 61 41 53 24 10 31 13 92 2 5 51 15 77 49 60 4 76 47 63 46 30 95 91 82 48 5 69 1 1 45 54 62 54 24 55 95 97 62 31 33 46 5 97 21 42 42 55 64 60 23 50 42 94 33 19 39 81 31 61 30 71 99 12 78 76 3 53 42 66 62 23 4 18 92 53 89 76 31 5 11 70 71 13 38 20 65 28 29 37 83 91 4 38 23 76 54 83 2 58 13 6 63 91 60 33 40 51 80 54 74 90 29 73 75 91 67 0 1 5 57 65 78 98 89 1 43 95 70 59 29 44 61 81 92 68 85 67 74 79 61 32 96 57 96 1 67 82 37 6 58 4 50 3 14 48 89 4 18 53 28 49 8 61 82 33 79 30 52 96 34 72 9 10 90 63 41 14 27 64 26 87 45 83 93 26 72 87 15 39 36 38 95 92 11 86 7 52 19 84 25 21 9 59 72 37 74 60 58 65 56 6 25 70 4 3 61 95 49 85 88 71 21 41 53 57 26 79 81 69 4 12 23 69 69 16 37 64 42 44 27 37 28 64 28 59 81 60 87 72 91 96 0 47 29 55 79 7 89 88 51 29 26 60 27 64 68 11 5 63 12 75 88 70 40 77 40 7 14 89 62 44 24 29 50 24 44 12 40 30 89 80 74 54 9 49 4 27 40 92 43 79 
38 53 0 41 36 39 68 5 81 28 0 27 26 79 14 37 54 12 92 14 24 77 14 14 78 99 47 37 39 99 64 3 39 45 83 45 9 64 97 29 17 15 70 65 91 60 74 66 44 91 21 40 80 49 42 85 87 70 71 34 64 23 20 3 66 56 50 79 33 53 86 95 29 95 70 99 90 6 51 35 64 57 28 47 55 93 34 58 57 89 21 23 31 73 70 27 1 62 33 97 66 90 0 68 55 80 52 29 51 70 76 81 63 17 12 7 99 21 79 33 9 21 57 34 3 81 46 0 63 7 91 17 46 51 10 20 98 54 59 81 42 28 50 19 58 52 91 53 74 32 69 26 61 35 38 94 30 31 25 93 64 38 5 86 31 27 97 69 58 0 92 81 54 40 88 73 95 78 9 8 62 12 3 26 99 65 72 56 39 27 19 55 84 41 14 77 56 31 49 81 71 44 43 12 25 85 72 16 88 47 3 60 90 35 90 36 5 87 1 38 78 56 83 77 71 34 83 57 41 63 93 63 37 76 91 55 7 96 26 95 15 15 97 93 2 58 78 4 97 47 14 47 71 31 14 63 1 10 99 90 21 75 30 67 53 25 76 16 66 94 19 70 54 73 6 52 57 93 86 23 90 87 66 56 62 80 15 97 87 93 39 69 50 71 3 94 85 23 63 34 23 16 23 82 16 50 71 40 1 7 46 27 95 28 95 99 44 19 95 8 3 82 39 76 91 43 29 51 62 5 4 70 42 25 53 77 41 10 55 58 89 18 27 3 94 54 69 70 23 52 6 31 58 75 90 98 28 70 63 27 80 9 10 18 39 64 62 86 5 89 47 69 93 64 9 72 98 57 77 93 24 98 39 86 61 10 77 4 94 17 38 52 0 9 50 97 79 32 13 46 
47 59 91 93 6 2 39 76 19 93 99 50 84 3 26 34 82 24 39 36 31 68 57 72 84 50 84 55 8 14 7 43 9 23 90 50 30 44 10 62 65 93 6 56 57 93 8 82 95 61 41 25 72 95 33 43 22 12 91 37 88 50 56 72 95 63 36 53 18 54 57 27 12 91 27 16 49 17 97 46 70 1 38 95 61 86 86 63 41 47 47 46 97 64 43 74 39 57 47 9 74 15 17 73 68 53 13 67 42 42 81 59 45 23 75 39 59 20 75 78 96 38 17 82 29 68 24 99 46 90 96 86 83 33 38 55 73 84 73 38 74 58 54 24 87 81 55 36 72 62 69 43 45 46 21 6 59 25 32 13 84 81 17 49 11 62 7 66 32 27 42 89 60 71 19 97 31 97 7 98 61 92 7 27 43 63 38 73 10 53 7 56 53 20 30 89 8 15 20 12 83 28 9 38 99 42 50 75 79 60 79 98 35 50 6 9 42 53 37 67 60 90 28 47 22 33 15 94 40 20 78 80 63 65 90 67 41 19 99 65 94 34 46 71 81 92 54 13 30 80 77 0 28 93 80 18 85 18 75 77 53 92 93 98 41 59 56 51 81 70 23 55 8 14 41 77 70 26 82 76 59 80 11 13 54 5 26 45 44 73 38 49 10 37 12 75 51 62 35 95 67 79 18 9 53 2 87 9 24 47 26 40 45 60 78 73 58 24 67 81 25 98 89 46 90 9 28 30 95 98 17 98 59 21 91 4 89 36 97 50 14 40 31 36 72 29 11 45 76 64 11 25 26 35 36 37 87 17 5 59 4 63 43 52 1 21 55 27 80 89 75 48 24 5 17 97 56 31 66 16 60 98 41 21 74 58 78 45 12 57 82 75 77 84 48 81 53 96 93 79 
19 5 48 76 22 34 39 73 45 82 22 42 10 46 82 57 28 13 72 62 89 76 3 61 12 30 58 34 92 7 2 2 64 95 68 36 24 30 34 87 51 34 16 35 10 20 61 34 14 14 97 36 26 44 57 49 4 69 53 90 72 9 82 86 8 45 44 63 30 27 73 79 55 74 75 72 25 80 19 27 91 78 94 48 15 15 72 51 81 77 42 53 2 41 40 31 76 73 12 46 20 3 5 66 99 27 52 56 69 41 67 29 83 28 23 1 92 98 79 88 39 26 53 92 71 94 93 83 22 36 91 7 26 27 86 39 29 53 54 19 40 40 58 39 10 54 35 0 13 53 23 91 70 31 41 70 81 13 96 64 4 58 66 93 24 19 7 70 51 84 50 86 48 65 83 69 28 82 74 71 83 96 51 41 98 73 19 44 22 98 13 10 8 3 40 16 46 54 9 44 11 88 28 80 23 24 11 43 57 45 9 41 52 90 88 25 83 40 86 64 92 33 82 31 20 2 42 13 33 26 99 56 79 32 3 49 39 13 18 30 17 75 28 59 57 61 30 43 13 84 71 12 13 21 81 21 27 25 92 51 11 81 62 10 29 25 11 6 58 11 15 9 61 76 14 75 47 11 48 7 13 65 89 63 84 56 26 15 12 42 1 90 90 52 89 27 68 12 18 22 19 19 27 41 3 87 72 96 56 37 86 42 1 10 81 54 52 80 46 94 93 94 1 87 60 95 13 33 64 2 5 29 14 25 49 24 28 86 98 58 98 83 65 83 98 85 79 80 19 90 41 81 85 93 86 93 59 14 5 71 53 14 87 60 82 5 18 76 85 83 79 61 4 16 9 74 25 24 70 37 96 37 82 48 4 54 1 52 77 68 46 58 39 99 62 33 77 15 13 57 
20 63 59 98 21 90 53 76 64 64 35 10 79 59 53 44 94 27 57 73 52 6 56 60 22 80 86 71 70 39 83 33 47 78 39 89 43 43 38 24 1 13 9 49 48 11 8 59 71 66 80 23 35 24 30 84 2 50 44 83 81 8 24 58 44 15 79 48 49 0 12 30 50 46 21 65 95 4 8 67 11 60 58 98 30 42 69 83 43 37 40 79 78 75 31 56 57 68 94 89 31 41 62 55 61 13 86 95 32 99 92 84 59 5 4 91 21 32 48 87 45 73 37 94 14 80 12 65 61 31 89 15 65 97 52 70 13 28 81 73 16 80 2 69 57 96 17 52 40 54 84 74 37 26 23 60 51 15 49 71 32 69 31 95 75 54 51 55 54 12 37 26 21 50 90 94 46 35 27 0 3 83 68 32 81 99 76 34 6 27 95 65 78 18 5 56 69 50 71 70 28 89 79 78 4 31 13 11 3 88 79 40 10 52 97 59 38 69 61 71 12 14 13 56 7 14 90 86 35 42 63 88 79 82 19 14 70 97 3 81 98 96 84 10 5 13 10 65 37 12 9 19 79 94 5 59 55 64 23 73 77 42 84 56 83 57 28 45 41 77 35 11 37 35 3 77 84 70 84 74 68 44 98 87 5 40 15 38 30 13 96 94 83 46 1 39 16 76 35 11 19 55 54 17 58 17 27 65 28 47 39 16 57 81 36 14 0 76 24 65 68 42 92 24 22 73 55 40 86 44 91 17 90 63 47 32 99 57 34 31 95 19 70 5 95 42 56 32 26 13 60 61 5 0 20 31 12 61 90 43 65 33 73 90 56 56 43 27 27 9 60 90 94 19 42 65 38 53 10 2 89 17 86 21 41 42 11 48 55 64 29 76 93 83 12 90 67 76 9 90 
41 91 98 54 18 63 98 94 5 72 45 47 83 70 74 21 80 91 54 98 97 27 32 48 43 37 69 2 89 17 58 49 79 96 0 96 73 55 19 6 54 28 62 83 47 45 38 46 19 38 60 33 40 46 4 42 81 80 24 9 69 92 70 49 72 19 73 83 17 83 29 92 68 56 56 23 37 30 64 27 24 80 2 38 62 4 85 22 44 97 80 19 39 1 36 9 16 58 50 43 53 59 23 21 35 58 76 6 25 5 80 9 93 17 72 20 61 71 94 97 37 37 2 36 11 99 21 26 43 79 86 1 36 42 37 40 3 72 66 68 31 97 55 42 88 85 89 51 16 69 20 18 23 95 9 93 45 60 64 79 49 88 30 40 36 17 52 73 24 7 21 37 91 92 28 28 71 88 94 96 19 7 63 81 1 98 78 49 21 74 42 52 62 23 49 8 72 52 84 56 46 43 97 38 25 24 52 42 5 1 54 50 81 81 94 99 73 73 44 29 31 90 10 13 75 28 40 13 12 3 92 6 18 60 43 58 65 50 15 73 81 5 58 1 28 38 57 23 66 89 64 11 83 40 61 75 14 85 55 24 4 45 45 14 18 46 95 78 95 46 48 88 93 12 53 33 67 16 9 85 12 82 21 45 70 8 62 89 72 9 1 40 16 40 46 84 59 84 12 4 48 75 56 63 64 74 12 23 90 33 42 61 70 92 56 35 94 69 90 59 74 19 47 18 60 34 12 33 54 3 15 42 70 50 50 91 86 47 94 46 34 98 23 8 70 95 65 48 48 80 25 62 6 4 48 13 68 64 31 88 77 95 11 56 58 44 83 2 79 55 52 3 53 7 29 57 71 70 67 80 1 53 90 21 94 24 53 41 52 82 30 53 6 24 1 72 93 75 83 11 
67 89 98 88 52 40 7 21 65 99 43 55 7 20 50 4 56 75 65 42 41 31 46 13 15 26 73 80 65 52 81 7 2 82 63 27 83 96 82 87 77 0 60 26 36 33 40 92 46 20 49 25 77 37 90 95 78 68 10 28 88 2 85 60 4 34 40 72 83 65 18 55 29 29 79 71 71 96 41 40 51 64 24 21 53 46 10 39 34 60 49 26 53 43 12 49 26 81 76 37 66 85 18 5 10 12 47 1 11 32 68 20 86 44 0 58 78 27 36 30 23 76 85 48 68 73 50 98 50 30 76 96 66 17 26 62 40 76 41 17 74 54 50 77 37 2 42 93 43 32 94 95 12 65 39 93 56 13 62 12 25 59 3 21 65 41 63 25 76 52 25 85 59 58 87 69 19 46 44 41 19 1 92 78 75 6 18 58 59 71 85 38 36 10 78 6 61 88 21 74 68 9 86 96 78 28 50 3 80 94 54 50 96 93 79 95 11 21 59 98 28 39 95 68 93 36 77 49 65 80 67 70 2 83 5 39 27 68 56 56 0 96 79 25 13 21 39 11 56 32 17 65 3 32 79 39 14 21 3 2 40 55 74 12 92 82 17 61 18 33 60 26 91 37 48 69 85 17 67 1 75 33 9 39 36 83 61 34 6 20 80 47 64 38 26 48 92 49 51 74 79 68 55 80 66 46 49 78 18 1 31 86 34 82 7 61 95 13 74 45 16 27 58 62 96 9 10 39 13 98 22 82 18 69 80 3 67 76 25 44 63 45 9 60 98 79 74 34 32 24 58 45 22 68 10 18 80 99 54 20 70 47 75 54 95 84 12 53 71 62 44 52 52 5 83 38 63 94 63 55 80 12 60 85 31 8 99 84 4 94 63 7 9 81 74 81 51 17 35 72 
54 2 35 17 33 28 41 69 58 29 53 14 85 55 69 57 83 51 15 86 44 64 81 60 77 56 74 56 8 55 40 76 89 66 46 48 6 79 84 55 77 62 45 34 80 51 12 1 54 64 66 83 56 2 59 84 50 31 23 61 39 76 91 59 82 60 84 16 83 42 47 39 50 67 30 96 46 21 94 2 16 25 25 56 8 84 22 94 4 72 26 42 65 6 97 63 7 25 46 85 61 21 43 9 31 92 25 10 9 1 54 55 73 76 16 87 25 10 69 19 15 73 43 7 88 62 70 4 66 8 55 15 50 40 60 34 50 23 5 79 83 51 13 69 29 98 90 83 5 27 5 98 23 39 61 58 62 43 65 12 97 59 56 63 11 10 57 57 61 79 0 3 27 15 95 27 20 7 88 80 1 9 14 47 37 42 89 57 22 39 75 61 35 60 53 44 89 60 67 34 54 15 95 78 16 56 95 25 14 59 41 75 82 10 47 62 27 22 59 31 15 24 4 38 80 68 37 34 38 42 65 65 52 60 72 25 8 60 90 7 80 74 38 91 62 75 0 84 30 58 30 33 11 91 27 40 67 7 60 10 68 92 68 67 75 10 67 28 78 97 55 90 48 47 58 84 75 68 42 64 87 0 82 10 21 56 92 42 94 73 32 35 33 66 64 59 7 65 39 65 82 24 47 41 19 39 6 35 32 36 49 98 28 62 88 70 45 51 60 96 60 62 14 73 75 8 48 14 4 92 5 10 24 52 57 0 90 18 42 19 64 17 72 95 27 33 76 86 95 64 59 34 29 41 1 81 45 45 24 43 46 65 73 98 24 11 90 24 23 52 49 40 17 33 68 6 46 36 1 88 99 66 96 1 61 15 35 78 14 94 73 38 53 26 42 26 18 83 86 76 
16 13 71 67 18 93 1 63 87 1 4 39 33 87 16 84 21 24 88 76 68 23 11 3 5 20 0 48 26 5 28 32 60 8 74 90 11 93 10 75 80 22 88 92 25 37 38 16 67 80 89 15 74 24 97 19 50 62 60 55 48 1 73 17 83 18 79 68 20 80 75 29 91 1 46 65 83 48 23 72 60 27 22 68 48 0 64 45 37 38 94 24 68 79 84 62 44 91 69 14 53 24 81 89 15 40 58 1 0 42 39 76 56 48 30 98 90 85 19 85 8 34 29 65 82 35 34 11 1 43 14 10 34 79 92 32 48 11 63 8 78 58 93 28 16 97 45 30 80 57 11 56 76 44 82 49 75 16 66 20 45 98 42 27 35 86 71 80 82 92 93 19 42 51 69 41 26 64 93 51 51 17 60 17 86 94 97 72 73 27 1 26 64 43 6 65 44 73 31 0 13 62 69 65 97 70 89 2 44 6 19 77 77 21 61 9 44 81 73 63 90 88 98 72 46 76 82 57 65 88 19 1 97 68 35 34 93 11 14 15 56 54 98 84 91 40 51 78 28 4 98 9 20 75 90 83 79 91 37 58 51 98 24 41 26 63 26 79 4 94 19 93 84 6 88 77 33 72 73 90 45 37 89 26 41 48 53 93 16 57 95 89 68 57 77 19 56 3 3 15 77 54 14 58 11 96 45 23 0 95 11 80 98 18 82 59 44 22 2 17 7 41 6 60 70 71 84 47 12 79 14 14 79 53 15 81 89 97 78 50 30 10 91 37 61 56 40 79 4 98 58 44 69 21 40 49 87 1 54 82 44 53 2 49 96 97 51 75 1 17 23 47 81 69 43 88 37 67 84 54 11 96 84 80 54 3 93 60 1 27 41 27 9 55 95 15 23 87 53 98 
97 0 35 97 59 80 39 73 98 31 53 44 72 92 17 36 43 0 54 87 10 80 5 26 92 54 18 40 76 71 31 89 92 94 31 12 54 34 96 12 76 67 84 42 75 10 68 8 82 96 30 28 60 82 77 72 43 54 83 76 15 20 30 61 98 50 50 1 37 44 30 34 7 1 68 99 56 66 22 97 53 43 27 34 14 71 66 68 48 95 25 40 20 92 72 41 63 53 89 31 92 10 72 82 91 55 86 60 3 91 39 54 67 97 34 22 48 72 88 26 54 21 73 43 19 61 89 33 64 63 35 66 54 84 54 77 92 58 78 32 16 38 50 71 99 81 33 3 89 65 61 7 44 79 42 22 20 24 81 53 11 40 1 62 77 6 22 82 43 10 39 87 47 15 27 20 31 25 32 81 79 13 20 14 64 18 77 44 83 65 59 62 13 12 19 8 60 32 89 5 6 78 90 53 29 14 87 18 2 27 63 25 77 38 31 95 29 26 42 5 80 51 75 67 14 46 84 83 19 41 82 2 10 68 42 23 76 46 50 93 20 87 76 61 55 42 39 11 83 59 92 25 4 8 86 48 87 11 45 64 51 30 95 6 84 86 64 84 53 13 44 83 93 79 54 79 70 50 27 64 2 77 43 25 57 6 24 38 70 16 41 86 2 87 68 92 86 77 79 52 41 29 39 74 25 42 63 67 92 6 56 9 98 39 65 48 97 78 96 40 5 66 5 17 1 80 46 84 46 89 40 68 34 3 78 61 56 19 63 0 42 10 57 67 11 14 51 70 90 36 83 6 26 76 24 81 28 33 49 15 18 37 19 39 78 91 11 17 22 59 40 54 88 9 71 16 17 71 56 24 26 84 4 33 39 61 11 35 44 57 36 96 28 79 79 29 31 4 94 60 
59 78 31 97 51 77 9 3 88 79 21 9 35 41 20 96 79 72 2 62 55 17 76 15 31 1 76 67 71 76 97 56 35 64 39 94 61 36 28 92 64 49 13 49 71 49 2 79 46 30 24 38 54 29 76 76 82 64 56 8 21 21 53 45 87 4 81 4 72 95 56 56 82 92 90 64 65 70 23 47 7 95 61 4 50 29 17 24 3 0 52 36 89 80 13 13 77 28 8 11 10 86 60 46 12 87 32 35 65 49 3 74 28 27 54 27 98 73 23 83 13 5 27 95 30 73 94 91 38 62 54 0 61 88 85 58 92 87 12 38 35 54 29 15 40 58 35 67 69 73 57 55 64 82 63 94 50 80 59 88 3 7 79 78 52 43 14 69 20 80 26 43 87 4 1 67 75 87 95 85 85 88 55 86 72 73 68 1 36 96 42 25 67 31 36 49 62 1 4 30 66 90 25 84 17 9 57 8 93 19 79 64 49 3 62 35 89 84 75 10 56 39 51 67 57 41 1 81 53 75 18 37 92 8 22 20 69 59 42 57 59 94 59 16 45 86 30 6 96 96 40 47 99 43 3 26 71 11 37 99 32 25 65 3 68 0 84 39 35 67 11 82 95 56 94 49 9 93 18 80 75 21 74 63 27 33 54 88 0 87 69 95 95 66 89 11 89 0 68 26 91 1 22 92 98 85 4 36 57 31 27 48 71 46 81 74 61 85 35 55 35 82 12 15 46 36 77 93 83 41 26 24 61 45 43 78 92 96 98 4 21 30 60 51 64 93 59 21 29 58 51 2 70 84 35 73 45 53 22 62 14 67 61 74 86 6 83 5 2 10 76 82 49 4 2 35 99 84 53 75 16 6 13 22 28 77 34 76 96 94 59 5 74 17 5 42 52 41 58 51 
82 15 61 20 37 86 73 94 86 16 78 0 16 59 42 46 97 20 28 56 19 51 97 86 59 73 12 58 33 31 55 74 22 39 34 37 33 0 68 36 67 17 64 25 75 10 62 54 65 74 93 46 55 8 51 17 57 81 59 14 79 37 75 10 76 10 2 6 29 17 23 75 85 90 35 1 87 31 8 70 88 3 62 1 86 28 46 55 96 62 17 92 96 14 17 1 98 92 58 69 6 67 16 73 11 37 4 12 98 17 20 63 83 75 95 74 81 37 9 67 64 4 43 74 98 33 30 41 39 88 22 57 86 60 28 69 87 32 11 71 62 50 47 12 68 90 71 43 25 37 13 97 17 99 56 36 23 49 97 33 51 35 73 98 79 1 22 84 84 52 83 81 93 64 13 10 96 24 31 54 16 57 38 38 44 74 62 80 50 75 11 22 18 9 76 81 75 6 92 77 38 9 41 42 78 12 45 91 48 52 3 43 4 9 67 21 63 95 25 36 79 75 40 35 19 22 90 25 48 83 46 24 21 87 92 19 89 70 80 37 74 87 74 4 20 60 93 63 27 28 34 99 90 65 55 8 40 53 63 6 84 91 97 42 33 38 73 67 50 62 66 76 20 13 20 67 7 64 83 18 57 78 69 22 11 17 73 89 92 20 69 33 25 75 65 29 42 17 8 70 29 71 81 42 32 46 78 19 63 91 46 92 32 52 33 20 90 18 81 71 88 45 38 40 86 4 45 96 48 17 76 8 14 94 24 85 24 78 72 9 99 2 29 64 71 96 19 37 51 13 76 93 6 49 22 26 39 59 37 24 51 66 53 90 73 88 57 33 6 32 85 80 75 41 53 27 88 20 47 77 38 98 25 36 23 96 34 12 32 83 87 15 79 64 0 51 90 55 21 56 
88 37 58 72 31 40 82 84 30 10 87 77 11 89 9 63 83 46 42 20 1 99 40 44 32 10 5 56 97 55 63 72 13 25 18 85 27 18 19 51 44 84 10 60 42 22 75 10 27 98 5 97 94 86 23 99 71 78 11 27 79 70 72 40 21 96 90 80 35 80 9 21 8 66 70 86 24 52 85 29 61 25 7 52 75 73 66 45 90 74 87 22 30 62 75 69 20 90 18 80 11 18 67 65 33 82 80 72 59 89 68 81 94 31 54 87 92 48 73 93 83 11 92 21 31 84 9 74 82 46 69 38 27 40 54 99 95 26 79 29 36 27 98 41 63 92 43 5 5 79 25 31 76 33 43 98 79 76 49 19 11 42 71 65 3 14 1 83 2 0 59 65 92 47 23 25 7 20 65 95 63 26 6 92 95 28 12 95 17 94 80 76 79 92 41 1 8 88 49 94 31 38 10 49 14 84 94 30 93 30 30 47 88 64 75 23 95 11 30 76 72 18 94 66 54 45 87 50 60 33 77 11 52 45 38 44 65 28 76 62 59 76 74 44 93 90 69 44 99 11 54 35 54 43 54 16 72 57 72 9 93 74 6 99 6 28 43 42 35 17 69 44 72 44 58 98 3 57 95 60 97 84 91 62 54 23 1 70 66 47 53 69 89 19 0 28 29 1 50 96 19 48 16 69 0 59 34 46 88 98 34 45 8 62 82 40 11 60 78 13 70 12 10 50 82 32 26 20 94 10 74 53 33 33 65 47 6 49 41 91 10 72 41 62 20 77 18 14 15 79 42 44 14 81 45 1 50 28 93 71 67 8 53 89 40 40 9 33 56 13 80 61 36 54 49 8 17 65 16 59 73 55 84 3 64 84 53 97 59 13 52 87 86 47 16 76 86 89 12 92 
81 17 38 12 21 7 94 1 83 97 51 7 69 22 9 47 50 57 84 10 84 73 28 54 81 19 49 79 2 19 45 31 78 31 64 97 71 12 51 96 34 50 88 90 75 58 57 39 98 74 15 72 89 85 84 72 54 52 32 25 97 24 89 6 73 64 93 96 69 73 9 98 22 36 51 65 7 36 11 23 6 77 45 44 81 45 25 47 36 73 29 3 29 18 27 49 27 92 54 15 15 46 91 21 91 3 83 51 2 12 59 56 65 44 95 81 22 33 67 69 90 83 67 96 7 97 56 5 32 26 67 60 29 2 98 91 90 71 57 29 74 62 3 69 35 21 48 68 51 52 93 33 46 54 94 48 23 83 8 29 49 20 39 26 39 75 69 80 29 91 0 41 88 14 76 6 71 29 41 48 24 23 32 52 67 58 51 31 18 15 26 21 32 24 71 6 97 75 53 2 89 56 97 57 60 83 61 92 67 19 69 61 50 22 51 45 45 3 34 14 78 16 90 94 6 27 86 54 63 39 38 19 11 94 55 9 87 38 40 93 78 53 85 75 47 41 27 80 8 36 30 60 8 67 26 71 28 57 65 52 85 87 51 35 74 37 11 24 79 35 41 56 92 21 97 87 20 64 39 1 80 6 52 25 97 32 95 52 49 74 79 44 92 26 96 68 81 49 84 21 66 50 65 2 62 56 40 20 21 55 80 29 53 97 67 30 12 95 36 50 24 45 25 1 58 18 51 44 78 69 92 87 91 75 52 69 74 90 39 26 87 69 45 67 52 33 68 18 4 95 58 24 71 4 23 23 44 9 97 7 68 71 36 95 77 25 17 36 13 27 73 22 64 47 7 92 95 38 6 33 7 90 16 10 9 57 48 2 59 32 29 3 22 97 46 19 2 1 17 95 
95 74 83 79 90 49 10 94 39 39 22 12 4 22 68 53 86 77 68 31 25 75 9 30 14 92 10 95 89 92 47 47 41 73 96 1 43 87 5 43 5 70 80 17 58 24 78 79 53 44 8 93 16 78 45 63 11 75 35 81 10 35 44 43 61 38 69 89 89 60 53 83 11 29 67 43 19 12 91 59 24 37 84 64 55 64 82 87 81 64 90 3 53 61 19 39 5 50 78 34 39 90 21 40 75 89 31 75 14 89 19 74 46 42 35 88 9 14 76 65 60 81 67 12 90 49 57 40 51 97 22 56 56 15 82 84 79 22 42 99 23 13 17 18 32 45 58 98 36 97 18 5 48 19 45 21 5 30 49 29 81 30 30 72 86 60 83 95 9 7 25 22 6 26 82 94 92 3 73 26 35 26 12 27 9 6 32 36 34 25 97 98 69 47 81 93 20 37 49 31 11 90 67 17 72 57 82 18 39 44 23 26 58 44 68 96 76 74 89 95 29 74 38 88 61 38 84 23 34 46 76 30 67 21 74 50 47 90 95 19 13 95 12 88 5 42 99 23 43 59 40 62 54 37 54 46 64 36 2 30 52 70 63 7 56 53 78 83 4 60 72 68 59 94 33 91 24 63 32 60 7 96 92 96 94 57 33 0 22 77 56 43 82 82 59 23 22 42 72 40 67 25 71 50 47 39 34 80 47 40 97 40 97 62 14 81 43 68 70 58 39 65 57 49 12 6 79 81 77 15 0 3 77 23 57 91 86 39 22 53 54 25 30 74 71 1 34 69 50 88 2 69 55 39 10 69 46 54 48 65 97 34 33 18 84 51 37 65 49 34 30 48 74 54 12 82 91 93 67 1 44 22 37 96 74 45 39 81 41 22 33 67 58 97 68 61 94 25 91 92 
39 40 46 89 85 19 63 1 79 90 17 48 35 30 58 48 68 29 95 92 95 62 7 64 32 41 88 66 25 45 73 98 23 68 12 99 48 95 74 6 61 43 85 10 17 19 25 8 73 76 51 71 61 77 49 3 95 38 70 95 79 66 77 61 75 72 35 58 72 47 14 21 60 78 59 16 33 59 36 72 89 37 74 84 8 24 48 13 20 28 13 44 39 30 39 64 26 74 41 14 47 60 90 47 28 53 82 21 6 64 28 16 53 38 85 86 50 79 0 68 41 22 10 27 5 63 68 40 44 31 47 4 83 35 51 31 88 33 91 73 78 71 83 93 27 69 63 65 21 74 4 54 63 37 41 62 24 46 48 96 61 38 60 63 2 63 20 29 26 81 13 20 72 40 21 34 13 95 13 37 0 88 73 67 23 90 77 24 94 79 2 84 8 93 13 51 74 19 94 9 61 3 65 35 24 79 34 47 73 48 95 43 82 63 54 13 55 35 82 86 94 49 26 72 84 30 29 28 90 34 9 20 9 69 54 17 90 19 25 89 73 96 92 91 49 49 40 14 93 60 42 43 20 98 30 1 82 19 21 79 49 21 76 53 23 56 13 67 38 10 70 55 71 47 48 75 60 91 62 66 4 63 66 91 80 16 87 26 31 34 92 16 73 52 80 45 81 76 98 72 20 54 50 57 97 40 29 25 91 85 25 11 83 38 57 18 71 52 56 48 59 20 39 45 61 15 48 42 32 9 88 52 4 40 89 52 78 88 56 96 34 11 41 3 96 54 73 41 31 70 27 73 26 20 78 40 97 49 45 39 92 43 20 55 7 80 18 2 6 40 12 73 65 72 65 41 6 11 62 3 85 90 68 96 57 20 20 28 81 52 46 73 70 29 53 90 59 33 10 22 
4 77 67 99 40 89 90 34 41 85 65 80 41 83 88 46 6 38 97 37 25 38 96 58 80 60 76 60 9 17 72 33 30 26 49 14 31 70 15 5 29 84 46 37 20 42 35 37 35 31 67 20 30 8 19 57 96 65 28 97 54 66 61 69 75 6 11 54 26 11 53 18 30 19 56 37 60 48 0 92 94 91 75 24 70 82 10 6 96 37 10 94 72 69 37 77 91 80 29 80 29 24 83 85 0 8 76 72 15 94 44 11 41 82 96 30 42 35 37 58 22 15 46 6 57 34 63 46 67 45 70 83 93 77 62 63 67 69 73 59 19 35 6 74 26 99 24 72 90 61 46 39 12 34 15 81 87 88 15 78 21 69 59 83 52 89 21 51 51 91 76 45 58 10 99 6 71 79 79 53 75 74 50 56 8 33 89 32 20 81 10 55 38 20 43 93 24 37 97 62 44 29 64 38 99 6 38 43 59 63 70 30 35 39 12 26 13 89 98 30 99 11 36 33 2 37 95 56 39 77 70 18 99 17 82 43 89 36 84 31 74 21 1 28 64 44 93 47 99 82 59 43 80 35 56 83 98 66 10 72 83 93 91 90 2 81 26 23 30 32 5 64 64 33 59 0 32 97 36 58 34 96 83 31 35 25 39 17 4 85 77 10 50 80 85 55 7 58 83 70 65 10 72 9 77 81 29 22 29 53 19 44 22 14 72 19 51 9 96 63 38 43 4 61 22 96 87 7 96 52 2 4 26 38 2 51 61 47 50 0 26 29 94 4 63 61 14 58 2 66 80 26 78 92 94 45 94 75 38 44 23 3 50 78 57 75 82 81 28 21 51 4 43 22 59 10 57 62 94 29 40 29 83 85 2 55 39 47 42 46 85 85 2 54 56 99 86 98 41 3 
90 25 87 65 47 17 47 18 68 79 16 71 99 87 36 68 89 58 21 42 25 21 17 19 15 87 3 40 89 67 50 1 23 83 35 72 24 21 1 25 96 8 43 20 96 10 80 47 82 27 45 2 21 96 98 20 9 84 0 0 91 34 18 68 71 97 31 80 73 25 2 6 70 55 95 40 31 90 62 39 23 95 46 95 21 58 63 0 64 66 14 7 66 35 96 11 43 98 34 69 10 8 9 17 52 54 86 92 52 41 3 71 87 30 74 50 97 12 57 85 24 21 98 85 3 89 9 78 77 21 93 79 0 99 20 23 3 83 13 95 60 29 66 16 46 35 9 54 6 82 95 49 0 9 36 51 43 42 57 66 83 39 15 51 89 18 71 35 52 16 39 29 65 72 52 93 8 20 20 28 18 12 6 7 70 93 63 84 72 20 79 14 63 28 65 16 6 37 43 73 89 69 10 39 97 8 72 62 77 27 67 50 54 34 21 20 42 38 76 24 28 72 88 74 23 67 98 99 63 44 88 6 40 92 2 96 98 61 43 31 89 5 1 94 50 32 45 94 90 80 58 8 61 65 3 43 65 6 27 22 21 50 65 45 96 40 12 32 66 45 89 85 48 2 26 96 23 41 61 79 19 91 86 31 9 57 89 60 27 27 20 3 22 20 75 78 12 68 60 76 8 22 41 55 23 6 12 18 75 86 54 39 37 79 59 53 19 18 46 77 8 55 72 86 23 71 61 74 10 37 93 83 47 78 40 14 12 41 45 54 56 43 88 45 81 55 70 59 58 46 48 95 8 46 31 41 33 4 4 80 77 75 80 69 25 15 97 16 84 98 37 92 28 44 30 49 21 1 99 63 8 51 50 84 27 28 42 6 75 78 91 84 1 18 12 47 65 58 33 59 
36 74 25 42 9 36 25 15 58 67 85 44 32 69 38 35 97 33 69 41 52 0 55 90 98 65 10 24 71 50 7 87 98 1 72 18 26 57 20 84 97 74 89 35 10 54 77 77 46 28 68 68 54 1 0 79 88 58 46 0 63 89 24 50 68 83 28 56 90 61 8 75 68 14 66 6 70 12 74 88 38 82 17 9 84 30 1 74 19 3 19 39 13 57 56 82 8 24 34 54 31 25 20 52 73 78 93 80 56 69 74 23 1 39 23 75 58 55 11 80 7 81 17 66 69 91 22 95 12 99 56 74 92 45 29 91 43 99 69 82 28 39 96 78 95 39 12 7 80 0 89 44 33 39 21 32 35 15 42 75 7 21 86 39 97 1 79 13 74 78 55 94 95 18 1 34 48 30 4 76 98 36 36 26 11 63 35 85 59 69 50 56 17 70 35 98 22 96 25 50 61 81 98 26 79 64 57 78 17 95 40 46 12 97 23 62 86 8 86 2 42 17 15 81 2 66 44 61 55 83 60 76 70 49 71 54 89 12 3 79 92 20 20 41 2 93 99 37 71 97 27 50 94 6 84 43 17 61 5 71 4 6 51 81 92 25 74 77 46 21 91 11 31 27 3 50 0 93 20 42 40 91 97 98 49 73 75 41 20 14 5 93 89 25 43 32 55 23 90 91 52 4 42 36 88 77 34 20 50 85 45 17 71 22 65 68 17 6 80 19 31 87 20 25 15 20 47 38 83 89 0 52 65 25 88 18 85 97 53 64 48 44 46 79 70 21 87 86 60 81 68 1 4 74 52 90 32 27 24 89 0 76 39 81 51 4 64 71 40 21 54 16 71 96 33 55 47 30 10 32 20 58 79 92 92 44 22 8 77 97 1 87 31 8 0 88 96 8 83 21 
75 15 92 46 77 55 55 53 73 51 39 16 59 84 96 3 11 32 49 92 99 71 51 8 98 9 98 52 99 67 29 67 5 52 9 14 44 54 71 89 20 97 69 12 16 60 71 59 49 80 66 17 32 77 86 79 86 38 42 74 75 87 29 94 14 40 6 42 58 13 46 28 91 12 21 19 14 43 6 62 87 30 76 87 58 95 57 64 20 28 96 52 58 1 83 57 86 23 74 80 29 40 87 42 92 48 2 2 95 70 67 62 39 28 61 67 40 88 89 79 14 15 15 13 27 93 64 60 33 17 30 76 43 26 40 49 22 88 81 48 46 4 66 83 87 24 65 16 57 14 85 81 90 67 80 10 46 98 20 51 71 37 13 68 6 84 57 15 49 90 49 9 3 56 20 63 77 34 25 54 39 7 50 73 30 60 58 58 91 74 74 59 44 72 84 58 5 47 68 47 41 12 87 65 54 93 56 84 55 52 33 98 97 96 67 35 16 38 78 69 58 31 87 19 64 78 66 77 40 32 74 65 95 83 3 25 99 36 7 73 0 64 4 58 91 25 25 60 99 12 23 79 55 30 62 48 43 83 36 50 95 14 49 34 77 67 24 56 91 57 45 35 51 4 43 41 61 26 52 18 22 67 2 57 42 23 76 40 89 83 98 28 6 84 13 29 48 67 39 23 28 16 17 53 54 66 49 12 67 18 51 92 67 23 83 30 60 77 81 1 79 77 7 27 85 85 54 39 73 21 91 52 91 24 80 87 16 87 43 33 81 38 67 7 81 36 85 55 63 82 68 47 51 3 15 87 0 82 35 62 78 35 49 29 81 47 93 46 45 70 37 95 27 78 51 69 4 98 56 82 93 80 69 41 47 31 64 81 63 95 96 76 24 54 72 70 8 3 93 44 
77 57 66 14 41 50 28 25 48 72 69 57 68 32 58 55 37 6 48 40 2 60 82 37 72 94 9 49 1 65 24 80 20 90 22 71 11 50 97 40 89 91 84 88 61 54 12 41 27 71 91 57 98 69 13 75 77 2 99 40 41 25 69 59 42 18 58 73 74 30 31 16 67 24 52 41 89 14 22 27 51 44 6 54 41 97 48 72 30 36 76 43 19 59 52 67 47 25 46 89 12 25 77 8 22 40 18 50 87 32 46 90 15 75 60 13 44 9 88 15 57 82 57 16 10 66 38 67 4 31 17 81 95 60 56 73 59 50 14 70 38 51 88 14 50 53 82 82 96 90 8 73 9 69 92 49 40 63 99 99 79 23 96 43 37 79 64 21 84 65 31 90 76 96 25 97 92 70 56 95 39 73 57 25 42 93 13 62 16 54 50 52 5 31 95 95 4 10 36 35 98 32 49 57 48 83 4 13 37 86 89 90 95 17 22 95 76 86 83 61 94 31 76 57 15 49 81 83 10 4 81 47 74 4 9 79 86 12 19 17 53 33 14 95 3 65 68 20 27 83 83 92 46 2 5 86 71 42 18 53 53 31 82 30 42 33 39 61 34 2 31 74 68 10 86 32 50 44 67 10 83 94 57 86 24 98 4 32 71 82 23 40 8 45 32 71 40 11 90 1 20 95 15 58 46 22 86 87 6 39 94 60 24 89 68 8 32 37 17 22 77 72 4 77 39 23 26 66 99 29 43 30 24 81 12 60 15 77 18 7 90 50 2 71 34 17 40 80 22 53 25 68 83 22 28 27 53 93 5 92 82 89 97 97 2 77 81 9 67 51 9 1 70 1 82 93 93 26 50 24 62 71 20 27 16 42 84 42 12 71 81 67 55 53 77 56 66 79 12 19 
30 24 11 36 62 99 35 85 81 99 6 20 0 31 97 30 36 81 87 7 55 56 73 26 81 26 67 18 73 7 5 77 97 79 33 44 98 74 68 15 11 26 99 43 69 64 29 21 31 59 6 0 6 73 78 78 88 48 70 87 61 0 5 51 22 69 43 85 26 72 94 36 61 97 14 29 83 52 27 56 61 28 5 95 38 30 59 77 36 94 18 0 19 51 92 86 63 83 96 12 10 94 37 7 9 41 95 78 39 29 44 72 14 11 35 60 5 19 29 22 85 78 32 84 20 5 89 5 42 46 41 72 62 64 56 32 61 86 41 15 50 84 39 80 78 5 40 90 76 88 35 26 95 46 92 31 14 91 93 8 81 89 81 46 11 85 55 96 27 36 40 95 74 93 13 69 73 7 85 41 39 73 66 76 22 87 29 26 7 64 75 44 98 43 49 68 99 55 11 94 82 58 9 2 25 83 74 42 19 14 30 69 95 25 53 8 90 21 40 16 82 27 12 68 47 75 61 72 19 52 76 30 97 93 84 45 26 68 37 79 0 1 22 19 94 85 69 98 56 72 73 41 6 3 23 84 11 26 28 22 48 77 6 25 10 53 28 30 52 50 23 4 69 3 66 66 2 81 90 39 38 3 3 74 61 5 69 4 74 68 50 36 8 82 99 5 28 82 94 60 29 82 63 54 40 99 25 46 1 25 35 30 25 12 58 42 78 97 82 89 84 81 21 68 73 75 98 81 83 32 57 60 60 72 26 44 62 34 88 60 89 16 65 19 70 33 31 41 73 27 1 75 57 12 54 62 30 15 45 34 47 19 86 56 69 80 91 98 84 92 63 31 77 76 79 99 55 3 66 23 6 35 43 76 73 11 56 92 50 47 28 98 20 34 4 31 24 85 75 21 
16 57 85 15 28 75 18 69 66 29 98 5 57 40 95 86 12 0 56 28 55 72 45 80 34 2 60 66 13 89 38 96 40 53 47 60 88 74 29 77 85 57 24 62 54 23 86 76 50 68 77 97 12 40 93 1 89 19 94 68 4 10 11 15 99 35 64 11 48 49 69 52 94 97 59 3 37 44 19 94 99 43 61 92 5 91 18 23 81 49 69 5 81 21 35 51 68 68 9 8 52 68 2 61 40 3 12 90 34 87 39 37 3 53 44 0 34 83 0 24 43 27 70 77 45 81 89 87 93 84 81 81 88 14 27 20 35 25 51 54 86 88 61 40 35 33 20 33 83 62 99 92 69 59 76 41 42 4 97 15 45 15 65 28 32 92 25 21 59 19 95 84 47 34 46 24 69 52 2 67 80 57 10 57 53 51 56 84 37 20 53 11 0 1 8 4 40 94 11 5 88 15 92 30 58 3 26 47 47 82 0 75 9 88 73 65 57 16 1 22 79 83 59 24 62 14 79 61 48 32 46 87 98 72 16 39 40 21 72 19 39 67 78 20 63 59 65 72 71 66 60 64 94 63 91 85 3 33 38 12 45 2 61 28 33 89 24 51 27 5 65 55 83 51 24 62 88 94 74 8 89 53 9 81 28 52 34 99 27 71 0 96 65 56 97 67 33 35 39 67 41 54 24 20 82 50 49 58 9 68 91 87 33 96 43 73 7 96 80 85 70 12 42 50 93 29 65 20 38 50 66 86 49 26 14 53 71 15 57 55 39 15 53 33 94 20 50 69 41 57 92 7 1 76 59 4 98 46 22 83 20 73 76 64 66 59 34 42 20 35 9 34 0 17 31 44 91 50 12 88 21 21 75 5 86 86 76 84 94 51 96 65 84 86 91 89 94 83 29 16 
60 2 21 97 34 74 10 2 82 83 26 82 87 26 44 0 58 36 4 42 15 72 22 81 32 67 91 42 48 76 47 50 59 44 68 14 95 48 45 62 50 86 91 63 95 93 52 23 50 20 80 60 40 92 9 63 2 69 49 98 56 6 11 32 13 56 83 12 25 78 33 29 15 94 21 72 49 1 26 82 92 39 0 48 64 17 8 52 60 44 29 62 98 27 22 26 86 76 21 84 43 95 10 14 61 78 56 76 5 48 67 66 14 60 79 9 69 65 76 67 8 52 82 65 70 45 15 77 74 38 95 13 84 80 87 9 4 83 97 72 31 80 19 6 79 25 94 12 14 81 44 4 44 85 53 3 48 22 39 36 5 83 44 47 70 69 17 18 60 53 0 51 79 70 29 46 78 41 44 80 75 61 53 8 34 38 9 28 60 0 77 72 75 23 61 59 0 86 59 22 78 36 44 97 17 74 21 6 9 51 18 5 12 85 79 98 9 48 75 93 46 16 58 27 41 69 66 52 90 70 10 48 68 84 97 26 61 32 60 23 27 40 31 35 33 88 77 38 97 51 35 41 99 85 50 91 29 39 66 58 40 51 13 32 11 52 57 47 75 76 50 5 92 56 88 83 26 59 7 72 25 51 60 45 57 17 60 32 96 19 30 69 30 75 49 59 20 97 73 95 76 53 3 74 28 22 48 56 99 6 39 89 91 92 46 39 9 66 4 92 99 30 45 38 92 79 38 52 69 47 56 70 58 32 37 0 55 96 0 87 4 57 78 88 54 53 51 53 28 81 71 97 92 0 28 48 71 83 43 19 36 66 36 65 3 1 47 94 97 4 52 39 81 60 43 14 71 15 16 79 64 26 93 47 97 57 50 75 61 26 32 45 27 22 5 67 1 36 67 81 
6 11 71 4 15 47 88 22 32 66 12 31 55 85 5 56 1 32 8 92 7 6 18 21 84 18 44 92 66 97 1 95 2 49 82 98 40 73 77 12 30 94 64 59 51 29 52 46 55 95 85 30 34 65 49 55 46 60 25 53 89 99 35 82 37 90 64 6 74 11 83 96 85 23 23 38 54 84 22 57 45 84 94 18 84 40 84 32 85 26 7 21 77 12 22 2 96 6 26 99 15 21 50 67 85 81 95 5 79 60 38 31 86 72 67 78 47 51 88 47 5 61 79 96 88 86 61 58 93 40 95 49 13 51 61 56 19 99 12 23 90 86 0 30 94 7 31 28 97 2 1 8 41 48 16 7 29 61 85 62 77 5 92 21 30 32 13 79 37 78 64 84 67 14 49 89 85 32 67 79 88 20 34 67 31 41 87 76 20 3 41 74 29 49 29 6 48 18 37 25 25 58 60 45 74 47 1 25 71 69 14 40 59 18 43 21 6 26 80 58 65 87 79 67 63 60 5 28 62 15 74 65 65 43 6 84 23 43 43 96 32 36 69 78 62 97 21 77 3 32 46 94 52 48 59 19 57 57 12 99 48 80 71 79 75 12 62 16 74 76 4 41 80 58 52 89 32 39 72 92 16 87 57 98 13 71 46 61 22 70 68 0 33 61 53 28 70 79 80 42 3 11 87 41 59 27 42 66 87 84 3 92 46 87 42 1 68 64 80 62 2 89 10 34 27 22 48 79 62 58 98 32 2 96 37 58 78 6 7 27 94 58 31 24 89 4 21 35 82 19 76 72 4 15 73 70 53 14 59 48 98 38 19 45 11 66 70 63 43 65 72 87 69 71 12 41 74 5 73 93 37 47 55 54 38 48 7 67 19 42 62 95 24 7 97 37 23 47 45 8 
99 2 21 55 8 56 45 41 95 67 67 94 98 50 44 13 11 28 24 49 14 98 43 61 83 92 13 29 40 77 26 54 83 26 61 1 28 97 66 35 14 34 58 55 46 10 80 0 27 26 29 68 8 94 27 25 19 23 38 96 84 53 23 40 1 45 57 24 87 66 56 79 21 54 67 50 7 32 75 43 26 56 14 37 54 26 81 84 40 30 32 14 93 23 45 86 91 39 28 16 66 51 35 38 10 43 98 85 27 44 8 50 76 28 62 63 24 78 75 9 86 82 17 52 17 55 15 53 56 23 23 2 58 31 26 58 35 88 82 60 0 22 7 6 50 95 82 14 35 21 25 84 34 87 99 5 26 5 94 16 31 15 78 29 73 4 34 98 22 15 40 33 68 29 1 74 46 76 37 55 53 12 52 37 18 85 14 33 2 12 17 27 18 69 16 41 0 84 30 87 58 46 51 30 22 86 66 31 33 29 16 77 96 27 16 77 79 19 83 89 12 37 94 50 16 78 57 47 84 43 99 75 31 14 20 66 2 93 45 59 44 12 66 0 26 62 88 87 54 39 58 52 4 28 41 94 57 70 11 10 44 3 28 17 93 18 2 54 31 78 59 92 9 54 24 73 61 68 9 31 9 95 74 34 42 85 16 46 41 40 7 62 87 75 14 18 96 60 86 33 47 49 4 6 61 23 50 71 28 15 98 18 82 76 27 71 70 95 48 71 64 26 36 60 67 86 29 89 24 78 43 39 5 69 78 87 97 87 95 66 6 57 76 31 39 37 7 96 52 32 11 12 54 62 43 55 19 21 16 22 61 18 6 32 41 56 60 69 44 50 35 23 57 3 10 70 46 8 87 68 64 54 49 21 7 57 35 59 31 80 60 53 55 54 31 41 40 44 96 60 
97 23 35 37 56 49 5 76 34 83 70 44 66 42 18 34 51 87 70 81 35 87 52 99 54 70 65 49 68 58 79 82 82 16 87 96 63 11 41 4 66 63 82 39 34 28 8 60 79 31 68 91 15 81 29 51 39 84 77 37 42 74 72 69 26 11 3 16 86 56 37 50 8 52 3 65 24 32 22 22 13 75 39 20 71 60 94 13 88 18 94 79 94 19 12 32 85 92 21 78 13 73 85 27 19 22 74 62 45 25 34 52 14 69 80 25 83 70 96 2 78 30 37 81 73 11 10 28 51 81 36 85 52 70 91 53 95 17 59 63 83 0 61 31 3 70 17 96 47 80 90 45 22 78 45 75 73 16 55 56 12 37 34 42 23 75 92 31 60 80 77 99 44 2 58 14 2 38 30 80 11 10 6 46 94 62 87 19 76 91 38 96 56 51 92 7 63 68 7 70 42 97 41 58 46 29 54 69 33 33 59 53 67 67 77 90 68 16 51 35 40 44 60 72 39 88 9 43 26 17 90 60 97 50 86 61 27 33 88 9 15 22 31 56 96 81 49 36 87 43 52 39 11 34 61 85 77 48 9 31 77 41 73 68 81 96 5 55 37 84 5 25 99 7 66 52 20 62 6 60 54 50 62 41 79 79 24 82 90 35 42 53 37 49 61 38 19 58 81 12 10 8 88 53 39 26 41 37 17 79 71 11 43 46 74 15 54 45 38 87 63 88 46 52 36 33 30 63 97 2 55 4 29 14 66 74 50 52 92 68 9 52 9 52 25 79 44 28 27 85 98 5 10 85 17 96 92 73 35 42 0 54 59 96 58 34 71 79 48 32 74 28 70 53 96 91 68 97 47 73 34 75 9 83 80 4 8 18 32 68 33 55 85 19 80 80 45 52 10 4 
81 12 4 29 86 9 75 80 40 51 16 77 67 7 14 46 90 94 62 8 71 72 91 95 98 65 30 74 18 4 95 65 29 10 53 44 31 97 66 48 45 34 11 88 94 28 98 64 83 75 84 93 71 91 18 97 61 68 15 32 89 13 20 55 72 16 54 76 24 54 34 38 79 71 11 87 35 4 21 55 38 2 62 82 75 82 61 41 21 4 92 93 86 88 42 45 54 48 58 21 33 62 11 71 10 20 56 48 58 89 14 42 69 33 15 57 11 93 9 88 25 20 16 65 17 61 68 52 87 70 78 72 42 93 72 10 3 49 12 41 15 56 17 2 83 98 48 21 55 88 58 73 55 33 25 81 10 80 72 2 12 44 50 11 19 41 70 63 52 28 60 30 6 96 12 46 23 26 24 43 95 50 11 44 58 95 87 68 37 81 6 1 71 5 97 57 44 48 93 86 54 91 50 74 12 23 52 6 63 21 32 50 7 88 12 30 78 30 23 51 23 19 95 33 5 20 72 15 17 47 71 12 38 16 14 25 63 35 68 19 46 19 84 30 47 90 47 33 59 98 49 76 38 4 39 92 23 62 78 91 18 90 11 84 62 77 80 99 40 18 94 3 8 27 15 3 51 68 5 40 45 26 68 61 3 62 9 52 91 75 16 84 75 13 91 90 88 91 95 73 40 42 6 21 89 90 17 82 7 86 89 40 76 15 41 78 91 78 54 65 19 71 41 18 0 76 64 99 38 41 99 18 6 67 21 46 57 56 76 74 52 96 1 43 28 33 19 61 85 84 25 93 42 97 30 86 54 86 21 86 38 81 57 66 29 3 99 64 85 41 65 47 36 33 57 32 41 52 15 8 52 35 19 10 59 6 86 67 11 9 67 43 43 33 25 78 23 17 3 38 
39 65 83 66 93 22 78 67 87 80 92 11 46 40 3 36 76 87 70 73 33 27 5 2 9 58 46 76 43 56 5 8 52 52 15 22 73 7 92 57 71 28 43 20 30 60 54 1 56 62 34 77 22 44 88 12 87 52 57 47 28 93 87 63 93 93 80 35 74 48 34 53 95 46 16 21 52 41 56 47 67 95 85 14 40 50 3 29 35 15 85 32 4 20 67 66 92 53 44 54 42 64 81 83 97 16 14 53 75 15 64 93 5 16 88 44 54 88 47 87 0 50 47 73 42 76 73 25 47 96 35 54 43 25 84 92 75 27 1 89 49 40 11 40 2 59 66 60 87 53 24 36 2 95 50 37 94 63 6 29 20 26 38 7 88 85 32 63 99 35 31 60 33 86 68 94 54 61 32 77 9 62 45 31 25 92 27 57 64 27 41 77 9 47 29 78 69 53 56 28 67 67 45 26 4 47 48 14 21 31 90 11 39 15 27 44 50 86 66 20 36 73 64 77 4 34 71 62 97 25 97 28 45 89 82 75 56 69 70 29 31 10 35 2 9 4 65 56 23 61 14 46 47 89 28 86 71 68 25 47 66 17 67 86 96 31 96 60 30 85 95 17 77 45 51 87 71 68 56 26 93 0 76 51 43 87 31 3 97 61 34 49 15 96 17 30 16 66 71 56 50 46 22 1 17 86 83 29 57 69 75 59 73 25 43 76 57 27 13 40 10 33 39 49 68 83 43 73 1 98 80 3 57 94 28 81 76 87 95 89 15 57 3 69 5 26 36 24 5 24 17 85 98 4 68 50 66 22 47 2 43 2 19 70 5 19 29 70 43 70 78 86 41 97 27 18 34 32 30 59 16 47 96 7 17 97 4 57 59 5 2 17 38 28 11 52 99 66 12 55 
72 60 81 68 47 45 45 78 69 7 90 78 68 52 78 17 23 10 91 28 88 48 59 94 10 54 65 5 60 67 10 40 53 52 7 79 30 8 90 31 53 50 8 32 23 15 94 40 36 69 98 25 37 83 40 58 83 1 84 50 22 74 58 70 5 80 85 92 32 80 40 7 89 67 63 5 92 28 20 11 8 43 81 32 43 97 41 8 13 25 29 66 39 90 1 4 79 78 71 6 46 75 47 45 55 96 27 42 98 6 38 42 91 68 55 27 20 99 35 56 24 82 47 93 74 9 59 42 61 51 4 81 81 26 34 62 86 82 30 82 19 19 69 93 70 51 93 88 70 81 34 27 37 67 15 4 79 5 91 32 34 7 88 74 59 53 66 21 54 69 89 89 10 17 43 65 59 69 23 19 39 23 21 20 70 13 29 94 17 11 61 67 46 58 13 68 22 96 51 30 27 9 15 95 43 45 32 41 76 67 0 82 93 24 57 84 44 21 44 23 70 43 46 50 13 52 28 43 57 46 0 74 9 53 10 89 42 58 12 45 99 95 32 39 79 6 9 41 44 92 9 79 33 36 94 62 15 4 40 72 67 52 33 15 0 91 62 22 75 42 34 82 10 37 24 10 56 71 50 97 53 37 55 79 86 52 24 30 64 3 79 90 42 11 79 64 32 81 88 75 30 91 90 35 19 51 32 77 70 80 63 63 86 99 15 30 21 61 33 26 40 5 29 93 81 77 42 6 5 52 28 87 7 30 13 28 72 27 39 50 16 13 69 32 93 89 68 73 15 64 92 30 83 6 39 41 36 18 93 39 51 36 9 62 26 95 11 70 12 95 86 36 66 66 32 43 21 60 27 7 26 9 10 71 74 66 41 51 7 64 85 74 98 0 87 64 83 46 63 39 
15 17 36 36 80 58 87 8 14 96 55 60 95 63 71 88 51 20 62 6 42 57 41 63 43 18 40 18 30 62 58 2 20 30 10 8 30 62 10 24 19 89 9 88 46 52 34 65 23 38 18 15 73 62 90 7 80 28 33 43 32 9 91 28 37 5 19 47 40 34 23 58 14 31 69 76 52 14 63 63 63 58 51 13 48 99 40 81 71 43 29 23 31 73 63 35 37 16 69 66 46 54 47 30 74 17 6 3 31 14 99 89 9 89 90 0 28 36 34 41 38 43 42 67 93 23 54 86 92 73 81 79 37 18 85 32 75 13 81 41 89 32 90 27 67 10 58 36 91 33 93 56 43 11 12 46 28 87 43 54 71 57 41 29 15 10 7 5 26 21 81 95 76 72 88 74 4 71 33 10 30 97 76 1 9 37 36 92 30 41 90 25 44 84 25 16 97 33 93 64 97 46 47 28 62 18 87 37 91 90 51 69 58 30 16 68 23 75 38 2 74 84 28 30 80 42 96 37 84 12 0 74 29 63 46 96 30 13 58 36 62 20 41 61 61 78 56 90 43 18 61 95 83 65 61 74 79 54 43 19 26 23 56 5 26 50 3 20 12 18 75 0 16 21 51 23 85 45 45 13 88 30 74 23 35 24 36 79 42 46 45 14 89 30 60 11 93 89 98 14 23 13 22 40 21 89 24 90 16 21 70 28 78 11 4 31 49 49 6 76 31 80 7 71 84 48 25 88 96 65 38 57 61 98 24 40 5 52 25 90 60 85 64 4 65 97 4 25 65 52 98 5 80 57 89 65 10 47 66 10 73 30 84 82 37 29 77 32 36 77 77 48 40 28 95 55 33 59 78 8 3 96 81 91 83 45 42 0 77 17 8 63 22 76 55 23 47 9 20 61 
6 37 93 15 55 35 74 4 66 6 61 9 31 31 31 29 38 47 7 45 48 99 82 47 77 30 64 75 35 99 66 14 11 72 76 3 27 42 22 24 44 18 5 86 37 59 63 31 3 77 51 22 99 21 93 32 37 22 10 91 62 47 66 56 79 58 55 20 55 37 94 93 51 75 27 90 53 69 34 17 40 9 99 26 54 35 89 44 29 18 18 89 66 85 17 65 3 43 50 39 91 95 59 73 32 96 63 69 64 73 75 56 76 92 94 2 89 72 53 78 19 23 39 47 8 97 51 63 41 74 68 87 99 46 24 0 33 71 72 0 0 98 23 92 99 46 77 64 92 89 81 47 2 41 10 37 92 90 43 18 83 72 42 25 27 68 2 24 32 22 7 86 42 26 89 79 1 23 75 51 71 94 43 2 38 83 31 93 11 90 42 40 19 94 63 40 39 30 48 71 71 10 11 24 87 27 62 87 70 14 41 31 14 47 76 79 87 95 53 13 31 7 71 87 71 97 12 12 16 88 59 49 96 67 49 8 81 54 65 59 62 48 19 1 89 64 67 86 73 23 89 53 42 74 94 27 93 80 28 21 48 81 3 4 45 25 45 92 86 51 35 87 97 22 40 52 85 77 2 16 56 56 74 63 10 42 81 38 7 38 72 36 16 39 91 34 60 23 78 28 76 77 44 40 95 34 97 1 0 41 81 0 25 14 69 93 57 49 10 46 95 74 63 24 45 4 40 11 48 66 89 22 13 14 75 65 41 56 37 62 19 61 73 51 34 57 90 83 46 53 33 86 11 61 15 13 41 81 73 85 12 66 5 84 4 64 49 51 49 94 1 45 11 33 58 91 40 44 7 3 28 63 43 39 70 39 57 60 66 54 23 54 90 35 79 13 5 80 97 36 
40 58 48 54 55 69 87 58 28 9 91 83 1 79 40 64 56 52 51 48 54 63 98 57 53 21 54 38 55 2 88 2 59 93 35 51 14 68 53 64 52 50 60 18 80 17 63 29 49 16 77 21 99 67 9 47 69 12 31 82 44 58 33 73 56 83 38 30 38 84 23 31 62 72 27 61 25 81 28 51 29 14 42 56 68 48 8 87 38 63 33 29 43 27 17 87 9 12 24 46 18 55 38 97 8 51 63 27 16 58 57 20 76 99 75 52 49 68 60 53 60 99 77 59 36 11 0 26 64 72 54 48 1 74 13 78 8 62 61 92 81 61 11 78 2 31 32 5 9 16 65 29 68 16 35 13 60 60 13 18 99 50 75 79 13 53 69 28 40 86 4 96 28 18 61 73 84 34 88 75 2 27 98 84 92 46 70 62 97 15 96 65 57 79 27 79 29 56 2 89 90 40 37 40 50 13 17 32 64 40 79 15 91 63 44 57 29 89 35 35 48 35 31 53 14 88 8 81 41 70 83 40 33 10 24 51 53 14 63 59 51 12 66 72 28 66 90 36 7 84 41 90 29 66 71 9 9 78 40 79 21 32 88 10 49 52 52 17 62 44 24 38 86 23 97 87 77 69 69 22 91 40 57 49 37 6 47 6 52 88 99 32 26 66 71 34 82 92 5 91 82 45 32 34 7 45 47 99 51 24 21 58 3 33 42 28 50 9 25 95 82 93 90 21 94 52 53 96 76 61 52 52 99 11 26 50 56 86 45 40 44 67 21 32 73 11 77 65 34 45 49 4 35 68 5 96 10 86 37 24 71 54 89 73 19 91 55 6 67 26 82 34 69 90 90 77 23 90 38 70 63 38 4 73 16 62 59 28 78 52 93 59 43 44 67 88 92 53 70 63 
78 81 67 6 55 68 55 72 79 25 88 75 67 2 82 23 27 91 97 53 51 53 69 48 64 67 95 31 88 52 68 64 92 66 40 71 8 67 16 73 28 74 47 38 52 32 78 49 37 75 46 4 27 14 54 56 75 30 9 89 22 61 16 61 8 6 92 5 21 37 83 49 94 27 96 17 12 15 32 60 46 37 31 36 24 11 8 21 78 83 96 19 61 45 91 82 96 57 40 17 35 79 70 11 97 49 3 27 86 52 26 6 55 71 31 37 4 40 34 29 10 36 40 68 19 46 77 72 19 83 27 74 73 84 65 83 88 39 95 17 30 35 77 21 26 39 15 56 85 52 41 76 76 74 78 76 95 32 29 50 9 11 85 68 6 30 65 1 21 67 89 90 16 75 48 81 61 6 79 36 62 49 80 4 42 53 74 84 65 93 80 49 62 79 36 60 88 11 42 46 80 71 61 50 64 2 73 72 86 76 6 13 78 53 40 31 42 29 79 54 61 99 1 44 10 89 26 33 90 76 39 41 15 60 6 58 78 30 28 60 99 88 4 87 63 73 88 57 43 62 6 48 91 80 37 55 13 14 27 35 96 61 40 59 7 14 48 72 42 32 94 88 59 16 75 19 92 5 61 88 40 83 54 90 15 78 75 82 64 66 0 38 42 54 75 10 4 13 69 46 56 96 31 45 93 38 40 65 93 65 7 78 35 25 16 27 10 62 76 70 57 57 97 47 75 98 6 25 54 77 70 60 72 98 66 30 27 3 14 39 38 52 77 94 87 24 40 71 98 15 7 74 49 70 25 93 98 87 41 73 2 25 13 89 87 34 72 55 20 63 67 23 51 23 99 13 60 88 33 62 20 47 9 94 33 58 52 1 88 3 61 68 58 82 82 69 15 51 60 77 
28 37 27 88 4 86 43 54 46 25 91 1 65 12 66 43 31 77 4 26 78 47 21 73 68 44 21 0 54 86 51 95 39 19 15 34 53 1 46 17 41 14 3 51 3 91 33 44 97 87 58 80 80 7 50 24 38 75 61 75 82 27 37 21 9 99 39 94 67 84 63 46 1 4 13 0 88 16 39 29 53 84 21 43 54 22 52 74 46 7 26 49 61 50 17 79 58 78 34 23 32 67 12 66 18 48 56 37 22 3 23 15 53 63 55 20 13 54 34 49 30 11 65 70 65 15 67 74 6 88 57 74 17 37 25 76 16 99 93 5 91 59 62 89 80 30 80 74 15 17 49 24 32 61 14 83 56 37 68 49 38 65 55 25 39 3 75 21 15 52 72 48 26 74 75 23 21 55 5 37 34 44 88 80 55 67 68 58 9 50 44 96 36 17 69 22 96 89 38 91 40 66 68 3 10 58 55 30 26 79 66 62 60 87 48 83 71 74 48 34 11 40 22 20 85 51 26 33 38 11 33 56 73 72 45 33 77 76 2 1 42 14 86 0 3 22 5 72 48 65 97 68 72 16 75 0 34 16 15 88 96 32 21 60 72 39 92 30 38 44 23 40 53 39 82 31 13 4 2 68 22 62 48 86 43 5 79 96 61 60 11 81 81 42 1 29 83 39 89 82 25 33 99 95 3 8 25 96 32 51 27 98 93 83 92 39 32 53 17 45 16 35 52 67 23 43 82 33 92 76 71 74 46 1 17 27 40 39 12 93 11 25 41 38 97 57 46 72 55 26 17 30 41 97 27 63 33 96 75 84 49 29 99 45 65 54 42 7 76 57 30 57 86 79 48 8 30 12 14 28 16 45 44 43 82 37 86 44 71 13 73 76 68 12 24 4 90 25 9 16 
20 22 92 41 41 52 87 41 24 12 59 75 64 82 38 57 50 52 69 82 45 26 36 79 64 7 55 49 81 62 27 48 82 29 66 35 8 2 11 12 76 93 70 77 1 97 14 87 85 38 8 77 79 18 35 40 49 67 24 42 11 1 84 77 3 80 43 18 71 75 7 73 48 58 22 27 72 34 25 29 31 31 21 94 81 30 14 88 67 84 54 39 2 97 35 19 92 77 8 67 94 68 8 61 1 16 84 44 46 60 66 56 91 35 23 52 39 86 91 94 30 81 57 91 27 59 12 36 87 25 32 16 25 65 18 15 96 80 83 76 65 92 42 50 7 25 48 72 25 62 55 6 82 56 7 10 75 83 56 34 62 68 16 36 24 6 16 27 91 59 0 36 26 38 60 41 19 43 88 97 59 58 77 53 63 7 29 4 48 49 47 33 19 18 11 48 71 79 55 62 12 8 43 59 10 54 73 5 93 39 29 71 78 90 59 5 49 35 78 74 0 61 72 59 96 22 34 42 59 63 62 99 50 13 43 77 40 52 37 25 66 26 44 26 32 93 49 16 12 48 27 50 30 71 60 22 28 2 85 37 30 88 69 26 92 96 52 87 59 95 83 97 42 27 64 63 54 28 4 14 24 86 79 59 89 54 11 41 82 8 91 73 78 36 86 80 28 51 20 44 93 68 52 97 53 32 78 5 97 35 16 38 26 60 56 86 43 39 36 13 60 69 68 27 41 80 95 40 13 75 12 96 49 43 55 78 0 99 1 4 56 46 20 40 84 52 6 45 7 38 83 81 61 45 61 30 77 39 84 94 99 0 91 91 15 44 81 71 13 26 67 45 46 76 28 16 35 12 2 79 45 19 45 29 81 31 34 78 57 59 50 78 70 61 39 34 63 79 89 84 
58 11 36 35 97 95 22 75 16 29 72 93 69 2 18 90 84 33 42 96 68 34 65 9 78 99 96 28 13 80 80 74 29 54 29 78 88 25 28 68 58 26 3 18 7 26 41 74 34 17 66 66 80 49 4 42 39 23 31 2 69 62 66 36 24 65 54 74 78 43 74 27 28 97 40 82 71 52 27 35 91 24 10 39 12 36 19 82 69 43 64 47 83 30 26 82 70 50 42 84 13 9 69 60 24 72 82 73 53 60 95 41 84 66 33 20 32 87 40 76 17 75 74 15 87 4 85 1 26 55 50 31 16 7 57 56 45 85 22 40 61 14 38 67 71 22 23 79 24 41 60 16 93 5 65 54 33 96 74 24 86 94 93 96 63 36 57 79 50 38 8 62 56 70 92 1 77 42 21 47 84 96 58 42 46 51 67 5 86 33 29 31 73 52 40 26 10 53 65 71 37 71 47 80 72 95 64 79 95 12 95 17 96 30 12 67 53 43 61 7 92 33 64 10 11 16 23 93 98 66 14 22 33 94 3 92 2 19 2 46 11 21 0 75 56 80 78 54 88 3 94 56 16 94 65 30 56 12 57 65 77 35 80 31 98 53 30 96 83 52 64 57 51 61 85 3 8 66 17 39 65 31 28 81 3 41 56 2 28 98 86 39 88 8 47 75 24 62 37 48 1 59 79 48 65 96 53 81 85 95 1 75 22 29 87 1 79 82 6 51 83 7 79 70 15 53 2 76 68 75 31 34 58 91 86 32 75 57 37 76 25 61 37 21 69 32 88 32 90 76 23 44 73 39 92 14 95 21 9 36 20 13 34 0 41 54 26 32 68 46 53 56 57 46 10 17 9 79 67 87 95 73 54 61 83 62 40 48 42 89 73 35 1 99 30 21 45 38 22 84 
59 33 12 49 22 47 79 15 82 15 51 37 33 7 56 62 63 51 96 83 58 49 6 60 35 31 60 2 92 20 64 68 34 95 15 12 78 20 41 44 91 52 97 50 30 31 24 48 62 16 88 87 57 81 27 47 7 39 23 6 77 32 52 45 40 75 53 60 63 5 4 12 74 42 44 87 25 53 95 2 65 35 71 93 37 16 60 76 3 24 41 25 80 90 96 50 93 55 42 73 68 25 79 69 66 0 61 70 38 33 80 80 82 25 21 60 77 44 43 72 9 90 91 48 65 30 5 32 5 85 56 91 60 62 54 13 99 20 40 54 41 50 32 23 95 70 39 8 72 67 46 70 39 45 11 21 76 11 73 50 24 87 89 51 29 14 90 87 9 56 60 48 86 74 75 78 82 93 85 22 0 14 85 18 79 65 29 59 41 74 92 8 26 83 29 81 42 34 23 43 93 73 97 30 9 87 8 5 89 88 42 77 88 61 49 8 76 65 61 95 36 83 34 90 92 34 21 39 51 93 28 46 49 2 44 67 26 98 3 9 91 13 15 45 44 40 33 77 9 26 81 67 53 86 42 57 60 3 1 79 88 17 54 39 74 45 25 23 6 30 45 40 64 69 67 94 60 38 43 9 60 36 92 34 33 55 32 12 7 24 60 80 69 16 92 75 97 73 47 91 27 33 18 61 16 56 23 85 8 24 52 94 72 51 80 52 66 10 97 7 42 31 82 19 26 23 39 20 12 93 15 58 90 1 86 41 87 46 91 9 44 27 14 38 57 31 94 6 89 26 37 71 3 65 41 66 71 90 67 20 80 50 52 73 8 24 83 34 49 78 74 15 8 52 21 92 59 71 37 43 59 32 23 11 96 34 66 87 69 85 55 95 94 92 43 10 7 4 88 67 
42 65 0 17 53 34 5 81 18 4 37 67 78 44 68 75 23 86 48 42 62 36 87 11 77 34 60 75 69 33 83 49 34 20 18 58 45 56 4 79 42 30 48 51 32 30 95 96 58 0 65 86 11 82 61 14 88 66 2 67 16 57 24 62 29 92 36 35 5 21 69 37 72 57 76 54 88 9 97 81 0 29 85 67 93 25 38 59 49 42 54 15 62 39 81 40 95 36 17 50 34 54 50 16 46 93 57 4 29 90 9 14 84 62 69 97 66 11 65 51 15 91 31 74 62 30 87 23 1 75 54 26 46 31 44 90 69 82 48 86 57 2 8 28 12 57 37 17 4 13 88 65 6 41 34 60 24 67 93 30 9 0 23 15 75 48 54 10 78 3 65 15 19 91 10 62 47 6 60 58 29 18 63 93 10 92 90 86 36 42 16 25 88 76 95 2 68 89 20 40 75 77 43 67 11 89 6 72 21 11 7 52 47 4 87 4 11 79 16 59 37 31 87 84 35 35 30 93 52 21 96 21 62 24 46 78 13 86 60 22 66 2 97 19 45 33 64 44 93 76 87 79 81 97 4 28 12 13 81 95 41 69 4 72 37 68 28 49 53 20 78 21 10 53 79 48 26 54 37 40 40 25 68 10 40 25 43 23 49 82 56 5 30 41 40 57 2 68 98 7 75 53 37 24 81 2 56 51 76 71 58 61 0 3 15 9 28 16 21 12 5 49 86 85 27 33 81 85 87 22 27 73 7 27 60 32 8 25 89 66 62 36 89 21 21 94 7 63 14 59 62 16 75 27 96 58 92 61 34 10 58 64 69 61 21 79 37 19 13 72 98 67 68 60 91 79 83 81 81 53 82 33 29 37 17 64 33 5 33 24 25 31 10 95 76 22 77 24 4 43 
25 90 58 49 26 37 43 7 99 86 32 85 64 65 27 50 90 12 34 73 6 11 43 57 71 91 53 89 16 72 70 72 1 66 2 73 84 49 23 22 47 67 45 65 73 2 99 80 18 91 94 34 83 67 58 42 1 91 64 0 56 45 83 80 95 89 53 57 38 29 19 15 69 85 95 25 39 49 34 94 21 92 34 56 52 13 78 21 28 45 64 50 71 56 98 61 65 19 60 51 69 33 60 26 75 4 15 23 44 26 24 4 55 77 62 36 85 36 19 71 44 31 62 63 47 37 48 83 29 51 26 99 3 0 50 72 75 91 29 81 10 77 36 98 8 8 77 29 67 67 3 47 5 38 29 24 86 40 0 88 77 51 16 71 17 60 32 80 40 16 16 51 87 26 10 49 64 86 72 23 32 93 97 49 3 86 90 12 6 68 35 38 92 85 82 2 72 91 55 90 77 53 48 39 62 24 95 68 44 15 62 99 97 55 35 57 59 67 96 71 41 79 4 68 26 94 99 85 42 26 46 55 92 11 22 87 78 37 15 80 30 34 84 64 63 13 30 28 27 8 20 69 6 51 0 23 94 86 35 42 85 21 2 1 56 38 90 62 61 87 97 87 39 52 69 54 45 47 1 97 28 42 94 71 1 81 23 98 82 5 51 91 39 12 62 71 69 50 27 25 14 79 14 39 52 18 70 2 38 89 72 8 83 38 73 37 38 53 12 93 1 31 59 79 94 62 7 50 3 30 2 67 61 8 74 60 51 78 99 99 24 26 81 90 6 30 69 53 13 70 16 92 35 15 66 11 53 49 25 68 90 4 7 72 70 88 95 88 82 84 87 69 30 63 66 74 83 58 52 69 38 90 90 88 60 78 37 57 4 71 7 0 30 62 21 20 29 17 72 5 
56 62 63 25 35 60 75 44 97 4 83 96 41 87 63 84 89 44 24 12 46 81 58 67 23 33 16 52 6 84 3 71 52 35 74 46 65 29 97 25 95 78 13 70 98 26 38 65 32 73 6 1 33 50 53 31 65 17 26 71 17 93 61 24 80 30 29 36 95 34 27 20 59 97 84 92 33 55 92 22 66 61 83 79 32 72 73 38 89 45 68 74 31 4 25 14 83 80 55 63 17 94 71 45 68 49 60 25 22 78 8 63 31 75 16 90 23 57 77 40 21 27 20 20 62 29 20 36 33 53 9 88 3 14 70 92 66 22 98 58 54 82 48 4 4 85 21 78 38 38 62 3 23 33 50 61 39 67 5 63 38 52 34 34 78 87 10 34 65 76 14 73 67 44 73 6 87 29 37 80 58 31 0 5 89 44 86 81 79 3 49 46 38 87 35 54 44 86 51 86 41 6 75 84 51 24 25 44 90 84 65 63 77 40 2 34 13 4 75 89 8 9 31 45 5 0 72 90 54 14 89 77 2 46 78 99 40 6 84 34 47 61 57 52 40 25 88 56 17 33 57 88 40 77 32 36 7 72 92 88 80 18 98 46 24 30 42 52 88 90 69 41 64 10 59 1 43 93 52 17 27 50 97 46 97 19 12 4 48 87 4 80 39 69 93 41 79 63 8 41 61 32 77 71 8 49 42 28 27 78 59 41 30 12 51 23 93 30 34 12 96 33 7 96 65 92 60 26 39 20 11 90 45 3 44 11 15 99 64 45 50 94 20 26 17 11 62 76 51 63 39 0 20 30 22 98 40 63 96 42 77 47 8 53 39 0 9 90 48 52 78 54 54 46 49 54 74 79 67 21 11 54 38 25 18 73 96 70 30 78 0 40 27 58 47 76 55 3 56 18 
77 36 91 93 94 21 2 80 88 48 93 36 60 63 52 14 87 91 66 94 81 21 84 48 27 70 99 70 93 80 78 14 65 15 68 90 9 33 8 9 43 54 89 95 8 30 8 44 28 16 92 12 92 59 66 43 11 39 60 72 65 83 39 11 76 56 0 67 85 40 39 52 91 68 98 33 38 55 75 69 35 52 93 64 38 17 68 44 13 53 52 81 99 51 42 84 6 64 64 78 61 27 38 69 48 67 17 47 54 85 29 55 38 2 41 80 49 3 54 79 31 8 17 57 71 45 68 21 16 79 67 34 21 62 89 28 63 63 70 59 76 25 17 45 64 44 74 22 68 45 97 61 31 67 87 88 77 13 68 22 0 77 2 44 64 69 22 46 50 36 36 92 37 63 63 96 73 20 77 45 19 27 44 41 44 95 59 59 89 19 71 64 83 38 89 79 44 19 98 14 90 73 52 55 51 43 1 71 56 47 33 34 78 16 81 51 66 64 44 13 67 15 45 2 25 13 67 67 25 78 96 4 27 28 77 62 87 92 64 82 7 77 80 63 69 65 1 35 25 46 83 90 16 8 97 4 51 88 72 68 21 92 26 65 42 91 32 12 58 96 35 22 81 62 78 11 28 87 6 14 48 17 8 91 26 56 7 15 47 17 62 3 61 62 44 24 41 91 92 73 26 53 96 53 34 61 80 7 79 71 72 87 29 56 38 79 67 5 69 90 39 29 83 55 25 8 79 85 70 92 22 38 5 52 75 58 22 36 30 85 59 68 47 35 60 12 86 10 25 52 44 65 13 15 39 33 9 73 35 33 35 94 14 26 21 69 73 26 97 13 27 32 86 77 53 9 31 37 19 5 38 48 3 21 55 45 27 7 90 83 19 95 46 0 47 89 52 99 30 59 
80 97 96 36 61 85 57 13 99 87 30 7 88 67 55 13 84 85 66 79 26 52 52 11 6 51 93 4 24 56 29 4 53 55 52 10 37 33 93 23 20 86 70 28 77 63 91 77 52 8 33 77 59 13 89 66 87 92 82 42 11 6 90 85 37 29 0 29 44 81 42 32 83 29 12 69 20 17 65 62 74 54 96 87 47 86 63 23 29 64 63 71 4 6 79 39 13 61 3 97 32 41 87 7 38 82 56 29 49 57 45 90 68 35 46 63 28 79 13 54 31 22 83 51 75 60 98 81 63 96 14 79 32 49 56 60 74 11 21 32 12 35 72 36 13 31 32 17 92 15 20 79 31 17 8 43 12 32 91 35 68 18 45 66 55 20 83 84 8 53 88 34 68 55 62 77 25 61 93 87 9 76 4 95 97 36 62 62 87 97 75 6 41 79 63 14 31 63 73 46 90 84 60 84 99 4 34 75 48 78 26 11 66 60 92 77 27 8 26 89 84 93 77 77 29 35 92 72 71 2 45 30 70 79 30 57 33 27 53 1 95 38 50 16 31 52 53 46 54 25 8 63 39 38 31 72 39 77 18 50 35 17 17 93 95 20 49 62 76 21 19 71 76 37 46 95 56 91 62 64 42 87 3 56 4 37 74 0 85 67 10 87 31 40 85 38 81 89 94 94 21 67 78 78 32 3 46 35 73 3 36 10 87 62 31 96 43 49 88 8 74 3 35 16 51 54 54 49 71 7 28 17 44 36 13 29 7 3 45 48 66 98 30 69 54 21 38 44 41 56 61 24 82 53 47 67 67 0 36 50 47 62 8 87 34 83 50 73 42 6 24 10 31 10 45 75 1 73 57 51 92 20 88 88 13 55 90 95 3 67 46 14 84 81 50 89 29 47 54 72 
75 53 58 26 16 89 17 71 58 94 15 1 45 63 38 85 43 84 33 85 63 0 77 24 26 94 21 34 50 61 64 0 12 17 12 95 49 3 25 45 15 0 26 71 97 55 23 42 8 15 4 83 99 30 60 9 49 31 86 30 2 5 60 9 91 13 5 42 42 14 89 66 66 39 66 64 22 53 90 36 12 97 18 95 84 76 4 72 93 97 60 46 68 79 32 93 14 56 18 57 24 96 3 76 65 66 64 12 82 36 31 82 91 46 15 93 0 5 89 97 99 28 56 45 51 6 38 94 52 61 55 54 1 47 64 2 70 39 44 44 20 2 12 12 13 18 65 71 80 10 34 80 37 0 73 19 69 60 14 31 5 21 7 81 67 85 51 73 4 16 81 83 60 69 38 66 47 32 18 23 9 99 67 30 12 24 0 53 85 35 37 69 4 24 58 8 28 11 77 39 51 94 80 77 9 6 55 65 91 50 22 69 86 4 94 62 97 81 21 29 83 44 23 15 19 66 86 69 74 16 33 23 67 4 0 7 89 73 51 40 10 34 82 55 22 73 20 8 58 91 39 58 58 54 63 89 45 78 52 60 44 10 13 94 68 52 58 11 7 78 54 99 37 85 89 59 15 9 0 9 65 6 51 41 24 87 53 91 14 62 83 39 57 55 89 31 74 76 30 60 47 84 63 31 99 3 65 52 44 1 19 16 16 50 76 12 76 50 35 62 54 52 56 56 51 32 39 94 65 49 47 79 49 76 54 67 59 27 47 99 36 25 80 61 81 51 91 98 90 66 50 25 94 57 10 58 45 13 80 51 93 87 97 98 61 23 44 83 79 35 5 95 1 77 53 21 55 72 99 56 95 84 89 45 60 21 71 54 7 18 7 19 38 2 61 32 19 46 57 36 
18 69 27 60 30 73 50 47 1 46 89 64 97 36 10 33 13 56 59 79 85 54 49 89 81 14 75 29 40 92 88 25 35 78 60 47 67 44 92 39 85 77 44 4 21 73 13 77 77 45 16 65 79 19 49 65 32 42 34 66 22 52 10 26 88 14 77 98 32 15 7 6 66 37 5 16 7 5 75 45 45 9 75 36 37 59 89 64 36 79 91 46 78 77 34 31 68 97 38 56 34 95 94 70 8 70 36 66 44 18 44 14 3 4 94 81 55 43 53 45 6 53 85 34 73 36 13 41 63 86 62 86 59 41 30 98 67 19 56 16 2 29 43 43 9 54 53 15 13 59 74 48 48 28 85 56 85 49 75 99 61 6 25 86 76 36 30 99 71 38 10 26 3 66 1 32 50 55 24 15 40 78 20 90 72 36 79 66 76 60 51 98 50 57 29 79 73 15 83 31 44 73 33 10 13 17 57 94 77 7 2 83 10 98 66 98 85 16 50 15 89 61 49 72 51 3 63 17 19 97 89 61 42 16 54 86 86 17 88 51 12 77 7 21 52 97 65 12 58 74 67 80 15 35 18 68 78 84 78 49 28 23 15 65 54 93 53 94 21 92 45 10 6 38 16 25 7 8 8 49 65 52 61 0 64 16 82 11 84 4 75 82 2 85 41 36 34 63 73 36 34 52 57 80 7 30 97 81 97 19 92 40 9 31 49 7 59 90 68 3 86 74 89 52 55 31 21 9 35 57 42 78 88 94 88 91 98 65 41 75 64 2 24 25 26 94 42 66 72 66 81 59 98 71 2 92 85 61 12 28 46 12 53 11 33 70 13 10 61 90 29 87 63 84 17 20 52 27 41 32 59 35 64 71 34 15 26 61 39 26 49 54 81 64 82 92 32 15 45 86 
43 91 68 87 29 11 59 94 87 52 37 57 56 47 70 44 8 54 98 79 76 99 37 54 26 53 0 0 93 87 75 46 57 86 55 13 84 81 77 18 31 27 11 53 51 0 91 93 66 80 74 62 42 40 95 8 64 90 68 79 80 28 96 26 45 68 9 60 63 47 40 13 84 81 3 61 76 47 90 78 82 16 37 23 32 93 41 45 74 57 1 69 70 67 79 10 88 61 43 21 50 80 55 10 43 81 76 52 51 28 12 3 38 59 28 66 18 58 39 0 6 0 12 3 17 56 1 59 26 96 25 47 45 74 7 53 70 94 83 23 76 35 0 21 73 73 42 57 28 18 94 53 39 76 29 76 66 63 45 12 4 7 14 86 64 39 51 94 62 23 35 96 31 48 11 24 95 26 36 58 66 14 14 1 17 5 11 76 37 75 72 17 92 96 59 82 71 41 20 34 48 78 1 29 49 98 4 50 12 22 22 92 88 35 86 46 84 14 2 56 39 69 46 39 31 36 35 36 46 62 86 16 18 69 72 2 8 70 52 53 96 68 99 43 66 26 99 7 52 1 75 59 90 73 6 49 62 35 7 83 86 74 92 96 2 76 65 25 38 4 30 28 51 10 95 60 89 18 88 41 93 28 26 29 96 71 65 99 88 41 94 48 33 35 58 39 90 85 88 68 49 92 87 48 81 26 95 14 55 62 58 90 51 0 38 99 39 27 46 86 76 33 9 85 84 23 46 92 4 15 36 99 71 10 83 63 90 69 39 42 53 61 57 37 30 21 88 32 57 33 74 17 32 33 23 80 80 0 53 43 3 89 65 44 75 21 81 39 78 90 90 74 48 72 4 10 39 99 44 88 33 92 20 76 23 59 29 41 79 84 58 60 7 68 20 93 56 46 54 52 
14 47 41 68 22 39 95 18 12 45 61 20 99 69 93 64 81 72 79 42 23 44 6 56 3 80 5 29 52 89 49 84 96 98 68 12 9 58 68 12 54 9 87 75 34 76 9 19 37 64 44 17 34 3 56 23 45 93 11 65 22 38 51 69 90 9 42 52 56 13 96 52 70 41 95 61 72 81 91 64 61 34 93 61 50 71 2 27 84 74 23 40 34 5 23 83 26 42 23 34 90 71 30 51 90 94 49 18 24 36 4 28 12 84 81 99 26 10 48 50 72 64 49 22 44 86 98 12 2 1 96 93 93 89 27 24 52 59 0 11 86 16 55 57 55 48 21 82 97 37 8 83 26 40 88 75 88 64 20 22 12 92 5 62 92 11 54 3 18 30 25 99 2 46 21 70 16 3 17 22 85 88 63 30 92 44 60 56 50 44 4 57 18 89 13 36 95 97 81 65 90 5 59 71 96 6 21 67 24 57 96 28 53 15 7 72 19 24 15 84 98 46 38 71 79 6 13 3 94 63 20 29 63 18 27 78 81 96 84 25 71 57 78 71 89 97 8 68 55 2 86 8 17 14 24 98 55 89 48 79 33 44 92 27 33 35 13 64 43 68 78 67 50 21 4 79 21 60 38 23 45 64 71 35 69 75 95 81 1 23 59 77 32 61 93 4 64 64 20 1 23 61 42 26 83 99 42 12 33 18 44 51 99 68 86 69 3 83 34 45 11 95 42 36 99 23 54 11 48 83 80 58 46 33 92 80 27 16 15 91 21 8 14 14 62 40 75 74 16 68 23 57 40 31 12 25 22 55 52 84 45 71 14 30 14 30 53 19 39 64 72 99 98 50 45 52 11 13 1 79 54 87 22 61 8 57 81 7 69 76 34 99 47 7 34 41 13 17 53 47 
38 71 48 76 58 83 5 79 85 86 24 3 43 48 68 81 4 38 82 70 97 49 93 13 46 12 7 76 13 45 31 6 11 36 8 31 78 37 73 57 91 97 89 30 61 46 33 22 78 74 75 34 68 97 93 93 98 74 94 50 0 52 64 90 44 29 72 95 51 90 30 93 71 52 4 36 34 95 32 27 83 1 71 48 71 25 1 83 91 84 11 35 73 96 4 66 88 52 47 97 51 11 3 72 28 28 60 62 37 97 21 89 71 26 79 19 3 61 97 76 82 40 65 4 79 54 78 83 59 82 37 23 4 84 89 89 66 5 14 8 26 37 98 10 23 59 27 83 47 17 35 71 21 36 88 19 52 90 50 32 73 31 32 27 48 85 27 84 89 99 5 68 72 59 96 40 89 10 33 73 66 61 72 49 30 41 1 75 39 88 97 17 77 10 81 20 73 69 66 78 65 61 38 0 33 87 62 3 15 32 44 48 6 44 11 0 59 27 84 89 36 52 31 18 22 73 23 43 14 54 58 65 62 49 0 55 12 68 14 69 15 9 94 96 30 39 89 62 26 34 40 47 87 37 75 64 17 38 55 63 59 70 30 56 80 21 8 14 61 4 76 88 67 96 8 97 81 6 25 46 45 38 30 92 88 21 58 90 7 30 32 44 43 34 19 36 83 38 2 47 17 13 49 20 49 87 1 32 21 89 5 49 66 54 37 61 79 66 83 49 36 77 96 11 16 21 32 3 35 0 77 29 62 0 73 3 39 40 14 4 57 88 57 70 4 31 38 88 21 88 27 63 48 6 83 83 81 21 54 68 37 74 22 53 29 93 27 55 12 56 78 82 81 86 22 93 35 89 97 35 20 57 74 43 52 87 55 8 18 80 40 83 47 66 44 13 34 3 0 67 
8 3 46 25 65 56 40 79 74 84 37 58 33 28 15 2 86 86 25 26 91 96 55 49 26 82 48 96 42 63 19 16 67 85 29 57 34 91 98 63 63 76 38 40 33 76 82 38 91 44 67 78 49 51 39 9 39 67 25 82 99 26 89 17 97 41 32 30 90 64 53 97 13 60 6 61 38 30 85 22 40 5 81 95 86 53 67 51 72 69 92 16 67 62 86 66 34 84 15 57 54 42 4 41 33 37 66 61 90 6 65 6 36 45 55 1 79 24 27 76 23 71 89 69 56 96 93 3 50 95 25 77 62 44 24 68 97 39 41 76 35 36 81 86 82 47 32 21 92 74 48 95 11 95 11 73 96 71 66 81 13 88 71 26 99 37 29 61 10 42 36 3 47 43 91 71 48 97 16 2 98 69 94 64 27 63 82 57 25 89 6 63 92 51 52 37 99 14 38 85 12 50 22 34 5 69 31 13 1 49 68 24 23 91 41 52 61 68 48 8 5 32 85 89 21 42 57 65 12 83 79 42 7 79 53 87 76 40 78 74 41 96 72 92 41 9 3 69 64 74 42 78 75 69 14 48 33 19 97 98 68 8 22 54 68 72 45 44 10 37 47 64 68 29 35 5 75 46 39 10 92 13 27 11 91 60 82 3 93 11 77 85 49 73 8 49 93 50 35 16 2 59 64 70 46 50 58 95 96 48 43 72 61 20 85 48 57 81 17 62 31 86 25 69 18 45 24 69 20 33 55 4 0 28 58 57 39 89 60 83 26 41 51 73 23 37 56 56 61 27 18 14 13 12 56 86 86 49 23 0 15 45 56 43 64 51 3 68 75 88 58 56 0 42 45 36 94 70 41 0 39 83 93 90 97 61 15 69 15 25 8 6 44 13 83 25 38 87 43 23 
50 17 87 26 38 87 6 98 90 32 96 3 43 54 95 34 13 40 33 13 80 37 13 61 38 67 3 38 14 81 98 54 24 52 76 34 39 64 60 5 91 39 32 17 73 58 12 35 88 30 67 6 9 33 86 55 29 41 41 67 5 1 95 42 57 43 77 50 89 80 43 19 14 74 85 90 13 7 75 24 46 11 96 64 74 80 48 51 44 4 13 23 97 30 2 6 74 5 65 73 19 33 27 44 33 27 21 99 28 31 89 81 46 35 61 0 99 35 91 94 81 96 26 11 31 78 60 14 65 57 41 60 78 69 91 94 30 20 85 11 32 76 97 63 78 22 21 53 24 71 18 3 99 92 8 33 64 99 85 11 88 88 60 65 28 89 59 31 11 50 92 26 55 79 88 0 65 32 97 92 37 49 70 46 26 6 49 51 66 42 0 88 97 58 71 71 14 49 92 27 90 13 72 5 75 96 53 43 95 56 97 11 7 52 94 67 18 20 90 57 91 3 34 77 46 63 45 54 32 88 26 64 5 76 13 35 22 67 93 77 21 59 88 37 20 79 51 55 35 19 6 33 5 34 26 27 21 66 79 87 27 68 72 4 98 77 0 64 38 20 16 8 29 41 63 87 45 17 1 77 66 59 51 29 30 6 53 61 44 72 24 1 89 67 79 55 8 54 69 5 49 2 69 47 4 74 1 7 99 39 83 46 33 64 77 84 64 45 66 15 30 18 25 24 28 22 6 99 6 20 15 97 30 51 77 54 98 61 75 8 80 73 41 16 25 61 57 71 57 25 26 2 63 78 50 13 34 49 86 34 98 19 91 4 36 17 67 30 60 48 48 58 6 99 29 93 95 84 58 85 8 47 33 48 91 28 54 19 13 24 90 99 19 67 40 59 77 9 44 58 
36 13 41 58 40 49 4 21 61 99 34 54 61 59 26 24 98 54 22 86 87 38 31 47 37 52 63 48 4 86 51 62 44 5 30 62 25 74 37 90 9 11 62 63 16 32 53 43 28 70 93 55 62 73 65 41 20 61 84 26 89 30 73 47 94 44 50 65 95 83 97 38 21 59 48 62 81 24 4 99 29 97 96 61 89 91 51 57 68 87 86 2 52 39 70 28 68 17 93 76 57 68 35 45 15 89 84 98 52 41 41 63 45 28 19 0 36 13 58 47 82 26 5 22 61 66 41 65 41 86 9 77 71 73 73 37 6 79 90 36 5 16 32 19 20 84 5 33 23 10 61 44 88 42 42 17 33 19 59 31 56 9 35 71 49 30 39 84 5 47 72 82 64 97 22 92 30 0 58 74 82 76 77 55 87 2 81 87 2 90 3 41 23 87 6 59 11 58 38 1 62 47 97 27 74 88 62 57 52 74 35 10 61 53 29 36 39 48 33 25 49 91 29 91 85 52 40 36 1 94 46 81 52 99 87 63 85 8 77 95 56 44 56 78 60 75 50 20 73 50 67 82 38 53 67 17 46 43 49 26 39 99 14 31 55 65 91 39 74 34 31 68 20 12 24 52 91 24 76 82 83 89 74 75 18 29 51 8 46 2 2 77 97 14 35 31 47 7 76 70 62 30 99 18 78 91 72 63 50 72 86 78 27 77 39 78 15 23 57 23 57 39 95 38 95 38 8 9 36 23 6 60 15 8 26 29 36 56 55 3 81 45 32 77 32 66 34 33 75 63 38 71 83 99 7 16 70 22 38 6 62 83 35 46 23 4 67 27 64 61 18 29 81 17 43 54 85 7 90 35 57 57 82 3 92 2 15 47 72 1 41 37 1 24 69 91 85 74 83 58 
32 20 97 24 88 54 51 33 44 93 96 49 4 4 56 15 21 0 50 60 2 0 36 67 90 89 8 87 84 89 77 5 7 22 87 96 64 38 99 83 32 84 95 94 42 21 65 15 68 17 1 14 77 31 83 66 67 88 45 55 22 78 90 33 89 27 4 22 15 74 68 15 1 40 92 22 10 80 88 24 2 44 79 29 96 54 55 88 1 71 28 74 78 89 6 17 42 95 90 33 63 49 82 53 39 97 46 78 64 37 46 73 20 46 57 54 2 21 60 29 97 87 60 20 16 22 48 9 66 90 10 93 15 9 68 33 62 23 74 69 8 36 66 2 52 87 95 64 97 31 81 63 21 92 37 65 16 65 49 9 25 47 55 91 22 80 30 36 90 89 83 95 98 9 17 68 96 3 76 31 56 45 75 76 75 42 81 42 6 21 80 26 47 35 35 78 58 47 49 85 71 40 74 88 2 35 75 2 46 2 76 20 6 35 74 0 58 65 33 42 98 19 86 15 60 30 90 2 38 78 41 53 89 52 67 37 72 19 19 48 32 55 29 26 93 97 17 41 33 56 64 22 16 39 86 9 92 40 81 72 98 61 65 18 24 9 77 29 76 85 9 27 45 43 88 69 8 15 16 57 66 84 64 64 36 81 9 82 3 13 91 54 22 40 54 42 88 27 73 45 62 41 42 37 45 14 72 1 59 20 92 75 52 17 81 83 83 61 55 61 18 64 66 82 74 6 16 29 30 29 82 91 99 82 22 61 56 20 15 67 2 37 37 76 87 95 56 80 63 54 99 43 59 15 3 48 70 44 98 26 92 72 57 41 97 26 61 16 69 81 13 6 10 7 54 79 99 62 85 25 97 18 89 42 52 52 61 71 38 54 88 29 20 16 73 59 21 39 77 40 
6 20 51 87 37 23 84 84 12 29 23 81 26 63 82 13 15 36 85 35 26 24 47 74 52 61 63 3 84 78 33 44 55 67 41 36 20 32 10 35 86 45 15 72 32 90 42 24 6 62 82 80 95 26 47 14 34 7 83 63 80 83 59 85 70 84 14 15 11 5 21 89 13 30 28 15 21 82 72 55 43 64 82 15 55 23 63 7 72 21 16 87 19 49 31 97 4 72 94 8 15 57 49 45 81 4 91 25 44 45 85 31 80 8 1 71 31 28 80 64 4 81 30 53 92 58 99 62 41 66 99 61 78 65 29 16 46 27 51 10 32 69 97 20 0 99 52 8 0 73 53 66 37 61 22 67 42 44 48 72 65 76 99 16 2 89 73 24 65 26 17 38 3 31 3 36 19 13 35 51 84 14 51 43 39 74 80 96 27 60 45 62 61 8 90 45 1 9 2 7 56 35 53 10 20 63 67 37 21 62 41 83 25 55 45 2 82 35 12 69 18 14 23 80 7 12 93 10 73 89 76 9 5 84 82 49 99 81 66 62 86 58 87 16 42 23 48 64 34 66 16 9 3 66 97 50 21 65 51 5 97 84 58 88 62 46 80 12 36 57 12 24 62 20 44 23 74 32 48 56 63 89 55 0 86 63 49 45 81 58 33 86 68 31 25 82 13 29 89 46 7 78 28 49 61 33 9 7 7 12 72 22 1 61 75 54 87 71 71 80 33 10 63 99 32 58 25 3 72 8 30 27 8 22 43 44 95 57 69 64 44 16 89 14 80 78 80 16 42 44 64 15 88 48 92 90 48 77 13 9 57 65 26 95 47 19 92 22 40 52 37 18 1 83 74 97 32 40 36 85 67 87 0 86 53 34 93 98 24 52 17 74 79 50 83 83 84 49 88 13 
8 46 13 90 46 71 76 82 54 47 60 94 95 60 94 14 42 30 61 56 84 34 42 9 18 48 65 86 60 86 79 20 72 6 56 59 59 26 86 53 40 70 66 65 76 74 67 58 94 73 85 59 4 29 32 11 86 51 97 61 29 49 92 27 6 2 51 2 8 46 69 79 87 50 22 57 39 31 46 23 81 66 45 95 4 95 70 83 95 82 59 90 0 45 91 99 84 72 69 90 37 13 96 35 20 67 20 47 65 13 36 28 11 19 8 52 56 77 49 73 53 39 22 87 58 7 18 39 76 60 43 87 78 67 13 45 65 33 75 13 84 25 45 69 88 6 34 7 81 70 0 45 36 20 15 92 41 47 82 99 56 12 28 53 40 66 37 74 48 32 27 26 38 95 24 50 48 44 41 67 13 28 32 36 84 94 53 7 35 1 42 76 58 75 69 45 49 84 30 1 92 51 41 86 89 98 97 60 95 81 2 36 5 85 57 65 73 1 17 62 39 88 55 45 20 68 1 10 19 23 60 82 21 16 5 53 79 0 29 94 98 5 16 11 58 66 30 93 39 13 70 16 72 86 60 90 41 80 54 60 36 61 34 18 86 49 98 84 99 51 60 93 55 71 4 15 86 15 11 59 55 77 5 22 0 53 31 75 21 35 9 68 78 39 1 56 13 15 21 63 57 56 69 11 35 41 81 4 23 28 69 83 23 6 2 95 70 70 84 77 60 29 76 1 99 76 17 84 85 81 69 32 73 71 9 78 35 9 81 91 16 89 84 61 80 53 32 75 46 5 44 48 90 58 19 55 5 18 77 6 22 49 59 69 54 8 8 38 53 8 0 87 60 97 35 34 95 72 60 3 40 77 43 86 39 21 29 87 51 27 85 3 40 25 98 5 54 94 0 9 
19 42 55 28 1 45 15 21 99 83 5 73 16 60 84 69 39 59 51 48 4 84 54 66 23 50 19 5 77 82 28 93 27 46 90 15 66 73 88 54 59 52 76 52 82 80 80 16 82 44 57 86 86 93 68 64 87 4 10 59 5 41 42 98 7 66 68 6 67 45 93 73 41 73 8 89 66 18 19 27 64 20 74 73 96 42 86 80 81 35 18 54 7 93 31 46 50 12 14 60 60 41 10 67 8 79 94 38 76 38 59 15 77 67 54 14 18 39 41 38 15 95 80 3 99 46 58 71 84 65 7 90 21 64 24 36 23 74 81 42 68 27 3 99 14 0 6 40 84 79 41 78 2 71 55 48 81 66 64 84 65 9 20 78 6 36 63 86 48 98 78 73 19 91 57 48 97 72 30 76 42 11 64 13 23 88 64 60 66 31 56 74 17 68 81 27 55 31 62 7 10 59 13 68 47 20 38 72 84 7 17 9 88 35 1 6 52 74 82 3 16 46 91 8 28 97 41 74 88 42 30 98 69 4 73 86 26 95 69 29 61 97 80 87 71 39 46 93 99 25 74 6 13 0 60 98 22 57 76 13 9 84 14 72 49 15 39 87 74 12 79 86 86 38 58 54 81 31 36 27 6 77 32 88 83 30 32 36 51 80 23 38 39 59 39 15 11 10 10 56 29 91 7 24 9 62 80 83 31 70 14 67 79 65 67 65 36 35 79 91 35 98 70 65 44 85 1 97 9 46 47 72 5 35 62 66 52 36 34 73 14 37 97 53 93 31 87 82 31 61 84 74 58 15 32 8 41 71 71 30 32 78 33 43 40 38 31 16 30 33 59 16 4 0 76 37 84 49 86 78 43 10 68 77 73 71 82 77 99 9 61 69 68 4 9 74 13 6 7 19 
95 93 59 5 59 79 84 16 55 68 49 85 30 68 62 5 26 41 84 8 97 47 24 82 38 54 39 60 24 40 90 2 95 96 60 55 17 78 60 61 80 36 87 67 63 76 3 37 2 6 89 31 66 17 52 17 60 29 46 97 21 56 51 33 10 53 7 78 36 92 17 61 90 4 34 81 30 93 66 66 14 14 41 8 52 38 44 31 20 1 75 69 64 57 74 96 24 86 43 15 51 99 75 43 21 65 14 78 71 69 72 62 8 85 77 58 86 83 9 27 0 42 29 61 33 1 81 16 45 45 62 69 82 33 29 51 42 76 76 3 2 34 13 43 30 75 53 66 75 44 63 53 18 63 69 48 88 62 97 64 89 23 52 0 64 11 80 69 47 31 92 99 27 77 20 32 91 7 20 7 17 1 25 33 21 46 78 71 5 5 65 25 96 12 58 36 51 4 71 98 69 62 25 66 62 2 33 38 34 78 19 53 83 18 59 72 56 5 33 61 44 46 23 89 79 8 16 94 6 42 51 13 4 39 95 4 75 69 2 8 1 52 77 5 1 46 2 54 69 61 65 14 45 53 91 98 44 46 17 57 13 99 11 35 85 32 80 70 15 90 44 70 67 97 51 57 75 59 98 33 7 38 31 50 65 81 26 68 32 27 9 34 4 41 16 94 34 51 50 19 76 64 58 33 40 85 85 68 61 79 30 19 46 60 79 58 74 7 96 62 84 91 38 60 92 86 1 36 49 70 61 31 76 76 78 43 24 23 82 87 0 51 59 59 62 58 76 13 30 60 4 83 70 14 29 35 3 70 16 17 88 5 30 51 73 66 48 67 91 21 34 60 42 6 48 50 31 29 55 91 99 53 67 86 96 76 41 51 86 19 10 35 41 6 64 82 81 58 17 42 
45 93 26 62 24 30 6 26 93 9 31 61 71 89 68 32 97 56 84 33 33 43 45 4 66 96 28 56 58 28 77 22 54 56 66 61 31 57 13 10 57 38 81 18 76 55 72 63 76 76 62 60 53 40 21 11 21 94 10 38 82 43 27 2 23 98 49 22 97 44 20 27 93 24 40 54 68 58 78 31 35 22 68 12 4 92 45 93 25 29 53 79 76 20 71 58 82 6 68 36 72 71 59 19 6 42 97 57 10 27 99 66 73 19 54 62 96 36 34 93 34 97 30 99 47 96 23 43 0 9 66 23 86 98 31 37 1 78 0 40 86 42 15 78 90 63 27 9 16 27 44 71 0 30 64 75 53 60 37 88 42 36 48 64 89 77 12 77 44 46 56 47 24 71 85 18 82 49 52 49 67 11 70 28 7 99 40 81 29 59 73 1 70 85 74 70 8 75 53 48 73 3 58 80 72 66 6 87 81 47 52 7 75 82 16 10 75 42 2 52 99 20 32 71 82 92 63 45 22 81 43 1 18 37 61 73 58 34 17 59 83 59 8 34 7 21 27 44 52 1 77 17 63 62 57 29 41 63 56 53 61 7 82 0 49 43 10 53 58 0 63 57 48 26 55 42 15 0 55 31 54 89 57 2 41 18 98 51 6 40 84 23 32 13 41 90 28 50 36 40 32 80 63 46 4 60 90 39 66 39 59 21 29 53 55 58 34 48 76 62 71 1 40 11 95 15 0 89 21 95 0 19 56 6 46 4 12 4 97 98 78 14 4 73 58 79 7 65 24 92 89 25 63 28 3 99 58 12 44 96 23 44 49 1 54 62 11 86 62 44 19 78 82 52 65 23 51 21 8 0 8 13 77 52 38 38 78 65 77 30 69 88 30 70 25 59 67 87 67 92 
11 98 89 76 95 2 23 56 21 37 43 66 39 61 51 67 20 18 92 84 92 7 42 19 34 84 57 59 81 75 98 67 52 23 30 11 11 32 66 63 77 89 87 27 7 2 96 3 65 62 98 88 23 72 72 56 31 32 31 67 1 36 91 2 35 11 91 63 11 62 21 84 29 6 73 12 29 93 72 39 29 28 40 10 43 72 6 44 77 96 95 3 16 3 43 65 18 90 75 44 55 68 93 36 87 55 25 8 98 42 46 0 64 81 85 37 34 41 69 69 64 93 16 21 61 27 93 1 88 27 79 91 88 41 57 14 22 74 90 95 57 76 58 53 22 21 22 58 33 33 25 2 16 47 87 35 51 78 50 69 60 24 23 39 68 30 66 90 73 37 73 22 97 45 26 46 91 52 34 83 57 21 77 20 22 81 24 85 56 82 2 69 56 83 82 80 5 35 75 49 14 53 69 24 64 15 3 3 20 45 94 90 72 33 37 13 68 93 2 41 91 17 40 17 23 81 24 39 21 76 85 53 48 2 63 69 77 39 19 93 91 78 29 15 60 49 58 16 75 77 17 69 20 77 64 6 13 30 42 99 58 25 67 77 11 0 34 54 44 93 46 31 53 97 60 56 51 33 32 41 64 70 94 60 90 82 47 3 38 9 84 4 34 9 2 38 39 66 47 34 53 69 60 77 55 51 67 39 59 72 26 49 49 8 77 35 31 2 5 25 46 4 89 63 91 42 10 70 32 90 93 61 8 14 12 68 75 60 81 51 79 39 49 7 52 67 69 77 90 91 93 99 49 33 54 10 12 86 18 44 90 30 89 47 61 30 94 51 59 11 95 77 55 26 81 63 52 23 31 30 92 63 40 93 27 89 67 76 1 30 63 81 13 47 7 69 16 99 7 22 
18 30 92 92 47 13 9 42 32 55 14 30 79 44 81 59 88 64 3 18 74 77 52 47 98 9 10 26 53 98 91 18 96 79 13 68 95 64 65 83 38 80 59 46 12 18 61 58 45 21 66 90 99 53 2 16 7 47 83 19 76 51 57 22 0 55 53 5 27 30 50 98 85 86 34 73 63 87 64 93 36 62 49 71 24 4 4 12 37 3 73 70 98 69 30 62 40 62 1 0 15 17 44 15 17 61 58 31 25 42 81 16 2 53 0 38 81 28 87 97 49 15 13 1 17 54 69 10 55 68 68 8 47 83 30 7 10 33 47 41 32 22 12 56 20 3 94 93 50 7 58 17 37 96 30 28 46 56 11 87 85 48 91 82 95 5 33 21 76 61 6 14 9 24 94 52 24 20 96 39 59 81 62 28 27 26 73 25 82 80 0 84 34 48 62 65 79 46 52 54 23 14 95 90 57 28 11 88 88 16 93 97 88 40 51 60 9 88 82 66 67 18 51 78 6 14 64 33 36 60 60 77 91 61 33 6 31 38 14 29 47 6 30 93 30 94 84 95 9 4 20 83 31 81 56 19 38 95 74 54 84 81 73 74 20 3 29 89 62 73 32 82 36 44 79 42 27 41 98 89 14 28 43 34 13 35 48 6 64 78 87 93 88 2 42 5 18 19 19 67 4 43 1 63 57 48 31 88 5 31 32 72 47 57 96 45 73 94 31 44 17 21 60 41 1 63 63 15 54 20 90 25 20 6 96 73 45 79 39 4 2 33 35 62 30 51 83 31 18 99 52 87 98 82 4 18 18 64 5 51 98 85 58 78 25 43 33 87 96 64 42 57 12 70 31 46 14 78 96 5 70 6 64 34 5 58 92 73 22 53 12 77 20 67 28 2 85 90 37 89 
10 33 40 75 69 20 47 29 51 5 17 74 0 91 94 93 35 49 84 81 75 97 67 70 54 54 64 33 11 98 72 11 83 88 23 51 31 77 23 22 93 42 25 70 64 85 79 53 53 23 63 46 88 89 27 81 34 34 85 72 31 9 77 66 79 35 37 99 65 58 68 85 88 59 14 93 62 37 59 77 86 52 5 36 24 37 24 74 26 2 68 78 57 81 97 73 58 76 18 38 23 31 2 86 21 5 8 32 14 52 85 9 61 43 12 76 25 1 61 58 96 24 12 8 14 95 51 97 48 24 63 5 41 52 16 10 38 28 21 74 88 84 78 5 40 46 1 89 82 33 86 20 7 62 46 9 44 83 68 84 42 26 56 70 35 97 43 12 84 11 22 32 1 9 37 98 82 71 59 92 39 64 20 92 87 57 50 61 72 64 48 88 30 64 72 32 37 57 58 32 7 44 73 48 15 25 67 0 43 70 20 64 84 20 23 82 0 45 31 36 70 44 66 77 37 92 11 84 95 17 74 87 52 85 26 93 47 78 11 97 47 33 80 77 57 71 94 83 6 37 17 3 63 81 3 61 88 31 99 76 73 45 47 68 61 59 89 32 26 38 58 27 18 83 92 31 79 82 10 90 97 47 65 89 17 88 50 66 69 41 81 94 15 93 72 47 44 66 61 91 98 27 31 1 76 79 32 91 52 64 86 16 1 53 19 86 90 29 3 92 70 18 64 14 86 5 18 77 76 6 98 25 57 85 99 76 41 54 99 48 97 19 47 16 6 12 14 79 16 56 0 85 42 93 74 39 92 4 60 17 96 82 17 82 13 74 38 86 1 8 86 18 83 69 21 58 4 76 43 15 45 73 51 35 4 35 67 37 62 39 18 7 46 67 22 74 60 76 59 13 
72 77 72 18 24 51 47 86 15 5 90 2 12 71 76 14 74 85 84 68 37 78 50 32 61 5 72 42 5 93 55 81 7 0 98 55 90 61 69 25 64 58 94 77 33 95 0 0 71 13 29 89 39 73 86 87 49 44 24 50 4 75 85 92 20 55 27 33 59 11 72 42 1 37 87 2 71 41 59 51 75 31 57 83 78 64 34 80 10 64 17 28 97 67 90 96 28 52 44 49 65 69 52 85 79 72 58 40 76 93 56 6 34 57 85 62 73 10 71 63 80 85 88 66 72 92 77 17 44 44 61 30 19 18 40 11 51 36 87 76 75 22 7 46 28 37 84 34 95 25 21 1 59 30 60 15 33 32 67 25 15 47 45 96 16 99 77 55 99 36 9 60 80 18 2 29 5 97 87 68 98 39 43 33 15 24 82 88 0 21 84 70 52 52 88 64 2 4 11 65 73 50 85 35 87 23 34 30 9 55 77 60 17 73 5 48 80 63 94 59 41 44 95 80 69 49 7 45 68 45 65 2 56 24 66 74 37 34 42 26 16 7 3 32 36 98 85 8 18 11 23 67 40 41 4 25 73 0 42 43 58 22 67 1 92 8 93 7 88 67 36 83 71 51 65 74 55 40 97 59 25 3 26 37 97 4 29 55 39 38 89 26 96 50 54 10 96 88 34 32 81 58 32 4 80 86 54 65 90 9 97 53 98 13 78 67 60 13 55 97 77 63 2 55 22 71 70 57 46 88 76 5 8 62 55 5 84 47 23 82 5 39 86 57 31 11 48 40 62 99 45 60 94 46 28 85 24 7 34 79 53 66 99 76 6 20 73 51 92 7 75 59 48 12 99 79 50 78 95 72 13 15 1 91 94 29 69 5 74 3 3 27 61 52 77 23 29 97 89 45 
38 42 11 98 79 32 17 11 49 94 36 40 79 33 67 22 17 22 50 89 61 90 76 94 10 12 35 90 15 38 52 75 32 31 18 59 47 93 92 50 86 43 11 47 34 9 92 25 99 38 22 16 83 86 94 87 77 48 60 75 82 14 81 34 73 56 9 61 74 69 83 42 84 76 83 29 40 91 68 21 45 29 57 51 29 61 5 54 64 97 61 44 32 44 5 65 64 35 52 56 74 26 27 46 66 54 72 11 40 6 94 69 85 47 25 60 32 4 60 27 48 2 5 89 48 35 59 20 7 58 42 20 1 78 95 91 54 34 28 16 57 75 6 82 24 16 43 66 6 27 55 11 97 41 82 60 29 84 20 63 69 14 95 94 33 30 4 27 35 13 16 60 33 35 54 42 27 27 62 25 85 58 27 57 84 96 40 75 57 3 4 35 14 66 88 77 56 5 10 77 29 58 99 23 23 7 23 83 24 45 48 18 47 49 52 29 75 16 84 73 63 60 34 23 74 77 85 65 44 13 76 10 88 4 91 78 99 38 8 81 49 2 29 51 26 99 45 36 8 57 46 63 91 75 43 28 81 82 41 82 84 48 38 73 96 22 68 60 81 23 75 86 96 34 90 67 97 1 99 29 13 75 41 72 5 19 66 89 95 18 37 81 11 95 9 90 1 57 63 98 73 45 68 68 95 45 75 95 88 95 78 72 92 66 18 64 81 89 52 62 12 25 45 74 79 54 41 97 55 53 64 51 59 41 4 3 40 78 15 97 11 77 53 10 76 57 40 59 79 61 52 47 60 15 92 67 23 49 57 11 70 26 50 3 39 35 71 77 57 78 99 28 22 63 4 26 28 17 68 74 8 71 95 21 32 32 94 34 23 20 26 91 95 92 25 70 98 67 0 92 
73 93 42 5 97 20 84 88 46 14 18 88 90 35 80 39 50 59 64 34 47 62 19 5 40 74 19 25 34 0 96 91 12 7 81 7 60 38 89 4 57 56 61 5 34 28 16 69 75 86 66 64 43 24 85 6 50 97 14 75 60 52 70 31 98 44 80 38 15 23 50 31 89 19 62 62 61 40 19 56 28 31 91 74 7 74 80 53 38 21 18 48 41 21 43 47 51 23 54 34 50 36 12 1 2 46 40 86 9 17 12 55 31 55 20 50 52 0 99 82 43 10 68 73 55 32 7 83 95 10 15 92 37 92 22 56 20 90 75 70 64 24 24 2 74 21 25 32 72 74 43 14 40 64 51 37 96 25 61 95 50 99 65 35 29 93 37 22 35 67 37 28 96 44 26 10 40 27 0 27 44 91 23 8 39 54 48 88 42 28 81 56 68 91 25 15 24 57 89 30 4 33 16 78 23 19 63 2 16 75 68 99 29 64 55 4 11 22 99 7 51 56 16 9 1 89 46 81 75 93 13 28 81 80 64 27 44 3 86 82 88 2 3 44 65 29 1 19 59 74 63 65 66 42 54 46 34 67 29 40 83 93 21 5 55 36 86 44 42 42 56 31 71 52 6 19 14 70 55 84 57 59 29 26 75 42 58 4 81 67 9 28 27 37 34 28 47 32 49 28 15 98 5 4 81 1 36 38 46 27 93 39 8 92 72 23 17 28 65 30 60 71 4 78 70 25 44 45 75 1 7 3 78 23 8 9 66 97 74 52 83 27 92 68 44 27 25 10 18 96 19 84 49 25 90 81 62 76 82 81 56 83 73 26 59 87 78 90 6 23 27 62 64 16 76 4 69 18 48 74 77 89 71 3 62 81 36 93 30 95 93 71 43 18 49 43 38 12 70 44 
81 68 92 6 73 92 36 86 15 58 88 24 82 77 81 2 45 97 34 63 17 10 89 95 83 81 31 32 39 44 49 6 35 88 20 47 13 8 40 3 14 43 17 6 70 78 46 9 76 31 67 2 17 65 92 46 91 22 35 33 42 77 82 93 80 11 60 78 2 4 34 18 31 37 0 19 55 65 10 61 30 77 40 46 73 24 65 95 17 55 3 77 4 28 46 99 57 33 12 82 7 35 0 7 28 76 89 27 38 98 16 41 19 1 52 31 9 74 46 90 4 1 34 60 99 96 61 30 76 53 67 75 44 14 58 58 34 63 95 59 35 88 21 45 46 4 24 86 97 53 44 92 32 84 18 70 16 43 50 2 10 41 41 97 9 42 9 4 46 7 87 98 43 1 20 78 89 89 0 98 61 19 10 3 45 27 36 28 96 39 77 77 32 3 12 57 51 33 24 88 22 52 56 60 76 23 82 58 19 66 15 88 6 81 37 42 51 96 23 9 57 81 19 29 48 48 73 82 64 59 48 98 56 78 87 90 28 91 82 80 8 9 97 66 18 38 56 2 62 21 75 89 5 17 20 42 28 55 83 1 93 46 1 3 38 37 52 91 45 65 73 85 25 35 63 74 98 8 76 89 82 71 46 5 58 83 67 46 11 74 84 68 66 69 42 46 26 48 82 95 53 88 11 59 8 60 53 16 35 93 8 86 87 18 42 84 18 98 89 15 28 87 48 33 92 59 72 83 11 37 66 99 94 26 95 29 22 4 98 18 59 18 74 57 82 38 99 18 0 40 22 0 17 51 0 8 29 33 66 82 45 26 47 90 62 61 98 7 71 22 55 42 88 27 35 7 5 74 74 96 71 99 41 34 45 58 92 31 51 27 73 56 15 16 62 84 60 66 31 10 
20 44 4 76 52 48 61 23 57 75 15 97 13 24 94 92 76 68 99 36 80 64 49 64 11 2 38 62 80 65 15 37 67 28 80 30 1 65 96 65 11 94 25 29 57 83 42 26 74 13 86 87 90 54 89 39 16 90 60 63 94 66 77 96 78 43 43 50 62 13 19 78 65 81 68 32 47 27 81 1 71 60 8 38 0 27 97 96 14 18 99 87 86 0 54 8 79 57 46 8 14 49 59 45 89 28 66 39 79 66 82 27 63 78 46 11 14 64 86 91 90 96 24 66 96 17 86 40 36 9 97 66 87 49 12 98 46 65 92 41 29 90 26 26 10 43 3 49 84 1 72 64 90 33 23 57 72 87 56 0 75 9 63 22 56 73 16 46 3 18 17 27 93 80 64 30 8 31 76 29 9 62 82 60 63 80 7 79 18 67 21 77 90 99 65 95 45 73 18 76 90 56 99 47 11 36 57 50 82 22 81 86 75 19 17 74 89 88 49 45 82 96 12 38 72 96 86 38 98 80 4 52 2 83 18 47 40 41 73 74 90 31 29 84 13 67 80 43 81 12 8 65 97 8 65 27 81 84 95 26 3 52 35 19 3 3 15 67 54 5 87 70 90 79 85 83 72 23 56 81 17 42 37 77 77 81 62 68 5 51 55 35 32 95 46 63 53 60 22 6 75 50 47 15 4 23 72 4 14 87 65 18 39 40 11 77 83 53 85 94 0 20 52 65 41 70 78 87 44 33 90 60 41 89 11 68 22 20 7 94 84 47 34 58 57 34 63 59 32 78 30 16 22 20 27 45 67 92 46 64 36 4 0 85 37 86 72 61 30 33 25 66 46 43 35 15 81 62 49 45 47 96 30 95 91 16 82 34 28 63 75 20 85 59 51 70 68 61 5 43 
86 80 10 82 32 75 99 50 68 60 67 20 55 22 1 76 39 9 89 87 21 27 48 80 81 69 33 74 36 63 46 30 48 64 19 10 74 76 9 38 57 51 79 18 65 70 86 53 78 16 35 24 46 78 13 10 28 55 31 70 18 15 39 74 74 58 39 47 60 32 4 60 19 42 93 60 61 60 57 30 72 37 76 95 3 98 91 34 20 2 78 79 83 77 50 38 86 12 79 57 54 37 92 85 66 91 36 20 79 20 87 51 45 89 85 79 48 37 10 33 53 18 15 38 1 84 20 22 77 44 7 0 72 73 52 95 11 52 61 4 64 1 87 4 21 27 22 48 89 72 1 90 54 11 38 49 29 66 65 7 36 79 10 97 43 9 72 20 28 90 7 44 14 36 10 26 20 9 74 70 78 31 77 9 17 60 2 7 72 97 40 12 17 9 73 63 13 97 49 96 95 65 43 30 7 49 47 60 66 29 49 42 87 94 17 98 34 14 52 4 16 78 10 41 10 62 32 7 11 44 19 73 19 81 93 52 37 80 35 99 79 16 17 87 69 28 78 14 95 93 23 25 63 61 78 75 34 37 81 35 45 80 57 13 75 5 36 94 50 25 14 42 11 6 31 25 58 55 92 24 57 85 40 49 32 81 89 1 40 36 43 13 44 51 16 23 1 46 77 30 69 63 31 5 14 67 78 37 4 13 62 40 76 14 22 52 22 31 94 91 46 97 60 37 14 22 19 88 4 49 11 2 69 63 43 76 73 6 91 62 73 63 0 87 73 75 74 2 83 56 22 57 71 61 65 93 81 49 31 35 52 55 91 9 8 13 45 96 2 1 5 72 15 53 92 64 34 2 96 0 46 18 69 92 95 7 85 67 15 3 59 40 17 51 60 80 25 85 42 76 
18 30 70 32 92 46 95 20 12 25 7 69 91 1 78 99 34 49 1 39 74 78 16 20 98 56 87 6 8 75 9 8 2 74 98 1 86 32 80 77 60 17 56 66 82 43 30 95 0 69 84 79 61 52 90 73 34 57 27 3 29 95 35 33 65 21 22 67 24 81 84 73 92 86 78 38 63 66 12 3 73 25 67 93 96 58 40 42 54 47 65 19 4 76 8 62 54 58 70 79 50 86 58 88 26 7 34 61 94 48 21 63 33 71 1 40 15 16 3 12 91 22 37 95 5 75 63 91 47 47 89 48 23 91 88 80 77 29 7 7 87 51 92 91 88 68 67 49 65 30 86 81 77 14 74 66 48 96 73 93 19 78 20 78 89 63 38 87 25 69 74 45 98 56 70 80 83 11 65 3 52 60 6 24 40 91 65 97 66 31 85 15 13 20 26 69 35 88 45 24 81 77 66 2 3 34 38 69 24 70 86 18 87 81 54 97 13 56 17 79 41 27 20 85 39 73 28 86 69 68 53 20 27 45 41 67 91 75 57 74 52 11 82 34 71 94 95 33 54 18 67 32 70 50 73 11 68 73 6 48 16 28 13 42 38 99 76 90 68 53 23 60 44 75 95 92 82 83 65 7 57 89 74 40 34 50 81 10 40 63 95 76 10 48 82 42 58 34 77 85 20 29 43 98 66 38 19 87 49 52 11 75 48 49 55 44 95 0 19 9 59 20 87 48 72 24 27 80 63 49 40 60 85 19 98 72 60 12 10 48 52 25 85 38 53 14 81 15 63 24 4 85 97 25 99 38 74 7 89 97 26 81 48 81 17 91 7 47 61 44 81 61 84 45 80 7 94 39 18 21 0 1 96 20 23 59 7 82 65 67 80 76 21 66 46 46 46 32 99 62 
4 55 35 44 19 77 32 38 61 14 87 54 80 29 58 81 3 45 74 42 79 94 87 78 85 79 34 15 94 52 9 37 59 66 65 9 18 5 81 32 77 65 66 39 30 90 63 5 74 38 57 80 66 33 74 77 58 2 67 6 24 77 14 69 57 67 23 26 54 97 73 67 62 89 59 92 54 57 90 82 1 65 68 48 24 12 75 59 45 45 61 33 84 20 30 33 30 86 48 65 50 77 3 38 68 17 25 23 43 54 60 75 82 87 10 92 35 14 99 20 44 29 89 39 6 49 80 17 78 89 41 54 9 88 29 42 15 87 81 74 35 57 0 92 15 72 11 90 62 77 97 66 93 6 11 29 2 51 29 17 65 42 89 15 89 60 23 29 19 37 3 12 85 61 11 22 62 56 88 14 80 87 26 51 58 68 82 2 32 32 48 78 51 51 41 34 57 39 98 90 96 44 54 2 93 20 37 96 21 43 85 26 87 89 53 75 73 7 47 50 76 86 18 87 32 54 0 26 33 98 70 62 98 84 58 66 48 0 25 58 18 8 33 24 26 11 80 8 33 22 37 29 58 58 58 77 36 27 95 64 17 89 66 91 69 9 60 59 80 58 99 96 47 96 21 95 53 68 55 76 5 78 45 56 22 16 93 58 56 20 42 83 93 55 19 39 26 67 64 26 74 37 24 11 99 23 32 24 12 62 63 74 51 79 55 42 24 44 27 20 82 48 52 83 93 26 69 10 11 81 33 77 62 67 36 15 66 41 35 53 59 47 0 47 98 65 6 27 37 81 67 63 39 62 26 88 65 48 95 50 5 76 16 15 93 62 83 94 72 2 93 25 66 32 33 82 42 44 58 12 51 52 93 97 52 19 83 19 5 22 21 89 17 44 57 72 61 92 15 50 
5 65 92 5 53 77 3 11 43 63 4 24 4 5 30 80 39 47 76 59 93 36 8 99 89 85 87 41 12 43 27 30 21 24 73 59 93 98 93 14 25 3 52 23 14 68 42 16 90 5 40 17 57 97 60 94 63 99 30 77 8 91 17 91 72 9 38 74 4 26 28 12 12 85 5 94 51 29 32 79 92 27 72 63 42 35 52 72 14 89 35 28 27 66 61 67 14 21 11 38 19 19 68 40 28 94 56 16 33 56 45 31 28 47 92 67 38 60 69 5 45 29 6 75 91 47 9 72 95 96 39 32 59 79 20 43 30 25 89 97 94 76 1 40 52 38 75 21 55 73 2 43 98 93 70 53 78 69 46 30 68 73 63 95 86 3 28 43 36 73 43 42 49 98 23 84 47 40 89 47 83 62 84 84 8 98 48 30 11 85 71 79 47 29 10 67 18 3 78 10 35 65 50 46 30 54 79 25 93 33 27 31 28 66 18 99 11 23 83 70 30 3 53 65 18 45 69 77 18 78 95 24 80 6 99 37 17 60 42 66 74 29 37 85 12 11 53 77 11 58 76 62 87 83 39 48 23 3 16 52 65 82 14 7 53 0 2 35 6 20 96 20 2 11 91 15 41 43 77 45 40 89 50 89 22 72 43 98 12 19 86 80 89 53 8 97 40 19 62 57 77 57 92 81 25 36 51 55 66 95 49 47 66 9 22 0 87 3 25 65 63 19 72 10 1 16 60 10 24 74 40 78 22 48 63 88 51 60 8 4 55 51 38 35 21 14 96 2 82 96 86 9 54 94 21 52 93 19 24 0 84 79 19 71 17 21 76 54 60 11 4 19 28 51 19 74 70 68 3 63 27 23 98 0 28 3 74 13 73 25 28 41 70 84 44 35 22 28 76 77 
29 49 7 19 17 87 9 7 7 39 96 15 54 12 8 56 60 47 62 58 1 20 45 48 61 10 11 66 77 37 47 92 96 9 78 52 70 70 99 54 29 66 86 15 80 7 73 4 92 94 6 49 49 42 51 46 1 77 43 52 7 35 80 51 70 29 33 26 87 97 18 48 33 90 74 86 99 39 84 85 31 47 49 77 73 48 97 42 34 12 88 78 14 0 7 51 60 79 11 46 80 88 74 0 9 24 87 40 61 61 14 82 81 80 64 58 77 18 8 16 4 13 83 91 56 26 2 95 68 68 45 11 45 79 42 98 51 77 74 22 60 45 39 23 50 39 7 73 49 80 15 64 19 10 56 63 99 94 78 71 0 75 23 14 27 62 10 75 85 36 75 3 74 83 74 16 7 69 97 29 26 53 95 59 87 72 95 63 33 39 22 40 91 18 88 9 20 12 71 10 33 56 53 83 61 87 43 14 86 22 75 63 90 75 92 84 48 39 38 22 56 51 95 9 44 79 12 14 65 94 61 59 86 24 64 55 35 52 47 12 24 50 4 1 43 68 93 68 75 51 88 32 86 68 0 98 61 15 88 5 91 60 51 91 64 1 54 42 83 32 58 19 21 76 41 73 67 41 62 17 70 87 3 77 90 87 79 71 9 50 0 56 0 10 26 49 22 51 56 60 80 61 87 21 78 62 65 31 96 94 0 17 6 61 95 74 48 52 48 69 84 12 23 33 18 36 74 25 46 6 1 90 16 32 55 48 25 2 81 21 40 6 51 32 84 91 5 31 24 67 1 47 54 65 22 0 84 13 58 55 55 69 3 2 62 88 58 12 28 29 81 21 33 15 30 0 6 98 61 86 29 16 63 70 15 76 20 11 17 71 82 20 33 77 70 35 38 59 26 31 
13 11 16 2 18 11 62 11 38 5 82 37 62 74 44 13 95 50 30 88 87 92 23 43 65 43 67 14 48 95 74 71 14 55 63 29 23 35 79 93 14 42 81 79 32 66 88 64 90 27 23 42 81 45 69 97 29 9 86 1 76 65 80 44 21 3 53 97 23 83 52 88 64 35 57 0 96 73 15 23 60 83 60 82 31 86 75 92 42 91 70 79 91 93 37 36 96 65 11 94 80 2 93 18 87 54 35 49 66 92 52 67 66 66 61 43 89 54 10 59 16 7 23 96 7 55 40 81 98 58 48 5 65 30 91 14 11 1 99 5 98 46 99 51 30 91 65 57 19 15 46 31 0 79 75 61 25 79 94 90 51 98 5 72 38 53 38 53 0 80 20 9 65 38 65 43 13 80 9 48 37 79 66 94 68 65 75 45 58 12 78 20 79 41 41 37 36 12 69 90 78 5 62 91 89 59 66 20 36 19 80 73 39 51 22 39 66 91 34 12 36 27 45 70 38 42 45 68 81 3 61 57 41 18 15 17 75 90 25 41 54 69 27 11 37 83 11 74 68 22 50 55 4 8 54 20 48 99 57 28 42 6 93 98 45 37 52 11 44 27 71 38 22 57 89 7 60 50 69 48 84 25 47 29 91 67 6 62 97 6 12 5 39 88 90 38 18 12 48 55 63 58 7 92 94 85 95 31 18 46 7 88 52 38 38 18 40 64 9 29 5 32 67 87 41 3 16 40 80 32 56 99 83 50 14 94 52 51 96 85 36 85 74 34 82 67 31 31 42 78 10 68 56 44 37 87 98 25 74 21 87 56 31 51 6 96 75 12 86 64 37 29 59 32 29 38 77 21 17 7 75 78 66 71 3 52 27 48 76 47 44 67 96 46 79 13 47 9 51 95 
75 96 54 17 74 43 37 29 73 48 85 14 94 20 72 7 24 30 68 38 89 49 43 49 25 32 96 83 38 51 42 66 3 59 34 3 88 21 69 14 74 96 10 81 71 8 65 91 73 91 45 90 3 30 99 12 60 15 7 88 58 70 19 97 18 1 30 31 23 28 42 14 16 84 61 31 94 38 24 83 60 19 70 63 97 44 11 14 51 35 88 81 5 40 98 68 0 37 45 39 18 10 40 88 99 38 94 48 35 90 66 52 67 98 10 45 98 29 20 57 52 96 78 77 22 83 69 8 61 24 44 33 56 64 58 48 55 12 92 44 14 95 83 81 4 84 57 84 20 10 42 24 9 10 70 88 6 41 25 52 81 18 47 40 43 78 65 46 52 71 59 96 63 74 74 30 85 36 29 93 54 67 64 72 72 24 16 50 63 12 73 17 69 79 65 53 62 56 36 47 54 79 60 39 70 67 47 4 85 16 63 75 8 99 82 39 88 87 54 0 86 77 19 97 35 71 66 91 45 90 88 94 90 71 15 38 31 66 16 18 80 22 58 31 42 24 33 73 37 19 55 29 51 39 83 30 20 25 11 66 8 91 44 7 22 85 67 15 99 82 66 36 77 86 68 24 28 12 29 0 94 44 37 29 46 88 22 36 33 46 16 90 83 92 1 19 11 63 85 60 0 17 96 63 50 50 37 74 22 56 85 26 41 54 17 49 44 98 36 73 12 7 52 32 82 9 98 73 86 14 96 21 83 21 40 81 38 53 2 1 96 32 30 66 53 44 98 4 31 98 64 83 31 81 20 59 38 14 49 26 5 54 81 72 45 31 74 57 81 38 55 18 3 40 59 17 71 15 40 66 13 36 87 18 24 15 7 95 57 31 3 76 26 98 80 55 28 75 83 60 
48 86 47 32 45 63 13 81 37 67 65 4 72 48 56 72 65 60 58 97 36 3 22 69 40 4 92 34 94 28 91 44 73 81 87 12 7 71 8 44 56 40 79 81 14 53 36 87 21 63 45 48 52 95 74 28 2 90 38 35 50 24 61 72 93 11 70 88 58 86 63 34 68 42 18 89 86 29 94 82 59 17 59 25 59 23 66 54 34 53 61 48 55 45 2 52 76 63 53 18 44 21 6 26 45 17 71 49 88 66 39 22 13 10 16 66 3 23 47 26 91 21 34 92 51 28 25 5 55 99 83 58 67 4 6 4 56 12 53 8 67 13 55 14 82 6 30 73 2 87 5 68 93 94 80 44 25 33 83 94 92 13 29 18 6 18 7 96 71 48 38 74 89 70 65 46 66 0 26 9 30 22 39 16 56 7 52 11 17 68 71 27 21 6 18 12 56 33 92 79 24 77 19 51 65 92 34 15 25 94 99 31 42 58 49 83 0 34 57 61 79 96 58 61 4 14 4 43 99 39 18 72 81 23 82 40 91 17 1 31 91 26 58 90 73 45 84 60 41 49 60 90 15 3 51 27 71 40 92 76 26 9 85 71 44 45 7 68 11 7 11 16 24 69 78 98 9 84 92 52 59 65 17 23 9 55 68 33 81 62 16 6 49 75 28 52 76 77 94 88 50 39 83 2 21 99 49 32 85 31 68 6 39 30 75 11 97 77 30 36 61 22 0 21 92 48 95 36 41 49 34 19 18 13 46 0 36 64 59 27 49 61 9 82 91 63 3 71 28 44 3 3 5 5 92 37 63 2 7 23 2 66 43 69 4 17 99 98 98 79 18 79 69 36 59 16 96 18 96 9 32 54 91 10 36 27 26 35 86 87 56 87 21 0 94 14 16 54 51 64 
64 97 55 16 57 2 60 25 31 85 39 64 26 85 5 81 10 76 1 86 33 12 45 50 25 26 83 55 43 17 18 43 56 42 64 91 46 64 39 36 38 93 7 65 39 43 98 17 19 75 67 59 92 41 47 79 42 26 33 19 55 50 87 58 64 6 25 87 78 6 22 21 63 6 1 42 49 14 98 97 83 21 69 49 99 18 13 51 28 14 53 30 6 21 59 77 74 85 78 12 18 3 46 97 12 91 8 46 86 7 36 10 54 42 38 80 43 78 32 88 43 7 46 9 98 46 1 13 40 43 82 39 42 17 54 91 59 18 14 29 56 49 88 27 20 38 66 4 22 75 36 92 44 97 73 67 49 29 94 89 81 15 57 35 75 26 63 43 11 61 84 67 89 90 36 92 34 81 3 70 22 83 92 75 17 40 49 80 94 29 54 77 80 74 16 93 59 99 64 5 71 97 52 33 92 28 33 65 10 11 18 53 41 95 48 60 51 31 47 53 13 55 76 53 23 60 91 35 20 56 58 38 13 70 34 95 21 20 46 47 33 35 10 53 29 91 89 47 35 35 35 12 37 7 56 14 57 53 73 47 28 1 80 86 36 32 41 79 48 38 8 89 52 34 65 39 48 2 75 84 19 53 32 56 16 33 39 27 30 64 79 72 73 61 47 31 12 34 74 79 96 42 34 79 45 24 59 2 80 18 73 96 21 23 50 66 45 5 5 9 58 47 48 87 58 17 79 71 73 34 25 42 35 79 38 26 94 57 61 62 52 41 88 86 59 17 63 96 68 10 73 51 17 88 9 59 71 33 35 81 19 54 73 85 53 50 80 41 77 89 63 3 8 32 72 98 83 49 92 21 81 61 76 57 55 44 49 16 79 29 52 13 51 59 26 46 48 8 61 20 
40 43 48 2 75 3 76 29 40 29 28 14 24 86 13 11 81 75 81 19 68 77 5 68 31 13 13 96 73 90 53 68 58 84 21 98 95 85 32 45 77 74 41 5 26 69 65 42 69 76 73 18 37 1 43 53 56 83 54 64 28 91 71 67 7 8 81 24 27 64 77 65 8 40 31 92 57 78 80 53 64 17 16 96 34 12 89 25 22 43 60 44 61 90 68 12 27 51 81 75 43 10 87 46 44 47 23 31 10 68 85 60 7 32 95 94 60 11 44 78 58 99 68 23 37 18 39 76 93 17 1 7 0 16 13 62 29 23 29 4 22 49 76 96 68 94 49 50 93 46 75 94 22 28 34 13 34 60 89 77 11 45 8 72 0 26 48 60 7 95 20 26 15 15 62 96 21 11 43 63 94 57 31 93 76 46 9 27 18 56 26 42 53 49 62 15 32 4 23 69 86 65 57 70 59 15 55 48 36 31 32 57 43 0 64 41 43 69 65 36 95 30 33 48 53 7 49 79 32 33 79 95 6 99 27 69 4 16 11 13 83 1 61 25 1 86 33 84 46 16 35 4 63 26 2 77 84 4 74 64 85 19 64 89 43 2 71 56 56 8 88 66 33 39 33 46 42 44 39 77 43 80 39 28 61 75 98 27 78 91 3 67 57 84 29 44 34 17 56 23 94 65 57 59 49 35 9 32 59 94 89 57 89 53 56 27 16 31 61 6 71 62 24 15 66 37 38 2 49 90 7 88 85 12 60 57 37 46 73 24 93 36 68 35 36 63 55 21 34 28 2 1 96 39 85 28 74 10 60 14 93 67 72 65 79 65 13 67 92 0 0 21 99 62 96 67 40 46 63 86 38 23 42 76 15 88 21 19 31 50 3 44 3 65 54 65 39 92 41 9 
46 60 87 51 16 80 36 90 49 2 97 99 0 95 76 39 98 39 92 31 32 31 18 33 45 40 17 93 9 77 8 83 31 96 25 75 98 53 60 50 51 38 64 91 40 6 5 79 35 28 51 36 56 3 30 0 21 16 83 44 21 95 85 98 7 10 59 40 16 30 45 42 26 95 97 95 26 6 37 59 60 29 74 67 97 79 71 41 62 53 25 82 15 39 53 9 70 11 29 94 86 15 75 31 58 53 20 66 46 0 55 59 64 16 24 51 66 87 76 1 99 46 82 59 87 90 63 81 49 7 94 14 44 60 45 67 95 60 8 24 32 8 16 31 74 35 26 8 87 74 61 99 98 64 8 96 78 77 76 56 34 77 6 98 74 76 52 77 49 0 70 17 0 74 83 44 84 32 95 90 36 10 11 99 22 43 87 0 10 55 60 60 18 75 42 17 40 57 71 65 1 96 29 86 19 94 29 9 85 28 0 42 1 17 54 13 31 55 92 79 92 31 90 93 26 83 34 56 58 17 15 12 93 37 6 70 31 15 65 47 65 74 37 3 22 0 25 94 53 44 87 34 13 60 47 97 12 26 5 41 24 25 8 81 71 19 76 97 38 74 76 93 48 64 25 42 87 91 65 77 48 21 59 28 43 23 22 66 34 96 72 19 50 69 77 40 9 6 72 32 82 91 89 27 90 56 72 21 1 34 89 71 76 35 53 18 36 84 43 32 10 89 38 66 32 88 91 10 17 98 50 58 25 10 73 37 43 15 15 31 82 96 22 67 25 6 4 54 58 95 16 73 30 68 32 87 47 12 93 50 33 98 25 27 77 59 32 28 59 9 10 57 63 35 60 97 87 90 73 18 99 59 19 83 77 71 74 49 53 51 36 0 31 47 1 16 32 49 85 11 
59 74 4 81 65 53 74 73 51 43 7 85 22 70 36 97 2 68 75 12 92 74 43 77 18 22 8 64 29 17 17 79 25 49 70 10 50 47 8 20 71 60 83 24 42 70 60 96 55 0 99 1 22 1 79 79 62 0 95 71 60 83 27 98 6 12 72 80 36 61 83 5 0 75 97 34 61 24 59 3 55 47 76 63 49 72 51 45 67 68 77 66 96 55 52 54 87 73 29 23 54 62 91 8 91 18 40 39 90 47 72 58 46 88 51 14 27 78 4 28 1 9 52 39 27 93 67 71 78 17 17 0 47 4 31 22 62 30 21 96 93 45 79 6 76 41 31 59 62 32 94 58 32 46 76 9 56 9 25 51 29 28 73 99 13 25 12 14 31 51 79 83 14 41 6 41 93 60 46 33 73 2 80 10 60 4 34 21 3 38 86 80 82 29 21 66 63 50 14 32 44 24 7 15 81 42 10 69 73 70 16 32 96 72 31 37 49 47 98 49 36 97 81 82 51 46 44 15 89 59 28 37 87 63 56 61 2 81 66 6 61 95 54 49 47 14 90 69 99 71 95 64 40 62 50 27 79 73 15 49 35 83 46 96 71 50 35 87 6 38 48 11 31 66 59 2 94 20 6 52 39 12 81 62 45 57 75 69 6 75 65 69 89 8 9 25 76 6 75 24 63 84 72 24 28 85 61 74 85 33 70 38 31 41 34 36 36 29 9 67 76 88 47 70 59 72 25 52 82 55 33 92 98 41 99 93 57 18 5 38 84 54 79 93 4 67 87 5 78 8 15 94 93 80 8 76 69 64 13 82 97 20 57 76 84 83 29 51 92 74 2 32 7 67 36 95 51 66 35 85 81 48 95 1 65 94 49 3 55 32 30 30 33 67 50 23 39 7 97 33 
71 93 13 23 14 8 90 32 30 86 24 53 43 54 25 16 64 7 98 32 5 72 43 57 98 26 41 73 37 61 20 27 32 23 29 35 86 69 25 2 67 79 62 12 74 50 90 47 58 68 70 2 56 67 93 70 32 66 13 27 60 45 85 94 13 43 28 25 13 93 68 87 53 28 82 62 68 79 46 47 51 22 6 17 90 55 24 17 43 59 11 16 46 14 85 77 13 75 46 76 72 77 20 75 44 95 4 32 67 43 60 43 11 28 5 42 9 26 59 62 3 81 2 32 9 78 23 92 35 5 76 64 24 73 56 32 59 2 71 9 97 56 68 79 38 41 56 32 63 57 26 46 17 75 75 28 83 95 76 39 13 90 70 30 39 49 57 40 56 14 56 45 29 23 88 8 1 84 38 75 50 12 26 52 87 90 14 83 15 46 92 59 78 93 35 41 11 29 79 54 86 30 50 17 55 36 2 93 30 58 88 88 16 70 71 44 82 79 54 9 37 99 30 71 30 80 4 25 75 21 85 11 33 88 38 0 79 3 38 11 55 91 34 78 59 73 8 63 39 91 60 42 61 73 19 76 29 81 32 7 18 56 79 58 17 90 60 94 21 55 1 48 6 23 59 49 90 39 98 96 89 21 83 15 83 10 66 81 75 38 0 38 46 83 6 19 86 81 83 95 17 42 62 70 13 90 40 2 5 45 37 71 67 96 36 87 11 0 16 42 60 53 11 30 42 70 18 98 24 73 59 96 19 34 6 20 3 67 8 64 43 87 96 1 3 43 18 15 73 92 88 23 81 6 94 59 42 5 6 76 44 46 5 16 95 20 25 55 35 67 88 55 2 12 23 37 28 31 22 81 77 18 43 5 60 43 1 94 62 31 71 12 92 20 57 68 61 76 78 74 
71 38 59 27 85 90 71 43 38 64 63 63 16 30 16 39 58 47 39 34 34 78 52 78 81 14 42 26 50 97 74 53 98 32 58 93 84 75 0 99 28 46 82 69 60 67 48 29 32 37 77 4 6 56 30 55 24 21 45 96 8 32 56 17 76 69 16 56 72 76 77 90 60 21 7 98 66 54 87 52 72 2 70 23 42 70 61 38 95 69 41 10 64 86 77 64 93 73 50 21 3 53 79 51 93 0 93 46 71 3 24 31 32 70 67 7 86 8 40 99 72 54 31 26 67 9 65 77 37 71 4 46 46 86 53 59 51 69 53 37 29 14 88 34 34 1 39 0 35 73 36 87 29 44 71 66 43 46 83 77 96 28 45 93 21 78 92 37 95 42 86 24 10 3 50 42 64 94 15 7 99 31 92 97 40 42 8 46 34 56 43 66 22 44 30 46 65 15 56 17 11 43 21 85 97 42 87 78 9 18 14 95 35 92 60 69 12 90 47 44 35 57 90 59 0 55 74 51 92 3 52 79 56 98 41 31 57 22 86 10 84 46 82 56 88 57 30 88 81 94 83 98 86 79 16 12 80 68 50 18 36 35 56 48 86 34 51 63 40 20 40 87 75 16 16 15 81 14 68 49 86 71 37 43 10 79 16 62 79 93 85 83 79 27 89 55 86 50 19 47 9 0 13 99 97 8 10 87 17 67 46 60 29 68 16 40 81 29 59 24 46 8 68 44 51 42 11 84 10 11 64 6 80 46 48 53 30 4 12 20 22 43 45 5 81 39 57 80 86 25 25 90 27 98 11 27 67 2 85 24 8 57 99 65 49 62 26 94 90 18 29 19 99 23 85 17 74 6 15 79 97 78 29 65 36 47 45 88 18 45 56 78 30 28 95 71 92 71 66 16 
21 75 90 55 99 71 25 35 41 95 7 85 66 21 99 96 52 10 30 73 54 96 4 26 94 67 13 0 5 82 33 90 36 96 15 88 60 39 69 48 16 0 73 7 61 43 32 11 86 13 84 96 30 35 84 29 47 56 68 24 64 59 30 33 77 74 83 10 65 67 27 18 60 85 40 12 66 82 72 15 48 18 44 60 58 93 24 22 68 77 37 44 93 50 66 71 21 40 62 10 14 79 13 24 73 56 97 65 50 62 62 91 13 22 9 66 26 56 29 53 7 83 52 87 69 59 93 10 76 60 45 99 23 54 51 83 84 47 19 24 91 65 91 67 89 29 33 76 10 94 43 18 39 30 36 78 78 41 2 34 19 72 48 54 56 89 6 65 51 68 11 44 22 21 22 47 16 6 60 13 98 0 17 86 44 45 69 31 61 38 57 37 52 46 10 46 61 36 49 77 72 61 64 38 56 83 92 52 34 31 27 94 62 50 76 8 62 90 56 96 39 44 35 93 17 59 32 39 99 67 25 43 1 42 27 84 55 23 40 9 47 46 26 33 55 44 19 45 5 31 57 77 14 76 12 22 48 22 33 61 16 70 22 96 68 61 39 85 65 33 87 59 27 64 76 37 79 29 19 36 45 69 91 76 8 33 11 50 19 53 26 33 5 24 31 79 27 73 34 9 45 89 89 53 74 5 82 74 87 79 56 97 23 44 3 59 20 73 93 19 97 2 47 38 75 26 53 52 36 65 97 16 2 90 45 55 92 53 43 9 12 48 53 24 45 96 57 49 65 34 26 16 82 90 23 20 52 60 31 79 82 66 74 63 30 54 60 73 14 32 16 1 36 81 34 58 80 4 12 99 13 45 53 38 41 77 38 52 42 94 46 41 85 72 69 66 36 51 13 28 
6 69 12 34 25 42 40 82 1 18 80 92 43 86 90 60 76 23 2 1 35 20 54 29 33 15 41 35 76 38 25 15 33 25 68 93 94 78 43 28 74 52 70 68 19 57 62 34 82 92 76 63 5 46 18 12 10 30 7 12 86 58 91 78 28 0 12 17 70 27 62 37 37 95 42 0 21 46 65 92 23 51 55 63 3 67 42 37 68 59 43 0 22 77 44 38 17 98 95 14 67 11 54 60 88 70 83 18 77 24 6 47 63 73 81 84 32 68 3 60 23 76 12 92 52 9 28 26 66 23 25 81 12 39 83 61 61 7 70 85 31 21 98 82 63 62 26 6 46 49 53 53 23 26 70 14 96 91 58 86 66 82 4 12 49 7 88 85 18 68 38 54 75 47 24 34 81 98 19 37 80 34 19 97 84 56 98 21 54 79 91 75 13 56 17 30 34 94 49 51 61 19 12 43 53 2 13 10 46 25 44 14 14 62 66 19 51 88 32 22 42 17 90 56 30 25 83 84 79 74 19 55 17 30 8 95 54 72 1 34 50 94 44 0 84 31 33 87 38 40 99 63 92 65 60 41 11 9 36 20 4 29 58 78 14 73 97 18 52 64 27 6 82 91 51 24 34 87 37 86 54 38 20 79 21 74 80 22 11 60 72 45 49 4 1 70 80 26 11 45 68 1 39 39 0 38 91 69 65 99 66 43 12 76 35 34 87 77 3 64 86 69 12 91 2 27 89 2 75 68 3 39 75 96 63 88 58 28 9 19 87 87 79 63 18 51 11 25 40 98 20 46 92 66 64 91 67 10 73 15 91 46 53 24 91 13 60 21 42 88 12 50 61 58 49 60 18 98 36 3 6 45 68 61 81 45 27 0 97 88 74 67 84 13 60 53 86 72 37 19 
10 88 62 35 31 42 51 0 15 19 27 20 63 78 19 7 74 7 61 71 58 15 91 89 46 25 21 37 79 76 68 36 77 58 43 5 58 49 1 86 16 88 88 85 2 44 88 35 89 23 80 82 4 97 94 29 34 73 16 52 1 83 41 47 95 7 36 56 48 48 61 71 27 50 14 37 30 80 32 66 75 67 22 79 97 95 60 76 98 19 20 3 70 71 81 93 47 7 5 77 27 59 25 50 19 49 90 12 73 38 78 38 16 45 51 30 23 89 43 33 27 61 65 85 49 37 55 4 83 70 9 51 33 54 69 63 28 1 27 2 70 26 67 98 61 74 20 33 76 10 35 44 42 32 4 58 54 65 37 47 50 12 97 90 88 92 70 30 54 93 58 32 41 4 6 6 56 66 72 14 70 80 71 2 57 36 53 10 45 90 40 7 64 80 8 71 31 54 52 48 33 83 42 21 58 52 48 99 51 77 77 28 68 69 56 42 94 17 79 58 70 38 54 7 1 99 39 25 14 72 6 92 65 25 60 14 41 37 85 92 21 95 92 24 46 38 74 12 32 15 43 9 21 83 75 19 42 89 45 16 4 98 68 15 14 84 52 86 90 44 84 45 77 75 67 45 31 99 43 5 86 45 96 72 74 90 39 59 29 46 35 4 87 36 48 48 81 92 13 73 89 81 49 98 65 51 42 31 65 15 98 24 38 56 47 10 89 7 21 88 71 98 45 74 98 14 95 99 92 48 32 71 7 40 29 32 92 49 13 83 7 8 5 49 35 4 96 19 6 69 41 13 44 12 2 73 17 7 0 24 44 26 84 41 90 64 80 11 34 73 2 59 29 80 9 77 53 9 30 55 82 34 56 14 57 25 87 78 9 16 93 24 66 0 6 2 3 91 30 5 
63 29 88 85 88 56 93 42 4 31 97 71 87 76 66 24 48 78 43 92 88 89 78 38 84 47 89 2 27 67 45 32 51 56 73 13 54 48 86 31 64 33 3 10 79 24 42 46 55 8 99 79 15 34 36 58 24 47 50 18 88 33 72 23 38 97 81 54 48 52 83 69 9 80 73 48 92 26 33 32 84 98 42 35 2 39 51 85 44 19 29 21 68 81 25 83 28 1 34 16 38 87 25 62 79 9 62 18 80 50 58 47 37 31 21 13 78 47 18 94 2 49 89 43 57 54 64 62 21 84 1 67 45 23 27 61 82 89 43 19 41 83 46 62 49 22 72 64 17 59 38 9 21 59 86 81 65 86 87 62 21 66 17 72 99 82 42 62 90 31 19 75 29 35 32 65 56 28 86 64 76 55 50 98 20 78 66 54 51 91 99 87 29 70 35 22 54 9 66 70 40 46 80 38 43 64 25 53 89 73 47 54 0 39 71 74 89 2 62 14 55 42 79 91 75 58 70 37 36 68 66 72 2 13 38 25 95 19 9 0 18 85 32 1 76 35 89 29 47 63 37 73 32 95 48 73 60 56 24 66 31 38 87 64 46 53 2 12 17 68 39 29 70 96 73 33 7 19 3 61 46 96 41 72 88 62 1 74 49 97 25 52 34 61 12 19 6 18 32 33 89 94 15 1 77 73 57 75 83 86 13 88 2 43 46 11 42 70 72 47 69 53 90 31 20 87 98 92 16 32 83 22 71 75 43 62 3 85 33 78 75 85 0 65 67 42 21 52 66 73 1 93 83 59 63 3 55 29 8 11 74 22 96 74 75 1 32 31 41 40 5 54 99 20 48 64 90 42 18 21 77 37 41 56 53 61 75 29 46 47 51 21 82 54 42 9 61 53 5 8 
85 50 32 79 23 11 48 66 17 91 20 37 41 87 80 54 38 33 83 65 85 56 71 41 67 58 10 12 69 63 20 6 28 59 34 90 31 1 69 30 61 4 27 80 43 31 49 57 97 92 34 93 48 94 55 35 93 39 84 26 91 51 13 44 94 50 20 82 23 84 82 61 2 39 5 27 47 64 53 8 88 90 65 59 23 79 96 16 88 37 3 92 68 20 57 91 44 44 90 84 11 42 4 73 85 86 67 81 70 4 3 64 2 15 40 2 18 20 29 3 80 59 63 8 86 99 36 57 96 97 67 46 27 76 87 28 20 6 92 38 38 85 52 92 95 22 42 58 85 13 31 96 29 87 22 8 19 65 5 68 44 69 32 87 83 74 62 98 49 31 78 95 1 28 60 36 19 40 15 88 65 70 81 39 27 67 85 12 85 47 29 56 38 52 24 48 75 43 29 65 15 24 81 3 81 9 94 56 98 33 60 83 40 26 4 89 30 20 27 6 54 0 43 35 32 82 72 35 44 77 2 91 89 27 18 14 28 87 26 85 17 1 69 64 79 35 31 13 30 2 37 72 8 95 60 95 81 58 96 47 52 90 94 83 81 78 25 5 28 80 9 38 26 80 53 41 67 3 31 55 47 69 66 50 85 55 31 7 33 53 71 12 73 47 0 26 26 86 97 47 27 54 95 40 42 78 21 60 2 91 52 40 6 16 56 42 32 57 17 16 72 7 66 87 29 4 50 15 28 99 55 8 48 62 15 57 18 70 69 89 2 79 77 35 57 9 35 82 13 33 50 49 13 0 72 87 62 65 16 22 59 33 74 85 95 12 38 7 0 69 48 58 94 98 99 89 53 14 28 93 76 67 69 42 74 11 37 92 26 25 47 4 19 72 55 65 92 64 44 82 
2 91 70 29 25 2 85 56 79 36 47 32 17 95 59 43 98 94 35 11 27 61 95 19 44 7 90 0 7 65 15 52 38 56 36 21 93 65 44 74 54 50 95 46 80 72 71 45 2 31 96 42 16 74 87 46 98 95 26 38 28 16 78 31 54 84 6 19 73 76 23 58 57 98 65 79 61 43 70 87 92 83 72 52 29 81 59 70 81 0 35 20 55 2 99 83 92 2 27 98 25 83 43 33 6 94 9 35 0 4 91 18 49 10 76 62 50 89 21 57 25 54 82 13 8 29 51 10 30 71 8 30 93 18 36 2 80 24 33 83 25 39 79 97 49 40 44 94 47 57 54 14 26 88 87 50 51 89 81 62 79 55 44 83 65 64 69 13 58 70 40 50 76 48 17 64 33 40 99 95 0 60 17 97 13 12 61 21 1 96 78 34 43 58 24 86 17 94 87 95 86 56 16 92 10 54 31 3 7 47 25 74 9 67 72 71 80 64 37 48 88 48 1 99 66 16 60 94 37 32 9 51 43 44 10 26 97 67 18 43 80 33 64 1 86 26 59 47 89 89 10 79 25 30 23 8 84 68 87 60 97 90 92 97 69 28 25 99 26 81 52 55 89 42 45 43 27 9 23 13 30 67 93 56 9 14 51 89 69 28 65 27 17 32 35 93 76 74 89 51 2 45 81 59 5 50 59 57 45 40 16 70 29 50 30 85 83 92 70 50 93 42 43 71 66 74 79 48 69 84 24 51 76 58 24 84 31 8 16 33 98 62 65 29 45 89 16 66 6 76 72 76 92 59 97 28 62 87 3 77 22 63 68 62 47 78 10 36 37 34 52 22 63 40 39 46 97 77 72 57 24 61 20 30 66 67 58 27 39 28 28 77 40 18 57 76 1 11 75 38 
58 82 28 32 33 59 77 90 43 6 77 16 60 1 87 20 84 89 15 95 47 41 18 18 95 31 48 46 5 18 58 83 58 45 28 72 14 84 96 3 2 40 68 26 85 98 52 67 44 50 80 84 16 22 40 22 92 12 88 19 71 79 79 49 4 83 95 41 28 42 83 48 62 43 4 0 93 9 4 34 12 83 23 75 96 54 3 85 97 14 19 71 30 62 27 55 94 59 58 35 82 76 3 90 7 87 2 77 19 45 34 97 18 50 7 79 81 39 58 45 80 93 98 74 96 87 2 66 59 11 8 10 95 13 60 11 21 75 37 25 51 4 47 77 60 87 46 0 18 67 30 24 39 37 15 93 64 93 39 25 96 5 26 19 5 70 65 34 88 16 42 40 25 0 83 73 32 68 53 70 99 47 82 54 44 74 14 55 11 42 87 20 63 18 47 42 63 83 35 32 56 58 37 15 93 38 57 61 96 67 91 82 35 75 87 41 58 67 63 49 95 12 97 83 57 26 68 53 5 72 29 15 41 81 37 33 24 74 61 30 11 98 17 27 20 31 57 7 76 17 17 90 93 67 30 27 2 8 5 22 11 80 16 81 88 37 11 11 64 16 25 79 37 39 78 54 93 18 47 83 64 60 28 58 61 29 54 71 59 50 69 12 17 37 99 98 43 45 54 55 82 28 86 20 97 11 47 42 78 57 82 14 49 36 1 57 8 5 8 83 82 34 93 16 35 89 63 48 83 66 51 3 22 57 91 10 17 65 83 63 48 24 97 19 59 21 68 24 88 82 44 76 96 17 0 88 29 37 60 61 21 60 77 55 85 72 26 47 84 63 7 17 89 11 1 66 54 58 48 18 70 9 52 73 58 27 71 78 11 37 53 73 64 91 65 70 13 29 47 14 
54 95 95 37 6 2 77 31 58 0 86 99 11 50 25 74 19 92 77 94 78 60 78 66 87 59 6 99 36 36 59 64 48 26 14 78 51 61 14 71 63 31 85 52 78 57 70 92 66 43 15 75 72 4 45 38 32 35 14 97 29 53 34 67 16 24 53 92 93 43 75 21 26 39 70 24 22 33 96 54 53 50 5 21 18 79 71 29 70 25 58 37 51 63 87 38 11 93 63 28 82 89 33 58 1 16 92 55 45 4 26 92 31 83 22 92 93 54 15 53 72 39 36 61 12 99 75 33 17 36 81 25 84 59 32 72 9 89 24 82 94 12 14 55 16 51 34 45 87 49 75 76 12 58 0 69 35 50 25 89 19 99 38 23 81 65 23 65 7 92 66 3 0 58 64 1 55 98 66 63 6 68 23 37 57 29 25 55 92 53 10 21 95 28 19 51 71 6 35 85 77 23 37 45 13 22 13 69 66 71 34 26 5 6 40 89 43 74 48 9 3 39 73 53 63 4 36 4 33 4 31 86 73 55 17 61 28 75 13 4 60 24 77 74 87 8 46 95 70 79 57 50 76 19 99 58 33 47 56 66 94 97 88 42 9 28 12 33 89 75 15 0 54 7 24 8 42 75 68 63 6 73 3 59 59 60 79 51 19 12 72 90 0 42 53 65 71 17 11 72 24 64 84 96 54 45 31 60 1 56 42 81 15 48 90 6 24 15 15 56 63 25 99 19 78 55 15 45 37 40 37 83 10 39 56 8 73 66 41 52 52 58 10 46 30 72 47 65 55 24 76 82 11 80 10 57 36 32 70 56 25 75 28 32 37 48 73 29 87 65 22 38 59 8 21 1 45 45 98 32 16 79 80 44 38 42 36 4 66 24 21 45 78 47 16 81 46 62 54 98 
73 44 67 65 38 13 34 66 57 38 50 30 24 91 47 2 52 47 66 57 72 4 13 73 76 8 26 54 29 35 25 32 1 37 60 10 89 42 11 74 95 60 40 15 9 62 72 96 25 99 43 39 46 96 29 43 63 53 38 65 23 9 83 93 80 17 8 75 56 11 24 36 85 87 60 35 52 42 24 11 97 69 36 99 92 44 94 71 47 44 55 64 82 81 67 55 83 60 40 94 4 92 18 40 53 35 93 67 82 36 47 42 8 7 41 51 63 48 75 85 72 79 6 23 12 31 57 2 13 78 48 27 75 41 49 87 89 20 11 46 9 36 24 30 58 55 5 38 61 56 45 94 46 95 10 76 95 27 11 28 37 54 6 93 98 1 72 20 19 29 79 8 27 53 11 26 19 98 37 57 39 71 83 77 73 64 76 89 69 24 87 11 29 6 21 44 50 5 92 31 66 20 53 14 11 85 10 94 59 23 36 10 30 86 46 67 62 26 3 86 81 32 53 34 20 88 19 56 53 70 80 53 50 51 76 83 20 82 90 74 79 20 55 20 16 77 26 34 15 60 16 85 67 41 86 30 78 25 17 38 17 29 21 97 90 19 85 35 28 17 33 55 9 83 9 7 31 72 94 64 69 47 31 36 70 0 70 6 35 12 54 21 28 41 70 23 44 55 7 14 90 78 91 0 19 5 67 19 54 22 91 89 61 72 51 14 60 77 28 14 54 15 67 1 96 49 56 99 27 33 59 61 78 77 60 49 35 22 57 1 80 97 36 47 57 89 72 24 12 23 24 22 70 32 7 2 72 48 51 6 23 55 16 11 12 9 71 27 91 2 30 89 23 51 18 92 27 86 16 65 90 48 32 71 8 69 59 9 91 87 30 67 85 30 75 25 96 60 36 97 
45 49 94 13 78 61 68 56 2 61 24 29 70 10 61 16 97 64 22 38 43 70 14 87 91 6 60 30 14 64 4 3 95 6 83 71 53 23 27 13 13 76 99 4 45 54 34 58 65 30 93 91 59 49 62 12 58 95 50 10 34 10 99 34 0 50 86 50 8 85 7 49 58 96 99 43 25 48 9 3 72 10 92 10 55 35 39 5 98 17 82 45 73 42 16 88 84 66 18 35 83 46 27 99 32 93 4 89 31 12 54 46 75 58 26 22 99 90 84 99 92 59 83 80 61 55 28 44 38 35 81 69 34 31 80 4 99 71 91 14 39 81 46 16 32 56 27 55 71 60 14 80 82 78 6 82 79 99 78 59 88 80 71 24 69 48 69 87 19 42 88 87 38 16 97 27 33 97 89 62 36 14 17 7 14 39 58 51 60 8 55 99 89 92 41 4 76 89 3 12 84 17 82 71 30 98 66 2 32 37 89 58 4 40 20 52 62 67 40 48 14 3 51 43 61 62 35 38 55 70 29 91 86 78 86 54 37 20 82 41 19 8 2 88 4 45 27 32 36 33 76 92 35 28 65 16 61 91 52 49 31 91 4 13 17 11 67 57 93 5 16 24 44 5 22 54 12 55 48 41 74 8 13 67 33 42 73 52 71 11 49 89 66 39 59 13 33 5 86 59 52 56 45 76 29 33 69 59 57 52 32 54 18 95 87 50 70 27 88 65 44 26 41 7 82 87 99 36 90 83 58 68 45 28 88 1 57 97 20 28 45 69 74 52 71 7 96 48 17 85 2 47 32 7 69 10 9 63 68 4 77 75 92 89 55 2 6 9 12 3 75 50 34 26 35 1 5 56 57 25 34 1 42 33 84 68 92 2 97 79 17 88 12 11 20 17 80 74 31 94 
74 95 25 78 30 63 90 40 56 58 49 13 57 51 81 71 14 83 67 48 8 2 75 65 81 60 61 80 35 28 70 27 95 23 87 92 55 71 85 22 92 32 70 33 77 95 26 53 4 5 38 39 24 18 73 61 70 26 96 98 48 0 4 89 51 37 0 94 80 31 40 10 81 67 80 72 96 44 30 52 0 18 36 31 72 33 20 10 61 49 28 20 99 13 88 71 58 91 93 90 57 76 85 12 23 24 60 75 70 67 21 47 48 45 89 73 64 4 63 63 4 72 18 57 80 44 19 81 60 75 53 7 21 55 85 80 50 97 82 49 97 85 62 34 59 44 47 76 59 47 91 9 49 45 81 14 67 57 32 31 33 81 61 6 58 11 51 83 58 82 9 98 30 0 94 17 40 77 47 44 99 90 68 54 75 14 30 90 89 68 4 86 21 43 49 38 35 99 32 92 48 17 29 18 1 40 96 45 5 9 88 77 43 20 29 46 94 68 92 13 16 77 86 81 65 24 76 51 32 66 19 31 78 72 52 2 58 51 93 81 25 8 92 72 63 42 19 43 86 95 28 7 73 75 71 68 7 27 27 85 50 9 42 33 77 89 47 37 2 99 76 30 8 77 35 52 16 80 53 19 94 23 50 89 65 4 91 44 85 25 41 49 67 80 73 73 74 78 73 71 75 2 50 43 26 26 22 34 72 78 60 21 28 79 93 38 46 58 17 12 5 62 51 70 44 15 57 39 59 19 12 13 43 30 58 16 19 97 45 96 52 68 71 14 32 96 90 94 54 54 30 92 5 81 76 45 29 74 82 68 26 98 36 70 80 43 17 21 87 71 19 80 24 34 59 32 44 10 88 94 7 23 17 81 87 0 29 92 47 32 71 67 30 2 46 38 84 19 51 79 
70 32 20 90 9 43 3 29 5 93 0 33 39 91 7 18 89 69 82 97 8 86 29 96 26 18 62 82 94 56 91 85 1 0 82 20 5 24 60 33 55 53 57 3 69 28 68 55 10 9 58 4 37 89 27 88 72 75 95 21 69 72 10 48 14 99 23 64 30 49 90 51 31 33 84 25 60 32 42 93 50 48 9 51 75 6 82 54 55 37 82 39 83 1 55 54 74 20 23 42 46 18 28 67 35 19 97 45 62 81 80 2 9 78 12 72 77 64 49 54 27 68 82 17 91 4 11 33 50 92 87 0 71 78 51 45 4 57 67 42 6 75 72 73 51 63 31 31 82 6 93 56 72 3 12 26 33 56 41 97 68 51 42 16 64 67 10 26 7 36 55 49 36 36 51 35 40 38 22 50 12 91 50 73 10 52 16 2 61 55 78 64 62 29 74 62 40 39 94 29 10 48 48 36 16 70 52 34 72 40 63 15 34 4 31 96 89 53 89 73 79 83 66 0 58 34 88 68 25 71 2 18 47 52 59 26 54 71 56 21 75 77 61 5 4 81 21 30 25 19 87 32 39 77 52 49 18 73 86 96 30 59 7 1 81 45 19 44 78 49 82 96 9 57 42 29 86 10 11 90 67 33 59 98 41 93 60 65 69 59 24 1 79 83 53 35 44 28 21 4 97 72 91 72 2 96 58 22 64 98 70 0 93 13 73 83 33 7 56 50 3 72 49 0 48 78 95 84 63 3 48 20 1 94 51 4 11 41 54 48 6 43 37 64 16 46 24 32 52 47 9 79 12 64 66 71 25 1 26 54 36 11 5 64 95 18 37 57 26 46 26 67 24 23 93 67 49 23 65 80 40 96 98 77 83 91 3 89 18 92 81 39 90 59 24 3 4 71 61 77 
5 1 33 68 82 75 26 0 66 73 35 60 31 23 77 11 42 8 11 19 47 79 1 34 17 29 24 65 98 30 84 54 34 31 56 62 60 19 31 71 45 92 3 30 67 16 70 93 77 77 2 59 17 42 69 52 77 67 18 42 63 27 34 24 71 31 67 30 18 62 44 61 92 15 25 80 46 83 78 79 6 28 42 32 78 49 74 15 26 94 41 87 1 82 14 97 66 35 60 74 69 98 11 33 17 12 16 58 42 20 45 6 50 62 20 90 99 87 15 57 89 30 18 10 98 30 37 99 41 77 90 28 35 9 45 59 59 89 45 42 17 6 82 21 93 14 55 82 33 97 61 58 20 3 0 58 53 65 55 33 11 94 99 20 62 92 41 23 54 23 75 70 42 42 13 13 87 26 16 15 10 71 92 5 40 4 60 28 49 61 27 12 60 30 88 4 4 3 96 90 73 94 27 77 76 85 68 20 81 72 66 25 80 89 91 70 38 34 98 22 84 51 85 95 4 61 16 34 35 82 49 32 22 18 8 92 93 4 17 56 57 2 27 13 6 18 87 29 64 25 1 99 5 19 70 18 91 35 64 54 77 52 14 35 0 14 55 38 12 30 36 81 61 94 7 2 67 44 79 43 72 17 82 12 76 0 98 97 69 35 71 70 68 94 11 29 75 72 23 31 5 10 46 65 75 68 75 48 93 5 40 47 76 82 44 76 41 20 88 57 82 50 34 52 27 9 2 89 15 82 61 87 92 7 2 22 77 82 59 0 95 62 53 21 94 32 48 35 60 53 73 5 10 4 8 95 22 46 20 35 85 9 77 79 73 42 41 47 10 26 70 0 33 59 7 58 41 78 77 61 9 28 52 54 61 89 70 92 5 12 75 0 47 49 66 42 1 23 67 13 
85 30 53 91 47 28 30 28 96 5 40 23 48 97 38 66 47 37 24 94 76 66 51 23 34 37 81 9 6 74 27 67 12 56 67 2 97 88 25 46 73 33 37 12 18 27 47 79 77 11 25 17 83 51 72 29 7 79 33 70 5 42 10 5 30 73 69 99 55 76 37 73 51 18 23 53 41 76 6 13 89 17 25 1 58 68 33 80 60 49 59 79 31 25 11 68 15 20 39 1 45 84 17 79 6 20 78 28 23 50 43 27 25 93 98 19 49 65 6 22 54 24 14 20 26 41 99 2 71 71 76 60 3 24 90 15 82 66 7 19 18 78 36 61 87 48 42 2 16 14 72 11 50 52 51 31 55 63 18 42 70 68 8 25 17 92 55 42 87 89 6 66 95 76 62 67 17 93 77 11 72 75 83 45 71 16 9 22 31 15 51 57 48 60 52 35 24 40 85 30 97 94 58 35 43 12 76 73 81 14 84 32 43 87 30 70 72 38 86 57 45 9 54 69 77 31 48 91 6 3 27 66 16 50 40 60 93 74 72 56 85 25 30 83 6 83 50 41 79 40 67 62 4 8 28 5 90 33 95 91 33 6 70 43 53 32 20 96 96 69 86 68 60 83 44 8 86 16 82 95 47 83 2 95 70 65 45 41 21 89 82 61 19 93 74 35 42 19 21 32 54 58 27 3 42 80 10 13 21 83 43 75 28 95 91 40 82 16 16 98 71 61 89 21 98 92 42 29 88 26 23 47 78 21 10 7 27 44 35 64 5 79 88 41 10 44 93 39 96 85 30 39 37 43 19 49 80 54 83 85 28 2 99 85 68 26 29 63 83 71 84 61 41 11 14 26 77 97 61 2 16 84 47 72 49 0 64 27 67 49 80 80 28 3 45 51 68 92 45 40 
38 28 48 22 48 42 25 12 13 96 35 96 98 72 34 54 73 4 77 54 66 31 26 65 90 53 48 7 74 61 33 44 56 88 40 1 32 21 32 90 2 47 14 50 42 71 67 48 35 90 34 67 41 77 16 72 81 11 85 84 62 91 70 66 97 23 64 45 44 84 52 97 60 31 18 22 0 47 63 98 65 4 66 89 99 15 91 10 28 43 55 67 28 95 75 35 89 45 47 63 84 87 12 47 67 28 96 98 76 57 46 93 22 88 98 12 2 61 63 97 33 79 19 42 44 41 78 33 92 98 41 90 36 69 45 99 71 57 52 94 82 77 11 32 30 59 9 85 89 14 19 68 91 24 25 52 3 13 75 11 99 33 55 22 0 28 90 25 49 40 45 49 55 70 31 27 49 33 4 86 84 99 52 64 62 18 12 5 43 82 79 5 64 3 57 87 56 10 96 42 47 99 60 35 37 50 49 66 35 98 11 21 28 56 97 75 42 36 44 34 53 9 38 60 45 65 2 38 0 52 51 41 43 31 9 48 29 87 54 18 44 13 17 94 71 13 63 32 23 92 42 34 6 39 39 31 64 8 39 90 12 38 50 94 43 32 87 85 8 2 37 62 32 71 62 64 54 18 97 48 97 0 18 97 20 1 15 22 43 99 71 20 89 11 29 54 25 70 54 65 68 71 99 55 83 69 83 91 93 3 92 10 56 45 39 8 65 50 33 10 0 33 63 66 37 33 65 12 28 48 23 4 55 53 48 32 85 8 4 59 93 23 75 86 56 51 66 46 60 57 42 22 21 13 67 62 85 14 42 44 23 39 98 47 92 98 31 5 90 91 4 17 36 19 87 88 86 42 83 55 68 9 25 90 25 76 26 36 42 23 52 67 52 55 42 64 54 40 5 66 
83 57 24 4 88 83 4 41 0 45 29 36 75 87 75 98 28 66 40 74 62 80 57 43 18 40 8 26 99 64 33 20 10 17 91 92 31 95 45 44 19 26 36 20 12 55 92 3 78 27 71 30 87 25 68 47 89 78 39 26 66 14 84 46 56 16 62 46 63 54 71 45 28 19 25 35 59 29 15 9 91 70 28 16 72 49 95 28 1 21 68 54 43 82 37 4 34 70 13 25 95 82 81 69 45 61 44 33 12 45 29 30 47 85 90 70 20 65 58 88 54 24 86 61 2 47 9 31 22 99 43 17 58 49 16 51 88 59 60 63 15 94 85 60 58 86 82 62 85 42 87 98 16 48 10 96 59 43 92 42 70 59 81 2 94 48 23 71 71 59 2 4 64 53 80 70 4 2 27 23 2 62 15 47 19 53 44 30 86 24 53 65 85 5 6 29 66 59 27 58 12 39 21 93 67 50 85 8 93 57 71 10 23 97 52 97 27 39 51 67 99 95 65 5 78 2 27 66 46 78 88 11 22 49 58 96 16 37 9 71 69 15 78 74 80 41 14 26 37 5 20 71 31 15 7 77 91 14 7 47 94 92 9 82 49 11 13 44 20 14 35 62 41 75 46 31 89 4 93 22 11 93 26 35 64 30 35 9 67 9 67 2 82 6 3 63 37 77 41 22 33 36 92 98 15 74 20 57 14 51 16 83 11 41 6 10 95 6 79 41 78 59 18 18 66 76 53 91 98 77 22 52 96 81 76 41 33 52 10 89 3 66 91 19 95 94 51 80 73 29 73 58 96 36 65 83 18 82 84 85 40 6 30 9 30 43 26 33 65 17 80 58 85 21 63 54 25 0 78 22 56 69 93 55 61 19 32 74 59 20 95 38 7 63 22 37 37 3 23 89 
49 81 18 24 70 8 84 86 23 43 27 39 26 50 24 73 41 21 70 66 23 42 59 21 71 81 53 37 3 28 54 74 88 28 35 44 19 34 81 61 83 74 61 63 41 54 58 95 8 26 20 28 95 83 91 86 8 68 64 4 63 76 48 95 17 73 35 33 9 65 55 35 92 86 36 91 11 75 90 53 95 54 45 22 44 68 44 61 54 31 58 98 0 85 40 36 38 41 11 68 30 51 81 74 37 40 30 42 59 99 29 55 36 28 38 10 84 73 14 55 50 16 89 39 80 85 71 30 86 88 83 55 92 60 72 60 76 61 12 36 61 96 18 54 32 74 74 76 49 62 36 83 30 69 5 40 86 22 61 52 57 10 22 64 81 18 87 48 92 52 77 17 5 23 14 13 48 22 26 34 18 18 19 77 64 75 47 12 46 28 97 54 51 70 29 86 39 0 87 43 5 16 7 58 95 91 8 76 46 5 54 30 86 43 14 10 54 90 11 92 8 25 12 68 64 70 91 82 17 1 44 24 99 56 42 94 87 30 5 64 24 90 41 99 35 27 46 37 34 2 80 79 32 87 9 71 92 12 25 3 86 70 33 47 58 49 51 90 49 22 77 40 45 19 32 42 24 11 10 86 34 7 35 65 62 72 37 18 63 5 98 93 32 79 43 52 62 75 54 1 65 72 75 84 68 99 90 86 97 91 47 2 56 0 75 6 26 94 79 74 5 25 7 97 22 12 97 84 28 46 98 79 39 68 55 48 55 73 40 51 78 83 37 36 95 82 25 87 32 86 32 49 79 51 4 14 72 48 28 38 66 50 51 8 51 54 82 33 97 58 61 21 75 54 31 88 15 57 1 51 37 99 96 33 39 69 96 44 50 13 11 18 25 6 11 61 69 90 60 19 
18 6 26 77 12 93 57 34 75 29 10 71 47 39 10 94 46 29 52 79 68 89 59 5 14 7 27 41 38 27 1 92 10 68 62 90 29 8 85 63 73 42 80 81 19 32 58 74 89 20 59 72 90 77 28 94 11 13 10 16 56 98 23 22 61 6 90 29 46 27 20 74 32 75 69 11 22 91 29 99 22 70 2 74 97 33 45 57 26 88 58 43 69 27 21 52 59 78 50 89 67 98 81 44 81 77 50 85 78 12 55 69 67 75 48 25 15 28 14 43 65 32 27 45 3 22 61 43 92 49 77 94 45 53 22 64 42 0 30 21 21 47 39 98 11 30 98 66 53 92 12 15 38 16 34 70 4 43 83 93 44 51 96 64 46 47 7 66 4 0 66 65 37 67 58 8 37 41 67 28 8 3 23 77 48 82 47 63 63 5 5 84 3 56 22 12 24 53 9 62 23 33 41 60 92 98 64 39 67 10 0 8 86 62 70 50 3 36 97 63 19 10 80 40 18 36 92 13 9 31 72 77 55 31 97 43 69 50 84 33 48 46 33 24 77 57 54 93 71 59 69 70 34 76 39 32 71 66 69 3 51 29 47 78 21 21 98 9 32 52 18 52 96 93 89 98 87 60 79 82 55 2 6 81 43 79 51 40 11 27 42 83 12 78 27 13 3 40 66 54 29 24 39 99 27 66 17 41 6 62 92 69 25 83 77 82 70 13 95 56 87 3 87 76 42 32 47 71 23 24 46 63 88 33 95 55 53 51 88 26 37 12 81 51 16 92 38 96 51 57 21 85 77 10 71 38 32 97 80 23 95 49 76 18 89 5 41 78 54 98 35 88 68 75 39 3 93 86 4 32 6 10 21 41 95 39 54 17 30 30 41 49 37 22 16 66 92 14 74 43 
42 0 78 23 98 69 2 46 22 29 47 68 3 61 96 19 16 48 18 58 91 79 19 42 96 61 50 8 73 25 61 63 93 49 60 92 13 98 45 74 0 85 0 3 94 46 86 56 52 31 36 0 29 8 10 5 20 80 52 14 92 54 15 0 52 76 49 9 48 24 53 2 91 90 47 37 44 61 2 38 78 21 7 44 67 0 49 86 20 32 89 43 53 0 20 93 25 15 6 61 83 89 14 47 24 47 99 27 35 49 69 56 36 18 49 49 9 64 48 45 78 73 51 51 17 57 99 90 53 0 15 85 50 58 59 75 61 65 25 28 32 44 46 19 97 62 42 39 48 88 93 55 1 30 51 91 86 63 84 56 45 4 79 23 30 51 60 65 60 88 84 21 48 64 70 42 37 56 23 98 86 52 73 31 69 33 60 42 50 83 85 30 35 71 67 70 17 36 30 69 83 96 93 48 45 46 85 21 92 50 84 75 44 52 23 2 54 12 38 8 11 29 11 28 65 45 98 54 56 73 21 92 52 41 24 83 1 18 74 32 66 86 40 41 90 72 13 71 0 4 39 62 55 5 53 15 70 9 17 96 76 5 92 40 93 42 8 90 42 88 93 24 96 17 68 0 45 83 59 58 12 13 5 31 48 31 36 66 85 81 64 47 51 62 12 40 28 57 34 63 46 55 75 96 48 62 31 81 7 74 82 23 28 83 36 75 44 46 31 97 44 83 94 51 6 94 88 25 12 44 45 60 36 4 28 89 91 79 86 11 94 57 10 75 53 89 57 47 6 15 12 40 82 72 27 81 50 37 69 41 33 0 46 28 52 39 27 21 26 58 44 42 36 28 10 97 60 49 48 26 50 82 63 4 31 44 73 36 38 49 10 79 43 92 96 16 49 16 97 58 
15 32 10 55 15 2 95 53 47 77 80 24 40 15 10 76 87 62 61 12 41 5 76 8 94 90 80 27 69 47 62 76 23 97 12 61 26 49 12 84 84 30 85 77 88 1 46 21 50 28 82 34 49 68 71 7 38 64 37 65 95 59 24 93 15 25 33 64 48 59 54 9 5 63 81 50 22 82 13 14 80 12 81 85 29 87 70 68 23 92 68 58 67 6 94 11 86 52 81 29 43 73 84 60 44 6 77 6 54 80 23 11 73 87 97 81 1 98 94 95 65 84 93 99 34 54 18 6 95 21 57 83 86 55 75 78 64 53 12 98 8 44 96 44 57 97 92 27 33 89 66 69 12 88 27 39 98 28 89 32 36 46 17 50 37 85 7 50 28 5 40 9 28 74 90 90 57 89 14 61 73 67 55 49 13 26 39 27 8 36 2 55 4 5 9 78 36 98 31 8 34 66 45 51 70 54 76 72 99 13 77 14 89 98 0 7 42 48 24 1 28 41 30 22 19 82 67 80 75 83 43 97 77 76 32 96 43 23 92 22 72 87 10 11 29 92 82 24 48 48 99 3 43 93 16 54 9 3 58 95 90 48 45 35 17 75 1 81 33 74 23 21 1 36 39 6 21 54 88 95 40 52 75 29 79 58 49 86 26 55 32 92 5 53 42 25 14 78 3 65 14 20 24 24 40 84 44 14 45 68 84 24 92 92 17 5 18 25 52 62 94 33 98 65 57 82 53 76 28 99 51 40 68 23 92 99 11 27 65 11 29 77 67 96 82 34 81 21 50 38 62 74 65 66 91 9 96 31 0 78 47 92 12 27 69 3 30 59 33 96 97 38 18 75 19 38 49 17 50 57 57 88 19 91 27 58 99 37 59 91 79 30 63 10 15 69 31 98 51 63 
57 61 56 58 70 8 88 90 64 12 92 59 61 93 2 24 96 9 8 67 63 99 95 12 33 12 75 42 56 30 6 43 37 60 91 35 27 9 65 37 69 64 72 65 72 51 4 33 93 26 20 74 6 51 28 81 75 60 65 50 27 80 88 84 88 34 66 90 79 34 51 6 31 85 42 10 13 19 52 55 96 87 99 58 38 59 61 72 10 52 53 90 76 76 65 9 26 94 40 74 68 19 50 73 22 59 45 55 24 1 51 69 90 2 66 88 90 22 55 97 59 21 90 90 47 70 40 54 31 22 94 99 12 59 41 90 10 69 82 91 25 93 76 36 56 56 96 86 5 62 9 49 72 7 24 68 40 98 97 35 87 0 3 38 17 99 12 54 95 8 9 34 88 6 48 90 73 1 58 11 49 81 0 63 99 82 93 74 63 83 26 13 2 86 96 62 38 8 92 40 45 33 77 33 65 42 59 17 84 24 80 76 65 40 71 19 23 90 54 19 12 2 20 23 24 66 92 31 7 0 49 33 24 38 22 94 24 87 40 76 71 87 73 91 45 19 83 10 59 78 94 7 63 51 50 50 29 0 4 38 44 15 90 0 65 23 78 19 17 46 63 72 9 48 82 63 65 82 28 7 21 95 55 71 8 46 58 20 62 22 68 69 81 47 0 49 62 90 94 8 76 46 14 20 5 40 66 93 17 80 77 90 88 97 33 74 87 23 64 39 61 31 7 71 34 6 3 68 12 41 84 84 18 33 42 16 69 99 50 40 73 18 74 88 40 4 53 73 93 37 57 91 35 26 6 21 35 57 93 22 12 22 48 35 5 37 78 33 8 61 10 28 57 88 5 3 53 44 63 14 60 98 73 70 25 16 72 21 96 84 13 22 84 39 14 41 18 80 92 53 
26 33 17 9 5 34 27 54 3 12 98 15 77 0 47 50 1 9 2 38 13 59 5 24 58 9 29 47 86 64 24 75 63 60 27 28 5 20 39 34 66 73 87 48 17 92 96 83 69 85 51 64 66 6 58 93 56 47 33 24 20 81 95 36 55 22 62 28 94 98 47 81 50 63 17 79 63 42 71 31 64 91 32 56 80 0 95 76 4 75 59 72 47 45 61 58 7 71 59 41 22 3 99 14 95 54 29 42 50 69 69 68 21 80 80 61 65 75 53 61 25 83 59 84 9 51 85 68 17 59 85 68 23 60 16 61 5 54 90 61 96 50 25 14 78 41 24 91 47 45 71 48 39 64 48 14 65 50 75 42 86 10 61 64 79 45 26 63 21 74 25 54 32 46 80 99 98 32 80 87 64 46 34 86 65 14 59 17 86 47 45 33 51 15 34 85 92 22 32 71 9 64 14 3 6 3 86 65 81 77 55 80 42 4 61 99 93 65 87 34 98 66 13 40 6 71 6 12 4 6 75 13 43 6 96 51 49 21 66 31 27 46 50 2 84 26 17 85 74 88 49 75 4 82 39 35 17 78 5 20 49 35 6 34 85 89 99 3 75 22 85 98 64 69 20 74 77 43 74 62 92 89 52 39 92 29 60 43 14 72 84 13 70 95 50 17 41 69 13 90 11 44 46 72 88 19 78 83 27 36 7 53 95 74 97 91 98 53 83 27 59 57 83 92 63 99 38 26 41 41 11 72 2 81 30 12 95 69 28 41 17 41 37 94 68 92 36 86 6 91 94 31 78 76 1 84 35 39 75 6 83 67 64 37 6 47 56 47 45 28 65 56 15 14 19 34 57 55 52 12 85 35 46 44 33 6 63 9 48 99 41 8 66 49 62 38 32 39 85 23 
31 11 73 65 5 62 58 32 75 82 46 49 17 25 37 65 83 63 48 19 41 78 87 64 50 88 21 50 4 44 84 27 11 32 97 31 51 15 89 61 3 63 81 6 67 57 39 38 52 99 61 59 38 1 9 19 67 60 46 13 31 68 94 27 42 81 1 83 69 87 97 99 83 20 74 54 83 14 31 19 64 66 98 68 12 8 9 60 41 36 37 96 31 1 99 68 49 76 76 4 55 79 33 44 60 82 68 89 30 97 98 45 39 91 10 83 17 59 60 19 68 34 45 26 77 92 54 41 18 14 3 10 89 79 31 32 43 45 96 40 18 62 68 91 69 0 73 62 90 2 13 8 4 32 83 95 58 69 56 46 39 86 21 13 0 26 88 13 75 44 14 94 9 17 72 18 38 23 88 99 83 5 90 84 41 19 86 56 72 52 8 96 31 62 59 50 62 50 18 85 27 49 69 99 14 90 18 93 66 61 79 46 33 55 55 78 71 47 47 88 41 12 23 82 45 40 69 88 4 29 37 83 73 34 33 68 56 28 24 60 5 50 29 17 54 25 45 38 46 76 49 31 96 7 53 40 67 93 62 19 99 64 4 96 20 8 36 40 45 33 43 47 8 97 75 86 80 75 72 21 91 1 33 58 53 79 21 50 80 97 70 4 5 43 16 83 36 51 95 47 72 59 5 23 53 11 81 57 61 85 55 26 56 51 31 64 43 61 63 5 32 28 55 22 28 70 13 20 57 47 89 85 41 79 82 35 94 41 66 28 59 54 55 2 94 31 30 9 48 69 20 8 39 2 94 21 91 72 74 92 87 79 16 79 8 52 50 43 73 65 74 25 89 36 3 71 26 42 11 81 31 6 4 8 81 2 66 74 29 62 87 29 26 73 68 44 77 28 92 84 
40 71 74 4 10 69 40 71 99 59 9 29 68 30 6 96 70 81 29 84 64 73 13 74 6 51 62 29 68 5 36 73 73 49 58 11 68 14 49 81 64 93 85 96 55 83 19 44 18 31 71 11 63 23 88 44 95 78 2 41 81 36 47 70 50 21 73 60 58 47 51 30 3 55 22 23 69 62 82 68 69 12 73 83 46 16 19 5 21 18 51 16 68 93 33 48 46 53 96 86 52 68 10 85 95 98 97 5 32 83 4 97 32 20 67 17 77 46 91 68 16 70 29 82 29 4 73 21 5 7 54 94 10 96 61 62 20 74 9 74 21 81 37 34 49 54 80 96 40 91 59 85 77 44 82 36 44 80 56 20 34 84 36 74 4 0 48 90 89 39 79 18 24 78 4 31 61 52 28 29 99 48 88 57 62 42 75 61 14 87 9 82 7 55 21 53 58 8 57 36 16 53 23 22 82 84 5 49 41 52 53 51 34 1 18 27 1 13 39 73 17 43 37 93 31 30 79 12 8 28 77 20 40 43 44 65 13 60 45 95 27 31 84 30 74 90 24 83 16 69 52 17 15 21 48 48 74 51 99 1 11 60 43 66 73 79 3 19 23 22 40 53 57 32 44 90 65 71 95 26 37 93 22 28 18 77 25 20 77 31 35 91 65 20 61 51 88 59 19 89 30 70 10 20 2 41 11 88 32 55 58 67 83 7 46 74 88 91 60 27 74 90 95 18 91 11 11 22 91 56 69 38 68 60 13 71 61 72 21 39 52 4 78 94 45 33 48 48 68 26 18 68 66 12 74 15 22 58 14 44 55 45 52 54 56 31 88 22 72 50 35 87 51 4 30 12 13 32 71 41 13 67 7 16 21 20 29 37 8 37 98 19 84 4 93 62 90 12 77 74 
66 99 5 41 35 55 99 95 74 0 52 1 1 86 2 25 40 76 7 72 15 12 66 37 15 83 72 72 53 83 28 66 43 79 2 32 26 83 4 6 12 69 82 9 51 71 60 58 53 74 77 37 54 98 27 26 50 63 28 63 43 12 34 86 35 90 95 56 98 31 10 10 47 11 14 35 35 34 40 91 58 15 35 39 24 65 64 60 59 0 58 4 71 19 91 98 38 63 39 38 38 26 53 89 63 61 56 18 9 70 11 13 85 99 96 82 3 3 2 25 72 86 13 61 1 75 6 47 48 3 47 29 81 85 12 34 44 64 39 51 73 65 49 55 96 33 37 67 50 53 72 53 59 44 38 29 41 9 56 20 93 18 22 41 13 76 72 82 38 64 51 60 15 85 1 93 85 59 89 52 45 43 79 18 83 76 68 29 20 33 28 82 1 52 61 50 69 23 24 79 25 77 73 64 67 23 60 83 46 55 45 96 44 25 71 74 7 44 60 75 44 47 83 11 65 17 80 25 33 65 69 87 22 54 41 43 46 19 89 26 70 2 16 80 23 30 31 20 29 21 97 49 70 35 21 29 43 28 90 65 1 0 46 78 71 17 18 6 18 36 57 98 17 52 7 50 38 15 55 33 44 11 52 55 74 4 17 72 25 74 56 27 57 6 4 62 18 24 53 24 96 92 79 89 75 93 81 45 93 88 13 68 44 25 89 27 45 48 88 46 33 76 69 66 29 88 30 5 5 0 57 62 77 85 72 33 68 16 55 65 80 9 42 89 57 9 95 63 17 41 21 81 93 27 10 30 66 30 53 11 78 13 95 78 7 72 63 9 16 46 41 43 99 94 29 8 43 77 15 19 80 52 48 41 55 22 50 95 26 75 77 94 75 27 91 62 80 29 21 73 
75 84 38 34 39 75 28 50 90 82 84 45 68 28 7 72 41 28 86 2 54 49 77 52 6 13 92 62 6 47 18 30 29 60 71 91 98 39 3 78 91 12 63 23 67 79 40 0 69 12 37 14 11 34 38 25 42 12 71 24 79 12 69 91 31 46 19 60 29 95 91 9 32 27 0 97 76 59 67 60 25 79 13 27 35 27 51 27 54 68 87 18 38 54 99 81 63 48 91 51 97 35 72 61 2 86 1 65 10 13 81 33 24 37 15 98 20 52 81 24 80 25 61 79 75 62 67 70 42 8 14 0 85 39 97 72 22 55 69 29 35 5 50 10 50 98 33 10 36 13 68 23 91 67 36 4 61 44 46 72 53 7 9 37 88 6 59 22 10 36 54 12 66 19 77 63 15 42 51 75 41 1 59 41 55 14 13 80 86 60 79 47 38 61 88 24 56 90 25 1 84 98 5 71 31 91 46 5 3 20 8 66 38 66 38 77 72 53 15 59 53 89 51 97 15 22 50 48 48 29 36 79 62 49 25 85 74 12 47 94 90 53 33 86 79 38 2 3 42 45 59 21 82 65 22 72 26 78 88 58 7 48 7 72 94 64 39 34 91 91 5 72 88 65 82 31 67 70 87 75 66 50 85 43 42 74 55 68 85 20 17 97 63 95 59 34 58 60 66 54 90 92 27 87 78 48 30 25 20 33 32 58 70 68 20 24 15 89 26 19 99 45 77 37 23 34 56 7 72 54 83 14 64 63 87 66 30 34 13 89 37 53 90 59 55 35 85 29 2 1 49 43 12 86 34 47 79 48 33 70 47 96 86 73 87 40 37 13 57 54 92 70 34 8 16 34 49 18 91 84 51 92 77 3 31 40 42 53 3 78 34 84 95 42 66 55 48 46 2 80 
32 13 15 77 43 63 75 48 81 62 75 75 95 92 73 4 98 14 9 46 20 48 13 20 92 22 35 13 20 23 82 28 93 15 57 13 45 2 39 12 9 11 92 86 44 55 39 29 16 15 8 43 64 34 91 94 50 95 98 22 57 65 48 64 82 36 47 78 66 29 19 14 27 77 95 23 96 51 51 74 93 54 99 58 24 36 3 34 77 28 19 59 29 89 13 40 65 24 8 96 51 4 68 55 25 80 56 60 61 36 94 47 30 12 29 98 4 70 23 13 81 90 81 90 54 27 0 85 84 91 53 92 65 66 13 46 61 3 6 97 1 60 92 33 65 37 7 31 21 39 95 14 34 85 93 49 2 2 2 6 70 24 18 81 78 17 86 75 26 8 33 60 54 50 76 63 31 85 32 22 73 68 76 34 9 88 23 23 56 55 22 55 26 44 94 7 51 71 33 79 40 49 82 71 50 25 18 10 96 11 93 62 14 33 26 43 44 45 94 69 47 47 1 64 54 43 2 43 93 65 32 69 91 27 89 81 60 22 0 60 29 9 1 71 6 98 48 63 8 70 54 66 57 92 91 74 17 49 81 56 59 22 39 37 30 73 81 3 40 65 39 79 24 41 93 98 31 10 51 90 6 48 76 58 85 54 47 72 79 25 63 42 52 52 19 83 11 89 75 76 62 65 98 75 15 72 33 18 84 75 86 62 36 31 56 14 75 91 70 91 40 73 6 58 62 17 76 56 86 49 47 68 46 84 11 2 96 6 68 3 44 47 10 1 68 79 45 0 23 41 95 38 28 63 56 23 24 66 85 79 69 94 60 76 28 40 86 94 65 14 42 17 73 35 86 39 33 52 88 78 5 98 35 69 3 36 49 81 58 3 66 25 9 36 2 22 28 34 8 58 
49 6 21 57 14 35 23 14 62 45 20 36 49 72 45 16 62 68 46 76 64 48 13 72 54 91 23 28 78 58 65 19 39 92 94 11 91 63 65 84 21 59 66 89 96 32 50 92 27 7 35 9 25 76 24 83 52 43 24 74 62 52 88 8 97 21 44 93 80 18 31 44 5 98 74 49 36 29 85 16 27 0 55 79 8 17 71 91 48 79 67 3 13 48 82 69 46 45 5 17 37 57 49 75 42 66 51 88 10 69 59 56 51 68 74 79 26 17 71 82 52 92 4 83 77 25 58 27 10 83 41 22 34 88 21 60 28 43 25 43 75 78 20 25 21 35 18 60 44 13 11 15 10 10 43 46 52 20 69 49 45 29 37 44 27 71 88 35 87 36 21 9 65 33 91 78 27 25 64 6 6 57 52 62 96 29 83 21 16 21 43 79 71 73 37 44 53 22 33 44 11 98 15 74 2 34 69 51 23 2 19 93 8 56 66 40 52 17 48 27 63 36 11 41 44 16 40 13 62 73 46 8 60 82 74 59 88 65 57 57 95 29 45 26 27 40 28 43 84 9 87 80 3 61 49 72 48 22 39 72 23 11 55 30 22 5 27 11 9 97 68 51 30 76 62 40 89 87 23 46 34 15 36 25 30 75 38 83 36 63 45 31 89 45 1 87 21 30 90 70 64 88 85 5 43 81 79 59 36 98 74 98 5 9 58 0 51 48 2 34 58 79 67 68 90 99 60 69 10 16 70 73 0 48 69 32 88 85 32 8 90 61 14 29 69 72 38 8 89 98 68 94 63 77 0 87 44 89 19 78 75 94 63 19 19 10 88 23 44 68 44 38 25 12 83 46 94 19 87 42 86 34 41 78 68 6 97 50 46 78 3 94 38 1 94 32 0 54 13 82 
95 73 32 93 31 14 60 70 16 4 38 92 93 15 33 10 19 46 69 51 7 88 79 75 81 5 75 68 71 19 93 25 85 90 99 82 10 45 65 28 3 81 82 77 18 23 59 63 30 85 86 45 61 25 88 23 22 14 73 8 12 63 15 77 62 1 46 3 17 3 59 64 55 11 36 10 77 56 79 84 11 11 69 81 15 46 45 54 43 39 85 95 51 60 12 9 70 99 56 91 52 9 78 30 36 54 72 66 6 67 94 1 76 15 36 2 29 31 71 90 94 94 94 38 28 7 15 38 22 44 10 67 67 66 97 91 78 10 17 45 58 64 44 51 0 94 95 48 47 12 98 5 54 61 9 31 3 20 73 90 56 99 76 85 62 68 33 22 78 79 28 79 95 71 40 85 59 44 10 51 25 72 93 78 71 61 62 40 53 35 66 39 17 30 45 92 53 25 41 79 98 0 80 61 70 36 39 31 61 1 31 8 71 52 0 38 21 50 8 53 96 7 21 69 46 7 34 65 36 2 22 95 99 14 10 78 12 54 68 94 77 69 41 74 41 8 73 88 16 19 95 21 41 45 70 38 81 3 50 38 27 51 12 45 42 66 41 10 67 14 32 92 17 55 42 2 71 20 1 12 32 66 29 56 41 45 18 24 96 26 26 82 54 76 90 85 53 1 26 2 64 52 38 87 85 5 90 35 49 84 19 71 45 89 35 98 66 55 81 43 93 24 81 18 61 1 41 48 22 6 69 57 16 60 71 87 15 97 7 49 12 16 97 35 95 57 0 84 70 43 10 89 10 8 28 4 77 69 60 13 8 99 69 75 82 18 23 43 12 48 30 12 42 55 51 58 90 42 33 76 20 97 2 72 82 68 71 55 76 46 47 36 98 38 46 85 37 21 57 19 
44 13 26 57 76 90 34 68 34 84 69 69 63 56 25 11 76 22 69 83 84 46 44 86 50 49 14 6 7 54 14 23 79 82 48 39 95 33 42 36 0 30 62 44 37 17 54 3 94 63 38 61 75 74 65 6 83 61 6 58 31 89 5 8 82 13 79 46 66 12 42 50 90 62 96 19 53 92 73 23 67 19 23 88 71 17 34 88 49 42 85 85 33 82 51 37 51 4 53 95 0 10 46 38 73 94 8 69 43 49 39 91 27 53 88 60 11 89 80 68 68 91 33 28 17 77 47 54 20 85 98 25 95 97 4 41 18 83 62 99 87 76 16 40 70 35 88 2 82 16 7 27 92 85 58 54 3 38 26 12 47 92 67 76 30 95 38 46 92 52 77 40 77 76 11 44 60 99 36 64 22 47 58 88 1 97 25 28 95 80 0 78 66 67 0 80 64 13 48 17 26 95 30 20 93 78 1 25 57 54 72 61 82 54 53 24 79 73 26 5 77 40 80 28 36 16 96 98 43 15 71 62 54 42 56 59 95 62 73 51 90 44 55 66 30 89 86 46 75 93 36 73 85 74 95 83 48 85 80 85 90 13 55 70 39 27 80 10 55 60 20 97 17 12 37 49 82 95 86 82 67 79 27 44 99 26 4 10 64 88 31 58 81 10 19 5 76 20 50 48 2 24 46 51 63 80 27 41 70 34 64 68 0 81 29 95 88 55 47 53 7 42 54 28 72 95 55 41 95 25 73 82 38 93 22 49 53 30 25 3 42 20 30 89 55 61 91 29 30 15 70 36 69 70 45 3 36 76 68 4 23 20 45 42 20 61 64 36 9 19 22 85 62 54 8 4 6 77 24 10 22 36 91 92 70 30 55 15 27 13 30 25 52 83 56 62 53 70 98 67 
89 7 99 37 10 24 95 85 31 61 58 67 45 43 70 68 66 80 92 97 82 54 93 81 42 32 47 30 23 53 17 78 43 90 27 39 79 37 91 81 36 47 85 87 57 76 8 53 77 53 61 36 53 67 44 94 18 17 57 32 0 61 28 82 93 63 35 58 47 23 39 23 31 38 18 18 4 30 13 50 23 81 82 20 77 71 47 66 2 27 44 14 67 0 40 2 26 0 43 62 39 24 92 47 19 41 97 5 77 87 32 71 57 36 6 30 68 7 7 9 15 85 24 51 91 60 40 74 57 67 94 79 32 45 73 73 8 33 49 55 51 13 22 8 93 89 70 5 28 67 4 46 13 57 38 48 90 86 86 46 4 77 89 66 48 2 83 98 65 26 95 32 84 97 10 98 16 50 38 17 71 67 53 77 17 37 17 68 27 6 46 75 50 37 19 6 61 71 58 94 96 4 42 69 47 79 37 88 75 33 29 31 95 38 50 18 45 94 19 35 50 8 26 0 43 65 0 43 26 75 13 79 68 18 59 84 96 19 10 70 48 19 87 38 79 66 29 26 15 32 85 74 87 92 7 70 95 75 38 53 46 64 0 19 17 26 38 68 35 96 82 17 85 96 81 94 50 25 28 36 77 59 89 63 50 81 79 8 54 25 31 69 43 68 16 21 75 18 26 94 16 12 13 8 28 83 3 48 90 72 63 96 49 51 23 17 35 20 70 86 96 1 95 91 16 72 29 5 7 91 63 76 7 85 66 71 91 74 0 11 22 87 23 30 10 55 39 69 82 73 16 88 34 32 47 73 53 15 46 4 11 8 78 45 60 88 17 79 17 63 49 87 22 34 3 79 75 56 11 57 51 20 28 7 10 81 19 37 50 91 84 25 84 7 91 33 76 80 79 14 
46 83 77 76 14 0 9 55 90 38 38 40 51 97 90 50 97 82 70 62 59 42 34 57 23 23 81 1 33 43 40 71 54 34 41 75 74 54 14 52 34 93 10 74 68 96 59 65 72 69 16 25 76 33 61 30 86 99 49 68 32 71 96 87 49 88 17 39 54 25 72 8 51 45 8 44 11 88 3 49 5 51 67 96 49 84 69 58 34 12 86 15 18 54 81 84 67 84 76 21 62 18 75 6 17 89 67 97 33 70 93 41 38 68 84 41 7 31 69 61 64 42 77 84 53 94 74 53 16 67 10 63 83 68 55 7 40 94 51 37 4 58 10 93 5 0 58 88 60 66 81 5 95 40 62 81 51 15 89 39 32 86 36 44 87 58 18 17 96 60 78 69 10 20 41 34 80 94 67 88 37 64 67 36 54 60 36 73 34 31 86 56 83 22 30 97 91 91 11 87 26 59 58 56 86 75 47 39 62 3 79 61 47 91 92 45 63 92 56 21 48 73 63 70 73 30 87 52 64 92 88 10 64 67 55 54 47 0 31 92 86 84 23 15 80 29 31 97 77 29 33 12 84 24 57 57 35 33 32 68 20 37 46 96 19 28 30 52 27 56 34 26 86 59 15 59 46 15 34 39 84 35 36 30 82 21 51 0 67 22 77 33 93 22 84 28 92 21 63 97 41 21 8 80 61 56 98 92 31 4 21 95 36 42 92 56 30 56 62 99 2 62 57 60 30 63 14 70 21 67 57 65 85 95 8 10 43 41 69 42 9 42 25 2 85 17 86 61 99 5 53 94 73 85 0 91 58 31 86 63 72 86 44 92 39 68 66 80 28 12 51 1 35 23 14 70 15 38 57 81 47 63 58 42 6 59 27 1 91 47 22 58 79 2 10 79 99 78 56 99 
44 11 25 54 76 96 67 62 10 75 38 44 74 83 85 73 99 92 10 19 24 87 22 55 76 74 64 53 73 87 19 90 55 40 94 81 54 29 0 11 18 9 85 43 98 2 51 66 79 23 16 7 65 47 91 95 93 68 9 67 57 5 46 50 54 43 19 88 68 46 43 99 87 88 77 29 20 37 80 74 5 65 34 20 74 43 8 32 28 14 3 39 23 33 95 57 67 70 20 13 2 54 93 53 97 63 19 51 56 71 67 31 71 66 79 75 59 6 95 65 44 85 26 48 99 54 66 69 19 36 72 19 20 83 57 9 29 92 70 83 6 95 53 48 0 10 56 51 76 29 9 35 37 53 87 99 22 78 36 50 67 60 8 67 38 79 49 52 57 61 83 95 19 92 13 82 84 53 92 52 97 85 20 0 99 25 82 26 82 27 53 78 1 63 51 75 20 11 25 41 95 35 33 55 21 99 36 32 43 18 40 82 10 67 36 23 58 51 98 92 49 82 40 47 11 41 82 93 11 67 46 80 17 42 53 85 94 36 14 78 1 67 76 2 87 90 41 85 38 77 80 53 77 39 94 21 15 85 8 65 5 18 48 54 97 17 67 43 96 79 14 76 10 62 67 71 13 57 21 73 31 88 63 30 36 18 18 14 3 33 90 61 47 30 42 90 78 98 22 77 41 56 8 31 90 4 38 5 22 83 43 87 93 8 76 2 8 22 57 84 58 15 80 84 30 45 13 96 63 91 54 65 20 46 49 86 26 97 36 89 31 13 77 7 81 61 98 9 95 77 30 66 32 4 89 23 60 32 16 89 26 5 28 45 72 19 89 2 68 12 34 94 41 39 36 22 81 42 6 23 80 25 30 9 40 76 85 72 31 43 84 63 70 20 96 52 23 61 59 45 
33 62 27 92 67 41 35 3 14 48 96 41 27 31 57 36 0 75 25 45 45 54 24 29 99 20 1 15 12 13 96 1 70 24 36 80 36 19 70 26 33 48 59 23 16 47 18 19 27 81 25 25 60 20 49 36 81 56 76 57 27 2 12 26 25 48 73 53 34 56 75 52 20 12 71 55 43 40 26 38 33 13 92 81 47 59 79 82 16 86 81 94 72 42 21 22 12 18 37 63 84 61 56 48 29 80 6 87 88 36 72 54 98 56 87 83 26 65 41 10 4 32 95 42 67 31 18 43 78 60 89 27 33 26 61 30 75 98 53 62 43 9 49 70 67 2 66 62 28 27 72 5 45 59 58 6 12 90 37 13 30 29 8 88 7 63 79 23 5 44 67 52 52 24 28 71 50 79 40 43 43 48 79 97 3 31 68 57 27 59 15 2 14 88 71 86 81 36 5 30 33 35 54 58 7 97 86 48 24 15 9 45 2 22 79 32 75 15 42 60 77 62 35 96 73 2 73 53 47 64 13 99 6 59 14 39 48 96 74 9 29 9 34 80 21 91 95 30 55 53 94 38 76 47 50 54 47 39 35 86 77 52 8 58 36 4 36 88 32 76 18 2 74 99 31 92 96 56 60 21 5 15 92 79 89 45 23 85 8 2 36 40 96 93 44 12 67 30 68 19 65 14 47 92 65 91 39 86 44 33 10 51 87 14 28 31 65 41 23 4 32 1 13 0 6 60 13 76 7 32 13 46 33 38 71 50 8 26 59 25 23 94 92 8 91 30 17 71 30 7 25 7 87 78 90 44 60 56 15 79 0 12 0 77 74 96 34 60 5 83 43 6 14 63 90 26 43 47 67 70 30 67 14 34 13 14 86 82 30 28 52 92 54 0 80 46 42 56 91 55 
94 80 69 79 77 83 34 15 1 20 7 60 23 69 82 6 78 93 74 82 33 15 43 99 73 73 98 51 67 74 3 37 78 99 44 30 89 20 21 67 20 70 61 37 55 72 92 50 82 35 85 74 3 38 74 96 65 2 17 16 71 89 74 97 25 29 26 71 40 20 94 48 87 25 72 22 81 65 17 10 30 96 76 16 22 77 38 24 67 1 98 27 49 62 43 96 98 30 32 72 4 56 3 4 60 49 45 67 77 16 4 3 84 3 58 96 56 60 6 66 49 84 53 34 85 41 62 44 67 94 69 35 72 83 68 58 22 74 3 14 62 17 6 96 77 85 36 60 51 71 86 54 81 68 89 76 75 94 88 60 95 21 6 56 47 79 54 15 25 68 67 5 78 12 50 30 74 74 38 86 6 77 64 93 29 9 34 62 99 73 53 77 46 42 62 57 51 38 97 54 21 38 76 43 44 29 5 59 37 6 47 46 96 3 62 38 63 63 10 87 85 17 28 38 48 30 86 92 87 9 76 99 26 25 95 89 96 19 79 81 96 20 71 2 51 57 44 53 45 90 91 11 77 55 58 95 98 25 13 72 7 96 7 86 57 9 16 1 86 51 55 75 46 26 12 52 14 67 51 79 45 53 45 58 35 99 30 48 22 3 40 74 78 87 52 0 92 38 14 66 83 49 89 62 11 66 23 83 9 17 26 71 22 21 33 45 99 81 37 10 45 12 19 65 86 89 8 96 80 63 30 29 1 89 15 73 18 57 55 12 12 6 27 93 76 62 2 15 29 53 15 36 27 67 89 45 27 0 18 14 65 74 23 0 5 98 66 88 25 51 10 49 47 91 43 21 99 16 25 8 98 22 71 90 93 90 86 70 83 98 28 71 28 93 46 50 12 94 57 64 
55 0 16 37 50 81 44 12 54 59 34 25 60 14 53 21 29 99 68 97 51 52 58 90 75 81 38 11 48 11 6 99 32 63 94 41 45 33 6 65 99 70 48 29 53 39 19 84 61 91 81 5 43 50 73 47 20 38 36 8 63 70 73 8 76 34 20 59 37 30 77 57 62 98 12 76 31 62 98 79 7 25 29 7 87 99 41 23 33 96 28 96 15 47 59 12 7 43 25 82 40 75 79 43 65 63 29 19 96 34 61 87 89 35 9 73 96 61 5 13 24 90 61 91 82 69 4 49 46 23 70 26 27 51 79 91 65 85 24 5 98 29 85 99 58 23 40 69 92 14 50 25 32 97 7 38 22 86 23 30 43 45 34 8 79 67 11 81 50 56 80 74 39 69 25 83 66 58 99 91 53 27 67 8 29 26 96 8 13 96 40 15 83 83 58 35 30 15 56 34 45 71 6 99 2 99 71 88 28 52 54 25 1 84 21 93 19 54 45 37 74 88 17 73 83 11 69 43 30 11 97 21 32 96 34 7 83 83 55 4 94 13 96 93 10 61 51 52 69 68 65 17 81 70 56 51 89 10 56 33 6 19 62 18 32 97 15 94 98 37 54 70 47 57 74 71 34 49 70 73 17 19 90 41 54 34 69 41 50 96 95 28 73 26 85 54 98 11 66 44 6 65 48 31 31 67 27 65 79 94 34 17 31 26 44 92 97 59 9 16 47 89 21 16 93 69 39 96 44 14 54 10 57 58 24 49 94 64 84 13 96 30 34 95 9 86 76 19 30 15 99 23 91 41 26 82 45 44 39 24 56 81 8 99 43 57 47 95 49 72 68 42 89 6 7 92 84 59 58 93 21 52 73 22 25 47 60 0 85 27 7 99 13 62 11 52 38 95 85 85 
2 51 88 13 74 97 96 38 20 77 53 50 54 11 4 86 27 1 28 45 93 18 71 56 63 3 72 68 3 17 48 12 98 65 48 9 19 93 82 12 81 8 81 90 29 83 6 98 40 1 61 82 89 0 4 11 85 93 90 7 78 62 87 83 13 45 71 46 72 40 24 99 96 55 88 70 63 50 67 18 4 47 49 41 17 46 14 24 25 20 54 93 20 85 96 15 88 96 10 32 65 4 51 1 59 95 7 77 50 74 82 18 59 13 0 9 29 49 20 68 94 11 12 11 67 93 4 34 61 23 68 40 10 99 3 25 64 72 65 27 39 9 20 51 45 6 51 7 33 82 47 22 68 96 35 72 40 83 18 82 38 67 14 33 3 65 91 95 69 66 44 29 59 93 25 80 66 1 98 45 81 48 94 51 55 5 16 84 44 3 86 11 89 11 99 72 24 60 99 44 0 61 84 54 20 51 80 10 26 47 20 65 42 94 34 26 31 43 74 16 98 53 94 47 20 66 4 43 66 94 93 50 15 44 82 34 16 94 9 92 29 60 93 71 2 91 15 63 1 46 54 63 33 56 72 36 98 19 33 32 71 97 34 36 68 73 62 66 90 20 78 26 7 28 51 57 26 64 56 58 71 90 87 53 35 54 52 93 23 59 77 83 65 19 1 3 50 38 99 37 66 79 92 16 65 6 80 49 67 21 85 20 78 86 98 3 71 37 79 83 62 10 20 66 86 97 39 65 45 4 98 31 83 44 97 19 65 56 60 3 20 94 8 64 95 83 3 95 21 90 37 17 17 0 40 19 60 86 7 77 9 38 18 93 99 3 81 98 8 4 60 97 0 31 98 22 20 97 37 40 48 76 81 11 83 92 98 2 90 32 67 76 58 74 44 29 53 0 4 93 
91 51 43 41 5 35 6 67 59 52 33 39 66 53 43 65 24 88 21 37 31 61 55 41 12 86 84 78 29 66 1 29 9 33 27 42 78 95 21 86 42 68 42 26 38 24 29 24 4 26 18 78 53 90 85 32 19 83 33 97 99 18 12 1 93 21 85 97 46 55 46 43 71 41 41 28 72 84 16 39 52 79 64 72 7 55 6 85 95 9 83 80 47 25 90 21 69 93 51 33 55 75 15 47 9 34 65 34 29 78 59 47 58 23 17 92 29 44 45 81 88 12 47 14 41 8 91 10 32 23 49 6 96 71 8 85 87 80 39 58 83 6 84 55 51 38 97 41 35 32 67 79 79 80 29 11 98 46 10 35 37 96 90 33 9 10 46 89 3 83 78 82 59 87 59 19 55 75 14 51 89 49 47 83 78 64 56 80 48 66 20 8 14 96 15 92 86 49 89 68 16 15 23 10 97 27 25 39 95 19 97 14 7 73 99 78 98 89 45 60 40 51 32 49 50 43 52 58 32 97 40 44 22 20 70 8 54 84 98 96 93 94 8 83 53 9 43 87 16 19 7 80 71 2 99 95 69 28 84 28 33 11 72 84 13 9 6 74 64 71 1 45 39 24 59 41 39 9 76 86 6 82 39 34 19 75 81 57 23 80 23 36 62 74 68 97 49 32 44 0 17 52 31 54 52 73 22 97 26 80 34 56 78 46 1 44 46 46 45 60 36 27 3 37 3 21 17 41 86 7 51 0 79 79 91 68 87 73 92 57 24 84 60 92 39 14 72 25 27 7 31 70 93 5 45 15 25 71 19 15 48 22 88 92 4 87 26 13 62 23 89 19 26 67 39 34 60 28 57 90 89 73 88 70 76 82 68 55 46 65 41 31 92 3 39 16 59 6 55 92 
28 64 90 47 9 30 94 67 15 62 83 42 74 14 72 49 6 34 41 28 64 95 63 14 4 13 75 74 24 42 71 50 69 4 63 95 59 25 58 86 7 97 39 49 37 48 46 77 64 0 63 6 61 9 39 31 37 47 28 64 30 28 6 13 0 19 31 13 54 60 70 99 40 48 32 40 86 16 47 37 32 61 52 54 35 7 26 62 12 6 55 81 95 80 35 52 3 92 79 49 13 26 75 90 14 37 99 6 9 45 18 53 92 1 84 63 65 40 59 0 79 30 68 10 78 1 39 48 25 73 42 73 7 5 97 24 97 50 27 63 42 17 12 62 22 72 64 89 46 81 43 44 56 59 70 34 59 49 73 28 11 48 21 23 90 59 27 44 89 81 69 91 5 62 53 15 36 62 16 80 24 22 97 78 58 68 54 29 66 66 98 28 7 10 67 94 29 77 2 67 90 91 61 99 34 69 8 36 76 62 87 49 90 11 7 59 0 39 39 35 40 49 53 32 90 83 93 79 44 62 97 60 97 79 34 22 77 10 50 65 88 1 54 32 88 44 1 26 64 22 98 85 7 14 79 1 68 66 67 97 99 40 29 31 72 80 41 25 38 77 26 19 47 79 44 31 74 72 84 91 61 2 67 74 8 97 95 74 18 57 48 60 78 89 53 0 12 65 93 98 61 50 25 26 25 28 46 72 56 68 68 51 71 71 65 90 99 85 26 99 46 26 53 80 13 75 2 36 46 76 59 63 15 92 6 56 66 88 40 14 90 25 68 40 70 52 40 18 53 23 4 41 25 14 21 26 48 48 80 46 32 23 98 36 10 92 42 95 6 98 93 73 12 16 45 13 2 11 97 5 56 3 68 39 96 61 17 29 16 44 98 54 64 18 91 23 76 18 40 6 
17 4 97 98 11 44 30 59 75 78 64 23 14 77 99 9 94 47 96 86 91 57 44 25 32 83 14 66 23 98 85 30 71 52 5 92 89 56 96 20 97 54 60 9 77 77 84 16 90 19 71 47 2 29 44 6 62 1 30 97 13 76 69 81 36 91 25 28 63 23 91 79 8 47 94 26 47 91 84 99 86 67 9 98 26 58 31 53 9 31 91 74 21 47 55 61 48 76 52 0 2 2 34 64 49 97 66 30 75 94 34 46 49 73 7 51 85 26 16 98 29 98 14 55 70 32 16 10 40 97 43 2 88 37 89 84 86 83 67 78 93 47 11 54 47 66 49 76 57 38 76 22 5 66 99 91 2 67 31 46 78 12 46 54 19 24 90 22 60 19 77 49 80 30 31 61 11 6 6 75 28 81 6 17 95 35 5 59 40 76 89 35 96 19 28 2 10 79 14 74 40 55 69 51 38 11 17 94 7 56 47 11 72 1 32 17 50 4 17 34 88 3 81 53 88 16 85 24 88 5 12 17 92 48 39 24 42 10 2 78 98 86 27 73 8 92 90 68 86 50 11 48 34 44 44 18 88 39 34 91 35 59 5 2 18 85 74 65 56 66 57 27 81 98 91 12 7 3 30 29 88 14 50 33 46 82 54 64 54 94 51 68 10 81 60 93 16 96 83 69 24 72 27 60 82 33 79 44 55 38 97 4 2 74 22 14 44 54 26 3 16 55 35 82 57 35 83 67 20 75 33 25 38 8 99 9 30 67 18 74 51 17 21 42 45 10 77 42 28 48 48 53 33 36 43 57 68 37 86 43 57 60 53 48 75 42 66 55 17 15 24 41 47 83 34 66 61 44 16 98 83 76 54 16 65 15 54 73 83 18 54 53 27 17 55 50 89 90 64 17 
36 59 10 73 7 98 76 17 67 94 33 57 71 65 13 71 35 13 73 79 94 3 83 74 22 18 46 35 89 59 0 96 41 17 40 30 79 8 62 73 69 86 16 23 73 65 40 71 69 49 64 46 5 33 40 93 70 9 22 8 64 75 54 70 25 82 5 1 95 82 12 32 80 14 5 28 90 42 49 19 54 49 10 43 4 1 2 78 99 1 40 96 84 48 19 97 77 10 86 65 32 8 55 98 9 43 31 65 96 21 4 27 78 39 87 65 63 22 80 5 33 77 76 23 3 11 91 77 16 97 54 34 52 93 95 85 99 4 54 89 21 42 70 51 98 84 64 36 67 31 3 31 96 54 33 74 55 15 73 56 29 10 6 81 0 31 75 59 53 71 87 48 75 32 23 28 28 84 65 8 50 79 31 55 80 88 4 64 94 98 10 60 2 83 62 69 1 36 12 23 81 82 34 54 16 9 10 69 57 75 37 62 29 75 35 57 5 70 5 65 19 18 22 56 18 54 29 27 61 41 97 98 86 46 58 12 55 3 87 35 1 96 53 41 73 79 27 62 60 98 75 50 77 52 0 61 29 64 11 45 42 66 63 43 40 79 12 58 12 71 84 60 77 93 9 13 61 3 29 1 31 66 82 13 70 32 44 30 83 93 98 73 46 51 81 66 11 61 71 50 94 85 70 26 31 8 23 11 56 15 62 91 72 11 79 85 9 6 27 67 95 52 71 90 31 87 32 88 35 79 36 82 91 73 92 93 81 94 10 26 8 66 29 54 65 69 46 83 58 46 33 56 12 95 73 37 0 56 4 3 80 23 98 69 6 46 64 95 37 35 68 14 76 29 71 28 64 80 86 57 29 75 81 54 47 8 97 81 73 56 56 90 46 83 74 60 91 42 14 18 
13 86 58 23 71 64 3 24 47 24 92 50 14 35 36 68 77 48 98 86 17 72 57 98 97 56 68 93 83 43 75 54 19 73 27 66 55 15 11 71 68 12 83 3 57 56 65 79 46 75 22 45 18 43 50 61 65 6 11 7 96 58 19 73 65 90 48 46 35 82 27 4 70 93 0 78 19 54 13 81 98 84 1 41 43 95 84 54 47 36 88 63 99 11 61 61 94 70 20 64 3 48 88 39 33 91 43 41 70 67 64 81 74 45 65 22 40 38 50 65 5 16 78 23 40 13 22 77 46 81 64 15 31 86 2 69 36 58 99 80 35 14 77 60 48 92 59 0 41 38 45 59 0 88 82 38 84 33 29 30 29 27 23 55 44 89 56 33 57 90 84 78 87 38 16 16 93 98 61 76 27 13 41 47 93 29 59 24 9 56 87 67 15 47 34 68 44 30 7 11 71 46 36 15 80 68 55 20 82 71 67 49 24 31 49 17 42 87 26 58 13 84 72 20 76 86 25 3 52 76 54 67 23 27 80 31 16 20 7 24 18 59 65 47 45 54 89 38 41 77 23 43 38 10 99 93 48 61 11 63 4 46 38 6 51 69 71 62 81 94 27 24 4 41 34 91 18 56 54 85 45 57 13 79 46 13 60 75 67 18 33 20 85 7 39 11 96 76 50 5 45 77 41 29 10 39 10 96 52 35 80 82 9 13 84 95 11 91 88 93 70 45 22 71 29 52 76 79 30 24 20 52 55 79 53 91 3 71 54 42 37 41 7 98 23 74 50 46 27 26 55 23 55 0 35 7 86 89 13 48 57 57 35 53 46 26 4 72 83 98 50 34 83 11 49 11 42 68 44 48 33 23 72 18 23 41 51 48 86 82 20 72 82 90 43 94 32 99 77 82 
50 79 5 39 77 0 97 80 50 95 29 13 85 74 28 9 7 97 39 43 11 15 2 79 39 40 17 14 76 97 66 8 68 80 20 85 26 86 13 38 35 58 87 50 19 87 83 72 69 36 95 67 24 55 14 43 98 95 21 86 26 10 64 15 33 67 14 65 16 31 1 67 45 31 26 58 59 93 72 28 39 58 2 92 36 59 9 86 57 79 6 73 42 9 13 46 9 46 4 62 18 16 75 58 64 52 11 34 73 9 35 40 47 71 69 83 9 71 22 4 18 19 49 71 68 21 25 21 24 55 25 56 16 45 48 48 8 70 66 69 45 72 25 88 19 14 95 35 18 51 91 71 44 13 53 0 64 91 84 40 38 70 6 56 45 74 82 83 25 33 2 83 11 36 30 25 18 68 5 68 91 47 60 77 99 91 7 45 7 87 53 80 11 9 99 96 23 42 77 93 28 56 23 88 87 45 81 86 32 13 10 34 0 30 18 85 46 26 31 17 51 60 64 64 68 51 79 43 13 79 41 46 63 65 91 29 38 61 15 79 88 1 83 10 69 85 57 72 47 58 92 21 5 84 26 92 99 83 47 54 32 67 85 24 8 14 23 41 10 66 79 97 44 52 19 71 38 57 80 93 97 26 58 91 90 49 23 77 62 62 58 83 42 71 65 89 37 32 30 56 69 29 90 38 87 58 3 18 27 3 28 48 88 12 83 25 44 0 42 6 43 12 61 13 56 83 10 81 64 51 10 67 93 38 43 17 73 46 11 45 9 74 16 13 12 98 8 47 21 5 80 83 32 97 27 88 2 6 24 46 27 2 19 29 8 69 3 55 23 13 78 79 66 69 1 13 93 69 40 39 55 12 76 53 15 48 53 77 57 70 82 82 68 59 6 58 60 82 14 90 
55 59 61 69 35 7 15 47 24 81 69 51 32 60 7 7 10 34 22 15 79 21 37 61 94 92 75 31 7 24 23 65 86 88 75 97 33 97 93 28 55 58 79 22 18 75 92 13 36 60 15 30 46 60 76 33 40 46 21 55 56 33 51 8 36 39 25 38 58 99 47 10 11 27 43 25 31 99 56 88 41 0 32 43 12 39 36 96 80 1 97 62 98 91 29 88 54 90 6 96 28 93 31 31 13 90 60 55 66 97 67 86 77 66 28 73 87 66 52 89 49 5 46 49 7 43 94 52 54 19 7 36 6 11 2 71 43 77 20 72 39 53 32 82 56 72 88 64 21 64 73 33 15 78 69 70 70 80 21 60 86 75 72 16 35 72 63 52 23 93 64 65 46 2 63 21 94 68 51 57 56 83 19 23 46 43 58 48 91 16 99 49 92 78 0 91 49 49 19 12 67 13 34 80 63 2 86 65 35 43 46 55 11 53 85 67 10 57 60 24 90 85 84 66 22 15 51 78 55 34 21 31 93 83 54 64 54 63 27 49 23 86 61 18 86 59 4 85 4 52 47 76 67 72 75 7 51 48 43 19 13 7 55 67 48 45 44 86 59 14 90 57 38 90 39 75 33 8 87 10 26 56 16 71 43 85 13 9 90 35 77 21 35 0 17 26 79 53 42 80 38 39 84 18 88 54 84 40 52 58 83 17 5 72 55 73 80 48 13 23 81 9 24 17 41 28 12 55 0 57 51 9 32 38 28 35 50 8 53 0 59 19 47 26 5 6 7 43 63 9 27 9 31 38 66 2 75 0 16 15 90 81 25 93 63 2 47 61 94 58 98 92 18 93 80 38 55 64 9 32 88 31 85 39 16 93 83 64 57 73 48 9 57 87 45 53 4 72 73 54 
30 74 26 58 77 94 86 28 13 59 16 25 36 99 57 66 40 16 80 91 59 88 65 53 81 33 82 32 44 76 45 24 28 33 66 25 96 26 8 20 73 3 81 28 69 21 51 85 7 49 13 60 1 80 66 43 34 89 28 38 17 98 44 55 94 46 73 57 55 83 34 79 58 80 44 15 65 53 52 37 89 41 1 78 20 32 60 52 92 21 73 40 77 70 89 41 62 63 28 7 15 7 25 52 59 77 0 49 83 7 52 5 22 8 85 49 66 79 91 95 95 34 91 1 91 16 9 24 2 70 67 26 50 96 13 59 34 19 6 95 66 46 46 53 7 70 28 70 40 14 82 37 16 71 14 13 10 7 7 91 17 52 49 90 54 64 73 37 70 98 73 40 72 23 43 57 78 83 87 32 59 45 93 48 57 10 35 97 32 40 24 7 39 5 90 40 65 84 22 97 87 10 70 0 76 42 54 70 0 74 41 87 22 36 61 14 23 97 34 32 8 27 12 43 32 53 36 75 41 11 48 31 73 55 24 56 66 59 0 55 42 72 27 20 72 71 62 35 51 53 50 94 98 36 26 23 96 96 80 91 53 55 46 39 44 37 52 79 46 18 8 88 30 77 41 38 11 17 79 13 7 62 11 55 18 55 31 75 95 65 17 81 88 78 56 70 20 59 61 5 72 83 47 58 98 25 30 45 14 31 69 38 93 52 39 80 60 87 98 80 89 1 57 92 84 29 87 15 17 98 52 30 44 69 25 28 4 20 38 42 8 89 32 74 40 47 75 96 36 29 76 21 10 76 36 8 92 12 91 79 83 66 13 11 50 13 25 10 46 37 67 88 39 19 3 27 47 10 22 92 74 25 80 35 82 34 19 34 12 47 95 72 98 11 55 3 22 71 35 93 
83 89 2 7 98 37 98 87 44 42 6 50 46 43 75 96 65 87 21 8 64 10 64 24 78 85 51 51 12 87 56 7 39 24 94 79 93 78 70 17 62 15 39 85 13 67 25 95 20 18 88 60 76 28 6 39 68 75 28 97 17 88 24 67 74 94 45 53 80 63 79 30 29 65 98 98 45 68 73 97 1 49 17 50 32 50 0 32 78 6 3 79 51 92 51 58 43 51 51 32 32 1 24 45 5 4 11 59 31 8 35 16 66 34 67 97 28 44 2 95 54 74 19 97 11 65 55 86 36 22 65 21 3 17 18 94 82 43 33 31 12 97 32 7 37 66 83 85 44 98 41 36 2 75 9 73 10 96 31 26 9 33 63 78 30 62 72 57 88 31 41 70 38 0 64 38 68 72 72 22 41 20 21 4 32 9 97 65 74 61 45 71 80 46 12 97 33 35 47 23 47 88 38 97 79 68 98 89 45 54 96 81 61 1 49 93 50 79 30 89 49 87 5 87 70 98 68 98 13 23 3 23 79 2 17 23 54 75 15 17 54 78 7 61 97 90 78 78 98 27 44 55 58 56 93 56 31 56 81 91 20 99 47 74 44 97 61 56 94 75 99 94 14 17 50 22 94 87 99 8 11 95 4 1 44 34 30 2 11 30 57 54 88 91 87 94 27 68 11 0 17 13 9 62 73 79 93 57 38 12 9 81 29 64 62 62 97 42 15 28 63 26 56 91 31 11 12 21 82 81 31 88 54 21 77 51 15 40 91 13 7 5 15 68 88 81 94 35 24 56 81 82 1 26 67 96 47 27 82 35 63 70 76 43 53 83 80 96 20 84 29 2 84 57 98 58 88 68 98 7 45 68 43 56 71 43 1 99 15 22 60 26 52 4 58 22 74 35 98 78 
36 26 10 1 76 50 78 46 97 79 37 30 64 57 83 55 87 0 91 88 30 5 23 64 67 59 83 72 65 32 18 23 75 87 67 9 37 82 14 40 83 39 57 84 1 93 93 26 95 84 97 9 38 0 87 97 58 10 76 69 18 52 37 38 81 91 87 90 34 38 11 60 78 12 62 78 24 58 6 97 6 18 34 8 98 19 3 15 7 7 88 53 9 25 58 36 34 66 79 68 19 89 8 39 78 30 86 47 17 61 30 40 63 0 43 56 18 62 71 24 61 96 61 57 98 99 90 47 74 8 47 64 24 29 90 84 48 25 10 88 49 94 12 4 8 28 87 22 90 12 92 39 32 34 27 76 94 12 21 74 78 48 82 57 33 68 80 51 82 4 16 59 98 68 73 84 16 67 87 65 86 43 10 85 32 9 43 67 83 51 38 69 52 24 69 92 42 72 75 5 77 40 72 83 97 17 40 53 59 24 55 77 30 77 12 69 5 12 89 44 38 91 41 93 70 42 79 4 99 91 14 57 58 45 70 5 59 59 50 62 13 41 26 6 26 59 87 71 27 41 36 57 16 61 72 53 2 10 45 25 32 29 11 95 51 67 25 71 46 31 47 39 46 92 28 69 95 20 34 87 42 94 45 78 51 45 40 33 22 42 22 15 22 80 15 52 50 22 77 16 4 93 14 24 62 94 43 37 71 46 62 58 22 40 67 9 97 75 72 98 64 53 55 31 59 50 88 7 42 29 59 8 23 56 75 70 33 95 12 14 7 71 83 31 75 19 47 80 21 38 89 19 98 26 79 20 89 5 30 16 19 82 23 75 49 18 95 8 92 83 2 29 4 88 52 71 73 3 84 50 6 12 98 84 59 86 24 94 34 63 16 48 32 71 16 38 5 29 14 11 
73 13 98 41 76 5 29 49 21 39 35 72 86 55 41 89 79 21 71 94 36 57 63 14 7 93 7 49 31 26 43 65 9 79 51 38 25 86 51 85 21 40 16 93 8 16 98 11 58 95 62 51 17 46 91 70 27 47 55 18 83 1 71 68 33 11 27 33 94 47 94 7 42 27 98 57 36 27 62 70 28 4 65 29 51 40 31 88 12 71 45 87 0 30 58 32 7 74 54 69 82 23 41 92 89 50 10 33 50 75 65 28 17 15 99 53 57 33 19 13 46 35 84 23 36 44 38 7 29 4 85 18 67 39 17 91 25 1 71 87 78 2 78 63 89 33 81 38 38 42 0 4 77 16 5 55 95 24 54 27 61 40 60 45 44 35 54 36 49 42 26 14 96 98 46 98 40 66 79 32 80 35 94 98 89 26 64 41 91 43 88 36 97 24 14 44 21 75 55 67 63 35 74 35 32 12 89 29 94 22 88 11 18 36 24 42 31 13 72 36 29 55 65 20 64 66 68 6 58 7 0 73 62 13 44 32 94 76 33 69 47 49 92 76 68 17 59 96 13 61 34 17 57 68 80 49 86 83 37 44 63 30 10 86 41 80 15 52 6 73 81 73 24 62 36 26 94 9 71 96 16 93 77 62 7 80 6 98 91 59 58 72 92 38 13 48 30 76 28 99 9 81 39 10 47 82 20 86 80 25 74 27 85 98 86 74 28 5 54 24 99 14 95 29 85 33 8 81 24 77 47 10 57 86 92 86 74 65 31 43 54 33 91 48 94 72 4 49 14 80 77 62 34 7 63 84 62 12 4 84 47 26 91 44 88 37 27 31 91 35 86 13 29 89 48 63 57 47 96 84 47 26 34 56 84 31 74 63 95 22 84 70 27 77 73 61 88 98 9 8 
56 56 56 4 67 65 18 25 12 87 54 98 85 16 26 30 37 50 29 28 69 65 5 25 21 44 28 78 95 53 41 66 19 60 70 57 45 56 8 61 33 63 57 75 74 81 61 21 77 32 52 63 50 59 31 51 83 84 49 10 91 73 68 96 34 82 48 71 88 75 71 43 95 85 9 24 5 99 86 8 56 13 22 14 59 13 97 28 70 56 51 97 10 52 41 98 20 59 33 38 6 22 30 55 34 59 8 20 53 8 26 15 95 33 48 91 93 19 83 79 38 54 11 44 3 64 21 21 57 99 25 51 21 85 50 62 53 66 71 27 8 26 40 79 4 67 58 62 35 25 42 4 40 76 25 14 34 74 8 24 97 82 18 25 7 36 38 35 26 90 77 41 77 26 69 15 36 96 71 93 48 63 66 51 94 91 16 99 15 66 41 75 52 55 57 72 86 34 75 63 52 14 24 87 80 71 20 48 72 68 99 78 46 52 54 77 18 67 61 87 10 43 68 58 38 68 85 1 29 93 13 41 31 63 4 16 89 39 14 48 22 3 43 36 56 65 83 85 30 48 99 95 99 63 79 98 67 7 96 79 88 11 79 77 32 62 66 41 24 64 43 97 68 57 95 84 57 94 65 55 12 41 55 98 6 68 67 34 83 65 78 2 30 73 10 91 53 73 50 69 17 99 38 58 85 85 38 65 75 19 91 47 47 96 48 37 43 87 39 47 98 34 76 94 77 86 13 48 23 60 83 36 88 84 71 0 84 20 77 19 53 4 21 98 46 27 87 43 34 4 1 31 21 78 58 44 60 8 73 91 74 93 53 6 37 11 28 6 75 58 11 79 47 0 60 24 91 55 3 44 87 87 73 60 58 96 51 31 95 49 13 41 35 74 6 72 45 92 58 72 
65 67 93 39 65 81 52 83 61 4 53 64 59 59 80 18 86 57 3 32 46 43 30 28 0 49 8 53 42 58 60 71 26 19 3 90 63 69 80 13 64 98 17 20 88 61 54 64 78 69 56 82 94 72 95 66 63 24 19 97 78 98 68 85 34 53 76 17 78 9 5 65 12 68 98 59 96 90 34 5 4 40 39 81 33 40 90 75 82 47 56 49 43 80 58 45 57 15 36 30 64 32 90 68 45 11 93 53 85 59 33 96 70 82 43 89 76 41 96 89 51 4 90 80 87 64 15 24 67 51 4 40 90 56 44 56 39 63 53 71 41 71 6 62 11 42 78 27 83 17 43 18 24 82 54 54 0 62 31 40 0 78 52 47 9 51 47 52 35 64 87 44 98 81 14 13 30 10 48 46 99 98 99 21 27 68 36 68 60 69 1 24 93 84 11 48 19 74 18 81 3 22 62 64 42 60 92 1 29 36 46 22 10 2 35 31 47 59 47 9 90 38 33 84 8 56 38 70 38 69 85 85 80 80 3 15 4 5 17 56 7 13 24 96 62 30 4 27 4 83 56 61 97 74 73 5 82 55 44 65 96 64 53 47 39 88 90 14 32 64 5 20 96 37 89 67 42 73 94 65 50 72 58 37 71 98 75 54 80 46 2 14 43 43 30 99 14 28 62 37 90 1 79 48 28 71 6 99 89 41 32 18 73 29 2 75 51 57 31 3 32 59 36 28 6 9 67 14 75 57 16 86 90 40 4 37 67 49 98 81 57 96 58 28 89 28 96 46 89 78 78 77 68 30 33 43 64 51 21 79 52 63 35 95 28 16 19 29 9 41 78 32 49 87 81 90 14 43 39 43 89 12 91 71 83 65 2 91 47 77 56 90 15 41 0 23 80 94 69 47 
14 56 85 64 85 50 89 73 64 19 19 60 35 28 52 97 4 38 6 69 62 51 11 92 58 88 10 26 74 50 41 56 10 70 12 85 96 41 5 91 87 71 17 48 64 18 18 44 93 31 70 65 69 21 98 35 83 37 58 89 50 84 28 34 58 94 11 68 36 0 98 71 64 53 69 55 22 22 87 11 41 54 41 93 76 54 6 22 17 58 91 19 0 84 65 36 48 82 25 40 68 90 71 17 73 83 38 22 10 35 63 42 72 28 24 35 39 40 27 58 88 24 51 61 65 85 25 62 37 16 87 62 41 24 41 78 23 23 73 88 9 43 57 93 78 40 14 94 98 85 96 1 24 10 99 77 31 49 60 57 50 21 52 53 85 38 96 13 95 63 17 81 13 44 22 65 79 80 96 6 73 18 22 50 85 30 57 33 71 54 57 12 73 57 5 97 45 20 31 30 95 68 3 66 71 95 86 5 99 10 14 68 37 18 52 82 63 98 5 53 38 97 81 95 96 84 81 2 17 10 83 10 1 73 23 94 8 36 48 70 90 27 99 3 72 55 11 19 82 35 42 19 35 29 35 51 38 1 77 73 10 35 27 16 84 48 88 81 3 30 48 27 40 31 12 64 15 15 63 64 98 61 97 81 77 92 64 39 18 10 13 45 18 76 48 20 83 67 71 40 47 59 4 56 97 58 0 97 83 39 79 94 36 67 18 15 2 4 20 27 86 17 64 78 15 65 37 75 72 71 67 74 82 21 69 49 50 15 68 12 42 51 35 31 46 51 12 87 89 15 62 95 61 63 98 61 59 90 59 7 54 76 61 19 31 5 73 43 77 80 11 45 74 35 84 46 85 7 79 63 70 19 90 36 23 92 8 77 56 91 21 59 33 62 32 36 34 19 88 85 
63 95 18 26 9 87 22 51 38 72 72 70 92 0 45 53 88 51 42 74 60 27 68 16 9 84 45 16 79 55 90 67 21 13 33 17 61 94 12 3 23 50 39 29 53 96 75 63 36 26 39 25 77 44 56 8 50 96 59 75 2 92 62 94 97 86 55 37 25 29 63 73 90 81 47 87 64 29 67 89 79 3 96 28 26 40 44 78 56 92 55 93 91 68 32 81 5 33 45 3 45 84 91 41 22 41 93 88 18 77 18 71 97 39 33 86 75 68 1 11 27 65 73 47 14 97 33 88 20 16 18 58 13 39 83 32 66 45 92 4 25 34 63 57 98 62 29 52 76 99 70 37 60 15 76 4 55 88 37 88 22 29 47 42 73 58 67 17 4 10 21 4 10 84 47 8 27 99 84 80 61 27 0 2 17 9 17 97 46 1 59 28 82 69 95 87 49 92 16 44 15 88 12 79 13 97 22 31 58 20 91 53 14 62 14 26 95 53 7 80 4 79 52 72 78 40 19 90 13 47 6 73 79 35 88 53 27 28 43 74 32 59 2 44 31 38 77 7 23 21 47 11 59 24 79 24 17 10 94 6 89 81 88 77 4 79 93 79 54 84 78 34 22 89 88 23 28 69 60 55 59 58 64 70 56 18 9 37 3 54 93 20 81 71 87 3 34 47 36 68 83 62 32 50 66 86 82 93 65 59 76 94 97 76 7 67 28 2 86 38 76 18 72 11 77 80 2 48 13 72 41 60 51 10 53 6 70 30 3 43 54 70 45 22 27 26 16 40 49 0 25 68 4 80 50 87 78 62 74 15 45 23 63 24 77 96 60 67 69 0 0 63 56 76 58 85 75 98 22 89 81 23 18 13 60 25 68 16 2 51 15 56 74 5 43 91 60 7 50 72 
98 18 73 36 81 75 84 7 96 78 45 72 67 69 30 36 74 72 89 95 18 72 80 67 68 93 49 17 54 53 23 41 59 70 17 6 19 49 98 86 77 95 98 83 63 88 1 10 51 79 38 51 75 69 97 21 36 66 4 59 90 92 22 71 19 81 17 46 44 35 13 4 8 45 85 1 8 53 10 25 88 4 58 36 36 38 3 69 12 3 56 28 47 73 31 5 78 46 12 23 14 24 89 16 40 28 98 75 96 52 10 8 19 44 54 31 16 27 6 7 66 57 10 0 59 96 39 27 32 63 2 33 99 26 85 27 25 11 87 76 62 65 28 71 5 31 22 47 13 7 57 12 64 16 30 47 37 80 46 69 45 66 77 65 21 67 73 16 15 36 27 72 62 51 33 67 79 69 9 20 38 67 45 67 76 68 67 2 9 67 87 44 13 25 83 5 15 32 30 7 26 9 84 27 96 63 1 27 36 62 27 82 50 15 38 72 0 76 34 24 87 83 79 71 32 14 56 68 69 57 44 36 7 43 78 98 84 38 15 63 67 85 74 30 95 15 39 68 34 2 62 70 64 73 5 83 62 10 93 59 47 62 38 88 4 22 59 72 94 30 96 95 70 84 7 51 64 47 60 42 9 80 12 87 14 37 26 22 96 92 78 16 69 91 45 86 66 93 60 30 75 47 43 92 68 73 73 62 65 14 90 58 89 79 0 55 94 94 10 46 24 10 86 2 31 3 72 34 37 82 11 78 25 23 93 30 85 68 10 42 54 70 89 28 66 7 97 46 44 18 32 55 71 18 17 78 17 15 68 17 30 11 64 23 93 68 25 31 13 95 78 95 3 57 56 73 4 71 67 61 89 31 41 27 62 5 97 94 55 27 21 26 87 41 27 94 8 88 60 65 
40 9 98 57 37 68 68 92 27 53 99 31 63 14 92 84 83 95 3 36 25 27 90 1 18 4 99 53 48 37 21 75 54 37 46 25 54 18 8 30 95 99 37 76 88 31 49 98 56 20 78 80 56 23 16 59 98 0 4 19 43 87 77 54 43 8 89 22 43 9 97 42 32 62 48 53 98 34 50 43 68 75 48 97 90 6 38 27 66 64 23 76 35 4 36 0 59 26 84 0 73 59 35 28 94 98 61 37 47 95 73 81 70 65 65 51 20 93 8 45 64 5 28 0 18 98 13 31 54 59 46 8 58 77 89 68 37 99 92 40 34 69 2 80 80 27 42 6 55 16 20 66 95 99 78 0 31 7 29 3 45 78 48 85 68 55 7 19 18 92 80 31 7 1 98 18 17 3 11 51 85 63 36 49 31 26 30 8 66 17 47 50 82 97 17 3 81 73 74 48 19 75 89 72 97 91 93 57 93 1 31 37 84 38 96 38 40 34 91 18 27 1 40 90 46 26 10 27 31 31 50 35 29 50 44 26 54 87 62 32 92 7 51 40 7 36 13 49 58 11 62 88 38 18 15 15 86 14 35 16 29 48 66 73 65 86 57 78 5 92 17 92 94 35 42 36 89 35 43 15 85 12 34 37 35 86 25 27 13 49 95 90 70 97 67 29 45 58 95 78 30 64 16 95 11 75 37 94 52 1 77 75 57 94 56 10 38 67 98 76 74 82 14 66 0 70 97 51 51 44 55 1 21 45 20 48 87 81 19 10 99 87 51 86 2 89 68 13 15 50 29 22 79 11 41 87 10 79 47 0 98 90 20 56 91 0 0 32 34 13 37 74 78 96 11 74 88 93 65 53 82 7 26 3 39 26 84 93 44 24 45 43 66 46 31 5 94 9 98 9 
29 5 91 40 25 22 35 53 43 73 0 23 75 30 39 69 29 28 7 16 26 20 28 64 2 66 88 14 7 76 98 50 10 20 72 55 88 43 15 43 32 39 20 85 74 99 85 15 91 17 28 53 96 9 8 23 84 70 14 3 18 56 25 71 22 61 33 96 63 57 16 75 13 93 90 90 12 77 31 82 64 96 30 91 42 13 0 57 55 88 21 22 36 90 47 37 2 1 77 65 66 82 9 93 48 48 5 22 99 53 75 17 88 43 79 51 36 45 33 49 27 46 15 53 11 11 35 51 56 84 5 28 93 54 7 85 27 20 46 22 33 63 61 84 67 0 68 43 67 32 2 96 8 78 57 68 17 28 2 1 22 53 4 13 21 99 94 20 80 57 21 29 24 99 74 91 73 80 16 78 33 96 16 33 39 86 66 69 36 12 3 80 3 58 19 39 76 59 65 40 26 46 93 43 66 73 38 23 7 67 27 53 23 39 55 12 26 7 83 54 38 86 31 99 34 85 22 58 36 0 21 72 56 12 50 57 2 16 84 75 71 49 3 70 70 50 6 29 74 84 11 15 74 21 57 6 17 88 4 46 91 4 69 13 92 48 38 62 87 77 84 24 66 82 97 84 88 41 65 25 55 63 72 2 39 78 22 69 51 24 49 44 83 8 90 77 21 15 26 38 99 97 88 88 25 57 56 83 11 40 33 83 6 22 46 65 87 41 10 61 4 24 66 19 66 67 76 55 63 16 9 1 25 29 77 65 46 39 18 84 17 99 86 67 29 14 42 47 45 74 44 37 4 83 55 31 82 59 22 84 70 50 69 88 37 52 82 99 95 60 7 25 40 17 43 86 26 27 52 85 93 65 57 94 83 68 3 72 82 46 64 75 26 92 46 2 55 97 5 76 
98 88 12 49 55 87 93 91 63 85 99 78 59 53 52 75 37 84 59 95 37 77 47 20 47 15 41 40 15 79 86 94 53 31 5 17 90 49 68 46 74 48 92 18 87 31 42 36 94 39 59 12 33 88 91 23 49 67 42 93 37 35 42 65 54 60 53 27 57 99 39 28 90 11 98 29 37 47 14 41 82 41 30 97 37 67 87 65 12 28 96 77 53 21 97 43 95 24 13 66 12 53 86 56 6 75 42 60 18 33 61 35 94 6 24 20 65 90 68 73 85 50 71 76 48 13 46 94 35 3 64 51 31 78 30 30 56 12 76 90 20 41 50 73 52 81 86 12 49 84 41 83 78 88 65 31 52 6 30 97 30 81 79 93 38 64 63 58 99 26 3 23 16 42 58 23 49 20 80 66 5 30 87 12 36 99 60 13 14 50 92 41 72 14 18 64 37 17 88 29 95 61 20 96 95 98 65 62 10 13 97 68 97 32 62 19 72 11 32 18 31 47 53 93 49 25 68 68 84 98 46 11 72 28 50 36 95 51 62 49 53 85 18 0 2 74 25 44 25 56 82 43 13 50 5 65 49 76 5 34 47 22 52 78 22 76 1 68 70 34 78 16 68 31 15 74 50 0 49 4 38 66 97 39 58 3 47 81 28 61 63 85 83 91 63 56 69 25 47 10 54 98 84 44 42 17 82 25 82 69 9 94 85 12 62 90 72 66 55 78 2 17 31 73 90 23 11 76 70 63 10 76 33 81 93 56 58 45 42 89 95 94 21 18 37 68 13 9 17 86 78 35 91 79 28 79 85 27 31 18 11 50 74 73 74 41 20 56 2 20 1 58 59 75 79 29 1 76 45 31 0 32 36 8 48 21 87 78 69 95 35 7 17 78 80 74 56 24 94 57 
25 50 64 57 68 68 13 22 15 17 11 92 45 92 28 70 51 85 75 74 57 7 44 42 41 78 59 6 49 56 15 18 75 79 18 68 60 77 63 5 46 38 86 89 23 38 23 0 86 85 78 64 12 63 50 71 33 87 1 65 64 57 22 43 32 55 16 38 25 61 42 62 98 29 7 8 92 98 65 90 31 3 72 43 80 14 84 19 46 41 51 36 65 65 64 44 80 29 93 72 66 2 38 26 71 8 30 4 87 51 5 13 68 23 94 95 92 69 91 53 97 48 11 69 28 66 60 18 27 54 50 8 3 62 78 4 97 4 70 54 28 99 35 16 7 3 68 73 23 84 83 89 69 83 9 74 49 42 43 0 89 22 38 73 3 30 62 49 44 77 67 68 52 60 56 59 62 1 9 52 67 7 82 52 9 96 97 23 4 51 80 7 6 25 2 28 20 10 36 92 9 27 82 13 73 39 40 47 40 11 58 4 67 2 19 13 99 69 81 51 86 10 16 33 91 95 46 56 53 25 46 77 22 54 39 21 24 32 34 31 17 99 78 97 47 20 28 20 18 87 64 82 65 22 35 84 82 95 93 73 50 56 52 56 76 97 45 85 57 14 27 39 68 98 58 92 79 67 22 66 10 42 64 76 2 45 28 76 56 31 27 87 43 68 15 30 36 29 37 24 1 55 14 76 35 47 10 12 87 33 52 89 55 57 98 82 34 17 27 71 18 73 22 3 13 11 10 42 60 30 74 18 2 69 96 24 21 88 1 10 44 63 75 40 93 98 69 47 15 35 73 43 74 98 75 20 86 89 46 48 10 12 5 48 58 97 84 18 66 95 91 28 32 88 90 44 68 95 5 43 15 15 78 44 94 85 77 63 43 60 79 81 40 27 70 81 43 31 63 59 
7 85 65 44 24 26 6 43 20 17 60 7 20 57 29 0 49 84 70 54 76 35 32 52 76 26 0 85 87 46 89 69 78 74 31 26 37 47 66 20 57 36 40 2 32 16 23 89 6 45 58 43 30 9 42 17 41 3 84 21 64 44 61 43 16 82 84 4 5 40 96 35 84 28 13 52 34 66 60 62 3 57 70 10 27 67 16 12 91 16 65 44 0 39 84 57 21 64 17 36 78 49 53 97 71 36 72 46 57 1 83 16 3 44 54 57 9 13 35 82 9 26 48 38 2 4 5 64 94 82 74 42 86 38 75 25 55 77 29 95 51 70 8 26 74 2 85 86 66 34 91 50 53 68 24 48 58 95 77 27 97 30 58 4 79 23 6 79 73 0 23 11 47 5 60 80 12 27 64 61 36 76 43 21 6 12 46 81 40 56 27 22 64 9 97 32 84 39 93 36 59 27 50 30 89 25 71 43 49 54 78 4 74 33 31 6 20 96 53 5 68 82 24 6 89 87 8 30 48 43 61 15 47 46 32 85 73 40 76 89 81 52 8 33 16 22 32 97 44 62 78 16 46 27 44 74 70 3 35 96 65 11 10 80 36 55 74 3 11 8 24 40 68 65 25 95 46 11 98 30 92 55 9 7 26 89 2 70 65 99 9 60 10 71 10 40 57 80 51 73 59 74 66 32 38 33 22 67 31 88 88 22 13 58 61 61 40 61 55 51 36 53 87 41 11 71 8 14 76 90 49 9 29 6 31 72 52 4 87 48 25 97 35 64 87 54 3 27 40 18 34 16 42 14 16 24 40 46 90 2 20 89 84 25 78 55 19 16 0 61 59 38 23 97 78 29 95 66 30 79 91 22 75 9 7 66 1 20 89 86 85 81 53 81 33 93 44 95 37 32 
40 89 7 61 10 37 66 95 11 52 59 23 39 55 92 18 87 97 69 37 62 97 24 37 67 78 56 48 85 16 1 97 94 81 86 6 12 53 87 60 49 38 33 23 81 87 71 48 6 30 42 7 15 40 20 5 90 55 8 18 35 31 69 70 52 58 13 20 10 97 36 28 15 56 85 37 98 4 36 74 84 94 25 95 53 30 84 94 46 66 34 59 51 4 2 83 0 51 23 48 32 45 49 81 87 72 71 55 17 82 24 89 77 86 56 24 90 69 9 62 95 25 69 60 34 55 39 85 60 27 49 60 23 56 72 49 35 25 6 61 45 83 7 60 1 71 23 14 99 75 58 76 57 25 74 31 35 88 57 31 15 85 7 90 41 43 50 3 69 54 94 61 12 21 0 67 45 56 77 10 97 89 68 12 56 53 64 83 53 26 75 57 52 98 76 34 28 10 14 64 92 68 32 33 57 30 28 2 23 44 87 23 14 71 19 63 81 7 80 17 74 46 87 79 53 74 88 10 6 73 58 91 8 47 4 40 3 32 50 2 52 46 52 21 0 69 94 96 50 85 54 99 93 48 57 86 33 57 36 40 85 40 90 60 21 75 54 79 24 32 39 46 49 75 89 37 85 15 54 92 17 52 41 20 58 48 95 85 76 62 68 68 83 70 23 24 31 3 48 41 43 57 38 62 92 79 46 30 51 60 66 73 64 16 85 69 65 81 46 21 26 7 92 32 6 9 77 77 74 20 81 74 28 89 32 87 63 46 54 20 57 77 71 45 13 81 60 61 94 5 32 89 31 78 2 70 41 23 79 30 82 55 63 94 99 94 81 68 40 96 74 24 15 94 48 19 74 59 55 72 69 30 85 93 67 32 53 77 56 65 65 68 55 66 70 42 92 57 16 33 
33 88 53 84 85 55 90 56 1 97 57 42 2 53 73 81 15 97 91 46 3 39 45 57 89 85 64 53 24 86 9 87 21 51 0 43 75 92 89 59 37 76 8 36 17 54 39 82 13 1 48 96 46 36 0 72 17 50 98 92 61 5 45 12 44 49 10 30 45 56 84 76 30 20 72 17 91 5 67 35 6 79 85 39 69 69 89 33 97 95 51 81 52 62 8 7 77 18 40 75 99 53 84 68 91 81 6 42 10 93 50 88 35 0 86 19 4 71 74 41 94 66 88 78 61 20 30 5 62 94 65 69 61 73 8 6 66 55 26 25 47 27 20 6 70 36 90 41 63 24 27 7 33 69 40 63 1 32 9 28 2 53 90 29 35 29 13 6 62 69 31 48 59 4 48 60 53 63 62 68 42 32 29 83 8 21 53 79 2 70 92 3 37 38 75 33 41 48 34 28 24 56 54 51 12 38 83 2 18 61 90 29 53 21 64 6 9 37 99 29 42 58 61 39 72 62 67 23 16 52 8 13 90 84 78 36 96 61 44 29 39 78 52 10 57 34 59 51 95 7 79 16 12 76 40 18 73 77 11 35 78 75 50 44 1 93 80 65 42 31 60 80 83 97 19 29 28 34 15 10 85 85 13 97 23 19 63 6 77 35 2 99 92 74 49 17 97 91 91 65 1 54 66 75 49 43 17 30 60 38 39 84 5 32 12 98 33 73 99 11 84 27 65 73 11 61 97 37 14 89 72 89 7 59 39 79 7 72 99 51 59 50 48 83 74 44 81 67 49 76 31 84 95 79 43 45 98 32 65 91 25 1 3 84 7 58 95 99 88 80 36 94 47 93 30 34 12 21 43 82 27 16 8 25 72 85 41 61 32 3 30 76 96 13 55 58 65 87 89 23 
56 30 29 23 30 9 16 38 3 98 51 53 71 39 97 42 17 14 87 99 47 41 39 30 97 10 57 52 61 30 21 15 43 24 1 24 30 28 74 9 31 17 12 11 1 40 28 56 88 66 32 30 18 71 85 75 26 52 96 60 55 62 97 52 77 64 65 19 82 99 17 70 48 16 59 89 89 70 77 98 51 48 17 19 40 69 99 7 85 98 17 81 59 76 26 21 86 91 56 19 38 58 97 94 34 76 48 41 51 98 61 12 33 2 9 61 23 95 54 36 5 78 19 32 65 52 99 23 99 17 39 1 66 25 73 27 6 45 90 57 23 48 4 54 25 38 96 76 94 1 94 48 50 26 95 67 49 22 6 32 6 53 30 32 50 12 10 95 74 74 22 49 53 28 69 57 89 5 28 17 25 18 74 42 47 11 60 61 36 38 15 74 0 17 72 44 54 10 15 38 19 53 7 24 42 1 61 64 48 55 75 58 8 36 87 63 94 41 87 54 64 7 35 81 74 27 98 29 94 68 37 34 86 4 62 22 68 49 91 68 26 75 97 78 15 97 0 30 18 55 8 15 90 87 82 31 14 40 99 8 98 90 64 81 17 56 62 39 28 6 12 32 11 23 15 6 67 94 90 43 11 3 74 7 83 88 11 14 10 48 56 96 82 28 23 15 22 5 8 4 3 29 52 4 27 93 5 76 66 42 72 46 33 99 66 18 65 11 87 34 84 15 40 38 39 22 18 54 43 86 24 36 87 26 42 40 58 14 34 75 33 75 35 96 40 28 51 1 38 40 13 65 22 36 80 36 11 67 27 92 54 37 21 51 22 57 90 77 24 22 59 23 37 47 78 60 25 78 22 71 53 46 66 37 75 17 95 24 59 44 31 37 26 96 71 62 35 37 13 94 
46 53 95 69 60 63 70 83 6 77 62 0 9 86 33 49 62 60 30 98 92 85 25 71 98 8 40 72 65 67 67 16 6 47 15 20 36 19 91 87 40 48 80 61 56 5 39 50 33 74 85 12 0 10 71 24 76 17 9 17 6 35 79 77 85 11 14 80 11 27 24 10 48 60 8 17 61 1 52 63 3 3 19 84 89 27 9 71 95 43 25 57 29 81 54 95 36 94 45 46 87 87 98 64 12 46 97 60 68 22 11 60 88 62 45 62 46 27 20 65 55 33 86 85 22 65 36 62 1 44 88 77 39 50 44 71 22 43 96 10 41 74 65 90 0 69 38 48 78 92 24 33 60 49 84 16 21 66 75 12 98 81 42 29 98 57 39 5 56 26 8 52 24 11 33 43 19 10 27 80 3 84 48 19 74 45 68 99 14 54 66 63 37 93 31 18 74 0 62 10 36 38 26 61 13 47 48 25 57 42 68 21 56 24 60 75 98 86 10 5 69 79 7 43 96 71 9 53 62 91 2 44 5 58 1 10 16 40 77 88 91 93 68 96 89 84 38 34 94 68 73 6 70 14 71 54 18 12 77 42 34 62 23 81 46 71 42 97 25 43 97 55 63 58 31 24 2 55 63 71 27 94 77 98 18 19 5 14 79 80 70 15 18 96 28 68 5 97 48 53 49 55 27 34 50 39 18 53 43 82 26 74 93 2 68 74 59 73 98 18 19 43 6 70 86 35 26 30 61 24 40 99 42 2 24 41 57 70 77 91 44 98 25 8 85 66 12 21 58 42 77 39 46 5 65 94 26 1 36 74 90 80 2 85 77 90 56 73 58 92 47 43 53 53 96 84 65 31 1 19 96 76 79 60 0 73 16 7 10 39 83 48 4 92 69 26 11 16 26 1 
59 13 29 40 62 83 20 90 91 77 20 13 67 16 47 77 17 93 19 22 27 12 66 80 75 62 2 26 10 60 15 77 62 45 74 43 20 14 49 27 22 87 8 74 85 18 98 62 69 11 89 46 43 6 58 43 47 56 88 90 28 26 78 30 73 71 31 38 85 25 10 6 13 51 62 66 40 93 24 4 24 44 34 80 11 23 6 20 92 78 36 13 67 65 8 3 27 9 36 11 67 75 4 83 22 55 38 54 78 75 88 98 86 43 56 22 32 88 99 76 83 74 77 55 77 87 77 80 23 13 80 6 24 17 38 27 72 96 47 89 54 46 63 85 19 2 5 30 20 45 97 45 90 19 72 32 89 18 24 57 63 44 15 93 30 55 61 49 15 34 26 91 76 11 96 83 60 79 97 92 77 54 3 85 82 28 1 97 87 7 65 79 46 26 51 10 75 76 28 73 3 5 66 72 99 26 40 26 3 35 69 54 13 35 26 56 32 86 35 89 99 54 61 97 36 26 17 48 97 26 4 35 24 9 20 37 29 3 22 22 50 6 80 94 94 87 49 32 38 81 71 13 73 78 8 12 97 10 72 68 83 31 93 84 94 85 28 90 21 37 11 25 27 24 16 83 31 35 65 35 2 69 28 36 69 21 77 63 25 84 25 53 4 76 70 75 29 10 89 57 43 46 83 33 64 97 18 86 84 55 69 61 91 77 83 82 31 73 49 42 48 85 19 83 78 29 56 13 45 28 23 32 48 32 53 57 24 32 52 98 65 75 2 16 32 3 71 75 87 83 7 45 27 93 44 67 72 46 42 12 90 55 47 66 34 84 77 86 30 43 42 39 30 43 44 58 27 13 17 32 77 15 48 17 20 19 20 72 38 35 61 98 44 42 29 7 86 45 53 19 
76 76 68 93 55 26 78 18 71 44 68 96 93 56 72 81 20 81 25 66 72 55 20 43 20 79 64 32 36 45 86 0 21 15 0 41 64 50 69 5 92 68 34 8 76 12 54 37 52 65 20 37 58 91 68 30 60 20 69 8 33 98 55 86 21 50 69 54 61 85 48 6 50 28 76 34 44 41 74 98 2 92 67 42 24 43 25 83 78 62 56 35 3 42 78 11 32 4 25 33 2 28 24 89 5 70 48 4 39 88 57 51 64 90 46 96 51 99 86 42 80 69 19 74 96 95 47 54 42 72 12 41 23 58 48 98 17 76 30 10 79 85 67 32 20 87 61 75 33 99 55 92 76 41 21 44 2 33 99 4 71 15 32 70 45 77 9 22 42 99 89 34 34 84 40 22 28 14 75 84 79 70 42 91 73 81 72 29 3 86 74 99 71 37 38 36 34 39 2 28 72 27 86 26 86 89 86 76 71 41 40 90 18 93 64 50 42 62 45 74 85 1 51 50 63 6 49 56 7 17 68 29 28 52 37 94 5 23 28 98 32 6 33 86 88 68 12 50 57 96 35 82 62 77 54 49 61 61 2 37 33 71 51 79 96 33 49 72 6 99 88 69 65 82 90 62 83 15 51 21 21 95 95 57 89 3 49 33 50 48 28 15 58 81 34 16 65 72 18 26 53 13 34 80 17 48 66 36 73 6 88 38 70 75 0 24 70 87 34 49 79 77 45 23 80 47 46 20 56 67 69 15 26 49 39 35 36 54 78 19 48 68 69 86 40 56 19 10 29 52 57 89 26 65 97 52 46 20 86 13 15 91 82 28 57 10 19 14 2 14 33 20 47 15 14 28 31 25 43 63 2 84 35 58 41 64 21 58 16 73 95 65 64 47 56 44 54 54 29 46 
27 18 60 38 85 45 85 72 43 43 53 31 9 45 59 39 67 61 41 57 69 34 88 92 17 85 88 43 81 55 30 34 91 20 78 5 36 75 15 38 8 70 21 55 18 88 30 56 15 86 40 58 31 47 54 84 88 47 61 29 78 46 25 27 71 48 68 78 15 13 83 59 58 74 78 38 13 89 56 50 63 29 23 68 45 76 21 47 60 19 84 35 73 7 59 19 41 0 30 76 22 82 2 10 90 87 45 76 94 72 80 36 86 91 89 20 35 40 60 60 77 19 57 56 38 42 16 16 78 75 23 15 73 95 99 11 98 48 97 62 10 49 27 10 92 72 91 41 41 13 48 52 19 3 67 48 98 38 87 2 23 76 32 35 0 17 68 63 43 66 71 83 91 19 56 76 53 12 9 23 51 49 36 26 62 33 62 96 23 5 37 71 14 40 28 9 48 98 49 9 22 17 58 88 19 67 40 19 45 82 10 14 6 61 49 66 50 36 47 11 3 5 73 65 25 47 44 0 47 42 55 69 58 49 75 19 20 33 19 2 36 95 22 31 88 80 86 0 91 79 50 1 40 87 75 0 58 5 99 4 42 75 70 12 74 46 62 46 40 41 44 66 98 63 94 45 38 56 88 33 93 95 90 3 20 50 65 6 19 65 42 6 93 40 89 49 32 27 50 73 73 35 39 94 99 38 2 92 5 59 34 48 96 92 8 44 9 84 69 25 7 12 8 25 45 32 45 36 19 18 59 22 93 46 70 18 43 40 77 5 55 14 45 10 72 9 40 84 93 95 55 40 57 35 90 5 52 4 13 42 54 77 2 51 27 60 42 10 63 25 40 39 74 65 85 21 94 60 73 44 39 12 68 52 39 24 72 51 24 92 42 78 63 33 83 79 46 79 69 27 
57 52 71 82 24 72 53 72 96 91 91 3 91 83 24 0 16 39 97 98 83 51 87 68 61 21 94 15 8 60 3 64 58 50 73 83 87 55 94 88 47 55 67 37 17 40 46 72 52 14 62 6 35 91 45 80 36 75 17 2 52 82 72 97 99 87 74 17 93 13 23 79 52 4 61 18 92 3 98 32 79 15 22 68 67 42 88 31 72 69 63 4 62 7 79 15 38 63 59 88 20 71 65 64 42 30 92 11 15 79 54 57 93 12 94 35 15 53 91 76 17 44 62 21 10 85 96 81 9 86 4 97 63 37 19 39 16 93 41 43 95 29 23 2 55 47 46 19 99 92 7 20 55 12 70 42 80 53 76 39 71 95 72 3 30 7 22 48 40 56 39 3 25 97 96 0 91 28 73 97 18 83 95 78 67 89 1 54 41 99 7 46 15 3 56 62 49 97 90 12 77 20 79 6 13 51 63 94 62 69 59 35 90 98 88 74 31 27 56 38 7 67 20 1 71 26 67 90 60 6 38 95 91 21 45 32 83 43 24 72 92 88 49 68 46 68 93 80 28 45 34 68 11 53 20 80 26 80 78 68 19 92 31 39 9 99 72 53 44 44 24 2 74 3 75 85 71 6 91 13 3 36 48 14 2 4 18 75 40 89 85 99 66 93 0 34 93 62 28 70 82 48 11 97 94 4 60 8 23 80 70 64 30 60 77 44 74 57 67 51 1 40 71 20 21 6 22 79 2 57 98 78 2 33 40 44 78 16 85 52 51 46 25 41 55 49 19 48 8 32 26 23 97 63 80 25 57 10 80 19 96 65 62 1 25 96 8 47 76 34 89 61 83 76 92 25 84 35 98 48 97 73 65 80 48 88 13 41 56 75 95 8 32 75 87 60 86 89 86 19 
78 92 1 72 96 65 17 47 91 89 95 96 20 72 21 56 75 48 94 17 23 19 66 48 32 4 34 66 36 83 19 14 35 24 41 20 48 26 13 11 51 53 14 98 0 12 12 34 28 47 38 3 7 15 30 51 53 47 19 95 9 3 58 39 99 35 84 97 48 59 75 1 32 1 18 64 79 26 26 35 24 24 50 38 74 59 99 40 15 31 49 15 88 94 64 71 17 33 66 60 21 52 32 82 74 14 92 26 16 2 58 33 79 56 94 94 6 63 24 83 39 87 88 27 69 86 69 4 75 62 45 60 6 77 59 93 12 7 79 78 15 80 13 39 78 56 21 36 33 27 34 28 11 16 25 55 67 27 80 41 52 38 34 9 90 93 2 87 48 34 48 46 32 56 2 45 99 6 43 54 37 34 92 64 81 90 8 53 80 23 78 31 64 44 76 48 79 14 13 27 17 17 22 13 3 73 42 92 56 58 29 7 77 61 7 62 67 49 4 3 83 64 86 65 55 33 64 44 92 38 22 89 20 13 82 60 48 33 93 59 28 2 71 72 65 64 62 2 87 68 42 16 73 92 65 15 70 97 21 61 65 50 30 57 19 54 36 93 3 22 54 74 90 28 16 31 29 23 10 8 52 65 5 65 24 37 18 65 87 96 25 24 14 58 12 32 15 36 79 82 84 13 98 41 56 34 5 55 41 70 15 21 46 18 2 80 29 16 58 40 47 26 76 51 7 17 17 21 68 95 32 59 91 98 72 45 33 82 69 9 29 88 80 21 12 52 65 91 28 28 32 47 94 86 36 25 60 41 72 81 11 2 6 47 41 56 97 46 29 41 29 56 65 19 50 66 64 19 85 22 45 67 1 70 1 14 50 87 69 60 71 74 70 30 34 2 96 53 36 50 
84 14 96 52 37 17 40 30 45 14 6 55 53 71 29 70 74 48 65 7 82 59 86 14 71 59 11 36 69 7 58 7 38 79 39 49 17 63 11 28 99 99 2 4 70 37 91 54 19 97 38 52 63 10 98 21 40 69 18 62 93 91 38 48 27 10 86 92 93 84 62 21 2 40 98 77 2 13 64 6 74 40 64 14 20 68 91 29 71 76 95 83 74 29 29 14 91 88 20 56 34 34 98 15 26 38 17 40 67 35 71 23 41 27 85 82 50 47 92 48 18 35 41 99 42 64 87 19 98 65 14 9 58 83 66 60 80 65 64 59 67 54 73 12 23 8 37 71 27 73 70 37 39 36 76 3 72 98 43 65 48 25 67 48 30 20 23 20 34 65 42 58 85 48 37 93 88 72 81 61 45 67 64 29 89 5 46 85 87 77 38 24 78 27 68 0 3 89 61 66 93 45 41 55 53 43 8 95 67 11 69 57 74 29 23 3 20 71 20 96 97 42 83 83 86 29 96 17 39 86 83 18 30 91 73 0 86 52 2 28 62 53 8 58 40 50 38 51 88 2 25 13 89 49 99 6 37 61 88 80 20 95 66 4 43 85 47 68 82 11 74 79 4 62 63 96 13 40 70 6 9 65 11 78 35 42 13 1 96 56 72 32 77 51 93 1 70 48 91 64 20 71 25 77 89 37 89 92 15 61 59 50 35 1 86 90 23 16 94 57 57 82 31 45 86 43 21 60 77 35 24 87 60 74 58 68 13 83 35 65 49 30 12 42 82 19 15 14 89 89 18 72 86 78 42 52 42 15 49 45 30 12 91 29 82 78 86 71 5 8 4 63 67 47 18 83 34 29 54 41 17 31 32 25 42 86 36 12 23 27 82 33 60 37 91 46 79 64 28 54 
91 88 57 59 69 36 0 23 35 47 50 23 75 63 60 1 17 52 38 13 20 63 32 74 98 80 17 55 89 32 45 26 64 71 46 55 7 37 59 21 70 59 71 72 48 96 36 2 38 57 27 7 41 22 86 39 6 43 53 35 73 98 5 10 16 4 14 86 77 13 34 13 13 51 15 1 98 92 93 71 63 85 8 39 10 62 73 33 15 98 2 22 3 37 83 7 40 9 94 73 63 45 74 84 45 17 64 77 74 65 46 33 83 24 76 80 31 89 24 14 17 23 97 21 36 74 59 27 22 8 41 6 93 33 67 93 75 15 94 32 73 53 80 87 18 65 84 35 93 64 84 45 72 96 57 59 74 53 58 28 52 25 72 32 15 33 40 44 13 9 6 27 73 10 54 13 92 2 8 62 66 34 32 7 72 67 26 60 71 6 44 78 84 58 90 95 22 53 65 90 1 69 87 17 4 8 70 99 57 33 15 23 3 1 29 86 9 86 10 77 97 53 52 55 40 38 92 0 92 84 83 90 78 98 54 82 40 13 69 18 2 23 62 34 73 19 34 53 71 42 99 89 2 30 95 85 3 0 97 14 50 7 14 84 83 67 79 3 75 4 30 45 41 43 96 9 58 93 56 49 83 94 9 4 21 28 93 3 25 49 82 97 73 58 14 25 90 21 21 83 84 48 45 9 59 67 26 58 92 19 3 68 63 72 49 27 2 24 69 90 21 93 15 6 15 89 81 7 2 72 1 90 55 66 76 76 9 69 11 17 89 41 62 9 0 38 82 21 76 18 23 37 77 44 87 92 18 72 90 5 55 72 62 20 64 98 24 64 1 98 8 16 47 27 26 52 79 93 66 78 25 90 64 48 72 82 79 31 37 66 19 36 17 36 73 62 62 39 72 97 
20 2 25 17 12 28 94 58 18 9 10 86 44 80 72 71 54 58 98 0 75 21 88 66 56 58 22 35 23 35 66 77 11 33 97 40 14 85 75 58 35 26 52 62 13 43 70 99 67 93 41 66 86 31 95 2 72 92 92 52 99 52 34 90 53 47 84 99 96 22 48 36 45 56 20 81 56 88 19 71 92 43 28 57 73 17 37 65 97 71 23 52 24 43 9 28 89 35 68 8 18 87 38 85 95 42 66 16 86 79 90 68 71 4 38 1 84 19 24 17 64 22 76 7 83 16 63 93 65 26 54 2 88 76 73 40 35 5 61 34 93 0 92 53 13 36 3 83 55 60 76 4 99 19 75 45 8 95 11 39 20 85 9 18 66 40 56 49 76 29 41 95 18 51 77 62 94 74 52 82 34 86 13 46 67 28 27 95 15 60 74 93 98 13 51 83 56 21 32 40 30 70 27 55 17 55 36 79 23 87 1 11 85 95 34 41 29 95 69 40 37 42 47 60 71 81 60 85 82 73 84 18 9 56 67 67 31 90 33 1 2 47 57 37 56 4 75 99 11 26 93 64 16 94 99 91 79 64 5 44 48 9 5 98 21 82 64 74 78 14 78 67 41 98 49 92 75 85 17 44 75 38 81 76 86 20 74 82 26 5 78 5 75 92 26 77 42 45 47 52 32 76 80 29 42 52 68 72 55 61 80 42 75 14 8 15 53 80 55 73 16 85 30 43 65 76 88 90 48 49 35 70 7 79 98 48 75 57 91 30 54 78 23 3 5 76 36 13 15 18 66 49 85 20 70 26 3 27 38 57 75 34 37 91 41 77 22 66 75 64 22 49 50 30 79 19 52 78 22 31 11 97 40 41 69 66 93 19 90 70 29 6 99 72 20 71 17 44 56 70 
78 62 88 73 33 70 91 88 40 49 77 24 68 3 81 57 1 42 24 13 8 49 25 78 57 42 41 99 66 73 77 21 47 43 5 43 13 66 40 60 52 17 70 76 92 38 36 82 47 78 6 28 23 28 61 24 51 94 48 89 6 48 32 97 20 35 83 26 76 41 81 22 46 82 60 32 6 95 26 83 5 68 80 13 13 23 78 72 19 42 12 84 64 33 15 17 92 33 51 50 96 73 47 79 73 79 0 67 14 81 11 32 41 13 70 43 12 1 27 99 59 43 97 85 88 16 87 46 59 43 4 72 60 88 6 42 81 50 29 81 4 30 26 86 17 13 63 22 95 19 33 24 9 53 89 62 6 36 22 27 86 63 16 11 71 39 1 71 22 1 80 70 12 56 11 44 27 75 31 51 58 21 59 43 31 99 65 6 94 54 0 48 99 38 27 79 15 26 21 2 45 77 9 27 90 96 19 46 69 41 44 88 77 67 46 33 59 47 60 74 48 82 5 41 27 8 98 52 59 5 89 16 64 30 95 3 6 74 6 85 66 89 55 24 44 41 38 81 56 59 32 80 73 88 32 51 94 89 81 99 87 84 38 40 24 7 75 78 9 30 67 24 45 0 15 8 67 42 90 51 86 76 61 70 95 88 13 33 61 96 19 51 63 58 75 10 74 66 76 29 29 28 7 75 32 26 58 86 2 28 95 87 9 2 24 52 87 90 93 19 50 82 76 33 3 8 49 11 88 29 51 59 83 83 73 63 82 54 80 97 89 5 20 10 21 12 49 25 6 85 20 58 18 3 78 68 3 2 80 2 79 93 7 33 68 64 50 18 51 10 34 10 16 66 42 87 46 88 23 17 86 50 81 37 54 51 6 0 44 96 31 87 56 54 45 77 26 59 97 23 
27 20 64 19 19 94 8 63 12 44 59 20 17 53 9 24 13 90 31 77 84 62 70 51 94 11 57 13 23 76 83 99 66 81 1 82 19 23 43 25 75 65 24 86 65 78 39 0 78 83 15 68 36 27 10 89 64 38 86 57 65 11 48 16 85 93 37 87 82 39 42 9 91 75 79 28 84 28 84 56 39 68 10 40 25 72 99 73 76 37 72 19 46 43 39 53 2 60 90 44 93 83 78 91 84 30 7 90 41 28 63 92 79 47 29 21 93 65 28 88 33 89 12 73 41 41 13 2 2 22 94 31 53 15 95 64 75 57 49 38 15 91 33 57 46 29 4 68 98 58 98 29 7 38 90 18 74 93 33 0 2 54 81 84 40 15 12 27 50 57 69 6 8 11 30 9 91 26 94 96 78 91 13 4 98 0 18 83 48 71 68 94 48 37 72 1 20 15 90 96 94 31 22 17 99 72 93 87 28 17 48 17 23 23 88 65 10 62 26 91 89 3 97 76 90 87 74 40 40 34 92 60 60 81 52 96 84 80 70 68 4 56 69 8 36 68 7 77 11 46 9 62 64 37 5 51 6 88 93 92 96 13 63 90 31 15 1 22 7 89 83 50 68 61 58 68 36 24 67 79 1 10 81 72 29 36 16 34 10 64 50 70 95 76 82 98 90 11 90 39 64 45 93 68 26 57 66 93 61 76 36 28 76 51 46 66 16 89 97 17 12 38 31 85 67 71 38 45 51 15 42 19 63 74 39 38 91 36 6 43 94 96 89 50 36 33 70 43 78 68 52 41 54 7 40 77 87 94 95 66 29 76 95 95 65 29 63 21 7 29 46 71 67 43 43 59 45 23 70 4 13 33 67 21 15 35 76 79 11 96 88 45 3 50 49 30 40 9 49 24 
15 70 77 56 64 31 22 75 32 63 61 71 70 95 91 53 99 58 92 85 15 51 93 74 51 25 93 13 81 72 22 96 89 61 84 75 49 54 21 29 55 23 40 66 82 88 91 73 82 12 68 86 19 49 32 90 52 93 43 94 93 92 82 31 34 39 6 31 35 65 48 33 12 16 70 5 59 62 65 2 36 4 39 99 64 35 26 12 14 49 34 19 62 66 68 71 91 84 8 56 52 68 80 7 25 90 65 62 99 90 25 67 65 80 29 38 0 72 78 33 13 63 95 96 26 6 93 0 63 72 45 78 77 54 37 51 56 61 65 43 44 64 88 77 73 86 60 42 64 78 58 92 90 65 45 59 71 84 44 80 85 86 62 50 38 1 78 46 92 48 3 48 24 59 78 83 64 7 1 47 77 91 14 5 19 64 93 38 99 51 82 85 63 44 30 91 44 3 40 80 24 44 31 3 13 77 94 13 38 26 87 18 69 32 67 36 37 99 38 60 56 49 78 70 28 68 75 9 53 81 94 87 6 41 28 66 69 32 41 11 64 37 71 46 58 81 45 58 16 84 41 10 80 40 5 96 48 83 14 45 7 35 57 13 61 35 31 84 99 97 98 62 72 98 36 51 74 66 51 22 61 65 46 3 50 37 83 74 22 17 21 66 92 56 84 49 41 26 67 6 59 96 86 97 64 39 16 82 67 71 94 24 6 27 60 15 30 8 99 88 48 33 32 68 18 54 40 64 62 18 85 3 21 37 32 60 34 58 71 46 31 63 57 41 53 58 12 83 32 4 54 6 57 33 98 8 36 91 61 5 12 46 60 43 73 51 5 36 16 91 54 83 80 99 65 56 36 14 21 5 84 35 83 69 78 19 68 37 50 48 58 64 71 55 25 23 15 56 81 60 
0 44 73 25 41 23 49 1 21 90 32 44 98 91 35 64 5 68 14 35 11 97 84 9 23 25 68 1 35 86 7 72 20 59 95 33 90 95 82 53 39 16 12 85 34 53 93 60 99 88 95 10 21 58 62 89 16 68 68 95 65 66 7 97 31 14 9 63 51 99 8 63 53 58 86 14 32 21 54 0 52 58 63 31 31 39 93 31 63 3 98 89 89 3 46 65 61 91 94 29 68 34 82 31 61 53 69 74 17 47 49 4 25 64 95 97 37 3 84 71 42 20 49 54 40 95 28 91 65 7 91 45 29 90 96 33 58 41 70 5 63 2 24 40 72 56 23 1 24 63 16 94 99 41 74 30 96 56 33 60 37 49 60 50 74 41 88 26 36 30 17 76 91 79 24 21 50 91 38 94 86 55 45 91 8 95 16 13 90 56 11 10 32 11 52 12 91 48 95 73 91 67 97 82 6 58 39 70 84 29 21 60 68 99 98 2 83 46 40 32 67 81 57 52 70 51 11 60 17 58 4 87 47 33 23 79 94 35 33 87 93 98 43 7 34 71 11 76 94 94 70 6 85 7 37 43 72 34 6 53 70 41 69 23 60 48 30 20 25 62 45 52 28 97 1 76 61 62 29 76 19 42 21 19 26 64 59 49 24 60 25 8 51 47 54 49 91 68 43 52 50 79 84 90 11 28 47 98 39 21 68 74 61 31 29 16 45 31 5 89 11 65 51 39 81 85 64 9 90 49 81 83 0 73 70 5 93 29 24 69 45 80 19 55 59 6 24 67 86 75 96 16 17 56 57 56 22 15 43 60 82 54 49 50 29 57 94 7 22 41 33 10 4 95 15 14 19 76 91 75 36 85 31 68 59 11 71 63 92 17 10 73 20 81 79 16 32 63 24 90 
82 7 33 40 87 2 96 59 8 28 9 33 37 1 11 60 51 40 12 54 53 23 26 24 22 64 94 41 89 39 33 57 52 45 4 35 81 96 73 42 62 45 76 99 44 83 15 84 75 60 60 91 19 52 22 6 74 72 39 13 64 57 37 57 51 37 56 72 60 91 34 60 17 50 84 92 93 10 93 77 9 23 48 29 85 45 7 22 90 49 49 81 69 72 23 17 52 5 15 17 43 49 8 20 37 36 14 89 4 83 37 22 99 84 68 85 63 26 96 52 24 70 53 20 64 61 88 5 36 71 69 69 98 59 95 79 54 31 74 33 45 23 16 11 92 5 71 66 77 75 10 89 86 49 2 71 57 20 67 73 15 28 31 17 9 57 38 32 69 67 91 60 1 67 34 16 27 76 94 80 71 24 13 36 94 36 37 32 76 33 37 82 29 7 69 15 44 2 86 87 76 12 53 66 70 42 38 22 82 66 36 91 69 56 40 9 27 84 57 34 62 68 50 3 55 42 74 10 51 8 31 68 4 37 74 44 69 95 17 57 32 7 86 32 43 77 3 1 61 49 19 30 1 48 97 52 99 35 62 79 94 37 35 40 82 83 84 81 62 89 66 23 49 71 20 22 85 13 20 14 8 90 3 38 2 47 42 94 35 91 11 56 53 42 5 46 36 30 11 25 62 77 22 42 41 65 41 82 31 73 80 3 12 5 12 73 86 95 95 32 1 54 46 44 92 59 51 74 60 22 4 85 31 31 93 41 44 34 9 55 1 88 86 25 13 24 43 71 87 73 65 86 3 36 94 32 55 79 94 93 44 79 2 68 47 43 62 60 62 59 73 17 0 44 76 86 87 16 79 73 59 48 43 53 7 16 65 78 3 48 61 46 46 52 6 38 37 25 89 84 
99 21 77 36 42 75 62 5 74 21 65 38 5 10 54 4 19 51 27 97 10 60 17 89 21 67 68 56 76 4 71 12 56 43 16 77 64 74 1 42 79 47 0 58 4 65 69 95 6 26 9 1 38 0 73 90 25 50 67 13 90 70 16 17 99 80 15 31 83 17 21 6 72 69 73 89 94 42 30 55 68 99 95 95 89 4 42 30 46 62 72 89 18 89 99 85 29 91 18 50 93 0 89 80 58 72 36 76 86 53 53 58 69 66 60 14 25 63 47 32 67 70 10 0 84 86 45 14 79 73 27 19 80 39 82 28 74 40 24 30 44 66 95 59 9 57 1 18 12 19 85 65 10 12 66 83 24 72 77 48 43 58 41 45 3 37 51 91 18 25 34 88 16 69 56 23 84 6 41 68 76 34 60 8 26 58 12 41 94 45 0 5 87 82 6 64 10 83 21 56 60 87 85 81 62 1 71 60 22 51 29 78 84 57 83 53 96 17 15 71 30 19 22 19 5 85 35 12 92 53 87 19 99 50 90 5 26 87 21 89 55 66 32 31 88 92 39 4 70 37 31 96 48 31 58 34 27 74 91 82 95 43 90 89 30 13 80 12 36 76 94 78 39 91 47 32 24 59 19 10 29 30 5 68 52 5 33 36 44 94 31 61 10 1 42 21 87 9 48 55 64 97 12 4 70 12 94 55 40 2 24 94 85 48 41 3 90 17 42 27 48 93 2 2 45 62 62 79 33 74 45 77 39 73 82 90 73 40 12 59 68 80 61 97 87 14 34 74 94 27 58 50 30 91 77 80 24 48 46 40 28 16 9 19 63 75 74 1 70 98 2 41 92 42 11 65 9 17 69 20 13 86 92 30 16 8 15 71 51 65 28 58 32 75 1 79 93 94 73 83 
87 39 55 51 72 24 93 28 97 53 54 5 41 95 29 98 61 67 5 75 51 42 13 68 41 30 47 55 34 43 34 26 42 91 52 8 24 78 41 90 25 86 55 90 60 42 64 2 85 30 87 21 22 26 56 79 79 67 55 39 4 86 53 66 25 50 96 85 41 80 52 65 71 16 31 62 28 71 98 30 77 59 96 0 21 87 43 81 2 68 60 13 9 75 4 45 22 11 52 24 33 89 40 19 73 46 60 69 91 74 3 87 55 91 57 64 81 75 38 73 2 89 91 59 64 13 29 93 87 47 72 88 25 18 21 23 37 50 15 92 40 66 62 52 36 26 49 62 20 99 46 35 67 56 96 52 36 94 12 41 35 95 99 5 62 71 86 94 70 38 23 66 50 80 96 82 40 39 13 1 4 19 79 92 86 96 50 61 75 60 82 6 18 60 1 0 98 64 68 63 40 23 73 95 11 40 36 47 16 72 44 17 79 15 88 43 45 40 49 85 12 76 71 11 84 57 35 56 7 5 71 2 19 20 4 72 30 18 19 29 78 39 63 75 47 19 66 37 30 57 82 48 95 57 86 28 81 33 85 85 12 54 10 32 7 51 21 87 27 42 88 20 8 21 14 70 50 50 48 28 91 83 65 39 52 77 7 37 57 3 22 59 16 54 5 47 40 2 79 27 42 56 96 90 84 37 64 86 86 81 39 90 46 94 97 40 63 22 60 31 56 24 43 83 5 74 49 25 82 35 27 69 91 95 67 21 20 45 6 76 98 72 22 66 45 65 7 62 20 38 2 17 58 84 4 85 82 66 46 86 1 75 5 55 10 12 68 8 27 68 55 15 46 67 54 85 2 10 78 74 67 19 72 8 7 79 12 23 63 34 3 25 93 57 76 88 19 47 71 88 
80 1 84 75 6 66 95 50 32 47 87 46 96 82 48 66 11 69 39 83 84 69 5 54 91 48 25 32 15 92 58 44 89 9 92 24 34 52 48 41 47 61 66 37 15 62 78 98 47 89 42 12 25 53 7 25 53 51 99 12 48 58 82 72 29 28 64 23 6 99 25 87 91 8 70 71 13 17 23 17 53 77 73 55 18 80 42 39 76 44 31 15 47 47 74 77 40 93 15 95 42 97 12 91 43 15 79 33 96 53 47 89 71 35 71 46 43 35 46 39 21 1 80 58 61 41 36 78 94 82 78 25 82 23 30 69 14 12 66 34 18 67 57 85 39 8 1 19 96 58 66 13 78 70 63 79 84 13 8 67 63 69 81 91 79 8 82 17 77 29 91 14 81 7 66 89 95 7 50 34 90 4 87 30 9 5 20 88 62 55 43 88 83 3 7 36 35 38 6 40 73 3 73 78 39 73 61 65 73 82 31 46 15 87 68 33 1 89 14 49 53 78 33 58 90 0 97 61 35 47 82 21 42 6 21 53 26 20 71 22 79 83 48 35 16 33 46 78 77 81 1 88 35 80 41 40 21 48 82 64 80 28 99 24 24 46 3 31 60 58 31 44 12 67 92 49 18 27 28 34 27 6 26 63 31 11 39 10 42 35 51 68 84 89 17 54 92 66 74 1 40 45 82 61 72 90 84 93 96 73 27 11 38 28 25 57 49 76 9 21 18 88 51 61 49 62 7 30 12 84 50 42 78 30 44 83 59 16 95 34 69 95 2 4 62 47 58 15 44 99 69 36 50 36 51 92 53 95 10 17 21 14 4 62 42 45 4 29 37 41 25 0 47 0 14 78 51 30 75 44 22 56 47 31 0 47 79 35 26 23 9 85 88 13 64 1 8 77 95 32 
70 64 32 83 81 85 35 15 57 18 51 12 2 10 12 95 66 21 86 65 15 71 97 24 47 36 17 24 72 36 88 67 86 58 94 0 6 66 8 6 96 88 52 15 88 47 71 59 42 97 80 43 12 47 37 29 64 13 72 58 46 44 96 22 81 63 15 99 12 79 86 56 16 82 30 78 33 33 9 99 58 85 63 99 61 79 2 77 2 38 64 24 54 50 38 29 83 55 24 54 30 12 60 43 66 48 71 20 35 93 82 72 5 95 20 88 22 83 72 55 61 81 86 73 72 18 75 1 16 82 5 67 12 73 31 29 92 8 72 22 11 3 53 9 75 44 38 27 67 94 98 95 0 8 54 81 92 36 74 93 41 59 1 69 54 57 38 86 39 48 0 58 61 90 27 22 28 48 15 27 88 34 8 6 85 27 71 56 87 75 44 69 80 40 44 21 40 13 30 92 20 26 0 66 66 71 15 67 20 63 83 28 57 9 72 43 7 80 69 99 11 60 33 78 91 79 28 41 66 9 94 45 77 36 55 78 88 15 38 13 39 44 27 98 94 48 95 6 62 82 38 5 70 3 64 7 60 37 62 79 45 65 59 81 20 43 59 20 73 44 88 3 41 21 23 34 71 98 64 39 6 12 19 98 82 4 2 92 77 9 89 79 3 89 61 18 23 78 36 46 15 31 32 98 14 56 6 91 41 29 97 31 32 23 83 31 17 79 82 46 60 93 35 44 85 40 11 18 28 15 3 8 60 39 78 29 74 18 65 57 70 91 94 49 94 39 55 83 93 0 17 60 31 59 20 42 84 99 26 53 6 92 96 80 62 82 75 44 9 74 15 45 43 93 92 6 17 15 86 30 12 58 59 2 5 44 89 65 42 2 29 73 97 86 10 36 35 26 11 35 
3 34 29 30 93 27 3 92 53 81 50 40 21 30 99 20 66 56 42 6 49 33 21 76 4 9 98 43 98 28 49 39 37 4 70 16 34 41 78 41 91 35 43 78 84 48 37 39 30 75 70 80 43 32 6 1 29 13 71 98 59 60 26 35 61 33 91 0 32 35 46 1 49 78 22 72 17 28 82 31 77 13 22 99 82 59 31 69 43 81 62 88 6 82 54 51 89 69 36 9 66 92 70 94 13 14 99 40 48 74 82 74 23 21 37 3 69 93 84 75 46 71 62 65 43 41 16 56 99 32 40 63 96 53 27 58 97 83 45 0 89 41 56 30 80 20 12 29 55 99 58 95 70 41 20 78 90 38 4 33 73 10 27 79 1 78 64 41 55 29 85 27 68 74 69 70 24 66 2 40 46 65 57 81 48 20 8 65 47 26 51 74 86 26 14 0 75 79 2 65 98 99 38 93 61 1 56 42 35 55 16 93 57 27 88 66 78 72 89 96 66 74 33 88 49 14 9 66 25 20 73 72 73 10 13 67 92 74 94 75 21 83 58 7 88 44 0 25 89 32 84 3 79 13 93 86 4 0 40 9 43 52 12 41 62 82 74 40 69 93 35 8 91 13 19 30 55 30 52 78 78 6 36 45 71 54 56 0 26 20 61 58 37 17 95 65 76 71 12 5 17 13 70 90 51 18 16 38 90 79 41 94 71 68 14 6 36 60 81 34 55 80 87 36 27 1 76 51 59 69 39 44 38 12 63 83 43 71 56 68 74 12 39 80 97 95 77 2 56 84 5 73 63 87 84 96 86 85 44 79 87 39 29 3 90 84 23 61 37 45 36 19 65 65 89 92 81 35 42 78 25 66 39 80 54 84 81 80 0 32 34 77 68 46 39 58 7 10 62 7 
39 87 79 52 12 29 80 31 82 3 81 5 89 30 65 60 68 52 25 66 38 60 84 86 78 26 24 7 43 57 99 54 83 80 62 85 7 50 3 8 55 57 93 47 74 88 8 68 5 75 92 22 21 39 74 89 58 19 93 84 32 51 99 73 75 75 25 4 95 22 27 47 58 51 30 33 90 3 66 64 2 41 16 11 79 94 93 83 10 97 13 13 24 94 62 16 46 25 23 21 30 62 59 81 46 10 74 85 60 93 79 24 57 69 15 56 30 33 69 38 39 8 74 12 18 83 63 84 64 58 44 38 90 42 48 57 39 34 90 54 91 96 58 1 39 57 69 16 72 20 37 8 86 63 24 31 30 98 86 16 61 34 61 93 61 18 49 31 57 87 77 85 9 1 92 94 45 63 51 0 19 71 42 89 81 83 68 77 87 7 56 32 1 16 74 14 85 97 27 71 84 72 81 84 81 19 40 43 5 24 52 54 1 89 63 55 29 20 70 91 7 30 69 64 84 6 70 55 81 44 86 94 72 95 78 86 31 16 39 5 85 72 25 50 96 63 29 92 31 98 81 68 81 38 32 89 2 42 66 38 85 7 1 23 5 30 33 56 27 38 29 43 12 14 78 50 99 1 35 0 50 12 46 36 22 61 22 94 19 29 30 74 16 90 92 63 63 58 2 49 53 90 93 1 45 60 78 52 54 35 54 17 53 92 33 51 88 9 26 80 95 79 57 40 76 13 53 24 62 59 32 85 46 60 56 68 14 52 14 75 17 77 66 33 70 4 32 98 88 14 73 21 90 4 31 3 80 52 82 4 14 84 91 12 20 60 13 10 10 7 65 4 64 62 22 79 64 85 62 84 46 66 95 43 29 87 29 27 96 34 51 71 68 91 77 71 8 50 37 6 
57 77 4 18 19 48 18 64 31 75 25 85 35 68 67 78 34 81 19 40 37 76 9 8 98 34 4 33 90 13 39 9 79 14 27 21 54 73 56 79 63 81 22 2 45 11 5 5 31 10 56 95 65 10 11 43 82 42 84 30 63 50 4 57 32 9 85 49 57 66 41 20 88 85 4 30 45 8 99 12 6 66 21 7 61 92 54 12 30 47 82 55 73 17 27 93 4 91 86 99 65 74 92 99 30 1 83 25 24 91 78 35 81 77 54 53 53 30 38 35 84 48 21 95 82 22 41 10 15 24 0 94 96 99 31 41 81 14 97 8 17 44 81 54 10 43 81 3 18 15 74 5 83 83 50 66 65 93 54 6 85 8 16 86 19 27 22 9 65 48 36 90 7 38 18 26 11 63 25 59 82 64 47 62 34 90 5 81 81 45 13 31 98 11 17 56 19 31 34 20 3 27 84 15 96 67 41 55 35 78 60 49 18 41 48 56 75 14 17 11 40 11 75 9 39 9 72 79 26 39 83 92 17 78 82 52 99 37 43 51 66 96 23 59 87 34 74 85 9 3 3 56 97 79 3 75 90 9 48 59 26 63 16 31 92 67 61 32 48 81 24 76 20 93 69 75 60 83 33 56 8 69 42 44 92 89 66 45 68 92 63 93 45 71 30 49 17 28 11 79 54 50 91 65 77 84 15 45 24 48 4 54 72 36 99 0 81 37 75 43 18 74 93 8 33 46 56 68 6 30 9 17 51 14 24 35 17 55 0 71 85 40 39 74 69 55 66 75 32 67 83 42 22 7 43 24 49 97 3 94 13 16 25 59 82 96 81 76 88 24 21 91 62 24 35 28 99 87 58 50 1 46 14 88 90 79 1 58 73 48 18 7 84 96 55 84 39 71 55 63 
34 16 65 68 91 88 60 32 62 28 47 96 20 27 35 12 69 49 86 20 97 79 90 97 5 16 15 97 3 4 85 9 99 91 77 27 56 4 89 87 86 10 98 85 41 50 18 47 66 46 35 17 97 54 15 38 19 61 80 97 60 43 45 8 92 12 25 87 57 27 39 68 4 32 63 45 32 75 45 47 91 2 15 78 97 24 96 41 74 16 82 12 55 23 19 67 55 13 68 96 42 7 65 95 10 68 85 5 6 45 69 39 87 17 11 37 69 63 77 71 82 70 46 30 76 70 36 2 61 28 22 94 11 70 0 37 66 24 69 16 61 62 21 28 58 63 3 13 5 93 12 95 87 50 16 72 64 22 92 10 51 66 29 22 8 5 48 33 66 13 39 26 78 76 66 65 12 79 26 27 41 59 54 97 65 18 99 49 37 76 26 94 63 67 19 75 65 80 88 75 68 47 9 48 86 60 19 46 53 79 40 21 97 60 6 5 24 8 20 1 33 80 19 42 3 11 80 50 58 54 73 96 30 10 22 17 27 38 94 11 85 73 62 73 78 46 74 60 40 54 34 97 38 70 58 15 6 13 25 65 48 5 62 7 78 57 8 33 31 53 16 13 45 14 0 51 66 19 70 9 85 93 50 68 86 65 72 56 39 59 57 38 45 27 23 96 99 77 88 57 73 7 16 47 31 22 17 17 62 72 51 17 31 36 99 70 28 7 96 81 40 35 1 49 7 5 98 68 48 98 41 12 8 14 66 90 80 84 38 65 51 13 77 22 51 93 74 92 96 90 71 22 40 2 77 32 40 11 69 98 15 48 36 14 46 79 16 60 24 29 7 47 95 6 15 79 47 46 23 12 37 95 49 88 39 52 92 93 2 65 56 46 51 27 0 76 10 26 47 87 
64 54 95 77 12 35 78 13 21 12 49 77 17 22 53 66 69 84 11 92 63 10 92 12 8 71 82 36 36 99 58 51 26 89 94 1 61 99 81 2 75 79 16 88 47 58 48 53 58 0 57 51 13 11 13 13 38 19 25 33 80 93 15 34 44 2 25 87 22 91 49 96 11 71 46 11 23 77 37 28 38 34 11 24 19 48 62 4 21 80 94 92 10 94 26 38 45 3 96 69 22 19 45 62 91 48 12 73 89 37 69 75 69 95 8 22 69 25 59 58 78 98 45 7 78 36 8 7 56 30 38 73 39 11 10 41 85 73 85 31 38 19 27 62 11 27 77 90 95 30 30 54 51 25 89 29 52 76 53 59 39 97 8 22 64 83 56 19 52 47 87 31 44 55 8 34 25 9 38 95 81 39 41 84 89 9 31 38 49 58 88 32 17 18 21 1 5 2 2 64 92 74 70 55 32 65 43 78 69 91 98 1 27 11 64 20 4 5 66 79 99 41 54 33 50 10 14 84 86 26 8 50 64 58 71 7 74 20 9 62 32 59 58 0 13 95 48 79 77 6 11 87 83 43 26 55 62 60 15 82 11 25 43 99 30 43 90 21 95 13 22 31 7 2 41 81 3 95 80 20 46 72 9 95 34 66 61 97 73 30 11 60 5 64 83 10 17 8 78 95 97 88 69 8 12 80 28 91 9 95 57 15 25 67 93 93 94 63 15 3 39 10 10 16 34 54 76 96 18 34 48 85 34 45 83 61 5 89 58 43 60 71 83 49 20 91 19 71 93 78 91 33 48 97 13 73 51 65 45 43 87 9 3 9 40 36 99 3 37 92 60 3 98 82 97 81 5 15 2 13 73 70 61 20 84 27 44 83 61 83 54 21 49 53 0 81 69 29 30 25 
27 27 86 9 84 77 88 19 87 12 78 61 28 89 74 47 67 36 86 27 78 49 8 42 28 58 90 77 88 51 59 63 93 96 47 21 27 88 43 79 70 27 12 89 65 1 54 34 82 63 76 80 4 55 51 29 76 19 82 31 77 11 15 98 86 76 75 93 81 3 63 26 58 70 88 96 8 95 96 22 75 18 45 46 17 81 34 82 82 34 40 9 67 41 30 53 54 79 32 11 56 94 20 99 86 25 50 79 29 43 37 90 31 47 78 22 51 95 85 81 96 37 83 70 8 57 43 0 45 16 63 55 39 53 61 51 92 46 64 93 83 73 21 31 63 99 87 35 84 80 6 87 4 33 27 35 63 31 71 87 39 73 11 27 65 27 38 45 44 87 57 90 8 64 67 15 18 94 39 5 46 45 67 99 24 62 74 87 40 18 1 39 84 4 1 1 24 49 80 57 72 73 75 50 24 17 99 24 7 19 95 49 80 46 52 33 70 99 17 2 3 27 62 63 88 66 60 36 83 3 23 71 9 36 58 14 97 85 50 85 8 36 34 9 46 99 82 13 93 62 75 84 60 90 57 8 99 19 26 61 94 29 42 56 87 4 4 85 12 74 60 71 32 35 65 28 52 32 21 12 37 97 22 2 4 87 63 32 90 26 39 91 89 18 86 83 70 81 62 92 37 8 44 29 86 85 51 35 58 32 36 78 49 93 90 15 41 90 0 9 71 21 89 42 84 16 78 45 19 70 15 61 52 69 23 23 80 86 13 60 36 37 7 69 43 38 4 47 28 86 55 23 15 6 93 90 11 53 51 68 28 12 28 14 58 87 24 58 53 42 62 26 42 5 51 23 94 59 76 51 6 17 64 68 95 86 25 40 82 14 9 2 27 87 28 31 97 15 52 84 
77 60 3 85 80 13 28 59 14 18 77 2 25 13 64 18 17 73 49 55 61 71 31 99 38 7 65 22 67 25 14 32 92 85 60 82 39 24 2 2 43 81 68 44 59 87 71 93 19 43 21 64 93 79 1 25 55 24 43 25 78 41 63 7 34 66 52 24 85 60 12 58 89 49 68 78 90 74 36 51 4 79 20 85 36 84 49 94 0 89 95 40 92 75 55 63 40 49 84 16 71 19 6 13 93 62 22 67 24 64 56 70 39 35 46 4 67 48 72 93 31 96 9 93 84 58 89 27 8 90 55 52 66 62 5 95 25 28 93 35 40 63 99 2 62 29 28 33 47 24 81 59 3 67 96 42 77 40 38 43 43 79 22 58 16 97 5 75 58 90 74 71 73 32 8 9 36 54 18 42 46 12 58 3 68 35 93 70 13 27 13 64 10 74 96 90 55 88 73 41 97 65 13 86 37 51 31 69 29 37 55 65 22 4 23 17 14 31 59 54 15 40 35 53 39 40 14 58 97 51 53 21 40 70 13 60 63 88 61 33 5 12 72 34 14 7 41 2 25 93 79 69 87 58 99 18 95 41 72 8 4 89 63 24 93 58 39 94 63 31 62 34 60 9 92 35 41 86 16 36 21 91 60 83 49 11 6 84 43 81 85 43 23 23 25 1 86 88 10 54 65 83 37 14 26 2 28 90 9 89 91 49 82 2 67 25 5 81 64 46 10 64 98 64 46 65 3 52 21 19 3 2 81 74 35 96 95 29 51 78 1 20 18 9 24 38 24 85 7 5 24 48 23 97 74 30 85 75 38 50 29 82 53 58 3 82 39 77 95 34 22 72 85 31 91 95 31 47 74 85 87 39 74 47 44 29 38 97 96 1 9 49 5 10 17 41 8 39 78 3 
87 31 93 43 45 34 75 35 80 81 58 37 97 27 80 74 32 41 37 82 23 46 2 84 15 39 78 59 50 99 20 61 61 71 39 55 13 20 77 33 85 27 67 52 2 97 11 41 43 14 8 95 54 32 10 60 86 77 9 20 38 1 72 19 74 37 29 32 37 74 79 6 55 10 22 30 48 96 14 36 1 71 46 78 29 97 3 3 78 32 74 93 61 68 50 90 19 86 82 31 13 28 33 45 3 58 30 71 33 61 75 96 62 39 72 99 36 6 21 76 19 83 60 37 89 81 44 61 46 78 83 99 22 6 4 90 3 35 24 36 35 48 18 32 82 41 94 53 79 38 16 92 1 80 80 12 76 36 15 36 81 9 3 12 22 12 28 26 65 41 28 12 84 97 80 1 13 42 11 96 43 27 6 5 80 73 33 3 88 21 70 60 75 42 3 43 26 41 80 12 28 79 57 47 86 36 33 6 75 78 84 16 30 27 26 18 80 19 80 89 15 71 86 24 11 82 2 91 27 74 45 56 31 59 79 21 71 80 60 91 52 17 92 26 89 11 10 8 90 9 72 46 20 12 82 64 79 66 13 17 99 44 14 75 48 87 28 39 78 30 50 48 65 98 8 1 57 7 7 65 32 5 82 43 86 54 16 92 58 0 68 43 32 4 52 63 14 44 17 1 30 75 98 82 92 99 27 77 44 27 0 24 91 5 42 79 79 94 88 37 32 64 26 55 0 61 99 31 33 46 29 1 69 84 41 40 19 66 70 19 16 39 81 65 88 42 39 78 46 84 8 66 49 72 36 96 25 42 34 96 73 80 26 65 14 88 58 14 56 80 49 22 88 26 52 13 73 88 54 96 15 91 53 96 89 42 69 75 10 90 45 88 34 67 36 76 37 34 66 41 
21 29 63 38 52 29 87 71 64 51 22 14 66 9 81 86 64 60 22 59 42 6 25 50 52 68 4 15 90 53 56 4 88 32 72 15 87 40 66 51 44 6 4 43 91 44 88 72 54 84 19 12 23 10 78 66 23 9 74 20 9 98 98 95 71 51 26 34 87 39 46 82 92 35 51 88 34 29 42 38 67 6 99 91 4 38 11 37 48 22 37 98 79 77 93 55 45 80 62 66 27 90 22 30 58 20 72 15 56 44 53 13 16 24 34 51 85 17 9 38 53 45 49 42 30 14 59 31 53 48 47 76 63 44 32 82 21 82 98 86 27 24 40 0 39 4 17 4 82 25 59 22 35 12 24 14 11 56 84 19 37 27 67 27 71 7 17 59 25 9 54 57 72 63 61 51 45 84 96 26 91 60 62 23 91 1 92 33 23 69 28 91 4 84 66 75 39 37 31 3 82 28 52 47 96 31 81 27 75 66 78 90 29 7 54 83 79 86 81 47 76 3 61 32 58 97 49 4 72 11 98 97 68 37 63 32 21 25 39 67 99 63 28 91 22 2 82 26 25 83 40 1 67 63 26 5 71 40 8 27 88 60 18 66 91 30 16 88 17 61 84 91 55 18 1 57 15 36 30 50 87 10 8 30 41 77 73 15 15 62 26 87 60 2 29 85 59 80 94 84 34 7 67 28 14 81 10 45 4 55 60 69 23 54 18 34 57 52 94 48 91 47 12 16 37 7 46 2 12 91 10 82 10 82 85 85 43 2 91 2 30 53 5 71 56 70 58 10 90 90 87 35 1 47 29 47 53 65 23 81 91 71 95 9 59 96 73 14 44 6 3 41 83 83 40 90 74 51 39 45 66 73 57 17 46 54 66 71 58 85 89 63 62 31 6 82 83 75 72 80 
84 81 30 32 41 13 47 40 28 29 30 55 92 38 51 80 59 91 38 8 82 66 79 63 34 21 27 19 61 68 34 58 63 91 82 45 90 67 82 76 76 36 90 20 24 9 54 87 70 23 46 7 43 23 1 81 40 55 93 59 25 7 82 0 77 64 88 7 4 20 74 3 1 39 72 81 66 98 97 82 13 82 18 75 67 91 41 22 14 90 37 75 19 79 12 38 90 3 75 11 2 69 27 99 19 80 16 37 6 0 46 54 82 72 73 52 0 27 89 41 26 50 74 98 7 26 66 85 66 45 52 72 56 31 20 91 50 1 53 53 80 65 9 98 7 29 51 71 5 8 41 34 38 26 53 56 65 38 21 24 65 30 26 6 81 71 69 48 7 11 7 52 72 63 3 94 14 28 21 23 22 59 38 10 52 51 37 37 53 96 96 92 15 34 23 86 15 48 4 84 4 61 23 22 18 51 52 94 33 50 3 0 79 31 59 56 63 26 87 58 79 0 53 95 77 5 95 14 73 37 86 26 54 69 73 7 66 37 19 35 19 43 13 82 16 26 58 4 35 85 87 30 36 2 92 27 73 58 88 57 55 97 26 10 6 89 48 52 17 16 9 93 0 23 53 18 57 66 60 98 96 0 72 26 94 73 54 52 28 15 95 72 42 77 2 21 2 47 37 92 49 38 33 22 64 46 22 11 6 57 35 59 6 49 42 12 10 74 23 80 99 62 46 13 96 45 38 50 51 69 80 27 27 5 12 92 67 35 2 66 19 28 91 86 93 79 18 54 89 82 86 5 8 60 85 63 30 57 27 5 66 20 43 50 64 6 38 82 97 52 38 42 1 58 76 24 81 69 44 40 49 62 76 27 9 4 20 98 40 53 41 67 86 31 17 80 18 81 10 48 
42 59 29 63 2 17 80 28 94 40 55 88 28 33 28 56 89 60 10 23 35 24 55 99 18 44 16 69 35 25 4 59 54 25 99 17 91 91 2 66 24 80 44 80 77 98 87 54 99 30 43 37 41 19 86 73 36 61 45 94 42 20 69 62 53 17 66 85 53 54 44 50 91 12 95 91 27 16 40 21 25 51 28 36 67 7 93 74 11 95 31 26 11 0 93 82 88 13 31 6 86 31 19 69 84 2 15 22 96 64 44 71 82 99 1 41 38 5 9 65 79 58 27 33 65 18 39 53 41 51 61 84 72 69 78 26 89 44 68 40 15 74 67 62 54 18 85 3 25 20 37 86 12 66 12 12 46 82 44 25 62 81 74 20 41 3 13 1 27 7 11 69 32 94 16 33 89 88 97 2 83 79 26 21 78 38 51 49 41 20 51 58 65 49 46 36 75 84 62 83 47 63 88 98 75 96 40 97 99 28 8 11 18 93 28 71 77 64 35 67 54 43 13 86 96 75 14 23 69 17 95 11 36 84 2 41 56 67 58 80 64 91 83 65 49 63 6 7 9 2 13 7 37 52 22 95 33 17 2 94 31 31 28 97 5 82 82 77 3 88 67 20 96 1 41 60 44 41 93 18 6 13 25 15 26 68 77 9 90 97 93 95 89 67 82 34 40 68 11 75 92 51 70 69 39 86 27 21 87 63 0 66 32 65 34 90 73 29 51 66 74 45 28 65 87 60 88 25 52 95 30 37 47 8 12 18 70 74 45 34 46 24 8 97 19 57 25 64 75 59 91 52 29 91 2 69 13 60 16 86 89 47 7 90 45 95 8 7 27 64 50 14 69 2 8 31 28 95 77 30 50 8 86 26 94 72 4 38 75 73 7 9 62 16 97 58 72 99 19 20 
88 62 63 2 20 59 65 99 21 53 59 7 59 38 31 29 11 23 14 92 97 57 15 35 49 94 12 58 69 30 9 18 91 6 87 4 47 48 51 13 24 8 62 44 19 70 27 76 19 54 63 83 47 89 32 11 93 8 25 69 25 82 17 8 42 37 55 83 46 41 9 93 95 76 3 83 56 41 53 31 90 7 15 92 49 32 90 98 2 59 96 99 74 72 92 74 43 2 22 67 61 93 27 7 96 4 54 30 16 76 90 34 61 31 20 26 4 40 27 3 85 16 12 49 70 31 85 13 68 83 33 77 53 50 31 0 14 50 14 84 57 86 98 38 66 42 15 85 62 47 26 42 12 48 82 82 80 85 25 32 15 30 91 64 96 74 22 96 72 0 3 6 25 37 8 38 42 60 71 70 24 79 5 11 92 34 6 58 87 72 16 51 54 0 57 4 52 50 75 93 60 51 2 51 75 79 25 43 21 8 37 36 75 77 28 51 29 17 7 62 93 22 65 98 52 85 15 70 91 14 4 5 65 63 11 3 83 14 96 39 40 80 64 71 45 72 97 45 60 12 33 77 9 44 56 86 41 45 72 97 39 22 33 91 7 4 26 75 69 3 74 24 25 70 54 24 48 47 53 25 51 68 57 75 35 77 46 98 85 44 61 13 98 49 91 52 2 9 93 38 73 53 86 74 46 79 99 70 47 5 83 64 8 41 75 64 83 72 67 35 48 49 37 75 26 60 81 35 70 84 59 96 83 62 1 43 61 75 20 13 22 67 40 81 93 55 38 9 81 68 22 4 26 65 49 2 90 4 17 64 27 71 18 77 99 80 95 61 36 65 25 54 64 78 59 8 44 37 59 69 73 95 60 61 47 32 65 6 42 14 80 43 21 15 94 6 41 44 83 75 
30 23 45 52 87 63 10 54 56 17 5 33 51 63 64 38 72 26 80 64 18 49 1 53 68 32 1 70 77 42 21 38 2 27 37 63 14 41 73 38 92 61 33 51 59 36 63 80 27 63 46 42 66 48 73 21 13 73 8 82 23 18 75 17 14 26 16 35 53 78 69 60 50 6 95 34 54 72 25 42 37 22 40 75 54 6 75 51 70 60 10 48 43 0 14 88 89 4 19 17 60 96 90 28 93 92 26 23 74 74 57 56 59 60 62 84 94 4 85 24 49 83 56 10 54 3 53 44 83 17 74 80 43 37 39 99 13 94 26 84 8 65 7 71 83 97 99 27 50 46 59 3 60 3 93 96 50 96 74 16 52 20 68 25 55 62 57 4 70 26 17 12 97 26 32 74 31 25 36 51 70 84 26 24 13 52 83 0 45 3 5 52 20 42 41 82 66 50 91 56 56 2 8 67 23 89 64 33 57 76 76 32 47 26 22 72 82 30 18 12 65 96 47 40 3 80 98 41 29 3 2 10 63 75 2 66 92 38 39 29 15 46 48 75 91 31 22 74 9 72 79 12 56 3 76 17 25 67 59 22 13 43 50 98 80 1 24 56 86 44 99 17 24 70 72 15 95 16 79 70 65 87 38 78 41 7 3 62 35 74 75 4 0 8 74 0 29 36 93 77 75 65 35 69 99 21 91 44 68 46 16 13 89 19 54 84 95 41 52 67 83 40 83 31 92 91 18 41 99 43 15 1 38 11 1 98 26 7 5 87 0 38 66 30 87 12 16 29 44 94 21 69 54 8 47 3 35 7 36 88 43 88 54 93 43 47 33 95 88 72 76 59 97 71 68 61 26 50 99 42 27 3 12 15 29 91 54 88 27 55 85 53 79 69 99 44 34 57 36 64 
65 63 81 40 82 0 35 94 74 53 4 14 96 31 69 97 54 5 12 11 82 54 36 97 93 91 30 75 43 76 62 21 37 98 63 71 58 72 87 58 35 8 54 61 23 25 77 20 79 70 58 60 94 9 58 19 35 29 50 69 14 62 94 23 84 99 16 19 11 20 87 60 73 8 34 63 96 16 27 31 78 6 52 49 42 49 2 35 55 93 52 34 7 25 33 77 50 87 96 80 44 96 0 57 21 17 48 29 47 93 88 26 33 72 73 92 50 15 90 70 0 97 87 78 98 94 78 32 48 58 80 14 9 72 5 44 77 31 59 94 96 60 64 74 51 97 30 24 30 42 50 95 17 23 64 34 47 85 74 14 84 40 36 6 70 39 83 97 70 17 88 91 8 45 70 94 76 13 86 82 38 81 87 26 20 93 15 61 94 33 73 97 67 0 91 71 11 43 25 4 96 85 10 75 33 23 95 46 15 88 62 93 14 35 77 20 20 59 63 52 64 96 98 97 74 75 93 18 96 82 28 98 84 37 30 2 32 32 98 35 42 58 37 45 46 97 39 51 29 19 88 21 59 80 50 40 43 69 52 50 5 73 64 22 60 54 39 52 90 86 84 47 96 66 80 90 74 79 30 2 23 31 28 82 37 82 32 4 12 94 29 99 34 88 12 32 50 48 86 70 97 58 29 76 50 22 83 9 19 77 49 98 42 65 44 43 64 82 60 5 51 94 15 25 96 50 24 61 13 39 79 27 35 40 48 98 38 72 97 9 15 74 5 81 30 87 23 38 62 84 56 37 66 85 88 17 49 37 62 20 4 78 13 87 62 75 1 64 65 33 31 58 79 43 10 34 91 34 70 65 65 7 78 78 24 50 16 58 70 79 23 33 81 22 44 46 56 65 53 70 
31 61 80 53 48 73 83 17 34 17 24 16 23 93 62 11 92 46 28 24 84 25 86 0 99 0 86 61 72 56 76 56 4 75 69 21 36 74 88 7 93 14 7 9 35 68 85 1 72 65 40 24 97 47 28 2 78 37 72 80 86 21 81 11 85 72 9 46 9 74 95 87 5 39 31 58 49 81 31 23 63 99 95 89 35 1 44 94 69 4 65 49 17 84 25 66 4 13 5 45 13 59 77 53 43 9 38 42 29 32 23 97 29 47 90 83 33 62 92 81 62 36 79 42 75 89 32 61 59 64 17 25 46 31 21 82 5 12 21 30 55 40 57 88 66 11 16 63 46 27 12 74 5 36 22 26 11 63 73 85 80 25 28 94 19 12 80 57 25 72 2 53 55 47 75 38 38 93 18 80 80 45 82 33 80 81 95 98 29 60 88 37 29 6 83 81 60 44 57 42 70 17 25 7 5 11 18 37 73 34 67 14 50 49 51 26 4 51 86 48 14 14 94 93 1 14 45 48 13 55 54 50 71 42 90 12 33 13 45 17 32 78 60 73 92 98 14 70 25 26 74 99 64 82 15 10 87 24 7 86 34 95 51 64 26 48 87 53 79 85 78 89 5 4 45 26 22 67 36 56 55 26 63 92 32 72 46 51 81 89 12 8 67 67 69 16 30 39 35 5 3 79 85 73 53 30 1 72 40 47 92 89 75 2 15 9 82 47 60 64 42 57 69 28 0 22 68 19 79 87 72 44 78 66 11 37 1 6 25 36 26 23 28 83 95 83 80 49 63 57 36 69 26 83 69 17 73 37 15 91 33 68 95 71 22 7 36 94 3 57 76 5 44 95 32 68 93 93 34 44 1 36 59 35 53 93 1 80 42 40 19 67 52 93 91 13 45 15 15 67 
81 43 35 27 7 51 1 16 75 32 78 91 14 73 88 41 15 13 73 75 7 79 63 24 28 47 72 94 29 51 81 88 57 24 5 46 9 99 3 73 87 0 99 73 24 8 92 44 64 72 52 96 25 85 36 84 53 14 40 35 80 70 69 74 85 31 51 35 27 30 49 5 99 32 14 10 13 4 11 79 52 74 63 95 94 47 70 82 15 50 89 47 80 75 24 80 16 70 24 57 22 61 56 15 53 38 27 11 35 75 60 58 32 19 53 50 99 74 68 62 38 79 99 6 31 89 65 42 33 43 2 76 32 25 15 24 20 92 65 47 36 55 28 41 86 15 95 7 41 56 6 49 11 97 15 49 48 25 85 40 90 91 50 81 51 39 59 91 36 7 49 22 3 65 10 65 99 37 52 66 66 73 42 10 16 99 65 39 95 47 84 35 66 94 30 55 17 46 59 60 73 34 22 28 44 13 79 41 52 66 9 25 72 27 29 25 11 90 72 36 20 71 69 62 77 63 22 10 52 37 28 48 31 91 85 90 47 91 10 65 59 18 14 46 6 36 6 19 10 38 48 60 19 33 21 2 35 20 97 87 95 59 90 17 78 68 30 59 80 46 56 6 34 77 30 49 64 6 42 95 31 19 30 96 4 92 27 50 56 15 88 21 29 77 68 45 14 90 68 48 99 11 41 47 87 66 86 16 21 63 24 65 24 8 46 51 35 21 52 42 48 73 15 8 92 43 67 52 3 85 75 32 72 75 32 12 32 11 29 57 71 83 70 58 71 87 80 66 88 20 63 94 24 22 21 40 35 97 94 33 13 53 80 79 15 40 70 10 44 6 99 11 25 36 76 9 19 38 39 40 55 37 73 35 58 89 42 2 58 62 34 0 5 62 3 21 28 34 34 55 
31 16 30 47 39 37 47 66 80 14 23 33 12 40 97 68 27 44 3 77 9 52 42 73 73 47 55 83 60 71 45 10 69 9 72 23 53 25 95 90 34 39 21 69 80 52 96 13 72 21 56 6 52 97 83 85 14 53 5 84 9 13 66 12 98 57 5 66 23 25 67 52 89 72 81 33 65 83 34 63 63 93 72 60 35 14 29 11 89 56 13 40 88 82 98 47 90 67 98 25 54 81 24 68 57 43 6 4 88 59 50 25 42 36 52 71 87 43 59 75 88 4 57 28 26 80 20 10 49 49 79 46 32 57 65 66 14 82 25 54 54 29 25 51 11 30 47 31 86 39 89 78 5 13 48 19 34 67 13 42 47 17 95 36 94 36 63 19 32 26 57 20 46 96 78 70 8 54 38 29 25 48 84 95 95 38 16 45 71 21 37 93 20 88 23 99 25 91 66 42 51 47 43 33 99 14 74 57 68 30 29 16 49 32 76 18 81 1 82 35 15 72 23 61 68 49 26 64 23 11 25 99 79 53 18 49 99 89 44 96 90 76 79 68 80 8 73 48 53 96 25 76 89 6 76 90 27 90 61 90 74 6 72 31 53 55 39 88 77 51 1 52 12 53 4 58 60 48 21 63 98 20 14 20 32 93 75 95 30 37 7 97 40 72 41 21 7 2 54 99 13 78 93 0 29 20 82 21 11 72 47 22 0 4 8 12 70 22 41 44 39 19 1 34 39 59 73 34 14 11 2 26 38 38 43 28 41 11 42 85 39 91 45 58 47 86 92 58 74 4 69 9 88 36 3 8 29 69 23 76 7 36 43 3 34 53 84 32 12 56 75 75 99 34 19 53 55 36 73 61 28 5 60 15 39 56 64 59 60 60 76 33 53 33 67 64 60 61 87 89 
2 97 27 6 59 18 47 66 8 99 52 14 72 71 22 25 54 19 92 20 23 38 35 36 51 0 15 36 29 56 97 22 43 4 2 62 38 8 14 65 86 19 49 79 22 7 38 83 28 0 57 81 30 67 70 30 67 95 58 7 63 16 1 96 92 22 29 47 38 31 46 67 74 44 43 39 47 69 64 9 20 77 44 37 5 29 25 98 64 55 50 62 75 42 60 53 11 30 92 34 42 94 75 95 82 26 7 42 29 65 66 72 56 32 4 65 56 59 57 8 5 16 43 44 53 85 42 19 89 78 34 86 82 56 77 90 23 52 0 97 33 27 13 83 27 13 71 15 7 44 58 1 52 50 10 26 6 87 86 58 87 20 19 28 6 34 63 98 10 16 75 7 7 34 20 31 25 14 9 90 30 25 95 68 32 1 79 74 20 70 76 16 91 77 9 15 11 28 89 81 17 76 71 73 48 55 68 83 70 54 71 26 13 98 45 5 5 80 73 54 68 47 1 83 59 77 13 27 75 94 84 79 90 96 25 17 2 14 88 83 18 96 65 20 93 11 23 92 63 37 37 22 3 82 25 27 77 80 74 76 27 72 52 6 67 78 93 97 95 51 78 91 89 37 26 95 88 95 18 18 31 90 70 28 60 63 19 26 99 85 18 67 12 21 68 24 58 93 86 28 6 94 47 76 35 77 10 4 35 7 62 50 99 60 69 22 90 57 92 74 12 61 65 99 52 91 17 41 34 12 44 87 58 90 74 81 77 52 67 25 51 52 58 33 20 74 81 44 95 58 0 38 63 81 60 32 60 12 90 7 67 80 64 81 29 8 51 35 29 69 35 36 66 24 50 57 18 26 47 28 22 76 66 67 38 51 35 23 57 72 52 84 28 9 62 42 74 69 8 36 
76 38 42 73 66 35 60 24 46 14 67 76 70 8 22 16 88 15 49 23 18 45 42 79 87 83 86 35 65 78 78 70 99 37 77 66 77 87 45 14 54 39 60 11 53 70 45 25 57 23 19 44 94 58 73 81 11 53 30 79 26 98 76 61 12 51 83 9 49 30 72 17 64 5 74 22 2 1 15 75 61 57 48 59 95 86 1 48 4 76 57 62 25 40 84 11 97 64 62 57 9 6 82 71 90 52 79 24 25 23 87 92 80 7 1 71 36 66 85 27 63 45 81 96 82 71 62 6 29 31 71 59 69 5 26 24 50 92 32 61 86 46 90 46 90 27 65 8 89 14 26 35 54 86 6 22 33 12 75 70 55 14 28 58 53 39 54 30 91 4 56 37 26 99 59 89 36 77 17 30 2 38 35 70 74 99 98 43 62 67 31 41 17 3 5 26 73 42 66 99 92 37 89 53 71 66 7 80 28 91 29 22 11 93 61 43 55 86 74 56 1 32 77 37 26 99 34 64 85 65 63 74 3 47 31 4 94 82 18 23 39 32 56 31 96 93 27 6 26 17 81 19 67 82 34 85 54 70 33 66 61 11 25 52 67 22 71 46 87 69 47 38 46 35 83 2 89 36 98 60 13 2 52 54 90 19 97 26 9 20 17 90 93 73 67 4 28 54 57 96 87 69 62 18 19 77 17 1 38 39 78 48 77 83 14 41 15 25 3 75 63 56 52 20 85 95 82 78 30 6 92 33 48 11 37 38 0 30 55 99 71 6 14 58 11 9 49 90 75 9 60 96 88 55 66 67 89 41 69 2 13 43 73 65 76 11 49 14 23 74 52 85 32 28 90 59 74 95 97 7 76 59 19 29 88 33 45 7 42 62 1 49 53 69 83 61 53 69 89 11 
94 24 89 81 50 51 67 26 53 63 23 24 16 23 4 59 99 6 58 8 62 27 26 2 91 88 99 16 17 73 15 68 48 33 66 6 99 69 13 83 42 3 15 35 2 96 48 17 21 26 8 35 82 29 31 26 29 8 20 90 83 62 31 5 17 90 78 68 73 67 67 67 60 8 84 62 25 63 23 75 91 85 80 79 87 10 76 23 8 8 39 68 51 1 78 18 4 16 41 8 10 81 82 21 95 42 99 56 59 28 8 90 39 6 57 92 7 98 99 15 97 2 36 33 0 2 7 84 7 10 0 93 68 67 10 69 99 69 55 62 27 15 56 57 98 22 73 91 56 79 41 66 98 8 82 93 64 97 76 90 57 67 83 19 85 36 82 47 92 60 1 87 33 36 63 53 33 97 56 19 65 19 21 46 81 79 74 84 54 9 14 33 18 54 81 75 15 49 34 4 90 53 12 99 33 50 96 64 38 67 59 44 78 12 28 77 44 7 31 75 66 44 27 56 86 76 75 47 61 23 47 95 45 58 21 26 27 79 95 56 11 4 22 34 54 96 61 91 21 51 98 57 8 92 95 15 58 41 69 82 75 60 69 93 37 20 48 29 35 89 13 40 79 83 44 50 7 99 90 94 42 77 42 87 77 70 38 6 56 57 22 53 25 80 95 44 14 19 8 59 25 37 38 37 2 17 18 47 28 75 63 76 73 83 88 48 11 10 47 10 77 40 86 98 27 29 90 74 25 42 38 29 46 99 1 14 71 86 87 42 89 55 1 0 77 6 51 16 3 96 58 14 77 69 38 80 81 97 62 55 80 43 97 82 96 70 7 15 12 10 92 46 82 94 28 11 46 18 72 31 25 67 80 86 17 2 46 60 67 69 90 2 24 80 6 22 56 0 67 29 
48 41 93 99 79 33 15 28 44 62 47 30 34 16 61 3 15 57 97 88 49 77 30 43 2 14 4 13 91 91 2 90 67 70 9 1 69 36 35 19 63 20 63 72 32 88 24 24 65 95 8 51 7 45 11 14 20 41 28 16 11 96 35 13 93 27 84 85 54 47 71 28 95 70 1 17 41 49 98 13 49 11 82 54 2 45 69 35 56 96 98 50 78 59 3 19 78 6 83 38 87 1 80 44 64 1 92 82 63 15 22 87 25 39 16 39 76 36 47 99 17 17 29 67 2 39 46 10 43 76 34 80 37 19 26 2 26 65 65 14 16 92 73 69 76 45 30 37 90 36 30 14 6 42 25 43 77 54 79 33 70 72 48 60 86 10 12 79 6 90 3 89 99 70 70 59 54 2 99 76 85 7 41 94 65 16 84 19 42 2 91 80 12 36 66 17 36 96 82 33 22 67 47 76 95 94 6 42 74 18 92 13 19 5 13 73 29 51 55 27 89 36 77 88 17 42 84 23 33 93 25 98 95 65 93 37 70 60 13 4 54 5 0 31 98 36 17 22 2 63 85 61 90 0 10 36 70 72 21 75 75 67 65 54 46 17 32 3 71 88 66 88 41 75 71 10 77 27 2 94 52 39 4 15 32 86 97 52 81 40 89 0 76 4 69 59 89 24 9 91 26 78 13 39 15 47 79 55 59 89 88 52 47 1 40 36 21 5 27 5 32 30 21 18 98 10 78 83 46 97 59 19 47 89 8 83 56 74 86 68 66 55 2 72 87 7 6 73 8 95 56 10 2 36 77 46 84 43 40 74 64 79 11 94 62 30 80 59 77 80 80 16 65 77 45 74 4 86 42 0 98 38 51 63 34 44 72 95 94 15 78 54 22 49 48 25 47 29 68 15 
52 93 38 84 8 95 60 55 95 70 11 20 37 43 84 33 6 88 47 1 4 60 52 97 38 24 47 42 95 38 46 48 58 9 64 98 27 32 64 90 58 26 65 62 62 33 5 39 93 62 97 0 38 29 35 50 23 24 71 43 44 93 98 93 71 27 81 33 38 2 80 3 86 28 18 52 85 58 31 73 3 35 47 53 4 25 35 42 89 73 45 48 19 45 85 3 32 17 41 70 73 67 5 91 44 82 36 45 7 12 29 75 76 78 5 83 90 41 39 40 48 63 49 76 25 76 71 72 79 85 50 75 12 80 79 65 90 33 79 21 38 17 65 98 52 33 42 75 0 21 4 96 40 21 54 39 84 76 27 74 86 40 5 50 51 77 45 13 18 61 28 25 44 43 15 1 67 42 82 8 55 29 61 38 9 17 53 77 98 62 70 93 55 93 97 87 67 17 23 36 50 49 58 92 99 82 32 61 61 22 78 22 25 48 87 39 63 49 33 26 53 33 51 91 92 62 36 73 22 78 42 45 12 87 34 58 65 80 72 29 34 53 38 53 59 83 26 14 42 57 3 83 51 15 67 78 96 97 58 60 89 22 34 96 27 29 76 48 84 99 66 33 22 91 57 34 94 59 33 60 50 83 31 40 75 46 85 37 71 87 24 24 97 66 6 58 82 36 63 53 82 25 55 49 94 91 60 20 44 50 36 83 60 6 71 15 24 20 82 1 48 56 86 6 16 14 43 42 99 4 64 21 30 28 82 98 80 47 59 31 75 20 4 69 74 37 42 58 80 19 74 77 61 0 15 5 40 54 65 72 97 33 6 0 20 65 4 75 13 21 89 52 1 19 81 14 62 65 78 76 6 7 52 85 9 15 48 17 36 97 3 84 28 91 6 95 56 47 80 24 
58 46 46 21 84 49 50 93 58 74 12 42 50 42 13 25 52 36 4 98 27 72 93 27 8 85 72 41 90 4 47 34 78 90 15 81 71 0 0 89 64 24 95 87 4 94 96 38 90 32 64 69 51 96 48 56 57 56 3 35 94 18 76 68 0 60 36 93 22 14 99 37 10 6 72 71 80 57 14 47 16 79 31 42 91 35 84 76 88 84 19 68 52 26 21 2 54 30 44 55 45 19 50 10 98 86 10 50 6 77 18 17 56 53 2 91 83 13 96 2 15 17 69 92 32 52 3 61 99 46 60 86 36 33 65 30 55 62 66 41 55 55 37 91 71 34 61 86 75 72 81 26 19 6 89 87 82 4 52 76 58 89 99 71 99 55 65 60 45 39 60 87 85 6 70 93 85 37 83 90 35 38 15 84 12 41 74 30 3 78 8 59 61 43 98 21 26 72 46 45 96 21 27 97 69 40 95 55 91 83 69 32 75 28 76 61 39 76 41 56 41 21 14 98 27 64 52 76 89 29 39 40 3 19 31 1 96 47 57 58 43 61 42 94 27 10 23 16 10 8 34 65 62 38 91 62 80 75 82 4 44 18 21 77 93 79 29 65 4 40 82 89 31 96 83 30 36 36 14 89 35 1 83 18 40 17 99 62 76 37 96 2 91 87 7 33 23 15 97 45 47 83 66 84 41 19 63 80 64 50 54 29 21 55 15 66 73 30 37 91 67 47 61 25 87 3 22 98 18 80 38 27 91 60 44 56 27 61 79 51 20 43 18 63 75 73 8 61 3 9 45 47 6 39 2 93 98 19 94 6 2 98 45 89 58 10 65 95 76 89 51 7 33 97 59 99 71 96 35 80 24 97 9 81 79 81 66 55 73 12 62 69 63 57 2 42 79 59 77 72 
4 76 54 44 41 78 0 21 80 68 23 62 43 0 46 14 35 83 26 18 81 72 70 10 22 20 80 55 69 81 75 64 94 30 88 19 70 38 74 26 38 33 93 7 83 36 23 84 59 19 45 50 68 79 71 65 33 53 79 59 62 41 91 1 64 95 14 79 26 19 52 53 17 43 88 44 18 77 73 6 97 2 76 20 0 67 57 46 49 54 20 78 5 91 66 50 93 86 80 40 31 80 83 55 85 82 41 95 35 21 11 4 30 16 63 51 56 22 63 78 87 96 51 37 58 66 48 60 97 53 57 6 88 0 51 95 42 73 43 15 38 11 87 51 75 45 73 31 64 50 62 64 97 86 39 46 69 24 24 90 20 18 10 82 84 44 19 81 88 41 43 13 15 82 57 94 7 45 67 77 67 77 2 16 97 2 81 88 30 7 59 12 7 2 59 96 21 32 56 1 55 50 81 99 98 87 58 93 37 7 92 0 95 79 6 62 34 54 24 96 85 12 20 42 36 69 15 38 18 68 69 52 7 96 52 8 8 98 94 20 43 60 57 36 87 58 2 39 88 64 13 8 58 55 20 41 16 79 46 30 7 79 43 77 76 83 77 72 75 75 80 60 68 36 89 21 3 65 27 63 6 14 80 15 26 71 75 80 55 99 45 51 36 75 33 65 23 46 67 48 16 97 37 5 52 3 45 16 15 35 93 56 66 60 80 41 75 50 76 43 62 66 64 77 5 22 72 78 42 94 91 23 28 62 92 29 67 33 36 44 79 97 15 28 79 32 25 39 78 66 55 59 7 52 6 13 26 37 95 62 63 7 72 13 57 56 50 82 89 98 99 58 0 59 22 58 21 57 56 52 60 48 22 67 32 33 72 90 96 24 52 41 40 29 95 95 32 84 87 95 
86 9 58 0 64 21 9 11 68 34 1 88 19 80 18 87 39 89 82 37 25 6 92 77 35 12 0 72 66 70 86 73 98 15 32 80 8 98 85 21 29 64 75 84 77 26 2 80 66 68 14 4 6 97 9 20 38 43 50 44 18 26 3 34 93 64 94 2 17 27 98 10 74 87 59 67 1 78 31 21 48 53 7 46 52 91 39 89 71 11 1 40 95 83 39 44 71 12 43 93 57 1 99 38 76 10 49 65 74 7 44 94 53 69 19 4 85 73 21 21 89 13 30 47 59 26 34 43 37 78 0 13 78 94 84 12 75 47 4 63 98 74 83 0 13 72 35 52 79 79 72 27 80 7 9 49 81 91 63 49 53 60 12 82 78 70 90 84 40 76 72 8 84 95 28 9 27 58 30 88 24 33 80 31 96 61 62 59 17 70 51 96 53 84 48 80 39 79 93 82 5 50 58 44 32 70 40 80 29 22 69 79 26 42 76 70 89 45 7 16 39 7 89 92 99 83 72 20 55 23 8 15 8 89 26 7 86 18 15 42 14 34 7 78 72 3 28 22 11 65 19 56 35 29 46 23 57 61 31 70 8 60 28 70 47 85 59 98 42 13 92 37 47 64 25 39 98 1 49 13 78 62 96 7 73 22 98 55 21 21 69 64 89 96 85 43 56 98 70 76 44 81 84 20 18 85 26 41 55 2 59 15 38 48 94 94 5 20 28 68 85 41 20 28 10 27 14 79 66 23 94 30 84 35 43 59 92 41 7 93 13 94 13 7 39 39 59 4 67 16 25 12 76 63 37 85 27 3 63 60 72 61 20 42 6 75 95 95 25 11 52 62 87 23 48 81 30 87 28 50 39 82 20 57 53 4 3 52 52 91 53 89 8 16 0 27 99 53 11 87 
46 13 68 48 77 79 36 77 53 11 64 6 90 49 50 46 74 16 56 40 5 14 76 7 33 60 5 86 37 40 29 32 9 65 91 75 63 79 23 8 21 4 48 46 98 67 94 36 30 50 56 89 58 45 35 36 75 37 99 89 41 98 66 76 39 24 43 32 10 91 32 37 79 94 59 98 60 2 73 94 9 68 24 67 35 12 71 43 26 90 4 67 84 69 77 77 57 50 6 66 96 3 25 68 33 77 95 24 89 43 78 32 31 60 36 71 73 31 99 5 46 4 61 40 16 86 94 3 18 3 84 22 82 55 39 18 61 21 12 78 79 34 10 74 20 59 91 56 22 33 44 44 27 31 45 97 43 32 87 64 41 82 74 2 81 74 49 82 34 29 59 76 8 66 77 89 93 97 14 42 51 7 2 95 90 91 9 49 16 49 2 54 12 25 27 8 15 74 40 32 28 75 40 28 67 57 94 56 36 46 52 78 45 94 76 35 25 44 8 72 98 23 87 40 82 66 88 36 61 89 3 21 78 69 18 8 63 5 50 68 98 78 46 3 2 52 46 22 85 18 12 2 75 35 71 71 35 50 25 4 44 3 3 43 90 56 10 15 22 31 40 59 64 68 91 89 72 61 29 91 27 76 89 4 78 81 22 38 18 53 61 66 35 26 47 73 99 87 95 46 83 11 37 11 80 97 40 33 17 55 21 22 65 87 92 37 87 45 43 77 49 22 45 2 57 49 80 96 9 48 6 56 66 37 48 52 96 81 5 62 19 20 53 72 88 55 69 90 98 31 18 4 39 11 84 82 80 51 58 42 52 61 66 97 43 56 94 16 90 72 53 96 5 62 34 44 13 20 87 42 23 94 69 12 69 70 7 76 59 65 72 54 96 83 61 49 66 2 67 21 
76 58 76 20 19 39 12 86 87 93 75 5 22 11 89 72 49 92 69 15 26 11 27 84 5 46 24 53 71 93 98 27 96 98 24 41 89 63 6 23 25 56 84 51 71 46 85 1 56 69 47 56 69 25 30 97 12 14 57 44 74 2 27 36 96 21 34 99 22 68 48 57 9 55 55 81 30 47 31 58 34 64 77 18 51 34 98 36 79 87 44 87 76 56 4 34 83 59 41 62 45 37 75 75 18 47 20 54 40 18 11 15 92 79 50 49 91 16 54 22 35 36 96 72 91 1 14 16 65 12 63 91 95 41 31 98 64 52 70 95 55 46 86 56 68 48 51 25 18 69 31 53 9 38 82 90 52 67 88 19 82 84 12 9 29 73 31 0 91 97 85 18 16 9 20 78 71 12 19 83 13 10 64 7 59 37 61 86 4 76 60 62 74 18 25 1 51 77 36 96 75 12 35 73 76 33 84 52 6 79 19 22 4 11 34 40 47 45 82 38 9 30 74 41 13 56 62 45 17 17 45 83 24 95 81 0 73 67 95 30 44 61 38 35 71 95 61 50 63 14 53 49 13 21 79 28 67 80 38 83 27 8 31 32 14 15 10 65 25 79 4 9 52 73 57 76 7 8 36 83 97 31 69 87 6 95 35 44 8 39 93 51 34 91 74 91 17 44 63 34 67 24 40 95 36 69 12 63 86 44 28 63 40 86 55 12 2 83 5 16 36 52 97 11 4 55 61 92 74 58 43 98 82 43 6 43 95 35 62 40 70 88 12 56 80 37 86 45 56 68 61 88 20 13 0 57 55 10 88 8 19 32 4 42 4 97 43 46 29 64 91 45 97 44 1 8 68 49 98 74 76 87 53 13 90 76 50 9 49 16 56 90 93 84 94 49 12 0 3 50 
37 16 40 80 57 68 87 78 94 22 21 5 18 32 63 54 48 42 52 45 36 27 9 66 29 64 23 95 6 84 73 74 85 22 77 73 88 35 65 35 9 23 37 16 18 46 55 19 88 75 65 11 79 77 98 81 29 25 80 49 30 71 22 15 5 84 90 82 80 42 71 89 97 93 86 74 99 27 62 65 76 43 7 79 22 56 12 18 27 58 23 77 12 67 85 52 55 4 25 25 0 6 86 35 75 41 69 8 64 89 27 23 6 54 87 11 24 6 83 9 89 25 60 74 32 66 75 69 32 91 53 81 0 93 26 42 57 45 6 8 62 69 67 69 40 47 71 37 99 87 50 63 13 20 95 61 46 46 79 34 96 21 68 27 16 59 50 92 24 85 12 29 30 59 70 92 37 36 83 12 38 85 25 67 30 13 82 20 98 40 58 92 75 73 22 62 64 14 91 76 24 15 56 16 84 99 35 59 89 67 2 53 81 99 61 85 36 38 8 98 80 67 11 30 26 65 92 54 76 52 24 66 70 89 65 47 88 85 31 46 87 93 33 2 84 84 54 61 59 35 75 67 29 1 15 16 39 15 10 59 0 54 62 11 4 65 92 89 91 0 73 78 89 1 4 38 87 81 3 84 27 82 84 28 3 0 18 95 71 80 67 34 32 56 93 6 72 37 12 10 87 45 78 21 18 49 2 58 47 86 85 53 32 21 18 76 4 41 75 58 79 20 44 58 20 78 80 87 16 1 26 35 26 76 6 22 94 63 35 92 30 11 47 45 34 6 25 35 54 56 51 37 82 63 45 44 56 60 92 39 10 27 21 19 98 33 92 2 6 76 73 31 25 59 46 83 57 51 7 58 87 65 49 81 99 72 33 26 53 29 72 57 60 50 14 78 49 80 8 99 
4 20 69 27 65 47 14 35 57 13 90 92 89 71 82 45 84 53 60 42 69 35 5 13 76 77 41 57 38 28 71 60 41 99 74 61 68 20 54 77 90 51 22 9 26 32 34 1 88 8 71 16 78 8 82 92 93 17 33 27 4 15 69 73 1 84 93 8 68 68 10 2 45 59 12 50 81 26 63 94 95 46 34 38 6 69 0 57 83 86 7 88 41 59 65 11 1 21 89 72 11 71 35 77 40 35 24 10 86 82 72 82 85 78 4 94 91 25 34 48 82 64 6 36 52 1 64 21 87 88 16 50 95 63 57 82 29 80 81 81 53 52 31 4 74 18 34 28 56 2 29 17 26 38 67 96 93 68 42 27 77 34 50 1 34 30 75 42 62 66 27 51 46 71 25 41 10 84 59 46 36 78 73 29 47 98 78 51 68 74 18 70 13 11 92 81 90 10 62 60 57 65 68 37 77 65 41 51 37 98 44 86 21 54 25 23 81 34 90 14 29 85 16 61 45 42 70 39 6 97 34 48 96 89 61 82 38 76 40 41 67 82 44 7 78 14 90 56 24 75 39 28 80 86 69 96 80 53 31 17 42 67 78 67 29 17 93 91 41 65 93 91 12 28 36 38 91 98 75 22 76 20 90 25 69 53 85 80 97 38 48 90 42 22 58 20 35 34 38 63 10 84 45 98 80 2 56 30 60 97 29 67 66 39 63 5 97 10 11 96 70 94 52 55 62 13 11 55 94 24 28 26 53 0 44 65 48 3 27 63 33 89 43 43 56 34 37 61 46 69 68 72 10 25 32 10 42 75 81 32 49 79 20 72 27 71 17 45 54 66 70 13 10 40 50 17 75 15 45 44 13 97 83 12 53 99 32 42 38 69 51 56 14 23 94 82 2 3 28 96 
72 64 88 17 71 99 17 33 16 92 47 70 79 43 93 37 75 59 55 71 54 39 82 78 32 19 21 71 68 93 50 60 8 41 14 42 76 6 61 11 37 78 58 84 38 15 9 6 12 82 25 42 47 49 37 91 76 68 62 79 59 89 99 57 0 41 35 81 6 16 98 19 0 24 18 89 4 37 80 96 68 48 27 30 15 82 57 34 88 2 36 7 97 91 26 45 82 47 32 20 87 75 23 2 92 84 60 17 67 21 98 90 47 9 37 4 11 43 22 23 41 29 52 86 48 23 60 70 92 76 40 45 60 13 69 84 68 48 4 97 37 62 26 84 50 49 18 58 4 89 87 22 75 57 77 40 30 24 37 47 97 85 52 32 86 79 11 63 86 77 61 16 41 13 73 22 43 60 27 22 8 62 12 72 26 29 36 57 42 55 32 77 65 64 20 87 3 77 66 21 33 99 68 94 83 46 14 89 27 33 8 80 89 58 2 88 67 95 77 50 32 96 29 99 92 41 51 44 37 63 54 81 61 14 52 40 54 49 74 48 67 65 0 46 93 63 65 2 64 5 35 63 96 83 17 1 46 14 10 99 91 12 6 12 22 25 30 96 92 34 44 43 93 56 27 30 86 43 84 23 55 12 10 98 82 68 64 47 55 49 88 42 84 90 58 29 68 38 41 97 84 97 93 95 3 74 10 71 11 24 84 34 2 76 20 89 82 90 37 14 15 20 98 91 90 11 23 20 47 27 54 4 98 21 97 35 23 91 25 2 96 12 29 35 43 88 42 63 44 42 85 57 22 65 44 61 92 76 85 25 75 73 89 43 23 43 71 75 51 50 35 82 17 35 58 67 41 46 79 40 24 40 27 41 4 92 85 25 58 40 3 57 1 88 93 33 57 51 40 68 
78 28 65 99 33 79 83 49 92 84 53 73 66 48 56 44 17 19 41 86 4 81 10 43 3 59 3 54 49 89 99 80 96 41 94 38 87 11 25 49 91 71 48 37 26 18 8 89 58 92 89 8 30 93 13 19 94 8 46 15 31 52 21 58 65 41 95 77 0 82 12 75 4 47 37 41 13 21 22 41 13 33 61 83 16 21 93 70 55 57 7 87 20 90 17 23 72 80 96 22 77 5 43 16 90 87 84 83 13 87 14 14 40 96 80 68 94 37 38 87 24 3 29 34 78 37 40 77 43 17 16 9 42 4 95 39 41 73 8 93 0 90 10 95 61 74 63 74 41 93 11 10 15 74 77 17 83 14 49 63 98 14 63 65 31 63 15 53 17 83 90 31 24 63 3 88 30 30 77 13 87 65 13 56 66 5 43 23 29 65 13 42 23 65 38 50 96 13 28 49 74 6 29 11 55 25 32 37 1 62 23 58 73 76 55 20 55 2 6 68 94 49 4 80 71 39 1 80 6 43 98 59 5 62 86 51 79 46 75 35 92 72 17 72 96 12 21 6 17 35 38 97 36 16 5 91 94 72 31 72 43 26 28 95 28 11 44 23 62 84 16 18 22 33 70 20 26 35 37 35 59 49 69 49 65 64 5 67 44 71 1 65 9 56 62 50 0 44 44 97 87 84 16 64 39 17 82 88 25 34 65 2 19 56 48 56 4 50 99 43 2 45 7 31 50 77 89 23 42 30 18 39 18 42 74 67 95 4 47 62 95 48 13 79 32 40 90 15 57 46 92 67 18 75 67 35 32 59 65 94 4 2 53 40 35 10 32 30 34 74 10 85 94 3 62 86 34 84 24 49 48 80 27 99 38 75 64 68 2 52 25 56 40 30 61 89 1 56 35 34 
40 10 14 2 25 13 64 20 25 82 77 10 13 63 57 76 76 97 60 18 51 30 78 76 64 54 48 33 63 39 42 6 57 1 20 76 39 75 46 24 73 56 31 42 72 65 6 13 78 99 84 1 61 83 36 2 62 20 40 84 46 0 10 50 97 71 83 7 10 9 12 83 43 35 90 22 25 4 41 70 87 71 83 62 23 59 22 95 13 74 85 46 27 3 14 82 4 80 81 52 85 87 4 96 65 19 20 85 92 53 66 19 46 75 98 40 13 56 32 90 32 97 96 52 98 96 28 31 54 56 14 98 32 68 36 71 36 7 38 96 5 3 66 77 65 9 92 0 55 93 3 3 65 13 36 65 67 51 4 0 56 34 44 57 99 30 0 28 52 73 91 77 13 68 93 71 19 42 54 5 57 5 79 59 23 74 94 41 23 87 99 73 16 84 52 73 50 3 61 4 42 23 44 86 78 14 43 42 48 77 95 11 39 53 11 64 86 76 86 29 4 50 81 47 8 76 12 83 1 72 22 38 64 2 60 35 49 59 50 73 24 56 84 2 10 81 24 69 94 46 15 44 99 30 53 93 70 87 56 86 13 9 96 54 12 58 53 2 55 41 61 92 51 89 49 59 52 53 49 99 91 86 42 90 45 80 32 31 8 64 72 42 64 37 3 85 45 7 63 57 7 84 22 75 1 57 37 21 70 84 95 28 17 94 86 40 61 32 1 90 56 21 71 72 47 2 2 10 18 36 87 68 96 34 94 39 42 76 25 25 49 47 41 7 44 43 24 53 46 73 25 77 84 76 57 59 7 98 94 17 89 2 81 93 68 90 72 47 11 34 76 33 87 67 77 96 49 76 87 57 54 80 71 44 95 18 23 48 66 10 54 42 45 65 56 90 46 67 32 8 
6 86 15 71 37 18 60 36 98 71 68 5 80 14 16 56 53 39 21 77 66 74 31 30 74 89 49 42 69 70 52 8 28 26 17 94 96 28 28 14 96 42 15 76 76 21 76 87 58 67 58 48 97 82 13 72 28 6 19 62 95 23 17 45 42 84 23 15 11 51 25 90 80 6 99 14 69 33 74 60 74 98 67 56 97 73 31 5 27 84 51 89 95 70 58 95 78 57 25 77 45 21 66 41 84 19 49 55 73 40 42 36 33 67 35 58 21 13 21 40 55 30 85 23 89 6 41 44 2 17 74 84 44 28 44 18 42 37 84 68 51 80 86 93 95 11 11 73 37 48 28 69 28 53 52 96 13 84 74 26 72 67 47 37 35 46 55 53 53 87 17 76 80 47 16 86 24 38 98 13 64 83 4 96 94 65 76 65 87 4 42 17 86 17 75 95 94 71 37 87 80 67 79 4 18 87 20 47 80 24 57 55 72 5 40 70 69 14 70 49 44 90 33 3 35 77 15 46 81 53 5 75 57 75 99 35 74 33 59 89 55 49 8 65 8 56 5 82 65 51 70 97 66 18 46 22 11 64 14 42 68 59 45 81 11 16 56 77 40 68 32 63 42 28 26 10 72 66 70 37 95 66 71 47 54 84 18 81 74 94 9 28 15 44 50 50 6 62 91 6 88 2 48 74 63 51 76 47 80 80 84 17 37 81 26 73 20 35 60 5 80 23 31 75 26 49 55 0 34 89 68 55 7 25 91 96 44 4 17 66 61 2 35 16 69 25 74 39 29 8 93 61 17 42 29 20 89 2 69 2 23 76 74 87 35 82 80 23 3 80 62 46 93 84 50 74 97 62 16 4 59 59 9 93 41 77 83 58 8 51 39 29 97 72 86 26 26 37 16 54 
98 74 50 99 5 2 1 5 67 60 44 24 4 60 75 61 4 26 24 45 36 63 58 7 80 97 75 57 14 78 34 2 47 20 10 62 42 15 30 39 82 86 69 47 43 75 99 98 62 54 77 69 39 91 53 67 64 39 66 27 85 72 11 26 36 52 61 2 94 5 54 47 17 17 32 17 31 83 62 51 63 0 57 43 3 44 66 89 70 22 74 44 6 13 2 26 16 75 48 47 38 70 0 18 42 62 92 75 14 54 88 13 27 38 69 42 94 80 70 98 52 41 76 45 25 11 64 51 71 97 3 86 31 99 98 43 64 66 69 21 79 6 72 18 3 42 8 2 26 79 55 61 31 62 36 60 73 63 65 60 81 30 85 2 12 95 52 98 83 80 9 81 34 48 51 16 5 25 31 88 29 75 45 90 60 51 41 84 32 53 76 89 30 54 11 75 36 88 79 36 35 23 10 81 99 71 69 99 15 3 46 26 53 86 7 78 21 13 4 34 97 84 82 18 98 20 84 46 9 88 31 51 88 82 96 72 78 93 45 1 79 64 88 7 89 86 82 60 68 56 28 28 48 14 70 76 97 81 69 82 82 96 35 21 42 86 84 67 59 76 3 8 75 28 81 8 17 33 17 84 47 55 42 77 77 85 1 66 71 29 54 47 23 96 27 66 61 95 46 72 42 9 76 79 50 86 11 43 97 71 37 75 76 91 61 18 29 26 46 5 32 24 82 98 52 60 17 81 45 41 45 26 11 32 72 87 43 67 15 51 68 2 2 4 34 49 62 17 94 53 14 19 88 62 89 21 68 47 18 78 23 92 34 90 66 1 38 79 0 72 92 65 92 77 83 51 33 79 76 4 13 38 93 82 16 42 0 67 54 35 25 77 57 19 56 58 23 32 27 51 
28 98 28 12 41 31 57 13 53 74 60 35 42 32 70 42 22 1 67 73 39 90 64 11 8 63 16 49 47 88 2 76 99 52 35 16 69 25 75 25 70 57 62 60 90 80 45 30 80 79 93 81 72 61 43 23 5 4 37 79 48 54 32 4 21 41 50 61 49 35 62 3 28 94 17 57 39 10 59 18 60 84 47 54 13 20 7 69 71 54 36 57 92 70 60 66 30 76 33 60 33 93 17 75 35 47 22 70 31 38 24 22 36 96 80 84 10 58 8 82 65 97 20 22 21 28 71 99 98 70 99 56 93 82 81 50 67 53 28 97 48 64 63 74 74 95 41 96 56 53 73 73 13 20 18 6 97 72 21 25 61 7 57 81 78 8 33 7 28 84 12 72 28 76 1 15 80 68 98 37 25 99 3 66 2 13 22 70 27 97 9 71 20 7 70 68 90 25 62 78 26 16 6 51 18 81 42 65 53 36 10 19 43 49 73 94 19 70 7 37 70 92 40 81 9 93 63 40 11 10 28 36 98 24 68 52 18 8 61 18 93 91 29 15 84 39 64 3 22 20 10 55 0 57 61 40 93 59 79 53 71 94 34 32 14 25 13 93 43 37 42 84 0 61 97 92 6 25 32 20 62 62 58 72 72 52 93 79 41 99 91 20 88 27 57 63 75 3 11 81 91 36 74 50 38 41 11 78 43 82 40 10 91 34 68 93 26 53 95 74 79 14 59 84 57 11 12 35 86 78 95 89 41 57 57 49 71 69 30 98 21 76 92 23 25 38 48 21 14 56 36 14 41 40 66 49 53 36 92 70 10 10 48 48 53 39 94 87 95 79 64 3 39 85 33 14 16 87 29 85 40 44 92 94 54 80 88 16 42 76 60 63 82 23 15 50 7 11 66 91 
70 80 85 73 85 82 15 23 80 57 67 76 88 22 78 94 77 80 58 44 63 28 21 59 0 48 63 51 27 85 24 54 92 48 54 49 59 18 29 63 62 64 43 46 26 10 50 35 40 14 0 21 12 71 91 77 95 18 85 4 90 93 29 90 53 63 22 1 77 39 76 93 44 60 93 43 39 20 42 16 66 99 94 99 93 11 85 81 95 37 97 16 86 55 17 54 46 8 35 60 39 71 95 18 71 64 44 8 21 79 87 49 15 19 42 23 66 34 68 16 95 45 70 63 20 10 95 46 25 36 22 51 25 63 67 52 88 37 81 80 57 37 36 22 43 29 43 64 35 13 71 69 57 50 68 10 17 16 43 79 84 3 10 96 67 15 48 25 5 71 16 55 76 96 3 72 38 87 47 59 21 12 39 40 8 99 80 56 79 51 55 76 41 1 76 42 9 83 33 41 32 66 44 62 56 9 16 42 56 19 31 2 62 11 51 73 72 73 50 21 28 48 24 69 86 94 63 65 79 39 90 50 75 86 57 20 59 20 44 57 85 90 62 51 43 9 0 57 42 93 13 94 98 90 89 75 38 46 97 6 90 78 65 46 76 2 36 45 27 56 59 52 9 32 96 94 33 28 81 27 4 44 62 54 7 51 27 81 16 24 30 96 32 82 39 37 42 24 53 50 22 99 44 7 80 85 51 42 14 74 99 28 83 21 81 41 90 85 25 59 38 69 75 63 15 81 7 5 77 90 3 6 15 15 88 46 51 85 97 3 87 8 34 82 67 51 9 60 94 73 73 21 87 21 64 64 93 96 31 48 16 17 71 81 66 25 86 6 68 43 30 49 69 9 1 59 9 97 46 74 53 43 7 60 79 24 24 82 44 34 51 73 33 52 0 67 46 37 43 2 
48 72 71 44 87 11 29 39 95 28 45 43 46 15 33 80 30 93 68 29 19 57 80 65 27 17 59 25 77 79 2 26 40 88 63 81 56 32 85 44 75 16 54 88 69 89 32 27 84 14 3 14 57 39 74 54 34 98 3 39 30 94 48 47 54 43 75 48 70 46 42 80 67 1 8 91 66 24 26 63 89 37 58 36 44 49 92 83 19 56 17 87 57 20 40 84 72 61 99 59 8 43 47 59 89 58 36 62 1 29 43 91 89 55 56 59 83 7 34 37 48 19 73 43 95 39 12 93 69 97 50 60 30 72 25 39 52 37 53 73 46 1 23 27 28 28 6 7 58 49 14 14 86 19 98 78 58 92 1 83 89 48 1 90 76 60 36 94 39 52 36 59 30 53 4 0 51 51 44 69 1 34 77 25 61 24 49 88 15 6 57 1 75 46 51 14 6 97 51 35 96 24 17 12 91 24 41 13 96 26 29 24 96 8 50 90 38 37 1 66 46 59 0 75 1 91 53 95 92 85 15 59 2 9 19 88 54 37 92 86 40 87 78 81 7 1 27 42 43 35 91 99 52 17 93 45 74 23 19 89 58 49 11 1 33 66 54 8 24 63 54 12 88 75 98 43 46 66 16 56 38 63 42 35 43 98 37 64 66 13 52 80 40 1 64 13 65 93 95 15 87 35 34 98 78 98 86 10 45 7 94 56 13 98 7 83 17 8 76 91 17 75 44 81 58 37 41 87 42 20 2 49 17 65 13 28 16 36 29 42 13 11 81 75 62 27 90 82 48 3 61 35 95 87 13 67 85 76 47 64 4 16 62 15 28 57 78 67 37 4 76 60 44 28 4 24 7 69 22 32 34 97 80 46 37 34 64 6 35 20 97 59 92 53 16 40 58 30 22 54 
44 20 26 47 15 84 64 27 6 47 91 26 81 21 3 91 45 67 32 63 10 27 12 5 8 7 0 84 90 25 16 9 71 6 77 47 51 96 0 17 78 22 79 19 15 90 31 75 52 80 70 29 60 74 52 36 61 21 1 0 55 39 1 29 53 19 10 1 58 36 97 41 47 90 83 63 43 9 79 84 58 95 93 56 83 56 88 10 52 45 35 2 35 82 61 21 54 55 99 8 94 60 42 23 97 51 34 3 21 38 0 17 96 78 3 61 25 91 61 19 51 61 75 1 29 90 87 41 38 77 12 64 62 75 0 63 80 72 81 78 53 17 89 50 96 27 60 51 52 13 22 5 92 58 49 30 49 49 7 85 37 87 4 94 17 47 7 78 80 62 31 24 27 77 48 36 20 42 49 66 7 48 96 90 41 27 44 59 55 33 31 98 79 55 88 81 97 22 74 91 49 94 18 37 11 35 49 42 99 33 14 39 18 2 46 2 0 94 5 47 59 36 68 67 60 22 36 5 85 5 86 39 67 14 62 74 93 28 45 76 92 38 86 29 61 4 45 83 0 57 31 83 53 36 73 25 40 64 39 74 17 15 2 36 14 38 45 22 37 77 92 94 93 39 54 24 95 69 73 55 36 82 47 81 14 66 72 82 80 60 85 93 9 30 23 76 75 16 68 94 63 61 53 97 61 14 33 8 62 67 81 49 6 71 5 55 64 77 97 60 2 96 83 25 93 44 20 63 56 70 62 32 68 39 65 29 20 16 60 62 86 52 66 42 5 32 40 45 44 11 93 27 31 22 33 95 17 71 10 44 6 26 8 74 98 94 43 44 62 32 99 89 37 65 27 21 61 7 52 50 43 58 76 61 92 95 58 90 45 13 13 83 34 10 53 52 51 95 36 80 
75 88 33 58 4 34 73 54 66 74 63 34 31 63 65 52 39 75 39 26 22 90 92 48 82 19 91 56 73 98 40 12 79 42 38 99 59 7 19 17 44 19 14 85 30 26 93 68 26 90 47 47 10 76 47 91 92 20 50 44 58 11 54 33 30 27 83 2 18 83 90 67 23 56 76 24 6 63 63 87 40 71 79 90 86 33 92 41 39 51 7 32 16 94 18 9 12 75 60 87 86 84 81 71 23 10 42 97 13 13 20 35 64 56 55 22 43 7 8 38 26 86 38 62 73 62 49 90 45 90 80 0 77 84 97 42 69 72 95 47 81 2 83 16 20 47 50 3 87 32 90 64 27 34 34 8 4 49 3 0 14 11 84 83 93 40 18 66 79 36 9 7 64 4 77 40 23 53 64 58 12 61 32 17 45 7 16 69 64 77 7 5 65 16 36 8 80 35 95 17 74 0 80 79 25 52 70 1 21 86 59 2 56 65 42 36 52 57 27 10 95 51 66 92 83 83 87 69 4 35 53 71 43 33 33 86 76 62 1 2 30 25 80 15 73 74 33 74 80 67 36 50 84 66 91 82 81 61 49 28 44 90 59 86 0 71 80 17 81 37 19 60 30 23 2 38 70 98 93 62 97 63 99 77 35 36 67 80 38 70 23 41 27 10 90 0 31 90 56 87 84 3 11 97 33 1 87 38 30 70 49 8 39 67 63 35 68 59 86 3 33 65 1 54 67 17 57 93 51 98 22 40 81 34 74 56 51 81 55 11 91 42 1 96 34 76 36 1 83 56 79 43 12 72 66 13 23 92 17 55 75 42 29 12 80 59 43 82 28 24 19 49 36 54 63 95 51 22 15 10 1 67 55 6 50 17 23 89 35 98 34 60 17 7 86 40 41 30 31 37 
41 57 15 73 65 29 12 44 16 4 52 59 84 84 93 42 90 1 71 83 63 89 75 87 24 45 25 51 37 47 85 28 96 18 98 62 62 81 43 67 94 64 58 38 49 51 82 10 6 24 31 89 79 35 53 65 40 80 1 34 90 33 34 71 34 41 88 61 55 72 50 61 78 40 70 37 61 3 17 19 5 58 47 98 39 61 19 29 9 4 30 71 41 65 74 27 32 63 91 37 60 55 73 69 62 45 11 4 66 89 67 52 27 42 22 59 16 79 30 99 75 12 82 12 43 35 80 3 56 64 4 90 74 34 57 15 72 59 98 14 93 17 7 37 76 21 48 22 28 53 53 99 46 37 50 29 66 27 29 51 48 20 18 80 71 32 22 32 66 97 71 6 87 43 90 82 56 76 10 90 44 98 61 70 30 47 21 56 64 9 12 68 11 46 75 64 80 95 95 31 2 17 29 79 75 79 40 40 36 56 16 35 85 20 33 63 67 82 5 59 4 69 54 25 44 63 79 21 46 85 9 36 3 5 25 94 64 24 20 38 18 84 29 86 49 9 58 39 29 50 34 93 1 46 59 78 85 92 59 99 23 19 71 80 88 90 70 73 80 59 71 21 35 79 6 2 85 42 32 72 21 63 33 15 57 69 2 55 65 55 63 35 21 33 66 42 79 68 68 68 98 92 4 39 56 4 58 3 94 46 54 80 45 0 49 4 19 86 67 65 84 16 34 32 62 19 13 14 31 71 81 21 6 11 40 58 75 52 90 70 23 75 37 27 39 46 88 68 51 29 43 63 74 5 37 82 20 84 45 96 60 2 23 42 8 28 74 54 93 59 30 46 31 95 96 19 1 57 79 48 65 54 62 14 31 56 27 46 46 26 98 5 18 67 70 98 92 71 7 45 
7 25 61 3 36 64 88 10 69 89 8 6 89 64 63 25 51 75 53 7 44 59 15 64 89 8 19 18 62 91 15 33 76 90 60 6 61 56 12 32 73 69 87 5 35 20 91 20 62 32 50 77 33 20 49 10 54 70 62 92 34 57 13 62 63 61 90 81 50 68 73 91 79 27 48 30 95 38 33 63 24 39 47 32 15 28 59 90 27 69 10 10 44 93 57 50 94 51 44 87 63 79 19 9 50 97 17 35 45 46 82 99 66 42 96 9 5 29 46 32 21 88 0 16 8 75 13 99 96 8 33 37 8 27 33 17 82 16 45 63 42 68 6 83 10 60 72 71 3 49 81 4 16 17 59 53 59 62 50 20 25 84 98 77 73 66 44 60 71 88 2 86 92 71 80 15 49 76 76 11 89 70 45 91 25 46 40 57 75 8 83 70 5 31 98 82 98 37 87 25 77 24 53 73 84 85 84 76 4 47 63 16 96 26 62 52 54 36 18 60 21 11 94 48 92 77 86 84 39 68 3 12 28 70 53 19 91 52 11 53 97 65 50 34 66 37 59 27 17 19 26 23 78 28 79 34 42 45 74 48 32 7 75 97 80 8 10 80 63 73 57 14 18 94 72 9 96 13 72 65 85 26 87 33 36 99 71 52 7 68 25 97 62 53 60 5 93 23 98 45 38 63 57 8 18 97 94 14 62 12 79 61 33 31 50 6 9 87 10 71 7 14 0 16 31 28 85 67 55 71 39 57 67 28 24 90 16 11 36 12 25 16 29 87 35 72 51 87 88 6 79 2 26 83 78 19 25 38 59 32 90 76 17 60 49 94 78 96 30 41 5 67 91 91 81 95 62 26 53 14 12 22 66 5 17 18 0 16 6 76 58 87 87 33 41 23 34 2 10 75 
79 60 5 0 86 58 0 82 50 5 41 22 75 24 69 17 94 93 61 43 60 89 1 68 28 7 7 77 21 52 52 50 75 47 25 62 49 20 25 55 3 93 26 72 16 20 90 17 7 90 14 30 13 79 81 87 70 67 38 14 22 60 13 25 34 17 49 33 67 75 70 31 57 10 9 54 87 2 5 65 2 22 71 71 83 28 65 5 30 47 46 54 1 30 41 16 4 85 48 18 46 97 87 9 12 75 14 19 28 49 35 66 61 9 31 53 29 78 26 89 91 23 37 50 2 49 23 48 97 8 87 88 5 23 74 29 0 17 88 48 91 31 71 67 26 74 23 93 95 19 79 19 68 41 32 41 53 98 56 60 25 74 86 3 80 69 28 11 89 64 71 48 44 98 78 96 79 43 26 34 9 32 81 55 11 43 22 36 30 38 75 69 64 11 56 23 86 75 96 56 75 80 60 55 71 23 32 58 59 74 81 16 78 80 28 2 99 82 77 65 93 50 93 65 91 15 65 1 93 32 23 35 54 0 43 65 73 34 44 36 77 36 19 4 96 17 87 8 47 78 65 91 47 5 58 58 80 53 6 16 17 86 36 41 59 30 95 7 96 74 71 58 43 61 61 60 67 13 39 63 65 87 43 3 50 58 29 96 40 95 95 81 52 99 65 68 80 76 53 64 73 76 72 97 60 88 18 42 81 61 99 9 64 69 23 87 7 84 7 41 44 11 7 95 15 92 14 30 79 51 9 52 85 29 52 35 36 91 27 66 43 69 92 61 88 83 76 86 7 80 95 99 62 46 39 26 66 69 96 15 82 67 10 16 58 99 55 3 75 80 80 47 5 5 53 80 45 99 31 8 84 26 41 90 0 11 78 34 17 85 31 53 47 76 32 59 38 47 28 42 
81 36 28 57 39 48 87 4 44 83 71 90 60 90 99 8 29 24 5 40 65 86 78 94 65 29 72 13 19 84 63 2 59 43 12 32 94 8 73 51 23 8 77 95 34 59 99 95 80 99 88 27 80 2 38 25 91 87 86 75 75 8 61 82 39 21 95 69 72 3 68 17 87 81 44 79 89 11 73 71 59 61 22 7 60 82 18 47 47 6 49 32 33 69 58 54 58 26 2 95 55 46 32 9 76 16 65 30 27 36 98 30 97 34 56 85 7 30 35 7 88 86 34 68 65 40 69 39 17 17 76 26 41 32 68 11 59 91 88 97 27 51 26 18 26 78 33 28 47 70 76 93 34 23 32 27 27 9 79 36 78 91 90 15 12 79 85 19 6 59 84 87 21 87 44 86 46 93 17 32 82 77 74 78 1 89 28 18 58 20 84 85 7 80 36 69 31 21 66 10 51 8 17 73 89 66 52 99 85 10 66 22 38 13 97 4 41 55 29 8 44 4 83 75 66 88 33 92 41 84 36 67 60 62 5 86 23 95 24 67 7 2 58 80 14 96 24 1 38 62 0 94 57 10 20 37 85 19 89 16 72 6 58 22 67 13 93 86 3 33 33 13 40 41 97 89 62 59 72 69 8 58 65 67 47 43 44 83 58 80 38 70 99 52 41 83 71 92 16 61 53 25 38 66 44 39 12 54 86 25 68 91 63 23 3 11 47 57 79 66 11 52 1 9 82 1 61 39 67 32 64 64 17 39 97 40 48 76 55 81 66 4 45 59 52 9 51 42 41 60 88 21 71 83 61 50 29 91 73 22 53 37 85 2 19 26 42 54 38 99 33 65 2 54 74 9 53 3 68 1 61 18 76 24 94 57 20 4 28 76 70 6 56 47 56 52 32 60 18 44 
43 30 82 35 10 61 40 26 44 98 75 59 56 77 54 31 72 94 74 11 87 97 19 81 72 70 37 12 42 31 73 23 52 91 24 73 18 23 63 69 67 54 47 48 88 6 43 11 93 53 76 71 59 82 65 46 93 85 51 12 91 84 62 78 51 7 40 66 74 60 70 78 36 35 49 93 35 29 66 43 45 28 2 17 82 11 19 78 11 9 75 44 97 87 82 77 30 41 37 87 70 82 97 34 53 9 5 17 59 18 28 84 48 49 19 68 41 51 42 67 50 26 44 58 62 56 72 69 8 91 41 10 19 83 57 68 96 11 30 68 38 37 1 69 90 49 84 81 5 92 29 48 35 92 51 68 36 62 41 77 36 27 72 34 79 9 66 16 4 82 60 91 63 97 32 10 55 31 12 66 24 4 17 98 52 99 47 50 57 63 76 1 68 86 75 19 60 26 16 67 80 67 93 25 41 68 46 99 60 37 76 1 63 16 54 7 90 74 73 38 36 37 2 57 19 76 18 90 16 87 69 79 62 43 78 70 98 4 70 73 55 9 71 22 7 7 55 78 70 51 25 98 41 13 87 38 5 77 56 62 89 67 68 63 89 61 30 55 73 78 77 47 54 92 18 59 51 43 81 55 78 60 26 57 84 11 70 79 74 1 74 15 34 92 91 68 93 8 78 3 86 17 42 45 39 70 61 6 74 10 99 99 64 42 89 68 61 30 0 97 6 31 43 22 86 72 58 28 42 3 49 66 41 3 18 72 24 95 67 18 6 82 18 45 46 69 17 14 52 32 64 83 13 24 28 85 35 76 67 14 4 75 25 56 26 66 97 11 51 55 28 76 58 17 49 5 6 52 35 3 49 23 59 41 75 68 48 35 48 88 47 82 43 84 10 82 41 27 10 86 
2 9 61 91 22 60 17 8 58 73 30 75 64 0 20 55 68 91 48 61 77 80 12 97 24 62 70 79 70 26 66 6 84 87 6 3 74 42 86 20 52 78 43 31 85 47 92 18 69 57 64 17 86 43 10 66 77 45 54 43 81 55 44 17 73 51 27 76 6 17 55 28 67 24 5 98 24 64 58 37 52 97 87 18 27 91 97 78 31 36 45 3 55 62 33 50 44 69 42 75 90 87 37 21 79 99 41 32 2 42 11 28 91 48 2 73 96 86 40 31 15 44 40 10 90 74 60 42 71 15 66 55 82 13 83 73 0 94 31 18 57 22 83 20 60 51 80 84 73 81 39 3 87 13 34 81 32 48 30 79 93 96 1 1 54 39 18 99 74 75 78 67 11 0 13 20 97 79 54 85 22 12 11 18 9 23 77 22 43 20 50 56 82 19 40 92 26 93 9 28 9 72 43 55 34 24 14 44 72 47 79 36 88 38 40 38 3 26 5 7 1 14 5 46 7 69 98 0 35 62 93 30 45 54 13 15 12 62 73 57 23 2 0 24 61 69 53 45 27 41 87 4 0 78 87 67 38 94 83 97 63 48 53 24 90 93 97 46 11 2 87 98 53 95 21 65 54 35 51 95 72 26 75 35 82 39 27 85 76 14 97 80 80 9 42 39 17 65 62 72 17 51 55 87 93 15 33 71 92 53 73 86 58 39 16 94 6 18 30 40 21 52 57 72 0 54 88 81 28 13 97 46 29 38 22 89 81 22 88 15 13 27 4 68 73 45 11 96 43 51 75 51 10 2 46 61 57 46 62 1 28 18 18 15 27 75 4 11 12 8 95 64 43 45 99 28 68 7 87 22 19 94 83 50 37 26 66 96 29 71 37 63 86 1 64 23 75 30 24 41 
86 73 54 46 85 18 87 39 65 99 61 75 37 27 49 45 68 57 77 52 14 27 32 8 36 79 64 6 53 23 47 75 67 48 84 53 26 76 40 43 47 23 9 91 17 10 74 25 65 31 32 33 23 40 72 23 80 79 69 65 89 61 44 26 83 6 34 2 4 65 33 3 63 56 94 34 31 62 34 53 26 51 39 71 52 84 52 4 17 60 92 59 95 37 96 45 30 19 8 73 38 90 55 84 63 10 40 61 27 84 76 41 10 63 29 95 9 56 13 28 42 17 32 77 27 63 54 69 1 99 33 8 28 38 61 72 92 33 92 91 10 0 92 77 76 9 95 60 53 35 67 14 89 87 50 34 97 7 79 4 22 26 93 9 90 19 20 58 66 77 22 73 94 86 79 62 86 38 48 83 26 59 1 26 21 70 93 10 29 53 7 8 86 47 33 75 24 59 3 78 98 29 57 13 76 37 41 72 95 34 61 75 52 82 8 44 98 42 34 77 28 40 77 81 50 51 53 31 10 76 27 17 62 82 14 17 41 3 26 97 95 53 62 76 69 77 23 53 48 43 37 36 16 62 5 1 68 26 8 95 80 68 80 34 40 28 4 49 15 50 48 71 74 18 2 86 30 40 55 88 31 52 57 82 66 61 80 26 66 32 79 53 78 91 89 33 70 99 92 35 80 3 70 73 88 90 57 70 75 19 19 94 39 87 71 7 63 38 2 56 94 97 73 13 1 19 58 67 30 63 2 97 62 2 26 27 89 65 65 51 20 13 72 58 96 66 14 96 10 76 38 37 42 53 83 14 91 78 96 63 26 55 13 51 71 74 57 2 97 79 11 81 38 44 77 80 26 42 47 96 90 81 1 95 61 35 65 20 74 50 55 93 64 17 66 75 33 69 10 77 
33 68 81 41 7 50 39 40 49 42 53 47 5 75 11 29 34 16 94 95 24 1 58 42 15 23 20 7 58 53 41 45 43 4 11 6 65 60 70 95 90 28 5 53 38 39 91 24 47 36 3 28 35 84 6 73 51 22 95 15 33 47 80 40 80 30 1 12 22 85 21 80 99 30 35 79 85 1 9 35 47 7 19 2 9 38 3 26 8 29 37 93 34 59 64 12 25 59 66 24 80 95 53 75 98 49 98 85 61 45 38 34 50 76 23 61 72 25 96 53 54 30 76 99 13 81 4 53 24 7 86 69 50 72 65 37 69 89 39 89 96 43 94 2 68 61 54 81 91 55 5 19 57 47 72 84 74 28 18 97 27 94 62 35 59 58 98 69 98 26 29 9 1 82 32 65 49 48 9 31 21 61 59 63 17 74 74 61 73 66 30 98 8 8 54 3 21 43 99 51 31 67 29 88 37 8 13 61 37 30 75 39 64 31 26 42 98 37 54 36 42 13 41 80 81 40 9 84 27 8 25 44 54 62 22 98 46 15 8 74 9 31 97 63 71 33 13 18 32 68 7 15 65 78 91 81 57 19 68 50 21 48 40 83 78 93 17 72 53 19 26 95 75 83 11 57 42 62 5 1 84 5 54 94 10 85 59 19 8 45 94 69 59 53 11 84 83 13 13 5 34 26 87 0 8 17 8 68 93 28 94 79 48 50 6 64 26 45 2 21 78 50 76 2 81 57 83 39 81 78 99 86 78 87 46 69 85 70 4 73 20 97 7 51 85 45 32 45 43 28 47 60 6 6 26 4 43 53 7 89 15 47 23 65 55 13 71 67 44 50 9 6 71 18 16 25 56 0 23 21 6 16 63 19 66 88 11 96 86 53 8 81 63 86 88 24 90 65 0 65 
91 97 84 1 43 63 2 93 19 95 96 33 48 14 62 62 62 6 91 20 92 53 85 44 69 89 23 35 16 59 14 47 96 91 52 86 46 23 17 87 68 84 58 20 75 14 91 61 96 6 19 54 66 4 47 49 35 61 47 32 56 63 0 46 29 79 59 80 73 76 88 52 58 18 7 46 85 27 42 37 73 73 67 66 93 44 37 48 6 6 69 81 73 96 19 33 61 83 41 67 69 52 48 12 44 88 28 76 17 19 48 85 93 95 66 51 39 27 12 69 18 0 89 74 53 36 42 96 23 21 91 59 56 32 72 65 52 19 3 28 99 40 49 14 92 91 73 69 89 34 0 53 44 54 30 61 63 41 75 63 17 86 61 61 44 56 9 93 65 43 0 89 34 27 20 74 35 58 68 40 40 24 68 83 18 50 40 92 51 60 2 11 42 6 90 39 87 12 14 19 39 92 78 36 48 4 86 67 52 25 86 12 39 83 29 91 13 70 60 42 44 25 81 27 30 44 47 92 59 43 84 80 90 33 90 43 44 15 7 33 77 22 87 94 81 45 30 18 94 71 18 16 92 23 77 76 77 70 51 41 47 79 91 87 70 8 76 77 78 55 82 26 72 53 24 26 48 68 96 15 63 40 65 13 54 96 60 33 79 18 51 72 19 34 78 0 63 59 67 3 50 9 87 80 99 56 73 70 67 26 58 46 86 75 82 25 10 2 78 54 64 65 82 64 94 45 62 55 17 63 51 44 80 82 39 2 85 41 65 56 78 48 57 56 94 38 32 8 85 54 15 3 93 19 9 26 42 99 38 1 13 35 77 52 36 92 62 17 89 54 57 71 9 81 37 96 83 95 12 79 53 52 34 93 92 59 48 61 78 42 3 29 65 61 81 7 67 83 19 56 
41 73 96 68 68 31 17 66 84 16 34 17 39 15 99 11 86 39 74 65 34 64 0 11 50 63 58 54 3 21 15 31 28 51 87 90 11 16 93 74 59 73 5 26 15 49 55 25 32 73 56 66 58 15 74 96 49 31 25 96 29 16 61 99 74 75 25 9 10 77 99 45 3 44 21 75 74 44 82 80 20 54 81 49 15 97 49 11 36 27 58 29 38 41 10 90 71 71 95 61 53 78 76 42 40 40 71 27 82 13 71 99 40 74 34 97 15 62 52 28 57 80 56 14 44 16 89 23 3 65 41 43 44 31 7 10 62 44 67 70 29 56 51 50 10 29 82 87 87 88 19 64 82 57 43 74 9 49 31 15 94 22 62 78 36 35 82 40 30 41 44 93 81 89 25 14 20 14 26 89 75 97 27 14 89 32 0 89 8 36 12 40 28 74 83 50 63 48 97 96 30 19 27 39 92 83 74 46 53 3 82 5 40 75 28 82 17 7 99 4 0 56 11 41 58 93 19 76 43 8 25 58 87 37 0 52 29 32 81 50 60 30 93 95 20 84 45 57 2 95 67 26 27 11 85 78 34 82 75 95 74 8 42 19 53 25 38 69 72 10 7 39 59 4 95 13 9 13 11 30 15 40 25 55 80 23 97 20 37 55 14 79 74 27 35 10 17 77 69 53 20 82 84 40 33 5 45 13 78 1 98 77 94 62 48 51 31 29 84 14 52 22 57 25 69 67 97 79 97 98 18 96 55 0 19 21 94 44 59 39 82 74 53 18 74 8 37 7 68 92 89 88 25 0 80 60 77 46 27 51 79 56 65 86 72 31 92 98 58 75 77 65 27 46 28 14 55 40 83 38 95 26 65 11 70 73 18 4 57 70 66 61 45 59 9 40 83 69 29 64 
37 16 61 25 64 14 20 76 37 12 3 61 64 29 4 98 29 32 64 74 21 65 29 89 45 19 15 33 48 20 55 22 43 92 66 50 29 98 97 57 53 21 1 79 79 54 5 9 84 67 33 45 61 76 5 64 62 79 30 6 44 81 9 25 53 63 2 97 5 38 66 20 33 99 72 32 56 9 72 85 78 8 98 25 52 34 58 21 7 60 99 22 29 4 65 63 41 92 5 21 62 90 44 9 74 13 73 80 27 18 91 41 83 52 22 46 88 93 55 40 94 46 54 13 76 89 43 10 84 13 0 66 47 33 23 44 73 37 79 20 8 61 79 37 11 35 62 5 41 23 40 50 70 93 82 31 77 91 0 50 91 60 39 44 25 32 65 58 88 77 27 67 0 37 67 45 66 61 61 89 65 81 35 89 43 29 31 65 37 87 4 77 64 74 93 92 42 71 77 94 48 10 8 73 77 63 89 86 88 69 88 51 33 47 93 72 25 49 74 90 10 74 58 65 13 31 95 73 27 90 69 8 14 84 71 47 73 79 21 87 81 4 71 69 33 17 85 28 56 50 3 82 66 61 43 34 72 43 65 84 92 77 62 33 41 82 24 60 62 77 16 89 17 15 93 53 65 74 13 95 12 5 5 42 55 55 14 42 79 25 49 75 66 75 15 48 88 94 30 44 6 33 30 43 32 84 27 3 82 92 93 56 34 47 89 1 83 43 64 67 37 63 18 0 87 85 97 41 77 74 77 28 48 46 62 13 26 63 72 49 50 25 46 75 24 55 23 51 97 64 64 60 13 43 98 3 85 87 47 48 63 15 79 67 11 33 17 39 35 78 17 85 55 50 0 93 87 40 62 77 64 79 87 86 73 58 6 54 62 85 14 82 34 81 69 77 37 67 42 10 
24 19 41 63 91 63 22 93 63 49 54 93 98 4 53 20 84 3 49 55 80 71 89 98 42 40 42 39 81 1 22 21 91 19 81 97 8 15 25 3 53 67 72 78 30 71 17 14 10 8 96 70 73 84 33 1 7 23 15 23 47 50 20 16 2 74 33 65 69 76 56 36 23 14 80 33 72 68 44 1 47 75 66 85 63 90 86 70 45 8 63 68 91 73 37 16 51 88 44 71 17 32 8 7 43 14 29 92 20 66 5 23 59 74 40 90 89 3 23 61 72 33 84 67 81 89 80 52 36 33 26 13 82 28 12 48 44 94 96 82 50 94 13 2 74 11 89 28 99 92 97 14 40 79 67 46 69 67 3 68 16 84 45 85 7 60 5 36 57 20 16 24 90 96 87 70 21 31 42 76 97 12 99 10 93 94 59 24 23 31 23 53 18 18 54 10 16 7 3 22 48 22 14 0 49 8 56 6 22 45 83 69 31 73 30 72 79 61 28 13 60 21 74 38 36 20 72 5 85 39 89 6 12 37 74 24 81 46 19 30 38 39 87 71 1 1 97 9 79 38 72 58 42 68 28 3 25 71 33 48 70 78 91 33 77 41 99 68 95 49 86 10 26 63 22 74 87 46 13 31 35 79 72 94 54 54 96 36 45 94 65 78 43 65 47 53 71 5 21 98 80 79 70 91 76 42 78 67 21 42 1 36 93 81 7 22 57 13 63 6 16 80 57 64 61 60 94 5 86 79 62 81 6 10 29 64 42 68 69 97 47 9 23 96 59 8 7 64 97 2 57 24 26 88 17 68 90 79 51 62 50 77 31 34 27 43 59 61 46 69 99 9 29 89 80 25 11 60 64 78 68 29 45 83 31 83 44 81 19 21 72 14 51 52 99 14 45 29 31 31 
42 44 65 5 8 8 18 53 20 40 59 48 80 53 31 14 83 33 31 55 48 8 89 96 81 24 23 34 78 6 90 97 81 94 86 87 78 16 85 87 93 21 96 80 95 24 69 33 99 6 25 71 30 78 7 20 61 53 22 34 93 64 56 27 14 28 39 83 81 75 8 76 4 47 2 84 84 8 44 64 97 9 99 4 27 92 70 43 13 66 2 84 5 17 84 37 91 48 92 47 39 42 84 51 88 66 66 91 39 94 55 44 26 52 48 90 25 98 29 32 22 97 95 50 48 90 78 84 63 2 36 65 26 88 53 84 81 26 63 98 31 22 35 88 3 49 25 62 19 27 13 67 77 76 22 23 33 38 43 39 42 4 20 49 65 7 94 64 87 79 26 28 18 52 99 52 74 13 10 11 56 33 85 73 60 76 31 92 56 64 95 51 76 72 15 37 59 77 27 49 38 80 15 65 67 63 29 77 85 32 2 25 30 54 90 53 57 4 89 4 65 55 53 11 45 92 54 67 94 99 49 53 34 90 77 57 34 57 85 10 51 61 93 21 20 83 39 55 14 38 25 3 84 25 50 59 93 22 89 34 73 57 60 28 75 37 84 9 20 52 32 43 11 58 1 9 86 32 57 36 49 24 22 29 57 0 53 75 65 86 62 63 80 91 35 69 25 53 1 60 7 89 46 85 47 85 95 28 36 32 72 67 41 80 57 47 45 64 39 88 35 86 48 41 47 25 59 88 49 37 80 39 64 92 38 14 98 7 78 43 94 37 87 64 70 24 94 20 18 87 28 37 12 16 33 80 58 70 88 5 5 31 32 4 3 8 97 97 40 92 0 52 68 17 46 88 48 12 56 68 69 56 75 38 73 50 38 56 77 59 84 53 59 73 26 77 93 35 18 3 
81 43 73 10 46 29 35 73 51 38 24 80 35 82 48 88 20 58 34 42 84 8 22 75 1 76 21 6 76 59 70 50 57 38 2 33 0 53 43 6 91 64 1 63 70 58 85 58 95 17 54 69 75 57 12 27 93 20 66 33 18 85 65 33 8 83 11 38 50 17 5 12 76 24 83 62 80 0 99 68 0 38 17 30 63 62 75 42 57 89 1 96 93 5 50 29 70 95 51 28 65 8 27 33 78 84 56 43 15 76 81 47 41 71 4 11 38 66 2 99 19 34 57 63 99 94 17 52 15 22 30 76 31 28 21 16 73 17 94 4 77 41 20 34 17 34 19 66 45 34 30 86 34 16 55 60 6 22 99 68 75 20 46 8 14 67 76 25 33 30 65 36 49 69 23 17 64 48 53 3 9 82 30 71 57 60 74 9 44 67 68 53 19 77 21 86 96 70 88 1 95 37 94 92 30 86 96 25 81 73 90 28 4 14 87 35 10 27 82 61 52 38 35 90 45 52 67 30 11 65 56 27 29 52 92 55 70 9 23 68 2 1 40 11 52 54 56 34 12 20 9 29 50 23 57 79 54 10 89 18 37 35 93 68 5 24 69 97 64 70 97 33 58 32 0 12 92 41 66 70 15 6 37 52 46 66 57 28 75 15 46 96 40 18 14 30 57 9 18 27 60 88 46 49 45 65 61 53 11 9 89 57 35 56 38 30 92 30 8 26 38 71 24 67 63 0 76 67 19 31 25 39 18 5 9 62 27 37 68 56 47 4 68 54 56 15 81 96 24 32 82 35 5 82 64 32 34 94 46 42 89 50 2 64 82 79 67 91 65 56 28 0 83 63 56 29 62 95 54 36 62 77 30 70 71 23 0 50 96 92 93 0 1 29 17 55 12 91 72 36 
17 66 31 58 55 73 44 99 98 76 68 8 6 51 41 48 96 39 20 9 75 77 33 24 18 1 92 30 85 73 82 42 80 47 65 1 47 12 33 55 46 10 96 24 72 30 46 39 71 14 40 62 46 19 49 82 36 38 14 32 23 44 68 64 42 14 40 25 55 38 62 2 83 52 97 59 93 80 50 18 54 64 62 83 66 4 37 83 14 44 85 1 31 78 36 3 64 21 53 90 63 69 12 22 90 59 24 49 83 47 64 78 4 9 17 82 5 73 99 14 18 95 6 6 2 97 71 1 0 22 30 17 99 71 38 9 73 27 52 94 3 1 41 50 9 76 55 27 20 22 8 43 71 38 60 42 38 82 92 84 72 46 51 21 11 64 37 35 46 52 46 19 2 28 40 14 89 91 20 13 79 99 83 14 34 22 27 65 25 65 63 88 2 52 88 79 60 58 77 50 47 2 65 47 39 4 30 94 0 16 46 96 70 35 10 16 61 99 45 28 33 62 58 55 8 74 36 61 88 11 1 48 18 80 55 26 25 59 51 91 27 20 90 96 94 20 53 48 45 57 36 78 80 12 19 79 45 14 15 1 89 73 94 4 98 60 21 69 18 39 18 20 88 6 67 94 1 60 53 58 6 88 52 23 64 41 66 95 29 9 34 95 37 42 79 35 91 84 25 78 61 78 20 38 0 48 82 65 25 48 86 35 68 20 34 68 39 91 56 84 43 67 97 97 58 71 57 68 37 33 87 24 9 98 52 47 47 20 66 45 12 64 3 46 16 84 14 40 32 59 25 37 37 68 59 57 22 99 0 47 35 22 82 32 36 4 19 29 78 72 5 67 28 7 33 40 36 81 11 35 59 29 12 58 58 24 37 90 87 56 19 89 91 5 79 28 97 91 32 12 
71 82 7 22 20 31 75 39 46 15 73 5 48 72 65 95 54 54 2 1 56 84 2 56 36 36 34 63 28 73 8 62 8 70 45 66 47 74 2 81 96 94 70 67 79 78 74 41 5 43 19 25 80 84 46 95 7 76 98 82 17 16 7 65 36 94 7 79 55 29 97 46 4 61 27 64 12 89 64 67 88 51 75 58 97 8 83 87 98 85 7 28 64 5 60 13 94 44 44 42 71 8 81 92 49 98 31 37 55 70 10 58 13 70 47 61 58 60 56 98 10 63 58 69 22 48 75 44 64 50 97 90 3 42 50 25 47 19 56 80 68 1 18 37 89 96 71 17 95 68 50 7 39 10 75 1 21 5 34 76 53 42 93 92 43 85 75 24 41 13 34 27 60 54 40 80 60 96 6 74 24 7 52 30 14 65 97 53 10 52 54 36 69 21 89 43 63 39 32 50 13 68 22 98 17 80 69 35 67 8 69 8 77 10 63 4 29 69 97 76 89 56 2 29 52 90 97 99 87 97 7 10 38 75 32 12 48 60 37 31 12 34 99 92 66 61 51 4 46 66 31 18 71 2 76 74 74 95 84 44 52 3 89 16 28 68 3 13 6 19 15 43 73 87 61 21 56 32 31 86 87 4 82 24 50 30 88 67 7 42 78 91 44 89 81 32 23 41 64 9 93 6 52 19 48 42 42 23 21 47 88 15 14 67 90 97 4 96 23 12 55 80 28 15 0 70 21 63 31 99 98 37 31 56 99 92 79 85 91 87 58 81 81 38 49 74 88 37 28 12 69 98 54 25 10 17 72 84 21 60 61 46 82 24 87 24 21 32 33 66 75 96 76 99 47 43 50 83 28 5 61 77 93 20 4 65 55 95 61 89 70 52 15 26 83 30 8 49 17 30 
42 6 87 27 65 85 57 99 4 20 57 24 65 40 67 18 42 55 84 7 81 26 64 77 66 46 58 75 64 28 32 47 9 97 47 18 35 43 28 85 63 14 44 42 11 74 37 81 66 57 45 73 98 95 70 89 51 23 23 40 34 73 82 25 32 35 94 39 72 61 15 57 83 32 48 7 23 32 57 72 73 65 73 75 27 75 33 84 4 10 49 0 82 52 22 83 42 48 61 17 50 82 83 19 16 76 86 24 73 29 87 68 96 44 28 55 95 72 68 68 95 25 96 28 56 85 53 22 71 39 71 45 24 4 36 84 10 20 1 96 13 60 28 87 98 66 31 84 84 40 0 95 90 60 22 87 16 11 10 17 79 77 37 38 62 73 49 43 17 37 58 52 79 40 91 31 6 34 22 63 53 88 92 65 23 41 0 5 38 91 42 88 31 38 63 44 15 26 75 33 85 75 77 83 59 74 57 7 50 58 0 51 78 12 53 48 25 66 33 70 18 37 0 3 17 30 44 4 53 18 41 68 62 14 41 73 85 18 50 40 21 16 22 36 19 27 59 2 91 0 47 67 96 49 45 71 98 1 96 21 27 59 12 42 29 6 51 38 73 80 33 61 46 21 3 70 84 35 65 58 55 15 54 39 97 79 44 15 66 98 32 27 65 75 27 59 64 6 2 55 56 23 11 14 83 61 12 30 29 90 63 25 8 83 63 27 59 98 74 35 46 78 16 78 19 16 3 1 44 71 79 91 48 29 63 24 55 88 45 23 26 69 91 26 78 80 6 97 7 36 15 44 60 62 39 99 18 48 27 94 14 30 25 78 46 0 42 21 50 61 89 18 63 96 86 25 61 17 66 11 10 99 90 97 30 39 82 1 40 27 60 46 16 44 73 45 95 25 40 24 
92 5 84 42 44 55 3 34 45 80 24 29 22 56 96 62 42 44 16 96 46 59 74 71 92 84 11 11 21 12 92 50 1 21 99 87 90 45 60 10 58 83 15 33 45 22 4 88 86 72 70 57 48 38 76 99 49 85 22 60 38 89 70 5 62 38 26 5 99 20 89 52 88 51 32 73 30 39 59 62 45 58 32 47 39 14 19 70 26 54 42 69 37 35 23 68 25 63 44 77 25 54 95 73 24 75 58 88 44 61 12 88 71 7 45 30 25 49 94 98 61 68 69 77 57 87 43 63 11 67 26 78 98 40 90 95 20 17 66 83 5 34 56 47 79 63 73 27 32 32 98 17 93 39 20 52 24 97 57 95 33 61 4 44 68 58 57 88 97 7 56 21 8 20 59 97 55 34 46 89 66 70 39 98 90 51 6 55 77 41 2 75 41 90 60 8 97 7 93 32 8 46 15 62 1 71 60 9 10 3 9 28 81 21 28 62 88 55 60 8 4 79 22 31 16 38 41 61 67 41 61 49 3 74 24 95 48 25 40 96 60 20 37 53 16 99 53 36 87 40 41 98 9 22 36 68 71 89 49 59 73 98 70 77 0 95 50 98 93 36 54 88 17 71 23 63 23 69 43 32 87 35 63 70 44 40 68 33 85 67 41 82 59 71 67 64 82 20 22 86 96 82 99 52 26 49 26 22 70 83 98 34 88 66 67 34 45 15 87 86 1 95 0 43 16 72 9 0 28 99 23 60 1 25 10 72 97 46 20 23 76 13 29 75 55 97 80 89 96 24 29 0 97 2 99 13 22 64 92 91 56 78 30 90 0 81 32 77 39 58 9 48 7 19 17 30 14 98 90 35 98 91 45 58 48 88 69 61 68 37 51 84 9 46 74 35 34 88 81 38 
61 52 19 16 46 44 85 87 98 7 43 97 29 27 20 20 30 53 31 78 95 57 98 40 99 91 12 19 25 33 84 72 37 65 63 0 58 53 66 11 68 98 4 94 90 34 17 26 47 1 96 24 21 53 51 30 6 41 24 27 78 23 37 73 40 69 51 38 21 30 32 81 14 81 36 43 94 94 73 93 7 39 1 47 55 33 99 2 70 23 81 38 50 23 81 83 11 40 15 29 32 15 26 49 34 5 85 18 35 48 95 52 14 81 38 64 81 97 13 20 67 70 76 56 7 81 64 86 17 22 75 65 35 64 69 52 14 53 59 25 27 52 36 8 72 37 58 78 71 60 95 21 73 50 64 54 39 97 5 44 29 67 42 3 59 20 20 33 48 79 23 32 92 85 20 48 49 92 2 93 42 28 25 56 60 71 86 27 44 58 33 31 17 90 20 90 78 48 47 48 59 73 97 29 44 13 78 32 49 66 33 42 60 55 28 54 1 5 9 99 8 42 16 34 48 80 38 6 86 64 92 66 99 28 60 74 38 18 15 72 73 82 76 12 43 54 96 21 66 99 90 59 62 39 97 18 90 97 44 56 53 4 69 98 91 40 49 18 50 5 46 85 83 34 74 27 53 53 32 43 92 99 45 18 22 98 92 22 6 1 13 7 73 60 34 36 21 77 23 6 0 98 88 70 49 16 0 0 8 35 45 84 16 23 77 20 16 87 58 34 62 23 46 23 80 39 52 48 8 38 99 45 27 41 72 3 33 29 46 74 3 38 86 82 4 60 51 37 60 25 95 18 57 97 30 25 32 39 91 15 68 33 85 67 53 61 31 37 65 8 99 53 81 16 44 91 26 66 18 34 46 86 38 87 52 93 46 0 64 74 30 28 85 68 80 4 13 80 73 71 
39 59 32 38 40 78 86 11 12 68 23 38 86 96 36 92 41 52 97 60 28 13 53 92 76 88 72 81 92 96 49 49 85 57 44 20 87 52 17 48 28 64 33 70 72 68 40 34 85 18 12 82 92 80 22 85 19 45 42 17 92 34 16 60 62 13 60 23 14 89 49 24 37 20 41 81 48 34 11 24 44 70 75 32 4 14 67 2 95 18 26 25 26 1 69 35 61 76 59 31 97 55 69 2 71 5 94 15 70 81 49 82 11 26 97 77 0 44 28 80 85 1 19 79 30 63 81 54 8 30 46 21 60 40 69 95 22 59 33 44 79 47 97 76 40 36 43 74 24 55 54 69 99 16 6 53 17 34 95 37 94 30 16 32 39 17 87 22 86 25 22 5 61 58 3 19 56 25 4 45 8 9 32 28 46 56 62 43 49 16 0 89 7 34 90 69 59 82 28 83 55 49 80 57 90 59 25 34 48 85 93 5 64 30 27 29 71 53 52 75 8 63 55 85 35 0 8 90 54 15 11 22 89 13 20 60 52 14 56 21 3 12 17 62 88 60 39 57 13 74 36 71 16 83 25 86 67 29 5 89 77 83 90 64 44 70 77 31 81 43 3 61 8 69 37 25 57 58 11 39 47 89 93 15 23 6 54 22 53 85 38 50 64 8 97 72 44 40 44 85 63 50 44 76 81 94 72 25 61 3 96 15 47 72 60 49 84 78 21 12 78 40 90 88 0 60 1 63 45 83 4 62 32 90 95 5 41 57 35 54 78 64 17 1 16 0 0 47 74 69 83 77 94 66 98 11 47 36 82 23 36 58 98 66 3 44 85 25 4 67 90 5 62 61 7 62 26 85 65 76 19 29 3 87 18 6 25 55 91 48 59 23 67 66 90 94 8 8 45 98 
17 68 64 61 91 97 38 5 45 11 33 97 22 3 50 25 96 73 92 84 27 95 57 40 59 7 3 42 27 66 85 59 66 7 38 66 47 70 89 47 77 61 70 1 7 14 3 15 78 83 11 27 34 63 43 68 65 85 82 92 56 53 50 89 94 70 51 29 40 22 80 55 54 61 68 4 10 44 79 94 74 88 13 4 10 26 58 74 68 40 62 62 7 95 62 83 50 75 68 17 53 86 8 33 44 1 8 55 51 27 38 13 34 43 26 29 30 41 17 74 47 16 40 31 72 34 53 77 76 47 9 26 90 82 73 37 79 78 30 60 98 80 79 96 64 42 32 80 22 88 9 92 88 28 31 67 31 99 23 87 17 14 17 49 67 82 18 32 23 88 29 89 67 79 74 51 78 11 36 64 94 66 30 33 70 57 12 7 40 6 83 42 49 3 28 4 84 78 92 25 72 34 26 6 94 48 4 59 51 15 5 14 38 25 83 13 73 23 14 10 7 91 17 45 81 84 3 74 57 13 86 73 91 22 0 70 60 67 25 16 55 58 25 25 26 71 44 22 40 18 95 33 89 77 50 16 19 91 22 32 18 20 97 6 38 58 84 1 95 99 65 92 98 8 40 85 82 29 66 34 85 66 32 26 24 5 82 48 4 97 28 84 47 83 97 70 43 19 37 79 13 65 26 41 88 40 87 46 42 43 73 32 15 30 99 3 34 72 52 48 9 10 50 61 72 74 97 53 96 21 76 17 8 37 51 58 93 0 26 21 62 9 65 9 74 76 56 72 21 23 5 68 37 78 11 55 6 49 17 53 23 79 40 18 94 39 58 15 53 98 40 85 43 46 49 71 3 6 22 31 71 97 64 37 23 48 56 91 7 51 19 16 15 83 63 46 29 15 4 33 
68 55 70 6 3 92 69 36 40 56 74 14 86 45 90 62 37 6 89 16 20 13 0 33 59 87 62 66 55 64 20 39 42 54 47 49 44 1 82 32 58 72 44 77 16 42 50 63 82 6 69 42 2 83 71 5 45 84 51 96 99 3 46 78 76 21 60 37 80 86 16 34 29 97 23 74 28 17 89 5 22 73 80 42 95 65 46 43 28 74 34 91 32 37 28 0 0 14 56 58 45 75 6 58 22 10 59 87 34 50 55 26 25 35 64 83 53 83 13 71 60 53 2 60 80 87 19 71 16 30 4 61 17 83 28 68 7 64 57 91 66 41 7 17 86 23 86 25 51 12 37 25 93 56 40 9 78 32 82 67 50 1 0 21 62 84 0 73 86 15 13 23 4 10 73 7 72 38 69 29 72 82 90 86 43 61 56 9 14 3 15 6 4 63 27 74 23 96 12 24 57 51 14 82 8 96 95 74 44 85 27 78 90 75 79 45 30 70 81 21 24 15 30 90 36 88 25 89 96 96 60 85 22 31 5 96 58 28 83 37 63 34 28 84 88 92 24 39 66 0 71 35 28 5 40 95 76 51 64 25 88 80 53 32 44 57 17 53 10 50 25 64 57 66 69 23 34 57 87 83 67 31 39 74 27 29 5 7 83 98 65 38 61 95 3 54 54 91 11 2 8 30 46 32 18 92 2 32 12 77 29 1 46 46 89 15 67 63 52 96 17 43 75 44 54 79 61 15 82 38 35 22 76 52 49 96 39 62 2 74 54 81 29 65 49 3 16 68 17 34 90 5 33 70 0 88 60 18 55 57 23 38 28 53 55 55 7 25 10 62 1 42 8 18 97 92 54 24 37 4 90 28 26 23 25 1 32 77 13 21 54 2 5 98 22 28 99 33 4 93 
89 49 25 23 70 86 89 41 71 38 28 19 16 11 49 85 12 95 60 80 6 80 34 17 20 0 70 78 45 96 95 94 94 15 19 97 20 9 2 52 42 9 88 10 40 72 19 35 18 43 60 91 39 79 75 79 60 58 84 91 14 9 45 28 83 56 58 44 87 61 4 6 9 37 41 28 23 19 67 65 64 10 63 68 0 17 67 10 17 25 31 20 9 23 89 73 6 35 68 1 45 1 6 34 14 25 0 57 44 80 69 44 0 96 61 31 90 48 9 13 80 89 40 80 13 12 72 23 53 90 69 67 56 76 25 40 60 14 73 10 26 70 74 83 79 73 4 58 59 46 71 29 39 42 27 11 28 30 81 45 71 59 6 2 26 55 84 76 54 48 51 22 79 22 38 43 17 44 30 27 41 36 30 52 79 11 63 50 1 91 41 20 12 47 47 99 49 22 16 71 66 39 23 97 58 92 88 58 67 23 67 42 82 34 73 49 25 30 16 60 0 57 20 7 92 69 47 73 95 16 29 1 67 3 64 27 71 52 97 10 7 52 36 29 48 3 92 0 91 29 7 69 0 44 89 74 91 71 23 68 54 67 34 48 57 92 43 5 6 30 41 59 87 16 48 54 86 65 89 62 99 49 48 97 3 26 97 5 89 3 82 61 29 85 83 78 4 97 15 14 99 5 39 7 85 67 5 1 55 58 70 6 63 29 42 93 52 89 67 93 34 55 85 51 7 3 41 98 76 75 65 35 2 79 15 4 47 92 96 52 69 7 15 44 1 15 50 0 40 79 60 41 2 13 55 2 90 73 8 96 70 22 97 75 19 2 2 9 52 85 7 53 87 60 49 37 28 17 23 59 77 58 79 34 5 41 69 6 29 35 59 69 84 70 74 2 34 83 76 63 
75 40 10 43 49 12 31 19 23 89 2 33 20 7 69 30 19 33 63 16 24 45 11 60 15 87 17 48 79 46 80 13 26 90 68 87 83 85 3 9 0 13 55 18 13 29 13 36 53 92 60 11 91 82 87 90 59 44 69 6 3 70 39 55 12 67 70 47 93 81 70 64 70 81 69 38 45 82 37 1 45 17 13 36 26 79 20 57 45 82 99 95 36 21 12 62 41 11 28 14 35 25 86 90 45 87 24 10 86 40 38 23 5 17 61 94 45 52 46 7 63 13 66 63 59 85 4 85 17 29 9 37 82 97 43 70 33 58 25 45 25 96 90 5 35 32 1 49 77 73 44 60 43 85 87 87 1 67 22 84 80 30 73 66 52 25 73 33 78 61 36 19 67 2 41 67 9 10 88 61 64 66 66 50 7 46 2 38 40 23 19 35 66 30 74 4 82 28 82 81 20 29 72 33 94 58 42 37 93 30 3 87 35 6 42 55 13 51 6 16 2 0 19 55 11 13 81 55 24 76 17 1 99 70 78 18 44 83 58 92 61 81 81 74 67 94 69 66 84 57 23 82 62 96 85 43 52 63 29 84 79 59 0 54 20 91 86 30 32 55 89 16 76 48 48 2 50 10 58 48 76 57 31 91 79 93 26 71 19 40 71 82 61 54 92 14 21 38 55 58 26 32 10 39 74 24 89 76 26 26 55 16 41 80 31 59 95 64 85 60 49 99 90 1 36 25 60 64 7 57 97 48 37 95 5 71 87 36 78 31 81 98 84 94 98 93 86 35 97 65 83 9 71 73 20 58 87 19 16 36 79 33 85 11 31 80 99 99 79 83 83 27 25 1 74 83 69 67 78 21 57 40 15 90 51 94 21 28 5 74 78 39 71 22 51 16 55 70 88 52 
14 64 23 57 77 33 97 29 70 37 15 88 95 84 82 28 51 98 14 15 40 12 0 88 85 12 78 97 37 75 79 9 20 84 79 4 5 8 96 59 83 80 94 65 15 83 60 54 65 89 39 52 19 10 14 51 20 99 11 13 53 53 17 90 61 83 91 48 28 95 55 42 57 76 75 78 69 71 64 76 91 10 95 65 50 28 61 69 39 10 17 53 64 85 53 95 97 5 50 97 16 50 36 60 40 73 33 10 57 73 18 51 20 38 39 13 93 81 52 29 76 82 21 99 76 3 84 33 52 30 76 56 84 48 36 4 80 23 40 9 96 96 20 78 12 89 18 9 88 7 9 95 58 15 75 97 50 58 10 95 55 73 78 20 32 50 98 14 22 45 58 52 16 70 39 1 23 15 37 67 27 92 21 11 81 85 82 87 22 24 38 13 92 56 24 50 40 5 0 71 76 32 4 74 66 45 90 45 44 36 92 58 14 77 94 34 5 0 38 3 85 59 16 0 89 65 1 65 73 47 98 2 88 12 89 76 11 55 55 8 33 43 66 18 37 58 36 27 90 71 1 39 41 8 70 79 0 29 94 13 41 96 21 79 64 81 43 48 93 54 30 4 42 98 3 44 0 47 27 3 96 15 80 23 76 71 61 50 15 7 38 6 73 94 5 19 82 7 90 80 42 18 16 57 93 95 72 91 24 79 25 17 79 84 78 1 60 64 28 62 16 1 30 49 13 36 93 17 12 93 79 87 68 77 85 34 71 71 61 48 75 76 93 69 95 66 52 59 79 59 12 70 93 45 90 73 22 33 70 45 32 81 14 82 97 42 20 83 28 93 53 57 71 76 37 39 36 21 57 69 64 47 4 10 29 76 93 74 6 86 59 56 9 45 90 68 36 16 42 96 
48 3 21 64 10 40 66 16 87 9 95 33 99 5 26 31 40 2 76 41 91 15 61 45 83 66 60 13 77 52 82 74 48 11 93 73 42 48 35 3 70 61 34 17 47 65 46 55 42 71 94 57 47 27 79 52 90 59 67 46 24 58 77 32 74 95 56 78 97 31 0 44 3 46 27 48 58 43 37 57 51 27 31 2 32 48 62 61 30 46 12 90 33 93 70 30 44 5 54 41 89 79 99 0 36 0 22 79 59 74 47 46 11 21 93 49 81 24 62 73 39 13 19 97 40 39 46 73 68 57 56 49 45 26 2 38 23 31 54 25 30 52 31 20 70 42 42 1 50 20 74 27 17 21 35 11 33 94 32 40 92 45 86 87 77 69 93 6 42 82 52 30 31 51 86 82 40 46 34 86 71 56 35 44 28 98 68 77 12 79 26 59 95 91 27 62 44 84 93 65 79 35 31 66 71 68 48 80 97 93 78 96 63 36 84 86 4 8 15 94 29 66 1 71 52 25 52 14 56 38 97 82 13 72 68 34 76 51 59 75 17 15 78 84 28 20 6 99 42 87 28 63 16 15 71 55 41 77 92 12 4 81 11 73 56 46 95 93 19 4 38 74 77 7 57 65 45 51 24 71 36 6 50 38 57 38 92 75 1 16 68 14 61 19 76 66 88 81 67 35 24 14 43 94 83 11 67 48 83 62 35 64 83 6 86 9 81 66 91 35 72 77 92 78 49 9 46 98 85 68 33 9 64 58 39 61 41 29 50 68 84 37 79 24 76 99 59 92 34 52 5 88 94 6 99 24 73 63 77 52 23 5 28 62 25 65 33 17 89 38 31 93 45 80 67 7 73 97 86 61 82 68 10 29 39 9 49 95 85 45 37 57 78 22 48 66 45 49 38 13 
1 17 5 47 78 83 51 11 0 20 75 54 31 38 89 99 11 35 59 99 57 38 96 84 26 56 47 94 42 78 41 46 75 48 14 55 12 53 93 50 80 51 21 7 11 42 66 81 10 68 69 72 6 48 5 17 71 11 99 5 18 6 71 55 53 81 62 96 53 91 90 12 68 52 13 10 65 75 43 7 9 28 46 47 66 29 14 84 53 31 4 91 56 43 95 60 98 41 42 18 62 13 89 31 22 45 30 21 48 23 53 17 70 38 11 11 19 94 56 94 77 91 19 41 55 46 58 58 78 84 38 58 12 87 0 21 61 95 9 23 2 56 15 32 62 24 75 20 63 3 62 98 13 41 27 2 65 67 8 92 93 38 25 51 58 5 47 5 5 33 41 29 18 98 78 83 50 48 11 23 48 7 44 24 62 31 66 82 81 2 36 46 7 35 36 93 39 74 95 20 38 65 11 78 64 59 73 78 32 43 79 95 1 44 52 81 61 82 29 86 15 75 6 88 16 74 58 73 77 60 80 77 12 61 94 38 64 38 98 38 70 13 62 40 1 0 44 88 9 85 74 44 99 89 92 27 84 60 40 9 75 41 13 36 11 31 87 73 18 14 97 62 26 61 37 90 10 52 16 77 5 34 41 54 73 5 3 50 71 33 17 84 17 90 78 33 15 53 14 40 46 60 87 94 30 65 3 42 71 96 41 89 15 91 34 68 65 71 62 90 73 5 86 3 71 27 37 17 73 7 22 58 16 64 56 23 73 67 49 15 76 47 66 79 2 26 8 5 52 51 27 57 14 20 99 36 21 27 19 47 99 47 12 8 77 2 35 11 47 16 22 26 65 39 45 43 29 5 15 73 88 33 98 41 55 61 95 14 99 19 67 59 70 27 79 33 59 37 97 9 
12 32 95 22 62 62 35 93 58 36 92 80 82 52 20 10 18 49 11 98 53 84 95 38 99 73 44 1 79 51 17 2 56 35 27 75 7 21 6 50 16 61 39 95 55 38 73 7 93 41 2 38 79 24 23 43 96 43 46 12 34 78 52 60 35 48 7 85 21 80 34 13 31 94 7 45 45 65 80 88 2 26 49 53 57 91 48 78 3 1 86 59 66 75 26 26 73 32 75 49 6 19 34 95 59 49 77 54 38 2 6 89 99 3 91 84 15 95 6 96 62 17 19 29 73 50 38 61 54 52 34 26 83 5 95 83 61 12 48 75 4 65 18 90 38 35 57 37 30 95 72 56 47 94 63 6 97 63 32 95 98 42 5 33 52 92 17 77 91 72 49 55 61 25 65 48 37 25 99 11 28 38 67 98 29 3 19 66 64 29 21 78 25 2 39 16 66 86 67 57 38 20 95 34 8 7 62 99 15 78 28 34 51 25 78 75 16 57 17 18 81 81 61 2 51 42 73 53 55 48 57 48 90 18 27 17 28 56 38 89 88 34 44 63 21 76 6 82 75 0 9 26 40 43 83 2 93 4 38 48 69 58 9 49 36 96 77 66 87 34 25 12 4 73 72 81 80 62 22 91 12 16 6 52 12 19 88 26 65 33 19 27 39 47 80 40 26 23 32 44 32 25 30 3 79 75 28 0 82 13 75 22 94 24 9 54 87 5 55 98 49 13 96 56 76 37 5 14 46 3 72 68 23 35 34 79 61 23 51 61 97 71 17 40 57 14 74 15 68 12 69 59 91 96 68 18 10 66 89 6 78 76 35 56 8 50 92 62 26 6 38 98 80 37 43 52 65 76 84 84 7 42 90 87 69 70 28 98 20 59 51 96 72 54 78 51 47 84 33 63 
22 80 77 42 99 63 54 79 87 39 11 99 41 13 81 13 62 94 23 39 30 64 9 77 79 80 56 58 48 63 28 91 25 5 43 50 38 21 93 51 49 70 84 67 52 98 51 38 45 97 30 81 16 8 59 20 74 75 75 43 72 72 86 12 43 13 40 76 97 3 77 79 52 3 59 13 41 25 11 16 96 44 76 88 70 49 74 5 75 91 35 68 57 78 90 97 21 67 93 67 24 20 61 48 57 8 11 67 56 69 86 38 54 0 18 25 64 53 30 60 93 16 57 57 28 39 69 94 97 72 54 32 19 37 10 60 90 63 77 80 30 0 3 45 27 40 67 79 22 13 10 90 36 78 57 93 58 29 51 0 13 0 94 41 26 38 64 22 80 74 81 0 5 0 63 88 87 71 24 3 48 9 75 10 16 4 38 88 33 77 79 22 71 27 78 61 77 95 66 26 88 26 6 40 15 10 45 95 6 0 17 76 62 69 88 49 41 95 29 82 23 31 30 44 45 33 61 49 49 32 36 37 69 66 60 35 34 86 98 74 20 12 97 38 1 44 90 46 51 19 13 80 14 59 59 95 69 98 56 63 36 92 68 34 46 52 72 85 92 39 14 10 33 55 69 93 47 40 97 17 23 80 3 8 8 48 95 50 81 9 99 50 79 72 63 5 45 70 66 19 95 35 56 66 14 49 32 2 38 79 92 58 91 22 62 29 88 8 6 61 80 19 17 90 71 56 28 86 21 81 17 24 69 92 65 51 93 49 43 60 52 70 7 10 96 88 51 92 85 65 35 24 2 20 27 56 86 80 44 90 58 49 98 84 89 79 52 15 7 53 13 51 59 77 44 24 7 60 82 79 17 32 30 84 43 8 36 79 14 36 70 72 12 6 32 79 75 88 6 60 
53 19 47 92 69 83 76 28 26 56 94 1 79 45 84 61 3 46 44 23 26 63 68 37 67 55 40 82 67 95 54 26 61 48 5 90 48 26 90 99 23 29 83 63 83 55 61 49 46 68 41 12 9 27 6 64 7 2 93 60 53 63 29 67 97 8 38 85 39 92 75 56 96 3 71 60 93 4 32 94 32 12 73 31 33 74 98 77 48 21 92 10 33 10 43 49 20 6 54 41 38 58 30 95 79 73 63 88 85 18 10 51 25 51 76 60 85 9 61 80 74 93 25 91 27 38 75 16 25 16 55 87 52 52 93 61 2 69 34 35 51 10 46 84 85 29 47 73 65 20 22 22 65 98 39 19 3 36 17 22 6 84 94 78 43 57 44 5 99 89 70 18 35 44 37 6 5 26 2 72 21 14 10 62 33 87 71 78 77 47 67 33 22 91 54 63 18 75 68 59 97 38 55 48 26 75 83 72 75 25 52 56 21 21 72 69 27 50 80 41 82 1 94 28 65 21 5 89 65 60 61 68 24 56 62 98 98 41 23 46 88 11 29 18 13 55 50 61 89 77 87 47 96 12 45 64 23 29 75 60 61 53 90 18 76 18 55 2 40 0 41 77 33 8 59 76 25 17 0 64 97 29 31 60 84 18 6 40 52 73 17 44 88 82 64 44 77 70 21 90 89 65 94 20 96 8 19 48 5 27 51 50 25 38 49 73 27 37 69 36 76 47 75 74 87 95 30 55 87 94 73 86 99 68 78 43 3 7 84 42 14 28 75 69 51 67 61 73 16 45 35 8 79 80 48 37 42 59 13 41 98 43 10 40 72 25 96 59 37 36 48 65 94 46 11 83 14 26 50 44 62 4 12 93 49 8 93 53 90 28 45 37 98 5 61 66 59 76 61 59 
17 65 63 81 7 27 80 31 85 49 52 31 59 29 47 2 38 99 93 3 13 8 93 19 12 72 41 75 27 44 25 79 61 64 42 18 59 40 5 66 38 17 65 5 46 87 96 95 95 61 53 62 45 60 37 48 58 3 91 0 58 74 79 32 88 42 85 1 8 69 51 15 76 74 38 34 82 31 57 41 38 69 68 66 32 96 31 55 57 99 11 8 19 62 91 77 10 43 15 45 60 89 25 86 3 4 18 79 5 37 32 87 80 36 27 80 40 83 32 20 30 29 52 23 54 60 34 50 11 82 49 30 5 26 72 63 19 58 3 30 38 96 33 94 70 78 74 31 16 75 75 4 59 58 31 34 95 4 56 67 71 9 58 28 78 26 48 47 60 94 85 6 17 58 9 64 54 47 40 39 19 10 33 74 30 65 47 55 86 17 12 21 2 46 7 44 34 86 12 9 90 2 45 52 94 85 87 47 78 67 53 21 63 45 21 10 90 93 65 65 87 76 99 83 48 14 83 38 75 94 33 38 45 79 91 78 73 34 68 2 53 61 30 20 7 96 29 41 22 53 64 33 42 77 52 70 21 77 63 36 84 22 86 97 53 89 18 51 71 77 56 70 55 58 75 40 59 58 85 34 8 98 57 61 75 36 48 40 98 94 51 24 29 94 56 30 79 67 78 35 86 6 34 98 91 90 88 17 11 53 26 5 59 80 7 44 95 89 39 67 17 35 70 17 58 21 98 89 17 19 85 91 35 33 87 14 7 25 19 12 35 15 96 15 19 55 39 70 24 91 48 35 23 34 5 56 35 36 77 43 97 83 72 70 14 89 46 59 6 67 19 48 55 5 46 66 68 15 65 92 67 52 76 38 53 64 95 11 8 23 33 67 77 40 98 89 72 95 12 15 
28 23 18 10 75 67 69 45 14 23 56 21 81 66 94 50 13 1 5 16 74 86 41 17 19 2 13 22 35 23 97 81 13 39 13 76 48 97 28 77 33 13 41 97 0 14 82 23 41 25 90 31 75 49 21 26 45 21 57 11 49 29 48 62 29 93 19 88 44 46 32 68 33 51 71 57 10 99 98 51 40 15 63 11 72 55 70 73 81 16 95 51 9 25 25 76 13 70 44 14 48 20 61 69 54 78 23 96 14 75 64 44 45 61 60 36 10 69 52 46 82 44 47 39 54 10 93 54 67 89 54 53 61 73 34 8 0 33 96 74 59 16 20 86 58 13 40 86 11 7 11 13 35 65 92 30 78 34 24 36 24 8 3 61 29 50 47 94 44 30 15 76 15 83 39 75 78 32 87 34 85 41 25 55 30 43 99 40 20 67 97 11 84 53 3 58 22 47 38 42 88 15 28 17 93 24 73 53 5 78 10 47 18 91 53 96 18 10 95 50 36 34 33 74 12 86 27 28 51 47 80 85 70 41 6 73 93 71 45 39 3 82 9 53 84 68 57 2 19 2 97 99 66 10 92 69 6 73 66 12 79 20 92 61 88 60 46 48 59 80 19 34 36 14 71 8 38 2 41 23 17 58 81 19 62 29 77 49 64 82 73 82 52 20 95 92 12 32 67 75 87 22 1 44 0 40 77 1 15 7 51 82 60 19 10 10 60 37 60 81 45 55 24 68 65 24 92 41 40 80 78 13 21 90 36 60 23 37 99 75 1 20 36 83 33 65 40 29 12 71 62 73 44 30 82 68 94 28 17 17 38 38 50 19 53 32 11 79 33 13 96 7 63 29 90 7 82 12 52 27 54 55 3 50 55 89 8 1 63 79 18 7 1 72 72 7 59 80 52 79 
55 83 20 32 85 9 45 81 20 75 50 53 66 65 46 75 5 78 77 52 48 15 48 43 61 83 27 24 64 86 27 51 15 97 48 14 99 90 77 42 59 80 93 13 16 97 32 60 82 14 98 32 5 86 35 2 78 79 56 75 6 89 45 91 2 73 12 45 53 50 97 72 80 81 66 81 17 30 72 29 46 20 99 81 74 37 46 71 47 36 55 62 74 83 54 16 41 68 3 46 44 26 61 65 89 7 80 21 31 37 83 15 17 54 63 99 7 96 22 50 94 65 43 12 9 42 77 45 86 74 70 0 50 38 98 61 0 22 0 91 40 70 28 65 19 42 66 51 12 75 14 15 79 51 69 17 25 3 79 14 59 87 49 16 0 93 44 6 84 26 82 13 70 37 4 68 4 81 46 92 38 41 11 59 24 10 64 30 64 46 27 4 79 38 2 32 38 21 10 66 48 90 41 39 31 2 23 27 24 39 24 42 55 84 77 81 54 66 57 30 73 78 70 70 65 97 52 14 57 32 45 12 34 19 82 75 82 44 96 54 99 52 83 50 13 42 83 57 89 75 95 25 19 24 23 16 35 34 73 26 63 95 8 29 45 94 32 31 30 64 80 41 46 59 92 55 10 8 5 48 54 0 23 51 88 61 15 22 40 58 66 86 50 62 32 12 53 56 80 38 69 50 38 25 47 38 18 61 96 30 33 53 67 7 69 73 75 51 10 81 60 80 22 48 20 40 20 69 94 24 65 93 2 10 75 53 51 35 79 1 1 7 88 53 45 94 56 18 60 46 83 28 79 82 26 24 99 23 21 53 67 17 92 19 17 36 66 17 39 31 51 34 39 25 41 70 77 34 97 7 75 16 83 80 9 46 13 20 90 21 55 58 79 58 16 0 86 76 64 90 
58 46 39 12 5 90 97 10 77 67 27 87 96 51 29 96 62 94 16 38 77 35 81 63 91 4 86 16 93 61 61 51 51 35 99 20 43 27 39 53 95 36 7 2 19 29 86 12 18 84 22 73 32 85 4 85 4 51 42 76 10 80 88 96 0 24 14 1 44 16 89 89 14 54 56 24 52 76 21 12 53 73 8 86 2 7 31 22 50 99 79 47 85 5 54 62 44 7 57 95 54 20 7 24 46 74 47 54 87 77 47 25 12 60 10 96 25 93 79 85 89 80 18 62 19 60 38 32 26 17 91 66 28 61 66 73 70 14 47 19 32 67 47 54 33 79 19 15 80 90 71 94 54 1 38 44 58 60 29 34 24 54 73 11 74 73 10 61 0 62 14 44 44 4 46 83 25 96 19 19 0 27 4 82 71 3 4 49 3 3 22 8 41 90 47 21 49 17 54 95 79 80 57 75 61 26 44 9 29 20 52 81 31 24 86 92 34 62 11 89 67 39 86 39 85 64 48 45 87 69 59 23 83 63 50 30 37 30 12 3 83 59 80 64 34 17 92 80 1 94 8 77 76 9 96 54 92 89 36 29 45 29 56 5 88 42 21 13 10 32 31 17 57 93 59 29 57 98 42 79 98 15 34 16 44 37 5 94 2 46 60 15 23 76 86 82 3 86 21 26 98 0 88 48 22 1 34 30 25 42 97 0 15 12 55 38 29 34 37 77 16 48 64 39 10 20 29 5 98 3 27 67 35 53 44 71 77 72 8 85 80 82 93 99 42 43 24 39 41 66 55 70 68 18 43 63 68 47 72 35 14 64 39 28 7 69 2 2 28 59 10 38 15 34 2 13 34 66 19 40 7 47 0 42 27 47 22 13 51 34 43 78 55 83 48 59 77 38 71 74 
6 20 88 59 71 66 38 84 11 46 12 61 63 18 83 51 26 58 13 77 53 13 80 20 58 74 66 46 61 9 35 62 11 15 17 86 3 38 28 7 93 46 62 8 0 35 25 92 95 16 83 33 92 31 56 25 25 54 2 60 23 18 49 18 39 78 30 79 82 89 98 47 32 72 18 27 92 74 21 41 0 85 96 95 63 26 90 99 26 79 16 10 43 80 46 42 22 75 50 28 98 85 20 54 12 94 56 49 90 66 72 19 3 37 69 31 9 52 71 96 91 5 95 91 81 41 97 43 88 76 90 19 86 40 71 51 49 57 7 39 30 61 54 25 34 8 78 7 28 54 66 80 90 92 84 31 81 23 15 8 33 55 85 31 98 23 3 75 59 69 27 87 1 61 14 35 19 41 22 85 27 92 45 57 18 3 82 18 71 7 19 6 17 56 0 41 2 22 43 40 90 82 29 80 65 23 44 5 52 81 90 52 34 81 88 85 74 7 50 5 91 93 2 43 33 25 19 48 14 12 56 40 23 80 17 31 75 22 41 36 60 76 29 93 53 91 16 27 20 72 68 99 33 33 0 45 39 45 17 52 34 91 82 79 68 50 18 82 95 56 77 4 99 78 12 18 12 76 21 28 19 38 43 76 38 98 88 44 60 3 27 45 42 69 36 39 70 49 17 4 74 71 64 31 93 75 98 70 79 77 6 7 31 81 71 69 92 49 78 18 85 20 72 48 2 51 6 14 42 41 58 61 74 37 52 19 98 22 77 14 78 22 12 64 16 80 41 41 69 62 31 25 36 24 69 8 26 57 53 76 22 54 72 14 41 76 36 47 2 17 86 80 46 91 54 11 98 84 97 16 19 5 7 1 35 42 53 38 10 26 49 7 56 24 15 50 69 28 50 40 
93 86 63 91 1 19 89 37 37 14 42 79 80 94 45 20 33 40 57 72 31 88 1 5 83 18 36 53 36 55 66 64 55 66 32 35 12 28 49 9 53 87 1 9 2 33 22 12 49 20 97 80 79 53 62 74 6 14 7 32 0 40 70 33 8 25 40 25 96 88 69 40 39 66 26 82 87 81 58 45 37 87 84 22 0 58 55 64 35 18 55 94 3 82 79 7 69 70 92 68 51 28 29 84 13 10 88 35 50 15 12 29 44 49 86 20 80 55 13 73 37 11 33 39 68 2 28 20 88 78 19 68 95 60 15 11 96 50 19 99 55 99 48 94 22 18 60 92 29 83 75 8 84 76 84 95 35 40 50 22 79 30 6 58 23 51 84 69 9 55 76 98 82 17 43 7 83 74 58 50 33 36 54 22 76 99 77 87 24 24 24 37 56 72 33 97 82 87 71 80 66 29 71 88 95 73 45 85 7 0 16 0 98 92 38 42 81 2 67 66 75 33 68 35 1 56 99 37 34 74 17 14 21 12 39 18 6 22 73 18 10 85 64 80 75 84 86 80 67 78 39 77 72 68 6 34 24 8 97 31 90 37 5 87 89 47 9 31 75 41 24 49 0 85 25 49 68 32 35 20 30 55 97 63 83 81 39 26 3 83 74 85 42 56 53 89 17 84 64 0 78 26 1 55 89 28 41 36 61 40 60 95 71 65 36 24 60 12 75 49 49 12 7 42 34 94 93 58 87 69 45 24 39 61 49 34 54 10 16 56 86 0 78 80 84 76 13 92 3 53 25 53 69 24 91 67 90 73 62 41 46 91 88 63 2 82 52 57 1 30 7 61 59 91 44 63 66 91 35 60 61 52 78 33 73 55 47 54 82 27 4 35 70 6 12 41 88 8 65 40 
39 26 66 23 12 42 91 77 46 87 7 47 96 4 29 62 0 76 86 62 34 49 34 7 3 5 65 43 3 85 24 12 9 68 32 15 57 41 23 65 14 9 20 69 90 30 15 23 22 61 13 39 50 51 13 9 25 54 84 48 69 7 67 80 13 1 2 0 58 56 51 15 0 34 23 35 37 34 80 80 79 88 52 34 50 97 40 1 40 15 33 28 20 87 7 28 25 68 68 75 28 47 63 28 26 17 24 84 83 76 71 37 8 2 54 86 71 2 88 24 60 57 96 88 10 60 99 21 80 55 37 58 57 21 52 83 50 9 86 80 86 0 80 83 75 23 28 32 63 40 37 93 21 88 47 55 73 84 36 30 13 76 81 67 22 11 18 0 95 65 97 52 24 1 40 13 85 3 69 34 28 65 74 5 0 48 57 89 95 97 89 75 94 88 61 46 16 1 68 84 17 82 3 23 56 1 23 36 38 97 2 18 80 22 95 98 63 80 12 10 39 60 0 88 54 15 61 1 13 59 87 78 67 20 5 9 17 34 8 2 67 35 6 72 53 7 1 58 15 2 96 99 53 21 17 10 61 21 88 66 67 77 95 74 67 15 66 55 69 93 16 45 2 43 50 42 93 35 4 17 29 96 14 32 37 48 66 28 43 34 75 5 53 94 23 40 68 66 68 35 47 85 75 41 9 54 62 38 30 44 51 13 67 51 62 79 66 25 76 75 0 21 77 4 22 44 7 57 22 14 51 84 39 76 83 8 50 72 93 31 43 56 35 0 67 22 91 6 7 95 21 58 28 55 7 85 12 5 92 16 46 68 16 31 81 16 19 80 55 0 52 22 60 12 88 10 27 39 82 40 33 15 13 65 19 8 4 27 42 82 98 22 86 74 51 34 25 6 65 1 
50 16 38 70 88 76 13 49 45 96 98 69 5 34 72 64 69 24 29 71 12 31 80 53 91 44 35 80 72 38 78 57 65 30 8 63 89 95 90 7 52 63 36 10 31 49 57 64 39 51 66 88 6 23 75 72 9 32 4 13 4 52 53 50 55 23 41 54 2 71 72 47 44 6 8 42 3 47 68 88 51 68 58 6 56 92 23 80 85 60 56 46 86 80 31 91 80 15 78 17 19 94 55 14 49 33 53 70 62 35 82 36 62 33 6 85 10 80 35 95 29 18 72 14 35 1 87 69 96 26 10 62 13 69 38 95 63 54 3 28 26 68 15 21 33 32 97 14 64 60 35 44 19 0 31 13 45 52 78 51 27 79 58 89 2 60 98 22 42 15 48 46 36 27 54 98 15 58 16 40 66 84 84 31 97 3 31 8 61 53 59 17 25 4 66 61 91 79 82 75 82 30 93 48 45 76 64 35 95 6 98 8 9 91 54 73 73 62 60 82 48 16 67 23 46 63 33 34 32 93 15 75 71 53 13 52 88 35 16 13 31 10 8 20 3 79 84 33 17 47 35 87 13 65 10 38 10 89 84 96 30 92 93 89 1 37 97 72 48 39 87 55 69 4 97 78 41 58 95 15 39 64 28 68 47 83 67 9 65 53 66 60 31 46 87 30 60 9 64 16 63 81 96 29 99 25 42 42 0 97 10 71 10 58 30 28 28 71 95 60 0 29 20 33 37 84 41 20 69 63 20 86 44 6 36 52 36 17 79 2 67 48 62 98 98 73 98 35 79 49 57 28 61 91 5 19 62 86 76 30 82 29 61 48 59 76 7 47 60 24 31 8 17 50 22 3 43 61 7 86 72 25 90 28 30 88 78 51 4 15 84 37 85 44 80 61 19 7 16 18 
55 58 47 8 40 65 71 71 77 5 90 36 95 59 5 84 89 0 83 20 42 29 64 99 28 76 21 46 90 5 43 13 1 38 66 72 71 71 29 65 36 63 7 37 84 63 19 1 84 47 19 82 71 62 93 86 29 69 19 18 15 60 78 25 42 85 85 70 29 33 91 61 52 93 5 33 95 72 60 62 61 53 78 17 37 43 83 81 70 63 35 21 55 14 82 25 58 55 92 65 52 71 58 11 25 24 88 37 60 71 91 59 30 5 46 38 99 84 57 73 1 41 89 59 20 29 94 98 94 76 98 82 23 57 73 48 51 88 89 80 31 68 52 97 2 37 92 16 65 48 43 0 1 84 19 33 67 90 88 34 56 12 3 8 42 83 85 47 63 52 60 95 76 87 61 95 85 11 83 20 27 21 46 46 50 80 60 38 72 64 16 7 21 26 36 55 25 24 85 28 55 22 12 72 8 7 67 77 86 27 5 41 25 9 10 33 59 53 2 30 23 41 3 37 98 23 77 99 4 49 2 60 20 72 14 1 25 62 37 52 15 91 2 71 47 69 86 71 74 27 90 26 29 63 49 14 57 76 1 13 23 74 43 50 55 79 25 62 40 2 37 2 75 46 47 94 65 45 31 39 2 65 95 73 40 91 25 80 72 26 73 60 15 3 54 23 82 91 26 65 18 0 43 26 6 99 96 91 0 69 12 66 56 32 45 43 62 41 44 55 13 88 48 68 54 28 52 41 63 91 93 80 33 80 8 93 77 99 0 1 86 24 70 90 38 32 62 73 13 49 29 65 50 41 3 58 69 92 31 54 53 69 21 43 47 53 56 93 58 62 68 61 44 48 17 65 25 1 52 26 95 66 73 88 86 72 10 13 37 24 27 81 7 11 99 44 3 53 50 53 
50 76 31 33 39 63 40 83 89 83 15 26 91 2 11 39 20 2 28 78 48 76 79 27 15 46 6 9 24 26 63 81 21 96 10 43 53 14 67 19 66 90 44 62 33 51 88 19 54 55 73 23 44 52 36 35 32 2 11 53 84 81 42 66 72 84 52 11 88 29 3 57 29 33 50 45 36 94 52 35 55 27 23 86 79 72 22 29 42 15 41 89 74 38 40 3 97 66 94 19 55 59 24 93 44 65 43 87 98 63 26 39 51 13 7 26 95 15 32 45 65 16 13 56 98 77 84 68 66 11 95 9 49 74 77 4 81 74 48 56 98 13 11 32 74 19 84 36 43 43 70 32 85 83 34 90 76 25 43 50 37 19 77 52 20 96 55 41 6 84 87 21 64 18 42 88 20 43 31 99 94 70 81 45 18 54 37 19 44 36 60 80 8 97 77 49 59 66 90 0 53 54 4 73 8 68 32 29 17 62 55 95 66 1 17 57 80 42 78 68 54 8 49 2 74 87 97 91 42 80 85 93 85 50 99 37 55 12 36 55 26 52 14 1 94 56 69 47 52 63 68 24 6 34 67 37 58 99 61 2 97 53 20 5 2 70 31 92 79 82 79 77 5 93 60 16 62 42 38 75 80 0 80 68 53 21 80 52 90 50 81 98 96 23 84 36 63 51 80 18 73 98 96 15 47 68 7 40 34 25 64 77 77 11 73 6 57 67 24 91 93 56 27 92 63 40 69 60 34 65 23 55 9 63 96 37 77 30 48 65 26 83 93 6 88 50 32 45 99 86 10 10 23 41 98 23 38 49 42 67 6 55 88 4 76 38 95 56 49 35 45 12 67 85 16 53 55 14 0 46 44 48 27 78 4 92 76 92 9 10 48 24 39 3 94 60 12 67 12 95 
53 75 10 28 3 51 59 90 56 67 10 7 70 39 99 38 56 38 74 94 44 3 98 40 61 87 90 47 3 82 48 86 43 46 83 25 63 56 59 2 97 40 85 11 71 68 93 51 99 43 55 21 0 95 53 5 60 28 75 18 19 35 6 46 73 48 91 40 55 94 27 48 20 7 7 78 25 30 17 16 21 75 79 93 7 76 41 53 61 82 10 52 78 98 95 30 94 80 54 40 76 79 80 36 64 38 77 16 90 75 21 13 39 70 96 55 51 16 33 64 18 5 10 57 79 26 71 6 89 15 49 86 96 76 9 50 0 46 61 66 41 1 26 66 71 0 39 50 98 44 41 25 20 60 84 38 38 64 89 90 12 61 12 32 9 73 79 87 34 75 43 28 2 29 95 48 98 76 11 14 98 40 18 40 88 44 96 89 86 44 85 7 10 30 98 32 53 10 29 87 1 9 34 64 45 67 29 70 5 43 94 12 45 67 56 21 40 94 1 41 73 82 32 60 63 1 92 29 18 78 72 0 69 67 67 96 25 75 11 60 70 17 68 71 21 15 22 61 94 44 11 11 26 82 78 98 87 28 97 32 7 58 64 92 6 39 34 11 80 32 55 87 75 18 98 11 21 54 89 27 32 2 32 17 89 67 78 80 94 61 46 8 40 82 64 38 44 15 82 54 30 39 53 2 30 2 80 48 21 45 41 35 40 14 53 34 26 46 61 10 28 93 90 53 84 2 41 90 52 92 51 31 41 85 74 29 13 92 93 27 16 32 65 42 65 58 97 35 77 83 30 4 34 84 10 60 25 90 70 81 24 2 38 49 98 3 22 9 3 17 46 19 48 46 89 86 86 51 2 18 35 94 30 91 86 29 6 47 30 6 36 86 25 44 63 1 1 92 12 88 
40 9 34 25 8 41 86 50 17 81 0 81 74 15 77 42 61 30 37 97 15 25 26 26 51 60 69 81 66 27 65 33 0 4 14 72 68 87 64 59 5 36 16 12 83 33 62 73 0 21 20 83 77 80 41 99 63 20 93 76 58 75 76 45 54 38 62 84 53 9 42 19 58 8 98 93 3 26 85 49 41 75 94 43 62 91 16 83 19 73 59 34 87 21 14 10 76 18 49 77 65 19 13 77 20 28 13 75 52 88 51 73 58 36 92 44 67 26 32 2 49 95 50 32 19 37 91 91 74 90 99 68 25 13 40 98 99 62 26 27 4 0 76 97 53 16 1 10 68 77 41 18 8 74 6 41 96 47 54 61 46 32 98 60 37 74 32 84 71 76 20 18 73 29 80 86 64 62 2 98 30 87 70 81 55 61 92 93 12 31 63 38 65 97 19 25 18 76 1 22 8 43 72 81 65 33 21 79 26 60 94 91 91 53 20 10 44 13 64 17 10 84 15 20 31 36 60 92 34 73 2 5 83 6 49 40 27 18 38 28 74 32 74 65 44 27 98 42 66 58 97 0 13 92 18 15 12 7 77 52 71 42 95 7 66 43 8 13 26 77 5 66 74 3 26 61 98 77 53 88 73 24 96 94 63 25 15 74 9 36 50 61 23 15 53 47 62 0 97 50 44 26 6 0 93 33 89 46 40 27 9 40 85 79 20 43 83 8 95 97 84 53 82 64 8 71 48 21 72 62 55 58 44 97 98 82 27 53 64 48 9 53 93 99 54 91 54 56 77 16 17 92 71 56 65 40 21 84 99 38 98 85 10 10 38 78 13 12 8 33 6 92 95 50 9 79 64 99 5 32 65 15 86 80 96 13 20 25 73 40 63 81 74 57 84 5 90 8 22 67 
32 7 28 29 65 35 38 39 99 12 38 36 51 19 74 92 93 66 55 52 26 48 72 50 67 74 18 67 8 80 70 34 59 16 2 71 39 44 96 80 7 42 9 91 19 65 32 40 85 53 1 48 55 72 29 54 4 99 15 20 20 43 44 46 18 72 55 95 17 97 42 20 36 5 65 17 37 77 49 44 67 24 83 1 88 91 82 80 55 97 33 81 35 58 5 45 99 86 3 67 83 69 77 82 34 17 43 26 89 63 56 5 33 57 12 63 65 11 84 24 79 40 20 61 75 16 21 57 63 44 27 90 69 26 72 6 78 1 2 63 72 87 58 2 38 69 97 11 74 50 63 98 40 32 17 32 81 52 31 46 35 28 23 85 23 10 44 73 46 82 63 63 0 28 66 88 74 51 30 52 23 49 18 91 30 85 20 63 42 93 20 90 1 31 82 74 41 26 13 10 16 20 65 58 39 23 33 66 29 25 30 55 0 72 94 34 9 42 84 49 28 84 75 15 19 77 53 40 71 94 42 89 30 79 77 9 31 28 86 48 59 85 73 46 42 31 70 40 37 88 86 47 29 57 28 21 43 62 39 91 5 21 0 27 30 59 23 3 74 51 58 90 16 64 28 52 67 93 71 96 70 39 29 75 75 64 49 86 59 85 37 0 56 69 30 19 22 31 14 88 74 52 25 29 88 26 19 58 76 48 29 70 0 87 38 15 56 40 16 36 86 48 67 66 82 16 49 5 80 36 90 45 61 46 66 44 60 75 25 78 22 66 11 6 16 20 64 74 3 47 81 6 7 21 4 17 25 63 16 2 43 83 13 9 74 34 6 60 14 18 87 19 3 8 97 65 36 1 48 89 31 91 37 45 8 81 84 10 7 98 96 72 79 17 0 84 37 4 4 11 
67 65 69 53 1 22 40 10 49 64 22 91 6 73 16 76 4 4 97 28 38 93 28 58 60 57 66 63 89 96 69 15 36 94 54 76 79 39 0 25 8 71 5 72 43 8 61 3 75 37 92 83 36 7 25 77 86 54 73 36 52 38 40 64 99 90 22 49 84 81 8 99 63 31 78 53 70 2 16 75 69 34 44 16 7 53 75 59 93 63 81 90 97 74 38 92 38 37 6 60 78 50 41 35 32 48 44 16 31 42 7 50 98 13 47 94 38 63 5 47 81 77 39 2 76 39 55 85 63 22 34 91 40 75 47 81 97 1 64 40 22 39 59 2 42 31 21 81 29 57 84 26 46 92 19 14 57 86 22 35 88 7 85 52 94 0 45 62 40 4 21 94 51 90 79 79 10 84 79 70 0 7 19 62 88 72 16 29 93 87 47 80 20 86 36 82 16 56 99 49 76 39 24 80 11 43 9 40 44 31 88 11 83 37 95 97 72 85 18 11 14 70 12 70 3 56 14 82 66 65 46 90 49 59 40 25 76 33 97 93 53 10 10 87 94 58 3 19 56 70 39 85 5 78 2 32 77 53 76 47 48 61 98 77 71 88 90 85 67 86 72 86 14 19 26 39 97 3 72 26 5 68 8 38 95 45 48 75 50 13 65 65 18 37 38 51 54 17 22 45 61 40 66 16 61 35 43 5 72 56 73 96 44 23 88 18 30 21 84 46 94 79 86 88 16 37 91 59 74 12 39 84 40 92 82 22 4 98 58 16 83 89 87 53 99 15 61 70 8 47 86 77 13 60 63 29 94 93 56 98 7 67 38 42 78 58 37 56 45 20 62 0 7 58 66 59 96 96 99 29 71 79 7 40 79 5 47 63 89 20 74 71 25 55 2 56 25 38 82 47 
22 84 65 78 70 6 69 96 58 85 35 63 81 96 3 20 28 95 47 58 51 24 57 30 4 12 76 53 51 19 14 2 70 8 3 33 49 98 65 20 41 40 57 1 44 96 73 16 92 85 58 11 82 95 28 3 48 82 91 61 38 11 0 41 88 14 37 9 37 18 93 29 32 87 8 62 90 29 21 0 75 66 5 81 96 42 79 63 30 40 72 65 52 72 17 28 46 27 51 47 40 2 38 73 21 55 93 30 54 0 29 61 10 61 99 88 95 29 15 97 84 35 35 80 76 19 81 4 75 6 88 46 80 6 88 39 27 43 3 54 96 33 83 94 27 35 45 13 89 71 44 33 47 88 83 14 38 84 83 24 39 53 77 34 64 74 38 0 34 89 91 69 52 4 43 44 24 88 3 99 76 6 85 80 88 80 81 39 86 86 20 85 70 30 9 4 43 33 92 99 94 31 97 47 42 76 78 61 63 20 24 50 3 20 59 57 6 42 80 20 80 35 31 30 96 47 65 39 91 0 63 96 55 78 52 16 70 67 95 15 42 39 17 99 62 26 34 60 0 97 57 52 0 21 29 47 77 38 80 19 91 11 35 27 69 74 12 1 88 79 79 81 88 84 81 41 96 84 45 34 4 8 47 56 2 25 33 68 78 51 51 52 11 54 99 41 81 3 58 53 96 69 86 48 92 36 73 28 31 41 40 30 81 76 43 46 30 79 36 6 21 64 94 43 67 72 24 29 5 49 26 89 78 45 47 47 48 75 72 80 10 3 40 48 59 73 92 4 9 3 73 48 99 28 20 87 91 59 49 31 54 99 43 15 99 2 99 58 15 53 19 74 53 20 37 96 33 3 35 2 77 68 85 94 37 94 62 77 67 29 87 28 5 78 30 69 5 25 53 70 
81 58 5 85 37 37 66 99 65 42 36 7 23 67 56 57 89 19 75 68 55 51 62 47 36 82 26 83 61 15 30 49 70 14 51 78 44 46 4 88 82 1 14 47 20 12 41 60 13 63 76 40 35 45 1 92 89 39 32 15 80 58 90 78 2 80 1 51 83 63 30 40 8 34 82 46 18 67 69 3 95 54 36 5 72 18 41 16 38 85 72 23 20 99 32 42 33 21 54 94 2 87 37 78 36 55 7 25 23 84 79 67 89 91 16 0 4 0 25 46 93 55 25 87 95 29 64 47 79 5 35 59 74 40 21 70 20 20 50 62 50 35 48 75 46 7 35 24 60 69 1 54 57 91 32 85 28 66 35 4 97 68 91 60 45 60 85 92 49 55 94 0 34 43 27 31 85 11 7 73 17 26 99 25 2 35 84 23 27 76 33 5 65 49 63 7 85 76 41 5 47 55 12 40 57 53 45 48 56 9 29 4 62 23 81 22 99 68 38 68 83 12 89 87 68 26 10 68 72 0 10 40 31 51 72 16 18 29 34 84 74 77 27 64 2 68 19 85 86 37 1 49 70 50 72 65 91 9 57 41 72 99 16 13 55 76 25 51 29 87 33 78 55 65 17 1 59 52 62 34 62 64 74 89 7 82 94 95 76 51 44 88 32 91 26 13 5 70 52 2 54 99 91 75 11 91 70 56 72 88 62 98 31 3 16 72 34 55 38 86 41 0 74 61 79 50 49 11 95 5 56 16 5 52 63 37 22 40 19 96 92 44 46 52 58 80 8 46 67 2 96 49 29 15 71 10 59 1 65 87 43 24 98 37 42 59 78 35 1 37 48 17 89 36 50 17 41 57 90 84 78 44 69 12 51 86 21 45 63 56 97 34 96 77 29 37 41 80 39 18 
22 75 4 43 14 72 52 55 13 66 57 89 83 19 65 80 85 43 93 5 35 46 5 55 69 78 22 49 94 67 23 12 62 85 87 31 99 76 98 81 34 41 30 26 15 87 27 4 38 15 54 59 99 25 30 30 8 48 13 68 10 88 14 91 65 97 90 24 28 91 80 76 37 88 20 85 88 26 80 12 86 6 90 97 27 63 12 55 92 43 89 51 43 98 71 39 4 53 97 35 97 18 95 10 48 81 28 89 67 70 51 40 69 51 13 14 43 17 38 35 97 54 62 12 66 7 58 82 17 19 47 31 22 73 14 58 61 98 13 83 1 68 9 77 59 28 92 59 19 67 33 85 67 47 41 69 68 9 16 62 78 76 73 12 64 60 18 76 66 83 92 13 16 96 97 82 60 11 55 10 40 77 60 66 10 52 50 26 51 53 25 63 57 99 94 38 33 39 91 65 93 26 72 82 58 42 0 64 44 81 49 10 76 94 96 17 34 70 76 17 69 38 4 47 24 6 91 98 58 17 60 68 60 42 83 90 86 18 42 6 47 90 51 27 44 60 85 22 80 9 96 8 21 90 18 24 82 47 0 7 48 27 94 9 29 90 46 97 75 23 54 40 69 22 92 58 81 29 50 77 86 9 42 90 90 79 99 77 31 79 80 77 61 17 32 56 83 63 7 60 19 7 41 6 47 37 93 62 33 78 51 55 89 81 37 16 78 2 90 39 38 26 83 81 71 59 91 54 46 57 2 63 57 40 50 93 11 58 1 59 34 71 57 7 94 75 65 1 32 71 75 17 69 48 83 18 68 9 59 94 70 40 90 84 45 15 70 28 26 82 53 30 63 23 80 97 35 73 95 85 16 54 11 31 55 77 45 52 90 43 67 13 7 11 56 61 55 71 24 23 
93 9 77 18 83 72 67 66 82 64 59 9 42 71 62 13 92 80 28 72 24 56 83 90 41 12 8 65 39 10 17 31 70 75 56 27 76 72 11 33 33 3 8 3 38 29 35 40 12 94 74 97 73 97 88 49 88 17 77 93 69 46 57 51 91 84 98 90 65 0 76 62 90 88 87 62 48 54 7 67 76 27 91 7 91 70 66 62 64 39 51 31 61 48 27 59 47 79 5 1 30 16 33 30 83 45 63 39 0 92 97 91 74 55 4 10 77 95 8 42 17 25 79 38 51 40 16 12 98 37 98 15 27 71 62 56 10 44 29 20 34 75 34 91 3 26 33 75 15 15 15 48 60 29 97 23 55 98 87 9 3 42 60 49 32 99 84 72 66 51 33 48 43 57 86 55 19 87 53 33 37 92 26 20 39 37 64 64 37 50 81 26 56 10 25 49 69 54 91 55 15 42 14 63 65 77 60 51 83 28 64 77 91 72 90 71 31 75 1 64 14 79 73 55 44 29 57 86 42 45 86 59 81 59 68 66 21 26 4 56 13 67 92 94 74 24 63 64 49 1 16 87 80 86 52 61 59 90 9 28 39 0 10 51 60 81 52 52 52 49 76 29 67 1 14 32 32 4 4 36 31 16 8 94 49 27 9 59 85 87 57 8 32 99 46 8 44 23 10 45 76 46 37 2 99 21 5 67 26 83 50 69 23 51 1 40 47 10 45 6 14 18 32 45 74 9 83 20 89 38 77 66 95 33 62 56 63 97 59 40 32 91 12 61 96 12 8 73 52 63 36 0 95 16 94 96 63 20 84 54 51 14 78 26 28 49 25 13 10 27 28 14 79 6 6 83 57 37 69 38 23 33 61 92 14 16 93 71 21 34 23 54 23 42 65 33 74 52 78 80 
92 52 57 53 5 29 26 88 44 3 43 42 67 89 45 71 88 60 31 48 42 48 41 13 55 20 45 92 83 84 82 34 24 12 14 78 4 80 34 3 28 58 87 49 42 83 47 75 1 90 72 95 12 74 92 30 68 74 14 34 86 78 4 1 24 19 22 40 46 67 70 68 13 50 40 23 87 59 8 51 2 87 37 10 93 79 36 85 83 9 61 15 31 18 50 52 71 53 98 51 21 13 83 71 99 30 71 21 58 73 3 23 69 31 1 87 99 81 40 71 50 29 34 27 14 71 1 0 81 65 13 52 0 99 25 41 54 92 71 26 91 9 85 32 52 10 2 81 57 54 45 55 87 6 68 15 79 31 47 40 98 76 64 78 3 25 55 21 78 90 89 87 38 30 46 57 94 12 29 73 47 55 31 53 77 52 24 26 86 72 48 76 3 10 6 25 29 75 45 96 3 21 65 43 3 25 17 58 38 28 0 74 60 32 52 90 31 78 53 97 47 91 76 56 70 59 84 49 32 21 69 65 62 17 26 30 34 98 38 75 98 88 87 56 6 48 75 69 35 37 96 27 86 36 74 9 76 55 66 7 79 23 76 36 49 13 61 12 68 77 58 25 13 22 22 20 76 57 34 6 32 49 85 12 43 10 58 6 29 29 43 78 18 24 57 97 93 47 13 82 83 5 65 36 27 30 55 60 42 61 74 94 34 34 11 40 43 71 21 31 6 18 0 71 46 89 10 81 91 93 51 27 44 52 87 10 44 54 37 66 29 53 10 3 53 20 54 64 56 25 95 81 9 63 8 89 45 38 39 99 69 28 34 27 0 64 58 37 72 65 34 90 7 77 71 20 97 2 84 63 72 1 19 59 80 37 68 64 8 7 57 71 85 68 79 59 45 18 25 8 
47 42 6 43 61 65 20 2 10 13 62 9 25 47 42 85 21 87 67 24 15 52 84 66 97 28 58 30 89 2 34 0 41 30 3 1 63 64 98 23 32 90 43 71 69 67 47 56 38 96 50 58 27 52 11 95 31 30 34 36 94 63 13 95 90 81 66 32 98 84 84 66 35 34 32 48 38 12 67 79 98 47 53 13 86 4 7 78 42 64 31 74 34 31 92 59 62 15 94 33 64 75 35 27 27 56 0 96 50 92 33 38 1 29 71 1 49 92 79 87 17 55 27 31 36 56 76 0 58 87 8 63 79 86 11 47 45 35 69 35 4 33 90 34 82 34 20 63 25 84 44 99 46 67 23 59 72 11 80 68 76 59 23 74 73 77 47 9 91 50 19 14 80 84 22 37 39 90 9 30 37 4 90 6 80 0 82 34 97 84 21 66 49 25 73 83 96 63 20 77 35 86 23 9 42 77 84 6 39 61 38 34 88 96 80 74 71 89 18 33 85 55 30 31 42 86 18 65 43 18 13 28 79 99 45 22 38 99 8 34 10 46 26 64 68 87 50 53 71 8 7 56 55 83 73 52 18 42 47 24 25 28 51 77 57 77 4 87 28 92 0 35 48 18 90 71 12 94 81 34 28 63 14 97 11 22 26 30 4 0 32 92 4 2 97 24 67 15 9 63 56 46 37 28 50 17 98 35 72 53 89 85 27 35 63 50 38 74 38 41 62 2 72 98 55 36 92 78 75 11 63 74 14 10 74 45 74 19 13 64 16 52 33 23 46 72 97 34 34 60 1 71 19 26 60 30 6 45 80 26 44 95 23 69 14 16 37 99 13 72 19 63 28 66 14 39 66 25 88 61 52 24 42 22 66 21 39 38 97 99 16 64 38 40 5 91 76 48 94 77 
27 23 25 27 72 57 71 6 99 16 98 8 88 61 2 5 29 71 50 0 84 16 93 73 85 18 16 49 77 13 86 48 73 61 99 49 96 39 53 70 26 35 44 78 27 21 92 9 99 96 53 23 7 73 78 4 77 4 84 9 3 36 97 54 73 6 64 83 32 81 80 61 53 11 69 3 27 6 97 69 96 55 35 7 86 66 80 57 10 80 67 33 92 98 14 21 17 54 33 12 92 71 15 51 58 40 71 76 38 69 77 29 76 41 4 17 26 39 82 12 76 24 6 13 98 92 2 49 23 65 13 77 36 80 26 86 16 57 42 52 18 86 67 13 59 18 61 8 13 27 41 22 63 25 72 99 91 41 64 84 49 71 65 52 9 38 59 32 34 32 95 47 13 52 39 58 66 54 98 69 80 52 20 90 63 3 90 73 53 80 45 52 10 39 9 36 69 59 95 60 50 71 2 38 45 49 78 75 47 85 62 42 80 20 56 60 32 50 11 43 54 68 64 20 26 10 56 21 26 40 61 55 71 19 90 64 60 75 4 25 19 51 26 73 43 24 61 89 59 61 9 11 41 50 14 69 45 92 71 68 2 5 55 12 33 88 48 25 13 87 80 74 67 95 86 66 19 44 22 12 26 2 80 75 46 54 95 26 50 61 81 56 39 58 81 7 40 26 83 86 76 57 43 72 37 62 61 47 7 79 96 42 90 71 81 62 49 0 46 91 23 32 66 33 55 58 88 57 60 89 64 66 37 13 5 79 11 68 95 14 50 83 18 37 68 41 92 93 14 56 16 16 11 91 36 72 92 18 96 24 93 28 15 85 68 2 48 97 35 1 57 86 78 94 29 67 43 51 80 83 85 45 60 58 95 88 17 75 1 39 32 87 7 72 51 23 21 21 35 8 
23 81 39 80 70 5 76 11 30 47 42 8 22 44 39 56 49 16 97 5 50 70 64 31 66 17 44 21 64 95 28 8 49 67 56 39 50 96 48 30 47 7 94 40 69 85 92 27 86 3 89 87 91 86 70 86 2 59 91 82 49 58 36 99 59 20 49 35 62 63 9 59 5 17 10 80 18 80 60 30 82 9 93 7 24 78 63 63 79 33 12 3 8 6 6 67 96 40 81 0 30 25 94 82 51 27 25 55 9 69 62 37 46 69 36 12 97 89 70 14 26 45 86 74 90 17 91 3 32 27 41 99 26 87 48 24 31 61 93 89 67 3 92 32 84 20 66 79 42 20 53 8 1 69 46 85 25 21 22 84 43 53 73 87 74 41 54 24 88 13 95 99 62 28 43 12 37 66 93 10 39 87 16 20 2 50 51 16 94 7 32 25 33 57 12 49 46 99 73 98 66 77 2 64 15 70 25 48 10 83 78 40 16 94 40 38 19 0 18 77 94 11 0 54 74 85 18 96 26 89 68 38 5 87 74 24 31 46 86 92 6 19 12 26 54 33 77 31 78 39 55 74 0 93 75 47 70 83 8 36 87 31 80 21 50 45 33 84 61 55 9 73 96 53 73 90 43 79 54 10 70 50 89 71 39 97 17 21 89 36 58 5 11 60 56 94 71 20 53 3 40 87 27 33 82 39 29 83 28 65 4 95 14 94 13 30 89 86 53 7 35 96 31 68 0 1 17 54 73 23 66 9 18 48 72 91 31 63 9 81 34 8 2 91 36 95 34 73 73 46 60 45 41 18 84 48 68 30 59 7 96 32 33 87 62 99 87 76 79 18 65 93 67 41 65 8 55 17 25 83 98 79 49 24 73 31 29 33 49 43 49 71 9 61 65 52 52 56 88 98 
21 0 68 50 85 91 12 5 91 60 77 41 54 78 73 39 97 32 0 72 89 91 32 78 82 95 36 80 51 51 68 44 59 36 19 48 59 65 76 83 28 92 43 18 12 50 59 34 7 83 96 72 86 76 55 66 49 54 7 75 41 72 91 79 20 64 73 11 8 26 61 56 86 52 94 50 60 29 44 62 5 88 99 5 51 20 79 89 44 62 32 70 49 90 92 78 37 18 11 24 38 91 42 15 45 17 31 65 66 29 36 22 81 21 18 71 44 0 99 47 33 79 23 24 20 67 88 29 68 75 36 3 0 28 72 65 89 31 10 56 50 87 50 58 1 56 84 63 8 76 56 78 47 4 12 26 12 81 62 32 42 43 45 18 94 25 10 52 66 42 10 42 13 27 10 59 88 71 90 4 37 32 62 4 49 34 26 27 66 32 43 32 51 1 86 7 36 25 57 2 89 70 68 4 69 89 14 24 2 80 47 11 38 35 36 92 5 41 45 3 42 6 31 16 20 35 38 69 62 90 84 23 36 2 11 48 51 37 31 97 34 36 28 95 35 74 7 83 74 97 10 94 13 10 1 52 7 95 66 61 16 66 8 25 52 95 24 80 75 86 76 35 42 26 60 28 65 89 74 32 52 46 17 69 33 99 1 85 1 6 93 5 62 22 49 6 50 77 50 32 70 5 99 36 81 8 96 46 18 76 14 7 31 31 89 23 39 54 89 38 59 92 68 15 48 78 2 70 69 80 54 63 46 82 28 51 39 8 80 78 63 83 42 16 35 69 35 12 88 7 26 79 68 17 62 3 35 77 3 67 84 4 95 60 1 93 28 33 5 91 43 15 52 42 47 84 92 80 26 25 79 42 19 21 11 44 4 72 65 45 98 91 5 52 19 42 10 98 43 52 
61 57 46 9 90 40 60 10 55 52 19 5 63 30 77 23 46 11 14 22 31 28 68 18 3 98 63 82 64 44 52 87 28 10 68 41 23 18 54 75 14 77 65 60 42 97 87 17 20 20 35 13 10 27 72 94 81 84 57 90 41 0 12 30 90 21 82 86 21 4 5 33 58 14 73 63 99 17 7 20 17 48 67 38 56 62 76 53 13 59 21 66 96 87 86 18 96 36 51 12 62 42 64 54 40 97 39 76 29 91 37 90 20 71 71 12 11 73 84 66 34 2 30 68 1 78 11 98 28 33 60 20 80 67 60 18 10 60 86 94 50 67 86 98 11 4 59 79 30 51 45 54 12 35 53 90 12 0 30 62 0 61 57 69 86 97 92 47 90 72 58 2 21 48 66 89 37 33 6 47 48 45 11 80 15 80 46 15 33 68 28 83 58 72 73 11 75 6 1 79 94 41 93 82 90 28 0 93 43 76 41 53 55 52 77 84 43 62 24 56 16 45 64 40 16 21 1 31 93 51 2 30 40 78 52 13 81 45 49 45 7 58 52 93 18 57 43 54 28 77 27 55 29 20 40 61 16 2 56 40 99 12 16 22 74 65 18 0 75 32 53 97 6 39 82 89 89 35 23 55 3 57 52 14 92 33 57 19 36 9 47 74 69 89 39 93 46 48 1 41 58 69 50 74 84 14 67 63 32 41 94 62 94 2 19 97 1 8 1 61 51 39 69 1 59 97 42 26 67 16 97 66 75 27 63 83 82 85 0 62 31 22 83 63 98 51 71 63 9 24 24 51 37 96 11 50 77 9 2 14 49 25 99 63 82 96 14 41 74 54 97 95 18 75 20 91 80 45 77 32 10 15 21 93 98 48 16 44 79 17 70 28 36 34 19 50 16 50 4 42 
33 94 65 64 5 84 77 21 62 28 97 52 85 31 29 40 42 38 57 68 69 33 71 84 72 5 28 41 99 82 36 60 0 81 69 71 89 89 99 45 38 48 46 0 63 13 92 19 41 76 90 32 68 85 4 10 65 72 87 76 69 44 58 47 42 59 97 8 80 46 6 60 34 89 64 47 22 49 25 39 63 76 66 15 78 93 10 79 23 68 15 21 76 36 92 97 30 11 59 30 7 98 89 13 40 70 16 93 56 86 52 83 12 87 94 14 16 24 0 6 18 1 89 42 90 45 32 52 2 23 62 85 11 10 53 92 79 49 22 99 72 22 7 83 24 96 5 31 19 71 31 24 91 43 8 31 94 81 46 99 57 81 96 85 50 31 69 34 39 52 29 52 97 7 59 79 32 29 20 53 33 78 63 35 44 41 97 6 20 2 11 35 27 78 82 71 34 98 86 14 39 76 38 4 37 78 58 24 2 76 86 36 92 73 99 93 82 8 36 49 47 89 43 67 48 9 91 42 81 2 95 60 1 52 44 67 47 59 56 17 0 34 40 28 43 39 16 62 42 65 64 3 77 78 65 83 15 4 56 26 69 18 25 4 44 18 96 14 35 62 13 98 88 35 10 6 81 46 29 80 90 62 77 5 53 20 9 47 27 97 68 15 81 41 80 63 16 12 1 48 85 14 32 92 32 15 11 6 20 84 63 37 60 23 29 54 71 57 81 36 45 94 40 94 20 88 3 60 70 43 28 30 33 1 53 26 58 14 87 94 19 26 49 61 19 46 61 10 75 79 58 5 98 33 7 43 8 27 47 32 52 91 29 51 67 25 61 80 96 39 40 32 22 4 92 62 98 57 12 61 58 3 95 19 46 91 66 68 76 82 71 93 79 36 19 31 19 75 44 43 
5 35 87 7 21 98 8 26 27 25 36 92 94 93 18 88 49 15 69 75 76 92 8 6 95 30 67 50 6 27 1 45 45 19 15 4 24 43 12 20 69 18 17 46 8 1 95 71 32 55 23 59 40 55 65 36 81 60 68 85 26 44 69 33 71 40 90 34 87 60 1 53 20 12 28 63 40 98 67 65 53 97 28 12 48 49 55 69 47 19 75 71 28 8 59 96 9 53 76 69 50 25 42 12 40 47 33 12 79 13 50 16 34 30 78 91 33 11 2 32 39 68 27 8 41 53 92 0 82 49 26 45 1 66 44 65 57 34 19 20 95 23 99 47 97 14 82 75 37 61 65 29 63 36 25 21 43 36 60 60 10 55 16 59 76 63 22 88 27 27 31 79 10 57 47 26 96 45 83 9 89 6 48 45 29 58 61 65 96 97 98 65 14 68 77 66 28 84 33 38 42 40 4 74 90 70 61 65 85 86 7 63 1 8 97 6 43 37 14 24 10 31 78 49 12 56 38 86 59 80 40 82 26 98 31 52 89 33 22 25 50 6 74 72 66 13 25 55 79 80 88 75 79 88 49 26 25 23 42 0 19 28 48 33 67 56 95 53 6 1 13 6 42 46 61 29 90 54 27 73 76 64 13 89 42 98 3 56 1 72 98 83 74 20 69 45 54 12 37 82 88 19 95 54 9 12 4 23 99 19 64 90 2 69 74 34 23 18 99 74 25 17 1 71 74 36 54 89 73 96 89 70 5 87 68 63 3 48 26 39 31 80 47 49 29 43 82 38 30 88 10 28 43 68 72 29 13 75 64 10 10 9 38 41 0 85 71 68 36 36 8 57 76 28 86 67 57 73 71 26 14 68 11 42 5 74 87 16 73 23 30 34 83 55 65 51 37 53 53 86 
56 26 25 47 69 80 1 7 22 48 97 81 49 5 55 89 89 55 49 88 17 54 29 27 42 42 5 49 28 78 69 76 43 40 6 47 66 65 22 77 56 93 77 52 55 32 2 16 9 66 14 26 53 25 40 8 37 13 87 78 33 5 80 42 41 0 70 52 34 36 82 33 59 38 15 10 98 2 15 51 8 1 0 9 8 84 88 98 82 82 26 43 28 62 57 32 94 66 98 23 91 32 92 4 27 79 10 59 63 21 3 98 61 18 12 73 60 27 33 3 92 99 99 11 74 1 77 43 46 36 90 43 4 12 33 33 93 86 78 63 82 81 13 42 14 18 17 86 32 73 46 39 79 17 69 10 41 90 91 46 38 77 5 60 21 87 64 8 15 29 69 47 39 96 98 42 6 69 33 45 96 27 4 64 55 24 97 96 54 16 24 57 8 24 60 82 75 54 15 62 90 86 80 66 31 64 21 7 77 6 72 37 45 81 58 84 31 16 27 86 54 57 8 5 34 82 62 50 44 33 22 70 47 31 6 0 36 3 51 84 67 7 71 15 45 79 33 14 49 52 62 27 59 39 14 97 50 95 8 59 25 60 66 56 8 44 61 26 20 19 99 5 48 46 90 89 53 17 96 51 21 1 99 59 75 79 59 17 98 74 53 6 62 59 35 53 99 79 53 83 89 36 46 42 88 4 76 37 37 83 52 29 17 95 89 51 84 44 94 62 76 69 78 41 84 41 52 72 79 55 79 35 41 32 20 48 59 1 73 59 50 76 48 70 46 42 9 66 24 24 48 39 58 98 51 50 65 3 86 37 35 27 95 79 51 5 16 86 62 53 47 85 90 21 73 2 12 82 58 28 10 89 57 0 75 82 31 45 30 30 44 81 25 56 44 2 74 41 75 65 
63 20 84 9 43 30 55 64 56 94 61 26 9 5 95 10 63 13 70 96 20 55 43 51 0 6 31 88 20 42 76 35 95 25 96 83 71 31 29 8 44 60 98 38 35 50 81 43 18 19 77 5 26 37 70 3 80 9 47 82 12 65 72 30 59 33 56 21 56 7 4 30 81 62 76 43 19 88 5 54 40 32 16 36 51 19 58 73 85 68 77 91 18 53 90 58 17 76 23 1 29 96 31 71 36 89 56 42 73 45 64 40 93 83 11 43 49 96 75 42 99 21 97 51 62 72 67 73 99 90 51 59 65 84 35 86 39 97 57 37 93 91 29 11 5 45 40 12 59 17 32 69 70 78 70 22 12 4 11 41 99 79 77 61 62 48 11 35 60 49 92 87 55 20 81 22 4 58 42 90 97 18 82 55 82 84 52 65 88 18 37 6 15 86 71 69 27 52 68 30 62 6 60 13 87 78 39 37 86 98 11 18 99 55 84 51 84 86 56 31 54 70 1 86 38 56 21 70 88 76 50 24 9 69 54 33 30 29 96 37 75 13 31 99 81 67 3 13 86 38 54 68 30 4 37 19 60 37 42 49 85 87 76 17 96 8 89 57 6 95 88 41 64 18 47 97 75 20 46 13 1 27 5 17 13 48 78 80 73 49 71 16 74 42 43 15 53 96 38 93 92 15 54 18 75 67 23 4 97 24 62 68 10 76 62 49 17 85 75 94 0 76 4 46 95 49 50 44 75 8 65 40 9 12 10 78 34 14 18 9 7 84 39 5 19 82 32 29 40 48 42 92 31 77 92 72 68 68 38 99 86 26 57 94 59 67 13 11 95 88 45 91 21 52 4 60 74 41 84 83 92 61 75 22 54 82 11 92 66 15 58 29 46 28 59 47 64 76 27 21 
12 48 44 31 99 3 61 86 81 52 6 33 3 32 7 40 55 85 63 61 71 22 99 52 79 35 6 84 26 59 55 18 3 28 73 95 86 31 88 78 82 21 13 95 15 89 78 83 87 19 5 99 88 8 24 38 10 3 59 83 63 19 10 60 58 62 91 53 40 82 66 72 16 54 42 79 54 11 39 62 2 23 52 87 66 50 6 67 25 56 65 55 10 82 76 50 24 23 4 1 3 57 90 56 87 60 56 91 63 35 42 70 84 3 41 0 71 40 89 26 13 21 1 1 78 58 12 69 21 51 81 89 97 8 21 59 66 87 40 98 29 14 21 41 50 1 71 6 85 58 24 83 63 31 31 87 5 76 50 76 61 58 45 7 32 11 2 21 23 83 5 97 94 21 42 93 14 99 60 6 39 3 72 54 89 86 42 72 66 56 67 39 96 92 81 99 94 89 11 92 61 67 84 43 13 51 17 82 58 75 20 59 12 29 32 96 81 58 15 77 61 33 43 74 70 36 92 3 21 55 0 6 12 65 36 20 54 83 99 14 92 85 84 17 66 6 45 76 53 55 17 17 66 97 65 42 63 11 43 89 32 78 35 2 44 31 74 76 73 84 79 3 66 83 12 33 80 95 94 78 55 85 13 68 9 58 30 78 87 41 21 20 31 39 13 0 90 62 74 52 70 39 90 76 55 95 87 13 78 8 32 59 70 95 50 70 66 13 73 35 86 86 3 21 34 13 12 33 12 58 95 83 62 24 72 74 34 83 14 0 4 77 91 89 9 2 5 56 61 10 7 3 68 10 61 11 41 59 16 76 7 18 94 66 83 95 72 76 49 45 92 91 82 53 38 19 54 94 10 21 39 52 48 24 78 44 82 38 68 52 13 18 40 16 46 27 82 99 79 46 
7 14 6 16 52 73 86 6 16 27 20 54 18 29 87 14 54 26 86 78 79 25 34 21 69 58 20 20 56 2 52 57 80 61 72 98 2 65 50 24 39 25 83 5 8 15 56 0 2 62 47 0 22 30 51 99 23 89 43 61 83 22 96 23 40 64 21 21 72 37 59 20 99 19 4 88 27 71 97 58 96 93 95 71 25 71 77 40 27 89 96 24 28 64 55 11 95 29 81 98 14 21 76 91 72 74 11 43 44 49 87 4 38 66 18 84 1 72 64 10 40 9 54 15 36 20 76 58 45 73 5 4 65 1 42 7 98 59 55 72 16 13 49 66 66 95 61 93 76 8 39 87 85 71 47 34 98 34 19 18 62 12 97 40 75 80 36 87 85 11 45 5 74 87 9 89 50 66 95 48 91 80 3 94 52 61 96 39 57 37 49 86 47 98 56 36 14 83 47 24 6 41 17 33 1 10 71 25 89 68 13 61 7 69 95 0 28 76 47 56 39 14 6 70 34 90 39 18 28 86 3 28 63 92 26 45 31 43 76 0 83 25 99 70 30 44 0 84 69 44 68 1 83 69 33 59 88 46 26 74 51 85 39 82 93 79 52 52 47 2 7 60 32 65 28 77 50 64 5 34 59 65 54 84 45 58 19 48 42 96 84 50 29 63 32 82 1 19 4 66 77 19 58 24 68 52 33 78 6 4 75 23 86 74 22 47 65 93 92 13 94 5 41 56 60 90 65 5 85 68 42 56 1 13 22 57 87 53 1 27 49 59 46 61 98 45 80 57 27 69 19 43 6 9 50 63 87 88 95 2 15 82 53 88 47 94 74 1 17 5 13 78 53 46 29 75 47 52 91 79 3 4 8 1 72 15 19 72 74 66 21 69 90 20 14 57 27 20 91 79 
22 84 41 10 1 1 77 34 13 8 79 35 45 0 44 99 58 29 47 42 60 20 48 51 5 16 60 16 65 36 28 56 62 98 12 32 61 44 13 20 80 61 57 11 85 14 83 26 19 65 91 93 7 66 56 98 94 0 48 83 5 10 11 42 61 95 42 79 49 50 6 92 92 94 29 91 75 54 88 81 83 36 98 46 22 35 96 81 52 9 62 69 4 26 40 28 48 90 44 83 65 17 95 54 30 33 22 46 12 83 64 40 74 62 5 43 29 20 65 37 75 83 41 46 68 91 92 78 9 36 50 36 57 91 29 23 4 32 21 48 10 51 22 95 48 63 8 58 33 93 62 92 55 65 81 83 86 30 15 73 38 58 15 91 21 73 28 90 92 52 2 29 34 92 83 79 29 62 26 27 88 50 96 77 88 1 71 43 63 88 64 68 53 77 56 31 37 51 87 63 68 93 64 50 29 27 38 71 5 88 67 77 31 3 82 37 30 73 55 14 17 30 4 31 12 60 76 33 66 32 42 59 10 87 63 30 21 32 56 96 28 38 68 0 50 88 45 27 73 66 68 17 86 7 38 11 65 38 72 67 18 10 38 37 89 69 16 53 56 34 77 53 86 45 17 80 78 24 48 47 73 36 3 31 21 58 11 95 34 10 64 67 86 99 59 37 44 16 91 96 93 83 84 58 95 12 29 34 65 52 28 77 55 7 12 64 53 6 74 87 34 17 27 29 11 0 29 80 81 4 19 97 3 45 98 35 76 14 45 1 45 32 97 6 69 74 66 21 68 96 88 67 17 67 29 71 51 65 78 24 39 45 85 27 80 73 14 21 75 58 92 53 32 76 74 37 72 3 97 65 29 92 53 96 31 4 96 15 80 34 49 80 86 55 64 43 63 43 5 95 
9 25 91 19 92 19 52 82 49 60 62 88 16 78 8 42 24 75 41 73 85 98 20 65 90 54 93 71 40 47 14 17 59 31 54 62 36 79 30 34 50 82 5 78 25 90 2 87 44 98 39 15 69 6 43 77 87 29 95 62 79 32 58 60 3 28 48 66 27 62 17 60 61 44 29 84 36 51 90 57 35 27 19 79 54 91 16 23 9 41 51 97 36 0 65 3 55 72 30 15 75 61 60 8 28 24 63 17 9 38 33 23 77 51 36 60 7 35 4 24 20 86 69 15 79 33 98 74 26 54 51 86 7 20 48 71 69 68 90 82 52 47 2 1 46 66 32 51 48 10 85 10 88 60 76 20 24 8 66 78 23 35 52 87 99 7 45 20 31 26 19 77 25 62 74 20 86 68 11 3 41 46 7 91 74 66 29 40 72 48 48 98 92 15 60 48 7 69 18 67 26 84 82 33 37 51 32 51 38 20 67 32 2 49 62 91 40 10 35 4 69 67 32 62 72 62 0 31 7 15 80 8 98 98 2 3 74 1 69 11 76 63 45 46 31 20 13 36 16 30 31 31 16 63 16 42 39 80 47 95 19 69 82 48 59 62 91 41 77 58 17 94 74 33 55 82 72 11 32 76 92 71 76 1 26 90 66 91 29 9 6 88 83 7 81 2 53 39 23 58 35 48 15 42 2 42 29 39 90 90 64 63 98 17 19 27 25 50 26 36 82 92 69 59 52 61 44 99 20 92 23 94 82 20 44 38 66 66 55 77 95 17 29 63 56 48 68 44 27 35 13 86 34 46 19 47 60 15 44 10 36 58 46 86 72 41 23 47 1 89 76 85 80 67 86 90 24 19 86 52 90 91 19 24 89 19 97 89 28 72 28 87 73 9 65 29 72 1 81 40 
10 94 96 78 58 74 4 0 93 19 93 80 92 16 7 14 48 99 2 47 21 57 17 22 3 52 83 15 33 6 53 5 63 38 44 1 15 84 22 59 14 45 71 15 24 60 86 64 45 73 23 47 89 78 39 60 67 1 90 64 21 18 16 7 23 45 68 60 29 1 25 81 45 22 53 9 90 61 31 27 45 39 39 9 98 67 29 16 31 34 98 25 83 15 54 85 58 43 11 89 22 83 32 89 5 85 34 74 50 8 67 2 49 55 19 47 95 39 64 86 33 72 48 5 51 33 54 27 32 63 6 83 32 73 76 52 10 5 64 15 72 12 17 29 19 22 27 39 75 64 95 15 7 67 36 77 69 26 17 97 41 39 40 67 14 98 93 85 80 17 83 35 80 39 86 65 53 75 10 88 52 96 11 18 55 11 81 72 1 32 46 8 49 41 94 92 35 75 94 12 31 66 24 31 6 35 14 73 78 56 13 27 53 80 11 95 39 96 60 50 55 81 54 43 84 78 71 70 17 40 64 1 11 64 11 26 6 5 52 65 57 36 67 83 86 76 0 55 29 53 8 67 27 47 28 7 6 58 68 78 27 49 94 37 69 91 87 72 44 37 88 93 48 62 29 44 11 68 58 17 52 15 50 40 89 67 29 38 76 60 1 83 81 9 53 43 51 67 24 17 72 43 87 94 78 15 46 62 4 55 4 13 72 54 2 12 2 92 89 62 84 38 81 85 11 82 12 59 2 79 84 70 22 83 21 12 39 15 91 14 53 26 66 19 84 6 35 92 36 28 19 79 87 74 41 40 65 82 88 98 67 52 84 2 7 40 2 33 19 45 55 39 30 57 78 92 82 51 13 10 80 33 31 99 10 25 36 5 7 78 33 23 24 46 67 9 57 15 80 27 
42 35 95 42 59 76 49 31 93 64 26 32 75 52 50 48 7 19 15 27 18 58 78 38 15 61 31 20 86 64 18 73 28 75 51 14 40 95 62 13 10 30 83 82 71 85 8 58 32 16 49 50 88 93 23 60 46 61 0 22 52 95 14 96 33 30 58 15 30 50 39 93 87 33 55 42 38 16 72 43 40 47 3 79 30 49 81 84 27 17 23 31 1 4 76 94 73 0 73 65 27 60 76 39 17 97 31 62 94 48 55 61 46 18 92 45 5 68 36 82 97 71 36 92 92 2 54 49 4 89 43 9 49 98 46 63 88 78 66 49 73 75 77 48 72 63 97 13 51 51 43 7 28 97 2 76 32 27 1 21 7 37 9 22 62 60 61 22 20 72 30 40 90 71 61 82 33 59 50 1 62 54 71 54 88 44 74 83 11 97 84 45 32 19 66 76 48 90 4 51 70 10 55 66 77 69 75 25 45 50 10 63 8 81 56 95 48 91 95 10 36 20 68 1 60 16 67 68 5 55 4 62 20 93 99 19 14 53 60 44 56 83 58 10 47 91 13 18 78 28 98 79 95 58 68 49 8 76 24 25 11 9 92 48 24 57 3 20 65 90 64 56 46 44 1 83 82 65 62 20 45 9 43 77 92 22 34 26 86 19 4 99 97 22 77 44 96 46 41 51 6 74 42 87 27 51 36 17 65 36 64 40 82 59 9 13 79 79 90 46 76 32 99 42 39 55 6 98 90 67 73 91 33 79 55 76 11 29 15 40 31 54 87 35 19 74 36 33 92 82 37 40 53 9 27 63 96 20 36 35 49 70 15 9 22 34 74 68 42 38 17 45 34 91 74 67 57 86 21 68 47 39 83 9 61 76 57 1 78 81 95 58 25 69 41 39 97 91 76 29 
65 41 78 18 5 41 42 47 56 63 84 86 13 74 39 39 75 34 56 57 76 57 54 83 93 85 54 44 66 17 45 94 18 40 23 74 92 46 47 60 49 76 36 76 36 98 62 89 37 83 78 58 98 53 21 70 67 74 40 44 54 2 72 83 42 1 68 86 63 7 52 8 94 66 46 61 81 81 11 32 54 95 67 28 65 93 18 24 26 27 16 60 63 20 89 89 14 65 20 28 95 8 97 66 21 77 5 22 97 37 59 87 66 41 60 83 47 89 66 28 10 78 49 35 51 68 38 51 68 8 12 63 86 85 59 90 52 25 30 33 42 39 46 82 9 3 49 40 33 5 68 43 63 21 35 45 52 26 28 57 78 42 63 51 45 62 94 49 81 26 61 0 98 47 91 57 55 91 85 2 91 25 94 40 93 93 28 23 52 30 18 68 47 82 54 49 1 18 93 49 30 99 61 59 87 5 50 65 73 90 41 73 74 52 92 71 73 34 2 68 53 68 65 91 74 14 21 72 28 83 89 53 25 2 87 32 23 76 88 69 97 19 84 18 80 43 83 64 73 84 25 4 73 79 8 78 97 92 55 96 87 39 93 90 85 29 82 45 29 45 13 10 28 4 35 60 95 42 63 92 66 54 54 84 43 92 53 61 15 41 76 30 83 90 18 42 98 41 83 81 77 16 36 6 35 35 5 87 81 45 99 42 57 94 69 23 11 55 52 49 60 57 26 73 75 26 19 32 84 5 49 85 90 81 78 91 12 9 67 80 88 35 36 42 44 86 77 29 41 0 63 61 64 67 34 21 30 90 29 29 95 91 33 64 42 48 67 41 92 94 81 82 11 82 21 1 33 87 6 74 45 14 47 30 23 77 59 63 74 77 16 48 47 5 6 18 84 80 1 74 
40 22 30 65 93 8 15 70 22 84 10 23 87 7 78 63 1 53 46 54 74 4 59 45 92 21 37 79 20 31 27 56 15 1 58 26 0 22 13 81 45 7 66 3 75 33 36 16 90 72 66 70 50 39 43 24 10 53 46 36 71 99 91 67 12 38 62 60 71 52 24 43 65 18 41 71 37 9 41 89 54 42 81 88 34 38 59 34 17 13 12 44 99 77 18 57 93 47 2 23 34 82 24 43 13 18 61 74 81 67 15 59 18 10 7 42 78 8 8 34 26 55 8 48 25 5 3 96 81 74 22 63 61 11 0 13 87 43 74 24 31 59 65 13 40 94 58 67 14 79 97 60 15 33 25 90 45 46 87 27 36 71 60 29 44 28 48 62 14 65 53 29 28 24 97 87 9 12 95 84 22 65 39 97 97 5 84 76 8 18 13 75 46 92 47 24 87 9 34 44 22 96 30 22 58 87 92 26 18 53 44 51 34 67 89 4 81 65 60 2 76 87 2 71 3 96 33 17 14 14 67 62 71 79 56 98 95 61 41 53 21 77 21 47 94 73 45 85 9 77 18 62 63 42 45 63 59 42 95 70 94 91 30 89 85 32 12 49 57 76 73 0 72 80 62 16 98 22 72 93 59 75 50 78 95 91 11 39 2 27 0 42 77 8 45 19 88 37 33 60 14 84 59 84 90 25 30 63 91 44 84 87 2 30 35 98 50 61 40 4 52 19 4 50 68 16 76 15 72 19 44 78 84 91 12 28 94 18 45 55 95 85 97 75 9 81 77 0 86 70 47 37 93 22 25 44 84 24 28 25 26 69 28 11 33 19 47 32 38 93 16 20 56 78 34 74 90 5 73 90 13 48 21 94 78 7 33 63 55 92 13 6 36 81 94 27 12 13 61 13 
69 27 79 79 28 43 64 79 12 82 43 35 86 52 25 80 53 20 24 43 31 32 14 57 55 53 6 59 17 5 18 94 3 63 57 51 85 20 23 66 11 28 62 64 13 54 96 42 35 3 87 53 11 79 60 26 72 86 51 35 96 11 25 79 56 51 99 80 49 0 58 51 59 94 99 0 46 50 45 41 73 9 29 47 38 51 50 6 69 52 77 5 45 35 30 16 8 5 12 75 58 32 89 35 20 37 10 95 57 83 57 11 78 22 87 52 10 86 25 96 64 91 54 19 76 64 23 34 71 51 25 3 31 81 13 89 62 18 10 94 66 23 24 2 61 97 21 45 70 45 0 80 72 47 7 56 49 79 97 68 89 7 25 60 4 97 30 2 17 63 39 71 41 88 77 9 4 60 78 8 78 40 96 15 8 99 55 52 40 72 59 35 74 69 25 71 93 88 15 5 50 36 95 64 66 51 24 37 46 73 31 76 10 35 77 40 22 64 40 76 9 63 15 61 3 67 25 90 66 44 85 6 91 75 27 69 41 71 47 33 30 33 11 18 90 49 78 67 57 62 26 55 96 52 85 20 50 68 52 64 39 11 32 93 33 82 17 13 15 94 31 61 66 76 7 61 90 19 43 25 25 17 38 78 58 94 26 28 20 39 55 34 76 86 82 67 41 35 65 80 50 86 7 26 93 6 31 29 2 5 26 52 6 21 56 95 65 67 6 47 90 89 41 6 57 21 46 3 73 8 63 54 95 65 9 78 51 30 82 6 94 51 16 31 40 69 83 88 74 65 28 51 30 26 43 11 78 20 98 57 23 50 62 44 47 37 49 48 76 25 56 5 90 53 80 87 71 94 48 29 54 1 41 24 78 94 12 41 83 7 27 30 81 44 66 21 13 90 8 41 
40 39 3 1 23 31 24 62 39 64 2 20 24 79 64 28 69 44 97 21 1 93 92 65 5 44 8 85 88 74 14 11 80 56 28 94 79 52 28 7 52 19 22 91 51 86 94 5 74 93 33 30 38 8 26 18 18 8 76 97 50 84 94 53 94 96 34 17 92 41 13 14 46 67 75 2 21 95 30 75 27 98 81 48 56 2 72 25 40 61 13 79 54 3 24 75 19 15 38 93 76 42 43 60 30 51 50 71 97 3 17 0 27 13 57 16 93 11 11 99 26 99 92 82 7 4 50 98 56 4 23 10 33 19 49 28 2 89 31 12 63 88 71 22 74 70 36 97 7 93 98 64 30 90 36 83 35 43 90 53 99 28 59 49 73 19 12 82 36 95 89 36 46 18 15 96 0 31 19 23 69 91 66 86 71 69 98 24 73 63 72 80 82 87 70 53 30 80 11 63 30 58 84 80 96 47 14 19 33 98 93 83 66 64 83 15 97 42 85 72 9 62 33 36 67 49 77 26 79 24 7 90 54 2 6 75 72 81 7 33 37 40 71 64 68 65 92 42 60 83 62 24 47 90 12 52 84 86 56 69 16 92 63 27 70 54 28 49 87 14 39 97 8 34 93 42 94 62 82 35 9 73 85 3 71 16 63 4 91 5 70 73 16 16 52 51 80 12 57 90 31 24 29 4 38 85 50 29 12 43 76 11 90 92 33 29 82 96 3 81 18 87 44 62 73 8 54 13 47 74 79 15 81 12 6 36 88 44 62 26 38 15 7 29 84 91 11 50 30 6 34 50 24 12 25 84 94 71 52 13 67 77 46 3 93 61 69 48 48 93 6 64 4 76 82 26 4 60 46 7 12 42 60 55 97 32 50 20 3 26 10 96 0 29 63 58 44 81 95 4 
75 50 14 36 58 72 50 84 60 89 55 39 44 19 24 52 97 35 83 9 73 81 62 81 42 69 62 49 52 94 64 85 30 73 77 61 64 4 30 97 97 7 49 74 23 6 47 42 12 44 7 20 22 32 81 68 53 47 94 39 22 45 67 82 95 87 76 23 2 28 88 5 56 10 93 9 59 91 89 4 62 21 98 11 55 91 86 1 57 77 8 84 43 2 33 59 96 19 14 30 65 83 89 22 80 97 11 63 50 82 49 63 3 96 93 12 60 94 99 37 46 44 35 37 81 13 33 33 52 71 56 55 31 99 79 46 8 42 50 52 3 43 35 18 87 2 80 39 38 60 48 43 8 36 4 77 90 85 12 59 78 9 86 97 25 86 42 48 14 15 14 89 77 17 65 85 98 43 42 38 3 62 6 31 35 13 98 12 1 8 22 41 64 38 83 84 56 45 69 13 69 61 33 77 82 10 56 20 89 90 84 87 25 28 53 90 80 34 58 47 66 92 90 91 57 2 79 5 82 64 57 36 45 60 92 52 41 72 74 28 6 56 2 22 50 70 72 23 97 32 80 13 80 2 12 70 73 77 68 79 41 83 82 25 42 28 2 74 26 12 23 88 35 54 83 5 76 55 56 43 3 76 87 66 93 22 33 45 60 43 95 82 24 93 87 33 32 16 29 0 25 89 47 28 86 30 3 66 50 37 72 72 19 67 60 30 32 55 33 1 98 19 3 23 98 7 60 22 79 82 65 17 10 85 97 17 9 4 99 57 99 54 29 84 60 48 66 54 77 91 31 97 67 58 54 37 53 26 30 35 19 16 91 2 65 98 29 70 46 66 95 60 69 63 6 22 9 62 66 13 88 72 60 1 79 52 0 52 56 0 65 25 16 15 15 98 94 49 80 83 
11 74 6 21 87 80 60 15 48 56 79 48 42 63 87 33 10 25 22 28 91 1 40 22 2 43 96 5 13 10 22 25 79 90 41 11 25 1 55 30 24 79 46 90 29 12 57 18 37 77 88 18 58 55 72 5 41 35 58 23 90 9 2 14 94 12 95 31 11 77 90 19 17 19 98 67 58 22 54 95 34 71 21 1 41 40 16 58 94 97 11 77 37 21 41 45 27 41 57 75 17 81 45 7 38 64 60 3 85 15 69 48 42 45 73 22 36 89 73 82 55 35 88 86 23 48 66 55 56 80 70 66 99 37 6 97 65 42 80 83 83 33 34 6 2 5 86 16 91 50 79 88 86 62 84 98 90 8 50 98 84 39 40 89 61 57 62 41 41 80 25 50 38 37 22 76 52 60 53 15 35 63 13 96 77 22 13 58 4 6 1 33 83 28 24 90 24 5 48 99 74 12 92 80 56 11 81 74 62 21 1 79 78 52 28 7 90 2 83 37 39 66 34 37 58 60 72 76 90 65 34 44 41 40 0 42 19 87 99 97 3 6 72 65 81 60 83 0 80 88 91 67 93 0 9 92 43 87 60 83 44 72 36 27 44 1 58 99 65 89 66 88 42 65 70 88 21 17 47 31 34 70 93 9 37 71 23 65 7 61 51 76 87 19 7 9 92 70 65 75 9 56 57 95 17 19 88 24 56 41 27 1 78 41 32 18 98 0 84 61 50 37 70 78 1 14 11 96 21 61 14 91 51 81 10 87 91 60 78 82 60 0 72 88 31 65 13 78 18 55 35 2 41 45 60 77 52 21 47 74 4 52 85 93 38 48 9 3 32 84 47 61 87 52 37 51 45 74 27 70 16 60 33 83 42 11 26 54 19 23 60 7 7 64 49 60 68 89 79 63 
4 87 60 57 79 8 87 91 40 4 59 64 0 59 69 48 19 36 28 52 33 90 65 1 0 49 71 93 20 24 84 99 3 4 8 27 55 27 58 22 32 26 17 63 22 83 80 86 34 88 85 75 40 76 55 78 81 31 34 26 90 92 63 88 93 4 36 22 18 26 93 3 5 85 0 96 86 14 74 92 17 74 6 56 99 26 93 66 52 37 51 18 54 54 61 17 2 95 83 22 86 9 13 3 75 57 28 89 76 22 66 46 94 68 54 21 22 32 20 75 76 65 89 26 41 90 97 19 90 89 42 35 62 64 9 36 22 26 50 93 60 96 81 0 59 48 22 61 33 46 80 59 52 81 73 32 21 32 0 4 18 30 65 66 62 30 14 64 27 75 2 56 55 80 82 91 39 31 21 57 72 67 92 49 74 22 18 14 23 0 2 30 8 1 95 42 50 73 35 55 68 94 11 87 59 33 74 95 58 65 92 23 31 52 52 90 73 60 65 80 83 97 14 61 54 23 65 60 42 71 53 27 91 73 30 21 85 9 68 34 4 42 94 98 82 41 94 69 41 70 10 60 94 85 49 43 10 85 66 3 34 93 23 38 38 5 34 59 66 6 17 10 69 81 48 82 13 62 59 50 6 2 8 88 90 74 30 34 66 12 11 55 7 59 6 96 87 90 88 59 44 13 48 34 73 47 30 72 60 95 98 81 24 66 36 52 61 29 21 34 8 35 39 24 87 12 74 83 76 60 52 43 17 6 94 30 36 69 39 59 12 76 65 83 23 19 29 38 73 69 60 89 90 17 79 19 51 10 34 93 83 18 69 95 91 12 31 35 78 81 0 96 99 24 92 23 24 13 16 92 12 64 25 57 98 93 50 3 28 35 39 2 11 73 80 89 96 13 6 28 
52 51 28 61 74 12 16 46 17 8 45 90 77 72 0 73 18 36 98 4 88 88 12 56 99 33 12 35 71 75 40 66 40 21 96 32 38 68 49 10 87 31 54 34 19 38 78 86 97 54 52 79 93 53 86 89 85 46 54 96 40 55 32 19 91 33 31 77 70 4 42 81 59 48 46 90 68 58 95 87 19 91 42 79 45 38 33 40 72 28 45 37 42 57 83 37 90 0 22 94 1 87 56 43 47 93 7 81 39 84 54 12 32 63 48 48 70 34 0 94 28 63 22 81 99 9 72 76 47 38 13 77 13 3 58 82 73 35 50 32 28 52 71 78 16 17 41 27 3 91 7 82 21 74 8 44 82 58 84 42 12 67 3 13 33 58 21 72 51 50 10 90 79 85 36 7 83 10 54 19 64 3 15 12 51 22 52 74 43 38 11 49 95 75 21 19 4 45 60 25 67 13 84 63 52 92 42 9 45 98 7 52 88 59 92 36 83 67 26 12 51 67 84 93 42 85 46 38 88 40 64 31 99 73 19 59 59 5 28 64 47 41 43 50 61 30 49 87 15 41 61 93 56 18 11 8 28 62 18 74 60 79 29 64 97 47 60 11 57 4 36 99 31 3 30 2 14 74 67 8 76 12 10 82 59 18 74 48 29 3 71 64 76 9 58 71 40 53 71 46 20 61 50 86 70 83 29 87 31 37 37 19 62 51 16 37 40 13 90 72 20 9 91 66 12 71 95 13 72 47 75 20 5 95 63 9 9 18 56 82 76 16 56 85 2 35 16 12 32 33 26 89 75 51 54 39 57 57 58 61 37 23 20 18 85 84 7 97 50 80 18 90 98 63 96 85 22 72 33 23 81 32 48 46 65 4 33 32 45 43 72 95 47 44 75 87 78 54 21 57 
35 45 80 75 55 82 36 39 16 10 20 44 49 48 0 39 30 11 52 27 1 61 4 79 74 41 4 32 58 90 18 73 66 25 61 65 60 97 29 16 74 69 81 49 46 37 99 44 7 53 94 63 25 95 24 86 62 83 90 23 7 24 85 74 81 36 10 49 10 51 34 59 54 64 47 70 34 81 37 78 62 14 68 76 2 80 48 31 15 42 78 90 95 43 19 35 15 29 95 42 43 42 51 24 11 57 6 65 87 75 77 72 0 14 5 63 34 41 65 11 42 93 0 56 73 92 19 8 67 25 43 56 20 20 58 48 1 38 39 60 31 70 59 35 21 40 62 15 35 22 67 32 77 14 79 78 4 96 30 89 75 84 71 64 14 22 1 74 44 72 46 38 73 71 97 49 58 90 82 88 39 19 57 12 93 19 31 67 38 69 0 23 34 66 54 65 16 3 68 26 59 22 22 44 69 34 8 16 9 90 38 27 24 47 80 83 91 61 61 67 6 43 88 61 44 2 24 55 29 41 92 8 32 62 16 17 55 70 23 12 4 73 22 11 89 12 83 83 5 92 65 15 20 76 91 36 1 26 71 59 75 30 9 1 83 26 4 25 55 9 76 87 41 75 53 8 77 0 59 66 5 4 62 77 8 70 48 91 69 76 41 28 57 87 62 60 58 27 49 33 37 69 7 43 82 67 39 86 18 20 71 64 54 57 97 47 14 55 36 78 8 25 38 74 27 48 3 58 74 41 75 63 85 83 1 23 54 95 82 38 87 4 92 51 51 14 37 13 98 9 10 33 47 17 23 73 53 1 94 41 79 52 96 37 67 43 14 48 16 65 67 88 76 64 70 81 94 8 7 58 37 97 63 97 76 32 16 62 50 53 65 4 53 76 81 67 67 25 77 53 
62 62 45 50 25 35 88 53 46 11 91 94 17 38 30 29 88 85 24 36 53 2 56 48 9 68 56 96 50 57 27 46 83 70 86 70 94 74 74 44 35 27 92 25 15 74 84 25 8 97 47 56 7 94 16 59 89 21 9 60 30 54 43 52 35 44 50 55 19 21 66 73 53 0 42 56 20 95 77 34 26 56 11 9 77 30 32 60 39 27 16 23 37 53 10 38 42 74 26 73 56 36 1 76 64 41 62 46 34 46 28 11 28 90 61 43 43 98 1 27 33 18 72 82 49 74 56 16 56 86 22 85 10 3 98 61 56 67 64 87 79 91 38 24 4 59 4 34 65 5 59 41 49 62 37 88 28 93 48 10 1 13 37 18 63 54 79 21 89 31 15 64 89 18 6 86 40 62 34 23 20 81 81 96 57 94 92 25 84 38 58 89 93 55 64 89 20 8 40 19 19 18 44 92 50 94 81 20 55 37 71 73 2 36 20 35 99 88 41 70 43 56 3 0 21 48 50 12 98 74 54 4 34 91 31 43 61 81 14 30 32 18 92 48 85 71 31 39 14 22 79 29 80 49 7 99 31 64 68 61 27 44 33 30 91 41 19 22 5 53 62 97 57 82 33 69 91 74 15 6 70 73 27 5 50 3 29 91 8 14 13 76 25 66 60 67 8 67 4 92 48 43 29 12 77 41 49 19 98 17 44 43 71 92 92 55 95 59 42 23 1 11 6 19 87 39 96 27 71 70 43 81 69 99 18 11 40 6 57 46 88 59 97 35 85 33 43 73 2 76 22 87 24 3 90 16 28 49 40 36 98 22 48 9 64 60 46 10 94 99 28 55 71 82 62 13 48 82 71 74 75 4 88 88 23 10 35 90 42 34 1 28 7 95 22 57 13 48 0 2 
51 70 95 48 30 48 0 85 92 0 57 75 66 41 32 41 76 88 98 22 8 87 26 19 12 68 26 4 8 73 77 58 23 44 77 24 69 10 79 3 49 83 9 47 11 40 19 38 29 60 61 23 50 88 72 99 31 87 43 55 93 32 12 27 87 49 51 4 4 75 42 32 51 27 22 94 95 73 57 88 25 23 32 65 12 69 67 42 43 34 82 40 92 41 50 3 85 80 21 10 35 69 38 51 27 36 49 12 48 68 93 70 72 41 75 48 86 45 14 59 60 98 43 57 82 68 75 92 94 39 10 21 46 66 58 76 39 13 1 94 87 1 48 80 46 50 76 1 76 25 57 47 94 67 81 62 49 68 78 78 19 92 71 82 65 35 31 44 16 99 47 27 45 7 17 59 18 86 82 47 6 97 82 41 57 0 76 6 34 86 91 87 34 48 75 27 76 92 65 30 19 7 78 27 32 3 37 21 62 56 95 3 48 41 78 25 57 95 2 33 58 14 87 29 45 47 87 59 39 41 3 22 38 14 79 35 45 61 15 64 18 74 39 16 54 21 48 28 70 14 16 51 91 36 14 88 22 37 30 99 66 74 98 89 67 7 90 58 97 41 72 96 20 18 68 26 61 53 62 20 72 30 73 29 51 52 91 90 3 65 81 73 18 66 77 6 29 72 6 60 11 51 96 68 73 37 87 69 87 8 0 87 67 11 14 97 41 18 47 81 55 85 44 96 37 51 8 65 11 67 83 2 98 58 54 8 9 54 95 10 65 43 19 57 63 69 74 14 76 5 18 76 13 15 46 12 81 75 65 99 39 50 67 75 84 11 83 60 32 91 13 72 80 34 79 37 29 11 43 65 90 78 79 8 11 16 3 94 24 43 30 23 64 18 59 27 40 50 30 9 
7 6 56 75 95 13 15 11 3 23 1 32 30 81 78 52 80 48 92 9 24 78 59 57 74 71 54 38 90 63 16 54 32 65 26 36 89 59 3 43 54 87 21 90 28 18 8 60 20 42 77 85 84 58 49 73 53 76 2 81 6 62 68 3 5 98 51 30 96 46 97 74 51 56 67 80 28 5 1 65 27 0 81 15 59 9 36 84 85 42 11 91 8 43 87 77 88 73 48 93 59 60 83 91 25 89 90 29 26 85 92 9 97 24 85 81 51 48 31 49 86 10 78 65 32 21 49 7 79 0 93 93 5 78 61 22 11 12 35 1 66 15 30 14 58 23 57 34 47 11 86 69 8 58 95 26 30 1 37 5 69 49 85 91 44 28 36 11 39 23 69 16 40 11 34 12 71 5 28 43 15 22 63 27 96 34 5 94 70 39 40 92 53 70 49 74 3 26 56 79 8 56 17 91 92 37 29 82 94 17 46 14 3 84 23 83 64 92 80 49 0 11 89 67 25 41 28 27 22 7 4 58 13 45 63 5 79 13 19 76 20 45 24 78 43 31 77 5 57 50 82 0 21 44 88 42 40 47 31 61 25 24 76 90 16 98 10 31 71 78 43 98 74 71 94 60 19 41 71 78 20 2 60 18 11 24 51 73 90 43 50 48 17 21 41 97 12 57 90 67 61 90 49 25 10 20 11 46 59 83 93 29 31 74 25 67 35 49 28 61 63 87 72 24 52 90 39 78 25 68 93 79 18 95 31 12 86 84 92 54 75 45 72 62 32 30 43 40 74 8 47 85 47 73 73 18 35 15 86 78 83 81 92 23 28 90 14 63 20 27 40 60 32 66 12 62 29 4 2 60 18 45 41 2 30 30 86 53 50 60 73 51 43 46 94 49 29 26 73 23 
34 76 52 67 36 76 88 88 0 35 87 75 81 19 18 47 32 94 71 17 2 80 28 35 27 20 89 7 4 77 49 83 47 73 48 43 48 85 85 16 48 26 98 30 86 80 93 0 70 33 39 55 5 48 24 38 92 26 93 36 52 33 65 79 74 84 3 48 77 62 26 94 45 90 34 96 8 26 55 85 62 86 99 78 93 92 5 19 58 94 83 9 91 3 75 23 69 86 86 39 13 95 12 87 62 39 12 41 73 14 67 7 89 67 47 18 80 24 90 46 46 54 54 53 52 19 15 44 79 22 20 99 62 88 15 3 69 89 43 94 52 16 66 45 36 18 66 12 32 11 39 63 74 75 64 64 15 65 95 9 84 10 21 8 47 0 46 24 1 59 60 77 1 92 95 59 81 56 4 83 28 39 86 99 96 61 22 27 76 45 56 67 0 64 31 38 3 13 61 16 58 7 55 77 88 89 7 54 6 33 26 51 27 46 37 53 58 52 34 92 47 46 92 45 39 6 76 94 52 25 53 54 8 87 43 71 1 9 94 77 89 4 28 69 11 93 40 73 14 92 92 38 88 81 31 47 45 26 12 36 29 53 26 58 84 32 96 69 8 2 87 88 40 31 21 44 71 24 52 19 43 60 84 66 75 78 9 89 63 17 84 22 18 4 87 25 80 5 11 6 93 9 94 28 70 72 82 16 83 71 68 28 92 41 12 46 36 53 69 32 35 42 60 74 19 4 53 98 29 76 8 78 57 89 28 43 55 92 6 85 3 85 26 16 75 87 15 37 76 10 27 47 2 3 31 71 80 95 47 66 60 48 98 46 14 88 13 32 35 95 82 80 7 39 99 73 3 22 79 63 17 69 12 86 41 34 49 22 1 78 66 59 99 96 82 29 61 36 41 64 
18 17 54 24 83 26 77 73 88 38 17 9 0 73 20 10 54 8 20 65 26 37 18 55 7 97 19 44 47 23 82 25 8 97 25 2 35 51 48 99 38 30 36 86 46 51 58 26 83 1 9 98 88 8 78 78 45 67 94 97 30 15 47 10 45 16 55 24 84 17 80 44 29 99 60 2 57 51 39 18 98 93 3 81 61 51 34 58 36 53 11 62 60 40 86 60 33 87 93 1 32 7 11 14 69 45 79 26 87 41 18 15 69 63 16 37 74 73 80 9 71 13 69 70 59 44 55 93 72 23 83 66 32 56 56 96 99 8 67 21 3 76 56 60 31 32 48 14 4 8 81 18 72 1 89 18 5 90 88 39 34 83 52 17 49 89 69 47 89 96 56 79 88 29 20 37 19 57 96 56 73 70 48 90 62 10 82 93 57 93 22 6 84 54 93 13 33 50 79 77 44 21 39 53 76 29 87 43 99 24 76 4 91 64 95 68 61 4 85 79 19 94 72 81 88 95 50 74 18 35 53 69 69 62 64 90 46 22 9 21 38 97 95 25 80 45 42 44 89 83 57 21 83 49 23 28 79 3 26 81 15 60 67 55 98 72 34 66 98 76 41 91 32 42 54 47 78 23 22 87 98 82 51 94 52 2 70 23 54 10 49 76 55 92 7 8 33 39 45 85 76 77 47 17 13 57 40 94 40 28 39 7 4 7 38 30 48 80 47 19 75 20 4 98 16 24 63 15 8 51 19 48 76 99 33 44 77 48 2 51 1 41 68 35 91 0 19 93 7 4 98 82 40 37 99 12 93 64 31 72 89 71 65 46 74 36 44 91 52 21 75 66 15 66 29 36 75 6 50 76 79 75 36 23 76 36 1 80 30 40 20 24 74 29 18 36 98 66 3 91 
31 84 88 77 49 91 16 60 4 41 42 30 33 82 21 95 6 62 99 89 83 68 5 21 93 23 36 0 56 22 32 22 40 55 93 90 51 91 58 66 90 56 0 68 53 68 48 68 28 31 40 24 96 15 44 98 77 90 67 85 4 23 35 6 72 13 65 68 57 60 34 58 14 5 51 0 35 96 90 49 29 27 29 28 57 70 26 96 54 38 20 60 19 75 53 11 84 13 5 36 11 48 86 21 18 14 48 64 96 81 90 31 1 6 93 77 6 42 89 37 84 42 23 63 19 36 34 79 98 76 68 16 45 20 38 78 16 76 30 56 30 24 69 13 32 55 53 35 31 56 41 56 59 48 31 21 10 19 69 4 4 30 71 22 40 0 19 69 46 23 34 70 19 81 19 7 78 72 85 35 36 63 30 94 7 70 21 58 78 88 87 18 56 2 17 66 54 59 33 79 86 54 48 96 53 28 75 37 59 19 88 0 6 62 46 10 84 97 96 27 61 63 59 35 40 58 3 50 32 95 87 35 43 7 19 14 14 57 9 40 27 29 55 14 43 72 20 68 14 81 49 7 73 11 30 45 75 0 81 9 35 18 34 9 20 88 51 2 57 51 6 27 35 6 65 94 64 34 22 48 54 14 63 74 84 62 51 83 45 33 94 4 1 29 97 22 59 42 9 66 25 12 86 91 33 57 59 79 2 76 33 75 54 91 79 96 77 22 15 66 33 97 10 57 24 48 77 32 63 13 77 41 76 90 12 66 2 23 32 73 72 78 68 16 71 45 29 6 80 56 90 17 57 40 54 18 42 83 77 50 68 85 98 20 13 30 21 70 95 21 37 41 37 4 55 51 58 9 32 64 77 84 15 40 64 6 42 2 77 25 78 93 42 9 73 62 28 55 93 59 
54 29 86 10 79 41 28 37 29 21 36 88 28 5 71 15 34 14 45 46 0 20 68 59 53 11 94 83 21 15 74 39 97 35 46 32 57 62 61 45 6 53 79 28 13 13 81 71 79 17 96 20 31 34 74 55 1 13 8 31 48 8 95 24 67 61 42 92 50 27 34 87 36 51 18 95 92 82 6 43 12 39 79 87 37 20 65 2 50 80 87 79 9 87 86 42 7 98 25 1 52 12 4 24 66 61 40 61 41 9 49 84 75 76 73 72 72 49 16 98 0 40 97 98 88 92 88 63 31 9 0 27 38 85 66 59 46 0 19 59 20 10 55 85 45 88 46 62 67 47 76 85 48 64 55 17 54 83 80 5 78 91 30 74 32 29 58 72 87 20 87 16 1 21 75 86 30 42 91 1 38 24 36 51 88 90 7 63 85 72 19 95 56 12 72 3 74 17 89 59 1 13 1 89 77 29 99 3 39 76 92 1 17 13 61 62 14 24 21 20 14 22 64 74 73 43 69 37 53 6 77 57 32 3 41 96 50 79 60 33 10 60 88 67 17 98 55 28 88 79 57 72 22 22 52 25 69 94 58 93 75 73 82 81 24 53 78 15 42 31 64 47 49 39 12 94 0 51 97 5 36 67 30 96 3 8 94 76 80 39 31 17 57 85 68 28 85 29 73 22 91 1 59 97 26 56 84 79 11 28 39 91 80 40 12 63 35 72 39 35 10 59 39 51 39 57 9 69 55 65 77 15 15 57 64 48 79 29 14 40 10 72 43 0 14 85 36 37 44 94 47 55 63 74 55 31 70 92 52 20 42 34 3 96 48 19 40 70 43 40 77 63 42 49 6 88 25 91 90 46 8 1 13 31 39 0 46 19 84 15 83 45 18 11 14 53 8 62 59 54 
86 14 95 24 29 41 7 53 36 18 17 15 50 14 78 71 75 97 65 73 31 70 67 17 88 74 3 40 94 15 92 93 7 7 21 29 13 17 60 45 33 98 22 60 10 69 21 64 1 88 27 17 9 53 3 87 54 37 50 71 54 22 59 65 72 15 30 48 17 36 85 19 71 95 64 91 11 90 95 5 82 38 1 93 0 12 35 51 54 53 94 57 84 87 17 21 80 34 87 73 44 72 47 12 34 45 28 50 59 21 95 71 51 11 15 83 99 18 49 18 86 74 31 67 32 94 30 94 27 99 47 62 52 55 18 3 6 19 53 72 41 26 90 80 70 79 20 55 17 60 31 75 88 92 47 0 58 18 1 27 77 47 59 1 8 2 73 84 3 30 40 18 25 52 20 2 1 77 56 75 16 46 49 50 54 99 20 84 74 84 79 8 91 18 90 37 64 13 64 91 10 86 9 46 31 72 36 44 71 51 93 37 7 40 40 20 54 94 50 7 72 72 15 69 27 24 5 43 55 44 53 73 5 71 75 79 60 6 26 95 8 43 84 64 14 22 19 72 83 42 62 86 28 50 38 87 14 9 20 22 31 38 37 89 1 68 7 58 26 66 24 22 3 2 44 73 45 27 4 38 5 79 39 64 98 34 80 85 76 24 78 6 60 89 23 43 46 67 0 97 62 79 31 69 82 80 11 6 24 12 88 94 12 81 54 49 91 31 84 31 38 55 79 19 52 11 93 84 85 58 39 31 85 95 62 93 68 65 13 74 23 50 9 97 67 88 71 42 93 35 30 34 22 92 49 50 72 73 67 7 92 70 99 92 21 48 67 92 49 12 3 74 62 2 39 10 64 47 77 70 10 88 44 53 50 60 98 14 68 63 42 16 45 31 13 73 84 95 74 17 
49 51 25 72 14 15 62 46 95 39 49 93 28 23 87 56 76 54 34 20 32 52 54 28 18 45 5 61 68 8 16 53 52 12 10 23 97 92 0 60 14 16 90 28 17 91 66 20 22 40 18 6 77 6 46 38 85 79 54 40 51 18 1 38 79 60 83 47 44 84 84 52 82 2 61 90 59 98 54 72 71 20 69 74 25 67 67 18 53 74 0 87 23 71 76 51 48 34 27 93 8 0 52 2 19 21 9 51 92 66 74 80 43 67 32 84 90 36 44 21 58 75 5 9 62 1 65 16 44 40 79 32 87 32 49 67 14 0 43 84 95 8 84 25 17 53 75 90 90 69 42 74 40 59 54 70 23 97 98 6 48 52 2 4 31 60 26 14 85 73 95 52 0 20 84 97 15 90 21 78 3 70 32 53 66 45 58 34 78 99 77 32 10 87 85 6 3 84 43 55 53 70 52 79 55 86 47 3 80 94 87 28 79 98 95 42 74 84 83 26 83 99 46 54 43 57 4 97 14 23 34 19 3 32 27 89 87 10 21 20 28 48 76 10 60 35 19 6 64 31 53 61 42 12 26 45 28 50 58 65 62 82 72 5 17 99 91 63 78 47 29 46 71 37 89 62 65 11 63 52 2 47 17 20 7 4 4 16 76 22 75 27 58 89 8 93 13 14 69 12 88 42 0 48 22 89 9 79 94 79 64 69 85 92 83 78 14 61 86 31 98 28 5 25 94 88 28 12 38 91 80 73 23 92 2 78 55 28 17 54 99 10 29 51 81 98 78 3 79 24 5 27 40 34 85 66 78 79 28 97 72 80 33 81 12 42 13 29 15 18 81 38 80 98 75 77 18 1 22 59 70 16 47 19 73 2 82 83 70 77 13 64 62 66 59 96 27 99 84 72 
10 58 92 47 85 53 93 68 25 72 97 7 68 19 64 71 9 0 14 70 42 23 59 37 86 41 15 74 61 50 73 28 49 17 67 21 14 41 48 54 64 84 32 98 71 31 51 87 20 34 61 86 50 42 49 57 23 96 81 0 48 70 13 87 34 72 13 33 79 44 44 14 61 17 90 48 92 70 13 52 10 11 92 80 98 75 12 7 81 29 28 53 45 88 75 91 75 92 63 14 76 34 92 4 42 83 85 66 28 74 90 61 87 74 67 30 74 89 11 80 36 2 17 73 89 20 39 60 74 28 36 57 17 37 44 89 33 34 25 59 21 36 1 23 19 72 69 14 47 35 19 15 28 20 67 97 99 66 63 20 1 27 45 16 95 95 98 79 56 89 7 23 33 31 70 21 10 53 38 32 67 48 52 64 66 87 55 88 42 81 5 81 91 40 94 77 52 6 15 69 69 6 19 55 39 61 95 19 60 73 8 14 3 53 61 19 20 79 80 2 36 7 33 62 80 56 42 16 82 52 10 88 27 43 40 10 63 8 81 25 6 19 33 86 72 94 10 25 95 39 99 28 12 2 92 60 67 67 5 3 23 38 24 18 82 65 39 4 12 41 10 92 78 53 57 36 37 99 1 97 96 16 28 12 86 83 30 82 18 33 29 44 33 51 20 50 54 71 43 50 44 88 66 19 9 69 21 42 77 52 43 31 89 94 38 65 53 49 38 84 64 85 75 31 83 5 56 85 63 63 1 54 30 89 45 46 64 68 16 50 26 88 19 72 12 29 26 56 95 86 48 94 69 25 2 54 60 58 72 70 93 47 57 19 22 75 82 30 38 18 96 63 27 32 54 35 63 9 75 19 7 37 98 93 29 55 87 67 2 95 46 97 92 32 74 38 24 63 17 34 
26 58 66 14 7 56 79 52 76 30 66 13 97 25 33 32 73 84 37 81 60 84 59 34 44 98 40 73 88 58 67 2 58 30 28 30 44 92 0 68 82 87 98 95 62 31 8 12 59 88 78 73 34 81 42 66 97 57 4 39 14 77 24 23 25 80 38 67 97 88 29 66 44 13 64 11 40 55 81 44 48 47 94 10 76 93 24 84 64 97 2 20 19 35 15 64 86 21 75 74 38 11 19 14 60 80 11 43 24 80 20 48 32 44 99 92 50 18 48 24 55 69 61 57 69 59 81 1 35 5 12 29 59 82 98 21 25 60 48 63 86 16 34 92 36 64 86 75 72 66 60 71 51 34 34 53 9 64 33 90 59 20 45 7 33 46 33 73 31 29 3 37 83 85 71 89 14 99 17 16 70 10 48 16 61 20 96 41 72 19 56 68 82 57 89 41 46 92 1 41 74 98 31 95 17 0 22 94 24 5 72 94 92 34 41 67 27 55 12 11 68 12 78 78 92 9 24 61 35 39 49 98 10 85 77 29 10 93 16 43 85 14 23 22 99 45 43 73 59 75 74 21 27 19 98 13 77 8 16 58 88 18 34 2 99 40 76 89 96 48 24 81 16 90 97 70 1 41 97 61 96 15 61 86 24 68 56 71 22 54 54 16 6 84 20 88 61 19 21 89 29 36 91 98 71 0 82 4 23 32 52 39 9 17 46 51 18 70 37 3 77 83 57 52 3 10 78 64 57 48 96 5 40 15 0 1 1 17 87 20 74 19 67 92 40 23 56 87 19 31 61 30 95 3 58 5 17 24 52 59 69 54 40 71 45 63 80 99 22 17 80 4 12 22 75 47 92 14 44 62 82 69 91 90 25 53 92 79 58 70 64 4 86 36 85 21 43 77 31 18 
49 76 52 78 43 81 47 12 33 5 21 37 79 57 64 98 81 50 77 39 60 84 35 79 29 59 88 46 48 41 24 97 32 41 20 18 22 55 96 39 99 82 20 3 34 90 91 78 13 74 89 12 2 49 4 77 80 31 25 67 55 58 76 17 50 66 55 30 84 58 78 93 26 67 32 76 83 82 57 3 99 13 97 50 11 6 40 65 57 56 35 67 76 18 74 37 84 1 54 84 87 20 52 81 10 54 6 72 78 31 22 88 17 87 61 5 33 15 62 27 11 45 11 54 7 63 47 61 76 39 72 11 30 62 55 24 87 36 82 64 55 58 49 57 13 23 96 86 95 52 24 52 53 48 4 36 21 58 66 5 39 72 18 0 97 55 26 85 54 80 55 87 98 35 47 18 97 14 7 33 37 17 54 79 1 11 55 78 12 19 40 30 13 31 96 38 56 57 18 8 5 21 46 74 7 90 63 20 76 92 93 44 51 29 89 56 66 23 64 75 53 46 20 43 11 82 97 73 55 14 86 81 37 94 98 47 30 99 18 91 94 93 75 49 77 57 41 76 60 72 54 83 68 30 99 92 35 95 6 81 58 92 27 1 47 77 80 96 32 29 39 69 55 21 97 3 39 30 61 77 27 17 37 87 62 12 9 74 62 75 94 31 13 5 49 15 25 12 51 69 59 97 31 8 67 83 62 58 73 21 6 10 43 56 86 66 57 88 21 60 29 98 62 90 17 93 95 75 33 47 28 40 41 11 1 67 34 57 30 95 0 97 75 0 84 19 29 92 55 74 16 70 7 44 61 83 12 46 17 82 61 0 51 51 20 95 70 55 60 89 50 53 22 9 77 21 90 11 49 70 74 2 81 1 99 60 40 0 59 42 45 83 67 58 83 98 58 93 26 22 
13 64 98 69 24 92 24 24 69 0 91 95 52 28 13 92 75 0 66 55 3 79 76 98 6 76 12 75 98 68 68 34 29 33 5 37 75 3 3 37 94 98 55 59 4 27 43 95 2 50 68 96 66 39 21 95 34 83 83 8 63 73 69 31 77 22 92 19 21 54 42 1 99 80 64 83 62 92 52 75 80 35 30 93 90 91 25 23 38 39 68 76 27 44 40 31 87 21 7 67 64 41 79 67 57 64 98 78 41 3 20 74 8 19 59 80 97 58 15 70 4 80 58 96 81 41 70 68 93 64 85 27 83 80 55 63 5 64 66 56 71 96 38 79 84 29 20 52 61 86 17 38 51 73 70 3 61 4 18 18 57 13 54 45 73 38 21 34 41 37 28 21 67 23 3 87 71 35 4 70 1 1 3 9 63 91 80 69 23 65 21 31 45 36 99 92 48 8 66 63 35 38 3 38 21 91 22 8 34 7 56 81 52 20 19 6 57 11 19 54 67 7 87 77 83 43 28 65 67 30 57 82 17 97 4 34 13 25 40 65 99 18 48 33 36 79 46 33 47 75 75 51 81 99 31 64 33 72 8 59 42 0 32 0 21 40 30 98 67 41 76 54 27 12 7 35 52 66 14 7 82 67 30 79 97 97 77 78 90 37 28 30 65 66 3 36 10 5 6 13 28 35 59 56 10 36 17 22 84 56 87 83 42 73 85 19 0 45 23 57 10 52 67 26 8 31 23 90 80 26 84 23 82 95 21 58 9 40 23 26 64 79 41 70 72 79 2 46 20 70 38 76 52 34 66 28 63 48 88 39 59 75 99 68 6 60 37 61 46 42 25 71 40 13 19 46 18 43 1 96 38 90 37 92 74 38 53 75 2 62 97 2 75 30 51 17 89 20 23 75 
10 99 10 46 8 95 13 73 21 27 90 1 87 71 70 72 63 90 11 68 13 62 27 47 88 70 93 97 65 89 36 58 58 3 95 98 49 13 16 91 94 28 0 22 41 70 97 60 43 48 84 2 0 99 57 18 90 42 5 32 92 64 72 46 77 18 51 39 89 38 0 82 8 45 55 46 66 95 19 16 67 45 73 69 48 40 48 72 5 99 86 75 68 96 2 81 86 39 7 6 5 68 40 8 38 84 72 89 68 73 12 41 53 13 70 21 59 4 28 40 89 97 65 73 47 59 71 25 39 72 83 98 26 13 21 8 26 83 19 95 9 86 55 82 54 88 54 39 50 0 68 70 98 27 58 34 96 7 63 45 19 19 22 12 90 42 66 35 7 87 59 37 96 0 4 96 86 77 66 30 22 20 12 19 21 19 4 27 94 53 5 22 10 57 24 34 23 75 76 16 53 8 13 83 85 4 25 85 34 26 34 98 54 44 82 86 76 67 35 82 11 61 97 15 28 62 15 50 31 84 54 59 0 30 88 59 83 38 83 99 44 9 12 8 77 72 67 20 85 76 40 30 58 47 12 92 52 81 76 71 68 28 49 49 84 36 53 91 12 30 61 98 98 47 11 87 41 55 70 11 62 14 99 20 31 83 66 37 1 68 82 6 73 89 81 84 5 52 99 62 43 91 73 48 42 56 65 55 37 34 96 61 61 57 79 2 42 56 78 43 48 73 26 22 66 29 9 7 63 68 75 53 60 23 79 3 90 91 99 60 76 1 64 85 96 81 45 55 51 12 13 13 42 89 31 15 46 37 38 67 90 13 85 70 0 44 12 87 84 46 64 83 88 36 92 76 17 33 44 16 2 45 74 64 91 76 75 78 67 48 75 66 50 87 60 84 45 95 80 38 
2 15 65 59 80 35 76 37 3 62 85 83 20 71 70 22 39 29 26 62 96 92 69 11 76 21 21 92 64 68 94 74 19 63 65 89 8 17 21 16 34 56 36 54 11 28 53 62 63 50 10 15 13 75 11 90 26 57 11 84 37 42 11 22 43 26 21 4 48 55 71 74 21 71 84 85 0 71 46 65 33 5 76 13 50 67 66 4 97 1 99 83 29 82 58 23 82 72 76 56 89 6 77 82 10 99 77 59 60 7 49 93 58 71 98 61 88 82 6 28 82 98 76 69 54 41 72 92 72 44 67 33 33 47 96 88 76 3 21 88 9 33 4 21 11 88 8 22 21 92 42 18 7 28 59 87 6 89 29 93 21 19 86 80 69 9 95 20 28 48 73 12 53 29 52 65 27 68 26 24 62 55 58 7 98 74 56 40 63 87 12 98 65 78 84 4 33 79 15 87 40 38 56 35 42 99 20 21 9 94 67 56 71 81 51 6 78 26 62 60 87 42 13 28 40 3 2 73 42 56 68 36 53 9 43 54 46 94 66 66 95 52 63 33 25 36 53 7 34 38 33 76 52 56 97 78 15 82 71 20 98 33 41 32 71 37 37 93 80 24 58 52 52 60 11 99 46 66 8 75 92 71 15 11 16 79 36 56 88 5 80 36 15 86 62 45 98 2 60 70 11 83 41 73 12 47 27 63 12 44 26 24 3 21 9 13 54 80 77 83 28 30 40 73 27 79 37 29 75 15 60 3 21 84 62 7 43 4 54 56 10 57 2 45 55 20 78 62 54 83 5 90 0 54 92 48 80 60 39 48 0 29 10 31 73 62 15 5 73 65 89 6 11 51 62 39 64 39 36 99 88 0 16 17 66 45 60 68 5 0 19 40 43 64 38 95 79 3 61 36 
2 28 87 74 37 52 10 20 50 84 91 23 44 94 45 21 92 35 95 5 77 20 66 59 2 12 31 58 3 14 74 7 58 67 65 75 59 13 60 47 29 61 76 67 22 46 64 65 72 0 42 60 62 64 15 5 47 32 66 48 53 54 34 38 37 52 90 57 61 66 93 89 49 51 47 86 78 29 94 61 0 11 64 24 99 60 36 16 41 90 78 53 89 36 25 97 31 95 91 61 42 35 71 28 58 2 83 0 76 97 55 30 3 49 86 53 16 24 73 82 48 16 24 90 56 60 74 61 0 42 88 89 56 27 94 22 5 65 88 89 0 26 78 71 73 62 87 99 21 55 83 34 95 15 56 70 40 45 49 85 5 44 56 8 66 40 34 11 64 62 56 30 83 46 36 64 1 34 72 39 34 10 58 49 48 27 9 66 18 97 27 37 32 20 60 7 89 84 38 9 85 83 4 26 71 71 4 30 45 21 36 12 31 98 65 82 98 59 83 12 11 74 20 94 75 91 59 8 51 64 62 10 74 25 11 41 62 38 39 3 60 79 0 55 32 76 49 97 73 93 32 38 21 21 87 47 20 85 66 26 1 0 67 54 77 48 7 36 34 67 64 30 34 67 4 62 74 63 89 6 65 43 33 68 6 70 57 96 89 30 20 37 67 63 25 55 32 55 16 98 49 34 48 0 56 86 83 24 43 90 42 34 98 94 89 52 64 73 1 90 68 57 82 82 58 19 43 43 17 84 19 11 49 67 99 15 8 0 62 94 40 12 8 12 29 70 94 40 81 33 96 84 43 3 7 92 0 78 74 58 35 73 88 52 28 13 96 90 79 81 88 86 82 2 54 53 44 27 28 3 91 76 29 14 33 5 4 27 71 41 41 50 57 99 18 92 93 42 64 81 
17 0 66 7 3 20 60 47 68 28 0 82 44 12 25 61 86 5 41 12 89 28 77 49 89 10 94 67 67 4 98 93 7 3 27 61 17 46 80 28 54 3 9 4 71 6 84 83 18 47 41 62 0 11 21 94 34 86 59 70 92 76 35 5 95 32 24 13 23 80 3 12 52 54 77 97 84 6 45 87 77 13 89 25 54 85 86 74 92 15 82 59 87 49 86 77 31 40 1 89 64 73 0 21 16 86 13 14 47 83 92 82 11 53 88 6 93 28 92 16 67 52 55 53 24 73 36 14 93 11 25 12 38 66 8 25 60 70 91 5 72 63 79 98 32 20 71 8 0 38 34 28 55 22 89 97 87 78 77 31 95 0 88 27 56 51 78 72 70 52 3 81 19 52 68 6 84 7 90 59 11 36 81 66 93 89 60 65 48 53 8 20 12 33 76 48 42 40 64 52 93 78 1 11 32 15 27 22 79 71 56 20 78 25 40 27 7 49 29 60 88 2 70 54 23 72 90 46 8 65 62 71 8 34 91 65 35 68 37 39 93 11 37 41 33 67 96 86 62 37 84 14 41 53 74 16 2 14 65 22 10 77 41 44 97 2 8 2 69 47 45 96 67 25 94 5 60 36 72 31 22 27 36 84 56 50 44 66 92 95 87 3 88 81 81 64 71 74 6 78 24 71 12 78 75 51 11 85 55 34 65 95 48 57 54 57 97 92 10 12 97 18 0 45 98 2 97 70 6 76 2 46 73 53 2 11 59 27 91 55 34 43 47 89 98 40 29 50 77 64 38 71 93 93 41 0 44 17 50 42 14 70 63 17 69 53 22 37 53 62 35 78 89 99 97 33 66 56 10 37 58 6 4 38 16 94 70 49 82 25 71 76 35 90 17 99 82 19 85 8 
99 35 30 46 68 64 67 28 11 89 73 24 86 74 29 54 2 70 70 31 45 77 33 45 77 2 54 93 66 87 78 50 63 96 89 52 64 12 50 53 88 26 45 42 20 48 1 70 23 5 50 14 19 40 16 0 48 79 80 30 88 45 30 41 51 95 16 75 19 9 82 96 23 56 51 56 35 59 51 50 48 19 5 31 5 7 75 2 53 96 95 34 63 64 8 32 62 21 34 27 59 1 70 26 35 7 34 17 57 56 88 2 7 0 60 73 52 54 38 57 62 99 24 26 61 9 57 20 64 66 63 81 90 29 95 22 44 75 31 45 93 11 55 47 1 43 94 92 59 45 42 51 12 34 47 53 93 92 25 80 21 58 13 4 2 80 81 8 6 60 1 17 31 48 73 80 31 9 76 37 37 96 95 48 8 86 71 91 91 13 3 32 65 93 45 92 34 32 91 52 37 30 29 8 11 11 37 45 91 66 34 51 20 74 80 54 48 11 24 76 67 60 24 76 60 6 86 2 5 79 93 3 89 24 22 50 85 96 16 63 47 14 87 38 51 4 22 23 34 97 60 77 17 4 55 53 2 2 46 85 21 38 68 84 78 19 13 75 57 18 50 65 25 61 7 31 57 62 53 87 33 72 20 53 17 74 81 18 51 53 97 21 65 45 32 32 52 59 90 8 11 82 22 95 55 46 64 57 16 8 44 84 40 99 43 57 95 82 17 72 71 3 0 87 5 20 80 29 27 60 0 32 83 12 56 10 64 50 79 4 87 26 7 72 89 79 51 7 91 28 92 89 18 0 6 81 93 75 9 33 83 6 12 64 21 48 49 72 76 53 99 56 42 83 31 46 7 16 60 50 98 64 74 28 85 91 61 37 25 33 95 84 33 52 21 78 58 85 73 64 
15 7 30 26 41 0 8 87 58 14 43 55 54 61 70 54 30 98 26 15 85 47 49 29 19 23 80 44 40 9 40 71 72 0 32 85 21 54 73 46 2 17 32 92 48 13 28 13 75 43 64 34 33 49 95 96 87 79 96 94 32 86 32 63 37 87 58 70 36 70 35 23 31 36 78 56 85 30 41 60 42 51 84 10 85 27 94 89 43 84 2 22 47 37 48 51 66 66 52 7 91 31 41 62 37 88 62 71 19 45 69 31 21 17 61 51 34 57 18 93 33 74 90 14 43 6 18 28 9 99 13 90 6 36 84 56 80 25 83 90 84 9 19 38 94 75 89 98 58 62 6 34 27 16 39 22 34 84 18 92 87 51 97 3 14 40 92 68 80 3 38 24 99 60 0 74 51 59 88 82 14 59 79 55 67 88 53 20 75 57 62 93 52 61 90 92 65 16 4 11 29 46 6 49 63 88 32 7 7 74 35 99 47 80 92 37 24 28 97 18 77 55 39 87 88 3 94 35 29 24 64 43 80 81 64 69 26 6 6 83 46 96 30 38 11 13 14 78 34 85 87 79 62 35 80 45 12 51 73 68 16 76 57 30 19 42 8 49 87 42 22 28 84 1 0 14 16 30 80 85 69 74 3 68 37 69 86 47 70 19 80 53 60 8 79 56 0 27 29 80 26 16 89 45 37 5 58 43 13 90 7 11 61 17 7 8 90 17 36 53 80 88 26 52 40 3 93 7 73 41 3 83 71 96 55 51 49 23 11 62 9 75 47 51 14 0 30 15 25 94 16 0 84 45 12 53 83 2 8 89 24 60 36 9 2 5 39 36 68 44 88 42 22 47 27 81 92 16 82 69 94 66 82 3 64 81 30 70 35 29 40 50 99 59 53 98 79 21 74 75 
38 24 44 43 55 27 16 53 95 29 71 47 33 51 35 90 31 83 63 49 23 32 8 12 48 20 41 90 78 38 91 13 71 59 24 93 60 86 57 68 55 35 27 16 26 58 15 97 92 17 84 61 87 7 44 49 86 57 38 54 91 8 39 80 7 77 64 77 1 50 67 33 1 70 35 41 6 11 37 9 25 45 24 39 87 73 17 40 25 91 12 81 27 65 66 47 91 77 19 42 30 97 33 68 95 37 41 12 87 21 86 21 5 4 36 46 95 36 71 82 9 46 20 64 40 0 31 98 29 97 10 97 75 25 56 42 98 45 81 20 34 90 93 38 4 29 0 70 67 86 57 42 50 13 74 17 35 52 66 62 27 7 8 81 52 52 39 30 39 6 79 42 96 36 59 79 62 30 51 95 7 68 68 72 24 90 13 22 37 18 45 46 23 19 78 22 21 82 28 20 8 0 50 92 31 28 96 4 83 49 81 38 4 45 67 0 39 7 30 19 12 46 45 66 23 11 75 84 31 73 76 13 99 11 2 5 21 94 19 53 39 35 76 2 92 71 31 63 3 1 44 74 82 4 57 87 61 98 12 88 4 67 9 88 67 90 0 81 56 77 52 15 30 4 73 91 56 12 4 48 24 76 32 21 14 47 38 16 43 31 24 81 54 98 95 33 36 99 64 80 14 75 28 17 29 44 75 70 65 61 41 48 6 8 61 83 55 49 63 37 0 99 73 43 35 12 9 17 93 60 73 95 18 6 87 36 98 42 35 62 65 94 70 38 22 8 20 81 43 4 2 82 0 62 40 47 57 14 32 51 60 38 64 6 44 7 72 54 38 60 32 87 58 7 60 34 6 57 93 94 89 93 7 60 43 12 3 60 74 27 20 27 56 64 96 59 12 70 40 73 
18 60 4 62 55 84 55 68 95 40 15 66 57 16 3 59 25 81 26 42 28 29 4 13 33 44 86 28 61 3 83 1 96 75 43 62 87 60 38 13 58 11 51 34 95 92 54 73 78 68 64 86 38 46 52 58 43 80 41 80 45 69 35 24 74 73 70 23 68 92 66 56 62 26 88 64 63 31 31 16 30 46 66 43 71 63 77 85 34 17 62 80 36 53 75 76 10 93 25 14 89 88 71 61 38 47 67 83 5 23 79 7 77 55 68 25 17 48 31 31 22 31 37 50 48 92 49 1 2 45 7 25 94 76 24 36 52 4 91 12 49 81 54 78 79 71 97 8 7 89 5 11 56 74 45 45 18 40 82 17 73 39 41 83 43 8 5 70 35 62 53 69 35 73 46 42 96 74 73 29 93 62 0 17 14 62 23 10 62 41 69 26 19 24 38 33 76 47 67 27 82 61 32 97 87 50 58 86 85 47 5 83 39 94 56 53 9 82 66 55 44 57 51 7 28 84 39 25 49 87 38 17 55 37 69 36 14 86 32 79 72 43 25 31 61 34 19 4 54 59 59 83 13 2 39 49 24 75 4 94 70 98 85 94 17 34 96 55 2 3 49 95 79 86 24 92 87 50 12 93 23 57 9 26 99 13 18 51 31 52 52 45 59 77 17 25 92 99 32 49 57 82 32 96 60 0 83 50 66 30 97 28 62 36 85 45 80 79 47 61 37 44 59 72 52 3 49 87 72 46 22 74 65 55 78 13 5 81 41 13 24 14 11 26 9 32 43 27 50 73 95 67 94 15 26 33 70 78 38 70 50 61 69 51 28 6 90 95 64 61 59 54 38 29 61 14 6 48 62 20 55 58 70 6 22 65 77 48 47 88 16 8 12 65 98 91 64 38 81 65 
27 75 25 72 1 56 68 64 60 58 14 37 18 80 51 57 41 98 27 27 0 42 18 13 51 17 92 70 75 45 70 23 41 96 46 27 55 95 19 96 75 4 97 49 14 9 63 12 0 18 49 84 30 64 56 40 87 79 60 25 8 69 14 54 26 96 26 44 90 98 51 39 54 67 60 56 69 63 1 76 49 4 71 19 16 70 83 93 73 49 66 87 63 7 49 13 62 23 23 6 12 41 99 32 3 63 82 54 86 51 2 92 69 1 80 62 57 24 59 84 27 60 97 48 84 11 46 4 65 20 82 25 11 79 12 96 21 43 29 68 89 32 77 57 77 25 20 43 99 45 83 38 3 84 2 28 71 16 21 43 15 77 14 42 90 30 10 26 76 64 93 13 46 88 43 5 15 28 60 81 5 74 96 90 15 61 80 12 32 48 96 91 56 76 13 24 1 88 20 30 37 19 87 6 13 49 28 54 65 66 24 25 50 3 14 88 49 2 96 7 63 81 32 15 36 10 99 67 47 42 11 64 66 2 87 18 22 4 95 95 38 30 63 86 96 44 24 24 84 21 97 54 40 12 68 36 31 39 17 31 14 95 26 57 96 77 20 85 25 93 52 69 9 49 14 36 18 61 90 35 67 0 60 52 55 25 46 44 50 27 71 69 33 41 46 52 23 50 74 71 22 40 81 91 88 55 44 76 40 73 81 5 80 92 84 29 16 20 82 13 35 37 84 28 88 90 62 38 76 87 27 5 30 25 35 21 82 16 38 64 70 86 41 92 34 21 58 41 12 20 37 27 59 42 40 49 75 8 39 77 17 66 13 2 43 11 9 68 67 36 44 63 28 90 89 66 5 79 98 73 81 34 75 13 31 46 13 71 43 45 48 51 40 97 56 14 43 87 73 14 
79 54 29 18 23 30 82 46 37 29 71 36 13 59 3 78 53 93 0 58 18 5 3 80 35 92 9 50 92 89 3 22 90 52 85 79 69 69 19 25 38 36 74 38 42 40 66 41 99 95 92 70 81 14 53 62 96 5 11 81 68 77 16 33 72 72 65 17 7 93 9 41 16 36 58 16 22 80 87 63 4 99 31 96 92 14 60 11 45 55 91 39 29 95 4 97 61 67 9 4 54 4 96 81 80 1 68 65 87 34 27 54 3 59 89 19 92 3 60 82 8 97 73 53 21 6 30 13 58 57 80 69 8 59 3 38 64 39 67 9 55 9 85 66 98 29 91 83 7 63 24 12 36 60 0 10 67 95 2 21 29 97 3 3 55 70 22 18 77 61 16 36 57 66 74 61 56 66 89 29 79 67 69 76 85 40 77 30 38 35 98 74 75 16 89 94 25 65 58 76 20 17 95 27 9 53 10 49 9 34 58 88 95 34 19 2 75 1 27 22 28 79 72 71 61 75 75 23 32 60 55 4 63 21 75 26 7 70 16 17 89 60 95 24 62 10 1 23 90 14 71 28 40 74 52 52 17 72 89 65 7 58 60 47 40 30 53 67 31 69 89 62 24 14 91 94 66 89 87 85 82 85 49 83 94 83 39 74 41 11 82 60 93 16 98 56 85 0 48 84 9 25 68 94 46 34 59 49 78 88 54 51 67 56 92 80 26 53 40 0 28 98 95 72 20 42 69 95 32 58 5 72 85 63 66 36 47 25 70 69 50 75 22 86 93 4 88 81 88 57 9 74 5 39 95 30 31 32 76 41 43 69 23 83 19 31 2 85 91 31 17 62 81 6 82 40 8 12 86 69 49 83 63 53 98 16 39 22 82 34 99 12 52 66 95 70 87 61 37 19 
35 99 88 33 57 57 67 72 61 66 22 60 23 7 72 68 2 7 6 30 17 83 59 75 86 51 36 44 77 73 38 61 5 79 22 9 9 87 52 86 62 52 23 27 43 24 4 63 5 33 1 0 92 1 48 39 9 97 88 10 66 2 46 43 58 57 88 19 18 13 82 67 88 96 74 77 90 52 70 30 99 45 19 39 79 62 69 94 13 47 44 2 72 46 13 46 51 22 41 82 82 35 81 38 20 92 18 38 94 89 59 34 72 5 13 47 98 95 63 3 58 15 94 50 36 79 58 57 70 34 98 46 78 41 76 7 96 37 88 39 0 60 63 22 48 3 27 89 90 11 45 79 36 47 50 78 11 34 46 80 41 21 94 23 2 39 72 23 94 30 8 67 69 73 13 51 11 4 92 20 69 48 40 44 39 64 79 4 64 94 80 60 79 14 94 82 99 88 76 49 53 45 89 38 80 87 53 24 81 76 1 61 40 24 44 33 23 54 42 42 14 1 41 20 39 51 18 26 27 69 73 89 44 52 72 97 56 52 65 17 78 55 1 90 20 80 28 23 45 8 55 0 95 77 45 32 71 34 73 79 60 50 22 28 9 96 84 83 39 34 70 26 51 80 97 17 7 76 36 72 91 88 57 80 90 0 51 40 58 72 95 66 24 83 56 96 51 89 46 28 20 22 30 84 18 29 20 14 51 92 21 47 14 92 48 16 95 32 27 37 84 45 9 38 57 8 10 68 38 15 33 29 39 56 17 42 24 80 23 7 14 60 11 96 35 21 49 31 25 57 46 62 29 64 63 39 81 84 69 61 74 25 46 41 16 28 75 88 22 82 50 94 10 67 69 76 36 79 8 82 42 49 24 28 41 15 64 10 34 93 17 5 91 77 76 84 55 53 87 31 
86 23 68 94 2 18 40 90 71 74 92 16 93 94 80 94 64 52 9 53 35 29 81 11 57 61 72 70 76 65 13 50 98 22 70 56 66 5 36 18 87 82 62 9 39 70 79 32 78 64 50 31 88 49 66 96 36 6 74 8 15 82 54 5 69 73 39 59 30 76 80 21 99 50 37 1 86 39 88 58 27 79 66 1 41 88 11 26 29 12 9 65 88 77 14 69 75 70 80 71 34 27 32 66 21 95 90 25 27 17 88 33 20 60 25 85 30 40 1 43 62 78 34 74 27 42 8 25 91 46 24 96 38 77 33 37 0 37 57 76 38 42 59 28 63 41 20 62 3 83 59 3 32 78 56 25 85 24 57 33 59 1 60 95 14 32 59 94 48 32 89 42 76 1 96 95 1 56 35 41 56 83 82 68 36 18 80 72 88 89 24 1 86 39 31 91 18 82 25 42 41 72 70 44 43 69 95 95 71 46 41 92 5 22 9 20 64 43 97 99 85 87 10 78 44 35 42 1 22 4 60 96 55 88 37 25 96 43 97 67 11 19 39 82 78 4 85 11 78 1 56 80 5 91 59 27 5 67 17 72 78 97 27 17 34 9 18 25 4 3 82 31 95 23 48 4 87 55 98 75 68 7 33 53 58 93 54 57 5 13 7 76 91 11 67 80 18 76 64 81 54 17 37 48 58 69 81 12 93 85 71 90 92 51 55 86 6 68 87 82 49 26 21 85 43 16 60 65 47 54 20 24 45 40 91 61 67 47 10 89 70 24 41 48 5 87 78 37 56 18 55 37 35 25 54 28 3 37 61 36 93 90 18 42 63 14 12 86 92 43 58 47 12 90 15 79 62 76 47 64 68 25 66 27 0 0 99 96 88 50 30 34 29 27 81 92 71 65 43 56 
32 14 78 91 57 84 74 33 85 82 34 82 13 26 31 6 77 9 31 77 61 51 4 10 21 44 57 53 20 74 32 46 87 55 77 56 63 97 10 65 93 69 31 40 49 13 3 5 28 85 23 52 69 56 59 92 43 62 19 1 72 9 4 8 21 32 87 70 0 39 50 12 38 8 52 41 15 94 45 32 86 24 3 64 78 36 78 25 93 1 31 40 74 89 59 74 98 11 66 58 26 72 98 85 4 5 76 21 63 68 90 76 16 62 86 17 63 44 86 24 5 85 76 71 54 88 32 89 46 30 60 2 40 45 99 12 7 34 65 76 29 84 14 36 77 7 16 43 87 92 47 89 13 5 67 85 88 32 4 72 61 95 37 53 62 94 73 61 64 8 43 99 33 79 0 20 64 98 27 3 60 8 0 29 15 63 71 39 73 34 94 24 71 51 94 48 28 7 43 49 21 75 24 73 75 7 37 16 71 81 4 20 73 40 57 31 42 21 13 48 79 94 63 19 69 9 83 93 86 60 78 99 91 86 41 15 4 12 56 61 25 38 66 11 2 23 39 91 54 52 9 92 99 95 79 83 77 87 79 51 68 80 49 83 22 63 92 63 54 24 30 31 14 53 15 19 3 79 6 89 83 60 30 75 41 47 49 16 88 71 14 47 90 16 5 18 91 64 61 92 70 89 2 48 30 80 79 52 80 14 25 78 21 88 76 66 26 40 22 60 59 18 82 35 80 36 34 63 40 50 24 63 17 13 25 46 29 46 11 10 58 25 73 57 96 50 32 60 24 51 21 9 76 52 92 65 54 60 31 58 15 85 80 38 73 82 26 4 31 74 55 58 3 91 97 39 64 60 78 81 89 80 42 95 29 69 87 13 37 64 33 84 87 37 85 72 0 36 38 15 
92 65 10 51 36 14 22 79 85 3 81 82 23 11 59 64 5 68 61 18 7 71 83 72 31 73 20 45 8 73 37 77 96 83 1 9 94 80 44 9 15 71 2 10 80 84 46 42 87 50 66 44 57 66 97 26 21 2 25 37 55 71 2 72 63 68 43 13 91 30 2 77 10 52 57 37 23 86 23 97 61 56 79 87 96 81 1 99 28 36 59 21 84 0 58 92 10 55 73 70 29 24 4 72 91 41 53 4 4 98 83 75 10 24 36 36 46 68 61 18 56 51 43 29 51 46 0 71 51 26 22 84 54 42 7 29 76 72 22 37 18 16 26 38 50 66 60 10 81 35 81 59 41 99 20 23 28 50 65 59 3 23 43 88 64 84 67 60 54 11 85 67 15 24 59 85 29 32 68 85 56 73 42 6 19 32 91 61 71 39 96 16 15 63 48 73 74 33 87 58 42 95 22 43 90 57 62 69 95 36 63 69 42 96 32 24 22 37 47 26 84 59 46 76 98 98 4 59 43 98 72 26 22 31 36 19 55 41 93 12 24 36 78 31 25 70 10 88 86 43 69 99 19 44 7 57 63 83 67 99 17 3 38 8 12 97 20 2 70 18 77 89 64 18 32 35 8 80 12 83 75 42 97 86 44 47 78 51 24 80 58 0 23 96 72 1 27 7 93 65 80 17 21 13 91 10 70 3 7 97 48 75 53 2 94 26 11 40 99 64 56 47 13 2 1 73 6 72 79 11 96 6 7 22 67 46 50 78 28 57 90 15 32 6 84 22 13 80 52 83 84 46 34 49 32 37 11 85 41 37 15 27 61 23 60 1 31 27 11 53 97 44 5 76 56 64 65 76 65 42 51 56 54 56 0 90 65 70 25 74 89 56 81 79 11 4 63 9 74 72 
19 70 94 5 84 82 85 16 22 2 19 31 37 22 4 71 29 5 63 88 99 94 1 2 88 93 26 99 21 55 60 10 47 38 26 78 7 47 54 2 49 13 66 63 56 34 72 38 25 36 24 12 5 90 34 22 44 99 80 22 20 4 28 48 97 29 58 29 70 43 12 14 72 57 91 47 6 64 30 53 92 61 9 16 64 61 23 45 93 95 62 13 66 33 27 38 11 58 77 86 50 96 43 85 49 50 66 22 29 4 99 92 70 93 69 47 42 25 5 10 8 83 63 6 9 13 8 41 88 7 64 0 9 80 74 25 39 11 54 52 87 98 3 72 92 48 76 2 92 16 96 33 95 36 88 99 19 31 68 32 99 94 87 23 21 29 74 25 61 33 11 34 87 77 5 56 28 82 64 15 51 27 83 78 27 93 8 52 11 94 42 63 78 73 73 99 80 57 82 18 73 41 83 55 56 26 45 53 11 15 54 9 97 34 26 18 76 68 77 47 84 31 71 66 60 69 38 69 24 69 47 86 62 64 71 99 0 82 37 49 10 42 93 4 64 33 30 4 79 75 43 70 56 22 7 82 9 45 27 64 11 52 93 16 80 37 70 78 74 34 66 74 19 92 83 17 66 40 35 32 2 99 79 60 54 67 73 30 89 96 36 48 79 52 83 13 79 27 30 33 18 61 95 40 72 97 52 22 33 58 60 11 83 92 49 90 58 86 66 11 32 25 88 77 83 31 85 24 11 73 91 31 52 94 90 65 63 61 85 58 76 44 62 60 88 14 4 59 32 86 25 32 66 1 32 4 58 2 12 5 24 20 18 69 44 12 27 15 58 88 90 90 23 38 73 43 83 57 21 91 84 60 31 49 87 32 36 77 90 37 16 60 2 76 3 38 14 88 23 34 
47 53 34 12 50 72 96 69 67 84 35 10 74 88 99 94 87 94 27 66 46 24 88 38 25 93 89 90 62 78 34 76 60 1 6 47 17 58 11 25 67 96 39 1 79 2 94 44 63 35 93 77 10 39 97 98 74 55 48 73 73 90 23 43 88 48 53 44 64 99 7 75 85 29 13 39 21 22 15 90 1 70 75 73 82 73 46 44 59 81 42 28 9 87 63 10 55 78 80 50 15 17 76 31 44 91 32 64 41 51 3 96 62 53 73 15 74 11 20 25 93 64 53 94 87 51 65 2 85 79 83 1 42 86 53 46 76 90 25 45 28 19 42 43 3 38 10 21 18 53 71 36 21 32 25 99 36 84 14 86 34 74 45 1 1 67 79 56 37 37 79 45 52 0 87 18 42 54 35 41 27 87 62 13 50 49 91 8 34 75 6 74 22 93 10 47 92 7 37 67 87 49 38 85 67 95 67 25 37 92 20 19 27 21 62 9 55 15 74 4 43 64 4 22 5 30 48 26 40 76 84 5 18 46 76 19 75 55 21 77 75 22 91 26 63 46 82 51 78 33 55 39 73 47 52 67 35 54 12 94 7 24 16 37 87 48 47 61 94 50 94 29 3 10 71 94 28 79 38 11 58 45 6 58 18 71 63 88 96 0 53 64 14 60 72 7 80 15 35 50 59 38 69 53 79 61 2 51 96 52 56 74 30 25 54 64 49 37 29 77 41 78 8 75 26 44 28 72 86 7 17 59 49 33 75 94 14 51 85 22 25 85 34 3 36 22 20 93 94 33 9 71 16 26 76 67 58 88 73 35 94 55 20 51 66 61 44 11 28 56 43 53 53 86 44 38 43 15 79 6 20 67 44 49 7 62 75 37 41 60 63 8 54 28 38 18 21 6 15 76 
33 60 61 95 38 10 67 99 55 94 0 25 21 63 42 71 56 64 81 12 21 79 33 16 51 62 12 81 46 42 37 1 9 10 10 17 15 75 23 15 36 13 39 5 32 4 22 42 49 52 31 44 61 82 92 62 70 33 80 22 17 23 65 47 4 95 87 57 72 11 7 29 90 65 79 23 5 88 8 9 60 84 17 18 36 97 20 58 26 16 70 19 94 27 96 53 62 39 79 10 8 3 51 26 45 10 92 53 77 69 1 0 35 82 54 77 76 36 3 33 34 93 66 12 57 80 97 0 59 2 31 69 45 23 69 5 70 16 7 66 30 52 41 88 85 44 83 25 20 63 8 54 8 78 42 64 95 35 81 82 8 80 79 53 14 30 39 42 91 15 80 58 65 65 75 20 18 0 99 30 28 97 37 5 27 28 65 71 82 59 32 73 79 40 46 74 31 69 21 57 5 46 86 22 62 51 24 92 41 51 91 89 72 44 67 79 71 63 25 57 75 10 73 89 49 52 84 76 60 5 12 51 41 18 62 77 22 44 83 77 28 68 71 89 8 26 81 46 16 42 67 71 15 94 36 24 59 22 67 96 82 56 83 99 25 7 99 39 55 62 89 25 54 93 42 15 41 56 72 25 6 63 30 28 52 8 62 52 11 23 24 1 59 90 47 57 83 29 46 85 27 78 17 99 87 36 60 81 25 29 7 73 81 24 6 0 60 0 99 93 11 70 46 16 68 69 56 58 5 32 11 86 44 48 52 72 0 10 14 93 61 67 91 0 85 94 53 56 89 70 98 73 30 45 11 27 37 68 37 49 85 71 25 74 4 51 50 30 59 67 8 55 70 36 3 53 22 77 41 59 41 73 56 2 67 66 19 88 11 50 91 50 10 4 41 10 13 85 78 36 
69 59 41 61 82 29 69 96 33 17 6 69 67 19 41 31 60 54 35 75 44 0 25 97 68 21 6 17 97 0 41 98 30 77 70 5 83 54 78 2 88 89 73 71 30 34 28 25 40 1 39 94 14 86 88 3 46 55 21 11 31 1 18 37 7 79 39 75 3 43 68 90 56 42 22 80 16 63 1 59 75 35 42 11 7 99 36 23 66 69 81 5 3 80 62 48 66 63 19 17 56 44 51 56 42 97 24 4 52 10 85 53 93 20 41 58 97 49 0 30 11 1 3 38 17 77 36 43 5 26 70 41 73 60 6 41 12 4 43 15 18 26 76 72 94 23 59 21 71 30 80 67 33 57 26 46 61 91 73 7 18 72 77 19 65 80 94 64 68 87 65 78 42 53 13 58 38 49 77 22 65 59 25 94 17 79 51 25 71 72 49 7 3 72 16 81 26 80 11 89 41 76 67 88 4 49 9 33 89 70 30 72 31 72 19 47 41 44 66 32 99 22 79 51 86 4 86 57 67 88 63 93 30 33 84 34 60 27 15 65 7 98 83 48 4 25 85 75 54 35 18 86 13 98 88 64 97 42 76 34 12 88 97 95 33 23 74 62 86 87 60 61 17 13 84 17 66 58 92 69 4 71 76 36 61 7 39 77 91 71 1 97 69 79 31 27 45 86 85 86 43 48 80 45 45 62 44 11 52 66 79 70 4 39 3 56 44 15 36 2 60 75 98 57 62 19 94 66 62 26 90 14 33 16 78 17 81 34 96 22 7 30 27 88 64 97 48 16 8 68 61 27 96 74 62 86 31 46 85 66 44 19 89 77 14 49 74 90 15 86 63 71 29 86 60 89 94 39 22 84 82 36 28 21 87 59 47 52 28 89 49 62 51 44 65 39 88 60 90 19 
37 39 26 41 31 22 69 9 36 29 90 14 15 41 33 95 53 23 26 20 26 95 65 63 75 19 67 56 44 45 87 72 65 92 24 73 73 78 26 98 0 1 44 0 98 55 77 42 50 67 69 45 43 66 26 91 40 26 94 49 51 92 72 30 21 44 54 73 0 13 41 18 92 26 95 22 42 44 0 61 30 88 0 47 80 88 59 49 70 22 7 28 92 69 54 16 24 62 0 75 70 8 31 76 18 43 83 90 41 18 49 0 46 89 98 7 22 34 5 13 53 30 21 72 34 35 88 66 57 51 5 39 93 99 87 21 17 29 37 78 2 15 49 83 12 13 4 0 99 0 8 8 46 16 13 82 95 35 96 60 38 87 5 87 91 70 75 52 25 64 9 53 80 53 27 15 13 99 81 94 97 30 51 69 99 74 79 88 38 65 14 59 82 14 57 37 6 61 67 73 14 64 43 76 17 73 56 7 98 96 82 90 10 92 31 9 34 5 6 85 11 9 84 30 5 11 77 37 24 31 76 73 84 48 37 70 68 2 11 55 13 52 83 11 20 69 11 50 65 49 42 26 42 70 15 90 51 0 5 89 51 62 58 78 35 5 18 55 1 54 45 60 40 87 87 81 22 70 68 66 14 78 25 94 11 74 33 98 36 63 35 31 6 84 4 67 3 28 68 75 72 63 50 73 21 89 19 81 24 19 81 68 27 4 44 97 10 27 34 58 36 61 58 94 57 50 50 57 52 11 91 7 13 46 57 54 70 49 62 21 22 96 7 49 54 38 22 75 83 62 86 86 64 18 48 67 56 32 74 82 78 86 85 18 45 11 74 40 62 96 21 76 24 33 42 80 42 33 65 29 22 59 0 11 26 34 77 37 3 53 89 49 82 23 35 73 30 18 82 13 
41 62 27 43 22 13 21 41 3 73 37 18 36 22 92 36 99 4 34 52 46 94 54 46 22 24 88 30 53 11 1 72 46 83 1 52 20 42 57 61 48 82 63 35 79 38 23 13 24 1 39 20 17 20 67 74 27 67 9 11 10 89 95 86 51 95 22 58 10 78 33 43 23 20 23 94 24 84 57 71 39 97 31 46 28 81 64 8 94 26 61 96 50 5 30 41 31 38 27 14 28 66 74 3 71 14 20 9 92 89 33 49 86 0 39 61 11 13 58 4 77 50 90 96 67 63 53 64 54 91 40 30 30 69 79 69 33 65 51 88 53 35 0 63 31 58 55 94 74 10 37 63 38 22 36 46 71 55 78 64 61 67 12 84 49 5 89 82 51 73 67 97 93 86 9 14 16 51 21 95 82 47 92 28 32 64 0 17 25 93 97 59 50 50 52 76 39 44 83 57 30 14 77 2 47 68 89 5 72 98 76 86 73 55 92 55 82 30 66 98 68 72 76 11 26 92 55 68 65 43 50 90 42 92 80 94 30 87 43 24 2 20 78 75 41 83 44 81 78 49 49 83 26 14 52 64 21 52 46 22 12 46 18 22 27 86 69 26 76 36 80 68 40 9 80 0 92 3 29 16 7 17 50 52 74 53 72 37 4 88 4 58 43 49 54 36 22 14 24 13 0 31 16 44 85 93 89 99 84 70 39 87 53 34 96 19 68 13 57 26 69 30 98 86 73 36 71 65 61 22 84 63 66 4 42 8 33 35 70 32 19 94 1 59 36 67 4 22 44 40 34 7 86 43 56 88 32 74 48 47 46 67 78 49 18 43 22 56 16 5 78 21 55 37 19 82 8 90 49 32 90 61 5 69 45 31 97 31 31 20 14 68 43 73 93 33 20 87 62 33 
30 5 62 20 27 16 6 47 17 45 96 10 10 95 10 43 80 97 94 84 97 50 96 96 86 99 38 78 48 97 39 26 3 76 25 8 19 99 14 23 79 77 33 46 88 43 34 73 50 19 82 38 76 60 35 1 74 43 48 5 94 17 76 68 96 62 28 94 67 74 66 92 43 2 75 94 24 97 33 79 14 39 81 49 91 30 11 41 3 71 16 32 2 83 31 33 67 74 23 13 87 85 63 12 87 3 91 70 70 97 70 98 34 42 9 2 50 63 43 47 0 20 89 34 97 11 4 15 41 98 53 97 11 91 12 91 92 38 76 13 91 6 18 37 65 76 68 7 77 49 24 28 99 30 8 87 49 40 72 46 11 84 83 70 87 41 62 7 35 61 47 95 65 74 88 21 31 64 86 39 12 58 57 39 23 76 37 24 47 32 51 36 31 57 72 53 79 3 65 22 58 69 47 12 25 35 65 17 88 64 16 31 8 55 15 12 68 72 95 40 32 29 28 43 91 9 65 97 31 65 52 76 39 90 77 93 16 78 77 37 24 2 2 13 3 19 49 59 90 64 95 27 54 64 68 35 45 68 37 43 8 67 23 83 52 27 25 93 64 79 23 5 27 75 43 76 14 52 48 37 49 73 4 2 51 89 42 90 79 33 81 61 84 4 60 41 39 50 6 92 15 30 79 58 49 51 64 4 46 72 75 45 34 55 83 80 6 39 27 2 80 6 16 21 84 21 40 22 71 65 56 3 60 14 58 39 43 34 12 46 13 88 3 96 99 66 83 69 86 75 74 70 63 25 55 83 21 86 94 8 19 49 41 97 6 64 84 9 91 28 28 9 17 60 8 44 1 69 9 38 41 6 12 11 14 99 98 1 81 87 84 97 89 14 10 42 79 68 52 70 
42 44 39 65 72 68 77 95 93 61 61 86 2 30 73 48 48 72 36 61 6 28 82 64 84 44 10 66 18 34 99 36 81 95 66 43 8 76 3 93 25 79 58 37 49 63 96 85 13 91 50 43 51 36 37 26 4 58 71 94 43 22 5 67 18 97 21 38 72 39 85 28 19 56 49 47 46 43 30 71 21 74 47 17 51 57 1 14 17 46 85 9 58 11 84 65 71 2 71 70 91 62 32 38 21 35 69 97 37 60 30 64 88 75 24 21 96 57 69 36 91 98 69 92 83 35 31 48 14 98 40 55 79 37 23 71 17 95 79 98 50 56 93 70 22 51 1 50 85 89 41 44 91 43 27 82 54 80 44 76 61 12 46 70 95 44 15 17 22 79 62 23 93 29 86 5 4 94 89 29 38 89 63 39 47 49 90 51 87 19 64 19 55 37 26 55 79 15 72 14 47 72 27 2 26 60 54 64 72 3 56 45 55 84 48 28 56 79 10 59 83 44 38 95 4 73 15 40 91 65 61 45 74 62 41 34 90 84 48 15 71 44 63 78 16 19 55 67 46 11 1 3 56 2 87 63 16 20 31 91 3 4 95 35 14 37 93 4 7 59 93 46 42 51 26 4 53 27 14 53 82 47 61 66 3 91 38 32 99 18 18 63 71 18 57 23 11 57 95 66 50 59 89 18 23 65 84 60 14 22 29 65 54 0 18 64 41 29 64 85 57 70 49 72 67 56 72 57 41 17 54 99 40 81 7 2 88 30 2 45 27 76 13 23 56 18 53 42 28 21 4 50 30 26 80 99 12 45 7 33 80 83 95 75 79 37 28 18 71 22 3 20 5 83 86 96 79 84 41 3 78 27 11 67 86 28 62 19 72 39 35 24 36 57 73 31 89 63 71 95 
46 24 64 3 38 50 7 95 46 20 11 47 81 90 77 57 97 61 71 33 68 72 35 13 49 11 61 30 68 14 33 8 12 22 89 48 8 8 45 8 15 80 87 67 51 8 97 15 63 80 37 71 33 69 96 61 24 87 62 96 2 32 82 41 72 70 37 31 33 42 71 4 41 93 80 54 43 99 12 18 52 7 50 59 17 42 46 42 31 96 65 49 22 75 93 58 92 25 60 22 27 20 38 62 76 87 91 56 97 68 33 48 65 68 54 17 18 51 20 42 75 53 86 6 76 60 50 36 39 51 0 59 40 33 33 38 40 30 15 53 68 3 17 39 96 92 54 59 82 48 95 25 93 75 28 6 96 51 10 62 9 11 86 69 82 23 85 36 21 90 1 86 98 84 55 67 15 47 77 95 7 32 54 29 83 50 88 90 26 3 5 33 66 39 45 77 72 20 34 37 99 38 93 55 6 70 84 18 80 1 77 96 72 64 22 8 15 2 53 21 30 58 6 24 74 5 86 34 45 73 55 64 94 51 54 90 60 83 12 58 89 26 23 63 37 16 62 94 20 90 0 59 16 6 58 59 61 50 84 84 55 50 1 22 86 9 72 49 13 89 54 30 37 29 53 87 46 84 47 61 97 48 96 28 12 60 48 2 20 50 29 40 69 7 31 89 23 92 28 83 31 45 34 91 15 24 23 24 55 52 57 31 76 38 66 9 26 88 37 98 77 20 9 33 71 20 10 95 53 51 94 8 99 26 18 72 17 25 45 58 76 51 43 67 20 33 93 49 82 41 25 2 57 42 34 31 25 16 13 76 21 76 61 33 81 30 39 85 34 16 89 2 29 7 2 82 25 37 51 53 89 93 87 82 85 34 1 90 47 76 21 47 5 57 50 93 94 3 48 19 
22 19 54 95 54 26 33 95 51 61 1 87 65 66 39 15 83 89 36 67 33 36 22 36 15 55 37 20 96 83 27 8 5 25 22 70 39 1 45 38 90 51 65 17 84 9 70 92 73 63 51 9 64 16 11 15 93 34 84 43 37 24 36 67 35 93 5 58 88 47 21 91 70 21 55 31 64 18 44 13 77 20 54 92 98 24 56 1 81 94 18 13 43 98 44 49 36 88 37 83 22 66 50 43 79 24 6 15 75 45 65 59 81 23 72 89 48 19 71 20 54 6 53 82 92 39 91 92 92 78 39 29 39 44 63 93 9 16 11 15 35 62 43 53 4 10 57 99 39 82 1 47 83 43 26 27 74 90 24 7 88 99 62 45 24 54 97 54 17 21 86 75 78 24 65 99 29 51 54 83 13 49 77 99 74 17 32 87 99 86 67 54 42 22 11 38 78 24 64 16 53 34 6 61 19 12 89 10 42 87 31 31 60 36 60 74 30 4 92 94 58 16 18 70 3 93 49 12 47 34 83 13 6 53 67 7 90 54 83 45 58 97 79 25 86 19 57 43 55 56 13 13 55 20 43 34 20 90 62 0 97 48 47 61 97 12 26 72 71 2 20 72 89 95 79 80 49 89 82 59 17 93 32 31 46 89 22 6 39 30 94 93 7 21 23 14 8 16 63 77 58 91 48 75 19 99 70 1 16 60 19 21 84 34 72 68 67 73 72 91 42 97 46 79 73 58 84 78 25 36 13 69 63 47 54 47 24 95 85 91 74 30 2 1 56 8 82 4 6 38 20 36 40 46 46 6 70 51 45 33 94 54 37 60 14 44 3 91 52 41 7 46 61 52 92 87 97 7 34 12 31 69 63 69 76 71 73 87 60 12 63 69 1 80 18 54 51 47 30 24 
12 29 17 23 60 30 4 76 39 67 91 95 58 6 45 95 96 66 36 93 86 9 98 92 57 0 33 52 70 36 12 72 46 57 51 77 3 91 83 47 47 52 74 49 55 9 9 29 7 96 30 57 36 89 89 49 74 64 46 49 75 83 33 9 63 92 64 20 74 44 56 84 47 69 26 3 3 90 12 67 85 29 44 42 54 94 13 69 0 28 48 65 59 7 52 19 72 69 77 28 37 58 53 88 36 59 16 8 0 80 81 81 2 37 58 36 92 46 85 87 11 22 51 89 92 54 34 28 43 93 93 6 5 47 78 2 7 98 3 13 60 32 53 56 98 59 39 91 91 58 34 55 83 73 28 96 96 82 18 78 50 76 13 53 8 15 76 82 51 2 4 60 9 18 72 55 77 72 79 20 69 25 23 65 92 12 39 62 5 8 84 21 63 94 24 93 55 56 35 61 95 55 91 23 29 62 53 83 11 92 31 98 63 1 61 26 78 76 3 56 9 67 54 83 20 30 71 51 10 45 14 50 61 76 95 66 10 44 20 27 68 3 35 25 58 20 91 85 49 37 97 73 6 13 22 74 88 37 57 74 14 45 14 73 40 55 4 15 30 91 75 15 16 89 54 66 52 75 38 75 9 34 53 5 14 20 24 81 2 36 43 42 57 41 42 31 19 86 31 28 12 25 19 23 92 42 13 80 99 74 30 98 31 17 62 73 0 49 1 65 64 85 13 92 49 37 15 3 20 66 44 56 63 48 2 4 58 53 24 19 61 81 66 9 17 28 72 24 76 80 5 37 37 76 74 27 44 20 20 45 94 58 39 76 41 49 76 89 47 19 22 0 52 80 59 69 4 88 88 34 42 49 91 49 21 11 27 7 16 68 22 93 29 68 62 63 49 7 69 54 
92 8 35 30 2 38 24 88 93 85 74 7 41 8 91 65 44 88 91 57 84 43 25 96 73 34 24 49 75 20 48 20 87 52 16 81 57 44 18 17 83 75 81 8 72 96 11 98 38 13 83 28 52 62 72 77 78 65 23 66 55 34 21 18 30 59 5 86 12 10 40 20 41 86 54 32 76 74 28 99 64 24 7 0 72 25 48 41 92 73 47 71 41 22 73 92 80 4 37 72 7 96 63 73 33 13 60 68 46 54 65 37 80 97 54 82 11 24 80 35 96 38 78 51 34 72 60 31 96 96 65 27 38 18 31 97 22 57 92 63 58 4 80 87 47 82 44 8 19 31 1 83 36 48 17 51 16 28 13 66 40 87 72 35 9 43 99 24 36 22 98 65 68 40 73 5 57 61 54 13 95 41 82 25 93 22 27 81 52 50 69 77 35 93 63 41 80 29 60 96 38 80 85 10 53 37 21 59 3 52 84 50 56 3 40 10 76 85 25 79 91 21 39 20 37 70 98 52 55 46 81 35 90 7 81 3 31 53 72 26 3 13 57 45 28 85 63 97 63 65 54 9 63 78 12 28 2 73 64 37 22 59 39 40 51 50 43 3 75 66 81 65 83 1 86 77 92 75 78 26 64 58 12 29 45 73 11 48 86 64 69 54 18 79 81 24 45 22 15 2 6 41 81 40 29 79 78 90 44 13 89 14 85 68 91 97 34 50 38 37 9 41 14 66 29 76 32 41 65 12 32 53 91 62 7 68 95 13 94 89 93 26 74 88 36 94 4 61 5 37 34 61 92 69 91 22 24 36 55 25 33 5 87 35 81 68 4 71 32 5 54 41 65 27 14 20 20 14 91 31 17 13 81 71 49 52 47 4 20 32 55 56 70 96 64 88 78 84 91 52 
92 92 1 6 1 52 36 30 45 34 11 13 12 47 67 88 33 97 55 19 47 92 76 89 0 44 2 84 97 87 61 24 90 50 3 41 94 53 37 47 79 35 85 43 81 27 23 50 28 81 11 71 91 28 69 60 76 80 65 88 2 39 14 81 12 23 86 29 15 2 24 10 93 68 88 79 96 93 18 4 15 49 34 25 46 8 31 81 48 73 78 92 8 92 89 58 69 59 63 50 19 26 43 40 89 83 57 47 45 5 95 42 40 83 36 7 94 15 57 45 70 27 53 14 77 84 35 4 77 41 9 9 44 71 82 0 34 38 47 98 64 42 75 37 53 3 50 72 62 90 92 87 24 50 57 40 88 69 7 78 48 90 17 77 77 3 35 30 29 58 75 45 41 6 50 36 29 99 4 1 62 93 47 87 60 17 19 45 2 61 34 52 27 98 46 82 86 7 35 50 4 3 45 62 12 15 83 99 47 93 45 40 86 68 15 5 93 10 90 2 93 50 19 74 56 89 70 49 55 55 29 61 92 41 88 51 25 42 83 30 85 83 46 92 78 15 56 46 71 79 79 9 22 57 39 73 80 95 25 64 84 38 94 70 89 40 57 12 48 15 29 50 50 99 6 26 26 49 73 90 5 9 18 96 61 49 45 20 7 15 5 42 57 70 25 66 24 35 31 68 30 9 78 83 18 10 78 37 6 12 11 95 41 24 94 87 2 16 94 99 78 87 91 92 2 13 52 11 91 35 43 39 33 94 89 35 61 19 41 45 74 94 53 3 90 15 91 28 50 32 22 7 31 13 26 84 35 20 11 87 52 20 52 41 6 84 67 24 87 68 64 38 66 4 60 29 28 48 79 69 91 26 64 47 40 6 71 49 52 95 15 46 97 2 75 51 78 88 87 13 
32 67 7 61 70 9 95 66 31 53 83 18 31 14 69 39 7 41 17 15 29 61 52 90 20 65 20 72 91 30 34 43 0 97 85 21 55 59 67 20 7 31 26 5 20 64 56 80 38 72 42 71 63 64 81 29 43 96 82 4 75 85 64 64 95 74 75 86 39 56 87 77 61 90 49 0 60 95 22 9 0 13 82 0 92 98 35 86 56 53 17 76 37 55 44 74 85 54 40 89 23 93 12 97 67 70 51 91 2 85 34 46 61 53 30 10 46 16 89 98 82 94 71 74 68 22 11 49 3 56 37 21 24 10 2 55 94 14 58 96 10 24 37 88 88 52 38 10 27 86 60 8 73 16 77 53 42 91 12 72 15 10 77 66 4 7 60 67 15 8 82 33 67 29 11 77 47 70 81 67 97 31 67 40 17 19 66 86 50 18 68 43 54 10 65 9 81 32 95 65 96 98 64 77 3 0 15 68 1 71 56 41 22 97 43 99 30 38 52 51 96 47 38 70 85 89 61 25 82 88 90 22 7 41 0 33 65 88 14 90 50 90 54 93 28 42 92 95 32 46 43 15 32 41 59 42 2 83 16 50 87 96 70 25 14 60 41 64 13 3 11 53 54 96 20 38 82 51 89 23 39 20 72 39 30 18 71 89 3 31 7 53 87 0 66 70 51 17 32 98 91 3 19 80 10 97 93 56 36 92 55 16 99 2 95 50 74 80 25 90 47 75 97 93 96 96 51 2 49 6 8 23 28 1 93 3 76 37 34 24 58 89 81 92 60 8 23 32 64 16 77 30 94 25 11 90 5 64 37 39 71 97 26 92 30 29 58 99 45 96 27 8 32 82 0 42 71 60 28 65 85 1 25 47 3 30 96 64 54 39 43 80 47 24 70 80 54 75 50 23 
45 89 15 43 22 98 51 38 6 8 4 94 67 1 38 48 0 10 89 92 99 79 98 2 40 59 11 59 8 42 8 76 65 38 99 18 44 54 19 61 14 78 37 54 59 62 31 58 8 17 53 13 48 54 1 27 10 48 14 34 81 91 16 36 27 29 34 55 94 50 88 38 4 32 67 9 58 54 53 44 83 10 73 64 90 29 29 86 49 1 98 64 43 98 63 61 21 22 69 69 52 42 89 9 18 66 95 88 6 63 35 50 45 15 93 71 91 15 97 92 17 36 43 73 48 31 13 51 33 15 75 36 79 2 90 91 98 14 76 78 69 65 7 36 82 30 44 60 72 82 62 99 38 35 51 82 30 6 69 84 85 39 81 97 85 57 36 43 51 15 27 27 21 90 78 35 47 56 87 19 70 48 87 42 68 23 48 70 43 95 76 54 28 93 6 15 63 56 43 73 16 40 84 48 88 85 95 62 58 60 1 90 99 22 9 66 64 55 50 77 86 21 54 28 14 18 95 86 22 31 71 34 99 66 10 12 45 49 82 74 32 52 59 51 61 64 8 29 12 97 98 8 7 29 62 55 90 90 16 67 84 2 82 84 3 73 90 87 16 3 69 73 86 6 24 74 70 86 3 98 65 43 23 94 5 51 64 26 10 17 24 73 23 9 51 34 32 45 67 33 73 23 25 41 34 3 49 85 56 88 19 85 80 62 47 27 94 35 69 77 85 15 4 84 62 79 24 1 86 65 10 75 71 0 61 6 57 59 46 82 65 21 55 51 35 26 83 27 37 21 25 56 63 67 27 73 36 90 53 51 1 91 43 32 80 16 95 2 4 58 14 85 95 94 88 63 20 7 1 11 46 28 87 92 56 62 58 43 67 8 36 23 77 49 13 49 56 37 19 79 
18 56 13 40 89 31 97 69 14 17 61 22 13 69 84 20 45 56 49 90 90 86 38 38 78 32 60 1 29 16 66 65 42 12 93 61 39 44 39 94 32 67 47 33 51 72 19 57 4 9 79 38 21 28 37 26 37 7 81 88 20 25 44 30 22 55 91 19 53 33 42 77 56 10 34 43 82 21 69 98 42 85 48 8 28 93 81 65 48 8 28 78 61 24 32 24 33 50 42 15 59 13 77 30 65 98 22 12 47 84 86 47 71 15 85 79 27 27 62 43 8 73 80 60 0 93 51 42 83 94 96 8 61 26 89 49 3 87 32 32 70 84 25 88 96 4 38 28 14 60 43 90 46 12 6 57 70 95 96 57 12 98 1 90 47 62 25 71 50 37 48 52 24 63 54 50 55 92 14 26 5 77 28 84 88 99 30 81 49 83 4 20 24 33 58 45 25 30 82 79 46 43 69 19 63 15 47 40 58 19 78 69 60 50 98 49 60 51 34 77 67 97 19 59 27 74 27 86 48 97 55 34 35 70 28 5 89 57 81 74 71 33 17 53 60 66 37 15 20 83 61 16 66 93 56 82 21 6 59 88 82 45 53 43 57 22 40 15 88 20 79 17 68 14 44 99 95 75 40 96 26 49 73 30 44 51 39 74 46 9 27 83 48 12 87 54 20 3 18 44 30 98 35 7 48 81 63 22 11 35 40 48 33 7 59 48 72 34 69 30 34 39 62 40 47 55 14 63 28 89 25 16 30 93 49 35 47 55 65 2 30 31 12 69 29 50 30 25 77 60 50 94 22 51 89 46 25 18 62 79 54 23 54 20 19 34 34 26 64 96 70 76 30 35 5 77 1 74 23 45 1 99 61 51 72 39 51 57 52 29 66 85 32 55 53 2 83 37 37 26 
33 64 52 47 29 34 74 91 71 11 97 85 63 76 91 0 86 97 53 22 70 72 35 45 0 67 25 5 81 34 52 18 85 90 8 75 69 74 48 84 90 64 69 20 3 66 32 81 26 26 23 48 13 50 20 0 92 16 2 66 29 13 72 71 16 8 97 85 37 81 35 99 74 7 82 18 9 35 19 51 58 94 44 39 24 84 10 1 42 90 2 51 87 45 71 92 23 56 97 28 0 40 74 64 75 46 33 75 17 65 28 5 40 8 92 64 99 86 72 48 48 84 70 87 67 91 29 37 0 39 12 84 80 51 54 47 74 62 78 48 43 25 8 23 70 42 1 81 46 48 11 82 44 28 73 31 93 31 66 2 40 37 71 29 44 38 98 65 85 3 64 24 91 39 51 94 39 74 24 81 57 54 39 58 93 88 69 29 10 65 41 36 71 94 58 64 8 41 75 41 21 20 60 83 42 15 84 81 6 21 12 77 8 39 43 72 23 69 74 95 72 77 54 58 86 61 16 20 4 55 56 47 63 67 61 34 62 17 48 64 65 31 67 19 55 57 16 68 30 75 61 1 88 75 14 68 71 23 77 58 80 97 90 0 53 70 52 48 64 92 54 0 3 27 85 42 70 82 93 3 10 49 94 82 47 14 5 79 19 4 67 29 0 99 65 27 4 90 8 90 81 77 87 19 44 35 51 51 41 11 83 40 19 73 60 34 51 75 14 82 19 28 31 17 9 17 76 64 57 55 30 50 55 92 74 40 76 45 77 72 40 87 1 60 85 93 4 45 22 90 6 9 90 27 44 98 37 91 59 64 87 68 74 86 84 13 48 80 19 58 94 99 84 16 4 50 32 94 61 3 94 43 84 9 19 96 32 77 25 80 91 54 33 67 87 82 74 68 53 13 
26 38 26 84 75 48 23 10 84 68 92 21 21 5 61 37 60 41 15 21 34 33 24 74 5 90 73 44 55 36 0 82 15 57 91 37 30 24 27 20 61 3 44 75 34 33 20 97 96 96 38 90 38 50 81 41 38 46 29 14 66 22 14 79 3 87 91 4 18 72 64 37 52 62 94 99 16 8 22 2 11 38 1 73 63 51 27 18 36 51 75 59 63 10 22 9 75 71 90 53 49 72 49 96 11 42 38 91 33 56 67 10 52 11 95 89 79 8 70 13 71 53 19 76 53 8 65 51 77 22 9 82 25 88 11 41 23 80 99 78 64 29 94 28 69 30 69 82 44 48 21 10 43 3 27 84 26 44 50 97 91 56 91 85 57 7 17 33 73 78 89 49 73 33 19 33 9 45 62 61 93 17 0 74 52 59 26 71 17 30 30 88 95 25 6 49 73 34 72 7 12 8 78 83 4 54 96 55 85 10 71 25 13 13 4 12 34 79 98 49 14 33 97 35 71 53 75 23 16 97 59 43 55 52 27 92 17 38 54 29 7 82 83 6 74 57 33 13 53 92 79 59 49 6 50 34 93 95 84 18 84 8 35 34 84 52 19 48 24 79 32 39 20 21 43 60 59 85 30 71 5 30 3 4 11 89 29 90 75 48 73 6 48 63 60 83 46 61 64 84 82 62 36 46 32 90 87 8 36 56 44 0 90 60 87 49 94 74 16 18 24 12 37 88 0 81 5 6 20 99 26 27 65 54 54 89 88 91 38 65 53 52 67 52 69 88 78 16 83 40 64 14 80 19 33 90 16 36 46 95 20 54 62 2 62 13 75 17 90 58 49 72 74 99 94 58 68 20 73 95 11 53 36 50 51 41 5 71 48 50 37 23 21 86 20 91 82 45 99 92 
83 96 59 32 80 18 97 30 17 69 3 34 20 31 66 43 77 17 88 80 37 36 99 5 67 90 35 8 75 79 65 88 36 17 65 13 33 45 89 24 74 47 82 75 76 79 66 24 94 29 74 31 1 21 3 70 34 68 72 61 47 99 22 25 88 65 22 71 78 39 90 4 97 74 82 56 53 89 85 66 74 87 17 31 77 27 19 89 63 18 46 16 48 5 53 61 74 55 11 99 75 10 59 51 9 1 68 45 49 72 15 52 53 8 54 16 50 56 59 14 92 13 2 71 16 84 91 6 32 41 99 44 1 20 97 21 33 85 96 68 2 26 19 14 99 79 52 51 54 97 48 5 94 96 7 85 65 78 67 47 61 41 48 50 46 22 11 80 59 22 77 47 74 69 6 60 13 58 32 91 71 62 78 71 41 77 50 11 29 81 26 81 61 16 75 58 52 84 18 42 6 72 80 65 4 70 19 43 93 71 9 92 99 79 52 63 38 6 47 96 23 6 84 15 31 26 86 67 41 29 5 98 94 35 32 71 80 89 47 94 73 80 85 3 20 0 47 9 83 32 69 16 43 21 32 69 37 34 17 73 87 35 5 49 75 15 50 68 74 34 49 21 83 51 52 31 28 24 46 86 82 43 45 76 69 13 67 43 10 78 87 1 41 96 86 42 1 83 9 92 74 68 62 13 85 84 31 80 5 44 6 13 65 63 30 6 61 56 28 46 11 24 13 34 75 61 27 69 20 48 6 40 48 77 26 1 9 89 30 18 78 0 58 18 34 87 65 37 99 40 60 65 34 49 95 20 72 34 45 34 48 22 33 34 16 27 92 29 49 72 80 6 87 88 43 14 20 77 53 54 75 14 50 1 8 29 64 99 2 3 67 50 33 21 33 96 78 11 48 18 
32 79 6 32 60 24 5 52 18 99 19 75 97 78 59 97 25 75 36 76 80 8 26 44 56 28 79 6 18 68 27 34 18 24 87 10 5 75 63 64 94 58 78 11 90 16 18 41 78 41 88 46 74 80 61 20 27 1 30 39 1 96 65 92 94 24 96 90 78 31 13 94 7 26 3 34 60 99 41 1 21 9 20 70 97 64 53 95 60 94 39 31 73 77 10 77 54 2 61 7 51 98 57 63 21 47 58 81 28 88 5 22 47 4 23 35 11 64 26 28 29 4 13 82 99 81 76 91 21 48 33 65 12 5 0 38 60 64 30 11 67 95 68 27 77 86 10 89 97 0 39 91 12 27 21 85 24 94 62 81 47 56 88 93 66 31 61 64 16 94 64 84 95 84 94 84 66 15 52 40 83 12 28 69 83 31 51 59 42 56 98 4 21 91 27 82 63 46 94 60 81 57 63 17 50 7 86 73 65 90 14 97 46 27 6 21 84 51 18 56 99 33 92 26 29 85 42 17 40 68 31 30 12 73 84 25 15 68 89 51 28 81 48 91 44 94 89 55 18 96 26 53 50 4 62 30 20 42 48 12 14 6 9 50 63 2 46 48 57 90 23 22 6 90 29 82 86 45 68 88 92 43 5 88 39 68 93 5 82 1 82 41 83 52 40 13 55 71 22 23 26 54 79 64 83 62 26 95 97 0 8 83 44 69 72 96 21 14 84 89 96 40 8 44 65 86 43 86 45 78 12 81 85 88 57 3 39 72 62 45 16 99 49 80 9 93 6 38 38 50 36 29 76 37 13 47 54 8 43 81 47 25 67 82 50 76 30 78 57 70 21 80 98 33 70 99 23 66 73 72 77 36 96 85 4 41 5 48 64 37 75 59 83 81 4 78 49 22 82 2 
84 38 77 5 13 52 91 69 86 43 97 81 42 83 14 26 26 40 89 66 58 46 12 19 67 22 22 22 94 49 32 34 33 66 56 54 16 18 41 33 66 17 27 46 85 60 14 3 56 53 89 50 80 59 69 9 85 23 18 53 13 66 45 46 81 8 82 94 7 52 88 44 27 84 3 74 74 20 65 40 69 74 20 11 22 24 35 90 15 66 75 80 14 5 88 54 72 25 64 46 38 58 75 65 34 76 88 33 30 0 39 77 76 97 23 21 28 5 74 65 7 33 2 33 57 46 6 19 50 48 6 32 9 95 83 40 17 93 66 23 15 63 83 99 87 87 61 80 54 53 53 82 40 45 30 11 15 93 83 80 56 43 31 31 68 41 72 57 37 74 19 1 46 52 18 98 9 80 23 49 40 42 84 34 26 58 16 31 46 1 78 53 96 44 91 88 47 62 36 81 91 60 13 22 87 34 7 80 14 80 53 19 42 26 53 59 73 63 76 15 87 12 55 67 80 60 60 69 94 7 50 23 5 95 72 66 87 58 51 63 78 58 86 75 0 86 49 8 61 58 77 74 95 88 88 29 42 67 67 45 69 16 56 3 5 59 49 78 4 0 62 10 69 95 82 28 98 17 7 74 30 41 16 16 36 78 90 23 24 41 35 5 52 76 43 58 81 72 15 61 52 48 55 93 59 72 26 86 41 5 65 63 56 81 44 42 0 81 16 46 92 65 10 39 36 69 70 63 91 17 67 47 58 50 54 33 84 2 26 85 79 20 3 26 43 50 38 83 18 23 91 5 84 92 92 30 63 89 70 42 26 88 29 33 29 33 60 93 13 8 77 22 45 51 78 23 32 88 97 63 9 6 54 52 35 11 46 54 27 53 86 63 6 43 12 6 91 51 9 46 
44 13 4 88 92 10 82 31 93 42 46 34 71 27 47 52 9 44 52 20 98 33 99 39 19 11 17 50 19 74 16 46 46 76 87 71 14 25 86 33 31 93 33 81 87 34 50 11 74 87 53 59 2 48 64 93 16 91 71 77 33 59 34 23 84 26 92 52 61 48 99 25 47 57 29 43 53 59 24 20 94 38 82 35 77 12 46 94 19 89 27 28 5 81 90 89 20 63 18 74 96 78 36 16 75 90 63 93 49 58 65 40 65 63 94 73 77 51 81 57 43 7 57 70 91 74 53 94 20 55 79 41 31 40 90 25 85 48 90 62 35 34 44 17 51 68 34 87 37 82 80 38 41 22 60 0 59 52 31 40 10 10 20 17 57 10 92 48 8 27 19 10 23 16 10 70 80 59 9 28 45 41 96 41 23 46 24 9 93 84 39 3 20 99 72 67 88 16 79 30 7 86 17 93 73 17 79 31 12 12 12 1 33 84 20 83 74 95 98 81 29 62 70 37 41 71 24 42 15 6 67 22 48 30 45 28 93 66 13 81 39 41 95 44 85 51 53 87 74 53 18 32 15 94 19 76 1 38 91 63 78 83 7 24 94 59 82 26 8 54 79 39 22 97 1 20 1 69 66 26 68 7 11 39 51 8 91 31 55 88 78 5 1 1 91 13 73 81 38 60 88 52 87 74 83 63 95 90 93 23 76 46 66 50 62 1 86 87 97 91 29 5 12 8 24 34 25 75 13 4 6 96 26 15 50 96 12 64 68 72 61 45 70 77 46 74 15 54 46 32 58 91 46 16 14 8 68 11 14 13 6 7 8 64 91 92 59 63 31 60 69 49 49 91 78 59 18 79 32 55 81 67 65 43 58 47 92 66 67 79 41 68 44 8 92 56 69 47 10 75 
94 11 1 98 18 33 33 70 56 65 40 27 81 32 55 71 22 28 81 9 10 72 64 30 19 89 89 22 30 64 41 46 55 16 61 57 46 66 81 76 66 67 53 18 92 55 0 76 88 28 70 53 66 76 11 34 19 6 28 44 25 82 30 66 32 12 69 93 26 71 38 16 90 27 8 41 41 83 47 5 41 15 74 47 49 32 87 24 36 21 25 29 21 91 61 70 44 36 0 98 99 80 63 7 99 87 0 67 99 53 89 51 33 28 34 98 61 68 72 57 23 25 19 14 68 69 63 75 7 61 22 65 87 81 89 44 29 28 82 28 92 49 85 48 81 13 77 10 48 96 49 36 98 17 10 62 29 13 0 4 37 2 60 9 0 14 20 3 16 97 97 89 27 47 40 78 31 48 92 16 76 16 47 74 51 30 19 1 52 6 79 61 14 70 98 42 25 3 35 69 64 84 14 4 24 7 65 33 33 82 55 39 91 47 97 93 96 4 26 84 33 54 48 26 86 84 39 4 97 95 90 36 5 7 88 28 19 9 13 51 97 66 1 35 55 94 40 31 19 79 66 93 84 11 65 28 33 97 48 32 6 23 78 50 7 96 36 70 68 52 40 14 73 58 55 21 11 17 59 35 2 30 68 7 65 23 87 70 99 1 45 22 19 39 35 63 2 8 98 8 3 89 13 49 68 49 0 40 87 96 75 66 27 7 47 95 20 16 57 1 60 88 41 64 88 47 36 38 54 78 1 41 76 60 72 61 25 34 9 96 91 27 52 91 41 24 48 59 73 7 13 83 28 22 72 12 45 74 98 19 60 41 34 1 56 25 99 33 90 10 45 57 15 29 57 26 56 2 35 26 32 99 7 87 44 2 63 13 6 98 44 26 82 0 40 49 53 95 79 25 
2 81 97 20 31 76 2 0 52 97 31 52 54 50 0 30 46 66 98 44 35 49 39 92 81 65 88 36 68 4 11 46 1 14 76 4 63 22 41 48 4 0 48 22 9 98 56 42 12 84 16 39 80 80 87 28 18 78 37 11 82 34 61 11 27 87 19 98 47 48 95 54 59 45 59 15 55 40 14 94 76 33 50 0 69 27 67 22 19 87 4 84 53 94 73 16 84 10 18 76 72 49 99 78 90 26 92 71 26 24 87 6 12 24 19 87 15 81 64 75 74 10 61 93 63 40 32 1 8 28 56 85 72 79 91 29 70 80 66 59 8 86 30 38 54 43 72 19 44 20 73 30 42 34 39 38 70 15 94 19 71 93 74 22 0 4 19 22 7 47 22 10 3 45 4 35 40 4 9 80 97 74 95 43 78 14 58 77 84 21 58 33 74 25 39 21 57 17 4 85 41 67 96 48 93 11 44 13 69 64 57 82 3 60 37 19 4 11 67 36 96 72 96 51 83 48 4 5 89 62 42 59 9 51 75 26 13 10 27 70 77 15 69 30 33 14 80 32 7 89 66 30 46 41 22 94 31 85 48 94 98 67 32 63 13 49 43 59 43 23 37 48 60 49 52 59 10 60 15 77 7 80 83 72 89 84 22 57 51 69 44 5 30 16 55 26 90 11 5 55 47 50 61 2 18 34 2 97 40 5 71 87 56 19 32 69 99 45 56 84 73 64 52 44 15 44 22 22 9 90 57 86 37 78 0 61 47 1 81 0 10 82 52 44 38 79 92 53 95 19 93 96 95 6 55 86 32 40 62 5 68 77 50 17 41 81 57 36 11 55 63 89 23 3 69 71 69 37 25 56 13 92 76 92 75 66 61 60 73 48 38 38 69 2 97 43 71 85 13 15 
70 36 88 76 65 8 7 73 65 71 87 3 6 98 86 80 79 90 40 96 18 64 55 98 75 91 65 85 87 35 19 62 84 88 17 35 3 81 25 96 75 93 60 45 8 62 15 85 98 52 77 81 23 0 93 36 50 14 11 58 29 99 4 58 81 91 70 36 53 34 56 34 9 25 45 31 0 92 58 70 24 1 55 0 96 27 71 20 57 5 87 42 89 29 67 22 86 60 86 10 83 26 7 27 16 21 5 67 82 83 88 15 49 57 12 64 61 67 17 59 26 4 96 9 8 96 85 22 21 85 33 50 5 6 59 85 73 71 57 59 35 84 16 8 29 40 76 77 58 58 33 40 84 89 70 28 40 93 6 3 12 84 37 74 83 10 99 74 22 37 44 39 89 32 95 86 20 5 32 43 7 97 24 63 55 71 63 26 55 32 85 56 45 18 75 32 98 90 24 30 41 16 64 97 90 81 85 92 10 18 24 59 12 63 45 40 67 65 52 95 75 77 87 81 42 82 90 4 76 54 38 35 4 7 9 91 64 72 85 83 87 5 19 80 94 26 14 60 77 56 8 20 34 48 15 59 89 78 40 57 94 97 80 87 17 16 24 69 57 32 71 30 3 67 74 58 83 4 95 22 7 36 88 48 18 81 14 13 72 36 13 59 81 64 39 58 55 81 17 41 59 79 56 77 10 75 36 42 68 38 29 7 14 92 43 19 93 67 4 11 10 97 86 38 7 91 2 98 22 47 15 49 80 11 32 16 92 3 14 7 46 56 92 69 18 90 15 37 42 19 8 69 51 37 59 83 34 62 38 37 21 94 3 56 75 49 26 52 98 25 99 89 99 2 3 46 8 24 0 35 97 65 62 12 11 64 91 45 64 53 83 14 90 2 92 27 52 1 43 96 
10 22 16 85 25 12 55 50 66 31 87 5 70 57 71 76 6 62 31 68 23 88 52 18 96 26 83 85 31 27 27 76 10 42 41 90 3 1 15 71 14 47 56 65 25 31 51 43 16 46 50 60 46 46 65 44 7 56 67 46 84 6 61 97 76 73 73 24 61 46 24 79 66 80 10 33 6 10 57 39 85 5 13 58 52 60 83 32 91 14 57 59 95 39 5 6 54 35 40 36 10 71 29 22 40 74 42 52 9 71 18 35 93 95 39 89 79 50 42 70 45 65 29 30 68 47 60 95 23 87 23 37 12 20 19 58 51 8 3 94 42 10 69 47 84 44 41 14 10 20 49 91 67 73 10 61 19 67 30 73 90 59 62 99 74 61 26 93 78 67 2 92 97 11 55 4 66 48 87 16 45 61 89 2 54 5 21 52 48 26 30 87 33 13 89 22 20 9 49 38 67 35 39 41 14 42 28 9 84 38 68 43 32 55 85 59 3 35 73 94 72 3 49 33 27 85 90 67 58 6 68 90 33 72 1 98 86 58 43 15 8 19 69 39 3 28 34 59 72 69 35 39 53 29 14 15 44 13 12 25 76 6 1 20 16 34 4 45 15 69 68 48 80 32 29 41 39 69 8 81 90 52 98 35 5 57 94 86 24 72 21 81 47 90 37 8 28 84 18 64 91 69 8 82 70 82 81 12 34 14 86 13 50 64 79 95 90 59 0 73 71 37 46 45 89 53 79 18 77 55 36 27 48 7 11 36 52 52 44 49 1 18 53 88 11 88 18 22 86 27 50 53 57 57 70 27 39 81 65 55 39 83 13 36 8 50 64 39 60 21 99 38 32 63 36 85 60 14 46 48 19 5 65 41 82 48 33 95 82 76 7 2 19 72 90 21 37 88 28 98 
64 8 82 61 72 43 4 92 55 96 83 2 67 56 79 69 51 98 1 80 84 95 94 56 55 98 2 42 53 59 39 65 99 2 84 66 11 75 96 46 19 95 43 70 53 34 64 77 62 94 96 73 31 50 90 55 52 73 71 17 87 60 4 5 97 95 25 55 23 95 29 90 4 75 27 7 84 73 67 54 48 66 30 61 17 37 26 53 83 8 45 60 23 71 75 61 58 47 46 30 98 95 58 16 98 0 30 54 82 66 73 95 42 8 40 25 92 4 15 78 46 92 65 82 88 92 9 17 78 21 47 55 42 82 80 60 85 73 34 21 54 20 45 76 74 53 21 43 18 54 40 4 78 9 91 88 64 43 70 5 57 55 47 52 74 53 99 35 49 68 47 7 52 37 16 86 42 37 90 51 9 44 90 53 80 19 10 73 46 63 97 70 23 83 63 39 98 24 58 0 74 59 2 77 80 63 62 88 41 63 55 47 56 50 64 21 51 13 67 1 11 14 35 99 36 14 31 63 65 31 9 92 8 59 55 54 90 35 66 62 62 77 51 61 39 32 35 82 22 57 30 92 17 74 71 25 60 24 46 33 77 62 46 89 99 16 17 90 15 9 85 61 3 21 99 48 14 74 83 26 23 17 53 63 41 75 98 90 51 25 24 84 85 25 35 21 95 13 60 33 37 29 14 83 87 44 46 57 89 75 91 16 85 94 91 25 39 39 52 52 70 68 10 80 53 15 48 24 41 76 78 60 57 55 94 11 6 98 65 99 88 61 55 29 68 64 46 18 20 69 72 43 71 6 4 81 30 81 34 81 79 91 89 6 87 38 36 30 84 3 16 82 51 2 45 88 68 34 51 43 70 24 74 10 48 95 61 40 78 23 12 84 91 55 69 3 60 79 57 42 
41 50 86 74 98 27 66 89 77 86 25 63 94 49 16 41 87 27 98 40 78 97 15 73 47 32 83 44 86 66 20 94 69 0 83 36 34 51 69 80 87 66 12 34 13 44 59 4 42 98 51 58 22 75 43 64 61 21 22 52 27 75 90 75 84 85 9 27 77 76 44 82 90 27 50 9 30 93 10 79 67 72 82 96 91 52 7 86 36 96 67 7 58 66 75 19 42 69 21 99 28 52 19 62 74 25 65 67 60 99 11 91 48 20 46 56 7 41 56 47 11 59 90 22 6 54 58 76 27 24 34 65 72 56 67 33 64 84 37 84 73 88 82 76 36 11 53 66 47 42 17 61 28 55 18 36 81 40 92 2 24 90 85 68 75 80 68 49 78 99 11 29 16 38 48 12 47 21 36 48 68 43 87 58 90 32 4 81 70 12 76 0 47 42 41 44 19 4 37 16 37 68 14 1 89 10 77 61 97 62 86 52 77 84 6 81 97 38 59 53 81 10 79 18 13 93 84 58 66 60 35 78 62 93 72 24 3 91 76 90 34 13 20 26 61 89 21 15 21 93 16 77 2 94 44 48 35 59 94 69 98 35 97 57 3 43 62 86 24 83 57 16 6 60 9 40 58 5 16 55 94 52 67 68 69 44 24 63 27 60 72 65 10 2 96 27 10 93 86 72 27 77 78 65 57 89 50 32 55 97 56 77 16 40 59 43 2 27 79 41 67 84 10 95 78 53 79 68 33 53 8 89 76 80 0 8 99 57 98 97 88 53 41 1 87 53 64 73 37 28 72 45 34 90 23 69 30 32 3 2 54 37 76 10 80 25 26 26 44 92 30 28 5 9 14 92 71 23 15 62 58 55 11 12 3 71 52 62 74 7 64 3 20 62 33 2 61 60 34 49 
1 89 82 8 42 24 56 25 65 17 96 6 97 0 78 28 84 95 60 71 2 93 97 18 43 81 43 25 64 52 8 48 76 50 13 21 15 44 26 88 31 9 86 66 3 74 58 84 84 94 68 58 86 64 46 8 35 83 31 3 9 27 5 7 46 9 71 75 52 99 89 82 63 5 86 61 74 11 82 21 11 8 24 14 50 10 33 76 40 27 77 53 69 91 25 87 84 39 66 7 69 74 81 14 55 82 88 39 23 29 51 90 37 76 59 24 30 76 43 6 2 75 84 22 66 41 7 63 92 84 60 48 62 41 81 76 33 88 42 77 79 65 76 19 66 44 1 98 82 93 15 26 29 29 81 50 70 57 32 83 12 88 9 27 75 55 10 65 87 75 55 14 20 47 7 16 70 90 3 46 7 11 51 41 29 55 19 38 31 75 19 80 11 98 58 30 69 30 59 28 11 26 57 46 72 82 69 66 50 99 69 4 23 68 99 34 42 26 43 17 87 14 97 93 92 4 42 75 18 60 96 21 92 2 5 38 46 40 25 32 76 91 66 66 31 53 48 70 72 49 16 11 53 52 1 42 89 24 58 6 16 30 99 77 17 95 74 77 97 67 15 23 13 89 15 26 48 10 26 19 60 70 67 9 61 47 8 23 69 83 22 61 69 76 46 11 76 33 69 79 67 68 53 57 29 18 64 72 4 3 0 36 40 3 40 21 26 80 34 45 32 77 73 42 67 22 61 11 88 52 81 25 47 35 24 68 57 11 80 82 81 80 15 14 82 33 42 62 14 87 2 63 74 69 80 13 48 75 73 13 5 52 31 85 5 12 91 96 91 30 59 34 74 44 86 31 20 48 1 97 68 51 45 74 95 61 30 60 34 0 54 66 43 72 90 66 97 94 88 27 
97 79 86 68 63 52 6 69 56 4 71 96 84 14 66 21 87 55 4 37 28 45 47 93 86 21 59 25 27 31 55 63 70 64 69 78 75 12 38 63 88 61 29 50 74 70 78 92 82 60 5 91 46 46 4 99 51 79 26 24 43 61 77 80 69 59 39 62 20 88 55 86 82 18 10 16 63 64 68 19 4 84 62 63 92 59 19 31 84 94 70 46 49 37 10 64 24 78 89 75 89 92 69 92 1 72 4 76 93 28 29 15 82 42 27 56 82 92 90 81 98 18 96 39 62 39 85 85 58 67 30 66 58 27 99 81 41 95 95 8 21 50 96 99 38 84 75 66 80 4 57 53 73 70 63 80 44 58 7 18 63 43 3 45 51 83 41 27 97 27 88 52 87 1 10 39 65 28 39 53 2 80 1 64 54 43 92 72 44 48 19 88 95 29 0 23 4 66 28 20 31 76 15 42 16 38 87 48 20 99 42 38 12 20 77 41 83 97 90 80 27 7 10 94 78 83 8 97 42 37 4 59 70 21 27 8 74 9 82 49 89 53 1 4 54 12 82 88 38 64 90 62 3 92 4 16 0 31 35 33 99 43 49 89 71 79 73 74 51 78 60 42 62 54 51 92 25 96 84 58 25 44 16 8 34 43 68 10 13 70 18 86 28 54 54 64 24 34 52 22 49 29 24 40 90 1 89 8 67 31 58 42 54 40 15 34 62 55 78 13 5 36 45 8 66 88 47 86 54 42 57 70 18 2 19 70 60 96 3 18 5 66 25 16 28 93 91 82 49 78 47 4 60 29 99 16 95 86 69 35 17 95 39 58 93 52 96 64 90 9 68 18 84 69 8 28 19 80 41 26 2 10 67 7 63 24 85 49 81 8 64 98 65 52 39 20 90 24 16 71 
63 81 84 62 58 24 4 11 67 79 85 1 77 40 65 27 28 31 66 43 6 34 51 79 55 15 21 90 4 82 79 50 27 60 45 68 37 39 89 4 71 6 63 68 14 76 46 43 72 28 95 99 68 96 54 22 37 82 40 27 53 78 24 37 66 57 64 16 72 74 6 92 37 83 77 82 32 42 86 16 76 64 16 8 45 81 75 88 97 58 8 52 64 80 32 80 24 58 48 76 34 72 43 38 97 96 54 63 73 53 4 80 19 27 64 58 35 62 56 12 17 51 31 12 49 11 26 40 81 49 26 54 13 34 97 86 85 38 72 23 21 10 92 21 80 4 32 98 81 63 9 6 15 36 98 51 36 16 35 20 49 87 21 45 76 80 0 20 98 73 71 71 10 98 83 30 69 21 67 38 75 64 91 98 38 63 64 9 33 23 62 5 40 0 43 6 39 14 95 73 68 97 49 74 25 91 17 48 65 40 10 53 93 65 98 25 34 78 3 19 1 84 16 85 95 83 92 92 70 27 99 20 27 46 91 33 98 45 73 22 7 90 92 72 27 13 33 67 46 38 47 8 78 31 17 2 88 38 30 47 85 33 3 50 68 23 12 2 45 10 8 80 73 43 66 61 49 18 72 18 24 31 85 32 89 55 20 40 96 99 38 83 48 94 36 93 21 5 41 71 99 48 49 31 34 67 11 7 83 2 68 84 43 48 65 44 7 66 93 25 24 39 58 37 39 63 38 95 12 36 41 56 70 80 65 21 98 37 64 94 33 42 13 80 47 55 58 55 50 90 41 99 42 2 86 40 54 44 52 12 31 28 26 63 56 10 67 85 1 30 85 71 52 37 39 35 76 14 57 5 24 76 12 46 24 32 46 53 6 92 66 74 8 33 4 34 67 30 72 24 
47 95 21 77 10 37 85 19 74 30 49 31 47 91 25 28 73 12 81 62 85 89 74 95 29 38 40 33 29 84 4 28 41 14 49 81 24 80 31 50 78 7 43 28 21 93 77 87 88 60 27 53 36 61 41 30 20 33 54 54 53 3 94 92 49 39 0 13 63 55 98 60 62 53 6 88 61 20 68 43 7 30 81 70 52 61 78 48 0 44 57 19 62 73 15 56 72 96 95 99 41 6 50 52 63 79 95 0 34 1 41 90 61 15 91 83 71 57 31 28 25 0 54 47 30 96 46 41 43 43 81 27 92 97 54 78 18 2 26 75 22 16 12 6 18 42 32 62 83 73 56 94 47 36 4 15 48 29 8 78 28 9 63 75 62 76 86 2 97 71 2 89 88 65 6 10 6 9 37 35 95 84 18 15 18 86 24 98 52 83 28 43 56 62 33 21 81 46 64 65 34 39 52 83 12 36 55 35 93 50 61 24 26 87 53 69 22 24 21 28 30 24 7 89 92 70 42 36 60 64 78 54 27 33 31 51 22 0 62 87 71 3 85 83 46 98 72 50 75 23 28 70 18 30 89 83 31 37 67 53 95 38 92 65 14 12 16 91 62 87 40 93 4 6 12 91 74 53 59 62 61 99 1 14 68 42 21 33 32 6 39 99 94 64 79 7 22 39 74 23 24 39 8 14 84 71 3 57 78 72 76 52 60 96 19 14 80 80 27 64 25 90 15 62 85 90 18 34 82 47 30 98 53 24 63 96 40 44 78 16 42 99 20 44 85 70 19 18 6 20 73 39 1 2 42 27 72 83 63 13 60 40 99 92 3 96 69 94 26 76 12 32 62 93 66 78 82 4 28 65 43 94 60 38 84 27 93 36 15 69 7 17 15 26 22 45 47 26 69 76 
3 86 38 65 22 71 28 3 28 59 99 27 37 13 3 81 30 20 27 99 18 18 84 4 75 45 95 26 78 5 43 19 28 95 79 68 18 33 26 78 36 63 7 36 22 82 20 73 63 4 65 16 37 59 38 5 0 76 73 62 62 14 85 14 19 63 84 24 63 35 57 43 12 12 17 17 40 89 3 57 71 42 15 82 40 39 17 65 82 37 33 13 89 81 88 29 34 54 24 41 83 49 25 47 34 74 89 93 53 74 53 58 74 95 12 89 16 28 43 38 13 10 78 96 93 94 91 77 24 31 28 60 23 2 37 53 73 84 66 80 71 1 14 11 24 31 81 21 31 44 15 63 13 88 1 58 60 56 71 81 8 63 15 12 44 75 46 65 68 52 56 54 88 49 29 28 41 22 1 27 2 28 35 13 75 58 17 39 89 93 47 77 72 23 30 94 52 37 7 36 93 52 21 88 11 19 59 33 42 71 45 14 30 40 84 14 17 18 35 12 95 79 13 45 31 85 73 24 5 5 89 28 19 65 10 18 95 0 63 99 41 24 44 54 61 60 45 1 28 98 19 40 12 15 33 46 69 25 35 56 9 86 64 16 14 7 38 2 82 29 46 5 56 59 83 76 29 20 78 86 93 99 92 15 19 49 17 83 98 93 65 69 54 75 43 49 46 29 35 66 27 37 51 11 65 25 74 75 45 39 85 62 62 93 31 57 12 52 78 69 2 71 2 36 75 47 14 61 51 88 61 61 98 3 99 86 18 74 84 3 5 26 4 96 21 52 7 51 3 82 70 99 57 17 43 24 27 71 38 91 61 45 97 0 51 58 45 81 89 29 5 44 84 69 19 4 85 87 81 72 52 13 57 41 11 17 76 65 44 99 51 27 8 58 15 89 18 91 59 20 
28 16 55 43 12 84 51 79 33 48 36 25 3 42 43 15 4 99 12 16 45 35 28 34 25 27 46 67 20 6 78 12 74 29 3 3 96 35 95 55 51 13 49 44 81 85 34 46 49 61 51 64 62 38 18 19 6 22 42 95 19 31 84 36 70 33 84 93 28 5 57 83 14 39 51 91 60 45 53 73 20 33 54 21 79 22 80 7 48 45 49 35 0 9 65 56 26 96 16 40 80 68 78 88 70 14 31 54 29 12 22 80 22 89 37 99 24 13 75 60 80 6 33 70 28 42 49 76 81 21 11 68 76 46 44 44 27 97 37 52 61 92 6 96 32 99 39 99 82 68 79 56 92 47 22 52 13 80 70 49 7 18 6 93 53 20 79 98 97 86 40 97 42 14 12 60 52 4 61 88 11 87 99 51 82 16 97 22 52 28 75 70 76 97 61 96 65 85 51 11 88 43 1 29 46 62 21 24 56 19 54 26 24 29 91 11 36 99 33 51 58 78 78 12 24 71 59 52 13 59 30 58 40 41 71 17 87 36 52 17 11 58 67 2 49 72 49 82 48 15 59 7 90 73 71 93 56 24 73 61 86 80 67 19 61 16 95 23 3 23 2 14 20 7 68 63 95 78 70 20 41 19 99 83 55 15 88 12 70 76 2 88 46 38 12 26 56 76 4 42 76 33 70 67 85 19 84 90 52 32 33 91 67 40 96 34 47 18 30 42 3 83 3 92 79 74 30 84 63 0 91 91 40 24 1 73 5 22 99 85 62 70 16 77 81 74 87 12 5 19 80 69 88 72 19 25 15 87 88 80 51 70 36 52 42 45 11 7 80 8 55 86 47 16 11 33 5 85 31 93 85 78 23 92 55 72 23 36 4 60 62 74 25 68 78 68 46 96 23 89 
74 41 49 20 81 9 47 96 22 12 45 54 27 3 22 19 70 83 75 68 72 28 38 43 51 51 78 76 64 96 1 51 51 56 72 12 15 50 28 44 84 25 73 94 15 25 11 71 27 73 58 57 1 80 70 6 63 7 91 75 92 55 19 70 7 58 37 45 21 52 97 72 39 34 10 78 21 94 30 15 24 82 16 72 50 93 58 59 59 31 94 25 74 95 54 1 70 19 15 99 50 84 74 81 72 84 80 61 29 12 64 91 19 17 14 4 95 60 75 47 41 88 54 14 70 65 29 41 0 83 0 83 4 69 85 53 29 22 96 63 7 4 69 91 42 23 76 77 96 32 64 53 36 43 96 27 20 65 66 68 58 30 76 99 66 14 27 47 55 70 62 0 71 10 8 12 84 84 82 39 61 43 15 13 76 98 36 75 17 79 69 72 34 43 89 14 0 82 11 67 67 46 5 45 54 25 54 2 37 48 34 71 46 83 53 67 21 93 81 63 99 78 79 21 53 76 68 17 23 86 47 30 71 76 10 69 2 35 18 47 89 39 31 44 91 90 12 72 99 74 59 25 55 91 12 89 4 83 39 30 97 30 59 63 80 86 53 4 44 6 53 49 64 80 91 27 16 93 36 59 70 84 59 91 58 95 91 38 77 25 82 0 67 66 76 2 71 9 32 43 97 59 51 87 82 65 55 83 58 39 41 9 58 38 93 53 58 19 45 32 58 29 37 39 97 2 34 68 83 76 6 41 83 38 47 17 99 24 26 68 71 98 13 41 23 89 96 93 61 18 77 85 34 61 31 52 28 97 8 52 91 61 21 14 16 2 13 44 67 90 92 2 88 20 87 23 53 93 93 61 50 63 68 23 24 23 52 38 54 68 83 62 1 34 50 39 55 1 34 11 
70 2 71 98 94 83 97 67 4 73 36 96 24 9 1 14 14 88 41 57 84 80 50 15 52 40 52 55 72 1 98 79 93 98 32 99 55 76 24 30 33 27 64 71 1 69 37 36 51 28 2 34 7 18 42 42 80 59 16 30 58 23 0 82 18 88 74 41 53 14 19 15 22 17 9 13 44 7 8 51 87 91 90 52 98 25 98 15 89 39 17 25 55 7 77 70 95 86 15 89 50 64 6 34 60 44 60 18 1 39 89 94 34 21 22 55 8 92 63 54 47 99 88 62 82 81 40 67 2 6 67 1 96 77 23 44 32 80 61 39 68 69 93 82 8 37 37 52 79 30 93 88 22 65 56 64 11 24 42 11 89 0 63 0 50 26 8 16 21 65 51 90 57 20 75 5 53 60 0 10 30 8 47 60 46 91 34 72 26 37 7 84 98 26 31 35 24 72 9 62 74 43 55 18 28 1 0 69 49 14 62 25 61 42 62 91 19 42 30 96 31 73 34 14 43 74 18 16 10 24 83 43 77 93 92 92 57 44 67 58 72 91 36 58 24 40 45 75 5 50 71 71 10 70 32 3 99 74 65 82 52 17 57 62 73 0 3 46 36 29 57 31 99 55 90 59 19 25 13 58 68 46 46 29 28 88 44 69 42 88 35 66 6 33 37 67 78 84 88 75 74 28 17 60 36 73 83 11 62 43 57 28 37 40 98 95 67 41 63 75 79 53 49 63 80 46 64 18 35 33 2 35 25 60 76 29 61 47 0 87 49 92 42 16 38 70 96 56 92 91 80 26 84 40 87 97 62 46 24 88 90 75 93 43 62 3 30 67 44 83 44 93 96 89 4 98 33 81 99 61 84 59 0 5 32 55 84 52 92 10 9 24 18 69 30 14 42 51 86 13 
91 58 84 60 31 6 22 30 48 21 56 16 37 18 30 8 91 44 64 73 54 37 19 23 27 84 77 84 31 85 25 19 40 15 71 48 66 98 84 80 41 5 75 31 29 89 91 43 66 52 81 3 53 77 24 88 94 89 85 94 51 40 66 82 61 40 86 14 94 47 16 93 35 23 51 1 86 87 39 95 27 31 72 42 39 0 75 39 57 85 63 3 69 6 38 41 88 47 32 5 57 79 83 57 85 97 40 91 86 74 5 27 7 1 40 23 13 32 90 68 21 19 11 3 0 21 9 16 91 61 2 65 49 79 96 74 17 52 55 52 52 36 94 48 42 49 2 69 92 78 65 52 58 66 20 83 78 83 90 71 69 38 80 3 8 83 69 22 14 20 64 72 92 75 21 8 65 73 9 0 6 73 2 74 73 73 38 90 86 33 61 15 54 74 41 18 92 83 58 60 64 33 95 60 94 84 39 41 6 31 27 33 5 64 10 30 32 93 70 64 20 78 83 67 78 33 18 38 71 18 60 57 19 26 30 91 30 70 7 23 31 92 52 75 16 54 8 97 73 14 80 45 24 69 84 60 5 14 98 56 35 53 10 92 63 41 12 33 88 67 62 40 2 56 1 98 51 32 85 26 26 92 51 98 62 77 71 69 63 90 30 87 19 5 90 57 12 84 71 14 36 89 12 90 81 30 18 35 5 43 72 13 61 54 64 50 78 32 57 50 80 33 50 79 7 39 13 88 50 0 63 27 94 5 72 52 31 56 34 45 56 44 43 3 41 98 18 90 64 44 25 99 53 55 53 41 3 14 10 2 89 73 70 91 62 7 66 47 75 12 6 52 27 54 74 15 61 90 38 32 28 81 72 65 4 68 23 7 87 5 10 22 10 86 93 87 56 3 60 74 
75 79 13 72 94 7 22 81 87 99 40 59 31 61 98 67 94 87 5 44 27 3 56 20 59 61 95 21 76 89 55 77 54 9 28 50 13 25 79 9 14 65 31 72 7 91 78 5 80 1 63 41 71 93 26 13 14 56 25 99 35 12 66 81 4 90 47 25 56 82 12 24 34 31 39 9 49 94 92 92 84 30 88 56 47 75 44 28 17 32 94 53 63 9 11 85 45 77 85 34 80 39 98 57 43 11 54 29 62 51 65 19 96 2 29 0 3 5 71 1 46 21 68 41 74 68 14 69 1 67 22 35 19 43 52 53 29 51 53 92 28 26 29 18 2 13 89 53 0 55 43 85 75 87 3 85 26 65 80 89 24 57 23 58 94 96 31 35 20 4 39 83 21 3 84 70 56 59 65 84 80 84 71 39 78 69 48 37 65 60 81 14 66 12 48 19 6 84 31 67 73 94 69 49 23 21 76 66 45 43 77 28 4 9 72 39 94 40 39 3 50 0 64 91 48 71 76 97 5 49 23 97 6 77 30 30 68 70 92 74 84 38 0 45 13 31 69 34 94 76 39 93 20 54 53 44 52 5 80 36 57 48 19 82 76 48 60 62 39 28 90 43 91 16 2 60 65 31 63 19 16 25 33 38 1 11 78 78 27 25 56 72 44 64 73 89 4 5 23 46 68 60 2 64 49 57 9 20 98 88 25 70 31 3 32 35 32 40 41 72 58 76 91 69 32 28 74 66 8 50 44 5 67 14 5 73 6 8 2 5 3 25 68 71 39 94 37 39 33 72 54 86 55 74 29 88 31 59 93 70 74 20 67 28 32 29 11 18 42 87 88 24 47 21 48 55 76 21 71 70 76 86 2 57 0 7 71 17 71 98 67 36 16 22 27 98 43 27 75 28 
69 80 29 76 88 77 24 93 6 77 51 40 81 81 8 0 71 95 77 70 63 70 47 12 20 34 21 55 60 18 94 6 99 12 45 93 57 77 65 42 98 58 49 90 48 78 9 75 82 29 94 25 67 52 87 59 33 34 64 75 59 99 3 1 9 75 17 31 74 61 46 65 46 60 92 55 29 81 41 23 72 6 63 21 91 11 15 12 34 8 65 55 32 18 47 39 9 1 77 11 39 52 84 70 15 86 37 68 57 86 87 91 85 90 15 91 27 66 4 19 5 42 92 58 19 78 10 94 40 21 20 80 32 64 70 13 33 42 27 20 46 68 0 7 96 49 3 98 47 20 30 9 89 56 32 41 13 69 83 18 43 72 26 15 21 27 33 59 97 34 63 31 61 97 43 12 11 55 74 62 75 98 76 16 66 12 97 18 48 65 99 69 24 26 5 51 50 26 13 19 65 39 72 81 51 87 85 88 37 79 29 71 15 12 3 95 44 72 97 71 50 63 97 89 57 27 86 88 15 65 89 49 99 73 35 83 74 47 2 33 79 3 28 70 20 26 74 35 31 70 21 8 17 75 89 30 76 87 60 18 97 67 77 14 54 20 28 40 44 65 45 87 39 5 22 66 60 23 98 46 3 72 24 95 39 5 65 18 55 54 69 66 86 46 75 25 21 63 46 84 87 88 38 1 54 2 84 27 20 8 55 75 32 51 47 98 82 40 19 99 93 79 85 11 59 28 80 74 90 63 77 11 45 14 78 71 92 14 45 86 33 70 64 86 91 14 93 41 64 54 51 88 25 19 1 65 77 66 3 61 84 13 35 42 77 25 41 73 21 96 30 66 49 87 21 88 18 75 16 42 84 41 6 18 85 30 1 69 10 96 89 31 55 74 21 29 23 94 2 60 
74 77 82 87 66 87 64 28 82 80 32 51 22 50 0 64 72 8 60 90 84 74 65 43 90 13 30 14 38 77 18 95 13 54 74 66 98 56 98 38 20 14 47 43 42 13 88 78 18 16 43 88 2 43 57 66 75 33 44 7 28 18 49 22 8 89 98 10 43 92 10 27 66 97 22 23 92 49 70 93 19 56 5 56 51 32 37 11 94 5 71 75 12 80 62 62 17 86 5 91 44 57 21 46 54 89 11 22 32 68 52 83 71 98 95 77 37 58 51 38 61 74 44 15 62 81 33 46 38 51 72 42 97 21 66 27 51 14 26 68 6 28 11 38 2 15 16 99 11 86 80 51 61 48 51 49 95 55 79 50 98 27 98 21 10 48 15 11 52 3 99 81 74 74 34 58 41 19 61 62 73 43 87 31 42 79 39 32 45 59 56 31 88 89 4 55 43 88 48 53 91 89 88 14 12 74 15 86 78 21 18 71 39 36 69 69 48 51 44 77 29 37 27 88 38 54 73 89 4 8 50 49 63 44 44 42 76 80 22 10 6 7 94 21 77 24 69 38 28 83 96 26 11 16 97 65 71 74 74 5 49 63 85 80 96 72 5 73 7 63 28 98 18 59 22 73 99 24 65 52 56 36 45 50 40 46 45 18 43 68 38 42 50 62 84 28 50 17 36 8 27 16 17 95 32 70 61 46 37 4 45 73 46 2 99 13 78 61 24 16 42 30 82 33 63 97 56 0 21 90 24 42 6 52 12 24 42 32 56 56 36 52 74 5 72 81 91 76 39 18 93 70 92 50 50 8 56 52 52 33 65 8 13 99 98 0 42 53 98 73 14 47 58 40 20 66 76 37 80 26 81 57 53 5 13 29 41 25 86 90 61 21 74 55 73 32 5 47 10 95 
22 24 64 56 12 63 94 50 64 41 11 79 18 73 12 88 89 31 80 4 83 36 47 63 4 55 30 52 13 64 97 41 33 55 57 50 59 34 77 96 10 3 24 48 40 48 17 99 41 28 50 23 32 95 13 3 11 32 32 3 20 74 86 59 14 4 7 57 73 22 64 57 53 29 78 68 89 48 57 30 51 92 88 92 2 93 3 2 84 46 88 22 77 22 70 65 83 12 43 66 12 44 84 60 29 0 30 43 56 62 63 86 68 66 89 47 71 10 7 23 41 64 30 4 48 72 17 16 23 91 59 28 14 75 44 81 42 31 19 65 45 62 4 78 77 63 10 86 73 80 14 82 36 51 13 77 81 8 66 15 14 88 71 87 69 74 25 5 92 12 82 95 80 44 91 66 88 99 59 3 51 21 59 4 19 47 13 93 4 66 98 47 36 21 18 52 80 20 79 26 15 93 43 48 29 19 9 55 19 94 39 86 37 7 47 24 8 24 71 37 29 69 36 67 69 76 97 58 34 46 1 90 43 71 81 5 80 88 18 28 44 67 7 81 38 96 97 22 85 61 11 84 84 94 9 15 25 10 60 33 1 36 60 49 76 6 4 5 1 72 49 9 77 80 46 2 84 0 95 59 0 4 53 75 77 5 84 75 49 19 54 69 64 98 31 34 10 62 9 20 76 41 43 71 93 27 28 20 82 85 37 38 32 35 4 41 36 50 42 72 79 30 79 19 23 87 31 53 78 43 16 78 5 55 79 64 36 5 87 68 24 2 60 39 61 75 96 10 65 65 98 13 28 45 28 98 26 85 83 62 6 84 68 40 37 28 46 51 46 50 9 8 82 22 76 91 99 48 86 38 25 5 77 46 69 98 85 83 73 54 84 26 23 62 34 25 34 58 39 1 
63 66 70 63 80 38 0 97 22 45 54 10 50 48 79 4 8 30 21 41 8 47 74 88 58 21 74 81 45 63 95 68 59 60 43 18 23 94 93 73 74 96 71 73 97 52 43 22 83 49 5 72 64 0 64 72 33 41 2 53 99 49 89 79 74 10 52 19 29 86 86 15 31 99 98 99 3 2 50 88 32 35 88 4 83 36 38 43 42 6 93 12 39 72 6 75 44 30 48 5 35 65 52 28 33 91 54 57 19 29 51 31 93 3 83 90 58 37 93 80 8 3 45 54 24 46 2 42 5 69 72 80 94 36 7 63 20 76 16 78 80 59 11 90 33 71 62 81 34 61 29 39 54 22 11 44 0 1 44 42 25 14 87 9 4 88 2 48 32 62 15 86 36 30 29 53 19 61 48 21 1 29 86 21 2 89 70 37 90 55 69 19 72 23 18 15 83 99 33 24 74 28 44 1 54 4 50 49 53 98 61 83 1 9 78 4 71 69 91 81 33 78 92 56 47 22 76 18 61 97 38 42 80 55 51 4 82 59 90 21 34 41 43 34 56 25 64 15 17 25 69 57 19 95 98 53 12 72 98 67 20 0 22 99 87 28 7 39 47 31 4 21 94 92 23 2 4 84 6 87 56 63 53 35 55 81 82 50 33 73 80 5 22 10 40 1 64 1 40 8 67 42 93 81 61 81 28 80 0 51 40 2 40 85 18 22 25 34 45 4 4 29 37 36 81 17 13 2 78 62 72 45 33 94 60 46 31 14 0 83 80 43 12 51 85 4 29 43 1 4 63 46 59 44 45 25 56 95 40 33 60 9 12 9 26 85 86 35 68 65 79 59 95 25 39 2 7 96 10 92 67 60 19 84 21 25 38 34 23 72 27 71 44 68 95 56 68 57 54 49 
65 75 26 16 15 56 47 40 87 9 4 52 24 58 1 10 17 54 37 18 10 34 18 67 25 76 47 35 36 11 61 30 80 59 61 91 55 75 4 88 3 31 84 71 54 42 43 21 9 9 93 26 89 80 34 53 66 1 48 93 22 66 7 68 38 35 23 47 15 45 82 19 4 13 77 94 90 8 46 96 52 10 40 72 84 97 71 74 97 15 39 67 31 96 99 31 32 53 12 77 75 47 28 79 67 81 68 88 80 35 25 60 38 11 6 27 35 62 60 85 45 30 84 91 53 91 53 29 84 70 22 68 0 17 98 98 66 97 32 54 21 60 29 76 55 71 80 59 62 35 78 50 70 89 2 63 57 96 26 52 48 46 98 36 0 7 21 48 15 89 2 82 55 39 89 92 91 81 70 33 38 96 8 81 28 10 74 39 0 11 82 4 46 9 79 89 72 25 33 43 52 27 2 62 48 12 35 32 66 6 43 4 45 80 39 67 48 43 99 5 81 52 56 27 32 90 27 68 25 66 9 81 51 14 79 77 75 75 76 97 68 46 23 25 20 40 35 43 16 45 6 7 51 26 61 47 57 26 62 4 53 76 34 34 87 89 37 4 59 75 27 2 82 73 92 42 80 85 99 54 21 39 42 53 80 55 49 35 72 22 93 25 29 89 67 52 96 29 73 14 78 13 76 36 22 58 56 33 23 73 43 22 87 55 84 13 15 85 79 36 95 52 56 20 14 89 73 65 49 14 39 43 55 78 89 37 41 79 43 66 67 84 89 17 99 91 28 53 19 45 51 9 41 92 74 8 43 54 23 80 84 60 11 52 62 7 99 19 20 14 6 39 6 52 58 51 75 12 97 64 10 87 38 58 90 60 64 1 7 7 98 50 68 86 23 64 55 63 53 42 
37 12 24 46 90 27 21 82 69 26 35 67 15 78 56 32 58 38 97 4 44 27 86 37 69 81 66 31 2 25 1 40 10 93 67 6 78 19 83 80 63 37 48 45 46 80 92 21 57 80 38 20 5 47 14 52 88 6 90 97 59 60 67 99 82 12 88 4 82 18 95 93 7 25 93 6 31 31 43 99 63 44 6 45 94 87 83 12 55 19 31 75 58 21 20 11 28 95 41 83 62 68 43 11 16 33 25 58 79 96 76 82 57 54 46 71 27 51 68 83 35 88 23 96 19 80 0 14 30 36 30 47 26 3 23 40 1 14 50 34 80 91 72 29 45 76 62 51 4 98 54 8 92 47 15 93 74 65 18 58 59 0 87 65 98 42 72 59 80 88 32 93 11 19 47 80 36 77 9 32 9 6 64 7 55 34 90 56 40 51 99 38 59 23 66 63 54 88 2 65 28 43 64 59 60 2 92 51 7 24 8 23 6 73 95 81 18 91 77 7 11 8 34 27 70 41 78 99 14 66 96 61 89 39 26 85 68 14 71 71 60 58 62 94 7 16 19 37 74 28 39 62 68 86 28 8 96 61 93 25 82 20 47 95 75 71 53 14 53 84 94 47 37 55 4 80 76 75 15 67 84 58 90 95 44 22 25 77 9 96 3 52 14 82 86 63 26 40 74 22 21 28 70 63 40 59 89 70 57 5 67 36 39 0 38 12 77 44 8 42 81 58 94 56 79 35 86 38 50 46 76 10 22 82 58 84 75 85 62 22 79 52 72 23 62 8 80 13 33 60 65 20 80 99 3 69 27 84 63 3 56 29 0 73 94 30 48 81 41 54 27 83 48 78 94 16 43 36 72 24 51 37 65 10 74 71 65 92 59 86 36 87 78 97 13 39 84 83 44 74 
42 87 43 33 58 0 76 52 37 81 57 35 22 24 80 84 32 30 33 16 92 15 33 28 25 93 40 93 92 66 23 27 41 73 94 45 15 54 67 42 64 3 40 29 88 93 21 63 52 3 22 25 56 3 92 48 98 35 61 50 65 95 0 17 8 43 89 18 9 32 23 42 44 70 12 19 72 0 9 78 99 87 34 4 1 32 86 75 67 37 83 18 69 70 33 63 38 60 60 48 78 41 71 24 97 49 58 44 10 57 72 6 6 14 29 28 54 40 2 83 34 56 67 69 83 10 19 62 63 91 30 60 44 46 51 65 71 82 85 40 58 59 77 65 99 52 60 33 95 81 93 26 97 48 32 68 35 89 96 93 11 73 44 68 10 28 40 60 18 75 94 35 52 92 32 89 12 41 3 19 83 97 94 0 26 40 91 10 1 1 12 40 79 46 74 59 28 89 90 10 86 9 5 54 76 54 90 21 68 88 21 15 64 84 43 47 15 30 75 48 10 23 19 39 25 90 15 34 30 17 92 29 23 64 65 84 30 6 71 50 95 6 7 8 61 92 52 57 30 16 13 1 68 91 44 99 42 81 83 67 36 90 15 79 10 59 11 38 67 88 74 75 52 11 72 15 18 88 74 25 34 3 84 77 0 89 19 11 22 38 23 21 42 66 63 96 57 16 70 59 49 63 36 8 65 51 89 83 55 27 37 96 55 63 97 52 46 88 89 71 58 47 35 21 32 62 19 63 77 25 95 15 25 13 36 38 89 18 86 48 80 82 8 25 21 71 80 59 95 49 34 96 4 62 6 21 34 78 35 72 47 47 61 6 92 40 59 63 48 99 14 14 82 17 64 76 24 9 88 93 17 17 45 73 50 76 21 72 60 70 76 63 41 14 33 93 60 33 32 34 
62 24 85 10 95 12 52 29 56 23 66 46 34 90 51 2 14 52 83 79 75 10 78 52 37 25 3 95 27 0 56 72 19 87 64 59 72 98 29 73 9 34 17 71 80 84 55 0 86 56 21 52 85 93 16 68 6 18 18 96 67 0 39 11 72 25 43 81 50 32 27 75 39 62 98 11 73 73 38 54 85 22 23 22 19 33 43 19 55 99 14 72 74 51 28 66 71 73 37 57 11 55 49 80 3 67 60 78 80 79 15 68 59 23 96 49 18 96 14 19 22 45 89 64 55 19 12 61 1 5 83 94 89 25 71 10 87 76 12 73 84 15 15 23 59 99 9 90 4 2 30 34 46 68 60 40 34 57 22 1 78 63 81 28 30 54 82 3 44 54 18 94 83 77 38 77 3 94 21 96 87 57 94 35 95 20 6 58 83 41 27 97 19 61 14 28 68 44 74 71 95 2 97 36 24 49 55 1 70 92 12 79 18 56 23 43 5 84 93 44 57 31 70 77 2 13 26 49 13 13 14 36 90 57 66 16 3 35 82 40 8 40 24 12 4 42 69 21 76 18 45 17 62 70 72 46 9 39 54 79 95 35 75 4 15 94 24 52 64 58 9 92 29 59 19 97 63 16 27 9 8 80 11 54 81 64 25 83 83 61 22 71 93 68 73 55 49 24 68 19 3 27 29 24 46 9 17 65 98 62 30 63 1 31 63 65 19 27 92 84 71 5 13 32 31 56 95 47 43 90 13 26 28 38 81 88 1 82 63 5 61 88 89 80 52 71 32 85 58 68 81 86 47 33 0 34 53 1 5 18 43 13 4 35 0 43 7 9 71 74 93 39 16 49 53 35 23 99 2 11 31 46 42 40 90 75 14 13 15 86 72 15 96 77 36 44 89 42 23 62 
64 52 98 14 15 59 45 16 11 57 55 69 86 7 24 38 72 0 8 62 25 14 8 67 46 74 2 41 88 90 58 96 21 18 94 71 86 16 98 24 45 83 57 78 24 81 62 56 33 11 30 72 39 46 64 9 5 60 14 45 2 65 8 37 48 46 91 80 45 37 48 34 83 90 32 54 87 90 54 43 13 18 11 60 93 26 97 93 49 66 43 0 17 61 80 95 19 77 50 43 52 26 42 34 87 90 65 42 9 36 76 62 84 95 15 73 44 50 74 79 86 26 50 46 39 59 87 22 68 90 30 84 56 6 64 93 11 34 95 77 96 79 49 54 82 59 23 83 58 1 68 40 24 38 22 87 18 26 16 76 1 3 73 26 79 59 75 54 17 44 87 59 78 97 29 70 11 26 11 94 20 20 59 27 3 10 0 20 56 52 96 3 53 98 15 17 66 43 11 41 24 74 29 17 61 52 79 38 71 48 10 3 67 28 34 1 95 84 20 69 4 11 62 86 24 64 85 69 10 11 11 55 55 53 0 38 75 66 40 70 31 16 41 69 45 35 89 68 73 3 68 52 93 65 23 90 81 93 67 55 17 67 24 75 64 77 1 74 23 5 91 83 89 24 20 44 88 37 93 14 71 50 63 87 73 92 63 22 58 13 68 42 9 99 74 25 38 78 59 69 61 30 53 76 10 66 46 77 74 52 22 71 27 74 75 81 7 92 5 38 86 88 21 58 93 82 88 73 61 60 59 32 61 48 85 57 27 75 15 10 69 82 59 10 7 31 1 39 7 55 14 66 93 17 81 95 20 81 6 68 85 58 9 94 79 25 24 47 35 55 12 82 84 49 29 50 81 77 92 60 69 19 61 87 43 41 61 70 96 13 37 33 26 53 72 56 15 43 9 13 
29 9 13 58 79 63 96 26 11 7 93 36 69 78 27 52 33 64 0 31 40 44 1 5 33 53 72 73 21 71 94 63 71 47 49 32 98 84 31 43 99 51 39 23 35 10 95 62 53 98 91 84 84 62 89 67 52 42 54 97 33 33 64 86 88 15 45 59 65 30 82 23 40 7 87 6 8 48 62 60 32 55 22 67 80 45 2 43 32 3 58 8 99 73 53 17 3 26 12 24 24 68 2 97 98 48 89 28 78 79 27 2 26 18 64 43 92 19 12 37 85 26 43 19 20 83 65 64 10 32 91 70 95 85 83 10 1 78 80 62 86 41 0 20 28 40 54 5 68 33 1 34 88 33 26 29 6 14 11 51 32 21 41 5 54 90 28 49 8 72 60 42 21 60 26 63 60 46 47 39 40 23 24 25 51 21 19 38 91 67 12 47 57 16 83 29 85 79 46 46 82 80 82 98 85 81 99 50 12 57 60 63 53 41 75 50 52 86 52 7 85 66 92 63 41 46 93 39 28 64 84 14 80 80 26 54 68 36 47 85 2 40 60 85 33 95 59 58 98 96 16 23 18 83 86 56 36 8 70 58 68 12 67 39 27 93 59 60 4 9 73 81 52 58 80 76 93 12 51 12 60 86 93 2 96 82 34 60 31 68 7 6 7 12 59 91 11 7 74 66 11 71 58 92 81 78 72 4 58 74 68 84 16 65 20 21 17 74 86 26 76 62 83 64 94 37 95 82 56 14 55 11 56 80 18 93 5 9 79 29 70 79 37 58 33 9 24 87 84 97 63 7 20 32 39 7 30 13 55 35 83 41 41 32 86 14 48 93 75 55 1 8 19 47 87 99 19 30 94 32 56 69 96 77 48 52 70 35 61 52 24 50 78 54 32 28 71 70 44 86 
9 64 31 56 43 52 25 78 74 12 5 53 39 98 86 47 42 3 97 85 21 24 62 75 94 87 81 23 86 32 83 7 18 47 17 21 68 21 32 16 34 7 58 72 56 78 80 9 47 1 96 12 21 11 4 67 84 9 4 6 31 35 13 41 18 58 98 43 29 65 28 8 99 70 76 8 75 56 28 4 80 98 2 72 57 55 55 97 62 63 0 59 82 5 21 11 21 83 39 23 77 17 40 98 5 94 44 6 16 63 22 79 84 50 76 14 72 14 31 45 46 59 66 25 67 84 4 57 72 11 92 57 18 29 37 70 48 75 98 76 83 88 95 26 2 80 97 49 28 32 19 35 51 75 85 9 62 1 29 27 81 70 36 71 67 41 94 57 60 77 69 53 25 3 87 85 80 85 6 49 32 11 83 72 89 65 66 13 59 72 77 82 57 56 71 51 92 8 28 34 37 68 78 33 40 0 13 73 93 29 34 14 8 66 28 40 7 79 73 96 67 32 96 61 76 36 58 76 41 80 62 90 44 87 0 9 13 58 58 50 49 48 70 5 32 4 62 61 51 73 65 14 40 7 45 80 47 79 13 90 46 83 61 23 39 75 40 36 41 11 21 22 20 78 57 13 24 14 36 9 32 9 86 20 51 35 56 36 72 25 43 98 87 6 28 43 52 76 21 26 2 41 35 7 46 95 64 55 57 76 11 35 58 82 41 25 89 13 3 36 61 50 13 63 93 17 45 74 5 70 28 92 93 89 44 68 99 42 87 77 49 54 50 64 73 55 94 37 88 89 63 28 48 66 43 14 42 75 61 14 60 9 33 69 59 79 99 78 83 32 73 53 37 63 62 2 18 33 60 57 38 31 95 77 39 21 79 69 27 90 6 41 71 12 99 25 59 23 56 87 
98 49 31 87 74 76 59 35 31 20 84 16 2 27 56 58 1 66 60 83 25 92 12 46 96 36 50 21 36 16 48 61 16 81 24 42 58 82 96 91 17 23 34 6 99 84 17 55 2 58 76 61 94 98 22 98 58 10 95 12 48 79 15 76 70 83 77 74 75 91 33 9 16 24 97 12 63 31 52 1 42 21 80 13 8 12 49 72 41 60 74 14 2 48 68 14 90 49 1 39 19 67 75 41 33 33 57 17 73 48 13 34 20 83 11 5 57 22 85 96 33 86 11 8 54 47 28 9 46 41 1 85 8 92 30 83 66 71 51 61 61 67 89 45 2 7 70 0 11 39 57 71 86 26 88 65 8 20 22 69 64 92 69 53 36 36 81 12 53 58 43 84 39 43 12 63 51 95 80 87 93 92 69 75 84 18 84 89 52 62 19 16 10 38 24 51 49 21 53 11 60 18 84 83 3 50 21 98 96 85 18 20 39 30 34 2 43 3 61 40 22 59 27 80 46 82 42 73 42 57 10 44 53 11 87 53 29 14 93 5 31 82 91 10 32 23 4 56 79 29 75 11 38 45 29 41 98 70 21 17 91 36 59 56 63 0 19 83 9 80 84 16 85 98 92 66 10 23 70 84 40 76 8 21 64 9 50 17 29 44 18 70 20 12 76 65 21 86 37 87 55 48 16 76 82 44 41 23 88 8 97 78 39 96 93 51 52 63 17 10 26 21 80 17 5 84 18 6 57 37 25 80 56 38 96 40 83 6 45 13 30 72 29 42 22 76 61 75 35 34 3 31 19 17 45 69 70 39 77 84 66 29 22 31 50 21 62 77 10 2 4 28 20 64 76 93 66 41 29 31 91 72 87 69 63 19 41 30 19 86 88 25 76 70 56 10 94 23 31 61 
52 21 12 89 87 84 29 58 16 19 40 51 53 43 22 59 14 21 21 4 40 85 92 92 79 71 53 12 61 90 90 18 34 23 79 11 41 20 50 41 46 74 92 93 98 72 99 45 92 81 29 20 6 20 72 98 99 49 86 61 1 51 71 84 75 36 77 71 47 80 40 27 66 74 9 47 20 99 55 51 85 32 96 69 99 22 85 97 64 88 94 10 52 93 12 1 94 91 71 7 82 23 10 11 83 54 40 29 97 51 62 14 14 38 15 35 56 44 95 60 95 80 66 38 65 54 91 31 13 94 44 17 36 31 45 97 69 56 21 49 88 46 67 13 61 71 33 67 62 31 5 60 14 13 57 53 71 24 24 41 79 79 77 33 18 70 68 38 27 22 15 45 0 14 63 73 79 71 55 72 47 5 59 59 42 51 37 59 56 48 40 12 12 55 34 5 21 92 12 28 99 65 7 20 91 44 9 96 17 13 12 54 61 46 46 88 0 89 38 53 83 90 71 35 59 34 6 23 16 39 16 78 84 68 8 35 68 44 78 64 21 10 57 78 34 24 22 63 74 64 49 94 32 98 24 14 70 31 78 63 90 70 93 69 86 85 19 45 83 74 13 37 9 46 2 3 48 21 90 41 81 80 50 39 67 80 79 65 56 28 21 63 17 96 63 35 5 70 63 70 76 13 31 49 59 5 78 17 62 79 23 57 6 9 44 67 32 87 62 13 66 47 32 29 48 18 89 83 9 48 90 22 31 95 60 86 49 43 13 69 20 56 69 59 64 30 56 22 55 0 30 29 10 45 98 56 19 88 4 65 94 83 37 42 84 6 31 40 57 51 57 70 18 96 15 8 70 89 73 76 44 47 90 98 97 82 96 1 14 10 83 14 61 39 2 33 19 87 16 81 
29 58 47 24 95 33 93 70 38 36 36 98 27 44 84 11 39 21 30 19 32 43 79 5 36 52 73 60 37 93 33 27 4 64 82 67 46 18 72 64 15 24 77 47 77 59 28 76 77 96 91 54 92 33 79 27 84 57 25 13 84 42 99 73 58 69 84 92 8 22 28 15 45 77 51 12 16 83 51 73 17 41 96 18 55 10 16 10 34 31 95 15 93 28 13 92 31 9 29 90 70 70 48 61 40 86 74 79 17 90 49 35 32 65 52 80 70 91 93 0 44 18 6 11 45 41 41 67 27 27 54 78 4 6 89 85 8 49 16 26 69 10 61 33 31 8 56 7 97 84 23 53 8 66 11 47 98 15 27 26 54 1 19 34 30 62 82 16 25 96 70 61 38 56 36 51 81 50 63 24 84 8 26 31 16 91 82 26 34 42 88 45 48 9 7 36 52 53 4 25 99 96 91 18 82 96 93 86 53 38 86 53 56 13 29 84 94 12 14 80 11 4 84 9 77 36 26 84 87 52 99 96 70 89 52 63 64 53 61 12 17 94 61 12 23 57 65 0 29 23 0 5 71 28 10 81 9 1 74 40 69 16 54 57 11 83 56 51 3 0 7 16 40 36 15 77 43 25 41 45 77 14 47 22 41 33 6 1 49 62 73 98 80 19 33 17 24 89 25 39 65 66 76 27 54 25 64 86 22 89 42 1 25 82 59 51 93 56 86 90 91 45 3 46 86 25 37 59 14 21 75 38 97 97 16 87 26 53 85 9 86 37 88 23 27 27 66 66 83 21 36 79 37 79 33 62 1 52 42 47 18 65 44 24 31 93 18 51 54 19 42 74 69 12 42 48 2 16 82 45 83 39 84 76 49 96 58 24 88 2 99 90 2 6 93 38 79 76 15 16 
70 57 59 3 97 43 76 54 98 26 47 19 12 40 31 38 25 0 64 4 59 97 65 71 68 3 44 74 69 16 42 25 0 5 14 18 37 15 67 4 36 62 30 53 9 38 52 60 27 95 56 0 73 79 72 22 14 50 73 63 45 11 80 66 41 68 46 62 41 26 67 63 26 38 51 37 91 6 64 54 49 88 36 38 76 76 23 88 6 77 16 58 67 3 16 71 85 90 49 12 9 0 35 81 53 34 89 26 91 32 91 9 50 29 60 9 59 74 34 52 7 50 95 77 43 25 75 85 60 86 7 3 93 47 36 85 29 36 49 97 93 92 28 24 58 28 7 30 30 4 22 14 81 39 29 31 65 64 60 63 91 38 97 99 25 25 45 11 67 66 26 60 29 50 48 43 28 6 50 43 45 21 83 18 88 84 88 24 38 94 44 73 68 64 87 92 85 19 11 76 45 14 69 54 80 17 62 23 86 82 85 91 76 34 84 85 24 27 37 61 52 37 79 92 80 89 64 71 37 61 86 39 5 42 89 75 76 66 23 98 19 82 95 7 80 71 34 14 13 14 31 1 45 74 84 11 84 5 45 83 61 7 33 72 57 78 19 84 63 17 91 47 51 64 24 21 59 80 48 18 83 95 46 36 67 1 24 30 67 8 34 73 17 97 89 60 11 92 14 68 67 78 65 59 67 61 6 56 98 60 83 16 90 88 52 51 92 6 70 30 48 61 26 11 50 58 29 98 5 55 23 11 34 45 21 72 21 73 98 32 66 32 3 12 58 14 43 93 34 56 67 2 81 34 41 63 86 4 6 22 13 70 18 90 55 97 40 97 62 4 83 62 81 37 11 82 75 32 67 70 95 13 67 14 81 33 56 93 99 1 43 21 6 50 58 76 37 4 78 58 
78 57 98 89 41 1 19 51 98 72 65 19 90 51 60 47 68 63 39 19 79 70 5 22 88 7 32 5 38 84 30 28 82 46 74 81 96 36 48 54 77 28 69 3 19 3 17 91 54 71 13 63 0 50 99 65 63 25 15 37 65 46 69 86 24 13 29 39 8 44 54 3 66 37 34 50 94 85 8 21 91 39 63 69 85 35 70 70 99 87 76 97 6 17 3 24 18 11 75 54 91 43 40 91 83 3 72 12 43 32 50 14 23 81 92 75 69 35 74 34 64 19 71 36 29 43 51 15 10 24 13 46 75 7 79 85 14 34 21 74 14 38 62 64 30 55 65 51 6 19 38 32 22 11 15 67 90 90 5 38 46 39 3 0 3 26 87 1 37 38 38 11 67 77 77 10 24 15 69 28 99 3 63 17 9 92 80 29 89 79 98 21 37 18 60 58 67 12 83 64 70 30 46 28 10 78 94 68 49 21 81 63 32 95 24 19 53 93 31 94 10 50 70 37 58 87 57 27 11 67 99 77 60 27 15 92 3 93 26 31 13 71 5 43 37 18 6 48 19 84 88 58 54 27 68 1 55 79 89 72 59 6 4 56 87 81 13 99 86 21 57 38 61 32 64 80 30 18 64 28 1 67 62 14 35 90 81 41 99 94 49 23 83 36 42 61 26 16 97 69 84 20 10 74 31 71 11 18 11 93 63 54 96 88 86 81 18 70 36 97 98 4 77 35 75 46 64 97 59 92 79 55 99 64 53 65 29 29 49 94 24 60 42 6 97 53 88 75 16 20 70 86 24 48 12 60 3 48 63 79 61 36 98 36 89 82 23 53 61 82 47 7 65 91 78 36 94 11 15 5 91 12 58 71 49 39 78 11 56 74 70 36 73 81 47 52 88 90 36 90 
33 10 88 50 15 9 59 80 49 45 43 10 21 38 85 93 77 57 60 95 68 39 58 39 69 63 45 40 50 88 11 2 79 24 89 77 32 60 44 15 17 45 1 22 0 42 75 35 44 18 66 81 60 16 43 40 90 54 37 27 41 32 9 99 69 13 17 6 25 38 34 33 53 65 77 2 70 87 27 61 19 10 59 99 97 94 76 67 8 62 54 73 47 61 34 0 38 66 33 81 87 28 4 64 47 66 18 73 22 58 46 47 0 89 96 75 29 83 53 93 27 98 21 98 99 36 61 70 86 5 89 40 24 34 35 58 86 44 25 83 96 27 11 78 56 46 57 29 22 79 11 37 52 44 86 83 13 73 38 48 77 90 24 85 94 44 83 38 90 31 25 81 15 18 43 53 52 14 77 75 54 0 26 63 17 18 20 72 17 72 58 90 43 23 71 12 68 69 79 5 11 98 3 37 85 39 69 80 82 89 84 23 59 80 81 44 24 73 19 99 27 85 85 92 16 2 53 43 65 71 91 74 65 83 98 54 93 90 58 80 48 75 63 76 44 77 65 99 7 33 5 66 35 19 90 67 56 33 83 64 23 32 0 1 36 28 11 29 7 50 18 52 40 44 22 3 41 97 46 60 64 93 51 32 53 67 86 66 27 54 33 54 61 21 22 58 40 78 62 52 80 92 32 72 56 71 28 63 90 4 27 36 30 15 96 17 41 9 92 58 21 41 62 90 47 61 84 26 26 17 66 42 46 4 57 97 55 1 70 76 50 80 88 14 65 1 62 42 7 45 69 17 66 44 22 71 29 26 51 64 4 60 92 79 86 62 88 57 29 82 95 95 32 28 82 58 32 52 65 82 7 27 85 2 19 77 90 65 75 78 98 76 55 97 35 8 68 29 66 67 
2 66 76 30 89 99 37 44 97 8 46 78 18 26 47 10 70 94 34 28 97 98 38 79 24 86 80 64 73 87 2 80 97 41 73 87 62 70 20 29 83 12 1 28 26 4 71 23 45 17 73 17 27 54 27 0 53 20 34 11 95 70 81 66 40 62 37 70 71 69 40 12 18 78 17 98 69 35 15 28 62 39 60 11 78 2 60 75 20 31 66 78 16 35 30 68 83 27 80 74 88 44 80 38 62 20 39 44 33 88 4 93 79 87 62 22 44 14 6 57 31 50 32 84 94 22 82 79 80 30 35 87 97 26 61 94 3 23 70 16 56 10 49 66 46 63 44 87 66 17 8 73 28 19 79 13 75 26 13 65 84 72 26 97 35 72 83 48 34 43 35 64 20 11 56 4 17 33 26 73 9 93 50 95 50 8 43 42 49 97 70 40 79 57 36 85 84 55 49 12 9 72 85 96 27 77 45 11 11 2 83 9 75 8 26 44 0 94 58 78 94 65 42 64 49 56 34 26 78 1 35 11 49 37 93 78 92 89 9 97 8 14 15 81 26 15 66 79 20 57 37 85 65 87 60 72 47 82 20 20 31 22 62 12 75 3 91 12 79 75 15 56 60 77 84 43 0 85 74 8 9 13 95 28 34 71 25 12 83 80 76 4 41 52 58 27 37 39 34 89 4 55 37 59 47 7 35 38 51 16 99 51 3 13 61 30 57 41 16 8 43 32 17 33 55 45 54 49 57 47 34 30 94 97 88 87 49 19 11 75 86 82 61 5 70 83 98 7 70 12 86 33 69 22 77 63 32 39 91 81 49 35 97 82 64 24 59 99 46 38 37 21 20 52 55 77 78 13 52 7 61 50 91 2 75 8 13 42 86 92 85 35 31 49 13 25 71 13 75 99 
50 84 4 40 27 78 13 56 24 64 95 71 30 9 98 7 40 48 40 83 76 84 23 72 50 99 34 63 92 28 11 71 37 85 22 57 22 64 49 37 38 4 57 34 29 94 47 88 3 4 35 89 78 13 1 27 53 70 69 61 87 17 73 76 83 5 27 23 5 1 9 32 85 64 59 61 90 32 19 94 78 74 25 97 48 66 24 84 54 82 17 50 96 84 13 85 65 75 77 54 24 71 49 25 93 86 12 10 30 1 70 20 4 91 99 98 94 78 36 68 96 91 67 50 76 16 56 82 89 1 89 58 79 68 70 53 59 8 49 35 11 99 92 7 21 94 36 16 72 42 52 17 59 57 67 14 97 23 2 96 61 53 69 72 50 45 75 23 41 43 65 52 82 48 55 2 69 57 37 71 87 2 1 50 19 75 88 21 16 99 22 66 87 8 17 63 98 74 9 91 65 71 74 35 36 50 38 37 84 58 98 40 57 90 78 24 16 11 23 43 70 93 65 76 37 77 21 23 69 10 60 26 90 8 16 58 20 97 23 84 6 78 98 98 19 21 60 13 26 67 59 85 10 73 82 59 49 78 24 41 88 31 19 3 39 9 24 85 25 35 67 96 35 65 82 82 26 0 58 36 89 80 37 74 35 94 70 86 25 93 98 32 68 35 55 46 2 31 18 78 29 27 69 36 76 7 13 86 44 52 62 85 10 93 92 70 99 29 64 9 64 11 68 9 63 39 75 23 34 34 77 59 55 24 1 13 59 27 80 4 54 19 97 37 27 52 49 26 33 75 73 61 2 92 86 10 83 11 96 47 23 46 2 11 10 31 77 77 53 87 62 23 25 29 1 75 77 71 20 89 53 10 81 16 71 96 27 69 50 75 6 9 53 35 56 15 52 4 82 62 
23 45 96 24 68 68 82 63 29 99 12 35 86 34 11 61 67 87 56 81 70 74 0 10 12 69 20 42 84 55 79 44 31 70 10 82 46 70 59 74 49 92 54 36 14 37 59 61 22 32 96 71 30 38 50 97 48 87 38 60 94 11 34 41 43 98 23 69 73 93 21 95 75 74 97 57 32 21 67 58 32 36 92 58 66 49 1 62 13 66 5 33 50 25 23 87 85 32 8 18 8 11 68 58 70 4 54 25 85 84 13 75 25 39 83 86 29 8 37 9 55 50 45 86 40 65 31 94 19 50 64 88 63 52 2 36 65 48 92 61 31 36 81 76 61 85 30 32 89 70 17 51 22 55 39 38 29 55 78 12 40 62 16 3 94 66 6 52 26 4 36 16 11 10 68 74 32 54 85 30 29 13 42 83 94 64 23 2 67 3 31 79 72 17 11 11 77 88 30 2 48 41 1 34 17 57 5 88 99 93 23 79 13 63 51 74 52 35 24 52 19 73 59 2 7 99 86 93 68 73 71 31 27 35 28 55 21 87 69 55 84 92 45 72 57 69 25 6 2 22 27 62 1 44 73 42 1 96 36 20 7 94 28 25 23 26 13 80 48 54 76 85 45 37 6 95 58 31 52 41 94 22 75 28 10 21 62 62 10 99 14 61 14 47 10 55 96 61 11 4 0 39 81 68 68 57 55 63 26 5 95 51 98 31 1 77 88 24 18 10 22 2 64 79 61 12 0 26 70 21 99 19 31 74 81 39 43 11 31 20 58 31 22 18 60 17 29 97 65 97 40 42 57 3 17 62 33 56 87 64 5 26 12 42 43 43 79 11 88 1 95 71 31 68 79 4 51 83 38 4 52 32 36 95 3 67 66 66 32 0 34 36 89 32 11 20 22 49 88 7 
57 25 66 15 3 66 47 16 78 2 33 42 40 76 23 80 76 97 90 36 40 53 15 86 47 63 11 29 99 86 59 31 1 24 57 48 83 55 53 71 47 87 77 16 71 67 89 90 28 3 98 47 59 37 39 39 97 46 21 6 26 28 53 96 68 6 0 91 96 92 27 32 93 79 54 62 36 23 61 27 76 91 17 3 3 36 92 62 60 47 5 13 30 76 34 61 10 83 86 63 13 12 9 7 88 65 10 6 39 85 80 73 66 42 68 37 34 48 34 3 89 0 18 45 97 78 45 30 39 67 32 40 57 13 12 13 0 64 11 74 36 12 22 20 16 40 63 71 2 91 64 51 2 10 73 87 86 37 31 83 3 41 9 99 66 37 24 48 29 63 81 81 31 54 70 38 0 1 33 64 66 7 91 77 49 49 73 57 77 79 83 81 82 30 82 39 91 53 72 54 75 55 1 44 44 41 84 77 36 49 6 61 6 54 62 29 80 28 11 98 30 78 62 27 20 54 71 92 36 77 24 51 38 36 47 33 75 94 97 96 31 75 32 76 46 8 34 64 9 28 38 15 90 31 71 74 93 9 19 15 85 49 58 70 14 70 78 87 44 53 49 68 64 8 48 80 29 39 67 53 51 34 31 6 11 54 55 44 13 23 30 26 69 60 19 19 68 61 83 35 15 10 87 76 9 81 21 6 81 62 0 12 18 28 53 1 38 83 30 79 89 63 29 76 75 56 70 54 94 44 73 3 4 77 32 12 41 59 69 17 42 16 10 34 22 71 29 24 91 73 55 31 91 98 32 70 64 35 37 40 21 60 49 78 76 53 47 53 68 81 72 33 98 26 12 90 39 18 39 57 79 33 62 91 29 36 14 82 49 14 92 88 10 57 70 8 77 23 33 45 
62 22 99 42 22 68 35 96 49 35 86 14 52 91 56 35 73 17 4 43 94 97 16 86 20 79 85 70 69 59 1 55 59 57 78 21 34 10 42 12 24 52 99 35 52 31 53 47 61 89 25 45 11 43 61 35 6 10 69 35 30 21 0 20 99 3 56 45 38 31 42 47 72 38 29 54 93 85 72 55 63 32 90 77 93 62 86 78 30 5 51 3 22 17 90 94 50 8 10 50 19 73 46 16 69 33 21 37 45 9 42 36 49 65 67 90 14 16 60 39 11 22 87 67 84 14 34 40 81 60 35 33 75 22 43 47 83 45 7 8 59 10 31 42 18 9 83 60 36 90 90 87 72 51 56 18 75 61 5 98 58 14 24 53 24 91 61 49 23 17 77 85 67 49 82 35 6 24 90 60 97 88 25 0 67 89 59 36 5 30 82 21 82 64 52 94 96 7 3 73 23 66 14 18 16 6 43 25 9 2 62 25 55 98 53 69 83 3 23 37 93 45 86 76 18 40 60 41 41 24 10 48 52 8 88 82 4 17 7 31 27 42 96 15 12 63 5 95 4 31 33 26 11 50 44 3 28 7 40 1 54 40 1 48 47 31 96 82 10 66 70 86 24 14 19 23 26 81 17 60 14 75 29 70 15 73 25 23 78 33 43 46 78 81 33 27 39 59 57 49 30 60 39 32 28 84 41 0 64 98 2 87 65 12 78 2 73 65 37 3 95 25 77 9 11 53 69 48 95 20 16 43 8 28 91 24 67 61 66 58 46 19 44 48 37 54 32 77 37 95 63 51 74 93 43 17 28 21 50 88 81 41 72 88 68 46 81 95 69 89 55 6 72 63 2 56 79 17 40 47 7 55 91 56 41 11 97 90 21 64 20 66 60 59 86 65 23 50 34 55 
26 80 95 78 94 76 9 6 37 85 74 60 68 85 23 53 23 64 87 48 98 20 34 14 60 42 6 53 91 24 54 59 99 85 28 9 8 48 4 67 56 45 25 93 50 80 24 50 44 36 47 0 15 75 85 77 12 98 3 24 17 39 12 7 42 89 19 88 98 64 4 21 49 90 46 81 34 26 45 39 60 14 44 21 44 38 40 74 42 67 77 15 54 25 92 80 13 16 95 37 92 24 29 62 26 80 13 24 85 21 68 53 27 24 60 80 42 69 76 5 77 96 13 85 40 88 84 33 34 58 65 71 38 16 74 98 61 47 25 47 81 54 21 71 33 24 40 35 11 16 8 82 41 34 91 26 29 97 17 34 59 43 72 98 28 80 7 75 64 23 38 5 16 69 5 18 34 79 83 48 36 14 25 94 95 34 46 91 23 67 30 28 75 71 10 27 75 43 10 23 41 11 33 82 0 25 60 29 46 57 13 3 54 49 58 8 25 49 3 59 40 40 32 42 33 77 31 89 69 55 28 50 99 21 50 87 59 4 1 48 89 94 48 47 47 95 12 37 56 74 14 38 47 70 78 76 51 98 80 44 88 78 88 38 10 27 16 27 36 8 17 35 48 62 22 88 48 45 31 35 40 0 50 33 91 2 58 78 48 42 57 49 54 1 56 17 9 42 84 2 19 22 39 27 37 72 67 30 74 78 34 40 34 94 11 39 74 68 72 73 4 89 53 55 41 31 36 94 2 17 97 72 47 54 68 71 73 69 4 37 88 96 14 64 20 57 86 84 7 52 30 33 67 18 85 74 36 94 77 22 88 70 88 98 10 32 83 59 37 37 8 38 1 17 38 29 52 25 19 21 54 22 77 4 85 15 56 79 10 0 63 63 71 91 16 28 79 67 69 64 
39 60 16 17 43 47 47 9 44 6 49 32 59 1 35 80 70 98 67 5 17 86 25 28 16 37 30 76 38 97 17 65 61 62 52 92 93 44 20 16 50 11 1 95 50 34 0 64 66 92 1 16 92 0 95 34 21 72 2 16 24 36 29 22 14 66 99 73 75 21 50 8 81 54 26 82 3 18 44 40 53 25 39 36 87 50 51 15 83 28 95 51 87 93 74 44 6 69 30 31 33 9 97 55 52 49 1 92 11 66 73 37 72 24 81 86 66 59 74 78 2 5 62 45 92 27 2 10 80 35 76 35 91 62 64 8 77 85 90 21 12 49 42 90 97 59 54 45 81 41 91 79 71 74 14 91 23 84 69 16 78 32 90 80 89 82 64 92 67 18 84 57 99 90 73 19 37 96 7 90 28 26 96 83 52 12 20 40 77 94 34 2 39 64 52 86 15 30 44 46 98 39 27 85 9 28 67 85 33 44 47 24 87 31 61 33 39 28 71 76 0 79 34 85 3 6 97 73 9 14 33 18 82 46 92 16 96 28 95 95 19 11 39 79 54 96 99 85 90 35 52 76 22 9 13 60 42 36 17 54 55 66 62 36 59 37 75 94 66 38 38 65 37 9 70 15 10 76 30 40 99 20 35 75 53 8 86 36 24 0 66 36 26 37 4 73 5 13 59 84 1 58 83 28 22 85 53 21 77 49 13 9 20 34 51 41 55 22 45 95 22 15 13 55 4 65 38 80 61 14 89 85 71 75 59 55 9 29 59 12 68 13 17 80 11 68 20 35 34 82 24 72 2 32 93 8 91 4 21 86 29 16 97 21 27 66 1 66 0 23 14 0 40 17 13 90 27 15 56 80 16 39 24 36 97 13 27 86 69 67 81 29 82 94 6 13 32 24 50 26 
94 64 99 26 67 65 54 50 88 39 28 24 44 62 96 45 75 80 62 9 36 81 85 63 25 98 32 7 4 63 58 42 59 76 60 21 39 45 59 84 46 72 63 48 70 43 57 26 69 31 68 94 74 32 10 84 24 78 80 14 38 83 48 34 23 58 61 81 27 68 61 60 89 49 42 23 34 26 2 91 73 64 37 48 45 54 7 30 49 23 46 3 82 38 84 2 86 12 89 99 18 32 28 27 65 43 76 53 56 6 33 25 53 15 22 43 28 5 65 59 66 88 49 40 28 34 72 55 8 72 61 90 50 15 71 76 26 99 95 66 40 68 58 63 36 90 99 44 83 91 51 31 9 3 34 20 56 65 57 48 53 15 45 2 42 22 11 76 20 91 23 87 70 49 26 45 17 63 67 14 54 9 2 24 77 30 68 64 90 9 26 46 13 17 4 43 94 40 71 9 27 3 6 35 14 34 29 95 90 16 47 5 0 74 98 56 97 35 76 22 75 35 5 59 49 57 54 50 22 79 52 1 96 21 45 91 88 38 62 46 14 59 22 69 95 88 26 94 35 56 42 4 33 58 62 77 51 85 72 86 58 33 93 24 37 63 39 29 25 20 98 10 45 13 29 19 63 73 79 15 18 97 69 86 69 20 6 68 44 55 26 44 86 52 43 25 63 59 69 55 71 95 48 73 75 97 96 58 42 2 92 6 74 36 89 67 76 79 53 74 85 88 71 11 66 34 90 32 83 31 46 33 24 0 65 73 92 37 42 91 21 3 6 99 63 51 92 75 88 12 90 21 28 44 24 35 47 35 61 17 7 12 68 21 94 23 41 53 52 59 43 44 36 92 4 6 77 92 51 2 27 87 82 77 95 51 52 92 55 97 60 96 77 69 59 77 11 72 11 6 
75 96 68 11 7 68 11 84 72 77 5 33 27 20 0 20 5 76 88 91 99 10 33 66 32 40 0 81 85 75 15 98 45 12 73 76 3 85 54 32 40 95 11 82 74 82 89 8 77 53 52 27 76 60 93 31 79 63 31 11 74 79 2 43 50 11 5 17 6 17 6 63 70 37 56 24 34 99 32 45 97 88 83 96 24 9 67 9 56 83 43 41 53 54 28 1 7 0 73 80 50 57 11 99 48 65 78 60 57 13 58 9 80 54 85 55 69 78 53 98 34 12 25 70 13 18 88 6 30 57 37 1 81 84 56 10 95 77 41 56 74 89 31 94 42 63 84 55 81 74 23 69 49 34 20 27 92 80 87 73 36 92 84 42 33 32 66 8 64 74 2 39 33 11 94 35 31 62 93 72 86 23 58 11 69 0 61 35 81 31 68 95 6 22 90 65 85 87 8 51 5 92 41 62 62 82 92 49 27 4 19 83 19 39 78 51 30 68 8 78 80 21 16 41 19 99 60 90 96 23 23 9 4 75 25 8 73 92 16 94 10 42 24 87 31 51 78 65 64 28 72 4 45 48 91 96 18 78 18 99 48 30 26 62 8 31 83 85 26 51 27 9 92 98 64 48 96 15 58 73 3 9 29 54 76 33 24 52 53 53 11 38 64 53 38 36 32 39 98 33 33 56 60 75 81 33 48 58 93 67 96 8 12 43 40 95 58 80 24 79 63 50 48 10 88 59 91 1 26 84 79 21 50 55 96 54 58 10 48 2 26 34 5 77 53 65 61 28 57 17 34 63 23 2 92 84 44 66 84 72 33 86 94 40 86 84 82 85 93 31 19 63 75 26 12 68 23 81 67 75 54 88 79 63 11 77 64 18 4 12 98 10 33 1 62 15 63 66 11 84 
95 62 45 82 72 9 47 14 83 29 95 58 82 92 54 88 66 79 76 7 92 54 48 86 70 89 31 28 54 42 83 80 5 12 36 30 97 32 14 26 59 22 68 25 19 50 60 85 60 47 63 32 81 4 95 16 88 77 75 93 48 8 69 80 93 89 53 71 79 3 58 24 13 8 39 19 62 30 40 86 97 94 85 7 53 94 2 60 59 66 51 86 79 12 50 68 33 5 87 33 96 41 67 77 99 2 12 11 88 60 79 95 81 1 59 39 81 71 46 59 95 24 14 5 33 22 13 41 92 75 16 37 9 96 0 28 11 94 86 68 24 84 1 1 17 49 61 96 50 77 70 96 32 23 6 16 81 94 87 38 5 84 40 66 27 26 90 1 4 38 82 83 45 65 37 31 71 61 86 43 26 98 31 0 78 39 27 10 2 99 40 47 42 89 24 64 8 84 80 65 65 63 11 46 45 88 60 62 76 92 91 39 90 47 89 77 38 48 34 40 98 34 15 64 2 80 16 72 26 74 51 63 16 29 9 41 27 57 49 12 69 1 23 36 11 51 47 13 46 33 74 21 84 79 60 98 85 49 91 57 3 84 26 87 76 72 38 78 51 96 93 79 44 85 51 83 0 96 82 4 8 43 89 61 56 2 0 36 55 66 14 79 13 57 34 73 65 91 80 99 85 49 83 7 66 76 3 55 20 48 9 56 22 34 4 33 26 87 67 43 8 93 76 63 43 23 47 34 99 28 43 39 85 80 88 46 68 10 30 92 85 33 21 59 90 30 9 99 58 9 32 62 8 4 22 28 61 64 8 61 62 25 60 59 87 36 52 66 77 27 41 91 22 25 13 41 78 90 12 90 28 61 76 45 83 5 23 54 86 49 70 27 3 59 19 85 75 90 22 43 
84 66 67 46 39 85 26 44 84 80 49 91 28 23 14 28 93 4 40 13 20 65 24 43 68 14 99 35 17 62 90 63 55 40 33 80 64 96 40 90 39 30 42 88 2 95 11 88 31 51 93 78 14 90 3 37 38 5 73 25 29 64 18 60 77 65 18 10 69 28 6 42 39 45 78 24 7 61 67 12 55 29 57 44 64 18 82 45 93 90 32 62 12 55 79 13 78 25 95 14 46 99 53 13 80 33 27 39 13 60 21 68 90 21 65 40 54 63 74 84 10 91 97 50 44 21 84 11 14 8 91 31 67 86 48 22 54 65 54 2 13 86 57 1 93 52 72 49 13 27 35 81 99 37 7 53 22 28 19 21 73 38 91 29 52 17 32 69 21 59 10 40 76 81 32 2 82 14 63 55 87 62 92 8 38 92 99 0 27 65 76 23 11 42 75 73 5 4 56 98 41 61 43 77 56 46 42 3 83 35 73 2 69 46 81 82 66 55 60 78 85 40 24 5 80 49 6 18 15 50 9 66 38 56 55 34 55 32 90 53 47 82 99 27 71 69 48 30 90 32 71 35 6 80 3 72 36 63 9 17 12 41 54 40 68 68 4 22 24 77 89 75 25 88 61 97 54 81 42 92 84 61 40 16 17 3 28 35 27 84 67 16 50 83 96 65 55 21 74 49 30 3 23 5 3 62 2 72 24 80 54 20 87 87 58 59 57 7 87 86 6 19 17 93 59 5 47 32 52 42 6 88 55 23 19 24 64 73 22 77 71 87 17 43 67 22 46 35 20 45 46 30 55 14 90 16 57 50 58 73 45 96 64 66 66 69 9 55 24 4 46 27 38 41 2 68 64 50 15 1 9 61 39 78 24 11 39 15 6 56 90 4 87 20 71 79 75 21 34 38 
63 66 58 2 8 4 91 80 10 55 30 51 12 47 78 58 23 95 8 52 20 37 42 82 31 48 3 79 10 87 10 85 97 78 61 75 91 18 68 10 73 60 51 0 69 14 48 7 70 18 32 14 94 3 23 10 92 88 2 83 19 18 24 57 70 93 20 49 70 84 99 66 21 90 93 29 64 32 72 40 7 67 68 50 72 44 12 68 53 18 89 66 94 95 5 93 94 3 91 52 13 54 13 68 86 9 92 13 65 19 19 17 48 4 67 71 14 73 66 48 64 52 87 69 79 47 88 74 13 32 81 76 7 68 57 81 64 81 81 20 24 16 29 11 68 87 2 49 27 21 81 55 4 39 34 90 98 87 86 94 4 80 94 42 50 49 12 80 87 73 80 14 42 79 81 37 74 49 68 17 5 74 92 5 52 99 30 92 60 54 83 27 73 78 55 29 26 11 69 54 84 59 32 56 97 23 64 23 44 26 90 69 56 2 12 88 54 88 32 96 87 3 70 21 97 96 16 82 65 16 58 1 13 77 6 97 90 13 5 10 17 21 75 63 98 66 24 78 89 66 20 88 84 41 44 6 81 72 48 68 80 49 51 31 72 40 62 85 34 34 41 80 65 76 64 51 4 74 53 58 97 28 65 47 40 65 80 88 95 51 84 87 67 50 93 36 51 96 47 33 55 92 16 64 92 33 13 12 94 58 66 21 22 8 28 77 25 23 90 19 81 76 43 99 6 74 72 10 76 93 69 76 35 44 45 67 70 41 73 18 72 69 68 5 37 72 60 19 57 15 64 93 38 97 74 93 22 99 11 3 70 86 93 82 64 1 20 43 36 16 85 5 55 77 6 64 84 61 74 64 39 64 60 20 37 0 45 52 25 23 15 70 88 32 39 44 20 29 74 87 
88 78 48 6 77 72 69 58 32 82 65 8 18 44 82 20 12 38 83 52 73 27 55 44 20 91 86 17 26 10 11 7 95 51 83 44 56 31 53 94 89 13 62 67 96 81 39 19 30 3 5 34 40 83 16 40 21 59 3 53 90 17 10 92 26 94 37 39 86 49 57 56 56 36 77 26 88 24 15 63 23 91 86 65 16 47 85 46 75 36 85 96 68 6 60 69 75 36 79 40 85 12 26 8 3 68 81 92 22 4 65 71 23 98 90 41 39 62 59 99 34 58 13 55 31 21 21 50 76 77 5 90 16 54 75 59 0 65 38 70 46 79 53 8 26 59 43 51 63 90 10 45 18 28 98 61 33 25 60 56 23 85 98 93 86 65 97 28 9 15 2 91 88 20 89 16 28 11 55 81 59 13 13 78 7 91 69 15 78 35 53 50 14 68 66 13 29 87 55 43 68 14 14 83 24 86 46 18 57 26 98 78 11 0 89 66 85 59 18 4 16 88 17 76 75 97 11 47 52 49 22 16 72 57 45 34 82 90 83 11 9 84 1 15 87 74 61 56 0 80 88 16 48 38 8 59 0 21 86 82 79 98 78 32 52 77 17 29 70 0 22 41 41 97 48 62 3 77 98 76 65 38 52 63 58 29 89 94 48 20 42 3 86 4 42 59 6 14 14 43 12 31 99 63 79 80 14 18 27 35 39 62 58 88 37 90 10 23 33 29 43 78 13 53 97 21 7 71 61 4 9 85 49 61 55 9 80 87 67 8 3 66 97 99 25 55 60 32 21 2 51 52 9 51 63 40 84 58 76 90 45 91 66 53 67 76 42 28 69 8 97 18 31 36 64 78 76 67 32 21 85 35 96 64 2 94 77 96 68 75 90 15 50 86 4 13 40 93 11 39 
32 68 49 99 23 97 31 71 53 20 50 50 48 78 59 44 42 37 99 54 19 88 96 59 68 74 36 53 18 40 63 46 91 94 66 92 39 95 2 31 62 82 74 74 4 71 77 49 85 42 28 69 22 28 55 8 91 71 97 59 75 5 33 94 65 88 42 3 92 52 22 49 49 24 15 9 31 10 22 82 15 10 89 94 14 85 26 1 44 69 80 77 57 55 34 74 41 84 93 31 4 86 75 1 49 51 77 32 56 6 77 55 52 44 97 43 77 29 50 11 45 56 0 51 34 52 17 22 69 19 0 4 21 27 85 4 33 8 94 50 82 65 63 92 45 86 89 90 12 57 71 64 51 95 34 15 21 70 75 86 68 69 31 79 97 64 82 52 43 40 79 95 39 5 11 98 12 42 96 7 0 80 8 63 15 52 78 35 82 42 40 23 50 46 73 39 6 0 41 88 78 30 47 64 62 99 90 20 67 93 39 24 72 32 86 84 23 25 87 2 33 52 55 4 99 62 79 96 71 33 8 97 74 33 95 80 7 74 11 50 56 55 94 67 39 99 40 56 61 55 42 5 34 67 65 78 27 36 52 91 27 5 35 41 99 0 50 59 78 80 59 93 29 48 96 91 67 87 43 78 43 46 10 59 65 13 61 4 82 21 57 58 28 49 20 31 21 60 58 49 27 47 62 96 28 60 37 13 63 54 10 66 55 9 88 40 86 0 36 86 40 9 81 96 45 85 28 51 36 9 27 59 58 28 15 87 67 82 98 8 55 13 98 13 75 94 91 88 41 89 29 72 13 92 69 94 26 85 69 34 77 43 19 56 87 31 27 71 21 12 23 48 19 95 67 53 53 47 28 36 86 64 49 27 78 34 89 38 39 72 27 23 6 98 87 72 46 80 77 30 
66 44 72 69 79 86 88 5 68 89 66 11 65 93 79 18 73 34 32 11 32 28 26 71 52 77 78 32 52 23 22 95 41 14 99 64 7 56 6 26 64 12 94 37 67 99 80 33 76 29 51 54 37 47 61 76 12 57 89 55 35 23 89 3 24 28 87 56 95 98 4 22 53 71 24 99 62 91 16 65 25 92 17 69 34 50 72 52 76 82 51 26 77 33 47 4 18 93 34 98 11 56 75 8 11 32 63 40 8 65 94 21 26 96 95 58 19 73 4 51 74 32 42 51 36 25 7 29 27 52 1 69 11 26 50 81 14 93 4 36 71 1 59 85 81 56 40 13 5 39 77 7 60 23 38 4 94 91 18 51 24 86 39 41 64 27 70 11 34 55 98 56 73 67 66 54 96 87 65 89 82 62 50 34 28 10 36 17 41 7 40 88 43 79 20 50 20 97 14 49 47 26 90 95 12 19 44 3 38 40 6 2 95 68 24 52 65 51 92 16 55 72 68 70 53 83 78 29 49 90 39 24 58 78 79 13 42 96 60 48 42 4 90 96 69 78 74 63 27 36 81 59 95 71 11 73 54 89 34 1 97 51 5 10 37 90 90 63 94 27 59 90 10 71 33 44 10 92 49 81 34 98 76 61 64 40 12 16 15 91 3 86 98 43 79 58 21 43 3 24 16 60 21 36 5 33 44 81 76 2 36 93 73 0 68 3 56 71 28 63 30 83 51 1 98 16 74 64 47 90 57 40 72 27 73 38 59 58 23 35 70 15 68 40 62 80 10 24 6 40 50 90 33 66 42 85 27 72 37 5 81 48 81 83 74 16 44 96 36 9 57 62 15 97 81 96 52 76 74 24 2 11 47 18 86 8 25 46 32 1 29 96 93 12 94 50 50 66 5 87 
0 27 27 15 13 94 18 92 28 65 59 67 80 99 63 78 51 80 12 80 5 45 77 5 46 73 9 36 12 70 5 30 43 84 5 42 15 11 0 93 36 91 21 78 60 41 45 14 23 60 98 84 90 65 90 73 39 62 57 62 52 8 27 26 94 24 18 81 25 99 50 17 25 70 73 8 75 61 17 82 61 90 76 45 46 44 80 19 38 44 67 79 46 80 68 85 79 27 82 70 23 4 69 55 75 86 87 74 7 67 76 47 59 87 25 48 47 84 66 43 70 59 50 63 18 38 60 29 55 8 10 40 77 52 96 11 99 94 54 14 21 54 62 57 40 35 50 36 17 39 9 21 31 11 83 22 41 53 10 26 83 88 34 84 67 61 48 2 7 51 95 2 2 8 51 62 28 22 79 17 62 18 76 42 49 76 62 57 37 87 2 86 81 55 9 20 89 61 77 55 77 53 85 34 8 59 97 68 79 71 99 23 35 13 76 37 16 33 6 95 43 82 93 67 75 5 52 98 91 40 46 6 83 64 89 4 89 32 59 86 81 11 50 87 40 8 92 87 92 32 96 28 48 3 79 37 51 62 98 30 66 76 59 76 3 16 99 66 35 67 71 4 54 38 70 64 97 34 81 11 33 91 31 77 51 69 63 42 95 62 80 51 92 59 57 24 7 80 94 72 60 27 74 95 18 20 12 6 43 81 38 45 63 31 72 85 39 86 90 72 94 4 82 97 95 7 60 90 37 98 79 28 22 58 83 2 26 93 94 30 24 87 68 65 38 11 2 28 78 76 48 30 31 61 15 92 49 82 23 59 32 76 17 44 95 62 54 18 24 97 20 7 42 13 51 32 47 61 62 42 51 52 92 65 24 41 12 29 12 5 15 58 60 31 92 20 2 60 49 45 
33 75 22 9 11 38 38 45 40 43 84 28 90 42 58 32 88 88 32 91 90 51 72 31 93 10 50 14 51 92 73 65 66 72 83 1 97 64 54 16 7 26 55 42 6 66 19 71 3 17 56 22 5 78 9 26 99 67 57 20 62 18 69 70 37 72 15 10 79 73 34 6 62 14 88 38 97 92 23 63 53 78 91 30 28 0 78 12 10 56 69 89 7 17 55 30 28 27 87 88 16 75 19 82 91 15 86 34 42 43 25 98 14 93 34 84 10 14 76 92 62 39 3 34 70 59 23 95 81 93 91 52 22 60 56 92 76 36 78 5 70 97 54 18 98 83 4 80 57 8 35 91 87 74 67 93 55 94 74 93 10 93 42 13 56 73 34 61 99 95 79 23 19 16 13 71 50 44 14 76 16 18 34 35 81 61 52 72 10 95 80 26 90 24 13 75 94 81 17 28 7 74 98 89 50 16 79 16 12 40 64 58 91 71 86 70 41 70 83 67 71 22 88 12 97 50 35 74 60 34 40 73 80 90 2 98 71 67 4 93 93 66 49 73 94 45 51 84 97 3 35 5 19 86 87 78 39 7 29 3 94 38 48 56 62 3 80 71 39 24 11 86 66 63 49 66 57 70 24 8 10 38 77 70 84 89 4 65 55 31 75 85 84 50 56 50 64 4 12 26 24 94 0 24 5 35 74 3 28 99 77 86 41 81 68 46 47 13 44 56 19 97 72 73 71 50 93 2 64 55 69 9 15 42 77 78 16 26 53 86 36 36 91 6 80 16 25 42 37 31 15 47 3 83 16 77 5 66 90 9 2 22 12 96 49 48 55 68 33 80 9 75 59 4 50 68 21 61 87 29 96 35 0 46 77 35 88 7 91 49 52 10 20 42 28 85 45 80 57 23 
98 44 88 25 22 81 13 53 87 67 52 39 22 36 91 70 42 38 32 31 46 5 62 53 91 51 90 10 70 25 40 50 42 8 90 16 38 97 17 81 33 25 73 69 54 32 53 82 34 44 11 80 4 88 5 34 55 93 2 95 74 61 43 69 68 22 44 96 61 69 1 54 49 96 64 5 84 5 26 59 53 8 14 10 14 43 45 62 81 43 51 90 92 10 40 76 42 47 34 2 69 1 82 18 22 8 61 34 51 96 21 51 68 59 21 77 77 33 49 20 7 87 21 13 36 57 15 48 31 43 35 68 16 81 47 96 72 29 23 97 13 93 59 92 41 94 67 29 4 8 94 72 2 71 81 39 69 2 26 4 99 41 44 93 40 20 29 93 15 26 35 4 9 8 36 58 38 43 48 7 58 2 31 59 35 52 31 5 41 28 2 9 42 11 20 62 64 80 96 20 39 41 37 22 91 68 83 99 21 42 81 51 53 41 49 0 4 85 86 10 11 13 17 74 24 19 40 65 56 43 59 69 24 80 60 48 95 26 12 17 52 97 42 59 16 99 47 59 11 68 27 14 23 47 83 51 5 42 43 45 35 78 71 76 54 56 28 73 41 51 4 55 94 50 30 57 55 37 30 13 87 27 53 73 6 11 52 40 82 56 90 79 35 40 23 90 10 84 54 81 29 65 83 34 70 47 34 36 98 70 46 81 28 32 57 36 30 5 51 86 77 72 33 34 7 7 16 38 70 50 42 88 8 44 12 89 10 34 69 13 85 68 78 95 29 17 55 82 24 12 80 44 51 44 47 10 83 69 89 56 15 40 51 35 44 18 64 28 69 64 72 63 72 53 22 31 56 54 50 51 24 74 84 82 61 22 65 31 43 80 23 61 90 48 34 93 18 1 50 44 
71 56 38 30 99 30 80 78 0 89 42 8 23 81 43 77 29 63 78 86 20 2 42 12 69 32 35 26 27 62 55 67 72 4 88 78 86 63 25 3 21 33 84 52 55 46 12 20 13 27 35 22 56 91 5 81 98 57 17 63 49 57 74 48 60 66 62 72 5 32 76 83 11 1 88 71 42 1 56 11 63 74 71 16 48 25 48 53 83 90 36 55 78 94 72 72 55 7 63 3 9 36 19 73 63 78 89 18 86 62 46 31 69 3 51 6 72 26 84 55 66 69 77 54 93 1 25 45 45 95 80 55 64 33 54 73 31 88 80 8 37 36 59 3 82 84 95 26 57 44 29 59 86 0 76 37 17 57 80 78 47 98 28 77 56 57 82 63 4 86 45 13 98 13 14 63 53 87 10 4 73 77 6 18 47 60 60 43 60 0 94 63 43 55 80 76 15 73 19 0 6 38 91 38 81 35 4 60 32 89 32 94 82 14 16 95 20 29 18 72 45 48 62 37 86 80 31 56 59 92 80 19 54 38 14 46 53 3 29 17 2 98 54 82 87 26 63 94 75 55 57 52 44 42 21 47 89 15 70 82 82 48 94 32 2 55 71 65 96 33 28 70 11 97 56 80 11 7 62 3 47 25 46 8 81 41 50 85 34 77 5 13 34 59 92 32 68 93 42 47 37 92 17 71 39 72 78 26 92 3 97 87 4 61 76 23 56 95 98 56 67 86 39 69 42 67 51 86 34 28 62 77 88 42 18 77 30 73 82 58 49 79 33 85 46 89 28 46 25 2 93 75 98 61 97 35 18 94 82 42 86 0 92 62 9 21 24 59 0 25 91 3 50 87 2 18 38 70 42 48 88 47 66 2 9 32 62 54 86 21 10 61 3 92 83 43 13 62 42 34 
22 56 15 22 46 35 15 17 10 4 81 1 97 38 57 42 7 25 39 30 21 79 31 78 32 53 76 19 54 45 14 96 74 61 54 34 39 11 21 58 27 58 98 33 84 35 16 46 68 37 59 31 85 54 80 9 87 3 39 18 9 42 56 83 65 42 37 51 44 62 44 61 18 70 4 73 97 82 60 6 0 4 11 18 50 16 1 47 47 98 59 96 34 40 61 47 68 65 80 49 58 85 46 95 9 82 68 4 37 10 20 30 43 98 6 82 2 90 48 62 88 98 16 70 2 48 29 14 21 39 54 1 95 32 34 67 29 71 49 10 14 40 98 3 37 90 45 40 82 56 74 73 54 98 83 55 31 63 31 58 34 40 60 38 16 75 54 33 71 17 28 68 58 76 70 52 86 61 24 38 42 42 18 73 53 63 88 55 27 62 80 67 73 12 18 53 1 70 23 94 58 71 81 81 79 78 21 86 94 24 58 18 18 99 82 0 93 98 82 75 8 52 99 31 44 2 6 32 11 60 4 61 13 55 71 49 39 54 75 88 97 93 88 80 31 65 14 73 15 4 74 42 76 84 81 96 82 0 63 61 52 10 62 58 94 23 18 1 13 71 63 22 63 24 45 90 11 30 35 20 89 60 32 84 14 33 61 13 86 24 79 52 86 36 72 17 24 4 36 56 92 78 90 64 60 7 86 38 76 71 41 82 88 9 79 86 21 28 16 79 94 99 75 7 83 10 83 19 87 26 26 34 50 16 71 99 21 0 22 12 56 52 99 42 80 98 63 94 79 81 30 69 1 20 90 64 37 52 18 55 71 89 83 80 42 70 91 26 76 68 26 26 69 52 86 64 38 80 57 87 51 60 58 3 7 85 89 83 50 73 6 94 28 96 88 64 8 55 45 53 
59 7 22 90 74 13 53 57 92 7 89 34 17 85 65 14 8 28 63 86 44 71 19 15 42 53 20 93 0 66 2 1 96 57 97 76 50 85 57 72 80 39 46 69 5 95 58 8 68 87 93 95 54 24 32 42 29 34 41 92 22 18 1 69 53 86 23 14 27 81 29 41 65 99 5 83 27 51 14 11 79 0 46 89 68 37 34 47 5 52 8 55 26 16 96 33 21 5 38 66 80 61 42 5 46 89 33 1 7 33 20 87 6 80 19 41 18 65 80 79 18 55 32 65 12 16 72 82 95 91 27 87 1 8 8 19 21 71 23 69 22 5 69 79 3 70 64 22 56 50 71 61 80 62 17 6 65 94 63 83 1 61 73 62 98 56 46 15 53 18 91 69 62 55 96 43 99 24 56 28 78 86 82 66 40 27 61 51 79 77 73 12 62 96 46 1 27 95 84 2 2 34 8 5 0 54 11 79 51 92 27 19 68 23 58 8 72 8 45 71 39 51 81 61 70 55 42 11 28 30 24 66 64 30 38 11 25 96 27 68 81 31 71 84 22 27 90 49 22 66 80 99 42 14 4 95 13 25 46 93 90 25 39 46 31 52 3 18 75 55 66 29 11 33 66 34 52 18 72 61 64 65 64 25 30 23 38 29 79 1 2 77 15 60 48 79 95 14 80 47 4 0 28 34 95 94 16 18 18 6 73 26 8 5 53 7 33 86 14 52 88 48 41 86 88 34 5 27 80 1 40 19 78 14 48 60 87 45 54 2 1 49 3 6 93 57 64 93 61 30 40 99 28 98 24 72 45 37 74 53 10 5 72 47 19 71 71 66 6 55 95 88 91 97 82 8 26 94 1 25 8 5 34 50 16 23 30 52 71 7 60 37 42 14 63 7 58 57 17 20 
35 65 52 72 30 48 97 17 45 60 91 13 13 9 49 29 70 94 0 97 64 37 75 4 94 91 51 65 10 54 45 2 60 45 93 8 8 55 17 28 89 67 55 20 0 99 48 41 71 89 93 79 6 43 70 21 55 2 36 23 9 23 19 73 28 75 41 46 99 25 46 81 58 99 68 11 40 47 68 65 36 54 34 31 28 20 6 0 78 45 71 72 2 83 48 68 87 37 45 2 90 52 31 29 56 40 31 9 59 13 88 61 11 70 31 76 9 26 14 34 45 93 4 65 17 37 48 36 85 81 12 78 20 14 92 34 83 81 4 30 92 44 58 34 78 57 19 70 11 63 3 58 42 85 38 53 98 8 38 4 34 61 3 12 75 76 90 74 39 47 66 54 23 42 70 99 48 70 22 62 13 24 88 20 83 67 98 12 41 6 15 40 78 67 42 67 90 26 29 1 56 66 89 58 25 25 57 48 64 3 58 62 7 89 58 45 86 49 71 46 22 93 82 96 30 59 71 68 49 0 48 78 98 70 6 9 44 98 27 54 72 14 32 45 1 89 41 4 62 53 30 56 34 85 84 33 64 67 93 66 20 26 32 49 30 94 1 72 49 21 91 99 11 4 11 40 87 10 8 45 59 61 75 37 47 52 37 22 89 57 66 9 51 11 37 2 46 44 53 37 88 73 6 46 25 41 45 45 73 22 3 29 21 29 29 45 54 85 32 47 46 35 75 41 6 24 93 70 76 58 31 94 26 88 67 0 54 60 14 15 79 18 44 26 92 19 5 65 28 55 69 37 73 3 59 31 33 49 75 28 78 49 58 23 9 16 75 79 2 39 55 2 77 74 20 87 16 93 74 8 55 59 54 31 12 38 15 46 60 22 93 32 78 65 19 66 99 62 42 78 
41 52 60 19 55 22 34 37 1 49 64 15 5 13 32 13 97 19 66 11 68 67 32 83 2 90 54 97 74 18 83 38 43 48 80 5 82 77 24 18 55 57 61 88 96 85 62 48 34 28 57 80 79 95 19 92 40 75 94 48 60 95 90 9 8 11 87 33 8 81 70 45 18 54 75 57 66 94 65 43 90 51 92 39 6 71 91 47 15 45 92 45 67 59 28 57 40 61 15 61 3 52 61 82 62 47 38 81 62 18 16 82 1 9 30 32 6 11 51 52 14 61 27 78 21 24 37 90 40 86 86 19 13 71 25 2 92 86 7 13 83 47 21 98 98 26 55 61 53 51 52 84 59 84 3 30 93 99 60 59 38 13 44 59 72 98 29 56 10 13 97 68 47 98 96 29 83 98 9 32 5 47 81 3 37 49 46 82 7 4 54 96 67 71 62 27 94 52 50 41 54 17 50 86 49 71 66 34 51 21 57 37 65 10 35 75 32 23 6 5 35 83 78 77 60 28 31 1 41 67 7 63 22 82 55 40 1 17 31 74 2 30 22 34 20 2 18 14 28 13 91 67 97 35 1 23 11 52 73 52 92 33 21 12 52 68 38 28 99 46 58 27 64 62 17 41 8 5 41 47 9 28 34 33 29 73 99 64 18 47 25 13 75 59 59 47 74 35 7 13 87 16 64 80 98 25 13 5 48 88 89 74 23 80 23 57 15 38 19 47 72 56 89 43 97 73 58 49 86 10 30 12 25 40 33 65 98 95 4 35 40 6 21 80 19 49 37 29 91 16 54 57 69 92 89 66 88 90 66 1 87 30 97 79 22 50 91 27 57 52 42 66 68 1 70 88 43 23 81 29 73 83 31 96 32 67 5 31 87 48 2 35 5 63 27 89 0 33 41 89 
67 11 5 94 96 3 75 39 72 53 82 64 26 69 91 7 87 1 39 16 19 65 58 64 35 17 90 18 32 95 57 84 85 62 54 47 40 58 53 11 55 0 93 38 64 56 77 15 25 82 22 27 86 18 72 7 7 0 51 31 43 94 56 90 1 23 19 46 96 0 23 34 98 56 53 83 16 46 78 19 2 33 40 68 45 67 17 96 44 23 97 59 3 7 25 29 37 23 44 38 44 85 82 12 47 21 31 60 31 61 17 31 38 16 33 66 32 92 76 11 7 71 72 90 30 2 28 73 79 21 1 0 13 19 98 63 40 59 82 88 68 41 63 75 53 93 39 13 35 28 39 41 86 28 14 13 62 95 71 96 17 87 53 70 77 64 82 81 87 9 24 51 34 16 56 88 36 33 11 25 87 29 34 17 70 50 81 39 49 89 96 28 66 87 20 82 98 34 19 5 59 45 22 26 27 32 79 81 1 3 68 87 38 1 2 87 83 61 89 76 25 46 23 0 14 58 43 64 82 27 32 88 96 41 42 19 18 91 53 15 69 13 79 38 90 5 87 8 45 57 79 61 40 8 45 29 40 76 94 2 23 64 86 25 66 46 4 65 98 15 9 88 20 37 75 14 89 21 40 15 45 1 83 93 57 4 62 6 98 53 92 18 23 16 89 56 8 7 83 57 41 41 48 86 39 89 42 48 33 12 22 53 65 62 56 96 24 54 81 99 99 37 58 55 8 81 52 34 56 46 12 21 34 32 17 33 4 51 24 67 69 36 32 12 27 44 42 58 37 25 14 92 59 75 27 86 13 33 63 21 77 49 19 72 81 34 33 99 97 7 90 23 24 95 11 98 77 87 47 96 8 43 87 46 90 92 32 82 57 41 83 28 40 45 15 59 2 13 88 66 
29 83 32 0 44 50 74 91 69 2 96 85 65 50 25 96 69 76 24 3 10 89 80 72 75 26 40 89 65 90 81 30 43 1 65 75 88 45 10 81 82 3 76 66 16 75 35 59 74 55 84 10 91 49 65 87 79 60 59 30 87 37 52 93 85 59 62 19 64 79 15 74 64 4 25 69 53 2 91 62 82 57 12 54 64 81 51 80 84 47 24 46 2 46 83 73 62 51 54 1 32 70 92 17 26 62 11 24 85 99 45 45 65 17 35 83 13 28 97 7 51 90 14 98 91 97 27 97 50 82 30 48 64 24 17 39 82 97 23 87 66 21 22 56 68 5 2 5 2 55 68 33 42 66 30 37 86 21 47 6 21 87 34 84 48 98 12 75 75 36 9 77 37 45 54 60 61 91 52 93 11 14 0 69 51 19 64 47 32 71 77 83 15 76 33 57 25 4 62 9 49 9 72 70 19 0 80 60 18 20 18 10 69 9 40 3 36 29 99 69 27 19 29 56 36 91 55 52 45 38 6 69 44 46 73 74 14 31 81 44 41 35 87 84 22 64 41 68 55 48 7 10 13 21 52 33 56 13 85 4 13 19 14 28 4 84 99 94 76 77 76 73 68 22 40 36 95 90 62 43 66 27 53 34 85 25 6 35 43 94 63 54 13 49 66 69 34 63 59 57 4 57 62 21 2 95 44 49 33 16 4 84 59 92 61 2 18 26 86 21 65 18 20 60 46 86 51 21 72 55 84 55 49 78 6 75 75 11 28 68 58 26 74 60 89 33 6 5 70 9 32 35 59 76 45 52 94 7 97 90 91 39 35 8 45 1 85 64 54 62 8 63 80 92 89 14 8 83 93 91 16 47 58 30 87 30 18 82 23 8 39 30 60 64 24 65 39 42 83 66 
41 76 59 72 53 34 36 6 4 73 13 72 76 25 18 69 82 38 42 96 12 4 86 69 81 15 58 1 95 33 55 64 99 17 14 22 19 63 48 36 29 41 19 57 58 26 36 97 45 37 77 72 92 1 57 13 24 78 97 21 93 94 66 27 24 84 28 70 29 9 61 53 99 89 50 45 14 77 85 64 35 59 8 81 9 17 73 52 19 9 31 56 93 32 55 94 12 82 14 35 19 86 50 48 98 30 39 69 80 61 36 72 47 79 11 56 22 65 1 82 4 38 33 66 39 40 35 89 60 19 12 29 76 63 4 58 42 72 42 16 8 15 42 64 79 71 85 24 43 5 14 77 6 59 42 39 59 98 57 76 26 71 13 61 34 63 46 29 79 67 38 74 98 95 91 61 90 13 87 5 28 52 56 91 24 41 80 28 61 38 50 68 71 18 69 66 76 28 45 55 22 99 32 23 2 45 46 30 3 54 96 51 21 44 46 91 20 20 95 76 70 80 13 52 19 75 25 76 2 52 4 8 49 87 83 72 85 24 48 15 44 78 17 75 10 99 80 86 25 68 64 56 56 95 23 96 63 31 13 15 92 17 40 2 5 24 44 92 25 18 40 73 72 41 14 80 35 26 60 31 63 29 47 34 44 77 96 45 89 75 56 40 11 57 40 99 35 39 90 47 55 25 7 70 39 30 2 71 84 53 91 90 30 14 99 8 71 36 19 54 23 96 3 30 69 60 1 3 45 25 86 98 20 70 45 53 37 10 93 75 93 28 92 11 82 41 65 34 23 5 89 27 83 93 25 97 95 0 91 64 81 21 92 64 78 61 53 11 50 10 88 84 51 50 85 47 79 92 48 30 70 67 45 41 23 97 51 78 33 71 21 44 14 94 19 97 11 90 3 82 
99 95 43 14 88 41 66 33 9 24 73 78 63 28 64 23 62 43 33 40 44 87 8 83 83 19 39 6 42 40 80 9 34 72 73 50 58 75 40 82 97 28 23 53 1 78 65 5 52 36 82 43 66 46 75 31 94 5 50 98 10 12 40 52 8 44 19 63 59 77 87 48 93 34 7 56 34 63 41 4 40 84 66 12 93 37 23 86 18 64 33 73 77 94 42 16 70 90 41 25 73 27 90 1 22 4 21 86 29 45 92 10 12 99 43 62 63 99 24 19 91 48 3 92 78 58 27 44 66 87 93 69 98 92 10 89 33 7 56 3 62 8 57 30 15 60 26 73 98 58 57 19 49 8 89 13 5 32 71 32 45 19 54 18 80 26 14 34 12 15 89 60 33 90 85 41 61 21 58 18 69 60 10 13 24 33 54 87 58 95 57 17 56 6 90 28 46 99 75 6 77 0 23 39 18 13 63 5 98 32 32 0 28 38 76 77 84 84 76 27 25 49 45 14 42 68 62 15 76 4 40 21 43 73 87 19 45 55 56 25 71 86 39 47 79 76 59 99 93 19 96 7 42 12 36 15 46 64 49 88 29 21 2 1 57 16 96 69 58 10 31 53 54 43 53 52 37 14 66 8 52 6 9 30 25 57 2 61 14 23 28 22 79 13 53 20 69 43 95 91 13 94 1 14 60 99 46 65 72 44 14 83 55 47 35 92 75 44 90 67 53 77 94 82 53 2 64 57 90 7 47 12 55 45 82 15 62 53 76 5 63 77 26 8 31 44 88 54 6 84 21 61 39 26 68 63 24 22 79 73 64 0 9 88 2 86 65 73 2 42 24 77 79 10 35 52 77 7 33 35 15 11 58 15 12 42 29 21 46 66 84 7 71 14 97 4 63 88 82 14 
85 38 0 19 94 63 77 90 83 46 65 84 19 75 2 14 44 32 46 8 24 46 68 75 87 76 78 7 91 84 42 80 52 85 68 98 41 72 31 78 11 10 98 43 8 49 64 21 39 42 79 37 78 26 66 69 52 87 49 1 24 86 89 23 38 95 48 38 32 61 18 17 51 46 4 18 32 57 29 9 1 82 11 47 12 21 84 98 42 15 61 91 12 30 78 37 14 16 87 64 92 9 29 50 61 44 84 41 13 10 85 97 2 5 51 42 11 5 34 77 29 32 91 72 25 3 70 32 82 31 53 23 31 77 0 1 64 94 26 38 97 42 99 13 6 31 94 87 41 32 37 3 22 14 6 36 13 15 1 91 77 65 7 59 7 17 5 39 48 21 5 35 7 67 76 1 18 15 65 37 52 47 25 14 87 4 95 4 7 92 46 15 31 42 1 81 62 33 26 7 32 89 94 79 83 58 95 46 68 19 43 48 74 46 29 96 97 20 42 23 23 79 89 75 11 22 74 20 50 13 51 97 38 98 84 51 49 71 45 79 22 69 65 33 57 44 94 81 89 8 82 1 25 80 19 27 15 36 27 40 45 32 45 45 17 15 60 22 8 50 17 76 10 34 91 71 96 79 3 7 29 25 48 42 25 46 4 35 6 54 15 30 33 56 12 64 53 82 30 96 82 58 16 26 30 13 72 62 2 73 81 28 51 95 23 15 19 87 79 44 81 10 19 77 85 99 95 13 62 5 25 33 74 13 82 92 76 16 17 43 5 67 91 8 21 77 20 11 83 25 57 5 66 13 74 25 85 30 78 29 29 65 33 94 37 49 30 18 10 82 25 5 80 25 74 89 5 37 38 19 77 41 25 87 58 71 9 51 1 37 23 58 64 10 3 30 1 23 53 61 
59 90 53 72 19 94 42 25 98 73 70 54 9 3 44 33 13 67 44 21 17 95 28 95 84 23 3 22 19 78 78 84 14 21 48 24 30 76 46 47 32 22 31 64 39 62 14 99 60 15 86 38 65 1 33 9 66 62 96 76 55 44 46 67 33 27 15 78 37 61 82 68 35 24 62 85 4 56 10 49 85 69 36 23 93 68 87 50 56 81 99 34 90 35 68 66 7 27 81 69 12 54 52 39 99 54 59 54 94 79 80 0 81 18 17 98 29 98 9 45 95 77 55 24 22 53 29 82 92 83 99 2 76 51 29 28 20 26 9 66 47 8 50 71 37 54 78 46 89 43 96 98 96 46 29 40 61 20 56 94 8 85 13 35 99 0 96 11 54 54 57 77 49 43 45 98 40 73 22 75 65 13 52 62 98 23 13 36 69 44 82 59 12 98 22 30 34 68 11 13 93 23 6 8 2 0 40 94 73 74 46 26 70 3 52 96 8 78 86 64 24 87 83 11 86 22 19 39 49 41 2 33 61 25 81 70 92 51 45 49 94 59 69 30 94 56 81 8 0 49 53 66 85 63 74 65 83 29 15 73 29 93 42 84 46 48 65 39 17 55 12 34 50 66 68 47 15 41 62 46 45 49 9 80 91 74 8 78 87 23 19 8 4 85 75 88 5 55 67 51 96 53 66 62 93 68 11 70 19 78 28 43 47 90 74 9 0 38 84 88 83 47 26 48 92 97 20 16 20 43 51 39 25 45 74 91 70 45 89 46 16 6 19 38 10 88 26 14 19 32 71 6 49 82 89 57 56 92 70 77 80 80 72 27 84 15 78 92 99 44 51 23 60 19 14 84 34 94 63 18 36 79 80 28 3 44 52 96 75 28 92 33 70 6 43 37 37 98 91 46 
91 83 68 6 89 95 33 76 87 66 77 5 55 97 96 23 55 17 18 53 11 39 59 83 73 25 31 83 28 52 67 12 59 48 5 66 22 35 37 58 69 62 17 24 28 16 11 6 19 24 75 74 43 54 54 43 4 49 1 76 17 19 6 30 49 64 50 63 27 55 30 14 80 11 55 45 23 57 24 5 5 23 77 5 63 17 98 73 13 57 0 88 16 28 40 80 70 23 46 58 24 63 51 45 16 77 54 42 92 92 75 24 91 44 61 85 47 27 87 74 79 66 73 20 49 31 48 91 98 56 61 33 45 83 53 58 9 95 35 43 67 81 45 80 84 84 26 15 19 70 92 98 50 64 83 31 56 28 46 2 78 97 56 75 38 26 23 42 20 39 41 7 65 36 22 69 60 43 58 54 51 48 21 35 1 39 88 14 30 42 27 29 80 80 47 21 35 57 94 27 43 79 9 22 16 56 2 61 59 29 69 94 35 22 95 91 46 19 1 83 5 82 91 1 45 78 73 77 16 28 38 59 40 96 62 0 66 26 51 42 53 45 28 51 7 68 38 49 28 63 92 52 39 45 41 25 46 35 99 42 77 75 98 94 69 70 17 22 77 18 84 39 14 73 63 74 87 18 82 38 87 73 25 61 66 8 26 17 54 63 48 8 31 58 62 30 56 84 81 23 95 56 79 28 46 23 89 34 80 87 34 60 0 83 15 80 40 10 33 10 36 9 97 32 36 52 24 13 56 60 88 35 78 20 65 94 17 48 15 35 68 49 6 69 5 97 75 71 95 70 23 75 98 27 50 61 1 54 81 66 60 20 19 55 4 5 37 32 95 31 4 6 21 58 55 93 7 93 37 94 17 63 31 0 39 3 34 75 87 16 80 90 22 57 92 69 64 64 35 87 
17 66 13 74 85 91 41 39 46 82 24 99 1 82 34 14 27 30 65 79 32 6 31 96 65 35 75 64 29 34 41 73 13 11 21 59 94 80 99 91 23 43 84 4 99 43 48 59 26 36 21 8 94 48 26 44 5 86 59 49 25 72 72 92 17 95 65 74 94 4 73 45 76 61 58 16 71 46 64 90 67 16 63 22 44 85 94 34 98 45 97 34 55 21 23 20 91 18 73 30 51 37 13 10 39 92 6 8 33 43 78 36 17 7 50 14 69 79 39 47 24 22 97 50 7 12 64 7 33 48 28 63 40 65 77 5 78 92 15 43 45 9 64 43 1 14 28 67 39 12 72 42 3 87 54 62 49 28 67 23 69 25 6 74 57 65 61 94 27 20 30 81 83 69 68 30 84 7 1 61 41 21 45 56 15 89 60 60 69 38 17 76 65 56 41 90 77 65 6 53 17 42 50 46 43 3 6 97 58 99 30 4 7 94 84 68 8 8 28 99 32 98 38 20 44 55 54 99 62 80 24 35 11 24 36 55 65 11 43 21 83 33 67 1 21 38 54 6 31 63 62 24 56 52 25 57 98 0 60 17 83 80 34 40 7 35 68 51 41 45 42 93 84 31 87 47 83 82 30 6 26 76 21 45 70 27 51 98 86 79 97 25 33 51 64 42 32 15 53 6 44 44 16 10 19 7 90 3 73 11 26 85 7 69 26 97 59 41 27 64 66 78 25 94 82 70 15 99 14 39 55 57 28 34 77 86 10 54 34 88 87 87 62 70 16 39 17 80 17 28 6 58 93 56 65 93 51 29 63 74 13 89 27 99 30 25 16 43 79 96 0 18 41 34 35 33 31 82 93 87 89 9 48 56 87 72 61 16 80 44 56 80 21 11 49 20 7 50 30 17 
48 97 59 69 60 94 81 91 90 66 46 73 72 92 20 18 5 91 76 89 85 14 84 39 62 58 56 9 26 92 22 86 35 52 73 14 54 58 75 3 3 26 89 86 9 41 62 45 29 13 70 32 3 61 78 86 93 86 73 77 70 93 37 76 62 35 62 84 85 41 38 45 9 71 62 39 55 67 23 16 80 74 93 55 84 91 8 30 36 87 84 0 9 39 26 54 76 12 3 75 59 44 57 33 79 9 56 35 24 7 59 24 6 13 47 4 26 65 19 97 44 20 96 47 90 12 18 69 65 28 64 76 2 51 33 32 51 56 28 10 3 13 33 71 28 44 96 47 79 95 98 22 74 19 73 17 45 74 77 12 41 58 68 70 16 5 6 14 60 92 53 24 64 93 14 71 56 41 61 82 41 80 1 49 8 82 72 2 53 73 10 87 20 20 32 37 95 96 87 97 10 37 64 2 31 75 14 52 8 89 85 35 23 74 34 7 0 50 5 54 80 83 34 74 82 96 27 18 74 38 64 79 33 14 20 95 72 70 52 80 94 8 38 62 20 83 99 27 32 94 7 26 69 58 68 2 39 40 86 80 4 64 66 35 97 48 70 16 75 80 16 9 28 85 9 77 78 32 80 93 54 92 7 25 81 44 9 74 71 42 92 19 23 58 93 85 67 67 18 40 8 91 11 30 89 46 48 58 24 1 66 30 49 26 88 92 58 67 92 39 22 62 94 27 82 28 88 94 41 71 95 35 87 8 73 16 16 53 31 76 98 53 84 72 60 78 59 26 93 12 30 91 32 66 24 25 13 62 0 37 48 60 54 97 48 91 17 14 55 3 17 0 92 74 8 74 5 66 20 87 26 46 38 5 46 17 9 92 0 7 20 71 84 73 6 55 4 19 32 88 
13 32 99 56 14 70 43 89 27 82 58 31 14 27 10 26 2 18 66 5 39 28 13 90 78 83 20 28 53 58 45 43 30 12 85 3 84 98 11 27 2 84 21 11 63 29 75 88 42 78 34 99 10 9 83 76 56 70 87 96 8 58 25 30 46 14 46 22 43 2 4 67 42 3 82 6 26 81 43 94 68 37 46 42 78 54 41 49 12 14 24 4 66 60 83 45 97 83 6 63 41 46 86 74 87 2 33 88 8 99 90 28 22 7 21 26 53 55 7 7 68 31 39 55 69 20 36 60 55 35 19 65 83 81 63 82 13 86 61 62 59 83 7 22 70 71 40 72 60 87 43 32 18 8 27 17 47 17 76 96 88 18 54 96 85 13 50 14 60 91 75 55 49 20 87 17 50 14 38 31 12 15 14 11 81 2 76 83 7 17 98 48 1 20 82 21 52 28 1 27 65 92 75 59 29 20 98 65 29 25 9 47 31 55 63 13 49 42 68 76 72 34 11 24 56 65 20 31 94 39 45 31 34 3 84 63 95 9 51 28 7 93 38 93 59 79 4 17 6 21 68 12 20 41 26 13 90 76 51 46 49 42 49 9 4 2 18 77 30 68 94 84 84 49 31 68 18 43 93 79 7 6 39 4 38 62 64 42 68 18 77 83 60 52 57 93 76 42 82 16 32 97 52 84 56 56 56 36 14 86 27 4 70 68 31 90 30 41 52 23 20 91 90 49 90 7 87 88 20 11 72 13 80 83 89 61 87 13 0 86 2 10 10 2 47 10 84 9 84 5 59 9 8 95 11 16 53 61 61 49 2 33 7 2 2 0 44 58 41 93 44 5 50 25 85 36 52 9 31 86 36 8 93 99 94 38 16 49 76 91 11 40 21 0 32 10 74 74 30 95 
78 68 60 37 77 4 4 71 2 45 60 15 38 16 37 69 76 27 68 42 35 25 10 2 8 75 46 26 93 50 98 40 94 50 39 58 17 67 29 25 45 30 18 47 58 22 47 76 77 7 24 86 90 78 69 22 61 27 42 64 29 96 77 2 13 51 69 37 89 21 89 89 93 52 9 30 13 97 21 51 89 26 99 62 13 20 78 32 11 92 4 38 43 63 67 36 28 54 59 73 89 31 95 67 95 30 27 41 65 43 96 6 40 36 98 16 96 37 26 76 18 42 35 20 7 25 75 78 29 13 9 91 33 78 57 76 25 89 89 47 31 70 87 98 49 93 81 87 11 6 51 43 10 53 67 44 10 72 85 5 74 50 74 10 86 60 99 43 29 57 74 49 40 84 76 93 42 84 67 43 46 19 61 64 47 72 22 40 22 17 87 40 81 90 3 14 90 33 82 72 81 66 44 5 38 71 23 37 7 7 0 81 37 24 4 84 53 80 41 64 65 24 42 19 76 28 67 11 42 39 10 16 91 48 59 37 87 71 97 22 30 56 81 92 5 56 70 58 20 29 31 2 73 13 89 87 41 98 31 74 86 5 58 66 65 6 64 28 61 50 6 15 96 32 66 61 84 69 58 22 4 43 81 68 32 20 73 35 98 34 11 70 15 10 79 30 77 50 99 23 22 19 97 96 57 6 38 34 24 1 70 52 29 78 10 70 41 36 45 31 30 41 86 91 35 87 28 93 30 86 91 93 77 13 59 89 33 52 34 53 91 81 51 73 48 30 56 10 84 6 99 92 89 95 89 30 72 92 74 18 96 63 61 38 50 53 55 99 37 44 86 58 35 21 88 88 15 62 19 54 56 94 99 40 87 40 11 34 64 28 52 77 79 28 84 55 13 79 90 73 
19 96 77 75 18 88 5 73 48 11 88 93 7 84 54 14 8 56 68 83 69 57 11 90 79 71 29 99 54 50 39 35 61 90 87 2 54 0 72 57 33 45 75 16 32 11 12 95 0 26 34 86 22 57 39 54 64 10 52 90 77 16 55 26 73 78 85 90 6 31 95 39 20 8 15 70 43 1 28 9 39 7 39 42 43 93 95 76 34 6 36 72 34 75 29 25 69 18 27 24 82 74 54 35 91 39 37 35 0 28 31 59 5 87 67 15 68 53 16 13 21 55 85 54 29 80 63 60 28 64 64 79 77 5 6 70 96 56 92 79 48 89 57 97 42 94 99 29 12 9 41 91 89 21 32 39 78 71 94 36 57 50 69 27 1 91 46 15 14 41 53 39 77 68 16 84 26 92 35 5 13 17 91 56 3 40 61 24 81 40 4 68 66 70 37 37 77 50 12 50 25 79 88 74 60 65 59 23 66 12 70 58 18 56 85 64 57 47 83 67 54 99 81 20 98 93 93 35 78 20 45 3 73 94 52 40 89 71 12 99 68 92 16 61 24 91 24 9 80 19 3 22 94 47 52 28 25 90 13 79 94 94 67 47 38 45 26 90 37 27 40 6 6 70 19 53 45 6 12 5 65 68 8 5 79 37 22 13 19 3 32 21 62 80 34 61 60 62 13 35 54 30 14 86 18 55 72 66 42 41 60 8 38 6 19 90 75 73 67 2 52 74 10 72 70 78 78 78 83 43 41 15 82 58 51 54 42 26 34 24 63 84 20 48 57 17 40 51 56 47 2 4 28 52 32 72 86 71 73 65 15 25 32 67 35 15 2 43 48 33 47 20 33 46 22 39 13 88 70 88 20 71 19 34 83 53 6 25 63 97 66 42 28 44 92 54 19 23 96 92 
38 94 15 33 94 92 31 37 61 77 62 91 38 8 52 92 86 65 95 96 67 78 79 37 94 44 21 32 81 20 68 21 47 30 31 75 71 70 22 8 91 42 63 86 37 76 2 50 3 75 88 40 16 91 5 91 86 68 12 58 20 3 95 59 7 33 15 87 41 52 77 34 22 48 74 88 23 13 20 97 67 13 32 45 4 0 47 55 6 66 44 11 54 52 93 49 86 31 6 68 23 94 52 70 42 58 90 78 87 75 55 96 11 5 64 28 17 20 13 25 23 52 91 99 10 99 85 11 12 20 37 14 24 71 44 21 35 46 60 27 33 40 6 55 97 52 44 96 82 89 57 10 6 51 14 95 36 0 3 9 85 35 31 82 66 81 89 30 85 14 59 71 81 71 71 31 23 90 23 53 10 61 1 29 22 18 99 29 92 26 53 88 33 81 33 90 16 38 98 25 76 40 52 6 35 51 26 87 51 22 10 67 63 13 41 78 2 47 58 31 58 38 12 67 84 98 82 53 94 11 23 42 56 66 63 57 79 17 88 67 43 94 72 31 52 73 86 34 12 36 59 21 90 16 35 15 66 62 71 8 68 56 26 62 74 76 3 75 13 25 13 60 58 48 30 0 1 56 79 84 51 51 25 82 1 24 48 38 71 53 88 97 22 80 68 44 8 56 77 9 90 83 32 64 88 33 99 59 18 64 10 60 78 94 40 26 77 50 51 62 92 54 72 79 52 12 60 92 39 24 44 34 4 54 50 94 57 33 84 83 27 19 68 70 91 5 9 25 95 65 53 87 51 86 92 51 42 69 48 23 44 42 25 86 40 56 10 35 89 4 12 48 0 62 59 71 17 94 64 48 76 63 38 24 6 38 3 95 88 49 20 96 33 68 27 97 27 87 1 25 
8 1 4 22 58 21 55 62 16 7 24 90 22 86 93 29 11 99 54 98 70 40 5 51 16 98 83 28 75 4 47 39 66 53 68 66 39 76 7 88 12 94 34 75 23 35 83 70 56 68 84 1 80 52 7 5 67 70 16 66 14 15 83 38 19 25 39 71 60 26 4 4 66 37 97 88 13 26 43 27 91 44 86 42 99 44 1 17 28 19 44 59 86 48 49 88 19 83 6 58 57 97 10 42 96 61 6 44 10 98 54 25 38 94 16 20 49 95 4 95 70 52 32 87 85 18 94 3 18 95 52 5 15 23 28 50 27 89 44 15 81 8 99 0 12 23 49 31 8 6 43 92 65 10 14 55 18 90 74 75 32 3 82 22 32 1 38 17 47 51 84 6 9 69 7 30 65 39 85 32 98 65 47 67 84 9 6 63 9 56 52 39 46 49 59 45 58 11 58 46 77 9 26 15 92 75 74 9 45 22 85 38 93 75 91 96 97 65 87 73 97 52 97 11 6 46 36 72 56 16 81 81 67 0 89 1 9 78 43 40 0 16 29 61 15 66 20 63 39 61 22 75 4 74 20 83 62 78 25 29 37 6 42 83 71 28 21 17 92 16 95 72 78 8 56 10 34 16 90 33 10 23 71 88 33 1 74 92 92 29 93 71 67 83 78 19 71 65 92 81 17 11 85 63 91 83 63 51 69 22 92 81 78 73 81 57 72 35 83 84 42 55 65 47 21 76 8 69 17 23 27 68 12 73 74 20 83 1 6 83 92 40 31 28 8 76 24 56 54 26 14 26 91 47 56 68 59 29 18 62 24 81 13 83 21 64 33 56 98 86 60 63 83 6 14 68 30 95 97 24 65 15 40 83 78 34 75 6 89 41 4 65 71 56 24 60 69 1 71 33 
48 2 93 77 78 12 90 48 9 68 88 54 2 62 40 41 17 49 17 93 71 30 3 94 40 36 24 61 62 19 7 90 6 16 34 72 25 37 18 53 6 29 40 8 49 10 71 95 47 57 39 58 77 34 95 77 74 9 38 42 89 76 66 11 78 65 99 25 56 78 95 17 83 88 22 37 71 61 60 18 76 65 16 92 63 10 27 51 85 67 14 86 27 78 48 57 74 53 59 38 83 87 25 83 65 23 94 25 46 65 44 93 8 80 53 80 33 38 60 99 49 41 19 73 58 54 56 3 28 56 15 46 70 68 87 39 81 47 35 49 4 27 98 48 15 45 42 33 75 82 25 82 42 96 18 43 56 52 71 97 82 22 18 38 62 13 1 86 22 43 21 44 23 7 7 91 1 41 66 91 26 89 63 7 4 0 94 33 3 76 48 72 70 31 17 40 85 97 61 35 75 33 17 78 29 80 95 75 2 52 34 58 0 1 54 22 76 25 92 37 5 77 16 67 62 34 48 99 48 85 32 42 34 7 11 12 64 48 61 63 87 30 77 31 35 72 53 23 28 15 43 82 9 65 75 34 25 20 2 27 44 93 25 75 18 90 46 1 54 57 42 96 22 66 84 1 45 79 52 19 33 77 72 21 46 34 68 5 27 81 0 97 11 25 85 15 15 14 59 29 6 48 53 92 40 54 66 88 96 86 57 93 96 97 95 68 2 97 11 21 32 13 13 8 75 5 71 17 45 11 77 40 8 77 79 85 42 88 96 9 34 8 41 9 83 89 83 98 4 54 29 70 72 43 41 24 7 40 45 18 92 48 17 43 32 88 83 83 22 69 66 3 57 83 91 8 64 10 96 84 0 60 54 82 11 9 10 1 26 28 43 97 8 67 54 5 66 76 98 72 
46 97 95 78 44 65 28 9 37 48 92 57 50 21 89 35 45 13 62 24 70 83 79 46 9 42 53 23 78 27 0 86 41 79 23 30 87 31 19 76 4 98 76 77 98 63 15 48 34 28 69 41 58 42 2 1 11 86 70 20 56 75 72 1 34 25 52 56 29 41 34 18 63 58 55 0 72 67 83 21 74 66 60 58 58 61 7 79 94 47 16 16 64 77 70 39 87 77 3 75 64 78 85 90 76 26 15 75 12 97 54 67 90 39 87 45 50 79 23 71 38 8 64 91 86 8 60 98 59 52 59 8 67 80 29 88 42 39 8 13 79 72 64 5 8 30 25 1 70 94 93 14 92 27 73 22 23 98 43 25 6 34 22 62 26 97 58 57 53 5 7 23 7 34 52 3 17 60 6 51 98 52 99 58 62 26 64 44 53 29 34 77 52 10 88 13 50 6 71 51 73 63 76 35 89 5 2 74 42 17 56 13 30 54 25 97 30 34 8 57 73 71 51 17 53 6 10 61 89 35 13 5 58 63 34 15 62 98 35 41 69 93 20 73 46 56 4 3 34 47 42 54 64 78 86 61 65 48 96 3 16 64 99 60 36 51 26 87 12 13 51 36 56 52 5 39 75 97 72 90 20 0 22 22 85 22 8 65 8 33 81 62 15 60 18 74 31 80 55 65 9 98 17 76 86 57 73 82 91 7 68 24 91 31 27 77 47 69 25 98 66 61 90 58 91 45 34 14 99 6 14 35 4 61 46 16 46 46 44 2 24 96 81 8 22 10 61 64 76 98 16 39 59 4 2 4 58 57 18 24 97 53 86 68 28 25 58 92 54 21 59 95 12 33 66 95 51 50 58 22 79 76 5 80 72 34 58 75 18 25 14 29 43 16 44 69 67 99 44 85 
61 59 90 82 81 70 56 80 81 63 31 51 79 24 22 58 19 26 53 75 17 61 76 64 94 60 88 69 52 83 36 86 47 4 24 14 69 14 90 3 84 65 27 80 18 82 37 52 17 61 40 37 53 64 29 41 67 86 5 92 95 93 43 67 28 35 78 3 34 59 81 16 92 75 12 31 83 45 26 91 79 55 99 84 73 56 40 85 80 63 8 95 60 65 13 40 84 6 59 89 11 83 17 52 9 83 10 91 78 27 42 9 51 60 61 4 4 39 50 99 19 34 0 92 91 90 1 34 95 35 28 9 19 51 57 50 99 47 38 37 55 58 44 24 47 64 86 82 60 42 74 63 31 42 42 94 16 77 36 20 5 15 8 59 96 51 6 31 62 96 0 47 82 27 97 27 10 26 91 61 32 41 34 38 31 66 17 38 11 90 85 79 58 70 76 61 25 19 3 26 30 94 59 20 12 6 41 59 16 75 16 45 28 3 58 91 33 91 34 58 68 45 29 73 31 63 0 37 6 83 33 11 32 44 3 88 43 55 91 35 8 75 25 34 8 46 51 74 52 37 60 49 28 10 52 40 98 64 7 34 55 50 19 74 30 52 10 44 24 86 68 51 96 94 36 93 44 8 57 44 96 92 16 35 81 40 9 32 0 39 46 61 68 89 58 80 86 88 13 7 51 30 99 44 83 4 64 41 92 14 59 7 13 84 50 65 32 13 1 7 10 29 56 88 61 84 90 40 58 1 39 26 41 72 21 32 77 12 43 99 56 8 50 46 43 72 33 86 2 55 67 43 66 10 38 81 63 71 58 42 76 35 38 11 20 20 46 46 50 96 34 45 25 22 61 22 30 26 26 70 61 15 87 56 42 26 43 0 84 42 50 87 94 10 82 32 34 30 53 91 
38 2 52 53 65 3 33 41 14 12 48 22 63 28 83 40 37 60 20 0 85 72 91 86 6 77 36 56 42 46 70 21 78 47 5 59 97 93 14 86 35 35 8 37 7 16 81 73 22 98 37 97 75 94 17 95 99 61 88 12 19 67 26 63 36 50 95 94 54 46 23 53 33 38 73 7 76 53 17 39 31 94 21 35 12 24 36 82 28 54 49 19 91 79 97 61 81 37 72 14 18 39 88 15 45 99 0 17 72 32 68 68 99 73 56 55 38 98 94 60 83 88 56 97 33 48 26 0 13 66 52 75 55 36 15 91 73 32 37 18 74 1 50 2 22 95 83 88 75 40 82 53 47 27 68 91 65 35 2 79 97 35 4 57 12 84 41 78 55 54 91 82 14 60 86 28 68 59 70 98 61 57 30 95 40 75 38 72 59 15 17 38 63 6 55 37 84 57 89 82 25 21 55 49 4 97 40 79 97 67 36 9 19 83 74 68 14 35 38 44 71 54 74 34 9 51 58 87 53 73 44 57 17 89 84 52 40 51 54 29 41 53 30 6 48 28 28 63 17 52 67 35 1 98 81 98 94 8 21 37 10 77 9 66 61 85 87 82 30 15 69 69 28 26 88 36 70 33 73 16 66 38 81 70 69 20 55 38 49 51 43 49 67 97 86 54 27 7 67 96 70 1 76 28 18 62 73 72 52 50 3 76 7 73 25 36 43 8 52 79 32 62 13 78 80 80 55 4 74 21 81 76 0 45 65 52 4 8 1 85 10 54 86 70 21 76 39 78 71 38 35 20 70 51 46 9 93 32 37 84 2 96 44 69 45 63 4 96 76 82 49 71 44 75 94 67 20 69 82 6 85 6 77 37 19 7 79 85 62 3 60 71 3 40 97 12 11 94 70 60 
27 34 85 90 34 59 42 49 49 42 39 58 2 27 89 86 71 81 8 46 91 70 23 84 72 61 4 7 87 0 11 25 46 89 96 95 45 43 82 78 18 24 53 98 16 70 24 4 82 99 84 28 4 61 35 23 71 38 52 17 78 55 82 10 87 39 67 37 55 47 47 58 37 11 89 52 41 23 41 2 4 55 51 92 69 56 79 0 56 20 18 30 2 60 48 87 8 44 34 25 57 10 37 7 81 71 71 74 35 94 41 37 61 46 43 97 7 22 44 72 53 27 5 35 97 99 44 33 24 71 91 61 31 94 63 19 21 7 46 84 12 79 32 44 69 4 49 27 84 13 30 70 83 79 6 11 14 43 51 39 90 90 61 15 70 13 42 1 99 92 87 20 95 25 61 3 16 69 20 63 54 71 36 42 70 36 36 30 84 17 52 9 24 71 86 15 12 0 65 70 86 39 21 60 59 65 85 38 19 44 93 48 79 53 78 9 3 93 72 32 93 66 8 87 9 55 67 79 19 43 65 89 54 89 1 67 30 55 99 54 24 75 31 18 77 75 74 42 32 80 10 14 36 84 51 70 93 53 27 29 25 45 81 66 3 97 70 6 11 35 8 98 16 40 88 70 10 0 81 86 46 31 5 67 97 91 88 57 24 15 51 77 24 68 58 18 4 46 97 0 58 65 55 94 44 20 72 99 60 18 70 31 62 51 70 48 68 57 36 33 18 55 42 93 51 58 52 43 24 91 37 65 43 25 93 15 51 71 56 57 86 99 10 15 62 48 8 36 97 4 46 21 51 31 33 15 58 80 90 16 96 93 7 81 50 14 46 8 16 44 28 61 36 36 88 18 32 97 48 11 76 10 51 61 71 29 43 6 49 86 73 90 85 80 79 57 15 85 13 33 
53 1 71 22 65 73 90 66 51 47 37 41 49 69 18 1 86 46 49 91 39 16 76 31 55 16 84 96 22 46 35 31 69 36 94 44 19 77 44 61 67 47 20 63 8 98 92 70 41 9 55 21 98 94 84 46 38 37 39 27 4 89 59 17 7 14 24 95 21 34 55 54 59 51 28 4 61 0 56 39 42 20 52 44 73 31 20 91 63 14 91 77 43 25 6 51 9 3 86 4 79 46 99 70 73 79 19 53 97 65 3 92 98 81 56 4 29 60 81 99 88 20 9 98 36 88 71 73 14 7 88 26 14 6 63 48 20 61 38 60 54 99 65 58 82 97 77 70 12 97 39 77 43 3 48 6 32 96 91 68 30 33 1 46 64 90 36 36 8 24 55 7 22 99 81 8 32 80 9 41 19 82 5 17 86 7 29 78 57 86 41 31 93 26 85 10 50 66 85 62 81 67 34 66 67 13 64 62 86 6 8 78 94 3 99 52 43 84 87 17 57 18 6 3 7 67 89 92 40 13 51 35 80 59 26 71 79 9 69 17 15 58 87 99 66 39 82 93 36 53 92 23 90 67 10 2 77 37 21 96 87 73 46 34 43 72 8 20 24 74 57 12 18 21 49 26 41 19 54 28 55 72 93 24 2 3 84 59 1 59 80 16 57 32 57 92 43 81 12 73 52 18 95 67 65 52 87 99 12 95 23 94 23 35 40 9 16 4 69 47 48 56 87 46 68 35 80 79 84 64 61 80 30 99 96 79 23 73 53 92 20 3 3 1 60 3 65 30 72 79 8 20 19 51 90 6 82 46 53 49 39 35 71 59 38 66 40 23 24 12 86 7 56 99 53 76 18 75 31 61 25 16 90 9 76 77 24 42 49 80 13 98 74 47 15 49 40 19 86 87 
32 35 87 72 55 58 67 52 49 57 87 80 81 59 42 22 53 98 49 32 64 75 83 32 91 52 21 23 84 77 31 67 11 40 43 41 7 78 49 11 5 19 9 86 95 3 65 16 44 18 18 16 38 85 16 73 24 42 8 80 62 50 46 8 25 69 71 4 15 73 44 44 34 2 60 44 35 2 3 54 47 41 39 88 69 19 79 85 7 9 89 12 86 60 12 97 66 24 38 4 63 80 36 20 88 54 96 8 54 90 3 12 20 42 11 78 96 73 78 6 3 52 95 75 84 56 80 67 30 17 73 18 87 87 20 21 11 23 98 69 50 88 89 14 25 66 59 41 47 94 89 62 43 36 87 86 28 70 11 28 10 30 96 13 35 69 93 41 20 93 2 36 8 7 26 93 21 97 94 62 62 20 1 48 57 65 81 24 10 22 41 70 64 10 14 89 7 88 63 16 57 51 3 55 28 45 18 25 32 83 21 51 97 37 42 9 40 11 80 25 39 83 9 93 81 44 28 2 19 58 77 28 35 90 86 93 55 80 77 68 14 48 71 15 60 54 79 0 20 86 16 94 33 78 31 7 86 21 61 9 31 48 23 39 99 70 27 50 87 50 21 88 91 47 94 55 3 99 53 17 89 65 78 58 34 87 64 70 33 1 62 25 59 78 98 53 23 23 57 87 70 9 45 64 83 42 67 33 67 52 47 8 39 33 10 41 24 74 72 18 12 11 34 59 95 87 70 20 49 81 0 91 30 97 15 89 46 63 56 8 66 12 18 62 94 43 79 96 9 59 90 29 74 53 74 81 20 73 50 70 52 15 37 10 13 12 71 61 96 11 21 64 37 69 30 78 46 80 14 2 39 10 99 61 70 93 2 93 88 14 87 75 35 99 8 57 9 1 31 62 
21 22 73 50 33 29 86 69 16 39 63 67 48 54 83 82 22 4 93 91 45 43 8 85 72 75 72 3 60 95 80 84 38 35 89 73 16 85 30 57 58 47 33 96 51 32 1 74 9 26 15 93 45 48 42 30 34 24 50 48 25 19 85 29 61 95 28 37 72 17 52 12 25 35 56 52 12 12 85 95 83 3 61 53 30 0 64 17 57 61 85 88 40 77 79 79 8 47 11 7 28 24 5 14 38 4 21 27 47 42 44 48 24 19 79 15 54 61 87 99 41 40 78 80 29 65 9 26 57 41 50 74 31 60 96 53 47 58 40 9 84 26 94 50 12 89 41 53 55 41 31 39 22 15 84 75 28 94 93 72 90 93 44 94 11 63 26 31 2 5 84 47 35 87 86 23 27 66 77 37 52 41 23 13 0 47 56 54 57 65 87 35 17 29 54 84 11 58 82 32 22 88 78 52 28 34 85 10 81 10 42 94 81 13 0 5 7 96 30 56 84 98 60 43 52 40 95 18 59 93 50 78 50 89 41 97 71 31 94 24 50 13 46 85 26 29 1 16 40 94 69 85 93 33 52 30 2 53 40 71 95 31 58 7 4 54 14 45 24 62 90 59 79 71 57 61 87 81 79 21 29 45 62 37 84 62 74 50 78 33 52 8 79 58 79 2 63 40 65 60 27 27 89 54 6 51 36 70 80 44 89 72 3 16 52 5 74 97 51 94 86 16 88 59 83 12 89 56 39 3 13 30 37 49 18 61 8 23 99 20 37 87 96 6 59 84 40 76 25 69 74 39 69 5 23 79 63 50 39 72 40 66 74 8 92 38 41 73 58 25 85 16 2 26 72 62 87 62 53 98 51 31 84 32 63 42 62 20 23 52 86 2 78 95 53 37 82 20 32 65 
58 34 27 57 39 33 28 32 81 59 40 48 14 23 53 69 8 69 97 27 51 14 65 38 29 52 10 93 73 80 36 53 18 61 45 36 61 64 16 81 99 30 73 97 92 69 0 26 9 3 11 43 84 51 81 21 65 10 97 45 87 49 76 2 69 24 86 39 94 30 65 88 67 94 19 77 11 45 49 20 32 92 81 1 4 5 82 34 62 37 24 88 58 17 77 51 82 5 18 20 79 28 75 41 72 74 62 17 81 18 65 82 46 56 2 99 13 30 55 74 57 77 58 14 36 58 78 20 59 93 2 87 9 42 85 77 2 95 52 4 61 38 88 85 87 18 63 63 93 3 28 11 88 41 21 43 88 33 53 73 67 48 22 46 58 8 48 7 44 57 54 90 22 7 29 83 88 8 79 13 78 20 2 99 92 43 97 24 26 90 18 51 70 62 53 99 16 50 16 55 20 56 99 20 22 86 77 42 11 16 19 63 46 64 57 2 6 1 23 33 50 61 99 9 0 35 60 42 22 75 88 57 81 63 33 0 32 82 24 2 90 79 43 55 27 73 40 26 28 36 95 72 3 34 57 12 53 66 66 97 27 49 32 26 11 83 0 1 40 93 72 17 87 65 70 28 68 33 76 57 96 71 0 7 84 16 66 35 61 92 52 82 37 18 61 89 27 61 97 48 14 69 32 21 64 45 9 15 29 89 97 95 40 68 15 33 34 64 6 66 16 89 85 12 3 87 59 79 43 71 16 35 74 47 50 90 47 29 23 43 85 69 74 78 26 57 7 38 46 63 29 5 46 65 98 28 93 76 53 46 8 97 32 13 53 15 19 78 66 27 5 32 98 20 19 96 17 4 69 71 64 6 94 29 12 68 39 65 23 92 8 85 2 25 85 98 33 17 34 87 
12 56 2 35 7 80 21 80 77 11 49 11 76 16 37 93 4 45 51 87 93 69 32 29 70 41 37 31 15 81 68 92 9 32 83 94 68 35 72 75 66 86 54 99 91 64 99 97 79 86 3 22 83 49 72 64 90 71 37 15 12 22 64 18 13 11 11 19 22 26 7 0 80 71 12 65 63 77 96 22 62 45 82 55 57 69 48 81 40 9 96 82 54 77 43 32 16 16 39 42 23 49 35 55 11 12 81 75 97 64 83 55 8 47 5 69 27 17 25 20 94 84 12 93 86 66 64 46 2 9 43 94 40 84 71 84 51 91 34 53 46 25 25 32 36 55 75 41 90 32 71 66 62 31 41 35 5 65 28 84 95 52 22 31 93 98 72 12 92 94 46 49 13 12 57 34 68 3 21 41 88 44 29 10 82 56 0 24 18 34 43 47 47 14 69 5 51 13 70 70 22 10 38 77 81 28 60 48 86 89 98 3 46 31 84 28 64 29 25 5 52 56 56 50 74 62 63 65 64 67 32 39 65 94 29 13 52 66 49 14 80 54 47 23 73 94 59 4 43 27 11 49 49 64 92 49 97 6 45 18 98 21 38 73 42 80 93 59 41 3 21 9 29 6 4 87 28 53 87 67 91 66 79 56 32 78 10 49 30 20 10 0 67 55 41 43 39 26 94 13 12 1 40 28 17 89 60 81 14 79 7 24 44 58 4 91 73 74 15 97 55 85 79 12 37 68 1 94 10 5 21 2 80 44 13 39 92 83 64 85 89 2 0 28 38 58 87 41 28 12 86 85 18 81 96 77 87 14 17 52 37 85 86 79 75 38 88 90 34 39 87 37 24 32 86 74 5 56 20 58 33 4 40 50 69 64 60 51 44 63 98 83 6 74 92 59 40 37 55 42 
23 46 94 39 2 2 24 6 81 42 18 90 76 49 37 43 50 54 99 50 22 44 56 38 31 16 0 54 4 19 39 66 3 60 5 22 61 32 19 8 30 45 85 10 57 68 40 88 75 42 63 51 12 33 82 74 30 58 62 68 9 14 83 11 51 73 31 11 52 58 10 81 16 97 18 53 60 1 25 58 51 58 21 25 22 29 4 29 14 81 84 34 80 3 25 71 77 85 40 25 7 8 82 0 4 33 73 52 53 40 6 4 90 32 40 41 12 86 59 19 31 9 33 15 25 21 17 52 22 59 93 76 10 25 26 17 88 59 25 97 85 64 36 18 63 0 42 58 54 74 59 34 24 62 99 31 68 94 52 70 63 32 6 76 57 74 71 1 29 81 43 42 50 39 78 41 80 0 35 68 4 82 19 48 39 0 63 3 14 28 62 87 2 13 50 94 64 39 88 27 56 44 86 71 65 83 34 23 12 39 24 55 34 58 0 44 19 18 92 42 81 52 18 77 13 39 94 29 24 60 59 52 59 28 71 90 91 1 80 95 31 60 37 64 97 98 33 15 73 49 18 88 11 14 69 92 34 93 21 41 83 25 1 6 0 84 38 73 38 85 1 94 74 44 53 70 95 85 59 67 7 29 59 10 86 82 2 26 35 90 48 19 2 13 40 71 98 34 82 52 68 78 21 42 43 43 17 10 13 25 58 86 94 30 57 71 8 11 10 21 51 13 75 78 90 53 80 2 12 32 28 21 56 14 71 34 7 41 92 10 20 40 49 32 42 92 12 31 28 43 96 96 81 19 97 31 37 97 92 0 96 39 51 2 25 75 24 10 34 29 67 0 62 7 96 12 87 63 49 75 78 4 37 16 63 0 30 48 53 13 93 44 5 51 56 14 85 66 59 59 
89 69 21 32 41 22 0 10 34 86 47 50 37 75 49 88 60 48 84 99 24 25 39 90 59 68 2 66 23 11 29 12 70 19 59 52 36 68 73 58 17 50 48 0 7 56 55 32 36 94 56 11 92 8 93 42 74 93 74 1 79 86 97 9 43 48 72 38 42 15 94 29 38 39 45 29 31 34 20 49 23 76 37 41 44 60 91 81 70 32 79 51 5 22 96 39 2 92 50 61 41 53 24 10 31 13 92 2 5 51 15 77 49 60 4 76 47 63 46 30 95 91 82 48 5 69 1 1 45 54 62 54 24 55 95 97 62 31 33 46 5 97 21 42 42 55 64 60 23 50 42 94 33 19 39 81 31 61 30 71 99 12 78 76 3 53 42 66 62 23 4 18 92 53 89 76 31 5 11 70 71 13 38 20 65 28 29 37 83 91 4 38 23 76 54 83 2 58 13 6 63 91 60 33 40 51 80 54 74 90 29 73 75 91 67 0 1 5 57 65 78 98 89 1 43 95 70 59 29 44 61 81 92 68 85 67 74 79 61 32 96 57 96 1 67 82 37 6 58 4 50 3 14 48 89 4 18 53 28 49 8 61 82 33 79 30 52 96 34 72 9 10 90 63 41 14 27 64 26 87 45 83 93 26 72 87 15 39 36 38 95 92 11 86 7 52 19 84 25 21 9 59 72 37 74 60 58 65 56 6 25 70 4 3 61 95 49 85 88 71 21 41 53 57 26 79 81 69 4 12 23 69 69 16 37 64 42 44 27 37 28 64 28 59 81 60 87 72 91 96 0 47 29 55 79 7 89 88 51 29 26 60 27 64 68 11 5 63 12 75 88 70 40 77 40 7 14 89 62 44 24 29 50 24 44 12 40 30 89 80 74 54 9 49 4 27 40 92 43 79 
38 53 0 41 36 39 68 5 81 28 0 27 26 79 14 37 54 12 92 14 24 77 14 14 78 99 47 37 39 99 64 3 39 45 83 45 9 64 97 29 17 15 70 65 91 60 74 66 44 91 21 40 80 49 42 85 87 70 71 34 64 23 20 3 66 56 50 79 33 53 86 95 29 95 70 99 90 6 51 35 64 57 28 47 55 93 34 58 57 89 21 23 31 73 70 27 1 62 33 97 66 90 0 68 55 80 52 29 51 70 76 81 63 17 12 7 99 21 79 33 9 21 57 34 3 81 46 0 63 7 91 17 46 51 10 20 98 54 59 81 42 28 50 19 58 52 91 53 74 32 69 26 61 35 38 94 30 31 25 93 64 38 5 86 31 27 97 69 58 0 92 81 54 40 88 73 95 78 9 8 62 12 3 26 99 65 72 56 39 27 19 55 84 41 14 77 56 31 49 81 71 44 43 12 25 85 72 16 88 47 3 60 90 35 90 36 5 87 1 38 78 56 83 77 71 34 83 57 41 63 93 63 37 76 91 55 7 96 26 95 15 15 97 93 2 58 78 4 97 47 14 47 71 31 14 63 1 10 99 90 21 75 30 67 53 25 76 16 66 94 19 70 54 73 6 52 57 93 86 23 90 87 66 56 62 80 15 97 87 93 39 69 50 71 3 94 85 23 63 34 23 16 23 82 16 50 71 40 1 7 46 27 95 28 95 99 44 19 95 8 3 82 39 76 91 43 29 51 62 5 4 70 42 25 53 77 41 10 55 58 89 18 27 3 94 54 69 70 23 52 6 31 58 75 90 98 28 70 63 27 80 9 10 18 39 64 62 86 5 89 47 69 93 64 9 72 98 57 77 93 24 98 39 86 61 10 77 4 94 17 38 52 0 9 50 97 79 32 13 46 
47 59 91 93 6 2 39 76 19 93 99 50 84 3 26 34 82 24 39 36 31 68 57 72 84 50 84 55 8 14 7 43 9 23 90 50 30 44 10 62 65 93 6 56 57 93 8 82 95 61 41 25 72 95 33 43 22 12 91 37 88 50 56 72 95 63 36 53 18 54 57 27 12 91 27 16 49 17 97 46 70 1 38 95 61 86 86 63 41 47 47 46 97 64 43 74 39 57 47 9 74 15 17 73 68 53 13 67 42 42 81 59 45 23 75 39 59 20 75 78 96 38 17 82 29 68 24 99 46 90 96 86 83 33 38 55 73 84 73 38 74 58 54 24 87 81 55 36 72 62 69 43 45 46 21 6 59 25 32 13 84 81 17 49 11 62 7 66 32 27 42 89 60 71 19 97 31 97 7 98 61 92 7 27 43 63 38 73 10 53 7 56 53 20 30 89 8 15 20 12 83 28 9 38 99 42 50 75 79 60 79 98 35 50 6 9 42 53 37 67 60 90 28 47 22 33 15 94 40 20 78 80 63 65 90 67 41 19 99 65 94 34 46 71 81 92 54 13 30 80 77 0 28 93 80 18 85 18 75 77 53 92 93 98 41 59 56 51 81 70 23 55 8 14 41 77 70 26 82 76 59 80 11 13 54 5 26 45 44 73 38 49 10 37 12 75 51 62 35 95 67 79 18 9 53 2 87 9 24 47 26 40 45 60 78 73 58 24 67 81 25 98 89 46 90 9 28 30 95 98 17 98 59 21 91 4 89 36 97 50 14 40 31 36 72 29 11 45 76 64 11 25 26 35 36 37 87 17 5 59 4 63 43 52 1 21 55 27 80 89 75 48 24 5 17 97 56 31 66 16 60 98 41 21 74 58 78 45 12 57 82 75 77 84 48 81 53 96 93 79 
19 5 48 76 22 34 39 73 45 82 22 42 10 46 82 57 28 13 72 62 89 76 3 61 12 30 58 34 92 7 2 2 64 95 68 36 24 30 34 87 51 34 16 35 10 20 61 34 14 14 97 36 26 44 57 49 4 69 53 90 72 9 82 86 8 45 44 63 30 27 73 79 55 74 75 72 25 80 19 27 91 78 94 48 15 15 72 51 81 77 42 53 2 41 40 31 76 73 12 46 20 3 5 66 99 27 52 56 69 41 67 29 83 28 23 1 92 98 79 88 39 26 53 92 71 94 93 83 22 36 91 7 26 27 86 39 29 53 54 19 40 40 58 39 10 54 35 0 13 53 23 91 70 31 41 70 81 13 96 64 4 58 66 93 24 19 7 70 51 84 50 86 48 65 83 69 28 82 74 71 83 96 51 41 98 73 19 44 22 98 13 10 8 3 40 16 46 54 9 44 11 88 28 80 23 24 11 43 57 45 9 41 52 90 88 25 83 40 86 64 92 33 82 31 20 2 42 13 33 26 99 56 79 32 3 49 39 13 18 30 17 75 28 59 57 61 30 43 13 84 71 12 13 21 81 21 27 25 92 51 11 81 62 10 29 25 11 6 58 11 15 9 61 76 14 75 47 11 48 7 13 65 89 63 84 56 26 15 12 42 1 90 90 52 89 27 68 12 18 22 19 19 27 41 3 87 72 96 56 37 86 42 1 10 81 54 52 80 46 94 93 94 1 87 60 95 13 33 64 2 5 29 14 25 49 24 28 86 98 58 98 83 65 83 98 85 79 80 19 90 41 81 85 93 86 93 59 14 5 71 53 14 87 60 82 5 18 76 85 83 79 61 4 16 9 74 25 24 70 37 96 37 82 48 4 54 1 52 77 68 46 58 39 99 62 33 77 15 13 57 
20 63 59 98 21 90 53 76 64 64 35 10 79 59 53 44 94 27 57 73 52 6 56 60 22 80 86 71 70 39 83 33 47 78 39 89 43 43 38 24 1 13 9 49 48 11 8 59 71 66 80 23 35 24 30 84 2 50 44 83 81 8 24 58 44 15 79 48 49 0 12 30 50 46 21 65 95 4 8 67 11 60 58 98 30 42 69 83 43 37 40 79 78 75 31 56 57 68 94 89 31 41 62 55 61 13 86 95 32 99 92 84 59 5 4 91 21 32 48 87 45 73 37 94 14 80 12 65 61 31 89 15 65 97 52 70 13 28 81 73 16 80 2 69 57 96 17 52 40 54 84 74 37 26 23 60 51 15 49 71 32 69 31 95 75 54 51 55 54 12 37 26 21 50 90 94 46 35 27 0 3 83 68 32 81 99 76 34 6 27 95 65 78 18 5 56 69 50 71 70 28 89 79 78 4 31 13 11 3 88 79 40 10 52 97 59 38 69 61 71 12 14 13 56 7 14 90 86 35 42 63 88 79 82 19 14 70 97 3 81 98 96 84 10 5 13 10 65 37 12 9 19 79 94 5 59 55 64 23 73 77 42 84 56 83 57 28 45 41 77 35 11 37 35 3 77 84 70 84 74 68 44 98 87 5 40 15 38 30 13 96 94 83 46 1 39 16 76 35 11 19 55 54 17 58 17 27 65 28 47 39 16 57 81 36 14 0 76 24 65 68 42 92 24 22 73 55 40 86 44 91 17 90 63 47 32 99 57 34 31 95 19 70 5 95 42 56 32 26 13 60 61 5 0 20 31 12 61 90 43 65 33 73 90 56 56 43 27 27 9 60 90 94 19 42 65 38 53 10 2 89 17 86 21 41 42 11 48 55 64 29 76 93 83 12 90 67 76 9 90 
41 91 98 54 18 63 98 94 5 72 45 47 83 70 74 21 80 91 54 98 97 27 32 48 43 37 69 2 89 17 58 49 79 96 0 96 73 55 19 6 54 28 62 83 47 45 38 46 19 38 60 33 40 46 4 42 81 80 24 9 69 92 70 49 72 19 73 83 17 83 29 92 68 56 56 23 37 30 64 27 24 80 2 38 62 4 85 22 44 97 80 19 39 1 36 9 16 58 50 43 53 59 23 21 35 58 76 6 25 5 80 9 93 17 72 20 61 71 94 97 37 37 2 36 11 99 21 26 43 79 86 1 36 42 37 40 3 72 66 68 31 97 55 42 88 85 89 51 16 69 20 18 23 95 9 93 45 60 64 79 49 88 30 40 36 17 52 73 24 7 21 37 91 92 28 28 71 88 94 96 19 7 63 81 1 98 78 49 21 74 42 52 62 23 49 8 72 52 84 56 46 43 97 38 25 24 52 42 5 1 54 50 81 81 94 99 73 73 44 29 31 90 10 13 75 28 40 13 12 3 92 6 18 60 43 58 65 50 15 73 81 5 58 1 28 38 57 23 66 89 64 11 83 40 61 75 14 85 55 24 4 45 45 14 18 46 95 78 95 46 48 88 93 12 53 33 67 16 9 85 12 82 21 45 70 8 62 89 72 9 1 40 16 40 46 84 59 84 12 4 48 75 56 63 64 74 12 23 90 33 42 61 70 92 56 35 94 69 90 59 74 19 47 18 60 34 12 33 54 3 15 42 70 50 50 91 86 47 94 46 34 98 23 8 70 95 65 48 48 80 25 62 6 4 48 13 68 64 31 88 77 95 11 56 58 44 83 2 79 55 52 3 53 7 29 57 71 70 67 80 1 53 90 21 94 24 53 41 52 82 30 53 6 24 1 72 93 75 83 11 
67 89 98 88 52 40 7 21 65 99 43 55 7 20 50 4 56 75 65 42 41 31 46 13 15 26 73 80 65 52 81 7 2 82 63 27 83 96 82 87 77 0 60 26 36 33 40 92 46 20 49 25 77 37 90 95 78 68 10 28 88 2 85 60 4 34 40 72 83 65 18 55 29 29 79 71 71 96 41 40 51 64 24 21 53 46 10 39 34 60 49 26 53 43 12 49 26 81 76 37 66 85 18 5 10 12 47 1 11 32 68 20 86 44 0 58 78 27 36 30 23 76 85 48 68 73 50 98 50 30 76 96 66 17 26 62 40 76 41 17 74 54 50 77 37 2 42 93 43 32 94 95 12 65 39 93 56 13 62 12 25 59 3 21 65 41 63 25 76 52 25 85 59 58 87 69 19 46 44 41 19 1 92 78 75 6 18 58 59 71 85 38 36 10 78 6 61 88 21 74 68 9 86 96 78 28 50 3 80 94 54 50 96 93 79 95 11 21 59 98 28 39 95 68 93 36 77 49 65 80 67 70 2 83 5 39 27 68 56 56 0 96 79 25 13 21 39 11 56 32 17 65 3 32 79 39 14 21 3 2 40 55 74 12 92 82 17 61 18 33 60 26 91 37 48 69 85 17 67 1 75 33 9 39 36 83 61 34 6 20 80 47 64 38 26 48 92 49 51 74 79 68 55 80 66 46 49 78 18 1 31 86 34 82 7 61 95 13 74 45 16 27 58 62 96 9 10 39 13 98 22 82 18 69 80 3 67 76 25 44 63 45 9 60 98 79 74 34 32 24 58 45 22 68 10 18 80 99 54 20 70 47 75 54 95 84 12 53 71 62 44 52 52 5 83 38 63 94 63 55 80 12 60 85 31 8 99 84 4 94 63 7 9 81 74 81 51 17 35 72 
54 2 35 17 33 28 41 69 58 29 53 14 85 55 69 57 83 51 15 86 44 64 81 60 77 56 74 56 8 55 40 76 89 66 46 48 6 79 84 55 77 62 45 34 80 51 12 1 54 64 66 83 56 2 59 84 50 31 23 61 39 76 91 59 82 60 84 16 83 42 47 39 50 67 30 96 46 21 94 2 16 25 25 56 8 84 22 94 4 72 26 42 65 6 97 63 7 25 46 85 61 21 43 9 31 92 25 10 9 1 54 55 73 76 16 87 25 10 69 19 15 73 43 7 88 62 70 4 66 8 55 15 50 40 60 34 50 23 5 79 83 51 13 69 29 98 90 83 5 27 5 98 23 39 61 58 62 43 65 12 97 59 56 63 11 10 57 57 61 79 0 3 27 15 95 27 20 7 88 80 1 9 14 47 37 42 89 57 22 39 75 61 35 60 53 44 89 60 67 34 54 15 95 78 16 56 95 25 14 59 41 75 82 10 47 62 27 22 59 31 15 24 4 38 80 68 37 34 38 42 65 65 52 60 72 25 8 60 90 7 80 74 38 91 62 75 0 84 30 58 30 33 11 91 27 40 67 7 60 10 68 92 68 67 75 10 67 28 78 97 55 90 48 47 58 84 75 68 42 64 87 0 82 10 21 56 92 42 94 73 32 35 33 66 64 59 7 65 39 65 82 24 47 41 19 39 6 35 32 36 49 98 28 62 88 70 45 51 60 96 60 62 14 73 75 8 48 14 4 92 5 10 24 52 57 0 90 18 42 19 64 17 72 95 27 33 76 86 95 64 59 34 29 41 1 81 45 45 24 43 46 65 73 98 24 11 90 24 23 52 49 40 17 33 68 6 46 36 1 88 99 66 96 1 61 15 35 78 14 94 73 38 53 26 42 26 18 83 86 76 
16 13 71 67 18 93 1 63 87 1 4 39 33 87 16 84 21 24 88 76 68 23 11 3 5 20 0 48 26 5 28 32 60 8 74 90 11 93 10 75 80 22 88 92 25 37 38 16 67 80 89 15 74 24 97 19 50 62 60 55 48 1 73 17 83 18 79 68 20 80 75 29 91 1 46 65 83 48 23 72 60 27 22 68 48 0 64 45 37 38 94 24 68 79 84 62 44 91 69 14 53 24 81 89 15 40 58 1 0 42 39 76 56 48 30 98 90 85 19 85 8 34 29 65 82 35 34 11 1 43 14 10 34 79 92 32 48 11 63 8 78 58 93 28 16 97 45 30 80 57 11 56 76 44 82 49 75 16 66 20 45 98 42 27 35 86 71 80 82 92 93 19 42 51 69 41 26 64 93 51 51 17 60 17 86 94 97 72 73 27 1 26 64 43 6 65 44 73 31 0 13 62 69 65 97 70 89 2 44 6 19 77 77 21 61 9 44 81 73 63 90 88 98 72 46 76 82 57 65 88 19 1 97 68 35 34 93 11 14 15 56 54 98 84 91 40 51 78 28 4 98 9 20 75 90 83 79 91 37 58 51 98 24 41 26 63 26 79 4 94 19 93 84 6 88 77 33 72 73 90 45 37 89 26 41 48 53 93 16 57 95 89 68 57 77 19 56 3 3 15 77 54 14 58 11 96 45 23 0 95 11 80 98 18 82 59 44 22 2 17 7 41 6 60 70 71 84 47 12 79 14 14 79 53 15 81 89 97 78 50 30 10 91 37 61 56 40 79 4 98 58 44 69 21 40 49 87 1 54 82 44 53 2 49 96 97 51 75 1 17 23 47 81 69 43 88 37 67 84 54 11 96 84 80 54 3 93 60 1 27 41 27 9 55 95 15 23 87 53 98 
97 0 35 97 59 80 39 73 98 31 53 44 72 92 17 36 43 0 54 87 10 80 5 26 92 54 18 40 76 71 31 89 92 94 31 12 54 34 96 12 76 67 84 42 75 10 68 8 82 96 30 28 60 82 77 72 43 54 83 76 15 20 30 61 98 50 50 1 37 44 30 34 7 1 68 99 56 66 22 97 53 43 27 34 14 71 66 68 48 95 25 40 20 92 72 41 63 53 89 31 92 10 72 82 91 55 86 60 3 91 39 54 67 97 34 22 48 72 88 26 54 21 73 43 19 61 89 33 64 63 35 66 54 84 54 77 92 58 78 32 16 38 50 71 99 81 33 3 89 65 61 7 44 79 42 22 20 24 81 53 11 40 1 62 77 6 22 82 43 10 39 87 47 15 27 20 31 25 32 81 79 13 20 14 64 18 77 44 83 65 59 62 13 12 19 8 60 32 89 5 6 78 90 53 29 14 87 18 2 27 63 25 77 38 31 95 29 26 42 5 80 51 75 67 14 46 84 83 19 41 82 2 10 68 42 23 76 46 50 93 20 87 76 61 55 42 39 11 83 59 92 25 4 8 86 48 87 11 45 64 51 30 95 6 84 86 64 84 53 13 44 83 93 79 54 79 70 50 27 64 2 77 43 25 57 6 24 38 70 16 41 86 2 87 68 92 86 77 79 52 41 29 39 74 25 42 63 67 92 6 56 9 98 39 65 48 97 78 96 40 5 66 5 17 1 80 46 84 46 89 40 68 34 3 78 61 56 19 63 0 42 10 57 67 11 14 51 70 90 36 83 6 26 76 24 81 28 33 49 15 18 37 19 39 78 91 11 17 22 59 40 54 88 9 71 16 17 71 56 24 26 84 4 33 39 61 11 35 44 57 36 96 28 79 79 29 31 4 94 60 
59 78 31 97 51 77 9 3 88 79 21 9 35 41 20 96 79 72 2 62 55 17 76 15 31 1 76 67 71 76 97 56 35 64 39 94 61 36 28 92 64 49 13 49 71 49 2 79 46 30 24 38 54 29 76 76 82 64 56 8 21 21 53 45 87 4 81 4 72 95 56 56 82 92 90 64 65 70 23 47 7 95 61 4 50 29 17 24 3 0 52 36 89 80 13 13 77 28 8 11 10 86 60 46 12 87 32 35 65 49 3 74 28 27 54 27 98 73 23 83 13 5 27 95 30 73 94 91 38 62 54 0 61 88 85 58 92 87 12 38 35 54 29 15 40 58 35 67 69 73 57 55 64 82 63 94 50 80 59 88 3 7 79 78 52 43 14 69 20 80 26 43 87 4 1 67 75 87 95 85 85 88 55 86 72 73 68 1 36 96 42 25 67 31 36 49 62 1 4 30 66 90 25 84 17 9 57 8 93 19 79 64 49 3 62 35 89 84 75 10 56 39 51 67 57 41 1 81 53 75 18 37 92 8 22 20 69 59 42 57 59 94 59 16 45 86 30 6 96 96 40 47 99 43 3 26 71 11 37 99 32 25 65 3 68 0 84 39 35 67 11 82 95 56 94 49 9 93 18 80 75 21 74 63 27 33 54 88 0 87 69 95 95 66 89 11 89 0 68 26 91 1 22 92 98 85 4 36 57 31 27 48 71 46 81 74 61 85 35 55 35 82 12 15 46 36 77 93 83 41 26 24 61 45 43 78 92 96 98 4 21 30 60 51 64 93 59 21 29 58 51 2 70 84 35 73 45 53 22 62 14 67 61 74 86 6 83 5 2 10 76 82 49 4 2 35 99 84 53 75 16 6 13 22 28 77 34 76 96 94 59 5 74 17 5 42 52 41 58 51 
82 15 61 20 37 86 73 94 86 16 78 0 16 59 42 46 97 20 28 56 19 51 97 86 59 73 12 58 33 31 55 74 22 39 34 37 33 0 68 36 67 17 64 25 75 10 62 54 65 74 93 46 55 8 51 17 57 81 59 14 79 37 75 10 76 10 2 6 29 17 23 75 85 90 35 1 87 31 8 70 88 3 62 1 86 28 46 55 96 62 17 92 96 14 17 1 98 92 58 69 6 67 16 73 11 37 4 12 98 17 20 63 83 75 95 74 81 37 9 67 64 4 43 74 98 33 30 41 39 88 22 57 86 60 28 69 87 32 11 71 62 50 47 12 68 90 71 43 25 37 13 97 17 99 56 36 23 49 97 33 51 35 73 98 79 1 22 84 84 52 83 81 93 64 13 10 96 24 31 54 16 57 38 38 44 74 62 80 50 75 11 22 18 9 76 81 75 6 92 77 38 9 41 42 78 12 45 91 48 52 3 43 4 9 67 21 63 95 25 36 79 75 40 35 19 22 90 25 48 83 46 24 21 87 92 19 89 70 80 37 74 87 74 4 20 60 93 63 27 28 34 99 90 65 55 8 40 53 63 6 84 91 97 42 33 38 73 67 50 62 66 76 20 13 20 67 7 64 83 18 57 78 69 22 11 17 73 89 92 20 69 33 25 75 65 29 42 17 8 70 29 71 81 42 32 46 78 19 63 91 46 92 32 52 33 20 90 18 81 71 88 45 38 40 86 4 45 96 48 17 76 8 14 94 24 85 24 78 72 9 99 2 29 64 71 96 19 37 51 13 76 93 6 49 22 26 39 59 37 24 51 66 53 90 73 88 57 33 6 32 85 80 75 41 53 27 88 20 47 77 38 98 25 36 23 96 34 12 32 83 87 15 79 64 0 51 90 55 21 56 
88 37 58 72 31 40 82 84 30 10 87 77 11 89 9 63 83 46 42 20 1 99 40 44 32 10 5 56 97 55 63 72 13 25 18 85 27 18 19 51 44 84 10 60 42 22 75 10 27 98 5 97 94 86 23 99 71 78 11 27 79 70 72 40 21 96 90 80 35 80 9 21 8 66 70 86 24 52 85 29 61 25 7 52 75 73 66 45 90 74 87 22 30 62 75 69 20 90 18 80 11 18 67 65 33 82 80 72 59 89 68 81 94 31 54 87 92 48 73 93 83 11 92 21 31 84 9 74 82 46 69 38 27 40 54 99 95 26 79 29 36 27 98 41 63 92 43 5 5 79 25 31 76 33 43 98 79 76 49 19 11 42 71 65 3 14 1 83 2 0 59 65 92 47 23 25 7 20 65 95 63 26 6 92 95 28 12 95 17 94 80 76 79 92 41 1 8 88 49 94 31 38 10 49 14 84 94 30 93 30 30 47 88 64 75 23 95 11 30 76 72 18 94 66 54 45 87 50 60 33 77 11 52 45 38 44 65 28 76 62 59 76 74 44 93 90 69 44 99 11 54 35 54 43 54 16 72 57 72 9 93 74 6 99 6 28 43 42 35 17 69 44 72 44 58 98 3 57 95 60 97 84 91 62 54 23 1 70 66 47 53 69 89 19 0 28 29 1 50 96 19 48 16 69 0 59 34 46 88 98 34 45 8 62 82 40 11 60 78 13 70 12 10 50 82 32 26 20 94 10 74 53 33 33 65 47 6 49 41 91 10 72 41 62 20 77 18 14 15 79 42 44 14 81 45 1 50 28 93 71 67 8 53 89 40 40 9 33 56 13 80 61 36 54 49 8 17 65 16 59 73 55 84 3 64 84 53 97 59 13 52 87 86 47 16 76 86 89 12 92 
81 17 38 12 21 7 94 1 83 97 51 7 69 22 9 47 50 57 84 10 84 73 28 54 81 19 49 79 2 19 45 31 78 31 64 97 71 12 51 96 34 50 88 90 75 58 57 39 98 74 15 72 89 85 84 72 54 52 32 25 97 24 89 6 73 64 93 96 69 73 9 98 22 36 51 65 7 36 11 23 6 77 45 44 81 45 25 47 36 73 29 3 29 18 27 49 27 92 54 15 15 46 91 21 91 3 83 51 2 12 59 56 65 44 95 81 22 33 67 69 90 83 67 96 7 97 56 5 32 26 67 60 29 2 98 91 90 71 57 29 74 62 3 69 35 21 48 68 51 52 93 33 46 54 94 48 23 83 8 29 49 20 39 26 39 75 69 80 29 91 0 41 88 14 76 6 71 29 41 48 24 23 32 52 67 58 51 31 18 15 26 21 32 24 71 6 97 75 53 2 89 56 97 57 60 83 61 92 67 19 69 61 50 22 51 45 45 3 34 14 78 16 90 94 6 27 86 54 63 39 38 19 11 94 55 9 87 38 40 93 78 53 85 75 47 41 27 80 8 36 30 60 8 67 26 71 28 57 65 52 85 87 51 35 74 37 11 24 79 35 41 56 92 21 97 87 20 64 39 1 80 6 52 25 97 32 95 52 49 74 79 44 92 26 96 68 81 49 84 21 66 50 65 2 62 56 40 20 21 55 80 29 53 97 67 30 12 95 36 50 24 45 25 1 58 18 51 44 78 69 92 87 91 75 52 69 74 90 39 26 87 69 45 67 52 33 68 18 4 95 58 24 71 4 23 23 44 9 97 7 68 71 36 95 77 25 17 36 13 27 73 22 64 47 7 92 95 38 6 33 7 90 16 10 9 57 48 2 59 32 29 3 22 97 46 19 2 1 17 95 
95 74 83 79 90 49 10 94 39 39 22 12 4 22 68 53 86 77 68 31 25 75 9 30 14 92 10 95 89 92 47 47 41 73 96 1 43 87 5 43 5 70 80 17 58 24 78 79 53 44 8 93 16 78 45 63 11 75 35 81 10 35 44 43 61 38 69 89 89 60 53 83 11 29 67 43 19 12 91 59 24 37 84 64 55 64 82 87 81 64 90 3 53 61 19 39 5 50 78 34 39 90 21 40 75 89 31 75 14 89 19 74 46 42 35 88 9 14 76 65 60 81 67 12 90 49 57 40 51 97 22 56 56 15 82 84 79 22 42 99 23 13 17 18 32 45 58 98 36 97 18 5 48 19 45 21 5 30 49 29 81 30 30 72 86 60 83 95 9 7 25 22 6 26 82 94 92 3 73 26 35 26 12 27 9 6 32 36 34 25 97 98 69 47 81 93 20 37 49 31 11 90 67 17 72 57 82 18 39 44 23 26 58 44 68 96 76 74 89 95 29 74 38 88 61 38 84 23 34 46 76 30 67 21 74 50 47 90 95 19 13 95 12 88 5 42 99 23 43 59 40 62 54 37 54 46 64 36 2 30 52 70 63 7 56 53 78 83 4 60 72 68 59 94 33 91 24 63 32 60 7 96 92 96 94 57 33 0 22 77 56 43 82 82 59 23 22 42 72 40 67 25 71 50 47 39 34 80 47 40 97 40 97 62 14 81 43 68 70 58 39 65 57 49 12 6 79 81 77 15 0 3 77 23 57 91 86 39 22 53 54 25 30 74 71 1 34 69 50 88 2 69 55 39 10 69 46 54 48 65 97 34 33 18 84 51 37 65 49 34 30 48 74 54 12 82 91 93 67 1 44 22 37 96 74 45 39 81 41 22 33 67 58 97 68 61 94 25 91 92 
39 40 46 89 85 19 63 1 79 90 17 48 35 30 58 48 68 29 95 92 95 62 7 64 32 41 88 66 25 45 73 98 23 68 12 99 48 95 74 6 61 43 85 10 17 19 25 8 73 76 51 71 61 77 49 3 95 38 70 95 79 66 77 61 75 72 35 58 72 47 14 21 60 78 59 16 33 59 36 72 89 37 74 84 8 24 48 13 20 28 13 44 39 30 39 64 26 74 41 14 47 60 90 47 28 53 82 21 6 64 28 16 53 38 85 86 50 79 0 68 41 22 10 27 5 63 68 40 44 31 47 4 83 35 51 31 88 33 91 73 78 71 83 93 27 69 63 65 21 74 4 54 63 37 41 62 24 46 48 96 61 38 60 63 2 63 20 29 26 81 13 20 72 40 21 34 13 95 13 37 0 88 73 67 23 90 77 24 94 79 2 84 8 93 13 51 74 19 94 9 61 3 65 35 24 79 34 47 73 48 95 43 82 63 54 13 55 35 82 86 94 49 26 72 84 30 29 28 90 34 9 20 9 69 54 17 90 19 25 89 73 96 92 91 49 49 40 14 93 60 42 43 20 98 30 1 82 19 21 79 49 21 76 53 23 56 13 67 38 10 70 55 71 47 48 75 60 91 62 66 4 63 66 91 80 16 87 26 31 34 92 16 73 52 80 45 81 76 98 72 20 54 50 57 97 40 29 25 91 85 25 11 83 38 57 18 71 52 56 48 59 20 39 45 61 15 48 42 32 9 88 52 4 40 89 52 78 88 56 96 34 11 41 3 96 54 73 41 31 70 27 73 26 20 78 40 97 49 45 39 92 43 20 55 7 80 18 2 6 40 12 73 65 72 65 41 6 11 62 3 85 90 68 96 57 20 20 28 81 52 46 73 70 29 53 90 59 33 10 22 
4 77 67 99 40 89 90 34 41 85 65 80 41 83 88 46 6 38 97 37 25 38 96 58 80 60 76 60 9 17 72 33 30 26 49 14 31 70 15 5 29 84 46 37 20 42 35 37 35 31 67 20 30 8 19 57 96 65 28 97 54 66 61 69 75 6 11 54 26 11 53 18 30 19 56 37 60 48 0 92 94 91 75 24 70 82 10 6 96 37 10 94 72 69 37 77 91 80 29 80 29 24 83 85 0 8 76 72 15 94 44 11 41 82 96 30 42 35 37 58 22 15 46 6 57 34 63 46 67 45 70 83 93 77 62 63 67 69 73 59 19 35 6 74 26 99 24 72 90 61 46 39 12 34 15 81 87 88 15 78 21 69 59 83 52 89 21 51 51 91 76 45 58 10 99 6 71 79 79 53 75 74 50 56 8 33 89 32 20 81 10 55 38 20 43 93 24 37 97 62 44 29 64 38 99 6 38 43 59 63 70 30 35 39 12 26 13 89 98 30 99 11 36 33 2 37 95 56 39 77 70 18 99 17 82 43 89 36 84 31 74 21 1 28 64 44 93 47 99 82 59 43 80 35 56 83 98 66 10 72 83 93 91 90 2 81 26 23 30 32 5 64 64 33 59 0 32 97 36 58 34 96 83 31 35 25 39 17 4 85 77 10 50 80 85 55 7 58 83 70 65 10 72 9 77 81 29 22 29 53 19 44 22 14 72 19 51 9 96 63 38 43 4 61 22 96 87 7 96 52 2 4 26 38 2 51 61 47 50 0 26 29 94 4 63 61 14 58 2 66 80 26 78 92 94 45 94 75 38 44 23 3 50 78 57 75 82 81 28 21 51 4 43 22 59 10 57 62 94 29 40 29 83 85 2 55 39 47 42 46 85 85 2 54 56 99 86 98 41 3 
90 25 87 65 47 17 47 18 68 79 16 71 99 87 36 68 89 58 21 42 25 21 17 19 15 87 3 40 89 67 50 1 23 83 35 72 24 21 1 25 96 8 43 20 96 10 80 47 82 27 45 2 21 96 98 20 9 84 0 0 91 34 18 68 71 97 31 80 73 25 2 6 70 55 95 40 31 90 62 39 23 95 46 95 21 58 63 0 64 66 14 7 66 35 96 11 43 98 34 69 10 8 9 17 52 54 86 92 52 41 3 71 87 30 74 50 97 12 57 85 24 21 98 85 3 89 9 78 77 21 93 79 0 99 20 23 3 83 13 95 60 29 66 16 46 35 9 54 6 82 95 49 0 9 36 51 43 42 57 66 83 39 15 51 89 18 71 35 52 16 39 29 65 72 52 93 8 20 20 28 18 12 6 7 70 93 63 84 72 20 79 14 63 28 65 16 6 37 43 73 89 69 10 39 97 8 72 62 77 27 67 50 54 34 21 20 42 38 76 24 28 72 88 74 23 67 98 99 63 44 88 6 40 92 2 96 98 61 43 31 89 5 1 94 50 32 45 94 90 80 58 8 61 65 3 43 65 6 27 22 21 50 65 45 96 40 12 32 66 45 89 85 48 2 26 96 23 41 61 79 19 91 86 31 9 57 89 60 27 27 20 3 22 20 75 78 12 68 60 76 8 22 41 55 23 6 12 18 75 86 54 39 37 79 59 53 19 18 46 77 8 55 72 86 23 71 61 74 10 37 93 83 47 78 40 14 12 41 45 54 56 43 88 45 81 55 70 59 58 46 48 95 8 46 31 41 33 4 4 80 77 75 80 69 25 15 97 16 84 98 37 92 28 44 30 49 21 1 99 63 8 51 50 84 27 28 42 6 75 78 91 84 1 18 12 47 65 58 33 59 
36 74 25 42 9 36 25 15 58 67 85 44 32 69 38 35 97 33 69 41 52 0 55 90 98 65 10 24 71 50 7 87 98 1 72 18 26 57 20 84 97 74 89 35 10 54 77 77 46 28 68 68 54 1 0 79 88 58 46 0 63 89 24 50 68 83 28 56 90 61 8 75 68 14 66 6 70 12 74 88 38 82 17 9 84 30 1 74 19 3 19 39 13 57 56 82 8 24 34 54 31 25 20 52 73 78 93 80 56 69 74 23 1 39 23 75 58 55 11 80 7 81 17 66 69 91 22 95 12 99 56 74 92 45 29 91 43 99 69 82 28 39 96 78 95 39 12 7 80 0 89 44 33 39 21 32 35 15 42 75 7 21 86 39 97 1 79 13 74 78 55 94 95 18 1 34 48 30 4 76 98 36 36 26 11 63 35 85 59 69 50 56 17 70 35 98 22 96 25 50 61 81 98 26 79 64 57 78 17 95 40 46 12 97 23 62 86 8 86 2 42 17 15 81 2 66 44 61 55 83 60 76 70 49 71 54 89 12 3 79 92 20 20 41 2 93 99 37 71 97 27 50 94 6 84 43 17 61 5 71 4 6 51 81 92 25 74 77 46 21 91 11 31 27 3 50 0 93 20 42 40 91 97 98 49 73 75 41 20 14 5 93 89 25 43 32 55 23 90 91 52 4 42 36 88 77 34 20 50 85 45 17 71 22 65 68 17 6 80 19 31 87 20 25 15 20 47 38 83 89 0 52 65 25 88 18 85 97 53 64 48 44 46 79 70 21 87 86 60 81 68 1 4 74 52 90 32 27 24 89 0 76 39 81 51 4 64 71 40 21 54 16 71 96 33 55 47 30 10 32 20 58 79 92 92 44 22 8 77 97 1 87 31 8 0 88 96 8 83 21 
75 15 92 46 77 55 55 53 73 51 39 16 59 84 96 3 11 32 49 92 99 71 51 8 98 9 98 52 99 67 29 67 5 52 9 14 44 54 71 89 20 97 69 12 16 60 71 59 49 80 66 17 32 77 86 79 86 38 42 74 75 87 29 94 14 40 6 42 58 13 46 28 91 12 21 19 14 43 6 62 87 30 76 87 58 95 57 64 20 28 96 52 58 1 83 57 86 23 74 80 29 40 87 42 92 48 2 2 95 70 67 62 39 28 61 67 40 88 89 79 14 15 15 13 27 93 64 60 33 17 30 76 43 26 40 49 22 88 81 48 46 4 66 83 87 24 65 16 57 14 85 81 90 67 80 10 46 98 20 51 71 37 13 68 6 84 57 15 49 90 49 9 3 56 20 63 77 34 25 54 39 7 50 73 30 60 58 58 91 74 74 59 44 72 84 58 5 47 68 47 41 12 87 65 54 93 56 84 55 52 33 98 97 96 67 35 16 38 78 69 58 31 87 19 64 78 66 77 40 32 74 65 95 83 3 25 99 36 7 73 0 64 4 58 91 25 25 60 99 12 23 79 55 30 62 48 43 83 36 50 95 14 49 34 77 67 24 56 91 57 45 35 51 4 43 41 61 26 52 18 22 67 2 57 42 23 76 40 89 83 98 28 6 84 13 29 48 67 39 23 28 16 17 53 54 66 49 12 67 18 51 92 67 23 83 30 60 77 81 1 79 77 7 27 85 85 54 39 73 21 91 52 91 24 80 87 16 87 43 33 81 38 67 7 81 36 85 55 63 82 68 47 51 3 15 87 0 82 35 62 78 35 49 29 81 47 93 46 45 70 37 95 27 78 51 69 4 98 56 82 93 80 69 41 47 31 64 81 63 95 96 76 24 54 72 70 8 3 93 44 
77 57 66 14 41 50 28 25 48 72 69 57 68 32 58 55 37 6 48 40 2 60 82 37 72 94 9 49 1 65 24 80 20 90 22 71 11 50 97 40 89 91 84 88 61 54 12 41 27 71 91 57 98 69 13 75 77 2 99 40 41 25 69 59 42 18 58 73 74 30 31 16 67 24 52 41 89 14 22 27 51 44 6 54 41 97 48 72 30 36 76 43 19 59 52 67 47 25 46 89 12 25 77 8 22 40 18 50 87 32 46 90 15 75 60 13 44 9 88 15 57 82 57 16 10 66 38 67 4 31 17 81 95 60 56 73 59 50 14 70 38 51 88 14 50 53 82 82 96 90 8 73 9 69 92 49 40 63 99 99 79 23 96 43 37 79 64 21 84 65 31 90 76 96 25 97 92 70 56 95 39 73 57 25 42 93 13 62 16 54 50 52 5 31 95 95 4 10 36 35 98 32 49 57 48 83 4 13 37 86 89 90 95 17 22 95 76 86 83 61 94 31 76 57 15 49 81 83 10 4 81 47 74 4 9 79 86 12 19 17 53 33 14 95 3 65 68 20 27 83 83 92 46 2 5 86 71 42 18 53 53 31 82 30 42 33 39 61 34 2 31 74 68 10 86 32 50 44 67 10 83 94 57 86 24 98 4 32 71 82 23 40 8 45 32 71 40 11 90 1 20 95 15 58 46 22 86 87 6 39 94 60 24 89 68 8 32 37 17 22 77 72 4 77 39 23 26 66 99 29 43 30 24 81 12 60 15 77 18 7 90 50 2 71 34 17 40 80 22 53 25 68 83 22 28 27 53 93 5 92 82 89 97 97 2 77 81 9 67 51 9 1 70 1 82 93 93 26 50 24 62 71 20 27 16 42 84 42 12 71 81 67 55 53 77 56 66 79 12 19 
30 24 11 36 62 99 35 85 81 99 6 20 0 31 97 30 36 81 87 7 55 56 73 26 81 26 67 18 73 7 5 77 97 79 33 44 98 74 68 15 11 26 99 43 69 64 29 21 31 59 6 0 6 73 78 78 88 48 70 87 61 0 5 51 22 69 43 85 26 72 94 36 61 97 14 29 83 52 27 56 61 28 5 95 38 30 59 77 36 94 18 0 19 51 92 86 63 83 96 12 10 94 37 7 9 41 95 78 39 29 44 72 14 11 35 60 5 19 29 22 85 78 32 84 20 5 89 5 42 46 41 72 62 64 56 32 61 86 41 15 50 84 39 80 78 5 40 90 76 88 35 26 95 46 92 31 14 91 93 8 81 89 81 46 11 85 55 96 27 36 40 95 74 93 13 69 73 7 85 41 39 73 66 76 22 87 29 26 7 64 75 44 98 43 49 68 99 55 11 94 82 58 9 2 25 83 74 42 19 14 30 69 95 25 53 8 90 21 40 16 82 27 12 68 47 75 61 72 19 52 76 30 97 93 84 45 26 68 37 79 0 1 22 19 94 85 69 98 56 72 73 41 6 3 23 84 11 26 28 22 48 77 6 25 10 53 28 30 52 50 23 4 69 3 66 66 2 81 90 39 38 3 3 74 61 5 69 4 74 68 50 36 8 82 99 5 28 82 94 60 29 82 63 54 40 99 25 46 1 25 35 30 25 12 58 42 78 97 82 89 84 81 21 68 73 75 98 81 83 32 57 60 60 72 26 44 62 34 88 60 89 16 65 19 70 33 31 41 73 27 1 75 57 12 54 62 30 15 45 34 47 19 86 56 69 80 91 98 84 92 63 31 77 76 79 99 55 3 66 23 6 35 43 76 73 11 56 92 50 47 28 98 20 34 4 31 24 85 75 21 
16 57 85 15 28 75 18 69 66 29 98 5 57 40 95 86 12 0 56 28 55 72 45 80 34 2 60 66 13 89 38 96 40 53 47 60 88 74 29 77 85 57 24 62 54 23 86 76 50 68 77 97 12 40 93 1 89 19 94 68 4 10 11 15 99 35 64 11 48 49 69 52 94 97 59 3 37 44 19 94 99 43 61 92 5 91 18 23 81 49 69 5 81 21 35 51 68 68 9 8 52 68 2 61 40 3 12 90 34 87 39 37 3 53 44 0 34 83 0 24 43 27 70 77 45 81 89 87 93 84 81 81 88 14 27 20 35 25 51 54 86 88 61 40 35 33 20 33 83 62 99 92 69 59 76 41 42 4 97 15 45 15 65 28 32 92 25 21 59 19 95 84 47 34 46 24 69 52 2 67 80 57 10 57 53 51 56 84 37 20 53 11 0 1 8 4 40 94 11 5 88 15 92 30 58 3 26 47 47 82 0 75 9 88 73 65 57 16 1 22 79 83 59 24 62 14 79 61 48 32 46 87 98 72 16 39 40 21 72 19 39 67 78 20 63 59 65 72 71 66 60 64 94 63 91 85 3 33 38 12 45 2 61 28 33 89 24 51 27 5 65 55 83 51 24 62 88 94 74 8 89 53 9 81 28 52 34 99 27 71 0 96 65 56 97 67 33 35 39 67 41 54 24 20 82 50 49 58 9 68 91 87 33 96 43 73 7 96 80 85 70 12 42 50 93 29 65 20 38 50 66 86 49 26 14 53 71 15 57 55 39 15 53 33 94 20 50 69 41 57 92 7 1 76 59 4 98 46 22 83 20 73 76 64 66 59 34 42 20 35 9 34 0 17 31 44 91 50 12 88 21 21 75 5 86 86 76 84 94 51 96 65 84 86 91 89 94 83 29 16 
60 2 21 97 34 74 10 2 82 83 26 82 87 26 44 0 58 36 4 42 15 72 22 81 32 67 91 42 48 76 47 50 59 44 68 14 95 48 45 62 50 86 91 63 95 93 52 23 50 20 80 60 40 92 9 63 2 69 49 98 56 6 11 32 13 56 83 12 25 78 33 29 15 94 21 72 49 1 26 82 92 39 0 48 64 17 8 52 60 44 29 62 98 27 22 26 86 76 21 84 43 95 10 14 61 78 56 76 5 48 67 66 14 60 79 9 69 65 76 67 8 52 82 65 70 45 15 77 74 38 95 13 84 80 87 9 4 83 97 72 31 80 19 6 79 25 94 12 14 81 44 4 44 85 53 3 48 22 39 36 5 83 44 47 70 69 17 18 60 53 0 51 79 70 29 46 78 41 44 80 75 61 53 8 34 38 9 28 60 0 77 72 75 23 61 59 0 86 59 22 78 36 44 97 17 74 21 6 9 51 18 5 12 85 79 98 9 48 75 93 46 16 58 27 41 69 66 52 90 70 10 48 68 84 97 26 61 32 60 23 27 40 31 35 33 88 77 38 97 51 35 41 99 85 50 91 29 39 66 58 40 51 13 32 11 52 57 47 75 76 50 5 92 56 88 83 26 59 7 72 25 51 60 45 57 17 60 32 96 19 30 69 30 75 49 59 20 97 73 95 76 53 3 74 28 22 48 56 99 6 39 89 91 92 46 39 9 66 4 92 99 30 45 38 92 79 38 52 69 47 56 70 58 32 37 0 55 96 0 87 4 57 78 88 54 53 51 53 28 81 71 97 92 0 28 48 71 83 43 19 36 66 36 65 3 1 47 94 97 4 52 39 81 60 43 14 71 15 16 79 64 26 93 47 97 57 50 75 61 26 32 45 27 22 5 67 1 36 67 81 
6 11 71 4 15 47 88 22 32 66 12 31 55 85 5 56 1 32 8 92 7 6 18 21 84 18 44 92 66 97 1 95 2 49 82 98 40 73 77 12 30 94 64 59 51 29 52 46 55 95 85 30 34 65 49 55 46 60 25 53 89 99 35 82 37 90 64 6 74 11 83 96 85 23 23 38 54 84 22 57 45 84 94 18 84 40 84 32 85 26 7 21 77 12 22 2 96 6 26 99 15 21 50 67 85 81 95 5 79 60 38 31 86 72 67 78 47 51 88 47 5 61 79 96 88 86 61 58 93 40 95 49 13 51 61 56 19 99 12 23 90 86 0 30 94 7 31 28 97 2 1 8 41 48 16 7 29 61 85 62 77 5 92 21 30 32 13 79 37 78 64 84 67 14 49 89 85 32 67 79 88 20 34 67 31 41 87 76 20 3 41 74 29 49 29 6 48 18 37 25 25 58 60 45 74 47 1 25 71 69 14 40 59 18 43 21 6 26 80 58 65 87 79 67 63 60 5 28 62 15 74 65 65 43 6 84 23 43 43 96 32 36 69 78 62 97 21 77 3 32 46 94 52 48 59 19 57 57 12 99 48 80 71 79 75 12 62 16 74 76 4 41 80 58 52 89 32 39 72 92 16 87 57 98 13 71 46 61 22 70 68 0 33 61 53 28 70 79 80 42 3 11 87 41 59 27 42 66 87 84 3 92 46 87 42 1 68 64 80 62 2 89 10 34 27 22 48 79 62 58 98 32 2 96 37 58 78 6 7 27 94 58 31 24 89 4 21 35 82 19 76 72 4 15 73 70 53 14 59 48 98 38 19 45 11 66 70 63 43 65 72 87 69 71 12 41 74 5 73 93 37 47 55 54 38 48 7 67 19 42 62 95 24 7 97 37 23 47 45 8 
99 2 21 55 8 56 45 41 95 67 67 94 98 50 44 13 11 28 24 49 14 98 43 61 83 92 13 29 40 77 26 54 83 26 61 1 28 97 66 35 14 34 58 55 46 10 80 0 27 26 29 68 8 94 27 25 19 23 38 96 84 53 23 40 1 45 57 24 87 66 56 79 21 54 67 50 7 32 75 43 26 56 14 37 54 26 81 84 40 30 32 14 93 23 45 86 91 39 28 16 66 51 35 38 10 43 98 85 27 44 8 50 76 28 62 63 24 78 75 9 86 82 17 52 17 55 15 53 56 23 23 2 58 31 26 58 35 88 82 60 0 22 7 6 50 95 82 14 35 21 25 84 34 87 99 5 26 5 94 16 31 15 78 29 73 4 34 98 22 15 40 33 68 29 1 74 46 76 37 55 53 12 52 37 18 85 14 33 2 12 17 27 18 69 16 41 0 84 30 87 58 46 51 30 22 86 66 31 33 29 16 77 96 27 16 77 79 19 83 89 12 37 94 50 16 78 57 47 84 43 99 75 31 14 20 66 2 93 45 59 44 12 66 0 26 62 88 87 54 39 58 52 4 28 41 94 57 70 11 10 44 3 28 17 93 18 2 54 31 78 59 92 9 54 24 73 61 68 9 31 9 95 74 34 42 85 16 46 41 40 7 62 87 75 14 18 96 60 86 33 47 49 4 6 61 23 50 71 28 15 98 18 82 76 27 71 70 95 48 71 64 26 36 60 67 86 29 89 24 78 43 39 5 69 78 87 97 87 95 66 6 57 76 31 39 37 7 96 52 32 11 12 54 62 43 55 19 21 16 22 61 18 6 32 41 56 60 69 44 50 35 23 57 3 10 70 46 8 87 68 64 54 49 21 7 57 35 59 31 80 60 53 55 54 31 41 40 44 96 60 
97 23 35 37 56 49 5 76 34 83 70 44 66 42 18 34 51 87 70 81 35 87 52 99 54 70 65 49 68 58 79 82 82 16 87 96 63 11 41 4 66 63 82 39 34 28 8 60 79 31 68 91 15 81 29 51 39 84 77 37 42 74 72 69 26 11 3 16 86 56 37 50 8 52 3 65 24 32 22 22 13 75 39 20 71 60 94 13 88 18 94 79 94 19 12 32 85 92 21 78 13 73 85 27 19 22 74 62 45 25 34 52 14 69 80 25 83 70 96 2 78 30 37 81 73 11 10 28 51 81 36 85 52 70 91 53 95 17 59 63 83 0 61 31 3 70 17 96 47 80 90 45 22 78 45 75 73 16 55 56 12 37 34 42 23 75 92 31 60 80 77 99 44 2 58 14 2 38 30 80 11 10 6 46 94 62 87 19 76 91 38 96 56 51 92 7 63 68 7 70 42 97 41 58 46 29 54 69 33 33 59 53 67 67 77 90 68 16 51 35 40 44 60 72 39 88 9 43 26 17 90 60 97 50 86 61 27 33 88 9 15 22 31 56 96 81 49 36 87 43 52 39 11 34 61 85 77 48 9 31 77 41 73 68 81 96 5 55 37 84 5 25 99 7 66 52 20 62 6 60 54 50 62 41 79 79 24 82 90 35 42 53 37 49 61 38 19 58 81 12 10 8 88 53 39 26 41 37 17 79 71 11 43 46 74 15 54 45 38 87 63 88 46 52 36 33 30 63 97 2 55 4 29 14 66 74 50 52 92 68 9 52 9 52 25 79 44 28 27 85 98 5 10 85 17 96 92 73 35 42 0 54 59 96 58 34 71 79 48 32 74 28 70 53 96 91 68 97 47 73 34 75 9 83 80 4 8 18 32 68 33 55 85 19 80 80 45 52 10 4 
81 12 4 29 86 9 75 80 40 51 16 77 67 7 14 46 90 94 62 8 71 72 91 95 98 65 30 74 18 4 95 65 29 10 53 44 31 97 66 48 45 34 11 88 94 28 98 64 83 75 84 93 71 91 18 97 61 68 15 32 89 13 20 55 72 16 54 76 24 54 34 38 79 71 11 87 35 4 21 55 38 2 62 82 75 82 61 41 21 4 92 93 86 88 42 45 54 48 58 21 33 62 11 71 10 20 56 48 58 89 14 42 69 33 15 57 11 93 9 88 25 20 16 65 17 61 68 52 87 70 78 72 42 93 72 10 3 49 12 41 15 56 17 2 83 98 48 21 55 88 58 73 55 33 25 81 10 80 72 2 12 44 50 11 19 41 70 63 52 28 60 30 6 96 12 46 23 26 24 43 95 50 11 44 58 95 87 68 37 81 6 1 71 5 97 57 44 48 93 86 54 91 50 74 12 23 52 6 63 21 32 50 7 88 12 30 78 30 23 51 23 19 95 33 5 20 72 15 17 47 71 12 38 16 14 25 63 35 68 19 46 19 84 30 47 90 47 33 59 98 49 76 38 4 39 92 23 62 78 91 18 90 11 84 62 77 80 99 40 18 94 3 8 27 15 3 51 68 5 40 45 26 68 61 3 62 9 52 91 75 16 84 75 13 91 90 88 91 95 73 40 42 6 21 89 90 17 82 7 86 89 40 76 15 41 78 91 78 54 65 19 71 41 18 0 76 64 99 38 41 99 18 6 67 21 46 57 56 76 74 52 96 1 43 28 33 19 61 85 84 25 93 42 97 30 86 54 86 21 86 38 81 57 66 29 3 99 64 85 41 65 47 36 33 57 32 41 52 15 8 52 35 19 10 59 6 86 67 11 9 67 43 43 33 25 78 23 17 3 38 
39 65 83 66 93 22 78 67 87 80 92 11 46 40 3 36 76 87 70 73 33 27 5 2 9 58 46 76 43 56 5 8 52 52 15 22 73 7 92 57 71 28 43 20 30 60 54 1 56 62 34 77 22 44 88 12 87 52 57 47 28 93 87 63 93 93 80 35 74 48 34 53 95 46 16 21 52 41 56 47 67 95 85 14 40 50 3 29 35 15 85 32 4 20 67 66 92 53 44 54 42 64 81 83 97 16 14 53 75 15 64 93 5 16 88 44 54 88 47 87 0 50 47 73 42 76 73 25 47 96 35 54 43 25 84 92 75 27 1 89 49 40 11 40 2 59 66 60 87 53 24 36 2 95 50 37 94 63 6 29 20 26 38 7 88 85 32 63 99 35 31 60 33 86 68 94 54 61 32 77 9 62 45 31 25 92 27 57 64 27 41 77 9 47 29 78 69 53 56 28 67 67 45 26 4 47 48 14 21 31 90 11 39 15 27 44 50 86 66 20 36 73 64 77 4 34 71 62 97 25 97 28 45 89 82 75 56 69 70 29 31 10 35 2 9 4 65 56 23 61 14 46 47 89 28 86 71 68 25 47 66 17 67 86 96 31 96 60 30 85 95 17 77 45 51 87 71 68 56 26 93 0 76 51 43 87 31 3 97 61 34 49 15 96 17 30 16 66 71 56 50 46 22 1 17 86 83 29 57 69 75 59 73 25 43 76 57 27 13 40 10 33 39 49 68 83 43 73 1 98 80 3 57 94 28 81 76 87 95 89 15 57 3 69 5 26 36 24 5 24 17 85 98 4 68 50 66 22 47 2 43 2 19 70 5 19 29 70 43 70 78 86 41 97 27 18 34 32 30 59 16 47 96 7 17 97 4 57 59 5 2 17 38 28 11 52 99 66 12 55 
72 60 81 68 47 45 45 78 69 7 90 78 68 52 78 17 23 10 91 28 88 48 59 94 10 54 65 5 60 67 10 40 53 52 7 79 30 8 90 31 53 50 8 32 23 15 94 40 36 69 98 25 37 83 40 58 83 1 84 50 22 74 58 70 5 80 85 92 32 80 40 7 89 67 63 5 92 28 20 11 8 43 81 32 43 97 41 8 13 25 29 66 39 90 1 4 79 78 71 6 46 75 47 45 55 96 27 42 98 6 38 42 91 68 55 27 20 99 35 56 24 82 47 93 74 9 59 42 61 51 4 81 81 26 34 62 86 82 30 82 19 19 69 93 70 51 93 88 70 81 34 27 37 67 15 4 79 5 91 32 34 7 88 74 59 53 66 21 54 69 89 89 10 17 43 65 59 69 23 19 39 23 21 20 70 13 29 94 17 11 61 67 46 58 13 68 22 96 51 30 27 9 15 95 43 45 32 41 76 67 0 82 93 24 57 84 44 21 44 23 70 43 46 50 13 52 28 43 57 46 0 74 9 53 10 89 42 58 12 45 99 95 32 39 79 6 9 41 44 92 9 79 33 36 94 62 15 4 40 72 67 52 33 15 0 91 62 22 75 42 34 82 10 37 24 10 56 71 50 97 53 37 55 79 86 52 24 30 64 3 79 90 42 11 79 64 32 81 88 75 30 91 90 35 19 51 32 77 70 80 63 63 86 99 15 30 21 61 33 26 40 5 29 93 81 77 42 6 5 52 28 87 7 30 13 28 72 27 39 50 16 13 69 32 93 89 68 73 15 64 92 30 83 6 39 41 36 18 93 39 51 36 9 62 26 95 11 70 12 95 86 36 66 66 32 43 21 60 27 7 26 9 10 71 74 66 41 51 7 64 85 74 98 0 87 64 83 46 63 39 
15 17 36 36 80 58 87 8 14 96 55 60 95 63 71 88 51 20 62 6 42 57 41 63 43 18 40 18 30 62 58 2 20 30 10 8 30 62 10 24 19 89 9 88 46 52 34 65 23 38 18 15 73 62 90 7 80 28 33 43 32 9 91 28 37 5 19 47 40 34 23 58 14 31 69 76 52 14 63 63 63 58 51 13 48 99 40 81 71 43 29 23 31 73 63 35 37 16 69 66 46 54 47 30 74 17 6 3 31 14 99 89 9 89 90 0 28 36 34 41 38 43 42 67 93 23 54 86 92 73 81 79 37 18 85 32 75 13 81 41 89 32 90 27 67 10 58 36 91 33 93 56 43 11 12 46 28 87 43 54 71 57 41 29 15 10 7 5 26 21 81 95 76 72 88 74 4 71 33 10 30 97 76 1 9 37 36 92 30 41 90 25 44 84 25 16 97 33 93 64 97 46 47 28 62 18 87 37 91 90 51 69 58 30 16 68 23 75 38 2 74 84 28 30 80 42 96 37 84 12 0 74 29 63 46 96 30 13 58 36 62 20 41 61 61 78 56 90 43 18 61 95 83 65 61 74 79 54 43 19 26 23 56 5 26 50 3 20 12 18 75 0 16 21 51 23 85 45 45 13 88 30 74 23 35 24 36 79 42 46 45 14 89 30 60 11 93 89 98 14 23 13 22 40 21 89 24 90 16 21 70 28 78 11 4 31 49 49 6 76 31 80 7 71 84 48 25 88 96 65 38 57 61 98 24 40 5 52 25 90 60 85 64 4 65 97 4 25 65 52 98 5 80 57 89 65 10 47 66 10 73 30 84 82 37 29 77 32 36 77 77 48 40 28 95 55 33 59 78 8 3 96 81 91 83 45 42 0 77 17 8 63 22 76 55 23 47 9 20 61 
6 37 93 15 55 35 74 4 66 6 61 9 31 31 31 29 38 47 7 45 48 99 82 47 77 30 64 75 35 99 66 14 11 72 76 3 27 42 22 24 44 18 5 86 37 59 63 31 3 77 51 22 99 21 93 32 37 22 10 91 62 47 66 56 79 58 55 20 55 37 94 93 51 75 27 90 53 69 34 17 40 9 99 26 54 35 89 44 29 18 18 89 66 85 17 65 3 43 50 39 91 95 59 73 32 96 63 69 64 73 75 56 76 92 94 2 89 72 53 78 19 23 39 47 8 97 51 63 41 74 68 87 99 46 24 0 33 71 72 0 0 98 23 92 99 46 77 64 92 89 81 47 2 41 10 37 92 90 43 18 83 72 42 25 27 68 2 24 32 22 7 86 42 26 89 79 1 23 75 51 71 94 43 2 38 83 31 93 11 90 42 40 19 94 63 40 39 30 48 71 71 10 11 24 87 27 62 87 70 14 41 31 14 47 76 79 87 95 53 13 31 7 71 87 71 97 12 12 16 88 59 49 96 67 49 8 81 54 65 59 62 48 19 1 89 64 67 86 73 23 89 53 42 74 94 27 93 80 28 21 48 81 3 4 45 25 45 92 86 51 35 87 97 22 40 52 85 77 2 16 56 56 74 63 10 42 81 38 7 38 72 36 16 39 91 34 60 23 78 28 76 77 44 40 95 34 97 1 0 41 81 0 25 14 69 93 57 49 10 46 95 74 63 24 45 4 40 11 48 66 89 22 13 14 75 65 41 56 37 62 19 61 73 51 34 57 90 83 46 53 33 86 11 61 15 13 41 81 73 85 12 66 5 84 4 64 49 51 49 94 1 45 11 33 58 91 40 44 7 3 28 63 43 39 70 39 57 60 66 54 23 54 90 35 79 13 5 80 97 36 
40 58 48 54 55 69 87 58 28 9 91 83 1 79 40 64 56 52 51 48 54 63 98 57 53 21 54 38 55 2 88 2 59 93 35 51 14 68 53 64 52 50 60 18 80 17 63 29 49 16 77 21 99 67 9 47 69 12 31 82 44 58 33 73 56 83 38 30 38 84 23 31 62 72 27 61 25 81 28 51 29 14 42 56 68 48 8 87 38 63 33 29 43 27 17 87 9 12 24 46 18 55 38 97 8 51 63 27 16 58 57 20 76 99 75 52 49 68 60 53 60 99 77 59 36 11 0 26 64 72 54 48 1 74 13 78 8 62 61 92 81 61 11 78 2 31 32 5 9 16 65 29 68 16 35 13 60 60 13 18 99 50 75 79 13 53 69 28 40 86 4 96 28 18 61 73 84 34 88 75 2 27 98 84 92 46 70 62 97 15 96 65 57 79 27 79 29 56 2 89 90 40 37 40 50 13 17 32 64 40 79 15 91 63 44 57 29 89 35 35 48 35 31 53 14 88 8 81 41 70 83 40 33 10 24 51 53 14 63 59 51 12 66 72 28 66 90 36 7 84 41 90 29 66 71 9 9 78 40 79 21 32 88 10 49 52 52 17 62 44 24 38 86 23 97 87 77 69 69 22 91 40 57 49 37 6 47 6 52 88 99 32 26 66 71 34 82 92 5 91 82 45 32 34 7 45 47 99 51 24 21 58 3 33 42 28 50 9 25 95 82 93 90 21 94 52 53 96 76 61 52 52 99 11 26 50 56 86 45 40 44 67 21 32 73 11 77 65 34 45 49 4 35 68 5 96 10 86 37 24 71 54 89 73 19 91 55 6 67 26 82 34 69 90 90 77 23 90 38 70 63 38 4 73 16 62 59 28 78 52 93 59 43 44 67 88 92 53 70 63 
78 81 67 6 55 68 55 72 79 25 88 75 67 2 82 23 27 91 97 53 51 53 69 48 64 67 95 31 88 52 68 64 92 66 40 71 8 67 16 73 28 74 47 38 52 32 78 49 37 75 46 4 27 14 54 56 75 30 9 89 22 61 16 61 8 6 92 5 21 37 83 49 94 27 96 17 12 15 32 60 46 37 31 36 24 11 8 21 78 83 96 19 61 45 91 82 96 57 40 17 35 79 70 11 97 49 3 27 86 52 26 6 55 71 31 37 4 40 34 29 10 36 40 68 19 46 77 72 19 83 27 74 73 84 65 83 88 39 95 17 30 35 77 21 26 39 15 56 85 52 41 76 76 74 78 76 95 32 29 50 9 11 85 68 6 30 65 1 21 67 89 90 16 75 48 81 61 6 79 36 62 49 80 4 42 53 74 84 65 93 80 49 62 79 36 60 88 11 42 46 80 71 61 50 64 2 73 72 86 76 6 13 78 53 40 31 42 29 79 54 61 99 1 44 10 89 26 33 90 76 39 41 15 60 6 58 78 30 28 60 99 88 4 87 63 73 88 57 43 62 6 48 91 80 37 55 13 14 27 35 96 61 40 59 7 14 48 72 42 32 94 88 59 16 75 19 92 5 61 88 40 83 54 90 15 78 75 82 64 66 0 38 42 54 75 10 4 13 69 46 56 96 31 45 93 38 40 65 93 65 7 78 35 25 16 27 10 62 76 70 57 57 97 47 75 98 6 25 54 77 70 60 72 98 66 30 27 3 14 39 38 52 77 94 87 24 40 71 98 15 7 74 49 70 25 93 98 87 41 73 2 25 13 89 87 34 72 55 20 63 67 23 51 23 99 13 60 88 33 62 20 47 9 94 33 58 52 1 88 3 61 68 58 82 82 69 15 51 60 77 
28 37 27 88 4 86 43 54 46 25 91 1 65 12 66 43 31 77 4 26 78 47 21 73 68 44 21 0 54 86 51 95 39 19 15 34 53 1 46 17 41 14 3 51 3 91 33 44 97 87 58 80 80 7 50 24 38 75 61 75 82 27 37 21 9 99 39 94 67 84 63 46 1 4 13 0 88 16 39 29 53 84 21 43 54 22 52 74 46 7 26 49 61 50 17 79 58 78 34 23 32 67 12 66 18 48 56 37 22 3 23 15 53 63 55 20 13 54 34 49 30 11 65 70 65 15 67 74 6 88 57 74 17 37 25 76 16 99 93 5 91 59 62 89 80 30 80 74 15 17 49 24 32 61 14 83 56 37 68 49 38 65 55 25 39 3 75 21 15 52 72 48 26 74 75 23 21 55 5 37 34 44 88 80 55 67 68 58 9 50 44 96 36 17 69 22 96 89 38 91 40 66 68 3 10 58 55 30 26 79 66 62 60 87 48 83 71 74 48 34 11 40 22 20 85 51 26 33 38 11 33 56 73 72 45 33 77 76 2 1 42 14 86 0 3 22 5 72 48 65 97 68 72 16 75 0 34 16 15 88 96 32 21 60 72 39 92 30 38 44 23 40 53 39 82 31 13 4 2 68 22 62 48 86 43 5 79 96 61 60 11 81 81 42 1 29 83 39 89 82 25 33 99 95 3 8 25 96 32 51 27 98 93 83 92 39 32 53 17 45 16 35 52 67 23 43 82 33 92 76 71 74 46 1 17 27 40 39 12 93 11 25 41 38 97 57 46 72 55 26 17 30 41 97 27 63 33 96 75 84 49 29 99 45 65 54 42 7 76 57 30 57 86 79 48 8 30 12 14 28 16 45 44 43 82 37 86 44 71 13 73 76 68 12 24 4 90 25 9 16 
20 22 92 41 41 52 87 41 24 12 59 75 64 82 38 57 50 52 69 82 45 26 36 79 64 7 55 49 81 62 27 48 82 29 66 35 8 2 11 12 76 93 70 77 1 97 14 87 85 38 8 77 79 18 35 40 49 67 24 42 11 1 84 77 3 80 43 18 71 75 7 73 48 58 22 27 72 34 25 29 31 31 21 94 81 30 14 88 67 84 54 39 2 97 35 19 92 77 8 67 94 68 8 61 1 16 84 44 46 60 66 56 91 35 23 52 39 86 91 94 30 81 57 91 27 59 12 36 87 25 32 16 25 65 18 15 96 80 83 76 65 92 42 50 7 25 48 72 25 62 55 6 82 56 7 10 75 83 56 34 62 68 16 36 24 6 16 27 91 59 0 36 26 38 60 41 19 43 88 97 59 58 77 53 63 7 29 4 48 49 47 33 19 18 11 48 71 79 55 62 12 8 43 59 10 54 73 5 93 39 29 71 78 90 59 5 49 35 78 74 0 61 72 59 96 22 34 42 59 63 62 99 50 13 43 77 40 52 37 25 66 26 44 26 32 93 49 16 12 48 27 50 30 71 60 22 28 2 85 37 30 88 69 26 92 96 52 87 59 95 83 97 42 27 64 63 54 28 4 14 24 86 79 59 89 54 11 41 82 8 91 73 78 36 86 80 28 51 20 44 93 68 52 97 53 32 78 5 97 35 16 38 26 60 56 86 43 39 36 13 60 69 68 27 41 80 95 40 13 75 12 96 49 43 55 78 0 99 1 4 56 46 20 40 84 52 6 45 7 38 83 81 61 45 61 30 77 39 84 94 99 0 91 91 15 44 81 71 13 26 67 45 46 76 28 16 35 12 2 79 45 19 45 29 81 31 34 78 57 59 50 78 70 61 39 34 63 79 89 84 
58 11 36 35 97 95 22 75 16 29 72 93 69 2 18 90 84 33 42 96 68 34 65 9 78 99 96 28 13 80 80 74 29 54 29 78 88 25 28 68 58 26 3 18 7 26 41 74 34 17 66 66 80 49 4 42 39 23 31 2 69 62 66 36 24 65 54 74 78 43 74 27 28 97 40 82 71 52 27 35 91 24 10 39 12 36 19 82 69 43 64 47 83 30 26 82 70 50 42 84 13 9 69 60 24 72 82 73 53 60 95 41 84 66 33 20 32 87 40 76 17 75 74 15 87 4 85 1 26 55 50 31 16 7 57 56 45 85 22 40 61 14 38 67 71 22 23 79 24 41 60 16 93 5 65 54 33 96 74 24 86 94 93 96 63 36 57 79 50 38 8 62 56 70 92 1 77 42 21 47 84 96 58 42 46 51 67 5 86 33 29 31 73 52 40 26 10 53 65 71 37 71 47 80 72 95 64 79 95 12 95 17 96 30 12 67 53 43 61 7 92 33 64 10 11 16 23 93 98 66 14 22 33 94 3 92 2 19 2 46 11 21 0 75 56 80 78 54 88 3 94 56 16 94 65 30 56 12 57 65 77 35 80 31 98 53 30 96 83 52 64 57 51 61 85 3 8 66 17 39 65 31 28 81 3 41 56 2 28 98 86 39 88 8 47 75 24 62 37 48 1 59 79 48 65 96 53 81 85 95 1 75 22 29 87 1 79 82 6 51 83 7 79 70 15 53 2 76 68 75 31 34 58 91 86 32 75 57 37 76 25 61 37 21 69 32 88 32 90 76 23 44 73 39 92 14 95 21 9 36 20 13 34 0 41 54 26 32 68 46 53 56 57 46 10 17 9 79 67 87 95 73 54 61 83 62 40 48 42 89 73 35 1 99 30 21 45 38 22 84 
59 33 12 49 22 47 79 15 82 15 51 37 33 7 56 62 63 51 96 83 58 49 6 60 35 31 60 2 92 20 64 68 34 95 15 12 78 20 41 44 91 52 97 50 30 31 24 48 62 16 88 87 57 81 27 47 7 39 23 6 77 32 52 45 40 75 53 60 63 5 4 12 74 42 44 87 25 53 95 2 65 35 71 93 37 16 60 76 3 24 41 25 80 90 96 50 93 55 42 73 68 25 79 69 66 0 61 70 38 33 80 80 82 25 21 60 77 44 43 72 9 90 91 48 65 30 5 32 5 85 56 91 60 62 54 13 99 20 40 54 41 50 32 23 95 70 39 8 72 67 46 70 39 45 11 21 76 11 73 50 24 87 89 51 29 14 90 87 9 56 60 48 86 74 75 78 82 93 85 22 0 14 85 18 79 65 29 59 41 74 92 8 26 83 29 81 42 34 23 43 93 73 97 30 9 87 8 5 89 88 42 77 88 61 49 8 76 65 61 95 36 83 34 90 92 34 21 39 51 93 28 46 49 2 44 67 26 98 3 9 91 13 15 45 44 40 33 77 9 26 81 67 53 86 42 57 60 3 1 79 88 17 54 39 74 45 25 23 6 30 45 40 64 69 67 94 60 38 43 9 60 36 92 34 33 55 32 12 7 24 60 80 69 16 92 75 97 73 47 91 27 33 18 61 16 56 23 85 8 24 52 94 72 51 80 52 66 10 97 7 42 31 82 19 26 23 39 20 12 93 15 58 90 1 86 41 87 46 91 9 44 27 14 38 57 31 94 6 89 26 37 71 3 65 41 66 71 90 67 20 80 50 52 73 8 24 83 34 49 78 74 15 8 52 21 92 59 71 37 43 59 32 23 11 96 34 66 87 69 85 55 95 94 92 43 10 7 4 88 67 
42 65 0 17 53 34 5 81 18 4 37 67 78 44 68 75 23 86 48 42 62 36 87 11 77 34 60 75 69 33 83 49 34 20 18 58 45 56 4 79 42 30 48 51 32 30 95 96 58 0 65 86 11 82 61 14 88 66 2 67 16 57 24 62 29 92 36 35 5 21 69 37 72 57 76 54 88 9 97 81 0 29 85 67 93 25 38 59 49 42 54 15 62 39 81 40 95 36 17 50 34 54 50 16 46 93 57 4 29 90 9 14 84 62 69 97 66 11 65 51 15 91 31 74 62 30 87 23 1 75 54 26 46 31 44 90 69 82 48 86 57 2 8 28 12 57 37 17 4 13 88 65 6 41 34 60 24 67 93 30 9 0 23 15 75 48 54 10 78 3 65 15 19 91 10 62 47 6 60 58 29 18 63 93 10 92 90 86 36 42 16 25 88 76 95 2 68 89 20 40 75 77 43 67 11 89 6 72 21 11 7 52 47 4 87 4 11 79 16 59 37 31 87 84 35 35 30 93 52 21 96 21 62 24 46 78 13 86 60 22 66 2 97 19 45 33 64 44 93 76 87 79 81 97 4 28 12 13 81 95 41 69 4 72 37 68 28 49 53 20 78 21 10 53 79 48 26 54 37 40 40 25 68 10 40 25 43 23 49 82 56 5 30 41 40 57 2 68 98 7 75 53 37 24 81 2 56 51 76 71 58 61 0 3 15 9 28 16 21 12 5 49 86 85 27 33 81 85 87 22 27 73 7 27 60 32 8 25 89 66 62 36 89 21 21 94 7 63 14 59 62 16 75 27 96 58 92 61 34 10 58 64 69 61 21 79 37 19 13 72 98 67 68 60 91 79 83 81 81 53 82 33 29 37 17 64 33 5 33 24 25 31 10 95 76 22 77 24 4 43 
25 90 58 49 26 37 43 7 99 86 32 85 64 65 27 50 90 12 34 73 6 11 43 57 71 91 53 89 16 72 70 72 1 66 2 73 84 49 23 22 47 67 45 65 73 2 99 80 18 91 94 34 83 67 58 42 1 91 64 0 56 45 83 80 95 89 53 57 38 29 19 15 69 85 95 25 39 49 34 94 21 92 34 56 52 13 78 21 28 45 64 50 71 56 98 61 65 19 60 51 69 33 60 26 75 4 15 23 44 26 24 4 55 77 62 36 85 36 19 71 44 31 62 63 47 37 48 83 29 51 26 99 3 0 50 72 75 91 29 81 10 77 36 98 8 8 77 29 67 67 3 47 5 38 29 24 86 40 0 88 77 51 16 71 17 60 32 80 40 16 16 51 87 26 10 49 64 86 72 23 32 93 97 49 3 86 90 12 6 68 35 38 92 85 82 2 72 91 55 90 77 53 48 39 62 24 95 68 44 15 62 99 97 55 35 57 59 67 96 71 41 79 4 68 26 94 99 85 42 26 46 55 92 11 22 87 78 37 15 80 30 34 84 64 63 13 30 28 27 8 20 69 6 51 0 23 94 86 35 42 85 21 2 1 56 38 90 62 61 87 97 87 39 52 69 54 45 47 1 97 28 42 94 71 1 81 23 98 82 5 51 91 39 12 62 71 69 50 27 25 14 79 14 39 52 18 70 2 38 89 72 8 83 38 73 37 38 53 12 93 1 31 59 79 94 62 7 50 3 30 2 67 61 8 74 60 51 78 99 99 24 26 81 90 6 30 69 53 13 70 16 92 35 15 66 11 53 49 25 68 90 4 7 72 70 88 95 88 82 84 87 69 30 63 66 74 83 58 52 69 38 90 90 88 60 78 37 57 4 71 7 0 30 62 21 20 29 17 72 5 
56 62 63 25 35 60 75 44 97 4 83 96 41 87 63 84 89 44 24 12 46 81 58 67 23 33 16 52 6 84 3 71 52 35 74 46 65 29 97 25 95 78 13 70 98 26 38 65 32 73 6 1 33 50 53 31 65 17 26 71 17 93 61 24 80 30 29 36 95 34 27 20 59 97 84 92 33 55 92 22 66 61 83 79 32 72 73 38 89 45 68 74 31 4 25 14 83 80 55 63 17 94 71 45 68 49 60 25 22 78 8 63 31 75 16 90 23 57 77 40 21 27 20 20 62 29 20 36 33 53 9 88 3 14 70 92 66 22 98 58 54 82 48 4 4 85 21 78 38 38 62 3 23 33 50 61 39 67 5 63 38 52 34 34 78 87 10 34 65 76 14 73 67 44 73 6 87 29 37 80 58 31 0 5 89 44 86 81 79 3 49 46 38 87 35 54 44 86 51 86 41 6 75 84 51 24 25 44 90 84 65 63 77 40 2 34 13 4 75 89 8 9 31 45 5 0 72 90 54 14 89 77 2 46 78 99 40 6 84 34 47 61 57 52 40 25 88 56 17 33 57 88 40 77 32 36 7 72 92 88 80 18 98 46 24 30 42 52 88 90 69 41 64 10 59 1 43 93 52 17 27 50 97 46 97 19 12 4 48 87 4 80 39 69 93 41 79 63 8 41 61 32 77 71 8 49 42 28 27 78 59 41 30 12 51 23 93 30 34 12 96 33 7 96 65 92 60 26 39 20 11 90 45 3 44 11 15 99 64 45 50 94 20 26 17 11 62 76 51 63 39 0 20 30 22 98 40 63 96 42 77 47 8 53 39 0 9 90 48 52 78 54 54 46 49 54 74 79 67 21 11 54 38 25 18 73 96 70 30 78 0 40 27 58 47 76 55 3 56 18 
77 36 91 93 94 21 2 80 88 48 93 36 60 63 52 14 87 91 66 94 81 21 84 48 27 70 99 70 93 80 78 14 65 15 68 90 9 33 8 9 43 54 89 95 8 30 8 44 28 16 92 12 92 59 66 43 11 39 60 72 65 83 39 11 76 56 0 67 85 40 39 52 91 68 98 33 38 55 75 69 35 52 93 64 38 17 68 44 13 53 52 81 99 51 42 84 6 64 64 78 61 27 38 69 48 67 17 47 54 85 29 55 38 2 41 80 49 3 54 79 31 8 17 57 71 45 68 21 16 79 67 34 21 62 89 28 63 63 70 59 76 25 17 45 64 44 74 22 68 45 97 61 31 67 87 88 77 13 68 22 0 77 2 44 64 69 22 46 50 36 36 92 37 63 63 96 73 20 77 45 19 27 44 41 44 95 59 59 89 19 71 64 83 38 89 79 44 19 98 14 90 73 52 55 51 43 1 71 56 47 33 34 78 16 81 51 66 64 44 13 67 15 45 2 25 13 67 67 25 78 96 4 27 28 77 62 87 92 64 82 7 77 80 63 69 65 1 35 25 46 83 90 16 8 97 4 51 88 72 68 21 92 26 65 42 91 32 12 58 96 35 22 81 62 78 11 28 87 6 14 48 17 8 91 26 56 7 15 47 17 62 3 61 62 44 24 41 91 92 73 26 53 96 53 34 61 80 7 79 71 72 87 29 56 38 79 67 5 69 90 39 29 83 55 25 8 79 85 70 92 22 38 5 52 75 58 22 36 30 85 59 68 47 35 60 12 86 10 25 52 44 65 13 15 39 33 9 73 35 33 35 94 14 26 21 69 73 26 97 13 27 32 86 77 53 9 31 37 19 5 38 48 3 21 55 45 27 7 90 83 19 95 46 0 47 89 52 99 30 59 
80 97 96 36 61 85 57 13 99 87 30 7 88 67 55 13 84 85 66 79 26 52 52 11 6 51 93 4 24 56 29 4 53 55 52 10 37 33 93 23 20 86 70 28 77 63 91 77 52 8 33 77 59 13 89 66 87 92 82 42 11 6 90 85 37 29 0 29 44 81 42 32 83 29 12 69 20 17 65 62 74 54 96 87 47 86 63 23 29 64 63 71 4 6 79 39 13 61 3 97 32 41 87 7 38 82 56 29 49 57 45 90 68 35 46 63 28 79 13 54 31 22 83 51 75 60 98 81 63 96 14 79 32 49 56 60 74 11 21 32 12 35 72 36 13 31 32 17 92 15 20 79 31 17 8 43 12 32 91 35 68 18 45 66 55 20 83 84 8 53 88 34 68 55 62 77 25 61 93 87 9 76 4 95 97 36 62 62 87 97 75 6 41 79 63 14 31 63 73 46 90 84 60 84 99 4 34 75 48 78 26 11 66 60 92 77 27 8 26 89 84 93 77 77 29 35 92 72 71 2 45 30 70 79 30 57 33 27 53 1 95 38 50 16 31 52 53 46 54 25 8 63 39 38 31 72 39 77 18 50 35 17 17 93 95 20 49 62 76 21 19 71 76 37 46 95 56 91 62 64 42 87 3 56 4 37 74 0 85 67 10 87 31 40 85 38 81 89 94 94 21 67 78 78 32 3 46 35 73 3 36 10 87 62 31 96 43 49 88 8 74 3 35 16 51 54 54 49 71 7 28 17 44 36 13 29 7 3 45 48 66 98 30 69 54 21 38 44 41 56 61 24 82 53 47 67 67 0 36 50 47 62 8 87 34 83 50 73 42 6 24 10 31 10 45 75 1 73 57 51 92 20 88 88 13 55 90 95 3 67 46 14 84 81 50 89 29 47 54 72 
75 53 58 26 16 89 17 71 58 94 15 1 45 63 38 85 43 84 33 85 63 0 77 24 26 94 21 34 50 61 64 0 12 17 12 95 49 3 25 45 15 0 26 71 97 55 23 42 8 15 4 83 99 30 60 9 49 31 86 30 2 5 60 9 91 13 5 42 42 14 89 66 66 39 66 64 22 53 90 36 12 97 18 95 84 76 4 72 93 97 60 46 68 79 32 93 14 56 18 57 24 96 3 76 65 66 64 12 82 36 31 82 91 46 15 93 0 5 89 97 99 28 56 45 51 6 38 94 52 61 55 54 1 47 64 2 70 39 44 44 20 2 12 12 13 18 65 71 80 10 34 80 37 0 73 19 69 60 14 31 5 21 7 81 67 85 51 73 4 16 81 83 60 69 38 66 47 32 18 23 9 99 67 30 12 24 0 53 85 35 37 69 4 24 58 8 28 11 77 39 51 94 80 77 9 6 55 65 91 50 22 69 86 4 94 62 97 81 21 29 83 44 23 15 19 66 86 69 74 16 33 23 67 4 0 7 89 73 51 40 10 34 82 55 22 73 20 8 58 91 39 58 58 54 63 89 45 78 52 60 44 10 13 94 68 52 58 11 7 78 54 99 37 85 89 59 15 9 0 9 65 6 51 41 24 87 53 91 14 62 83 39 57 55 89 31 74 76 30 60 47 84 63 31 99 3 65 52 44 1 19 16 16 50 76 12 76 50 35 62 54 52 56 56 51 32 39 94 65 49 47 79 49 76 54 67 59 27 47 99 36 25 80 61 81 51 91 98 90 66 50 25 94 57 10 58 45 13 80 51 93 87 97 98 61 23 44 83 79 35 5 95 1 77 53 21 55 72 99 56 95 84 89 45 60 21 71 54 7 18 7 19 38 2 61 32 19 46 57 36 
18 69 27 60 30 73 50 47 1 46 89 64 97 36 10 33 13 56 59 79 85 54 49 89 81 14 75 29 40 92 88 25 35 78 60 47 67 44 92 39 85 77 44 4 21 73 13 77 77 45 16 65 79 19 49 65 32 42 34 66 22 52 10 26 88 14 77 98 32 15 7 6 66 37 5 16 7 5 75 45 45 9 75 36 37 59 89 64 36 79 91 46 78 77 34 31 68 97 38 56 34 95 94 70 8 70 36 66 44 18 44 14 3 4 94 81 55 43 53 45 6 53 85 34 73 36 13 41 63 86 62 86 59 41 30 98 67 19 56 16 2 29 43 43 9 54 53 15 13 59 74 48 48 28 85 56 85 49 75 99 61 6 25 86 76 36 30 99 71 38 10 26 3 66 1 32 50 55 24 15 40 78 20 90 72 36 79 66 76 60 51 98 50 57 29 79 73 15 83 31 44 73 33 10 13 17 57 94 77 7 2 83 10 98 66 98 85 16 50 15 89 61 49 72 51 3 63 17 19 97 89 61 42 16 54 86 86 17 88 51 12 77 7 21 52 97 65 12 58 74 67 80 15 35 18 68 78 84 78 49 28 23 15 65 54 93 53 94 21 92 45 10 6 38 16 25 7 8 8 49 65 52 61 0 64 16 82 11 84 4 75 82 2 85 41 36 34 63 73 36 34 52 57 80 7 30 97 81 97 19 92 40 9 31 49 7 59 90 68 3 86 74 89 52 55 31 21 9 35 57 42 78 88 94 88 91 98 65 41 75 64 2 24 25 26 94 42 66 72 66 81 59 98 71 2 92 85 61 12 28 46 12 53 11 33 70 13 10 61 90 29 87 63 84 17 20 52 27 41 32 59 35 64 71 34 15 26 61 39 26 49 54 81 64 82 92 32 15 45 86 
43 91 68 87 29 11 59 94 87 52 37 57 56 47 70 44 8 54 98 79 76 99 37 54 26 53 0 0 93 87 75 46 57 86 55 13 84 81 77 18 31 27 11 53 51 0 91 93 66 80 74 62 42 40 95 8 64 90 68 79 80 28 96 26 45 68 9 60 63 47 40 13 84 81 3 61 76 47 90 78 82 16 37 23 32 93 41 45 74 57 1 69 70 67 79 10 88 61 43 21 50 80 55 10 43 81 76 52 51 28 12 3 38 59 28 66 18 58 39 0 6 0 12 3 17 56 1 59 26 96 25 47 45 74 7 53 70 94 83 23 76 35 0 21 73 73 42 57 28 18 94 53 39 76 29 76 66 63 45 12 4 7 14 86 64 39 51 94 62 23 35 96 31 48 11 24 95 26 36 58 66 14 14 1 17 5 11 76 37 75 72 17 92 96 59 82 71 41 20 34 48 78 1 29 49 98 4 50 12 22 22 92 88 35 86 46 84 14 2 56 39 69 46 39 31 36 35 36 46 62 86 16 18 69 72 2 8 70 52 53 96 68 99 43 66 26 99 7 52 1 75 59 90 73 6 49 62 35 7 83 86 74 92 96 2 76 65 25 38 4 30 28 51 10 95 60 89 18 88 41 93 28 26 29 96 71 65 99 88 41 94 48 33 35 58 39 90 85 88 68 49 92 87 48 81 26 95 14 55 62 58 90 51 0 38 99 39 27 46 86 76 33 9 85 84 23 46 92 4 15 36 99 71 10 83 63 90 69 39 42 53 61 57 37 30 21 88 32 57 33 74 17 32 33 23 80 80 0 53 43 3 89 65 44 75 21 81 39 78 90 90 74 48 72 4 10 39 99 44 88 33 92 20 76 23 59 29 41 79 84 58 60 7 68 20 93 56 46 54 52 
14 47 41 68 22 39 95 18 12 45 61 20 99 69 93 64 81 72 79 42 23 44 6 56 3 80 5 29 52 89 49 84 96 98 68 12 9 58 68 12 54 9 87 75 34 76 9 19 37 64 44 17 34 3 56 23 45 93 11 65 22 38 51 69 90 9 42 52 56 13 96 52 70 41 95 61 72 81 91 64 61 34 93 61 50 71 2 27 84 74 23 40 34 5 23 83 26 42 23 34 90 71 30 51 90 94 49 18 24 36 4 28 12 84 81 99 26 10 48 50 72 64 49 22 44 86 98 12 2 1 96 93 93 89 27 24 52 59 0 11 86 16 55 57 55 48 21 82 97 37 8 83 26 40 88 75 88 64 20 22 12 92 5 62 92 11 54 3 18 30 25 99 2 46 21 70 16 3 17 22 85 88 63 30 92 44 60 56 50 44 4 57 18 89 13 36 95 97 81 65 90 5 59 71 96 6 21 67 24 57 96 28 53 15 7 72 19 24 15 84 98 46 38 71 79 6 13 3 94 63 20 29 63 18 27 78 81 96 84 25 71 57 78 71 89 97 8 68 55 2 86 8 17 14 24 98 55 89 48 79 33 44 92 27 33 35 13 64 43 68 78 67 50 21 4 79 21 60 38 23 45 64 71 35 69 75 95 81 1 23 59 77 32 61 93 4 64 64 20 1 23 61 42 26 83 99 42 12 33 18 44 51 99 68 86 69 3 83 34 45 11 95 42 36 99 23 54 11 48 83 80 58 46 33 92 80 27 16 15 91 21 8 14 14 62 40 75 74 16 68 23 57 40 31 12 25 22 55 52 84 45 71 14 30 14 30 53 19 39 64 72 99 98 50 45 52 11 13 1 79 54 87 22 61 8 57 81 7 69 76 34 99 47 7 34 41 13 17 53 47 
38 71 48 76 58 83 5 79 85 86 24 3 43 48 68 81 4 38 82 70 97 49 93 13 46 12 7 76 13 45 31 6 11 36 8 31 78 37 73 57 91 97 89 30 61 46 33 22 78 74 75 34 68 97 93 93 98 74 94 50 0 52 64 90 44 29 72 95 51 90 30 93 71 52 4 36 34 95 32 27 83 1 71 48 71 25 1 83 91 84 11 35 73 96 4 66 88 52 47 97 51 11 3 72 28 28 60 62 37 97 21 89 71 26 79 19 3 61 97 76 82 40 65 4 79 54 78 83 59 82 37 23 4 84 89 89 66 5 14 8 26 37 98 10 23 59 27 83 47 17 35 71 21 36 88 19 52 90 50 32 73 31 32 27 48 85 27 84 89 99 5 68 72 59 96 40 89 10 33 73 66 61 72 49 30 41 1 75 39 88 97 17 77 10 81 20 73 69 66 78 65 61 38 0 33 87 62 3 15 32 44 48 6 44 11 0 59 27 84 89 36 52 31 18 22 73 23 43 14 54 58 65 62 49 0 55 12 68 14 69 15 9 94 96 30 39 89 62 26 34 40 47 87 37 75 64 17 38 55 63 59 70 30 56 80 21 8 14 61 4 76 88 67 96 8 97 81 6 25 46 45 38 30 92 88 21 58 90 7 30 32 44 43 34 19 36 83 38 2 47 17 13 49 20 49 87 1 32 21 89 5 49 66 54 37 61 79 66 83 49 36 77 96 11 16 21 32 3 35 0 77 29 62 0 73 3 39 40 14 4 57 88 57 70 4 31 38 88 21 88 27 63 48 6 83 83 81 21 54 68 37 74 22 53 29 93 27 55 12 56 78 82 81 86 22 93 35 89 97 35 20 57 74 43 52 87 55 8 18 80 40 83 47 66 44 13 34 3 0 67 
8 3 46 25 65 56 40 79 74 84 37 58 33 28 15 2 86 86 25 26 91 96 55 49 26 82 48 96 42 63 19 16 67 85 29 57 34 91 98 63 63 76 38 40 33 76 82 38 91 44 67 78 49 51 39 9 39 67 25 82 99 26 89 17 97 41 32 30 90 64 53 97 13 60 6 61 38 30 85 22 40 5 81 95 86 53 67 51 72 69 92 16 67 62 86 66 34 84 15 57 54 42 4 41 33 37 66 61 90 6 65 6 36 45 55 1 79 24 27 76 23 71 89 69 56 96 93 3 50 95 25 77 62 44 24 68 97 39 41 76 35 36 81 86 82 47 32 21 92 74 48 95 11 95 11 73 96 71 66 81 13 88 71 26 99 37 29 61 10 42 36 3 47 43 91 71 48 97 16 2 98 69 94 64 27 63 82 57 25 89 6 63 92 51 52 37 99 14 38 85 12 50 22 34 5 69 31 13 1 49 68 24 23 91 41 52 61 68 48 8 5 32 85 89 21 42 57 65 12 83 79 42 7 79 53 87 76 40 78 74 41 96 72 92 41 9 3 69 64 74 42 78 75 69 14 48 33 19 97 98 68 8 22 54 68 72 45 44 10 37 47 64 68 29 35 5 75 46 39 10 92 13 27 11 91 60 82 3 93 11 77 85 49 73 8 49 93 50 35 16 2 59 64 70 46 50 58 95 96 48 43 72 61 20 85 48 57 81 17 62 31 86 25 69 18 45 24 69 20 33 55 4 0 28 58 57 39 89 60 83 26 41 51 73 23 37 56 56 61 27 18 14 13 12 56 86 86 49 23 0 15 45 56 43 64 51 3 68 75 88 58 56 0 42 45 36 94 70 41 0 39 83 93 90 97 61 15 69 15 25 8 6 44 13 83 25 38 87 43 23 
50 17 87 26 38 87 6 98 90 32 96 3 43 54 95 34 13 40 33 13 80 37 13 61 38 67 3 38 14 81 98 54 24 52 76 34 39 64 60 5 91 39 32 17 73 58 12 35 88 30 67 6 9 33 86 55 29 41 41 67 5 1 95 42 57 43 77 50 89 80 43 19 14 74 85 90 13 7 75 24 46 11 96 64 74 80 48 51 44 4 13 23 97 30 2 6 74 5 65 73 19 33 27 44 33 27 21 99 28 31 89 81 46 35 61 0 99 35 91 94 81 96 26 11 31 78 60 14 65 57 41 60 78 69 91 94 30 20 85 11 32 76 97 63 78 22 21 53 24 71 18 3 99 92 8 33 64 99 85 11 88 88 60 65 28 89 59 31 11 50 92 26 55 79 88 0 65 32 97 92 37 49 70 46 26 6 49 51 66 42 0 88 97 58 71 71 14 49 92 27 90 13 72 5 75 96 53 43 95 56 97 11 7 52 94 67 18 20 90 57 91 3 34 77 46 63 45 54 32 88 26 64 5 76 13 35 22 67 93 77 21 59 88 37 20 79 51 55 35 19 6 33 5 34 26 27 21 66 79 87 27 68 72 4 98 77 0 64 38 20 16 8 29 41 63 87 45 17 1 77 66 59 51 29 30 6 53 61 44 72 24 1 89 67 79 55 8 54 69 5 49 2 69 47 4 74 1 7 99 39 83 46 33 64 77 84 64 45 66 15 30 18 25 24 28 22 6 99 6 20 15 97 30 51 77 54 98 61 75 8 80 73 41 16 25 61 57 71 57 25 26 2 63 78 50 13 34 49 86 34 98 19 91 4 36 17 67 30 60 48 48 58 6 99 29 93 95 84 58 85 8 47 33 48 91 28 54 19 13 24 90 99 19 67 40 59 77 9 44 58 
36 13 41 58 40 49 4 21 61 99 34 54 61 59 26 24 98 54 22 86 87 38 31 47 37 52 63 48 4 86 51 62 44 5 30 62 25 74 37 90 9 11 62 63 16 32 53 43 28 70 93 55 62 73 65 41 20 61 84 26 89 30 73 47 94 44 50 65 95 83 97 38 21 59 48 62 81 24 4 99 29 97 96 61 89 91 51 57 68 87 86 2 52 39 70 28 68 17 93 76 57 68 35 45 15 89 84 98 52 41 41 63 45 28 19 0 36 13 58 47 82 26 5 22 61 66 41 65 41 86 9 77 71 73 73 37 6 79 90 36 5 16 32 19 20 84 5 33 23 10 61 44 88 42 42 17 33 19 59 31 56 9 35 71 49 30 39 84 5 47 72 82 64 97 22 92 30 0 58 74 82 76 77 55 87 2 81 87 2 90 3 41 23 87 6 59 11 58 38 1 62 47 97 27 74 88 62 57 52 74 35 10 61 53 29 36 39 48 33 25 49 91 29 91 85 52 40 36 1 94 46 81 52 99 87 63 85 8 77 95 56 44 56 78 60 75 50 20 73 50 67 82 38 53 67 17 46 43 49 26 39 99 14 31 55 65 91 39 74 34 31 68 20 12 24 52 91 24 76 82 83 89 74 75 18 29 51 8 46 2 2 77 97 14 35 31 47 7 76 70 62 30 99 18 78 91 72 63 50 72 86 78 27 77 39 78 15 23 57 23 57 39 95 38 95 38 8 9 36 23 6 60 15 8 26 29 36 56 55 3 81 45 32 77 32 66 34 33 75 63 38 71 83 99 7 16 70 22 38 6 62 83 35 46 23 4 67 27 64 61 18 29 81 17 43 54 85 7 90 35 57 57 82 3 92 2 15 47 72 1 41 37 1 24 69 91 85 74 83 58 
32 20 97 24 88 54 51 33 44 93 96 49 4 4 56 15 21 0 50 60 2 0 36 67 90 89 8 87 84 89 77 5 7 22 87 96 64 38 99 83 32 84 95 94 42 21 65 15 68 17 1 14 77 31 83 66 67 88 45 55 22 78 90 33 89 27 4 22 15 74 68 15 1 40 92 22 10 80 88 24 2 44 79 29 96 54 55 88 1 71 28 74 78 89 6 17 42 95 90 33 63 49 82 53 39 97 46 78 64 37 46 73 20 46 57 54 2 21 60 29 97 87 60 20 16 22 48 9 66 90 10 93 15 9 68 33 62 23 74 69 8 36 66 2 52 87 95 64 97 31 81 63 21 92 37 65 16 65 49 9 25 47 55 91 22 80 30 36 90 89 83 95 98 9 17 68 96 3 76 31 56 45 75 76 75 42 81 42 6 21 80 26 47 35 35 78 58 47 49 85 71 40 74 88 2 35 75 2 46 2 76 20 6 35 74 0 58 65 33 42 98 19 86 15 60 30 90 2 38 78 41 53 89 52 67 37 72 19 19 48 32 55 29 26 93 97 17 41 33 56 64 22 16 39 86 9 92 40 81 72 98 61 65 18 24 9 77 29 76 85 9 27 45 43 88 69 8 15 16 57 66 84 64 64 36 81 9 82 3 13 91 54 22 40 54 42 88 27 73 45 62 41 42 37 45 14 72 1 59 20 92 75 52 17 81 83 83 61 55 61 18 64 66 82 74 6 16 29 30 29 82 91 99 82 22 61 56 20 15 67 2 37 37 76 87 95 56 80 63 54 99 43 59 15 3 48 70 44 98 26 92 72 57 41 97 26 61 16 69 81 13 6 10 7 54 79 99 62 85 25 97 18 89 42 52 52 61 71 38 54 88 29 20 16 73 59 21 39 77 40 
6 20 51 87 37 23 84 84 12 29 23 81 26 63 82 13 15 36 85 35 26 24 47 74 52 61 63 3 84 78 33 44 55 67 41 36 20 32 10 35 86 45 15 72 32 90 42 24 6 62 82 80 95 26 47 14 34 7 83 63 80 83 59 85 70 84 14 15 11 5 21 89 13 30 28 15 21 82 72 55 43 64 82 15 55 23 63 7 72 21 16 87 19 49 31 97 4 72 94 8 15 57 49 45 81 4 91 25 44 45 85 31 80 8 1 71 31 28 80 64 4 81 30 53 92 58 99 62 41 66 99 61 78 65 29 16 46 27 51 10 32 69 97 20 0 99 52 8 0 73 53 66 37 61 22 67 42 44 48 72 65 76 99 16 2 89 73 24 65 26 17 38 3 31 3 36 19 13 35 51 84 14 51 43 39 74 80 96 27 60 45 62 61 8 90 45 1 9 2 7 56 35 53 10 20 63 67 37 21 62 41 83 25 55 45 2 82 35 12 69 18 14 23 80 7 12 93 10 73 89 76 9 5 84 82 49 99 81 66 62 86 58 87 16 42 23 48 64 34 66 16 9 3 66 97 50 21 65 51 5 97 84 58 88 62 46 80 12 36 57 12 24 62 20 44 23 74 32 48 56 63 89 55 0 86 63 49 45 81 58 33 86 68 31 25 82 13 29 89 46 7 78 28 49 61 33 9 7 7 12 72 22 1 61 75 54 87 71 71 80 33 10 63 99 32 58 25 3 72 8 30 27 8 22 43 44 95 57 69 64 44 16 89 14 80 78 80 16 42 44 64 15 88 48 92 90 48 77 13 9 57 65 26 95 47 19 92 22 40 52 37 18 1 83 74 97 32 40 36 85 67 87 0 86 53 34 93 98 24 52 17 74 79 50 83 83 84 49 88 13 
8 46 13 90 46 71 76 82 54 47 60 94 95 60 94 14 42 30 61 56 84 34 42 9 18 48 65 86 60 86 79 20 72 6 56 59 59 26 86 53 40 70 66 65 76 74 67 58 94 73 85 59 4 29 32 11 86 51 97 61 29 49 92 27 6 2 51 2 8 46 69 79 87 50 22 57 39 31 46 23 81 66 45 95 4 95 70 83 95 82 59 90 0 45 91 99 84 72 69 90 37 13 96 35 20 67 20 47 65 13 36 28 11 19 8 52 56 77 49 73 53 39 22 87 58 7 18 39 76 60 43 87 78 67 13 45 65 33 75 13 84 25 45 69 88 6 34 7 81 70 0 45 36 20 15 92 41 47 82 99 56 12 28 53 40 66 37 74 48 32 27 26 38 95 24 50 48 44 41 67 13 28 32 36 84 94 53 7 35 1 42 76 58 75 69 45 49 84 30 1 92 51 41 86 89 98 97 60 95 81 2 36 5 85 57 65 73 1 17 62 39 88 55 45 20 68 1 10 19 23 60 82 21 16 5 53 79 0 29 94 98 5 16 11 58 66 30 93 39 13 70 16 72 86 60 90 41 80 54 60 36 61 34 18 86 49 98 84 99 51 60 93 55 71 4 15 86 15 11 59 55 77 5 22 0 53 31 75 21 35 9 68 78 39 1 56 13 15 21 63 57 56 69 11 35 41 81 4 23 28 69 83 23 6 2 95 70 70 84 77 60 29 76 1 99 76 17 84 85 81 69 32 73 71 9 78 35 9 81 91 16 89 84 61 80 53 32 75 46 5 44 48 90 58 19 55 5 18 77 6 22 49 59 69 54 8 8 38 53 8 0 87 60 97 35 34 95 72 60 3 40 77 43 86 39 21 29 87 51 27 85 3 40 25 98 5 54 94 0 9 
19 42 55 28 1 45 15 21 99 83 5 73 16 60 84 69 39 59 51 48 4 84 54 66 23 50 19 5 77 82 28 93 27 46 90 15 66 73 88 54 59 52 76 52 82 80 80 16 82 44 57 86 86 93 68 64 87 4 10 59 5 41 42 98 7 66 68 6 67 45 93 73 41 73 8 89 66 18 19 27 64 20 74 73 96 42 86 80 81 35 18 54 7 93 31 46 50 12 14 60 60 41 10 67 8 79 94 38 76 38 59 15 77 67 54 14 18 39 41 38 15 95 80 3 99 46 58 71 84 65 7 90 21 64 24 36 23 74 81 42 68 27 3 99 14 0 6 40 84 79 41 78 2 71 55 48 81 66 64 84 65 9 20 78 6 36 63 86 48 98 78 73 19 91 57 48 97 72 30 76 42 11 64 13 23 88 64 60 66 31 56 74 17 68 81 27 55 31 62 7 10 59 13 68 47 20 38 72 84 7 17 9 88 35 1 6 52 74 82 3 16 46 91 8 28 97 41 74 88 42 30 98 69 4 73 86 26 95 69 29 61 97 80 87 71 39 46 93 99 25 74 6 13 0 60 98 22 57 76 13 9 84 14 72 49 15 39 87 74 12 79 86 86 38 58 54 81 31 36 27 6 77 32 88 83 30 32 36 51 80 23 38 39 59 39 15 11 10 10 56 29 91 7 24 9 62 80 83 31 70 14 67 79 65 67 65 36 35 79 91 35 98 70 65 44 85 1 97 9 46 47 72 5 35 62 66 52 36 34 73 14 37 97 53 93 31 87 82 31 61 84 74 58 15 32 8 41 71 71 30 32 78 33 43 40 38 31 16 30 33 59 16 4 0 76 37 84 49 86 78 43 10 68 77 73 71 82 77 99 9 61 69 68 4 9 74 13 6 7 19 
95 93 59 5 59 79 84 16 55 68 49 85 30 68 62 5 26 41 84 8 97 47 24 82 38 54 39 60 24 40 90 2 95 96 60 55 17 78 60 61 80 36 87 67 63 76 3 37 2 6 89 31 66 17 52 17 60 29 46 97 21 56 51 33 10 53 7 78 36 92 17 61 90 4 34 81 30 93 66 66 14 14 41 8 52 38 44 31 20 1 75 69 64 57 74 96 24 86 43 15 51 99 75 43 21 65 14 78 71 69 72 62 8 85 77 58 86 83 9 27 0 42 29 61 33 1 81 16 45 45 62 69 82 33 29 51 42 76 76 3 2 34 13 43 30 75 53 66 75 44 63 53 18 63 69 48 88 62 97 64 89 23 52 0 64 11 80 69 47 31 92 99 27 77 20 32 91 7 20 7 17 1 25 33 21 46 78 71 5 5 65 25 96 12 58 36 51 4 71 98 69 62 25 66 62 2 33 38 34 78 19 53 83 18 59 72 56 5 33 61 44 46 23 89 79 8 16 94 6 42 51 13 4 39 95 4 75 69 2 8 1 52 77 5 1 46 2 54 69 61 65 14 45 53 91 98 44 46 17 57 13 99 11 35 85 32 80 70 15 90 44 70 67 97 51 57 75 59 98 33 7 38 31 50 65 81 26 68 32 27 9 34 4 41 16 94 34 51 50 19 76 64 58 33 40 85 85 68 61 79 30 19 46 60 79 58 74 7 96 62 84 91 38 60 92 86 1 36 49 70 61 31 76 76 78 43 24 23 82 87 0 51 59 59 62 58 76 13 30 60 4 83 70 14 29 35 3 70 16 17 88 5 30 51 73 66 48 67 91 21 34 60 42 6 48 50 31 29 55 91 99 53 67 86 96 76 41 51 86 19 10 35 41 6 64 82 81 58 17 42 
45 93 26 62 24 30 6 26 93 9 31 61 71 89 68 32 97 56 84 33 33 43 45 4 66 96 28 56 58 28 77 22 54 56 66 61 31 57 13 10 57 38 81 18 76 55 72 63 76 76 62 60 53 40 21 11 21 94 10 38 82 43 27 2 23 98 49 22 97 44 20 27 93 24 40 54 68 58 78 31 35 22 68 12 4 92 45 93 25 29 53 79 76 20 71 58 82 6 68 36 72 71 59 19 6 42 97 57 10 27 99 66 73 19 54 62 96 36 34 93 34 97 30 99 47 96 23 43 0 9 66 23 86 98 31 37 1 78 0 40 86 42 15 78 90 63 27 9 16 27 44 71 0 30 64 75 53 60 37 88 42 36 48 64 89 77 12 77 44 46 56 47 24 71 85 18 82 49 52 49 67 11 70 28 7 99 40 81 29 59 73 1 70 85 74 70 8 75 53 48 73 3 58 80 72 66 6 87 81 47 52 7 75 82 16 10 75 42 2 52 99 20 32 71 82 92 63 45 22 81 43 1 18 37 61 73 58 34 17 59 83 59 8 34 7 21 27 44 52 1 77 17 63 62 57 29 41 63 56 53 61 7 82 0 49 43 10 53 58 0 63 57 48 26 55 42 15 0 55 31 54 89 57 2 41 18 98 51 6 40 84 23 32 13 41 90 28 50 36 40 32 80 63 46 4 60 90 39 66 39 59 21 29 53 55 58 34 48 76 62 71 1 40 11 95 15 0 89 21 95 0 19 56 6 46 4 12 4 97 98 78 14 4 73 58 79 7 65 24 92 89 25 63 28 3 99 58 12 44 96 23 44 49 1 54 62 11 86 62 44 19 78 82 52 65 23 51 21 8 0 8 13 77 52 38 38 78 65 77 30 69 88 30 70 25 59 67 87 67 92 
11 98 89 76 95 2 23 56 21 37 43 66 39 61 51 67 20 18 92 84 92 7 42 19 34 84 57 59 81 75 98 67 52 23 30 11 11 32 66 63 77 89 87 27 7 2 96 3 65 62 98 88 23 72 72 56 31 32 31 67 1 36 91 2 35 11 91 63 11 62 21 84 29 6 73 12 29 93 72 39 29 28 40 10 43 72 6 44 77 96 95 3 16 3 43 65 18 90 75 44 55 68 93 36 87 55 25 8 98 42 46 0 64 81 85 37 34 41 69 69 64 93 16 21 61 27 93 1 88 27 79 91 88 41 57 14 22 74 90 95 57 76 58 53 22 21 22 58 33 33 25 2 16 47 87 35 51 78 50 69 60 24 23 39 68 30 66 90 73 37 73 22 97 45 26 46 91 52 34 83 57 21 77 20 22 81 24 85 56 82 2 69 56 83 82 80 5 35 75 49 14 53 69 24 64 15 3 3 20 45 94 90 72 33 37 13 68 93 2 41 91 17 40 17 23 81 24 39 21 76 85 53 48 2 63 69 77 39 19 93 91 78 29 15 60 49 58 16 75 77 17 69 20 77 64 6 13 30 42 99 58 25 67 77 11 0 34 54 44 93 46 31 53 97 60 56 51 33 32 41 64 70 94 60 90 82 47 3 38 9 84 4 34 9 2 38 39 66 47 34 53 69 60 77 55 51 67 39 59 72 26 49 49 8 77 35 31 2 5 25 46 4 89 63 91 42 10 70 32 90 93 61 8 14 12 68 75 60 81 51 79 39 49 7 52 67 69 77 90 91 93 99 49 33 54 10 12 86 18 44 90 30 89 47 61 30 94 51 59 11 95 77 55 26 81 63 52 23 31 30 92 63 40 93 27 89 67 76 1 30 63 81 13 47 7 69 16 99 7 22 
18 30 92 92 47 13 9 42 32 55 14 30 79 44 81 59 88 64 3 18 74 77 52 47 98 9 10 26 53 98 91 18 96 79 13 68 95 64 65 83 38 80 59 46 12 18 61 58 45 21 66 90 99 53 2 16 7 47 83 19 76 51 57 22 0 55 53 5 27 30 50 98 85 86 34 73 63 87 64 93 36 62 49 71 24 4 4 12 37 3 73 70 98 69 30 62 40 62 1 0 15 17 44 15 17 61 58 31 25 42 81 16 2 53 0 38 81 28 87 97 49 15 13 1 17 54 69 10 55 68 68 8 47 83 30 7 10 33 47 41 32 22 12 56 20 3 94 93 50 7 58 17 37 96 30 28 46 56 11 87 85 48 91 82 95 5 33 21 76 61 6 14 9 24 94 52 24 20 96 39 59 81 62 28 27 26 73 25 82 80 0 84 34 48 62 65 79 46 52 54 23 14 95 90 57 28 11 88 88 16 93 97 88 40 51 60 9 88 82 66 67 18 51 78 6 14 64 33 36 60 60 77 91 61 33 6 31 38 14 29 47 6 30 93 30 94 84 95 9 4 20 83 31 81 56 19 38 95 74 54 84 81 73 74 20 3 29 89 62 73 32 82 36 44 79 42 27 41 98 89 14 28 43 34 13 35 48 6 64 78 87 93 88 2 42 5 18 19 19 67 4 43 1 63 57 48 31 88 5 31 32 72 47 57 96 45 73 94 31 44 17 21 60 41 1 63 63 15 54 20 90 25 20 6 96 73 45 79 39 4 2 33 35 62 30 51 83 31 18 99 52 87 98 82 4 18 18 64 5 51 98 85 58 78 25 43 33 87 96 64 42 57 12 70 31 46 14 78 96 5 70 6 64 34 5 58 92 73 22 53 12 77 20 67 28 2 85 90 37 89 
10 33 40 75 69 20 47 29 51 5 17 74 0 91 94 93 35 49 84 81 75 97 67 70 54 54 64 33 11 98 72 11 83 88 23 51 31 77 23 22 93 42 25 70 64 85 79 53 53 23 63 46 88 89 27 81 34 34 85 72 31 9 77 66 79 35 37 99 65 58 68 85 88 59 14 93 62 37 59 77 86 52 5 36 24 37 24 74 26 2 68 78 57 81 97 73 58 76 18 38 23 31 2 86 21 5 8 32 14 52 85 9 61 43 12 76 25 1 61 58 96 24 12 8 14 95 51 97 48 24 63 5 41 52 16 10 38 28 21 74 88 84 78 5 40 46 1 89 82 33 86 20 7 62 46 9 44 83 68 84 42 26 56 70 35 97 43 12 84 11 22 32 1 9 37 98 82 71 59 92 39 64 20 92 87 57 50 61 72 64 48 88 30 64 72 32 37 57 58 32 7 44 73 48 15 25 67 0 43 70 20 64 84 20 23 82 0 45 31 36 70 44 66 77 37 92 11 84 95 17 74 87 52 85 26 93 47 78 11 97 47 33 80 77 57 71 94 83 6 37 17 3 63 81 3 61 88 31 99 76 73 45 47 68 61 59 89 32 26 38 58 27 18 83 92 31 79 82 10 90 97 47 65 89 17 88 50 66 69 41 81 94 15 93 72 47 44 66 61 91 98 27 31 1 76 79 32 91 52 64 86 16 1 53 19 86 90 29 3 92 70 18 64 14 86 5 18 77 76 6 98 25 57 85 99 76 41 54 99 48 97 19 47 16 6 12 14 79 16 56 0 85 42 93 74 39 92 4 60 17 96 82 17 82 13 74 38 86 1 8 86 18 83 69 21 58 4 76 43 15 45 73 51 35 4 35 67 37 62 39 18 7 46 67 22 74 60 76 59 13 
72 77 72 18 24 51 47 86 15 5 90 2 12 71 76 14 74 85 84 68 37 78 50 32 61 5 72 42 5 93 55 81 7 0 98 55 90 61 69 25 64 58 94 77 33 95 0 0 71 13 29 89 39 73 86 87 49 44 24 50 4 75 85 92 20 55 27 33 59 11 72 42 1 37 87 2 71 41 59 51 75 31 57 83 78 64 34 80 10 64 17 28 97 67 90 96 28 52 44 49 65 69 52 85 79 72 58 40 76 93 56 6 34 57 85 62 73 10 71 63 80 85 88 66 72 92 77 17 44 44 61 30 19 18 40 11 51 36 87 76 75 22 7 46 28 37 84 34 95 25 21 1 59 30 60 15 33 32 67 25 15 47 45 96 16 99 77 55 99 36 9 60 80 18 2 29 5 97 87 68 98 39 43 33 15 24 82 88 0 21 84 70 52 52 88 64 2 4 11 65 73 50 85 35 87 23 34 30 9 55 77 60 17 73 5 48 80 63 94 59 41 44 95 80 69 49 7 45 68 45 65 2 56 24 66 74 37 34 42 26 16 7 3 32 36 98 85 8 18 11 23 67 40 41 4 25 73 0 42 43 58 22 67 1 92 8 93 7 88 67 36 83 71 51 65 74 55 40 97 59 25 3 26 37 97 4 29 55 39 38 89 26 96 50 54 10 96 88 34 32 81 58 32 4 80 86 54 65 90 9 97 53 98 13 78 67 60 13 55 97 77 63 2 55 22 71 70 57 46 88 76 5 8 62 55 5 84 47 23 82 5 39 86 57 31 11 48 40 62 99 45 60 94 46 28 85 24 7 34 79 53 66 99 76 6 20 73 51 92 7 75 59 48 12 99 79 50 78 95 72 13 15 1 91 94 29 69 5 74 3 3 27 61 52 77 23 29 97 89 45 
38 42 11 98 79 32 17 11 49 94 36 40 79 33 67 22 17 22 50 89 61 90 76 94 10 12 35 90 15 38 52 75 32 31 18 59 47 93 92 50 86 43 11 47 34 9 92 25 99 38 22 16 83 86 94 87 77 48 60 75 82 14 81 34 73 56 9 61 74 69 83 42 84 76 83 29 40 91 68 21 45 29 57 51 29 61 5 54 64 97 61 44 32 44 5 65 64 35 52 56 74 26 27 46 66 54 72 11 40 6 94 69 85 47 25 60 32 4 60 27 48 2 5 89 48 35 59 20 7 58 42 20 1 78 95 91 54 34 28 16 57 75 6 82 24 16 43 66 6 27 55 11 97 41 82 60 29 84 20 63 69 14 95 94 33 30 4 27 35 13 16 60 33 35 54 42 27 27 62 25 85 58 27 57 84 96 40 75 57 3 4 35 14 66 88 77 56 5 10 77 29 58 99 23 23 7 23 83 24 45 48 18 47 49 52 29 75 16 84 73 63 60 34 23 74 77 85 65 44 13 76 10 88 4 91 78 99 38 8 81 49 2 29 51 26 99 45 36 8 57 46 63 91 75 43 28 81 82 41 82 84 48 38 73 96 22 68 60 81 23 75 86 96 34 90 67 97 1 99 29 13 75 41 72 5 19 66 89 95 18 37 81 11 95 9 90 1 57 63 98 73 45 68 68 95 45 75 95 88 95 78 72 92 66 18 64 81 89 52 62 12 25 45 74 79 54 41 97 55 53 64 51 59 41 4 3 40 78 15 97 11 77 53 10 76 57 40 59 79 61 52 47 60 15 92 67 23 49 57 11 70 26 50 3 39 35 71 77 57 78 99 28 22 63 4 26 28 17 68 74 8 71 95 21 32 32 94 34 23 20 26 91 95 92 25 70 98 67 0 92 
73 93 42 5 97 20 84 88 46 14 18 88 90 35 80 39 50 59 64 34 47 62 19 5 40 74 19 25 34 0 96 91 12 7 81 7 60 38 89 4 57 56 61 5 34 28 16 69 75 86 66 64 43 24 85 6 50 97 14 75 60 52 70 31 98 44 80 38 15 23 50 31 89 19 62 62 61 40 19 56 28 31 91 74 7 74 80 53 38 21 18 48 41 21 43 47 51 23 54 34 50 36 12 1 2 46 40 86 9 17 12 55 31 55 20 50 52 0 99 82 43 10 68 73 55 32 7 83 95 10 15 92 37 92 22 56 20 90 75 70 64 24 24 2 74 21 25 32 72 74 43 14 40 64 51 37 96 25 61 95 50 99 65 35 29 93 37 22 35 67 37 28 96 44 26 10 40 27 0 27 44 91 23 8 39 54 48 88 42 28 81 56 68 91 25 15 24 57 89 30 4 33 16 78 23 19 63 2 16 75 68 99 29 64 55 4 11 22 99 7 51 56 16 9 1 89 46 81 75 93 13 28 81 80 64 27 44 3 86 82 88 2 3 44 65 29 1 19 59 74 63 65 66 42 54 46 34 67 29 40 83 93 21 5 55 36 86 44 42 42 56 31 71 52 6 19 14 70 55 84 57 59 29 26 75 42 58 4 81 67 9 28 27 37 34 28 47 32 49 28 15 98 5 4 81 1 36 38 46 27 93 39 8 92 72 23 17 28 65 30 60 71 4 78 70 25 44 45 75 1 7 3 78 23 8 9 66 97 74 52 83 27 92 68 44 27 25 10 18 96 19 84 49 25 90 81 62 76 82 81 56 83 73 26 59 87 78 90 6 23 27 62 64 16 76 4 69 18 48 74 77 89 71 3 62 81 36 93 30 95 93 71 43 18 49 43 38 12 70 44 
81 68 92 6 73 92 36 86 15 58 88 24 82 77 81 2 45 97 34 63 17 10 89 95 83 81 31 32 39 44 49 6 35 88 20 47 13 8 40 3 14 43 17 6 70 78 46 9 76 31 67 2 17 65 92 46 91 22 35 33 42 77 82 93 80 11 60 78 2 4 34 18 31 37 0 19 55 65 10 61 30 77 40 46 73 24 65 95 17 55 3 77 4 28 46 99 57 33 12 82 7 35 0 7 28 76 89 27 38 98 16 41 19 1 52 31 9 74 46 90 4 1 34 60 99 96 61 30 76 53 67 75 44 14 58 58 34 63 95 59 35 88 21 45 46 4 24 86 97 53 44 92 32 84 18 70 16 43 50 2 10 41 41 97 9 42 9 4 46 7 87 98 43 1 20 78 89 89 0 98 61 19 10 3 45 27 36 28 96 39 77 77 32 3 12 57 51 33 24 88 22 52 56 60 76 23 82 58 19 66 15 88 6 81 37 42 51 96 23 9 57 81 19 29 48 48 73 82 64 59 48 98 56 78 87 90 28 91 82 80 8 9 97 66 18 38 56 2 62 21 75 89 5 17 20 42 28 55 83 1 93 46 1 3 38 37 52 91 45 65 73 85 25 35 63 74 98 8 76 89 82 71 46 5 58 83 67 46 11 74 84 68 66 69 42 46 26 48 82 95 53 88 11 59 8 60 53 16 35 93 8 86 87 18 42 84 18 98 89 15 28 87 48 33 92 59 72 83 11 37 66 99 94 26 95 29 22 4 98 18 59 18 74 57 82 38 99 18 0 40 22 0 17 51 0 8 29 33 66 82 45 26 47 90 62 61 98 7 71 22 55 42 88 27 35 7 5 74 74 96 71 99 41 34 45 58 92 31 51 27 73 56 15 16 62 84 60 66 31 10 
20 44 4 76 52 48 61 23 57 75 15 97 13 24 94 92 76 68 99 36 80 64 49 64 11 2 38 62 80 65 15 37 67 28 80 30 1 65 96 65 11 94 25 29 57 83 42 26 74 13 86 87 90 54 89 39 16 90 60 63 94 66 77 96 78 43 43 50 62 13 19 78 65 81 68 32 47 27 81 1 71 60 8 38 0 27 97 96 14 18 99 87 86 0 54 8 79 57 46 8 14 49 59 45 89 28 66 39 79 66 82 27 63 78 46 11 14 64 86 91 90 96 24 66 96 17 86 40 36 9 97 66 87 49 12 98 46 65 92 41 29 90 26 26 10 43 3 49 84 1 72 64 90 33 23 57 72 87 56 0 75 9 63 22 56 73 16 46 3 18 17 27 93 80 64 30 8 31 76 29 9 62 82 60 63 80 7 79 18 67 21 77 90 99 65 95 45 73 18 76 90 56 99 47 11 36 57 50 82 22 81 86 75 19 17 74 89 88 49 45 82 96 12 38 72 96 86 38 98 80 4 52 2 83 18 47 40 41 73 74 90 31 29 84 13 67 80 43 81 12 8 65 97 8 65 27 81 84 95 26 3 52 35 19 3 3 15 67 54 5 87 70 90 79 85 83 72 23 56 81 17 42 37 77 77 81 62 68 5 51 55 35 32 95 46 63 53 60 22 6 75 50 47 15 4 23 72 4 14 87 65 18 39 40 11 77 83 53 85 94 0 20 52 65 41 70 78 87 44 33 90 60 41 89 11 68 22 20 7 94 84 47 34 58 57 34 63 59 32 78 30 16 22 20 27 45 67 92 46 64 36 4 0 85 37 86 72 61 30 33 25 66 46 43 35 15 81 62 49 45 47 96 30 95 91 16 82 34 28 63 75 20 85 59 51 70 68 61 5 43 
