87 31 93 43 45 34 75 35 80 81 58 37 97 27 80 74 32 41 37 82 23 46 2 84 15 39 78 59 50 99 20 61 61 71 39 55 13 20 77 33 85 27 67 52 2 97 11 41 43 14 8 95 54 32 10 60 86 77 9 20 38 1 72 19 74 37 29 32 37 74 79 6 55 10 22 30 48 96 14 36 1 71 46 78 29 97 3 3 78 32 74 93 61 68 50 90 19 86 82 31 13 28 33 45 3 58 30 71 33 61 75 96 62 39 72 99 36 6 21 76 19 83 60 37 89 81 44 61 46 78 83 99 22 6 4 90 3 35 24 36 35 48 18 32 82 41 94 53 79 38 16 92 1 80 80 12 76 36 15 36 81 9 3 12 22 12 28 26 65 41 28 12 84 97 80 1 13 42 11 96 43 27 6 5 80 73 33 3 88 21 70 60 75 42 3 43 26 41 80 12 
28 79 57 47 86 36 33 6 75 78 84 16 30 27 26 18 80 19 80 89 15 71 86 24 11 82 2 91 27 74 45 56 31 59 79 21 71 80 60 91 52 17 92 26 89 11 10 8 90 9 72 46 20 12 82 64 79 66 13 17 99 44 14 75 48 87 28 39 78 30 50 48 65 98 8 1 57 7 7 65 32 5 82 43 86 54 16 92 58 0 68 43 32 4 52 63 14 44 17 1 30 75 98 82 92 99 27 77 44 27 0 24 91 5 42 79 79 94 88 37 32 64 26 55 0 61 99 31 33 46 29 1 69 84 41 40 19 66 70 19 16 39 81 65 88 42 39 78 46 84 8 66 49 72 36 96 25 42 34 96 73 80 26 65 14 88 58 14 56 80 49 22 88 26 52 13 73 88 54 96 15 91 53 96 89 42 69 75 10 90 45 88 34 67 36 76 37 34 66 41 
21 29 63 38 52 29 87 71 64 51 22 14 66 9 81 86 64 60 22 59 42 6 25 50 52 68 4 15 90 53 56 4 88 32 72 15 87 40 66 51 44 6 4 43 91 44 88 72 54 84 19 12 23 10 78 66 23 9 74 20 9 98 98 95 71 51 26 34 87 39 46 82 92 35 51 88 34 29 42 38 67 6 99 91 4 38 11 37 48 22 37 98 79 77 93 55 45 80 62 66 27 90 22 30 58 20 72 15 56 44 53 13 16 24 34 51 85 17 9 38 53 45 49 42 30 14 59 31 53 48 47 76 63 44 32 82 21 82 98 86 27 24 40 0 39 4 17 4 82 25 59 22 35 12 24 14 11 56 84 19 37 27 67 27 71 7 17 59 25 9 54 57 72 63 61 51 45 84 96 26 91 60 62 23 91 1 92 33 23 69 28 91 4 84 66 75 39 37 31 3 
82 28 52 47 96 31 81 27 75 66 78 90 29 7 54 83 79 86 81 47 76 3 61 32 58 97 49 4 72 11 98 97 68 37 63 32 21 25 39 67 99 63 28 91 22 2 82 26 25 83 40 1 67 63 26 5 71 40 8 27 88 60 18 66 91 30 16 88 17 61 84 91 55 18 1 57 15 36 30 50 87 10 8 30 41 77 73 15 15 62 26 87 60 2 29 85 59 80 94 84 34 7 67 28 14 81 10 45 4 55 60 69 23 54 18 34 57 52 94 48 91 47 12 16 37 7 46 2 12 91 10 82 10 82 85 85 43 2 91 2 30 53 5 71 56 70 58 10 90 90 87 35 1 47 29 47 53 65 23 81 91 71 95 9 59 96 73 14 44 6 3 41 83 83 40 90 74 51 39 45 66 73 57 17 46 54 66 71 58 85 89 63 62 31 6 82 83 75 72 80 
84 81 30 32 41 13 47 40 28 29 30 55 92 38 51 80 59 91 38 8 82 66 79 63 34 21 27 19 61 68 34 58 63 91 82 45 90 67 82 76 76 36 90 20 24 9 54 87 70 23 46 7 43 23 1 81 40 55 93 59 25 7 82 0 77 64 88 7 4 20 74 3 1 39 72 81 66 98 97 82 13 82 18 75 67 91 41 22 14 90 37 75 19 79 12 38 90 3 75 11 2 69 27 99 19 80 16 37 6 0 46 54 82 72 73 52 0 27 89 41 26 50 74 98 7 26 66 85 66 45 52 72 56 31 20 91 50 1 53 53 80 65 9 98 7 29 51 71 5 8 41 34 38 26 53 56 65 38 21 24 65 30 26 6 81 71 69 48 7 11 7 52 72 63 3 94 14 28 21 23 22 59 38 10 52 51 37 37 53 96 96 92 15 34 23 86 15 48 4 84 
4 61 23 22 18 51 52 94 33 50 3 0 79 31 59 56 63 26 87 58 79 0 53 95 77 5 95 14 73 37 86 26 54 69 73 7 66 37 19 35 19 43 13 82 16 26 58 4 35 85 87 30 36 2 92 27 73 58 88 57 55 97 26 10 6 89 48 52 17 16 9 93 0 23 53 18 57 66 60 98 96 0 72 26 94 73 54 52 28 15 95 72 42 77 2 21 2 47 37 92 49 38 33 22 64 46 22 11 6 57 35 59 6 49 42 12 10 74 23 80 99 62 46 13 96 45 38 50 51 69 80 27 27 5 12 92 67 35 2 66 19 28 91 86 93 79 18 54 89 82 86 5 8 60 85 63 30 57 27 5 66 20 43 50 64 6 38 82 97 52 38 42 1 58 76 24 81 69 44 40 49 62 76 27 9 4 20 98 40 53 41 67 86 31 17 80 18 81 10 48 
42 59 29 63 2 17 80 28 94 40 55 88 28 33 28 56 89 60 10 23 35 24 55 99 18 44 16 69 35 25 4 59 54 25 99 17 91 91 2 66 24 80 44 80 77 98 87 54 99 30 43 37 41 19 86 73 36 61 45 94 42 20 69 62 53 17 66 85 53 54 44 50 91 12 95 91 27 16 40 21 25 51 28 36 67 7 93 74 11 95 31 26 11 0 93 82 88 13 31 6 86 31 19 69 84 2 15 22 96 64 44 71 82 99 1 41 38 5 9 65 79 58 27 33 65 18 39 53 41 51 61 84 72 69 78 26 89 44 68 40 15 74 67 62 54 18 85 3 25 20 37 86 12 66 12 12 46 82 44 25 62 81 74 20 41 3 13 1 27 7 11 69 32 94 16 33 89 88 97 2 83 79 26 21 78 38 51 49 41 20 51 58 65 49 46 36 75 84 62 83 
47 63 88 98 75 96 40 97 99 28 8 11 18 93 28 71 77 64 35 67 54 43 13 86 96 75 14 23 69 17 95 11 36 84 2 41 56 67 58 80 64 91 83 65 49 63 6 7 9 2 13 7 37 52 22 95 33 17 2 94 31 31 28 97 5 82 82 77 3 88 67 20 96 1 41 60 44 41 93 18 6 13 25 15 26 68 77 9 90 97 93 95 89 67 82 34 40 68 11 75 92 51 70 69 39 86 27 21 87 63 0 66 32 65 34 90 73 29 51 66 74 45 28 65 87 60 88 25 52 95 30 37 47 8 12 18 70 74 45 34 46 24 8 97 19 57 25 64 75 59 91 52 29 91 2 69 13 60 16 86 89 47 7 90 45 95 8 7 27 64 50 14 69 2 8 31 28 95 77 30 50 8 86 26 94 72 4 38 75 73 7 9 62 16 97 58 72 99 19 20 
88 62 63 2 20 59 65 99 21 53 59 7 59 38 31 29 11 23 14 92 97 57 15 35 49 94 12 58 69 30 9 18 91 6 87 4 47 48 51 13 24 8 62 44 19 70 27 76 19 54 63 83 47 89 32 11 93 8 25 69 25 82 17 8 42 37 55 83 46 41 9 93 95 76 3 83 56 41 53 31 90 7 15 92 49 32 90 98 2 59 96 99 74 72 92 74 43 2 22 67 61 93 27 7 96 4 54 30 16 76 90 34 61 31 20 26 4 40 27 3 85 16 12 49 70 31 85 13 68 83 33 77 53 50 31 0 14 50 14 84 57 86 98 38 66 42 15 85 62 47 26 42 12 48 82 82 80 85 25 32 15 30 91 64 96 74 22 96 72 0 3 6 25 37 8 38 42 60 71 70 24 79 5 11 92 34 6 58 87 72 16 51 54 0 57 4 52 50 75 93 
60 51 2 51 75 79 25 43 21 8 37 36 75 77 28 51 29 17 7 62 93 22 65 98 52 85 15 70 91 14 4 5 65 63 11 3 83 14 96 39 40 80 64 71 45 72 97 45 60 12 33 77 9 44 56 86 41 45 72 97 39 22 33 91 7 4 26 75 69 3 74 24 25 70 54 24 48 47 53 25 51 68 57 75 35 77 46 98 85 44 61 13 98 49 91 52 2 9 93 38 73 53 86 74 46 79 99 70 47 5 83 64 8 41 75 64 83 72 67 35 48 49 37 75 26 60 81 35 70 84 59 96 83 62 1 43 61 75 20 13 22 67 40 81 93 55 38 9 81 68 22 4 26 65 49 2 90 4 17 64 27 71 18 77 99 80 95 61 36 65 25 54 64 78 59 8 44 37 59 69 73 95 60 61 47 32 65 6 42 14 80 43 21 15 94 6 41 44 83 75 
30 23 45 52 87 63 10 54 56 17 5 33 51 63 64 38 72 26 80 64 18 49 1 53 68 32 1 70 77 42 21 38 2 27 37 63 14 41 73 38 92 61 33 51 59 36 63 80 27 63 46 42 66 48 73 21 13 73 8 82 23 18 75 17 14 26 16 35 53 78 69 60 50 6 95 34 54 72 25 42 37 22 40 75 54 6 75 51 70 60 10 48 43 0 14 88 89 4 19 17 60 96 90 28 93 92 26 23 74 74 57 56 59 60 62 84 94 4 85 24 49 83 56 10 54 3 53 44 83 17 74 80 43 37 39 99 13 94 26 84 8 65 7 71 83 97 99 27 50 46 59 3 60 3 93 96 50 96 74 16 52 20 68 25 55 62 57 4 70 26 17 12 97 26 32 74 31 25 36 51 70 84 26 24 13 52 83 0 45 3 5 52 20 42 41 82 66 50 91 56 
56 2 8 67 23 89 64 33 57 76 76 32 47 26 22 72 82 30 18 12 65 96 47 40 3 80 98 41 29 3 2 10 63 75 2 66 92 38 39 29 15 46 48 75 91 31 22 74 9 72 79 12 56 3 76 17 25 67 59 22 13 43 50 98 80 1 24 56 86 44 99 17 24 70 72 15 95 16 79 70 65 87 38 78 41 7 3 62 35 74 75 4 0 8 74 0 29 36 93 77 75 65 35 69 99 21 91 44 68 46 16 13 89 19 54 84 95 41 52 67 83 40 83 31 92 91 18 41 99 43 15 1 38 11 1 98 26 7 5 87 0 38 66 30 87 12 16 29 44 94 21 69 54 8 47 3 35 7 36 88 43 88 54 93 43 47 33 95 88 72 76 59 97 71 68 61 26 50 99 42 27 3 12 15 29 91 54 88 27 55 85 53 79 69 99 44 34 57 36 64 
65 63 81 40 82 0 35 94 74 53 4 14 96 31 69 97 54 5 12 11 82 54 36 97 93 91 30 75 43 76 62 21 37 98 63 71 58 72 87 58 35 8 54 61 23 25 77 20 79 70 58 60 94 9 58 19 35 29 50 69 14 62 94 23 84 99 16 19 11 20 87 60 73 8 34 63 96 16 27 31 78 6 52 49 42 49 2 35 55 93 52 34 7 25 33 77 50 87 96 80 44 96 0 57 21 17 48 29 47 93 88 26 33 72 73 92 50 15 90 70 0 97 87 78 98 94 78 32 48 58 80 14 9 72 5 44 77 31 59 94 96 60 64 74 51 97 30 24 30 42 50 95 17 23 64 34 47 85 74 14 84 40 36 6 70 39 83 97 70 17 88 91 8 45 70 94 76 13 86 82 38 81 87 26 20 93 15 61 94 33 73 97 67 0 91 71 11 43 25 4 
96 85 10 75 33 23 95 46 15 88 62 93 14 35 77 20 20 59 63 52 64 96 98 97 74 75 93 18 96 82 28 98 84 37 30 2 32 32 98 35 42 58 37 45 46 97 39 51 29 19 88 21 59 80 50 40 43 69 52 50 5 73 64 22 60 54 39 52 90 86 84 47 96 66 80 90 74 79 30 2 23 31 28 82 37 82 32 4 12 94 29 99 34 88 12 32 50 48 86 70 97 58 29 76 50 22 83 9 19 77 49 98 42 65 44 43 64 82 60 5 51 94 15 25 96 50 24 61 13 39 79 27 35 40 48 98 38 72 97 9 15 74 5 81 30 87 23 38 62 84 56 37 66 85 88 17 49 37 62 20 4 78 13 87 62 75 1 64 65 33 31 58 79 43 10 34 91 34 70 65 65 7 78 78 24 50 16 58 70 79 23 33 81 22 44 46 56 65 53 70 
31 61 80 53 48 73 83 17 34 17 24 16 23 93 62 11 92 46 28 24 84 25 86 0 99 0 86 61 72 56 76 56 4 75 69 21 36 74 88 7 93 14 7 9 35 68 85 1 72 65 40 24 97 47 28 2 78 37 72 80 86 21 81 11 85 72 9 46 9 74 95 87 5 39 31 58 49 81 31 23 63 99 95 89 35 1 44 94 69 4 65 49 17 84 25 66 4 13 5 45 13 59 77 53 43 9 38 42 29 32 23 97 29 47 90 83 33 62 92 81 62 36 79 42 75 89 32 61 59 64 17 25 46 31 21 82 5 12 21 30 55 40 57 88 66 11 16 63 46 27 12 74 5 36 22 26 11 63 73 85 80 25 28 94 19 12 80 57 25 72 2 53 55 47 75 38 38 93 18 80 80 45 82 33 80 81 95 98 29 60 88 37 29 6 83 81 60 44 57 42 
70 17 25 7 5 11 18 37 73 34 67 14 50 49 51 26 4 51 86 48 14 14 94 93 1 14 45 48 13 55 54 50 71 42 90 12 33 13 45 17 32 78 60 73 92 98 14 70 25 26 74 99 64 82 15 10 87 24 7 86 34 95 51 64 26 48 87 53 79 85 78 89 5 4 45 26 22 67 36 56 55 26 63 92 32 72 46 51 81 89 12 8 67 67 69 16 30 39 35 5 3 79 85 73 53 30 1 72 40 47 92 89 75 2 15 9 82 47 60 64 42 57 69 28 0 22 68 19 79 87 72 44 78 66 11 37 1 6 25 36 26 23 28 83 95 83 80 49 63 57 36 69 26 83 69 17 73 37 15 91 33 68 95 71 22 7 36 94 3 57 76 5 44 95 32 68 93 93 34 44 1 36 59 35 53 93 1 80 42 40 19 67 52 93 91 13 45 15 15 67 
81 43 35 27 7 51 1 16 75 32 78 91 14 73 88 41 15 13 73 75 7 79 63 24 28 47 72 94 29 51 81 88 57 24 5 46 9 99 3 73 87 0 99 73 24 8 92 44 64 72 52 96 25 85 36 84 53 14 40 35 80 70 69 74 85 31 51 35 27 30 49 5 99 32 14 10 13 4 11 79 52 74 63 95 94 47 70 82 15 50 89 47 80 75 24 80 16 70 24 57 22 61 56 15 53 38 27 11 35 75 60 58 32 19 53 50 99 74 68 62 38 79 99 6 31 89 65 42 33 43 2 76 32 25 15 24 20 92 65 47 36 55 28 41 86 15 95 7 41 56 6 49 11 97 15 49 48 25 85 40 90 91 50 81 51 39 59 91 36 7 49 22 3 65 10 65 99 37 52 66 66 73 42 10 16 99 65 39 95 47 84 35 66 94 30 55 17 46 59 60 
73 34 22 28 44 13 79 41 52 66 9 25 72 27 29 25 11 90 72 36 20 71 69 62 77 63 22 10 52 37 28 48 31 91 85 90 47 91 10 65 59 18 14 46 6 36 6 19 10 38 48 60 19 33 21 2 35 20 97 87 95 59 90 17 78 68 30 59 80 46 56 6 34 77 30 49 64 6 42 95 31 19 30 96 4 92 27 50 56 15 88 21 29 77 68 45 14 90 68 48 99 11 41 47 87 66 86 16 21 63 24 65 24 8 46 51 35 21 52 42 48 73 15 8 92 43 67 52 3 85 75 32 72 75 32 12 32 11 29 57 71 83 70 58 71 87 80 66 88 20 63 94 24 22 21 40 35 97 94 33 13 53 80 79 15 40 70 10 44 6 99 11 25 36 76 9 19 38 39 40 55 37 73 35 58 89 42 2 58 62 34 0 5 62 3 21 28 34 34 55 
31 16 30 47 39 37 47 66 80 14 23 33 12 40 97 68 27 44 3 77 9 52 42 73 73 47 55 83 60 71 45 10 69 9 72 23 53 25 95 90 34 39 21 69 80 52 96 13 72 21 56 6 52 97 83 85 14 53 5 84 9 13 66 12 98 57 5 66 23 25 67 52 89 72 81 33 65 83 34 63 63 93 72 60 35 14 29 11 89 56 13 40 88 82 98 47 90 67 98 25 54 81 24 68 57 43 6 4 88 59 50 25 42 36 52 71 87 43 59 75 88 4 57 28 26 80 20 10 49 49 79 46 32 57 65 66 14 82 25 54 54 29 25 51 11 30 47 31 86 39 89 78 5 13 48 19 34 67 13 42 47 17 95 36 94 36 63 19 32 26 57 20 46 96 78 70 8 54 38 29 25 48 84 95 95 38 16 45 71 21 37 93 20 88 23 99 25 91 66 42 
51 47 43 33 99 14 74 57 68 30 29 16 49 32 76 18 81 1 82 35 15 72 23 61 68 49 26 64 23 11 25 99 79 53 18 49 99 89 44 96 90 76 79 68 80 8 73 48 53 96 25 76 89 6 76 90 27 90 61 90 74 6 72 31 53 55 39 88 77 51 1 52 12 53 4 58 60 48 21 63 98 20 14 20 32 93 75 95 30 37 7 97 40 72 41 21 7 2 54 99 13 78 93 0 29 20 82 21 11 72 47 22 0 4 8 12 70 22 41 44 39 19 1 34 39 59 73 34 14 11 2 26 38 38 43 28 41 11 42 85 39 91 45 58 47 86 92 58 74 4 69 9 88 36 3 8 29 69 23 76 7 36 43 3 34 53 84 32 12 56 75 75 99 34 19 53 55 36 73 61 28 5 60 15 39 56 64 59 60 60 76 33 53 33 67 64 60 61 87 89 
2 97 27 6 59 18 47 66 8 99 52 14 72 71 22 25 54 19 92 20 23 38 35 36 51 0 15 36 29 56 97 22 43 4 2 62 38 8 14 65 86 19 49 79 22 7 38 83 28 0 57 81 30 67 70 30 67 95 58 7 63 16 1 96 92 22 29 47 38 31 46 67 74 44 43 39 47 69 64 9 20 77 44 37 5 29 25 98 64 55 50 62 75 42 60 53 11 30 92 34 42 94 75 95 82 26 7 42 29 65 66 72 56 32 4 65 56 59 57 8 5 16 43 44 53 85 42 19 89 78 34 86 82 56 77 90 23 52 0 97 33 27 13 83 27 13 71 15 7 44 58 1 52 50 10 26 6 87 86 58 87 20 19 28 6 34 63 98 10 16 75 7 7 34 20 31 25 14 9 90 30 25 95 68 32 1 79 74 20 70 76 16 91 77 9 15 11 28 89 81 
17 76 71 73 48 55 68 83 70 54 71 26 13 98 45 5 5 80 73 54 68 47 1 83 59 77 13 27 75 94 84 79 90 96 25 17 2 14 88 83 18 96 65 20 93 11 23 92 63 37 37 22 3 82 25 27 77 80 74 76 27 72 52 6 67 78 93 97 95 51 78 91 89 37 26 95 88 95 18 18 31 90 70 28 60 63 19 26 99 85 18 67 12 21 68 24 58 93 86 28 6 94 47 76 35 77 10 4 35 7 62 50 99 60 69 22 90 57 92 74 12 61 65 99 52 91 17 41 34 12 44 87 58 90 74 81 77 52 67 25 51 52 58 33 20 74 81 44 95 58 0 38 63 81 60 32 60 12 90 7 67 80 64 81 29 8 51 35 29 69 35 36 66 24 50 57 18 26 47 28 22 76 66 67 38 51 35 23 57 72 52 84 28 9 62 42 74 69 8 36 
76 38 42 73 66 35 60 24 46 14 67 76 70 8 22 16 88 15 49 23 18 45 42 79 87 83 86 35 65 78 78 70 99 37 77 66 77 87 45 14 54 39 60 11 53 70 45 25 57 23 19 44 94 58 73 81 11 53 30 79 26 98 76 61 12 51 83 9 49 30 72 17 64 5 74 22 2 1 15 75 61 57 48 59 95 86 1 48 4 76 57 62 25 40 84 11 97 64 62 57 9 6 82 71 90 52 79 24 25 23 87 92 80 7 1 71 36 66 85 27 63 45 81 96 82 71 62 6 29 31 71 59 69 5 26 24 50 92 32 61 86 46 90 46 90 27 65 8 89 14 26 35 54 86 6 22 33 12 75 70 55 14 28 58 53 39 54 30 91 4 56 37 26 99 59 89 36 77 17 30 2 38 35 70 74 99 98 43 62 67 31 41 17 3 5 26 73 42 66 99 
92 37 89 53 71 66 7 80 28 91 29 22 11 93 61 43 55 86 74 56 1 32 77 37 26 99 34 64 85 65 63 74 3 47 31 4 94 82 18 23 39 32 56 31 96 93 27 6 26 17 81 19 67 82 34 85 54 70 33 66 61 11 25 52 67 22 71 46 87 69 47 38 46 35 83 2 89 36 98 60 13 2 52 54 90 19 97 26 9 20 17 90 93 73 67 4 28 54 57 96 87 69 62 18 19 77 17 1 38 39 78 48 77 83 14 41 15 25 3 75 63 56 52 20 85 95 82 78 30 6 92 33 48 11 37 38 0 30 55 99 71 6 14 58 11 9 49 90 75 9 60 96 88 55 66 67 89 41 69 2 13 43 73 65 76 11 49 14 23 74 52 85 32 28 90 59 74 95 97 7 76 59 19 29 88 33 45 7 42 62 1 49 53 69 83 61 53 69 89 11 
94 24 89 81 50 51 67 26 53 63 23 24 16 23 4 59 99 6 58 8 62 27 26 2 91 88 99 16 17 73 15 68 48 33 66 6 99 69 13 83 42 3 15 35 2 96 48 17 21 26 8 35 82 29 31 26 29 8 20 90 83 62 31 5 17 90 78 68 73 67 67 67 60 8 84 62 25 63 23 75 91 85 80 79 87 10 76 23 8 8 39 68 51 1 78 18 4 16 41 8 10 81 82 21 95 42 99 56 59 28 8 90 39 6 57 92 7 98 99 15 97 2 36 33 0 2 7 84 7 10 0 93 68 67 10 69 99 69 55 62 27 15 56 57 98 22 73 91 56 79 41 66 98 8 82 93 64 97 76 90 57 67 83 19 85 36 82 47 92 60 1 87 33 36 63 53 33 97 56 19 65 19 21 46 81 79 74 84 54 9 14 33 18 54 81 75 15 49 34 4 
90 53 12 99 33 50 96 64 38 67 59 44 78 12 28 77 44 7 31 75 66 44 27 56 86 76 75 47 61 23 47 95 45 58 21 26 27 79 95 56 11 4 22 34 54 96 61 91 21 51 98 57 8 92 95 15 58 41 69 82 75 60 69 93 37 20 48 29 35 89 13 40 79 83 44 50 7 99 90 94 42 77 42 87 77 70 38 6 56 57 22 53 25 80 95 44 14 19 8 59 25 37 38 37 2 17 18 47 28 75 63 76 73 83 88 48 11 10 47 10 77 40 86 98 27 29 90 74 25 42 38 29 46 99 1 14 71 86 87 42 89 55 1 0 77 6 51 16 3 96 58 14 77 69 38 80 81 97 62 55 80 43 97 82 96 70 7 15 12 10 92 46 82 94 28 11 46 18 72 31 25 67 80 86 17 2 46 60 67 69 90 2 24 80 6 22 56 0 67 29 
48 41 93 99 79 33 15 28 44 62 47 30 34 16 61 3 15 57 97 88 49 77 30 43 2 14 4 13 91 91 2 90 67 70 9 1 69 36 35 19 63 20 63 72 32 88 24 24 65 95 8 51 7 45 11 14 20 41 28 16 11 96 35 13 93 27 84 85 54 47 71 28 95 70 1 17 41 49 98 13 49 11 82 54 2 45 69 35 56 96 98 50 78 59 3 19 78 6 83 38 87 1 80 44 64 1 92 82 63 15 22 87 25 39 16 39 76 36 47 99 17 17 29 67 2 39 46 10 43 76 34 80 37 19 26 2 26 65 65 14 16 92 73 69 76 45 30 37 90 36 30 14 6 42 25 43 77 54 79 33 70 72 48 60 86 10 12 79 6 90 3 89 99 70 70 59 54 2 99 76 85 7 41 94 65 16 84 19 42 2 91 80 12 36 66 17 36 96 82 33 
22 67 47 76 95 94 6 42 74 18 92 13 19 5 13 73 29 51 55 27 89 36 77 88 17 42 84 23 33 93 25 98 95 65 93 37 70 60 13 4 54 5 0 31 98 36 17 22 2 63 85 61 90 0 10 36 70 72 21 75 75 67 65 54 46 17 32 3 71 88 66 88 41 75 71 10 77 27 2 94 52 39 4 15 32 86 97 52 81 40 89 0 76 4 69 59 89 24 9 91 26 78 13 39 15 47 79 55 59 89 88 52 47 1 40 36 21 5 27 5 32 30 21 18 98 10 78 83 46 97 59 19 47 89 8 83 56 74 86 68 66 55 2 72 87 7 6 73 8 95 56 10 2 36 77 46 84 43 40 74 64 79 11 94 62 30 80 59 77 80 80 16 65 77 45 74 4 86 42 0 98 38 51 63 34 44 72 95 94 15 78 54 22 49 48 25 47 29 68 15 
52 93 38 84 8 95 60 55 95 70 11 20 37 43 84 33 6 88 47 1 4 60 52 97 38 24 47 42 95 38 46 48 58 9 64 98 27 32 64 90 58 26 65 62 62 33 5 39 93 62 97 0 38 29 35 50 23 24 71 43 44 93 98 93 71 27 81 33 38 2 80 3 86 28 18 52 85 58 31 73 3 35 47 53 4 25 35 42 89 73 45 48 19 45 85 3 32 17 41 70 73 67 5 91 44 82 36 45 7 12 29 75 76 78 5 83 90 41 39 40 48 63 49 76 25 76 71 72 79 85 50 75 12 80 79 65 90 33 79 21 38 17 65 98 52 33 42 75 0 21 4 96 40 21 54 39 84 76 27 74 86 40 5 50 51 77 45 13 18 61 28 25 44 43 15 1 67 42 82 8 55 29 61 38 9 17 53 77 98 62 70 93 55 93 97 87 67 17 23 36 
50 49 58 92 99 82 32 61 61 22 78 22 25 48 87 39 63 49 33 26 53 33 51 91 92 62 36 73 22 78 42 45 12 87 34 58 65 80 72 29 34 53 38 53 59 83 26 14 42 57 3 83 51 15 67 78 96 97 58 60 89 22 34 96 27 29 76 48 84 99 66 33 22 91 57 34 94 59 33 60 50 83 31 40 75 46 85 37 71 87 24 24 97 66 6 58 82 36 63 53 82 25 55 49 94 91 60 20 44 50 36 83 60 6 71 15 24 20 82 1 48 56 86 6 16 14 43 42 99 4 64 21 30 28 82 98 80 47 59 31 75 20 4 69 74 37 42 58 80 19 74 77 61 0 15 5 40 54 65 72 97 33 6 0 20 65 4 75 13 21 89 52 1 19 81 14 62 65 78 76 6 7 52 85 9 15 48 17 36 97 3 84 28 91 6 95 56 47 80 24 
58 46 46 21 84 49 50 93 58 74 12 42 50 42 13 25 52 36 4 98 27 72 93 27 8 85 72 41 90 4 47 34 78 90 15 81 71 0 0 89 64 24 95 87 4 94 96 38 90 32 64 69 51 96 48 56 57 56 3 35 94 18 76 68 0 60 36 93 22 14 99 37 10 6 72 71 80 57 14 47 16 79 31 42 91 35 84 76 88 84 19 68 52 26 21 2 54 30 44 55 45 19 50 10 98 86 10 50 6 77 18 17 56 53 2 91 83 13 96 2 15 17 69 92 32 52 3 61 99 46 60 86 36 33 65 30 55 62 66 41 55 55 37 91 71 34 61 86 75 72 81 26 19 6 89 87 82 4 52 76 58 89 99 71 99 55 65 60 45 39 60 87 85 6 70 93 85 37 83 90 35 38 15 84 12 41 74 30 3 78 8 59 61 43 98 21 26 72 46 45 
96 21 27 97 69 40 95 55 91 83 69 32 75 28 76 61 39 76 41 56 41 21 14 98 27 64 52 76 89 29 39 40 3 19 31 1 96 47 57 58 43 61 42 94 27 10 23 16 10 8 34 65 62 38 91 62 80 75 82 4 44 18 21 77 93 79 29 65 4 40 82 89 31 96 83 30 36 36 14 89 35 1 83 18 40 17 99 62 76 37 96 2 91 87 7 33 23 15 97 45 47 83 66 84 41 19 63 80 64 50 54 29 21 55 15 66 73 30 37 91 67 47 61 25 87 3 22 98 18 80 38 27 91 60 44 56 27 61 79 51 20 43 18 63 75 73 8 61 3 9 45 47 6 39 2 93 98 19 94 6 2 98 45 89 58 10 65 95 76 89 51 7 33 97 59 99 71 96 35 80 24 97 9 81 79 81 66 55 73 12 62 69 63 57 2 42 79 59 77 72 
4 76 54 44 41 78 0 21 80 68 23 62 43 0 46 14 35 83 26 18 81 72 70 10 22 20 80 55 69 81 75 64 94 30 88 19 70 38 74 26 38 33 93 7 83 36 23 84 59 19 45 50 68 79 71 65 33 53 79 59 62 41 91 1 64 95 14 79 26 19 52 53 17 43 88 44 18 77 73 6 97 2 76 20 0 67 57 46 49 54 20 78 5 91 66 50 93 86 80 40 31 80 83 55 85 82 41 95 35 21 11 4 30 16 63 51 56 22 63 78 87 96 51 37 58 66 48 60 97 53 57 6 88 0 51 95 42 73 43 15 38 11 87 51 75 45 73 31 64 50 62 64 97 86 39 46 69 24 24 90 20 18 10 82 84 44 19 81 88 41 43 13 15 82 57 94 7 45 67 77 67 77 2 16 97 2 81 88 30 7 59 12 7 2 59 96 21 32 56 1 
55 50 81 99 98 87 58 93 37 7 92 0 95 79 6 62 34 54 24 96 85 12 20 42 36 69 15 38 18 68 69 52 7 96 52 8 8 98 94 20 43 60 57 36 87 58 2 39 88 64 13 8 58 55 20 41 16 79 46 30 7 79 43 77 76 83 77 72 75 75 80 60 68 36 89 21 3 65 27 63 6 14 80 15 26 71 75 80 55 99 45 51 36 75 33 65 23 46 67 48 16 97 37 5 52 3 45 16 15 35 93 56 66 60 80 41 75 50 76 43 62 66 64 77 5 22 72 78 42 94 91 23 28 62 92 29 67 33 36 44 79 97 15 28 79 32 25 39 78 66 55 59 7 52 6 13 26 37 95 62 63 7 72 13 57 56 50 82 89 98 99 58 0 59 22 58 21 57 56 52 60 48 22 67 32 33 72 90 96 24 52 41 40 29 95 95 32 84 87 95 
86 9 58 0 64 21 9 11 68 34 1 88 19 80 18 87 39 89 82 37 25 6 92 77 35 12 0 72 66 70 86 73 98 15 32 80 8 98 85 21 29 64 75 84 77 26 2 80 66 68 14 4 6 97 9 20 38 43 50 44 18 26 3 34 93 64 94 2 17 27 98 10 74 87 59 67 1 78 31 21 48 53 7 46 52 91 39 89 71 11 1 40 95 83 39 44 71 12 43 93 57 1 99 38 76 10 49 65 74 7 44 94 53 69 19 4 85 73 21 21 89 13 30 47 59 26 34 43 37 78 0 13 78 94 84 12 75 47 4 63 98 74 83 0 13 72 35 52 79 79 72 27 80 7 9 49 81 91 63 49 53 60 12 82 78 70 90 84 40 76 72 8 84 95 28 9 27 58 30 88 24 33 80 31 96 61 62 59 17 70 51 96 53 84 48 80 39 79 93 82 
5 50 58 44 32 70 40 80 29 22 69 79 26 42 76 70 89 45 7 16 39 7 89 92 99 83 72 20 55 23 8 15 8 89 26 7 86 18 15 42 14 34 7 78 72 3 28 22 11 65 19 56 35 29 46 23 57 61 31 70 8 60 28 70 47 85 59 98 42 13 92 37 47 64 25 39 98 1 49 13 78 62 96 7 73 22 98 55 21 21 69 64 89 96 85 43 56 98 70 76 44 81 84 20 18 85 26 41 55 2 59 15 38 48 94 94 5 20 28 68 85 41 20 28 10 27 14 79 66 23 94 30 84 35 43 59 92 41 7 93 13 94 13 7 39 39 59 4 67 16 25 12 76 63 37 85 27 3 63 60 72 61 20 42 6 75 95 95 25 11 52 62 87 23 48 81 30 87 28 50 39 82 20 57 53 4 3 52 52 91 53 89 8 16 0 27 99 53 11 87 
46 13 68 48 77 79 36 77 53 11 64 6 90 49 50 46 74 16 56 40 5 14 76 7 33 60 5 86 37 40 29 32 9 65 91 75 63 79 23 8 21 4 48 46 98 67 94 36 30 50 56 89 58 45 35 36 75 37 99 89 41 98 66 76 39 24 43 32 10 91 32 37 79 94 59 98 60 2 73 94 9 68 24 67 35 12 71 43 26 90 4 67 84 69 77 77 57 50 6 66 96 3 25 68 33 77 95 24 89 43 78 32 31 60 36 71 73 31 99 5 46 4 61 40 16 86 94 3 18 3 84 22 82 55 39 18 61 21 12 78 79 34 10 74 20 59 91 56 22 33 44 44 27 31 45 97 43 32 87 64 41 82 74 2 81 74 49 82 34 29 59 76 8 66 77 89 93 97 14 42 51 7 2 95 90 91 9 49 16 49 2 54 12 25 27 8 15 74 40 32 
28 75 40 28 67 57 94 56 36 46 52 78 45 94 76 35 25 44 8 72 98 23 87 40 82 66 88 36 61 89 3 21 78 69 18 8 63 5 50 68 98 78 46 3 2 52 46 22 85 18 12 2 75 35 71 71 35 50 25 4 44 3 3 43 90 56 10 15 22 31 40 59 64 68 91 89 72 61 29 91 27 76 89 4 78 81 22 38 18 53 61 66 35 26 47 73 99 87 95 46 83 11 37 11 80 97 40 33 17 55 21 22 65 87 92 37 87 45 43 77 49 22 45 2 57 49 80 96 9 48 6 56 66 37 48 52 96 81 5 62 19 20 53 72 88 55 69 90 98 31 18 4 39 11 84 82 80 51 58 42 52 61 66 97 43 56 94 16 90 72 53 96 5 62 34 44 13 20 87 42 23 94 69 12 69 70 7 76 59 65 72 54 96 83 61 49 66 2 67 21 
76 58 76 20 19 39 12 86 87 93 75 5 22 11 89 72 49 92 69 15 26 11 27 84 5 46 24 53 71 93 98 27 96 98 24 41 89 63 6 23 25 56 84 51 71 46 85 1 56 69 47 56 69 25 30 97 12 14 57 44 74 2 27 36 96 21 34 99 22 68 48 57 9 55 55 81 30 47 31 58 34 64 77 18 51 34 98 36 79 87 44 87 76 56 4 34 83 59 41 62 45 37 75 75 18 47 20 54 40 18 11 15 92 79 50 49 91 16 54 22 35 36 96 72 91 1 14 16 65 12 63 91 95 41 31 98 64 52 70 95 55 46 86 56 68 48 51 25 18 69 31 53 9 38 82 90 52 67 88 19 82 84 12 9 29 73 31 0 91 97 85 18 16 9 20 78 71 12 19 83 13 10 64 7 59 37 61 86 4 76 60 62 74 18 25 1 51 77 36 96 
75 12 35 73 76 33 84 52 6 79 19 22 4 11 34 40 47 45 82 38 9 30 74 41 13 56 62 45 17 17 45 83 24 95 81 0 73 67 95 30 44 61 38 35 71 95 61 50 63 14 53 49 13 21 79 28 67 80 38 83 27 8 31 32 14 15 10 65 25 79 4 9 52 73 57 76 7 8 36 83 97 31 69 87 6 95 35 44 8 39 93 51 34 91 74 91 17 44 63 34 67 24 40 95 36 69 12 63 86 44 28 63 40 86 55 12 2 83 5 16 36 52 97 11 4 55 61 92 74 58 43 98 82 43 6 43 95 35 62 40 70 88 12 56 80 37 86 45 56 68 61 88 20 13 0 57 55 10 88 8 19 32 4 42 4 97 43 46 29 64 91 45 97 44 1 8 68 49 98 74 76 87 53 13 90 76 50 9 49 16 56 90 93 84 94 49 12 0 3 50 
37 16 40 80 57 68 87 78 94 22 21 5 18 32 63 54 48 42 52 45 36 27 9 66 29 64 23 95 6 84 73 74 85 22 77 73 88 35 65 35 9 23 37 16 18 46 55 19 88 75 65 11 79 77 98 81 29 25 80 49 30 71 22 15 5 84 90 82 80 42 71 89 97 93 86 74 99 27 62 65 76 43 7 79 22 56 12 18 27 58 23 77 12 67 85 52 55 4 25 25 0 6 86 35 75 41 69 8 64 89 27 23 6 54 87 11 24 6 83 9 89 25 60 74 32 66 75 69 32 91 53 81 0 93 26 42 57 45 6 8 62 69 67 69 40 47 71 37 99 87 50 63 13 20 95 61 46 46 79 34 96 21 68 27 16 59 50 92 24 85 12 29 30 59 70 92 37 36 83 12 38 85 25 67 30 13 82 20 98 40 58 92 75 73 22 62 64 14 91 76 
24 15 56 16 84 99 35 59 89 67 2 53 81 99 61 85 36 38 8 98 80 67 11 30 26 65 92 54 76 52 24 66 70 89 65 47 88 85 31 46 87 93 33 2 84 84 54 61 59 35 75 67 29 1 15 16 39 15 10 59 0 54 62 11 4 65 92 89 91 0 73 78 89 1 4 38 87 81 3 84 27 82 84 28 3 0 18 95 71 80 67 34 32 56 93 6 72 37 12 10 87 45 78 21 18 49 2 58 47 86 85 53 32 21 18 76 4 41 75 58 79 20 44 58 20 78 80 87 16 1 26 35 26 76 6 22 94 63 35 92 30 11 47 45 34 6 25 35 54 56 51 37 82 63 45 44 56 60 92 39 10 27 21 19 98 33 92 2 6 76 73 31 25 59 46 83 57 51 7 58 87 65 49 81 99 72 33 26 53 29 72 57 60 50 14 78 49 80 8 99 
4 20 69 27 65 47 14 35 57 13 90 92 89 71 82 45 84 53 60 42 69 35 5 13 76 77 41 57 38 28 71 60 41 99 74 61 68 20 54 77 90 51 22 9 26 32 34 1 88 8 71 16 78 8 82 92 93 17 33 27 4 15 69 73 1 84 93 8 68 68 10 2 45 59 12 50 81 26 63 94 95 46 34 38 6 69 0 57 83 86 7 88 41 59 65 11 1 21 89 72 11 71 35 77 40 35 24 10 86 82 72 82 85 78 4 94 91 25 34 48 82 64 6 36 52 1 64 21 87 88 16 50 95 63 57 82 29 80 81 81 53 52 31 4 74 18 34 28 56 2 29 17 26 38 67 96 93 68 42 27 77 34 50 1 34 30 75 42 62 66 27 51 46 71 25 41 10 84 59 46 36 78 73 29 47 98 78 51 68 74 18 70 13 11 92 81 90 10 62 60 
57 65 68 37 77 65 41 51 37 98 44 86 21 54 25 23 81 34 90 14 29 85 16 61 45 42 70 39 6 97 34 48 96 89 61 82 38 76 40 41 67 82 44 7 78 14 90 56 24 75 39 28 80 86 69 96 80 53 31 17 42 67 78 67 29 17 93 91 41 65 93 91 12 28 36 38 91 98 75 22 76 20 90 25 69 53 85 80 97 38 48 90 42 22 58 20 35 34 38 63 10 84 45 98 80 2 56 30 60 97 29 67 66 39 63 5 97 10 11 96 70 94 52 55 62 13 11 55 94 24 28 26 53 0 44 65 48 3 27 63 33 89 43 43 56 34 37 61 46 69 68 72 10 25 32 10 42 75 81 32 49 79 20 72 27 71 17 45 54 66 70 13 10 40 50 17 75 15 45 44 13 97 83 12 53 99 32 42 38 69 51 56 14 23 94 82 2 3 28 96 
72 64 88 17 71 99 17 33 16 92 47 70 79 43 93 37 75 59 55 71 54 39 82 78 32 19 21 71 68 93 50 60 8 41 14 42 76 6 61 11 37 78 58 84 38 15 9 6 12 82 25 42 47 49 37 91 76 68 62 79 59 89 99 57 0 41 35 81 6 16 98 19 0 24 18 89 4 37 80 96 68 48 27 30 15 82 57 34 88 2 36 7 97 91 26 45 82 47 32 20 87 75 23 2 92 84 60 17 67 21 98 90 47 9 37 4 11 43 22 23 41 29 52 86 48 23 60 70 92 76 40 45 60 13 69 84 68 48 4 97 37 62 26 84 50 49 18 58 4 89 87 22 75 57 77 40 30 24 37 47 97 85 52 32 86 79 11 63 86 77 61 16 41 13 73 22 43 60 27 22 8 62 12 72 26 29 36 57 42 55 32 77 65 64 20 87 3 77 66 21 
33 99 68 94 83 46 14 89 27 33 8 80 89 58 2 88 67 95 77 50 32 96 29 99 92 41 51 44 37 63 54 81 61 14 52 40 54 49 74 48 67 65 0 46 93 63 65 2 64 5 35 63 96 83 17 1 46 14 10 99 91 12 6 12 22 25 30 96 92 34 44 43 93 56 27 30 86 43 84 23 55 12 10 98 82 68 64 47 55 49 88 42 84 90 58 29 68 38 41 97 84 97 93 95 3 74 10 71 11 24 84 34 2 76 20 89 82 90 37 14 15 20 98 91 90 11 23 20 47 27 54 4 98 21 97 35 23 91 25 2 96 12 29 35 43 88 42 63 44 42 85 57 22 65 44 61 92 76 85 25 75 73 89 43 23 43 71 75 51 50 35 82 17 35 58 67 41 46 79 40 24 40 27 41 4 92 85 25 58 40 3 57 1 88 93 33 57 51 40 68 
78 28 65 99 33 79 83 49 92 84 53 73 66 48 56 44 17 19 41 86 4 81 10 43 3 59 3 54 49 89 99 80 96 41 94 38 87 11 25 49 91 71 48 37 26 18 8 89 58 92 89 8 30 93 13 19 94 8 46 15 31 52 21 58 65 41 95 77 0 82 12 75 4 47 37 41 13 21 22 41 13 33 61 83 16 21 93 70 55 57 7 87 20 90 17 23 72 80 96 22 77 5 43 16 90 87 84 83 13 87 14 14 40 96 80 68 94 37 38 87 24 3 29 34 78 37 40 77 43 17 16 9 42 4 95 39 41 73 8 93 0 90 10 95 61 74 63 74 41 93 11 10 15 74 77 17 83 14 49 63 98 14 63 65 31 63 15 53 17 83 90 31 24 63 3 88 30 30 77 13 87 65 13 56 66 5 43 23 29 65 13 42 23 65 38 50 96 13 28 49 
74 6 29 11 55 25 32 37 1 62 23 58 73 76 55 20 55 2 6 68 94 49 4 80 71 39 1 80 6 43 98 59 5 62 86 51 79 46 75 35 92 72 17 72 96 12 21 6 17 35 38 97 36 16 5 91 94 72 31 72 43 26 28 95 28 11 44 23 62 84 16 18 22 33 70 20 26 35 37 35 59 49 69 49 65 64 5 67 44 71 1 65 9 56 62 50 0 44 44 97 87 84 16 64 39 17 82 88 25 34 65 2 19 56 48 56 4 50 99 43 2 45 7 31 50 77 89 23 42 30 18 39 18 42 74 67 95 4 47 62 95 48 13 79 32 40 90 15 57 46 92 67 18 75 67 35 32 59 65 94 4 2 53 40 35 10 32 30 34 74 10 85 94 3 62 86 34 84 24 49 48 80 27 99 38 75 64 68 2 52 25 56 40 30 61 89 1 56 35 34 
40 10 14 2 25 13 64 20 25 82 77 10 13 63 57 76 76 97 60 18 51 30 78 76 64 54 48 33 63 39 42 6 57 1 20 76 39 75 46 24 73 56 31 42 72 65 6 13 78 99 84 1 61 83 36 2 62 20 40 84 46 0 10 50 97 71 83 7 10 9 12 83 43 35 90 22 25 4 41 70 87 71 83 62 23 59 22 95 13 74 85 46 27 3 14 82 4 80 81 52 85 87 4 96 65 19 20 85 92 53 66 19 46 75 98 40 13 56 32 90 32 97 96 52 98 96 28 31 54 56 14 98 32 68 36 71 36 7 38 96 5 3 66 77 65 9 92 0 55 93 3 3 65 13 36 65 67 51 4 0 56 34 44 57 99 30 0 28 52 73 91 77 13 68 93 71 19 42 54 5 57 5 79 59 23 74 94 41 23 87 99 73 16 84 52 73 50 3 61 4 
42 23 44 86 78 14 43 42 48 77 95 11 39 53 11 64 86 76 86 29 4 50 81 47 8 76 12 83 1 72 22 38 64 2 60 35 49 59 50 73 24 56 84 2 10 81 24 69 94 46 15 44 99 30 53 93 70 87 56 86 13 9 96 54 12 58 53 2 55 41 61 92 51 89 49 59 52 53 49 99 91 86 42 90 45 80 32 31 8 64 72 42 64 37 3 85 45 7 63 57 7 84 22 75 1 57 37 21 70 84 95 28 17 94 86 40 61 32 1 90 56 21 71 72 47 2 2 10 18 36 87 68 96 34 94 39 42 76 25 25 49 47 41 7 44 43 24 53 46 73 25 77 84 76 57 59 7 98 94 17 89 2 81 93 68 90 72 47 11 34 76 33 87 67 77 96 49 76 87 57 54 80 71 44 95 18 23 48 66 10 54 42 45 65 56 90 46 67 32 8 
6 86 15 71 37 18 60 36 98 71 68 5 80 14 16 56 53 39 21 77 66 74 31 30 74 89 49 42 69 70 52 8 28 26 17 94 96 28 28 14 96 42 15 76 76 21 76 87 58 67 58 48 97 82 13 72 28 6 19 62 95 23 17 45 42 84 23 15 11 51 25 90 80 6 99 14 69 33 74 60 74 98 67 56 97 73 31 5 27 84 51 89 95 70 58 95 78 57 25 77 45 21 66 41 84 19 49 55 73 40 42 36 33 67 35 58 21 13 21 40 55 30 85 23 89 6 41 44 2 17 74 84 44 28 44 18 42 37 84 68 51 80 86 93 95 11 11 73 37 48 28 69 28 53 52 96 13 84 74 26 72 67 47 37 35 46 55 53 53 87 17 76 80 47 16 86 24 38 98 13 64 83 4 96 94 65 76 65 87 4 42 17 86 17 75 95 94 71 37 87 
80 67 79 4 18 87 20 47 80 24 57 55 72 5 40 70 69 14 70 49 44 90 33 3 35 77 15 46 81 53 5 75 57 75 99 35 74 33 59 89 55 49 8 65 8 56 5 82 65 51 70 97 66 18 46 22 11 64 14 42 68 59 45 81 11 16 56 77 40 68 32 63 42 28 26 10 72 66 70 37 95 66 71 47 54 84 18 81 74 94 9 28 15 44 50 50 6 62 91 6 88 2 48 74 63 51 76 47 80 80 84 17 37 81 26 73 20 35 60 5 80 23 31 75 26 49 55 0 34 89 68 55 7 25 91 96 44 4 17 66 61 2 35 16 69 25 74 39 29 8 93 61 17 42 29 20 89 2 69 2 23 76 74 87 35 82 80 23 3 80 62 46 93 84 50 74 97 62 16 4 59 59 9 93 41 77 83 58 8 51 39 29 97 72 86 26 26 37 16 54 
98 74 50 99 5 2 1 5 67 60 44 24 4 60 75 61 4 26 24 45 36 63 58 7 80 97 75 57 14 78 34 2 47 20 10 62 42 15 30 39 82 86 69 47 43 75 99 98 62 54 77 69 39 91 53 67 64 39 66 27 85 72 11 26 36 52 61 2 94 5 54 47 17 17 32 17 31 83 62 51 63 0 57 43 3 44 66 89 70 22 74 44 6 13 2 26 16 75 48 47 38 70 0 18 42 62 92 75 14 54 88 13 27 38 69 42 94 80 70 98 52 41 76 45 25 11 64 51 71 97 3 86 31 99 98 43 64 66 69 21 79 6 72 18 3 42 8 2 26 79 55 61 31 62 36 60 73 63 65 60 81 30 85 2 12 95 52 98 83 80 9 81 34 48 51 16 5 25 31 88 29 75 45 90 60 51 41 84 32 53 76 89 30 54 11 75 36 88 79 36 
35 23 10 81 99 71 69 99 15 3 46 26 53 86 7 78 21 13 4 34 97 84 82 18 98 20 84 46 9 88 31 51 88 82 96 72 78 93 45 1 79 64 88 7 89 86 82 60 68 56 28 28 48 14 70 76 97 81 69 82 82 96 35 21 42 86 84 67 59 76 3 8 75 28 81 8 17 33 17 84 47 55 42 77 77 85 1 66 71 29 54 47 23 96 27 66 61 95 46 72 42 9 76 79 50 86 11 43 97 71 37 75 76 91 61 18 29 26 46 5 32 24 82 98 52 60 17 81 45 41 45 26 11 32 72 87 43 67 15 51 68 2 2 4 34 49 62 17 94 53 14 19 88 62 89 21 68 47 18 78 23 92 34 90 66 1 38 79 0 72 92 65 92 77 83 51 33 79 76 4 13 38 93 82 16 42 0 67 54 35 25 77 57 19 56 58 23 32 27 51 
28 98 28 12 41 31 57 13 53 74 60 35 42 32 70 42 22 1 67 73 39 90 64 11 8 63 16 49 47 88 2 76 99 52 35 16 69 25 75 25 70 57 62 60 90 80 45 30 80 79 93 81 72 61 43 23 5 4 37 79 48 54 32 4 21 41 50 61 49 35 62 3 28 94 17 57 39 10 59 18 60 84 47 54 13 20 7 69 71 54 36 57 92 70 60 66 30 76 33 60 33 93 17 75 35 47 22 70 31 38 24 22 36 96 80 84 10 58 8 82 65 97 20 22 21 28 71 99 98 70 99 56 93 82 81 50 67 53 28 97 48 64 63 74 74 95 41 96 56 53 73 73 13 20 18 6 97 72 21 25 61 7 57 81 78 8 33 7 28 84 12 72 28 76 1 15 80 68 98 37 25 99 3 66 2 13 22 70 27 97 9 71 20 7 70 68 90 25 62 78 
26 16 6 51 18 81 42 65 53 36 10 19 43 49 73 94 19 70 7 37 70 92 40 81 9 93 63 40 11 10 28 36 98 24 68 52 18 8 61 18 93 91 29 15 84 39 64 3 22 20 10 55 0 57 61 40 93 59 79 53 71 94 34 32 14 25 13 93 43 37 42 84 0 61 97 92 6 25 32 20 62 62 58 72 72 52 93 79 41 99 91 20 88 27 57 63 75 3 11 81 91 36 74 50 38 41 11 78 43 82 40 10 91 34 68 93 26 53 95 74 79 14 59 84 57 11 12 35 86 78 95 89 41 57 57 49 71 69 30 98 21 76 92 23 25 38 48 21 14 56 36 14 41 40 66 49 53 36 92 70 10 10 48 48 53 39 94 87 95 79 64 3 39 85 33 14 16 87 29 85 40 44 92 94 54 80 88 16 42 76 60 63 82 23 15 50 7 11 66 91 
70 80 85 73 85 82 15 23 80 57 67 76 88 22 78 94 77 80 58 44 63 28 21 59 0 48 63 51 27 85 24 54 92 48 54 49 59 18 29 63 62 64 43 46 26 10 50 35 40 14 0 21 12 71 91 77 95 18 85 4 90 93 29 90 53 63 22 1 77 39 76 93 44 60 93 43 39 20 42 16 66 99 94 99 93 11 85 81 95 37 97 16 86 55 17 54 46 8 35 60 39 71 95 18 71 64 44 8 21 79 87 49 15 19 42 23 66 34 68 16 95 45 70 63 20 10 95 46 25 36 22 51 25 63 67 52 88 37 81 80 57 37 36 22 43 29 43 64 35 13 71 69 57 50 68 10 17 16 43 79 84 3 10 96 67 15 48 25 5 71 16 55 76 96 3 72 38 87 47 59 21 12 39 40 8 99 80 56 79 51 55 76 41 1 76 42 9 83 33 41 
32 66 44 62 56 9 16 42 56 19 31 2 62 11 51 73 72 73 50 21 28 48 24 69 86 94 63 65 79 39 90 50 75 86 57 20 59 20 44 57 85 90 62 51 43 9 0 57 42 93 13 94 98 90 89 75 38 46 97 6 90 78 65 46 76 2 36 45 27 56 59 52 9 32 96 94 33 28 81 27 4 44 62 54 7 51 27 81 16 24 30 96 32 82 39 37 42 24 53 50 22 99 44 7 80 85 51 42 14 74 99 28 83 21 81 41 90 85 25 59 38 69 75 63 15 81 7 5 77 90 3 6 15 15 88 46 51 85 97 3 87 8 34 82 67 51 9 60 94 73 73 21 87 21 64 64 93 96 31 48 16 17 71 81 66 25 86 6 68 43 30 49 69 9 1 59 9 97 46 74 53 43 7 60 79 24 24 82 44 34 51 73 33 52 0 67 46 37 43 2 
48 72 71 44 87 11 29 39 95 28 45 43 46 15 33 80 30 93 68 29 19 57 80 65 27 17 59 25 77 79 2 26 40 88 63 81 56 32 85 44 75 16 54 88 69 89 32 27 84 14 3 14 57 39 74 54 34 98 3 39 30 94 48 47 54 43 75 48 70 46 42 80 67 1 8 91 66 24 26 63 89 37 58 36 44 49 92 83 19 56 17 87 57 20 40 84 72 61 99 59 8 43 47 59 89 58 36 62 1 29 43 91 89 55 56 59 83 7 34 37 48 19 73 43 95 39 12 93 69 97 50 60 30 72 25 39 52 37 53 73 46 1 23 27 28 28 6 7 58 49 14 14 86 19 98 78 58 92 1 83 89 48 1 90 76 60 36 94 39 52 36 59 30 53 4 0 51 51 44 69 1 34 77 25 61 24 49 88 15 6 57 1 75 46 51 14 6 97 51 35 
96 24 17 12 91 24 41 13 96 26 29 24 96 8 50 90 38 37 1 66 46 59 0 75 1 91 53 95 92 85 15 59 2 9 19 88 54 37 92 86 40 87 78 81 7 1 27 42 43 35 91 99 52 17 93 45 74 23 19 89 58 49 11 1 33 66 54 8 24 63 54 12 88 75 98 43 46 66 16 56 38 63 42 35 43 98 37 64 66 13 52 80 40 1 64 13 65 93 95 15 87 35 34 98 78 98 86 10 45 7 94 56 13 98 7 83 17 8 76 91 17 75 44 81 58 37 41 87 42 20 2 49 17 65 13 28 16 36 29 42 13 11 81 75 62 27 90 82 48 3 61 35 95 87 13 67 85 76 47 64 4 16 62 15 28 57 78 67 37 4 76 60 44 28 4 24 7 69 22 32 34 97 80 46 37 34 64 6 35 20 97 59 92 53 16 40 58 30 22 54 
44 20 26 47 15 84 64 27 6 47 91 26 81 21 3 91 45 67 32 63 10 27 12 5 8 7 0 84 90 25 16 9 71 6 77 47 51 96 0 17 78 22 79 19 15 90 31 75 52 80 70 29 60 74 52 36 61 21 1 0 55 39 1 29 53 19 10 1 58 36 97 41 47 90 83 63 43 9 79 84 58 95 93 56 83 56 88 10 52 45 35 2 35 82 61 21 54 55 99 8 94 60 42 23 97 51 34 3 21 38 0 17 96 78 3 61 25 91 61 19 51 61 75 1 29 90 87 41 38 77 12 64 62 75 0 63 80 72 81 78 53 17 89 50 96 27 60 51 52 13 22 5 92 58 49 30 49 49 7 85 37 87 4 94 17 47 7 78 80 62 31 24 27 77 48 36 20 42 49 66 7 48 96 90 41 27 44 59 55 33 31 98 79 55 88 81 97 22 74 91 
49 94 18 37 11 35 49 42 99 33 14 39 18 2 46 2 0 94 5 47 59 36 68 67 60 22 36 5 85 5 86 39 67 14 62 74 93 28 45 76 92 38 86 29 61 4 45 83 0 57 31 83 53 36 73 25 40 64 39 74 17 15 2 36 14 38 45 22 37 77 92 94 93 39 54 24 95 69 73 55 36 82 47 81 14 66 72 82 80 60 85 93 9 30 23 76 75 16 68 94 63 61 53 97 61 14 33 8 62 67 81 49 6 71 5 55 64 77 97 60 2 96 83 25 93 44 20 63 56 70 62 32 68 39 65 29 20 16 60 62 86 52 66 42 5 32 40 45 44 11 93 27 31 22 33 95 17 71 10 44 6 26 8 74 98 94 43 44 62 32 99 89 37 65 27 21 61 7 52 50 43 58 76 61 92 95 58 90 45 13 13 83 34 10 53 52 51 95 36 80 
75 88 33 58 4 34 73 54 66 74 63 34 31 63 65 52 39 75 39 26 22 90 92 48 82 19 91 56 73 98 40 12 79 42 38 99 59 7 19 17 44 19 14 85 30 26 93 68 26 90 47 47 10 76 47 91 92 20 50 44 58 11 54 33 30 27 83 2 18 83 90 67 23 56 76 24 6 63 63 87 40 71 79 90 86 33 92 41 39 51 7 32 16 94 18 9 12 75 60 87 86 84 81 71 23 10 42 97 13 13 20 35 64 56 55 22 43 7 8 38 26 86 38 62 73 62 49 90 45 90 80 0 77 84 97 42 69 72 95 47 81 2 83 16 20 47 50 3 87 32 90 64 27 34 34 8 4 49 3 0 14 11 84 83 93 40 18 66 79 36 9 7 64 4 77 40 23 53 64 58 12 61 32 17 45 7 16 69 64 77 7 5 65 16 36 8 80 35 95 17 
74 0 80 79 25 52 70 1 21 86 59 2 56 65 42 36 52 57 27 10 95 51 66 92 83 83 87 69 4 35 53 71 43 33 33 86 76 62 1 2 30 25 80 15 73 74 33 74 80 67 36 50 84 66 91 82 81 61 49 28 44 90 59 86 0 71 80 17 81 37 19 60 30 23 2 38 70 98 93 62 97 63 99 77 35 36 67 80 38 70 23 41 27 10 90 0 31 90 56 87 84 3 11 97 33 1 87 38 30 70 49 8 39 67 63 35 68 59 86 3 33 65 1 54 67 17 57 93 51 98 22 40 81 34 74 56 51 81 55 11 91 42 1 96 34 76 36 1 83 56 79 43 12 72 66 13 23 92 17 55 75 42 29 12 80 59 43 82 28 24 19 49 36 54 63 95 51 22 15 10 1 67 55 6 50 17 23 89 35 98 34 60 17 7 86 40 41 30 31 37 
41 57 15 73 65 29 12 44 16 4 52 59 84 84 93 42 90 1 71 83 63 89 75 87 24 45 25 51 37 47 85 28 96 18 98 62 62 81 43 67 94 64 58 38 49 51 82 10 6 24 31 89 79 35 53 65 40 80 1 34 90 33 34 71 34 41 88 61 55 72 50 61 78 40 70 37 61 3 17 19 5 58 47 98 39 61 19 29 9 4 30 71 41 65 74 27 32 63 91 37 60 55 73 69 62 45 11 4 66 89 67 52 27 42 22 59 16 79 30 99 75 12 82 12 43 35 80 3 56 64 4 90 74 34 57 15 72 59 98 14 93 17 7 37 76 21 48 22 28 53 53 99 46 37 50 29 66 27 29 51 48 20 18 80 71 32 22 32 66 97 71 6 87 43 90 82 56 76 10 90 44 98 61 70 30 47 21 56 64 9 12 68 11 46 75 64 80 95 95 31 
2 17 29 79 75 79 40 40 36 56 16 35 85 20 33 63 67 82 5 59 4 69 54 25 44 63 79 21 46 85 9 36 3 5 25 94 64 24 20 38 18 84 29 86 49 9 58 39 29 50 34 93 1 46 59 78 85 92 59 99 23 19 71 80 88 90 70 73 80 59 71 21 35 79 6 2 85 42 32 72 21 63 33 15 57 69 2 55 65 55 63 35 21 33 66 42 79 68 68 68 98 92 4 39 56 4 58 3 94 46 54 80 45 0 49 4 19 86 67 65 84 16 34 32 62 19 13 14 31 71 81 21 6 11 40 58 75 52 90 70 23 75 37 27 39 46 88 68 51 29 43 63 74 5 37 82 20 84 45 96 60 2 23 42 8 28 74 54 93 59 30 46 31 95 96 19 1 57 79 48 65 54 62 14 31 56 27 46 46 26 98 5 18 67 70 98 92 71 7 45 
7 25 61 3 36 64 88 10 69 89 8 6 89 64 63 25 51 75 53 7 44 59 15 64 89 8 19 18 62 91 15 33 76 90 60 6 61 56 12 32 73 69 87 5 35 20 91 20 62 32 50 77 33 20 49 10 54 70 62 92 34 57 13 62 63 61 90 81 50 68 73 91 79 27 48 30 95 38 33 63 24 39 47 32 15 28 59 90 27 69 10 10 44 93 57 50 94 51 44 87 63 79 19 9 50 97 17 35 45 46 82 99 66 42 96 9 5 29 46 32 21 88 0 16 8 75 13 99 96 8 33 37 8 27 33 17 82 16 45 63 42 68 6 83 10 60 72 71 3 49 81 4 16 17 59 53 59 62 50 20 25 84 98 77 73 66 44 60 71 88 2 86 92 71 80 15 49 76 76 11 89 70 45 91 25 46 40 57 75 8 83 70 5 31 98 82 98 37 87 25 
77 24 53 73 84 85 84 76 4 47 63 16 96 26 62 52 54 36 18 60 21 11 94 48 92 77 86 84 39 68 3 12 28 70 53 19 91 52 11 53 97 65 50 34 66 37 59 27 17 19 26 23 78 28 79 34 42 45 74 48 32 7 75 97 80 8 10 80 63 73 57 14 18 94 72 9 96 13 72 65 85 26 87 33 36 99 71 52 7 68 25 97 62 53 60 5 93 23 98 45 38 63 57 8 18 97 94 14 62 12 79 61 33 31 50 6 9 87 10 71 7 14 0 16 31 28 85 67 55 71 39 57 67 28 24 90 16 11 36 12 25 16 29 87 35 72 51 87 88 6 79 2 26 83 78 19 25 38 59 32 90 76 17 60 49 94 78 96 30 41 5 67 91 91 81 95 62 26 53 14 12 22 66 5 17 18 0 16 6 76 58 87 87 33 41 23 34 2 10 75 
79 60 5 0 86 58 0 82 50 5 41 22 75 24 69 17 94 93 61 43 60 89 1 68 28 7 7 77 21 52 52 50 75 47 25 62 49 20 25 55 3 93 26 72 16 20 90 17 7 90 14 30 13 79 81 87 70 67 38 14 22 60 13 25 34 17 49 33 67 75 70 31 57 10 9 54 87 2 5 65 2 22 71 71 83 28 65 5 30 47 46 54 1 30 41 16 4 85 48 18 46 97 87 9 12 75 14 19 28 49 35 66 61 9 31 53 29 78 26 89 91 23 37 50 2 49 23 48 97 8 87 88 5 23 74 29 0 17 88 48 91 31 71 67 26 74 23 93 95 19 79 19 68 41 32 41 53 98 56 60 25 74 86 3 80 69 28 11 89 64 71 48 44 98 78 96 79 43 26 34 9 32 81 55 11 43 22 36 30 38 75 69 64 11 56 23 86 75 96 56 
75 80 60 55 71 23 32 58 59 74 81 16 78 80 28 2 99 82 77 65 93 50 93 65 91 15 65 1 93 32 23 35 54 0 43 65 73 34 44 36 77 36 19 4 96 17 87 8 47 78 65 91 47 5 58 58 80 53 6 16 17 86 36 41 59 30 95 7 96 74 71 58 43 61 61 60 67 13 39 63 65 87 43 3 50 58 29 96 40 95 95 81 52 99 65 68 80 76 53 64 73 76 72 97 60 88 18 42 81 61 99 9 64 69 23 87 7 84 7 41 44 11 7 95 15 92 14 30 79 51 9 52 85 29 52 35 36 91 27 66 43 69 92 61 88 83 76 86 7 80 95 99 62 46 39 26 66 69 96 15 82 67 10 16 58 99 55 3 75 80 80 47 5 5 53 80 45 99 31 8 84 26 41 90 0 11 78 34 17 85 31 53 47 76 32 59 38 47 28 42 
81 36 28 57 39 48 87 4 44 83 71 90 60 90 99 8 29 24 5 40 65 86 78 94 65 29 72 13 19 84 63 2 59 43 12 32 94 8 73 51 23 8 77 95 34 59 99 95 80 99 88 27 80 2 38 25 91 87 86 75 75 8 61 82 39 21 95 69 72 3 68 17 87 81 44 79 89 11 73 71 59 61 22 7 60 82 18 47 47 6 49 32 33 69 58 54 58 26 2 95 55 46 32 9 76 16 65 30 27 36 98 30 97 34 56 85 7 30 35 7 88 86 34 68 65 40 69 39 17 17 76 26 41 32 68 11 59 91 88 97 27 51 26 18 26 78 33 28 47 70 76 93 34 23 32 27 27 9 79 36 78 91 90 15 12 79 85 19 6 59 84 87 21 87 44 86 46 93 17 32 82 77 74 78 1 89 28 18 58 20 84 85 7 80 36 69 31 21 66 10 
51 8 17 73 89 66 52 99 85 10 66 22 38 13 97 4 41 55 29 8 44 4 83 75 66 88 33 92 41 84 36 67 60 62 5 86 23 95 24 67 7 2 58 80 14 96 24 1 38 62 0 94 57 10 20 37 85 19 89 16 72 6 58 22 67 13 93 86 3 33 33 13 40 41 97 89 62 59 72 69 8 58 65 67 47 43 44 83 58 80 38 70 99 52 41 83 71 92 16 61 53 25 38 66 44 39 12 54 86 25 68 91 63 23 3 11 47 57 79 66 11 52 1 9 82 1 61 39 67 32 64 64 17 39 97 40 48 76 55 81 66 4 45 59 52 9 51 42 41 60 88 21 71 83 61 50 29 91 73 22 53 37 85 2 19 26 42 54 38 99 33 65 2 54 74 9 53 3 68 1 61 18 76 24 94 57 20 4 28 76 70 6 56 47 56 52 32 60 18 44 
43 30 82 35 10 61 40 26 44 98 75 59 56 77 54 31 72 94 74 11 87 97 19 81 72 70 37 12 42 31 73 23 52 91 24 73 18 23 63 69 67 54 47 48 88 6 43 11 93 53 76 71 59 82 65 46 93 85 51 12 91 84 62 78 51 7 40 66 74 60 70 78 36 35 49 93 35 29 66 43 45 28 2 17 82 11 19 78 11 9 75 44 97 87 82 77 30 41 37 87 70 82 97 34 53 9 5 17 59 18 28 84 48 49 19 68 41 51 42 67 50 26 44 58 62 56 72 69 8 91 41 10 19 83 57 68 96 11 30 68 38 37 1 69 90 49 84 81 5 92 29 48 35 92 51 68 36 62 41 77 36 27 72 34 79 9 66 16 4 82 60 91 63 97 32 10 55 31 12 66 24 4 17 98 52 99 47 50 57 63 76 1 68 86 75 19 60 26 16 67 
80 67 93 25 41 68 46 99 60 37 76 1 63 16 54 7 90 74 73 38 36 37 2 57 19 76 18 90 16 87 69 79 62 43 78 70 98 4 70 73 55 9 71 22 7 7 55 78 70 51 25 98 41 13 87 38 5 77 56 62 89 67 68 63 89 61 30 55 73 78 77 47 54 92 18 59 51 43 81 55 78 60 26 57 84 11 70 79 74 1 74 15 34 92 91 68 93 8 78 3 86 17 42 45 39 70 61 6 74 10 99 99 64 42 89 68 61 30 0 97 6 31 43 22 86 72 58 28 42 3 49 66 41 3 18 72 24 95 67 18 6 82 18 45 46 69 17 14 52 32 64 83 13 24 28 85 35 76 67 14 4 75 25 56 26 66 97 11 51 55 28 76 58 17 49 5 6 52 35 3 49 23 59 41 75 68 48 35 48 88 47 82 43 84 10 82 41 27 10 86 
2 9 61 91 22 60 17 8 58 73 30 75 64 0 20 55 68 91 48 61 77 80 12 97 24 62 70 79 70 26 66 6 84 87 6 3 74 42 86 20 52 78 43 31 85 47 92 18 69 57 64 17 86 43 10 66 77 45 54 43 81 55 44 17 73 51 27 76 6 17 55 28 67 24 5 98 24 64 58 37 52 97 87 18 27 91 97 78 31 36 45 3 55 62 33 50 44 69 42 75 90 87 37 21 79 99 41 32 2 42 11 28 91 48 2 73 96 86 40 31 15 44 40 10 90 74 60 42 71 15 66 55 82 13 83 73 0 94 31 18 57 22 83 20 60 51 80 84 73 81 39 3 87 13 34 81 32 48 30 79 93 96 1 1 54 39 18 99 74 75 78 67 11 0 13 20 97 79 54 85 22 12 11 18 9 23 77 22 43 20 50 56 82 19 40 92 26 93 9 28 
9 72 43 55 34 24 14 44 72 47 79 36 88 38 40 38 3 26 5 7 1 14 5 46 7 69 98 0 35 62 93 30 45 54 13 15 12 62 73 57 23 2 0 24 61 69 53 45 27 41 87 4 0 78 87 67 38 94 83 97 63 48 53 24 90 93 97 46 11 2 87 98 53 95 21 65 54 35 51 95 72 26 75 35 82 39 27 85 76 14 97 80 80 9 42 39 17 65 62 72 17 51 55 87 93 15 33 71 92 53 73 86 58 39 16 94 6 18 30 40 21 52 57 72 0 54 88 81 28 13 97 46 29 38 22 89 81 22 88 15 13 27 4 68 73 45 11 96 43 51 75 51 10 2 46 61 57 46 62 1 28 18 18 15 27 75 4 11 12 8 95 64 43 45 99 28 68 7 87 22 19 94 83 50 37 26 66 96 29 71 37 63 86 1 64 23 75 30 24 41 
86 73 54 46 85 18 87 39 65 99 61 75 37 27 49 45 68 57 77 52 14 27 32 8 36 79 64 6 53 23 47 75 67 48 84 53 26 76 40 43 47 23 9 91 17 10 74 25 65 31 32 33 23 40 72 23 80 79 69 65 89 61 44 26 83 6 34 2 4 65 33 3 63 56 94 34 31 62 34 53 26 51 39 71 52 84 52 4 17 60 92 59 95 37 96 45 30 19 8 73 38 90 55 84 63 10 40 61 27 84 76 41 10 63 29 95 9 56 13 28 42 17 32 77 27 63 54 69 1 99 33 8 28 38 61 72 92 33 92 91 10 0 92 77 76 9 95 60 53 35 67 14 89 87 50 34 97 7 79 4 22 26 93 9 90 19 20 58 66 77 22 73 94 86 79 62 86 38 48 83 26 59 1 26 21 70 93 10 29 53 7 8 86 47 33 75 24 59 3 78 
98 29 57 13 76 37 41 72 95 34 61 75 52 82 8 44 98 42 34 77 28 40 77 81 50 51 53 31 10 76 27 17 62 82 14 17 41 3 26 97 95 53 62 76 69 77 23 53 48 43 37 36 16 62 5 1 68 26 8 95 80 68 80 34 40 28 4 49 15 50 48 71 74 18 2 86 30 40 55 88 31 52 57 82 66 61 80 26 66 32 79 53 78 91 89 33 70 99 92 35 80 3 70 73 88 90 57 70 75 19 19 94 39 87 71 7 63 38 2 56 94 97 73 13 1 19 58 67 30 63 2 97 62 2 26 27 89 65 65 51 20 13 72 58 96 66 14 96 10 76 38 37 42 53 83 14 91 78 96 63 26 55 13 51 71 74 57 2 97 79 11 81 38 44 77 80 26 42 47 96 90 81 1 95 61 35 65 20 74 50 55 93 64 17 66 75 33 69 10 77 
33 68 81 41 7 50 39 40 49 42 53 47 5 75 11 29 34 16 94 95 24 1 58 42 15 23 20 7 58 53 41 45 43 4 11 6 65 60 70 95 90 28 5 53 38 39 91 24 47 36 3 28 35 84 6 73 51 22 95 15 33 47 80 40 80 30 1 12 22 85 21 80 99 30 35 79 85 1 9 35 47 7 19 2 9 38 3 26 8 29 37 93 34 59 64 12 25 59 66 24 80 95 53 75 98 49 98 85 61 45 38 34 50 76 23 61 72 25 96 53 54 30 76 99 13 81 4 53 24 7 86 69 50 72 65 37 69 89 39 89 96 43 94 2 68 61 54 81 91 55 5 19 57 47 72 84 74 28 18 97 27 94 62 35 59 58 98 69 98 26 29 9 1 82 32 65 49 48 9 31 21 61 59 63 17 74 74 61 73 66 30 98 8 8 54 3 21 43 99 51 
31 67 29 88 37 8 13 61 37 30 75 39 64 31 26 42 98 37 54 36 42 13 41 80 81 40 9 84 27 8 25 44 54 62 22 98 46 15 8 74 9 31 97 63 71 33 13 18 32 68 7 15 65 78 91 81 57 19 68 50 21 48 40 83 78 93 17 72 53 19 26 95 75 83 11 57 42 62 5 1 84 5 54 94 10 85 59 19 8 45 94 69 59 53 11 84 83 13 13 5 34 26 87 0 8 17 8 68 93 28 94 79 48 50 6 64 26 45 2 21 78 50 76 2 81 57 83 39 81 78 99 86 78 87 46 69 85 70 4 73 20 97 7 51 85 45 32 45 43 28 47 60 6 6 26 4 43 53 7 89 15 47 23 65 55 13 71 67 44 50 9 6 71 18 16 25 56 0 23 21 6 16 63 19 66 88 11 96 86 53 8 81 63 86 88 24 90 65 0 65 
91 97 84 1 43 63 2 93 19 95 96 33 48 14 62 62 62 6 91 20 92 53 85 44 69 89 23 35 16 59 14 47 96 91 52 86 46 23 17 87 68 84 58 20 75 14 91 61 96 6 19 54 66 4 47 49 35 61 47 32 56 63 0 46 29 79 59 80 73 76 88 52 58 18 7 46 85 27 42 37 73 73 67 66 93 44 37 48 6 6 69 81 73 96 19 33 61 83 41 67 69 52 48 12 44 88 28 76 17 19 48 85 93 95 66 51 39 27 12 69 18 0 89 74 53 36 42 96 23 21 91 59 56 32 72 65 52 19 3 28 99 40 49 14 92 91 73 69 89 34 0 53 44 54 30 61 63 41 75 63 17 86 61 61 44 56 9 93 65 43 0 89 34 27 20 74 35 58 68 40 40 24 68 83 18 50 40 92 51 60 2 11 42 6 90 39 87 12 14 19 
39 92 78 36 48 4 86 67 52 25 86 12 39 83 29 91 13 70 60 42 44 25 81 27 30 44 47 92 59 43 84 80 90 33 90 43 44 15 7 33 77 22 87 94 81 45 30 18 94 71 18 16 92 23 77 76 77 70 51 41 47 79 91 87 70 8 76 77 78 55 82 26 72 53 24 26 48 68 96 15 63 40 65 13 54 96 60 33 79 18 51 72 19 34 78 0 63 59 67 3 50 9 87 80 99 56 73 70 67 26 58 46 86 75 82 25 10 2 78 54 64 65 82 64 94 45 62 55 17 63 51 44 80 82 39 2 85 41 65 56 78 48 57 56 94 38 32 8 85 54 15 3 93 19 9 26 42 99 38 1 13 35 77 52 36 92 62 17 89 54 57 71 9 81 37 96 83 95 12 79 53 52 34 93 92 59 48 61 78 42 3 29 65 61 81 7 67 83 19 56 
41 73 96 68 68 31 17 66 84 16 34 17 39 15 99 11 86 39 74 65 34 64 0 11 50 63 58 54 3 21 15 31 28 51 87 90 11 16 93 74 59 73 5 26 15 49 55 25 32 73 56 66 58 15 74 96 49 31 25 96 29 16 61 99 74 75 25 9 10 77 99 45 3 44 21 75 74 44 82 80 20 54 81 49 15 97 49 11 36 27 58 29 38 41 10 90 71 71 95 61 53 78 76 42 40 40 71 27 82 13 71 99 40 74 34 97 15 62 52 28 57 80 56 14 44 16 89 23 3 65 41 43 44 31 7 10 62 44 67 70 29 56 51 50 10 29 82 87 87 88 19 64 82 57 43 74 9 49 31 15 94 22 62 78 36 35 82 40 30 41 44 93 81 89 25 14 20 14 26 89 75 97 27 14 89 32 0 89 8 36 12 40 28 74 83 50 63 48 97 96 
30 19 27 39 92 83 74 46 53 3 82 5 40 75 28 82 17 7 99 4 0 56 11 41 58 93 19 76 43 8 25 58 87 37 0 52 29 32 81 50 60 30 93 95 20 84 45 57 2 95 67 26 27 11 85 78 34 82 75 95 74 8 42 19 53 25 38 69 72 10 7 39 59 4 95 13 9 13 11 30 15 40 25 55 80 23 97 20 37 55 14 79 74 27 35 10 17 77 69 53 20 82 84 40 33 5 45 13 78 1 98 77 94 62 48 51 31 29 84 14 52 22 57 25 69 67 97 79 97 98 18 96 55 0 19 21 94 44 59 39 82 74 53 18 74 8 37 7 68 92 89 88 25 0 80 60 77 46 27 51 79 56 65 86 72 31 92 98 58 75 77 65 27 46 28 14 55 40 83 38 95 26 65 11 70 73 18 4 57 70 66 61 45 59 9 40 83 69 29 64 
37 16 61 25 64 14 20 76 37 12 3 61 64 29 4 98 29 32 64 74 21 65 29 89 45 19 15 33 48 20 55 22 43 92 66 50 29 98 97 57 53 21 1 79 79 54 5 9 84 67 33 45 61 76 5 64 62 79 30 6 44 81 9 25 53 63 2 97 5 38 66 20 33 99 72 32 56 9 72 85 78 8 98 25 52 34 58 21 7 60 99 22 29 4 65 63 41 92 5 21 62 90 44 9 74 13 73 80 27 18 91 41 83 52 22 46 88 93 55 40 94 46 54 13 76 89 43 10 84 13 0 66 47 33 23 44 73 37 79 20 8 61 79 37 11 35 62 5 41 23 40 50 70 93 82 31 77 91 0 50 91 60 39 44 25 32 65 58 88 77 27 67 0 37 67 45 66 61 61 89 65 81 35 89 43 29 31 65 37 87 4 77 64 74 93 92 42 71 77 94 
48 10 8 73 77 63 89 86 88 69 88 51 33 47 93 72 25 49 74 90 10 74 58 65 13 31 95 73 27 90 69 8 14 84 71 47 73 79 21 87 81 4 71 69 33 17 85 28 56 50 3 82 66 61 43 34 72 43 65 84 92 77 62 33 41 82 24 60 62 77 16 89 17 15 93 53 65 74 13 95 12 5 5 42 55 55 14 42 79 25 49 75 66 75 15 48 88 94 30 44 6 33 30 43 32 84 27 3 82 92 93 56 34 47 89 1 83 43 64 67 37 63 18 0 87 85 97 41 77 74 77 28 48 46 62 13 26 63 72 49 50 25 46 75 24 55 23 51 97 64 64 60 13 43 98 3 85 87 47 48 63 15 79 67 11 33 17 39 35 78 17 85 55 50 0 93 87 40 62 77 64 79 87 86 73 58 6 54 62 85 14 82 34 81 69 77 37 67 42 10 
24 19 41 63 91 63 22 93 63 49 54 93 98 4 53 20 84 3 49 55 80 71 89 98 42 40 42 39 81 1 22 21 91 19 81 97 8 15 25 3 53 67 72 78 30 71 17 14 10 8 96 70 73 84 33 1 7 23 15 23 47 50 20 16 2 74 33 65 69 76 56 36 23 14 80 33 72 68 44 1 47 75 66 85 63 90 86 70 45 8 63 68 91 73 37 16 51 88 44 71 17 32 8 7 43 14 29 92 20 66 5 23 59 74 40 90 89 3 23 61 72 33 84 67 81 89 80 52 36 33 26 13 82 28 12 48 44 94 96 82 50 94 13 2 74 11 89 28 99 92 97 14 40 79 67 46 69 67 3 68 16 84 45 85 7 60 5 36 57 20 16 24 90 96 87 70 21 31 42 76 97 12 99 10 93 94 59 24 23 31 23 53 18 18 54 10 16 7 3 22 
48 22 14 0 49 8 56 6 22 45 83 69 31 73 30 72 79 61 28 13 60 21 74 38 36 20 72 5 85 39 89 6 12 37 74 24 81 46 19 30 38 39 87 71 1 1 97 9 79 38 72 58 42 68 28 3 25 71 33 48 70 78 91 33 77 41 99 68 95 49 86 10 26 63 22 74 87 46 13 31 35 79 72 94 54 54 96 36 45 94 65 78 43 65 47 53 71 5 21 98 80 79 70 91 76 42 78 67 21 42 1 36 93 81 7 22 57 13 63 6 16 80 57 64 61 60 94 5 86 79 62 81 6 10 29 64 42 68 69 97 47 9 23 96 59 8 7 64 97 2 57 24 26 88 17 68 90 79 51 62 50 77 31 34 27 43 59 61 46 69 99 9 29 89 80 25 11 60 64 78 68 29 45 83 31 83 44 81 19 21 72 14 51 52 99 14 45 29 31 31 
42 44 65 5 8 8 18 53 20 40 59 48 80 53 31 14 83 33 31 55 48 8 89 96 81 24 23 34 78 6 90 97 81 94 86 87 78 16 85 87 93 21 96 80 95 24 69 33 99 6 25 71 30 78 7 20 61 53 22 34 93 64 56 27 14 28 39 83 81 75 8 76 4 47 2 84 84 8 44 64 97 9 99 4 27 92 70 43 13 66 2 84 5 17 84 37 91 48 92 47 39 42 84 51 88 66 66 91 39 94 55 44 26 52 48 90 25 98 29 32 22 97 95 50 48 90 78 84 63 2 36 65 26 88 53 84 81 26 63 98 31 22 35 88 3 49 25 62 19 27 13 67 77 76 22 23 33 38 43 39 42 4 20 49 65 7 94 64 87 79 26 28 18 52 99 52 74 13 10 11 56 33 85 73 60 76 31 92 56 64 95 51 76 72 15 37 59 77 27 49 
38 80 15 65 67 63 29 77 85 32 2 25 30 54 90 53 57 4 89 4 65 55 53 11 45 92 54 67 94 99 49 53 34 90 77 57 34 57 85 10 51 61 93 21 20 83 39 55 14 38 25 3 84 25 50 59 93 22 89 34 73 57 60 28 75 37 84 9 20 52 32 43 11 58 1 9 86 32 57 36 49 24 22 29 57 0 53 75 65 86 62 63 80 91 35 69 25 53 1 60 7 89 46 85 47 85 95 28 36 32 72 67 41 80 57 47 45 64 39 88 35 86 48 41 47 25 59 88 49 37 80 39 64 92 38 14 98 7 78 43 94 37 87 64 70 24 94 20 18 87 28 37 12 16 33 80 58 70 88 5 5 31 32 4 3 8 97 97 40 92 0 52 68 17 46 88 48 12 56 68 69 56 75 38 73 50 38 56 77 59 84 53 59 73 26 77 93 35 18 3 
81 43 73 10 46 29 35 73 51 38 24 80 35 82 48 88 20 58 34 42 84 8 22 75 1 76 21 6 76 59 70 50 57 38 2 33 0 53 43 6 91 64 1 63 70 58 85 58 95 17 54 69 75 57 12 27 93 20 66 33 18 85 65 33 8 83 11 38 50 17 5 12 76 24 83 62 80 0 99 68 0 38 17 30 63 62 75 42 57 89 1 96 93 5 50 29 70 95 51 28 65 8 27 33 78 84 56 43 15 76 81 47 41 71 4 11 38 66 2 99 19 34 57 63 99 94 17 52 15 22 30 76 31 28 21 16 73 17 94 4 77 41 20 34 17 34 19 66 45 34 30 86 34 16 55 60 6 22 99 68 75 20 46 8 14 67 76 25 33 30 65 36 49 69 23 17 64 48 53 3 9 82 30 71 57 60 74 9 44 67 68 53 19 77 21 86 96 70 88 1 
95 37 94 92 30 86 96 25 81 73 90 28 4 14 87 35 10 27 82 61 52 38 35 90 45 52 67 30 11 65 56 27 29 52 92 55 70 9 23 68 2 1 40 11 52 54 56 34 12 20 9 29 50 23 57 79 54 10 89 18 37 35 93 68 5 24 69 97 64 70 97 33 58 32 0 12 92 41 66 70 15 6 37 52 46 66 57 28 75 15 46 96 40 18 14 30 57 9 18 27 60 88 46 49 45 65 61 53 11 9 89 57 35 56 38 30 92 30 8 26 38 71 24 67 63 0 76 67 19 31 25 39 18 5 9 62 27 37 68 56 47 4 68 54 56 15 81 96 24 32 82 35 5 82 64 32 34 94 46 42 89 50 2 64 82 79 67 91 65 56 28 0 83 63 56 29 62 95 54 36 62 77 30 70 71 23 0 50 96 92 93 0 1 29 17 55 12 91 72 36 
17 66 31 58 55 73 44 99 98 76 68 8 6 51 41 48 96 39 20 9 75 77 33 24 18 1 92 30 85 73 82 42 80 47 65 1 47 12 33 55 46 10 96 24 72 30 46 39 71 14 40 62 46 19 49 82 36 38 14 32 23 44 68 64 42 14 40 25 55 38 62 2 83 52 97 59 93 80 50 18 54 64 62 83 66 4 37 83 14 44 85 1 31 78 36 3 64 21 53 90 63 69 12 22 90 59 24 49 83 47 64 78 4 9 17 82 5 73 99 14 18 95 6 6 2 97 71 1 0 22 30 17 99 71 38 9 73 27 52 94 3 1 41 50 9 76 55 27 20 22 8 43 71 38 60 42 38 82 92 84 72 46 51 21 11 64 37 35 46 52 46 19 2 28 40 14 89 91 20 13 79 99 83 14 34 22 27 65 25 65 63 88 2 52 88 79 60 58 77 50 
47 2 65 47 39 4 30 94 0 16 46 96 70 35 10 16 61 99 45 28 33 62 58 55 8 74 36 61 88 11 1 48 18 80 55 26 25 59 51 91 27 20 90 96 94 20 53 48 45 57 36 78 80 12 19 79 45 14 15 1 89 73 94 4 98 60 21 69 18 39 18 20 88 6 67 94 1 60 53 58 6 88 52 23 64 41 66 95 29 9 34 95 37 42 79 35 91 84 25 78 61 78 20 38 0 48 82 65 25 48 86 35 68 20 34 68 39 91 56 84 43 67 97 97 58 71 57 68 37 33 87 24 9 98 52 47 47 20 66 45 12 64 3 46 16 84 14 40 32 59 25 37 37 68 59 57 22 99 0 47 35 22 82 32 36 4 19 29 78 72 5 67 28 7 33 40 36 81 11 35 59 29 12 58 58 24 37 90 87 56 19 89 91 5 79 28 97 91 32 12 
71 82 7 22 20 31 75 39 46 15 73 5 48 72 65 95 54 54 2 1 56 84 2 56 36 36 34 63 28 73 8 62 8 70 45 66 47 74 2 81 96 94 70 67 79 78 74 41 5 43 19 25 80 84 46 95 7 76 98 82 17 16 7 65 36 94 7 79 55 29 97 46 4 61 27 64 12 89 64 67 88 51 75 58 97 8 83 87 98 85 7 28 64 5 60 13 94 44 44 42 71 8 81 92 49 98 31 37 55 70 10 58 13 70 47 61 58 60 56 98 10 63 58 69 22 48 75 44 64 50 97 90 3 42 50 25 47 19 56 80 68 1 18 37 89 96 71 17 95 68 50 7 39 10 75 1 21 5 34 76 53 42 93 92 43 85 75 24 41 13 34 27 60 54 40 80 60 96 6 74 24 7 52 30 14 65 97 53 10 52 54 36 69 21 89 43 63 39 32 50 
13 68 22 98 17 80 69 35 67 8 69 8 77 10 63 4 29 69 97 76 89 56 2 29 52 90 97 99 87 97 7 10 38 75 32 12 48 60 37 31 12 34 99 92 66 61 51 4 46 66 31 18 71 2 76 74 74 95 84 44 52 3 89 16 28 68 3 13 6 19 15 43 73 87 61 21 56 32 31 86 87 4 82 24 50 30 88 67 7 42 78 91 44 89 81 32 23 41 64 9 93 6 52 19 48 42 42 23 21 47 88 15 14 67 90 97 4 96 23 12 55 80 28 15 0 70 21 63 31 99 98 37 31 56 99 92 79 85 91 87 58 81 81 38 49 74 88 37 28 12 69 98 54 25 10 17 72 84 21 60 61 46 82 24 87 24 21 32 33 66 75 96 76 99 47 43 50 83 28 5 61 77 93 20 4 65 55 95 61 89 70 52 15 26 83 30 8 49 17 30 
42 6 87 27 65 85 57 99 4 20 57 24 65 40 67 18 42 55 84 7 81 26 64 77 66 46 58 75 64 28 32 47 9 97 47 18 35 43 28 85 63 14 44 42 11 74 37 81 66 57 45 73 98 95 70 89 51 23 23 40 34 73 82 25 32 35 94 39 72 61 15 57 83 32 48 7 23 32 57 72 73 65 73 75 27 75 33 84 4 10 49 0 82 52 22 83 42 48 61 17 50 82 83 19 16 76 86 24 73 29 87 68 96 44 28 55 95 72 68 68 95 25 96 28 56 85 53 22 71 39 71 45 24 4 36 84 10 20 1 96 13 60 28 87 98 66 31 84 84 40 0 95 90 60 22 87 16 11 10 17 79 77 37 38 62 73 49 43 17 37 58 52 79 40 91 31 6 34 22 63 53 88 92 65 23 41 0 5 38 91 42 88 31 38 63 44 15 26 75 33 
85 75 77 83 59 74 57 7 50 58 0 51 78 12 53 48 25 66 33 70 18 37 0 3 17 30 44 4 53 18 41 68 62 14 41 73 85 18 50 40 21 16 22 36 19 27 59 2 91 0 47 67 96 49 45 71 98 1 96 21 27 59 12 42 29 6 51 38 73 80 33 61 46 21 3 70 84 35 65 58 55 15 54 39 97 79 44 15 66 98 32 27 65 75 27 59 64 6 2 55 56 23 11 14 83 61 12 30 29 90 63 25 8 83 63 27 59 98 74 35 46 78 16 78 19 16 3 1 44 71 79 91 48 29 63 24 55 88 45 23 26 69 91 26 78 80 6 97 7 36 15 44 60 62 39 99 18 48 27 94 14 30 25 78 46 0 42 21 50 61 89 18 63 96 86 25 61 17 66 11 10 99 90 97 30 39 82 1 40 27 60 46 16 44 73 45 95 25 40 24 
92 5 84 42 44 55 3 34 45 80 24 29 22 56 96 62 42 44 16 96 46 59 74 71 92 84 11 11 21 12 92 50 1 21 99 87 90 45 60 10 58 83 15 33 45 22 4 88 86 72 70 57 48 38 76 99 49 85 22 60 38 89 70 5 62 38 26 5 99 20 89 52 88 51 32 73 30 39 59 62 45 58 32 47 39 14 19 70 26 54 42 69 37 35 23 68 25 63 44 77 25 54 95 73 24 75 58 88 44 61 12 88 71 7 45 30 25 49 94 98 61 68 69 77 57 87 43 63 11 67 26 78 98 40 90 95 20 17 66 83 5 34 56 47 79 63 73 27 32 32 98 17 93 39 20 52 24 97 57 95 33 61 4 44 68 58 57 88 97 7 56 21 8 20 59 97 55 34 46 89 66 70 39 98 90 51 6 55 77 41 2 75 41 90 60 8 97 7 93 32 
8 46 15 62 1 71 60 9 10 3 9 28 81 21 28 62 88 55 60 8 4 79 22 31 16 38 41 61 67 41 61 49 3 74 24 95 48 25 40 96 60 20 37 53 16 99 53 36 87 40 41 98 9 22 36 68 71 89 49 59 73 98 70 77 0 95 50 98 93 36 54 88 17 71 23 63 23 69 43 32 87 35 63 70 44 40 68 33 85 67 41 82 59 71 67 64 82 20 22 86 96 82 99 52 26 49 26 22 70 83 98 34 88 66 67 34 45 15 87 86 1 95 0 43 16 72 9 0 28 99 23 60 1 25 10 72 97 46 20 23 76 13 29 75 55 97 80 89 96 24 29 0 97 2 99 13 22 64 92 91 56 78 30 90 0 81 32 77 39 58 9 48 7 19 17 30 14 98 90 35 98 91 45 58 48 88 69 61 68 37 51 84 9 46 74 35 34 88 81 38 
61 52 19 16 46 44 85 87 98 7 43 97 29 27 20 20 30 53 31 78 95 57 98 40 99 91 12 19 25 33 84 72 37 65 63 0 58 53 66 11 68 98 4 94 90 34 17 26 47 1 96 24 21 53 51 30 6 41 24 27 78 23 37 73 40 69 51 38 21 30 32 81 14 81 36 43 94 94 73 93 7 39 1 47 55 33 99 2 70 23 81 38 50 23 81 83 11 40 15 29 32 15 26 49 34 5 85 18 35 48 95 52 14 81 38 64 81 97 13 20 67 70 76 56 7 81 64 86 17 22 75 65 35 64 69 52 14 53 59 25 27 52 36 8 72 37 58 78 71 60 95 21 73 50 64 54 39 97 5 44 29 67 42 3 59 20 20 33 48 79 23 32 92 85 20 48 49 92 2 93 42 28 25 56 60 71 86 27 44 58 33 31 17 90 20 90 78 48 47 48 
59 73 97 29 44 13 78 32 49 66 33 42 60 55 28 54 1 5 9 99 8 42 16 34 48 80 38 6 86 64 92 66 99 28 60 74 38 18 15 72 73 82 76 12 43 54 96 21 66 99 90 59 62 39 97 18 90 97 44 56 53 4 69 98 91 40 49 18 50 5 46 85 83 34 74 27 53 53 32 43 92 99 45 18 22 98 92 22 6 1 13 7 73 60 34 36 21 77 23 6 0 98 88 70 49 16 0 0 8 35 45 84 16 23 77 20 16 87 58 34 62 23 46 23 80 39 52 48 8 38 99 45 27 41 72 3 33 29 46 74 3 38 86 82 4 60 51 37 60 25 95 18 57 97 30 25 32 39 91 15 68 33 85 67 53 61 31 37 65 8 99 53 81 16 44 91 26 66 18 34 46 86 38 87 52 93 46 0 64 74 30 28 85 68 80 4 13 80 73 71 
39 59 32 38 40 78 86 11 12 68 23 38 86 96 36 92 41 52 97 60 28 13 53 92 76 88 72 81 92 96 49 49 85 57 44 20 87 52 17 48 28 64 33 70 72 68 40 34 85 18 12 82 92 80 22 85 19 45 42 17 92 34 16 60 62 13 60 23 14 89 49 24 37 20 41 81 48 34 11 24 44 70 75 32 4 14 67 2 95 18 26 25 26 1 69 35 61 76 59 31 97 55 69 2 71 5 94 15 70 81 49 82 11 26 97 77 0 44 28 80 85 1 19 79 30 63 81 54 8 30 46 21 60 40 69 95 22 59 33 44 79 47 97 76 40 36 43 74 24 55 54 69 99 16 6 53 17 34 95 37 94 30 16 32 39 17 87 22 86 25 22 5 61 58 3 19 56 25 4 45 8 9 32 28 46 56 62 43 49 16 0 89 7 34 90 69 59 82 28 83 
55 49 80 57 90 59 25 34 48 85 93 5 64 30 27 29 71 53 52 75 8 63 55 85 35 0 8 90 54 15 11 22 89 13 20 60 52 14 56 21 3 12 17 62 88 60 39 57 13 74 36 71 16 83 25 86 67 29 5 89 77 83 90 64 44 70 77 31 81 43 3 61 8 69 37 25 57 58 11 39 47 89 93 15 23 6 54 22 53 85 38 50 64 8 97 72 44 40 44 85 63 50 44 76 81 94 72 25 61 3 96 15 47 72 60 49 84 78 21 12 78 40 90 88 0 60 1 63 45 83 4 62 32 90 95 5 41 57 35 54 78 64 17 1 16 0 0 47 74 69 83 77 94 66 98 11 47 36 82 23 36 58 98 66 3 44 85 25 4 67 90 5 62 61 7 62 26 85 65 76 19 29 3 87 18 6 25 55 91 48 59 23 67 66 90 94 8 8 45 98 
17 68 64 61 91 97 38 5 45 11 33 97 22 3 50 25 96 73 92 84 27 95 57 40 59 7 3 42 27 66 85 59 66 7 38 66 47 70 89 47 77 61 70 1 7 14 3 15 78 83 11 27 34 63 43 68 65 85 82 92 56 53 50 89 94 70 51 29 40 22 80 55 54 61 68 4 10 44 79 94 74 88 13 4 10 26 58 74 68 40 62 62 7 95 62 83 50 75 68 17 53 86 8 33 44 1 8 55 51 27 38 13 34 43 26 29 30 41 17 74 47 16 40 31 72 34 53 77 76 47 9 26 90 82 73 37 79 78 30 60 98 80 79 96 64 42 32 80 22 88 9 92 88 28 31 67 31 99 23 87 17 14 17 49 67 82 18 32 23 88 29 89 67 79 74 51 78 11 36 64 94 66 30 33 70 57 12 7 40 6 83 42 49 3 28 4 84 78 92 25 
72 34 26 6 94 48 4 59 51 15 5 14 38 25 83 13 73 23 14 10 7 91 17 45 81 84 3 74 57 13 86 73 91 22 0 70 60 67 25 16 55 58 25 25 26 71 44 22 40 18 95 33 89 77 50 16 19 91 22 32 18 20 97 6 38 58 84 1 95 99 65 92 98 8 40 85 82 29 66 34 85 66 32 26 24 5 82 48 4 97 28 84 47 83 97 70 43 19 37 79 13 65 26 41 88 40 87 46 42 43 73 32 15 30 99 3 34 72 52 48 9 10 50 61 72 74 97 53 96 21 76 17 8 37 51 58 93 0 26 21 62 9 65 9 74 76 56 72 21 23 5 68 37 78 11 55 6 49 17 53 23 79 40 18 94 39 58 15 53 98 40 85 43 46 49 71 3 6 22 31 71 97 64 37 23 48 56 91 7 51 19 16 15 83 63 46 29 15 4 33 
68 55 70 6 3 92 69 36 40 56 74 14 86 45 90 62 37 6 89 16 20 13 0 33 59 87 62 66 55 64 20 39 42 54 47 49 44 1 82 32 58 72 44 77 16 42 50 63 82 6 69 42 2 83 71 5 45 84 51 96 99 3 46 78 76 21 60 37 80 86 16 34 29 97 23 74 28 17 89 5 22 73 80 42 95 65 46 43 28 74 34 91 32 37 28 0 0 14 56 58 45 75 6 58 22 10 59 87 34 50 55 26 25 35 64 83 53 83 13 71 60 53 2 60 80 87 19 71 16 30 4 61 17 83 28 68 7 64 57 91 66 41 7 17 86 23 86 25 51 12 37 25 93 56 40 9 78 32 82 67 50 1 0 21 62 84 0 73 86 15 13 23 4 10 73 7 72 38 69 29 72 82 90 86 43 61 56 9 14 3 15 6 4 63 27 74 23 96 12 24 
57 51 14 82 8 96 95 74 44 85 27 78 90 75 79 45 30 70 81 21 24 15 30 90 36 88 25 89 96 96 60 85 22 31 5 96 58 28 83 37 63 34 28 84 88 92 24 39 66 0 71 35 28 5 40 95 76 51 64 25 88 80 53 32 44 57 17 53 10 50 25 64 57 66 69 23 34 57 87 83 67 31 39 74 27 29 5 7 83 98 65 38 61 95 3 54 54 91 11 2 8 30 46 32 18 92 2 32 12 77 29 1 46 46 89 15 67 63 52 96 17 43 75 44 54 79 61 15 82 38 35 22 76 52 49 96 39 62 2 74 54 81 29 65 49 3 16 68 17 34 90 5 33 70 0 88 60 18 55 57 23 38 28 53 55 55 7 25 10 62 1 42 8 18 97 92 54 24 37 4 90 28 26 23 25 1 32 77 13 21 54 2 5 98 22 28 99 33 4 93 
89 49 25 23 70 86 89 41 71 38 28 19 16 11 49 85 12 95 60 80 6 80 34 17 20 0 70 78 45 96 95 94 94 15 19 97 20 9 2 52 42 9 88 10 40 72 19 35 18 43 60 91 39 79 75 79 60 58 84 91 14 9 45 28 83 56 58 44 87 61 4 6 9 37 41 28 23 19 67 65 64 10 63 68 0 17 67 10 17 25 31 20 9 23 89 73 6 35 68 1 45 1 6 34 14 25 0 57 44 80 69 44 0 96 61 31 90 48 9 13 80 89 40 80 13 12 72 23 53 90 69 67 56 76 25 40 60 14 73 10 26 70 74 83 79 73 4 58 59 46 71 29 39 42 27 11 28 30 81 45 71 59 6 2 26 55 84 76 54 48 51 22 79 22 38 43 17 44 30 27 41 36 30 52 79 11 63 50 1 91 41 20 12 47 47 99 49 22 16 71 
66 39 23 97 58 92 88 58 67 23 67 42 82 34 73 49 25 30 16 60 0 57 20 7 92 69 47 73 95 16 29 1 67 3 64 27 71 52 97 10 7 52 36 29 48 3 92 0 91 29 7 69 0 44 89 74 91 71 23 68 54 67 34 48 57 92 43 5 6 30 41 59 87 16 48 54 86 65 89 62 99 49 48 97 3 26 97 5 89 3 82 61 29 85 83 78 4 97 15 14 99 5 39 7 85 67 5 1 55 58 70 6 63 29 42 93 52 89 67 93 34 55 85 51 7 3 41 98 76 75 65 35 2 79 15 4 47 92 96 52 69 7 15 44 1 15 50 0 40 79 60 41 2 13 55 2 90 73 8 96 70 22 97 75 19 2 2 9 52 85 7 53 87 60 49 37 28 17 23 59 77 58 79 34 5 41 69 6 29 35 59 69 84 70 74 2 34 83 76 63 
75 40 10 43 49 12 31 19 23 89 2 33 20 7 69 30 19 33 63 16 24 45 11 60 15 87 17 48 79 46 80 13 26 90 68 87 83 85 3 9 0 13 55 18 13 29 13 36 53 92 60 11 91 82 87 90 59 44 69 6 3 70 39 55 12 67 70 47 93 81 70 64 70 81 69 38 45 82 37 1 45 17 13 36 26 79 20 57 45 82 99 95 36 21 12 62 41 11 28 14 35 25 86 90 45 87 24 10 86 40 38 23 5 17 61 94 45 52 46 7 63 13 66 63 59 85 4 85 17 29 9 37 82 97 43 70 33 58 25 45 25 96 90 5 35 32 1 49 77 73 44 60 43 85 87 87 1 67 22 84 80 30 73 66 52 25 73 33 78 61 36 19 67 2 41 67 9 10 88 61 64 66 66 50 7 46 2 38 40 23 19 35 66 30 74 4 82 28 82 81 
20 29 72 33 94 58 42 37 93 30 3 87 35 6 42 55 13 51 6 16 2 0 19 55 11 13 81 55 24 76 17 1 99 70 78 18 44 83 58 92 61 81 81 74 67 94 69 66 84 57 23 82 62 96 85 43 52 63 29 84 79 59 0 54 20 91 86 30 32 55 89 16 76 48 48 2 50 10 58 48 76 57 31 91 79 93 26 71 19 40 71 82 61 54 92 14 21 38 55 58 26 32 10 39 74 24 89 76 26 26 55 16 41 80 31 59 95 64 85 60 49 99 90 1 36 25 60 64 7 57 97 48 37 95 5 71 87 36 78 31 81 98 84 94 98 93 86 35 97 65 83 9 71 73 20 58 87 19 16 36 79 33 85 11 31 80 99 99 79 83 83 27 25 1 74 83 69 67 78 21 57 40 15 90 51 94 21 28 5 74 78 39 71 22 51 16 55 70 88 52 
14 64 23 57 77 33 97 29 70 37 15 88 95 84 82 28 51 98 14 15 40 12 0 88 85 12 78 97 37 75 79 9 20 84 79 4 5 8 96 59 83 80 94 65 15 83 60 54 65 89 39 52 19 10 14 51 20 99 11 13 53 53 17 90 61 83 91 48 28 95 55 42 57 76 75 78 69 71 64 76 91 10 95 65 50 28 61 69 39 10 17 53 64 85 53 95 97 5 50 97 16 50 36 60 40 73 33 10 57 73 18 51 20 38 39 13 93 81 52 29 76 82 21 99 76 3 84 33 52 30 76 56 84 48 36 4 80 23 40 9 96 96 20 78 12 89 18 9 88 7 9 95 58 15 75 97 50 58 10 95 55 73 78 20 32 50 98 14 22 45 58 52 16 70 39 1 23 15 37 67 27 92 21 11 81 85 82 87 22 24 38 13 92 56 24 50 40 5 0 71 
76 32 4 74 66 45 90 45 44 36 92 58 14 77 94 34 5 0 38 3 85 59 16 0 89 65 1 65 73 47 98 2 88 12 89 76 11 55 55 8 33 43 66 18 37 58 36 27 90 71 1 39 41 8 70 79 0 29 94 13 41 96 21 79 64 81 43 48 93 54 30 4 42 98 3 44 0 47 27 3 96 15 80 23 76 71 61 50 15 7 38 6 73 94 5 19 82 7 90 80 42 18 16 57 93 95 72 91 24 79 25 17 79 84 78 1 60 64 28 62 16 1 30 49 13 36 93 17 12 93 79 87 68 77 85 34 71 71 61 48 75 76 93 69 95 66 52 59 79 59 12 70 93 45 90 73 22 33 70 45 32 81 14 82 97 42 20 83 28 93 53 57 71 76 37 39 36 21 57 69 64 47 4 10 29 76 93 74 6 86 59 56 9 45 90 68 36 16 42 96 
48 3 21 64 10 40 66 16 87 9 95 33 99 5 26 31 40 2 76 41 91 15 61 45 83 66 60 13 77 52 82 74 48 11 93 73 42 48 35 3 70 61 34 17 47 65 46 55 42 71 94 57 47 27 79 52 90 59 67 46 24 58 77 32 74 95 56 78 97 31 0 44 3 46 27 48 58 43 37 57 51 27 31 2 32 48 62 61 30 46 12 90 33 93 70 30 44 5 54 41 89 79 99 0 36 0 22 79 59 74 47 46 11 21 93 49 81 24 62 73 39 13 19 97 40 39 46 73 68 57 56 49 45 26 2 38 23 31 54 25 30 52 31 20 70 42 42 1 50 20 74 27 17 21 35 11 33 94 32 40 92 45 86 87 77 69 93 6 42 82 52 30 31 51 86 82 40 46 34 86 71 56 35 44 28 98 68 77 12 79 26 59 95 91 27 62 44 84 93 65 
79 35 31 66 71 68 48 80 97 93 78 96 63 36 84 86 4 8 15 94 29 66 1 71 52 25 52 14 56 38 97 82 13 72 68 34 76 51 59 75 17 15 78 84 28 20 6 99 42 87 28 63 16 15 71 55 41 77 92 12 4 81 11 73 56 46 95 93 19 4 38 74 77 7 57 65 45 51 24 71 36 6 50 38 57 38 92 75 1 16 68 14 61 19 76 66 88 81 67 35 24 14 43 94 83 11 67 48 83 62 35 64 83 6 86 9 81 66 91 35 72 77 92 78 49 9 46 98 85 68 33 9 64 58 39 61 41 29 50 68 84 37 79 24 76 99 59 92 34 52 5 88 94 6 99 24 73 63 77 52 23 5 28 62 25 65 33 17 89 38 31 93 45 80 67 7 73 97 86 61 82 68 10 29 39 9 49 95 85 45 37 57 78 22 48 66 45 49 38 13 
1 17 5 47 78 83 51 11 0 20 75 54 31 38 89 99 11 35 59 99 57 38 96 84 26 56 47 94 42 78 41 46 75 48 14 55 12 53 93 50 80 51 21 7 11 42 66 81 10 68 69 72 6 48 5 17 71 11 99 5 18 6 71 55 53 81 62 96 53 91 90 12 68 52 13 10 65 75 43 7 9 28 46 47 66 29 14 84 53 31 4 91 56 43 95 60 98 41 42 18 62 13 89 31 22 45 30 21 48 23 53 17 70 38 11 11 19 94 56 94 77 91 19 41 55 46 58 58 78 84 38 58 12 87 0 21 61 95 9 23 2 56 15 32 62 24 75 20 63 3 62 98 13 41 27 2 65 67 8 92 93 38 25 51 58 5 47 5 5 33 41 29 18 98 78 83 50 48 11 23 48 7 44 24 62 31 66 82 81 2 36 46 7 35 36 93 39 74 95 20 
38 65 11 78 64 59 73 78 32 43 79 95 1 44 52 81 61 82 29 86 15 75 6 88 16 74 58 73 77 60 80 77 12 61 94 38 64 38 98 38 70 13 62 40 1 0 44 88 9 85 74 44 99 89 92 27 84 60 40 9 75 41 13 36 11 31 87 73 18 14 97 62 26 61 37 90 10 52 16 77 5 34 41 54 73 5 3 50 71 33 17 84 17 90 78 33 15 53 14 40 46 60 87 94 30 65 3 42 71 96 41 89 15 91 34 68 65 71 62 90 73 5 86 3 71 27 37 17 73 7 22 58 16 64 56 23 73 67 49 15 76 47 66 79 2 26 8 5 52 51 27 57 14 20 99 36 21 27 19 47 99 47 12 8 77 2 35 11 47 16 22 26 65 39 45 43 29 5 15 73 88 33 98 41 55 61 95 14 99 19 67 59 70 27 79 33 59 37 97 9 
12 32 95 22 62 62 35 93 58 36 92 80 82 52 20 10 18 49 11 98 53 84 95 38 99 73 44 1 79 51 17 2 56 35 27 75 7 21 6 50 16 61 39 95 55 38 73 7 93 41 2 38 79 24 23 43 96 43 46 12 34 78 52 60 35 48 7 85 21 80 34 13 31 94 7 45 45 65 80 88 2 26 49 53 57 91 48 78 3 1 86 59 66 75 26 26 73 32 75 49 6 19 34 95 59 49 77 54 38 2 6 89 99 3 91 84 15 95 6 96 62 17 19 29 73 50 38 61 54 52 34 26 83 5 95 83 61 12 48 75 4 65 18 90 38 35 57 37 30 95 72 56 47 94 63 6 97 63 32 95 98 42 5 33 52 92 17 77 91 72 49 55 61 25 65 48 37 25 99 11 28 38 67 98 29 3 19 66 64 29 21 78 25 2 39 16 66 86 67 57 
38 20 95 34 8 7 62 99 15 78 28 34 51 25 78 75 16 57 17 18 81 81 61 2 51 42 73 53 55 48 57 48 90 18 27 17 28 56 38 89 88 34 44 63 21 76 6 82 75 0 9 26 40 43 83 2 93 4 38 48 69 58 9 49 36 96 77 66 87 34 25 12 4 73 72 81 80 62 22 91 12 16 6 52 12 19 88 26 65 33 19 27 39 47 80 40 26 23 32 44 32 25 30 3 79 75 28 0 82 13 75 22 94 24 9 54 87 5 55 98 49 13 96 56 76 37 5 14 46 3 72 68 23 35 34 79 61 23 51 61 97 71 17 40 57 14 74 15 68 12 69 59 91 96 68 18 10 66 89 6 78 76 35 56 8 50 92 62 26 6 38 98 80 37 43 52 65 76 84 84 7 42 90 87 69 70 28 98 20 59 51 96 72 54 78 51 47 84 33 63 
22 80 77 42 99 63 54 79 87 39 11 99 41 13 81 13 62 94 23 39 30 64 9 77 79 80 56 58 48 63 28 91 25 5 43 50 38 21 93 51 49 70 84 67 52 98 51 38 45 97 30 81 16 8 59 20 74 75 75 43 72 72 86 12 43 13 40 76 97 3 77 79 52 3 59 13 41 25 11 16 96 44 76 88 70 49 74 5 75 91 35 68 57 78 90 97 21 67 93 67 24 20 61 48 57 8 11 67 56 69 86 38 54 0 18 25 64 53 30 60 93 16 57 57 28 39 69 94 97 72 54 32 19 37 10 60 90 63 77 80 30 0 3 45 27 40 67 79 22 13 10 90 36 78 57 93 58 29 51 0 13 0 94 41 26 38 64 22 80 74 81 0 5 0 63 88 87 71 24 3 48 9 75 10 16 4 38 88 33 77 79 22 71 27 78 61 77 95 66 26 
88 26 6 40 15 10 45 95 6 0 17 76 62 69 88 49 41 95 29 82 23 31 30 44 45 33 61 49 49 32 36 37 69 66 60 35 34 86 98 74 20 12 97 38 1 44 90 46 51 19 13 80 14 59 59 95 69 98 56 63 36 92 68 34 46 52 72 85 92 39 14 10 33 55 69 93 47 40 97 17 23 80 3 8 8 48 95 50 81 9 99 50 79 72 63 5 45 70 66 19 95 35 56 66 14 49 32 2 38 79 92 58 91 22 62 29 88 8 6 61 80 19 17 90 71 56 28 86 21 81 17 24 69 92 65 51 93 49 43 60 52 70 7 10 96 88 51 92 85 65 35 24 2 20 27 56 86 80 44 90 58 49 98 84 89 79 52 15 7 53 13 51 59 77 44 24 7 60 82 79 17 32 30 84 43 8 36 79 14 36 70 72 12 6 32 79 75 88 6 60 
53 19 47 92 69 83 76 28 26 56 94 1 79 45 84 61 3 46 44 23 26 63 68 37 67 55 40 82 67 95 54 26 61 48 5 90 48 26 90 99 23 29 83 63 83 55 61 49 46 68 41 12 9 27 6 64 7 2 93 60 53 63 29 67 97 8 38 85 39 92 75 56 96 3 71 60 93 4 32 94 32 12 73 31 33 74 98 77 48 21 92 10 33 10 43 49 20 6 54 41 38 58 30 95 79 73 63 88 85 18 10 51 25 51 76 60 85 9 61 80 74 93 25 91 27 38 75 16 25 16 55 87 52 52 93 61 2 69 34 35 51 10 46 84 85 29 47 73 65 20 22 22 65 98 39 19 3 36 17 22 6 84 94 78 43 57 44 5 99 89 70 18 35 44 37 6 5 26 2 72 21 14 10 62 33 87 71 78 77 47 67 33 22 91 54 63 18 75 68 59 
97 38 55 48 26 75 83 72 75 25 52 56 21 21 72 69 27 50 80 41 82 1 94 28 65 21 5 89 65 60 61 68 24 56 62 98 98 41 23 46 88 11 29 18 13 55 50 61 89 77 87 47 96 12 45 64 23 29 75 60 61 53 90 18 76 18 55 2 40 0 41 77 33 8 59 76 25 17 0 64 97 29 31 60 84 18 6 40 52 73 17 44 88 82 64 44 77 70 21 90 89 65 94 20 96 8 19 48 5 27 51 50 25 38 49 73 27 37 69 36 76 47 75 74 87 95 30 55 87 94 73 86 99 68 78 43 3 7 84 42 14 28 75 69 51 67 61 73 16 45 35 8 79 80 48 37 42 59 13 41 98 43 10 40 72 25 96 59 37 36 48 65 94 46 11 83 14 26 50 44 62 4 12 93 49 8 93 53 90 28 45 37 98 5 61 66 59 76 61 59 
17 65 63 81 7 27 80 31 85 49 52 31 59 29 47 2 38 99 93 3 13 8 93 19 12 72 41 75 27 44 25 79 61 64 42 18 59 40 5 66 38 17 65 5 46 87 96 95 95 61 53 62 45 60 37 48 58 3 91 0 58 74 79 32 88 42 85 1 8 69 51 15 76 74 38 34 82 31 57 41 38 69 68 66 32 96 31 55 57 99 11 8 19 62 91 77 10 43 15 45 60 89 25 86 3 4 18 79 5 37 32 87 80 36 27 80 40 83 32 20 30 29 52 23 54 60 34 50 11 82 49 30 5 26 72 63 19 58 3 30 38 96 33 94 70 78 74 31 16 75 75 4 59 58 31 34 95 4 56 67 71 9 58 28 78 26 48 47 60 94 85 6 17 58 9 64 54 47 40 39 19 10 33 74 30 65 47 55 86 17 12 21 2 46 7 44 34 86 12 9 
90 2 45 52 94 85 87 47 78 67 53 21 63 45 21 10 90 93 65 65 87 76 99 83 48 14 83 38 75 94 33 38 45 79 91 78 73 34 68 2 53 61 30 20 7 96 29 41 22 53 64 33 42 77 52 70 21 77 63 36 84 22 86 97 53 89 18 51 71 77 56 70 55 58 75 40 59 58 85 34 8 98 57 61 75 36 48 40 98 94 51 24 29 94 56 30 79 67 78 35 86 6 34 98 91 90 88 17 11 53 26 5 59 80 7 44 95 89 39 67 17 35 70 17 58 21 98 89 17 19 85 91 35 33 87 14 7 25 19 12 35 15 96 15 19 55 39 70 24 91 48 35 23 34 5 56 35 36 77 43 97 83 72 70 14 89 46 59 6 67 19 48 55 5 46 66 68 15 65 92 67 52 76 38 53 64 95 11 8 23 33 67 77 40 98 89 72 95 12 15 
28 23 18 10 75 67 69 45 14 23 56 21 81 66 94 50 13 1 5 16 74 86 41 17 19 2 13 22 35 23 97 81 13 39 13 76 48 97 28 77 33 13 41 97 0 14 82 23 41 25 90 31 75 49 21 26 45 21 57 11 49 29 48 62 29 93 19 88 44 46 32 68 33 51 71 57 10 99 98 51 40 15 63 11 72 55 70 73 81 16 95 51 9 25 25 76 13 70 44 14 48 20 61 69 54 78 23 96 14 75 64 44 45 61 60 36 10 69 52 46 82 44 47 39 54 10 93 54 67 89 54 53 61 73 34 8 0 33 96 74 59 16 20 86 58 13 40 86 11 7 11 13 35 65 92 30 78 34 24 36 24 8 3 61 29 50 47 94 44 30 15 76 15 83 39 75 78 32 87 34 85 41 25 55 30 43 99 40 20 67 97 11 84 53 3 58 22 47 38 42 
88 15 28 17 93 24 73 53 5 78 10 47 18 91 53 96 18 10 95 50 36 34 33 74 12 86 27 28 51 47 80 85 70 41 6 73 93 71 45 39 3 82 9 53 84 68 57 2 19 2 97 99 66 10 92 69 6 73 66 12 79 20 92 61 88 60 46 48 59 80 19 34 36 14 71 8 38 2 41 23 17 58 81 19 62 29 77 49 64 82 73 82 52 20 95 92 12 32 67 75 87 22 1 44 0 40 77 1 15 7 51 82 60 19 10 10 60 37 60 81 45 55 24 68 65 24 92 41 40 80 78 13 21 90 36 60 23 37 99 75 1 20 36 83 33 65 40 29 12 71 62 73 44 30 82 68 94 28 17 17 38 38 50 19 53 32 11 79 33 13 96 7 63 29 90 7 82 12 52 27 54 55 3 50 55 89 8 1 63 79 18 7 1 72 72 7 59 80 52 79 
55 83 20 32 85 9 45 81 20 75 50 53 66 65 46 75 5 78 77 52 48 15 48 43 61 83 27 24 64 86 27 51 15 97 48 14 99 90 77 42 59 80 93 13 16 97 32 60 82 14 98 32 5 86 35 2 78 79 56 75 6 89 45 91 2 73 12 45 53 50 97 72 80 81 66 81 17 30 72 29 46 20 99 81 74 37 46 71 47 36 55 62 74 83 54 16 41 68 3 46 44 26 61 65 89 7 80 21 31 37 83 15 17 54 63 99 7 96 22 50 94 65 43 12 9 42 77 45 86 74 70 0 50 38 98 61 0 22 0 91 40 70 28 65 19 42 66 51 12 75 14 15 79 51 69 17 25 3 79 14 59 87 49 16 0 93 44 6 84 26 82 13 70 37 4 68 4 81 46 92 38 41 11 59 24 10 64 30 64 46 27 4 79 38 2 32 38 21 10 66 
48 90 41 39 31 2 23 27 24 39 24 42 55 84 77 81 54 66 57 30 73 78 70 70 65 97 52 14 57 32 45 12 34 19 82 75 82 44 96 54 99 52 83 50 13 42 83 57 89 75 95 25 19 24 23 16 35 34 73 26 63 95 8 29 45 94 32 31 30 64 80 41 46 59 92 55 10 8 5 48 54 0 23 51 88 61 15 22 40 58 66 86 50 62 32 12 53 56 80 38 69 50 38 25 47 38 18 61 96 30 33 53 67 7 69 73 75 51 10 81 60 80 22 48 20 40 20 69 94 24 65 93 2 10 75 53 51 35 79 1 1 7 88 53 45 94 56 18 60 46 83 28 79 82 26 24 99 23 21 53 67 17 92 19 17 36 66 17 39 31 51 34 39 25 41 70 77 34 97 7 75 16 83 80 9 46 13 20 90 21 55 58 79 58 16 0 86 76 64 90 
58 46 39 12 5 90 97 10 77 67 27 87 96 51 29 96 62 94 16 38 77 35 81 63 91 4 86 16 93 61 61 51 51 35 99 20 43 27 39 53 95 36 7 2 19 29 86 12 18 84 22 73 32 85 4 85 4 51 42 76 10 80 88 96 0 24 14 1 44 16 89 89 14 54 56 24 52 76 21 12 53 73 8 86 2 7 31 22 50 99 79 47 85 5 54 62 44 7 57 95 54 20 7 24 46 74 47 54 87 77 47 25 12 60 10 96 25 93 79 85 89 80 18 62 19 60 38 32 26 17 91 66 28 61 66 73 70 14 47 19 32 67 47 54 33 79 19 15 80 90 71 94 54 1 38 44 58 60 29 34 24 54 73 11 74 73 10 61 0 62 14 44 44 4 46 83 25 96 19 19 0 27 4 82 71 3 4 49 3 3 22 8 41 90 47 21 49 17 54 95 
79 80 57 75 61 26 44 9 29 20 52 81 31 24 86 92 34 62 11 89 67 39 86 39 85 64 48 45 87 69 59 23 83 63 50 30 37 30 12 3 83 59 80 64 34 17 92 80 1 94 8 77 76 9 96 54 92 89 36 29 45 29 56 5 88 42 21 13 10 32 31 17 57 93 59 29 57 98 42 79 98 15 34 16 44 37 5 94 2 46 60 15 23 76 86 82 3 86 21 26 98 0 88 48 22 1 34 30 25 42 97 0 15 12 55 38 29 34 37 77 16 48 64 39 10 20 29 5 98 3 27 67 35 53 44 71 77 72 8 85 80 82 93 99 42 43 24 39 41 66 55 70 68 18 43 63 68 47 72 35 14 64 39 28 7 69 2 2 28 59 10 38 15 34 2 13 34 66 19 40 7 47 0 42 27 47 22 13 51 34 43 78 55 83 48 59 77 38 71 74 
6 20 88 59 71 66 38 84 11 46 12 61 63 18 83 51 26 58 13 77 53 13 80 20 58 74 66 46 61 9 35 62 11 15 17 86 3 38 28 7 93 46 62 8 0 35 25 92 95 16 83 33 92 31 56 25 25 54 2 60 23 18 49 18 39 78 30 79 82 89 98 47 32 72 18 27 92 74 21 41 0 85 96 95 63 26 90 99 26 79 16 10 43 80 46 42 22 75 50 28 98 85 20 54 12 94 56 49 90 66 72 19 3 37 69 31 9 52 71 96 91 5 95 91 81 41 97 43 88 76 90 19 86 40 71 51 49 57 7 39 30 61 54 25 34 8 78 7 28 54 66 80 90 92 84 31 81 23 15 8 33 55 85 31 98 23 3 75 59 69 27 87 1 61 14 35 19 41 22 85 27 92 45 57 18 3 82 18 71 7 19 6 17 56 0 41 2 22 43 40 
90 82 29 80 65 23 44 5 52 81 90 52 34 81 88 85 74 7 50 5 91 93 2 43 33 25 19 48 14 12 56 40 23 80 17 31 75 22 41 36 60 76 29 93 53 91 16 27 20 72 68 99 33 33 0 45 39 45 17 52 34 91 82 79 68 50 18 82 95 56 77 4 99 78 12 18 12 76 21 28 19 38 43 76 38 98 88 44 60 3 27 45 42 69 36 39 70 49 17 4 74 71 64 31 93 75 98 70 79 77 6 7 31 81 71 69 92 49 78 18 85 20 72 48 2 51 6 14 42 41 58 61 74 37 52 19 98 22 77 14 78 22 12 64 16 80 41 41 69 62 31 25 36 24 69 8 26 57 53 76 22 54 72 14 41 76 36 47 2 17 86 80 46 91 54 11 98 84 97 16 19 5 7 1 35 42 53 38 10 26 49 7 56 24 15 50 69 28 50 40 
93 86 63 91 1 19 89 37 37 14 42 79 80 94 45 20 33 40 57 72 31 88 1 5 83 18 36 53 36 55 66 64 55 66 32 35 12 28 49 9 53 87 1 9 2 33 22 12 49 20 97 80 79 53 62 74 6 14 7 32 0 40 70 33 8 25 40 25 96 88 69 40 39 66 26 82 87 81 58 45 37 87 84 22 0 58 55 64 35 18 55 94 3 82 79 7 69 70 92 68 51 28 29 84 13 10 88 35 50 15 12 29 44 49 86 20 80 55 13 73 37 11 33 39 68 2 28 20 88 78 19 68 95 60 15 11 96 50 19 99 55 99 48 94 22 18 60 92 29 83 75 8 84 76 84 95 35 40 50 22 79 30 6 58 23 51 84 69 9 55 76 98 82 17 43 7 83 74 58 50 33 36 54 22 76 99 77 87 24 24 24 37 56 72 33 97 82 87 71 80 
66 29 71 88 95 73 45 85 7 0 16 0 98 92 38 42 81 2 67 66 75 33 68 35 1 56 99 37 34 74 17 14 21 12 39 18 6 22 73 18 10 85 64 80 75 84 86 80 67 78 39 77 72 68 6 34 24 8 97 31 90 37 5 87 89 47 9 31 75 41 24 49 0 85 25 49 68 32 35 20 30 55 97 63 83 81 39 26 3 83 74 85 42 56 53 89 17 84 64 0 78 26 1 55 89 28 41 36 61 40 60 95 71 65 36 24 60 12 75 49 49 12 7 42 34 94 93 58 87 69 45 24 39 61 49 34 54 10 16 56 86 0 78 80 84 76 13 92 3 53 25 53 69 24 91 67 90 73 62 41 46 91 88 63 2 82 52 57 1 30 7 61 59 91 44 63 66 91 35 60 61 52 78 33 73 55 47 54 82 27 4 35 70 6 12 41 88 8 65 40 
39 26 66 23 12 42 91 77 46 87 7 47 96 4 29 62 0 76 86 62 34 49 34 7 3 5 65 43 3 85 24 12 9 68 32 15 57 41 23 65 14 9 20 69 90 30 15 23 22 61 13 39 50 51 13 9 25 54 84 48 69 7 67 80 13 1 2 0 58 56 51 15 0 34 23 35 37 34 80 80 79 88 52 34 50 97 40 1 40 15 33 28 20 87 7 28 25 68 68 75 28 47 63 28 26 17 24 84 83 76 71 37 8 2 54 86 71 2 88 24 60 57 96 88 10 60 99 21 80 55 37 58 57 21 52 83 50 9 86 80 86 0 80 83 75 23 28 32 63 40 37 93 21 88 47 55 73 84 36 30 13 76 81 67 22 11 18 0 95 65 97 52 24 1 40 13 85 3 69 34 28 65 74 5 0 48 57 89 95 97 89 75 94 88 61 46 16 1 68 84 
17 82 3 23 56 1 23 36 38 97 2 18 80 22 95 98 63 80 12 10 39 60 0 88 54 15 61 1 13 59 87 78 67 20 5 9 17 34 8 2 67 35 6 72 53 7 1 58 15 2 96 99 53 21 17 10 61 21 88 66 67 77 95 74 67 15 66 55 69 93 16 45 2 43 50 42 93 35 4 17 29 96 14 32 37 48 66 28 43 34 75 5 53 94 23 40 68 66 68 35 47 85 75 41 9 54 62 38 30 44 51 13 67 51 62 79 66 25 76 75 0 21 77 4 22 44 7 57 22 14 51 84 39 76 83 8 50 72 93 31 43 56 35 0 67 22 91 6 7 95 21 58 28 55 7 85 12 5 92 16 46 68 16 31 81 16 19 80 55 0 52 22 60 12 88 10 27 39 82 40 33 15 13 65 19 8 4 27 42 82 98 22 86 74 51 34 25 6 65 1 
50 16 38 70 88 76 13 49 45 96 98 69 5 34 72 64 69 24 29 71 12 31 80 53 91 44 35 80 72 38 78 57 65 30 8 63 89 95 90 7 52 63 36 10 31 49 57 64 39 51 66 88 6 23 75 72 9 32 4 13 4 52 53 50 55 23 41 54 2 71 72 47 44 6 8 42 3 47 68 88 51 68 58 6 56 92 23 80 85 60 56 46 86 80 31 91 80 15 78 17 19 94 55 14 49 33 53 70 62 35 82 36 62 33 6 85 10 80 35 95 29 18 72 14 35 1 87 69 96 26 10 62 13 69 38 95 63 54 3 28 26 68 15 21 33 32 97 14 64 60 35 44 19 0 31 13 45 52 78 51 27 79 58 89 2 60 98 22 42 15 48 46 36 27 54 98 15 58 16 40 66 84 84 31 97 3 31 8 61 53 59 17 25 4 66 61 91 79 82 75 
82 30 93 48 45 76 64 35 95 6 98 8 9 91 54 73 73 62 60 82 48 16 67 23 46 63 33 34 32 93 15 75 71 53 13 52 88 35 16 13 31 10 8 20 3 79 84 33 17 47 35 87 13 65 10 38 10 89 84 96 30 92 93 89 1 37 97 72 48 39 87 55 69 4 97 78 41 58 95 15 39 64 28 68 47 83 67 9 65 53 66 60 31 46 87 30 60 9 64 16 63 81 96 29 99 25 42 42 0 97 10 71 10 58 30 28 28 71 95 60 0 29 20 33 37 84 41 20 69 63 20 86 44 6 36 52 36 17 79 2 67 48 62 98 98 73 98 35 79 49 57 28 61 91 5 19 62 86 76 30 82 29 61 48 59 76 7 47 60 24 31 8 17 50 22 3 43 61 7 86 72 25 90 28 30 88 78 51 4 15 84 37 85 44 80 61 19 7 16 18 
55 58 47 8 40 65 71 71 77 5 90 36 95 59 5 84 89 0 83 20 42 29 64 99 28 76 21 46 90 5 43 13 1 38 66 72 71 71 29 65 36 63 7 37 84 63 19 1 84 47 19 82 71 62 93 86 29 69 19 18 15 60 78 25 42 85 85 70 29 33 91 61 52 93 5 33 95 72 60 62 61 53 78 17 37 43 83 81 70 63 35 21 55 14 82 25 58 55 92 65 52 71 58 11 25 24 88 37 60 71 91 59 30 5 46 38 99 84 57 73 1 41 89 59 20 29 94 98 94 76 98 82 23 57 73 48 51 88 89 80 31 68 52 97 2 37 92 16 65 48 43 0 1 84 19 33 67 90 88 34 56 12 3 8 42 83 85 47 63 52 60 95 76 87 61 95 85 11 83 20 27 21 46 46 50 80 60 38 72 64 16 7 21 26 36 55 25 24 85 28 
55 22 12 72 8 7 67 77 86 27 5 41 25 9 10 33 59 53 2 30 23 41 3 37 98 23 77 99 4 49 2 60 20 72 14 1 25 62 37 52 15 91 2 71 47 69 86 71 74 27 90 26 29 63 49 14 57 76 1 13 23 74 43 50 55 79 25 62 40 2 37 2 75 46 47 94 65 45 31 39 2 65 95 73 40 91 25 80 72 26 73 60 15 3 54 23 82 91 26 65 18 0 43 26 6 99 96 91 0 69 12 66 56 32 45 43 62 41 44 55 13 88 48 68 54 28 52 41 63 91 93 80 33 80 8 93 77 99 0 1 86 24 70 90 38 32 62 73 13 49 29 65 50 41 3 58 69 92 31 54 53 69 21 43 47 53 56 93 58 62 68 61 44 48 17 65 25 1 52 26 95 66 73 88 86 72 10 13 37 24 27 81 7 11 99 44 3 53 50 53 
50 76 31 33 39 63 40 83 89 83 15 26 91 2 11 39 20 2 28 78 48 76 79 27 15 46 6 9 24 26 63 81 21 96 10 43 53 14 67 19 66 90 44 62 33 51 88 19 54 55 73 23 44 52 36 35 32 2 11 53 84 81 42 66 72 84 52 11 88 29 3 57 29 33 50 45 36 94 52 35 55 27 23 86 79 72 22 29 42 15 41 89 74 38 40 3 97 66 94 19 55 59 24 93 44 65 43 87 98 63 26 39 51 13 7 26 95 15 32 45 65 16 13 56 98 77 84 68 66 11 95 9 49 74 77 4 81 74 48 56 98 13 11 32 74 19 84 36 43 43 70 32 85 83 34 90 76 25 43 50 37 19 77 52 20 96 55 41 6 84 87 21 64 18 42 88 20 43 31 99 94 70 81 45 18 54 37 19 44 36 60 80 8 97 77 49 59 66 90 0 
53 54 4 73 8 68 32 29 17 62 55 95 66 1 17 57 80 42 78 68 54 8 49 2 74 87 97 91 42 80 85 93 85 50 99 37 55 12 36 55 26 52 14 1 94 56 69 47 52 63 68 24 6 34 67 37 58 99 61 2 97 53 20 5 2 70 31 92 79 82 79 77 5 93 60 16 62 42 38 75 80 0 80 68 53 21 80 52 90 50 81 98 96 23 84 36 63 51 80 18 73 98 96 15 47 68 7 40 34 25 64 77 77 11 73 6 57 67 24 91 93 56 27 92 63 40 69 60 34 65 23 55 9 63 96 37 77 30 48 65 26 83 93 6 88 50 32 45 99 86 10 10 23 41 98 23 38 49 42 67 6 55 88 4 76 38 95 56 49 35 45 12 67 85 16 53 55 14 0 46 44 48 27 78 4 92 76 92 9 10 48 24 39 3 94 60 12 67 12 95 
53 75 10 28 3 51 59 90 56 67 10 7 70 39 99 38 56 38 74 94 44 3 98 40 61 87 90 47 3 82 48 86 43 46 83 25 63 56 59 2 97 40 85 11 71 68 93 51 99 43 55 21 0 95 53 5 60 28 75 18 19 35 6 46 73 48 91 40 55 94 27 48 20 7 7 78 25 30 17 16 21 75 79 93 7 76 41 53 61 82 10 52 78 98 95 30 94 80 54 40 76 79 80 36 64 38 77 16 90 75 21 13 39 70 96 55 51 16 33 64 18 5 10 57 79 26 71 6 89 15 49 86 96 76 9 50 0 46 61 66 41 1 26 66 71 0 39 50 98 44 41 25 20 60 84 38 38 64 89 90 12 61 12 32 9 73 79 87 34 75 43 28 2 29 95 48 98 76 11 14 98 40 18 40 88 44 96 89 86 44 85 7 10 30 98 32 53 10 29 87 
1 9 34 64 45 67 29 70 5 43 94 12 45 67 56 21 40 94 1 41 73 82 32 60 63 1 92 29 18 78 72 0 69 67 67 96 25 75 11 60 70 17 68 71 21 15 22 61 94 44 11 11 26 82 78 98 87 28 97 32 7 58 64 92 6 39 34 11 80 32 55 87 75 18 98 11 21 54 89 27 32 2 32 17 89 67 78 80 94 61 46 8 40 82 64 38 44 15 82 54 30 39 53 2 30 2 80 48 21 45 41 35 40 14 53 34 26 46 61 10 28 93 90 53 84 2 41 90 52 92 51 31 41 85 74 29 13 92 93 27 16 32 65 42 65 58 97 35 77 83 30 4 34 84 10 60 25 90 70 81 24 2 38 49 98 3 22 9 3 17 46 19 48 46 89 86 86 51 2 18 35 94 30 91 86 29 6 47 30 6 36 86 25 44 63 1 1 92 12 88 
40 9 34 25 8 41 86 50 17 81 0 81 74 15 77 42 61 30 37 97 15 25 26 26 51 60 69 81 66 27 65 33 0 4 14 72 68 87 64 59 5 36 16 12 83 33 62 73 0 21 20 83 77 80 41 99 63 20 93 76 58 75 76 45 54 38 62 84 53 9 42 19 58 8 98 93 3 26 85 49 41 75 94 43 62 91 16 83 19 73 59 34 87 21 14 10 76 18 49 77 65 19 13 77 20 28 13 75 52 88 51 73 58 36 92 44 67 26 32 2 49 95 50 32 19 37 91 91 74 90 99 68 25 13 40 98 99 62 26 27 4 0 76 97 53 16 1 10 68 77 41 18 8 74 6 41 96 47 54 61 46 32 98 60 37 74 32 84 71 76 20 18 73 29 80 86 64 62 2 98 30 87 70 81 55 61 92 93 12 31 63 38 65 97 19 25 18 76 1 22 
8 43 72 81 65 33 21 79 26 60 94 91 91 53 20 10 44 13 64 17 10 84 15 20 31 36 60 92 34 73 2 5 83 6 49 40 27 18 38 28 74 32 74 65 44 27 98 42 66 58 97 0 13 92 18 15 12 7 77 52 71 42 95 7 66 43 8 13 26 77 5 66 74 3 26 61 98 77 53 88 73 24 96 94 63 25 15 74 9 36 50 61 23 15 53 47 62 0 97 50 44 26 6 0 93 33 89 46 40 27 9 40 85 79 20 43 83 8 95 97 84 53 82 64 8 71 48 21 72 62 55 58 44 97 98 82 27 53 64 48 9 53 93 99 54 91 54 56 77 16 17 92 71 56 65 40 21 84 99 38 98 85 10 10 38 78 13 12 8 33 6 92 95 50 9 79 64 99 5 32 65 15 86 80 96 13 20 25 73 40 63 81 74 57 84 5 90 8 22 67 
32 7 28 29 65 35 38 39 99 12 38 36 51 19 74 92 93 66 55 52 26 48 72 50 67 74 18 67 8 80 70 34 59 16 2 71 39 44 96 80 7 42 9 91 19 65 32 40 85 53 1 48 55 72 29 54 4 99 15 20 20 43 44 46 18 72 55 95 17 97 42 20 36 5 65 17 37 77 49 44 67 24 83 1 88 91 82 80 55 97 33 81 35 58 5 45 99 86 3 67 83 69 77 82 34 17 43 26 89 63 56 5 33 57 12 63 65 11 84 24 79 40 20 61 75 16 21 57 63 44 27 90 69 26 72 6 78 1 2 63 72 87 58 2 38 69 97 11 74 50 63 98 40 32 17 32 81 52 31 46 35 28 23 85 23 10 44 73 46 82 63 63 0 28 66 88 74 51 30 52 23 49 18 91 30 85 20 63 42 93 20 90 1 31 82 74 41 26 13 10 
16 20 65 58 39 23 33 66 29 25 30 55 0 72 94 34 9 42 84 49 28 84 75 15 19 77 53 40 71 94 42 89 30 79 77 9 31 28 86 48 59 85 73 46 42 31 70 40 37 88 86 47 29 57 28 21 43 62 39 91 5 21 0 27 30 59 23 3 74 51 58 90 16 64 28 52 67 93 71 96 70 39 29 75 75 64 49 86 59 85 37 0 56 69 30 19 22 31 14 88 74 52 25 29 88 26 19 58 76 48 29 70 0 87 38 15 56 40 16 36 86 48 67 66 82 16 49 5 80 36 90 45 61 46 66 44 60 75 25 78 22 66 11 6 16 20 64 74 3 47 81 6 7 21 4 17 25 63 16 2 43 83 13 9 74 34 6 60 14 18 87 19 3 8 97 65 36 1 48 89 31 91 37 45 8 81 84 10 7 98 96 72 79 17 0 84 37 4 4 11 
67 65 69 53 1 22 40 10 49 64 22 91 6 73 16 76 4 4 97 28 38 93 28 58 60 57 66 63 89 96 69 15 36 94 54 76 79 39 0 25 8 71 5 72 43 8 61 3 75 37 92 83 36 7 25 77 86 54 73 36 52 38 40 64 99 90 22 49 84 81 8 99 63 31 78 53 70 2 16 75 69 34 44 16 7 53 75 59 93 63 81 90 97 74 38 92 38 37 6 60 78 50 41 35 32 48 44 16 31 42 7 50 98 13 47 94 38 63 5 47 81 77 39 2 76 39 55 85 63 22 34 91 40 75 47 81 97 1 64 40 22 39 59 2 42 31 21 81 29 57 84 26 46 92 19 14 57 86 22 35 88 7 85 52 94 0 45 62 40 4 21 94 51 90 79 79 10 84 79 70 0 7 19 62 88 72 16 29 93 87 47 80 20 86 36 82 16 56 99 49 
76 39 24 80 11 43 9 40 44 31 88 11 83 37 95 97 72 85 18 11 14 70 12 70 3 56 14 82 66 65 46 90 49 59 40 25 76 33 97 93 53 10 10 87 94 58 3 19 56 70 39 85 5 78 2 32 77 53 76 47 48 61 98 77 71 88 90 85 67 86 72 86 14 19 26 39 97 3 72 26 5 68 8 38 95 45 48 75 50 13 65 65 18 37 38 51 54 17 22 45 61 40 66 16 61 35 43 5 72 56 73 96 44 23 88 18 30 21 84 46 94 79 86 88 16 37 91 59 74 12 39 84 40 92 82 22 4 98 58 16 83 89 87 53 99 15 61 70 8 47 86 77 13 60 63 29 94 93 56 98 7 67 38 42 78 58 37 56 45 20 62 0 7 58 66 59 96 96 99 29 71 79 7 40 79 5 47 63 89 20 74 71 25 55 2 56 25 38 82 47 
22 84 65 78 70 6 69 96 58 85 35 63 81 96 3 20 28 95 47 58 51 24 57 30 4 12 76 53 51 19 14 2 70 8 3 33 49 98 65 20 41 40 57 1 44 96 73 16 92 85 58 11 82 95 28 3 48 82 91 61 38 11 0 41 88 14 37 9 37 18 93 29 32 87 8 62 90 29 21 0 75 66 5 81 96 42 79 63 30 40 72 65 52 72 17 28 46 27 51 47 40 2 38 73 21 55 93 30 54 0 29 61 10 61 99 88 95 29 15 97 84 35 35 80 76 19 81 4 75 6 88 46 80 6 88 39 27 43 3 54 96 33 83 94 27 35 45 13 89 71 44 33 47 88 83 14 38 84 83 24 39 53 77 34 64 74 38 0 34 89 91 69 52 4 43 44 24 88 3 99 76 6 85 80 88 80 81 39 86 86 20 85 70 30 9 4 43 33 92 99 
94 31 97 47 42 76 78 61 63 20 24 50 3 20 59 57 6 42 80 20 80 35 31 30 96 47 65 39 91 0 63 96 55 78 52 16 70 67 95 15 42 39 17 99 62 26 34 60 0 97 57 52 0 21 29 47 77 38 80 19 91 11 35 27 69 74 12 1 88 79 79 81 88 84 81 41 96 84 45 34 4 8 47 56 2 25 33 68 78 51 51 52 11 54 99 41 81 3 58 53 96 69 86 48 92 36 73 28 31 41 40 30 81 76 43 46 30 79 36 6 21 64 94 43 67 72 24 29 5 49 26 89 78 45 47 47 48 75 72 80 10 3 40 48 59 73 92 4 9 3 73 48 99 28 20 87 91 59 49 31 54 99 43 15 99 2 99 58 15 53 19 74 53 20 37 96 33 3 35 2 77 68 85 94 37 94 62 77 67 29 87 28 5 78 30 69 5 25 53 70 
81 58 5 85 37 37 66 99 65 42 36 7 23 67 56 57 89 19 75 68 55 51 62 47 36 82 26 83 61 15 30 49 70 14 51 78 44 46 4 88 82 1 14 47 20 12 41 60 13 63 76 40 35 45 1 92 89 39 32 15 80 58 90 78 2 80 1 51 83 63 30 40 8 34 82 46 18 67 69 3 95 54 36 5 72 18 41 16 38 85 72 23 20 99 32 42 33 21 54 94 2 87 37 78 36 55 7 25 23 84 79 67 89 91 16 0 4 0 25 46 93 55 25 87 95 29 64 47 79 5 35 59 74 40 21 70 20 20 50 62 50 35 48 75 46 7 35 24 60 69 1 54 57 91 32 85 28 66 35 4 97 68 91 60 45 60 85 92 49 55 94 0 34 43 27 31 85 11 7 73 17 26 99 25 2 35 84 23 27 76 33 5 65 49 63 7 85 76 41 5 
47 55 12 40 57 53 45 48 56 9 29 4 62 23 81 22 99 68 38 68 83 12 89 87 68 26 10 68 72 0 10 40 31 51 72 16 18 29 34 84 74 77 27 64 2 68 19 85 86 37 1 49 70 50 72 65 91 9 57 41 72 99 16 13 55 76 25 51 29 87 33 78 55 65 17 1 59 52 62 34 62 64 74 89 7 82 94 95 76 51 44 88 32 91 26 13 5 70 52 2 54 99 91 75 11 91 70 56 72 88 62 98 31 3 16 72 34 55 38 86 41 0 74 61 79 50 49 11 95 5 56 16 5 52 63 37 22 40 19 96 92 44 46 52 58 80 8 46 67 2 96 49 29 15 71 10 59 1 65 87 43 24 98 37 42 59 78 35 1 37 48 17 89 36 50 17 41 57 90 84 78 44 69 12 51 86 21 45 63 56 97 34 96 77 29 37 41 80 39 18 
22 75 4 43 14 72 52 55 13 66 57 89 83 19 65 80 85 43 93 5 35 46 5 55 69 78 22 49 94 67 23 12 62 85 87 31 99 76 98 81 34 41 30 26 15 87 27 4 38 15 54 59 99 25 30 30 8 48 13 68 10 88 14 91 65 97 90 24 28 91 80 76 37 88 20 85 88 26 80 12 86 6 90 97 27 63 12 55 92 43 89 51 43 98 71 39 4 53 97 35 97 18 95 10 48 81 28 89 67 70 51 40 69 51 13 14 43 17 38 35 97 54 62 12 66 7 58 82 17 19 47 31 22 73 14 58 61 98 13 83 1 68 9 77 59 28 92 59 19 67 33 85 67 47 41 69 68 9 16 62 78 76 73 12 64 60 18 76 66 83 92 13 16 96 97 82 60 11 55 10 40 77 60 66 10 52 50 26 51 53 25 63 57 99 94 38 33 39 91 65 
93 26 72 82 58 42 0 64 44 81 49 10 76 94 96 17 34 70 76 17 69 38 4 47 24 6 91 98 58 17 60 68 60 42 83 90 86 18 42 6 47 90 51 27 44 60 85 22 80 9 96 8 21 90 18 24 82 47 0 7 48 27 94 9 29 90 46 97 75 23 54 40 69 22 92 58 81 29 50 77 86 9 42 90 90 79 99 77 31 79 80 77 61 17 32 56 83 63 7 60 19 7 41 6 47 37 93 62 33 78 51 55 89 81 37 16 78 2 90 39 38 26 83 81 71 59 91 54 46 57 2 63 57 40 50 93 11 58 1 59 34 71 57 7 94 75 65 1 32 71 75 17 69 48 83 18 68 9 59 94 70 40 90 84 45 15 70 28 26 82 53 30 63 23 80 97 35 73 95 85 16 54 11 31 55 77 45 52 90 43 67 13 7 11 56 61 55 71 24 23 
93 9 77 18 83 72 67 66 82 64 59 9 42 71 62 13 92 80 28 72 24 56 83 90 41 12 8 65 39 10 17 31 70 75 56 27 76 72 11 33 33 3 8 3 38 29 35 40 12 94 74 97 73 97 88 49 88 17 77 93 69 46 57 51 91 84 98 90 65 0 76 62 90 88 87 62 48 54 7 67 76 27 91 7 91 70 66 62 64 39 51 31 61 48 27 59 47 79 5 1 30 16 33 30 83 45 63 39 0 92 97 91 74 55 4 10 77 95 8 42 17 25 79 38 51 40 16 12 98 37 98 15 27 71 62 56 10 44 29 20 34 75 34 91 3 26 33 75 15 15 15 48 60 29 97 23 55 98 87 9 3 42 60 49 32 99 84 72 66 51 33 48 43 57 86 55 19 87 53 33 37 92 26 20 39 37 64 64 37 50 81 26 56 10 25 49 69 54 91 55 
15 42 14 63 65 77 60 51 83 28 64 77 91 72 90 71 31 75 1 64 14 79 73 55 44 29 57 86 42 45 86 59 81 59 68 66 21 26 4 56 13 67 92 94 74 24 63 64 49 1 16 87 80 86 52 61 59 90 9 28 39 0 10 51 60 81 52 52 52 49 76 29 67 1 14 32 32 4 4 36 31 16 8 94 49 27 9 59 85 87 57 8 32 99 46 8 44 23 10 45 76 46 37 2 99 21 5 67 26 83 50 69 23 51 1 40 47 10 45 6 14 18 32 45 74 9 83 20 89 38 77 66 95 33 62 56 63 97 59 40 32 91 12 61 96 12 8 73 52 63 36 0 95 16 94 96 63 20 84 54 51 14 78 26 28 49 25 13 10 27 28 14 79 6 6 83 57 37 69 38 23 33 61 92 14 16 93 71 21 34 23 54 23 42 65 33 74 52 78 80 
92 52 57 53 5 29 26 88 44 3 43 42 67 89 45 71 88 60 31 48 42 48 41 13 55 20 45 92 83 84 82 34 24 12 14 78 4 80 34 3 28 58 87 49 42 83 47 75 1 90 72 95 12 74 92 30 68 74 14 34 86 78 4 1 24 19 22 40 46 67 70 68 13 50 40 23 87 59 8 51 2 87 37 10 93 79 36 85 83 9 61 15 31 18 50 52 71 53 98 51 21 13 83 71 99 30 71 21 58 73 3 23 69 31 1 87 99 81 40 71 50 29 34 27 14 71 1 0 81 65 13 52 0 99 25 41 54 92 71 26 91 9 85 32 52 10 2 81 57 54 45 55 87 6 68 15 79 31 47 40 98 76 64 78 3 25 55 21 78 90 89 87 38 30 46 57 94 12 29 73 47 55 31 53 77 52 24 26 86 72 48 76 3 10 6 25 29 75 45 96 
3 21 65 43 3 25 17 58 38 28 0 74 60 32 52 90 31 78 53 97 47 91 76 56 70 59 84 49 32 21 69 65 62 17 26 30 34 98 38 75 98 88 87 56 6 48 75 69 35 37 96 27 86 36 74 9 76 55 66 7 79 23 76 36 49 13 61 12 68 77 58 25 13 22 22 20 76 57 34 6 32 49 85 12 43 10 58 6 29 29 43 78 18 24 57 97 93 47 13 82 83 5 65 36 27 30 55 60 42 61 74 94 34 34 11 40 43 71 21 31 6 18 0 71 46 89 10 81 91 93 51 27 44 52 87 10 44 54 37 66 29 53 10 3 53 20 54 64 56 25 95 81 9 63 8 89 45 38 39 99 69 28 34 27 0 64 58 37 72 65 34 90 7 77 71 20 97 2 84 63 72 1 19 59 80 37 68 64 8 7 57 71 85 68 79 59 45 18 25 8 
47 42 6 43 61 65 20 2 10 13 62 9 25 47 42 85 21 87 67 24 15 52 84 66 97 28 58 30 89 2 34 0 41 30 3 1 63 64 98 23 32 90 43 71 69 67 47 56 38 96 50 58 27 52 11 95 31 30 34 36 94 63 13 95 90 81 66 32 98 84 84 66 35 34 32 48 38 12 67 79 98 47 53 13 86 4 7 78 42 64 31 74 34 31 92 59 62 15 94 33 64 75 35 27 27 56 0 96 50 92 33 38 1 29 71 1 49 92 79 87 17 55 27 31 36 56 76 0 58 87 8 63 79 86 11 47 45 35 69 35 4 33 90 34 82 34 20 63 25 84 44 99 46 67 23 59 72 11 80 68 76 59 23 74 73 77 47 9 91 50 19 14 80 84 22 37 39 90 9 30 37 4 90 6 80 0 82 34 97 84 21 66 49 25 73 83 96 63 20 77 
35 86 23 9 42 77 84 6 39 61 38 34 88 96 80 74 71 89 18 33 85 55 30 31 42 86 18 65 43 18 13 28 79 99 45 22 38 99 8 34 10 46 26 64 68 87 50 53 71 8 7 56 55 83 73 52 18 42 47 24 25 28 51 77 57 77 4 87 28 92 0 35 48 18 90 71 12 94 81 34 28 63 14 97 11 22 26 30 4 0 32 92 4 2 97 24 67 15 9 63 56 46 37 28 50 17 98 35 72 53 89 85 27 35 63 50 38 74 38 41 62 2 72 98 55 36 92 78 75 11 63 74 14 10 74 45 74 19 13 64 16 52 33 23 46 72 97 34 34 60 1 71 19 26 60 30 6 45 80 26 44 95 23 69 14 16 37 99 13 72 19 63 28 66 14 39 66 25 88 61 52 24 42 22 66 21 39 38 97 99 16 64 38 40 5 91 76 48 94 77 
27 23 25 27 72 57 71 6 99 16 98 8 88 61 2 5 29 71 50 0 84 16 93 73 85 18 16 49 77 13 86 48 73 61 99 49 96 39 53 70 26 35 44 78 27 21 92 9 99 96 53 23 7 73 78 4 77 4 84 9 3 36 97 54 73 6 64 83 32 81 80 61 53 11 69 3 27 6 97 69 96 55 35 7 86 66 80 57 10 80 67 33 92 98 14 21 17 54 33 12 92 71 15 51 58 40 71 76 38 69 77 29 76 41 4 17 26 39 82 12 76 24 6 13 98 92 2 49 23 65 13 77 36 80 26 86 16 57 42 52 18 86 67 13 59 18 61 8 13 27 41 22 63 25 72 99 91 41 64 84 49 71 65 52 9 38 59 32 34 32 95 47 13 52 39 58 66 54 98 69 80 52 20 90 63 3 90 73 53 80 45 52 10 39 9 36 69 59 95 60 
50 71 2 38 45 49 78 75 47 85 62 42 80 20 56 60 32 50 11 43 54 68 64 20 26 10 56 21 26 40 61 55 71 19 90 64 60 75 4 25 19 51 26 73 43 24 61 89 59 61 9 11 41 50 14 69 45 92 71 68 2 5 55 12 33 88 48 25 13 87 80 74 67 95 86 66 19 44 22 12 26 2 80 75 46 54 95 26 50 61 81 56 39 58 81 7 40 26 83 86 76 57 43 72 37 62 61 47 7 79 96 42 90 71 81 62 49 0 46 91 23 32 66 33 55 58 88 57 60 89 64 66 37 13 5 79 11 68 95 14 50 83 18 37 68 41 92 93 14 56 16 16 11 91 36 72 92 18 96 24 93 28 15 85 68 2 48 97 35 1 57 86 78 94 29 67 43 51 80 83 85 45 60 58 95 88 17 75 1 39 32 87 7 72 51 23 21 21 35 8 
23 81 39 80 70 5 76 11 30 47 42 8 22 44 39 56 49 16 97 5 50 70 64 31 66 17 44 21 64 95 28 8 49 67 56 39 50 96 48 30 47 7 94 40 69 85 92 27 86 3 89 87 91 86 70 86 2 59 91 82 49 58 36 99 59 20 49 35 62 63 9 59 5 17 10 80 18 80 60 30 82 9 93 7 24 78 63 63 79 33 12 3 8 6 6 67 96 40 81 0 30 25 94 82 51 27 25 55 9 69 62 37 46 69 36 12 97 89 70 14 26 45 86 74 90 17 91 3 32 27 41 99 26 87 48 24 31 61 93 89 67 3 92 32 84 20 66 79 42 20 53 8 1 69 46 85 25 21 22 84 43 53 73 87 74 41 54 24 88 13 95 99 62 28 43 12 37 66 93 10 39 87 16 20 2 50 51 16 94 7 32 25 33 57 12 49 46 99 73 98 
66 77 2 64 15 70 25 48 10 83 78 40 16 94 40 38 19 0 18 77 94 11 0 54 74 85 18 96 26 89 68 38 5 87 74 24 31 46 86 92 6 19 12 26 54 33 77 31 78 39 55 74 0 93 75 47 70 83 8 36 87 31 80 21 50 45 33 84 61 55 9 73 96 53 73 90 43 79 54 10 70 50 89 71 39 97 17 21 89 36 58 5 11 60 56 94 71 20 53 3 40 87 27 33 82 39 29 83 28 65 4 95 14 94 13 30 89 86 53 7 35 96 31 68 0 1 17 54 73 23 66 9 18 48 72 91 31 63 9 81 34 8 2 91 36 95 34 73 73 46 60 45 41 18 84 48 68 30 59 7 96 32 33 87 62 99 87 76 79 18 65 93 67 41 65 8 55 17 25 83 98 79 49 24 73 31 29 33 49 43 49 71 9 61 65 52 52 56 88 98 
21 0 68 50 85 91 12 5 91 60 77 41 54 78 73 39 97 32 0 72 89 91 32 78 82 95 36 80 51 51 68 44 59 36 19 48 59 65 76 83 28 92 43 18 12 50 59 34 7 83 96 72 86 76 55 66 49 54 7 75 41 72 91 79 20 64 73 11 8 26 61 56 86 52 94 50 60 29 44 62 5 88 99 5 51 20 79 89 44 62 32 70 49 90 92 78 37 18 11 24 38 91 42 15 45 17 31 65 66 29 36 22 81 21 18 71 44 0 99 47 33 79 23 24 20 67 88 29 68 75 36 3 0 28 72 65 89 31 10 56 50 87 50 58 1 56 84 63 8 76 56 78 47 4 12 26 12 81 62 32 42 43 45 18 94 25 10 52 66 42 10 42 13 27 10 59 88 71 90 4 37 32 62 4 49 34 26 27 66 32 43 32 51 1 86 7 36 25 57 2 
89 70 68 4 69 89 14 24 2 80 47 11 38 35 36 92 5 41 45 3 42 6 31 16 20 35 38 69 62 90 84 23 36 2 11 48 51 37 31 97 34 36 28 95 35 74 7 83 74 97 10 94 13 10 1 52 7 95 66 61 16 66 8 25 52 95 24 80 75 86 76 35 42 26 60 28 65 89 74 32 52 46 17 69 33 99 1 85 1 6 93 5 62 22 49 6 50 77 50 32 70 5 99 36 81 8 96 46 18 76 14 7 31 31 89 23 39 54 89 38 59 92 68 15 48 78 2 70 69 80 54 63 46 82 28 51 39 8 80 78 63 83 42 16 35 69 35 12 88 7 26 79 68 17 62 3 35 77 3 67 84 4 95 60 1 93 28 33 5 91 43 15 52 42 47 84 92 80 26 25 79 42 19 21 11 44 4 72 65 45 98 91 5 52 19 42 10 98 43 52 
61 57 46 9 90 40 60 10 55 52 19 5 63 30 77 23 46 11 14 22 31 28 68 18 3 98 63 82 64 44 52 87 28 10 68 41 23 18 54 75 14 77 65 60 42 97 87 17 20 20 35 13 10 27 72 94 81 84 57 90 41 0 12 30 90 21 82 86 21 4 5 33 58 14 73 63 99 17 7 20 17 48 67 38 56 62 76 53 13 59 21 66 96 87 86 18 96 36 51 12 62 42 64 54 40 97 39 76 29 91 37 90 20 71 71 12 11 73 84 66 34 2 30 68 1 78 11 98 28 33 60 20 80 67 60 18 10 60 86 94 50 67 86 98 11 4 59 79 30 51 45 54 12 35 53 90 12 0 30 62 0 61 57 69 86 97 92 47 90 72 58 2 21 48 66 89 37 33 6 47 48 45 11 80 15 80 46 15 33 68 28 83 58 72 73 11 75 6 1 79 
94 41 93 82 90 28 0 93 43 76 41 53 55 52 77 84 43 62 24 56 16 45 64 40 16 21 1 31 93 51 2 30 40 78 52 13 81 45 49 45 7 58 52 93 18 57 43 54 28 77 27 55 29 20 40 61 16 2 56 40 99 12 16 22 74 65 18 0 75 32 53 97 6 39 82 89 89 35 23 55 3 57 52 14 92 33 57 19 36 9 47 74 69 89 39 93 46 48 1 41 58 69 50 74 84 14 67 63 32 41 94 62 94 2 19 97 1 8 1 61 51 39 69 1 59 97 42 26 67 16 97 66 75 27 63 83 82 85 0 62 31 22 83 63 98 51 71 63 9 24 24 51 37 96 11 50 77 9 2 14 49 25 99 63 82 96 14 41 74 54 97 95 18 75 20 91 80 45 77 32 10 15 21 93 98 48 16 44 79 17 70 28 36 34 19 50 16 50 4 42 
33 94 65 64 5 84 77 21 62 28 97 52 85 31 29 40 42 38 57 68 69 33 71 84 72 5 28 41 99 82 36 60 0 81 69 71 89 89 99 45 38 48 46 0 63 13 92 19 41 76 90 32 68 85 4 10 65 72 87 76 69 44 58 47 42 59 97 8 80 46 6 60 34 89 64 47 22 49 25 39 63 76 66 15 78 93 10 79 23 68 15 21 76 36 92 97 30 11 59 30 7 98 89 13 40 70 16 93 56 86 52 83 12 87 94 14 16 24 0 6 18 1 89 42 90 45 32 52 2 23 62 85 11 10 53 92 79 49 22 99 72 22 7 83 24 96 5 31 19 71 31 24 91 43 8 31 94 81 46 99 57 81 96 85 50 31 69 34 39 52 29 52 97 7 59 79 32 29 20 53 33 78 63 35 44 41 97 6 20 2 11 35 27 78 82 71 34 98 86 14 
39 76 38 4 37 78 58 24 2 76 86 36 92 73 99 93 82 8 36 49 47 89 43 67 48 9 91 42 81 2 95 60 1 52 44 67 47 59 56 17 0 34 40 28 43 39 16 62 42 65 64 3 77 78 65 83 15 4 56 26 69 18 25 4 44 18 96 14 35 62 13 98 88 35 10 6 81 46 29 80 90 62 77 5 53 20 9 47 27 97 68 15 81 41 80 63 16 12 1 48 85 14 32 92 32 15 11 6 20 84 63 37 60 23 29 54 71 57 81 36 45 94 40 94 20 88 3 60 70 43 28 30 33 1 53 26 58 14 87 94 19 26 49 61 19 46 61 10 75 79 58 5 98 33 7 43 8 27 47 32 52 91 29 51 67 25 61 80 96 39 40 32 22 4 92 62 98 57 12 61 58 3 95 19 46 91 66 68 76 82 71 93 79 36 19 31 19 75 44 43 
5 35 87 7 21 98 8 26 27 25 36 92 94 93 18 88 49 15 69 75 76 92 8 6 95 30 67 50 6 27 1 45 45 19 15 4 24 43 12 20 69 18 17 46 8 1 95 71 32 55 23 59 40 55 65 36 81 60 68 85 26 44 69 33 71 40 90 34 87 60 1 53 20 12 28 63 40 98 67 65 53 97 28 12 48 49 55 69 47 19 75 71 28 8 59 96 9 53 76 69 50 25 42 12 40 47 33 12 79 13 50 16 34 30 78 91 33 11 2 32 39 68 27 8 41 53 92 0 82 49 26 45 1 66 44 65 57 34 19 20 95 23 99 47 97 14 82 75 37 61 65 29 63 36 25 21 43 36 60 60 10 55 16 59 76 63 22 88 27 27 31 79 10 57 47 26 96 45 83 9 89 6 48 45 29 58 61 65 96 97 98 65 14 68 77 66 28 84 33 38 
42 40 4 74 90 70 61 65 85 86 7 63 1 8 97 6 43 37 14 24 10 31 78 49 12 56 38 86 59 80 40 82 26 98 31 52 89 33 22 25 50 6 74 72 66 13 25 55 79 80 88 75 79 88 49 26 25 23 42 0 19 28 48 33 67 56 95 53 6 1 13 6 42 46 61 29 90 54 27 73 76 64 13 89 42 98 3 56 1 72 98 83 74 20 69 45 54 12 37 82 88 19 95 54 9 12 4 23 99 19 64 90 2 69 74 34 23 18 99 74 25 17 1 71 74 36 54 89 73 96 89 70 5 87 68 63 3 48 26 39 31 80 47 49 29 43 82 38 30 88 10 28 43 68 72 29 13 75 64 10 10 9 38 41 0 85 71 68 36 36 8 57 76 28 86 67 57 73 71 26 14 68 11 42 5 74 87 16 73 23 30 34 83 55 65 51 37 53 53 86 
56 26 25 47 69 80 1 7 22 48 97 81 49 5 55 89 89 55 49 88 17 54 29 27 42 42 5 49 28 78 69 76 43 40 6 47 66 65 22 77 56 93 77 52 55 32 2 16 9 66 14 26 53 25 40 8 37 13 87 78 33 5 80 42 41 0 70 52 34 36 82 33 59 38 15 10 98 2 15 51 8 1 0 9 8 84 88 98 82 82 26 43 28 62 57 32 94 66 98 23 91 32 92 4 27 79 10 59 63 21 3 98 61 18 12 73 60 27 33 3 92 99 99 11 74 1 77 43 46 36 90 43 4 12 33 33 93 86 78 63 82 81 13 42 14 18 17 86 32 73 46 39 79 17 69 10 41 90 91 46 38 77 5 60 21 87 64 8 15 29 69 47 39 96 98 42 6 69 33 45 96 27 4 64 55 24 97 96 54 16 24 57 8 24 60 82 75 54 15 62 
90 86 80 66 31 64 21 7 77 6 72 37 45 81 58 84 31 16 27 86 54 57 8 5 34 82 62 50 44 33 22 70 47 31 6 0 36 3 51 84 67 7 71 15 45 79 33 14 49 52 62 27 59 39 14 97 50 95 8 59 25 60 66 56 8 44 61 26 20 19 99 5 48 46 90 89 53 17 96 51 21 1 99 59 75 79 59 17 98 74 53 6 62 59 35 53 99 79 53 83 89 36 46 42 88 4 76 37 37 83 52 29 17 95 89 51 84 44 94 62 76 69 78 41 84 41 52 72 79 55 79 35 41 32 20 48 59 1 73 59 50 76 48 70 46 42 9 66 24 24 48 39 58 98 51 50 65 3 86 37 35 27 95 79 51 5 16 86 62 53 47 85 90 21 73 2 12 82 58 28 10 89 57 0 75 82 31 45 30 30 44 81 25 56 44 2 74 41 75 65 
63 20 84 9 43 30 55 64 56 94 61 26 9 5 95 10 63 13 70 96 20 55 43 51 0 6 31 88 20 42 76 35 95 25 96 83 71 31 29 8 44 60 98 38 35 50 81 43 18 19 77 5 26 37 70 3 80 9 47 82 12 65 72 30 59 33 56 21 56 7 4 30 81 62 76 43 19 88 5 54 40 32 16 36 51 19 58 73 85 68 77 91 18 53 90 58 17 76 23 1 29 96 31 71 36 89 56 42 73 45 64 40 93 83 11 43 49 96 75 42 99 21 97 51 62 72 67 73 99 90 51 59 65 84 35 86 39 97 57 37 93 91 29 11 5 45 40 12 59 17 32 69 70 78 70 22 12 4 11 41 99 79 77 61 62 48 11 35 60 49 92 87 55 20 81 22 4 58 42 90 97 18 82 55 82 84 52 65 88 18 37 6 15 86 71 69 27 52 68 30 
62 6 60 13 87 78 39 37 86 98 11 18 99 55 84 51 84 86 56 31 54 70 1 86 38 56 21 70 88 76 50 24 9 69 54 33 30 29 96 37 75 13 31 99 81 67 3 13 86 38 54 68 30 4 37 19 60 37 42 49 85 87 76 17 96 8 89 57 6 95 88 41 64 18 47 97 75 20 46 13 1 27 5 17 13 48 78 80 73 49 71 16 74 42 43 15 53 96 38 93 92 15 54 18 75 67 23 4 97 24 62 68 10 76 62 49 17 85 75 94 0 76 4 46 95 49 50 44 75 8 65 40 9 12 10 78 34 14 18 9 7 84 39 5 19 82 32 29 40 48 42 92 31 77 92 72 68 68 38 99 86 26 57 94 59 67 13 11 95 88 45 91 21 52 4 60 74 41 84 83 92 61 75 22 54 82 11 92 66 15 58 29 46 28 59 47 64 76 27 21 
12 48 44 31 99 3 61 86 81 52 6 33 3 32 7 40 55 85 63 61 71 22 99 52 79 35 6 84 26 59 55 18 3 28 73 95 86 31 88 78 82 21 13 95 15 89 78 83 87 19 5 99 88 8 24 38 10 3 59 83 63 19 10 60 58 62 91 53 40 82 66 72 16 54 42 79 54 11 39 62 2 23 52 87 66 50 6 67 25 56 65 55 10 82 76 50 24 23 4 1 3 57 90 56 87 60 56 91 63 35 42 70 84 3 41 0 71 40 89 26 13 21 1 1 78 58 12 69 21 51 81 89 97 8 21 59 66 87 40 98 29 14 21 41 50 1 71 6 85 58 24 83 63 31 31 87 5 76 50 76 61 58 45 7 32 11 2 21 23 83 5 97 94 21 42 93 14 99 60 6 39 3 72 54 89 86 42 72 66 56 67 39 96 92 81 99 94 89 11 92 
61 67 84 43 13 51 17 82 58 75 20 59 12 29 32 96 81 58 15 77 61 33 43 74 70 36 92 3 21 55 0 6 12 65 36 20 54 83 99 14 92 85 84 17 66 6 45 76 53 55 17 17 66 97 65 42 63 11 43 89 32 78 35 2 44 31 74 76 73 84 79 3 66 83 12 33 80 95 94 78 55 85 13 68 9 58 30 78 87 41 21 20 31 39 13 0 90 62 74 52 70 39 90 76 55 95 87 13 78 8 32 59 70 95 50 70 66 13 73 35 86 86 3 21 34 13 12 33 12 58 95 83 62 24 72 74 34 83 14 0 4 77 91 89 9 2 5 56 61 10 7 3 68 10 61 11 41 59 16 76 7 18 94 66 83 95 72 76 49 45 92 91 82 53 38 19 54 94 10 21 39 52 48 24 78 44 82 38 68 52 13 18 40 16 46 27 82 99 79 46 
7 14 6 16 52 73 86 6 16 27 20 54 18 29 87 14 54 26 86 78 79 25 34 21 69 58 20 20 56 2 52 57 80 61 72 98 2 65 50 24 39 25 83 5 8 15 56 0 2 62 47 0 22 30 51 99 23 89 43 61 83 22 96 23 40 64 21 21 72 37 59 20 99 19 4 88 27 71 97 58 96 93 95 71 25 71 77 40 27 89 96 24 28 64 55 11 95 29 81 98 14 21 76 91 72 74 11 43 44 49 87 4 38 66 18 84 1 72 64 10 40 9 54 15 36 20 76 58 45 73 5 4 65 1 42 7 98 59 55 72 16 13 49 66 66 95 61 93 76 8 39 87 85 71 47 34 98 34 19 18 62 12 97 40 75 80 36 87 85 11 45 5 74 87 9 89 50 66 95 48 91 80 3 94 52 61 96 39 57 37 49 86 47 98 56 36 14 83 47 24 
6 41 17 33 1 10 71 25 89 68 13 61 7 69 95 0 28 76 47 56 39 14 6 70 34 90 39 18 28 86 3 28 63 92 26 45 31 43 76 0 83 25 99 70 30 44 0 84 69 44 68 1 83 69 33 59 88 46 26 74 51 85 39 82 93 79 52 52 47 2 7 60 32 65 28 77 50 64 5 34 59 65 54 84 45 58 19 48 42 96 84 50 29 63 32 82 1 19 4 66 77 19 58 24 68 52 33 78 6 4 75 23 86 74 22 47 65 93 92 13 94 5 41 56 60 90 65 5 85 68 42 56 1 13 22 57 87 53 1 27 49 59 46 61 98 45 80 57 27 69 19 43 6 9 50 63 87 88 95 2 15 82 53 88 47 94 74 1 17 5 13 78 53 46 29 75 47 52 91 79 3 4 8 1 72 15 19 72 74 66 21 69 90 20 14 57 27 20 91 79 
22 84 41 10 1 1 77 34 13 8 79 35 45 0 44 99 58 29 47 42 60 20 48 51 5 16 60 16 65 36 28 56 62 98 12 32 61 44 13 20 80 61 57 11 85 14 83 26 19 65 91 93 7 66 56 98 94 0 48 83 5 10 11 42 61 95 42 79 49 50 6 92 92 94 29 91 75 54 88 81 83 36 98 46 22 35 96 81 52 9 62 69 4 26 40 28 48 90 44 83 65 17 95 54 30 33 22 46 12 83 64 40 74 62 5 43 29 20 65 37 75 83 41 46 68 91 92 78 9 36 50 36 57 91 29 23 4 32 21 48 10 51 22 95 48 63 8 58 33 93 62 92 55 65 81 83 86 30 15 73 38 58 15 91 21 73 28 90 92 52 2 29 34 92 83 79 29 62 26 27 88 50 96 77 88 1 71 43 63 88 64 68 53 77 56 31 37 51 87 63 
68 93 64 50 29 27 38 71 5 88 67 77 31 3 82 37 30 73 55 14 17 30 4 31 12 60 76 33 66 32 42 59 10 87 63 30 21 32 56 96 28 38 68 0 50 88 45 27 73 66 68 17 86 7 38 11 65 38 72 67 18 10 38 37 89 69 16 53 56 34 77 53 86 45 17 80 78 24 48 47 73 36 3 31 21 58 11 95 34 10 64 67 86 99 59 37 44 16 91 96 93 83 84 58 95 12 29 34 65 52 28 77 55 7 12 64 53 6 74 87 34 17 27 29 11 0 29 80 81 4 19 97 3 45 98 35 76 14 45 1 45 32 97 6 69 74 66 21 68 96 88 67 17 67 29 71 51 65 78 24 39 45 85 27 80 73 14 21 75 58 92 53 32 76 74 37 72 3 97 65 29 92 53 96 31 4 96 15 80 34 49 80 86 55 64 43 63 43 5 95 
9 25 91 19 92 19 52 82 49 60 62 88 16 78 8 42 24 75 41 73 85 98 20 65 90 54 93 71 40 47 14 17 59 31 54 62 36 79 30 34 50 82 5 78 25 90 2 87 44 98 39 15 69 6 43 77 87 29 95 62 79 32 58 60 3 28 48 66 27 62 17 60 61 44 29 84 36 51 90 57 35 27 19 79 54 91 16 23 9 41 51 97 36 0 65 3 55 72 30 15 75 61 60 8 28 24 63 17 9 38 33 23 77 51 36 60 7 35 4 24 20 86 69 15 79 33 98 74 26 54 51 86 7 20 48 71 69 68 90 82 52 47 2 1 46 66 32 51 48 10 85 10 88 60 76 20 24 8 66 78 23 35 52 87 99 7 45 20 31 26 19 77 25 62 74 20 86 68 11 3 41 46 7 91 74 66 29 40 72 48 48 98 92 15 60 48 7 69 18 67 
26 84 82 33 37 51 32 51 38 20 67 32 2 49 62 91 40 10 35 4 69 67 32 62 72 62 0 31 7 15 80 8 98 98 2 3 74 1 69 11 76 63 45 46 31 20 13 36 16 30 31 31 16 63 16 42 39 80 47 95 19 69 82 48 59 62 91 41 77 58 17 94 74 33 55 82 72 11 32 76 92 71 76 1 26 90 66 91 29 9 6 88 83 7 81 2 53 39 23 58 35 48 15 42 2 42 29 39 90 90 64 63 98 17 19 27 25 50 26 36 82 92 69 59 52 61 44 99 20 92 23 94 82 20 44 38 66 66 55 77 95 17 29 63 56 48 68 44 27 35 13 86 34 46 19 47 60 15 44 10 36 58 46 86 72 41 23 47 1 89 76 85 80 67 86 90 24 19 86 52 90 91 19 24 89 19 97 89 28 72 28 87 73 9 65 29 72 1 81 40 
10 94 96 78 58 74 4 0 93 19 93 80 92 16 7 14 48 99 2 47 21 57 17 22 3 52 83 15 33 6 53 5 63 38 44 1 15 84 22 59 14 45 71 15 24 60 86 64 45 73 23 47 89 78 39 60 67 1 90 64 21 18 16 7 23 45 68 60 29 1 25 81 45 22 53 9 90 61 31 27 45 39 39 9 98 67 29 16 31 34 98 25 83 15 54 85 58 43 11 89 22 83 32 89 5 85 34 74 50 8 67 2 49 55 19 47 95 39 64 86 33 72 48 5 51 33 54 27 32 63 6 83 32 73 76 52 10 5 64 15 72 12 17 29 19 22 27 39 75 64 95 15 7 67 36 77 69 26 17 97 41 39 40 67 14 98 93 85 80 17 83 35 80 39 86 65 53 75 10 88 52 96 11 18 55 11 81 72 1 32 46 8 49 41 94 92 35 75 94 12 
31 66 24 31 6 35 14 73 78 56 13 27 53 80 11 95 39 96 60 50 55 81 54 43 84 78 71 70 17 40 64 1 11 64 11 26 6 5 52 65 57 36 67 83 86 76 0 55 29 53 8 67 27 47 28 7 6 58 68 78 27 49 94 37 69 91 87 72 44 37 88 93 48 62 29 44 11 68 58 17 52 15 50 40 89 67 29 38 76 60 1 83 81 9 53 43 51 67 24 17 72 43 87 94 78 15 46 62 4 55 4 13 72 54 2 12 2 92 89 62 84 38 81 85 11 82 12 59 2 79 84 70 22 83 21 12 39 15 91 14 53 26 66 19 84 6 35 92 36 28 19 79 87 74 41 40 65 82 88 98 67 52 84 2 7 40 2 33 19 45 55 39 30 57 78 92 82 51 13 10 80 33 31 99 10 25 36 5 7 78 33 23 24 46 67 9 57 15 80 27 
42 35 95 42 59 76 49 31 93 64 26 32 75 52 50 48 7 19 15 27 18 58 78 38 15 61 31 20 86 64 18 73 28 75 51 14 40 95 62 13 10 30 83 82 71 85 8 58 32 16 49 50 88 93 23 60 46 61 0 22 52 95 14 96 33 30 58 15 30 50 39 93 87 33 55 42 38 16 72 43 40 47 3 79 30 49 81 84 27 17 23 31 1 4 76 94 73 0 73 65 27 60 76 39 17 97 31 62 94 48 55 61 46 18 92 45 5 68 36 82 97 71 36 92 92 2 54 49 4 89 43 9 49 98 46 63 88 78 66 49 73 75 77 48 72 63 97 13 51 51 43 7 28 97 2 76 32 27 1 21 7 37 9 22 62 60 61 22 20 72 30 40 90 71 61 82 33 59 50 1 62 54 71 54 88 44 74 83 11 97 84 45 32 19 66 76 48 90 4 51 
70 10 55 66 77 69 75 25 45 50 10 63 8 81 56 95 48 91 95 10 36 20 68 1 60 16 67 68 5 55 4 62 20 93 99 19 14 53 60 44 56 83 58 10 47 91 13 18 78 28 98 79 95 58 68 49 8 76 24 25 11 9 92 48 24 57 3 20 65 90 64 56 46 44 1 83 82 65 62 20 45 9 43 77 92 22 34 26 86 19 4 99 97 22 77 44 96 46 41 51 6 74 42 87 27 51 36 17 65 36 64 40 82 59 9 13 79 79 90 46 76 32 99 42 39 55 6 98 90 67 73 91 33 79 55 76 11 29 15 40 31 54 87 35 19 74 36 33 92 82 37 40 53 9 27 63 96 20 36 35 49 70 15 9 22 34 74 68 42 38 17 45 34 91 74 67 57 86 21 68 47 39 83 9 61 76 57 1 78 81 95 58 25 69 41 39 97 91 76 29 
65 41 78 18 5 41 42 47 56 63 84 86 13 74 39 39 75 34 56 57 76 57 54 83 93 85 54 44 66 17 45 94 18 40 23 74 92 46 47 60 49 76 36 76 36 98 62 89 37 83 78 58 98 53 21 70 67 74 40 44 54 2 72 83 42 1 68 86 63 7 52 8 94 66 46 61 81 81 11 32 54 95 67 28 65 93 18 24 26 27 16 60 63 20 89 89 14 65 20 28 95 8 97 66 21 77 5 22 97 37 59 87 66 41 60 83 47 89 66 28 10 78 49 35 51 68 38 51 68 8 12 63 86 85 59 90 52 25 30 33 42 39 46 82 9 3 49 40 33 5 68 43 63 21 35 45 52 26 28 57 78 42 63 51 45 62 94 49 81 26 61 0 98 47 91 57 55 91 85 2 91 25 94 40 93 93 28 23 52 30 18 68 47 82 54 49 1 18 93 49 
30 99 61 59 87 5 50 65 73 90 41 73 74 52 92 71 73 34 2 68 53 68 65 91 74 14 21 72 28 83 89 53 25 2 87 32 23 76 88 69 97 19 84 18 80 43 83 64 73 84 25 4 73 79 8 78 97 92 55 96 87 39 93 90 85 29 82 45 29 45 13 10 28 4 35 60 95 42 63 92 66 54 54 84 43 92 53 61 15 41 76 30 83 90 18 42 98 41 83 81 77 16 36 6 35 35 5 87 81 45 99 42 57 94 69 23 11 55 52 49 60 57 26 73 75 26 19 32 84 5 49 85 90 81 78 91 12 9 67 80 88 35 36 42 44 86 77 29 41 0 63 61 64 67 34 21 30 90 29 29 95 91 33 64 42 48 67 41 92 94 81 82 11 82 21 1 33 87 6 74 45 14 47 30 23 77 59 63 74 77 16 48 47 5 6 18 84 80 1 74 
40 22 30 65 93 8 15 70 22 84 10 23 87 7 78 63 1 53 46 54 74 4 59 45 92 21 37 79 20 31 27 56 15 1 58 26 0 22 13 81 45 7 66 3 75 33 36 16 90 72 66 70 50 39 43 24 10 53 46 36 71 99 91 67 12 38 62 60 71 52 24 43 65 18 41 71 37 9 41 89 54 42 81 88 34 38 59 34 17 13 12 44 99 77 18 57 93 47 2 23 34 82 24 43 13 18 61 74 81 67 15 59 18 10 7 42 78 8 8 34 26 55 8 48 25 5 3 96 81 74 22 63 61 11 0 13 87 43 74 24 31 59 65 13 40 94 58 67 14 79 97 60 15 33 25 90 45 46 87 27 36 71 60 29 44 28 48 62 14 65 53 29 28 24 97 87 9 12 95 84 22 65 39 97 97 5 84 76 8 18 13 75 46 92 47 24 87 9 34 44 
22 96 30 22 58 87 92 26 18 53 44 51 34 67 89 4 81 65 60 2 76 87 2 71 3 96 33 17 14 14 67 62 71 79 56 98 95 61 41 53 21 77 21 47 94 73 45 85 9 77 18 62 63 42 45 63 59 42 95 70 94 91 30 89 85 32 12 49 57 76 73 0 72 80 62 16 98 22 72 93 59 75 50 78 95 91 11 39 2 27 0 42 77 8 45 19 88 37 33 60 14 84 59 84 90 25 30 63 91 44 84 87 2 30 35 98 50 61 40 4 52 19 4 50 68 16 76 15 72 19 44 78 84 91 12 28 94 18 45 55 95 85 97 75 9 81 77 0 86 70 47 37 93 22 25 44 84 24 28 25 26 69 28 11 33 19 47 32 38 93 16 20 56 78 34 74 90 5 73 90 13 48 21 94 78 7 33 63 55 92 13 6 36 81 94 27 12 13 61 13 
69 27 79 79 28 43 64 79 12 82 43 35 86 52 25 80 53 20 24 43 31 32 14 57 55 53 6 59 17 5 18 94 3 63 57 51 85 20 23 66 11 28 62 64 13 54 96 42 35 3 87 53 11 79 60 26 72 86 51 35 96 11 25 79 56 51 99 80 49 0 58 51 59 94 99 0 46 50 45 41 73 9 29 47 38 51 50 6 69 52 77 5 45 35 30 16 8 5 12 75 58 32 89 35 20 37 10 95 57 83 57 11 78 22 87 52 10 86 25 96 64 91 54 19 76 64 23 34 71 51 25 3 31 81 13 89 62 18 10 94 66 23 24 2 61 97 21 45 70 45 0 80 72 47 7 56 49 79 97 68 89 7 25 60 4 97 30 2 17 63 39 71 41 88 77 9 4 60 78 8 78 40 96 15 8 99 55 52 40 72 59 35 74 69 25 71 93 88 15 5 
50 36 95 64 66 51 24 37 46 73 31 76 10 35 77 40 22 64 40 76 9 63 15 61 3 67 25 90 66 44 85 6 91 75 27 69 41 71 47 33 30 33 11 18 90 49 78 67 57 62 26 55 96 52 85 20 50 68 52 64 39 11 32 93 33 82 17 13 15 94 31 61 66 76 7 61 90 19 43 25 25 17 38 78 58 94 26 28 20 39 55 34 76 86 82 67 41 35 65 80 50 86 7 26 93 6 31 29 2 5 26 52 6 21 56 95 65 67 6 47 90 89 41 6 57 21 46 3 73 8 63 54 95 65 9 78 51 30 82 6 94 51 16 31 40 69 83 88 74 65 28 51 30 26 43 11 78 20 98 57 23 50 62 44 47 37 49 48 76 25 56 5 90 53 80 87 71 94 48 29 54 1 41 24 78 94 12 41 83 7 27 30 81 44 66 21 13 90 8 41 
40 39 3 1 23 31 24 62 39 64 2 20 24 79 64 28 69 44 97 21 1 93 92 65 5 44 8 85 88 74 14 11 80 56 28 94 79 52 28 7 52 19 22 91 51 86 94 5 74 93 33 30 38 8 26 18 18 8 76 97 50 84 94 53 94 96 34 17 92 41 13 14 46 67 75 2 21 95 30 75 27 98 81 48 56 2 72 25 40 61 13 79 54 3 24 75 19 15 38 93 76 42 43 60 30 51 50 71 97 3 17 0 27 13 57 16 93 11 11 99 26 99 92 82 7 4 50 98 56 4 23 10 33 19 49 28 2 89 31 12 63 88 71 22 74 70 36 97 7 93 98 64 30 90 36 83 35 43 90 53 99 28 59 49 73 19 12 82 36 95 89 36 46 18 15 96 0 31 19 23 69 91 66 86 71 69 98 24 73 63 72 80 82 87 70 53 30 80 11 63 
30 58 84 80 96 47 14 19 33 98 93 83 66 64 83 15 97 42 85 72 9 62 33 36 67 49 77 26 79 24 7 90 54 2 6 75 72 81 7 33 37 40 71 64 68 65 92 42 60 83 62 24 47 90 12 52 84 86 56 69 16 92 63 27 70 54 28 49 87 14 39 97 8 34 93 42 94 62 82 35 9 73 85 3 71 16 63 4 91 5 70 73 16 16 52 51 80 12 57 90 31 24 29 4 38 85 50 29 12 43 76 11 90 92 33 29 82 96 3 81 18 87 44 62 73 8 54 13 47 74 79 15 81 12 6 36 88 44 62 26 38 15 7 29 84 91 11 50 30 6 34 50 24 12 25 84 94 71 52 13 67 77 46 3 93 61 69 48 48 93 6 64 4 76 82 26 4 60 46 7 12 42 60 55 97 32 50 20 3 26 10 96 0 29 63 58 44 81 95 4 
