487560 431645 461737 471195 541744 485315 452718 491025 500770 478428 462249 394958 508573 427934 527169 483557 489358 462070 472515 466357 441315 477956 435751 517052 450348 512420 432502 505771 489618 488995 470256 445884 491591 476077 469332 456545 510261 461628 465535 448519 493878 449174 475673 473349 461097 509737 470646 405706 503026 485282 467473 490517 499986 484391 473897 486318 487344 471852 468067 501356 472915 479446 488215 465883 482509 515258 482958 480753 505666 508703 488311 480043 485052 428790 465003 461366 506494 458816 452940 489597 461505 451066 500165 484485 491435 509404 502601 499687 436782 457426 459418 527218 478207 496551 501645 438672 500111 470391 483860 476449 506246 491977 489437 467261 520869 467081 458797 423777 480009 486575 531178 476014 457397 466193 427041 462299 498671 470487 481914 488532 492986 432554 484552 467814 479300 452248 523878 485351 504716 483067 481579 494664 456203 463710 461796 463535 485486 463112 464491 486256 473169 438914 438627 474635 518603 459427 504070 470123 512330 480853 466271 460956 456282 456844 479683 455231 496288 511787 474968 481748 512991 470648 497957 442624 468364 487381 466376 459466 461021 510473 464628 463501 458614 494121 483192 523137 465931 510689 493758 465109 478650 496152 443791 476720 486788 471385 466382 469951 482322 469211 432588 501382 433818 454135 500550 498397 472818 497296 487413 448830 
476367 430229 448797 455280 479181 447338 470808 504695 468623 475785 446372 416782 464876 437517 530213 488979 451286 451335 463900 483421 420326 448911 452724 501981 454982 497853 428300 489425 477515 490063 440863 430108 503505 476090 453846 435751 492305 457839 485321 424497 480858 458840 463358 469267 461340 482200 464712 418167 487879 470186 448200 453162 469261 489839 466330 468964 508023 476189 459742 460553 455655 472181 451782 461495 477280 485192 469357 467174 486478 505731 483110 489667 479792 451343 463824 487901 510481 436518 458922 480130 465075 444972 513221 483421 464196 531294 492210 492231 454466 467025 484498 531770 463331 503093 486462 445730 472956 449738 493640 468665 478138 494788 481685 459878 481677 449580 416906 430207 465610 485091 507619 478933 467803 459897 448568 450029 482605 457832 444343 494307 490850 461604 489606 470033 502470 432245 502240 477322 510486 489717 474487 494498 467543 475424 449318 483942 491844 461044 446929 501048 460877 432560 439640 477580 511546 463201 485190 443537 505194 489150 451974 431347 440455 463599 460407 430761 517177 487914 470238 441673 476360 462815 472496 481786 482015 489207 453815 477710 474686 494165 458402 448636 446398 501670 482459 495018 473779 472102 477035 463833 443428 487254 475203 493327 505099 485152 458097 478230 488686 465429 422717 515839 444812 445259 497434 466103 443699 495108 459062 478973 
546889 510132 512887 502435 532449 524717 521185 525535 535648 532868 501083 456349 570819 478739 553895 535132 517997 509709 516185 494458 490792 520658 486918 547033 494380 533289 461876 544976 518204 547616 525032 491341 541083 563885 521695 503378 581283 500395 520789 492427 525442 497645 500019 522790 526766 527707 546232 452229 557896 550162 501210 543071 534746 522854 497129 520294 559285 528950 550979 534209 535910 517670 535134 514487 538264 534147 530716 521680 547072 542633 531240 533524 519624 492651 520424 521829 550631 470190 516216 530884 551105 515185 554769 538610 526894 575773 532494 552180 492348 529786 525907 564168 538702 558895 564589 503977 527324 494415 518905 530526 561743 535694 544909 504996 544341 479406 491697 473755 513378 531261 574027 542049 522912 514761 485322 502208 532086 508980 514175 521949 545617 500689 539691 522063 523122 472557 562029 519943 563682 543532 540533 575749 503538 525667 531434 538709 550136 498465 523994 561028 533278 501295 506456 552504 546799 492719 524709 508773 525175 546295 518005 493515 495824 503869 505574 492985 538770 552432 569033 501013 537248 507670 537145 497126 498744 529129 530208 528014 472358 572056 526907 529038 518034 529519 533284 562627 533110 547050 528853 503299 516461 518787 475600 555784 538828 537181 544493 531049 512003 531815 488057 554277 489268 512968 574894 542303 494449 550245 506423 549806 
519726 505996 510926 518735 551969 548191 514149 522469 537125 513926 494756 442844 584301 475732 579106 543344 520602 511080 510458 515706 455930 507006 498431 546918 499251 560929 460990 545884 530197 545940 488210 499771 532803 533154 485493 488126 549559 495038 515624 493825 531993 495557 498777 499472 518570 541312 532312 435642 521428 529873 500945 527123 535308 525650 491434 536165 551037 530897 539753 556456 526106 512498 547951 520763 537966 552577 523175 505722 541566 548782 553285 509363 524006 491831 500257 507114 575020 469305 508557 522581 514405 494906 567933 519829 519024 555944 538848 547349 509450 514557 509294 575335 538290 560542 574355 484764 534950 501001 528883 542353 570584 540353 533666 510563 531418 527467 475520 479212 514103 533345 578323 527563 503252 508289 489226 500592 526848 494546 489613 545298 522356 510310 529357 517998 516920 473308 571685 529861 567006 528371 539114 525487 494947 490944 497610 525951 539492 513781 510383 551667 523628 490108 473919 576863 575439 501323 538692 541187 527381 534925 514684 486845 504777 507126 501110 507746 569477 542673 543266 492482 542072 508031 525320 500564 497896 550041 517361 511431 500589 577125 518652 500301 494506 545916 521253 557173 511708 541265 519402 504482 522148 523936 485251 536825 512028 522895 546226 519357 516872 525739 477037 555886 465071 513615 556438 520444 521585 529319 514493 502770 
497680 492829 494590 508011 522657 486404 475978 502983 535233 512182 502041 439575 514017 470676 533882 508044 498646 507973 488955 473754 457896 505939 456947 528669 502748 496200 469914 494941 524617 537339 505702 463066 530543 485129 493182 494812 544222 476534 511094 467060 507983 470297 500933 494709 493470 510029 519481 426992 544630 538312 512145 478560 496669 510007 482695 484861 531013 502745 525122 521015 483153 522184 505621 504572 512673 523700 515594 508026 529407 514251 539957 529445 529604 488543 483653 491270 552710 476270 495635 526007 527723 461365 529026 510436 518899 536483 519932 545871 495062 500331 530297 541150 505723 528344 529880 470931 515826 457478 510303 504536 526857 522241 538350 505511 551606 475858 457158 458615 490526 498534 526733 493139 514141 498272 457709 512324 516680 508153 514704 518031 537379 504844 521677 490453 508459 455128 513819 490309 530895 516752 515317 553218 486517 506688 500479 519705 523202 502824 501459 532089 487060 480148 496415 510128 537063 494745 493716 488219 513658 521018 484810 473909 490324 474677 482266 470248 524283 551806 535518 500644 534457 487292 498578 481079 497809 507888 497882 469516 488037 531519 501634 487415 472209 535808 514664 519993 473919 534352 493605 466453 484452 497381 496584 527249 525456 519800 525053 496575 505028 507844 477730 546900 467350 475315 533273 508899 497450 531904 496232 525458 
511571 487554 487290 511102 528176 500549 513552 507107 552072 495593 492242 442025 508672 464604 579364 486479 492973 507069 477442 480425 479979 492579 491022 548318 507928 525658 462734 522204 515520 532575 503532 483275 525003 529031 518026 484352 546023 478795 515755 479702 522568 455850 537010 494822 487066 497767 520395 448109 536956 517906 500035 501096 508805 518815 519318 517603 555980 531336 526541 514106 497655 493627 527966 505410 525890 524228 534167 497724 509437 525512 547888 506141 533814 486903 498301 515663 560486 482899 492502 507214 510283 473277 547816 533553 505720 563709 542448 537809 505403 518203 506832 554367 505572 576444 537178 475763 518488 486000 511467 502443 538927 539670 543525 493117 536694 480630 442277 479598 479683 515748 557142 518559 504190 505589 463802 519379 505551 490668 512703 497921 506544 499401 528070 492544 524119 473739 529855 523277 559063 513614 532261 539277 488864 497880 486154 529873 512376 519884 517087 551881 486706 483448 450584 545684 525560 491222 519719 496119 509312 498207 502157 466302 482728 488002 486269 475844 538089 537086 512408 497683 504619 479970 493412 486350 524264 517118 508521 501416 488562 520993 496077 484611 479660 536460 519260 529951 499932 523035 511318 480849 495063 509155 481718 514386 515741 522222 504130 493860 515808 503213 485674 537858 476939 480426 529005 494713 491194 531093 516428 506729 
494191 472345 452252 457596 499602 478869 479967 503211 503955 480829 471921 398580 497840 458578 545416 510886 489949 482906 497105 452578 456412 455142 473268 505654 490349 537855 453755 510485 519079 502880 462963 454690 499749 505585 479672 462631 551594 480592 486965 446888 498598 456245 494092 469579 472976 515350 493628 430349 499129 504985 484340 488328 497181 498176 494240 481991 499170 489558 514390 491521 492964 496152 482714 477885 523786 520803 502039 478640 496231 504331 518597 491559 501086 488671 477204 486011 523254 459895 487062 490080 500792 478785 531036 518120 503928 521128 498034 544743 464551 492823 500202 552210 513399 530180 538099 442673 500423 447466 487287 503864 537771 500134 540797 487351 521248 454964 465717 451534 484087 490071 535430 493584 476825 480364 458607 487999 484725 502486 497896 499166 491635 441536 508523 487409 483080 454126 511603 508127 540206 508741 498397 524629 460504 476586 472904 508914 500687 484462 465210 515131 465618 453346 470333 509388 508658 463119 513646 440890 507455 497595 468268 444147 466839 453566 464852 460036 532247 520544 498805 472624 507505 482350 508974 470848 495146 485572 495964 480082 464418 527069 486197 484577 471939 498496 487664 529185 472361 496713 487001 467467 479023 478901 496078 509192 494477 494926 510464 502136 495469 503279 449963 521641 450131 466501 504028 474692 470787 501685 474225 496476 
455358 432932 429326 446019 468672 453209 464463 440055 471686 450970 429544 417695 462192 417284 496155 477460 442201 433363 447356 461216 430111 467588 435798 476369 446944 487035 434355 483453 491513 486854 444123 417385 489287 448092 444347 410620 496280 446378 460986 423888 465063 432083 463999 468989 457262 479798 480987 401378 474444 478005 458752 463563 482118 455758 437855 478940 491190 464875 449124 469558 474558 444039 467502 444597 454709 462970 452375 444106 469238 472024 468965 446877 472298 444475 466007 451536 518845 449056 446869 462472 467326 433212 496067 462321 441672 513850 488561 463458 448360 449332 462832 508456 451274 474379 483850 428906 480882 431062 457704 471907 507561 434331 489417 441541 491030 434872 419090 409858 460486 462039 498680 430713 445580 458036 406459 453032 471968 442534 445380 450732 474230 464804 463806 439465 464382 413931 487822 452797 485734 464677 467259 487712 427008 445332 440923 454402 484606 456249 449766 499148 450609 419455 432298 463179 474017 420224 455565 447717 479506 445517 475230 436202 436117 440358 426338 424246 493924 481980 454543 456886 484915 458283 466291 448148 441106 454733 457966 470485 446380 489327 456369 443084 440457 486726 451305 482539 453149 487921 459585 443629 442133 484196 442713 484421 471836 486026 457875 457746 457965 451452 420547 510966 422179 461230 479205 472440 426747 487820 472141 469452 
490857 456025 466507 459227 500320 489757 473354 488317 517250 490764 484427 419958 518984 451543 555565 511588 476634 467355 505028 468871 451018 462875 456299 527272 473091 511595 466986 518793 508469 506799 478109 460254 520976 489686 485683 468672 524514 446768 485258 463222 507841 472286 480341 471342 457807 487611 502421 403708 514128 505910 511277 488793 495581 488454 482972 502016 513080 488323 502626 503702 481506 476936 513449 475126 503448 519337 511456 472549 483500 501318 495411 488573 502591 470487 470726 496472 528278 441225 453484 522929 510372 457726 552520 497735 487523 540441 518761 512642 462002 479174 492766 527686 503135 525390 513301 454477 487923 475763 483793 477015 534009 511792 508927 459238 514453 473811 448002 458539 481987 507605 534148 479619 484622 500625 435873 489796 508762 467721 483410 503316 507034 475284 499400 477328 488422 467065 515454 506676 531533 500440 501819 513010 467447 472400 478929 510683 492537 506555 481061 518556 459865 464700 468914 523046 534234 479649 509135 486014 491993 492670 496914 457496 488663 457351 478635 479856 531995 495785 496059 468453 509324 484126 492173 474897 515844 500928 492923 482685 498266 510070 503457 443858 471820 506772 521252 523717 481704 506893 483659 463145 482867 508338 467418 498361 507229 505892 507495 472972 486069 488778 450463 523944 454206 490778 505029 488603 472121 499338 492088 479943 
488970 454287 448594 465037 487710 482379 488671 480340 504155 475289 468938 408336 510602 422051 524059 492523 445237 457823 451879 467885 442922 484717 455614 494607 480210 498990 446768 480799 500187 504022 489269 450421 514304 455870 489494 453993 503902 454673 477674 427753 505172 424780 491195 469422 452862 482212 483953 412931 494442 486370 459646 452821 479041 483687 483870 459429 526291 506272 485385 486306 481040 478375 467024 467164 498559 489682 486614 454744 476127 472699 514393 499254 474219 438675 458061 476587 501934 441004 454414 486477 489213 432455 515263 496971 488986 495614 514774 492027 460838 470690 478237 494441 461508 533643 507302 447990 478070 463092 489658 475728 517733 477821 508198 452177 533665 431899 428098 442991 431144 486553 523834 455458 474740 476830 458518 466347 473558 467478 489165 487226 492058 434704 497615 465239 498842 432805 494543 478343 525179 488469 475079 493595 451295 469570 443808 490737 485157 481788 489904 502457 476767 439713 457672 498071 522250 438131 489291 448979 481739 466547 461776 430785 445736 462736 469439 451297 503075 514498 493940 473407 494014 467174 463433 472926 476612 484616 454374 472439 478362 497715 460127 462302 451090 509349 483807 531218 467260 490474 468275 471684 464073 492190 472615 504335 479673 490763 490534 494029 459629 479719 437292 518488 435258 449956 495441 475616 465941 495112 467948 488212 
535216 490614 492536 503032 531532 532924 536209 533687 532855 528123 511228 472538 525004 489774 567320 524777 504269 508239 522590 488304 481212 524867 488386 541980 521130 535937 486007 539548 553119 530166 500089 496921 535220 547084 500223 506157 554445 515079 497695 480023 567893 481638 522428 508303 491026 521104 528810 454050 559570 520956 514685 518395 531812 531395 508004 536112 570473 517505 513443 506189 521987 513712 531079 502863 525576 535001 537899 531098 547320 539689 538767 511756 527737 483356 518410 523756 555085 502930 513101 530216 523976 500148 566583 536270 516474 539135 555352 565545 514231 525700 523000 563642 520950 549195 540602 482164 547024 483499 524010 551872 573351 528038 543286 489055 550173 490831 488713 466430 496064 532310 570756 506491 526763 533547 470291 506865 534761 526851 508757 531912 500263 519466 532214 502259 546715 477054 552854 538892 573222 540883 522910 545573 490860 522729 508624 531612 546067 515466 514088 559968 494219 490364 485126 547766 550621 493710 536737 490675 522567 514647 500301 463334 503708 490818 501059 495125 548268 556528 546907 494522 553912 500653 516947 506887 501339 524348 532536 521985 485952 571279 487747 520995 518331 532800 512889 552054 509016 515142 520399 511547 519677 530813 510403 534442 529786 532959 539891 501748 500435 518310 483442 552129 473958 504453 554519 523635 503802 560428 528954 532450 
491942 460873 466773 466495 493417 477190 472001 486464 495078 491853 466746 430913 515608 428184 530767 515356 507779 500846 465918 474333 444498 475767 472940 510588 490761 497162 449817 496579 507437 503713 448824 465159 496378 498279 468100 456702 530603 477159 483971 461519 524002 455868 485640 487743 458228 493525 506947 439399 514094 512130 479558 488361 506318 507655 450145 476685 494862 501008 484120 512562 491068 491432 500035 483640 508972 498652 488042 464378 491745 488384 523381 493558 488600 463725 469651 501858 531887 459093 471885 505607 482914 482936 534014 500603 490248 522844 492055 513031 448162 488824 480642 518734 470299 521845 541195 454577 498182 463642 487072 494541 541590 504984 514177 470295 503740 476438 454234 460688 457416 494229 530409 467425 480836 479002 438597 491415 494730 477133 490086 496545 484631 482300 508581 460534 501656 469686 514102 480324 529798 497981 501683 522629 440270 489480 479377 501170 503583 488841 477011 508864 491520 437296 449032 525081 518228 461203 507744 465387 500743 477366 469726 457254 463992 451152 463775 448520 524347 523524 489253 467831 492481 490770 511530 464865 498372 487129 485297 465284 471395 508066 453664 471093 454733 498016 488175 537971 461929 520233 469142 459738 491762 500726 442959 492158 487144 502345 495462 477158 494003 466133 457512 510474 457315 474931 511389 484079 466405 500314 491659 477209 
524100 479309 495468 490630 537835 520180 496935 494431 515284 517743 501263 424446 547083 448165 559856 522660 504246 476407 477691 504002 466510 499937 435577 522571 482839 505563 424500 552523 521162 544187 476186 471686 508435 516695 490433 491573 541897 498802 517448 468528 514381 459794 508701 493284 473863 496417 510518 455851 531207 530107 483060 499036 498932 505129 482414 534007 534488 507768 515809 525352 506041 508709 507100 501620 510455 530192 494905 497781 508954 513645 527343 514250 523801 491719 490071 498353 548446 481438 501112 525289 507368 489883 554157 504550 494765 538059 527007 544700 509935 502912 521306 533932 508736 520339 531422 479196 524480 465778 512815 488340 546545 503713 519840 503256 532887 495361 466137 467113 487553 519700 563116 478285 492591 501332 461058 518641 499727 490511 498662 521466 505655 502495 505082 497685 524304 482103 545824 505772 539873 519288 505420 540898 471068 516339 478575 530182 526355 493325 481686 536162 508680 481294 481652 541214 540725 474042 513395 499759 510461 499480 475734 481851 468374 478740 483058 463457 525557 530867 515955 495343 536124 478887 508828 516620 515442 519511 509918 480579 467635 537921 480151 494439 503872 527328 487916 551222 496922 519864 494220 492800 501425 512282 482938 522264 523980 502118 518266 512903 496686 486999 480412 543996 463105 472145 529504 523579 483101 556764 487435 517817 
484898 468120 455846 469600 503407 508783 489217 478118 483498 517538 462509 416245 510876 442850 556356 493383 474828 490469 482806 473297 462242 504485 458591 512801 472254 516810 449661 499393 524417 515874 490913 467346 492822 497519 477759 446383 535650 462266 490938 468312 489341 435750 472210 468104 481865 459963 497761 419960 510437 496256 482916 505709 497689 492813 478818 505827 529322 499375 508451 489335 496820 497166 504785 486466 513137 508296 499982 485083 522277 528101 537432 495437 501659 475161 477775 487513 556608 466054 473770 508769 466392 473594 530474 486544 480871 497398 499784 529185 482837 487691 496389 528867 483799 526640 513400 459589 502888 460100 479447 510645 535544 528650 484981 471931 510790 484132 432147 431301 479314 495027 533655 495988 477659 459501 459286 486547 479902 490195 497547 507972 501739 494825 495178 471641 498356 455196 516914 498053 532091 494790 504560 497333 464963 485671 484807 508316 474182 477926 483724 518365 472881 466512 466021 520610 508174 457177 494151 493423 477448 490540 482735 471637 447089 464763 470503 474276 518575 518359 515223 472621 502042 483531 483304 474265 501699 475476 474041 500670 491641 517200 464720 470635 451134 511475 489020 521977 470566 510862 502872 474415 496896 509154 450316 522567 484984 482718 507189 502825 511257 482952 460233 507887 438123 481776 494533 494135 479603 499204 497091 480957 
480997 454949 467856 454089 490008 475187 443553 493559 488828 473171 442443 405111 501923 442494 506979 462269 461896 454493 463818 468667 428525 468577 462208 485943 467708 480387 423889 482584 506765 486930 443373 450242 477111 476636 461564 446038 512525 452840 468463 440204 501984 424734 478886 454628 451936 454559 483204 396135 492222 495468 458612 466704 468653 485724 461501 478354 501892 469181 466939 474031 472088 459964 471975 435536 482383 485722 479392 436754 478982 464163 494299 483174 476891 450788 458171 447499 517655 434780 439858 483284 472472 427232 495859 485120 466395 502329 454627 501056 443885 472454 471298 507401 462597 512753 496093 438649 444220 429261 475250 479891 488897 494386 495399 442779 503647 440394 415717 438801 448162 479727 501291 462488 451169 460435 413568 485256 475754 460988 433044 484789 481956 469024 483445 468784 449566 450038 495430 459151 511896 481201 481790 470622 440163 449639 463371 491158 472222 477936 463632 494927 450820 427836 429789 515344 508282 452451 461802 474536 486115 463970 465743 440997 451852 451863 446178 430419 511100 504277 480144 448973 476621 453019 461965 445124 474097 481425 471637 453176 445988 514110 440528 444598 463544 460001 475822 511963 455958 481013 456491 431166 462330 485961 479770 495801 459950 452641 472690 462013 479059 469826 447193 504208 424124 444599 509639 477270 455607 480207 475375 469335 
452875 455026 439970 452833 483053 485306 439971 459341 475338 470729 451585 408383 500532 417683 506195 484790 478157 463428 481331 456180 420523 460839 449165 499445 459295 500109 428027 504514 491795 510021 466700 456283 487724 477551 472554 447965 503290 444339 466524 456130 491821 440510 473808 451625 453748 453806 469464 416535 491902 460452 486657 462203 487047 496613 473870 477482 490075 477465 486474 472156 460013 475532 509664 454198 455599 495124 479819 454231 491401 496051 488183 504051 467838 445757 439841 484039 504769 467707 468358 466482 490419 441519 518530 466933 457569 494763 479074 504263 480043 461814 433355 517984 456023 507455 525607 447429 485248 437312 497267 459617 485868 506993 518163 476932 490853 468771 437624 442572 447943 476455 504168 468785 462520 465289 422458 460704 481184 462213 470478 485742 486816 472132 488072 461118 476492 438603 504874 479693 500450 494308 494275 490209 442066 473741 457282 505147 486849 459398 451307 492597 439341 435945 434581 501492 505003 470305 476971 470480 489352 461726 444631 439924 436785 446523 440188 442131 476047 486918 466849 472710 496943 453490 439042 455680 474140 477294 475902 479528 456514 483602 445051 426993 447380 485342 479351 516171 462221 474075 444033 429613 466271 492109 466570 483324 479350 462106 494508 474310 465487 460516 432179 504701 424384 449158 523563 474210 463807 495168 457546 463714 
510034 480914 478407 480195 493356 501121 483177 476619 508621 492647 466986 417837 509098 445504 532804 502459 474091 488658 467971 469287 439420 498562 465145 517667 455879 509590 435588 503099 510374 497195 444709 465119 503551 515560 473372 451607 530252 465698 480639 453890 493800 455181 476293 476397 486810 497199 477798 451700 487563 520972 462768 483787 503602 520269 465554 517320 519614 484139 505657 483398 478209 480954 478940 481812 499407 500425 502190 474471 518463 495527 518567 494905 491094 480959 464600 480643 556045 442512 463028 498942 493678 448217 530231 505712 482962 537333 485932 507967 438095 503812 488922 500603 499509 507371 524023 448463 495495 444191 491433 493058 533752 488884 530572 481927 513193 467294 447401 465051 481605 497480 531398 491148 469264 481659 445102 478177 501077 489278 481404 489956 509432 463785 498477 477714 492567 448502 506854 481542 528920 489026 511378 527061 467568 486077 482479 508521 505360 468115 458895 512583 481914 474133 478655 512145 516436 465882 477727 473357 494283 474806 460168 457101 485204 481759 462063 453504 524896 483835 491074 481565 487249 487616 501677 495361 491268 507317 512599 484576 469121 520746 489727 451361 504444 516090 486093 536273 478896 500630 481904 481777 456057 511018 469515 498917 496670 498403 492832 505006 498915 488166 446417 518213 450653 473720 512501 470406 477853 499518 497947 509605 
492771 468651 465400 475317 504821 485267 482996 468332 510446 496219 469781 429179 495993 413335 526396 506141 477098 472739 478396 464991 433727 480069 454530 507770 465803 508569 440920 502221 490734 518089 475227 477664 499422 511027 453081 452343 535780 472676 470104 453316 481766 449414 483715 493511 479100 495825 489140 417456 496510 492846 469427 484740 484739 498414 463347 503101 506144 475813 500054 487374 472290 480088 505360 486235 514018 504828 508734 489055 502872 498808 504719 469942 496206 448733 469004 470846 524484 461074 475558 485328 478865 450177 521768 502259 477579 525195 503854 515383 459235 494290 498150 545366 481112 506309 520882 436104 497879 460170 492360 481764 530984 501831 532548 472588 492773 458684 446627 462994 461705 476474 524157 477828 473186 466188 444333 482707 498959 473653 506376 486732 486653 481318 489736 478470 484912 458752 517932 504010 511193 507113 491917 508566 457255 499417 475455 494515 493174 472016 496987 505480 471201 465547 447175 506847 523034 459166 501690 471734 507447 483329 473151 446429 467206 478681 471594 444554 490593 503557 497584 483813 510278 462906 483415 466874 467176 498021 481532 489735 464092 503638 462571 458293 485672 490282 466501 519801 479937 518897 491418 450887 471396 468340 446408 495934 484541 486916 488510 484813 505297 505351 467572 503214 439212 477811 513261 492172 478421 514369 482320 496452 
470761 444530 432682 463439 483235 464386 456975 492575 496668 488068 450177 406306 491533 428776 519623 486857 447228 474880 443587 444466 420715 455460 446332 509822 457337 510984 432574 484503 483261 513806 444800 446850 484543 484555 450326 443968 518014 449106 464879 460399 477838 420243 471241 478548 476254 471610 466081 423144 514207 459736 459985 480551 462940 488139 455410 486038 508802 476310 494777 476035 458094 471202 466998 457759 496778 513521 490819 491398 498474 474209 487179 483508 500073 443167 487693 496110 525915 438995 453811 485571 453503 452506 497286 485359 464025 494379 504523 513600 462536 474431 496868 531010 485856 497065 505600 442055 497754 460202 461853 483822 522604 473690 495054 456194 504954 451050 434986 419569 459480 470824 528077 468110 485172 461946 443755 466547 480390 437386 482687 474863 478072 464366 474944 478938 479316 449257 490466 517218 499356 480301 494095 491843 453070 483201 469901 484658 489773 472739 460624 499661 453394 445543 425176 477311 515208 439681 484728 465634 479547 471659 452496 443930 436017 437569 473440 452182 491433 519952 495649 461397 479408 451709 480565 471341 460944 494978 482045 459298 452324 490696 444020 453052 436741 481373 476407 523023 447674 506106 485910 444002 473725 482168 437111 500959 478245 471105 467414 481447 491993 470307 441409 527991 419430 447893 487571 478039 475044 504561 474396 477097 
471524 451280 450829 476451 500231 474168 481276 490092 503568 469832 461821 422709 520579 437345 516739 478898 479259 484464 442045 472067 445285 467014 442988 519060 481420 499825 432601 501290 489790 482149 466900 420298 482262 487569 478899 460646 501475 464345 470029 440781 493680 424856 488819 464602 451877 465059 485686 400098 500277 492919 453982 460396 499597 483234 479776 475067 523816 481276 467168 458556 488822 475768 477645 477276 500921 500186 487903 454052 483032 491121 514661 478624 484199 473042 468285 464926 526946 451080 459431 482584 492389 451095 514622 476711 482499 510478 500032 512883 454232 463776 502813 499256 483923 520552 517600 450850 464270 452117 495919 482835 496411 501196 495570 461722 495141 434957 431120 442988 456377 474788 526980 469298 456669 450075 438182 496623 488449 465401 470737 483854 484312 453550 477957 456770 486101 435747 514445 494773 528407 493384 485128 499324 434651 487459 460842 490483 494004 462971 466350 498283 466071 454918 443731 499644 485084 442717 490853 437841 489337 494388 464439 444601 438628 466563 449528 442049 505208 515165 496996 471327 505372 468102 497440 461229 447982 464229 481274 476713 476214 521675 440931 465093 461696 491299 472196 522060 457809 484374 457252 484014 466899 475118 481880 486442 477696 488801 491644 473154 504239 475440 442298 508542 449314 458625 505079 459169 472276 502008 487795 487182 
493811 461423 485332 483680 525735 518807 513654 508950 539081 516942 484021 441311 534283 465807 572565 510614 507553 520122 499894 485671 466991 498603 471751 554375 495024 521363 479253 539223 514475 538753 492283 479315 493114 542935 498641 474863 541436 492001 509633 476321 509736 448379 484540 513854 501702 523316 507783 432020 514603 520462 494002 495984 528591 514700 493446 510552 533227 517698 523707 507156 496493 498344 526578 520365 524824 522268 515769 512570 505058 548964 545519 536339 507095 484811 486763 491723 560497 479125 488517 519718 504578 474386 546437 520036 496185 527984 554419 534633 507712 514091 522206 559047 502081 541099 533888 496120 505370 487280 488315 521036 555940 523703 519702 492785 522868 467959 486562 443628 500746 509466 549818 515994 500030 498242 464226 509177 538363 492624 508367 512952 535231 499181 516066 474609 541302 473790 556944 512014 558212 497419 522068 511908 470880 484899 480182 542244 497790 492150 489611 527896 489087 489669 450006 519187 537468 473044 510450 490186 513782 516891 511554 477283 447705 475692 498404 490800 504431 529151 518331 488098 525205 513047 487823 493109 506048 510916 489576 508289 493845 530930 485857 488856 457678 498359 516095 520933 499071 527794 511462 489928 503908 488601 475679 505498 528279 528805 500828 542634 528920 514473 472420 531095 464605 479945 510366 523320 490246 533661 501389 510917 
476056 453236 446834 448736 481403 469898 483260 490531 505094 461300 465048 418986 494742 436167 519872 476650 497164 470686 451731 470799 453939 477360 465927 507937 484550 515430 439469 493925 499078 501998 471814 450946 498178 502929 490857 438244 535611 473803 472488 454628 514824 449099 477646 473042 460010 463043 501853 412197 499143 510827 485027 467655 504684 483262 478931 471815 518414 485473 495416 499380 491367 470022 481094 476390 503399 513465 494828 473331 476678 479932 492282 491735 488093 497272 472805 481290 530698 447532 470318 511183 492398 461232 509249 470568 480001 511974 487148 527145 450667 485436 502636 546207 470013 523398 540613 446248 479105 467134 465125 498205 535832 490488 528794 472898 501844 460901 437154 441120 465012 480003 522155 486427 468814 459278 429381 476194 448325 477131 470037 500866 505380 454047 474131 463348 500071 467054 516337 485416 500803 478042 503771 527055 443081 482832 475888 489784 495228 478482 464827 516219 473470 465730 466616 515024 510935 436879 491983 471212 475439 483768 478516 442846 460414 478628 458347 456477 493220 519970 505788 485102 492766 456430 482071 454274 481122 487879 494033 462455 459045 506125 451161 483608 475368 494400 489089 527183 460772 491629 480645 446678 487704 491132 464860 518182 496389 494271 507163 484653 479170 473628 466714 512616 472540 452122 499316 496686 479533 498354 478386 504483 
493369 444887 449316 446920 497316 489237 504579 464760 504657 485146 459030 403444 495308 438713 506544 503141 457122 475804 475539 460632 445000 466903 442729 505065 438995 505933 429125 486265 505319 507154 470730 457876 489604 490514 472469 456141 536397 445846 470401 441439 491673 450728 467987 474377 469720 479686 465970 397700 487402 449616 474627 466137 494136 483568 457989 495599 497078 480098 476110 478451 471724 451149 457019 496966 485231 500483 481759 458788 489617 500264 507976 478304 494512 445472 476231 478926 532240 429604 482973 487568 470621 456507 503233 477562 470261 510302 493343 499431 464589 479720 467349 508119 466761 505240 530320 427343 499398 445584 488519 483012 523056 494473 494958 476288 511424 462977 436577 425613 447316 494043 520624 478648 460719 476829 428339 489796 465347 485689 485463 480850 485901 466092 471487 446632 510723 457043 530136 490826 496358 485859 498634 499763 481357 488400 450810 477058 476055 455171 477376 515069 454954 449992 468134 531108 487538 450108 482319 465463 491837 477594 450177 455700 452256 475479 444101 458001 482531 498647 474260 456882 516368 467945 453242 457995 466235 480221 473211 480054 466157 513990 441493 445758 461938 516073 465782 512055 458141 501235 454416 444927 470092 479624 478971 492849 490581 510186 486660 462132 476111 497341 451682 515870 435790 462477 509718 489124 467061 489562 472700 488440 
548358 500809 493929 511486 543753 535961 526610 538628 543143 533608 488057 451973 562245 480810 588688 544917 517417 529468 490423 503596 506659 516689 486400 547298 528981 561628 494009 552325 567949 558600 527009 490563 544217 530607 514193 507206 571028 497736 523733 489241 533938 501179 527682 497051 492699 534256 510476 467282 561535 539804 514409 522064 547614 537123 519348 542272 537584 523322 525281 530302 509874 508504 539473 500018 541102 561766 545726 506828 538853 534796 573785 513862 539679 500824 535366 502028 590959 499896 525181 525251 519492 522584 565485 549328 510336 564260 537280 558070 500399 541847 546356 566909 513975 573337 555848 464345 528140 506776 548368 534860 580064 537445 550724 517391 539743 485710 488949 455000 509979 529147 581389 507910 500078 499615 497833 514103 537587 495166 536447 548567 532915 508099 527363 516488 548850 504410 574200 533154 558297 540937 521017 539159 487928 497127 514617 539614 540322 513173 499120 559661 503001 498595 515421 552189 556053 489715 539124 503182 540730 529057 521789 496501 516195 530731 513034 500559 558175 541343 544861 501045 562348 489479 522044 515721 533859 526541 516425 515331 496550 567089 509936 505751 516098 529977 501348 577455 498095 536170 526578 507226 514186 547212 511749 545094 534512 539014 519521 529572 540090 517816 485225 563627 463848 510361 539788 551685 507918 557393 501538 543298 
491623 448253 454983 468772 478779 476890 465725 466541 507603 483716 458417 414104 489706 442479 512064 498484 475211 455199 445351 466967 439919 497843 448789 496845 472343 506364 443476 497127 496490 497383 449267 452016 505514 489215 452051 441337 534298 459524 466099 441134 489125 443658 457862 457556 483241 498310 488024 384969 495554 483402 471023 473978 493291 489361 456541 512914 526199 492713 460125 492423 470397 471047 494502 470160 480601 506467 487499 459665 499792 476565 498462 485665 485694 470310 472989 491632 519031 447299 473076 506802 490238 474441 522535 468490 473814 484717 501906 508865 463367 481132 486781 506751 491124 498920 529582 460157 496221 458461 466170 492650 530506 473673 488072 460087 505291 466587 437424 431403 475655 492553 532299 459820 477008 472314 442258 464777 484062 482102 477004 482514 478486 463141 476390 472489 477377 450155 500605 488968 500710 476524 483999 498383 460155 490841 483338 492869 510311 484478 457469 504125 450262 443048 471081 495923 514918 458979 494808 461157 474611 502253 467193 453523 445301 469812 460116 454212 511450 497845 484681 472882 497627 478669 481684 455729 489363 477488 469869 467016 464049 531007 453306 480649 454691 494990 485987 524411 455229 499110 496923 440263 461198 498530 456527 512619 487537 480751 481894 470597 474077 485436 440698 512355 426811 454466 519493 488804 475413 487954 462377 476940 
482586 452365 468327 468670 504110 469061 449195 487806 496833 480666 431400 398106 500170 445566 498311 484831 479201 467114 446653 448169 430309 477027 451912 504369 476739 510840 430069 479518 508426 473340 465943 440871 494103 500540 460684 471495 507388 444908 464667 460861 483779 452442 464830 480712 460482 486498 502769 410895 497959 478789 449603 495326 474952 483894 452572 497140 502541 495123 476769 488732 468476 494134 501363 479599 496348 494408 490311 472984 499113 497395 507507 478833 494207 438206 474216 471207 537833 450720 455235 473312 479030 472091 511947 492402 471465 524047 492229 493517 446086 487930 489532 511264 485067 521404 505103 441111 482138 443093 456214 516554 520194 510825 492078 473038 491400 467054 445142 440452 466074 490112 519228 481249 481645 449317 431300 475904 495039 469882 484399 483591 478357 477980 482861 482253 492326 456281 478538 478759 503239 475612 506103 496210 454176 468575 455953 503415 497612 467456 460637 497706 480079 442044 446466 488686 494352 459759 491695 468786 495832 482147 459814 460954 468212 469416 450381 478609 495940 498219 483731 462098 497940 455011 486004 474312 482310 486653 463286 476915 466622 518461 466818 432673 463068 477490 498417 508218 441644 479272 490107 463431 472159 483684 459461 506336 476841 501097 460441 473226 462654 488760 428617 514993 442988 464826 536139 473905 453506 495067 459849 469630 
503294 486291 472472 488249 531748 504852 493365 508517 513832 492884 471372 432584 533714 475106 569967 515263 514175 493774 488730 479499 474205 496164 488374 521066 483508 537640 462567 511287 518685 531596 472684 484953 516189 522743 473423 478932 535446 475067 501997 495328 519214 472010 506654 510744 486239 515558 516168 433053 510088 488643 479204 526801 506254 502673 488642 529149 549797 513848 511168 533097 508791 489064 514738 497102 524563 540797 519941 511451 519640 523859 523367 478171 496150 489897 504731 513111 547061 458319 480472 522939 498781 480115 546402 504733 518522 553391 518305 531741 478055 496708 504732 555282 506650 553098 539849 462906 527892 484287 519658 502273 543017 522455 544005 497214 541938 495947 448421 471806 504295 508669 548472 513012 502681 487329 449244 504617 499529 492983 499718 529253 533393 465738 515386 492017 500433 475403 527982 507984 547926 494718 527606 530162 478226 489524 481885 513886 533230 501116 493999 559308 485660 479012 465806 538308 559703 463373 528722 515875 509913 493505 480839 489363 496067 485698 480632 487764 536408 508372 538023 479747 513612 481433 504528 484196 493635 504696 504536 502836 478918 514499 493520 485565 483060 526335 518764 536179 491424 526460 525567 471479 486638 522649 485655 498109 499264 516930 499513 489464 501969 516710 477681 541586 459338 484723 521576 512958 510668 526942 497771 505312 
508573 477942 487639 507327 524489 529340 506296 506657 526452 516584 504858 435776 524184 460960 550959 528063 509357 519821 505009 466279 482166 501505 484962 547991 506313 528311 446778 526798 519336 538987 480808 474118 516914 537179 495959 482989 554450 493707 516745 484289 523115 471499 494455 503033 505484 500298 508617 430415 534096 514936 469285 493643 531143 515713 478058 526799 530948 493703 540074 520428 515402 514659 539637 529117 529036 527052 545175 503957 523474 543395 539534 510508 522447 475871 499828 489508 557912 463995 501075 526432 496502 474458 545646 521789 491786 546616 496191 543212 486526 532549 483797 554870 495934 539887 538278 467702 524220 460932 510219 514199 546116 526638 519792 501939 533115 502297 463937 461380 507516 506057 543046 506442 501524 506582 450641 483427 513150 486696 510115 515466 513081 504574 516819 500854 519808 465855 528838 495901 526138 541735 518266 529510 472302 506969 499311 525794 539041 484504 488329 534382 510871 461000 467425 546260 531259 474292 508710 484689 506818 518021 486131 511652 477946 484885 478776 480740 540319 532801 533028 502593 522317 499447 506164 508608 512953 509024 490113 500067 460696 570385 470223 496564 504502 548256 518014 570014 501493 532219 502373 454942 500467 504689 494062 526986 525377 514496 510885 533511 525382 508043 493985 527868 454597 487774 553613 515535 511389 537555 501987 508311 
493447 489660 471186 470079 497076 490671 497654 514828 515743 496770 483234 417682 529332 444123 537870 505227 495055 485241 487261 475936 463929 482011 462358 500317 476422 517867 450529 495293 517146 521911 471954 452906 498860 529284 492988 445873 556913 469708 496932 478583 516005 465897 498429 507903 467109 485082 525860 444902 528769 508141 474405 490898 503435 494667 481268 483259 533113 500976 508741 506719 500551 489235 480090 495826 518571 528839 480935 475373 496594 510389 514186 518542 488438 485325 486727 498755 537145 459082 488371 513518 508417 479422 532935 515947 500458 518387 490191 525724 463276 491274 514313 535294 486297 549230 536143 453231 460153 484371 507614 481977 522289 532730 517516 486861 522969 477419 444820 459526 474496 485300 537994 483332 487281 473187 476387 497679 498620 500708 500358 518282 510570 480023 515507 468683 490700 476117 515337 494684 541070 507559 500114 522404 478980 504949 475975 523598 513017 471432 492193 552421 482833 455781 461459 520180 547833 471960 507827 472966 489988 494342 467039 449817 463413 472487 460329 470981 528833 510885 510048 488843 527415 484106 486763 467488 485172 505162 492184 487823 475669 537109 461026 501419 480330 512074 490075 534264 489328 522415 499969 475886 491470 494340 480333 524784 494138 504914 494764 505776 490315 501681 485692 531524 465063 475854 533732 513437 487753 514667 483476 495807 
487395 480310 466005 480141 503096 509111 505560 487236 507684 500360 459064 428286 528415 440826 543363 505490 474126 495488 460074 458759 442454 492501 431584 515062 495188 508343 469880 504172 498386 508833 472988 454783 482660 500000 464339 462670 530312 475743 481439 460816 477908 449943 489919 500311 484335 478936 493710 413306 501445 516934 466874 483084 497453 472090 486335 496512 517944 507419 518888 502272 504483 469479 503416 507899 513184 475687 491742 471610 491701 499915 520727 467392 512890 457836 449915 462120 544138 444464 471766 500178 489289 462002 508160 499636 485267 544460 488133 497476 469421 474671 492954 513098 479487 513980 525218 446268 487003 460050 498431 500305 530389 472372 501517 476879 503725 446854 440290 416612 475971 489713 514023 491483 462771 477277 439056 506042 477576 485924 484519 479748 503879 475887 480159 467396 495542 442371 507250 488392 503117 496996 500849 508705 445938 472363 472785 502270 496057 461628 495303 508077 473827 448327 460865 518683 505955 456112 490657 464119 499508 484242 486155 470723 474215 466034 451158 454521 506921 502395 507276 471863 513883 469899 478514 460277 471701 482931 484202 464906 463199 509770 489590 474763 487546 494129 507040 522886 501995 499464 483176 440945 482771 475666 473651 499018 480884 482759 475960 476792 491982 482414 457744 508939 449909 464257 508897 472764 479238 518707 473084 509620 
493983 465001 462779 480277 473495 488797 467264 480232 504872 468710 479309 436034 481291 456684 518675 497282 485405 482783 479471 470634 433452 473756 456766 482412 477480 490610 435173 515334 492851 512656 480290 461429 493158 499600 473062 468703 525550 462824 473963 442304 498916 437407 490857 462068 454754 486262 476080 429044 507805 505903 479117 475136 509875 493657 467017 486641 509036 477883 477650 489688 468750 470293 479829 487977 485184 502009 502231 450748 495522 494506 498676 496316 480705 455965 457569 501554 525516 435351 482435 489031 488228 442791 508332 487500 494867 514134 486858 495529 463049 485828 473819 510516 463843 523187 517634 456639 498527 456946 478127 482431 530865 474859 526638 464589 516149 433337 434772 447367 459638 499501 501132 473523 474637 488218 441615 464735 503433 475281 478636 477560 508570 477660 499101 468433 519574 456604 500184 478651 515254 483944 492554 507113 465580 488645 465066 495110 498701 478428 466851 514818 480593 466464 446944 498562 540088 459462 475329 461663 495750 492104 449604 440869 472602 454709 462622 467547 492139 507674 493413 488087 492081 476693 476992 488718 464777 494055 493319 454816 461426 510503 466061 462868 465822 497754 490280 527232 476350 498193 458545 454777 464442 481433 457832 489119 497518 507219 489983 493846 483617 474374 447542 517215 445895 463468 518953 494346 496378 505470 466280 495569 
491181 462451 458949 477768 484376 500897 483257 488256 491886 464579 470948 415314 508523 447170 527355 488327 462293 469188 468559 452207 465306 482058 447291 488605 480504 505920 452586 495339 507010 498465 434048 453523 464929 503001 449722 448078 512515 448353 471888 433078 500069 440279 475217 468182 446476 492720 476437 420342 496558 504870 490129 496490 489738 490341 463414 473283 517075 484006 483272 490814 478974 490991 473863 469271 468920 516052 483792 467187 517448 481359 507341 483318 490056 478777 443129 454369 531305 463118 467355 488996 491203 449730 506561 496319 498573 516038 486281 499614 464561 465226 500545 501704 490172 531786 507414 448748 481704 480522 475618 474463 539805 465276 512814 462280 495944 466687 445221 442143 469406 488978 540841 469166 461899 466256 451827 479855 478006 470675 472131 493337 515145 452872 489684 454016 492277 466062 496813 489359 525115 506643 493316 505588 442708 499001 455295 481312 502889 472227 468988 509215 486467 457378 444657 501230 507769 438036 485129 470311 479881 465843 461425 451431 449303 461039 462927 451337 522636 502065 495804 474388 494487 466651 483978 455823 462529 490072 490943 468052 452787 504419 451321 469495 483744 497592 496268 516533 463212 498112 478292 443419 494449 484174 468112 503816 473102 489776 499131 462066 491752 486839 469301 504314 433797 463812 473397 493000 467274 504398 487520 478133 
484632 477882 435934 452503 505871 473333 475041 486528 491048 464958 491171 410079 513541 437757 509624 489377 488969 461581 469420 455919 447098 494345 467275 493060 473822 506657 448877 508891 506974 504536 480623 451890 511859 502860 492716 475558 538491 477770 472871 479015 511014 446298 509202 481932 484409 496462 504829 422231 527193 504714 462856 472346 498997 492410 480587 494856 504233 496457 482878 492535 483905 472396 481189 474714 484105 511479 491905 496535 496249 502905 498310 478186 496671 470481 488734 472951 513161 439892 463094 497694 492254 438984 535415 497626 493758 525281 490867 531145 448844 480395 474333 550021 467894 518285 525868 419173 500486 477205 501348 472566 529580 491497 527381 489328 521547 461499 440936 451476 476907 504308 530452 469277 474761 484216 451751 487449 483260 483034 480671 485778 500489 477298 499195 451322 494692 472155 514661 483637 515141 481530 481459 513329 457281 482214 481285 486698 493978 473690 494308 526322 472799 451505 449861 504691 515751 450121 483217 463275 505939 461305 461975 448456 471302 466844 473079 419819 519972 496140 492936 482402 501305 457782 489913 478414 482698 479383 483954 449228 463572 522522 481005 478923 468279 507485 464762 529589 475860 522391 485370 445698 498911 487840 470778 522315 487846 503999 490540 489744 491972 487329 425360 521283 429125 457641 528448 498373 466386 508155 469891 495547 
484486 463000 457669 449041 517963 477554 490087 486742 498371 474642 453735 413924 495471 430620 535883 497665 458047 482994 477865 463781 445925 483659 461876 501600 473592 490443 438453 495982 518893 519378 488214 446944 511181 517437 446167 448217 541027 467656 488051 460011 499650 453557 486231 485403 468453 482972 501102 429543 500846 490367 468776 504045 485583 476336 482756 501168 509481 479019 516672 501478 478166 466260 491835 486610 495240 489087 490526 477571 486114 520640 502285 480635 491202 468565 462724 487105 511671 436655 477403 506671 485360 465900 507062 479809 464654 521920 496370 515711 462227 485293 497353 516915 489679 538167 524125 460515 476507 455038 483640 483125 532699 505973 527016 478904 499163 460356 413277 415887 472120 481275 535119 501586 476289 456774 460783 484806 486921 485067 476592 484968 502168 484845 487366 455974 488088 475629 512415 475405 502520 510990 487445 504270 459587 463008 455473 495296 493131 489910 495448 522623 458294 455620 444439 506292 522045 466594 474911 472832 504305 483280 464296 438769 463203 479859 460737 458279 497247 503225 488600 469037 504092 466245 479330 484235 483942 484748 471946 445710 464315 505572 481140 456470 480819 512846 458554 505487 469211 514270 491480 477486 476197 483909 473157 501750 486928 500779 477572 492354 487660 487090 473335 513185 461026 461525 496087 503987 468154 511793 460348 511153 
516343 488120 499944 500820 540325 502778 530560 526698 541507 548270 490143 437561 547178 459620 573671 526366 524151 528931 505143 496161 478918 515233 494563 535285 508783 529393 475246 540686 549309 553861 496011 485790 550161 535346 510592 484990 562530 500633 501992 487647 534070 475743 532977 536094 489976 502495 543861 467871 541543 540844 506672 499886 528180 515570 503502 501756 541627 517248 533803 536001 531098 499086 549302 504978 575088 545096 530355 521506 522433 533618 553755 508629 536426 491747 535230 532155 558662 489400 503144 531239 514187 512117 555060 524792 518479 564228 533937 543380 492453 522670 520989 565438 499684 559469 551388 483728 530092 489387 525174 513830 572057 530373 544034 498413 550296 499268 472859 475190 497743 506251 559429 523874 550257 504296 456887 509842 507402 492407 530706 520182 527139 500875 538821 507145 543793 494816 536608 514767 541596 528388 544169 562133 465612 513814 505896 560137 533550 520610 510917 561815 492364 498228 495723 547403 561693 489871 542714 477732 533018 504618 504632 479217 499411 496218 478228 486678 535241 552728 550596 486473 550858 520885 537090 488253 509481 520485 505380 503764 500533 541444 500283 523610 508580 544407 523652 557066 499954 529197 531475 498785 516444 504516 508153 538405 522551 535044 539881 515104 522083 517304 510179 536631 496719 491731 546932 528437 509019 559729 518438 519334 
497053 448316 466382 478500 499935 498968 481191 495055 505290 460016 481973 420181 507844 453659 515517 519843 478093 479616 456357 474081 449056 485718 455543 496656 484546 517391 449291 506460 522619 514938 476597 470083 502873 474356 462655 458505 531735 461479 497432 449091 501065 448720 481647 483326 471168 497949 493191 415515 498781 508232 487690 498223 482886 497002 466856 482247 525486 493408 493375 491117 500006 489550 499585 505040 490905 497395 509026 495565 498361 500722 523244 494268 480239 467490 463022 469966 521279 450095 487152 500671 477056 486421 499361 505838 497677 508359 510147 524665 470067 480172 510189 511695 483116 529490 531113 455534 474128 452067 484124 468753 533245 493847 522333 461516 512837 465722 451336 441007 468189 482383 528708 485787 477903 476332 447949 479447 484553 481270 495936 503153 503475 456092 498801 464659 509141 451460 526808 472790 508900 488439 497647 531954 453699 489815 466677 493520 495990 490713 476472 508680 461950 432297 452403 517657 518611 437038 493989 452115 483960 497273 463809 448003 456610 475552 450749 443854 515456 524271 492945 472525 495841 478616 482026 476542 501497 481518 474223 489426 454602 517189 463184 467832 463437 490284 498462 521394 485861 525360 469025 445834 489516 467225 453549 525108 508443 488176 494540 473382 482107 490964 444066 493911 450212 475638 496680 487201 478899 523855 473081 493426 
531582 496029 493832 512098 534540 519704 503360 504314 530974 513981 509928 439345 534933 465853 555064 519508 527516 506821 499817 482963 462157 505131 487678 530114 517588 538011 478471 533275 510863 539393 481723 491541 533509 511988 510757 493694 552602 483955 518688 489395 527460 479864 514875 505478 492958 547938 533286 440428 536015 510329 490384 503521 499213 517363 501962 526462 539450 537338 506904 519124 516700 490659 535515 506196 515662 517292 510273 518643 538499 546920 557381 515278 521743 469916 503960 501043 556674 464426 507333 500635 511652 506064 558017 527308 509175 560939 508473 528647 500331 513945 517886 573911 503820 550667 551273 466415 527501 487797 532225 514456 543043 527340 535441 513814 542432 488088 476691 464775 490019 510035 560668 498604 507256 514062 488333 513625 506130 507415 509415 521776 514523 502254 504192 491437 503637 481992 535325 495114 539171 524691 505494 558764 476890 496516 507072 545892 531220 491432 485840 542056 483404 464382 476546 517798 554982 486416 540628 483605 526564 510241 496534 473738 494840 499381 480191 458731 538212 520528 522248 517671 535237 491368 497578 515474 495315 552475 507039 500819 483039 543332 497971 497560 480624 533927 506972 562660 514422 545063 502630 472451 515864 507610 507927 547535 519861 518034 493593 515086 510939 504856 483969 527960 436220 483701 540203 514278 494892 539505 490874 521110 
477124 478798 456621 473953 492870 490940 457265 474191 492104 485330 453088 405986 519867 418595 526946 509300 484751 470465 454635 448625 448096 481420 445674 508652 466796 491967 425136 488530 512809 482118 444322 456560 494399 473652 473208 464169 548936 448672 485480 418895 498708 438290 463076 475508 467893 468499 494602 429370 502877 486979 466897 483693 470286 479281 476316 493355 517501 471394 486866 480648 481619 512812 482423 476046 500716 479018 500417 462819 484391 507829 486359 494836 488655 434829 486194 485201 514894 433854 482299 499742 502316 471287 504002 499774 470407 517561 486763 504378 449626 490092 504081 508420 481433 504406 512524 449651 494484 451453 483892 479418 525727 497280 512041 465499 525815 455002 421721 447533 491691 504979 521275 483960 482898 461119 442193 475025 452089 462115 477252 496203 499829 463057 481237 462395 504342 457264 491898 480674 531633 497785 476337 505170 468055 466529 448266 501764 496990 474298 478652 504820 461926 429353 457812 483599 517070 450410 483323 443042 463051 460899 452070 459506 478440 447201 442291 448930 502162 506232 469119 476742 489684 461047 476098 493749 478985 475937 455070 470851 472368 513484 458704 449616 452715 503731 461726 506244 462490 502411 489057 449826 472052 479956 471199 478617 488714 473591 484894 484129 498092 475176 438845 507773 458172 473709 519812 470974 482396 509926 482374 474583 
505278 490763 494327 495945 521620 504104 489531 516627 528001 516685 507162 436924 541656 468260 564183 499381 521089 502321 503881 497536 463416 528462 468038 528790 488253 545658 464859 544276 536475 546821 496792 489525 532485 537570 501290 500144 560184 491005 486999 471532 533260 468794 510320 514696 498604 504141 526287 445584 525382 530562 495128 492587 512078 533203 500248 515457 544744 512886 517755 514484 512830 532977 524255 499528 511135 544552 516280 519277 538721 544008 541376 518906 528498 496617 512775 525386 543332 472315 482433 521066 510869 478215 546310 533457 517645 543727 519649 546043 482727 506752 519829 558579 518734 549265 544591 471696 536937 476989 510733 498576 563792 526000 576793 497730 564327 496967 468372 451632 517001 519098 546696 522985 508990 502305 466855 500446 514083 505142 510366 517072 530802 478559 530155 509220 532247 487936 547131 479144 545404 507219 526714 538004 484144 486520 495166 530247 527936 516753 503178 531303 497861 494910 487242 513682 563324 493511 519926 493689 546189 479731 472165 487700 490571 498828 481069 469122 523168 532939 535891 491604 534960 513895 539239 515180 508444 498966 506506 467839 493705 543289 480207 498578 480952 518645 487054 549054 490696 536142 502179 499443 496231 516109 500764 527298 511481 553053 513220 516189 520099 512724 457465 532966 464252 480508 549936 494685 481240 533796 497564 517744 
518903 480609 495751 500694 525504 523746 502920 499207 508361 511191 522662 433942 543599 473730 567804 522574 495259 520401 509836 481545 472588 499445 489935 525908 475468 529510 494653 532169 542418 528049 478099 489064 510692 507728 505711 491812 558130 473396 488897 474040 537132 476785 510708 509493 478386 515680 508325 436915 537952 533924 516232 505726 530686 504805 494158 505785 566036 518183 519890 490723 506616 501217 522232 505375 523243 517775 509181 483626 541591 533701 552929 514108 516092 500661 494691 503208 559432 454259 501124 532742 513014 485022 552005 533713 512804 539483 529882 548658 482432 510911 497482 551959 506432 542117 548946 470897 504212 487699 543346 519133 563488 514190 537712 495526 536401 492150 486693 451546 492867 521012 550472 518843 499178 499739 467257 494942 508523 500016 513733 525738 524416 495670 523816 487088 528873 482615 559742 525183 542471 549510 515627 538901 476249 500346 498312 543202 501192 498289 502652 533734 483531 467869 468730 552042 540163 473296 524356 493365 508189 517270 499344 471139 502005 512954 491555 477290 532608 516328 516037 496697 550373 493519 500291 502880 515498 504977 508449 500538 474384 535188 505223 487142 487834 544725 526164 554773 494657 525316 494339 484180 503175 496234 504087 535332 518920 505866 526893 513916 518050 490742 478397 534143 470572 500298 539292 492228 494511 519545 517257 489340 
489102 456158 492642 463833 511942 486591 487190 497866 510146 503701 458917 428094 510144 436792 538498 483897 480353 500233 466253 475418 443111 471718 453366 506578 491565 499692 436426 499324 517539 507034 466655 469555 490396 515202 476419 472071 540553 463948 469065 464197 511621 430457 492702 489711 455275 479664 489031 420218 516119 485148 465594 500096 500766 474920 481654 496074 525592 495621 473221 499080 502594 480442 498508 475264 493816 508095 507698 494886 499454 502187 520843 503644 503926 464025 474501 478429 544518 436571 469485 510142 488289 469671 531273 491928 491307 530288 541280 533861 480250 492767 501949 506919 493463 526031 529682 465173 491854 456633 488063 498304 514885 517086 538105 476823 520709 462597 452608 434139 465783 475773 528366 475594 487716 460711 454626 490283 495815 485038 496587 494707 499379 471898 499940 456752 527336 442675 520796 492205 509402 512623 487791 490323 451672 481469 474200 503928 510263 483383 471163 539659 451295 462391 462855 504406 530302 457662 513954 479795 482497 476571 480707 447230 458601 496478 458993 467966 498005 504308 492467 463899 515821 469981 510079 485349 503507 472822 488692 463170 481366 540402 475022 471700 483162 498570 499337 529822 458144 516288 497494 467886 475858 496212 454639 506016 488889 520405 490098 505793 503522 479054 468996 479354 446786 473017 529147 492914 467105 536844 464302 490101 
495898 480410 453198 468589 508438 488352 492131 484699 508418 486059 469670 421135 507935 461952 539137 500319 480678 491148 470699 471134 474794 499189 475237 517897 496573 515654 436002 503921 511261 517389 484195 473757 509385 513117 464839 462515 545377 497783 500661 458547 512531 471564 494778 484017 470092 519590 484322 419575 518878 500707 479710 489069 502149 506946 458920 499675 498259 510692 500219 511142 481213 487608 495315 495652 510326 516937 507091 493553 503971 506323 518210 488429 507441 457826 485513 483940 525477 465809 479640 505405 492890 471510 534267 521725 486805 534658 525150 533372 469640 501919 511226 539882 489909 509716 521548 453022 502456 468201 491022 466695 541760 497630 517697 485505 521652 456004 453264 454974 493779 516324 529895 490978 477193 477793 442698 503016 497879 489327 497026 497182 508500 460578 505870 474800 515488 464344 529432 499222 534080 499090 514358 542455 468025 475191 484151 517024 496016 487344 466364 536773 495236 470952 451007 513897 524665 454183 510167 466301 504575 492386 477073 456280 476669 468820 454496 452540 512969 509081 516013 477690 494946 471261 490302 476556 476652 492240 486171 475993 468681 516884 480800 469484 481174 503259 500751 525738 478381 512278 486380 494804 484092 477821 478920 491875 518759 513409 511629 495048 479276 498940 464940 514405 457443 472941 517962 490084 490387 523354 489511 501684 
516147 460658 484111 463426 504568 512205 492792 475149 515267 500674 502440 438588 528072 448477 540852 524591 500188 475535 460550 482302 459658 494927 448487 533256 480268 525049 470013 503044 504950 510068 483551 486593 509290 483196 485570 462849 552206 447599 475467 487154 517598 475005 478885 510190 484904 487657 498387 439358 500018 493830 487432 503490 501701 498771 488345 500966 534745 509226 508114 507191 483210 481558 508887 495925 493910 503496 500803 522079 537967 518320 529209 505266 507079 473088 489583 476890 562309 463476 470445 500382 500808 461128 530224 489346 497955 532598 521280 522749 491038 496306 488936 526038 489746 503102 544966 435831 503597 482625 500369 493082 553968 506327 512015 480488 536334 499287 476729 444079 469949 530337 538702 466749 484616 488409 445046 492753 511482 506176 517454 510384 508164 497357 497648 473609 498859 476265 515881 509981 527271 503491 507964 536021 479564 512509 490911 503616 483701 479067 496402 528839 470742 476849 460117 498016 535285 474612 509670 484354 515194 473104 502673 454790 476530 473550 475320 467336 529132 505786 517937 506022 512032 474654 511662 482467 484455 511950 493779 490955 481879 495893 479284 473992 481363 522117 512105 540185 488507 543589 495061 457924 485705 495289 469012 520729 504492 511965 516849 501078 475460 494295 466687 534177 440360 488555 520206 505284 481071 489486 505031 469426 
469548 424255 453844 441093 453099 458014 457962 423264 475645 460899 464710 404137 481248 413673 492111 462269 453407 467291 449795 449431 415466 455865 415893 487873 448989 474236 419963 478032 489811 481226 428764 410214 490400 449849 440514 439725 501686 429311 434606 428591 474998 440270 453397 460737 447787 466783 460545 391592 455348 480148 435531 460261 468240 489053 443630 484265 508627 448352 464633 468657 450633 470831 480241 449450 451112 476818 456165 440152 475188 470590 490572 459725 468645 428446 462898 433848 497330 425330 445798 473601 466245 442812 509693 450531 439767 503313 484560 473730 464653 453324 466290 497367 448813 484360 499051 422147 454122 444667 468610 450118 496759 487882 496745 436820 492171 437663 435629 423245 429197 448611 503677 424433 454688 454527 422428 469000 478401 451037 453713 487133 472142 455973 481096 436004 459256 427589 475913 452871 495083 489729 458367 500782 432770 454748 446197 475146 468357 457245 442610 484080 453803 438034 453196 480648 495525 433081 461958 448567 486454 438011 458711 429796 436279 451314 427848 423293 493659 483307 453541 454986 472498 436789 484903 467619 473975 467467 456360 435818 469026 490548 437295 422511 437407 480340 458557 490596 432811 500194 450269 432989 432191 473038 421049 484357 478323 487112 447642 456560 466253 444716 424166 484461 411233 444724 497013 457992 426425 494093 475150 459850 
487295 448807 483338 459488 494025 486669 487892 491468 482422 459095 459817 404434 513682 441183 523918 509130 480562 470894 472833 450641 451120 495403 435659 495921 457311 523839 451994 495462 497326 501417 452868 460130 506412 500791 480936 461269 507775 452804 485678 461790 513646 433511 493623 490810 449156 500260 490535 408352 511331 477197 458953 472331 493958 485811 468102 496664 533089 489006 493559 491872 483648 481652 478403 475315 483438 491773 481917 486941 514570 512290 491936 475958 498183 465390 478154 478193 517100 446864 486892 489866 483089 468917 508857 520826 477101 517550 509369 504957 440353 465658 479739 536880 479506 520779 513103 432341 475599 463902 481569 489010 540320 486377 523406 466782 491031 470082 448961 431924 479768 498186 530856 473433 470719 479244 447924 477459 482557 473383 490549 490005 504885 449238 488911 472346 509522 465932 512696 491483 484832 490220 459711 509933 444503 467523 464439 484510 501688 472417 477263 513000 474604 442609 432655 499214 514291 458171 497296 460816 506105 468382 485787 463485 457397 485343 473948 457402 507903 514522 491139 487472 489865 459133 493056 480457 484350 487641 473587 480325 448234 507536 453851 478758 469618 486405 497035 523584 467088 516279 498640 447631 494743 505817 477093 509816 501009 481096 480022 481603 490858 489015 450419 523507 463498 465674 504108 483617 464395 503894 488920 487849 
472209 451654 464653 461863 490293 456577 465223 482038 480666 481090 436245 420820 485179 434576 501657 473507 456093 452421 456804 452097 426900 443262 427680 503421 466906 500092 439573 482445 473934 488950 441918 453066 482645 486297 441483 429072 498574 449648 456450 447426 479784 443927 476859 453087 446169 499584 471974 405780 493420 466881 467761 483333 508162 484472 466457 470719 472183 461040 470669 454368 465329 449256 454592 482608 465799 484316 480904 466824 469143 471783 495842 461875 481254 463338 447329 467063 521351 439390 446901 454079 455826 434958 513784 474871 475224 523132 475641 484775 458812 458858 470616 502569 480046 501592 504240 439231 460070 436030 457144 472421 501113 452796 491485 453562 462177 441845 430831 433155 438474 469881 497518 461681 443246 464830 433561 461921 487264 467175 461398 477369 480855 455773 474720 444682 472570 414926 493431 472227 491423 480296 492433 501716 439658 463287 444869 484651 493816 475164 441719 471814 452981 441884 433784 485974 494853 450441 472324 438839 482333 472763 461176 429380 427755 459948 438774 451497 495114 482820 481196 458474 482443 443004 470692 451084 463848 481368 465477 458029 462834 494399 449571 442533 454137 477156 473669 496034 458809 489559 457330 430804 427495 468920 449110 471725 471449 494704 470963 450089 468770 455528 412113 483965 430047 443557 501974 454017 458472 489985 473579 483297 
506954 482644 535533 494957 523264 508536 477507 518692 537387 514201 484120 455995 548308 461241 561582 524553 506874 537132 480537 482713 479459 510262 475115 522443 530009 511190 466158 549553 543468 541836 493786 482329 525605 535141 494966 460778 548026 484119 514963 485585 534564 468825 487681 495036 491463 516622 526272 446822 543296 517242 502035 523190 513899 506254 483037 514912 547829 502789 508288 501697 514572 493783 534118 494970 514857 525500 529590 490534 516958 525820 537153 505022 507043 471117 489645 515440 579279 471402 507940 526655 520123 484149 553659 503889 517152 550903 518303 555036 492449 494701 509251 533665 519759 575313 551414 496091 530325 498397 522139 516166 546917 516542 533198 475970 531834 509496 475610 466923 502019 505701 560169 504771 493528 494210 475312 516545 519259 529081 490953 533651 516347 498227 531812 479586 518110 496751 520608 491783 559673 493916 508222 537861 486767 518882 506795 557580 520332 510381 488080 542606 502267 476363 484330 522701 522240 471971 523959 494934 514432 484689 499029 503917 501849 505375 479867 490289 524262 515237 517151 490323 544245 506257 502210 503504 514390 493718 521335 473050 484460 549808 497943 520714 497595 502994 529618 530283 477574 545009 512585 471821 516526 508281 482597 515440 526739 517006 508057 523529 516231 511238 499171 535605 445560 494623 539004 539237 499250 540550 496328 510355 
478379 436593 447084 436994 463514 449705 460374 460664 488902 465868 450592 404503 504727 401485 500842 484053 448580 472382 453654 445921 414388 457200 431453 482597 453616 479898 436845 462300 493118 464553 442396 445490 486379 467457 451688 428166 485162 445533 440879 429710 477912 448101 456745 456375 450501 474513 483388 414624 460614 473216 468211 466061 455800 480281 463128 457499 484027 457084 478023 460405 464120 462415 471846 458796 468358 487994 447519 479265 488676 478800 487757 476489 450574 442272 465664 461920 498831 446589 455674 464322 460514 429619 506938 468668 486960 486021 487484 477373 437546 443426 466749 519463 469211 485888 484225 421512 475317 442808 471773 483611 476177 472864 482772 454439 487507 445285 434226 438869 425122 474071 493983 449734 460928 449261 428509 447666 485981 466806 441307 503346 486081 456545 486895 436814 455713 426554 480872 470607 501983 474128 480961 498603 430119 455231 448120 486619 459201 428561 455010 487955 444951 424576 430586 474689 512505 427486 460684 451181 477673 466846 473506 431616 433222 454544 438395 433841 506231 477591 493153 461694 479552 465675 452854 463272 454825 487003 450855 464908 472089 489640 447155 423975 436015 489488 469745 491973 467387 483561 459074 451823 457403 457355 436424 479988 468175 468931 481819 465060 455737 458208 451724 488977 433764 451546 479620 471636 457400 497453 463399 469564 
538219 505770 525851 518892 537689 526015 505284 520187 553497 522942 490102 471806 562715 477165 554794 569628 527484 520509 523036 517889 489871 512266 479062 552196 523601 555288 504521 543183 543187 559814 507199 497828 544996 543500 511488 483166 581688 503009 528223 491383 545210 496470 501858 518282 507659 536519 545011 431493 565356 516379 524958 540298 534686 534256 520883 546570 553399 531068 527075 547753 528672 538808 543495 515208 539116 560044 513684 519681 553171 544793 551218 524720 519011 515936 505043 554704 582832 490684 524136 536940 550901 491170 576578 521573 537812 573320 553697 543046 515758 509109 538838 560229 544203 559487 579841 491705 558296 500833 529341 531136 561052 533939 564753 496545 557916 504454 495360 474513 493697 526355 553449 522551 527711 504156 468557 546556 536102 525780 534015 537427 554828 521925 504690 490056 530511 490011 555195 527052 553906 564672 550385 566710 519272 530917 492558 562464 546861 509568 507960 547817 492156 483933 503791 568330 580716 519053 548154 520142 542584 519102 519929 493673 510989 507789 497746 502544 578430 558646 542258 545105 580248 511772 523604 509218 527270 543385 533276 523123 512089 544888 505263 524140 520229 558689 544707 569165 525375 569642 516803 500515 499741 530909 506937 533570 548433 533384 537085 525375 521749 527895 491570 563907 479169 506283 561244 523760 522514 565790 536882 540519 
506941 431702 478675 488842 507689 503848 472567 495941 514700 489182 502242 413889 522496 462341 548064 510335 501276 490208 483846 467110 447563 502729 461640 523114 481266 512311 445384 517040 505332 516701 473342 477572 521836 508466 473984 476237 542675 484619 479344 449634 506838 463963 496044 499043 488206 495094 502877 426604 514717 491563 506019 507778 494687 506325 482572 523589 526902 490552 498074 516509 480584 504553 533675 476651 508232 526209 518914 500657 530495 515040 513047 495806 513552 462654 515735 499270 530462 457757 487791 518435 501418 477549 535442 483794 503481 519907 524742 530346 483036 484632 510483 534343 485726 514754 532740 456492 523193 478807 490346 507797 553622 509492 510150 477674 522582 477191 462874 451755 496892 516594 548978 498202 522898 502027 457484 494728 498752 487611 491563 519990 510560 504784 535816 490350 508337 488882 512176 494718 542607 521767 503486 539969 481781 489313 474284 518969 506774 519409 485384 517622 467347 484462 469441 493274 555058 478149 528080 464283 496835 502904 468942 491070 471541 472874 460932 479211 524891 535458 519988 489253 534511 491004 481286 498654 495506 496383 482687 480000 490111 533463 476234 472310 460243 525940 518961 533487 460799 524614 507984 479272 515637 503729 496809 509342 509378 503745 513180 503111 491246 488867 488167 537898 438259 482115 528826 519875 479215 507051 500234 464895 
484857 443005 433683 478440 483219 480215 457455 475641 498383 490660 452318 421201 499337 433451 526586 499826 442922 489042 445359 453400 426860 473933 449619 511673 459912 497203 452374 489218 508885 489777 459256 453782 502640 483458 437974 457064 505162 434529 464951 434815 484598 443910 488944 485854 458541 468403 482331 404373 506571 480471 456389 458137 460625 491328 450683 486496 509268 480778 486793 462683 467104 488882 471162 472291 494391 484967 478184 493088 502359 478944 511625 444395 485380 463568 451237 460356 523629 426837 431775 473966 460983 453119 493120 486926 475576 525476 504567 493985 467921 473157 487324 508474 504982 501522 484770 430975 494244 439102 479665 491206 525812 470271 491668 450532 493177 476145 438891 431216 462549 470445 498083 467094 475584 449850 417054 487807 498365 472206 465844 485116 493023 446204 463611 453433 490795 452480 469897 475279 497240 488333 463883 505129 430479 480511 463627 490850 494867 483061 472165 476284 458174 466251 445161 478487 508858 444719 477469 456548 503610 486786 462997 428435 464142 452839 470557 433068 519392 478724 480593 492478 491792 464487 465391 466974 475429 474836 479586 462659 447914 508968 461076 442762 468326 499561 470940 498907 454752 500792 474294 462685 457860 454569 468554 508047 471953 476751 474940 462647 480263 457028 446904 511270 419253 459963 494315 478285 454199 511334 466902 482341 
481977 457162 434684 454219 517616 471594 467265 496070 523534 462512 478875 409127 508509 442820 538749 495812 477847 460670 466431 466988 449790 482493 438363 511355 492314 504465 427332 503438 510935 506620 476343 468407 523555 516981 469328 451628 520681 463265 481332 457050 496239 443641 492760 509163 474427 474021 494492 409635 492216 492598 463635 501133 483753 486423 477248 486068 504710 491119 469929 505608 477708 485781 496072 466844 513674 514010 503301 497006 511004 510174 477095 493330 525435 454676 482619 497299 536798 471521 473999 492229 478635 479832 504560 483210 460773 525316 519891 520698 471325 466363 502713 530979 486031 506705 528139 464788 505250 455575 478251 488203 511457 491387 530457 474516 524743 471566 439254 409137 481493 481406 543805 494648 480977 461566 430707 491038 474892 501165 494049 482090 515828 461401 494934 472611 492407 449806 517178 477996 503534 486719 495103 513911 454204 495079 470688 473805 485169 483035 472157 500026 472150 451695 459275 493348 523245 456514 493181 461729 507217 474205 463475 456102 458404 453250 466008 456028 518159 529362 494900 477999 501257 471311 512707 467628 476383 481543 490727 480289 461670 511032 477803 467589 465250 516346 469439 510794 466299 501245 488977 462833 487143 490505 481301 502311 495930 496545 497088 488581 475593 468817 450380 512331 449903 484912 500768 492427 475234 525567 464646 505191 
447362 429559 427396 442762 473329 464728 446280 464729 461235 472650 433017 411811 499542 425171 510621 479438 445687 460535 455789 458282 428488 461571 450840 496021 437180 482524 431224 456921 496615 472900 447142 444320 471671 464427 452265 424108 487641 436255 461785 431956 478316 441499 465485 456291 440725 454917 472683 395439 462194 503444 469071 452335 446114 457973 431271 452170 502036 448219 505991 457344 463564 466297 491024 450427 474868 465934 477602 457741 460017 456481 485246 487711 450610 436790 451641 460398 497404 421807 435593 480124 458046 448746 506012 462294 454989 476533 483438 491141 436913 463018 462332 503128 477240 500760 488560 444516 470607 435219 458939 457754 505284 476937 474346 452494 456292 452214 409577 428066 445011 470145 508593 453228 458938 460303 412226 447397 456312 453884 454433 481003 476001 449886 476106 447569 446704 442433 487245 472292 493244 477262 466617 479380 419305 458501 449246 474482 502011 452396 462090 494510 420463 440962 425392 488677 497699 424943 465351 470631 429324 466008 470415 437010 428352 444746 454684 436108 503225 463008 472377 451609 475810 436526 458028 454336 482047 457128 454130 453707 431972 487572 444623 428748 450700 475103 477600 508412 444160 496219 445784 438629 473549 477811 429780 495381 472983 451614 470797 465295 470725 467890 448200 512177 425280 454086 497492 461003 450056 468380 443296 446968 
489013 461769 464891 423638 489483 471713 477192 489095 487504 474870 456531 417125 498728 405198 540615 481603 478810 458568 465100 449960 434163 447611 460647 517034 468136 500741 425584 489638 521977 490116 464125 451248 487921 484767 484666 448844 495568 438380 475692 446318 484284 425073 483758 478916 455273 482215 470368 408513 517846 468635 468927 486256 481236 473418 474055 469092 512739 476884 473287 472903 466555 494536 485155 465171 505492 478951 477198 478949 478824 512674 483933 462086 488109 454216 460603 478776 525062 420521 458895 493818 492270 468979 517997 498638 468761 510832 501590 525128 430647 489388 468182 514616 495031 519856 516038 454872 495563 454135 506705 484246 525786 494542 480102 462659 488390 464917 440497 435796 469027 492304 524480 477889 467066 460196 437193 487206 482962 466704 486009 491263 486880 466159 489051 482469 488522 461015 517117 478193 517494 477760 490897 504388 436828 477921 444939 512709 495008 459873 471965 522759 452845 461395 440334 507262 507886 454705 491834 454727 482330 465294 456134 466559 447799 491040 461333 455409 501416 473233 480465 460880 490250 461842 470213 477852 473222 471429 475095 467020 451791 495447 455213 459305 462416 499449 493928 491431 460281 482956 477585 453089 467974 493772 450344 506071 492299 468910 467016 479258 485458 505815 442861 518663 428058 453326 496726 465422 465787 476900 469445 506246 
480531 436649 425291 426751 457598 428150 469042 452765 468368 466873 438169 390198 482083 411419 509636 461593 432337 424141 436161 455204 438662 439962 421760 467334 464895 465461 423220 453779 472406 496121 445051 429100 462235 464577 452137 423990 483492 440081 448165 405857 480231 429614 454686 437177 428984 435217 478359 391096 462777 468877 456769 459429 457487 464561 431527 433737 494624 464480 458468 457500 443904 451501 452057 435778 464335 473989 463961 433508 478875 474089 463357 446565 458184 457049 444110 467374 493136 429729 425252 462133 446265 429300 488311 454928 436326 500317 448486 477530 423438 460292 464471 515731 451065 495054 474622 432529 461557 435991 462632 472799 479997 453476 487054 443563 472842 437624 422263 421807 425411 465669 501111 442010 439773 447502 432607 441338 458986 449073 444997 458206 448787 439399 445741 424241 450907 424790 472507 455723 479251 467837 444952 493796 408927 446646 432878 464113 454171 436733 448327 482696 439811 420948 423217 490155 469823 430280 466593 446276 470233 448407 446195 408820 427250 452466 425893 422474 488718 481083 474785 429972 477291 425869 473314 431302 450212 444138 441656 464399 438961 482818 434252 455923 447386 462081 455778 495461 441919 473469 460344 436777 448561 446016 440392 475914 459144 480082 456384 452058 453741 460311 451655 476344 429299 462456 467975 456112 420963 481031 462982 464507 
537116 470707 502035 503297 556602 511910 514276 515192 549645 503802 516833 446011 530384 457054 565374 535207 508027 518892 498957 494118 458901 502553 484908 535986 497532 560549 463706 549785 535370 553358 473207 488854 547834 530580 496320 476988 558020 514086 512129 494652 514381 482020 518206 516338 492726 533759 533266 443007 523533 520727 486105 504665 538461 531932 514831 530761 549716 515980 507714 520811 502935 512804 514487 518077 539368 550536 519702 524598 531886 537520 544179 515123 568998 494842 537021 513974 570748 465982 506188 522863 513536 470922 542139 538741 541485 559855 552812 546367 490756 517117 513968 569012 531401 550727 567777 476989 535761 489770 500273 495972 554199 543672 549037 504547 546744 496999 484964 479782 493528 526910 566928 501725 514102 506748 458797 510720 528904 499186 508449 527675 544034 493992 535724 486399 548021 475208 562321 521501 533500 528877 556449 543479 480196 513484 481133 524750 528554 515803 498063 540319 500161 501328 477822 538212 562485 485461 542221 498500 529053 513925 495442 488328 477494 492076 491101 484960 547894 532500 528441 490390 528896 514083 546156 513974 515531 528663 519054 501739 500471 560061 488334 481090 505125 537998 506525 583489 493494 556113 489123 498553 494264 514617 491435 516881 525445 549457 524494 504625 516527 524699 485228 552954 480630 507719 544133 506907 502115 556503 510576 506418 
542050 484986 495167 508571 530522 508965 505491 535669 529323 495284 490751 435259 560138 476951 549062 537452 518844 507733 498296 479565 484725 525254 490473 550381 503422 535049 467948 522425 535982 542933 465916 466523 523339 510097 480552 506100 544220 504305 526804 485793 536676 478092 526966 525810 503022 551203 522779 459202 538207 525733 497380 533728 522276 526337 516534 526709 543565 523179 527945 528312 521908 531992 507453 517737 525332 534453 520565 516170 535824 520744 544439 513082 520261 511993 514292 498496 548782 490505 505875 534816 518041 510268 561890 530928 525028 556872 539280 552341 489386 508010 514234 541501 503610 546574 526339 482160 509644 499557 531657 502210 552993 526483 559899 512685 534194 485592 474775 471573 496310 511834 570342 508702 499984 508805 476096 530494 550293 528452 525831 552824 516659 494387 545747 507858 507391 492574 523368 504654 558428 517962 523233 551598 477219 507084 497004 520599 534301 499020 506263 540223 517233 491685 498372 549492 554048 484407 523235 489732 523814 525348 511308 489786 505608 509182 496444 462753 536524 556056 526782 516802 536143 501368 507076 515552 520189 543935 506655 514325 496814 552971 497182 510074 509126 522445 507485 550574 503103 539453 518452 486442 515917 510517 520729 544126 525358 531692 505956 506274 513428 508443 488722 546791 493106 499243 560657 511721 495234 543459 511869 529161 
468954 454174 442051 444175 483266 506986 481854 448852 482208 485936 458752 399693 497828 423006 511086 477100 473377 447457 472123 444855 430469 450611 447190 484853 456386 509390 420866 496435 483888 513456 459990 448493 484202 482031 442638 446958 524685 442049 459802 449363 478801 434585 469700 450700 436166 476187 476415 406824 496517 466682 460115 457662 494386 474457 455449 497084 502976 477603 494538 482156 466708 454177 480212 489269 478189 494433 480403 458944 474040 497372 496722 485968 465617 459923 462854 463008 511702 439130 465321 478622 487006 444170 504918 470580 474888 496497 485607 505262 449443 467235 475880 514446 483041 505481 504016 426792 461731 438003 476037 469088 507568 498894 499935 451361 489063 458636 420423 430210 464810 482882 512439 476975 442670 455794 456053 455504 463250 456347 474713 479478 479943 450705 452867 454861 493486 448044 505052 481422 508175 484747 479495 504150 456894 466246 447261 496394 488460 448927 445505 480350 454998 455805 446407 488678 509897 435372 479252 457655 479941 471040 444848 438242 441148 464803 441389 447623 472486 490775 490145 475004 494430 461367 452626 458466 466459 480159 469456 465692 439763 492437 443366 446695 453340 494624 472612 489038 468328 478580 479119 436116 454315 477501 473955 458629 470393 476056 483616 481760 469347 470256 445733 482878 418578 451997 498841 480272 463542 472118 455305 463862 
496712 461951 467780 470497 476557 482884 480293 488024 505657 494024 477792 433013 518218 444587 530067 501392 467421 483702 459770 455045 444173 491185 470231 526958 506255 495989 463259 487150 513216 513848 471873 446378 512038 497045 466098 457732 516275 454105 481060 448294 495350 466104 460032 489625 462614 472652 487744 435410 519299 504283 490418 479111 491077 509182 462561 467655 524999 471716 499160 463536 488068 491214 471734 479881 504571 511670 506831 474045 500858 492997 515829 489584 477645 448374 487501 474790 538124 457464 461933 495451 475908 482436 522831 483377 506451 540932 490982 507640 477182 465728 492354 518264 492286 524107 502028 440288 481611 467330 491159 492156 516189 506119 501894 456382 506909 478740 435157 448324 450527 491139 509657 477038 488369 463508 465556 483035 510477 477610 479625 510662 491994 474709 500492 477828 493632 466720 503244 483758 523341 486537 487805 509440 441855 498498 486158 507950 494108 464613 473705 485321 479277 437813 470337 499786 516970 464371 488625 465931 505100 478822 468651 449316 473522 470212 462944 433804 519158 514989 489677 473272 506888 462617 488895 486584 465043 494502 486935 460468 466260 503131 463174 459801 480446 501011 489142 513218 474285 513168 476529 476774 469078 488614 483120 496403 478817 491378 477502 483784 492944 496778 467738 529528 447976 468119 525915 491872 467206 504051 492094 478325 
472047 465993 475841 461602 506817 478447 477729 488654 490516 477362 457149 420281 499081 443891 521792 467631 473435 477219 459087 473603 446977 452331 464184 509742 461218 490284 438211 483844 490937 485482 448236 470359 525058 474785 464563 446242 513416 456834 472934 429717 494552 452172 470902 477056 445854 475797 502848 416704 504302 464578 470698 473922 479460 518831 454488 474320 538002 486559 478670 487297 479401 492678 490976 469104 476843 497823 480785 473664 509727 492387 499540 489640 502999 451462 488903 487526 533810 452651 462669 461502 494518 477227 515505 491994 490231 528530 518769 520890 467807 493484 486186 517225 473292 507430 532654 431202 493347 434600 491261 463621 504384 481554 503237 468295 527461 468692 456591 417122 455879 493072 528910 472471 484206 464204 425801 468166 465774 480010 499138 473305 501243 447369 473980 461424 485857 439895 506260 460157 516188 508064 488336 510864 473189 488628 485382 509556 502080 478658 458108 507364 465725 458820 455981 522283 510914 449211 500960 449811 483945 472416 468863 433847 476236 480838 454015 446472 512535 483905 483845 467233 494678 464854 491640 453223 475864 500661 483968 476132 446893 496930 466512 446169 460198 495127 466439 515298 473813 510740 455126 454549 446726 481231 472305 501396 475948 489819 503633 474224 481485 487256 444124 521338 429216 457411 513746 476021 461209 507834 474499 510593 
504539 476279 485013 498970 502378 499373 513526 484593 514734 507980 492898 438015 533744 460266 540514 510055 492945 505709 476401 462507 460879 507275 468379 531861 483517 532431 477886 520624 514473 544443 476514 477536 526433 526177 493621 466403 555487 477479 502896 488970 517425 470612 507409 485789 509608 526754 524125 440591 530346 500956 492295 519940 506821 527377 485826 523987 537267 500473 512723 517151 503428 513535 517311 511392 506331 531394 505628 523165 518329 524711 543965 510279 510822 478651 483883 508669 552523 471690 497896 518703 502224 480477 548458 511857 496002 534879 519375 544779 503521 492995 498450 545815 482130 540906 549674 459906 517366 478177 499977 495475 557432 506784 536760 491804 530619 482879 462111 483353 496006 507724 533185 483999 504226 497328 465643 503916 519714 499533 516222 524732 522816 497051 527332 510324 491621 450699 532141 512227 538500 515000 517163 531423 457649 515391 492320 512368 526969 519210 492527 511506 494855 480383 483293 536614 525200 479682 513468 478268 502306 518816 499164 473377 462000 491827 480508 478949 532782 531487 502468 496377 514742 501742 493685 482575 497096 503561 495373 476382 485681 544847 474873 476561 476349 524574 480478 538398 479614 516855 494847 476349 472490 516749 478914 549863 512214 504086 507022 513804 513343 505529 473604 533027 461455 477358 521513 500212 475527 518145 493366 529140 
502335 468307 485460 484546 511484 524815 499790 510601 493818 492456 470050 443990 533691 447296 535283 518380 480621 485132 475180 476802 473380 507787 453471 515052 500707 517283 474012 494061 524985 512391 480351 476183 515127 523895 483322 481527 549569 493914 472902 446024 518753 456929 478064 479761 480418 480347 520549 427759 496931 516737 506614 489214 516368 510497 484321 494593 531690 500248 510723 509710 492138 489120 508821 479413 497763 525452 505181 484782 500260 509347 505003 501775 497515 477456 481040 493486 558578 464311 506761 529709 509695 463591 531381 496236 490163 541990 521780 516799 468253 505397 505083 534121 489395 530947 533104 457635 504960 466688 491271 513127 544680 494082 533982 438225 511370 463884 455587 435084 474563 514926 533480 477403 450786 478130 468846 498038 484098 489057 501949 514157 516482 476740 498361 473892 511370 461558 535804 495088 528515 498592 507602 519667 453676 492484 471236 506021 513005 471306 503326 537666 479148 483404 457698 527722 501465 462083 493876 484091 493890 492230 503573 461181 472843 482796 476766 459949 506104 521077 507828 503311 513327 475553 474622 481934 520765 500912 488322 490379 470456 514024 479649 486234 507812 511142 500375 544519 496692 502429 488356 441358 492367 511874 478124 524895 503252 515676 486701 476278 515095 479212 470193 519951 464119 469512 537363 490542 469677 521067 479028 519909 
469118 436930 434034 446710 476895 469153 474138 473646 481594 452502 447929 419854 489754 430414 516681 487056 455124 467558 453642 447884 428953 450916 418893 497765 463177 484209 425923 488792 485693 476751 479360 438925 510988 479312 468571 433326 493111 439697 450408 431753 483071 465545 483311 457725 461005 466664 476860 406634 480744 492659 461136 459508 479455 480630 465605 474438 521158 484257 474285 475882 463466 465738 448407 454294 480858 488951 469711 480554 486484 465358 475578 501323 478404 446981 459514 460650 497557 431412 445727 479388 511978 423960 509550 470482 469802 490241 493715 502511 450051 490728 489044 506070 477115 512932 498290 442133 462899 443435 465179 478455 500209 483997 469814 450202 495803 429296 410301 429335 450718 491706 534942 464557 452914 470620 421909 435601 482545 475190 460741 491226 498184 456518 475510 444920 478592 448004 490856 439910 530798 488215 480400 508758 448660 463177 468418 493561 500388 437126 439669 504349 454953 455877 464473 491518 504909 453748 454089 438154 473861 472881 450978 426282 433587 441362 446514 445083 494357 480451 495168 441850 463165 482474 461816 453337 450053 487205 473916 475174 468775 514576 456049 441526 443878 485335 462140 498223 454004 482663 446519 466770 452472 483466 457875 492305 478920 490797 476789 474182 465800 476911 448553 519490 445900 444335 489502 475410 481667 487459 446170 518651 
522849 462475 504947 498378 523613 501416 482664 503877 508715 518214 514655 438962 552434 461680 543093 523842 499172 499387 484591 477146 463777 499671 470254 537445 495696 512956 447549 517286 542483 525529 496895 470108 532164 511895 478076 485580 558989 486614 494229 466949 502906 466297 489686 500141 484482 505319 517528 422132 531172 544468 496847 500434 499455 515155 488888 521605 535192 492120 525957 503401 514072 518087 519313 477992 528497 534807 504330 510623 511584 511483 534703 534839 508875 469625 497252 502346 547659 476075 490662 524273 523071 471371 538364 490948 536298 539927 527771 549040 473227 507350 513647 542413 521203 556377 516851 487066 526653 474489 515187 525638 544078 499550 527664 490587 540346 462372 465335 477026 485044 506106 541187 493311 503345 486822 460022 485474 514249 480341 505511 523130 523985 479170 531185 510936 522431 484021 527493 504974 547759 517454 509017 510825 466957 504772 500583 526219 523818 491947 482959 544476 500635 482799 484167 532597 539295 479937 495676 488151 511443 519293 514478 475517 480927 493553 511628 478359 542494 539093 512366 491578 521109 494386 513229 514878 516106 505124 495413 487918 489460 555707 487588 493815 484669 516143 513423 551094 503087 532428 498217 485261 481476 500521 474994 529496 518852 499340 504313 523104 521069 516563 480491 551594 467869 467946 522474 507514 491621 556632 501532 519626 
483235 471169 461700 445835 499485 492681 483787 482382 479873 500631 442519 416352 515998 445905 533114 497321 478871 480789 460594 458157 461849 480781 435290 500971 478939 491139 450458 471224 528840 509801 481814 446176 479677 504783 453596 433842 515752 445328 482127 450434 493138 458195 477772 493242 461041 475285 476799 430019 496590 491400 476566 482245 477145 490002 460064 470944 510157 510115 492519 496216 483558 471874 488515 477124 514412 515379 493207 496254 498121 488585 508430 497286 483913 456164 473377 503834 528562 454621 486792 493497 475850 470769 533326 484449 480480 524742 513830 515962 459947 465287 505686 516637 478809 545330 520490 439285 479670 460316 493006 469699 533867 496972 518162 451864 519493 463773 430257 437301 440214 479263 507476 480380 469780 472960 452398 474002 479088 482759 475477 491051 491979 456314 494358 455700 499448 456705 491313 495812 513180 480692 472622 505637 458680 475705 439186 508125 507934 466653 489286 527537 456471 449069 441465 509987 512290 443383 486277 484231 475225 473561 462759 442417 479461 460555 467622 467622 513617 498805 498393 484041 494160 468803 475525 478104 485465 492943 467378 474719 471814 513695 465579 464692 471396 486231 492666 506591 453034 512673 486907 463849 485568 488030 455971 495358 487229 488341 495338 483914 477494 490866 483745 498055 441523 482281 512741 500119 472099 517312 463574 476995 
512891 449228 464099 487078 515448 500090 480446 496937 489302 514126 470249 437138 530625 433362 542384 503809 500084 481110 454270 484961 462777 480891 459546 528671 478876 488052 453467 514836 536325 513234 456041 442113 493297 478988 471827 454406 542106 464719 488406 456497 492371 433984 477550 497166 481190 478586 492751 414216 512133 510614 465585 485727 486220 477236 470395 497754 524317 470646 496362 466231 495547 493697 504757 481360 493712 488672 489730 495828 515926 489273 519030 479903 500150 480485 472221 486341 546063 450417 474492 503779 494909 459473 523415 483630 482109 511502 517966 504703 478813 483353 511236 515502 505222 531283 523687 439568 505079 461317 501349 474726 541494 508411 526526 468521 517094 480954 466137 439913 476602 481802 531191 462337 481448 463997 443366 484485 486994 473681 479510 513483 498579 476560 507589 480784 478279 434968 519541 510774 524167 500113 487381 529028 461387 499776 477528 514889 493336 500229 494184 516615 465225 449775 482761 501808 527309 452943 474720 479267 479607 480348 466180 471413 459974 484869 476388 453578 505315 517479 523985 477332 506190 485677 488286 468014 482587 484578 489214 471205 471202 533086 441982 461830 486547 498604 496048 527447 462464 513188 469972 471415 481203 514110 453473 519141 476656 487314 511689 481677 503512 472229 477704 537400 463201 479088 510026 486679 484450 526437 486679 512031 
533779 464014 481567 502940 514313 533433 526345 513255 527798 500347 498850 446410 531179 455474 559569 526085 489940 487328 473636 506697 476860 505118 454764 507993 511488 540934 479686 521291 519936 535009 481647 473912 503677 530509 502512 474708 549995 466242 497694 462242 531538 470156 500719 490150 457901 507125 511216 463266 525954 522518 484026 507190 520853 513565 515015 516143 529806 495128 509263 532727 495225 519886 506173 516364 501434 526348 525817 493123 524552 519379 544522 493448 509845 485928 496989 516852 542028 464960 499584 536365 504109 480883 549706 532245 502042 544680 534536 531944 499312 505629 510872 514555 515121 556073 546331 453153 508206 480345 517895 500143 554924 507417 529511 495783 571348 483205 470199 438598 503044 518338 535048 527830 490895 500315 481095 508111 522903 486143 501655 510917 533356 486661 512639 486964 498017 460347 542164 514771 551801 525766 518136 552748 487914 484203 482911 498847 516424 501397 500904 522946 491593 483913 470904 548058 561035 463921 527431 490517 522630 524467 480586 464982 492441 480384 487199 470519 535201 537858 540841 491941 535925 509820 504422 494432 503100 523496 491117 506047 482814 513618 474180 484662 494368 521312 490852 531275 486680 522919 510747 502544 487773 533285 484927 530591 496786 520867 515887 506076 513431 482232 485312 550740 479373 499958 540196 520599 489714 510431 502530 515497 
511744 489045 478945 516111 518528 502806 502246 523965 523140 505616 465141 439572 527962 447510 538379 529014 487328 507912 469755 490350 461164 502260 458987 527278 495525 545754 476887 531894 542700 531537 484217 460014 502783 495814 488468 495322 546894 488940 509234 467671 500618 473564 500307 501942 484549 523237 509149 440242 521994 517800 490862 485193 514202 496043 478058 499491 526623 483069 511739 497419 487681 506337 490719 490633 528601 539237 502895 512934 521807 541535 537061 512805 523020 489871 485701 500697 570587 457886 474631 496656 495422 456134 533109 509887 505739 556353 521600 506032 483655 533032 532647 559209 503875 547463 531340 477799 546142 470911 506284 506152 573873 507903 521305 500581 533708 501572 462065 459540 482404 490082 521196 487338 506525 508556 455409 492653 505977 479640 496812 502374 526620 495324 494520 503948 535229 444712 528388 512727 532506 509874 533645 544986 476623 509028 471254 509714 531729 518098 498646 520502 483688 479995 487811 526587 534961 462330 499344 487289 515885 503266 464879 458068 483289 501766 498121 506338 533549 531254 499554 504495 524097 505224 505469 490031 495280 524613 510608 512323 491148 536993 490880 463039 473410 511035 498330 558909 493777 501068 497841 476225 497270 507371 485390 538456 507823 497621 505442 509152 514861 488994 464807 531530 467748 477047 528251 495433 495080 541414 491868 533597 
535697 509654 515846 514133 544714 521772 512156 546215 555844 537592 517691 465177 554017 472157 583849 540330 539937 537254 499207 500714 497638 530069 488048 574458 506810 518803 483508 552087 530463 566281 500291 500436 557510 535552 508489 507735 565641 494273 508023 488926 558806 508087 532655 505134 515230 508719 545175 476572 530250 551017 498405 524863 530885 533690 506325 531990 551144 506652 540391 543215 499521 546099 551042 531049 540429 548010 563445 538589 546879 532361 559821 528425 557296 495054 514949 535190 583560 495025 499388 538191 518807 501645 554385 553263 533597 579887 540321 573917 499395 538945 529115 582132 523993 537836 554564 487341 557653 477934 529815 533464 558529 543216 558690 511043 550066 497840 495460 474571 518419 521334 566316 537314 542452 516221 463071 510014 550235 486116 531903 545821 528758 531374 535499 531785 537135 486463 557946 511085 564060 538190 539381 577243 476171 515012 504286 548062 531385 522788 507049 525606 532191 502233 489131 545824 550464 511871 532744 496812 536862 529684 506648 479899 508710 505619 502476 482135 534268 574434 553284 503996 544298 530807 512819 528044 514091 550333 520519 512941 491489 551979 496235 495042 517676 540100 515095 569088 498196 561591 501446 515461 503506 533046 507008 546523 546766 530202 537067 533295 529840 513356 490427 557244 493289 486928 567803 521446 528863 549838 530744 536444 
471799 444978 451954 451541 472728 466343 483230 470285 502081 494837 454810 435646 487749 425106 522011 491475 457967 460602 443139 466447 429195 465931 431574 491743 461295 501116 444361 472482 493836 496819 451624 415230 503830 480866 461729 440058 516740 441301 468841 414119 487999 429111 441102 457418 453833 477762 494273 415186 496392 501665 459583 460746 479232 453746 454439 472041 493649 452667 485243 484268 462578 465798 495692 439357 479717 488935 491397 467579 471821 477176 488053 471732 489636 457736 453284 462171 520004 452484 463093 495710 488289 445001 508692 485068 477192 512414 467855 485382 440823 467066 486887 507055 481093 499268 492383 448304 492319 450962 471480 471964 501287 462475 490494 452699 502534 450382 427846 425700 453183 478423 499161 445664 470028 460936 446043 466208 483539 461612 468083 494746 491407 478666 496997 451818 471276 432289 492633 480881 486904 463260 478560 514758 457575 464779 446018 471688 493897 467354 479096 510187 436687 471911 455977 477428 509589 432815 466078 447451 483606 471136 456523 446291 446282 441776 451299 449828 497344 503407 491376 453674 486909 447180 485530 455015 479168 474920 458869 460613 469277 495219 463714 449482 469333 476978 498433 506996 449568 500303 471578 434054 477731 502828 438374 480044 489443 474282 458426 455022 483551 459738 450248 496183 426905 456647 494055 482067 464328 487399 482881 478477 
508934 479011 479037 490434 525722 522624 483428 499886 535442 498694 493365 436911 523079 475476 555437 524689 503731 497715 491147 466488 468164 504208 445095 530454 490037 514767 447368 514612 525343 529014 498299 467050 522706 496307 495942 498140 550439 480119 490171 455808 514804 471442 483157 499278 475078 486051 504632 426566 519815 527223 484807 513741 507577 505846 488811 512395 537585 491700 523455 489864 486844 498316 496830 484068 511957 521096 535734 507587 510454 516501 537008 516268 501599 471039 497658 491167 558853 470567 481542 508539 502159 463800 520011 494153 501274 518290 516553 543995 508265 510880 534416 538482 487425 518387 533028 463638 501625 468714 490959 502369 557127 520076 539913 481206 534825 479312 457099 479072 488634 512436 539337 474899 500139 508890 460329 514935 503904 490687 507630 546657 508244 490554 505847 491905 515970 459350 519583 501524 550428 509290 512941 537176 466265 520499 490036 527973 531239 498807 511474 518004 496050 471480 488165 519770 537035 482477 506307 481575 498140 506006 483699 476667 482096 464255 484837 472674 534726 558403 525036 486523 525862 476721 486059 488855 484739 527820 505634 474432 483984 549191 463422 497480 479434 527180 523754 553306 483898 526484 503022 471807 511672 496957 475707 526863 513081 508940 517870 502207 509315 493409 466374 524754 443349 463260 549846 516595 513746 522272 511838 501492 
486434 463743 464301 463947 502729 487095 477535 511576 507675 493095 481840 443057 524425 471087 529403 500826 490181 496145 489872 479754 456895 500528 475998 515872 483496 503957 442126 536097 514789 529315 486939 452558 517275 503967 479476 479275 514811 471680 489579 474436 509212 465270 511766 517885 480906 511632 512291 447228 520890 524810 481459 521559 480171 491029 473605 506198 545414 507017 535880 521159 520618 493905 503673 512149 529594 511146 503048 508690 504116 505799 517294 490103 514914 488817 487788 497462 536465 455191 484334 514936 489311 483080 533686 513696 512774 528828 495563 543472 493224 484421 489365 522676 507612 553411 550746 475961 519171 477343 484812 487871 550084 521307 537137 486822 542198 465582 446050 465377 496090 501612 529438 491530 513142 476953 461385 492423 511167 504851 493144 526536 509630 478902 519959 496298 500047 484078 510192 466927 533634 503187 505426 529315 476202 504350 489399 483813 517719 493882 493633 533273 494547 464145 466978 514657 535039 464404 511094 487702 501945 498096 472977 465027 484185 485145 474755 466171 507404 534493 518992 505788 507396 493648 524368 494920 492580 496500 495154 456031 466388 530325 488094 478259 485440 515406 517746 525060 480149 524146 484171 470815 493883 501194 473872 533502 512838 526640 496836 506124 494239 483957 481429 528317 474270 488649 544687 505698 490171 526319 484840 511696 
519163 459594 485626 494594 534384 501849 488495 502148 530265 522543 485057 441091 515456 442127 565489 499156 509292 501894 491813 495438 449713 486388 455303 514734 511555 541388 455301 521394 511445 503017 490565 465774 521110 490081 476307 488540 535209 469028 481896 456066 498415 469093 483190 501143 463746 512168 519903 443136 510723 507025 491795 494856 508316 495331 500358 523071 537450 507998 510390 509374 509137 486818 521825 510045 504329 497626 516271 490951 515355 519997 533521 500246 506488 467420 473063 509546 534247 467883 497348 522767 501625 489777 551801 511946 513342 549789 527842 520512 487090 503677 511891 544143 512513 537096 518032 471576 508351 480286 487454 503659 520668 522503 535797 499588 526893 488961 446379 447754 479168 501447 559510 488733 513834 484480 426342 492950 497360 517863 488478 495123 506249 453609 517394 482163 525263 455741 537486 485111 529555 519749 511457 532465 481594 489393 489124 509052 519860 494608 488306 545136 505111 449204 478253 486216 548330 466451 512764 481372 521627 502094 490271 480294 481177 486627 471634 485330 517522 505814 515756 488535 532224 482243 527304 495308 516973 514123 494478 482472 490821 533295 493009 490573 480195 535760 506284 535659 496342 517360 498482 484551 498964 497657 485809 497589 495604 516575 501934 491516 485027 483089 479262 481324 460269 484914 541157 481313 491345 538767 478162 482316 
512022 478663 475929 483570 511382 499178 483931 497749 526134 509497 477044 420309 531967 449001 547864 518107 493310 486276 482425 492306 451508 483911 473411 515904 484188 533946 451354 511587 529626 515344 483428 464808 494362 511535 477306 446964 542350 475853 486095 451105 522345 462557 495297 495813 477089 498246 505678 431211 499792 512290 486064 506529 498260 511946 478167 493297 528417 520861 487658 505711 500155 511335 496481 493817 504561 513444 483133 477007 491487 499304 509148 513681 491313 478900 478390 495103 526690 454798 490247 516659 511384 456263 540345 502235 484123 530851 532856 523555 462377 476625 509583 529848 513245 535346 519268 461775 497346 476995 488804 511607 523934 500114 522476 464881 509374 479326 462601 462055 477597 535428 539347 477058 463855 486347 457889 485746 505577 501743 473462 525403 498170 489076 499435 472136 502683 452683 520932 505256 530460 502974 504392 523252 477453 482840 466060 514966 501727 494905 495166 530185 481091 467707 448094 528592 521818 476430 478366 476573 503241 512919 488280 460480 468606 476786 468615 487435 519636 524615 507303 496578 508851 486206 486843 488442 481906 500946 477308 494326 482887 551221 466812 485049 470251 495749 501924 536624 483296 502165 493436 474239 487911 514436 484359 502962 505474 497824 508522 495516 484925 492553 460028 529759 460888 471227 518326 498553 500034 520382 494714 486071 
505704 483915 493245 481653 514914 497991 482477 510935 513129 498688 473068 420734 526656 467537 553088 515697 502648 489382 491710 501459 458857 513245 444216 511359 491255 526549 446502 540207 503183 514604 477058 473989 538598 507349 478310 468054 530105 477405 499144 482092 528136 484652 495667 495964 485971 499571 520272 440934 513708 511412 506267 522672 495859 521315 490985 520674 547895 493719 509788 530786 507678 503824 531463 497496 517305 530125 506052 497731 532489 500611 511745 505419 530655 485803 481049 518819 554678 471301 511172 515216 511885 472011 541651 520626 486013 534659 517300 543069 479892 497558 514971 557894 502704 557075 562567 449717 503938 463316 482084 513531 541981 529528 535961 480557 526908 462577 463029 461419 470704 514057 550596 497446 500210 493717 445172 481255 510679 503257 509669 515869 523683 500273 514285 500562 490532 485096 522624 509426 541208 524278 507314 536708 487725 505410 485100 486821 532133 493652 498084 546021 495525 477608 481988 535301 537762 493921 506857 494869 520842 500702 496196 492152 483449 489195 472410 458140 525860 553845 521585 498601 522702 500667 499464 492359 514606 510316 485532 508671 479282 542569 467462 486820 471387 518751 499076 530055 494680 536530 502462 485763 491570 523152 479892 526757 515627 520030 499860 490944 514629 503507 474532 565324 478259 476360 543832 498275 500020 520881 512681 514971 
448632 443273 448900 461879 479870 451179 440657 475685 460832 469953 435111 397988 504259 425320 497603 477386 451998 464361 445056 442604 411869 441919 436582 489044 430554 482913 432652 462537 478723 482268 441289 438298 456208 478625 434100 423464 512094 419044 459247 450351 470451 416344 470775 464524 454243 476867 483465 392279 481080 460447 431797 456448 446753 468535 433893 471391 495458 480716 471581 455842 461047 473251 473987 464095 438972 464630 469428 474062 479659 467151 483310 461249 452078 435564 451447 449235 502844 428683 458716 473296 471221 423318 485780 463103 474957 492442 476873 478728 435336 434584 452651 506344 473364 487320 482230 422205 469018 419210 454987 456671 482899 481209 501480 462526 475552 446571 404396 416678 465753 467356 496269 450713 448244 439911 431488 451451 470006 449865 457250 483077 482299 449427 465645 461477 460180 419503 484257 454459 490096 464041 470584 468947 438082 441389 448142 468108 497799 451248 438419 486730 458498 434522 437817 473127 498362 445389 452798 441696 477330 451668 439430 422642 433458 441020 445234 446042 479811 465282 454500 453944 479156 426605 478370 442836 469084 468285 451937 417282 442201 507045 447929 441249 441711 459846 458750 491594 435192 479453 461074 438191 430812 470397 444220 474729 459594 454717 463984 466509 462843 451234 421341 470639 407435 428408 489218 450583 434581 493494 446698 445216 
490109 460570 437643 479417 508953 476106 477605 479981 485775 488120 474505 411711 517527 425811 520635 491277 493465 458782 450307 467768 449390 473123 419435 491525 482776 483651 440848 494711 489222 502490 441741 462412 469662 482525 470471 447126 512438 463199 447031 431334 488447 461943 485405 456800 462628 485720 460175 392263 494653 481080 465183 484363 462089 478100 472702 499561 499282 503998 473136 496886 467770 473949 478730 471134 478445 510950 484288 465499 509801 493336 470114 483299 492081 452256 455629 471678 530885 443361 442256 492600 474993 435569 513977 481057 471410 516460 509978 499141 458745 483991 488080 504283 477489 517637 505797 425642 517091 452153 488056 488572 538056 477957 503015 445704 508677 463872 438114 415001 457047 516108 510630 468034 466394 469651 431951 464544 478942 467904 475520 484332 490284 457538 472865 471319 471324 432313 506749 493036 510263 499666 501337 496607 439122 471885 471403 471514 495870 476876 489141 499083 469690 442791 427417 485915 501211 470545 475386 472599 500838 463954 442448 452958 459608 464078 460320 444419 498264 519090 482488 470075 489913 466819 489618 479079 481966 488422 455678 449656 458092 501776 456177 475458 464195 520139 486568 493266 452196 506131 472958 453113 464500 487060 456103 491088 471730 485734 480109 481700 486364 469901 452528 500060 429718 452422 505992 479152 478219 487952 466080 482756 
501457 469878 477094 479236 501269 489538 494128 478370 513090 471212 478804 412820 512098 430985 515803 509171 486625 466025 471029 466160 442885 469513 457476 492308 492695 506929 444728 491958 512533 504449 460252 447953 496692 485018 452421 461694 529506 466196 492401 433048 478609 449813 471973 471781 473589 506910 488877 413952 495995 497580 462799 486894 496980 499689 465896 507457 487452 508596 484850 502499 492560 474040 494727 488659 503277 504699 516730 477281 499070 497766 516871 499506 480797 473499 465961 490943 542552 447528 483327 499997 494813 468886 523478 489514 477817 499301 507443 504928 462758 474321 472679 520902 490278 488247 536111 444051 484247 443577 489610 470830 503977 485660 520510 487601 521571 441246 459995 445753 472046 492981 516470 475734 468477 456940 459908 478029 514389 480090 488132 500648 510474 455673 505724 489221 486984 439241 501538 480252 511374 496969 487666 530386 463758 477043 459567 488113 510633 461699 485586 506044 471757 450292 474439 520767 516025 443173 472568 449408 498578 487655 467078 464776 449882 464883 432990 442433 508426 511055 509120 482535 515358 493670 489174 453830 473759 492732 481772 476574 455488 534057 453907 465836 486506 498285 492989 521989 458051 506831 468292 461978 460643 484859 476208 489342 514395 498121 516100 491330 463979 485986 456648 510008 440080 473296 505607 490436 474285 520356 493457 502168 
468024 443562 465658 458208 500191 470084 464045 483577 483368 462442 455833 401355 507745 446540 498787 470188 441602 457969 446822 450982 432879 447708 449173 503521 457730 483009 413687 476742 493336 488959 459429 437619 467885 483236 448503 443015 501433 447646 454065 404153 463184 404800 459477 476134 470849 477394 465500 396119 498586 465392 468291 458987 486791 485393 463940 474332 497194 473544 470833 462656 435017 474703 476731 467549 473492 476231 488529 452943 482389 470023 489874 483436 499508 454928 448129 468117 513922 414071 457911 482181 484010 431357 493288 470679 477535 513209 492810 498224 446217 480129 488495 493025 503765 508006 519024 449191 483330 452017 476249 470701 495865 466703 497671 483920 502878 449651 443366 427121 466383 465308 511158 462480 457354 456395 442894 466782 451660 472737 457173 465051 490807 442866 486928 460002 485414 454803 502300 478382 490815 497964 484488 491780 468465 478809 442585 483476 471841 455338 452627 504362 451301 438661 436888 483854 510823 455825 486372 452045 477531 481106 447695 426734 447573 460103 461149 450677 488252 469564 473365 450210 488732 453313 465163 455184 463331 473056 467343 467432 455949 486752 455668 440797 455218 487558 490195 528917 445873 496361 460089 450940 451930 483881 447579 488750 462093 466997 487281 473647 486694 470934 420086 502094 419168 454622 493655 454691 468651 488978 478538 471981 
531836 493137 514612 506187 548146 517241 505569 522506 543224 527338 504129 451484 537225 459817 564082 518679 537283 536108 518665 500049 478307 517514 496631 558518 517081 539484 489215 530208 527662 521656 508821 506244 519413 539722 518239 495584 562583 483897 518222 497619 532959 508574 531534 518584 517265 511773 535815 428097 525548 528746 501974 533251 521120 522533 509868 533866 555905 540600 521852 518495 535478 547069 541293 519173 532966 530137 529968 534670 556126 536416 576653 535257 530728 480714 499208 534630 576475 477683 497601 528398 512366 487048 558647 525286 508317 562571 537155 542587 488554 489611 533413 582292 524177 556098 566014 470501 541723 507715 528214 518307 552431 543770 560637 525096 546814 522704 468213 476809 513408 537468 566530 536601 517037 505833 463941 503176 516104 539884 517360 536126 534378 500249 533035 495035 525113 510164 534587 530070 551163 540390 540302 560487 498790 513034 498258 531077 540048 505751 513664 540582 490837 481606 492629 548692 551277 489925 520711 513439 532815 517911 484469 499438 521317 520179 505723 511763 546951 534511 520710 518525 539894 516370 530093 493596 512865 530151 519758 513906 519522 577107 505589 487760 499728 550615 520120 552319 515918 552772 497837 510683 513017 515118 501768 549361 534429 536764 523349 526961 522791 501692 499993 540388 488722 510586 545943 512531 502735 546908 514124 522551 
506838 481960 472846 473345 484158 470489 459096 480619 490782 477005 440313 432337 488567 425617 515608 495703 476779 475544 486499 460542 451406 474730 443274 482476 481104 517249 447772 501479 501454 487181 445887 464008 492446 518966 469636 452738 517491 441894 469477 463602 501420 426201 500588 473612 448014 474464 525138 418577 503075 499740 462811 480097 485266 485854 480634 488815 501663 488780 491860 479507 494920 493636 503391 462109 484357 479508 470477 477717 493402 495989 500967 491577 477291 428483 465664 505092 506134 445109 467109 462282 493510 449622 508846 498103 468027 508625 505889 491029 452544 477331 486629 529351 472712 510089 512545 455508 487269 436964 489372 491361 521353 519536 510704 475071 514850 447352 448099 424411 458646 490792 514436 476775 469788 465383 443115 500327 500499 480961 474697 488663 504687 473204 481002 465933 494786 451615 475568 474610 536022 492247 471474 507634 448597 461199 464008 518889 500380 454522 476845 495171 469812 419029 470770 497387 518803 479398 473578 479877 493056 479940 458131 439939 471612 461052 459110 459934 512669 506455 475094 459556 497204 475374 497098 468217 502624 478536 474375 483073 493576 504021 438064 473205 458552 476067 454987 480265 459291 494257 476922 478383 462820 478775 451992 474666 460778 487703 479327 485096 491081 465664 436482 503208 440761 441593 513951 482463 472918 524500 472995 500393 
490184 468396 480304 487419 504204 497942 488272 491173 518439 497067 467095 434122 514274 450353 539653 526759 472888 499745 470318 490177 445048 514620 450714 521013 491107 517630 463875 514621 527337 512886 480565 459465 524380 503660 493270 469162 538130 501551 503540 455385 504293 452578 500219 496529 494300 482131 512236 438999 515322 500770 497663 506537 510818 534232 503072 507398 571314 520003 495983 506329 496425 501686 509703 477853 516019 516460 509135 498390 520189 504306 513797 498549 511599 489072 488359 513785 535626 475110 477376 505447 507622 463950 523651 487922 480738 530838 525544 532466 497533 489852 492544 534519 492396 533300 549785 491279 509951 473156 484233 515778 535349 520374 525802 468619 530207 484115 447804 450587 483729 512793 558981 486628 488470 499601 459120 519070 494623 512184 486428 485571 521702 487435 509602 477195 502609 461599 515036 486893 549883 512799 517040 523179 458956 496568 500357 539478 516547 499558 491752 524281 478737 468755 457080 509928 506184 466009 499214 486590 503652 486409 497490 464177 481072 464604 477954 457534 526331 542966 499176 503448 518655 478985 504902 502869 498734 492206 515571 491513 490057 513885 490417 488334 488718 513502 493355 505585 482580 517960 518179 470941 475759 520572 473100 503324 510423 487706 503020 510337 508921 492507 458193 530861 442732 482639 535493 518230 493097 533212 511709 516075 
480191 442510 440195 443385 487671 477823 475290 483099 476223 459063 452146 418796 506392 439794 518807 474327 470547 442843 444026 443824 445115 463764 426698 492144 465247 484173 429798 492675 488007 487486 441973 444629 488436 477682 454831 448451 498571 467913 460318 428522 495494 447737 474656 464840 441204 470335 501698 410568 471356 480911 465260 470468 476966 487711 459347 489056 510773 477991 482961 479918 473161 473660 484675 465025 484272 483829 481073 467395 466287 481745 467189 445560 480010 465588 461274 483957 495602 450242 447767 489893 472775 458237 503796 481021 462213 512492 504521 493671 455853 465412 453624 515298 467382 509134 506091 427924 468153 446987 484790 477862 513748 476359 497621 442578 488731 458653 427252 410819 437667 479335 509939 466966 481271 466486 428694 462865 476322 464686 469863 471877 464710 438317 490425 460032 473407 454961 498338 482285 513121 481821 476343 497805 424551 472900 457226 488718 490367 452440 469782 498603 485443 452625 432540 489961 491382 450292 481662 461863 484515 469128 463526 434851 453884 439792 447298 440093 501683 489389 483903 464700 477702 454819 464739 465712 477526 481676 476328 466867 455883 492265 457816 460488 460968 496940 472117 477601 453852 485145 482061 436942 452111 454967 474637 471877 451085 478386 466360 460866 466425 466246 441278 500924 449073 436002 490269 463307 447905 490749 474887 478866 
484853 445588 462930 470227 498990 489104 487158 479812 520627 482705 461798 429057 492217 443339 534859 510100 493387 505976 492521 468064 448839 481443 465196 494170 480828 505226 474637 513186 505347 525747 483743 454834 502601 496801 471873 460291 527070 471463 481978 450847 502075 465749 481489 494957 482511 490751 490678 413577 530036 498537 490647 500806 495560 491187 486658 481302 522664 499811 493997 494434 501077 481369 499868 478380 510010 505646 498811 468456 503894 513303 508395 499846 502853 467747 478172 495407 548841 448471 476170 490322 487688 488445 505104 485591 487619 520926 508319 528890 489465 502800 500596 539688 477388 529081 535593 469387 493692 482603 462860 485526 544275 478981 536438 477092 515984 459234 448680 441987 471888 492145 508768 470959 480157 477727 436248 500073 500412 486549 496061 476437 496820 477384 504604 463191 492454 475443 517867 487232 510563 505989 499268 529943 454248 499647 475399 500192 508313 495633 484193 523441 459618 449543 478559 503196 527671 444599 505279 478427 485499 496166 497235 460015 452678 455076 443024 459776 520012 508773 514717 502131 509236 484262 486198 462203 479949 484197 475713 465963 459286 532817 468538 476828 458086 473421 510378 534376 486645 514542 498395 453120 489306 477019 448101 526031 499009 510096 502310 490387 486988 494447 465590 524195 454873 495034 524547 506707 465543 518654 489434 494736 
499929 472632 517217 501117 517930 510049 503619 485597 524385 509627 476198 465162 523054 468830 547929 509479 497638 505393 480987 481189 463381 505492 459325 519451 493896 540440 471481 499532 529253 515631 482603 467415 516067 537622 465553 485818 537460 493337 491024 476695 497690 470331 509995 511468 492505 502596 497502 441633 538308 515579 475863 488056 532568 507576 467781 526361 528996 494527 499783 497993 502236 496693 519089 486450 518064 523352 512330 502181 532032 512133 533910 501202 531306 455713 492747 506635 567233 475184 485238 513810 496311 477370 538292 492217 484913 544494 516987 519907 487411 510963 506029 561791 503091 508513 534438 470455 522068 470764 503072 532277 533643 509226 530688 485465 517645 466330 455962 463395 489577 512624 546392 498305 500666 477867 459601 525087 527265 471591 501795 524159 516263 490462 494106 496615 530904 476841 516944 503394 540244 531847 505000 533166 472687 483144 490741 522679 558721 489513 488403 544190 488152 477854 475650 522168 535714 468513 493226 498760 516388 511386 472099 484679 482189 497557 478453 491470 536650 542424 514207 506557 532509 478202 510869 502585 507970 502787 511273 471806 488130 546682 461068 495856 505713 533909 494074 535396 491292 511085 512567 485385 479658 519212 482111 521473 542020 518926 512153 522631 511296 484911 466804 555159 439411 474870 540168 521144 493627 563100 509522 506871 
461250 455449 448905 440789 479184 474652 469287 468952 490954 482731 466762 410730 504586 405247 527486 485764 450478 472109 438452 440795 434382 473417 407946 496240 446165 487358 436148 472249 467920 504109 447199 452374 493116 484193 457249 421176 511905 425684 462891 433633 490147 439436 477019 483541 456895 455725 471166 408954 474724 486429 437472 469708 464616 462863 442597 468515 501874 448032 488656 464983 462472 459417 478239 467675 494648 474317 486866 486307 470706 480825 469027 456683 469826 433672 447445 451461 518064 442086 453446 476390 478967 432186 502311 465335 454613 505811 487778 486507 428976 445474 468658 519711 462836 479080 514610 443948 481697 459479 479202 464997 510317 462606 483277 454284 479119 437244 427574 430638 461776 472744 496280 457780 446857 454595 424257 453829 461463 448299 467267 481266 486034 460919 455006 437024 484033 422419 488297 494831 493725 467752 468248 506527 425816 481799 453177 474727 474697 445154 467506 516330 453555 461562 425507 496669 488554 428334 483022 439364 460678 463632 460542 456997 455230 448857 464141 439593 489396 489803 485134 460034 468870 432055 445317 448818 448524 474827 451299 459141 450041 508213 446534 440227 442935 495881 480840 493858 472167 501784 455972 440755 475641 470783 423289 458484 490233 451860 469474 474481 479894 461715 453850 482088 443346 434054 495406 481218 454880 486403 465826 472730 
522685 481095 484948 476072 523370 522394 495902 507007 529684 499927 489768 454871 537490 476942 563223 539762 539437 515785 483911 483559 484527 504620 466204 541572 508356 546083 473667 512983 533311 508981 507330 477005 515513 516082 475709 475436 544040 509888 521069 498802 532076 487361 521548 499329 480220 525578 526821 460471 524872 527765 492483 506663 528979 520131 490098 526668 537104 542240 531706 521809 514661 512960 529712 492357 519581 531531 518736 525080 511329 510760 552259 489330 526511 478038 515487 506913 546189 474342 494588 502609 492696 501706 535580 513730 509537 543715 535101 539983 485199 523147 514374 565080 530243 556754 550247 474622 528798 484984 527433 528172 569841 549178 548809 503867 537705 511416 473703 456195 499728 529548 564519 506676 502557 515232 480536 507099 533719 512025 534627 558342 509752 486064 537800 495114 512948 497655 533476 510718 564640 504071 515204 556282 461531 470889 498084 540879 537753 464290 496608 531551 509785 460660 478716 533768 529539 490546 528699 479375 529013 521166 495266 473375 485923 497913 467384 478429 546369 538421 525912 503813 538451 500065 518745 497935 529140 533074 518571 511601 505795 548360 494354 515347 479861 526101 512950 538584 504475 528350 510113 503763 515832 502186 489397 524791 505645 529036 506788 509019 505450 500647 491981 535993 471789 469305 539605 508604 495083 541837 512334 502835 
519903 491017 481489 494419 535127 494249 493375 508354 513703 524535 490893 428154 523281 460769 545254 532017 492441 487070 513584 485125 464834 508820 482943 529687 479144 518053 463499 518360 538542 547690 482030 480693 553701 533784 504529 497221 558456 501735 489525 461613 525847 443052 508407 471739 489752 511525 507906 439046 532216 535099 489983 492621 515756 524705 484620 531494 558467 501302 532678 505123 512199 523490 508453 497566 520776 528387 508523 492485 520310 504819 534835 505853 525738 513497 505888 505437 544298 459843 494535 528602 517364 473626 566452 529445 499801 538320 517474 540090 472714 517760 534263 532751 510108 537233 523196 480060 519055 483759 510870 512133 544702 513972 527945 519835 555725 500603 480449 483111 477015 507690 560138 478173 512458 516068 486201 516079 520739 505580 506449 512999 520670 500319 538896 494332 509458 469784 536189 508785 544466 514546 503246 533190 498516 500962 490952 525332 538332 493372 473638 544100 494858 460499 509951 550250 566354 497759 505462 495169 504324 523843 469822 455784 480379 493226 493725 478145 558198 529245 543403 483712 530318 500657 510855 508471 521912 514997 519809 526084 513657 555962 474157 487255 481261 525240 505407 558108 480137 529464 503063 495624 476198 528050 477046 541833 518620 510246 514045 515518 512336 503513 473726 550688 465477 483555 522541 508147 476912 527124 501461 522630 
498201 456651 461610 480622 518054 495727 497035 483266 501332 485771 464326 401970 502448 477275 565632 516538 499718 485253 474264 470242 442399 472009 470267 534384 494111 511208 461039 515031 506511 511709 472266 455823 501936 518135 493393 458725 549876 490930 501614 444551 512572 471862 489802 466489 484078 508296 525116 412823 510837 482594 475139 507851 510039 525135 489727 525096 504150 507159 479742 523908 471412 475954 507025 517194 510322 513148 519452 488132 517425 514289 511772 489546 501998 465248 493100 489726 535254 459229 484120 479672 504788 475728 547468 511886 471383 528554 489609 514610 483777 517149 501355 522857 493915 521071 555789 472584 491736 451845 497944 500882 542275 498859 510287 483520 501261 442426 445702 436758 490442 514829 544552 500895 477204 487567 446956 468148 506784 486058 497259 501040 500874 481798 496866 472664 515280 448651 504198 478632 524260 515653 503286 522971 480401 480870 461852 503374 483589 486630 467078 534510 462384 462622 437234 524331 515534 466168 511073 442646 512367 491323 475005 457798 450359 448604 443987 454270 515221 511501 525614 480598 512113 473116 491994 471382 480466 505055 499341 486116 471954 514400 474890 454412 469924 509493 505636 520782 471183 531884 487013 467185 466613 499022 473809 481192 520181 521663 509137 474028 488514 460193 445361 511317 445184 477184 524924 504232 482126 532729 496981 519266 
501687 458393 471995 485582 510064 489528 467230 501456 505859 482535 457926 411895 533439 407189 532158 508454 480509 494836 448351 428315 452721 489165 442084 507908 487941 505500 450184 507419 497555 499465 462532 433911 482158 507525 475233 459731 513889 432753 486642 484399 495843 432189 460622 501351 461636 488107 482520 418073 497448 508307 450455 502315 493989 464822 467667 478719 510772 481380 508605 494061 501511 498471 495615 481327 488065 516394 472634 481254 488801 506263 524249 486326 498926 464398 481828 485161 530230 431472 476674 502396 512892 441011 495807 501267 485492 550304 490268 506013 455103 454625 511996 521652 496521 547987 511127 471408 489713 459142 488824 506919 526036 490269 508984 461316 512926 475546 444968 443298 492017 494072 533957 488223 465891 458182 452794 498924 485580 450478 487500 502302 503944 484205 509190 470438 488957 443543 502261 480990 516599 492049 501768 508841 452960 469118 448148 508706 511073 460058 479558 494097 479022 457948 459802 503980 517190 477236 492136 484474 483453 488788 476973 472779 448428 485914 449482 476977 500417 512189 502493 463999 516041 477965 474712 462860 458097 508660 485517 489560 460286 507386 481790 473021 476383 491952 486784 516704 462452 513375 487469 450281 481803 488229 473782 507772 493064 506750 468669 493579 479856 486676 460583 532535 470917 467430 498636 486667 468331 497199 457872 491677 
557279 491746 525244 518290 565283 529604 530443 517857 549480 545253 506694 480633 557771 494752 601631 540008 521670 531550 505799 513726 484089 547230 490408 550675 532828 582551 489137 557386 561838 544626 513087 508148 547831 526370 496231 509022 577833 501342 512353 493199 549529 509836 526766 546104 504449 535608 532192 467764 535567 548355 538215 533166 552898 545194 527429 539169 578511 540799 539956 544132 534427 530969 543587 512901 553378 547704 519373 532626 549898 547636 574177 537672 559492 520088 519724 535264 592783 484319 521210 546927 531082 493204 575020 548857 526529 564056 571237 571420 521633 520612 552001 577471 539043 587455 554740 486460 534382 520887 539543 540085 590898 545706 567935 515466 557123 519729 495517 480643 505216 543632 580865 523482 513289 503872 507885 542867 545168 541221 530655 573542 560210 521617 543989 505292 555339 514356 558463 519687 570570 552077 538402 550835 512618 515707 520667 547677 546808 513015 528494 550738 510879 518583 498549 546342 544270 509894 524870 506623 548692 525002 516705 519332 504002 516748 491993 496436 546330 552846 534614 518176 550120 502077 543807 534727 545912 542621 526447 511332 511606 557968 508570 520286 520716 557850 540386 564547 505611 544424 542145 531249 529513 533667 524661 552076 550482 558270 529431 532301 514762 538405 502988 570446 486142 523125 563321 526197 529938 560898 522060 520370 
525203 470969 501819 488083 509181 514925 501503 508516 519576 532850 477231 433347 523352 461201 569781 511928 515558 517348 485764 476709 478466 502956 480184 542702 502478 535218 470800 522759 530363 518508 493146 494608 514319 528477 491326 496007 547250 501330 512300 472177 525844 461085 491900 507895 505845 537282 510350 457976 540968 509468 505291 515332 511635 531058 499942 502717 544711 523432 517546 527344 506215 523148 517800 490998 522950 542262 522985 523809 530440 522852 546256 493702 513697 494252 504426 500936 549177 480451 492644 510837 508164 484604 539913 525507 507267 536383 507170 542482 484520 514211 515917 545039 501263 535766 540173 461845 524627 463746 495717 518136 561931 525397 533951 496005 544241 499964 476843 461566 495727 506199 549085 504339 491280 496329 472261 519955 520125 515025 534649 538110 501979 487962 522651 498994 509826 487578 520899 499079 552266 498333 511559 545539 472945 513409 485555 547038 525285 472051 479911 516490 497610 482062 465526 540992 541389 490839 519909 476948 542380 504674 501664 493822 487186 480286 490762 469250 535804 525826 545925 512562 536987 485837 512634 485246 504351 535952 505967 508146 482079 523907 470516 501254 485922 500793 527245 535314 494271 542857 519199 485938 509216 518981 487861 537528 519648 517741 510368 504465 501481 513880 477494 545304 456274 509569 529072 526282 485220 534579 517687 512293 
538913 488843 490468 513320 540595 519393 514630 503166 537058 517905 502212 448937 549664 470209 586103 537558 522791 530655 483797 493182 487685 504507 487120 553098 512382 514694 477603 554136 530005 539562 505556 504202 531282 522199 485750 482202 550100 503443 497235 491826 518100 492575 503671 519106 484206 517263 512336 437158 518440 538608 486636 521935 516493 528495 498589 544780 567744 501935 557421 516215 513542 531587 539628 509236 537677 532992 529426 519827 509663 538712 547554 495826 514187 498470 518690 522578 555689 485089 511730 529856 515814 489635 550297 521417 502345 558276 546999 550262 506406 499979 535534 538353 515238 559063 545846 473004 542041 490083 518310 504320 562200 539458 548423 511150 536236 506073 485459 460556 497163 518285 553046 538801 527430 495177 472908 509020 520413 512001 533100 550920 540608 500123 509971 498997 533527 479460 536208 531653 559461 545880 536418 551626 491317 518134 508394 546401 535629 512740 503793 549018 501298 508388 481442 552237 548793 507741 519841 486378 527140 524989 496659 486377 503944 500783 486735 479722 539631 527451 508028 522687 555162 504728 514539 527126 524809 509543 525649 518903 497833 558490 498349 506215 497410 543815 523706 534312 500252 546235 500134 503095 493474 504319 505257 535587 505229 532593 506026 522198 509162 527695 503803 551897 474751 486504 546694 522757 503518 551862 496364 518382 
487560 474087 483557 493721 534643 480961 482359 496525 516198 477342 475257 414172 534916 448024 553156 514692 496963 494138 488047 482760 462408 495026 465889 519286 490099 523847 456822 508990 512223 530873 468632 471433 505464 506776 464421 455176 540101 459878 489101 469009 508198 477827 477149 499590 486674 511080 500206 409568 506806 514300 472432 525270 519874 481155 474903 510160 526337 499803 507055 521058 483328 494570 503990 516120 496704 507852 503773 484096 504512 511502 514554 494156 500070 465071 479762 488709 536048 435106 488222 522385 499539 468497 518386 499495 495815 549469 506308 519569 470459 492942 491942 538003 518084 561477 521016 460694 498430 470517 500672 498035 550818 519462 509243 474313 508899 469717 435353 437661 497444 494515 552461 489837 474563 464656 434759 498349 493821 464964 473944 511391 503764 483326 482420 453595 506637 443211 506215 489700 526402 483406 515374 543782 479687 464860 483571 496825 517279 492927 495902 509429 491250 467200 457376 526117 537291 473456 503875 474658 502687 509585 499994 455811 467587 479407 445562 478997 519420 514470 508975 466889 506461 482821 517479 471439 489318 497310 482589 477139 467614 526893 500929 462569 494705 494578 519997 534013 484759 530704 496839 462771 470644 516343 464292 545491 501335 497510 495517 481084 492576 493674 469008 534332 470978 478619 512388 485212 500841 541801 498181 490536 
455145 437915 425282 441446 483691 441203 462959 445759 485542 477579 415441 409533 480314 407709 498711 472535 448310 446740 446845 424078 416082 439499 411039 461698 443458 486985 429673 454076 468575 482927 446841 423473 463725 470932 446809 432708 484829 414932 437867 417813 465951 412702 456759 432276 430802 457101 471490 392811 463481 450834 456065 439052 454893 446089 428025 459975 470118 464425 477290 466072 467618 447707 475759 445108 460249 476733 464094 459589 465160 453803 478371 446303 437691 419664 458522 475746 509953 422380 431340 470892 461863 429390 477850 470425 436863 491276 475145 466932 418844 448453 459512 489126 468448 467468 467318 417781 483042 419802 445516 464929 460071 477345 483548 436301 479879 443447 414566 412976 426838 455418 492676 450268 443173 453828 439069 465784 461595 453293 463644 451002 471590 437522 449168 447958 452887 414303 483050 448421 485781 445458 461670 499057 437383 438303 432772 472655 479565 421058 456969 475533 435605 423736 438302 468752 482386 439087 470698 437692 471091 460723 437767 415072 445597 437916 449725 435934 462730 485035 477285 440943 487131 451275 472640 436951 439812 462284 477220 429638 436171 484776 423793 448224 457464 457172 447545 478905 415421 473566 446605 458080 445036 456697 406507 452380 450729 466465 460256 464374 443969 449362 426083 454935 409309 445630 464136 459239 445249 462866 438421 462149 
467563 444910 454510 450900 494594 472192 459981 473547 488886 482011 451147 393207 477340 440076 484598 467626 470101 457258 456349 442493 416657 454953 406621 486180 450159 476091 433579 480773 460451 471525 442388 429687 478530 457065 441361 414310 500586 437512 443721 419889 494308 441294 429880 468390 449872 456804 471393 393126 485797 469293 457720 448326 470420 471661 452430 469760 476814 470676 442762 455156 469097 455402 461791 451453 500865 475502 459884 448530 467134 498067 475317 471421 484625 440712 466146 458940 497298 436848 456571 472519 458423 446553 505178 478644 464097 470196 487069 486309 435067 455811 483198 515401 473008 477482 500443 421749 477916 442316 477084 478183 499158 483073 471133 455878 479063 448939 458652 399241 451821 454420 490529 448649 454391 471529 408517 454239 483606 455534 445476 489623 465174 449236 475982 441674 486062 427705 492919 465208 490267 458587 447856 492874 445279 437390 423190 487135 469445 456371 447239 484241 428453 428886 428747 494837 490699 429860 459088 455305 470385 450501 441743 431812 437593 449777 443409 462200 486768 478403 488957 446935 497774 464989 457511 450235 445324 454098 467191 458606 414352 509392 451029 463746 428467 473378 470862 491055 450225 482121 451378 436617 481092 475521 454455 472344 487759 474192 469275 472845 455080 467708 428443 506214 420603 464417 502251 464829 470845 479773 469538 482525 
543476 510040 515100 531944 527442 541569 543358 522217 546849 543433 511408 469465 580663 497635 598476 548978 535674 559125 525719 507595 503687 540615 493073 548582 506449 548083 518430 547360 551878 563357 518549 524973 544496 552645 531853 496085 565991 518994 517992 497482 579986 469457 534999 522826 519309 539726 533502 463130 565075 559900 535190 521373 533270 535199 496709 520453 591291 547225 557560 545973 528647 539724 560074 518129 546539 555217 533785 537914 552210 552517 557269 530590 541083 522449 536317 518368 575066 500549 529086 559502 537675 504313 580684 553418 529316 584747 572752 568998 517152 536602 534810 561823 545109 584052 568836 491770 540000 515862 544915 550932 591728 530026 568002 515336 541592 509754 492494 475010 514061 544248 562908 521293 525555 530617 498197 523850 534233 529120 531835 551711 568719 530924 550471 512539 562416 490117 563301 532463 554213 546081 546920 545283 493753 517571 514829 549005 537970 505138 528662 566306 517678 511481 495259 562171 563980 508759 532606 525974 541124 523530 504826 496533 505522 512352 505587 479412 554475 549326 558055 522521 559716 504732 548002 510302 545735 535985 528501 509113 480001 560384 527799 538727 515092 581858 550525 575057 524015 567178 526513 509684 528090 541905 492736 554106 546132 549080 557350 540542 533016 535433 504647 550803 477899 513084 543159 544018 504200 560721 531358 525779 
488016 476951 457075 482752 521461 474434 473498 505561 505900 497801 477528 422890 488068 445163 533971 522167 491862 494975 493758 467555 458133 476615 469560 536492 463618 518223 447579 506663 486813 515032 492045 468353 501953 504097 468834 474994 536659 471601 472060 473790 519403 440635 492448 489864 486900 489629 495689 440995 494842 525901 477314 499155 505261 487403 468288 501712 523742 475096 522653 497129 507788 482253 499800 488455 490884 520279 491815 470235 494349 512813 511817 523176 508265 476890 463114 494248 534170 445722 461374 496840 486106 460005 523539 516222 486696 524412 491419 511097 490568 489777 509457 535288 511723 527055 527553 471835 507392 456832 479661 515736 524209 511952 539330 490915 508877 455657 446620 436995 470092 488431 537900 476132 482992 486359 419599 494203 503668 483200 498254 494388 507025 476128 510418 467035 497829 451278 516903 485292 517120 499400 495849 531670 456812 487947 473774 478236 494576 472309 489120 530105 486876 448541 446500 507393 518126 476880 482402 489692 494216 498941 483461 458293 453611 456184 461315 481320 513005 515433 522768 482705 532179 487164 486022 463996 486565 495299 509014 485899 461658 510638 490489 464346 478030 515361 494023 545220 487430 516499 468865 468095 495103 481556 467452 517023 508878 502584 506802 494537 508100 483372 461246 540816 451868 460872 531918 485590 477870 533625 481237 498072 
521784 464486 456344 482030 521711 490010 510369 506236 520760 507454 456313 432215 533392 455455 539528 516709 487544 484541 491222 493497 444978 480451 461631 535748 488594 499933 462652 539250 506751 535809 510324 476706 495638 498469 499583 479073 545929 474826 507521 481667 505802 455154 484702 494029 476084 512250 504857 430939 507907 530602 476244 493925 492217 510151 473739 505567 516709 501470 534800 507444 508662 472955 523661 473680 520523 513717 524119 494641 500089 512771 529138 504293 513684 488852 494935 495871 552292 458919 478274 528575 508036 464134 524597 511380 489262 536455 504648 518227 473413 489789 508694 549401 511343 547179 555335 471696 513684 471520 496526 493165 548752 518406 530040 491490 512200 451315 462818 440765 495253 501779 545304 499092 478116 500979 458799 481118 494418 489286 498104 521624 518132 489499 501929 484487 514274 480161 527878 519561 506080 515617 519276 532017 475053 522116 480754 493303 528864 483145 492341 529709 494379 487380 486953 509993 523826 493043 504264 479711 511153 490533 490474 474644 481789 476647 484879 472320 517858 531876 517674 484993 520754 468212 507949 486543 500595 489101 526723 478396 478086 538217 475239 486728 490940 517648 506446 539416 473525 517144 489576 475559 492502 504760 470373 541610 526970 533610 495736 508164 529072 478000 468115 528373 444900 480615 523252 517654 479556 517275 495821 508748 
516371 490658 485210 515858 555608 533214 505302 529063 534396 533682 496842 455700 538864 481998 558943 521805 523904 521709 515227 511778 469670 501903 467583 542919 482755 543793 485568 542706 536342 559487 507816 484555 531636 536320 494378 499666 546198 500755 495862 495971 517177 497102 499553 497165 502485 536413 536093 431523 535140 521419 503521 508212 528312 540911 516044 543574 566942 529872 539745 516796 508250 501796 533758 501482 531070 545562 520982 521218 530041 538019 542012 521055 527892 489683 514331 503370 579475 482095 511020 514085 506819 487069 552881 518062 513102 559513 553066 540755 514183 527361 526332 564237 536292 531236 546405 487468 528509 499928 530743 522305 553593 538356 559050 495103 527745 505501 474071 457058 503109 521849 558303 539060 505148 502944 464254 511411 544982 529346 518608 550327 535484 498889 531708 493963 530771 458996 553757 527436 554653 529988 550383 546875 460386 514360 514848 539373 528832 495365 508628 541207 484864 482612 475099 532517 530748 516799 524102 506532 554942 537997 498690 484522 458401 487955 510616 484135 545615 544717 537957 522435 559578 495135 548318 506349 508524 514584 525292 497778 504753 554667 488605 510800 501309 547966 535579 549623 501385 529565 508282 500079 502002 524833 503900 513680 517744 536331 509839 510931 520213 509559 476889 540862 470601 497850 556980 518684 494634 566489 522090 519583 
477866 476298 469659 456759 497826 481787 467213 474023 502682 502467 445754 422608 494704 422144 537147 482649 493332 501500 479887 439319 457818 473656 439405 522775 467245 496557 440869 502651 505307 516002 482040 457731 506013 508870 467977 456720 553176 462678 462703 442004 495037 451648 471880 479025 476254 485630 499601 416976 493372 488315 461301 486081 507020 502260 476863 516717 506373 484771 495215 473689 491873 481484 487882 479611 487848 482329 495856 460133 504723 497083 507181 506063 503282 442464 486974 478947 528705 465909 486399 504502 497262 461546 526694 497462 472801 518568 508468 522732 480394 507030 469590 512306 474361 505532 524380 462211 496848 439903 472037 485560 510601 511809 522901 476043 522659 469240 437274 433222 475853 490045 524541 473806 470854 466584 416709 479421 521197 487835 484099 478166 477716 472923 497198 473500 488136 435797 516416 479211 528239 491925 487506 505178 452611 449098 469540 509572 512891 485825 476322 515521 483017 435041 453458 506615 506255 459549 483089 463607 494853 495112 485839 436888 441059 452352 463718 475120 478632 497732 477086 469634 507223 474553 498184 461462 494751 473273 482848 471578 475324 525948 450863 475027 478077 483203 497001 532761 458715 488006 489669 460369 463005 488721 468690 480206 495611 492623 516053 503957 464442 471118 466817 502452 455188 467195 535334 486302 457853 507654 478305 481412 
500786 498326 491164 503738 534352 508402 522496 507440 518903 522065 499905 481997 544835 477968 546259 521966 495148 503801 493297 495223 488817 500556 483921 519382 524795 532428 504892 513631 522387 540789 492940 489596 537876 519384 532976 472406 535651 471346 487145 482075 538795 492600 504764 479502 480544 521662 546240 444817 558076 494191 517232 487533 513520 521945 528966 530133 548854 517127 507634 502106 490957 480914 526408 529595 513915 509420 504913 503484 555263 531090 543101 505199 529463 487307 487691 519087 585512 483366 512312 522757 504835 501334 550576 535839 512265 555783 512336 524925 509758 503976 510885 539862 497363 550583 537391 471377 536095 480025 529814 536176 551040 526096 534752 497033 541331 491370 473235 454042 486177 518039 547137 511169 513779 519414 443478 504238 509063 507972 510875 515194 538690 491213 519665 492543 537725 459402 547926 507000 530597 511648 523897 550227 507071 515971 509973 535792 525659 501176 505338 542825 484935 481351 485450 524284 546144 466692 509278 494922 533832 493836 518874 473260 488694 484922 481747 493164 517807 528691 530387 505667 536833 507734 486401 509334 515302 528220 516370 517620 498904 523732 510172 505889 486959 543435 514461 528544 510130 527142 521961 490991 488673 538988 503449 552784 528791 523485 517508 506074 510130 508046 464581 553194 457730 498734 562286 520539 524700 548371 516472 547858 
506609 495395 496920 470848 519153 503081 501806 510943 494902 509898 489051 429350 549683 460266 554075 541385 479409 471849 473194 486130 460724 497978 441588 516582 484630 530868 464449 500920 523513 516625 474209 473938 495640 529286 477953 455963 543366 475499 508934 478690 525240 464433 497994 504194 488491 516015 512268 433502 514736 508855 481297 516813 501512 486978 472251 484677 539104 503108 515933 530257 518499 510277 495945 505596 522868 504761 518254 506550 545016 530698 526836 501351 507957 487641 475400 509593 574246 458224 493155 522365 492107 473308 542320 516971 498673 572840 503734 507719 480143 491172 509995 529024 510727 530728 539868 472210 520059 473594 516785 499280 553288 488924 539509 483665 537010 507152 451327 463002 498741 523581 548309 512811 491961 489051 470364 488655 489652 502947 501387 505130 513202 503691 516238 482956 492809 483268 550746 512549 530243 512327 507916 536528 465055 487588 460484 497438 526910 482499 501129 545207 493965 432418 456320 529280 560568 476365 506658 494984 520695 490491 479767 481824 486138 511059 475631 466281 550226 516895 523577 492730 512336 486478 512750 512483 498742 519057 493091 480026 498341 547926 497841 495587 490118 540265 518278 523234 496293 531466 487705 481207 489100 509910 496375 542437 500268 504953 496008 493098 519549 501884 488967 532394 489131 501655 520531 487799 487302 505673 492472 500256 
501737 469884 462280 468226 498664 484032 478287 497609 498431 509929 457810 425437 500901 451312 543393 493097 481860 488540 478708 474632 447380 481827 439793 496861 468789 499516 467162 523746 505999 507341 447425 471614 496126 498462 457126 451084 518553 474382 482940 425658 500296 468824 481179 476117 477341 515430 489273 412182 488724 490867 473989 478659 492119 500243 460140 504900 514888 483952 488442 498001 477525 487411 505605 465185 491668 487986 497974 490250 500840 502243 518147 490150 485215 474029 473474 511691 526096 473094 465917 493357 495214 486589 530473 508760 475817 506673 523855 529448 465140 487983 495559 547770 493950 525528 516309 439710 504968 452638 470930 482739 513592 482841 522325 474152 502984 490346 453880 437195 464515 498107 511673 469738 487849 469607 463944 475836 484571 483473 516346 506151 498540 464826 499137 467350 479925 456601 545582 504445 535769 510530 499986 512520 471271 487025 465145 500565 525363 470862 462141 522910 488830 469056 462903 520131 514713 452024 497780 467403 499122 503287 471738 472448 444450 464450 472670 458824 514129 520288 509918 475912 496120 476991 493909 484575 490831 500998 477189 475870 464277 518566 461847 459436 472340 503123 471353 523252 478207 508862 463983 472870 475011 486117 489861 478286 508773 495940 493428 491788 481890 503177 446946 518982 471839 465329 517009 468996 460467 489145 475869 506599 
449540 443587 471666 452321 496856 471441 456506 445621 495470 476719 454216 410405 500360 431549 517088 467666 458001 475165 445338 445721 424469 448381 405822 490336 447700 497467 434508 471179 500775 477863 449636 431878 486156 481052 453062 426348 498666 431866 463536 445003 452998 430197 451821 478959 468606 453664 482611 404372 478450 495870 453184 476242 455968 452851 443741 474071 501569 469993 481787 476246 459878 459420 485763 457457 481580 465390 467952 461838 467686 478675 511296 471756 494331 430715 467513 489753 527373 420723 463934 460891 469302 439688 519135 449927 468836 494257 485718 504170 451853 472459 486809 503099 471675 492205 513654 436402 487575 430175 460359 495431 514745 490683 492239 462762 501886 424478 423297 446701 450484 460713 512529 461850 459165 435206 415330 486158 464059 454750 480415 481530 480446 475055 453993 465000 472918 438412 481233 453241 504082 475941 459402 491821 438379 460663 438137 478542 499370 457437 472590 509172 433004 450163 453755 500337 500259 449088 490769 434520 472635 459042 455940 435802 446504 460183 426854 451608 504129 491214 493617 454997 479645 448597 475826 435668 463307 468542 463787 436111 460945 491973 465259 431592 430288 483724 469492 498942 477456 494489 467684 443279 460332 479935 442803 500978 485834 478766 478515 474613 455895 462528 457277 505290 427902 452299 492283 458721 447388 496301 454834 465814 
532546 483504 477958 488778 546164 508523 504157 518895 527463 529803 497165 416557 549642 418843 549928 549271 510332 489783 496843 494270 472393 486435 472553 530135 471121 531524 453676 514008 543202 532530 490411 477410 506666 513317 520128 487669 555971 461156 511016 482544 519547 456945 509796 517759 476678 513163 504207 445805 516369 519285 495735 538542 501742 501841 509357 516757 528114 510602 497831 515054 520843 522746 503127 509519 523475 552486 504477 515660 532175 519664 544949 522187 529864 490857 504771 521995 536893 479728 474706 520149 522181 467354 526664 535611 512660 544846 520096 516884 496907 493193 506841 555204 522921 554319 548373 483100 531782 485509 516381 498303 532004 530459 547690 498994 548482 504772 464281 468040 505601 536002 553789 500801 497959 486878 458620 506814 518496 494489 531461 522706 516794 498914 536770 503165 489991 483928 538813 508819 547222 537914 521633 549138 486373 522964 464758 518993 521779 507642 520275 532294 494409 474602 488563 536491 580022 489297 524982 497960 537550 518608 500583 487242 468434 480706 501733 501336 541491 530517 514098 516327 537963 496872 501533 505170 503668 526686 500061 496507 508998 536014 474636 474789 509273 530962 520350 554037 482986 529686 519566 492339 514266 514219 480456 533955 516609 510563 526079 519931 518684 495227 484273 556802 467250 503686 553762 516575 511650 525172 510709 507036 
524036 485622 498355 503283 526853 523436 510158 526367 537508 491672 497211 433740 528733 465495 572076 532605 512584 500605 483455 490233 471344 490322 478780 536574 512724 537053 482433 536936 545578 532992 485956 469983 525736 503578 455166 477126 550575 476571 495231 469107 516757 459885 494821 514259 486928 498557 537782 450898 528731 519607 495766 519036 516243 537761 497028 527238 547495 492434 525353 531855 503457 500630 515777 498298 510157 536201 510044 522831 523277 534419 521089 521411 540387 485514 488330 521929 569306 472151 489345 514041 510236 511682 540390 508804 496234 542945 549284 538075 500613 508276 489650 568710 522189 553378 553521 474760 528692 497931 524014 515996 556532 520017 536207 479265 535217 500558 466784 435271 490676 518193 554424 502893 500151 501316 467744 497817 517691 487337 520716 515484 520891 483389 525848 504627 535941 473971 528877 508001 540986 517140 524318 562373 483798 507141 501593 530439 522302 509654 503009 533719 496709 476743 482258 532480 559997 474468 522766 478146 530220 509919 495478 463849 467546 485454 473826 482142 529483 534297 517765 518744 543356 499220 522454 489409 523168 514818 524466 504514 488601 519097 490850 497758 490602 524735 504677 560513 498767 523817 510105 466220 488897 507666 514651 518204 502304 502383 518968 496543 518698 510621 482409 514925 457638 469969 525810 508681 509734 537321 497428 508506 
485077 449604 468797 465963 492835 492471 462832 456407 484433 475954 433395 405560 504769 422699 516583 494238 484516 474693 478343 453621 429761 485072 415337 491161 452298 493168 407112 489264 500828 496925 467809 446796 480484 487405 471405 473140 536715 460720 472994 442607 488809 433183 467789 439312 447932 444965 487546 395710 503241 473538 470824 485459 500733 475920 470432 485210 495067 454647 496961 482740 475494 473981 482194 464037 483670 492718 504452 475408 494875 498319 502210 483000 494670 450981 451423 468377 518661 421621 468998 473930 486029 443812 506067 457444 460570 505757 476160 513671 458900 476334 492121 516840 466388 505617 503297 438153 486782 443416 467760 479170 521288 500272 509129 472031 481446 476171 422367 429603 450429 480245 516487 479379 447651 464323 441952 476374 475437 485618 462885 499195 466910 468899 467760 462853 488497 460773 487980 473351 500213 481620 469953 513205 433576 466122 455216 483372 474374 472776 465283 500283 442101 446806 449460 499639 493173 445005 490571 470486 478501 481130 463560 438437 457656 468401 440416 459783 495360 497917 493356 491454 501190 434307 447724 470257 470036 475794 471870 477825 451445 509444 452630 472880 469864 493215 476599 511053 451186 493831 487200 443378 496441 475555 466383 492822 481438 497049 509436 468197 484646 455760 472954 489983 436085 471100 513950 491808 470375 498843 457757 460273 
503348 480923 459456 469891 493144 499998 493282 491081 498549 501521 484278 406197 524458 450857 541678 504480 490098 494310 470134 480358 465219 470656 462766 519266 466761 494565 458647 500412 493145 499818 480216 456137 497432 477161 472912 455932 523717 455672 482546 459259 486607 448513 487287 486339 498247 492058 509675 412918 501273 496890 472547 507893 480492 497994 472877 513594 514377 502789 500329 510716 464708 496904 491374 487499 488658 492521 489160 495816 516534 499719 502135 488157 497017 469693 470880 490829 523997 448072 474130 500739 496259 453627 538999 505894 490229 530057 505915 526515 459068 485851 503046 527456 500246 528403 534054 445618 507994 445234 510763 493214 553323 512939 536360 507585 516697 451821 458387 467212 482491 514365 524119 486512 462863 477404 437494 474512 493592 483141 502379 485286 526769 463685 491981 506227 485017 462030 515478 474849 525467 512655 513477 529824 470409 484706 482547 505795 507553 447097 480436 541795 480588 438818 471905 557573 525619 471633 493238 472080 501023 472223 476323 468172 469095 482024 467209 443716 519058 521829 500929 485838 483834 478407 497040 467459 496951 507309 486207 487211 471108 528828 493794 455809 452014 519244 511319 517105 498579 524902 466469 469252 475723 499554 463262 512768 484418 492680 505388 510925 494935 487728 467096 504242 459387 478213 505741 477660 478122 508714 503454 536163 
547031 496776 514360 509732 530592 507235 511914 516650 534165 529981 474023 444956 544920 472729 563957 543070 496627 521275 485025 511094 501580 518861 469277 528703 515931 547789 495247 523645 524989 541675 504489 490789 513433 522714 508930 492751 542546 485129 517229 471432 545125 502372 529189 517264 510812 523638 514451 465531 525246 522768 517471 534031 520998 512673 490784 533848 561731 534331 533804 520641 542335 495256 544759 527553 514494 519700 511274 513304 549219 536352 535173 505330 503785 494659 513261 514131 574501 491132 513458 540352 513005 480634 543392 514453 512815 572912 537117 549946 510717 517500 521184 546773 509070 538318 564965 477819 539200 485358 525725 527141 568576 532414 547386 512651 529744 489348 485094 476723 503519 525633 563550 498449 494229 510257 475777 517780 529328 515105 524967 525906 532277 518948 537327 528888 537504 475075 536547 508062 533287 534848 522242 546388 497704 519256 496944 531312 527203 488103 541857 544766 506348 462236 508403 536712 539463 511600 518768 502191 512074 519911 506135 500917 521600 515072 488223 501482 537518 534234 536339 494263 530222 511674 522576 518628 509022 530238 540421 501348 505284 547751 510050 502796 521648 526451 526341 534255 508279 554678 494973 510200 510188 515828 485728 535225 545907 545913 522603 515390 519403 523432 486800 529891 482666 511505 542505 525122 518071 554731 510013 522064 
520221 474383 483956 493488 529917 534909 502946 502561 507560 511686 507198 403256 536725 460482 556687 540759 505711 483233 496738 474451 466900 493213 467831 525200 479430 529823 460545 517078 530647 536970 499615 492076 526863 514990 507293 474644 561667 480198 482088 493061 518502 454664 505802 492587 508629 512412 496496 424822 519630 503808 493226 515027 504039 503937 488392 529175 534759 519127 507195 524816 494336 522303 512686 524474 494353 540261 524661 499105 545137 545742 542393 515025 520290 494780 507462 493109 553403 448656 496700 522494 517243 457238 536396 530790 514681 547723 534505 533989 495488 500970 513724 536084 520382 557364 550780 452963 525650 454315 517270 497875 546379 538889 541615 469335 546236 494913 455765 448796 500947 529326 552669 506067 498558 496537 472168 503620 485224 500239 518324 505491 528056 481810 518914 482290 510145 488530 548502 510644 522085 504556 529921 535253 471303 499332 465520 528905 531629 493888 514153 538021 491245 494119 451515 535627 555806 495389 522494 481636 517462 498429 479693 481766 480401 484691 478089 477840 533077 517774 515635 511822 524245 496317 521337 509970 502613 511033 509194 485249 481242 533246 487755 473301 500137 533902 525315 555553 485256 530318 502652 460456 499725 523528 502031 542827 497531 525607 502329 510182 504277 507745 467942 543030 427898 509550 556359 505025 493262 520435 489900 505033 
495278 466692 467582 468825 506947 488486 465426 485610 492433 497716 469937 442910 527220 460559 520451 499251 482732 470465 456154 471169 455091 489322 424893 515213 477837 514070 451935 496970 516388 499405 482967 469666 515748 475734 467625 469400 522552 459638 474003 473554 490718 466447 477068 472951 462111 493105 493875 428175 495985 498087 482283 493409 492969 490605 483364 485180 525467 503456 500322 500158 472172 484077 506630 467764 482623 502581 504758 497937 513008 486654 511339 481112 486613 471334 476711 484821 538225 452190 458048 494737 480223 466613 517887 509201 502831 534925 492664 513474 458939 478588 505841 518817 499664 516705 522739 453408 488501 451605 490005 473841 507675 500090 516843 460079 523051 468858 440475 449372 467236 483164 519863 489948 484027 469164 454040 487059 483809 482831 491021 505160 512866 466585 508412 467818 484427 443244 495168 492864 537406 480482 487916 518760 474165 479597 463480 505874 505059 458598 469880 518328 464729 478192 465834 499041 519797 479467 477713 489494 489765 485105 473874 455489 471132 460665 458932 451429 529200 504993 503106 470990 519668 460435 494947 473612 489121 493167 491316 466420 480901 502111 472416 446441 476214 508331 507282 517018 475986 510954 483094 460966 477321 493173 468079 511499 485665 489185 483178 462378 474996 487113 446477 520103 439204 457438 518548 472856 487925 509472 486454 490683 
478737 466530 432186 478245 491651 465816 466718 465971 490245 476685 447544 414526 486480 443102 505503 506867 474416 469169 455170 442827 426254 461456 427930 486721 466516 509757 434630 495212 493856 501884 445774 443290 473078 506952 461321 446133 524546 445519 457235 454483 484346 424981 460280 453534 456995 474068 464943 392470 494051 465096 459516 477745 471253 469483 445874 486826 494568 465166 485196 487044 480571 462446 490894 463464 495929 493317 481532 479072 483215 486798 491462 470402 471707 449106 475144 488192 520249 417695 450125 477987 466847 428460 514221 474723 478326 501449 482482 486579 459379 470901 474055 520218 469659 499780 498370 440351 491656 437214 472945 482282 520297 485687 500014 471011 519266 450720 435787 436097 441949 480115 504248 476570 468902 477746 436030 457312 482663 439097 469503 465207 474000 465979 461499 462847 462644 421239 502442 483135 504319 482602 477365 499213 432429 452689 454242 478769 517130 457619 453379 463117 454444 440316 468202 506744 526748 444946 475200 476164 475035 472281 447488 448854 440565 454320 449906 455711 521640 498488 492536 452140 486473 444630 466940 449525 471528 473105 476787 459506 451551 507081 445096 469581 451713 492893 465871 508357 437606 482416 506785 453708 461278 483046 436488 492724 495227 472432 475189 456538 482466 475746 451881 490442 433390 446894 498935 479938 460764 482096 456528 470710 
487357 463579 476043 487143 514129 475960 472532 470481 506234 467978 482262 427300 492185 436527 507463 490890 479032 497153 471343 457879 452167 466097 452540 520168 475728 506418 440669 483078 485885 511712 471663 469511 496430 513231 465968 452637 515772 454212 473809 459810 492817 457034 485173 494856 476109 491782 459198 415268 490642 482831 440013 452971 487316 482041 450399 507859 529378 499257 504494 490695 498114 456672 486296 478335 493415 504515 486966 470198 477927 505745 508728 497684 511547 469479 498267 482985 530579 421049 471365 496059 469674 455178 509203 486829 494598 530532 511837 502259 459597 487851 484142 533408 490039 532826 525420 462057 510315 437233 478081 495325 519396 497936 527598 473398 508034 466076 441566 441560 460105 465686 531364 496291 486069 475890 436543 479192 461775 484558 475110 477116 494159 478238 513874 477577 487197 438078 511950 485057 502308 492272 500237 508643 466535 462406 477615 497513 516959 475964 485700 501580 487671 441536 454627 510436 512322 466135 490023 470970 495084 475797 473226 465171 466841 469341 442215 464024 516877 507752 487790 467413 507837 474433 493816 469490 495821 471396 488935 466714 458328 516147 456056 465453 470575 512231 470098 507035 449551 519097 482577 445555 468117 484302 460876 499355 509117 514382 475368 488109 490075 485628 441534 524680 444513 475090 504961 483564 460833 507160 470550 480308 
514297 479253 493386 495547 527515 514935 491686 509698 506346 501017 493636 455375 531240 455358 532929 535121 497931 491726 469618 486871 465761 492980 443558 508347 481274 523897 475622 508635 545275 540047 492023 472174 523193 504746 471858 451915 549433 473855 494156 487655 509078 475115 508247 506163 483645 509618 521920 452129 515715 500696 483405 500547 502567 509024 480584 500377 549580 497229 513968 493831 501260 485874 486149 497159 508610 527675 510059 507297 528190 525509 525037 505004 528623 484771 505031 512590 557248 462823 491376 507663 501807 457599 538958 512524 501187 556452 528901 528195 480265 491835 511798 549644 507681 543761 545356 467204 533041 475706 529511 500994 544770 506266 560521 474302 537491 511292 450389 468953 480906 514973 539245 494676 499352 507917 475795 509611 507209 510165 502629 506337 520231 509584 511605 477091 508552 463296 527069 496331 532857 513859 514041 547424 481781 524597 476134 531450 520141 520747 503812 541387 484461 468632 479522 516090 539860 478134 494896 491684 517133 483603 472044 458915 491497 494835 479202 473866 541024 514210 516143 518953 543562 487104 497486 499475 501283 515825 510913 478933 504239 534900 495298 478552 499800 530907 512086 535464 474114 523051 494809 473268 515458 524290 488687 522863 506038 508684 521170 515639 499738 505305 496242 529626 452131 481902 542965 497710 488242 533699 496527 500767 
457481 459400 461720 441599 497286 492357 451740 451007 475350 467104 453254 421000 490367 445211 508050 484559 463118 450474 455657 445138 436633 470197 432906 492053 465271 507599 422989 485912 494386 499424 472178 446318 478442 475009 445908 437655 506899 450209 482271 443172 482568 431830 454031 460295 449128 487728 465535 413631 486399 482792 432251 461829 485726 459755 451665 486106 485047 489758 485978 489525 472935 454644 489856 466342 483948 466799 484339 465642 487038 484086 489102 465288 477184 424910 446412 462237 516182 432727 458384 474940 468464 451128 496829 442265 451884 503385 453855 479489 441045 467074 448183 509269 465124 497908 519331 447251 486639 440396 485647 466275 504727 482200 492838 456510 492116 440580 420575 423243 470214 463331 526949 470245 470052 434801 415285 466769 458733 456076 471150 478389 479999 447571 445711 451766 462736 451367 484018 484090 498739 471820 468981 489351 437025 453366 461073 490200 502040 456458 462451 492203 467554 419984 431892 482506 482888 440060 477468 450913 486119 449357 459080 477307 449880 443331 431324 434298 471402 475156 480453 456702 492122 449687 467607 459486 468789 462675 469547 450246 457938 510324 448107 459963 443924 497588 476166 512390 471177 478596 458647 413156 462464 473605 451199 483626 478726 478010 459257 459952 480638 475245 434379 516702 420259 442872 495336 466431 460610 503373 472984 477054 
489024 470796 485819 472547 519250 496510 479900 480921 501646 477914 498312 426574 509790 441700 533946 489908 499186 478104 480495 463637 471658 497336 473449 524411 491285 510928 438344 505201 508949 513602 483794 492406 534225 497775 472755 469884 538600 452714 465231 482247 504822 451277 511227 501067 487400 479536 514220 419908 502193 502223 458881 503455 493377 486917 471040 508635 525990 514085 520858 505784 477832 504629 510461 477016 490801 503953 516692 508584 523299 519027 513827 482494 514533 459046 498565 497516 541679 454943 472507 506239 472387 466076 514111 504698 480284 531093 506931 522475 462771 501350 465923 541996 480710 526038 549624 446188 512957 438644 502767 490716 527022 503221 519744 475961 524875 479204 444629 445072 481910 505072 523555 508916 484338 475206 442750 483241 494706 501263 503646 494653 497390 470813 494166 481044 489968 483724 508570 489784 528868 509034 497782 520461 463616 459289 481309 512504 535991 474615 497417 504756 485256 463077 437800 523758 525311 489623 498857 481249 505840 477003 477114 475663 466223 482973 464847 452238 512823 517501 500796 488694 508006 473437 509639 479215 514717 488221 485470 466149 460076 523171 454940 487747 490668 519278 505469 532137 481994 531670 492932 441174 475194 466985 485855 525960 496872 491773 484698 513660 483454 477219 444382 542300 434730 472043 518842 501450 480614 518891 492781 482612 
480239 446981 475766 482132 499994 492475 481380 478371 516657 474298 459013 434762 507726 421743 526219 501527 473558 487957 447457 462013 439331 480287 459406 498727 480743 506094 448538 506081 533219 515133 458940 460752 483087 500895 481379 461508 537054 452321 479386 459804 502897 446703 494151 487902 450732 481917 486361 425049 491745 498556 473904 485038 488249 463448 464578 483597 504707 474908 499360 467439 493466 481966 498148 473004 499154 490229 482207 473802 488838 485938 521480 487568 494975 457622 487749 493322 538177 448826 460047 503114 463712 442888 526402 487606 468525 509107 496015 523113 478095 462581 483763 520004 466222 521216 525397 453127 500320 455561 490558 475572 518346 481704 502123 469079 524393 493736 447338 441575 458760 482755 512117 481903 475331 456941 441055 483556 475455 490385 475652 499079 491962 477914 492958 460553 497705 458127 492353 504145 509964 495813 496519 501958 457037 481791 464671 499209 506217 477919 474252 495367 450687 434472 449542 519908 498232 444390 472295 468795 479406 463180 465980 460174 477123 472259 466376 463397 518494 514675 465092 478128 502396 449447 483414 462055 486510 487573 491669 467182 476180 520759 454636 463447 471954 517141 485194 537891 455544 503508 474274 426024 487588 473056 470415 518130 506446 489819 479534 483076 483344 446274 480277 507109 450183 460260 511990 467130 463681 518471 468170 469037 
501450 447745 472784 477230 489966 473475 468506 478797 507377 477743 467547 425696 511751 448016 508676 489439 486516 486542 452869 460100 463706 488921 447206 525413 477353 492071 469105 504693 476448 513130 468815 457691 485322 509633 472418 450194 546176 468372 474685 471803 484170 450722 480301 503166 473723 487333 498776 435693 474030 487751 456750 498311 485672 489022 464544 515362 522851 479294 507890 504872 502428 472961 499925 492761 494593 495985 491151 477201 494799 488076 496591 483950 500200 454791 493584 500082 527573 458813 474695 505769 466426 460872 520995 493831 507540 538588 493764 516244 467873 482597 486225 539242 476152 487934 533449 454227 512036 455377 474838 489099 526030 484480 514207 477217 519806 464721 454523 440987 479866 493699 531275 500288 490507 461472 433919 490724 488874 465530 511393 472792 496441 484801 521674 479090 493066 454771 529915 475997 521820 499983 498461 520720 463746 484331 462566 511356 497242 464467 478676 510397 485675 446453 457570 508612 518796 466215 489277 487318 473983 464179 479572 470345 451155 455189 453377 464523 505756 517258 496452 493756 513572 484482 467285 480007 478364 483744 489920 477350 456103 492583 462051 478287 472061 497960 494137 512385 476320 525689 474864 465916 464800 492609 466558 500642 509659 507145 473303 505499 493420 494785 474881 524115 455255 458570 515290 489056 464422 508036 456354 487042 
543865 522514 496757 516515 539969 541177 516059 515677 544734 533501 515158 457530 541638 478352 588487 553388 527002 518656 518585 528333 500407 528052 507562 560482 525742 543559 487360 551331 558306 580402 498183 516879 556343 532032 507588 493118 593677 513798 517616 495393 569816 497684 536258 529715 528010 511875 546957 475681 532957 554437 526765 535781 526424 533702 512134 526343 590454 527270 552571 570345 521407 529689 542419 504451 548806 535433 552744 531098 554651 557012 547127 540880 555180 499191 525777 518540 565879 495359 523677 558927 547769 503487 575866 516351 528689 574260 537644 593727 519291 542745 531375 576978 516892 553405 592349 492835 540403 505231 537202 534762 590353 556910 551963 518514 561119 515139 479690 498340 514244 550711 580472 512378 513385 511680 503908 513561 521247 529716 525767 558480 550904 541962 534888 518356 541591 488608 550772 542645 583243 549550 525574 546593 486510 542320 504953 541713 543768 530012 518792 579519 510809 492232 506778 561992 578107 511265 541775 527586 529834 539179 518340 485509 517218 514737 510466 495474 567087 566321 541873 527642 553255 516427 556755 522688 545121 547240 531781 500734 506605 562572 513466 522430 512448 565174 561291 574891 510288 576707 522784 478813 536831 562238 509952 531267 537599 525233 558783 538369 531127 519211 526961 560859 475578 513391 553518 553518 515648 577403 532631 527398 
504448 485286 491551 507581 512513 510475 511678 491936 542627 488118 466910 446735 543684 474825 547881 529567 500543 518946 475332 500993 463146 520356 462595 545849 499899 522074 461864 527235 516557 549198 468136 462475 516936 519899 482172 478168 549825 501391 519932 472688 510017 482738 486795 494877 490454 525696 526626 441677 543575 514117 499572 517689 542140 542368 492902 522499 538797 512117 513012 539486 492951 508479 513582 514218 529221 537968 528667 502535 503217 509536 522046 532234 532125 509117 514867 516251 549699 473474 508169 522392 513917 496679 558328 518245 507592 557955 520458 552496 485644 531784 525386 558315 514424 534012 552990 503603 506416 467312 489786 512121 545727 536581 534804 517540 520841 460380 444041 469098 488547 523254 545495 517410 486097 488877 465145 499261 518835 510914 499915 536448 526637 484829 503828 469953 533714 464605 530394 516803 553109 536566 505123 558620 471252 496998 474749 518807 526748 490492 472767 530944 493353 491030 481818 558565 537549 476627 515402 520322 485883 522204 485996 469441 473507 486814 475488 479402 553168 535516 519461 510201 553045 467305 505707 519418 519522 513925 490024 511740 492677 543353 478303 509917 491486 531096 500905 536731 493730 520391 545197 491562 491087 521146 496451 518465 529957 525486 519284 503545 532587 483374 482211 525805 481944 501461 564186 529000 497234 543596 523740 509575 
471528 452371 458213 464822 490400 466999 485201 481838 476270 488327 449383 412456 498048 423900 528598 485403 458132 468643 463786 452056 430731 490612 428305 489423 456788 505768 430759 485439 487997 501548 469843 457180 512130 481422 457256 439684 495908 457501 480745 442556 495297 442337 491684 461716 454143 480151 463840 417193 491124 486878 483855 449395 491160 480996 461422 467888 503159 480173 490972 493205 453777 467375 497450 476649 524294 488488 487064 468555 504673 497894 484652 462121 496751 454622 446992 485738 517119 463217 461074 474362 484733 459642 496531 483258 447316 511522 479270 493359 438257 477632 478833 539396 476657 519148 521155 432304 486113 454455 497261 470701 514212 468238 498289 487473 482217 450732 424386 431649 465837 455794 508528 471420 498066 471289 424900 483880 471808 465912 485504 487408 509139 434100 478381 455324 496324 453876 509503 480296 512573 482802 491668 511417 443957 474696 468751 492024 504926 449932 468277 498925 455381 445399 428445 506653 502833 444172 497008 452437 493411 468112 458261 467213 447677 471005 446809 432878 493199 509225 470389 449036 502454 467987 478750 454327 483302 487442 458208 466648 448394 501848 460859 476642 463033 499763 484552 521874 471872 485550 488994 454333 475097 455072 459082 488119 488254 472858 472510 478718 484584 487973 432675 518431 458392 471727 506841 470392 465933 495078 476205 478327 
480562 454380 453487 470205 488816 498822 498919 456779 511197 485748 487047 427437 508474 426474 519933 491964 489674 463482 470298 487787 437942 482731 460817 512164 458810 502571 448014 484056 502000 497413 459878 443461 507210 494185 455510 463949 529532 477928 500974 425091 484798 450898 479415 444866 468749 497381 511162 437595 495993 522173 474230 458209 506943 519987 464688 510476 504216 475078 495689 497664 453371 479996 489990 488762 503237 495544 506830 467656 479465 479207 510917 506022 483922 467457 446495 494524 524642 461158 461784 502787 492611 479346 532269 500448 477580 531230 490620 497587 463367 511813 492233 520953 479528 501446 530657 476345 475079 451000 489005 481516 514210 506872 512918 476210 496610 459900 421997 443322 467436 501386 521697 456116 476882 493505 452428 480636 510556 474751 475743 493914 495263 469894 494113 480575 488985 454984 516358 493130 518466 499763 496090 509457 449652 474894 456532 494867 493966 483433 469571 512646 473937 451927 438420 499352 517938 451933 485168 465377 509491 494852 460807 442439 447884 454890 454167 426390 503576 504636 490527 477674 494963 478815 495270 489842 474037 502269 484550 469599 461214 520555 475236 443811 489176 520297 480533 538716 465618 516404 466410 472767 469066 492441 478360 478910 491632 497717 496035 485801 496293 473398 465683 506680 460813 476118 524700 490285 463455 489953 499586 490285 
518031 497763 502735 525556 542771 519981 536216 496658 545006 528724 508633 452811 563339 478631 585121 527220 513095 500849 495872 493182 473445 512405 464828 532273 498585 548515 480833 547625 538214 551521 524077 505636 535899 517261 528178 495089 557699 470711 511190 489615 532378 488604 542020 506278 506722 534588 536236 450041 559586 535959 505242 528029 528369 512253 523106 550168 568391 509898 549477 516054 503225 535296 545611 538583 542030 521960 545512 506375 544030 556307 520018 526927 545658 499073 498713 527368 573510 466152 502182 527214 542136 483576 556164 536996 499466 572251 537446 543421 490597 533192 521888 571612 528852 582577 576334 491098 547113 468416 524557 519021 557160 558103 530240 510901 547275 493680 471597 481959 539061 543841 564427 515062 509410 503137 486008 504687 520728 508269 533919 529513 543127 509538 493370 509012 533927 482964 571665 503757 562795 541936 522584 555074 508076 531943 501065 534583 556301 520486 527552 566253 507884 495988 492021 546852 545538 500294 532175 507498 531402 517828 498406 492459 508352 513121 501911 508826 538122 543659 544119 516111 530739 496896 521896 507685 517813 521770 522347 496779 502457 557482 500774 485903 496824 549820 528129 547346 513171 553791 515520 486280 521473 537044 502178 512567 542648 543802 516967 542427 531533 528604 486813 546585 472079 514863 549383 521514 520004 546528 509783 528250 
504026 480333 492075 478983 501979 502786 465328 496778 487948 507674 470933 432453 535079 456084 537664 521842 492919 493008 477953 474872 480516 502592 451558 530896 491252 495364 468100 498746 505686 521702 466201 446912 505584 509789 465085 482905 528222 445760 489912 459368 522429 465791 501443 487601 479879 487744 495235 439489 492823 511283 487555 489054 475742 477344 464911 483539 541373 512444 512901 484010 485363 499270 507769 491625 497582 502183 490939 487108 527108 507412 532651 487924 496449 480228 480895 497020 565966 454967 486134 526679 490589 459573 536746 488458 495207 525816 506521 544287 486703 466647 502619 523406 500474 528301 535181 449067 526336 468174 523298 511931 545378 501728 524673 482482 533764 477355 458723 446454 482552 494732 526828 473868 506738 484208 468402 487377 512333 498071 478282 507898 510049 494438 512224 490379 492870 466296 491107 522404 540030 513985 484920 513497 462209 480162 474830 516535 536026 472753 488101 523078 488529 459905 469859 496693 526030 495576 485788 477649 494238 495600 474450 482731 470846 468618 471328 460012 526581 520106 500280 495233 529128 496844 489369 499575 490846 505676 502928 471899 476661 542118 480498 496450 485266 537239 513193 528968 458142 506183 496863 462027 481247 501166 494663 519486 493102 503643 493460 509383 503965 493209 488179 552106 453760 477342 530760 495117 478232 503184 470567 492999 
549292 501333 524808 544577 558727 550473 532533 528228 559085 530965 519956 492131 576785 466809 581428 549562 541586 548021 522335 531854 485068 543394 486896 558065 535480 578159 489612 559685 574702 558746 514021 503910 554542 541929 507382 529208 576601 509210 546781 499924 578368 497141 538810 520942 510439 557224 544608 477787 537627 582253 519374 548593 562166 532093 526713 546908 588170 539406 557831 565675 557267 541502 555510 512696 544646 543003 541133 520759 559463 560689 572720 542029 531459 511731 517708 527180 576646 493288 526800 561559 549508 518222 572508 541950 538896 582543 554497 566128 515554 556036 525594 570198 551935 600985 567591 506476 550763 516469 569195 562404 590058 549408 571823 526731 585633 519660 489320 497213 516965 533924 586198 523445 524717 526107 492012 543007 534950 527597 540482 547119 551040 516313 545938 498955 546189 496775 572723 522115 570931 552284 560064 579842 504183 522837 534255 556855 577048 520521 522392 560035 516091 509536 513347 572105 576109 515327 527579 524167 557703 538092 526115 517969 517457 514933 518543 505506 564585 565959 545926 536403 548899 507600 564705 506076 537475 546071 530600 523974 524601 589209 513978 534707 528427 560110 531304 567790 524413 541922 530423 488138 511860 540759 512269 560819 531494 542460 557104 539045 536805 521254 506550 545135 507904 504837 584422 539024 530457 581036 520585 550661 
520314 499278 512063 498151 541458 537808 535216 527775 556745 533217 514174 459777 547390 462501 580759 552759 517796 526496 489843 514071 494851 513902 491194 556707 525594 555127 500361 553099 558283 547166 510574 482337 540097 526835 501711 509281 564806 497945 519449 493749 544572 500031 525738 527691 497505 528880 536928 482246 540054 540793 506590 526892 522723 517370 500106 531802 562801 521332 544253 545513 550641 515373 524785 500361 534167 547365 531735 528242 523702 540866 549440 508668 540263 497567 508703 526081 577520 489674 503438 550361 510180 516202 591774 538753 527022 567599 551254 563646 501824 522249 534062 552036 522879 555316 569470 482570 541462 514151 522254 532910 573691 541887 536719 529807 554336 514418 483407 479528 488263 538962 559925 507539 512994 529792 491529 536930 519625 526512 532824 535825 520106 524382 547051 508581 536292 498320 546755 545657 549765 536401 530350 569147 505151 494632 514013 556354 541159 503852 523734 571259 505870 472902 496182 565502 548051 486972 533771 490673 536824 512175 517981 483228 517884 515912 492535 489488 550373 545063 530611 509779 562971 507063 531471 510575 529042 529172 524790 522513 539246 558702 505724 503683 515755 537552 527942 553737 512296 548833 511242 508829 509994 521105 502084 544990 526672 542843 535759 526683 518679 517352 488275 557895 502193 486966 541683 543149 506511 569572 494381 520688 
473219 485891 454784 481638 501041 493652 479900 493545 510248 505391 467000 439679 521693 444841 536238 523336 492766 506973 482290 489162 435231 490020 466548 504424 470743 512867 456143 522990 518054 515302 477725 462330 492579 520457 464968 464851 533783 473088 485630 452888 507546 455186 502892 504904 485594 488568 516798 433865 514231 485659 487657 505137 493159 517735 484994 507911 522535 531286 492477 491240 495342 488465 495370 486125 517279 524692 494085 490397 493611 514587 516272 520267 490966 459217 478566 501528 535814 473435 487225 516467 506287 461115 537859 496637 493972 524447 512645 536827 478464 477526 524341 522251 499169 528752 528978 465497 507982 475046 490412 505849 531998 505465 520636 481860 529019 469179 437944 445006 488780 523837 543361 487669 474636 485330 458714 476221 485567 486022 488815 505438 521945 494971 518663 484401 483524 462763 527530 513593 563875 513347 511200 522911 480279 497587 499928 522642 521342 488917 485428 519278 493117 455468 468848 509222 540263 451263 505888 484827 499718 502005 482499 481616 468881 473940 445902 457883 534505 533968 501724 491497 491925 489128 492975 485111 480929 487674 466416 484834 487403 529632 456056 478630 459735 525094 500658 538785 480656 515002 484967 482384 497360 509539 476810 513835 491127 485880 521472 511290 512258 495501 476126 530035 458851 487551 531323 510120 482581 508025 474145 503496 
511321 483685 488574 491813 530418 509102 515892 500135 533929 495838 483525 433105 519054 459914 543129 522682 509448 499218 482455 489524 458437 493253 487027 524419 481781 553927 457274 520396 522444 534401 482022 476267 519762 515847 482878 472335 568429 482814 495922 479270 517349 488196 495335 513954 483749 524059 530458 455578 516165 536010 510090 504325 517704 510661 489475 515794 537213 503504 531316 521165 507197 494868 502729 521735 512344 521055 513030 501881 507790 512574 526646 525752 522066 472506 516841 505421 555998 460939 505296 540109 518551 481950 537937 497658 509861 539901 525472 539009 488494 525577 503631 554580 507424 532349 559160 486230 496919 485567 489728 495753 548816 540523 523541 498636 542720 467800 463074 437446 486170 508621 559612 498197 508209 496083 435631 490769 481973 497493 524410 526987 540783 476866 512543 486968 536525 477924 557416 506581 541535 503702 524163 550282 465594 527427 486280 514938 535170 455208 495870 541179 500510 481930 479835 520884 524500 465381 511403 490857 510715 501427 483111 489687 497366 477157 474815 494395 501799 525392 503134 492849 531980 487255 526029 485908 487712 507727 501450 486964 461675 530868 493860 505836 484911 522631 488504 532342 497028 549794 495137 471474 479930 512067 486875 522907 515835 521436 501997 498108 508505 512139 480308 532532 473384 483937 549097 513781 506458 530651 488963 507814 
516501 468377 498569 486250 527009 495016 490692 509421 503193 507374 479023 439008 522316 447951 547916 512417 503846 498841 515422 481726 450251 497952 473145 524093 499055 520750 452594 516498 516116 518116 475774 468970 508333 512318 483461 489145 542355 485203 494702 484506 524369 456351 502289 490861 461652 518287 500002 405931 527178 518776 503116 496192 506639 497695 483595 496587 519617 507118 507342 535780 497868 505410 525398 479258 524203 551719 514225 501956 542735 515811 532496 519555 512770 459050 487667 480332 549302 461745 481284 527430 533596 479535 533678 497573 513837 546351 504230 538319 460326 497382 526495 559206 496077 530567 528081 486225 500868 479055 513280 504605 505868 503005 529396 470210 520529 479922 444824 447265 489850 485437 553471 501933 515025 490311 447572 481530 486342 483373 510998 521656 525073 486912 537170 496088 508451 464065 537578 503538 546897 516305 511483 556584 478156 508850 470454 504469 511287 468522 471247 533661 483929 491305 495716 512339 549724 475950 515022 490978 525103 509189 477954 497346 487176 501821 484367 498156 531063 530933 495886 481208 539261 501282 535392 492990 489009 507477 495309 495861 481027 539648 485486 502987 486118 508425 506530 546591 483724 522229 505601 475581 501325 515549 473648 513808 505544 504070 497388 489121 521815 504368 475552 524970 458073 487308 545232 479956 508948 523661 506937 521486 
512426 492568 477726 508768 526473 501684 496122 502549 535491 520810 487166 437338 552286 472780 572986 506513 491588 466472 487532 493241 456849 512616 454620 546644 503499 531182 484766 533215 520769 534004 512651 467073 526282 516865 489594 494791 551866 456876 512348 480307 519260 471709 514852 505608 489577 483191 532762 430601 525311 497414 498112 522435 506767 505906 508191 518685 532664 521654 505671 493777 521921 482312 512895 529513 518670 504865 519521 482825 493762 526351 527149 495552 516775 460554 476615 498188 566497 451130 489453 532828 501930 469476 537481 510582 511203 533282 510414 549454 494798 487984 516827 535162 512198 547535 527789 462969 513888 487882 496693 526238 548310 522496 504259 489846 532249 478853 466897 447801 481617 517144 556269 504681 474875 490084 458712 511375 534789 502553 500623 521391 499773 506845 508884 497212 543735 457555 555260 503474 535089 501923 498099 521074 492864 511793 473945 509001 519718 500422 505824 535422 500747 463721 462851 525081 530065 472242 522196 481123 509756 501129 491971 463416 457975 480605 470311 496042 525415 524883 508947 504380 528937 485485 502430 496599 498354 476610 507110 486948 477974 531044 493645 487956 488408 504683 527932 511901 487197 506244 493667 495779 480676 519340 491495 501083 512778 535824 505191 533650 501395 506262 473913 520171 449350 492856 543332 507075 510242 528188 491654 494129 
506144 466357 468029 469947 506306 504652 493686 480314 524128 494794 469987 420656 499695 440227 515739 489305 487740 502069 481079 450522 442179 492525 449523 511721 494136 500558 444906 500946 517475 511877 453628 470562 503317 498479 463277 456381 539992 457348 468763 455374 501398 455493 475221 494579 485461 491502 491219 430269 505595 521258 477223 485878 485086 481831 473290 492760 513496 494517 490549 490587 494127 492564 491259 478666 505900 514120 506755 481578 499922 514280 530493 495709 509963 488702 476734 476673 539893 442178 486827 515840 503989 453411 532442 480679 499644 522187 535572 513823 463124 482662 492971 514997 475969 518108 518869 455278 502928 470644 488904 500464 523514 497390 513827 468556 514299 478930 454600 439096 462296 486332 517667 486928 492436 461565 445888 460363 497138 501393 482519 498738 479979 494526 488436 447463 512926 459675 511625 504966 504794 479726 500157 507471 457141 479040 446901 501542 506887 484365 474924 514322 466438 475552 470580 508671 523354 493522 489549 475544 494060 501392 477389 453940 495748 469106 461995 486561 516208 502966 506636 488494 509806 489138 478014 483639 481775 501929 483955 485454 503469 535779 456885 472268 452176 487201 480464 500705 477812 504069 504299 445218 480970 505087 470365 488425 489072 496778 477438 492550 485606 474418 454935 511444 433573 484131 518088 496850 496623 518771 491172 497718 
484476 438327 441357 456799 470104 463163 460701 467266 467837 465935 437989 396748 492233 410290 490342 492049 453834 472790 446758 448209 424018 454176 420533 478009 455347 485181 447750 485301 491396 490620 411314 444967 484533 475258 442493 421961 507600 452949 455576 419912 471121 447699 472589 421891 445738 479674 471389 414136 499576 457652 466665 471217 485870 465450 465050 486207 462540 456332 452386 478752 447964 444480 472927 428197 463660 482676 463858 466822 487809 475920 492276 448456 477805 438258 433747 472331 497025 433156 464756 488331 474800 456129 506533 497800 444213 504028 469256 485126 454521 473932 464519 499053 435277 500108 492376 425070 473121 439075 496452 452532 507265 487288 473951 444046 463493 433945 425940 401239 422438 485386 498492 465091 455679 451337 422860 445183 471958 455093 448222 482431 475362 438309 484566 454196 476528 420161 496555 463177 498462 483283 470118 504369 429086 436652 428047 485428 462981 464719 438900 477052 444118 444120 451485 472779 508872 433172 465503 456940 475401 461684 438204 427988 435139 449533 430873 434789 493707 483149 495322 438521 482351 434924 462319 452651 467179 467667 451427 442316 448459 471801 435346 452806 439387 486991 449928 478095 439057 471761 474224 439346 435313 471260 452932 459023 470024 458533 476430 448176 465827 442489 431345 505055 414543 429414 486769 494198 458591 495033 444365 490620 
518522 491982 491437 470228 548904 518549 513507 519178 522946 505858 480892 430125 542711 473563 564926 516514 490184 514659 477454 472494 472135 500195 472919 546148 489121 533039 456125 531791 534041 530171 502981 473196 529126 535325 479468 494422 567573 467648 508736 466458 518950 463500 497830 535410 498620 508089 508935 466330 522152 539832 481618 499553 508848 498112 494434 519590 557437 508276 551702 519277 504246 524994 512458 507322 526145 516050 545917 503027 529158 523621 527967 500580 524643 489347 506245 525809 577102 469101 508494 546878 518003 491597 553162 502413 522151 557989 514799 549245 471829 501122 511581 561649 519526 536291 564582 451370 521609 495204 513091 513164 544758 502272 527233 523009 530996 501175 487875 456033 505859 508768 578644 510394 496391 486274 483489 507951 503908 507650 519496 517281 516012 503624 511566 500199 514050 497918 541320 520611 557298 520239 533869 559393 490754 531702 484635 529658 542284 490478 499909 564227 523781 487180 487695 552688 527848 466752 495423 478036 522456 481797 493597 481511 501320 498750 501822 488582 524622 508847 526354 503136 510473 488383 510734 485347 506488 509673 526113 512811 491002 560801 504282 498151 501818 536835 525386 543155 495323 538251 485535 465639 503848 508489 508648 536176 534585 548443 508586 515049 524236 524215 508737 562826 481847 512062 533032 501794 483500 519795 495994 521206 
502675 459130 477886 462475 508360 490577 481505 477117 527463 493383 436489 431566 509892 444350 530237 497972 484950 477969 464551 462434 448129 473361 431004 515875 499013 500327 438186 494808 495772 498250 489452 467063 511722 473592 490771 458891 528992 476263 494744 427846 520994 456937 456301 483319 450910 486001 494665 439127 500069 518260 467210 479345 476539 484848 474025 482125 517302 500267 501257 495962 482129 483176 487556 497678 488295 496867 507456 486313 500968 509458 543568 493376 488411 448577 470301 465977 528674 451000 477387 480408 484600 472688 514245 504000 468231 509619 506924 500091 465929 477656 511548 512732 470898 530302 519702 457632 483667 447586 477453 494276 523329 493487 522113 467532 522453 455080 473472 441987 480101 480814 532021 474137 458396 468316 461366 483850 488682 475084 491836 510513 497176 473459 493960 457921 499493 446555 524842 491683 514346 481536 480094 525343 463008 480853 455900 491214 502884 454376 471439 505797 478373 457459 478733 501680 518246 441133 505847 434755 498050 483212 473879 467145 431437 463842 446903 459111 482100 508280 503473 469669 503676 482037 480839 471977 486099 489412 497379 491913 470786 529416 459747 465580 464492 509605 495009 524811 486876 504403 462013 460313 513614 489838 477151 495795 499309 536407 503429 475481 490943 479711 461300 503976 453901 460084 506913 496197 478094 513377 478518 503814 
512804 455725 487668 462095 500639 486289 497259 523781 511773 500621 469929 421642 523025 451585 536932 509399 505956 499021 456683 464823 473268 483944 469015 522369 488552 506566 452212 508121 523990 507611 486421 451705 484133 499921 494843 483425 539643 482120 465356 476117 502018 445004 465001 490755 463840 501274 515733 407374 522840 495130 490251 478421 515358 487330 492065 503868 539120 477435 506777 477569 508564 493689 517428 483352 493923 512844 503338 488177 514047 491968 508579 504959 495356 476922 511452 483493 541835 455553 486734 516825 493755 471254 518894 484771 526380 517404 510936 523609 459226 502995 499275 554234 517620 523380 520335 461675 504901 471795 479196 516781 521448 497094 512710 487813 498558 484734 447790 438405 484199 516345 538526 494548 488668 468321 454067 471904 498528 492279 490310 518417 506126 474791 504928 486021 517266 479294 518331 510730 506959 524991 508252 512770 445173 483999 491919 517123 510080 461400 491322 537578 490009 445844 463604 512305 512231 460661 490981 476944 500364 487263 490563 468606 449800 492287 483243 472785 487069 520460 514808 483577 532432 472300 506458 482651 488631 493103 492364 483045 473750 529396 466323 494113 478283 492485 515875 545342 478482 510795 512659 462065 493126 506007 473701 507946 508068 513997 503076 511899 489031 517404 473712 519841 476146 467802 531192 507616 483663 524024 474822 497591 
477533 437994 448527 452816 483079 451830 428864 475829 458757 457910 432275 395796 482004 402536 499827 492602 471347 448947 431270 442580 412772 446892 426494 477229 452566 497520 418121 482208 471456 469440 451274 439730 461503 469020 425428 431402 496422 423333 455302 423235 475832 430665 464791 453555 449955 467648 462194 412187 473629 495980 445426 446321 455606 468485 448024 462377 495202 461730 475027 463615 457529 462144 470878 456786 483913 481733 480043 466519 466886 465979 483568 462096 448869 447260 422886 459934 504301 432201 462849 460755 458861 418867 504692 463524 442671 481172 499458 501310 444686 455939 469037 504194 475136 486290 486433 414966 478758 438451 467540 473237 523666 464639 497684 449336 472592 441204 420425 401787 467047 453567 520449 462031 450557 443975 435573 437308 471986 436606 457796 474117 465132 457153 478581 461891 463277 422605 492995 463967 513612 471245 471474 497890 425026 442012 452854 454383 471190 429481 451170 464663 458623 431787 429206 468628 478612 446136 443439 431659 474944 459711 462829 418031 423984 423897 437657 419165 485313 490875 480724 446469 472073 460878 465235 448039 461695 468201 464537 473582 438587 485514 447420 475099 426187 469367 463561 488537 456488 474329 466167 441130 462198 458856 434782 462035 459611 479185 461954 459194 469080 462079 433903 494741 437222 440825 485314 436932 451578 484602 423984 456152 
499542 483958 472393 495539 502523 494194 498876 493946 516801 525330 485911 424291 510055 454775 548760 522817 499687 498032 488426 479391 452864 484019 452947 522728 478571 518254 465460 522657 520184 546866 494394 466285 523876 525317 469343 433709 543910 483382 507187 473227 495637 474354 486134 494703 504698 493124 543580 437158 520890 501331 518153 495009 505531 532532 489655 508092 521031 519676 500631 510473 507022 476262 509011 504747 522449 529176 505207 492707 506824 512411 532575 515978 502565 490429 493995 526711 563875 476450 502699 514645 496455 475851 546273 505153 489351 541317 502317 517055 488121 460583 526537 531139 480806 532157 556142 447118 507633 466682 502523 502048 531642 534786 529295 487127 530080 484525 444407 451637 476329 491769 534539 487926 495073 505450 455702 478428 492885 512913 486494 518223 512091 494205 501940 481065 505716 486330 526001 493026 521113 508414 510118 533747 467707 504016 475409 531489 506859 499121 492840 523617 484105 441417 467471 508177 536055 470187 515580 494820 505681 507108 490673 469092 495015 475404 462062 468399 533613 517099 518501 460026 532775 493996 503883 492186 492291 516032 490741 473478 490325 531564 486363 487131 496838 525286 506372 544228 489848 533953 492794 486233 494538 513351 494182 501083 490196 500557 515180 500550 496815 492083 480294 534350 453145 494200 531330 528177 488466 536078 499633 497012 
519427 477208 490373 497570 545631 538719 535058 523755 538668 534119 515525 447477 555021 492978 585504 551166 528899 523228 512225 502453 497341 536589 482062 571142 514734 563001 489380 558161 561697 545762 496538 492844 546499 561053 489910 498765 575646 506890 511501 498189 535090 506897 527078 534794 512671 544108 546008 441247 526779 536844 518318 541471 549575 518543 517191 544585 565179 537817 528994 536898 526764 515401 541193 518226 513331 546838 530232 529089 546849 548213 570544 518036 537670 480344 526992 526708 552899 488865 504947 537394 518638 511495 544049 534733 516083 549353 539875 564917 528703 534117 521907 572193 528572 552965 563305 494339 531141 486446 529015 536575 577004 553866 567359 515949 565247 521951 461045 453575 522650 533809 558513 532607 511634 505142 474827 531360 525057 504064 529937 539941 538821 510886 532060 520479 553004 492360 572758 514918 579663 534853 519931 550270 490804 501314 497406 546204 544021 513650 502883 545345 502928 494663 486698 567046 582204 505889 553991 512606 555562 532979 513765 499282 485889 512290 507352 501234 551130 544496 522523 518387 562434 518691 528680 498246 541242 519082 507136 503457 509367 543373 516049 486790 498142 538097 514233 551398 514328 549896 522576 502338 512382 527985 515115 551239 520778 538634 538229 520784 526029 516924 500703 554107 477979 494785 560645 532634 502169 552810 513129 525523 
499367 496344 505053 498794 512994 504500 499080 511559 524410 489352 488054 431393 531288 476849 539908 545560 485321 501860 490240 472833 476324 500228 461572 527975 499949 521508 489730 509646 529375 519290 484301 467392 511195 530425 496779 451643 540244 484192 484728 463485 513543 468239 485934 497308 486037 506371 519369 439141 531421 528385 490795 500238 511078 495495 488845 511391 536214 513548 518542 507883 500133 494426 523348 503876 535149 520547 521094 473799 506512 518743 540636 485351 518311 485425 500420 493995 561887 469137 509445 534714 500634 489462 543799 506977 517948 535565 521154 509792 467727 491230 500446 545538 494517 515129 543832 463835 508476 475430 487020 517685 556320 519118 525052 482765 503495 464853 475671 453163 476052 500552 533943 496957 484956 483503 461970 519862 495031 503359 501216 515262 516277 504595 535855 500435 516006 466321 530130 493905 517462 500638 524115 524967 454307 486863 462596 523741 518115 475787 513560 530140 497560 460803 468332 553815 532292 488769 526819 478719 507330 494535 505654 472443 490931 503758 467491 472904 526971 526844 526753 487300 563595 481476 491517 458375 500205 496916 510252 487981 478983 508858 499058 492235 487398 532204 519244 535367 489552 520170 492257 483634 501471 504175 480234 518684 520107 523955 511503 496490 508862 509644 472687 538338 477873 480671 520026 512730 479777 529269 510862 492853 
478560 444479 455471 459657 491730 476667 479099 489997 496386 476818 473035 437271 501632 424625 515447 485357 488087 480522 470207 456931 445679 495919 445352 491331 487819 494362 445807 483234 508656 498340 442630 454684 473101 496414 460322 457886 504510 464269 484239 460125 485491 443911 457782 482831 452709 483610 456765 414954 485582 512809 469570 483264 481625 476328 460341 485318 501604 476512 496403 478161 474236 485949 488472 464266 504892 501849 461292 474730 487041 479371 496471 489838 474903 456592 474142 493105 520962 452368 485145 509083 474614 463718 505891 493248 464811 523661 470983 510739 444233 461278 495286 535601 467343 512286 521598 448550 496397 447240 504847 490379 511902 475130 521821 461472 507232 439239 437921 432331 469103 493876 500409 482458 476571 457999 437049 488981 487400 482452 467154 506858 515416 477458 505400 471230 471486 441757 498761 465589 507518 496559 482093 499741 440380 454017 451811 500858 516824 463862 474058 522263 447764 432525 454342 497078 529829 456646 498678 466285 481648 468727 463376 457940 464736 456540 454733 426035 497595 532760 479638 474702 501756 463657 477262 466956 488605 482679 483203 451053 462078 503321 461156 477052 452103 507021 482161 515822 466679 485824 482070 453773 472574 472697 470929 495377 493165 492936 479734 485679 495866 492297 471739 535075 452239 457601 494547 511507 458148 500098 464700 498851 
505245 484979 477347 478617 514066 488258 485544 484208 520661 512292 477615 427527 546238 446926 542531 529619 490024 485462 476429 458997 450194 507443 417578 498390 478270 512903 488306 503214 506226 508802 480447 470319 523276 512584 493772 471649 531184 475908 465756 490964 511134 452272 495416 484505 467587 486345 504899 430418 500419 511978 484873 503623 488680 506851 502386 531615 530594 505875 514293 519272 481365 500984 531983 507059 516063 526218 517784 486371 527370 503964 515709 510773 521229 468897 486929 511403 548679 465826 488553 512779 503514 469748 541074 511579 478183 538233 536517 539301 472527 474954 513247 540132 517109 517092 545175 442035 525009 442916 517805 514810 530369 515771 524721 481122 518416 458032 466265 430807 487632 522080 544403 490135 500390 480867 462550 493283 511150 461129 490827 497251 516551 492147 518532 486822 504844 431677 530957 516505 517250 522279 498252 532274 463209 501989 459007 499784 531049 487384 526844 539134 481106 470399 464948 514693 532977 458058 497346 483464 494851 501906 503097 454396 477661 477821 466211 497110 516722 544279 532505 475175 511628 471749 501466 488230 524185 502302 522106 501387 463475 526052 494280 470551 490035 524702 518062 534948 480662 523328 504921 472504 485144 521409 475657 524824 520116 512681 495301 514476 498867 500945 494682 533768 463471 499236 521176 492750 463986 521340 483190 515502 
461393 425975 445159 429937 442057 437142 441378 449622 476922 469530 421569 383927 469301 420541 482000 453309 434804 449025 438839 439426 408509 439724 413446 468308 461023 463262 402379 463516 469341 472954 436847 419512 448439 449493 423137 437035 501592 418568 433404 419697 464058 395900 427345 448634 435168 433836 454533 374384 472266 447936 460884 449935 439500 469497 430688 442042 476372 456802 456331 467739 454803 455095 481563 459072 458966 476919 458032 450960 478715 458920 472381 463489 457369 442117 449523 456891 496959 414491 415288 485848 446028 432681 482254 424174 441716 484203 470275 471367 441768 453149 442423 487393 455919 458327 481565 418406 461120 419074 443031 451731 485664 461016 464879 425067 478678 430627 426860 400757 449519 453424 462011 428513 427827 433098 416782 460127 458499 432829 449614 446089 460273 448641 443321 430316 439565 422158 457125 454635 472340 465520 452604 477065 416019 466865 442701 484901 470808 449578 443006 476001 432114 428064 427448 469409 471589 419861 445269 445289 438098 456878 449878 438072 450944 429185 436656 417282 455494 474238 483017 441733 473062 424536 457078 441099 447948 458140 453501 426053 435713 477603 433735 441280 445158 447897 453133 479341 423980 478253 447916 435411 441151 462798 426605 491772 462972 456572 467114 460970 463066 440906 421299 449915 409644 453182 482577 457598 438283 460849 453780 454440 
478904 440411 453429 456763 480557 484525 473699 468088 480320 490070 444523 399178 507031 424753 500054 495183 456353 473167 449858 453682 429336 456399 438556 487811 466004 511228 435275 478741 489479 494643 464046 437454 462043 485562 477921 452264 516369 465122 482861 454262 468122 423337 470300 444831 445764 480125 496410 418302 514149 472246 444493 458031 465910 472222 462422 472463 499574 471141 505407 484328 477271 472718 474802 462699 485991 490404 489910 465499 473358 488806 508980 488713 493262 442888 454891 490093 525154 428581 447980 486634 474725 445368 496058 472119 481798 506805 471652 482165 454196 469116 485554 514420 489412 501598 521039 457972 496339 454424 465263 463865 508050 477125 492291 476765 507150 468499 428179 424770 465520 475928 508088 465341 459101 461264 462005 481948 457839 462310 497664 491151 471611 459388 474519 467504 470946 436674 481079 490204 500836 464867 495661 517475 440981 498813 444567 497014 501508 441804 460194 490767 467622 446532 457715 490578 495611 439519 497132 458484 485612 472107 445084 445805 449201 458461 443134 459400 487105 513231 499348 473286 483988 452391 470902 447181 442976 478668 476278 449647 464721 496957 441539 449203 462783 489513 474857 515474 439822 487800 458550 452325 481787 483813 472298 505101 483326 483303 481322 480625 492535 468798 454203 503129 432018 440477 516886 467046 471498 498899 444533 476956 
503255 490911 496278 522293 545804 498853 503326 488160 533905 508296 483622 440684 506042 456254 548319 516205 497604 505305 496218 477216 465819 486721 462381 524761 496610 512265 461786 534478 526196 529129 505545 489343 534778 489388 490636 467337 530184 480431 509381 472659 509713 476949 507481 494526 473430 498252 502206 417314 522175 502630 480932 479474 497754 508386 483296 514570 531316 518841 513786 506656 508600 485948 517590 498934 519999 527548 512189 510922 514130 508978 538412 486662 521454 478598 499566 490154 542478 467536 481511 498879 502616 470669 543780 508326 498697 533866 542876 519416 490130 488952 517416 556282 494908 558869 543077 458254 514358 467206 474452 512662 536706 508877 540794 488172 524563 473725 461227 456232 473092 498560 540889 496303 500547 501427 450734 483918 514102 493804 507596 499285 517698 482146 502419 497599 526825 464092 529340 520885 520427 537398 498815 527782 499766 502781 493917 505579 532074 522732 501061 517634 505583 492084 480292 525092 532782 467918 525962 470025 506510 495890 486043 492784 468712 492304 456027 472556 515473 532982 497338 483295 522287 492552 493750 497083 498782 491063 492546 485490 482754 555381 493932 462173 470278 518305 503995 528884 480006 521598 502548 482429 491219 497252 470058 503095 512303 529862 524078 510072 501445 489007 466037 509164 461387 481677 528207 509839 491413 532602 482837 496227 
539754 492236 501168 520670 554418 530361 526919 512421 544036 544509 534801 465067 573001 476902 577747 569769 529460 515295 495680 519553 487522 538772 478450 560331 526332 548865 483438 557032 554585 555300 534021 497870 543807 535284 513430 494325 566917 502996 528166 501497 546076 496273 531633 545376 508624 538904 532739 471813 551063 544611 518041 551529 534898 567463 520500 549548 569342 548310 531201 526536 533411 520511 543006 541372 556623 544183 548364 538631 545820 559355 562462 544361 552231 508287 530960 509673 578253 514014 523593 539824 532208 505937 590099 542491 538066 582728 559337 578604 500844 531164 546945 575892 525609 555075 562560 492760 549174 497994 538039 522219 577938 544500 565541 522257 557913 500657 500184 511397 507143 554743 585979 513855 528687 515703 482215 543102 541114 549210 562708 541385 543423 531455 554211 519012 541949 513687 554695 531995 574254 544695 542200 561689 493961 545495 514225 553098 542786 536167 544986 567840 520397 489888 496614 555071 559818 499685 552843 500239 546948 516755 504722 508707 504713 516515 519037 502884 571662 562559 548962 523223 547208 518051 538610 527198 510923 534826 531036 520395 516550 565197 496430 518333 524225 569548 552091 580243 520070 557325 527316 516119 540162 540534 494769 558768 552034 545377 528608 536441 541295 535129 501492 571784 495462 532705 531083 527161 524599 553571 550322 547087 
487838 446110 469844 479064 517034 483694 481998 490483 526701 467147 445206 428836 506680 413585 533603 499269 473784 486126 459716 476604 447657 470448 470136 527597 494607 521819 442496 493132 524692 493401 456711 452766 483059 498656 483869 441096 539433 465455 504691 460384 514435 449402 472318 507288 472511 495967 487779 410695 502519 486532 454573 482358 491805 467281 453830 491336 525160 489763 477441 497741 507906 506555 501781 479220 497183 480790 498068 483054 488731 504602 513036 479442 490181 453958 499052 485300 519637 444846 462188 519058 477849 466556 509941 484808 466707 532056 511701 501572 457576 489218 478402 521840 486637 517284 533236 456633 485933 467893 474853 474038 534466 508496 523934 468410 511416 462669 458038 452810 480053 481780 525014 472454 470210 460342 459630 515854 474546 475667 502872 497725 514808 460247 502834 468923 489255 462267 512809 491287 497945 491162 493078 504090 458615 476751 447275 506814 520802 466770 495178 508093 467632 439469 455703 515404 519153 447583 505916 453879 499519 484580 468408 458792 466939 484127 444739 455195 507346 514582 495894 476626 495336 473551 508376 462026 469145 482152 488990 439550 465040 542065 449895 464954 476854 495957 478008 523099 466839 515671 466414 463030 479372 477711 469846 514338 502159 494444 480579 486411 479421 471382 468771 502585 463153 486164 491832 473001 471255 517036 475433 487174 
514508 480803 505518 496643 545072 545314 509504 515317 511066 527346 506750 439028 543137 469090 571739 535860 519866 500303 469302 479889 473172 505852 469091 533165 509366 524973 459138 537982 550871 542046 496048 486848 526731 529677 510823 495103 571718 484021 503888 480589 501288 460643 498372 500817 509110 516036 530630 452172 539978 542809 494045 534065 525999 514464 507210 522375 524683 512020 530944 519428 506622 504278 509039 502622 535568 525978 512662 514339 527954 529712 540576 526079 541179 485467 515957 513337 544065 478294 490320 516978 516066 495035 558715 518197 520283 534949 501830 555723 492895 490428 509418 537167 514724 547515 557777 487191 535982 479500 515225 505544 565722 523167 546156 485545 561018 476014 466686 462201 516507 501085 552940 531165 514012 485215 487718 504432 516908 501648 523931 531440 524612 512787 531728 492837 506193 471044 543594 517999 553442 480758 515247 538754 475086 507583 508463 538066 535326 497730 490820 552184 485406 473330 492876 550056 543107 500722 533386 489073 521751 526585 490650 467087 497426 481640 486596 486981 522114 540839 529640 495147 524500 490768 513573 496993 520951 519593 509741 502788 506230 539226 488530 497791 485179 522930 534049 563378 491169 533340 516644 459340 529897 510014 512509 549209 532547 513828 503297 498310 531089 494424 506608 544752 465635 480554 536050 512996 505879 533612 523888 516797 
460463 437229 428900 464175 488509 465393 448501 469724 472178 464945 452659 395929 489361 421437 501106 475017 470315 453507 448821 447938 422297 460156 431974 493444 475968 477410 425985 486538 490177 481165 439855 433214 493603 468516 441538 454167 508903 440941 456651 450402 469210 417034 448955 450621 435684 447718 477073 381580 482592 457578 446121 475268 478068 482871 451514 488214 495848 465838 459414 464978 464960 464737 488646 437954 465575 474906 473887 463163 473087 498770 480927 487746 475099 420966 458150 477037 508347 433909 454433 469431 469538 467870 517622 470113 446629 490706 477394 498991 450048 462893 484010 514430 466023 492343 490112 437954 467334 453199 457173 461815 486504 508032 492477 473284 473493 447816 421621 432294 448833 472083 499306 464885 457738 454643 429928 494123 449032 471178 456549 477445 488225 452506 485143 451146 472089 447869 477281 487461 503988 479436 471050 487194 429968 465867 457169 485531 486493 447241 443925 509261 445090 425241 445943 490585 491698 442516 471189 454988 470479 480274 441816 435567 455490 436059 449178 411985 488819 505673 459150 463055 479291 431543 448302 454785 470781 457209 462725 451782 455620 494206 416175 449467 459878 486918 478951 501154 444079 472822 450778 461933 455331 457103 471120 499244 465783 446849 479106 469941 468766 449728 439391 488559 426906 434501 511691 464106 457149 490465 448081 441838 
461009 442436 445316 462904 486011 463532 446083 458149 491693 461834 427316 406055 452181 433328 508466 470436 447881 457984 449420 449781 414768 462508 435716 457757 461792 474451 441862 487815 471788 496274 432748 441733 475795 455395 451021 443211 486341 461011 435114 430748 488124 415539 468287 431250 469569 492780 486277 403314 490332 459071 437136 457425 471008 475596 443269 485832 495676 464685 461506 469917 454293 449214 475204 440393 458201 468898 462040 469702 473404 487499 488989 440406 474392 429805 445768 458257 511000 434342 465552 479578 461720 425138 499565 490443 446436 490843 480500 480549 449680 468172 473479 489569 459414 492788 485236 413642 492466 426475 468812 470174 492886 477478 487840 456591 490570 444089 408249 427121 443057 467122 487750 472252 446326 458920 424177 442522 486707 460583 461211 466469 466968 449965 457365 443614 470267 421942 499663 455835 516711 479392 460185 484917 458473 446047 431052 476952 477496 454216 460272 482029 446215 409400 448478 487109 488177 429496 465514 444553 467115 446383 443424 430716 435356 456215 451826 446297 504733 494041 461328 464988 485965 454885 458297 468504 476109 463265 469928 466340 459350 501503 421911 442820 434652 474725 455505 475167 454238 462069 464485 451802 442721 477184 448223 459834 468506 469168 463125 485240 450825 454984 419726 495268 397760 441571 505060 470046 442974 501349 477189 489433 
493240 448622 472214 474668 495825 475949 495303 488543 495294 486961 459684 410886 501629 449916 518792 501086 482204 474038 479211 456719 441000 464625 454772 513453 489768 492738 439500 496557 508670 502770 482640 465977 503997 499417 467490 445749 527598 454926 479539 455891 512155 455452 480863 491615 467671 477959 497490 411373 491654 498945 477849 475310 472019 478743 466240 510266 501681 489057 483908 479412 500119 461420 509897 484709 488422 484896 482754 479960 504072 507714 494494 488415 475341 459807 476078 477653 522085 452143 457863 506529 504441 451816 517647 472732 485093 506420 526939 498174 456557 488773 471762 531555 499330 487427 511277 440915 481231 435258 481257 495767 511112 490047 506176 469248 488871 447790 450574 421558 466697 494258 528201 473585 468428 469066 428090 464597 484077 480397 472490 489544 502127 484204 472563 477365 487180 447172 509702 481769 505907 494636 493743 544058 452918 498095 475353 519637 496242 471078 478209 498968 455609 470845 455136 508430 511866 457091 491769 458622 483061 463150 472134 468577 459011 472116 451339 443296 489892 507672 484509 459428 512810 463554 470535 469032 481710 470387 486266 454012 445753 516223 471038 458450 468876 487581 469473 508348 478214 496754 469334 451398 476710 490231 463889 494450 489079 491853 498196 478986 480026 501130 443344 503600 439440 448586 512109 487002 478458 516443 461868 491699 
489477 476916 465871 489312 507689 497305 496590 496898 526352 493689 465387 424794 518984 461237 534204 511722 478996 506973 465946 489802 454883 464892 477683 516142 506030 518999 455207 518725 493320 543185 473383 473154 488260 502039 479267 466329 513454 479558 483825 468349 518832 452013 498737 490920 469202 494458 511464 441763 532424 514252 472513 503720 519806 491685 490231 495115 550284 506765 502314 504151 491037 486407 507212 492479 499921 502701 512795 492714 493095 514997 506852 503882 503453 452595 456013 498838 541167 458963 490987 526985 509014 479213 515651 505817 473959 544115 504362 537988 471024 494790 505451 525111 489568 545080 539837 475422 507604 467193 489837 488180 526003 510904 535110 486377 516295 453598 453519 436830 478347 508352 546888 514094 478473 472675 468855 493862 465520 494415 505727 504661 493274 483621 505374 466037 514291 430949 502291 510999 548902 513106 507013 547566 461660 506156 473432 506495 527467 485544 483964 519451 488519 484884 468925 526912 532449 466081 510369 468940 489301 519321 470449 473749 453385 453714 463739 469059 507975 555830 519519 478551 537787 469710 495026 471414 472286 497865 502229 482424 475532 529241 481374 485629 439929 507111 480789 511456 488019 496602 493288 461992 487643 506279 477074 507971 496528 508678 497235 489700 524628 492046 482281 539350 460929 490293 510171 491546 498073 513429 478979 507763 
513374 474340 486151 463521 509908 489970 485885 500535 534182 506994 455190 440434 534085 444646 520931 524537 483940 495217 458293 476199 439518 482550 445629 513268 469402 509895 447549 507707 528278 535104 476384 462563 517038 518422 476747 451984 540075 465047 487444 444277 501960 460269 485648 494663 468280 495374 500875 423536 485583 494188 495113 507510 489504 512823 467911 487380 528920 491603 484374 518773 496639 495302 497791 486094 501754 517552 525488 480083 491404 509200 499901 513539 466364 460277 487416 497032 537961 458931 475065 498375 486238 467171 512890 498616 483714 526820 527432 509087 492978 466909 516439 536959 492572 531070 544910 463335 472688 469529 506945 504148 518819 504484 521652 484718 518704 493794 453095 450695 471685 485108 535399 508004 483641 471066 454141 493772 488183 494135 476727 529710 534336 481842 511455 469352 529601 452911 529920 515066 522857 493947 509791 529529 458773 494476 460261 502314 515510 456789 477672 516141 487847 463523 460496 525879 523294 459440 480972 476975 496043 509878 473502 467676 457668 492284 467990 473548 527733 515881 493237 467720 514488 463891 497205 487517 503864 503656 486164 488631 491234 530018 492291 474561 469290 487060 505410 523598 453655 507600 494906 481753 480895 490745 474668 493355 516257 500868 492664 494081 491984 491083 471941 499719 473733 472472 509789 508681 489155 535077 504405 503624 
490052 449051 443433 487645 498541 475273 483756 481863 488657 458713 451427 424311 507511 444138 522092 505110 477950 484375 476547 434811 415777 467337 453132 494151 486391 494037 429706 510441 504720 512100 466492 454854 473916 467728 478376 473451 519126 473133 466730 443875 492034 443750 470711 477446 448376 485113 487075 430688 485743 485993 470921 473859 492861 498654 479223 513942 498053 509044 489788 475750 478414 477534 501475 470882 487971 506465 507357 460954 495562 496330 508452 486370 478903 460486 469556 478552 523277 458705 484289 499164 499639 446407 518212 495552 468490 514774 501175 505006 465121 463459 471521 522567 464944 504403 527286 429307 488407 446542 494691 485409 504212 502374 515172 493684 502369 453100 446562 427129 456216 502919 516442 483058 468218 468976 437415 446875 491809 473533 475494 496689 485768 456173 503617 482101 488845 440883 499442 487068 517546 508633 477624 507512 463565 484642 466183 517298 489617 460321 476273 511388 477535 444423 446051 507336 506827 459189 501027 456951 481462 458836 467644 449401 464791 454617 446278 442514 494244 517143 475757 470991 527192 465162 453666 468578 468611 485106 485166 478794 456416 503137 447432 463171 472941 499632 488159 528022 442818 484393 473510 451532 476536 487647 480095 468550 471697 498843 493446 492355 482069 483794 457472 505143 443178 456889 507108 487256 480899 493581 454334 484651 
521841 482027 493714 478792 529300 482861 519806 521412 530832 526590 497268 426909 533731 479712 555131 518348 506474 513367 472601 479161 476521 508325 479156 535685 490728 515138 472931 527215 531794 520875 478669 470868 513341 529001 505242 485595 547394 473259 504075 465972 520706 473064 517961 513927 491685 526225 523628 464526 534219 552142 502670 509771 514274 516867 505999 509210 555865 511707 530577 519549 498461 522677 527457 503759 539631 535745 522883 518571 538082 523682 541174 532114 526468 494555 465957 533080 571531 478843 486669 513542 507239 486417 533880 528303 506798 549980 518311 558139 487052 516878 506500 557023 495780 531393 556222 470949 524617 488374 515251 509761 551430 502438 541984 518964 550518 495052 485046 451075 482754 526450 541020 512134 533450 496188 472215 503574 521062 503890 530758 512527 520876 488555 533404 503566 518397 493328 529337 530867 565573 540683 539807 551967 461766 531421 494924 518752 522184 490973 500065 535894 496867 483174 488004 540088 521784 488361 523173 478635 521818 523811 474262 475650 476482 473827 508546 461454 532163 543364 511635 504281 546670 501822 516047 494669 520363 521712 511815 491834 476137 529456 489113 496682 503785 534587 521877 564556 513075 526252 515233 497633 502646 490452 497736 528578 512712 517235 499447 520498 523570 521264 494057 558442 489669 472065 522780 494976 495244 543650 504815 509390 
502564 470965 469940 479191 494282 474408 487229 498731 488625 500632 460715 422789 505366 436567 527255 501924 505140 504043 480082 451194 448925 491725 473322 536589 486661 514254 463757 494232 506995 491222 461800 468189 515695 515467 484617 439276 538706 466979 502897 460152 519264 448311 485658 484937 475897 493808 489781 427145 496253 510433 486685 493561 503342 486837 477615 503046 536195 500943 492916 486049 497598 500858 507483 501452 499147 495191 508887 499601 517950 515815 535881 483717 486964 484562 484039 488875 527603 451478 501204 485437 509888 470206 523331 494938 487513 536638 500887 528604 470922 478043 508103 531810 500258 527947 526644 461790 494960 451776 503020 512930 527020 524689 511892 494209 514602 476736 449826 435498 492343 504384 552416 495763 485606 481360 436587 490562 470871 513940 459552 497000 523306 475866 491334 486472 510451 453958 496254 486853 520752 504674 488929 523573 474969 485682 477408 507889 508587 481165 470065 502214 463622 482282 455422 498058 523959 454805 492059 464653 503343 496823 481802 471855 462595 481357 459140 466035 501312 508312 493709 466524 501988 480267 491981 469377 488044 499548 509390 477490 469173 520125 485220 462193 483527 515114 500457 516845 470356 515179 488144 465862 480702 491260 477493 495261 496244 482958 499744 493255 475086 488913 454572 511235 454506 463486 527519 507876 474993 510975 474187 498767 
497660 471573 467293 486577 503776 497167 488018 491513 500244 496850 460697 441646 506661 444488 539089 512786 482145 489749 471473 465315 440448 497184 452756 515838 487188 499456 435996 512002 512318 538046 478502 457508 519469 503486 467162 461984 536554 482775 490801 464906 541596 459562 494899 452416 463582 506777 494092 430988 520745 484004 480371 496618 489876 495863 477224 492273 512351 501895 508964 518446 485058 489977 511703 505081 500479 506899 499641 492499 524067 507498 509090 490896 509839 468168 484064 510462 522468 454847 493744 497843 504267 471956 530029 505161 482703 550344 511297 522139 459910 479006 483153 528430 500687 563719 525356 456460 525013 447815 503761 494697 522696 501559 529250 466430 514050 475404 430474 446992 475722 504710 520864 498752 479706 473659 456883 475657 492613 472139 470975 502725 501501 470456 508306 460579 501795 454100 529381 490974 533182 492185 503021 529781 474273 470025 471335 502098 514629 487392 473118 515165 485188 442732 450134 528864 510717 458548 496997 476851 505359 481315 467904 466488 463706 486065 460774 444260 503959 517407 509499 498863 506112 474728 489603 515802 491621 510992 497442 475636 465402 525913 474245 479640 471456 512515 497351 519410 478497 512850 490466 457669 493054 505925 480351 487470 496631 504409 507003 484932 490303 478985 484284 509609 467569 488423 525817 496556 478131 526863 483202 510339 
452199 457578 452155 459801 480515 475293 463680 477100 494293 481256 452201 444278 492197 442222 514526 484341 473006 476870 463662 467672 435076 492423 452068 485495 458767 482585 426424 489732 496043 496550 460812 435269 499162 460440 451911 449893 492001 445615 464090 428255 501374 450897 468532 462748 458534 478005 478274 395200 492717 487023 452572 448346 490913 476621 443957 480521 484508 472145 462897 481550 463667 470678 482556 477237 471256 493617 484459 449397 462523 483291 505517 483137 475964 449147 432558 469908 498291 457563 457848 494098 475938 457202 507608 476569 470875 491032 482089 506836 446416 456539 466430 494733 490780 534051 489539 446883 498929 454615 472694 495049 509426 483255 492352 461753 499016 464768 413466 423367 467084 464338 496637 474712 453991 475803 422067 467517 465767 468671 448716 492218 493926 447575 501711 451038 486077 430023 492457 476386 493359 471366 485623 490797 464213 467708 467322 458681 506418 464437 456037 498125 478289 445262 438058 476440 482981 444295 473406 455744 492681 499492 447670 439402 473860 446985 449690 445822 489030 490456 471771 461395 485371 475491 467434 469757 485710 462042 436819 465428 435653 508138 446411 476565 432994 504202 481391 511060 473598 485215 464398 455784 467233 468771 448568 489718 482812 473790 482729 469648 472992 463079 431047 495036 422585 462960 510382 463435 471726 478102 467434 467013 
506268 477912 493785 485428 540131 519175 500899 529168 510657 513396 478479 432782 552573 480840 589472 554228 535797 504062 505991 502881 485638 519158 470635 565942 530143 553002 467342 518603 553735 526336 519807 469250 553221 527621 496460 499547 554441 507880 519692 473416 553555 504733 518453 517569 500118 513216 546195 434976 526033 526380 485395 523832 529309 524820 526810 523282 559495 536029 522401 541472 509992 515023 503479 497836 542065 554595 535669 533794 532936 555169 536424 519516 539629 502404 503826 521730 572201 489927 499676 521943 530860 489590 563388 507400 519990 551013 547306 563494 494659 542116 519564 566393 532453 570402 551149 485618 517570 512533 532607 557877 584161 543238 563799 517342 552050 491135 464757 462288 511661 537045 542398 506749 496433 501436 457621 524466 539407 521408 539921 541862 537310 499408 516756 497923 524765 482469 526378 510116 561998 516377 530599 553164 489934 504067 502862 512239 542605 516372 520620 550509 530081 498240 493452 537389 533206 492050 540470 479740 566123 526229 516885 481997 503229 491907 498876 487814 552516 548914 543703 520436 536240 496598 521788 501650 516682 535245 505159 523791 531779 546182 501393 488896 488647 540521 546364 558874 519996 517977 532628 526001 518180 531883 521029 543899 529777 542888 534824 503653 526230 521770 487690 563248 488392 479543 553684 515672 518869 561764 533901 518154 
510121 483614 518701 508462 522560 530855 512657 517569 546485 527044 476629 455471 538787 456957 550273 533101 499027 509804 481710 513409 483171 513346 475170 544273 495280 525878 482613 516824 560708 533945 500909 473358 532114 517081 522552 467677 557582 493125 537401 472639 522261 477918 498430 488651 504335 501770 541856 447818 510752 536925 493904 510203 518058 519068 506114 519717 566269 506780 533612 551659 500557 527377 540923 507994 533650 531784 548317 500228 515846 528446 545116 531142 540539 505992 495907 515013 578023 484839 481226 527881 509070 489151 538362 501959 487255 555596 523994 559940 501195 521766 535841 563492 512395 555960 572843 501270 515185 450866 525452 533994 561095 554666 541034 513963 546540 498272 487124 484636 515028 523143 557340 508551 499408 497160 461224 536050 526296 507338 519314 546447 526040 511398 510656 512005 515941 487526 504250 516492 542206 528533 519200 526464 468859 517028 469517 543962 538904 512582 512252 535576 507789 487189 489605 562827 540668 487334 523529 516482 536709 531495 494672 494000 492148 499817 496592 500580 542702 560872 537142 507952 529804 507099 510923 510867 525302 527003 507737 507280 499929 561765 512244 493200 515019 548029 526630 546845 496850 548217 510019 490134 527136 525120 503310 543830 546677 542446 523490 516178 534212 492034 499919 547308 483463 491475 565504 504843 505480 546624 511501 518954 
479630 430243 421727 457442 487201 466345 457930 452585 474847 463810 471653 405532 504639 419441 519203 467054 473228 448783 433373 448217 435358 465557 430691 497162 450828 475316 438816 470248 483104 489305 440222 431033 472215 483947 476282 433030 488648 449506 468289 438387 467368 435362 487790 457731 429224 457680 479776 407309 463118 479944 463999 460739 452562 473395 456386 476586 499548 476220 462602 471526 453534 466862 466387 464353 480764 476392 479094 469401 476198 463332 503737 462659 493247 465339 481755 460607 512815 427565 436711 475308 458143 440201 498542 466431 467852 514756 485891 501492 436416 461165 487933 495034 473278 500302 507420 419238 478719 430080 463946 466852 498558 487041 495807 463683 498271 458941 419689 431412 448388 489084 503691 469199 466508 427909 418306 471850 459129 459207 471542 479963 486672 455014 446789 438210 459613 444142 476476 459060 495047 473612 450971 479401 427994 459834 426935 479260 466467 443183 447757 475871 444492 446708 423576 501733 491184 456558 474682 461622 485787 470038 447697 439391 448151 438668 464336 421879 492074 490863 475088 458274 483545 446629 468387 469415 445902 513098 469671 439832 451287 464735 436373 428918 455827 504839 477183 500920 449554 500084 465690 470951 475223 485979 447466 474190 475463 472191 471571 470506 455822 445943 435586 501068 433289 433779 492323 474454 458333 482755 463815 471641 
473917 451066 457493 477568 482720 462057 454139 477108 477302 495256 449418 415185 487576 435229 499666 489267 446296 468509 444871 429095 411689 460420 444316 497642 484906 486150 422059 481662 485286 492080 453243 431050 476574 482660 433240 433856 514838 449048 455850 415192 475524 444388 486309 483290 447062 462478 453575 410138 494113 461613 465578 466930 478439 482515 441788 458670 496498 457538 478471 477443 466512 477402 465998 468342 485578 472164 491706 459957 470465 460489 486023 465108 476679 451245 460222 469273 503763 432919 442928 475597 464301 420944 488167 474966 461271 500903 481966 499897 464137 452852 483968 503713 476000 495091 492151 430179 474175 443889 466587 471789 499360 476645 486048 463636 484381 455461 446516 421102 464816 460293 504910 466818 480995 465889 437366 448147 478745 462925 451807 485914 480317 474309 504950 464158 488149 421448 486086 467009 505906 490544 479766 499146 454667 468295 466924 502510 494584 476054 448903 488285 469901 418553 435429 505422 492544 439073 475487 447091 456129 467478 430462 420023 461736 457063 439566 448976 494274 501975 492405 438907 481632 462614 457192 463079 451961 470125 463104 456993 432278 494204 455938 468991 451011 477164 461054 490500 437159 498110 471355 432826 453263 456980 462172 477001 473623 472964 455534 465554 484745 450911 439681 493516 430332 454135 477827 456213 474566 481964 463427 469929 
519106 484110 493136 488244 505292 511061 497527 506888 531925 521001 492945 440076 542149 449540 551236 525862 476412 481464 486440 497240 468055 504957 466746 523319 473278 513971 468700 513190 543037 537327 496288 470701 529179 510629 476409 472870 557151 462722 483671 464093 523672 468649 500957 477917 469868 505310 512482 448648 523595 513541 518158 507973 527733 519672 459941 496064 518729 471214 505310 498842 463749 515847 519018 491604 497700 529003 523324 498005 530879 513872 541501 509624 525977 466305 481995 525412 566567 469342 487639 529567 496441 489338 544627 512069 494866 557639 497900 534542 480512 496112 502155 544480 495448 540644 537351 459117 532296 500122 511472 495849 535453 520581 516702 466491 538272 500941 466497 450974 473474 523107 543608 495264 493766 501967 468513 512257 505507 500372 505881 518050 519095 494821 519210 492407 503289 490646 536198 519754 535684 509367 520599 542624 492700 488470 484171 517209 503174 491334 494215 515801 491411 469423 472510 533026 520095 472302 505290 513421 499759 514099 480563 470431 492370 502362 486099 458061 514635 522522 522797 494699 555369 489426 509320 502420 489200 530562 502915 498113 491382 513805 493784 483044 501868 525914 511175 561848 477736 525983 506608 467289 497262 515787 497895 525153 507293 486989 521427 500396 516609 492835 472552 546866 470930 479761 521882 518963 501846 520093 515862 489069 
520240 484109 490015 495636 537641 487584 496257 514749 519070 499300 469140 413603 534525 454090 550815 508868 479785 490287 478328 479738 436245 482755 468173 524193 494174 520651 445694 494276 535818 536000 480570 491980 504533 518429 466990 476675 548902 484231 507923 468730 518089 454039 510333 507380 485797 517709 505644 444268 528146 524721 482441 511000 498329 516027 481330 501254 534308 523715 512835 510340 498153 497028 499419 489728 526091 514278 525308 497730 517696 513115 530669 495655 523235 486943 481536 494497 546589 460869 495665 513301 495919 469111 515318 494971 488000 537848 514015 544547 485031 507151 493076 549200 491523 532401 527062 460705 500960 482225 512369 500617 547109 534040 533444 493621 539375 477140 464456 442809 480897 504271 543748 512771 481725 464132 468947 496247 500054 496428 511009 536420 491451 478844 507728 490298 523193 475567 512092 497538 542729 490476 493334 532277 465816 495935 483358 504003 506513 470124 481537 543394 497657 464069 463824 523102 521090 489011 512321 486558 513215 506777 501711 453517 487047 458883 467912 477009 528334 533515 527743 491840 520496 465825 496280 476237 502686 527829 496424 483232 491794 514530 494287 493168 457602 495878 524333 511420 481204 515208 518715 479661 482376 498397 488606 526862 497735 503748 503845 485891 499176 491101 470704 526901 461673 473162 499865 506820 494519 541609 512521 495404 
490499 466107 462146 478906 503783 498104 487329 489468 487250 485210 466175 428488 505422 426256 507702 503858 482016 476849 484989 467816 428487 466833 451231 495724 478709 495679 440042 499690 510822 507219 461748 464705 478075 493526 468242 458551 518367 460836 489959 455904 490629 449022 461202 455924 465700 485515 474752 416377 492187 498450 465731 461866 495910 492922 453451 483315 486356 472089 486151 487860 484322 471360 483163 468324 495850 502635 465782 476007 510706 502386 519691 493359 485397 462435 449623 479287 543935 461759 466842 497079 477229 450362 521002 484631 474052 515968 497931 494627 482438 454344 479470 538005 476592 502402 511887 446119 493015 446697 491857 473709 485600 512092 508994 478822 473833 487129 427040 442574 476070 484030 497977 492465 466369 473441 454633 483743 505483 463911 464021 502530 499536 483893 505305 483417 494131 417992 516479 501816 513837 482592 487984 519483 471137 489954 457668 495699 493768 468769 456362 496314 485060 437141 466121 494713 517906 452578 468709 461240 500884 494742 472240 434064 461892 446127 464498 454377 536210 515645 490488 465506 491978 481809 478848 470774 483124 492407 495018 461067 479547 513075 439442 455177 460715 501045 485484 533312 444264 475252 459929 491948 469199 496308 475415 495188 502975 493067 513392 476605 496308 469646 432325 516805 430644 467073 510624 501067 462347 489747 470258 481625 
493489 467516 481771 461850 505119 489195 478034 511604 505497 493001 467869 413710 518591 443250 524036 486789 501461 499769 472909 475955 465703 494243 456024 518466 463220 491303 425193 491176 511629 485815 472596 444620 505412 491515 458531 464684 510976 463998 454574 462402 511317 461777 493999 504650 486555 503569 465841 418548 521361 494308 454750 489148 499017 489623 461154 496708 527072 489047 485765 494050 494215 508468 506179 492536 494978 529995 506536 528576 513217 502987 508532 469574 505131 475556 467118 486748 530848 464342 502672 489703 490883 458105 524135 476145 478028 534091 532420 527550 475731 478461 498403 510569 502564 531843 516221 426127 501130 487198 504266 489977 545799 489980 509995 483251 521633 470697 458450 452583 461998 495036 514963 481275 502932 490715 437939 472965 523268 460042 467887 512898 500570 466649 494411 470628 501557 435861 504967 490201 532365 499953 519289 523832 477075 466688 471654 485368 515971 462079 480501 515372 487185 474095 466485 507940 533746 476149 482372 482036 496725 474208 466489 447232 479654 475582 450451 469522 523930 522067 524992 494646 517394 484758 491113 488621 477674 515475 472009 494218 459031 542743 464034 488439 481430 509074 498370 506177 482101 531674 499588 487692 476546 500165 467634 521772 516361 491330 511346 492029 466879 495266 450819 520697 433530 465888 519569 493141 494439 537148 485948 479198 
530352 479095 510820 488793 536103 501595 491865 496204 521701 528287 500864 449500 535797 477087 539866 533997 509431 491489 503601 478258 452989 504216 486730 540034 498247 536288 469662 532317 515105 529333 490014 480517 538532 528532 482546 488969 563354 474803 493354 481940 531402 504663 523261 498787 483233 524496 512598 436402 540250 517617 518676 501498 524929 547538 510673 517913 533371 516019 492003 515534 501434 490631 525391 509822 536243 506811 529779 489272 534333 538923 557908 514756 531793 493125 501428 490727 575856 463979 500251 527324 528484 503716 569723 520116 507769 543089 549115 548002 483149 509386 499440 565438 507115 527567 547932 483552 509487 492033 526415 511431 550230 533811 522794 509713 529438 480276 474127 458686 511387 500524 552381 521578 515432 512358 456034 517316 518231 515462 494442 528513 558836 501379 526452 490393 539190 482937 536911 532651 553905 532600 515423 534537 488323 512884 502716 528371 536881 490605 491433 548076 498788 485940 477067 549780 528140 470899 508658 482381 523050 504480 505856 481644 487047 505244 481320 471544 541255 539965 513687 490148 526190 482927 519182 517395 510320 515395 509732 492304 490094 551815 508765 513932 496893 542215 527947 558679 493789 526596 517040 491264 487507 504707 509074 533808 532950 534358 495002 519495 509542 514875 477599 523974 479105 495879 543432 498632 513444 526010 512422 510379 
529166 505470 501357 498766 539170 522625 512450 525184 520654 520920 507841 466171 562195 498069 549057 540120 513352 514088 466640 507082 495012 533980 460524 554105 510863 559966 494319 525750 537552 542982 494843 479963 543151 549743 473411 484288 553748 506748 495504 492143 526279 493158 504170 526237 492032 519296 522668 446697 533501 538142 507289 526600 526513 522972 501647 542041 567255 533870 522569 532517 528899 519974 537457 528311 529961 539716 511173 521010 524113 527662 549106 484369 535155 509686 520242 524723 563262 489372 519427 532114 498675 528460 554931 506653 533222 571591 529953 537050 513712 500051 534174 549120 520944 551895 562722 478694 525555 512104 519585 540683 577561 509224 534205 489090 535814 495011 492004 453063 484038 514116 557704 523251 519744 504868 481202 548031 507199 512431 511772 524543 528012 507535 508021 488362 521548 475553 562687 511391 539152 519002 528576 545436 469424 508079 502474 540841 559921 504058 525654 535139 506395 501718 472098 569680 536696 491601 502640 519300 531408 517428 516538 472232 492074 504049 500776 479072 551280 554471 536928 527463 551964 507127 520235 522482 514897 516755 522934 492702 494716 538430 506663 528495 512840 540446 519793 521330 508993 540918 527779 477469 510156 521560 515777 550023 531546 519251 501028 508386 515743 527563 469360 558173 473400 477365 557928 517978 511183 547541 514655 530970 
481146 441785 474053 461059 496724 467908 465767 473266 503328 464530 446872 399363 488716 415026 519997 463932 488652 479825 442050 446552 457056 449594 442428 498444 469145 501610 429262 489566 478085 483116 470435 455575 471445 480028 457137 439773 514748 415039 459239 461912 469414 439315 462610 463143 445521 485566 462386 405026 482100 488892 456367 461344 482578 438296 465413 486714 517040 467899 463821 480764 488138 463562 505827 466019 464087 472386 474959 476068 475819 482669 510250 472315 478906 425896 458927 472733 530807 442970 455498 489166 478517 442257 502730 467772 460063 517595 499778 476558 462507 455396 483408 492316 472893 507522 504401 458246 472309 452586 448501 469861 511927 510318 492772 468181 506690 458108 417054 414587 451217 467228 519865 479210 468096 454878 430580 476950 472232 433638 478669 477180 483799 464115 468854 455096 466469 441822 483525 474973 521866 477959 465886 500485 441038 442186 457447 490040 473272 442916 465987 494916 452966 428819 427415 512236 507726 434469 465705 462421 490728 470054 478226 438781 444864 457322 452741 443902 496739 501024 462853 452863 489769 457643 489858 465422 461449 473324 475400 431453 472174 493107 458152 452228 462177 482565 466815 487436 457075 497847 461096 466534 462298 485865 438026 484532 464687 477310 463089 474248 468572 464004 451653 504963 435302 463521 507519 474261 441470 475833 449752 451633 
506963 476077 476560 467490 521988 492649 487353 503306 513433 496868 462472 427710 507421 467774 547173 531127 480817 489207 484211 498914 459404 506812 486815 518485 468580 515317 450878 509706 524981 516673 460024 472741 506375 528887 486956 479544 537274 477570 499523 489352 544202 455405 517100 487899 470305 487866 490759 451010 519818 516747 483243 500717 519854 500575 489047 506751 534159 494267 507963 509910 480324 506069 512876 475543 491221 500254 499379 497514 506054 502971 548679 490693 509142 486331 477386 483783 548713 481844 494503 517538 499678 482613 536476 502259 500100 553903 489262 535126 471105 502155 511792 540919 489537 530843 502942 454298 505334 466188 504452 502967 524918 518956 537860 514399 540674 488320 462326 452176 484069 501521 552575 490846 478813 494842 453735 495315 508076 505994 531111 522765 510415 477184 517875 489233 490868 495646 509588 510208 553457 521747 477158 517556 458056 509300 476754 502653 516328 466445 478898 529209 488571 467591 484668 529950 516558 452662 506336 489992 524642 508421 480457 450367 474681 492675 491297 464113 535950 523788 498685 484440 507711 481228 498944 501167 487457 503522 505907 510558 492908 528795 465814 484497 488609 511321 492725 531782 480511 519289 508963 496916 482840 506433 496322 520584 492959 500824 498516 498068 506773 488449 490419 533998 496805 485389 525552 499804 483931 512238 502175 490378 
496348 462929 487157 487586 521048 502572 483548 505461 511372 508874 456631 441634 526808 445329 527206 530743 519608 520236 503160 487320 444818 495241 464296 532612 493360 511002 467610 515537 519497 531070 477534 454335 528953 498713 481091 461380 540315 457319 486081 467515 533369 490401 478742 504428 470674 488423 507540 404529 519107 493228 473019 499833 494209 508168 481585 504004 523132 510147 491896 501225 494329 514665 521277 493408 495300 530488 508339 518211 538056 517133 525896 514437 489039 472119 501548 503385 563751 471853 479454 512380 506159 469660 528587 484377 482428 516059 538750 522193 490235 486093 500907 562564 503952 529509 539413 444601 520968 487618 505891 500360 532151 518225 538182 466469 516204 507617 458941 433478 484549 512160 520741 481899 494283 483286 442325 475600 500062 491831 500935 531214 535212 484391 520782 504304 519659 473625 495641 515786 511239 512504 511967 537904 492642 498526 477854 522603 525398 493199 476533 523143 468767 493269 473340 500076 527170 469211 497782 484064 521399 496686 503631 479559 496401 478768 467497 489015 507136 529322 507555 504564 527758 495718 488812 489519 498251 487910 503625 504787 478448 549620 486405 475139 467831 527087 520681 554590 463910 528843 469604 482938 479355 477218 494001 524912 514076 508686 515175 491004 496005 490245 467686 523815 451972 483470 540997 510043 512150 520799 492253 500831 
531392 486969 499172 514436 528421 522881 530024 535990 544370 511076 497549 434519 568424 481552 552083 534628 521266 520462 509561 487864 475285 508261 491140 550117 523844 535869 489425 545723 553800 530151 487912 481153 500103 557510 507367 474902 572268 501472 506884 482821 519347 479409 513703 521736 500097 551753 510780 442393 540106 512887 500195 519368 547006 521176 511605 548962 539767 538072 514675 523676 525904 510494 548487 517803 534545 546612 533683 499998 522786 525650 535473 508051 521813 491647 512246 537993 535388 499044 523230 555510 533035 497579 562400 524935 524032 552394 549928 561994 487949 514262 514480 573305 519224 554006 550867 467951 528776 493689 516493 516036 560769 526829 553524 513822 526731 506402 487624 482039 496378 535740 567250 536364 514537 504455 463405 538527 509731 518283 521503 518595 539282 481395 542583 530180 528333 497893 563679 530496 545579 552316 540790 546033 509465 513048 510801 532072 542233 520801 503466 565478 515216 481199 488399 546300 563627 482779 539009 495864 513777 509988 511427 489127 504985 511521 485593 495234 545966 544832 532443 529315 551747 500808 517652 486087 515873 524157 524149 506129 489106 545573 512125 504556 505068 527755 509497 546097 490212 540004 496982 509685 503492 522079 494141 532489 525899 518314 542578 526724 516073 529814 485234 548649 477072 501868 540688 518434 500183 538336 511400 519987 
560934 528245 526817 556441 574882 576935 542090 558414 576818 536145 517401 498683 584924 510248 606335 583097 540816 569150 520825 525912 503056 573508 507564 566296 564272 577410 523808 581892 604932 580919 533833 524381 561489 555291 520301 512346 600931 548891 567159 525173 581985 528737 553764 564530 533422 551830 557243 486609 578234 578701 539877 549287 582953 579558 532664 561359 581627 540921 561612 554856 548522 550046 538141 535219 571875 561672 554207 538236 548743 573792 592885 553253 558884 517747 554973 544534 596747 510051 549406 571841 564413 522618 588283 569316 565727 597147 570714 594043 532703 535420 555360 586291 555094 599542 576789 502478 564597 524573 566210 554591 609005 575231 599461 537706 594098 529819 518884 497605 543978 552546 587024 538933 529476 533291 517969 565553 580561 549594 570195 573939 570815 550221 558570 544153 565156 514428 580286 527678 598551 568015 561198 582640 520030 543875 561802 567732 561519 548517 535284 578640 542751 514110 556348 580194 599229 520149 566216 520473 579414 548446 539163 498803 545699 530944 513041 512009 579365 561997 554487 562889 563250 544166 542367 538877 564199 556410 549807 544247 536740 594653 532550 538067 530418 564750 548486 590248 532652 582818 548826 522040 538426 566350 528772 580145 551852 557484 596116 536043 556036 556833 533425 595053 499866 519414 582886 579637 528956 584182 553371 570334 
510815 473570 482331 477316 523524 491449 489033 520952 512892 514894 482068 422750 527239 463922 529735 487206 500628 489072 482525 480287 457336 496579 477879 536676 502320 506707 459707 507819 520960 515912 477776 455429 512689 491399 479512 488540 551123 470406 457744 456024 503021 463428 468452 493148 472424 485295 523618 407696 516729 513692 481974 493985 501963 502421 486366 519719 533166 497436 516229 503616 504020 486542 527812 498444 504286 509675 496946 488174 527275 506533 515440 500201 495819 475541 497397 500618 551524 465262 483245 516778 500412 483982 526349 505614 506554 514441 515489 512551 461523 490433 527920 534844 504035 526964 530681 464808 502837 449063 484348 503089 530397 500155 526462 470989 526023 488337 456645 435614 462368 494339 545128 485890 499641 476818 449425 506223 485762 477533 486792 517664 508440 464752 508597 494926 501399 480238 507780 495157 508785 492059 509535 513910 481947 483708 497565 509797 488139 485766 493118 538449 465248 460789 468017 519060 524684 474735 503180 473957 504277 495252 495488 464786 484330 495493 463905 471527 509479 539045 540936 470319 527679 491109 520449 479158 482750 511507 510157 481410 480942 516097 475516 475741 492678 505110 516555 566827 479520 545029 467978 477282 485115 479271 481518 538938 499952 495874 493979 473253 493662 503384 458474 532779 456684 476358 527517 484180 480433 529551 495781 517091 
531834 478754 482906 509730 517989 502308 511818 506627 527220 530322 508178 430039 552766 463644 551374 518699 494668 517095 502371 486466 488725 498231 478256 558723 503263 535153 448832 507657 554830 529751 491828 471809 525315 512208 498881 489128 563781 486426 519206 452066 520059 481854 494143 483809 506183 517920 500493 419797 553226 514706 489185 504503 531849 506248 487326 512225 527296 495469 528387 501046 478064 513436 511310 506033 521716 515742 516731 483088 531899 527321 544586 517008 496822 497567 501328 519036 554892 462113 497010 505116 503871 489430 547064 497676 505656 546400 520859 535640 490071 531667 513921 527081 510762 550970 521004 481498 522878 477331 528917 520735 566450 498299 526242 508162 556695 485286 490157 466960 488524 501385 538982 478274 493760 508148 483728 494163 535544 509578 510468 542848 495602 483697 523183 505323 534078 466969 516983 494998 527907 484443 503874 533621 500509 477506 493644 522062 508260 495960 483599 544011 485725 482159 490461 520945 549250 485706 513175 495562 509605 524299 479531 468640 494207 493332 479681 489363 522855 549987 551510 507071 530641 504571 498125 501727 509825 532888 487811 494356 494894 535758 528317 501158 478224 517254 515963 534295 504273 523397 517608 478703 473518 521420 500688 518996 518711 510906 522636 497829 487513 499004 464163 535890 458472 490432 524112 513886 504210 534812 503444 526152 
508469 480786 484657 494537 507154 475537 518252 494439 521520 510757 482650 424839 523302 458266 548757 529343 504948 501869 483911 476305 456548 479410 461213 514205 496406 520882 483798 525635 516116 538080 481842 458557 510639 500437 485556 449692 530851 483142 478978 459907 514411 446099 488818 485342 474471 511362 509632 435069 507479 502561 494666 500528 503543 517914 487727 509489 541810 497728 499966 519208 496665 501656 499159 487713 499980 523811 493654 471001 510961 523467 516410 519455 524818 494326 492316 504226 544274 473048 477646 520201 515185 477304 540072 518794 480058 522492 497684 513020 492823 491985 534944 526410 504360 536542 533186 469687 503316 482314 478106 512359 535423 511487 518975 494227 507508 475416 460437 426952 479922 517961 551648 466545 472951 498210 457834 513110 507105 509922 501619 515143 525381 499355 518724 472399 510270 484303 515613 469672 513159 506639 504113 552764 481022 499257 465576 521802 511935 482538 501272 526079 481377 477907 464881 514391 526634 461623 480785 473802 518534 491248 492962 472104 468616 485872 456040 477609 503544 509511 532782 469958 522568 486970 497085 492439 478548 495866 501916 484355 485179 513464 478343 488180 479026 498386 505948 528185 464828 536591 492268 494264 480647 495916 482937 511349 522462 531794 505015 502804 507003 497454 469612 541369 467363 481261 510464 514858 493994 516447 484401 504292 
484820 459135 480094 484252 508398 475550 478604 497294 505547 489302 483865 433218 545983 443109 544138 492575 489611 491408 463958 465370 440583 470799 456192 505183 468363 487481 451334 497669 511232 500684 461582 456731 495270 492472 476951 450488 518200 466509 488865 464374 509676 446147 484704 474688 463428 495607 505529 413841 517623 498764 454796 491239 492470 474561 458081 513944 509308 475571 495019 476939 461876 483414 488971 485400 517731 500790 500676 485879 471450 505360 508440 486054 502828 475795 472732 497999 551025 461937 488464 510782 468146 457935 539801 482737 472994 525392 506370 523564 465592 493779 501116 526606 477415 530826 512075 453952 503398 466552 480597 477191 527735 499932 499044 499495 504792 475312 452306 446096 488579 503124 532401 467189 487390 477836 438684 479565 504691 478668 483476 518160 483791 468673 506299 482866 480042 455857 525171 485017 542868 487103 498709 511812 475388 467783 472200 495098 502602 464556 471658 509098 472570 462396 447831 526150 503595 445930 493619 471851 480506 471867 482997 472516 442499 469928 477275 465630 526674 509068 491550 473833 515518 483973 478366 466672 485742 500771 462228 469150 455701 539961 451411 490058 448953 497960 500632 528428 478859 509222 481257 449549 472787 494992 473025 487228 490810 497685 497754 507966 488389 479639 480945 526121 463353 481424 502180 488160 478831 500169 477538 495949 
495083 450253 450361 466886 513692 480528 500989 486676 495071 497354 468673 425615 519180 453470 539442 502238 485740 484695 472491 474292 439716 504800 458383 499048 468382 514093 435255 510019 519357 521309 452254 462444 514962 495877 464265 461847 530993 450044 471320 443918 489052 443781 481462 502186 433610 464777 504128 415891 492736 479370 479799 473357 490292 484604 486252 462407 528447 491042 489626 479256 471442 481068 516798 475503 521641 492838 505553 478595 497823 497872 506786 465579 512359 474019 487851 489983 548199 459683 475265 495843 471681 477701 500516 492065 477862 528009 482285 520153 466726 484143 514060 529581 466816 519580 530779 449380 493738 456869 484066 483890 527546 482733 503453 494181 504780 465166 440353 406384 462672 479703 523947 495762 491646 480975 441114 472911 472207 485852 476400 486283 501361 470415 487319 477921 507269 450134 504290 487513 532346 510497 483182 501783 460633 491530 465077 496052 495865 489343 460363 527413 470601 477764 459249 505850 515418 443482 497983 480137 470463 469319 473755 449488 458787 455624 461243 454663 518909 519221 492587 456290 513272 469466 474921 479440 490854 485519 472728 472544 462747 519690 460511 477469 472558 521661 490133 511417 456346 503132 491937 465320 479205 483549 475591 494922 466041 508800 485695 472386 507402 471470 473815 527236 439041 465344 514566 484009 480269 508929 475565 479396 
482183 483447 463806 476104 494747 486314 475714 495562 491721 471482 450331 425948 518998 428908 518869 482730 481907 497305 467991 477408 434589 497931 412656 507181 451418 504703 431844 499485 500713 481335 464730 460500 503923 501716 484711 457582 505601 450223 473738 454312 498872 453343 462285 478997 473054 492386 493612 414827 496260 489575 461186 475791 489428 490266 476259 504928 520921 494706 494387 484581 498369 476990 492983 461263 493644 500200 472737 497018 509026 500611 506136 485974 482539 473581 451397 488849 546162 445469 475989 487509 471538 450327 521615 479383 489761 512748 520717 485993 467997 460121 497194 540298 471190 520693 537986 450823 488491 461433 480880 482120 520437 496122 498813 454141 502989 467488 437769 433573 442277 491842 529345 478861 469433 475498 437244 502331 486105 494318 449368 506599 491831 458331 493359 462694 482474 455298 524139 488716 516084 478644 503503 514995 447825 474043 468079 487158 517538 459445 482356 496292 485444 464287 455477 491751 516203 446363 495873 486838 501133 479172 472280 447911 466115 456867 469218 461770 508236 501596 474416 481973 502295 443533 497521 474524 486604 478120 493187 458964 485483 520448 466972 470835 482170 511945 480603 497996 471317 498454 490302 485333 480675 487173 450153 481800 483565 479228 486726 483259 483604 464308 448819 496908 437784 462660 514753 498327 486238 521180 468239 493078 
521043 487462 485822 475566 509762 504725 514391 481564 531431 497146 460511 440028 525444 457029 547487 516409 503187 490332 489697 470427 466182 498806 485484 528018 485297 515526 462012 519669 518997 533288 483301 479331 533005 519497 484246 481968 537468 476951 518585 464192 525182 475197 511146 495626 471795 516813 525090 457933 538789 532692 502002 495475 494586 516530 484057 485258 521022 520763 508870 499595 515557 490062 519389 499234 512209 527288 507019 490807 518841 512402 535327 480281 508037 500587 484858 481642 533060 482542 506833 509205 514218 493556 540325 511957 494990 558079 509298 545073 484270 504933 498411 535160 492928 539956 533735 459976 504306 478714 515983 499499 539088 516622 527325 506186 513970 482399 455389 452807 461033 497068 540842 480142 518932 503763 462353 486139 523884 486440 492874 512352 514801 500749 509755 490447 519930 477513 529383 500509 544418 523331 482504 537514 475705 501805 472095 515697 521057 484969 496273 523017 503564 463541 476026 537277 547323 486807 511900 464602 514724 492737 487562 471059 485606 474705 454066 462851 558066 533026 502661 488912 534590 494299 507379 482576 500877 535772 503036 507853 454176 526771 491280 485481 486382 509749 493557 526428 498099 524816 514729 470383 497870 508564 486034 504176 501643 533547 509019 489324 491863 496042 495884 512984 459986 499562 521377 510278 475549 521131 505479 476394 
529843 509403 502934 510278 527240 510202 524393 521460 537082 534353 511644 471867 542433 491015 578558 545135 479169 523970 512419 517461 479476 514731 498607 539747 506263 549442 497792 520101 558677 564016 495212 498858 559032 541185 501603 474517 554119 507252 516482 487213 557373 500369 536228 495802 496313 513573 562600 464635 540095 540822 522279 517367 515323 543713 499199 523214 579572 532794 537341 538186 520632 513985 536037 515535 558447 553873 547192 504061 535846 533210 537073 549494 535791 486084 519606 538234 572543 490450 514430 539957 539898 492983 553041 522205 503358 564799 544357 567619 487316 523684 555309 573578 526152 565703 562577 510273 524827 477287 527240 548958 569935 535886 543148 505953 541997 485693 454744 486280 481972 542523 568850 526529 526108 518543 481950 489107 519350 500790 510119 558121 533598 538240 519932 512236 536218 475528 559956 519787 552461 545980 534156 548718 483950 532449 512409 533115 533097 503610 517470 560585 512715 502383 493502 568736 588599 508558 539444 523727 535046 536735 516109 479799 486474 517808 482411 490504 564389 555261 544404 490461 545724 504649 521551 506411 539492 550148 506564 499085 509130 542326 508380 510779 504324 554847 505966 543391 499761 527104 523144 506838 526730 524227 491787 532762 532184 544274 539447 515481 531492 522696 503707 556702 493553 497912 566042 516342 499727 542940 510363 532987 
478102 454594 466245 460256 515965 479759 487132 463516 497748 473078 466541 422154 500115 417113 530576 477846 466504 447564 463185 459966 438199 458643 443088 487283 487251 504591 450005 490249 490796 495613 456630 448627 494575 480807 473657 467224 517885 434964 459844 448584 500415 441778 460324 466807 451571 485430 501610 417329 517785 493672 459248 469182 495037 467239 474257 477560 497426 482877 478446 503955 474739 486235 497189 462021 484490 510387 479866 471790 498309 480121 502986 470388 489820 448890 440570 459373 528359 447512 447574 484297 503308 455347 518605 485458 455462 508307 474362 496102 454787 443273 477144 528123 464039 490720 522476 434416 478020 461234 476548 469317 489047 472623 510344 441506 504752 455577 462181 428885 459489 480201 524961 459776 430225 459702 460653 466696 479319 468263 478935 497927 472435 438497 486797 482650 470074 420257 494667 484328 505019 486255 478489 511762 456499 481463 461554 475732 479406 457250 467827 502995 453765 458860 452878 498873 493128 454267 486817 444060 499322 470075 470544 438095 462105 460625 449858 437053 480491 497281 487750 468781 520734 452944 483551 434376 471968 490383 482730 460420 448081 507249 443025 471171 467370 485136 467029 524689 457763 480783 481607 445955 472901 487594 448309 503357 461186 491710 486420 474965 467185 447015 441343 486768 442464 451710 513068 477808 448791 493416 461569 487600 
486856 471970 484430 496923 531045 505897 518651 482950 543180 498841 473659 434605 526940 457471 531172 523002 499365 513692 502104 465146 472506 483261 484898 523910 523445 528533 467340 522460 537416 528592 497233 479014 534171 523487 491007 487739 545514 478627 507876 482112 524127 486782 507328 500500 479193 532851 530511 435913 529151 511199 497261 511679 518527 504501 498227 506268 538748 528434 507435 516527 496711 478222 500770 510210 518303 530250 520614 496429 522977 537027 529037 532713 491039 467701 494010 509340 548449 477575 475437 504489 525236 476456 548039 507892 505542 541434 521868 548777 482241 524546 481866 571261 507345 538077 553822 481399 510453 471337 516205 515246 540460 525933 540825 502974 526522 494299 435484 461552 502402 517727 540415 508035 481068 501661 457387 500977 506525 508507 512715 501487 516827 492946 491694 477994 539320 471198 520490 500337 524950 524511 515575 533364 473011 513700 500100 517756 531089 492304 481664 547406 496757 467462 464701 528456 526893 483116 524297 471534 530082 517023 497102 476284 510128 467352 495770 458300 521785 535489 505204 491531 529510 486743 519030 484068 489514 501813 503059 490826 472209 527423 498924 482910 489406 513244 501779 547350 479405 526053 514030 483251 510417 499389 492185 522602 507363 519413 521218 492772 504918 500238 453965 505950 465856 491344 549490 515803 489963 532814 509082 499525 
487038 415306 447278 457244 478001 480467 463433 487026 477220 468072 428494 395343 464277 417213 509070 465060 461799 480072 464505 452006 427913 453718 429294 494627 453826 491104 436418 496959 511934 490495 431252 440809 492922 474177 458469 445215 516173 428325 464277 422273 474358 434379 445366 446198 428935 484705 461429 407075 492082 477434 458850 459860 473042 455767 444542 474010 488654 462411 456640 465768 439729 454193 484611 427828 467452 472535 472868 461655 477199 477680 484637 453743 483014 434255 448915 477093 500374 432785 454052 475574 466551 464992 493924 485341 443993 497169 482830 495018 444657 480691 462636 511538 457804 497096 491970 420558 447147 456177 476164 460910 514593 481633 473330 441395 467563 452371 439078 411510 454077 464622 489867 465791 443509 449509 424796 471149 466868 453093 456245 479975 477160 441244 476217 462870 483162 433731 483194 475693 509878 469068 470161 510545 431112 454484 447582 511858 463672 458997 433860 472090 436701 435353 446658 471134 480596 442275 463785 444550 477802 464889 459644 430275 440035 435012 440137 420597 484498 492549 472023 460302 483540 450388 462670 453569 475391 443462 455553 450852 426715 484575 437386 437239 457554 454693 487444 491209 435188 479747 457140 440840 465569 470262 462420 469959 479180 457777 468416 438326 466868 449867 434475 487578 425011 436552 479743 465383 452510 490378 452156 458548 
506300 482486 472474 491253 519383 499134 492726 505279 527024 489268 512498 444438 536165 461960 556897 532637 483407 497192 478370 487681 448339 508155 472683 515792 483187 512991 460658 533059 524525 533916 490882 464609 517869 502270 501412 479548 551034 473447 496245 499739 505648 447636 513207 511781 461484 484176 503515 447904 542477 522725 466387 502396 517971 512083 491753 529180 538633 496227 505928 510230 488316 494940 501768 487846 508326 538170 536919 502344 508397 503656 526688 521690 511806 474045 494524 495603 518881 468618 480287 532810 516347 470756 528234 501545 519771 566762 500398 515403 492965 480711 501769 538670 496631 546663 517324 467122 514422 471131 486278 483020 523458 505210 541786 482562 539676 476141 438907 455946 493901 508606 563447 505865 517477 478274 439852 485570 496961 474939 489993 502210 523428 474767 517489 482858 515912 460162 521870 503888 529945 509512 501082 542206 473522 495290 488165 514944 515963 495436 489018 525801 482850 457956 454713 522418 548795 467910 491842 492907 526194 493455 487496 474782 479503 475356 489346 467608 529200 517460 491209 501475 535461 465992 504529 501152 492344 495610 501988 489869 480269 534142 475532 472113 474968 524219 517327 537852 484034 521401 510594 464674 481753 520197 486655 508116 502135 492346 498289 499361 503379 502609 482478 554174 468416 493024 522291 524532 504090 537661 518810 501539 
504023 454329 480137 461122 489393 480570 477121 479627 497204 496291 460422 431219 519044 444094 502923 497087 487032 489924 473964 460179 423951 477380 446806 512647 485423 488864 447586 487807 502883 481346 462074 459171 490238 485768 458072 462863 533940 467639 479460 453875 478837 449976 472057 489657 460711 487053 508534 434664 508251 501571 479176 452816 495759 519652 460531 494491 521825 482695 489654 491254 481132 484959 517386 450822 474059 500729 503099 493068 498795 502018 507678 481882 479459 436474 451034 501586 530298 465250 485205 509942 490056 459967 519461 484712 473367 521894 513477 499583 474065 481052 471057 545964 476143 494301 531157 423183 505784 460472 486556 487432 523854 509343 518021 472447 496449 479873 456951 436095 457467 500551 528895 471746 476265 475781 455859 478552 502303 462513 486087 488084 496159 461050 505157 494323 499035 458298 501044 499715 533400 494973 462171 524895 463719 476892 470093 503912 507469 466902 464094 523820 465780 458057 451519 509959 508970 460401 487785 471313 493960 474244 489010 446829 464309 477717 466275 463560 513118 497578 482682 501561 531191 469598 494848 489735 509686 498688 513214 465080 477781 523436 484628 464898 458132 499448 493208 518756 473145 504722 482259 457284 485881 485579 468920 502827 484364 491330 486520 499320 506689 475547 467195 519760 413870 452077 520083 501053 476287 524146 480909 482066 
500108 484202 490637 464986 495530 502816 480719 491753 499803 497064 461784 430802 521351 455794 539238 522380 464352 490389 491804 471731 444200 478166 453056 511336 463100 519248 439095 499697 542615 528284 459450 460429 487180 516464 467125 458687 530647 470989 506815 460992 505921 456493 504468 484416 461103 490246 503437 435955 523345 488852 492267 488185 510905 523923 473110 507245 519859 507081 486859 503550 487517 474841 483993 479730 502264 513630 515762 482304 490709 510627 518509 500872 495881 486977 451341 490636 568549 459715 481778 498948 479299 478102 519561 505176 485334 531118 509557 519305 490518 478980 499125 529404 499893 530418 528157 447502 485636 458239 486015 490385 544187 495131 531489 492034 512446 486994 461879 423045 487586 479691 547819 494756 473606 498338 464360 510245 513315 484756 492746 521048 520871 463726 527869 496563 506533 475904 517591 493144 534455 488984 501466 531399 447680 484826 473494 505392 493470 473983 472646 524110 483134 465644 459343 529286 510330 437148 493505 479748 487265 494207 477507 469658 444623 472769 468860 467461 528083 507556 499518 470028 517646 498131 482170 493105 493081 508825 498457 490021 473666 516911 475209 458410 492537 484418 500755 519386 467352 507011 501769 461957 479278 498827 491815 509293 491142 509125 494110 468193 520779 495624 473544 529047 456104 478050 523803 495616 478551 518469 510398 495146 
516801 494711 483218 484912 531824 530889 517136 525434 529597 529041 506638 439996 542041 486126 592265 536171 520034 529321 502509 502260 485393 512226 496324 540603 509306 534240 490397 538300 537795 540890 486284 480239 534894 531785 495610 491209 560357 496215 512091 491209 543421 486540 519246 512233 525680 510081 536852 433131 537398 526513 497403 525760 529372 535596 494234 533187 564708 517611 528343 534810 507704 501573 512698 502624 531078 543796 512680 526976 533280 541466 560068 518078 516000 497440 493995 513527 573812 462816 494767 541672 536539 496545 549605 520970 509511 563240 528395 565618 499968 523211 549213 551538 541239 554215 565227 480700 516396 504961 537791 517332 575102 537619 551198 495815 530801 503721 443416 463489 521071 526943 561390 516571 511505 505462 474216 530870 520085 502900 514960 536183 543273 488649 527860 497089 526909 487404 545930 522001 570306 533114 526936 572636 493583 522506 493651 539289 522353 512393 505227 564339 499204 511641 494551 561839 565319 481449 539016 499143 518190 537362 494568 488395 489136 496694 505015 494722 558904 518194 530832 521583 539164 520517 530911 507464 520656 520670 540365 499581 499894 552319 512720 484976 509332 541973 538791 559787 516882 530024 510307 511507 504015 526036 495668 544435 523055 546648 542052 530623 520861 530326 520743 549885 474997 490475 546585 515543 501067 536706 519773 544392 
517072 485161 510740 500012 565187 508220 501580 522033 535522 523683 486651 456827 546545 476998 556397 527018 507702 510476 480372 499484 462877 509281 470116 530718 495148 540249 473754 538115 545874 529141 481395 472513 519003 515060 484680 495425 553366 506726 500471 466374 506830 480715 512123 513931 485546 508728 526933 429392 537126 518602 485978 516116 525346 544940 516895 537362 549717 515047 498249 520167 506175 517552 513670 506822 523099 565838 518313 521346 526187 515705 537641 519573 532788 480201 519135 516849 561456 489480 488658 520202 517447 488872 555602 526924 530837 554121 539225 554034 488936 499338 534820 559595 517735 533492 545129 483384 528335 495174 499729 528224 534028 537676 537005 500288 534751 484596 483213 461429 481457 523487 548237 491277 506983 489084 459139 532160 529585 501394 516033 544056 541554 500575 525420 496724 530676 465296 552433 518323 563419 537918 541703 536381 485512 526714 512858 519923 521815 516649 504127 547787 511805 482018 497932 530841 538614 472083 527132 479621 533554 510077 502346 487205 488959 505857 495170 486967 547965 548170 535397 496881 506229 478637 538240 514225 498241 518869 510022 511190 502886 542597 479502 500280 498414 523008 530423 560672 492065 542272 523773 508236 487655 539402 483551 517643 530982 522490 529951 506378 534204 507349 458291 535212 474332 474931 552748 523670 506095 548129 514507 533552 
503574 473315 477684 492658 517218 491360 504496 477936 515333 500627 466088 445686 516685 433041 553109 516737 482608 505718 477333 476185 441357 488413 452931 504267 470209 534097 472056 511834 517179 526449 465304 473649 502488 496170 478106 446113 529182 484567 501427 461335 519488 470565 507037 473189 475510 513018 513942 417182 525638 507584 483922 467314 527834 491901 454529 498772 508805 505166 511360 500905 493151 487768 516000 481768 524496 511019 519784 500666 505580 498041 540216 465725 506809 464542 482951 508694 545334 467437 461959 506099 514403 463176 539526 499112 495033 549202 522980 513355 467037 502178 487651 538246 522773 529872 526435 458915 527602 462040 497996 502452 530709 508283 523214 484020 509358 484163 453656 450019 473900 495833 529305 481595 477086 482424 456745 497371 510347 481368 508819 517853 511140 450536 471563 493945 490348 448490 503031 498615 532252 511946 513753 529464 455053 484505 485340 527787 500623 469943 477236 510362 476099 469181 473638 532882 518350 467347 505251 490963 518386 491957 480864 469196 490773 504757 471274 471653 522213 504490 521558 493587 524974 485082 498095 478917 491082 512096 491091 496104 492031 538112 469799 476193 506080 529059 503609 534756 468444 553264 480194 491015 478108 485587 461672 520268 509757 502356 534570 503235 485130 480703 458155 527976 462729 478117 534595 523378 485488 528013 484453 501154 
477743 458046 460924 452361 449309 477882 465745 449523 494292 477000 428369 394049 471035 411541 507004 460718 440627 462123 447020 442628 435356 442352 412898 460077 441282 479591 433091 468829 497563 458809 440474 412061 466853 482095 444476 432576 504671 422613 456772 422156 466599 427127 449921 443873 425088 473692 458700 410185 489706 461765 441106 475262 466509 437070 452548 465906 490701 455247 463038 452478 470715 475801 459510 446443 470977 480565 440152 450311 489062 460235 490519 463600 473219 450020 450622 472417 525117 436799 435144 473124 473972 438289 494256 454026 455315 493949 458180 489453 449034 442608 465203 491501 456883 495625 507031 428980 451199 438192 441761 443476 504525 459458 497763 459703 501579 454370 427310 412926 447337 470277 503842 450793 457166 418422 432834 477181 465088 467327 477847 464993 485091 436369 465209 450142 449459 464913 470836 470358 476819 475201 444966 494461 432800 465119 429896 475367 497327 443878 438179 474227 443942 412356 453812 487844 482493 427556 473978 433839 461895 459939 438478 441370 457791 439376 461744 427318 489898 478846 463547 470253 470968 449902 484187 468829 447643 468868 468262 430997 451956 509167 448977 438343 452530 483425 436401 489470 449580 480232 452958 445717 438102 471261 451846 477261 466482 484905 466008 464753 480339 450503 440886 480081 431942 448972 493805 456833 429585 480726 467832 463517 
500914 476086 479852 504642 529495 519453 477588 504210 524203 481135 500590 451605 558202 470513 553083 516306 508667 484093 479749 498039 468500 499476 465578 546811 467598 525725 468152 523143 527760 542442 498156 472812 539908 526097 500946 487010 552739 482269 491498 476408 515287 476222 513371 499813 512176 499298 545141 418949 518252 502947 478688 503906 495041 509843 469434 518637 557509 515150 520727 515526 501079 520059 529422 510552 517316 537586 531336 525109 509062 520476 530088 506652 510777 476129 510774 510021 562721 459474 488447 535573 492921 472379 548600 499418 495862 541724 557880 557561 514039 503458 527052 535369 520644 548797 541721 469564 536613 466095 498891 510071 567335 522029 529299 476480 545312 485256 473808 465067 492497 510262 567337 517583 497853 492651 457745 492021 521307 484584 515496 517733 519548 486809 507232 496333 520006 461297 564512 507592 548796 503296 503045 545268 470419 492470 476779 522878 541806 500673 500199 521527 490645 485120 463675 535189 538299 466088 509539 487800 489693 512185 504547 451339 455745 492317 479545 472032 543774 528322 535944 501050 534359 496135 497815 502469 516797 512873 506114 510397 497462 556624 491253 490799 489944 540860 517737 545001 491790 527692 495153 502285 500782 513599 476475 539563 527934 525349 522484 514574 502018 495611 467263 549670 447187 488887 531109 509012 466526 552195 495437 517883 
482242 464475 477442 467029 517133 486594 461422 513516 501396 483886 479311 436421 511308 455477 532623 512260 510717 504986 480029 473105 455787 492885 471573 542991 481577 520465 461332 520408 518156 511879 466447 447607 522674 535617 476674 460223 531304 487332 503047 455867 521851 461368 504332 493900 487649 511227 508154 446894 511447 518609 490963 481949 511300 525420 480793 500907 536879 515487 494116 507120 496180 492227 498135 478510 503762 512245 510885 486186 504629 497607 515723 492432 505513 498106 493486 503441 550964 465032 488069 511316 503256 474734 539816 509609 503761 549247 510438 521893 469763 491580 486622 557776 495626 514188 537520 464183 500384 476943 502204 513661 515491 502386 530309 481936 530449 477003 448585 436303 478809 489456 553712 482710 503950 487499 443122 496254 509916 500912 476751 509303 515726 482960 536542 483990 514002 480614 503844 485380 552035 495692 488753 535466 463011 482880 477961 529432 496437 486652 470653 524082 513258 458564 458437 506650 508909 452079 501539 471782 516646 490239 484997 466909 474625 466742 476629 453362 529085 520507 522474 498270 509140 498527 491756 475429 489153 504365 494479 494229 503894 516746 474654 462360 453992 506715 505361 528113 463914 519608 496647 461321 477250 507705 496709 487183 505875 505652 508460 486475 503223 490087 474339 549846 473887 457747 517295 501209 459620 527822 505885 503545 
461952 451080 451938 442752 481892 468272 455410 502691 486582 469913 455902 413796 492523 436065 512718 485514 440563 442838 460256 471409 445547 489944 437765 484813 444685 489624 422134 453862 491262 502737 449822 431987 481120 484169 453255 454287 507723 442936 460522 429785 480371 440504 458055 484251 431915 440229 462469 396849 496347 474798 465074 462516 482974 471054 431592 488973 506538 466492 479063 466667 444761 473126 480338 452153 461101 495665 477339 464614 484893 473442 477867 465596 454655 447828 456029 458743 513544 440707 458437 484403 470799 425810 488868 455587 477821 519660 465630 473505 454989 474708 477923 518893 466272 497103 473951 417110 471894 441608 492216 462930 509326 471149 486518 454669 489941 443717 424338 432578 455648 473816 509441 464382 475921 481252 424732 468537 465690 430605 467149 472731 480142 448385 477527 478219 485227 433912 486106 474025 505225 497545 493138 506913 440734 448178 452220 495421 494943 449455 476709 493838 443170 437723 434723 500913 513004 443400 471135 453928 470215 464843 434075 431974 445572 462802 458211 438918 528168 497788 477355 426398 489415 449919 462220 460768 461275 473006 454844 458336 436450 492693 442290 452905 468208 484791 491601 521037 466645 479553 467413 455303 449932 498917 455940 510438 464117 456405 464236 457209 457147 484816 427596 516836 450488 443923 499489 449524 462179 475134 475940 465939 
467872 420744 444726 449703 498965 464111 469434 471172 499675 467414 442103 415843 500700 401074 515045 462291 464778 480307 450310 456780 414861 442528 446080 497711 445212 476462 423173 495109 491668 500973 452548 432817 494159 458497 446071 453476 492291 466836 453203 432521 488794 418268 477139 459857 451128 472870 461975 416784 476626 483374 428689 471664 471725 461837 438366 473059 493524 455966 468872 446679 463540 471247 478589 455874 482951 467840 478217 469292 469405 489139 494032 464622 477262 439137 459583 456733 498140 425103 459264 478374 466514 441629 494991 456513 457498 495286 489182 512747 453035 476825 473490 505342 463704 506063 487639 439775 490118 439089 463520 463684 493344 437165 494921 449580 488165 453286 430830 417581 430181 479980 520475 457194 479363 451413 401021 429553 483854 444332 470313 486467 471609 439457 472176 454833 479326 444118 495369 467586 473583 479123 448067 484987 441730 454991 451791 481504 474788 453084 440585 490345 446875 465451 445238 491875 523001 428190 480050 436028 481070 469324 451529 443116 418509 444415 429324 446231 475937 497777 493601 469536 486120 473745 461029 452620 447810 481771 458879 443365 454132 504604 446753 444541 430445 471813 459472 518816 452624 471417 457240 447947 447771 447760 442825 482873 476113 463439 471353 473432 450570 476367 453638 501424 425430 452363 477069 465281 460182 478044 469581 475884 
487486 469735 463490 465444 507771 497276 490858 479491 508789 460479 465398 421505 525407 470304 516628 530222 484662 450412 465000 457633 462414 492039 443592 529827 502244 509525 443467 499016 519586 508727 508804 474319 492295 498204 478860 469747 532293 468748 493234 443166 517835 482846 469895 502604 476141 478952 507313 431924 497283 494270 498180 507609 483619 500967 482098 502149 517148 511246 505282 501838 489765 483388 484263 476105 500087 524908 505645 493013 512770 505033 495198 524763 510026 456334 464945 471459 540127 496380 464638 500670 503520 454598 526235 490963 478090 539295 509943 552310 493692 484119 493155 538887 486004 497116 539500 451735 487850 477577 495215 489373 534017 498698 555622 502468 503269 476296 463142 456864 469638 510580 525585 476123 485791 474831 457825 477722 495879 485336 521055 501139 491061 479401 499228 483241 500762 467702 530735 495366 527299 512884 488846 541294 442459 512395 477749 499932 501033 488266 483902 527994 496809 428144 464854 520462 514228 462832 508990 466087 506211 485105 497140 432263 471094 456912 459872 452188 530856 535553 480920 503798 496000 457206 485331 477018 497288 486994 487570 475084 467212 516165 449236 467113 481448 508052 511772 551241 469957 528194 465042 464731 513633 503917 466574 511660 490746 522979 511834 484562 498891 491776 470281 529598 443694 477151 528867 484932 471924 528614 512047 482918 
519732 487512 521371 503674 529921 549213 524833 531696 542810 527226 531822 463109 549482 475407 573974 534268 522538 530415 496789 522591 484070 526860 494238 551413 502019 530686 493707 536644 549826 579032 496352 485450 563363 529434 504898 482707 571728 492829 529977 501034 547083 481571 520356 525321 495560 532505 535498 473344 555313 548116 503175 504860 528804 544137 521097 536550 562000 546959 535043 544758 511451 529716 554579 526010 545968 545046 533419 531805 542386 523561 560760 550945 536710 494762 517952 539258 580185 502687 513484 553182 531635 517215 585745 523280 530296 571544 539230 552330 504910 530291 530791 556797 520338 586483 560854 487119 533240 499776 538542 526863 572427 536094 540451 504459 595268 487313 485564 464499 503543 545481 555933 516887 522169 516810 487274 509438 537449 510654 525134 529518 543122 515096 562104 489207 515463 497282 549592 544894 584774 540929 543614 580163 495147 503217 516452 553908 545998 528251 518501 557890 502596 501107 484627 575892 573930 471447 523491 526077 538882 518354 506338 491318 481227 503724 501824 492412 552557 554407 543485 507288 544771 510817 526675 536548 537837 535455 498529 523412 505168 559094 520715 500710 501034 549093 540629 579246 528937 534175 537338 482503 512328 543620 513120 547668 521251 520463 529217 544027 526945 507564 536107 584509 510463 502617 577317 535713 494415 536340 532589 532800 
504878 468347 459322 503598 501706 486488 496981 459324 505819 486755 497997 419331 516628 423655 547915 503041 493118 475947 472074 464790 440123 481349 452936 500679 457422 506310 448061 512395 504306 520304 469963 478294 504044 477900 498911 468695 530046 465712 444184 465053 520243 430535 498170 469736 462916 492617 509029 417060 513750 496721 482229 468614 496425 478608 463001 479812 534816 477130 501582 499861 495597 478583 504535 469577 498065 496415 492221 476917 507833 495852 509079 474602 511296 466893 494733 472586 516994 433988 467324 517592 508187 457706 533896 501674 488735 528055 514777 514151 476751 489594 505016 508618 471543 542184 510344 452771 483439 461506 497993 494100 545722 492240 510155 470645 512384 491650 430125 464302 471487 516963 528952 469273 467397 513578 446462 493485 491176 473895 484566 505994 485106 481550 504378 465841 497497 450119 533930 469621 498272 490421 478730 514925 463266 487545 468039 500480 494903 481543 494294 514044 486662 437851 454689 513892 549550 478169 493280 479213 484281 471521 451793 465672 464226 473476 467261 455577 508393 512398 508986 458429 521662 480395 487214 490148 496609 497580 474501 457704 470671 517044 483712 465909 459413 529608 493222 509242 473836 503427 487632 459252 493879 496407 468634 492316 473700 516781 509918 480835 477418 484154 468635 512958 443894 481816 519467 483555 468720 497550 475463 458947 
504616 474994 486171 488033 535289 509210 478308 518519 515222 488650 467233 448015 517960 469568 551146 525006 496110 509087 477997 473646 475598 505660 465708 503600 484818 515443 441652 517100 525093 522707 500714 474187 500000 506740 494019 478611 524225 488943 491701 474921 533551 474727 483641 495220 468665 485339 509128 431636 520879 511659 478448 486234 494384 490969 461559 515134 545267 514277 503021 498983 514320 501809 519071 476701 525372 547126 503275 486367 514942 516922 525254 485031 513044 471434 495114 496024 541304 476838 496955 508767 467220 459232 519893 509740 503097 533897 511993 521112 491608 491531 504028 551252 507956 562745 533567 455559 515496 489053 495971 496523 539274 530650 529689 477688 522768 491352 442259 462132 473697 508874 541591 503382 501792 481616 432270 500847 486496 480949 491389 524604 503090 481208 499368 477052 509310 487638 528771 524596 537127 503321 511023 520593 473249 490904 489520 515556 528904 473579 502187 527193 493650 459586 444763 515731 522466 487246 518913 486280 500861 490263 501817 476773 485164 489601 461267 477720 549557 535179 503480 507500 533108 471103 508195 475553 490375 494586 500912 491218 462279 556423 463056 487693 478276 530110 513380 560005 478430 505423 489867 486430 501511 504336 483735 536656 522558 503176 496430 481916 499594 483606 474967 537805 451063 483667 524579 501838 512938 539895 491800 482552 
466947 449817 463624 476019 489577 486148 467557 470239 495130 462304 457487 408655 491959 431951 513210 483773 459809 466915 452824 445139 432099 460233 433086 475079 448050 497366 438118 478471 490331 491260 438550 410030 491734 504444 449997 441468 514511 426992 467859 436989 494231 434459 465207 471182 440334 464373 486074 405747 487814 475902 460601 452795 490557 458781 448306 484869 499673 463292 471055 474124 485665 454859 485936 476649 481044 478656 482206 447100 476004 491544 484575 467310 477542 438625 455721 471914 529992 431392 460055 492295 450580 460008 505941 471995 462913 516935 487747 475682 456103 469312 483270 514632 460901 493714 498741 455963 463821 439289 464699 476709 487440 497063 496042 453034 495383 475420 419998 408133 456988 468352 501273 471954 470158 476479 427388 466895 484736 437039 476354 483223 481912 448861 489052 439315 480553 434769 505605 468980 498905 486804 473303 507788 441681 439068 463555 490011 475390 451783 454849 483286 457002 422613 431829 497080 501755 438588 465249 465894 473245 474242 448121 451956 442307 453528 452131 459484 486151 484095 457981 464484 525108 453396 478318 477038 477595 481753 464767 442328 459152 506685 449163 472404 476726 488311 461816 492292 453610 477050 479737 463097 458727 484644 451923 470516 476108 478538 469995 469739 490141 440392 451968 486635 452275 454031 513563 472284 473544 507607 469952 463102 
