14 88 93 8 32 27 9 89 41 20 63 52 80 23 96 27 45 11 58 87 47 9 30 30 49 9 81 35 47 73 13 87 31 42 75 62 60 44 66 47 58 22 6 92 54 92 25 14 19 94 14 19 84 82 97 41 20 74 95 82 68 64 10 88 16 9 31 99 9 11 89 68 52 51 5 69 99 83 8 34 32 36 56 34 30 6 51 19 72 18 84 38 59 68 20 38 67 11 96 74 9 34 96 97 48 68 71 42 26 14 0 53 16 0 96 88 4 13 76 37 41 30 54 15 4 62 51 14 86 47 28 48 34 48 5 6 93 18 69 12 23 79 24 56 35 57 29 44 70 75 92 26 24 43 27 32 31 80 43 52 28 68 29 25 35 85 37 18 31 91 47 86 26 65 5 25 42 69 9 11 68 25 23 11 48 71 48 53 49 31 7 39 82 8 64 44 45 80 16 53 
71 61 77 49 48 92 75 28 89 75 6 32 51 93 28 67 97 48 45 47 41 16 93 23 27 46 13 57 71 67 6 53 44 50 15 21 12 12 66 56 86 31 9 96 86 48 36 35 20 21 1 22 71 5 83 45 39 14 76 21 1 41 35 15 46 32 69 65 87 13 45 30 75 9 29 62 45 19 47 75 60 85 22 29 80 32 98 33 91 92 73 68 31 2 38 62 70 26 70 85 20 11 22 90 23 61 64 67 85 36 29 70 21 86 26 93 87 31 97 6 45 72 43 69 6 10 20 76 31 67 99 26 3 22 3 99 27 59 96 19 69 29 22 28 4 19 58 78 56 68 6 9 64 2 48 69 13 62 53 57 9 45 92 40 72 94 33 81 77 19 94 33 9 57 33 51 67 92 46 55 64 41 55 77 69 38 98 55 53 16 81 70 80 91 73 86 8 11 95 17 
60 77 82 34 94 80 43 60 33 33 37 4 30 48 46 99 78 24 61 88 1 1 52 31 81 21 13 97 38 86 7 75 89 49 36 17 55 25 64 70 19 14 37 46 86 52 13 27 66 17 23 68 13 73 13 51 75 3 78 12 66 61 23 50 74 99 84 55 4 82 48 19 71 27 96 41 9 81 28 32 41 23 55 70 57 57 54 62 55 17 46 12 41 17 69 95 18 44 9 27 97 10 51 99 28 76 59 56 85 95 37 78 72 31 84 42 78 43 61 22 8 60 86 21 90 99 71 18 85 78 12 50 3 29 96 67 90 17 18 0 85 54 51 86 18 46 19 42 31 21 95 76 14 78 86 66 18 45 94 50 4 47 49 19 65 95 77 31 54 54 21 88 82 18 85 68 39 54 28 99 52 41 15 99 85 64 53 16 75 1 5 83 26 13 28 67 76 28 92 22 
11 4 3 45 34 43 92 59 88 25 95 52 54 93 91 85 94 30 49 14 23 38 74 98 71 86 45 70 2 49 6 0 14 37 18 34 40 53 60 52 8 42 23 43 27 96 89 54 4 37 52 12 69 95 7 67 80 25 11 7 26 40 90 15 41 3 36 25 80 5 80 63 43 72 6 92 42 66 14 83 11 23 63 68 62 46 49 49 60 37 95 35 37 54 18 69 70 68 22 63 79 17 82 67 62 33 18 24 44 54 74 72 72 14 2 80 1 94 12 33 79 48 53 49 5 71 32 26 37 14 52 2 68 78 96 60 64 88 92 74 59 42 81 12 70 16 9 20 90 75 80 94 97 61 57 22 45 44 45 39 4 71 61 66 63 41 23 31 73 85 44 16 58 45 15 20 17 51 43 69 49 25 36 33 71 0 35 29 49 51 73 87 1 53 35 90 89 88 67 96 
45 52 77 95 22 11 95 35 54 90 17 47 43 44 6 41 88 33 67 55 90 38 36 4 79 55 12 15 13 5 36 54 61 1 17 69 10 84 6 86 48 85 31 81 11 32 12 99 93 16 84 28 79 52 54 47 91 21 17 21 51 75 74 34 32 60 70 66 94 77 72 28 31 71 1 7 10 21 19 15 93 81 75 43 12 36 54 66 44 10 66 30 28 77 60 87 31 5 1 22 22 32 89 38 91 34 3 35 35 44 91 84 24 48 44 44 61 68 98 69 46 32 86 73 47 61 11 54 89 28 26 48 23 94 85 52 85 73 25 78 62 27 27 27 50 82 19 76 43 55 48 20 62 78 99 84 24 38 47 35 34 37 80 60 68 3 59 61 24 72 14 31 47 3 37 87 64 65 11 27 18 41 40 69 54 88 7 44 52 88 24 85 90 21 53 51 41 68 16 50 
53 60 35 20 55 65 91 33 85 62 86 61 24 30 48 67 12 19 71 68 1 87 2 84 42 86 19 21 39 27 61 58 7 51 4 53 29 39 2 56 29 86 62 44 15 30 43 80 88 5 99 81 58 79 76 6 33 86 75 73 33 54 35 18 18 74 93 7 25 19 50 41 73 31 44 55 18 77 36 0 61 3 91 50 12 72 79 8 7 91 1 24 7 51 53 49 14 41 94 70 76 95 86 28 88 11 92 44 74 11 8 81 71 81 62 48 73 74 48 13 97 87 33 25 26 56 94 64 16 13 82 1 61 93 64 12 38 16 81 67 1 64 75 60 54 92 86 22 56 25 84 26 34 40 58 73 97 4 45 67 7 64 54 33 68 68 38 17 20 92 45 58 97 8 93 4 7 34 49 25 57 97 98 18 42 4 18 67 72 63 95 85 31 87 30 9 33 7 5 21 
21 94 34 54 2 44 49 66 89 93 96 21 17 95 69 11 9 42 71 20 48 32 0 66 61 23 10 10 1 32 93 57 25 98 17 2 2 34 5 97 20 63 59 77 19 21 76 85 48 2 2 80 99 13 56 87 32 27 18 60 32 30 34 24 12 91 54 55 32 79 87 63 81 62 17 70 27 81 4 81 71 16 7 70 16 1 27 48 4 38 98 86 56 85 99 68 55 47 53 76 61 44 64 24 15 85 76 83 50 5 41 27 44 96 9 22 60 60 80 36 70 78 9 60 59 49 26 97 22 53 45 31 82 92 72 69 26 43 90 41 7 63 79 10 37 38 14 10 9 54 52 32 45 14 4 27 96 70 57 12 7 9 80 96 24 50 46 70 46 66 68 75 94 53 9 7 41 50 48 75 50 44 51 40 45 34 51 39 3 33 37 1 4 4 28 20 99 80 32 26 
72 61 74 22 20 9 29 17 12 60 92 40 15 24 53 87 10 38 38 87 65 48 50 43 64 68 10 27 61 9 40 62 56 88 87 98 8 58 73 1 67 44 10 99 17 19 6 25 45 42 72 72 37 32 11 74 35 54 70 80 44 28 51 25 16 55 45 54 86 32 10 75 17 58 22 84 11 21 25 31 77 46 19 65 28 97 10 92 94 58 71 52 91 31 85 84 98 18 34 83 35 59 80 10 3 43 99 4 30 23 95 5 3 98 89 83 48 20 5 78 8 65 27 86 27 5 94 71 73 17 95 56 6 99 58 2 23 53 2 43 84 11 8 2 5 26 51 14 95 11 89 11 77 33 40 3 51 42 69 1 9 72 92 78 99 80 58 9 7 62 76 56 99 11 56 71 70 78 61 85 41 80 94 21 94 12 99 63 43 94 39 86 71 56 37 0 26 58 94 72 
15 52 50 72 75 73 67 83 71 82 58 0 0 2 19 32 14 60 80 97 59 49 0 27 82 51 29 79 44 93 87 30 29 29 11 62 58 87 73 67 82 15 72 69 2 16 70 93 85 55 42 81 68 96 20 80 95 62 26 78 84 41 57 72 63 43 98 39 74 4 9 11 34 35 13 9 86 64 17 8 88 23 67 64 17 81 67 92 88 38 98 34 94 90 96 17 61 28 98 86 90 8 80 22 55 52 82 11 5 81 73 4 58 6 57 2 31 93 17 72 71 77 6 27 63 97 99 39 89 67 92 64 55 83 62 5 70 20 35 9 86 7 50 2 63 27 65 90 12 45 77 48 48 97 30 40 26 12 32 34 81 56 76 73 92 44 99 47 94 17 8 39 69 78 64 45 0 58 31 65 42 87 28 39 49 61 69 34 96 56 93 27 96 11 34 52 73 73 70 64 
7 93 96 82 43 62 35 34 92 87 83 39 81 1 18 21 36 80 45 76 31 14 55 62 87 60 70 18 78 49 61 66 82 90 44 94 34 59 50 93 55 86 68 94 63 97 35 99 60 84 60 7 33 37 57 74 37 15 71 90 36 89 26 47 53 91 53 66 53 69 70 69 37 7 51 25 6 89 99 65 6 52 43 74 17 4 45 60 22 4 18 65 82 31 22 59 87 0 72 2 53 92 23 70 79 18 53 30 38 55 1 98 17 76 70 66 76 1 97 36 82 3 3 46 1 24 41 83 37 1 76 44 32 92 73 25 84 3 80 50 93 37 38 7 65 64 9 15 13 7 31 76 50 36 46 10 52 76 15 87 93 26 56 41 65 33 23 54 49 30 56 64 25 46 42 87 50 8 75 20 8 33 1 15 53 79 47 40 75 96 75 62 34 59 55 84 40 76 11 68 
64 80 63 29 61 22 45 63 1 48 9 94 90 93 59 7 47 21 61 30 18 22 58 92 37 64 6 71 90 83 43 68 19 51 31 4 6 37 55 11 41 72 67 20 30 30 3 1 17 0 98 77 46 63 72 51 4 53 61 70 58 48 32 81 94 88 13 26 11 99 43 66 55 52 29 91 76 88 59 32 10 37 20 55 30 24 57 68 2 90 56 98 0 29 58 56 99 88 13 6 72 80 55 88 22 76 91 6 24 43 29 28 98 5 8 76 22 44 25 2 56 88 83 39 49 52 5 33 72 62 91 93 29 80 69 94 14 13 37 6 79 68 11 11 50 87 29 95 51 22 59 95 24 37 17 52 84 40 92 43 81 37 91 79 35 39 38 60 3 13 38 2 92 69 46 55 97 50 41 41 59 96 45 51 85 82 91 6 93 48 44 7 84 55 8 95 53 57 82 49 
18 78 83 83 92 51 73 60 31 80 14 14 65 69 37 31 19 48 54 8 45 34 21 36 71 7 32 46 23 35 88 18 50 90 16 45 85 54 74 83 37 8 13 25 98 5 60 19 99 73 75 39 18 17 51 67 25 32 61 79 66 39 85 11 87 15 1 55 89 83 95 39 62 50 82 54 36 3 74 54 92 51 13 90 39 17 2 27 27 56 56 15 13 35 2 66 78 31 53 58 36 68 21 2 18 33 57 30 30 29 78 5 26 85 75 58 73 18 10 33 48 50 24 81 72 85 37 78 30 4 42 1 64 83 4 97 73 75 90 13 13 46 6 91 25 26 24 79 2 72 78 92 24 98 67 10 32 87 26 29 83 45 90 45 27 58 4 14 28 67 20 10 60 51 60 29 74 16 9 96 85 95 51 37 83 40 63 14 24 3 43 64 1 14 74 85 57 27 81 61 
10 90 77 34 27 38 17 86 21 70 34 30 91 3 41 24 18 24 17 40 92 27 94 46 13 22 22 62 28 89 30 42 40 66 71 36 78 0 85 27 72 24 19 72 34 76 28 64 48 55 85 44 25 54 93 68 6 27 50 88 62 71 52 80 1 72 34 45 26 65 43 68 97 94 7 55 76 31 64 30 54 79 11 60 54 40 86 41 65 4 57 82 22 75 51 23 37 32 88 29 58 90 45 52 95 44 92 86 85 74 4 13 42 97 55 89 91 44 26 70 1 77 0 73 53 24 67 12 56 55 4 27 42 33 5 12 23 58 56 46 11 22 73 34 18 21 0 46 61 24 32 18 86 51 87 60 42 82 40 11 91 59 73 55 23 15 16 39 35 32 0 91 48 16 31 68 14 84 15 81 94 35 30 70 24 12 78 20 89 41 17 39 73 17 8 39 24 29 70 46 
81 10 12 48 36 99 42 80 57 28 88 54 41 65 14 70 8 1 89 68 6 93 15 77 90 50 41 4 13 26 27 72 37 57 31 85 89 78 42 61 30 51 27 66 87 3 81 17 97 66 52 93 14 30 18 24 63 25 88 93 71 25 22 14 42 79 19 84 37 63 98 93 56 28 28 93 70 99 31 68 11 80 54 94 80 41 82 9 3 61 56 79 53 48 89 24 28 5 90 90 20 57 52 45 8 50 38 14 37 38 0 6 95 57 4 40 85 80 31 47 86 92 35 17 95 78 98 77 23 76 77 98 20 99 14 47 92 95 90 86 12 4 63 36 92 63 94 11 15 4 60 11 17 33 35 33 14 31 26 9 16 82 0 38 35 95 97 51 12 18 41 72 32 50 94 21 70 48 4 58 76 66 35 69 90 15 21 91 64 22 17 45 58 97 99 50 4 80 48 68 
58 91 60 41 76 54 75 14 98 42 65 74 80 84 90 72 36 20 77 68 20 69 50 33 61 76 65 47 16 22 57 31 24 70 78 4 72 98 19 59 31 24 67 26 49 12 94 68 4 43 38 76 27 83 79 12 65 54 79 17 98 89 78 32 93 59 42 82 57 28 14 23 93 57 80 55 21 96 55 63 12 28 62 38 79 45 22 79 7 21 42 19 58 81 68 18 46 10 15 30 46 58 47 35 33 51 97 8 12 22 84 78 3 39 59 83 47 97 4 22 83 44 35 89 84 30 91 61 21 91 54 50 99 30 12 6 26 33 62 42 76 4 63 36 18 49 58 15 79 52 85 52 15 7 33 5 9 1 79 94 24 54 95 79 21 22 35 13 12 79 43 53 55 56 38 75 19 52 43 8 72 18 28 69 57 10 27 80 72 56 0 1 51 99 66 35 95 77 49 51 
59 45 23 76 28 57 98 63 4 53 81 49 29 40 99 2 92 69 96 73 29 92 57 61 61 75 46 70 17 67 22 41 60 7 39 56 56 19 99 89 29 44 62 28 35 20 68 31 61 48 69 14 81 70 27 75 74 76 33 79 23 68 58 30 6 85 19 44 42 54 32 33 44 30 28 46 84 35 8 99 66 95 34 7 35 48 18 3 38 19 45 99 2 84 32 19 50 51 71 65 38 70 63 66 95 65 40 6 50 90 95 35 41 39 59 65 15 56 14 92 30 33 23 6 13 55 54 68 66 94 95 18 4 43 54 17 90 19 82 56 85 88 41 95 14 90 4 8 54 16 63 18 21 92 55 83 97 49 70 60 1 12 7 76 13 81 10 69 63 10 86 86 83 32 93 57 4 9 44 63 63 86 52 10 11 94 88 22 73 38 65 4 20 94 10 54 80 24 67 67 
12 76 75 54 54 92 5 92 95 73 76 63 98 89 7 24 61 46 20 89 37 54 58 31 21 73 61 5 70 77 69 10 61 64 23 96 49 35 63 26 31 72 53 15 96 45 86 39 58 71 1 21 65 34 7 62 63 63 72 57 21 78 91 23 96 74 56 89 33 29 28 44 53 48 40 36 0 9 18 56 54 79 68 64 42 76 38 44 66 66 39 13 19 64 18 86 67 53 23 17 13 38 91 85 92 55 32 81 2 35 2 2 61 25 13 74 99 46 12 14 10 93 9 50 28 4 99 38 81 67 92 67 77 93 54 50 80 35 36 15 70 74 44 94 20 13 44 43 12 6 97 32 72 7 88 83 86 32 88 75 11 95 46 39 89 61 47 62 37 7 47 6 85 78 46 75 30 31 60 6 70 22 29 17 92 22 62 37 83 50 41 19 88 65 63 7 26 67 44 66 
52 6 14 33 38 96 53 42 56 15 43 39 4 88 44 9 32 97 76 43 47 89 56 75 4 53 65 12 43 76 83 65 37 54 9 81 34 42 9 51 21 49 63 91 22 98 53 10 22 76 58 74 20 48 59 50 83 20 1 45 73 80 9 24 98 82 84 9 19 65 62 81 45 69 9 54 49 79 33 41 17 19 56 42 92 57 19 98 74 8 3 96 90 71 33 59 73 42 82 82 20 45 32 37 8 92 57 55 83 91 33 17 66 98 73 34 58 47 4 3 56 6 91 1 21 10 73 45 93 98 33 75 74 95 38 46 87 80 70 35 3 89 70 8 48 37 94 43 31 78 22 38 33 90 68 1 63 19 15 50 82 66 15 69 31 25 5 93 17 82 30 37 30 67 67 10 3 44 31 4 30 46 49 35 10 13 95 80 62 56 16 32 29 43 65 52 50 13 30 53 
98 63 71 82 66 44 47 76 31 3 76 26 23 75 96 45 46 81 85 57 41 7 0 36 49 7 3 19 3 1 6 59 55 33 50 62 90 44 37 14 97 22 77 24 86 93 81 81 65 80 99 33 68 30 31 69 19 19 68 6 43 31 36 3 11 54 7 44 27 88 34 59 24 18 2 55 76 88 86 78 20 44 24 43 23 7 72 25 9 91 58 91 60 9 91 96 46 36 37 36 75 58 6 68 96 57 70 82 60 20 68 29 58 95 99 32 63 28 60 92 54 16 51 55 65 9 10 10 41 73 90 19 52 75 89 56 62 61 22 10 83 41 18 17 87 96 47 51 92 8 0 79 79 32 80 61 39 2 2 11 99 4 96 85 14 23 22 28 97 92 18 51 35 76 34 51 44 98 45 29 88 31 66 54 9 1 65 2 80 60 15 12 88 21 80 93 96 19 83 47 
37 68 6 56 87 75 42 27 92 31 25 30 13 13 34 8 61 25 14 21 95 83 65 28 36 28 46 48 14 77 50 66 15 83 49 18 80 60 47 0 91 78 3 61 66 2 90 90 47 30 18 96 69 43 3 57 68 80 22 61 60 11 40 65 54 87 69 72 44 13 53 19 61 67 83 39 0 78 80 39 73 51 22 15 33 4 86 91 35 51 55 17 71 67 73 75 78 39 4 91 77 52 32 83 87 42 88 15 38 53 94 52 9 40 63 40 27 70 7 11 82 57 10 76 30 59 0 56 36 19 79 22 98 27 27 21 76 31 27 22 84 7 54 16 50 0 54 36 71 69 60 25 84 68 44 1 97 30 19 58 3 50 42 90 28 20 88 84 69 78 64 95 90 16 88 76 89 17 6 50 66 1 9 60 77 1 59 1 76 23 20 86 87 46 57 55 73 10 97 81 
65 8 83 43 49 56 58 68 45 90 74 95 51 63 92 36 25 88 15 55 84 48 36 7 52 26 7 88 49 45 7 43 24 27 84 85 0 36 67 15 98 67 69 62 50 49 11 67 21 13 26 52 16 12 71 39 63 34 65 66 14 1 6 95 70 92 22 46 59 30 46 70 56 81 24 49 60 56 76 86 16 73 90 87 45 55 24 94 7 59 23 40 6 57 90 49 88 76 43 58 55 44 4 4 60 10 23 60 92 9 29 52 94 46 93 29 22 17 9 9 5 35 25 35 76 23 18 8 57 65 5 60 95 16 85 82 5 83 38 8 34 66 18 15 32 98 37 21 7 70 64 76 31 19 3 18 53 75 91 37 49 65 25 33 63 52 64 27 20 80 25 13 55 89 61 15 65 35 50 80 76 50 74 46 31 47 5 94 71 51 45 51 1 26 2 96 56 86 59 84 
91 62 95 66 30 33 13 49 29 55 42 66 46 25 87 59 73 36 2 10 52 60 84 95 76 18 94 78 81 56 88 89 36 35 45 4 51 53 93 5 17 33 79 74 16 0 23 81 51 52 19 23 24 74 16 68 66 56 7 83 58 29 40 69 67 60 60 66 19 39 98 62 16 24 43 45 59 73 6 34 27 81 32 25 26 98 52 95 92 71 35 49 16 5 71 8 86 10 5 1 45 78 56 89 46 38 40 90 61 45 95 62 21 85 5 51 10 34 10 24 64 49 92 31 97 16 77 47 31 8 43 32 53 22 35 13 52 30 59 98 20 81 87 38 11 14 85 14 4 51 4 58 97 85 10 83 56 94 90 18 98 25 13 56 47 91 2 51 5 72 11 28 48 43 46 21 43 63 78 61 53 86 23 62 24 23 47 70 90 35 41 13 73 51 10 77 72 1 31 79 
41 84 26 17 27 65 44 65 53 75 38 17 40 37 91 55 79 27 5 31 77 3 3 74 78 53 19 38 55 4 96 92 24 2 54 5 59 37 17 7 75 48 6 81 29 38 67 14 89 41 14 11 68 58 16 8 92 19 8 24 65 80 10 82 11 78 64 43 56 25 8 17 35 57 14 90 64 20 16 74 43 57 84 97 99 28 24 77 56 13 65 62 17 78 88 94 21 80 12 19 68 20 62 83 88 94 42 92 98 47 39 92 23 52 15 82 47 5 39 29 73 55 33 85 35 44 48 0 34 24 42 67 33 82 27 52 19 67 25 6 31 82 70 51 75 80 61 2 99 50 44 77 39 9 6 32 59 23 13 91 95 75 50 20 58 67 87 97 38 32 52 93 69 19 50 24 71 50 93 96 24 17 93 53 82 23 98 84 38 96 38 56 3 47 15 61 36 66 66 46 
88 29 63 52 70 21 86 75 46 51 70 48 32 32 8 80 23 93 46 65 63 69 52 34 95 38 74 40 34 69 51 50 66 46 86 28 33 80 96 91 28 53 37 79 81 81 82 7 41 67 2 34 42 88 19 26 25 58 51 85 28 64 72 85 38 20 37 68 35 88 90 17 41 10 26 89 39 86 42 38 49 5 73 27 92 91 38 56 19 37 50 61 78 37 91 53 27 69 48 29 98 1 89 56 38 56 21 45 16 33 22 67 49 84 89 90 40 56 83 3 93 49 3 12 85 41 77 11 17 62 6 74 24 12 49 65 65 45 61 28 74 76 24 17 43 98 28 72 58 54 24 40 53 24 89 17 28 28 97 74 57 16 20 76 25 75 26 63 65 8 4 22 12 66 85 62 59 53 23 32 98 89 6 94 9 33 41 32 68 82 61 79 22 97 14 79 24 43 51 23 
71 96 92 54 47 51 13 39 51 75 30 67 57 32 41 86 28 67 84 55 71 88 43 25 48 55 36 34 89 73 85 77 85 39 90 20 34 47 88 35 37 2 53 84 75 53 13 59 71 68 19 56 87 56 57 30 0 85 85 2 0 47 0 12 30 20 82 65 45 70 22 3 65 56 19 29 70 87 73 46 93 87 45 43 76 72 17 38 5 34 15 82 14 19 64 9 63 99 71 69 28 0 66 14 37 43 41 90 40 70 11 38 82 64 41 37 72 46 43 18 83 64 64 15 2 71 85 3 63 88 15 87 44 81 41 65 59 14 84 61 92 66 53 84 82 83 38 61 93 92 93 30 83 54 25 84 76 21 7 55 42 15 56 80 96 61 71 75 26 5 33 43 14 8 60 24 34 48 89 84 98 53 21 53 83 96 42 42 97 16 9 16 4 24 23 19 1 48 16 57 
63 68 95 78 71 94 64 53 9 76 70 78 60 4 93 96 22 98 15 21 67 35 76 63 18 71 0 81 17 54 40 47 89 35 61 18 70 53 0 60 4 65 37 22 94 91 71 90 65 52 95 88 37 60 92 92 43 33 22 50 86 52 74 68 52 22 42 19 68 50 6 52 9 64 37 41 28 21 24 20 10 98 87 56 64 70 17 94 4 64 11 17 24 16 24 4 60 93 3 44 95 43 24 2 46 6 4 26 71 66 55 34 44 92 15 8 22 73 7 81 15 38 9 82 26 20 60 65 18 96 96 65 29 93 63 65 31 69 20 82 69 66 74 67 19 70 59 69 58 13 93 26 58 41 13 51 64 2 91 45 25 91 25 27 94 29 39 26 70 14 58 85 21 25 23 43 16 56 47 6 1 34 40 57 41 10 35 69 58 68 64 0 74 27 46 18 20 38 67 24 
5 90 42 86 0 15 51 15 6 83 99 92 57 8 17 25 30 66 79 59 36 84 61 43 51 94 38 29 53 47 37 25 68 20 20 73 24 4 6 23 62 37 82 6 77 75 61 7 91 76 33 15 7 56 32 9 42 69 30 29 84 10 3 82 85 47 19 15 24 61 44 66 10 84 89 37 54 76 83 35 47 87 68 5 91 51 34 59 91 45 7 25 46 18 26 73 46 97 92 16 40 20 52 65 12 42 96 13 98 13 26 68 19 69 81 38 14 1 91 45 36 28 70 66 86 55 2 2 35 9 75 55 93 46 92 0 20 41 67 69 92 91 5 86 54 69 20 65 22 6 31 6 11 8 78 75 60 77 99 96 62 39 28 53 46 72 58 74 48 95 49 50 32 79 37 62 28 51 49 44 34 30 18 43 48 56 6 81 5 0 16 4 69 27 59 38 43 96 51 47 
6 2 48 35 95 11 78 24 46 59 23 36 83 37 19 11 65 59 49 56 99 76 63 70 23 57 31 77 5 80 39 72 33 73 50 53 64 21 16 59 38 57 84 84 75 23 39 23 52 55 56 43 37 89 78 89 89 1 62 78 95 86 61 57 94 68 32 99 71 76 14 44 67 21 22 29 1 84 18 83 20 63 31 27 52 19 10 17 21 11 54 26 25 76 59 1 16 98 58 46 93 39 34 14 54 11 18 94 26 12 32 86 78 83 30 67 62 50 71 3 9 19 64 9 16 9 79 61 87 21 8 6 48 8 10 94 81 35 4 73 60 67 29 16 61 31 24 64 90 26 80 15 65 77 68 26 35 45 34 16 92 80 49 34 3 14 11 32 95 86 0 30 94 42 24 50 1 7 79 89 8 28 27 16 32 82 93 46 26 8 76 39 41 63 38 23 99 17 45 35 
32 34 77 10 92 59 38 88 22 59 73 59 33 98 34 23 78 48 57 16 13 22 61 26 8 43 15 40 94 77 51 99 97 4 96 61 35 44 60 53 13 15 43 94 24 50 30 12 3 40 26 89 61 75 44 92 29 74 76 94 19 90 47 13 17 65 34 6 46 15 79 26 89 91 9 57 21 90 79 14 68 3 57 56 85 23 86 17 99 61 1 0 51 12 43 21 16 71 88 74 57 62 30 46 27 80 10 16 5 28 49 21 92 63 26 86 74 18 20 66 74 88 90 83 81 3 28 58 47 92 45 36 17 71 40 74 29 24 44 48 7 71 7 14 91 66 24 19 31 48 43 31 6 60 30 6 41 51 90 85 21 11 8 37 17 28 80 66 65 52 21 73 31 90 62 97 46 3 69 70 0 97 94 59 12 23 62 6 11 45 53 18 82 27 36 96 57 84 87 61 
95 37 42 47 30 59 58 33 91 49 27 96 9 50 80 91 99 47 14 95 80 7 12 96 99 94 6 38 53 23 37 95 41 37 95 32 30 13 7 39 97 94 51 24 59 21 8 54 3 10 30 92 51 90 33 51 71 39 14 99 62 25 74 62 21 58 84 7 10 24 93 94 25 45 17 27 65 59 91 69 89 46 9 90 36 15 14 40 54 10 12 82 24 74 45 39 47 23 4 14 51 92 0 63 97 22 17 80 19 49 81 48 16 66 41 88 28 96 96 7 4 39 4 4 49 82 36 37 25 99 0 41 19 53 51 5 32 97 98 4 26 65 62 90 72 33 28 95 26 87 50 23 38 34 77 20 35 29 65 49 57 44 5 50 89 71 39 37 11 22 62 55 1 89 90 56 73 57 31 58 14 2 22 81 31 91 44 59 49 59 89 98 74 57 37 42 46 14 92 95 
73 65 59 0 36 64 88 93 64 33 62 66 85 23 90 32 24 86 33 56 43 84 4 94 1 90 0 59 88 78 42 10 22 78 62 80 72 1 53 42 17 1 53 83 6 65 8 85 79 43 60 56 10 12 6 5 89 43 56 85 93 28 56 3 86 94 98 74 24 42 17 34 30 53 87 44 93 40 58 72 63 39 61 42 21 20 26 93 54 64 15 44 49 58 8 17 94 27 13 70 52 62 80 22 33 29 37 26 74 60 64 16 61 28 59 75 97 14 69 71 36 53 74 31 18 30 36 21 65 42 73 98 64 33 82 85 49 17 95 80 54 69 20 97 59 15 28 51 28 0 39 81 8 54 85 86 14 38 21 6 79 52 28 60 45 95 27 60 62 57 37 67 48 43 21 53 4 25 98 77 24 84 48 87 1 32 52 22 25 8 7 57 81 87 84 32 54 20 62 39 
85 2 63 50 85 90 66 77 0 56 82 34 68 36 40 45 7 29 67 23 81 62 14 14 42 57 65 63 36 12 32 37 25 54 21 70 36 86 24 24 52 98 83 9 25 95 63 66 51 74 5 84 32 62 93 72 62 88 85 81 38 39 89 99 19 30 50 74 85 71 67 35 23 50 55 95 34 92 68 18 80 44 32 6 98 27 69 87 34 58 6 49 60 70 85 20 29 67 39 15 28 49 2 77 37 95 72 63 47 33 12 98 39 61 30 28 13 12 3 5 13 90 46 72 74 39 43 57 81 11 64 25 38 25 43 40 46 67 64 54 29 49 87 22 66 35 35 67 91 7 56 95 51 92 43 29 37 11 93 21 63 64 25 35 34 37 68 40 67 81 41 20 55 72 85 65 31 20 5 78 23 63 95 84 60 52 86 9 76 87 25 85 21 37 33 90 44 87 98 14 
75 33 39 48 45 2 5 92 61 90 15 58 10 0 55 54 45 10 54 71 35 29 76 41 65 93 62 41 13 41 85 94 75 3 44 39 31 67 81 58 81 32 28 79 99 66 43 81 9 18 9 52 35 35 13 40 66 46 66 77 56 69 53 95 98 19 30 96 22 31 83 44 74 13 61 16 82 81 68 30 49 80 1 92 75 0 10 59 57 23 54 97 73 1 98 66 36 25 91 0 41 54 20 21 88 55 14 22 95 25 74 57 88 80 67 42 31 83 74 29 65 32 22 6 5 71 47 38 81 81 37 70 85 32 0 50 32 25 43 56 87 47 77 41 78 54 63 22 59 14 84 7 46 1 18 84 7 74 1 4 14 95 37 31 64 90 70 83 73 71 23 51 17 25 61 86 67 50 65 33 24 16 21 40 16 70 9 50 43 42 64 80 14 92 74 87 4 54 80 95 
43 61 84 14 21 40 49 54 64 0 1 79 6 49 37 33 20 95 52 32 89 34 76 37 54 10 22 45 69 45 84 87 2 75 40 26 84 37 30 94 40 53 86 72 59 1 51 81 65 16 55 32 2 12 45 39 0 6 7 85 37 24 35 82 3 77 56 75 33 90 0 17 91 71 25 94 85 96 25 69 52 53 10 55 81 71 50 44 82 53 6 0 34 9 29 61 93 80 24 56 4 45 55 89 46 68 70 44 63 54 81 9 44 78 1 88 35 0 8 25 92 33 19 86 92 90 26 27 52 10 47 5 82 40 31 66 92 2 97 52 50 31 20 64 65 44 60 85 23 25 3 21 80 52 62 78 25 86 25 13 49 12 23 67 30 85 63 29 45 87 2 26 12 11 74 95 99 17 74 42 41 35 59 21 28 92 74 57 91 16 96 2 19 79 30 58 84 19 25 18 
50 78 96 16 67 46 47 81 95 15 84 32 5 54 32 80 75 55 13 7 26 30 41 39 55 85 69 69 33 46 27 24 78 18 17 75 3 89 79 63 28 4 50 67 4 34 18 68 94 24 89 19 76 47 37 92 79 56 92 33 68 70 82 4 29 33 51 2 59 18 77 36 34 34 52 30 73 64 48 85 80 63 99 29 99 47 96 84 77 62 7 22 33 94 5 65 0 26 2 98 79 86 58 53 46 67 21 50 24 94 23 85 93 84 95 42 34 14 29 32 60 93 5 83 12 88 50 76 13 53 36 10 91 6 34 26 87 17 79 58 50 78 79 81 22 19 12 42 94 92 90 7 1 88 67 68 70 51 39 61 55 18 96 20 0 56 61 22 81 79 64 63 86 98 60 43 81 12 76 80 73 29 97 74 3 63 58 6 82 52 65 35 3 73 49 88 52 18 90 33 
76 97 1 80 12 72 73 99 81 23 93 89 10 69 75 53 62 89 64 33 33 21 88 70 99 86 16 15 78 67 51 9 49 30 70 30 89 79 68 65 59 96 28 36 18 56 52 55 71 52 89 24 21 55 76 95 46 77 1 5 11 47 70 55 39 88 3 9 20 67 59 83 17 23 65 66 59 67 55 80 12 15 27 28 57 86 61 34 40 11 32 73 73 33 44 38 15 30 83 88 85 83 99 20 82 44 3 63 40 8 54 57 4 30 20 69 94 75 82 26 42 2 20 40 87 67 77 8 68 60 83 75 44 5 80 30 10 16 0 86 9 88 15 2 52 93 69 78 98 84 48 44 3 15 31 69 30 24 5 13 90 71 95 92 38 44 93 30 86 77 98 31 63 16 79 54 30 85 90 59 80 7 35 43 8 99 51 61 49 40 35 22 65 29 95 60 82 8 68 87 
89 49 58 8 9 58 90 78 33 68 55 93 60 2 91 76 63 12 49 60 76 23 13 27 74 91 15 82 37 9 3 97 59 34 96 94 95 24 24 29 57 87 20 64 75 63 0 15 42 68 53 17 15 73 85 79 88 25 7 28 74 19 35 14 65 86 80 12 54 81 64 52 91 3 64 99 99 76 81 23 77 93 7 20 55 31 68 51 79 52 38 46 45 79 0 80 38 39 30 87 25 64 64 51 82 90 17 99 59 67 60 89 94 97 74 38 23 27 81 10 76 34 33 57 10 27 42 27 34 43 21 58 28 43 42 85 42 41 61 39 52 91 95 92 51 3 39 75 96 98 82 9 70 25 36 57 46 0 4 80 42 97 14 99 59 49 91 38 12 65 32 0 60 68 83 33 31 87 6 42 24 9 97 63 49 55 11 13 36 71 36 19 41 17 89 26 95 50 7 20 
91 49 56 73 74 18 55 7 79 68 67 96 41 26 55 41 62 38 5 70 8 6 88 51 75 31 14 65 55 42 17 28 7 64 8 19 95 93 17 99 2 20 30 29 55 78 56 71 16 37 56 75 7 75 13 4 80 87 8 45 72 57 27 53 53 68 83 10 70 9 39 80 68 30 26 75 52 30 68 36 51 63 86 89 16 44 2 0 57 13 45 4 53 23 71 4 12 60 30 89 23 50 31 51 5 2 5 13 66 45 31 12 64 78 4 75 67 47 17 12 97 53 19 58 22 36 22 24 64 28 53 77 26 32 71 0 74 53 37 89 41 14 52 0 18 93 6 38 69 15 20 79 25 67 7 23 75 88 60 71 18 40 40 29 92 3 39 42 58 17 43 60 63 67 45 88 33 64 40 58 9 11 12 23 56 95 45 93 93 8 28 97 8 76 98 82 48 76 57 78 
6 43 35 25 34 27 88 92 25 35 73 22 51 65 29 60 34 29 17 39 63 18 12 80 1 72 57 7 98 29 43 3 60 31 72 21 97 54 1 46 43 94 62 22 40 40 43 63 99 10 94 31 85 43 30 17 54 40 63 53 91 7 91 70 22 62 40 91 9 4 6 81 90 81 15 96 62 28 66 64 20 92 69 22 72 8 71 66 89 44 53 39 54 23 27 86 60 98 5 92 37 65 94 83 3 84 24 81 20 57 41 82 24 81 23 99 47 31 63 75 21 64 47 99 59 15 47 52 96 53 56 47 93 93 56 61 8 40 5 64 55 51 18 62 35 27 18 27 10 38 66 48 26 28 84 30 23 61 21 24 56 53 1 57 69 76 25 14 0 67 26 67 57 2 83 7 74 36 38 41 42 12 11 16 9 13 94 78 41 68 84 17 88 44 67 98 98 98 1 2 
60 34 6 18 93 66 57 42 52 90 25 22 66 72 4 63 37 45 23 27 85 39 11 67 66 48 72 17 95 11 88 39 6 58 18 90 43 0 31 50 45 91 65 53 18 4 79 66 70 98 36 68 40 16 43 71 68 75 14 3 84 68 89 63 77 73 90 27 96 90 35 40 89 54 39 27 47 91 13 29 65 62 89 34 69 2 28 49 57 84 46 19 2 15 86 70 77 93 2 16 87 57 99 44 49 43 11 80 44 81 17 39 73 47 54 97 12 33 82 8 30 11 12 2 96 69 53 81 71 81 53 82 64 54 92 13 85 74 29 15 77 22 5 81 38 3 22 36 21 77 24 85 10 12 36 95 59 79 75 39 85 52 29 92 16 31 50 63 15 75 65 48 30 30 27 26 1 72 42 71 61 2 43 4 81 91 33 19 93 56 72 81 42 0 36 87 14 74 81 64 
57 90 74 37 28 81 5 71 65 5 79 31 71 8 32 12 24 68 69 30 84 79 31 63 55 36 99 14 70 62 61 41 54 47 1 39 10 55 29 71 58 70 83 84 8 27 85 49 45 11 30 95 55 26 78 36 2 20 98 98 45 46 5 81 78 90 42 29 25 96 23 3 5 19 94 73 67 24 34 45 82 4 89 54 47 40 7 5 90 28 65 99 42 40 62 90 30 43 45 81 67 13 89 3 92 52 38 79 92 61 81 85 99 47 5 89 75 64 51 1 84 84 15 20 77 55 52 0 69 82 46 79 74 48 90 62 2 85 93 62 35 35 64 15 19 89 24 17 35 72 78 13 47 28 57 5 75 71 99 36 52 28 68 16 30 74 29 65 8 14 88 84 33 7 25 71 30 92 12 73 64 71 92 85 67 16 15 8 74 32 95 78 97 87 21 56 97 0 79 83 
16 55 11 84 25 35 74 77 48 5 55 87 48 1 32 20 96 52 65 18 93 14 35 29 50 80 31 74 49 28 48 17 89 68 98 40 35 49 24 16 82 57 55 71 50 98 11 42 15 56 39 2 89 25 52 18 19 12 47 15 38 32 84 86 23 33 41 5 64 3 26 28 71 59 72 42 75 34 9 5 95 33 53 66 4 73 14 96 70 66 37 34 90 79 34 3 71 11 47 6 55 91 70 10 79 2 84 92 9 46 42 14 8 65 46 90 21 66 61 8 69 45 56 24 15 72 83 39 16 8 50 44 32 68 74 86 35 64 90 52 83 0 66 68 83 54 39 63 36 8 1 85 8 99 45 56 33 13 88 19 70 86 32 26 63 22 3 31 93 4 73 26 69 97 1 88 11 82 12 45 22 72 77 52 69 27 33 71 6 69 71 27 6 83 29 69 93 72 17 50 
8 25 2 64 24 38 74 89 80 47 93 39 30 92 39 57 38 77 98 53 76 72 28 6 23 57 99 60 14 40 16 2 53 21 37 16 43 53 82 73 39 31 97 54 56 6 37 71 22 12 40 93 98 86 89 21 85 11 17 64 60 77 3 72 70 27 53 10 2 76 25 68 95 64 62 41 77 80 92 90 94 46 49 20 69 75 56 27 81 0 78 17 45 67 52 99 62 31 16 83 90 33 3 91 88 89 10 57 44 84 28 4 17 6 95 41 99 35 66 5 30 62 67 98 28 94 1 84 58 37 40 74 70 22 24 18 15 70 50 33 21 48 72 50 51 73 8 69 43 94 60 59 12 48 84 24 45 7 99 15 49 29 94 69 54 1 27 48 39 46 78 42 85 6 22 3 20 1 98 87 66 80 11 16 67 26 53 54 45 84 94 71 19 8 70 21 63 68 25 6 
80 79 42 96 87 53 76 17 73 3 98 60 46 18 38 28 32 44 13 89 19 42 1 89 16 56 44 64 64 78 34 35 22 44 9 82 27 53 71 40 21 67 27 51 6 34 19 4 6 70 62 68 72 26 46 32 85 74 76 34 33 91 38 44 10 29 68 92 50 34 15 49 36 2 59 5 10 17 44 12 14 84 46 72 86 46 51 49 93 74 49 10 62 63 25 25 51 7 95 64 75 56 47 4 55 94 84 2 7 60 67 7 75 50 66 56 23 79 77 83 40 21 32 45 84 82 50 65 14 0 50 71 34 47 17 28 5 16 83 33 84 81 81 38 5 80 78 50 87 70 88 35 19 25 13 99 10 72 11 40 25 77 81 96 75 31 39 66 78 21 84 95 77 38 13 8 48 3 21 55 28 58 51 61 17 16 68 71 33 85 2 83 10 90 88 61 51 0 30 85 
91 11 43 23 99 82 65 82 9 29 57 81 8 82 4 40 50 37 57 69 88 41 92 86 57 44 58 98 29 78 82 78 59 4 59 30 73 64 3 80 87 15 32 48 66 52 53 12 31 79 95 43 19 24 17 64 8 53 64 76 57 85 83 96 22 67 62 36 3 38 0 41 42 74 79 11 87 71 7 39 63 52 16 46 18 87 48 22 9 51 34 43 56 10 64 12 17 16 26 64 1 87 64 37 67 92 86 3 34 11 82 38 14 79 74 76 58 76 98 56 96 52 48 82 29 7 54 26 43 82 16 82 28 91 39 58 9 11 25 64 47 72 58 56 80 32 10 37 50 77 12 85 99 22 5 86 89 93 90 25 24 79 48 31 19 34 73 85 48 86 23 73 11 58 22 91 18 67 83 73 54 0 72 89 12 72 91 22 58 89 5 54 16 70 93 59 23 28 49 25 
25 20 25 82 56 37 96 67 11 52 43 67 75 95 62 33 55 97 12 99 42 78 78 84 0 99 9 53 99 53 88 8 7 35 32 56 93 73 6 1 8 43 52 11 60 4 76 45 78 11 93 96 20 7 52 76 87 62 70 10 19 53 14 54 58 30 26 27 39 2 13 65 80 40 99 74 37 9 0 72 91 37 46 70 53 94 70 13 82 0 41 65 31 72 55 76 70 25 15 6 60 84 17 22 99 27 24 28 11 49 0 23 1 19 39 85 76 50 85 4 84 39 2 31 32 55 7 74 28 20 25 74 31 19 17 24 61 4 51 52 64 36 38 93 73 81 19 8 37 91 17 80 89 52 24 56 57 8 1 7 15 95 98 22 8 36 87 17 91 87 59 3 27 41 51 3 1 63 27 83 97 92 54 34 53 31 97 99 58 4 43 91 4 50 67 15 56 61 1 2 
44 73 50 40 69 42 74 0 12 21 55 64 95 99 24 10 93 13 27 92 32 20 3 36 34 97 16 25 18 56 68 6 68 76 38 36 76 42 17 86 87 59 47 72 79 55 54 47 88 20 11 76 82 58 58 3 69 1 17 95 82 11 72 43 72 90 32 31 43 13 22 18 8 66 99 78 77 36 78 38 78 22 65 31 28 24 87 83 69 4 94 14 17 88 60 53 95 61 88 76 79 60 38 50 46 8 63 52 62 83 98 70 68 37 21 9 67 21 72 54 23 67 22 73 34 74 22 69 1 15 18 63 66 17 81 54 5 38 74 6 17 34 51 52 85 67 35 72 38 16 63 16 82 67 67 73 21 60 12 79 87 27 53 89 3 53 39 61 50 57 25 65 39 62 12 51 89 63 14 91 29 79 85 34 54 94 79 57 47 68 91 26 8 56 10 62 31 36 99 28 
72 47 92 21 66 39 95 24 65 89 19 72 1 9 26 24 48 58 26 38 90 17 91 47 12 44 61 25 36 99 23 34 23 42 3 77 84 2 78 19 95 60 66 67 65 38 50 25 95 45 66 7 77 95 8 1 48 10 30 67 49 72 73 16 52 53 9 10 57 85 14 7 22 42 19 65 73 66 21 38 27 97 42 93 73 54 46 41 18 62 25 15 46 21 82 34 2 43 48 3 91 58 91 53 15 46 34 66 57 21 70 18 33 65 49 68 60 10 44 7 29 52 45 70 48 8 18 7 77 26 38 13 40 87 65 40 76 0 14 5 94 99 38 46 96 20 36 7 97 47 11 30 6 84 72 76 86 63 20 76 78 61 92 71 36 38 63 81 96 16 56 99 39 64 29 57 32 16 7 63 21 13 59 66 43 42 76 80 4 12 98 8 95 60 70 18 17 10 51 43 
32 19 72 63 89 40 23 16 81 84 82 63 78 24 4 96 91 94 46 7 90 17 62 24 87 47 88 98 41 98 59 51 98 19 26 94 22 24 64 39 80 44 4 4 94 61 61 56 98 57 26 20 13 69 61 7 3 30 81 30 71 68 24 88 40 37 74 92 96 70 35 1 60 92 67 29 77 98 88 73 5 29 43 56 81 92 47 94 21 65 70 10 52 47 54 59 66 17 83 32 43 4 25 71 46 76 53 83 37 85 75 32 51 23 47 62 52 78 72 12 48 92 63 72 3 63 24 28 74 12 51 95 73 48 87 4 25 28 63 89 72 96 83 76 33 72 40 23 92 15 63 82 84 99 88 57 92 8 80 50 30 60 20 72 44 60 14 81 13 61 17 76 54 9 76 6 77 18 11 66 48 91 45 12 94 90 93 16 95 74 4 2 54 15 87 91 60 90 37 9 
18 1 90 48 97 62 22 42 5 91 0 24 76 26 51 37 33 50 78 3 37 53 81 87 0 11 39 58 63 96 19 81 81 25 44 44 63 33 56 67 1 1 2 73 45 40 79 82 22 81 30 50 17 2 67 98 82 34 14 51 79 92 63 84 1 26 57 53 28 25 19 86 39 74 99 92 70 86 33 58 7 32 22 94 80 7 54 51 8 19 2 22 43 0 6 64 38 14 30 62 6 9 55 26 29 17 57 6 40 46 87 42 62 72 82 47 84 25 69 84 12 77 80 96 72 35 24 86 49 11 83 40 63 59 76 8 34 54 65 42 25 37 83 93 27 48 90 60 95 77 78 68 28 78 80 73 53 13 29 8 17 23 56 91 2 10 66 7 19 56 31 5 7 40 66 0 96 55 77 62 97 13 47 85 15 1 86 60 94 14 33 46 22 8 40 94 80 30 77 92 
7 49 79 6 78 37 88 7 31 43 65 16 76 19 49 20 26 74 66 5 40 54 55 39 37 1 17 37 24 87 64 18 14 32 24 62 8 74 1 13 87 39 24 99 38 45 56 4 44 9 79 66 85 77 48 84 65 54 17 49 10 13 52 70 20 61 0 1 47 29 25 79 45 86 15 58 31 41 11 2 45 34 66 0 35 95 36 69 66 38 61 30 58 77 5 52 2 5 25 86 55 48 19 20 16 14 82 82 45 53 63 61 1 25 91 14 38 85 79 37 0 3 20 23 33 5 55 95 95 78 40 25 2 6 80 76 72 62 25 67 18 99 29 26 13 75 70 18 21 57 9 24 88 84 52 45 10 30 2 84 28 81 68 32 74 47 5 45 14 22 27 84 65 22 59 29 76 22 39 60 56 20 89 23 9 61 35 51 77 80 17 98 27 30 59 28 30 42 27 13 
68 66 93 73 79 34 45 57 78 59 85 69 95 47 24 82 40 98 2 74 67 84 41 38 46 58 75 76 43 69 53 92 93 87 83 24 99 47 81 26 4 23 54 41 31 44 86 44 16 12 37 18 23 68 54 31 1 7 38 42 32 99 90 87 6 19 41 90 41 69 94 5 33 68 4 83 39 17 51 38 37 29 44 94 1 26 68 90 66 43 82 6 57 36 13 22 53 51 63 42 65 44 15 58 6 32 52 8 3 36 31 19 63 94 79 91 34 80 35 59 15 8 35 17 94 17 39 80 41 51 1 50 12 12 49 68 57 33 98 71 52 7 10 0 83 4 21 32 33 24 6 33 80 64 7 99 60 12 84 70 6 72 90 94 97 13 0 80 84 5 65 33 61 29 35 85 12 97 68 53 22 45 7 0 19 85 65 51 18 22 0 23 45 12 23 63 17 20 43 26 
78 35 58 61 82 5 99 65 94 66 34 96 2 99 64 73 58 97 56 45 45 15 10 28 17 57 8 53 10 3 56 97 60 50 42 0 79 1 58 25 38 20 56 75 84 38 6 88 80 7 53 27 59 24 44 32 42 37 9 63 30 99 53 73 77 36 95 66 61 16 40 8 75 82 25 14 60 17 32 4 30 71 12 50 90 47 60 36 33 66 9 38 41 77 87 27 37 88 49 50 47 14 76 10 1 87 51 74 66 22 80 6 47 93 44 45 50 82 27 4 69 7 78 29 81 39 10 55 13 54 94 81 70 27 68 89 73 93 28 27 47 37 20 2 99 93 47 42 57 23 13 51 86 71 70 57 4 19 14 76 35 26 68 98 73 83 18 59 78 35 73 84 30 76 29 55 51 43 35 85 45 36 89 53 16 88 62 57 42 16 59 3 33 84 65 82 76 78 67 88 
60 65 54 29 52 88 51 89 25 59 45 91 89 80 33 44 20 33 50 98 1 93 8 67 59 52 31 84 11 5 27 5 95 83 95 56 91 57 70 18 43 9 69 16 14 82 87 45 22 98 14 96 71 16 94 61 32 75 99 33 91 90 42 98 52 40 35 63 10 95 70 75 17 77 47 23 15 0 68 39 36 91 57 34 83 48 89 69 28 7 20 28 3 58 95 38 62 3 72 58 78 47 38 26 90 28 75 85 40 93 60 96 76 36 0 40 14 17 97 94 87 57 36 78 15 34 7 93 18 17 84 54 45 91 99 87 98 76 68 45 78 17 50 76 13 37 51 52 83 51 62 68 78 46 69 31 72 72 66 57 7 47 8 74 70 5 81 66 5 51 63 92 96 96 96 68 83 18 38 7 26 74 95 80 96 44 32 78 97 98 0 39 9 5 64 47 25 31 80 98 
8 31 80 50 6 50 60 12 15 48 9 24 51 14 13 6 97 41 25 16 58 62 37 82 36 19 59 41 63 43 32 3 58 78 95 86 64 99 3 11 0 77 64 25 83 27 69 81 2 35 64 80 68 54 40 44 61 2 55 67 74 15 72 66 39 2 36 8 75 31 29 54 91 10 22 74 89 5 48 34 90 48 20 83 18 25 15 81 47 76 98 42 37 21 42 23 28 29 50 65 50 63 38 88 98 64 60 8 14 0 45 45 69 11 19 44 76 90 96 34 90 19 21 57 97 32 84 1 31 34 39 13 13 45 38 22 67 69 34 39 12 5 87 57 8 39 71 88 91 3 28 7 79 85 12 77 88 52 11 89 51 72 89 47 37 94 72 83 34 11 28 86 89 34 5 34 6 66 73 15 54 79 19 23 33 84 43 10 81 17 38 62 45 85 41 72 1 27 85 92 
29 49 37 42 57 45 0 97 23 39 9 0 1 98 52 63 28 2 73 67 97 63 55 21 7 60 22 64 29 54 61 92 46 66 19 74 70 52 44 26 11 86 82 56 48 40 45 34 73 77 16 68 31 22 80 57 20 1 46 42 62 93 52 53 72 24 8 55 70 9 9 24 87 19 50 38 88 53 16 1 2 96 70 10 59 30 6 51 97 60 11 30 47 18 46 64 56 98 33 0 1 62 6 52 94 98 55 11 92 13 58 47 14 27 88 25 33 51 97 43 13 73 6 29 76 43 2 11 77 84 38 66 21 61 17 93 5 67 26 74 9 33 63 21 62 22 73 92 86 49 17 96 4 57 3 79 90 11 49 98 71 90 23 81 36 85 24 24 18 18 47 40 33 87 94 23 4 13 87 24 61 57 34 31 66 46 26 27 4 98 51 57 6 72 71 48 61 50 80 9 
63 92 54 61 70 84 53 12 51 16 40 80 10 33 19 91 92 53 23 94 46 76 76 74 11 6 55 11 21 64 41 71 28 11 34 92 72 65 6 5 48 63 29 25 34 6 81 45 37 79 25 75 89 20 96 96 9 12 31 56 55 7 98 90 32 80 64 33 29 36 62 41 29 66 74 95 44 73 97 84 13 34 17 39 83 4 50 57 85 30 47 72 79 55 85 40 87 56 72 25 19 3 29 53 29 21 11 69 92 56 80 93 33 15 71 97 58 32 52 17 50 12 31 62 22 16 64 78 65 73 6 80 26 68 19 28 5 8 32 68 15 49 49 44 32 67 47 98 54 6 12 62 80 63 67 96 54 98 4 59 71 85 2 85 44 37 47 79 15 20 12 51 56 7 22 0 78 17 53 34 90 31 15 97 75 65 26 54 61 73 45 24 99 27 80 37 15 45 67 42 
6 31 17 18 71 21 25 85 32 72 56 36 30 7 48 21 68 19 33 93 71 49 27 76 44 46 47 36 26 91 65 76 58 3 29 79 29 45 84 77 81 58 73 77 46 34 69 55 82 10 28 73 91 63 29 69 55 44 32 57 6 45 66 33 76 6 85 80 41 34 60 9 45 50 40 36 27 49 68 14 5 1 11 29 5 85 65 51 50 36 83 52 98 70 98 54 59 98 8 45 67 8 21 80 32 68 49 34 36 78 11 0 18 39 29 37 9 16 21 63 36 18 64 78 54 66 92 71 39 18 8 39 39 83 2 68 87 52 44 30 49 91 60 73 64 22 20 51 48 93 82 33 86 70 99 99 7 61 50 75 5 85 47 62 6 79 76 17 41 22 21 61 55 46 19 86 79 61 6 57 37 15 7 80 63 52 91 86 99 19 42 43 39 37 42 61 27 12 20 92 
59 14 63 35 17 41 30 15 99 83 28 55 8 13 22 49 95 44 1 52 52 36 73 83 60 93 93 20 71 30 44 49 64 80 39 35 79 71 63 23 49 66 82 18 37 57 25 7 70 70 9 16 66 5 23 18 5 53 24 33 53 82 28 67 8 20 73 50 98 27 0 35 84 1 52 90 45 6 50 79 41 6 15 7 16 16 35 36 12 1 74 97 97 14 94 50 7 18 41 43 5 71 55 30 89 96 69 26 64 91 31 49 15 77 71 25 26 98 63 46 12 1 9 55 43 3 28 92 2 7 70 54 12 58 45 49 75 75 58 18 68 74 76 88 1 21 80 77 96 8 89 16 30 37 7 85 40 98 88 78 64 65 46 29 7 80 57 84 82 43 59 35 15 50 27 92 65 95 72 79 71 0 6 65 52 69 37 43 47 5 36 51 57 25 67 18 27 25 85 22 
42 22 0 53 36 11 30 51 37 4 89 89 74 64 70 46 28 13 19 26 36 70 0 77 42 64 90 81 15 49 87 39 56 81 29 88 76 49 67 42 9 98 64 68 5 54 45 26 70 62 28 2 92 99 50 44 38 76 23 87 64 4 28 68 11 40 78 27 89 57 24 68 95 51 80 55 81 56 30 38 13 26 26 82 42 66 89 69 97 7 93 76 41 10 76 1 27 68 2 2 45 21 90 87 81 10 11 59 89 25 59 66 57 30 23 15 26 78 56 88 96 80 82 63 58 88 31 53 17 47 42 18 56 66 88 83 38 10 79 3 33 8 70 53 98 87 88 60 60 39 28 64 6 38 92 37 75 84 36 29 92 11 90 87 77 12 48 29 3 33 29 9 25 91 40 68 25 15 41 82 77 52 53 50 95 71 8 61 61 51 33 25 52 74 94 92 76 48 68 24 
43 46 57 77 94 89 76 2 21 24 22 89 49 23 11 21 60 18 6 4 31 70 0 28 98 70 85 93 1 56 81 58 46 93 83 85 7 50 64 3 66 1 22 24 94 19 89 46 19 67 46 45 77 87 22 14 21 74 17 28 9 58 91 8 5 38 75 42 81 22 18 45 32 17 23 75 42 40 45 17 31 22 39 69 36 52 83 20 41 17 96 99 3 68 74 44 30 61 56 6 7 49 60 90 56 26 55 71 4 54 1 45 69 3 55 68 91 39 38 70 11 77 47 22 63 4 6 94 36 86 3 73 57 11 80 58 34 63 39 80 64 94 22 6 11 78 44 73 34 62 49 79 6 13 82 54 49 81 66 42 92 25 80 79 47 17 39 62 56 44 10 45 87 54 3 61 24 31 47 24 6 32 6 56 30 1 1 90 98 10 39 62 32 70 35 67 38 45 64 38 
44 5 98 47 84 99 82 66 8 63 23 70 53 89 10 28 51 65 19 68 58 73 77 89 51 62 4 21 1 68 25 9 9 26 77 77 8 94 30 96 20 88 18 67 6 41 97 20 66 45 45 61 55 49 4 77 37 55 43 34 88 95 56 91 96 39 48 68 57 97 86 88 47 3 62 7 70 96 35 76 62 97 68 59 63 14 12 7 11 22 27 38 60 64 30 62 7 92 95 56 77 69 63 33 38 57 45 60 95 58 67 63 92 25 65 50 61 44 96 82 16 20 17 4 24 49 91 83 76 46 54 20 56 71 41 48 35 8 1 37 12 67 2 41 66 18 3 70 46 83 57 98 92 15 97 13 64 52 83 77 63 79 17 12 92 26 3 73 44 6 22 20 94 27 89 63 95 42 97 53 56 3 95 41 44 97 67 20 77 79 53 22 87 84 27 62 99 57 71 39 
64 73 54 1 91 6 77 1 80 18 50 86 10 13 50 53 99 97 46 86 70 29 90 54 0 74 50 67 0 90 67 99 56 87 96 46 1 72 53 86 83 11 55 51 1 51 30 66 17 66 79 46 27 5 47 34 78 3 0 70 28 44 52 0 75 39 63 92 68 62 40 43 99 39 20 81 71 86 47 73 19 38 59 9 49 41 82 14 62 81 14 53 30 7 22 11 37 37 60 86 7 38 65 16 44 0 9 75 71 91 80 22 16 28 32 59 43 36 55 65 51 62 83 4 94 31 9 91 91 69 11 49 86 33 57 8 71 73 38 9 29 68 82 16 20 64 98 19 93 86 0 56 9 20 49 88 93 4 16 25 40 38 92 8 45 48 48 47 18 89 42 37 90 83 73 19 99 26 79 53 35 23 15 42 24 42 42 41 37 74 17 20 20 2 34 97 73 41 74 50 
92 94 78 45 69 38 45 17 90 10 81 35 42 75 74 36 17 95 43 74 21 25 18 9 95 97 54 92 0 78 75 29 26 47 22 1 34 67 89 87 16 60 30 74 37 38 79 41 68 69 56 71 46 73 0 80 54 37 21 42 73 86 90 79 46 60 70 42 58 32 39 64 66 36 72 61 53 73 10 86 15 63 69 94 26 98 43 80 52 59 24 39 77 56 0 93 7 89 2 15 95 99 25 74 58 78 8 86 32 38 81 91 96 25 89 40 56 48 66 46 2 79 6 78 14 82 53 50 94 78 53 6 12 63 84 29 3 78 21 49 64 58 7 63 10 23 46 52 72 36 91 37 78 97 98 64 27 55 33 55 18 83 80 76 82 20 24 6 6 77 53 63 17 26 39 35 82 37 54 8 23 4 76 74 18 26 11 76 41 99 28 35 51 8 56 91 31 30 20 33 
69 61 94 40 1 96 70 98 30 31 82 64 4 66 46 32 22 28 50 67 87 70 61 11 29 9 42 63 22 53 18 65 87 4 89 35 6 90 24 33 72 86 50 81 51 60 1 76 80 17 71 29 13 88 62 59 49 90 85 40 68 49 32 79 52 24 38 49 36 30 96 11 84 92 97 31 85 64 8 98 82 87 46 97 75 73 25 78 66 4 88 8 56 6 83 46 81 91 25 49 33 70 52 97 4 30 53 89 97 17 69 9 12 48 39 43 42 81 19 61 32 17 70 70 54 16 59 23 89 87 53 48 91 61 94 7 99 25 64 40 95 58 26 49 76 27 29 84 61 61 80 87 64 14 4 92 74 36 52 61 16 50 16 97 45 87 27 20 30 51 63 39 64 61 88 47 52 63 18 76 57 31 47 97 1 28 50 23 41 84 21 1 66 27 56 57 76 63 59 68 
19 34 70 55 30 29 67 23 3 14 60 14 96 40 65 18 47 74 56 78 22 81 67 75 36 82 70 60 75 43 2 12 48 12 93 59 72 30 15 52 94 87 28 35 64 37 79 39 35 83 86 85 29 48 23 70 22 63 10 13 46 38 68 32 68 7 55 64 71 68 15 67 80 2 17 51 53 36 71 4 56 33 95 78 23 67 59 98 6 66 11 65 69 64 76 35 48 90 38 58 93 43 25 96 45 31 73 12 97 51 93 80 98 55 20 31 3 92 83 65 74 35 31 3 73 97 47 50 58 13 40 0 13 55 3 18 69 58 62 77 46 93 3 60 10 24 89 24 85 2 41 28 69 66 80 56 61 86 69 33 93 79 14 95 84 36 10 5 29 87 37 80 96 5 24 91 3 70 46 14 62 12 75 74 95 67 19 95 50 37 6 59 14 6 63 82 68 82 46 55 
24 2 38 94 81 1 51 82 17 32 23 96 37 72 6 77 53 30 0 29 99 63 18 32 72 61 49 46 79 94 46 21 55 68 25 98 55 20 17 28 16 2 71 76 90 61 86 69 38 95 23 77 48 4 72 77 15 92 14 42 69 30 80 81 77 67 10 81 77 70 22 86 97 20 63 59 49 55 3 7 39 55 11 97 13 1 6 10 51 63 91 71 68 88 90 3 46 32 24 38 88 27 37 99 83 43 24 67 87 34 85 71 6 80 41 86 91 28 58 6 85 91 64 1 58 58 53 79 42 40 52 38 3 27 4 36 59 73 63 92 19 6 27 32 53 24 5 18 21 23 37 94 48 66 37 47 91 70 49 92 10 89 34 92 86 10 33 93 35 99 11 66 6 47 95 19 20 57 55 41 19 88 54 66 1 37 2 25 1 78 98 82 53 89 62 49 77 12 37 49 
21 57 55 59 19 65 23 47 41 65 23 74 18 97 27 96 98 96 34 33 66 76 51 14 71 66 12 1 61 37 68 49 53 64 94 22 78 32 84 97 82 50 65 46 88 17 6 23 57 20 99 0 10 51 33 8 92 98 83 79 69 53 78 88 93 54 89 41 75 88 53 32 67 94 88 93 20 48 80 41 54 67 79 37 99 58 36 43 5 8 24 56 41 61 59 91 67 45 48 45 87 6 8 45 14 32 53 22 7 57 73 67 95 11 43 26 47 87 56 56 94 36 75 43 98 59 66 1 95 99 35 1 97 52 63 84 73 76 40 17 27 78 81 8 82 7 82 55 45 21 29 6 69 5 60 29 71 12 0 91 91 66 66 53 1 32 3 52 19 58 17 3 31 42 68 65 43 94 74 21 94 48 87 10 72 21 87 41 1 53 57 21 33 41 76 19 8 12 16 13 
57 58 4 44 20 45 33 57 68 62 45 28 41 84 37 43 70 71 88 48 42 44 9 42 25 35 22 89 37 94 26 53 18 68 40 11 1 83 81 1 43 10 12 87 46 45 56 70 28 23 10 90 96 47 91 94 97 78 12 27 52 8 93 50 62 36 86 17 30 85 52 32 47 94 11 82 9 16 88 15 0 97 26 50 2 57 81 47 11 45 10 38 62 88 12 4 45 18 54 49 39 77 58 79 89 77 30 7 15 7 81 21 9 94 56 20 85 66 57 86 90 96 64 69 22 97 52 8 84 58 44 32 5 20 43 94 4 13 44 27 87 35 54 61 0 28 12 62 44 33 0 30 51 3 41 42 60 99 49 9 90 80 8 70 19 70 58 84 56 34 83 17 97 44 61 94 83 32 21 81 55 84 94 13 4 58 30 46 56 54 75 48 35 57 85 2 45 88 57 85 
5 86 93 91 62 79 28 41 61 23 33 24 11 42 63 31 24 33 72 87 31 89 74 89 56 43 1 44 64 60 94 87 72 66 43 1 41 50 48 41 66 59 50 41 42 95 26 37 44 16 28 37 84 66 25 19 12 12 34 86 31 12 62 36 4 54 21 80 6 67 85 63 23 58 25 92 31 67 49 7 94 44 13 80 60 77 9 83 95 14 81 57 14 26 56 36 14 78 98 28 42 36 7 63 23 10 2 78 31 42 26 8 97 35 94 38 14 44 78 48 58 55 29 64 94 28 10 20 36 83 72 56 8 67 49 20 46 61 40 75 48 9 26 97 41 26 90 42 46 92 56 75 80 49 48 80 94 65 90 71 72 91 21 81 44 99 20 6 37 1 57 30 93 50 16 57 71 66 10 30 36 9 67 15 69 66 96 96 50 25 37 66 18 48 78 62 71 36 97 19 
35 8 83 63 90 50 6 25 30 89 46 47 41 52 38 73 62 53 50 34 43 23 23 9 92 8 99 96 48 14 89 8 8 69 75 8 44 94 2 64 54 9 46 44 28 3 3 49 90 10 42 62 63 41 28 87 16 81 88 90 83 4 83 20 16 60 73 99 2 60 53 63 8 89 74 81 9 19 92 30 13 49 20 53 17 30 32 85 2 17 4 89 28 76 98 85 84 33 69 80 56 65 7 30 51 44 85 60 13 49 46 97 83 33 24 23 50 66 18 74 20 58 29 49 16 30 21 63 31 92 78 4 11 90 84 68 39 36 16 18 71 43 5 17 85 8 41 59 24 65 75 19 40 55 25 97 18 64 77 3 34 93 66 62 14 10 72 1 53 8 27 74 67 19 44 87 94 70 48 58 74 4 27 71 93 44 81 34 91 79 98 9 36 0 87 88 93 4 62 47 
3 20 30 14 26 92 81 22 83 57 10 56 52 93 66 79 4 9 0 3 29 71 80 12 5 1 78 19 21 18 52 43 64 80 25 34 51 6 94 99 51 30 40 95 51 9 56 75 24 82 76 53 47 72 91 64 5 92 34 5 45 91 4 88 33 48 27 71 90 76 40 49 26 97 77 94 10 92 96 18 1 15 51 75 26 43 70 79 97 26 33 34 61 31 18 4 72 96 45 37 3 48 7 29 64 15 40 79 46 19 23 93 11 36 27 66 36 78 58 54 32 97 73 33 41 14 36 99 40 80 68 15 63 65 86 87 18 86 40 47 53 28 78 39 59 61 18 98 20 7 99 20 58 86 8 7 38 44 97 46 86 72 5 98 53 71 11 58 99 35 38 37 73 57 66 21 76 50 96 82 98 52 41 23 88 22 76 96 79 25 44 37 56 24 91 49 66 6 76 71 
47 31 82 97 90 44 2 26 55 51 87 6 7 39 0 3 25 83 66 19 73 97 58 55 92 73 41 45 41 46 86 13 31 25 8 49 98 27 1 35 50 89 65 96 21 26 63 93 33 63 25 32 35 92 23 40 62 37 26 30 62 64 45 25 82 52 35 19 75 73 14 16 79 6 64 17 67 3 56 13 9 37 51 69 65 82 59 26 64 49 35 27 25 66 29 6 24 30 41 75 36 18 30 96 54 28 98 48 42 57 69 74 8 29 26 67 3 0 89 99 88 94 80 96 3 21 81 17 10 58 16 62 82 93 41 59 77 29 72 66 96 76 99 81 46 14 23 40 2 44 7 7 90 35 89 7 15 2 50 70 22 16 9 96 20 32 75 83 86 99 73 98 84 80 13 25 36 14 66 76 93 47 7 87 16 19 14 1 89 43 20 4 3 35 87 0 2 34 27 61 
9 9 47 38 75 53 81 59 84 0 63 67 52 74 22 98 76 44 54 65 2 46 47 16 54 29 72 70 28 95 67 20 68 78 88 90 84 79 41 55 93 60 45 48 0 20 56 26 41 21 2 20 73 77 19 57 45 25 35 16 75 43 97 37 17 80 13 0 67 42 34 12 56 30 97 27 36 80 12 12 44 77 98 65 30 70 32 72 99 67 35 79 62 43 94 87 67 30 90 85 28 58 8 54 35 62 20 57 68 84 36 90 80 58 38 6 18 24 13 28 41 16 21 82 58 85 98 60 27 32 75 4 16 75 43 58 45 56 3 58 21 91 2 16 1 19 38 55 24 66 99 18 85 46 57 83 70 30 57 76 68 66 75 90 90 38 91 64 70 29 57 61 26 24 59 69 28 4 65 65 44 30 58 89 77 14 62 18 22 2 54 13 50 0 20 50 86 61 39 31 
51 47 77 39 95 45 27 22 35 1 8 64 91 75 62 50 25 60 10 60 82 62 74 0 37 82 24 66 57 53 12 12 91 55 78 3 16 41 26 3 65 51 76 87 83 29 23 29 59 9 59 93 27 28 9 63 46 40 88 90 26 27 6 14 23 86 29 38 26 36 47 31 51 40 94 7 91 84 84 81 45 27 86 72 80 26 83 18 60 54 0 87 33 57 17 38 37 18 18 4 0 86 83 14 91 73 45 75 88 68 63 19 7 72 59 94 77 43 92 1 24 21 99 93 95 53 45 40 59 77 21 36 67 75 98 22 40 2 28 80 32 37 10 42 27 42 26 30 63 62 68 75 40 15 83 15 7 86 93 35 68 10 66 6 89 92 28 76 18 96 66 54 90 47 81 11 55 59 94 25 96 73 78 24 10 97 94 74 41 31 71 60 9 4 64 31 53 19 41 95 
6 37 96 32 74 55 2 10 31 22 53 30 79 59 63 29 62 8 69 93 50 26 53 78 89 73 21 67 44 9 77 12 11 59 14 26 41 15 68 46 25 79 81 6 25 68 95 22 82 38 60 37 61 74 52 74 8 4 55 9 4 79 11 62 37 44 32 90 26 80 74 15 35 61 7 17 60 51 54 26 24 29 7 13 50 79 51 91 27 69 7 94 76 7 24 63 17 22 50 49 41 3 89 74 20 18 51 6 87 90 87 94 0 68 69 66 33 9 4 98 37 92 68 33 88 11 0 91 42 40 19 70 79 34 53 3 69 9 80 86 55 96 12 61 48 90 60 84 43 32 65 18 54 41 56 11 45 69 55 15 32 25 48 94 7 59 70 37 29 82 20 12 23 86 47 60 38 85 10 62 55 48 60 0 94 72 1 20 94 27 13 95 39 91 93 36 41 93 51 37 
44 97 45 81 95 34 85 42 33 88 72 1 54 89 50 16 30 17 24 27 95 27 65 78 72 29 2 18 74 83 46 54 86 63 52 28 87 85 86 88 58 15 53 76 39 52 70 97 97 28 65 37 20 83 40 73 71 47 39 0 41 11 1 97 56 38 25 30 28 15 77 66 0 66 43 4 86 67 19 28 28 37 48 97 54 2 2 75 2 37 87 23 90 56 37 30 13 31 0 6 21 1 96 99 3 25 88 8 47 63 68 88 45 28 21 96 57 24 87 5 59 7 87 95 50 98 78 44 49 30 96 13 86 81 9 40 79 88 86 21 59 37 59 78 38 66 79 29 67 25 99 11 33 45 64 67 91 45 15 51 81 76 58 51 16 96 89 28 65 3 87 79 61 79 70 57 55 61 11 33 70 9 77 92 40 55 27 0 64 41 14 24 20 55 46 91 50 19 80 28 
60 67 63 61 77 51 13 74 38 43 21 15 93 48 35 8 29 26 7 89 94 62 69 91 74 37 44 82 76 53 26 27 89 54 4 87 76 43 42 5 25 90 1 28 13 46 83 44 39 24 23 11 55 16 85 35 12 8 52 75 87 1 42 38 74 61 88 51 65 45 8 77 16 64 95 96 12 71 74 8 7 2 10 78 98 75 34 69 65 38 58 35 26 65 82 64 33 65 13 86 4 16 2 14 5 72 66 50 88 27 27 63 95 29 93 77 51 80 24 57 89 74 69 61 77 48 32 98 10 20 93 67 25 40 49 93 14 37 67 63 17 47 0 34 29 19 16 36 87 33 98 90 73 84 46 98 73 14 85 92 75 4 33 75 41 8 49 86 94 37 2 46 49 29 83 65 29 38 7 93 93 39 6 16 96 47 37 94 52 30 1 53 30 71 88 1 12 38 98 16 
90 91 27 88 18 7 10 59 9 33 50 89 97 67 66 40 2 29 10 40 73 62 79 14 6 95 4 7 4 81 99 36 9 7 86 48 32 43 75 76 79 99 12 75 40 83 63 26 27 9 17 1 29 5 85 30 92 27 7 29 31 57 25 54 51 69 11 63 77 3 82 37 78 50 86 40 9 57 56 93 72 15 97 48 66 24 57 82 39 38 14 49 52 15 21 33 80 49 81 73 87 13 73 50 3 13 12 51 68 87 7 18 28 91 11 62 3 77 68 6 27 82 61 80 35 69 61 29 89 63 69 29 38 35 18 78 17 64 54 46 58 71 42 68 20 97 39 26 8 61 30 65 65 58 36 84 65 68 61 92 61 47 31 19 52 64 67 14 40 63 92 37 2 40 99 36 95 42 13 37 58 0 54 7 88 82 46 61 65 92 75 55 45 18 75 77 95 56 66 37 
88 82 61 45 96 58 12 70 33 48 53 27 8 87 58 13 60 22 57 51 8 86 89 80 48 6 96 4 46 70 32 84 10 13 82 62 17 17 85 77 38 56 62 39 59 12 60 47 41 90 79 33 40 28 97 19 42 60 12 15 26 64 20 87 41 96 0 91 20 81 0 53 47 23 70 53 21 32 17 64 52 18 49 63 91 63 89 16 91 9 89 92 38 93 88 61 54 83 4 41 73 74 64 19 55 51 51 94 52 36 89 49 40 19 87 70 65 32 98 34 56 31 84 31 58 45 30 50 40 46 13 59 16 56 28 55 50 62 6 26 88 11 4 37 49 19 0 58 12 10 23 97 24 24 5 33 78 41 43 55 27 38 58 70 10 51 45 60 21 22 50 84 39 8 25 93 52 95 18 34 62 4 38 54 11 94 79 70 35 99 95 0 63 25 94 70 18 15 35 63 
47 53 25 81 31 17 26 1 80 8 51 19 18 56 13 9 61 3 88 25 40 4 54 0 33 92 94 30 88 72 57 80 68 86 53 69 31 53 73 72 30 32 68 0 1 1 25 57 47 58 98 86 86 76 27 28 44 72 18 94 9 75 73 50 89 36 79 39 24 32 43 6 20 25 21 46 6 11 22 51 5 83 98 51 7 96 92 80 64 48 14 84 84 78 81 5 72 5 99 59 65 6 16 97 72 25 18 28 5 22 52 34 25 81 96 21 53 78 59 6 94 15 46 89 58 67 14 2 80 36 65 2 90 18 35 58 29 90 50 27 19 2 66 7 33 78 16 11 16 4 13 21 25 87 33 12 21 92 12 85 30 93 13 84 83 55 22 96 0 55 99 95 10 87 58 93 16 77 73 35 98 88 6 91 45 27 84 58 11 71 79 57 40 56 66 92 37 58 27 72 
84 40 27 27 89 9 82 9 51 62 69 53 17 8 25 41 70 42 55 46 75 54 95 79 53 49 34 23 55 8 11 77 13 80 55 92 73 0 3 95 44 70 86 98 33 6 64 22 77 30 94 26 6 55 39 2 74 52 47 44 22 45 98 21 44 61 22 65 28 24 85 10 70 83 33 10 16 64 17 39 73 98 65 98 7 21 60 35 69 54 53 68 28 49 51 36 64 82 86 63 97 46 27 79 54 70 2 36 16 53 81 55 23 70 51 63 26 0 46 10 68 97 90 79 16 29 72 20 53 91 57 9 32 60 39 9 58 11 72 65 96 49 60 27 22 86 93 33 24 67 53 50 59 38 45 68 67 87 95 18 87 88 37 68 2 95 91 5 1 71 8 56 61 60 58 98 94 3 16 59 4 36 73 67 61 82 61 67 43 68 61 40 3 86 40 44 50 12 64 22 
31 64 63 82 62 22 46 37 23 91 61 98 50 82 69 67 50 15 99 82 19 9 78 82 0 79 70 16 96 33 2 13 25 84 7 51 95 43 37 40 22 3 95 17 90 82 6 11 2 11 75 26 11 81 58 0 38 80 89 36 41 88 24 18 22 9 1 46 64 59 80 54 98 75 1 57 29 74 20 18 53 84 57 90 83 19 84 73 6 81 35 65 64 32 84 32 86 1 52 59 26 6 89 20 87 28 50 30 18 67 51 29 32 72 64 64 76 93 42 69 19 95 78 71 21 52 4 43 14 34 30 55 8 53 84 5 54 60 31 23 54 65 71 47 31 26 42 84 10 6 18 49 21 76 96 62 13 6 13 33 25 66 81 6 50 66 91 30 54 21 88 32 7 8 60 62 36 41 13 95 79 22 5 65 53 2 94 84 18 81 71 35 71 72 78 91 9 78 0 6 
11 9 53 27 31 97 65 86 29 35 94 12 61 41 62 56 82 92 95 96 95 97 46 44 64 40 45 31 80 22 8 6 38 38 6 81 22 2 71 92 85 39 84 93 75 27 23 91 68 53 77 60 45 70 73 10 45 42 58 54 39 60 15 58 10 39 50 81 54 93 98 12 9 97 37 67 86 44 86 89 72 39 34 12 50 20 26 73 81 98 80 27 7 58 57 9 99 55 74 16 81 0 6 29 0 37 28 76 5 56 25 99 9 53 15 98 33 95 79 66 69 12 96 26 51 10 38 72 6 48 22 85 99 25 18 88 50 39 80 96 52 23 78 56 59 15 56 35 99 79 45 77 32 68 75 0 11 10 33 10 90 29 90 58 50 99 0 24 15 27 42 83 59 73 21 57 99 56 13 17 94 52 4 21 90 34 39 73 12 85 87 80 71 22 90 83 56 86 18 62 
80 78 46 60 71 98 68 54 63 30 93 76 12 63 75 66 23 26 64 8 85 27 84 97 69 3 93 45 48 81 9 50 88 14 43 31 43 91 38 54 50 0 26 52 25 86 48 42 8 77 80 10 42 27 40 66 61 60 52 8 3 14 13 95 12 76 75 69 43 74 46 90 85 15 58 60 11 71 45 98 48 1 1 58 40 43 43 46 54 33 44 35 8 12 37 93 18 53 64 26 48 73 85 21 22 37 26 20 36 24 27 13 7 60 64 37 77 30 85 58 49 10 94 71 63 67 63 66 72 15 91 21 49 6 79 28 76 47 82 29 36 91 94 49 46 0 89 74 36 44 57 78 8 96 85 31 80 39 5 91 62 84 20 19 14 31 24 14 23 5 1 91 93 10 9 66 52 83 20 70 70 70 60 73 90 73 84 72 80 52 48 39 74 94 35 91 56 98 51 76 
36 56 77 13 5 91 46 77 9 83 49 65 17 62 58 68 12 46 10 58 98 31 16 0 22 63 75 82 98 29 97 33 14 58 24 80 44 73 11 86 26 30 91 74 24 5 55 10 56 32 4 24 79 94 65 58 13 57 98 75 76 7 67 62 85 21 75 51 92 59 45 56 78 31 48 54 79 15 58 4 29 29 26 50 13 98 90 22 52 94 46 99 71 16 67 99 6 67 82 23 47 55 64 40 29 73 74 0 23 77 77 81 3 87 24 90 34 64 25 55 34 5 52 54 9 36 9 99 92 70 21 3 16 96 16 13 44 98 42 49 67 5 58 94 7 1 62 33 58 42 68 47 55 70 32 11 93 51 75 79 91 84 15 72 84 86 21 44 77 61 11 44 71 13 82 19 35 86 27 50 39 54 24 7 0 85 89 18 36 41 15 78 8 15 46 82 50 57 66 57 
15 66 31 6 72 47 37 59 10 36 24 78 83 46 0 9 51 94 81 1 68 50 50 25 78 82 44 60 86 77 12 99 35 65 32 59 53 53 42 6 45 30 13 68 70 36 74 13 87 93 50 18 24 58 37 44 33 53 30 43 80 11 19 10 15 26 3 2 74 10 59 42 18 60 74 74 90 39 60 35 45 90 93 73 20 9 1 42 62 12 7 6 97 89 55 87 54 2 48 8 40 25 82 72 68 2 3 92 49 2 40 49 59 77 58 11 53 11 41 23 51 95 69 66 80 8 19 50 84 55 95 92 66 44 8 63 96 80 19 59 62 71 0 90 24 31 49 47 58 41 55 80 51 14 26 78 81 32 17 10 98 38 88 6 48 6 5 33 29 34 27 51 22 25 64 80 28 70 21 42 88 5 81 61 67 69 12 75 69 54 23 68 83 47 26 84 26 51 12 30 
91 20 20 55 0 8 58 32 56 3 15 28 37 77 57 41 73 40 9 93 19 68 14 51 20 95 94 56 49 51 3 87 66 10 39 28 12 96 44 17 55 51 27 76 11 27 60 85 64 55 53 47 19 68 6 40 83 44 32 2 48 46 88 32 67 56 19 1 54 97 56 63 97 48 73 67 30 61 33 12 36 94 6 53 38 9 47 43 14 40 64 71 96 72 48 48 1 63 75 83 63 87 60 24 51 84 21 56 20 81 94 71 10 50 74 40 19 50 92 23 44 42 34 55 44 65 99 76 36 13 42 54 90 38 29 74 16 90 91 36 59 57 93 30 69 97 59 76 18 49 98 37 34 25 73 17 88 94 97 15 73 75 81 33 32 23 38 13 80 17 90 42 98 24 87 48 89 97 39 0 72 57 57 60 7 15 66 98 72 25 62 86 99 66 32 16 27 12 33 66 
0 99 47 19 34 14 32 9 47 20 55 61 92 98 1 65 11 19 85 77 81 59 21 68 70 49 27 72 61 10 60 81 55 15 42 83 42 27 24 91 6 92 26 51 34 56 94 43 95 25 18 75 46 61 71 66 35 3 82 45 98 86 4 29 53 65 43 89 10 27 27 23 62 84 66 97 34 51 40 79 62 73 77 83 75 93 44 40 1 30 32 50 44 6 53 6 66 25 70 38 34 10 40 96 8 15 1 3 41 67 42 12 16 15 58 6 25 21 44 9 8 37 66 80 53 40 31 66 27 27 94 65 27 8 68 88 27 23 48 14 46 52 45 11 85 55 76 52 59 71 7 45 53 19 28 31 89 19 66 18 63 11 76 51 40 13 87 71 99 27 43 50 18 58 61 28 94 77 36 36 21 41 76 18 31 54 46 42 26 6 85 65 63 41 64 83 42 21 37 74 
33 95 6 66 3 97 70 78 30 17 62 82 0 54 96 81 98 1 68 25 54 3 57 97 73 21 22 86 7 56 34 80 63 75 81 99 31 17 92 66 6 55 94 87 94 38 83 85 2 0 29 69 68 69 18 30 76 80 38 96 94 47 93 67 55 67 95 21 38 63 46 83 64 28 95 23 50 17 21 32 24 75 18 66 49 0 8 37 9 20 47 88 68 80 0 32 69 19 29 79 7 13 25 82 74 78 47 34 89 46 30 82 3 31 76 51 80 24 3 50 74 66 79 42 75 81 45 2 56 27 19 29 30 45 57 38 68 38 20 6 45 83 69 24 72 90 96 33 97 33 14 20 98 55 76 15 38 4 53 54 68 39 85 32 79 65 38 20 72 21 35 66 65 84 64 34 29 21 61 59 44 87 58 28 73 5 3 39 57 71 19 63 45 48 35 24 39 19 36 48 
76 85 32 48 74 99 81 11 64 44 38 22 10 10 87 41 52 22 79 17 12 0 45 91 60 64 28 16 4 77 54 5 28 76 74 92 2 49 17 11 29 96 46 18 62 90 57 52 14 89 10 26 96 45 29 22 80 80 13 93 81 81 66 27 70 53 43 16 35 86 43 20 38 91 26 82 13 19 92 12 67 37 18 86 77 89 44 1 33 73 22 10 87 34 82 11 12 55 37 37 61 94 69 40 33 63 38 62 17 18 19 94 15 52 48 56 1 84 66 64 40 97 43 68 52 8 15 9 17 76 13 90 51 58 33 35 18 26 30 43 44 37 4 30 55 97 64 68 94 78 71 98 20 94 48 38 15 39 80 65 50 19 43 40 17 88 85 58 55 14 66 17 10 66 49 7 46 88 50 63 27 19 75 56 17 51 96 1 97 63 31 77 34 40 87 70 55 2 38 52 
74 70 65 51 1 19 55 5 77 17 10 57 81 87 93 41 72 39 1 77 61 12 22 40 85 43 60 94 66 46 79 54 27 89 68 86 23 50 66 30 63 0 31 37 14 62 82 18 20 12 61 61 47 54 14 0 83 80 28 72 1 98 31 56 96 85 67 38 56 5 57 71 80 61 27 32 1 20 30 74 25 5 29 54 43 89 35 97 5 87 9 37 52 37 17 5 27 81 6 94 26 70 42 83 0 12 24 45 87 41 97 86 43 70 8 99 14 45 49 61 18 80 12 29 91 70 35 42 91 89 53 82 35 88 71 72 24 9 6 21 2 1 15 58 63 71 28 77 35 55 92 9 87 28 61 95 35 75 47 30 89 65 23 75 34 7 65 70 79 29 43 44 17 73 15 13 96 92 95 47 94 13 35 23 2 77 35 24 11 27 22 58 80 49 58 17 48 71 12 2 
22 26 90 37 84 99 3 36 55 97 79 74 24 80 19 3 54 60 0 75 60 98 31 38 24 97 12 23 48 92 71 80 35 41 22 0 96 53 13 66 7 66 26 93 68 85 88 9 20 22 74 53 65 28 16 5 69 81 66 86 18 46 72 75 68 27 0 7 28 5 25 36 84 63 44 86 14 18 58 88 14 93 30 2 22 89 19 51 96 54 47 73 18 9 81 84 25 54 8 35 96 93 17 65 82 65 55 70 31 5 77 48 71 83 92 37 3 49 21 62 80 18 77 89 89 21 67 22 8 8 46 75 65 87 4 34 54 98 5 7 62 37 32 86 91 86 71 82 97 80 74 75 21 58 22 82 46 22 34 2 83 24 1 20 42 57 5 46 51 40 56 97 63 70 49 58 34 12 65 70 63 83 30 93 52 43 75 39 54 84 58 87 5 17 83 5 11 70 73 27 
81 81 58 47 71 91 18 75 93 52 92 73 46 92 12 1 64 87 80 88 16 80 50 38 63 89 50 40 72 26 36 94 21 63 48 6 29 22 72 6 48 78 89 70 64 4 14 82 41 56 97 66 52 12 91 67 4 19 19 73 98 57 86 89 2 40 49 98 61 82 6 46 45 14 48 82 47 56 98 2 68 97 46 81 26 81 66 81 36 39 54 97 45 95 55 44 20 54 39 18 71 23 94 76 58 31 77 37 7 74 29 25 20 5 26 84 11 92 29 9 32 29 10 44 7 4 10 82 0 56 44 70 72 29 6 39 54 83 39 1 62 24 11 0 1 94 62 32 94 76 36 2 22 81 29 49 98 12 88 16 93 49 81 99 55 84 51 68 98 42 19 53 78 32 47 71 44 59 62 57 39 32 49 73 69 75 33 93 37 47 97 18 11 87 54 89 25 36 9 83 
12 90 22 71 67 28 83 69 7 40 22 30 54 94 30 21 58 3 71 28 56 5 81 47 30 37 83 67 61 34 60 99 51 60 66 16 15 39 61 19 17 65 58 31 28 57 48 7 43 73 43 48 68 10 84 55 19 83 44 66 23 56 56 85 60 72 95 83 56 89 62 32 87 74 69 13 25 84 71 10 31 77 32 56 28 55 57 19 41 89 64 58 83 15 84 68 49 22 7 9 69 38 6 49 31 91 13 4 87 5 39 39 98 56 80 58 1 30 21 39 25 3 92 57 22 56 37 69 21 27 16 9 75 6 81 30 20 88 28 71 4 47 96 90 45 28 77 3 33 93 96 70 90 57 96 54 3 89 43 27 8 13 23 32 9 85 42 94 23 53 11 23 75 2 85 50 99 35 36 14 82 62 10 29 16 28 96 43 94 92 98 11 71 62 85 41 83 63 18 49 
2 90 9 75 77 30 24 64 84 27 21 56 15 63 59 19 15 46 68 93 48 3 2 9 97 0 75 33 21 92 5 32 15 84 88 52 0 88 31 35 89 42 84 64 77 78 39 69 24 52 71 47 92 64 26 36 34 73 56 20 92 60 39 67 82 37 70 82 10 98 27 88 89 62 96 83 95 29 53 67 78 43 18 90 66 82 12 96 95 4 74 13 75 83 88 65 81 66 28 4 55 17 71 6 96 57 83 0 69 99 74 88 69 89 45 45 54 61 34 19 51 68 99 37 94 82 60 3 90 72 54 62 90 33 25 98 79 42 19 72 80 40 42 0 22 84 36 13 53 4 5 90 2 91 49 19 22 3 62 41 77 2 64 9 15 99 87 28 1 81 37 35 87 64 1 29 20 98 67 65 70 49 9 20 44 76 33 32 70 95 75 66 40 19 90 5 46 1 90 51 
22 54 21 28 94 23 66 88 7 57 93 14 90 31 65 7 2 47 10 19 67 7 83 22 73 37 15 49 40 57 6 80 30 25 6 31 81 61 23 20 60 28 64 16 44 50 94 11 59 72 62 97 79 85 70 78 95 19 16 50 32 17 75 82 74 38 50 2 77 58 22 51 78 67 78 30 72 75 25 81 28 7 87 26 60 75 92 58 59 40 49 88 2 31 8 22 97 53 63 66 17 94 24 69 57 73 52 57 94 68 16 21 84 84 38 73 33 52 72 45 72 30 94 18 78 14 19 47 72 82 6 30 18 77 53 87 57 32 93 8 11 94 67 62 95 55 55 74 71 95 75 80 74 28 15 4 97 77 22 2 30 49 31 36 74 52 41 73 63 11 27 32 62 85 48 56 93 20 98 15 25 46 65 58 66 94 99 15 7 70 74 50 35 26 6 68 91 25 51 86 
90 58 64 52 4 2 93 17 3 96 79 13 87 80 42 36 42 0 16 95 66 4 95 48 7 74 86 51 53 5 56 74 15 5 70 65 67 7 48 43 44 77 29 67 98 69 46 58 25 34 92 63 80 23 45 12 99 95 12 17 55 65 28 47 5 33 95 78 97 94 87 62 0 45 1 75 76 53 48 91 0 5 36 76 0 35 87 9 90 11 17 73 68 43 75 34 28 68 75 69 50 53 58 23 80 94 99 17 16 4 62 63 13 95 79 33 19 16 86 36 20 92 10 32 79 45 77 58 76 91 72 23 88 78 47 97 55 38 83 42 91 58 66 59 71 41 7 43 75 42 78 12 58 56 30 81 17 6 81 29 38 94 92 34 61 91 5 53 57 35 97 42 87 19 45 19 42 64 22 50 55 86 35 78 67 73 64 49 56 93 9 19 97 54 37 2 88 50 23 75 
15 27 4 80 67 88 19 6 59 62 49 77 84 18 65 69 39 25 51 3 16 44 11 21 97 29 85 70 74 42 94 10 84 41 57 96 7 31 43 45 13 85 64 16 72 43 11 42 26 79 88 20 59 58 16 51 11 93 9 19 62 55 82 27 80 48 25 4 92 49 78 79 56 31 63 40 2 34 59 45 45 15 87 84 95 99 16 52 6 69 64 5 44 9 19 85 84 6 33 90 53 75 53 81 37 82 30 89 70 57 55 17 4 97 16 18 11 67 10 89 10 28 28 91 21 88 40 37 66 86 24 14 66 3 34 11 99 33 0 14 53 82 56 19 73 73 63 87 4 58 32 85 16 60 27 13 7 76 87 55 65 40 61 13 52 99 57 20 46 95 62 40 2 7 18 38 18 35 31 94 84 68 84 85 7 64 14 84 29 25 66 6 6 40 95 26 10 58 60 17 
10 66 92 63 81 2 68 19 66 63 49 20 74 93 75 28 63 96 89 56 20 15 22 10 51 38 95 39 16 7 85 65 20 85 86 58 67 93 71 61 5 49 29 52 71 57 49 75 92 19 76 52 98 94 6 48 51 67 17 73 59 72 46 25 32 80 60 33 10 82 60 57 52 33 39 15 21 25 17 78 31 55 47 41 86 11 68 92 18 41 37 26 6 48 21 8 92 91 13 13 81 64 37 90 86 75 63 44 11 83 65 44 43 67 65 62 24 76 30 1 97 29 50 70 33 23 31 19 14 42 3 90 85 67 75 66 80 16 72 48 41 24 75 10 89 36 79 96 61 66 50 60 23 12 74 48 64 89 27 53 73 5 68 63 12 51 17 46 32 74 28 43 92 73 8 95 88 92 89 31 56 94 54 44 28 16 7 49 0 2 3 63 33 68 5 77 61 44 9 20 
8 22 41 16 19 48 52 84 88 48 83 30 81 34 7 22 73 90 74 97 20 82 17 93 27 36 25 47 77 2 1 0 64 81 8 32 22 7 39 80 33 32 1 62 21 96 76 82 45 95 83 27 81 17 70 74 78 59 34 62 82 53 10 53 50 86 16 62 50 1 0 80 28 89 38 70 35 19 99 71 60 6 93 79 50 27 58 99 71 6 14 86 11 17 24 40 48 20 35 51 26 49 37 36 40 9 7 71 99 74 14 62 31 50 54 35 43 28 21 47 52 62 74 90 41 19 70 77 34 53 23 83 18 37 20 23 29 70 76 56 62 3 66 82 93 1 0 84 16 41 62 27 99 25 74 18 30 45 10 71 42 32 58 85 74 80 26 45 20 58 97 26 86 9 35 84 82 18 16 56 6 80 95 98 80 45 94 23 45 48 38 86 38 89 70 89 87 62 31 91 
60 51 10 84 14 60 37 11 27 37 46 55 28 58 30 17 93 84 34 65 66 17 59 11 81 3 75 36 60 95 18 45 97 35 6 79 63 92 55 32 51 82 82 25 6 28 16 60 32 24 45 11 54 66 9 94 92 72 79 42 74 95 69 78 4 48 35 31 99 73 15 70 38 89 3 49 81 64 73 94 84 92 0 34 40 81 96 2 86 7 4 94 88 74 6 55 15 9 27 99 93 3 75 74 68 78 11 87 64 16 56 12 66 32 59 18 8 77 96 96 7 37 60 21 74 44 86 96 29 54 67 20 2 46 96 16 82 85 56 72 51 59 91 97 53 72 34 14 51 69 56 95 59 36 41 26 48 81 1 44 35 35 94 69 88 35 10 59 51 26 47 44 47 37 72 54 85 20 57 54 36 39 93 40 11 29 99 86 39 30 82 3 87 16 2 95 61 32 84 24 
4 33 76 50 67 25 64 14 30 0 11 75 47 66 27 63 90 24 36 53 82 29 63 30 0 81 65 57 45 34 60 22 31 59 54 11 7 65 35 66 81 52 70 21 44 26 14 55 84 46 75 18 97 55 78 77 15 62 53 84 34 34 8 86 90 30 15 22 39 64 57 53 61 32 24 7 64 67 46 60 46 65 23 45 45 81 68 83 2 3 12 47 74 26 9 11 61 95 9 20 48 94 37 12 91 12 18 62 58 29 86 51 87 2 9 43 33 77 9 13 28 36 82 27 89 4 75 78 18 83 9 81 29 27 53 71 14 44 15 49 87 88 67 56 15 62 81 56 77 49 13 22 18 5 21 76 9 58 57 95 35 4 7 56 23 99 83 77 38 1 1 9 22 52 58 26 99 96 75 7 10 0 27 55 62 71 39 53 48 46 9 57 12 20 46 33 80 15 80 39 
99 29 10 90 47 61 96 6 34 39 78 89 3 65 5 48 75 40 66 59 62 23 53 88 7 38 92 13 67 41 95 56 94 65 35 43 58 55 56 28 48 41 64 38 44 78 33 96 1 42 20 69 17 44 18 65 78 18 27 36 21 78 86 49 14 26 52 32 96 71 85 15 58 1 95 97 62 74 72 48 49 79 2 32 27 63 32 60 8 31 92 45 32 59 47 97 47 43 25 26 44 11 62 15 79 34 84 14 0 85 13 47 82 45 3 72 15 35 95 97 42 35 7 29 95 50 39 5 42 27 2 69 34 13 72 69 55 38 31 82 10 75 90 89 32 42 33 48 18 44 42 26 55 69 52 15 54 80 94 1 6 12 18 8 39 43 35 37 22 24 91 65 24 40 69 68 56 60 86 32 83 74 15 58 79 17 22 72 30 82 84 0 11 41 98 36 78 3 11 74 
13 88 2 66 87 44 56 94 36 34 47 37 66 41 52 55 78 19 66 8 54 15 45 46 89 41 18 17 83 91 91 89 87 74 26 34 18 15 21 3 55 84 84 15 71 62 34 73 77 91 25 6 70 74 52 5 69 90 38 90 63 73 73 17 69 43 40 52 18 13 77 60 86 42 85 89 15 15 77 94 63 33 49 55 98 21 87 66 38 47 74 67 5 80 23 83 6 1 80 17 29 99 35 49 67 92 26 60 89 17 96 19 81 98 50 86 75 79 60 44 81 84 61 1 5 40 46 3 10 73 61 61 41 63 81 77 93 34 66 67 29 44 49 78 73 48 58 72 9 40 91 41 9 61 21 88 75 49 46 16 53 99 25 59 22 30 65 44 25 16 90 27 88 77 26 55 46 32 87 88 90 96 70 21 94 82 28 27 4 35 98 86 72 68 30 60 82 89 44 44 
49 66 98 60 89 90 20 26 29 15 7 23 20 99 52 37 72 36 43 95 91 90 20 66 26 18 21 87 11 62 46 54 15 32 10 93 40 61 31 22 48 39 4 36 10 41 64 97 72 57 13 7 13 6 54 36 75 35 30 4 13 71 63 49 99 43 34 99 90 65 23 67 58 34 54 60 85 74 71 0 17 34 8 52 25 7 57 63 4 53 41 81 30 35 62 55 72 5 97 85 34 73 35 10 43 42 87 3 79 50 41 7 27 68 78 94 95 17 49 8 92 94 26 64 56 5 12 92 34 15 12 35 44 59 40 23 79 25 81 48 38 89 42 97 83 41 0 72 3 92 90 55 47 89 8 69 59 35 18 5 13 46 47 11 73 30 82 97 39 22 74 48 90 8 13 11 60 55 98 94 38 21 71 75 74 54 32 57 85 40 86 94 98 56 90 7 16 22 73 57 
59 89 16 2 1 21 0 76 26 56 20 17 67 54 94 68 67 20 62 96 96 36 28 18 40 51 77 63 81 71 29 74 97 2 16 11 21 13 81 13 82 10 66 97 38 44 57 55 25 1 50 57 59 71 94 58 51 86 3 28 84 45 70 53 11 13 33 54 42 29 37 34 19 96 87 37 44 80 33 16 29 28 63 88 23 25 66 85 3 64 82 54 26 80 51 49 20 26 17 16 34 84 56 38 25 41 56 42 84 40 61 54 65 77 59 15 82 10 98 0 1 7 76 36 78 40 65 79 5 29 98 89 79 89 93 85 49 91 33 28 74 78 87 30 8 44 16 27 7 38 48 86 41 82 74 74 97 93 40 15 36 90 97 72 5 22 6 24 70 73 62 50 39 73 21 27 99 38 27 67 79 21 40 24 45 41 11 14 45 35 8 52 20 57 86 37 50 26 89 95 
24 95 11 36 50 73 17 54 68 17 12 41 60 68 8 14 35 84 17 2 0 30 4 79 18 34 93 2 96 76 43 30 79 81 27 91 55 89 25 43 45 22 3 33 89 85 51 15 90 59 66 62 82 75 66 39 24 33 94 16 38 14 0 79 64 71 20 59 14 35 69 85 54 9 91 4 82 49 68 12 55 98 60 27 22 28 68 33 57 87 56 78 17 15 31 93 34 89 44 91 32 22 75 24 9 51 17 86 36 65 68 76 96 13 13 0 32 19 87 88 33 74 64 90 16 83 14 70 10 71 80 12 92 26 73 34 92 2 78 82 22 71 27 8 83 36 97 94 68 6 39 21 61 92 58 28 63 90 55 71 34 6 55 53 55 55 61 8 11 32 87 9 92 73 56 59 8 76 70 29 95 47 8 36 80 83 94 9 66 72 3 79 49 60 23 23 60 50 41 33 
64 59 79 86 11 6 73 78 58 27 10 64 91 1 45 32 54 9 84 57 78 34 42 2 24 54 18 34 23 85 86 82 85 21 77 74 50 5 92 1 17 67 79 0 15 87 75 97 80 77 59 71 94 42 60 74 89 21 33 41 8 97 35 26 98 97 20 76 29 8 39 19 29 18 95 12 64 63 91 77 45 14 4 23 23 97 77 12 35 43 44 4 88 26 2 19 21 22 69 1 80 78 35 84 67 22 95 81 88 48 90 5 33 26 56 27 83 0 88 67 50 54 15 60 14 9 1 77 4 78 40 65 44 15 11 5 66 69 66 63 42 30 71 12 56 68 4 0 40 49 54 73 15 32 94 53 82 80 49 37 22 28 97 59 8 51 30 14 18 97 54 89 63 93 69 12 55 80 27 41 38 74 43 58 72 75 16 98 1 9 2 31 80 84 96 48 37 82 59 98 
83 93 53 95 62 89 91 81 97 82 56 48 27 5 23 7 28 94 6 20 90 94 48 10 9 42 8 35 6 72 35 74 46 60 12 58 67 66 46 16 79 42 70 97 41 4 34 28 12 85 72 51 45 69 83 51 69 78 62 1 71 81 66 10 87 52 35 66 78 40 78 41 92 80 42 37 92 65 83 88 86 88 42 94 11 33 2 57 16 20 2 33 64 5 96 1 12 68 10 42 80 27 71 35 88 96 28 60 66 50 47 76 73 99 0 29 7 81 6 17 99 77 96 56 30 69 37 99 59 92 45 87 96 40 41 34 15 75 36 61 97 50 78 39 90 22 45 45 97 79 99 83 65 3 28 5 56 63 72 81 91 56 67 40 98 89 75 36 14 79 29 13 96 89 92 82 80 49 35 34 93 86 85 26 18 7 5 21 10 12 55 11 69 8 93 50 3 87 34 55 
56 25 57 59 20 91 77 33 51 52 8 63 48 98 76 43 27 46 85 56 5 41 40 48 43 12 23 5 70 79 10 35 73 42 18 88 36 12 56 11 71 87 61 77 30 39 15 21 19 54 46 61 96 36 56 73 99 81 45 32 71 72 3 9 26 8 5 24 88 40 91 92 1 22 5 55 49 37 19 72 55 21 53 37 51 87 62 90 13 41 99 36 23 41 77 32 66 85 58 34 68 95 12 46 0 78 78 22 27 48 8 66 49 13 25 87 51 13 92 93 88 69 80 60 21 28 3 21 45 83 37 26 77 97 20 26 20 89 30 42 31 97 2 61 51 84 0 88 51 65 80 73 92 94 33 52 37 4 91 12 8 28 57 17 30 98 50 83 42 72 70 50 41 70 61 41 68 33 68 91 23 61 31 36 85 54 94 74 24 40 79 68 58 95 19 27 51 47 44 54 
73 60 26 94 46 24 45 47 37 75 75 25 12 20 21 51 24 43 15 88 77 10 84 74 31 40 11 87 9 62 76 38 17 36 42 91 49 80 85 42 89 76 83 22 45 22 94 9 59 31 36 2 68 81 53 41 88 2 41 66 19 57 28 85 7 95 18 1 62 20 82 16 84 83 8 21 90 15 30 59 69 8 16 61 85 89 8 70 51 71 33 76 5 46 14 75 66 51 73 59 10 97 76 14 75 92 56 39 63 47 80 8 27 45 69 21 25 2 35 17 75 50 70 0 8 43 86 41 18 67 48 70 28 96 39 74 76 47 49 63 25 98 33 17 3 62 25 41 27 52 95 65 69 91 50 98 7 26 34 43 44 86 35 18 32 0 46 88 1 76 33 22 79 44 77 41 92 58 5 89 48 39 16 18 11 31 27 3 30 41 16 96 55 34 78 89 79 88 15 8 
54 23 66 51 42 97 40 93 19 55 13 43 51 60 30 41 68 52 74 55 82 63 62 73 23 22 9 14 8 42 60 8 34 13 1 63 72 34 86 73 71 16 8 17 44 45 5 54 4 87 15 1 46 68 2 5 80 6 47 95 31 9 34 23 1 84 37 42 11 61 46 40 28 93 67 3 15 23 12 68 12 20 97 62 82 63 69 13 91 26 98 45 45 33 61 39 47 29 68 11 75 87 58 10 66 82 59 30 33 23 92 52 11 48 54 65 99 90 70 9 43 38 52 79 52 26 32 73 57 53 64 70 58 85 28 93 90 64 30 5 37 3 89 29 17 49 68 83 11 20 79 96 89 15 86 58 3 96 13 92 74 42 90 24 34 93 97 82 63 33 52 5 51 25 19 84 7 21 12 23 17 25 38 30 39 75 31 45 59 19 98 60 6 2 62 89 23 49 44 4 
46 2 19 18 76 79 98 57 52 6 46 2 22 10 96 0 71 87 73 49 58 35 60 31 90 15 12 84 51 56 19 33 61 31 6 35 23 55 45 11 84 34 77 80 12 9 37 10 85 72 14 49 51 20 35 11 21 19 95 70 28 49 40 9 90 97 76 25 48 44 54 35 64 11 75 52 50 91 13 59 43 28 11 35 34 11 67 0 91 29 53 51 5 30 28 89 13 90 46 63 51 66 79 40 15 31 86 27 76 24 47 36 7 5 40 64 48 46 31 91 53 44 80 66 15 66 75 93 0 20 20 62 13 8 21 31 53 65 51 48 79 73 33 89 97 1 33 74 8 62 76 64 22 46 89 67 97 89 77 28 21 5 21 82 57 24 11 31 91 5 58 72 22 4 33 17 23 98 6 9 14 28 23 90 74 34 16 79 39 63 62 27 36 55 91 14 20 1 19 93 
68 87 51 90 81 15 80 84 67 91 26 52 39 46 22 33 13 52 44 98 6 52 65 77 35 89 28 66 81 87 83 24 20 99 61 39 77 0 10 7 97 59 50 60 2 82 97 47 4 28 51 31 40 20 91 95 72 43 45 47 64 67 81 57 43 77 38 27 9 25 94 62 11 96 54 97 67 3 78 5 74 6 59 55 63 59 80 80 58 69 46 77 73 55 54 80 94 73 84 69 85 80 42 48 39 13 34 69 43 72 59 14 80 14 17 89 43 65 8 65 2 34 19 47 25 32 21 72 92 55 56 90 62 95 64 54 36 34 38 23 85 55 9 28 68 92 57 30 87 31 23 66 7 56 40 58 43 46 65 38 86 71 61 85 7 61 77 95 51 35 1 77 57 47 96 63 20 33 30 78 87 15 72 58 37 34 68 81 32 10 41 5 50 22 65 94 96 70 97 8 
63 4 45 60 4 44 28 60 8 7 78 72 7 7 44 42 84 17 88 33 74 66 75 58 54 54 14 63 53 78 80 88 44 49 76 71 76 74 13 15 99 40 23 28 28 29 96 9 69 99 32 2 31 60 25 40 66 96 46 10 11 41 81 21 30 90 23 55 12 61 30 83 89 98 46 40 5 39 49 72 7 93 88 47 75 66 23 16 8 97 47 59 17 47 97 84 50 64 33 91 53 33 97 9 66 6 11 65 6 23 70 2 75 27 32 8 20 94 71 10 70 48 57 15 96 16 57 75 95 57 76 72 21 78 96 60 87 97 70 46 12 35 22 64 11 14 87 27 64 82 72 69 36 60 42 82 47 68 94 22 49 70 2 93 51 56 84 97 94 90 95 56 14 94 40 42 81 44 38 53 10 72 97 65 48 27 12 11 50 56 47 36 61 88 20 91 55 19 52 35 
98 84 73 18 12 15 29 47 81 27 49 13 47 35 59 59 80 56 5 23 65 94 87 26 6 9 90 14 90 92 62 51 68 29 85 22 54 84 33 79 65 85 8 5 34 75 2 39 99 2 39 13 61 67 57 51 52 83 92 45 91 93 12 41 2 24 95 68 1 84 60 31 51 60 87 33 11 60 78 13 66 7 55 86 53 24 38 68 0 40 90 77 71 8 35 60 27 81 19 98 20 95 57 83 19 70 45 46 67 94 70 15 72 26 80 53 97 11 78 85 41 26 39 77 52 87 71 20 28 96 60 25 28 65 46 11 7 57 64 64 96 9 35 4 33 27 96 99 2 10 29 5 63 36 44 54 8 16 92 27 56 49 76 39 84 38 77 73 85 4 74 46 41 41 34 94 97 66 33 48 79 63 47 53 83 82 65 87 50 9 10 38 87 0 9 68 92 94 7 28 
16 15 60 96 55 86 93 25 73 75 80 67 24 84 91 44 75 56 46 33 71 84 36 40 93 25 56 48 36 10 32 18 93 74 30 56 36 44 76 27 28 75 41 96 42 16 22 19 82 34 87 88 74 52 55 39 7 16 65 90 41 28 80 79 99 13 39 75 59 44 21 17 95 28 44 48 47 99 72 41 1 8 71 55 75 93 87 35 24 14 8 78 82 89 18 36 82 16 68 44 80 48 98 78 28 19 33 47 38 76 9 99 62 50 72 11 35 18 56 53 1 41 36 37 7 70 15 41 86 47 82 93 64 17 49 7 53 44 7 53 16 21 5 36 20 16 80 7 57 41 18 37 20 70 62 99 13 41 11 97 48 18 63 26 22 48 16 99 82 52 19 0 35 5 32 89 96 10 72 68 57 69 4 26 63 90 47 71 39 76 82 73 99 93 83 92 74 95 16 36 
26 69 73 67 90 68 1 18 64 88 79 93 63 79 47 81 2 3 5 98 69 77 40 21 0 84 68 7 89 52 96 90 20 9 61 4 22 47 61 6 70 51 19 23 16 9 15 53 39 27 36 3 0 50 33 19 37 84 93 66 10 78 46 94 35 63 95 67 81 8 60 62 14 17 30 37 31 36 80 87 72 33 98 79 39 62 80 6 96 67 21 2 61 92 88 36 28 74 70 58 33 56 54 81 26 19 33 24 4 96 50 82 24 0 29 61 6 48 2 8 21 95 5 90 11 84 83 59 89 68 8 46 18 23 30 88 32 42 40 12 8 61 4 95 84 98 58 26 98 74 91 42 82 6 13 79 2 77 59 68 70 84 43 78 55 78 50 94 20 17 15 68 30 36 56 42 31 6 65 58 90 7 43 83 17 58 0 25 29 87 84 54 13 78 99 7 8 83 76 4 
68 55 6 5 31 55 56 26 9 56 18 12 2 11 85 64 18 53 12 91 25 34 93 70 28 22 22 64 21 4 73 46 22 58 48 2 53 88 93 44 55 60 37 20 98 50 23 72 43 49 43 13 4 2 92 55 14 4 7 79 15 3 77 35 17 33 98 88 14 65 91 15 99 46 93 88 23 20 23 88 78 13 10 36 25 75 55 10 36 24 37 96 21 10 27 16 22 75 0 90 82 56 9 52 72 58 15 61 64 81 94 83 2 65 13 80 25 1 63 55 16 70 81 32 15 52 65 52 28 30 14 17 27 24 45 86 27 24 15 26 54 30 12 86 24 73 44 36 50 29 96 37 76 42 63 75 53 88 69 67 59 89 56 13 7 33 65 78 14 16 93 9 35 89 92 13 79 85 75 37 94 37 73 61 28 88 27 92 36 80 56 11 64 24 93 97 85 78 6 75 
44 95 1 78 65 19 16 75 31 69 69 90 29 38 16 86 83 77 32 84 39 83 74 86 21 95 83 66 6 57 8 18 57 31 10 74 44 45 2 5 40 5 7 8 1 45 47 33 41 87 96 66 55 21 78 20 73 38 64 51 57 29 46 71 54 81 82 81 82 53 43 26 59 89 89 15 40 32 63 73 2 47 53 55 83 50 62 66 17 78 65 97 70 54 66 53 98 18 91 86 37 69 27 19 71 69 39 6 50 45 60 43 95 6 60 79 35 26 16 68 51 49 33 83 57 56 18 77 45 24 6 22 77 11 54 23 53 38 29 81 81 22 5 99 71 22 89 37 35 1 73 25 66 36 70 2 75 95 19 78 48 5 43 56 48 1 19 99 7 6 86 54 95 5 4 88 14 41 36 37 52 95 33 62 46 12 62 17 23 28 25 49 54 12 73 37 40 90 60 34 
3 34 59 38 32 1 27 46 69 54 16 28 65 61 32 26 8 55 82 97 14 73 96 5 3 76 21 12 24 29 79 73 33 63 12 28 74 13 19 39 75 36 62 66 99 13 78 90 23 35 58 90 2 55 91 55 0 83 32 78 13 36 53 48 87 83 33 22 87 47 60 48 64 77 30 78 24 4 10 17 31 66 70 79 25 27 75 31 8 96 68 35 98 58 26 18 83 68 62 56 10 38 66 88 32 16 92 5 22 15 45 28 29 78 50 25 63 7 17 20 87 27 81 86 83 79 45 32 1 5 58 15 96 22 88 57 4 9 76 55 85 92 63 99 76 86 17 27 38 81 86 35 57 76 41 16 17 43 28 61 43 65 67 15 40 67 84 79 95 92 93 46 15 49 52 97 60 81 12 26 88 31 57 79 35 51 70 44 58 98 29 70 83 2 55 19 18 37 12 3 
22 85 81 5 30 64 32 82 97 45 91 5 61 75 9 13 64 48 46 35 80 88 5 47 48 19 7 95 50 1 33 37 24 24 22 30 22 51 62 4 32 37 70 17 47 92 85 20 49 43 31 56 63 58 16 67 63 32 63 21 1 53 79 40 69 25 57 62 97 17 71 0 69 65 77 94 84 65 70 77 56 60 74 20 2 82 25 34 15 41 46 42 14 26 53 68 89 89 78 80 37 38 91 5 74 85 99 3 87 72 52 15 48 76 78 42 69 37 66 73 84 94 1 53 9 48 25 99 9 30 32 41 37 22 22 37 77 41 42 57 17 92 19 91 46 77 33 83 48 96 73 68 78 91 97 48 19 80 37 67 16 45 17 4 38 77 36 40 33 85 28 39 45 37 31 85 68 72 13 7 68 33 55 26 70 12 80 99 87 16 66 64 26 51 51 74 55 7 72 19 
62 57 70 74 87 15 15 0 61 46 47 53 0 86 52 44 91 85 22 87 69 82 92 7 48 6 39 26 84 52 44 66 9 78 63 29 3 34 41 33 65 37 15 2 64 25 12 9 34 55 49 64 98 69 34 3 53 24 41 45 1 48 30 32 13 82 61 77 66 70 7 67 81 31 89 73 57 88 14 70 53 16 4 89 53 0 78 81 73 95 0 55 55 31 15 89 47 54 66 97 27 63 85 47 40 62 52 31 50 78 12 27 66 78 50 63 22 33 14 65 5 33 82 87 45 69 50 71 37 63 35 78 83 86 53 72 34 80 82 8 31 26 60 75 85 63 72 93 74 55 35 98 68 25 69 14 12 30 93 0 77 55 44 48 4 73 22 99 15 52 5 15 64 2 83 30 80 49 38 96 56 54 5 17 82 15 66 15 74 47 38 20 87 32 25 10 44 65 3 44 
32 90 2 0 90 37 9 2 85 22 71 27 56 50 56 81 23 54 65 43 29 18 46 36 81 40 26 5 99 63 17 10 60 62 73 88 64 63 69 88 31 24 49 51 10 59 24 75 32 52 74 93 89 9 85 75 37 9 82 84 43 33 84 62 4 76 5 11 83 76 97 79 75 74 34 36 67 69 48 75 13 60 24 34 4 46 55 23 58 50 50 4 62 13 28 51 63 64 72 40 90 72 63 20 0 39 7 61 50 60 37 76 24 82 33 74 76 27 64 53 9 91 74 64 88 98 8 22 29 2 32 88 73 47 8 50 86 9 40 43 64 16 3 2 27 71 35 60 80 47 51 99 53 8 14 69 95 55 58 42 58 82 34 6 64 62 76 95 10 83 85 9 55 17 94 66 73 57 87 52 73 97 30 17 42 61 18 99 5 82 40 4 67 48 74 23 8 7 46 75 
7 45 86 92 17 11 29 72 42 93 64 80 18 71 47 55 96 58 89 73 81 6 27 55 67 56 39 7 60 43 68 32 73 59 2 99 22 43 62 47 43 43 64 81 63 60 54 15 92 87 17 52 36 91 23 37 99 47 71 97 88 27 28 31 68 73 50 43 17 91 51 44 47 56 33 34 29 20 41 96 69 56 72 3 21 65 39 11 93 7 24 77 69 13 15 98 81 19 98 48 62 65 25 71 86 94 9 25 82 75 31 80 64 17 19 35 72 52 21 99 83 78 79 36 94 59 57 13 91 42 98 73 97 39 12 26 85 3 46 46 73 45 83 79 4 10 69 31 97 44 83 13 25 42 68 38 63 19 14 16 10 36 94 22 39 59 48 68 67 77 84 98 19 18 62 27 81 52 60 80 89 1 78 88 69 5 7 55 25 79 17 66 43 46 77 73 82 28 68 43 
80 26 53 57 94 46 36 45 79 45 42 13 79 79 62 17 97 49 4 61 67 90 72 83 89 97 28 7 33 21 81 24 69 76 68 70 41 14 73 84 15 74 56 67 80 99 59 84 17 44 46 79 61 71 13 80 9 63 15 19 41 76 63 38 5 37 60 57 20 40 80 49 60 4 98 54 82 83 96 28 31 69 46 31 20 72 49 57 25 70 58 38 72 96 26 38 24 96 86 52 0 73 35 3 54 49 12 93 19 16 75 13 5 92 68 53 3 76 59 69 23 56 29 39 97 85 86 67 19 61 18 57 96 62 48 64 94 43 98 77 7 55 26 64 30 57 28 18 78 31 25 69 46 11 19 0 37 11 31 94 49 20 51 80 0 53 4 12 39 29 75 73 0 46 54 25 95 96 97 74 29 49 61 60 3 38 78 9 55 42 48 74 30 77 31 42 49 28 55 48 
77 71 16 54 4 43 34 31 15 85 33 76 49 10 25 39 29 56 36 60 91 10 30 92 42 84 92 2 26 98 88 96 24 44 13 35 31 60 44 79 66 20 42 53 41 26 71 61 52 3 46 22 1 15 5 52 94 9 19 57 23 74 97 39 57 78 46 73 7 47 62 52 88 77 57 8 90 42 59 71 65 62 12 70 14 21 73 49 21 4 52 83 81 66 76 18 15 12 79 96 70 83 6 91 14 80 26 18 86 64 87 37 55 65 93 53 73 93 34 40 87 69 51 59 47 49 22 28 99 6 31 39 67 48 62 28 71 37 85 35 39 37 90 50 66 28 2 62 34 57 59 0 85 85 28 74 49 99 39 58 36 0 40 83 27 54 86 22 15 5 89 82 97 34 99 95 10 51 36 63 62 42 57 98 34 50 14 55 95 88 31 88 82 14 64 43 85 45 4 49 
99 22 16 92 54 61 91 11 24 79 45 24 32 77 72 25 83 78 62 39 2 56 69 85 89 57 80 12 93 65 47 50 34 10 56 72 52 24 74 63 39 74 1 26 68 53 52 66 74 95 44 2 65 75 66 41 38 11 51 21 43 54 78 85 60 39 62 66 43 25 60 6 83 81 30 89 71 93 13 61 13 83 52 95 25 13 70 41 0 81 99 11 76 20 34 73 14 27 33 32 53 38 96 85 9 28 7 4 84 23 42 73 0 32 62 74 33 42 97 61 47 52 22 29 43 71 87 91 59 8 59 28 92 62 3 3 68 92 95 8 63 66 97 90 61 20 73 41 53 30 67 64 40 90 81 96 5 79 76 71 19 68 78 58 47 64 2 89 4 95 79 72 77 9 36 57 18 70 3 97 25 10 4 71 6 13 52 40 68 49 83 72 47 38 87 63 79 82 51 91 
58 47 63 81 5 6 24 78 90 89 54 24 38 16 99 98 65 51 63 64 19 15 54 38 26 66 98 95 99 43 10 52 61 2 66 90 71 12 92 13 54 35 19 10 55 77 49 12 98 18 66 77 19 82 6 46 96 16 79 77 59 83 45 37 77 66 70 96 43 43 78 44 85 11 73 15 52 94 54 41 80 44 28 94 10 51 95 56 29 99 18 5 91 62 22 1 63 94 33 35 2 51 52 14 15 5 82 38 82 29 82 38 83 43 6 76 79 89 77 87 58 82 18 21 4 44 47 93 70 22 72 18 39 20 91 21 76 53 60 91 12 76 73 43 8 74 76 18 22 27 12 84 10 70 76 66 21 58 58 81 78 2 23 98 59 30 7 85 25 7 76 55 50 98 34 23 46 13 34 61 15 67 31 82 6 24 36 31 7 30 31 28 28 33 42 34 9 66 16 24 
81 68 90 54 21 54 10 35 53 52 60 49 79 36 67 38 29 88 98 74 5 53 84 18 90 1 37 91 81 70 34 71 93 18 74 51 88 70 85 58 13 67 57 37 46 30 24 68 91 50 14 63 71 19 95 60 63 37 35 76 79 23 16 21 67 22 60 19 31 69 75 65 39 14 79 18 58 80 74 79 64 19 23 39 73 53 54 90 4 90 85 70 88 70 87 59 9 29 27 1 38 11 68 16 2 65 68 59 37 12 61 67 17 49 19 18 56 9 15 27 67 22 55 97 31 21 43 96 83 69 12 18 78 48 87 30 39 8 85 37 82 53 28 53 45 45 44 23 75 45 3 56 35 46 33 16 84 86 12 30 47 19 71 29 62 4 62 51 76 48 9 99 6 95 92 49 4 60 99 51 66 79 81 80 84 90 59 63 28 71 30 49 59 8 44 68 83 99 55 12 
40 35 78 38 95 95 74 90 83 29 0 5 42 33 83 96 19 99 92 84 58 18 32 70 67 15 27 76 39 54 67 5 48 6 42 13 19 43 59 69 25 71 18 98 93 26 75 56 39 31 49 28 14 34 60 97 81 27 99 67 13 83 2 77 82 78 10 33 90 28 74 70 6 52 46 13 22 74 62 35 40 27 94 54 80 55 88 25 7 58 29 33 94 7 63 1 17 49 74 74 63 38 82 32 62 55 29 11 10 28 20 37 11 12 83 91 53 53 65 39 81 95 5 33 88 6 63 73 21 69 82 55 74 94 10 87 94 12 61 92 47 38 93 52 35 93 20 82 40 31 6 18 61 10 67 40 74 33 15 12 27 0 98 69 35 14 95 24 58 2 94 63 72 19 97 61 24 57 64 5 26 23 97 27 73 27 75 29 44 30 1 62 61 24 77 15 39 16 41 55 
8 23 98 37 34 15 79 39 19 42 65 12 42 32 60 25 68 82 8 21 3 15 37 60 46 36 24 70 21 50 56 51 94 18 63 37 56 74 28 47 23 67 17 69 96 91 88 93 59 27 68 40 34 63 49 62 27 12 31 13 61 34 15 37 27 84 67 60 78 9 36 8 96 36 9 73 40 30 9 71 20 98 73 85 61 53 27 19 18 12 10 33 19 15 0 32 12 27 36 73 48 94 27 32 99 65 45 3 7 82 23 22 53 79 64 97 92 63 1 4 90 80 61 94 32 73 93 45 79 40 23 21 95 74 1 19 50 54 16 72 72 43 62 99 58 70 65 55 8 0 1 12 76 72 67 31 16 19 15 8 94 31 27 55 58 89 21 99 64 19 68 7 24 42 33 45 58 20 55 48 73 40 28 0 39 28 34 89 61 3 22 76 77 56 6 0 85 16 93 17 
82 24 67 70 93 73 9 65 73 59 36 39 89 23 21 79 67 4 20 19 9 0 73 97 46 88 2 56 73 57 19 52 10 17 94 65 25 30 2 82 19 0 90 61 78 53 54 18 44 40 2 78 75 18 98 9 15 81 76 26 29 22 12 29 11 26 57 73 8 39 60 13 5 72 90 93 99 38 69 9 87 20 11 1 52 69 27 37 24 5 76 59 69 45 15 7 13 63 11 14 8 26 31 66 38 21 60 84 93 78 83 71 99 49 65 25 46 57 97 72 39 78 6 42 58 64 46 32 5 89 34 79 3 13 38 68 14 5 79 94 46 45 44 77 16 9 66 33 75 59 48 51 94 70 17 36 35 82 87 4 2 46 24 37 84 90 3 11 30 35 45 18 88 39 40 58 39 69 7 10 3 45 20 45 45 96 19 44 20 99 27 84 48 92 62 27 52 80 52 5 
72 34 8 97 27 97 26 71 55 46 96 88 33 20 56 76 46 24 38 7 78 14 26 92 84 33 20 34 18 35 50 19 95 44 73 10 82 81 64 27 20 70 65 98 85 21 42 24 43 65 55 77 47 61 44 67 9 63 53 45 74 75 61 16 72 52 96 10 17 60 80 63 83 23 94 21 23 82 24 98 15 85 38 9 54 39 13 42 87 48 39 25 89 20 56 42 81 66 21 92 76 95 43 43 83 0 54 36 20 41 59 90 63 31 6 36 56 76 32 72 7 46 72 10 9 86 72 41 89 70 11 25 80 84 21 14 28 81 66 36 63 28 70 55 22 31 1 61 35 68 38 38 20 60 69 11 93 89 54 78 57 36 84 49 91 57 85 53 83 57 42 52 48 13 51 38 84 61 13 33 78 80 39 43 74 74 66 13 10 13 12 41 12 48 42 15 56 73 13 59 
75 42 74 57 20 91 0 70 37 82 91 67 81 34 47 16 78 88 83 75 42 38 94 77 38 6 74 11 96 60 47 89 92 27 14 63 29 93 15 80 66 68 99 28 25 27 6 9 98 22 64 98 16 45 54 22 15 95 23 71 77 41 36 22 50 52 61 89 78 17 34 48 14 44 57 48 97 15 99 97 69 72 68 53 0 12 10 74 88 13 19 96 42 10 32 99 98 41 37 64 72 90 29 13 21 50 4 34 66 23 48 13 12 54 12 57 47 16 56 47 92 5 8 1 84 90 23 79 71 34 84 87 37 40 42 40 56 7 65 70 74 73 39 80 85 96 96 30 48 70 86 85 91 72 96 35 2 37 32 15 74 84 63 35 36 27 87 16 14 53 52 13 47 23 0 47 35 14 8 35 75 48 28 53 14 56 69 61 40 71 89 83 1 61 21 23 82 75 14 17 
51 10 97 91 85 91 93 85 38 1 56 72 13 92 52 42 48 19 67 45 90 80 20 18 42 86 92 8 61 76 73 17 20 76 52 75 66 99 49 91 35 67 99 22 89 9 61 1 41 39 88 28 21 85 62 9 53 60 30 53 12 86 85 38 68 41 53 78 84 30 71 16 89 37 18 65 75 38 94 66 6 74 79 57 12 0 50 39 76 33 8 63 76 30 77 64 3 68 59 52 74 72 64 37 28 56 81 97 92 17 28 32 14 99 39 56 56 46 26 81 57 71 54 82 79 58 43 36 62 41 47 20 49 4 68 90 45 10 40 44 98 85 11 20 33 38 89 55 19 40 64 94 32 88 80 29 20 59 81 85 8 23 81 50 68 12 63 98 19 77 35 17 72 78 91 5 23 63 5 55 87 60 45 35 63 18 86 65 15 54 92 1 1 64 45 51 67 75 61 78 
66 8 25 26 63 96 87 56 77 29 78 3 16 55 17 48 12 71 91 89 53 57 48 61 29 59 43 3 94 9 13 33 59 42 92 59 69 75 89 29 10 6 58 49 76 74 0 32 67 77 68 74 5 22 21 3 41 52 30 93 78 58 8 96 97 33 98 46 97 47 55 7 71 82 7 85 85 60 82 47 74 79 77 3 83 96 23 87 12 71 83 18 54 3 2 87 80 48 96 84 36 12 14 94 67 91 82 44 3 56 22 43 15 73 94 65 16 94 65 97 51 93 66 81 7 50 23 49 64 39 26 19 80 35 29 23 66 50 55 66 32 76 81 57 25 31 87 56 71 66 0 76 21 8 27 59 96 44 99 18 2 6 79 67 43 10 6 78 32 59 50 98 58 59 92 56 5 45 39 11 32 55 80 20 18 57 70 4 93 61 29 87 9 97 1 52 77 34 47 38 
58 66 15 29 8 81 88 94 18 23 24 75 23 41 61 22 98 32 82 39 82 42 86 72 94 44 22 69 80 36 94 4 99 4 13 54 55 14 8 47 20 53 96 99 85 68 3 62 78 38 41 96 92 57 6 48 60 27 27 58 98 42 57 36 67 83 97 74 82 66 59 20 27 7 36 76 33 44 1 75 73 61 73 17 30 48 1 44 39 42 20 64 19 78 17 80 7 69 7 33 53 73 52 5 20 6 7 69 28 81 20 90 87 39 27 79 12 17 47 15 59 2 24 7 41 2 57 15 90 4 99 82 40 7 0 53 74 84 27 19 9 83 64 94 57 22 70 73 3 2 96 42 41 97 53 46 78 4 99 35 48 82 53 77 96 4 87 37 89 26 98 41 60 26 37 28 14 48 60 57 9 38 63 93 0 73 1 50 54 75 33 61 78 46 32 51 52 64 1 88 
30 1 45 88 77 14 15 27 14 0 35 67 17 93 37 95 48 52 53 58 99 35 84 40 99 19 54 44 80 24 29 63 56 55 12 56 33 20 73 80 78 41 56 80 24 98 78 32 58 44 45 55 95 71 16 73 95 43 89 67 69 46 1 41 87 58 95 80 11 46 97 3 20 89 71 79 4 23 14 46 65 3 32 60 33 5 29 55 47 41 62 41 82 0 75 27 36 20 42 69 11 62 69 67 51 39 48 54 12 63 72 2 61 3 92 38 82 20 90 35 26 49 48 94 95 12 88 45 14 39 24 74 6 34 42 0 72 71 39 2 13 50 58 91 7 63 87 61 21 36 41 88 0 23 81 61 29 48 40 82 25 26 30 52 47 64 8 92 85 81 51 97 50 13 6 23 86 86 66 4 42 33 56 47 1 31 39 14 83 70 70 46 70 77 36 66 34 18 94 16 
49 45 9 51 75 78 57 70 78 26 65 88 49 96 48 0 18 93 63 6 65 72 88 71 71 0 2 25 8 94 30 11 85 23 29 16 56 74 55 61 91 82 40 68 23 71 97 26 38 41 73 61 0 13 4 10 91 55 80 73 56 23 82 31 11 24 75 19 70 61 12 48 62 6 31 81 55 71 22 30 41 28 45 6 19 52 67 14 39 82 69 97 10 1 55 60 37 38 67 60 40 64 79 38 54 62 33 66 85 77 45 39 4 48 43 82 34 83 29 85 33 5 91 90 14 88 53 71 71 38 77 16 66 37 41 99 60 30 63 36 62 31 56 38 94 86 14 32 34 93 9 19 76 64 88 87 21 48 19 96 80 81 96 35 25 41 22 89 35 10 53 15 77 78 84 2 80 71 27 77 85 6 33 1 37 11 21 65 66 5 35 86 92 37 37 72 76 29 14 85 
91 47 91 30 38 95 93 64 84 13 6 8 70 10 27 43 78 86 69 3 58 19 79 54 31 92 32 60 51 24 13 30 8 67 53 49 62 89 14 16 32 42 23 62 10 25 56 8 57 6 2 26 88 46 40 35 49 16 97 66 99 41 82 18 23 47 30 85 8 99 21 69 4 68 74 11 39 72 20 24 26 41 38 97 88 10 38 90 95 27 71 71 75 38 27 33 35 84 71 22 84 35 52 63 10 49 6 70 40 33 55 37 99 72 86 89 38 35 65 66 9 92 47 58 83 62 82 88 40 80 76 15 75 64 84 27 92 28 20 28 69 93 69 53 18 36 38 78 95 74 16 40 93 58 34 56 4 33 92 51 59 65 97 65 8 94 97 13 81 61 4 16 63 37 37 36 87 43 74 51 26 13 88 76 13 59 94 29 60 62 65 77 11 41 10 44 59 25 7 97 
74 19 98 3 37 11 72 3 68 95 62 33 79 5 18 61 28 42 47 84 26 35 84 83 40 98 70 99 80 61 33 13 94 92 30 0 15 97 22 1 23 3 85 91 43 3 8 75 59 35 63 37 79 31 99 76 87 7 27 82 0 2 65 20 57 19 80 92 70 73 75 32 39 95 84 34 57 22 30 56 21 18 64 10 49 63 64 17 87 87 11 22 62 80 93 32 79 16 79 71 49 21 87 17 33 82 51 41 33 45 66 61 58 83 60 96 39 73 36 29 4 8 75 55 19 95 82 89 1 87 48 36 80 83 45 42 80 26 66 37 64 22 58 45 74 74 49 2 97 74 43 21 94 53 91 88 1 79 28 53 90 49 27 59 0 37 50 47 20 66 93 82 53 64 59 14 70 84 44 2 52 42 12 97 78 22 18 6 18 60 66 45 11 0 8 26 60 90 30 27 
54 62 15 47 48 86 89 0 41 51 48 80 75 86 13 48 3 31 34 65 94 3 2 76 22 25 70 18 88 86 53 39 8 54 42 8 77 66 36 60 44 0 87 97 19 12 80 59 46 12 69 28 24 34 10 79 45 53 79 2 88 29 59 27 9 62 60 19 45 47 60 42 93 4 31 17 42 25 86 1 42 78 8 35 52 47 67 17 96 30 53 44 81 27 19 58 70 95 82 69 67 41 56 49 38 81 45 11 54 2 7 39 91 91 91 63 2 0 89 36 13 54 97 88 26 16 15 28 73 35 39 25 72 88 58 42 51 5 45 96 71 42 55 96 53 28 5 68 38 19 24 44 6 99 71 19 32 68 89 19 93 87 17 61 31 97 0 8 66 58 63 23 55 84 45 17 49 85 64 73 9 63 59 38 39 63 82 61 50 19 94 72 30 36 50 21 96 6 55 88 
49 10 54 21 16 30 31 5 62 71 62 15 35 83 19 74 38 84 0 77 44 37 49 54 17 16 95 30 27 56 62 17 23 43 28 93 5 47 99 86 4 76 52 33 18 73 96 95 61 24 71 8 54 23 12 50 77 9 64 80 33 51 3 84 77 59 43 80 87 3 6 45 48 42 2 76 36 84 22 6 91 54 36 33 69 43 41 75 30 13 53 42 97 60 56 5 22 37 48 34 69 29 84 56 93 91 67 67 48 36 61 98 73 98 83 73 84 95 34 67 25 78 78 57 51 53 74 51 70 41 43 10 39 91 92 19 35 29 61 3 23 81 49 24 14 28 24 87 43 9 21 50 73 30 74 8 68 32 77 19 90 19 15 73 93 52 36 89 31 43 10 88 72 71 25 23 82 28 22 44 67 51 6 45 42 83 98 56 67 95 57 28 48 63 70 62 12 9 50 47 
0 69 63 65 23 86 66 28 74 38 59 88 19 47 27 60 32 64 58 28 12 12 5 87 39 85 34 90 79 88 75 29 22 26 24 87 76 78 48 63 80 74 73 98 79 59 94 26 72 17 18 65 48 78 87 67 84 13 88 8 63 50 55 30 37 16 13 13 16 27 23 71 18 4 85 66 0 82 17 68 50 66 58 47 26 56 1 57 65 19 64 45 7 23 1 34 82 54 74 8 34 14 6 57 40 12 6 89 48 72 46 65 48 87 13 93 78 80 52 72 29 64 14 0 99 64 67 86 88 40 66 79 34 49 87 16 49 63 98 7 70 20 30 90 12 36 41 63 48 41 12 89 12 18 77 51 7 63 3 50 48 23 38 75 65 46 88 65 53 3 75 96 19 20 24 3 49 85 12 59 57 35 25 68 87 70 46 43 76 77 98 85 49 97 26 84 54 79 6 47 
80 97 7 74 33 91 54 91 59 90 23 22 72 54 34 64 45 61 65 34 97 63 80 72 71 43 82 1 41 26 5 63 27 90 16 72 87 57 46 62 7 20 53 3 70 90 56 90 78 41 34 56 2 8 9 14 26 21 50 94 7 61 17 1 13 76 42 20 74 3 97 17 48 61 40 24 74 3 43 45 39 80 69 76 71 95 84 8 51 44 53 8 83 58 13 8 54 33 47 26 28 83 75 48 35 14 66 81 16 14 19 58 7 97 10 75 65 14 75 74 81 34 40 95 73 24 34 24 95 20 14 40 64 46 16 2 82 64 8 79 76 45 40 44 90 23 12 37 84 48 52 87 8 36 79 10 30 94 89 43 6 77 74 83 3 80 91 20 31 77 26 30 79 85 33 44 93 76 88 21 74 13 24 84 89 7 54 86 81 10 23 18 26 27 84 86 19 66 14 62 
18 67 64 53 92 55 0 58 79 87 34 27 29 25 34 20 43 86 41 31 2 39 55 60 12 12 16 50 91 18 95 15 41 32 58 73 27 37 71 37 40 36 2 96 84 31 32 11 46 60 31 88 77 17 4 67 22 19 30 54 11 86 83 91 94 86 91 25 77 21 87 98 64 87 28 76 56 14 68 99 39 3 70 13 3 44 57 99 75 84 41 84 84 80 98 91 64 56 4 82 77 85 52 8 68 16 67 54 4 51 96 78 24 98 24 67 23 20 39 37 84 95 14 96 25 82 95 39 68 54 89 59 7 83 45 28 27 19 64 95 64 55 38 36 0 49 46 18 58 45 82 21 56 20 70 59 94 67 0 86 81 40 58 13 96 61 80 9 14 72 15 66 20 2 23 18 88 72 40 41 3 16 82 46 27 76 46 45 63 46 7 5 43 22 43 4 43 1 7 60 
95 99 36 80 33 68 78 92 10 3 97 53 34 63 75 32 61 29 5 33 49 29 81 59 54 24 63 3 0 14 43 12 33 77 63 53 42 30 73 17 45 22 99 78 7 47 64 93 83 28 58 48 80 23 90 37 43 86 88 54 92 80 48 90 81 92 83 8 63 26 42 9 70 61 40 46 55 65 58 27 48 37 68 81 26 68 6 83 65 32 44 43 57 75 45 6 25 17 74 81 93 98 58 10 87 0 73 96 53 75 69 94 36 5 56 37 41 36 36 32 73 98 8 59 46 43 32 31 12 9 30 42 3 16 65 49 99 35 2 6 57 39 9 79 24 90 26 60 20 99 89 44 46 40 43 37 84 92 7 94 14 2 32 72 45 86 39 17 27 10 18 97 68 79 30 85 51 6 38 97 35 61 50 4 56 59 3 15 13 98 39 14 68 50 15 26 16 10 31 24 
97 54 99 60 29 53 51 45 49 80 68 8 7 58 96 52 7 73 22 41 16 33 32 32 69 20 1 97 23 58 58 6 24 41 39 64 32 52 30 15 79 19 15 26 31 27 86 87 96 83 57 68 53 2 30 15 9 95 64 56 18 97 77 92 84 65 91 16 9 96 93 38 96 49 29 87 16 30 75 30 82 6 20 60 1 11 76 88 8 9 65 9 66 27 10 98 18 96 59 65 41 73 69 51 84 45 48 6 80 4 54 61 17 4 7 16 43 61 51 99 15 77 52 8 73 80 53 31 61 60 62 34 51 34 25 13 55 27 29 68 89 14 88 82 50 95 34 49 75 25 75 19 5 27 57 10 30 56 4 60 73 27 14 52 76 33 31 9 50 67 47 36 19 22 41 24 24 6 36 74 6 1 32 45 83 7 68 79 66 83 97 36 79 87 73 91 95 21 25 47 
36 21 36 43 56 94 85 1 43 17 2 48 87 91 50 96 12 45 56 54 23 57 2 44 29 7 60 94 0 15 48 90 10 57 10 33 34 56 56 58 39 19 76 2 18 94 53 49 88 85 18 48 24 42 93 51 38 7 39 14 27 29 48 30 63 59 38 21 61 38 29 58 41 94 54 77 72 73 72 39 99 19 31 13 1 62 46 86 47 55 2 74 57 44 5 44 79 63 12 96 27 99 17 94 36 29 48 85 72 62 40 23 94 23 60 7 99 45 75 69 26 67 57 43 85 40 39 72 74 17 40 57 30 63 36 77 41 36 29 45 46 56 61 52 52 22 28 69 73 84 31 7 38 75 31 60 80 98 1 5 57 21 50 73 17 57 2 80 35 35 19 49 75 15 75 32 46 22 38 5 56 33 65 33 76 95 5 6 24 60 52 64 31 24 25 91 9 3 3 30 
58 34 56 3 77 35 90 24 10 76 81 64 26 18 66 6 94 55 15 4 11 4 20 57 60 52 34 64 41 24 30 80 10 54 5 12 55 8 85 18 6 93 70 1 73 25 62 39 7 35 49 48 49 40 33 82 73 55 97 83 57 76 45 42 88 97 9 59 82 94 78 58 58 55 5 12 1 44 81 71 92 32 79 39 84 42 27 98 89 23 26 85 49 12 10 79 83 16 74 2 52 49 51 79 52 68 2 39 52 93 86 63 87 52 0 91 14 16 37 51 24 2 45 74 86 50 26 84 79 48 82 69 28 97 28 10 34 15 32 24 88 94 14 71 91 24 25 52 42 4 73 14 91 19 69 1 47 75 97 4 25 7 10 65 58 26 67 31 79 95 21 83 8 94 6 34 32 57 22 81 57 9 9 46 93 45 67 87 25 7 94 80 96 95 50 70 99 61 63 49 
92 26 11 13 61 13 31 88 35 73 11 43 18 3 58 36 66 6 27 95 86 27 63 39 60 58 50 67 50 16 79 64 68 39 35 78 38 31 72 26 47 78 64 10 33 54 3 59 71 9 21 62 80 49 14 70 18 30 74 85 28 49 52 97 67 46 8 53 75 64 8 96 16 63 9 29 55 66 98 84 30 6 77 99 35 23 32 49 93 21 9 55 87 42 18 28 78 79 68 50 56 24 22 69 14 95 21 88 46 71 97 98 98 37 75 91 17 59 0 11 9 61 60 86 65 45 17 60 15 82 5 95 6 27 35 78 78 64 37 12 16 37 94 54 84 86 14 30 12 7 76 81 47 61 55 57 9 8 28 86 89 47 29 13 96 81 39 7 4 69 41 73 85 96 14 24 66 57 47 15 79 74 51 74 18 13 70 93 12 81 29 89 37 86 34 43 43 98 26 3 
14 98 37 78 84 44 60 67 43 98 82 86 55 3 52 99 94 93 73 90 77 75 38 14 29 91 5 95 5 54 28 66 98 47 52 76 21 14 31 8 47 78 43 25 59 40 12 51 7 93 47 83 52 38 8 25 56 34 77 85 25 26 8 89 35 68 64 26 84 0 66 22 39 11 41 17 83 24 99 19 22 53 98 48 66 14 95 45 10 8 40 6 16 84 72 24 34 57 3 57 74 63 39 78 70 94 46 93 68 95 16 14 58 93 16 7 54 14 58 54 40 15 68 90 76 38 90 42 65 94 54 41 34 64 60 35 89 8 40 55 97 93 73 73 4 21 46 13 0 49 27 89 61 45 22 76 76 58 39 8 62 43 89 57 84 61 77 42 6 15 96 79 34 22 12 88 2 22 51 37 64 60 0 46 77 0 86 45 36 82 98 9 17 49 31 26 93 48 76 39 
59 93 70 82 51 86 14 42 63 66 85 17 55 88 46 44 93 34 28 16 16 80 49 94 85 38 58 71 4 80 8 25 48 0 9 56 1 21 63 76 52 70 14 65 20 5 5 24 72 13 99 18 61 22 78 31 82 51 0 97 41 12 64 52 31 82 11 32 79 96 79 89 3 35 99 70 23 19 17 22 70 55 45 54 55 7 38 79 20 49 6 75 73 2 37 1 34 62 58 82 29 77 18 70 7 11 48 28 37 67 93 93 8 59 24 65 60 3 89 23 4 39 48 22 42 69 23 8 72 80 23 52 36 97 39 98 48 64 57 38 81 19 83 85 1 41 49 3 86 42 91 38 1 76 82 93 11 33 22 65 58 91 62 64 31 57 39 10 11 4 10 13 84 76 37 71 25 29 56 55 20 88 76 88 75 98 15 85 77 78 37 22 99 69 19 10 90 51 18 66 
70 33 10 68 20 75 8 47 84 3 96 22 95 73 43 99 14 28 12 70 90 24 5 90 27 33 89 59 34 77 44 85 64 26 78 28 43 82 87 32 43 59 79 75 18 25 97 81 39 1 89 91 41 19 39 31 74 19 58 54 94 97 88 7 90 11 90 24 16 63 4 3 29 41 95 59 45 40 78 38 62 35 14 65 99 79 81 1 65 48 28 76 14 73 28 2 46 64 10 61 48 17 85 27 31 41 25 61 40 10 30 67 89 33 75 87 46 53 79 82 51 50 88 49 83 64 74 55 83 45 18 19 94 40 0 65 32 35 69 74 84 95 1 84 26 43 16 54 8 51 19 7 81 10 46 4 0 62 7 49 54 62 49 17 50 27 83 65 44 47 11 65 96 56 70 0 36 65 96 9 89 54 23 75 61 60 33 46 9 59 79 22 70 3 25 83 29 76 6 98 
71 50 58 79 44 47 95 47 44 47 64 97 71 75 49 67 97 81 98 86 34 11 46 2 3 76 88 19 50 14 83 96 18 66 67 28 41 26 94 83 4 85 88 41 16 88 23 62 21 3 42 77 44 74 95 74 21 69 31 98 13 33 57 13 76 33 18 35 42 47 96 21 66 60 56 70 96 71 10 90 23 72 87 11 14 4 24 82 89 50 69 71 30 25 43 26 5 37 43 65 15 0 60 68 6 98 8 20 57 30 77 75 61 14 74 91 37 53 95 25 62 40 36 60 22 15 94 74 58 48 94 89 41 3 88 50 95 76 71 66 33 75 94 98 83 75 30 21 16 41 41 96 92 41 18 29 92 93 98 78 46 16 7 16 43 42 14 55 65 55 94 61 60 77 35 99 67 45 73 18 27 20 65 42 96 34 24 15 17 80 46 25 45 75 5 34 57 68 43 28 
80 41 41 28 56 8 77 37 51 34 1 6 98 6 77 68 13 56 46 98 19 64 36 53 91 76 69 34 95 65 15 1 61 28 68 0 51 3 32 33 2 97 35 44 98 52 83 37 47 85 64 29 68 34 62 62 49 15 95 48 86 81 10 65 91 18 79 49 52 36 16 30 17 42 83 73 74 36 96 2 63 87 10 69 12 40 61 41 79 40 99 53 66 64 8 37 50 69 2 22 12 6 48 29 19 89 5 69 86 8 68 43 20 41 39 81 73 68 69 34 67 79 53 61 81 62 92 56 78 52 48 71 94 81 86 85 24 10 48 15 71 46 15 91 6 43 20 10 21 68 94 12 95 12 12 95 25 87 51 51 12 18 50 93 6 61 20 51 81 89 77 71 12 96 61 6 38 68 49 35 4 22 80 68 42 99 85 84 69 51 9 9 79 5 60 88 68 47 79 63 
96 30 81 70 33 37 97 5 91 46 70 13 80 13 6 53 44 84 4 31 97 30 58 11 72 28 18 99 45 33 63 52 71 49 29 52 75 76 85 28 5 84 15 40 87 20 89 44 70 23 85 45 34 68 94 89 10 55 47 43 80 16 3 71 6 46 84 64 21 59 23 71 80 6 35 83 40 57 17 5 47 92 28 46 55 74 52 70 73 2 61 75 25 29 9 63 92 38 57 95 31 25 11 20 77 20 36 22 32 3 78 91 64 48 56 57 9 54 1 71 5 33 90 60 49 62 51 33 81 87 47 4 45 14 23 58 87 82 8 75 34 34 32 18 39 29 47 10 90 14 14 63 75 29 51 38 95 44 42 36 89 7 71 96 48 66 66 83 95 29 28 31 62 26 74 56 18 89 27 46 72 28 64 47 50 84 84 52 83 68 30 25 93 92 69 14 67 85 47 92 
79 47 95 93 12 23 37 98 9 98 77 77 74 98 66 10 55 43 76 23 14 25 62 72 96 24 33 76 11 43 51 64 13 73 95 31 89 65 57 67 78 42 0 58 25 94 3 97 12 34 9 10 67 38 64 40 66 25 7 35 31 40 26 43 1 60 94 61 76 25 38 68 91 55 50 50 32 54 90 12 39 34 9 14 98 65 54 85 64 41 54 61 91 81 92 27 38 38 85 68 70 41 56 4 72 23 1 89 15 77 84 14 12 65 29 10 8 25 29 53 76 95 28 26 63 64 40 38 83 61 12 84 9 86 23 97 7 9 82 50 3 31 77 87 37 5 5 79 76 74 17 77 57 26 63 73 4 22 28 88 23 23 35 40 79 97 18 95 46 29 5 49 39 80 29 8 48 72 25 44 58 32 50 88 48 60 52 91 77 56 54 14 7 42 74 17 44 8 26 39 
28 78 6 11 11 24 71 41 9 8 0 70 26 15 99 0 59 0 70 7 90 60 15 43 9 44 96 94 78 20 35 57 94 6 69 68 47 91 5 41 74 0 59 25 57 43 70 21 89 66 15 90 64 0 83 28 37 11 90 64 99 70 37 0 7 72 69 23 28 45 1 89 97 84 18 88 78 32 69 16 3 62 37 48 66 71 93 77 53 2 32 26 7 21 23 81 95 89 0 57 37 82 64 57 57 11 45 75 26 30 77 77 24 72 5 64 4 64 23 21 19 93 86 17 8 72 59 68 46 79 72 53 11 26 74 36 63 83 64 84 47 85 10 47 4 65 43 27 67 77 51 85 58 44 32 17 92 53 11 15 45 55 53 76 92 73 43 14 82 83 15 9 35 45 83 30 91 23 91 36 21 33 58 48 19 63 5 13 54 63 80 77 35 37 29 58 34 48 86 0 
14 11 93 58 62 87 86 56 62 43 81 28 81 24 28 83 81 6 95 97 75 26 42 24 88 70 39 6 41 5 24 26 51 48 47 80 75 57 77 75 52 9 60 14 64 74 17 50 16 45 40 7 6 74 4 85 41 4 6 36 56 70 13 15 46 56 77 30 2 65 17 95 93 50 97 47 8 71 48 36 60 68 37 80 15 63 48 83 21 12 11 74 35 97 45 84 14 48 71 69 47 53 2 17 46 76 80 54 24 3 82 49 74 80 65 71 78 53 20 62 52 83 18 45 46 76 16 37 68 52 37 1 62 63 67 64 30 85 85 36 37 58 83 91 85 99 94 98 20 36 73 92 55 52 47 92 69 89 26 68 74 13 2 1 40 2 50 49 29 52 72 33 13 88 51 51 9 26 42 61 40 68 95 63 41 66 65 21 29 26 6 64 38 89 11 54 57 41 21 80 
56 68 56 28 34 45 90 48 27 14 50 29 83 38 46 27 18 63 34 20 30 2 97 3 84 89 68 51 27 22 93 48 46 43 6 74 92 14 40 15 82 93 78 82 7 32 53 57 91 58 96 82 14 69 75 86 34 70 57 25 48 80 78 42 35 0 6 2 22 9 8 19 10 13 6 71 46 39 82 52 23 15 16 39 11 75 16 68 74 39 18 48 27 19 60 5 51 79 0 17 72 47 43 78 44 36 34 57 48 44 31 34 74 81 9 66 88 0 67 34 84 15 11 31 17 39 23 2 19 68 80 94 34 9 93 4 7 12 81 39 35 65 73 48 64 86 13 75 30 60 14 23 34 72 15 30 81 76 90 61 22 3 94 86 45 5 10 98 55 0 52 90 45 20 15 96 10 41 87 92 59 67 43 64 94 29 95 74 59 62 54 61 73 4 5 53 55 85 18 52 
5 44 7 61 58 23 35 42 87 42 70 42 50 65 79 44 95 54 71 63 7 97 75 74 15 7 70 58 91 24 40 81 31 40 90 5 32 92 11 2 36 30 27 64 84 98 14 76 94 99 15 4 54 45 21 65 80 96 93 41 90 97 73 26 76 60 69 86 73 38 60 15 88 63 74 0 55 11 11 60 78 28 18 18 11 3 91 54 36 3 34 20 70 50 13 50 37 64 27 39 28 41 71 17 39 82 46 34 2 42 72 23 59 93 26 24 30 65 91 84 40 77 4 12 90 90 96 74 44 24 2 8 58 81 97 29 77 79 1 27 9 0 31 81 49 58 69 23 80 61 95 92 79 16 37 48 59 89 94 78 52 64 20 15 66 66 1 99 55 91 77 75 5 94 29 8 49 35 32 19 36 17 80 2 33 33 51 61 60 87 78 97 14 88 90 45 36 76 41 30 
52 72 7 53 61 58 6 34 94 20 87 55 54 59 62 96 83 57 51 66 21 88 30 55 8 48 11 37 28 83 87 51 72 28 35 6 97 66 78 15 41 25 89 88 67 77 57 17 96 66 61 41 82 64 92 5 8 17 1 93 83 63 5 81 88 41 33 21 42 21 56 64 80 79 84 41 86 65 84 27 40 86 60 15 64 84 85 87 18 9 94 61 16 56 68 61 95 81 52 95 3 90 62 48 61 88 2 82 35 42 36 15 8 28 46 83 62 14 61 0 32 93 51 30 92 34 15 94 17 31 2 27 0 43 82 96 28 46 60 21 15 99 37 92 91 47 69 17 85 91 75 65 12 86 12 28 81 2 96 1 7 91 77 62 29 79 41 92 51 59 94 4 5 22 51 27 37 85 34 67 83 79 56 30 42 18 9 22 38 62 21 66 47 40 90 84 67 30 35 43 
36 17 60 55 61 30 78 15 27 65 97 50 58 11 65 62 72 39 58 57 56 52 43 24 48 12 9 80 65 28 27 50 75 90 1 71 87 11 86 5 99 59 70 29 18 85 68 57 44 8 94 16 45 70 82 7 11 18 85 51 92 37 19 32 90 36 14 56 96 13 14 72 56 19 80 70 81 63 1 32 62 41 6 56 23 54 30 69 38 86 96 0 87 85 81 38 3 22 47 53 47 20 39 81 27 49 81 49 81 8 2 31 92 61 38 40 57 66 47 51 52 60 64 8 6 68 18 39 93 0 36 46 9 49 73 56 2 1 39 83 30 79 81 85 28 50 50 77 20 40 28 56 46 1 70 26 81 46 10 28 1 6 69 65 97 78 96 8 68 75 79 28 46 6 84 51 93 95 26 11 66 7 74 42 66 15 14 15 57 12 68 25 62 88 90 72 3 56 28 74 
73 56 77 15 31 12 89 8 36 8 65 29 95 27 89 89 26 95 16 10 57 92 78 5 8 14 90 75 99 95 56 49 58 6 60 81 96 89 49 29 35 9 93 91 81 31 13 74 98 45 79 52 45 7 22 69 31 28 54 23 34 40 37 86 94 74 78 73 98 61 19 42 65 6 80 98 14 45 54 25 48 58 96 25 2 50 25 72 52 98 82 3 67 33 67 24 78 25 33 8 68 16 89 66 59 20 55 26 25 64 91 29 74 68 79 48 51 75 47 63 86 0 94 44 38 52 10 32 4 1 14 14 22 10 21 9 79 53 33 59 95 45 73 31 68 97 28 22 92 36 16 45 78 63 66 82 96 3 98 66 94 0 61 90 48 95 44 8 52 26 48 84 10 46 20 34 44 79 59 14 6 88 95 83 62 65 89 28 4 28 70 73 64 64 37 44 15 59 26 51 
26 40 86 97 72 56 20 31 52 0 44 37 16 46 90 97 8 63 12 31 34 66 31 89 56 19 56 93 38 86 3 21 86 45 88 39 61 99 65 37 0 59 6 10 26 64 3 94 44 2 3 50 70 21 26 47 12 40 84 57 73 61 14 23 71 7 14 54 64 95 82 61 90 40 58 58 81 93 43 42 56 36 46 50 9 33 1 31 63 83 10 67 57 98 5 52 85 8 12 61 17 33 37 67 88 6 96 49 8 13 22 3 98 39 49 71 58 1 36 17 74 20 74 92 5 14 86 97 93 14 46 84 68 95 96 10 85 39 4 22 43 40 19 54 82 34 4 92 70 63 21 39 0 74 4 12 42 90 6 2 54 67 35 25 74 35 64 70 70 2 18 26 2 86 20 38 78 24 90 33 40 55 10 56 25 15 11 74 38 73 53 66 56 33 20 26 70 35 81 49 
58 71 29 48 10 99 11 48 92 95 40 23 76 39 60 82 29 31 64 74 11 38 46 82 16 55 25 99 72 13 58 8 25 42 14 53 38 23 17 43 51 50 74 62 34 16 3 21 53 88 48 9 52 67 47 33 8 25 98 1 36 84 77 98 43 91 1 40 71 2 30 29 48 73 96 61 43 50 3 75 68 71 37 55 34 35 82 92 75 87 35 28 3 60 52 61 13 11 74 90 99 13 13 78 2 64 29 69 14 73 60 57 3 12 87 23 72 49 84 90 14 97 55 83 85 20 36 29 30 40 1 19 64 62 68 16 61 39 23 9 0 78 13 18 84 95 48 70 62 87 53 80 55 95 32 42 76 78 21 91 82 35 37 18 18 58 29 56 65 62 72 78 67 27 71 55 97 49 82 23 45 20 61 41 53 5 52 58 82 45 30 63 54 37 28 51 51 42 37 8 
55 45 29 84 25 82 10 63 26 88 10 51 67 56 47 10 92 31 64 23 18 29 29 12 93 32 64 95 5 16 0 36 94 20 30 2 98 33 10 56 77 42 36 65 95 31 24 79 89 94 63 69 45 38 80 3 3 58 30 94 68 54 98 28 43 64 34 52 16 6 91 42 92 21 52 14 66 17 73 99 47 28 35 35 69 16 88 19 89 97 25 3 98 23 10 95 88 71 51 64 61 91 4 18 35 51 2 58 34 83 8 43 3 18 82 1 8 68 57 5 14 23 39 15 5 94 26 41 47 14 11 67 52 78 75 40 32 43 85 60 62 63 17 42 55 1 29 56 90 32 95 92 2 15 46 2 9 69 96 27 0 90 99 8 94 90 94 51 9 20 51 93 58 90 58 21 93 55 84 28 22 13 13 5 74 72 39 3 4 79 81 37 81 1 83 97 98 79 26 88 
81 56 2 36 75 1 21 23 73 82 79 52 88 16 60 92 9 44 66 70 68 24 8 10 96 41 19 26 20 97 70 46 93 42 99 42 44 58 39 53 73 28 30 36 52 75 89 92 19 62 95 92 20 68 75 47 5 13 18 24 97 32 96 6 52 14 49 74 73 58 8 39 71 23 4 34 55 92 49 34 73 38 78 69 93 43 16 71 30 36 9 63 75 0 42 11 94 60 86 65 51 66 32 64 38 46 26 68 84 33 67 5 69 32 22 4 61 77 69 27 25 16 8 18 12 17 17 26 80 16 88 59 77 77 51 5 75 57 4 2 67 0 38 14 69 56 89 78 15 98 40 86 69 4 51 9 48 67 33 39 68 34 96 3 59 18 36 93 73 0 34 77 17 56 57 28 29 70 21 42 84 34 5 77 3 68 58 30 26 62 74 65 12 14 30 53 54 83 36 85 
88 99 32 68 16 96 57 8 96 83 18 57 14 46 46 52 98 24 5 10 42 19 88 5 60 8 34 11 61 31 0 28 5 30 97 1 35 54 10 1 18 17 70 59 28 88 78 18 50 4 55 60 0 12 98 22 51 13 36 10 24 18 41 27 34 49 19 65 79 57 20 48 31 81 80 87 90 53 20 76 51 56 53 58 81 90 29 1 57 75 51 65 99 4 50 77 49 28 72 62 6 97 31 13 40 96 71 57 49 66 97 17 90 12 3 60 12 94 41 49 42 28 16 26 23 9 86 31 18 23 85 36 79 70 54 15 4 64 92 27 92 13 33 22 82 49 93 95 33 34 98 67 35 46 19 21 71 89 40 65 4 70 37 35 79 32 7 99 15 43 39 58 55 84 56 94 35 29 27 99 61 52 36 47 55 95 68 83 4 64 77 78 95 22 30 81 60 43 72 68 
58 31 32 89 51 62 33 30 90 97 68 47 23 55 22 32 86 81 91 88 21 86 97 95 47 13 50 73 57 91 42 15 48 82 6 97 3 2 33 17 78 10 97 92 59 14 98 62 36 66 35 83 70 75 4 31 5 60 38 13 47 33 4 23 57 63 55 69 47 54 93 64 28 78 47 25 86 71 74 67 82 89 1 57 7 48 37 91 12 64 22 82 88 55 56 65 58 21 89 63 31 69 55 39 94 91 35 11 34 93 95 32 56 9 78 73 5 19 74 6 36 39 46 63 15 46 28 41 46 22 37 79 80 95 95 1 62 87 4 22 78 84 45 0 84 64 3 68 75 6 25 61 78 83 10 16 40 91 21 70 81 81 51 91 97 48 63 63 43 92 13 37 35 48 43 5 92 9 7 85 45 55 75 68 29 75 1 43 88 8 39 1 51 58 66 12 99 40 9 0 
46 73 73 44 3 49 78 39 31 16 69 77 52 12 8 94 77 11 92 50 30 47 58 1 5 1 8 0 9 51 55 73 70 17 85 72 57 23 43 15 14 69 88 3 79 23 47 31 70 34 7 17 78 91 85 99 86 34 19 83 67 93 55 6 47 94 1 89 49 34 64 41 47 72 49 29 50 34 18 29 21 38 26 69 25 55 70 46 35 37 60 29 89 42 37 74 34 55 25 2 12 15 9 12 69 74 28 92 6 52 47 93 33 98 81 1 41 85 95 15 14 99 51 16 68 43 99 45 50 32 16 96 89 60 12 16 41 9 81 10 62 88 67 90 43 6 55 83 9 96 45 41 21 62 23 63 43 2 39 80 43 41 20 94 65 66 43 31 25 58 23 35 46 16 14 38 42 34 90 56 22 32 12 45 12 15 2 60 66 60 95 63 89 46 67 93 74 94 80 23 
4 86 52 31 98 75 23 49 22 6 40 42 50 37 87 43 38 99 62 40 30 26 5 65 25 64 42 33 94 38 29 52 30 7 18 64 3 73 4 60 99 27 50 65 76 87 68 70 43 32 64 42 42 34 78 19 50 53 49 57 13 24 74 35 44 14 62 81 88 14 99 31 22 15 19 57 97 58 85 55 35 20 24 79 54 26 25 12 24 58 79 85 29 42 65 11 17 88 8 96 62 2 57 77 30 7 65 56 16 58 7 49 51 13 78 38 63 37 32 57 68 43 10 47 24 18 57 13 17 20 67 1 7 6 26 75 91 88 90 13 85 59 74 97 17 13 77 16 40 2 81 58 65 81 4 4 18 75 69 93 37 53 5 62 58 92 62 20 70 92 52 78 64 2 26 98 64 38 67 12 41 55 93 6 28 98 78 71 13 65 66 30 32 13 36 16 52 97 53 69 
26 1 60 16 30 89 42 9 73 86 70 71 95 31 96 53 59 68 4 58 87 43 8 29 54 39 1 78 11 54 26 69 79 13 77 94 98 57 4 78 62 40 71 77 77 62 82 41 96 13 70 89 67 31 95 13 79 55 56 33 66 93 10 21 42 78 22 88 32 79 94 44 38 28 2 17 75 12 83 35 98 39 19 61 86 44 62 3 84 97 45 44 57 80 37 89 26 90 94 84 41 17 69 36 74 98 14 23 85 77 98 58 26 33 80 46 58 70 51 71 68 53 95 77 9 9 11 56 35 95 50 36 44 77 17 73 33 78 85 37 52 89 0 55 27 99 38 19 42 89 36 16 96 27 28 8 17 78 36 62 2 20 35 44 37 21 33 0 11 44 5 0 31 40 61 65 17 88 90 32 7 86 94 94 23 3 42 86 25 13 55 76 54 9 6 81 97 83 14 84 
28 24 55 3 19 26 93 82 5 34 63 47 3 39 8 50 37 49 62 3 89 8 45 54 11 86 50 90 11 26 61 50 1 58 67 36 94 72 40 58 57 56 96 25 53 97 64 24 50 81 64 54 42 22 22 8 93 27 65 61 43 46 76 14 9 7 93 67 14 4 53 3 40 50 84 13 97 5 48 7 39 32 43 12 96 47 38 44 77 88 41 19 37 71 63 83 25 73 40 73 43 11 86 14 11 33 44 53 16 73 54 20 7 48 49 88 73 71 45 57 2 9 20 98 82 29 68 85 47 81 65 34 27 18 61 85 60 99 8 1 5 46 40 71 86 26 48 67 39 18 2 65 5 10 27 10 9 80 70 9 41 68 81 41 56 79 35 28 66 29 32 22 68 1 71 58 69 79 65 45 9 76 71 13 13 96 45 67 99 16 16 35 63 20 85 23 66 16 39 15 
41 51 56 16 90 77 14 72 11 33 40 85 71 65 14 32 50 85 8 27 3 61 27 94 31 75 64 51 35 48 39 9 90 10 39 26 30 49 7 95 28 34 0 63 62 37 64 14 36 78 2 53 25 39 55 83 59 48 21 70 53 94 1 94 12 28 30 5 64 23 88 64 97 41 95 96 61 12 92 9 52 28 69 51 9 70 95 50 22 74 47 31 92 72 66 83 67 50 30 76 41 38 70 74 57 26 91 4 61 75 72 86 5 65 66 98 80 79 73 70 57 35 87 95 30 65 74 76 12 1 56 72 24 30 97 46 76 80 9 18 96 72 46 44 99 39 8 45 37 16 55 39 27 30 37 62 93 89 69 64 98 84 51 96 53 35 85 87 15 45 89 7 48 21 28 1 99 12 30 20 96 34 74 46 92 71 49 71 84 92 67 96 37 54 38 65 48 57 21 34 
64 40 27 82 77 0 64 69 63 34 47 57 46 86 2 39 41 90 91 3 20 54 83 43 70 85 32 99 6 96 95 42 42 37 66 96 85 59 42 81 82 64 68 62 58 55 79 53 20 63 22 81 91 55 6 38 64 28 30 89 34 84 97 28 94 20 7 73 90 40 52 65 69 14 18 83 44 56 49 81 8 18 83 66 3 7 60 32 15 19 52 8 21 21 56 64 62 93 7 12 84 57 16 68 2 44 74 77 65 39 91 42 42 31 38 29 40 18 37 6 84 42 38 27 29 71 72 13 49 72 0 54 5 85 0 31 20 62 71 71 24 83 90 45 24 62 3 47 61 1 69 60 53 97 11 67 36 30 12 96 83 26 14 78 3 0 98 17 24 60 59 71 69 68 66 54 13 84 14 3 38 94 87 85 41 32 17 47 62 63 14 88 61 33 95 41 41 9 47 47 
41 10 76 18 92 73 7 92 1 87 26 90 55 7 61 34 85 47 86 68 6 28 52 94 98 26 9 70 56 54 50 1 27 68 80 98 2 8 73 7 37 76 81 72 9 78 65 78 27 86 71 34 12 87 39 37 47 86 73 2 67 6 49 46 66 74 16 3 78 16 27 68 68 40 9 24 3 49 40 50 30 81 76 56 0 66 87 2 14 39 28 44 2 37 54 42 7 12 47 33 17 73 34 39 66 81 55 23 57 86 97 69 54 8 56 86 6 55 47 29 5 67 95 17 1 52 46 75 89 55 91 58 22 20 63 71 36 85 90 60 68 95 22 84 88 96 93 22 75 13 73 13 19 92 89 9 85 85 9 82 48 17 86 29 45 63 19 73 5 87 36 60 75 78 29 62 15 19 45 93 63 95 55 42 53 92 72 87 81 37 95 66 81 67 54 64 82 75 77 13 
33 70 63 27 98 69 43 64 79 71 33 10 36 23 86 65 26 94 30 56 34 44 95 44 79 90 72 59 38 92 16 46 41 0 37 36 1 3 20 42 85 22 93 19 8 84 62 82 22 34 65 27 26 39 35 99 30 80 71 16 0 87 15 88 8 92 35 35 93 44 24 3 36 66 13 12 2 98 51 53 22 4 70 89 91 52 77 1 47 87 34 44 64 94 95 12 10 10 92 85 61 24 83 12 92 5 36 50 23 17 52 96 97 8 20 69 37 17 54 74 9 42 28 30 3 15 40 78 51 66 95 82 2 39 64 24 78 61 59 4 14 25 43 18 15 34 45 36 18 92 70 7 84 53 78 59 72 16 10 41 32 56 83 97 59 85 40 56 45 5 99 20 35 38 94 85 8 50 63 98 0 11 60 40 73 51 25 66 99 31 64 78 44 56 50 11 88 26 51 8 
73 53 21 47 90 72 18 85 65 76 43 70 94 65 70 4 3 10 98 57 29 91 0 56 44 26 42 75 53 87 73 11 71 41 84 80 60 75 67 0 5 12 41 76 53 49 42 92 62 25 80 8 81 91 84 0 14 42 91 50 67 94 86 13 5 53 95 84 36 60 88 63 45 42 33 82 12 21 93 15 34 68 37 76 19 65 85 26 1 29 51 72 49 72 5 27 78 53 81 66 58 73 39 73 23 62 15 21 47 40 7 46 64 63 59 53 55 72 43 41 42 57 61 12 3 14 19 85 11 89 59 40 75 92 10 43 45 57 34 44 15 94 4 81 59 50 20 6 10 40 1 73 39 83 44 22 38 6 16 42 94 25 29 94 78 59 94 88 43 53 27 33 51 75 75 35 52 50 49 80 83 61 5 80 55 80 13 91 13 74 88 83 42 73 79 25 75 52 91 2 
75 64 82 16 99 35 49 88 41 65 57 86 19 63 37 3 78 66 0 15 60 68 99 75 63 30 17 1 15 77 65 45 31 52 75 26 51 30 23 5 48 16 82 85 5 34 50 13 97 43 57 66 60 78 45 51 30 70 34 65 93 44 23 30 59 59 66 39 8 12 94 78 61 4 74 73 45 99 64 67 55 29 87 86 4 55 97 95 10 86 47 2 49 24 2 29 69 44 2 34 17 66 69 22 59 79 43 85 15 80 39 52 64 26 84 98 28 50 24 50 63 55 89 3 0 20 14 69 3 82 52 67 2 42 55 42 50 75 14 1 40 98 2 74 24 81 54 24 45 13 70 52 46 99 45 33 9 74 71 71 92 31 5 72 0 89 91 2 38 6 34 75 87 6 19 61 68 94 98 64 14 27 11 59 42 60 22 99 16 53 57 78 33 30 30 47 58 92 26 53 
55 2 2 96 36 90 56 6 55 45 32 95 71 72 62 16 63 57 47 46 41 25 24 91 49 99 58 4 4 61 8 39 26 77 37 35 80 36 18 53 6 62 59 29 32 96 41 2 50 29 31 62 81 58 27 33 56 78 36 64 39 46 57 97 7 61 80 29 86 26 44 37 68 57 37 21 22 79 34 75 38 62 7 74 43 52 91 53 70 83 27 82 14 89 29 19 12 29 24 29 2 10 48 55 21 58 8 36 48 97 66 91 23 91 95 19 48 8 80 91 64 18 52 27 21 4 47 52 19 9 10 89 89 3 40 22 33 9 1 73 91 31 97 95 97 68 67 4 27 52 58 42 41 67 19 39 33 66 40 37 67 77 41 37 82 52 6 15 41 66 0 13 45 19 23 55 13 25 46 46 56 85 60 95 98 63 20 29 33 19 8 37 57 89 0 46 29 3 64 66 
72 5 40 4 48 38 43 30 18 78 46 68 55 35 24 25 94 20 98 54 81 2 51 9 16 85 58 92 91 35 38 30 15 83 43 73 20 97 94 68 89 59 97 35 25 63 24 69 81 3 23 9 18 89 73 28 0 89 8 58 38 92 86 87 20 70 19 17 19 34 16 47 61 48 84 51 41 95 5 18 43 61 9 95 58 87 81 99 61 5 26 5 57 50 38 43 1 56 29 43 87 55 17 28 66 73 11 63 27 25 47 57 89 52 65 92 35 1 89 14 12 54 44 96 37 85 28 91 98 75 21 63 76 30 77 34 0 47 1 55 48 44 2 90 90 90 47 79 53 1 7 24 60 70 13 40 88 37 54 86 13 49 63 35 80 97 12 43 48 96 0 57 83 75 21 48 78 1 98 16 99 20 88 2 41 6 34 17 57 46 25 33 76 76 10 17 41 91 37 91 
29 29 70 98 88 8 97 87 81 27 20 36 1 98 84 47 52 63 36 46 8 53 80 3 79 42 72 77 46 11 9 39 87 39 96 25 31 66 55 53 56 27 95 43 67 31 50 80 84 87 57 23 82 60 33 50 8 46 71 60 24 27 88 39 59 32 14 47 25 1 24 47 87 41 60 16 86 56 15 48 25 48 61 86 30 4 30 90 77 36 92 82 18 70 66 30 16 66 80 27 93 32 39 96 84 56 39 44 53 35 8 56 88 56 34 40 80 90 56 97 97 8 35 66 80 72 74 45 50 44 69 55 72 81 67 18 21 14 76 87 44 2 27 96 52 77 42 72 9 16 99 96 37 42 51 76 43 61 14 7 86 53 46 39 41 96 15 53 65 34 34 12 16 15 40 19 85 22 43 3 68 52 15 9 64 34 82 54 81 69 56 29 11 99 92 89 92 95 92 66 
49 52 31 95 64 76 89 2 88 51 79 36 21 29 32 48 70 92 54 73 52 56 41 82 1 65 76 22 61 59 42 81 27 53 1 85 0 8 81 76 87 40 10 5 45 10 13 45 11 12 80 92 20 83 45 27 0 87 21 65 97 36 81 77 22 71 1 74 13 38 27 66 73 49 22 90 27 29 59 58 4 34 60 69 96 76 47 16 77 13 34 51 59 6 61 90 43 55 75 89 34 60 76 83 27 86 14 80 63 49 38 38 60 82 46 36 68 60 33 24 63 43 10 87 84 50 69 82 4 5 50 39 43 97 80 68 95 7 73 67 66 62 58 91 51 65 41 38 4 60 53 20 51 25 98 87 54 42 30 39 72 2 76 99 28 41 58 80 16 52 8 86 22 64 95 46 14 69 74 55 49 30 64 23 60 23 66 71 99 96 72 33 79 8 87 90 90 80 36 40 
27 41 15 46 66 15 60 58 8 0 22 78 26 28 26 18 6 82 34 36 55 18 59 33 86 37 40 3 76 2 40 24 54 78 74 62 39 39 70 71 93 76 50 36 3 72 67 76 65 96 10 86 4 86 91 62 80 15 75 75 75 27 35 31 91 16 84 91 67 28 9 23 86 35 77 0 61 52 18 58 10 10 21 96 12 38 71 1 77 20 87 78 90 43 21 86 22 89 34 97 49 6 1 36 34 27 6 15 55 19 17 51 40 17 80 83 14 16 41 22 22 42 58 95 33 67 2 4 93 82 97 83 29 93 2 30 13 86 28 32 21 88 66 65 15 23 56 6 31 55 75 84 54 59 22 47 96 49 50 58 14 28 99 93 0 14 76 10 92 95 56 12 75 13 74 1 60 22 66 30 58 95 54 76 5 94 64 65 16 38 40 43 89 41 20 17 29 51 18 76 
34 50 18 87 74 9 21 17 58 16 85 26 35 4 61 73 39 19 28 18 72 19 21 12 80 51 62 44 28 26 97 83 35 67 34 64 89 88 50 61 53 31 72 43 83 18 50 44 13 54 6 49 92 70 41 45 49 73 7 9 90 57 85 7 79 42 4 92 1 66 83 40 54 70 38 69 28 5 7 45 42 39 77 47 13 5 52 73 84 35 65 17 82 94 22 89 83 51 87 58 37 55 38 51 28 16 52 27 48 97 93 91 43 58 42 0 50 2 9 57 99 12 58 87 88 51 83 21 58 90 92 59 33 99 40 82 39 43 30 90 63 94 36 22 55 47 22 43 63 7 6 12 72 34 66 5 97 46 18 87 9 35 15 30 73 11 49 8 11 98 12 97 4 92 68 35 46 90 87 81 57 63 69 10 42 76 23 67 16 26 41 62 35 78 40 16 86 65 60 65 
97 17 57 1 47 24 25 82 16 19 97 29 14 78 31 85 10 94 44 78 57 35 41 78 32 27 67 0 75 2 75 46 12 80 75 89 12 16 42 42 22 19 34 8 33 60 60 23 34 96 36 46 81 53 38 92 20 3 87 75 24 99 28 35 65 19 32 94 32 97 28 16 51 52 92 13 15 49 60 0 9 70 56 90 27 56 27 84 20 80 42 5 62 26 60 39 59 82 45 20 18 28 95 96 51 63 61 81 46 85 70 89 16 89 16 3 11 56 70 25 43 79 26 97 96 57 47 87 26 30 86 46 58 67 23 32 67 85 75 87 89 72 4 14 69 71 12 16 93 93 65 44 97 69 56 32 10 94 33 70 26 9 78 92 53 40 64 31 2 93 94 48 17 14 40 26 75 53 63 70 46 75 49 24 83 37 63 29 1 11 1 65 48 44 99 83 46 70 69 23 
56 14 32 24 48 47 63 98 2 88 38 77 53 10 26 10 64 82 5 17 8 39 37 8 75 80 79 55 61 12 64 29 90 90 83 10 80 39 92 97 83 74 62 92 78 2 4 33 32 90 88 63 19 81 27 94 51 39 67 16 67 24 39 96 59 48 33 47 21 58 85 44 41 97 77 11 94 24 62 54 75 92 42 12 63 71 64 7 49 99 35 44 6 25 27 25 15 59 52 14 90 5 0 50 96 51 79 36 52 10 81 85 6 4 77 80 83 8 7 21 68 46 71 34 41 67 59 11 67 13 65 32 51 74 34 56 65 86 54 40 81 65 46 65 1 21 29 90 31 88 58 1 72 54 18 12 69 70 5 35 57 17 79 28 80 35 19 86 55 32 68 78 23 90 43 22 98 25 84 75 7 11 47 70 18 10 73 50 8 18 3 8 88 55 96 3 66 46 91 59 
38 99 79 71 32 84 64 78 95 43 16 70 20 37 48 10 57 50 53 26 13 27 30 27 53 99 62 33 72 5 90 83 47 18 61 18 3 46 35 42 87 20 87 24 57 30 99 21 69 57 23 89 20 45 30 48 78 33 14 33 10 39 55 92 8 29 10 25 13 10 54 17 94 14 71 20 19 15 9 68 62 37 74 1 14 89 87 50 50 58 76 27 0 75 68 7 44 24 76 36 49 39 86 25 1 66 5 55 48 86 61 67 73 37 49 94 86 37 49 38 13 56 56 81 43 71 7 11 72 47 26 72 75 60 3 50 19 4 40 97 2 0 69 29 97 89 39 76 73 34 7 71 80 60 50 96 50 54 24 74 70 18 15 29 36 39 77 33 21 65 82 17 13 82 55 18 31 9 29 26 57 61 51 70 18 18 73 19 10 44 9 24 77 45 84 38 87 67 16 2 
5 71 57 99 91 22 72 60 58 94 87 32 32 24 75 74 28 59 94 3 26 33 85 14 29 16 61 76 92 72 67 44 5 27 74 68 30 10 48 68 94 54 65 91 6 37 43 52 0 29 69 7 6 9 79 20 87 0 94 26 95 78 80 40 9 86 69 84 62 96 11 49 83 18 71 39 57 70 89 60 24 90 6 65 78 56 88 9 10 51 82 77 89 78 5 57 67 19 90 54 1 38 92 97 30 99 32 19 19 1 52 45 15 17 65 18 75 30 12 37 51 34 46 93 5 26 99 20 97 41 76 87 69 19 96 96 2 19 30 48 28 33 35 43 86 37 61 81 44 16 23 22 88 38 63 77 88 79 85 48 71 54 85 71 5 22 92 27 91 55 31 85 2 74 83 87 8 24 95 42 10 96 24 2 31 25 55 41 96 25 93 14 59 73 27 29 54 33 22 90 
90 32 19 27 71 23 44 93 81 69 56 99 75 19 29 37 16 45 70 7 31 17 53 82 59 97 67 29 43 35 62 40 14 21 72 81 10 22 98 73 34 44 81 21 89 70 80 84 41 60 42 96 5 41 34 75 30 72 21 44 40 40 98 62 75 45 13 92 36 70 0 25 90 37 33 19 76 27 62 18 0 20 89 47 76 15 72 37 61 61 92 58 62 96 8 95 14 74 53 84 47 35 3 44 33 20 59 79 6 72 27 9 80 84 85 29 14 89 43 42 99 44 6 22 99 83 18 68 66 95 29 48 18 18 36 8 11 77 22 25 97 16 62 14 30 64 88 93 67 81 55 11 88 13 37 1 25 45 82 68 27 44 89 53 34 81 25 57 65 12 79 22 41 34 29 15 61 20 10 61 57 70 23 67 0 45 82 30 56 95 92 8 21 69 41 42 29 25 2 57 
30 41 2 14 8 8 54 20 77 28 49 61 26 3 96 16 36 98 57 54 51 71 82 56 37 74 8 32 10 46 37 57 39 64 15 44 84 9 2 61 15 44 92 98 53 62 94 90 23 13 97 57 50 18 83 3 54 39 4 78 33 73 32 4 46 30 65 69 28 49 41 88 65 8 42 48 31 90 41 46 17 14 92 30 69 77 30 34 81 28 59 13 95 32 65 99 41 69 18 16 49 64 43 16 53 44 92 62 67 99 29 64 71 6 84 5 5 86 64 20 88 89 58 41 43 52 10 69 40 62 24 22 62 62 47 47 99 56 50 65 41 65 21 15 60 43 34 56 29 19 61 62 42 18 37 73 61 94 16 28 17 38 24 31 63 15 98 73 78 32 84 24 49 96 14 28 28 63 58 28 93 78 65 79 68 91 55 29 54 13 66 84 78 7 42 58 92 59 44 12 
34 73 41 12 64 68 12 54 76 48 56 76 62 1 59 52 88 73 22 70 97 32 82 34 23 63 54 95 2 30 1 37 67 97 94 9 1 54 87 2 35 4 52 62 7 23 28 49 53 34 36 96 14 77 86 66 78 49 27 7 56 96 57 15 42 5 0 2 25 24 47 39 61 78 17 54 48 12 61 65 71 4 46 14 6 35 39 59 33 88 10 66 94 26 0 99 50 14 1 19 74 83 35 90 43 38 80 61 17 67 15 48 19 21 88 9 52 26 37 82 71 22 75 51 73 18 57 4 79 54 93 98 66 4 69 3 60 63 21 66 55 22 85 43 28 75 54 1 76 70 12 62 5 74 78 51 52 37 25 32 10 75 94 12 33 21 63 49 56 51 8 27 81 8 2 46 26 4 51 53 14 19 99 16 74 48 31 26 12 16 68 11 86 4 6 48 81 68 74 57 
67 17 28 41 96 89 65 48 74 30 76 69 79 57 8 51 14 64 97 43 3 49 90 58 43 21 51 59 96 79 58 46 94 53 87 14 75 25 15 62 18 88 46 62 30 68 77 0 53 58 58 10 91 66 95 49 49 53 39 80 78 20 42 29 96 71 11 26 70 49 56 24 77 98 95 48 4 0 19 19 16 50 84 12 55 94 26 83 97 10 30 49 65 89 56 5 62 64 13 61 17 83 32 97 56 28 11 54 79 1 50 19 90 72 32 73 16 61 28 85 42 51 42 78 47 52 34 67 7 74 93 14 93 56 91 65 57 26 4 13 85 52 53 73 88 77 10 20 5 90 49 66 69 84 10 20 55 36 13 62 79 90 71 17 85 92 48 37 47 92 68 65 26 95 18 40 53 27 13 94 2 75 41 99 89 97 53 3 66 5 65 99 14 88 50 15 61 84 57 81 
83 74 52 57 81 79 3 5 53 71 27 38 64 71 24 12 6 66 80 94 35 51 65 6 81 21 23 56 34 18 72 52 51 36 56 77 14 13 1 11 88 6 50 41 21 2 21 56 24 44 19 70 26 34 95 6 43 95 71 95 59 52 54 67 38 22 36 22 29 71 76 59 19 42 39 58 24 88 30 75 40 33 50 78 19 14 1 8 24 96 56 29 4 72 30 61 81 97 64 60 74 31 95 69 65 77 34 94 26 17 45 70 41 86 8 43 3 15 4 15 9 26 62 29 82 0 34 99 90 67 35 2 14 64 96 24 10 85 98 89 97 42 99 65 15 40 14 61 45 25 24 88 77 71 31 72 52 87 0 65 28 93 63 65 21 9 53 28 30 60 45 22 84 81 63 75 43 77 41 35 22 69 21 42 4 30 17 45 14 17 1 38 91 52 14 40 77 8 7 11 
66 9 9 86 43 83 79 5 0 31 15 45 60 33 22 50 27 18 65 41 17 73 77 51 68 98 40 92 48 96 6 90 86 56 11 40 47 32 21 51 54 16 48 76 25 38 92 80 8 1 7 24 51 5 40 95 10 73 83 60 73 41 66 44 48 73 91 57 43 45 35 0 38 30 10 88 33 69 0 51 10 94 59 37 91 28 70 86 61 64 70 93 37 15 6 71 46 15 9 12 87 0 71 28 11 51 83 80 38 12 79 44 18 57 25 92 78 54 86 30 30 42 44 75 71 50 48 63 95 20 12 26 20 79 81 72 61 77 77 61 46 49 8 26 14 70 60 15 78 31 73 57 51 29 38 69 51 46 18 37 44 75 34 23 89 93 87 56 5 51 14 79 37 99 62 94 9 93 41 63 58 4 23 87 55 24 40 76 61 35 45 97 31 81 61 2 54 85 15 63 
18 65 6 89 69 5 88 31 76 70 32 43 70 47 96 33 31 79 86 71 34 50 93 6 95 88 98 3 88 1 59 66 40 63 55 51 12 53 3 78 13 26 49 97 7 5 88 95 33 94 35 39 45 85 65 52 65 61 4 8 74 48 85 28 71 69 12 6 49 86 59 2 82 67 28 9 40 54 66 0 44 85 33 35 50 37 31 45 67 52 61 70 4 2 26 6 72 55 44 62 41 16 80 24 7 50 56 72 22 67 0 28 37 16 10 24 14 35 65 55 20 58 99 52 86 3 21 76 34 45 48 38 91 23 26 28 71 16 11 50 79 50 60 25 82 67 19 78 80 37 80 38 40 89 4 56 5 55 44 41 42 75 64 91 47 47 24 81 54 15 51 50 85 9 59 84 13 2 96 8 4 37 56 11 72 11 46 58 56 98 73 93 39 2 60 88 73 64 8 80 
