14 88 93 8 32 27 9 89 41 20 63 52 80 23 96 27 45 11 58 87 47 9 30 30 49 9 81 35 47 73 13 87 31 42 75 62 60 44 66 47 58 22 6 92 54 92 25 14 19 94 14 19 84 82 97 41 20 74 95 82 68 64 10 88 16 9 31 99 9 11 89 68 52 51 5 69 99 83 8 34 32 36 56 34 30 6 51 19 72 18 84 38 59 68 20 38 67 11 96 74 9 34 96 97 48 68 71 42 26 14 0 53 16 0 96 88 4 13 76 37 41 30 54 15 4 62 51 14 86 47 28 48 34 48 5 6 93 18 69 12 23 79 24 56 35 57 29 44 70 75 92 26 24 43 27 32 31 80 43 52 28 68 29 25 35 85 37 18 31 91 47 86 26 65 5 25 42 69 9 11 68 25 23 11 48 71 48 53 49 31 7 39 82 8 64 44 45 80 16 53 71 61 77 49 48 92 75 28 89 75 6 32 51 93 28 67 97 48 45 47 41 16 93 23 27 46 13 57 71 67 6 53 44 50 15 21 12 12 66 56 86 31 9 96 86 48 36 35 20 21 1 22 71 5 83 45 39 14 76 21 1 41 35 15 46 32 69 65 87 13 45 30 75 9 29 62 45 19 47 75 60 85 22 29 80 32 98 33 91 92 73 68 31 2 38 62 70 26 70 85 20 11 22 90 23 61 64 67 85 36 29 70 21 86 26 93 87 31 97 6 45 72 43 69 6 10 20 76 31 67 99 26 3 22 3 99 27 59 96 19 69 29 22 28 4 19 58 78 56 68 6 9 64 2 48 69 13 62 53 57 9 45 92 40 72 94 33 81 77 19 94 33 9 57 33 51 67 92 46 55 64 41 55 77 69 38 98 55 53 16 81 70 80 91 73 86 8 11 95 17 
60 77 82 34 94 80 43 60 33 33 37 4 30 48 46 99 78 24 61 88 1 1 52 31 81 21 13 97 38 86 7 75 89 49 36 17 55 25 64 70 19 14 37 46 86 52 13 27 66 17 23 68 13 73 13 51 75 3 78 12 66 61 23 50 74 99 84 55 4 82 48 19 71 27 96 41 9 81 28 32 41 23 55 70 57 57 54 62 55 17 46 12 41 17 69 95 18 44 9 27 97 10 51 99 28 76 59 56 85 95 37 78 72 31 84 42 78 43 61 22 8 60 86 21 90 99 71 18 85 78 12 50 3 29 96 67 90 17 18 0 85 54 51 86 18 46 19 42 31 21 95 76 14 78 86 66 18 45 94 50 4 47 49 19 65 95 77 31 54 54 21 88 82 18 85 68 39 54 28 99 52 41 15 99 85 64 53 16 75 1 5 83 26 13 28 67 76 28 92 22 11 4 3 45 34 43 92 59 88 25 95 52 54 93 91 85 94 30 49 14 23 38 74 98 71 86 45 70 2 49 6 0 14 37 18 34 40 53 60 52 8 42 23 43 27 96 89 54 4 37 52 12 69 95 7 67 80 25 11 7 26 40 90 15 41 3 36 25 80 5 80 63 43 72 6 92 42 66 14 83 11 23 63 68 62 46 49 49 60 37 95 35 37 54 18 69 70 68 22 63 79 17 82 67 62 33 18 24 44 54 74 72 72 14 2 80 1 94 12 33 79 48 53 49 5 71 32 26 37 14 52 2 68 78 96 60 64 88 92 74 59 42 81 12 70 16 9 20 90 75 80 94 97 61 57 22 45 44 45 39 4 71 61 66 63 41 23 31 73 85 44 16 58 45 15 20 17 51 43 69 49 25 36 33 71 0 35 29 49 51 73 87 1 53 35 90 89 88 67 96 
45 52 77 95 22 11 95 35 54 90 17 47 43 44 6 41 88 33 67 55 90 38 36 4 79 55 12 15 13 5 36 54 61 1 17 69 10 84 6 86 48 85 31 81 11 32 12 99 93 16 84 28 79 52 54 47 91 21 17 21 51 75 74 34 32 60 70 66 94 77 72 28 31 71 1 7 10 21 19 15 93 81 75 43 12 36 54 66 44 10 66 30 28 77 60 87 31 5 1 22 22 32 89 38 91 34 3 35 35 44 91 84 24 48 44 44 61 68 98 69 46 32 86 73 47 61 11 54 89 28 26 48 23 94 85 52 85 73 25 78 62 27 27 27 50 82 19 76 43 55 48 20 62 78 99 84 24 38 47 35 34 37 80 60 68 3 59 61 24 72 14 31 47 3 37 87 64 65 11 27 18 41 40 69 54 88 7 44 52 88 24 85 90 21 53 51 41 68 16 50 53 60 35 20 55 65 91 33 85 62 86 61 24 30 48 67 12 19 71 68 1 87 2 84 42 86 19 21 39 27 61 58 7 51 4 53 29 39 2 56 29 86 62 44 15 30 43 80 88 5 99 81 58 79 76 6 33 86 75 73 33 54 35 18 18 74 93 7 25 19 50 41 73 31 44 55 18 77 36 0 61 3 91 50 12 72 79 8 7 91 1 24 7 51 53 49 14 41 94 70 76 95 86 28 88 11 92 44 74 11 8 81 71 81 62 48 73 74 48 13 97 87 33 25 26 56 94 64 16 13 82 1 61 93 64 12 38 16 81 67 1 64 75 60 54 92 86 22 56 25 84 26 34 40 58 73 97 4 45 67 7 64 54 33 68 68 38 17 20 92 45 58 97 8 93 4 7 34 49 25 57 97 98 18 42 4 18 67 72 63 95 85 31 87 30 9 33 7 5 21 
21 94 34 54 2 44 49 66 89 93 96 21 17 95 69 11 9 42 71 20 48 32 0 66 61 23 10 10 1 32 93 57 25 98 17 2 2 34 5 97 20 63 59 77 19 21 76 85 48 2 2 80 99 13 56 87 32 27 18 60 32 30 34 24 12 91 54 55 32 79 87 63 81 62 17 70 27 81 4 81 71 16 7 70 16 1 27 48 4 38 98 86 56 85 99 68 55 47 53 76 61 44 64 24 15 85 76 83 50 5 41 27 44 96 9 22 60 60 80 36 70 78 9 60 59 49 26 97 22 53 45 31 82 92 72 69 26 43 90 41 7 63 79 10 37 38 14 10 9 54 52 32 45 14 4 27 96 70 57 12 7 9 80 96 24 50 46 70 46 66 68 75 94 53 9 7 41 50 48 75 50 44 51 40 45 34 51 39 3 33 37 1 4 4 28 20 99 80 32 26 72 61 74 22 20 9 29 17 12 60 92 40 15 24 53 87 10 38 38 87 65 48 50 43 64 68 10 27 61 9 40 62 56 88 87 98 8 58 73 1 67 44 10 99 17 19 6 25 45 42 72 72 37 32 11 74 35 54 70 80 44 28 51 25 16 55 45 54 86 32 10 75 17 58 22 84 11 21 25 31 77 46 19 65 28 97 10 92 94 58 71 52 91 31 85 84 98 18 34 83 35 59 80 10 3 43 99 4 30 23 95 5 3 98 89 83 48 20 5 78 8 65 27 86 27 5 94 71 73 17 95 56 6 99 58 2 23 53 2 43 84 11 8 2 5 26 51 14 95 11 89 11 77 33 40 3 51 42 69 1 9 72 92 78 99 80 58 9 7 62 76 56 99 11 56 71 70 78 61 85 41 80 94 21 94 12 99 63 43 94 39 86 71 56 37 0 26 58 94 72 
15 52 50 72 75 73 67 83 71 82 58 0 0 2 19 32 14 60 80 97 59 49 0 27 82 51 29 79 44 93 87 30 29 29 11 62 58 87 73 67 82 15 72 69 2 16 70 93 85 55 42 81 68 96 20 80 95 62 26 78 84 41 57 72 63 43 98 39 74 4 9 11 34 35 13 9 86 64 17 8 88 23 67 64 17 81 67 92 88 38 98 34 94 90 96 17 61 28 98 86 90 8 80 22 55 52 82 11 5 81 73 4 58 6 57 2 31 93 17 72 71 77 6 27 63 97 99 39 89 67 92 64 55 83 62 5 70 20 35 9 86 7 50 2 63 27 65 90 12 45 77 48 48 97 30 40 26 12 32 34 81 56 76 73 92 44 99 47 94 17 8 39 69 78 64 45 0 58 31 65 42 87 28 39 49 61 69 34 96 56 93 27 96 11 34 52 73 73 70 64 7 93 96 82 43 62 35 34 92 87 83 39 81 1 18 21 36 80 45 76 31 14 55 62 87 60 70 18 78 49 61 66 82 90 44 94 34 59 50 93 55 86 68 94 63 97 35 99 60 84 60 7 33 37 57 74 37 15 71 90 36 89 26 47 53 91 53 66 53 69 70 69 37 7 51 25 6 89 99 65 6 52 43 74 17 4 45 60 22 4 18 65 82 31 22 59 87 0 72 2 53 92 23 70 79 18 53 30 38 55 1 98 17 76 70 66 76 1 97 36 82 3 3 46 1 24 41 83 37 1 76 44 32 92 73 25 84 3 80 50 93 37 38 7 65 64 9 15 13 7 31 76 50 36 46 10 52 76 15 87 93 26 56 41 65 33 23 54 49 30 56 64 25 46 42 87 50 8 75 20 8 33 1 15 53 79 47 40 75 96 75 62 34 59 55 84 40 76 11 68 
64 80 63 29 61 22 45 63 1 48 9 94 90 93 59 7 47 21 61 30 18 22 58 92 37 64 6 71 90 83 43 68 19 51 31 4 6 37 55 11 41 72 67 20 30 30 3 1 17 0 98 77 46 63 72 51 4 53 61 70 58 48 32 81 94 88 13 26 11 99 43 66 55 52 29 91 76 88 59 32 10 37 20 55 30 24 57 68 2 90 56 98 0 29 58 56 99 88 13 6 72 80 55 88 22 76 91 6 24 43 29 28 98 5 8 76 22 44 25 2 56 88 83 39 49 52 5 33 72 62 91 93 29 80 69 94 14 13 37 6 79 68 11 11 50 87 29 95 51 22 59 95 24 37 17 52 84 40 92 43 81 37 91 79 35 39 38 60 3 13 38 2 92 69 46 55 97 50 41 41 59 96 45 51 85 82 91 6 93 48 44 7 84 55 8 95 53 57 82 49 18 78 83 83 92 51 73 60 31 80 14 14 65 69 37 31 19 48 54 8 45 34 21 36 71 7 32 46 23 35 88 18 50 90 16 45 85 54 74 83 37 8 13 25 98 5 60 19 99 73 75 39 18 17 51 67 25 32 61 79 66 39 85 11 87 15 1 55 89 83 95 39 62 50 82 54 36 3 74 54 92 51 13 90 39 17 2 27 27 56 56 15 13 35 2 66 78 31 53 58 36 68 21 2 18 33 57 30 30 29 78 5 26 85 75 58 73 18 10 33 48 50 24 81 72 85 37 78 30 4 42 1 64 83 4 97 73 75 90 13 13 46 6 91 25 26 24 79 2 72 78 92 24 98 67 10 32 87 26 29 83 45 90 45 27 58 4 14 28 67 20 10 60 51 60 29 74 16 9 96 85 95 51 37 83 40 63 14 24 3 43 64 1 14 74 85 57 27 81 61 
10 90 77 34 27 38 17 86 21 70 34 30 91 3 41 24 18 24 17 40 92 27 94 46 13 22 22 62 28 89 30 42 40 66 71 36 78 0 85 27 72 24 19 72 34 76 28 64 48 55 85 44 25 54 93 68 6 27 50 88 62 71 52 80 1 72 34 45 26 65 43 68 97 94 7 55 76 31 64 30 54 79 11 60 54 40 86 41 65 4 57 82 22 75 51 23 37 32 88 29 58 90 45 52 95 44 92 86 85 74 4 13 42 97 55 89 91 44 26 70 1 77 0 73 53 24 67 12 56 55 4 27 42 33 5 12 23 58 56 46 11 22 73 34 18 21 0 46 61 24 32 18 86 51 87 60 42 82 40 11 91 59 73 55 23 15 16 39 35 32 0 91 48 16 31 68 14 84 15 81 94 35 30 70 24 12 78 20 89 41 17 39 73 17 8 39 24 29 70 46 81 10 12 48 36 99 42 80 57 28 88 54 41 65 14 70 8 1 89 68 6 93 15 77 90 50 41 4 13 26 27 72 37 57 31 85 89 78 42 61 30 51 27 66 87 3 81 17 97 66 52 93 14 30 18 24 63 25 88 93 71 25 22 14 42 79 19 84 37 63 98 93 56 28 28 93 70 99 31 68 11 80 54 94 80 41 82 9 3 61 56 79 53 48 89 24 28 5 90 90 20 57 52 45 8 50 38 14 37 38 0 6 95 57 4 40 85 80 31 47 86 92 35 17 95 78 98 77 23 76 77 98 20 99 14 47 92 95 90 86 12 4 63 36 92 63 94 11 15 4 60 11 17 33 35 33 14 31 26 9 16 82 0 38 35 95 97 51 12 18 41 72 32 50 94 21 70 48 4 58 76 66 35 69 90 15 21 91 64 22 17 45 58 97 99 50 4 80 48 68 
58 91 60 41 76 54 75 14 98 42 65 74 80 84 90 72 36 20 77 68 20 69 50 33 61 76 65 47 16 22 57 31 24 70 78 4 72 98 19 59 31 24 67 26 49 12 94 68 4 43 38 76 27 83 79 12 65 54 79 17 98 89 78 32 93 59 42 82 57 28 14 23 93 57 80 55 21 96 55 63 12 28 62 38 79 45 22 79 7 21 42 19 58 81 68 18 46 10 15 30 46 58 47 35 33 51 97 8 12 22 84 78 3 39 59 83 47 97 4 22 83 44 35 89 84 30 91 61 21 91 54 50 99 30 12 6 26 33 62 42 76 4 63 36 18 49 58 15 79 52 85 52 15 7 33 5 9 1 79 94 24 54 95 79 21 22 35 13 12 79 43 53 55 56 38 75 19 52 43 8 72 18 28 69 57 10 27 80 72 56 0 1 51 99 66 35 95 77 49 51 59 45 23 76 28 57 98 63 4 53 81 49 29 40 99 2 92 69 96 73 29 92 57 61 61 75 46 70 17 67 22 41 60 7 39 56 56 19 99 89 29 44 62 28 35 20 68 31 61 48 69 14 81 70 27 75 74 76 33 79 23 68 58 30 6 85 19 44 42 54 32 33 44 30 28 46 84 35 8 99 66 95 34 7 35 48 18 3 38 19 45 99 2 84 32 19 50 51 71 65 38 70 63 66 95 65 40 6 50 90 95 35 41 39 59 65 15 56 14 92 30 33 23 6 13 55 54 68 66 94 95 18 4 43 54 17 90 19 82 56 85 88 41 95 14 90 4 8 54 16 63 18 21 92 55 83 97 49 70 60 1 12 7 76 13 81 10 69 63 10 86 86 83 32 93 57 4 9 44 63 63 86 52 10 11 94 88 22 73 38 65 4 20 94 10 54 80 24 67 67 
12 76 75 54 54 92 5 92 95 73 76 63 98 89 7 24 61 46 20 89 37 54 58 31 21 73 61 5 70 77 69 10 61 64 23 96 49 35 63 26 31 72 53 15 96 45 86 39 58 71 1 21 65 34 7 62 63 63 72 57 21 78 91 23 96 74 56 89 33 29 28 44 53 48 40 36 0 9 18 56 54 79 68 64 42 76 38 44 66 66 39 13 19 64 18 86 67 53 23 17 13 38 91 85 92 55 32 81 2 35 2 2 61 25 13 74 99 46 12 14 10 93 9 50 28 4 99 38 81 67 92 67 77 93 54 50 80 35 36 15 70 74 44 94 20 13 44 43 12 6 97 32 72 7 88 83 86 32 88 75 11 95 46 39 89 61 47 62 37 7 47 6 85 78 46 75 30 31 60 6 70 22 29 17 92 22 62 37 83 50 41 19 88 65 63 7 26 67 44 66 52 6 14 33 38 96 53 42 56 15 43 39 4 88 44 9 32 97 76 43 47 89 56 75 4 53 65 12 43 76 83 65 37 54 9 81 34 42 9 51 21 49 63 91 22 98 53 10 22 76 58 74 20 48 59 50 83 20 1 45 73 80 9 24 98 82 84 9 19 65 62 81 45 69 9 54 49 79 33 41 17 19 56 42 92 57 19 98 74 8 3 96 90 71 33 59 73 42 82 82 20 45 32 37 8 92 57 55 83 91 33 17 66 98 73 34 58 47 4 3 56 6 91 1 21 10 73 45 93 98 33 75 74 95 38 46 87 80 70 35 3 89 70 8 48 37 94 43 31 78 22 38 33 90 68 1 63 19 15 50 82 66 15 69 31 25 5 93 17 82 30 37 30 67 67 10 3 44 31 4 30 46 49 35 10 13 95 80 62 56 16 32 29 43 65 52 50 13 30 53 
98 63 71 82 66 44 47 76 31 3 76 26 23 75 96 45 46 81 85 57 41 7 0 36 49 7 3 19 3 1 6 59 55 33 50 62 90 44 37 14 97 22 77 24 86 93 81 81 65 80 99 33 68 30 31 69 19 19 68 6 43 31 36 3 11 54 7 44 27 88 34 59 24 18 2 55 76 88 86 78 20 44 24 43 23 7 72 25 9 91 58 91 60 9 91 96 46 36 37 36 75 58 6 68 96 57 70 82 60 20 68 29 58 95 99 32 63 28 60 92 54 16 51 55 65 9 10 10 41 73 90 19 52 75 89 56 62 61 22 10 83 41 18 17 87 96 47 51 92 8 0 79 79 32 80 61 39 2 2 11 99 4 96 85 14 23 22 28 97 92 18 51 35 76 34 51 44 98 45 29 88 31 66 54 9 1 65 2 80 60 15 12 88 21 80 93 96 19 83 47 37 68 6 56 87 75 42 27 92 31 25 30 13 13 34 8 61 25 14 21 95 83 65 28 36 28 46 48 14 77 50 66 15 83 49 18 80 60 47 0 91 78 3 61 66 2 90 90 47 30 18 96 69 43 3 57 68 80 22 61 60 11 40 65 54 87 69 72 44 13 53 19 61 67 83 39 0 78 80 39 73 51 22 15 33 4 86 91 35 51 55 17 71 67 73 75 78 39 4 91 77 52 32 83 87 42 88 15 38 53 94 52 9 40 63 40 27 70 7 11 82 57 10 76 30 59 0 56 36 19 79 22 98 27 27 21 76 31 27 22 84 7 54 16 50 0 54 36 71 69 60 25 84 68 44 1 97 30 19 58 3 50 42 90 28 20 88 84 69 78 64 95 90 16 88 76 89 17 6 50 66 1 9 60 77 1 59 1 76 23 20 86 87 46 57 55 73 10 97 81 
65 8 83 43 49 56 58 68 45 90 74 95 51 63 92 36 25 88 15 55 84 48 36 7 52 26 7 88 49 45 7 43 24 27 84 85 0 36 67 15 98 67 69 62 50 49 11 67 21 13 26 52 16 12 71 39 63 34 65 66 14 1 6 95 70 92 22 46 59 30 46 70 56 81 24 49 60 56 76 86 16 73 90 87 45 55 24 94 7 59 23 40 6 57 90 49 88 76 43 58 55 44 4 4 60 10 23 60 92 9 29 52 94 46 93 29 22 17 9 9 5 35 25 35 76 23 18 8 57 65 5 60 95 16 85 82 5 83 38 8 34 66 18 15 32 98 37 21 7 70 64 76 31 19 3 18 53 75 91 37 49 65 25 33 63 52 64 27 20 80 25 13 55 89 61 15 65 35 50 80 76 50 74 46 31 47 5 94 71 51 45 51 1 26 2 96 56 86 59 84 91 62 95 66 30 33 13 49 29 55 42 66 46 25 87 59 73 36 2 10 52 60 84 95 76 18 94 78 81 56 88 89 36 35 45 4 51 53 93 5 17 33 79 74 16 0 23 81 51 52 19 23 24 74 16 68 66 56 7 83 58 29 40 69 67 60 60 66 19 39 98 62 16 24 43 45 59 73 6 34 27 81 32 25 26 98 52 95 92 71 35 49 16 5 71 8 86 10 5 1 45 78 56 89 46 38 40 90 61 45 95 62 21 85 5 51 10 34 10 24 64 49 92 31 97 16 77 47 31 8 43 32 53 22 35 13 52 30 59 98 20 81 87 38 11 14 85 14 4 51 4 58 97 85 10 83 56 94 90 18 98 25 13 56 47 91 2 51 5 72 11 28 48 43 46 21 43 63 78 61 53 86 23 62 24 23 47 70 90 35 41 13 73 51 10 77 72 1 31 79 
41 84 26 17 27 65 44 65 53 75 38 17 40 37 91 55 79 27 5 31 77 3 3 74 78 53 19 38 55 4 96 92 24 2 54 5 59 37 17 7 75 48 6 81 29 38 67 14 89 41 14 11 68 58 16 8 92 19 8 24 65 80 10 82 11 78 64 43 56 25 8 17 35 57 14 90 64 20 16 74 43 57 84 97 99 28 24 77 56 13 65 62 17 78 88 94 21 80 12 19 68 20 62 83 88 94 42 92 98 47 39 92 23 52 15 82 47 5 39 29 73 55 33 85 35 44 48 0 34 24 42 67 33 82 27 52 19 67 25 6 31 82 70 51 75 80 61 2 99 50 44 77 39 9 6 32 59 23 13 91 95 75 50 20 58 67 87 97 38 32 52 93 69 19 50 24 71 50 93 96 24 17 93 53 82 23 98 84 38 96 38 56 3 47 15 61 36 66 66 46 88 29 63 52 70 21 86 75 46 51 70 48 32 32 8 80 23 93 46 65 63 69 52 34 95 38 74 40 34 69 51 50 66 46 86 28 33 80 96 91 28 53 37 79 81 81 82 7 41 67 2 34 42 88 19 26 25 58 51 85 28 64 72 85 38 20 37 68 35 88 90 17 41 10 26 89 39 86 42 38 49 5 73 27 92 91 38 56 19 37 50 61 78 37 91 53 27 69 48 29 98 1 89 56 38 56 21 45 16 33 22 67 49 84 89 90 40 56 83 3 93 49 3 12 85 41 77 11 17 62 6 74 24 12 49 65 65 45 61 28 74 76 24 17 43 98 28 72 58 54 24 40 53 24 89 17 28 28 97 74 57 16 20 76 25 75 26 63 65 8 4 22 12 66 85 62 59 53 23 32 98 89 6 94 9 33 41 32 68 82 61 79 22 97 14 79 24 43 51 23 
71 96 92 54 47 51 13 39 51 75 30 67 57 32 41 86 28 67 84 55 71 88 43 25 48 55 36 34 89 73 85 77 85 39 90 20 34 47 88 35 37 2 53 84 75 53 13 59 71 68 19 56 87 56 57 30 0 85 85 2 0 47 0 12 30 20 82 65 45 70 22 3 65 56 19 29 70 87 73 46 93 87 45 43 76 72 17 38 5 34 15 82 14 19 64 9 63 99 71 69 28 0 66 14 37 43 41 90 40 70 11 38 82 64 41 37 72 46 43 18 83 64 64 15 2 71 85 3 63 88 15 87 44 81 41 65 59 14 84 61 92 66 53 84 82 83 38 61 93 92 93 30 83 54 25 84 76 21 7 55 42 15 56 80 96 61 71 75 26 5 33 43 14 8 60 24 34 48 89 84 98 53 21 53 83 96 42 42 97 16 9 16 4 24 23 19 1 48 16 57 63 68 95 78 71 94 64 53 9 76 70 78 60 4 93 96 22 98 15 21 67 35 76 63 18 71 0 81 17 54 40 47 89 35 61 18 70 53 0 60 4 65 37 22 94 91 71 90 65 52 95 88 37 60 92 92 43 33 22 50 86 52 74 68 52 22 42 19 68 50 6 52 9 64 37 41 28 21 24 20 10 98 87 56 64 70 17 94 4 64 11 17 24 16 24 4 60 93 3 44 95 43 24 2 46 6 4 26 71 66 55 34 44 92 15 8 22 73 7 81 15 38 9 82 26 20 60 65 18 96 96 65 29 93 63 65 31 69 20 82 69 66 74 67 19 70 59 69 58 13 93 26 58 41 13 51 64 2 91 45 25 91 25 27 94 29 39 26 70 14 58 85 21 25 23 43 16 56 47 6 1 34 40 57 41 10 35 69 58 68 64 0 74 27 46 18 20 38 67 24 
5 90 42 86 0 15 51 15 6 83 99 92 57 8 17 25 30 66 79 59 36 84 61 43 51 94 38 29 53 47 37 25 68 20 20 73 24 4 6 23 62 37 82 6 77 75 61 7 91 76 33 15 7 56 32 9 42 69 30 29 84 10 3 82 85 47 19 15 24 61 44 66 10 84 89 37 54 76 83 35 47 87 68 5 91 51 34 59 91 45 7 25 46 18 26 73 46 97 92 16 40 20 52 65 12 42 96 13 98 13 26 68 19 69 81 38 14 1 91 45 36 28 70 66 86 55 2 2 35 9 75 55 93 46 92 0 20 41 67 69 92 91 5 86 54 69 20 65 22 6 31 6 11 8 78 75 60 77 99 96 62 39 28 53 46 72 58 74 48 95 49 50 32 79 37 62 28 51 49 44 34 30 18 43 48 56 6 81 5 0 16 4 69 27 59 38 43 96 51 47 6 2 48 35 95 11 78 24 46 59 23 36 83 37 19 11 65 59 49 56 99 76 63 70 23 57 31 77 5 80 39 72 33 73 50 53 64 21 16 59 38 57 84 84 75 23 39 23 52 55 56 43 37 89 78 89 89 1 62 78 95 86 61 57 94 68 32 99 71 76 14 44 67 21 22 29 1 84 18 83 20 63 31 27 52 19 10 17 21 11 54 26 25 76 59 1 16 98 58 46 93 39 34 14 54 11 18 94 26 12 32 86 78 83 30 67 62 50 71 3 9 19 64 9 16 9 79 61 87 21 8 6 48 8 10 94 81 35 4 73 60 67 29 16 61 31 24 64 90 26 80 15 65 77 68 26 35 45 34 16 92 80 49 34 3 14 11 32 95 86 0 30 94 42 24 50 1 7 79 89 8 28 27 16 32 82 93 46 26 8 76 39 41 63 38 23 99 17 45 35 
32 34 77 10 92 59 38 88 22 59 73 59 33 98 34 23 78 48 57 16 13 22 61 26 8 43 15 40 94 77 51 99 97 4 96 61 35 44 60 53 13 15 43 94 24 50 30 12 3 40 26 89 61 75 44 92 29 74 76 94 19 90 47 13 17 65 34 6 46 15 79 26 89 91 9 57 21 90 79 14 68 3 57 56 85 23 86 17 99 61 1 0 51 12 43 21 16 71 88 74 57 62 30 46 27 80 10 16 5 28 49 21 92 63 26 86 74 18 20 66 74 88 90 83 81 3 28 58 47 92 45 36 17 71 40 74 29 24 44 48 7 71 7 14 91 66 24 19 31 48 43 31 6 60 30 6 41 51 90 85 21 11 8 37 17 28 80 66 65 52 21 73 31 90 62 97 46 3 69 70 0 97 94 59 12 23 62 6 11 45 53 18 82 27 36 96 57 84 87 61 95 37 42 47 30 59 58 33 91 49 27 96 9 50 80 91 99 47 14 95 80 7 12 96 99 94 6 38 53 23 37 95 41 37 95 32 30 13 7 39 97 94 51 24 59 21 8 54 3 10 30 92 51 90 33 51 71 39 14 99 62 25 74 62 21 58 84 7 10 24 93 94 25 45 17 27 65 59 91 69 89 46 9 90 36 15 14 40 54 10 12 82 24 74 45 39 47 23 4 14 51 92 0 63 97 22 17 80 19 49 81 48 16 66 41 88 28 96 96 7 4 39 4 4 49 82 36 37 25 99 0 41 19 53 51 5 32 97 98 4 26 65 62 90 72 33 28 95 26 87 50 23 38 34 77 20 35 29 65 49 57 44 5 50 89 71 39 37 11 22 62 55 1 89 90 56 73 57 31 58 14 2 22 81 31 91 44 59 49 59 89 98 74 57 37 42 46 14 92 95 
73 65 59 0 36 64 88 93 64 33 62 66 85 23 90 32 24 86 33 56 43 84 4 94 1 90 0 59 88 78 42 10 22 78 62 80 72 1 53 42 17 1 53 83 6 65 8 85 79 43 60 56 10 12 6 5 89 43 56 85 93 28 56 3 86 94 98 74 24 42 17 34 30 53 87 44 93 40 58 72 63 39 61 42 21 20 26 93 54 64 15 44 49 58 8 17 94 27 13 70 52 62 80 22 33 29 37 26 74 60 64 16 61 28 59 75 97 14 69 71 36 53 74 31 18 30 36 21 65 42 73 98 64 33 82 85 49 17 95 80 54 69 20 97 59 15 28 51 28 0 39 81 8 54 85 86 14 38 21 6 79 52 28 60 45 95 27 60 62 57 37 67 48 43 21 53 4 25 98 77 24 84 48 87 1 32 52 22 25 8 7 57 81 87 84 32 54 20 62 39 85 2 63 50 85 90 66 77 0 56 82 34 68 36 40 45 7 29 67 23 81 62 14 14 42 57 65 63 36 12 32 37 25 54 21 70 36 86 24 24 52 98 83 9 25 95 63 66 51 74 5 84 32 62 93 72 62 88 85 81 38 39 89 99 19 30 50 74 85 71 67 35 23 50 55 95 34 92 68 18 80 44 32 6 98 27 69 87 34 58 6 49 60 70 85 20 29 67 39 15 28 49 2 77 37 95 72 63 47 33 12 98 39 61 30 28 13 12 3 5 13 90 46 72 74 39 43 57 81 11 64 25 38 25 43 40 46 67 64 54 29 49 87 22 66 35 35 67 91 7 56 95 51 92 43 29 37 11 93 21 63 64 25 35 34 37 68 40 67 81 41 20 55 72 85 65 31 20 5 78 23 63 95 84 60 52 86 9 76 87 25 85 21 37 33 90 44 87 98 14 
75 33 39 48 45 2 5 92 61 90 15 58 10 0 55 54 45 10 54 71 35 29 76 41 65 93 62 41 13 41 85 94 75 3 44 39 31 67 81 58 81 32 28 79 99 66 43 81 9 18 9 52 35 35 13 40 66 46 66 77 56 69 53 95 98 19 30 96 22 31 83 44 74 13 61 16 82 81 68 30 49 80 1 92 75 0 10 59 57 23 54 97 73 1 98 66 36 25 91 0 41 54 20 21 88 55 14 22 95 25 74 57 88 80 67 42 31 83 74 29 65 32 22 6 5 71 47 38 81 81 37 70 85 32 0 50 32 25 43 56 87 47 77 41 78 54 63 22 59 14 84 7 46 1 18 84 7 74 1 4 14 95 37 31 64 90 70 83 73 71 23 51 17 25 61 86 67 50 65 33 24 16 21 40 16 70 9 50 43 42 64 80 14 92 74 87 4 54 80 95 43 61 84 14 21 40 49 54 64 0 1 79 6 49 37 33 20 95 52 32 89 34 76 37 54 10 22 45 69 45 84 87 2 75 40 26 84 37 30 94 40 53 86 72 59 1 51 81 65 16 55 32 2 12 45 39 0 6 7 85 37 24 35 82 3 77 56 75 33 90 0 17 91 71 25 94 85 96 25 69 52 53 10 55 81 71 50 44 82 53 6 0 34 9 29 61 93 80 24 56 4 45 55 89 46 68 70 44 63 54 81 9 44 78 1 88 35 0 8 25 92 33 19 86 92 90 26 27 52 10 47 5 82 40 31 66 92 2 97 52 50 31 20 64 65 44 60 85 23 25 3 21 80 52 62 78 25 86 25 13 49 12 23 67 30 85 63 29 45 87 2 26 12 11 74 95 99 17 74 42 41 35 59 21 28 92 74 57 91 16 96 2 19 79 30 58 84 19 25 18 
50 78 96 16 67 46 47 81 95 15 84 32 5 54 32 80 75 55 13 7 26 30 41 39 55 85 69 69 33 46 27 24 78 18 17 75 3 89 79 63 28 4 50 67 4 34 18 68 94 24 89 19 76 47 37 92 79 56 92 33 68 70 82 4 29 33 51 2 59 18 77 36 34 34 52 30 73 64 48 85 80 63 99 29 99 47 96 84 77 62 7 22 33 94 5 65 0 26 2 98 79 86 58 53 46 67 21 50 24 94 23 85 93 84 95 42 34 14 29 32 60 93 5 83 12 88 50 76 13 53 36 10 91 6 34 26 87 17 79 58 50 78 79 81 22 19 12 42 94 92 90 7 1 88 67 68 70 51 39 61 55 18 96 20 0 56 61 22 81 79 64 63 86 98 60 43 81 12 76 80 73 29 97 74 3 63 58 6 82 52 65 35 3 73 49 88 52 18 90 33 76 97 1 80 12 72 73 99 81 23 93 89 10 69 75 53 62 89 64 33 33 21 88 70 99 86 16 15 78 67 51 9 49 30 70 30 89 79 68 65 59 96 28 36 18 56 52 55 71 52 89 24 21 55 76 95 46 77 1 5 11 47 70 55 39 88 3 9 20 67 59 83 17 23 65 66 59 67 55 80 12 15 27 28 57 86 61 34 40 11 32 73 73 33 44 38 15 30 83 88 85 83 99 20 82 44 3 63 40 8 54 57 4 30 20 69 94 75 82 26 42 2 20 40 87 67 77 8 68 60 83 75 44 5 80 30 10 16 0 86 9 88 15 2 52 93 69 78 98 84 48 44 3 15 31 69 30 24 5 13 90 71 95 92 38 44 93 30 86 77 98 31 63 16 79 54 30 85 90 59 80 7 35 43 8 99 51 61 49 40 35 22 65 29 95 60 82 8 68 87 
89 49 58 8 9 58 90 78 33 68 55 93 60 2 91 76 63 12 49 60 76 23 13 27 74 91 15 82 37 9 3 97 59 34 96 94 95 24 24 29 57 87 20 64 75 63 0 15 42 68 53 17 15 73 85 79 88 25 7 28 74 19 35 14 65 86 80 12 54 81 64 52 91 3 64 99 99 76 81 23 77 93 7 20 55 31 68 51 79 52 38 46 45 79 0 80 38 39 30 87 25 64 64 51 82 90 17 99 59 67 60 89 94 97 74 38 23 27 81 10 76 34 33 57 10 27 42 27 34 43 21 58 28 43 42 85 42 41 61 39 52 91 95 92 51 3 39 75 96 98 82 9 70 25 36 57 46 0 4 80 42 97 14 99 59 49 91 38 12 65 32 0 60 68 83 33 31 87 6 42 24 9 97 63 49 55 11 13 36 71 36 19 41 17 89 26 95 50 7 20 91 49 56 73 74 18 55 7 79 68 67 96 41 26 55 41 62 38 5 70 8 6 88 51 75 31 14 65 55 42 17 28 7 64 8 19 95 93 17 99 2 20 30 29 55 78 56 71 16 37 56 75 7 75 13 4 80 87 8 45 72 57 27 53 53 68 83 10 70 9 39 80 68 30 26 75 52 30 68 36 51 63 86 89 16 44 2 0 57 13 45 4 53 23 71 4 12 60 30 89 23 50 31 51 5 2 5 13 66 45 31 12 64 78 4 75 67 47 17 12 97 53 19 58 22 36 22 24 64 28 53 77 26 32 71 0 74 53 37 89 41 14 52 0 18 93 6 38 69 15 20 79 25 67 7 23 75 88 60 71 18 40 40 29 92 3 39 42 58 17 43 60 63 67 45 88 33 64 40 58 9 11 12 23 56 95 45 93 93 8 28 97 8 76 98 82 48 76 57 78 
6 43 35 25 34 27 88 92 25 35 73 22 51 65 29 60 34 29 17 39 63 18 12 80 1 72 57 7 98 29 43 3 60 31 72 21 97 54 1 46 43 94 62 22 40 40 43 63 99 10 94 31 85 43 30 17 54 40 63 53 91 7 91 70 22 62 40 91 9 4 6 81 90 81 15 96 62 28 66 64 20 92 69 22 72 8 71 66 89 44 53 39 54 23 27 86 60 98 5 92 37 65 94 83 3 84 24 81 20 57 41 82 24 81 23 99 47 31 63 75 21 64 47 99 59 15 47 52 96 53 56 47 93 93 56 61 8 40 5 64 55 51 18 62 35 27 18 27 10 38 66 48 26 28 84 30 23 61 21 24 56 53 1 57 69 76 25 14 0 67 26 67 57 2 83 7 74 36 38 41 42 12 11 16 9 13 94 78 41 68 84 17 88 44 67 98 98 98 1 2 60 34 6 18 93 66 57 42 52 90 25 22 66 72 4 63 37 45 23 27 85 39 11 67 66 48 72 17 95 11 88 39 6 58 18 90 43 0 31 50 45 91 65 53 18 4 79 66 70 98 36 68 40 16 43 71 68 75 14 3 84 68 89 63 77 73 90 27 96 90 35 40 89 54 39 27 47 91 13 29 65 62 89 34 69 2 28 49 57 84 46 19 2 15 86 70 77 93 2 16 87 57 99 44 49 43 11 80 44 81 17 39 73 47 54 97 12 33 82 8 30 11 12 2 96 69 53 81 71 81 53 82 64 54 92 13 85 74 29 15 77 22 5 81 38 3 22 36 21 77 24 85 10 12 36 95 59 79 75 39 85 52 29 92 16 31 50 63 15 75 65 48 30 30 27 26 1 72 42 71 61 2 43 4 81 91 33 19 93 56 72 81 42 0 36 87 14 74 81 64 
57 90 74 37 28 81 5 71 65 5 79 31 71 8 32 12 24 68 69 30 84 79 31 63 55 36 99 14 70 62 61 41 54 47 1 39 10 55 29 71 58 70 83 84 8 27 85 49 45 11 30 95 55 26 78 36 2 20 98 98 45 46 5 81 78 90 42 29 25 96 23 3 5 19 94 73 67 24 34 45 82 4 89 54 47 40 7 5 90 28 65 99 42 40 62 90 30 43 45 81 67 13 89 3 92 52 38 79 92 61 81 85 99 47 5 89 75 64 51 1 84 84 15 20 77 55 52 0 69 82 46 79 74 48 90 62 2 85 93 62 35 35 64 15 19 89 24 17 35 72 78 13 47 28 57 5 75 71 99 36 52 28 68 16 30 74 29 65 8 14 88 84 33 7 25 71 30 92 12 73 64 71 92 85 67 16 15 8 74 32 95 78 97 87 21 56 97 0 79 83 16 55 11 84 25 35 74 77 48 5 55 87 48 1 32 20 96 52 65 18 93 14 35 29 50 80 31 74 49 28 48 17 89 68 98 40 35 49 24 16 82 57 55 71 50 98 11 42 15 56 39 2 89 25 52 18 19 12 47 15 38 32 84 86 23 33 41 5 64 3 26 28 71 59 72 42 75 34 9 5 95 33 53 66 4 73 14 96 70 66 37 34 90 79 34 3 71 11 47 6 55 91 70 10 79 2 84 92 9 46 42 14 8 65 46 90 21 66 61 8 69 45 56 24 15 72 83 39 16 8 50 44 32 68 74 86 35 64 90 52 83 0 66 68 83 54 39 63 36 8 1 85 8 99 45 56 33 13 88 19 70 86 32 26 63 22 3 31 93 4 73 26 69 97 1 88 11 82 12 45 22 72 77 52 69 27 33 71 6 69 71 27 6 83 29 69 93 72 17 50 
8 25 2 64 24 38 74 89 80 47 93 39 30 92 39 57 38 77 98 53 76 72 28 6 23 57 99 60 14 40 16 2 53 21 37 16 43 53 82 73 39 31 97 54 56 6 37 71 22 12 40 93 98 86 89 21 85 11 17 64 60 77 3 72 70 27 53 10 2 76 25 68 95 64 62 41 77 80 92 90 94 46 49 20 69 75 56 27 81 0 78 17 45 67 52 99 62 31 16 83 90 33 3 91 88 89 10 57 44 84 28 4 17 6 95 41 99 35 66 5 30 62 67 98 28 94 1 84 58 37 40 74 70 22 24 18 15 70 50 33 21 48 72 50 51 73 8 69 43 94 60 59 12 48 84 24 45 7 99 15 49 29 94 69 54 1 27 48 39 46 78 42 85 6 22 3 20 1 98 87 66 80 11 16 67 26 53 54 45 84 94 71 19 8 70 21 63 68 25 6 80 79 42 96 87 53 76 17 73 3 98 60 46 18 38 28 32 44 13 89 19 42 1 89 16 56 44 64 64 78 34 35 22 44 9 82 27 53 71 40 21 67 27 51 6 34 19 4 6 70 62 68 72 26 46 32 85 74 76 34 33 91 38 44 10 29 68 92 50 34 15 49 36 2 59 5 10 17 44 12 14 84 46 72 86 46 51 49 93 74 49 10 62 63 25 25 51 7 95 64 75 56 47 4 55 94 84 2 7 60 67 7 75 50 66 56 23 79 77 83 40 21 32 45 84 82 50 65 14 0 50 71 34 47 17 28 5 16 83 33 84 81 81 38 5 80 78 50 87 70 88 35 19 25 13 99 10 72 11 40 25 77 81 96 75 31 39 66 78 21 84 95 77 38 13 8 48 3 21 55 28 58 51 61 17 16 68 71 33 85 2 83 10 90 88 61 51 0 30 85 
91 11 43 23 99 82 65 82 9 29 57 81 8 82 4 40 50 37 57 69 88 41 92 86 57 44 58 98 29 78 82 78 59 4 59 30 73 64 3 80 87 15 32 48 66 52 53 12 31 79 95 43 19 24 17 64 8 53 64 76 57 85 83 96 22 67 62 36 3 38 0 41 42 74 79 11 87 71 7 39 63 52 16 46 18 87 48 22 9 51 34 43 56 10 64 12 17 16 26 64 1 87 64 37 67 92 86 3 34 11 82 38 14 79 74 76 58 76 98 56 96 52 48 82 29 7 54 26 43 82 16 82 28 91 39 58 9 11 25 64 47 72 58 56 80 32 10 37 50 77 12 85 99 22 5 86 89 93 90 25 24 79 48 31 19 34 73 85 48 86 23 73 11 58 22 91 18 67 83 73 54 0 72 89 12 72 91 22 58 89 5 54 16 70 93 59 23 28 49 25 25 20 25 82 56 37 96 67 11 52 43 67 75 95 62 33 55 97 12 99 42 78 78 84 0 99 9 53 99 53 88 8 7 35 32 56 93 73 6 1 8 43 52 11 60 4 76 45 78 11 93 96 20 7 52 76 87 62 70 10 19 53 14 54 58 30 26 27 39 2 13 65 80 40 99 74 37 9 0 72 91 37 46 70 53 94 70 13 82 0 41 65 31 72 55 76 70 25 15 6 60 84 17 22 99 27 24 28 11 49 0 23 1 19 39 85 76 50 85 4 84 39 2 31 32 55 7 74 28 20 25 74 31 19 17 24 61 4 51 52 64 36 38 93 73 81 19 8 37 91 17 80 89 52 24 56 57 8 1 7 15 95 98 22 8 36 87 17 91 87 59 3 27 41 51 3 1 63 27 83 97 92 54 34 53 31 97 99 58 4 43 91 4 50 67 15 56 61 1 2 
44 73 50 40 69 42 74 0 12 21 55 64 95 99 24 10 93 13 27 92 32 20 3 36 34 97 16 25 18 56 68 6 68 76 38 36 76 42 17 86 87 59 47 72 79 55 54 47 88 20 11 76 82 58 58 3 69 1 17 95 82 11 72 43 72 90 32 31 43 13 22 18 8 66 99 78 77 36 78 38 78 22 65 31 28 24 87 83 69 4 94 14 17 88 60 53 95 61 88 76 79 60 38 50 46 8 63 52 62 83 98 70 68 37 21 9 67 21 72 54 23 67 22 73 34 74 22 69 1 15 18 63 66 17 81 54 5 38 74 6 17 34 51 52 85 67 35 72 38 16 63 16 82 67 67 73 21 60 12 79 87 27 53 89 3 53 39 61 50 57 25 65 39 62 12 51 89 63 14 91 29 79 85 34 54 94 79 57 47 68 91 26 8 56 10 62 31 36 99 28 72 47 92 21 66 39 95 24 65 89 19 72 1 9 26 24 48 58 26 38 90 17 91 47 12 44 61 25 36 99 23 34 23 42 3 77 84 2 78 19 95 60 66 67 65 38 50 25 95 45 66 7 77 95 8 1 48 10 30 67 49 72 73 16 52 53 9 10 57 85 14 7 22 42 19 65 73 66 21 38 27 97 42 93 73 54 46 41 18 62 25 15 46 21 82 34 2 43 48 3 91 58 91 53 15 46 34 66 57 21 70 18 33 65 49 68 60 10 44 7 29 52 45 70 48 8 18 7 77 26 38 13 40 87 65 40 76 0 14 5 94 99 38 46 96 20 36 7 97 47 11 30 6 84 72 76 86 63 20 76 78 61 92 71 36 38 63 81 96 16 56 99 39 64 29 57 32 16 7 63 21 13 59 66 43 42 76 80 4 12 98 8 95 60 70 18 17 10 51 43 
32 19 72 63 89 40 23 16 81 84 82 63 78 24 4 96 91 94 46 7 90 17 62 24 87 47 88 98 41 98 59 51 98 19 26 94 22 24 64 39 80 44 4 4 94 61 61 56 98 57 26 20 13 69 61 7 3 30 81 30 71 68 24 88 40 37 74 92 96 70 35 1 60 92 67 29 77 98 88 73 5 29 43 56 81 92 47 94 21 65 70 10 52 47 54 59 66 17 83 32 43 4 25 71 46 76 53 83 37 85 75 32 51 23 47 62 52 78 72 12 48 92 63 72 3 63 24 28 74 12 51 95 73 48 87 4 25 28 63 89 72 96 83 76 33 72 40 23 92 15 63 82 84 99 88 57 92 8 80 50 30 60 20 72 44 60 14 81 13 61 17 76 54 9 76 6 77 18 11 66 48 91 45 12 94 90 93 16 95 74 4 2 54 15 87 91 60 90 37 9 18 1 90 48 97 62 22 42 5 91 0 24 76 26 51 37 33 50 78 3 37 53 81 87 0 11 39 58 63 96 19 81 81 25 44 44 63 33 56 67 1 1 2 73 45 40 79 82 22 81 30 50 17 2 67 98 82 34 14 51 79 92 63 84 1 26 57 53 28 25 19 86 39 74 99 92 70 86 33 58 7 32 22 94 80 7 54 51 8 19 2 22 43 0 6 64 38 14 30 62 6 9 55 26 29 17 57 6 40 46 87 42 62 72 82 47 84 25 69 84 12 77 80 96 72 35 24 86 49 11 83 40 63 59 76 8 34 54 65 42 25 37 83 93 27 48 90 60 95 77 78 68 28 78 80 73 53 13 29 8 17 23 56 91 2 10 66 7 19 56 31 5 7 40 66 0 96 55 77 62 97 13 47 85 15 1 86 60 94 14 33 46 22 8 40 94 80 30 77 92 
7 49 79 6 78 37 88 7 31 43 65 16 76 19 49 20 26 74 66 5 40 54 55 39 37 1 17 37 24 87 64 18 14 32 24 62 8 74 1 13 87 39 24 99 38 45 56 4 44 9 79 66 85 77 48 84 65 54 17 49 10 13 52 70 20 61 0 1 47 29 25 79 45 86 15 58 31 41 11 2 45 34 66 0 35 95 36 69 66 38 61 30 58 77 5 52 2 5 25 86 55 48 19 20 16 14 82 82 45 53 63 61 1 25 91 14 38 85 79 37 0 3 20 23 33 5 55 95 95 78 40 25 2 6 80 76 72 62 25 67 18 99 29 26 13 75 70 18 21 57 9 24 88 84 52 45 10 30 2 84 28 81 68 32 74 47 5 45 14 22 27 84 65 22 59 29 76 22 39 60 56 20 89 23 9 61 35 51 77 80 17 98 27 30 59 28 30 42 27 13 68 66 93 73 79 34 45 57 78 59 85 69 95 47 24 82 40 98 2 74 67 84 41 38 46 58 75 76 43 69 53 92 93 87 83 24 99 47 81 26 4 23 54 41 31 44 86 44 16 12 37 18 23 68 54 31 1 7 38 42 32 99 90 87 6 19 41 90 41 69 94 5 33 68 4 83 39 17 51 38 37 29 44 94 1 26 68 90 66 43 82 6 57 36 13 22 53 51 63 42 65 44 15 58 6 32 52 8 3 36 31 19 63 94 79 91 34 80 35 59 15 8 35 17 94 17 39 80 41 51 1 50 12 12 49 68 57 33 98 71 52 7 10 0 83 4 21 32 33 24 6 33 80 64 7 99 60 12 84 70 6 72 90 94 97 13 0 80 84 5 65 33 61 29 35 85 12 97 68 53 22 45 7 0 19 85 65 51 18 22 0 23 45 12 23 63 17 20 43 26 
78 35 58 61 82 5 99 65 94 66 34 96 2 99 64 73 58 97 56 45 45 15 10 28 17 57 8 53 10 3 56 97 60 50 42 0 79 1 58 25 38 20 56 75 84 38 6 88 80 7 53 27 59 24 44 32 42 37 9 63 30 99 53 73 77 36 95 66 61 16 40 8 75 82 25 14 60 17 32 4 30 71 12 50 90 47 60 36 33 66 9 38 41 77 87 27 37 88 49 50 47 14 76 10 1 87 51 74 66 22 80 6 47 93 44 45 50 82 27 4 69 7 78 29 81 39 10 55 13 54 94 81 70 27 68 89 73 93 28 27 47 37 20 2 99 93 47 42 57 23 13 51 86 71 70 57 4 19 14 76 35 26 68 98 73 83 18 59 78 35 73 84 30 76 29 55 51 43 35 85 45 36 89 53 16 88 62 57 42 16 59 3 33 84 65 82 76 78 67 88 60 65 54 29 52 88 51 89 25 59 45 91 89 80 33 44 20 33 50 98 1 93 8 67 59 52 31 84 11 5 27 5 95 83 95 56 91 57 70 18 43 9 69 16 14 82 87 45 22 98 14 96 71 16 94 61 32 75 99 33 91 90 42 98 52 40 35 63 10 95 70 75 17 77 47 23 15 0 68 39 36 91 57 34 83 48 89 69 28 7 20 28 3 58 95 38 62 3 72 58 78 47 38 26 90 28 75 85 40 93 60 96 76 36 0 40 14 17 97 94 87 57 36 78 15 34 7 93 18 17 84 54 45 91 99 87 98 76 68 45 78 17 50 76 13 37 51 52 83 51 62 68 78 46 69 31 72 72 66 57 7 47 8 74 70 5 81 66 5 51 63 92 96 96 96 68 83 18 38 7 26 74 95 80 96 44 32 78 97 98 0 39 9 5 64 47 25 31 80 98 
8 31 80 50 6 50 60 12 15 48 9 24 51 14 13 6 97 41 25 16 58 62 37 82 36 19 59 41 63 43 32 3 58 78 95 86 64 99 3 11 0 77 64 25 83 27 69 81 2 35 64 80 68 54 40 44 61 2 55 67 74 15 72 66 39 2 36 8 75 31 29 54 91 10 22 74 89 5 48 34 90 48 20 83 18 25 15 81 47 76 98 42 37 21 42 23 28 29 50 65 50 63 38 88 98 64 60 8 14 0 45 45 69 11 19 44 76 90 96 34 90 19 21 57 97 32 84 1 31 34 39 13 13 45 38 22 67 69 34 39 12 5 87 57 8 39 71 88 91 3 28 7 79 85 12 77 88 52 11 89 51 72 89 47 37 94 72 83 34 11 28 86 89 34 5 34 6 66 73 15 54 79 19 23 33 84 43 10 81 17 38 62 45 85 41 72 1 27 85 92 29 49 37 42 57 45 0 97 23 39 9 0 1 98 52 63 28 2 73 67 97 63 55 21 7 60 22 64 29 54 61 92 46 66 19 74 70 52 44 26 11 86 82 56 48 40 45 34 73 77 16 68 31 22 80 57 20 1 46 42 62 93 52 53 72 24 8 55 70 9 9 24 87 19 50 38 88 53 16 1 2 96 70 10 59 30 6 51 97 60 11 30 47 18 46 64 56 98 33 0 1 62 6 52 94 98 55 11 92 13 58 47 14 27 88 25 33 51 97 43 13 73 6 29 76 43 2 11 77 84 38 66 21 61 17 93 5 67 26 74 9 33 63 21 62 22 73 92 86 49 17 96 4 57 3 79 90 11 49 98 71 90 23 81 36 85 24 24 18 18 47 40 33 87 94 23 4 13 87 24 61 57 34 31 66 46 26 27 4 98 51 57 6 72 71 48 61 50 80 9 
63 92 54 61 70 84 53 12 51 16 40 80 10 33 19 91 92 53 23 94 46 76 76 74 11 6 55 11 21 64 41 71 28 11 34 92 72 65 6 5 48 63 29 25 34 6 81 45 37 79 25 75 89 20 96 96 9 12 31 56 55 7 98 90 32 80 64 33 29 36 62 41 29 66 74 95 44 73 97 84 13 34 17 39 83 4 50 57 85 30 47 72 79 55 85 40 87 56 72 25 19 3 29 53 29 21 11 69 92 56 80 93 33 15 71 97 58 32 52 17 50 12 31 62 22 16 64 78 65 73 6 80 26 68 19 28 5 8 32 68 15 49 49 44 32 67 47 98 54 6 12 62 80 63 67 96 54 98 4 59 71 85 2 85 44 37 47 79 15 20 12 51 56 7 22 0 78 17 53 34 90 31 15 97 75 65 26 54 61 73 45 24 99 27 80 37 15 45 67 42 6 31 17 18 71 21 25 85 32 72 56 36 30 7 48 21 68 19 33 93 71 49 27 76 44 46 47 36 26 91 65 76 58 3 29 79 29 45 84 77 81 58 73 77 46 34 69 55 82 10 28 73 91 63 29 69 55 44 32 57 6 45 66 33 76 6 85 80 41 34 60 9 45 50 40 36 27 49 68 14 5 1 11 29 5 85 65 51 50 36 83 52 98 70 98 54 59 98 8 45 67 8 21 80 32 68 49 34 36 78 11 0 18 39 29 37 9 16 21 63 36 18 64 78 54 66 92 71 39 18 8 39 39 83 2 68 87 52 44 30 49 91 60 73 64 22 20 51 48 93 82 33 86 70 99 99 7 61 50 75 5 85 47 62 6 79 76 17 41 22 21 61 55 46 19 86 79 61 6 57 37 15 7 80 63 52 91 86 99 19 42 43 39 37 42 61 27 12 20 92 
59 14 63 35 17 41 30 15 99 83 28 55 8 13 22 49 95 44 1 52 52 36 73 83 60 93 93 20 71 30 44 49 64 80 39 35 79 71 63 23 49 66 82 18 37 57 25 7 70 70 9 16 66 5 23 18 5 53 24 33 53 82 28 67 8 20 73 50 98 27 0 35 84 1 52 90 45 6 50 79 41 6 15 7 16 16 35 36 12 1 74 97 97 14 94 50 7 18 41 43 5 71 55 30 89 96 69 26 64 91 31 49 15 77 71 25 26 98 63 46 12 1 9 55 43 3 28 92 2 7 70 54 12 58 45 49 75 75 58 18 68 74 76 88 1 21 80 77 96 8 89 16 30 37 7 85 40 98 88 78 64 65 46 29 7 80 57 84 82 43 59 35 15 50 27 92 65 95 72 79 71 0 6 65 52 69 37 43 47 5 36 51 57 25 67 18 27 25 85 22 42 22 0 53 36 11 30 51 37 4 89 89 74 64 70 46 28 13 19 26 36 70 0 77 42 64 90 81 15 49 87 39 56 81 29 88 76 49 67 42 9 98 64 68 5 54 45 26 70 62 28 2 92 99 50 44 38 76 23 87 64 4 28 68 11 40 78 27 89 57 24 68 95 51 80 55 81 56 30 38 13 26 26 82 42 66 89 69 97 7 93 76 41 10 76 1 27 68 2 2 45 21 90 87 81 10 11 59 89 25 59 66 57 30 23 15 26 78 56 88 96 80 82 63 58 88 31 53 17 47 42 18 56 66 88 83 38 10 79 3 33 8 70 53 98 87 88 60 60 39 28 64 6 38 92 37 75 84 36 29 92 11 90 87 77 12 48 29 3 33 29 9 25 91 40 68 25 15 41 82 77 52 53 50 95 71 8 61 61 51 33 25 52 74 94 92 76 48 68 24 
43 46 57 77 94 89 76 2 21 24 22 89 49 23 11 21 60 18 6 4 31 70 0 28 98 70 85 93 1 56 81 58 46 93 83 85 7 50 64 3 66 1 22 24 94 19 89 46 19 67 46 45 77 87 22 14 21 74 17 28 9 58 91 8 5 38 75 42 81 22 18 45 32 17 23 75 42 40 45 17 31 22 39 69 36 52 83 20 41 17 96 99 3 68 74 44 30 61 56 6 7 49 60 90 56 26 55 71 4 54 1 45 69 3 55 68 91 39 38 70 11 77 47 22 63 4 6 94 36 86 3 73 57 11 80 58 34 63 39 80 64 94 22 6 11 78 44 73 34 62 49 79 6 13 82 54 49 81 66 42 92 25 80 79 47 17 39 62 56 44 10 45 87 54 3 61 24 31 47 24 6 32 6 56 30 1 1 90 98 10 39 62 32 70 35 67 38 45 64 38 44 5 98 47 84 99 82 66 8 63 23 70 53 89 10 28 51 65 19 68 58 73 77 89 51 62 4 21 1 68 25 9 9 26 77 77 8 94 30 96 20 88 18 67 6 41 97 20 66 45 45 61 55 49 4 77 37 55 43 34 88 95 56 91 96 39 48 68 57 97 86 88 47 3 62 7 70 96 35 76 62 97 68 59 63 14 12 7 11 22 27 38 60 64 30 62 7 92 95 56 77 69 63 33 38 57 45 60 95 58 67 63 92 25 65 50 61 44 96 82 16 20 17 4 24 49 91 83 76 46 54 20 56 71 41 48 35 8 1 37 12 67 2 41 66 18 3 70 46 83 57 98 92 15 97 13 64 52 83 77 63 79 17 12 92 26 3 73 44 6 22 20 94 27 89 63 95 42 97 53 56 3 95 41 44 97 67 20 77 79 53 22 87 84 27 62 99 57 71 39 
64 73 54 1 91 6 77 1 80 18 50 86 10 13 50 53 99 97 46 86 70 29 90 54 0 74 50 67 0 90 67 99 56 87 96 46 1 72 53 86 83 11 55 51 1 51 30 66 17 66 79 46 27 5 47 34 78 3 0 70 28 44 52 0 75 39 63 92 68 62 40 43 99 39 20 81 71 86 47 73 19 38 59 9 49 41 82 14 62 81 14 53 30 7 22 11 37 37 60 86 7 38 65 16 44 0 9 75 71 91 80 22 16 28 32 59 43 36 55 65 51 62 83 4 94 31 9 91 91 69 11 49 86 33 57 8 71 73 38 9 29 68 82 16 20 64 98 19 93 86 0 56 9 20 49 88 93 4 16 25 40 38 92 8 45 48 48 47 18 89 42 37 90 83 73 19 99 26 79 53 35 23 15 42 24 42 42 41 37 74 17 20 20 2 34 97 73 41 74 50 92 94 78 45 69 38 45 17 90 10 81 35 42 75 74 36 17 95 43 74 21 25 18 9 95 97 54 92 0 78 75 29 26 47 22 1 34 67 89 87 16 60 30 74 37 38 79 41 68 69 56 71 46 73 0 80 54 37 21 42 73 86 90 79 46 60 70 42 58 32 39 64 66 36 72 61 53 73 10 86 15 63 69 94 26 98 43 80 52 59 24 39 77 56 0 93 7 89 2 15 95 99 25 74 58 78 8 86 32 38 81 91 96 25 89 40 56 48 66 46 2 79 6 78 14 82 53 50 94 78 53 6 12 63 84 29 3 78 21 49 64 58 7 63 10 23 46 52 72 36 91 37 78 97 98 64 27 55 33 55 18 83 80 76 82 20 24 6 6 77 53 63 17 26 39 35 82 37 54 8 23 4 76 74 18 26 11 76 41 99 28 35 51 8 56 91 31 30 20 33 
69 61 94 40 1 96 70 98 30 31 82 64 4 66 46 32 22 28 50 67 87 70 61 11 29 9 42 63 22 53 18 65 87 4 89 35 6 90 24 33 72 86 50 81 51 60 1 76 80 17 71 29 13 88 62 59 49 90 85 40 68 49 32 79 52 24 38 49 36 30 96 11 84 92 97 31 85 64 8 98 82 87 46 97 75 73 25 78 66 4 88 8 56 6 83 46 81 91 25 49 33 70 52 97 4 30 53 89 97 17 69 9 12 48 39 43 42 81 19 61 32 17 70 70 54 16 59 23 89 87 53 48 91 61 94 7 99 25 64 40 95 58 26 49 76 27 29 84 61 61 80 87 64 14 4 92 74 36 52 61 16 50 16 97 45 87 27 20 30 51 63 39 64 61 88 47 52 63 18 76 57 31 47 97 1 28 50 23 41 84 21 1 66 27 56 57 76 63 59 68 19 34 70 55 30 29 67 23 3 14 60 14 96 40 65 18 47 74 56 78 22 81 67 75 36 82 70 60 75 43 2 12 48 12 93 59 72 30 15 52 94 87 28 35 64 37 79 39 35 83 86 85 29 48 23 70 22 63 10 13 46 38 68 32 68 7 55 64 71 68 15 67 80 2 17 51 53 36 71 4 56 33 95 78 23 67 59 98 6 66 11 65 69 64 76 35 48 90 38 58 93 43 25 96 45 31 73 12 97 51 93 80 98 55 20 31 3 92 83 65 74 35 31 3 73 97 47 50 58 13 40 0 13 55 3 18 69 58 62 77 46 93 3 60 10 24 89 24 85 2 41 28 69 66 80 56 61 86 69 33 93 79 14 95 84 36 10 5 29 87 37 80 96 5 24 91 3 70 46 14 62 12 75 74 95 67 19 95 50 37 6 59 14 6 63 82 68 82 46 55 
24 2 38 94 81 1 51 82 17 32 23 96 37 72 6 77 53 30 0 29 99 63 18 32 72 61 49 46 79 94 46 21 55 68 25 98 55 20 17 28 16 2 71 76 90 61 86 69 38 95 23 77 48 4 72 77 15 92 14 42 69 30 80 81 77 67 10 81 77 70 22 86 97 20 63 59 49 55 3 7 39 55 11 97 13 1 6 10 51 63 91 71 68 88 90 3 46 32 24 38 88 27 37 99 83 43 24 67 87 34 85 71 6 80 41 86 91 28 58 6 85 91 64 1 58 58 53 79 42 40 52 38 3 27 4 36 59 73 63 92 19 6 27 32 53 24 5 18 21 23 37 94 48 66 37 47 91 70 49 92 10 89 34 92 86 10 33 93 35 99 11 66 6 47 95 19 20 57 55 41 19 88 54 66 1 37 2 25 1 78 98 82 53 89 62 49 77 12 37 49 21 57 55 59 19 65 23 47 41 65 23 74 18 97 27 96 98 96 34 33 66 76 51 14 71 66 12 1 61 37 68 49 53 64 94 22 78 32 84 97 82 50 65 46 88 17 6 23 57 20 99 0 10 51 33 8 92 98 83 79 69 53 78 88 93 54 89 41 75 88 53 32 67 94 88 93 20 48 80 41 54 67 79 37 99 58 36 43 5 8 24 56 41 61 59 91 67 45 48 45 87 6 8 45 14 32 53 22 7 57 73 67 95 11 43 26 47 87 56 56 94 36 75 43 98 59 66 1 95 99 35 1 97 52 63 84 73 76 40 17 27 78 81 8 82 7 82 55 45 21 29 6 69 5 60 29 71 12 0 91 91 66 66 53 1 32 3 52 19 58 17 3 31 42 68 65 43 94 74 21 94 48 87 10 72 21 87 41 1 53 57 21 33 41 76 19 8 12 16 13 
57 58 4 44 20 45 33 57 68 62 45 28 41 84 37 43 70 71 88 48 42 44 9 42 25 35 22 89 37 94 26 53 18 68 40 11 1 83 81 1 43 10 12 87 46 45 56 70 28 23 10 90 96 47 91 94 97 78 12 27 52 8 93 50 62 36 86 17 30 85 52 32 47 94 11 82 9 16 88 15 0 97 26 50 2 57 81 47 11 45 10 38 62 88 12 4 45 18 54 49 39 77 58 79 89 77 30 7 15 7 81 21 9 94 56 20 85 66 57 86 90 96 64 69 22 97 52 8 84 58 44 32 5 20 43 94 4 13 44 27 87 35 54 61 0 28 12 62 44 33 0 30 51 3 41 42 60 99 49 9 90 80 8 70 19 70 58 84 56 34 83 17 97 44 61 94 83 32 21 81 55 84 94 13 4 58 30 46 56 54 75 48 35 57 85 2 45 88 57 85 5 86 93 91 62 79 28 41 61 23 33 24 11 42 63 31 24 33 72 87 31 89 74 89 56 43 1 44 64 60 94 87 72 66 43 1 41 50 48 41 66 59 50 41 42 95 26 37 44 16 28 37 84 66 25 19 12 12 34 86 31 12 62 36 4 54 21 80 6 67 85 63 23 58 25 92 31 67 49 7 94 44 13 80 60 77 9 83 95 14 81 57 14 26 56 36 14 78 98 28 42 36 7 63 23 10 2 78 31 42 26 8 97 35 94 38 14 44 78 48 58 55 29 64 94 28 10 20 36 83 72 56 8 67 49 20 46 61 40 75 48 9 26 97 41 26 90 42 46 92 56 75 80 49 48 80 94 65 90 71 72 91 21 81 44 99 20 6 37 1 57 30 93 50 16 57 71 66 10 30 36 9 67 15 69 66 96 96 50 25 37 66 18 48 78 62 71 36 97 19 
35 8 83 63 90 50 6 25 30 89 46 47 41 52 38 73 62 53 50 34 43 23 23 9 92 8 99 96 48 14 89 8 8 69 75 8 44 94 2 64 54 9 46 44 28 3 3 49 90 10 42 62 63 41 28 87 16 81 88 90 83 4 83 20 16 60 73 99 2 60 53 63 8 89 74 81 9 19 92 30 13 49 20 53 17 30 32 85 2 17 4 89 28 76 98 85 84 33 69 80 56 65 7 30 51 44 85 60 13 49 46 97 83 33 24 23 50 66 18 74 20 58 29 49 16 30 21 63 31 92 78 4 11 90 84 68 39 36 16 18 71 43 5 17 85 8 41 59 24 65 75 19 40 55 25 97 18 64 77 3 34 93 66 62 14 10 72 1 53 8 27 74 67 19 44 87 94 70 48 58 74 4 27 71 93 44 81 34 91 79 98 9 36 0 87 88 93 4 62 47 3 20 30 14 26 92 81 22 83 57 10 56 52 93 66 79 4 9 0 3 29 71 80 12 5 1 78 19 21 18 52 43 64 80 25 34 51 6 94 99 51 30 40 95 51 9 56 75 24 82 76 53 47 72 91 64 5 92 34 5 45 91 4 88 33 48 27 71 90 76 40 49 26 97 77 94 10 92 96 18 1 15 51 75 26 43 70 79 97 26 33 34 61 31 18 4 72 96 45 37 3 48 7 29 64 15 40 79 46 19 23 93 11 36 27 66 36 78 58 54 32 97 73 33 41 14 36 99 40 80 68 15 63 65 86 87 18 86 40 47 53 28 78 39 59 61 18 98 20 7 99 20 58 86 8 7 38 44 97 46 86 72 5 98 53 71 11 58 99 35 38 37 73 57 66 21 76 50 96 82 98 52 41 23 88 22 76 96 79 25 44 37 56 24 91 49 66 6 76 71 
47 31 82 97 90 44 2 26 55 51 87 6 7 39 0 3 25 83 66 19 73 97 58 55 92 73 41 45 41 46 86 13 31 25 8 49 98 27 1 35 50 89 65 96 21 26 63 93 33 63 25 32 35 92 23 40 62 37 26 30 62 64 45 25 82 52 35 19 75 73 14 16 79 6 64 17 67 3 56 13 9 37 51 69 65 82 59 26 64 49 35 27 25 66 29 6 24 30 41 75 36 18 30 96 54 28 98 48 42 57 69 74 8 29 26 67 3 0 89 99 88 94 80 96 3 21 81 17 10 58 16 62 82 93 41 59 77 29 72 66 96 76 99 81 46 14 23 40 2 44 7 7 90 35 89 7 15 2 50 70 22 16 9 96 20 32 75 83 86 99 73 98 84 80 13 25 36 14 66 76 93 47 7 87 16 19 14 1 89 43 20 4 3 35 87 0 2 34 27 61 9 9 47 38 75 53 81 59 84 0 63 67 52 74 22 98 76 44 54 65 2 46 47 16 54 29 72 70 28 95 67 20 68 78 88 90 84 79 41 55 93 60 45 48 0 20 56 26 41 21 2 20 73 77 19 57 45 25 35 16 75 43 97 37 17 80 13 0 67 42 34 12 56 30 97 27 36 80 12 12 44 77 98 65 30 70 32 72 99 67 35 79 62 43 94 87 67 30 90 85 28 58 8 54 35 62 20 57 68 84 36 90 80 58 38 6 18 24 13 28 41 16 21 82 58 85 98 60 27 32 75 4 16 75 43 58 45 56 3 58 21 91 2 16 1 19 38 55 24 66 99 18 85 46 57 83 70 30 57 76 68 66 75 90 90 38 91 64 70 29 57 61 26 24 59 69 28 4 65 65 44 30 58 89 77 14 62 18 22 2 54 13 50 0 20 50 86 61 39 31 
51 47 77 39 95 45 27 22 35 1 8 64 91 75 62 50 25 60 10 60 82 62 74 0 37 82 24 66 57 53 12 12 91 55 78 3 16 41 26 3 65 51 76 87 83 29 23 29 59 9 59 93 27 28 9 63 46 40 88 90 26 27 6 14 23 86 29 38 26 36 47 31 51 40 94 7 91 84 84 81 45 27 86 72 80 26 83 18 60 54 0 87 33 57 17 38 37 18 18 4 0 86 83 14 91 73 45 75 88 68 63 19 7 72 59 94 77 43 92 1 24 21 99 93 95 53 45 40 59 77 21 36 67 75 98 22 40 2 28 80 32 37 10 42 27 42 26 30 63 62 68 75 40 15 83 15 7 86 93 35 68 10 66 6 89 92 28 76 18 96 66 54 90 47 81 11 55 59 94 25 96 73 78 24 10 97 94 74 41 31 71 60 9 4 64 31 53 19 41 95 6 37 96 32 74 55 2 10 31 22 53 30 79 59 63 29 62 8 69 93 50 26 53 78 89 73 21 67 44 9 77 12 11 59 14 26 41 15 68 46 25 79 81 6 25 68 95 22 82 38 60 37 61 74 52 74 8 4 55 9 4 79 11 62 37 44 32 90 26 80 74 15 35 61 7 17 60 51 54 26 24 29 7 13 50 79 51 91 27 69 7 94 76 7 24 63 17 22 50 49 41 3 89 74 20 18 51 6 87 90 87 94 0 68 69 66 33 9 4 98 37 92 68 33 88 11 0 91 42 40 19 70 79 34 53 3 69 9 80 86 55 96 12 61 48 90 60 84 43 32 65 18 54 41 56 11 45 69 55 15 32 25 48 94 7 59 70 37 29 82 20 12 23 86 47 60 38 85 10 62 55 48 60 0 94 72 1 20 94 27 13 95 39 91 93 36 41 93 51 37 
44 97 45 81 95 34 85 42 33 88 72 1 54 89 50 16 30 17 24 27 95 27 65 78 72 29 2 18 74 83 46 54 86 63 52 28 87 85 86 88 58 15 53 76 39 52 70 97 97 28 65 37 20 83 40 73 71 47 39 0 41 11 1 97 56 38 25 30 28 15 77 66 0 66 43 4 86 67 19 28 28 37 48 97 54 2 2 75 2 37 87 23 90 56 37 30 13 31 0 6 21 1 96 99 3 25 88 8 47 63 68 88 45 28 21 96 57 24 87 5 59 7 87 95 50 98 78 44 49 30 96 13 86 81 9 40 79 88 86 21 59 37 59 78 38 66 79 29 67 25 99 11 33 45 64 67 91 45 15 51 81 76 58 51 16 96 89 28 65 3 87 79 61 79 70 57 55 61 11 33 70 9 77 92 40 55 27 0 64 41 14 24 20 55 46 91 50 19 80 28 60 67 63 61 77 51 13 74 38 43 21 15 93 48 35 8 29 26 7 89 94 62 69 91 74 37 44 82 76 53 26 27 89 54 4 87 76 43 42 5 25 90 1 28 13 46 83 44 39 24 23 11 55 16 85 35 12 8 52 75 87 1 42 38 74 61 88 51 65 45 8 77 16 64 95 96 12 71 74 8 7 2 10 78 98 75 34 69 65 38 58 35 26 65 82 64 33 65 13 86 4 16 2 14 5 72 66 50 88 27 27 63 95 29 93 77 51 80 24 57 89 74 69 61 77 48 32 98 10 20 93 67 25 40 49 93 14 37 67 63 17 47 0 34 29 19 16 36 87 33 98 90 73 84 46 98 73 14 85 92 75 4 33 75 41 8 49 86 94 37 2 46 49 29 83 65 29 38 7 93 93 39 6 16 96 47 37 94 52 30 1 53 30 71 88 1 12 38 98 16 
90 91 27 88 18 7 10 59 9 33 50 89 97 67 66 40 2 29 10 40 73 62 79 14 6 95 4 7 4 81 99 36 9 7 86 48 32 43 75 76 79 99 12 75 40 83 63 26 27 9 17 1 29 5 85 30 92 27 7 29 31 57 25 54 51 69 11 63 77 3 82 37 78 50 86 40 9 57 56 93 72 15 97 48 66 24 57 82 39 38 14 49 52 15 21 33 80 49 81 73 87 13 73 50 3 13 12 51 68 87 7 18 28 91 11 62 3 77 68 6 27 82 61 80 35 69 61 29 89 63 69 29 38 35 18 78 17 64 54 46 58 71 42 68 20 97 39 26 8 61 30 65 65 58 36 84 65 68 61 92 61 47 31 19 52 64 67 14 40 63 92 37 2 40 99 36 95 42 13 37 58 0 54 7 88 82 46 61 65 92 75 55 45 18 75 77 95 56 66 37 88 82 61 45 96 58 12 70 33 48 53 27 8 87 58 13 60 22 57 51 8 86 89 80 48 6 96 4 46 70 32 84 10 13 82 62 17 17 85 77 38 56 62 39 59 12 60 47 41 90 79 33 40 28 97 19 42 60 12 15 26 64 20 87 41 96 0 91 20 81 0 53 47 23 70 53 21 32 17 64 52 18 49 63 91 63 89 16 91 9 89 92 38 93 88 61 54 83 4 41 73 74 64 19 55 51 51 94 52 36 89 49 40 19 87 70 65 32 98 34 56 31 84 31 58 45 30 50 40 46 13 59 16 56 28 55 50 62 6 26 88 11 4 37 49 19 0 58 12 10 23 97 24 24 5 33 78 41 43 55 27 38 58 70 10 51 45 60 21 22 50 84 39 8 25 93 52 95 18 34 62 4 38 54 11 94 79 70 35 99 95 0 63 25 94 70 18 15 35 63 
47 53 25 81 31 17 26 1 80 8 51 19 18 56 13 9 61 3 88 25 40 4 54 0 33 92 94 30 88 72 57 80 68 86 53 69 31 53 73 72 30 32 68 0 1 1 25 57 47 58 98 86 86 76 27 28 44 72 18 94 9 75 73 50 89 36 79 39 24 32 43 6 20 25 21 46 6 11 22 51 5 83 98 51 7 96 92 80 64 48 14 84 84 78 81 5 72 5 99 59 65 6 16 97 72 25 18 28 5 22 52 34 25 81 96 21 53 78 59 6 94 15 46 89 58 67 14 2 80 36 65 2 90 18 35 58 29 90 50 27 19 2 66 7 33 78 16 11 16 4 13 21 25 87 33 12 21 92 12 85 30 93 13 84 83 55 22 96 0 55 99 95 10 87 58 93 16 77 73 35 98 88 6 91 45 27 84 58 11 71 79 57 40 56 66 92 37 58 27 72 84 40 27 27 89 9 82 9 51 62 69 53 17 8 25 41 70 42 55 46 75 54 95 79 53 49 34 23 55 8 11 77 13 80 55 92 73 0 3 95 44 70 86 98 33 6 64 22 77 30 94 26 6 55 39 2 74 52 47 44 22 45 98 21 44 61 22 65 28 24 85 10 70 83 33 10 16 64 17 39 73 98 65 98 7 21 60 35 69 54 53 68 28 49 51 36 64 82 86 63 97 46 27 79 54 70 2 36 16 53 81 55 23 70 51 63 26 0 46 10 68 97 90 79 16 29 72 20 53 91 57 9 32 60 39 9 58 11 72 65 96 49 60 27 22 86 93 33 24 67 53 50 59 38 45 68 67 87 95 18 87 88 37 68 2 95 91 5 1 71 8 56 61 60 58 98 94 3 16 59 4 36 73 67 61 82 61 67 43 68 61 40 3 86 40 44 50 12 64 22 
31 64 63 82 62 22 46 37 23 91 61 98 50 82 69 67 50 15 99 82 19 9 78 82 0 79 70 16 96 33 2 13 25 84 7 51 95 43 37 40 22 3 95 17 90 82 6 11 2 11 75 26 11 81 58 0 38 80 89 36 41 88 24 18 22 9 1 46 64 59 80 54 98 75 1 57 29 74 20 18 53 84 57 90 83 19 84 73 6 81 35 65 64 32 84 32 86 1 52 59 26 6 89 20 87 28 50 30 18 67 51 29 32 72 64 64 76 93 42 69 19 95 78 71 21 52 4 43 14 34 30 55 8 53 84 5 54 60 31 23 54 65 71 47 31 26 42 84 10 6 18 49 21 76 96 62 13 6 13 33 25 66 81 6 50 66 91 30 54 21 88 32 7 8 60 62 36 41 13 95 79 22 5 65 53 2 94 84 18 81 71 35 71 72 78 91 9 78 0 6 11 9 53 27 31 97 65 86 29 35 94 12 61 41 62 56 82 92 95 96 95 97 46 44 64 40 45 31 80 22 8 6 38 38 6 81 22 2 71 92 85 39 84 93 75 27 23 91 68 53 77 60 45 70 73 10 45 42 58 54 39 60 15 58 10 39 50 81 54 93 98 12 9 97 37 67 86 44 86 89 72 39 34 12 50 20 26 73 81 98 80 27 7 58 57 9 99 55 74 16 81 0 6 29 0 37 28 76 5 56 25 99 9 53 15 98 33 95 79 66 69 12 96 26 51 10 38 72 6 48 22 85 99 25 18 88 50 39 80 96 52 23 78 56 59 15 56 35 99 79 45 77 32 68 75 0 11 10 33 10 90 29 90 58 50 99 0 24 15 27 42 83 59 73 21 57 99 56 13 17 94 52 4 21 90 34 39 73 12 85 87 80 71 22 90 83 56 86 18 62 
80 78 46 60 71 98 68 54 63 30 93 76 12 63 75 66 23 26 64 8 85 27 84 97 69 3 93 45 48 81 9 50 88 14 43 31 43 91 38 54 50 0 26 52 25 86 48 42 8 77 80 10 42 27 40 66 61 60 52 8 3 14 13 95 12 76 75 69 43 74 46 90 85 15 58 60 11 71 45 98 48 1 1 58 40 43 43 46 54 33 44 35 8 12 37 93 18 53 64 26 48 73 85 21 22 37 26 20 36 24 27 13 7 60 64 37 77 30 85 58 49 10 94 71 63 67 63 66 72 15 91 21 49 6 79 28 76 47 82 29 36 91 94 49 46 0 89 74 36 44 57 78 8 96 85 31 80 39 5 91 62 84 20 19 14 31 24 14 23 5 1 91 93 10 9 66 52 83 20 70 70 70 60 73 90 73 84 72 80 52 48 39 74 94 35 91 56 98 51 76 36 56 77 13 5 91 46 77 9 83 49 65 17 62 58 68 12 46 10 58 98 31 16 0 22 63 75 82 98 29 97 33 14 58 24 80 44 73 11 86 26 30 91 74 24 5 55 10 56 32 4 24 79 94 65 58 13 57 98 75 76 7 67 62 85 21 75 51 92 59 45 56 78 31 48 54 79 15 58 4 29 29 26 50 13 98 90 22 52 94 46 99 71 16 67 99 6 67 82 23 47 55 64 40 29 73 74 0 23 77 77 81 3 87 24 90 34 64 25 55 34 5 52 54 9 36 9 99 92 70 21 3 16 96 16 13 44 98 42 49 67 5 58 94 7 1 62 33 58 42 68 47 55 70 32 11 93 51 75 79 91 84 15 72 84 86 21 44 77 61 11 44 71 13 82 19 35 86 27 50 39 54 24 7 0 85 89 18 36 41 15 78 8 15 46 82 50 57 66 57 
15 66 31 6 72 47 37 59 10 36 24 78 83 46 0 9 51 94 81 1 68 50 50 25 78 82 44 60 86 77 12 99 35 65 32 59 53 53 42 6 45 30 13 68 70 36 74 13 87 93 50 18 24 58 37 44 33 53 30 43 80 11 19 10 15 26 3 2 74 10 59 42 18 60 74 74 90 39 60 35 45 90 93 73 20 9 1 42 62 12 7 6 97 89 55 87 54 2 48 8 40 25 82 72 68 2 3 92 49 2 40 49 59 77 58 11 53 11 41 23 51 95 69 66 80 8 19 50 84 55 95 92 66 44 8 63 96 80 19 59 62 71 0 90 24 31 49 47 58 41 55 80 51 14 26 78 81 32 17 10 98 38 88 6 48 6 5 33 29 34 27 51 22 25 64 80 28 70 21 42 88 5 81 61 67 69 12 75 69 54 23 68 83 47 26 84 26 51 12 30 91 20 20 55 0 8 58 32 56 3 15 28 37 77 57 41 73 40 9 93 19 68 14 51 20 95 94 56 49 51 3 87 66 10 39 28 12 96 44 17 55 51 27 76 11 27 60 85 64 55 53 47 19 68 6 40 83 44 32 2 48 46 88 32 67 56 19 1 54 97 56 63 97 48 73 67 30 61 33 12 36 94 6 53 38 9 47 43 14 40 64 71 96 72 48 48 1 63 75 83 63 87 60 24 51 84 21 56 20 81 94 71 10 50 74 40 19 50 92 23 44 42 34 55 44 65 99 76 36 13 42 54 90 38 29 74 16 90 91 36 59 57 93 30 69 97 59 76 18 49 98 37 34 25 73 17 88 94 97 15 73 75 81 33 32 23 38 13 80 17 90 42 98 24 87 48 89 97 39 0 72 57 57 60 7 15 66 98 72 25 62 86 99 66 32 16 27 12 33 66 
0 99 47 19 34 14 32 9 47 20 55 61 92 98 1 65 11 19 85 77 81 59 21 68 70 49 27 72 61 10 60 81 55 15 42 83 42 27 24 91 6 92 26 51 34 56 94 43 95 25 18 75 46 61 71 66 35 3 82 45 98 86 4 29 53 65 43 89 10 27 27 23 62 84 66 97 34 51 40 79 62 73 77 83 75 93 44 40 1 30 32 50 44 6 53 6 66 25 70 38 34 10 40 96 8 15 1 3 41 67 42 12 16 15 58 6 25 21 44 9 8 37 66 80 53 40 31 66 27 27 94 65 27 8 68 88 27 23 48 14 46 52 45 11 85 55 76 52 59 71 7 45 53 19 28 31 89 19 66 18 63 11 76 51 40 13 87 71 99 27 43 50 18 58 61 28 94 77 36 36 21 41 76 18 31 54 46 42 26 6 85 65 63 41 64 83 42 21 37 74 33 95 6 66 3 97 70 78 30 17 62 82 0 54 96 81 98 1 68 25 54 3 57 97 73 21 22 86 7 56 34 80 63 75 81 99 31 17 92 66 6 55 94 87 94 38 83 85 2 0 29 69 68 69 18 30 76 80 38 96 94 47 93 67 55 67 95 21 38 63 46 83 64 28 95 23 50 17 21 32 24 75 18 66 49 0 8 37 9 20 47 88 68 80 0 32 69 19 29 79 7 13 25 82 74 78 47 34 89 46 30 82 3 31 76 51 80 24 3 50 74 66 79 42 75 81 45 2 56 27 19 29 30 45 57 38 68 38 20 6 45 83 69 24 72 90 96 33 97 33 14 20 98 55 76 15 38 4 53 54 68 39 85 32 79 65 38 20 72 21 35 66 65 84 64 34 29 21 61 59 44 87 58 28 73 5 3 39 57 71 19 63 45 48 35 24 39 19 36 48 
76 85 32 48 74 99 81 11 64 44 38 22 10 10 87 41 52 22 79 17 12 0 45 91 60 64 28 16 4 77 54 5 28 76 74 92 2 49 17 11 29 96 46 18 62 90 57 52 14 89 10 26 96 45 29 22 80 80 13 93 81 81 66 27 70 53 43 16 35 86 43 20 38 91 26 82 13 19 92 12 67 37 18 86 77 89 44 1 33 73 22 10 87 34 82 11 12 55 37 37 61 94 69 40 33 63 38 62 17 18 19 94 15 52 48 56 1 84 66 64 40 97 43 68 52 8 15 9 17 76 13 90 51 58 33 35 18 26 30 43 44 37 4 30 55 97 64 68 94 78 71 98 20 94 48 38 15 39 80 65 50 19 43 40 17 88 85 58 55 14 66 17 10 66 49 7 46 88 50 63 27 19 75 56 17 51 96 1 97 63 31 77 34 40 87 70 55 2 38 52 74 70 65 51 1 19 55 5 77 17 10 57 81 87 93 41 72 39 1 77 61 12 22 40 85 43 60 94 66 46 79 54 27 89 68 86 23 50 66 30 63 0 31 37 14 62 82 18 20 12 61 61 47 54 14 0 83 80 28 72 1 98 31 56 96 85 67 38 56 5 57 71 80 61 27 32 1 20 30 74 25 5 29 54 43 89 35 97 5 87 9 37 52 37 17 5 27 81 6 94 26 70 42 83 0 12 24 45 87 41 97 86 43 70 8 99 14 45 49 61 18 80 12 29 91 70 35 42 91 89 53 82 35 88 71 72 24 9 6 21 2 1 15 58 63 71 28 77 35 55 92 9 87 28 61 95 35 75 47 30 89 65 23 75 34 7 65 70 79 29 43 44 17 73 15 13 96 92 95 47 94 13 35 23 2 77 35 24 11 27 22 58 80 49 58 17 48 71 12 2 
22 26 90 37 84 99 3 36 55 97 79 74 24 80 19 3 54 60 0 75 60 98 31 38 24 97 12 23 48 92 71 80 35 41 22 0 96 53 13 66 7 66 26 93 68 85 88 9 20 22 74 53 65 28 16 5 69 81 66 86 18 46 72 75 68 27 0 7 28 5 25 36 84 63 44 86 14 18 58 88 14 93 30 2 22 89 19 51 96 54 47 73 18 9 81 84 25 54 8 35 96 93 17 65 82 65 55 70 31 5 77 48 71 83 92 37 3 49 21 62 80 18 77 89 89 21 67 22 8 8 46 75 65 87 4 34 54 98 5 7 62 37 32 86 91 86 71 82 97 80 74 75 21 58 22 82 46 22 34 2 83 24 1 20 42 57 5 46 51 40 56 97 63 70 49 58 34 12 65 70 63 83 30 93 52 43 75 39 54 84 58 87 5 17 83 5 11 70 73 27 81 81 58 47 71 91 18 75 93 52 92 73 46 92 12 1 64 87 80 88 16 80 50 38 63 89 50 40 72 26 36 94 21 63 48 6 29 22 72 6 48 78 89 70 64 4 14 82 41 56 97 66 52 12 91 67 4 19 19 73 98 57 86 89 2 40 49 98 61 82 6 46 45 14 48 82 47 56 98 2 68 97 46 81 26 81 66 81 36 39 54 97 45 95 55 44 20 54 39 18 71 23 94 76 58 31 77 37 7 74 29 25 20 5 26 84 11 92 29 9 32 29 10 44 7 4 10 82 0 56 44 70 72 29 6 39 54 83 39 1 62 24 11 0 1 94 62 32 94 76 36 2 22 81 29 49 98 12 88 16 93 49 81 99 55 84 51 68 98 42 19 53 78 32 47 71 44 59 62 57 39 32 49 73 69 75 33 93 37 47 97 18 11 87 54 89 25 36 9 83 
12 90 22 71 67 28 83 69 7 40 22 30 54 94 30 21 58 3 71 28 56 5 81 47 30 37 83 67 61 34 60 99 51 60 66 16 15 39 61 19 17 65 58 31 28 57 48 7 43 73 43 48 68 10 84 55 19 83 44 66 23 56 56 85 60 72 95 83 56 89 62 32 87 74 69 13 25 84 71 10 31 77 32 56 28 55 57 19 41 89 64 58 83 15 84 68 49 22 7 9 69 38 6 49 31 91 13 4 87 5 39 39 98 56 80 58 1 30 21 39 25 3 92 57 22 56 37 69 21 27 16 9 75 6 81 30 20 88 28 71 4 47 96 90 45 28 77 3 33 93 96 70 90 57 96 54 3 89 43 27 8 13 23 32 9 85 42 94 23 53 11 23 75 2 85 50 99 35 36 14 82 62 10 29 16 28 96 43 94 92 98 11 71 62 85 41 83 63 18 49 2 90 9 75 77 30 24 64 84 27 21 56 15 63 59 19 15 46 68 93 48 3 2 9 97 0 75 33 21 92 5 32 15 84 88 52 0 88 31 35 89 42 84 64 77 78 39 69 24 52 71 47 92 64 26 36 34 73 56 20 92 60 39 67 82 37 70 82 10 98 27 88 89 62 96 83 95 29 53 67 78 43 18 90 66 82 12 96 95 4 74 13 75 83 88 65 81 66 28 4 55 17 71 6 96 57 83 0 69 99 74 88 69 89 45 45 54 61 34 19 51 68 99 37 94 82 60 3 90 72 54 62 90 33 25 98 79 42 19 72 80 40 42 0 22 84 36 13 53 4 5 90 2 91 49 19 22 3 62 41 77 2 64 9 15 99 87 28 1 81 37 35 87 64 1 29 20 98 67 65 70 49 9 20 44 76 33 32 70 95 75 66 40 19 90 5 46 1 90 51 
22 54 21 28 94 23 66 88 7 57 93 14 90 31 65 7 2 47 10 19 67 7 83 22 73 37 15 49 40 57 6 80 30 25 6 31 81 61 23 20 60 28 64 16 44 50 94 11 59 72 62 97 79 85 70 78 95 19 16 50 32 17 75 82 74 38 50 2 77 58 22 51 78 67 78 30 72 75 25 81 28 7 87 26 60 75 92 58 59 40 49 88 2 31 8 22 97 53 63 66 17 94 24 69 57 73 52 57 94 68 16 21 84 84 38 73 33 52 72 45 72 30 94 18 78 14 19 47 72 82 6 30 18 77 53 87 57 32 93 8 11 94 67 62 95 55 55 74 71 95 75 80 74 28 15 4 97 77 22 2 30 49 31 36 74 52 41 73 63 11 27 32 62 85 48 56 93 20 98 15 25 46 65 58 66 94 99 15 7 70 74 50 35 26 6 68 91 25 51 86 90 58 64 52 4 2 93 17 3 96 79 13 87 80 42 36 42 0 16 95 66 4 95 48 7 74 86 51 53 5 56 74 15 5 70 65 67 7 48 43 44 77 29 67 98 69 46 58 25 34 92 63 80 23 45 12 99 95 12 17 55 65 28 47 5 33 95 78 97 94 87 62 0 45 1 75 76 53 48 91 0 5 36 76 0 35 87 9 90 11 17 73 68 43 75 34 28 68 75 69 50 53 58 23 80 94 99 17 16 4 62 63 13 95 79 33 19 16 86 36 20 92 10 32 79 45 77 58 76 91 72 23 88 78 47 97 55 38 83 42 91 58 66 59 71 41 7 43 75 42 78 12 58 56 30 81 17 6 81 29 38 94 92 34 61 91 5 53 57 35 97 42 87 19 45 19 42 64 22 50 55 86 35 78 67 73 64 49 56 93 9 19 97 54 37 2 88 50 23 75 
15 27 4 80 67 88 19 6 59 62 49 77 84 18 65 69 39 25 51 3 16 44 11 21 97 29 85 70 74 42 94 10 84 41 57 96 7 31 43 45 13 85 64 16 72 43 11 42 26 79 88 20 59 58 16 51 11 93 9 19 62 55 82 27 80 48 25 4 92 49 78 79 56 31 63 40 2 34 59 45 45 15 87 84 95 99 16 52 6 69 64 5 44 9 19 85 84 6 33 90 53 75 53 81 37 82 30 89 70 57 55 17 4 97 16 18 11 67 10 89 10 28 28 91 21 88 40 37 66 86 24 14 66 3 34 11 99 33 0 14 53 82 56 19 73 73 63 87 4 58 32 85 16 60 27 13 7 76 87 55 65 40 61 13 52 99 57 20 46 95 62 40 2 7 18 38 18 35 31 94 84 68 84 85 7 64 14 84 29 25 66 6 6 40 95 26 10 58 60 17 10 66 92 63 81 2 68 19 66 63 49 20 74 93 75 28 63 96 89 56 20 15 22 10 51 38 95 39 16 7 85 65 20 85 86 58 67 93 71 61 5 49 29 52 71 57 49 75 92 19 76 52 98 94 6 48 51 67 17 73 59 72 46 25 32 80 60 33 10 82 60 57 52 33 39 15 21 25 17 78 31 55 47 41 86 11 68 92 18 41 37 26 6 48 21 8 92 91 13 13 81 64 37 90 86 75 63 44 11 83 65 44 43 67 65 62 24 76 30 1 97 29 50 70 33 23 31 19 14 42 3 90 85 67 75 66 80 16 72 48 41 24 75 10 89 36 79 96 61 66 50 60 23 12 74 48 64 89 27 53 73 5 68 63 12 51 17 46 32 74 28 43 92 73 8 95 88 92 89 31 56 94 54 44 28 16 7 49 0 2 3 63 33 68 5 77 61 44 9 20 
8 22 41 16 19 48 52 84 88 48 83 30 81 34 7 22 73 90 74 97 20 82 17 93 27 36 25 47 77 2 1 0 64 81 8 32 22 7 39 80 33 32 1 62 21 96 76 82 45 95 83 27 81 17 70 74 78 59 34 62 82 53 10 53 50 86 16 62 50 1 0 80 28 89 38 70 35 19 99 71 60 6 93 79 50 27 58 99 71 6 14 86 11 17 24 40 48 20 35 51 26 49 37 36 40 9 7 71 99 74 14 62 31 50 54 35 43 28 21 47 52 62 74 90 41 19 70 77 34 53 23 83 18 37 20 23 29 70 76 56 62 3 66 82 93 1 0 84 16 41 62 27 99 25 74 18 30 45 10 71 42 32 58 85 74 80 26 45 20 58 97 26 86 9 35 84 82 18 16 56 6 80 95 98 80 45 94 23 45 48 38 86 38 89 70 89 87 62 31 91 60 51 10 84 14 60 37 11 27 37 46 55 28 58 30 17 93 84 34 65 66 17 59 11 81 3 75 36 60 95 18 45 97 35 6 79 63 92 55 32 51 82 82 25 6 28 16 60 32 24 45 11 54 66 9 94 92 72 79 42 74 95 69 78 4 48 35 31 99 73 15 70 38 89 3 49 81 64 73 94 84 92 0 34 40 81 96 2 86 7 4 94 88 74 6 55 15 9 27 99 93 3 75 74 68 78 11 87 64 16 56 12 66 32 59 18 8 77 96 96 7 37 60 21 74 44 86 96 29 54 67 20 2 46 96 16 82 85 56 72 51 59 91 97 53 72 34 14 51 69 56 95 59 36 41 26 48 81 1 44 35 35 94 69 88 35 10 59 51 26 47 44 47 37 72 54 85 20 57 54 36 39 93 40 11 29 99 86 39 30 82 3 87 16 2 95 61 32 84 24 
4 33 76 50 67 25 64 14 30 0 11 75 47 66 27 63 90 24 36 53 82 29 63 30 0 81 65 57 45 34 60 22 31 59 54 11 7 65 35 66 81 52 70 21 44 26 14 55 84 46 75 18 97 55 78 77 15 62 53 84 34 34 8 86 90 30 15 22 39 64 57 53 61 32 24 7 64 67 46 60 46 65 23 45 45 81 68 83 2 3 12 47 74 26 9 11 61 95 9 20 48 94 37 12 91 12 18 62 58 29 86 51 87 2 9 43 33 77 9 13 28 36 82 27 89 4 75 78 18 83 9 81 29 27 53 71 14 44 15 49 87 88 67 56 15 62 81 56 77 49 13 22 18 5 21 76 9 58 57 95 35 4 7 56 23 99 83 77 38 1 1 9 22 52 58 26 99 96 75 7 10 0 27 55 62 71 39 53 48 46 9 57 12 20 46 33 80 15 80 39 99 29 10 90 47 61 96 6 34 39 78 89 3 65 5 48 75 40 66 59 62 23 53 88 7 38 92 13 67 41 95 56 94 65 35 43 58 55 56 28 48 41 64 38 44 78 33 96 1 42 20 69 17 44 18 65 78 18 27 36 21 78 86 49 14 26 52 32 96 71 85 15 58 1 95 97 62 74 72 48 49 79 2 32 27 63 32 60 8 31 92 45 32 59 47 97 47 43 25 26 44 11 62 15 79 34 84 14 0 85 13 47 82 45 3 72 15 35 95 97 42 35 7 29 95 50 39 5 42 27 2 69 34 13 72 69 55 38 31 82 10 75 90 89 32 42 33 48 18 44 42 26 55 69 52 15 54 80 94 1 6 12 18 8 39 43 35 37 22 24 91 65 24 40 69 68 56 60 86 32 83 74 15 58 79 17 22 72 30 82 84 0 11 41 98 36 78 3 11 74 
13 88 2 66 87 44 56 94 36 34 47 37 66 41 52 55 78 19 66 8 54 15 45 46 89 41 18 17 83 91 91 89 87 74 26 34 18 15 21 3 55 84 84 15 71 62 34 73 77 91 25 6 70 74 52 5 69 90 38 90 63 73 73 17 69 43 40 52 18 13 77 60 86 42 85 89 15 15 77 94 63 33 49 55 98 21 87 66 38 47 74 67 5 80 23 83 6 1 80 17 29 99 35 49 67 92 26 60 89 17 96 19 81 98 50 86 75 79 60 44 81 84 61 1 5 40 46 3 10 73 61 61 41 63 81 77 93 34 66 67 29 44 49 78 73 48 58 72 9 40 91 41 9 61 21 88 75 49 46 16 53 99 25 59 22 30 65 44 25 16 90 27 88 77 26 55 46 32 87 88 90 96 70 21 94 82 28 27 4 35 98 86 72 68 30 60 82 89 44 44 49 66 98 60 89 90 20 26 29 15 7 23 20 99 52 37 72 36 43 95 91 90 20 66 26 18 21 87 11 62 46 54 15 32 10 93 40 61 31 22 48 39 4 36 10 41 64 97 72 57 13 7 13 6 54 36 75 35 30 4 13 71 63 49 99 43 34 99 90 65 23 67 58 34 54 60 85 74 71 0 17 34 8 52 25 7 57 63 4 53 41 81 30 35 62 55 72 5 97 85 34 73 35 10 43 42 87 3 79 50 41 7 27 68 78 94 95 17 49 8 92 94 26 64 56 5 12 92 34 15 12 35 44 59 40 23 79 25 81 48 38 89 42 97 83 41 0 72 3 92 90 55 47 89 8 69 59 35 18 5 13 46 47 11 73 30 82 97 39 22 74 48 90 8 13 11 60 55 98 94 38 21 71 75 74 54 32 57 85 40 86 94 98 56 90 7 16 22 73 57 
59 89 16 2 1 21 0 76 26 56 20 17 67 54 94 68 67 20 62 96 96 36 28 18 40 51 77 63 81 71 29 74 97 2 16 11 21 13 81 13 82 10 66 97 38 44 57 55 25 1 50 57 59 71 94 58 51 86 3 28 84 45 70 53 11 13 33 54 42 29 37 34 19 96 87 37 44 80 33 16 29 28 63 88 23 25 66 85 3 64 82 54 26 80 51 49 20 26 17 16 34 84 56 38 25 41 56 42 84 40 61 54 65 77 59 15 82 10 98 0 1 7 76 36 78 40 65 79 5 29 98 89 79 89 93 85 49 91 33 28 74 78 87 30 8 44 16 27 7 38 48 86 41 82 74 74 97 93 40 15 36 90 97 72 5 22 6 24 70 73 62 50 39 73 21 27 99 38 27 67 79 21 40 24 45 41 11 14 45 35 8 52 20 57 86 37 50 26 89 95 24 95 11 36 50 73 17 54 68 17 12 41 60 68 8 14 35 84 17 2 0 30 4 79 18 34 93 2 96 76 43 30 79 81 27 91 55 89 25 43 45 22 3 33 89 85 51 15 90 59 66 62 82 75 66 39 24 33 94 16 38 14 0 79 64 71 20 59 14 35 69 85 54 9 91 4 82 49 68 12 55 98 60 27 22 28 68 33 57 87 56 78 17 15 31 93 34 89 44 91 32 22 75 24 9 51 17 86 36 65 68 76 96 13 13 0 32 19 87 88 33 74 64 90 16 83 14 70 10 71 80 12 92 26 73 34 92 2 78 82 22 71 27 8 83 36 97 94 68 6 39 21 61 92 58 28 63 90 55 71 34 6 55 53 55 55 61 8 11 32 87 9 92 73 56 59 8 76 70 29 95 47 8 36 80 83 94 9 66 72 3 79 49 60 23 23 60 50 41 33 
64 59 79 86 11 6 73 78 58 27 10 64 91 1 45 32 54 9 84 57 78 34 42 2 24 54 18 34 23 85 86 82 85 21 77 74 50 5 92 1 17 67 79 0 15 87 75 97 80 77 59 71 94 42 60 74 89 21 33 41 8 97 35 26 98 97 20 76 29 8 39 19 29 18 95 12 64 63 91 77 45 14 4 23 23 97 77 12 35 43 44 4 88 26 2 19 21 22 69 1 80 78 35 84 67 22 95 81 88 48 90 5 33 26 56 27 83 0 88 67 50 54 15 60 14 9 1 77 4 78 40 65 44 15 11 5 66 69 66 63 42 30 71 12 56 68 4 0 40 49 54 73 15 32 94 53 82 80 49 37 22 28 97 59 8 51 30 14 18 97 54 89 63 93 69 12 55 80 27 41 38 74 43 58 72 75 16 98 1 9 2 31 80 84 96 48 37 82 59 98 83 93 53 95 62 89 91 81 97 82 56 48 27 5 23 7 28 94 6 20 90 94 48 10 9 42 8 35 6 72 35 74 46 60 12 58 67 66 46 16 79 42 70 97 41 4 34 28 12 85 72 51 45 69 83 51 69 78 62 1 71 81 66 10 87 52 35 66 78 40 78 41 92 80 42 37 92 65 83 88 86 88 42 94 11 33 2 57 16 20 2 33 64 5 96 1 12 68 10 42 80 27 71 35 88 96 28 60 66 50 47 76 73 99 0 29 7 81 6 17 99 77 96 56 30 69 37 99 59 92 45 87 96 40 41 34 15 75 36 61 97 50 78 39 90 22 45 45 97 79 99 83 65 3 28 5 56 63 72 81 91 56 67 40 98 89 75 36 14 79 29 13 96 89 92 82 80 49 35 34 93 86 85 26 18 7 5 21 10 12 55 11 69 8 93 50 3 87 34 55 
56 25 57 59 20 91 77 33 51 52 8 63 48 98 76 43 27 46 85 56 5 41 40 48 43 12 23 5 70 79 10 35 73 42 18 88 36 12 56 11 71 87 61 77 30 39 15 21 19 54 46 61 96 36 56 73 99 81 45 32 71 72 3 9 26 8 5 24 88 40 91 92 1 22 5 55 49 37 19 72 55 21 53 37 51 87 62 90 13 41 99 36 23 41 77 32 66 85 58 34 68 95 12 46 0 78 78 22 27 48 8 66 49 13 25 87 51 13 92 93 88 69 80 60 21 28 3 21 45 83 37 26 77 97 20 26 20 89 30 42 31 97 2 61 51 84 0 88 51 65 80 73 92 94 33 52 37 4 91 12 8 28 57 17 30 98 50 83 42 72 70 50 41 70 61 41 68 33 68 91 23 61 31 36 85 54 94 74 24 40 79 68 58 95 19 27 51 47 44 54 73 60 26 94 46 24 45 47 37 75 75 25 12 20 21 51 24 43 15 88 77 10 84 74 31 40 11 87 9 62 76 38 17 36 42 91 49 80 85 42 89 76 83 22 45 22 94 9 59 31 36 2 68 81 53 41 88 2 41 66 19 57 28 85 7 95 18 1 62 20 82 16 84 83 8 21 90 15 30 59 69 8 16 61 85 89 8 70 51 71 33 76 5 46 14 75 66 51 73 59 10 97 76 14 75 92 56 39 63 47 80 8 27 45 69 21 25 2 35 17 75 50 70 0 8 43 86 41 18 67 48 70 28 96 39 74 76 47 49 63 25 98 33 17 3 62 25 41 27 52 95 65 69 91 50 98 7 26 34 43 44 86 35 18 32 0 46 88 1 76 33 22 79 44 77 41 92 58 5 89 48 39 16 18 11 31 27 3 30 41 16 96 55 34 78 89 79 88 15 8 
54 23 66 51 42 97 40 93 19 55 13 43 51 60 30 41 68 52 74 55 82 63 62 73 23 22 9 14 8 42 60 8 34 13 1 63 72 34 86 73 71 16 8 17 44 45 5 54 4 87 15 1 46 68 2 5 80 6 47 95 31 9 34 23 1 84 37 42 11 61 46 40 28 93 67 3 15 23 12 68 12 20 97 62 82 63 69 13 91 26 98 45 45 33 61 39 47 29 68 11 75 87 58 10 66 82 59 30 33 23 92 52 11 48 54 65 99 90 70 9 43 38 52 79 52 26 32 73 57 53 64 70 58 85 28 93 90 64 30 5 37 3 89 29 17 49 68 83 11 20 79 96 89 15 86 58 3 96 13 92 74 42 90 24 34 93 97 82 63 33 52 5 51 25 19 84 7 21 12 23 17 25 38 30 39 75 31 45 59 19 98 60 6 2 62 89 23 49 44 4 46 2 19 18 76 79 98 57 52 6 46 2 22 10 96 0 71 87 73 49 58 35 60 31 90 15 12 84 51 56 19 33 61 31 6 35 23 55 45 11 84 34 77 80 12 9 37 10 85 72 14 49 51 20 35 11 21 19 95 70 28 49 40 9 90 97 76 25 48 44 54 35 64 11 75 52 50 91 13 59 43 28 11 35 34 11 67 0 91 29 53 51 5 30 28 89 13 90 46 63 51 66 79 40 15 31 86 27 76 24 47 36 7 5 40 64 48 46 31 91 53 44 80 66 15 66 75 93 0 20 20 62 13 8 21 31 53 65 51 48 79 73 33 89 97 1 33 74 8 62 76 64 22 46 89 67 97 89 77 28 21 5 21 82 57 24 11 31 91 5 58 72 22 4 33 17 23 98 6 9 14 28 23 90 74 34 16 79 39 63 62 27 36 55 91 14 20 1 19 93 
68 87 51 90 81 15 80 84 67 91 26 52 39 46 22 33 13 52 44 98 6 52 65 77 35 89 28 66 81 87 83 24 20 99 61 39 77 0 10 7 97 59 50 60 2 82 97 47 4 28 51 31 40 20 91 95 72 43 45 47 64 67 81 57 43 77 38 27 9 25 94 62 11 96 54 97 67 3 78 5 74 6 59 55 63 59 80 80 58 69 46 77 73 55 54 80 94 73 84 69 85 80 42 48 39 13 34 69 43 72 59 14 80 14 17 89 43 65 8 65 2 34 19 47 25 32 21 72 92 55 56 90 62 95 64 54 36 34 38 23 85 55 9 28 68 92 57 30 87 31 23 66 7 56 40 58 43 46 65 38 86 71 61 85 7 61 77 95 51 35 1 77 57 47 96 63 20 33 30 78 87 15 72 58 37 34 68 81 32 10 41 5 50 22 65 94 96 70 97 8 63 4 45 60 4 44 28 60 8 7 78 72 7 7 44 42 84 17 88 33 74 66 75 58 54 54 14 63 53 78 80 88 44 49 76 71 76 74 13 15 99 40 23 28 28 29 96 9 69 99 32 2 31 60 25 40 66 96 46 10 11 41 81 21 30 90 23 55 12 61 30 83 89 98 46 40 5 39 49 72 7 93 88 47 75 66 23 16 8 97 47 59 17 47 97 84 50 64 33 91 53 33 97 9 66 6 11 65 6 23 70 2 75 27 32 8 20 94 71 10 70 48 57 15 96 16 57 75 95 57 76 72 21 78 96 60 87 97 70 46 12 35 22 64 11 14 87 27 64 82 72 69 36 60 42 82 47 68 94 22 49 70 2 93 51 56 84 97 94 90 95 56 14 94 40 42 81 44 38 53 10 72 97 65 48 27 12 11 50 56 47 36 61 88 20 91 55 19 52 35 
98 84 73 18 12 15 29 47 81 27 49 13 47 35 59 59 80 56 5 23 65 94 87 26 6 9 90 14 90 92 62 51 68 29 85 22 54 84 33 79 65 85 8 5 34 75 2 39 99 2 39 13 61 67 57 51 52 83 92 45 91 93 12 41 2 24 95 68 1 84 60 31 51 60 87 33 11 60 78 13 66 7 55 86 53 24 38 68 0 40 90 77 71 8 35 60 27 81 19 98 20 95 57 83 19 70 45 46 67 94 70 15 72 26 80 53 97 11 78 85 41 26 39 77 52 87 71 20 28 96 60 25 28 65 46 11 7 57 64 64 96 9 35 4 33 27 96 99 2 10 29 5 63 36 44 54 8 16 92 27 56 49 76 39 84 38 77 73 85 4 74 46 41 41 34 94 97 66 33 48 79 63 47 53 83 82 65 87 50 9 10 38 87 0 9 68 92 94 7 28 16 15 60 96 55 86 93 25 73 75 80 67 24 84 91 44 75 56 46 33 71 84 36 40 93 25 56 48 36 10 32 18 93 74 30 56 36 44 76 27 28 75 41 96 42 16 22 19 82 34 87 88 74 52 55 39 7 16 65 90 41 28 80 79 99 13 39 75 59 44 21 17 95 28 44 48 47 99 72 41 1 8 71 55 75 93 87 35 24 14 8 78 82 89 18 36 82 16 68 44 80 48 98 78 28 19 33 47 38 76 9 99 62 50 72 11 35 18 56 53 1 41 36 37 7 70 15 41 86 47 82 93 64 17 49 7 53 44 7 53 16 21 5 36 20 16 80 7 57 41 18 37 20 70 62 99 13 41 11 97 48 18 63 26 22 48 16 99 82 52 19 0 35 5 32 89 96 10 72 68 57 69 4 26 63 90 47 71 39 76 82 73 99 93 83 92 74 95 16 36 
26 69 73 67 90 68 1 18 64 88 79 93 63 79 47 81 2 3 5 98 69 77 40 21 0 84 68 7 89 52 96 90 20 9 61 4 22 47 61 6 70 51 19 23 16 9 15 53 39 27 36 3 0 50 33 19 37 84 93 66 10 78 46 94 35 63 95 67 81 8 60 62 14 17 30 37 31 36 80 87 72 33 98 79 39 62 80 6 96 67 21 2 61 92 88 36 28 74 70 58 33 56 54 81 26 19 33 24 4 96 50 82 24 0 29 61 6 48 2 8 21 95 5 90 11 84 83 59 89 68 8 46 18 23 30 88 32 42 40 12 8 61 4 95 84 98 58 26 98 74 91 42 82 6 13 79 2 77 59 68 70 84 43 78 55 78 50 94 20 17 15 68 30 36 56 42 31 6 65 58 90 7 43 83 17 58 0 25 29 87 84 54 13 78 99 7 8 83 76 4 68 55 6 5 31 55 56 26 9 56 18 12 2 11 85 64 18 53 12 91 25 34 93 70 28 22 22 64 21 4 73 46 22 58 48 2 53 88 93 44 55 60 37 20 98 50 23 72 43 49 43 13 4 2 92 55 14 4 7 79 15 3 77 35 17 33 98 88 14 65 91 15 99 46 93 88 23 20 23 88 78 13 10 36 25 75 55 10 36 24 37 96 21 10 27 16 22 75 0 90 82 56 9 52 72 58 15 61 64 81 94 83 2 65 13 80 25 1 63 55 16 70 81 32 15 52 65 52 28 30 14 17 27 24 45 86 27 24 15 26 54 30 12 86 24 73 44 36 50 29 96 37 76 42 63 75 53 88 69 67 59 89 56 13 7 33 65 78 14 16 93 9 35 89 92 13 79 85 75 37 94 37 73 61 28 88 27 92 36 80 56 11 64 24 93 97 85 78 6 75 
44 95 1 78 65 19 16 75 31 69 69 90 29 38 16 86 83 77 32 84 39 83 74 86 21 95 83 66 6 57 8 18 57 31 10 74 44 45 2 5 40 5 7 8 1 45 47 33 41 87 96 66 55 21 78 20 73 38 64 51 57 29 46 71 54 81 82 81 82 53 43 26 59 89 89 15 40 32 63 73 2 47 53 55 83 50 62 66 17 78 65 97 70 54 66 53 98 18 91 86 37 69 27 19 71 69 39 6 50 45 60 43 95 6 60 79 35 26 16 68 51 49 33 83 57 56 18 77 45 24 6 22 77 11 54 23 53 38 29 81 81 22 5 99 71 22 89 37 35 1 73 25 66 36 70 2 75 95 19 78 48 5 43 56 48 1 19 99 7 6 86 54 95 5 4 88 14 41 36 37 52 95 33 62 46 12 62 17 23 28 25 49 54 12 73 37 40 90 60 34 3 34 59 38 32 1 27 46 69 54 16 28 65 61 32 26 8 55 82 97 14 73 96 5 3 76 21 12 24 29 79 73 33 63 12 28 74 13 19 39 75 36 62 66 99 13 78 90 23 35 58 90 2 55 91 55 0 83 32 78 13 36 53 48 87 83 33 22 87 47 60 48 64 77 30 78 24 4 10 17 31 66 70 79 25 27 75 31 8 96 68 35 98 58 26 18 83 68 62 56 10 38 66 88 32 16 92 5 22 15 45 28 29 78 50 25 63 7 17 20 87 27 81 86 83 79 45 32 1 5 58 15 96 22 88 57 4 9 76 55 85 92 63 99 76 86 17 27 38 81 86 35 57 76 41 16 17 43 28 61 43 65 67 15 40 67 84 79 95 92 93 46 15 49 52 97 60 81 12 26 88 31 57 79 35 51 70 44 58 98 29 70 83 2 55 19 18 37 12 3 
22 85 81 5 30 64 32 82 97 45 91 5 61 75 9 13 64 48 46 35 80 88 5 47 48 19 7 95 50 1 33 37 24 24 22 30 22 51 62 4 32 37 70 17 47 92 85 20 49 43 31 56 63 58 16 67 63 32 63 21 1 53 79 40 69 25 57 62 97 17 71 0 69 65 77 94 84 65 70 77 56 60 74 20 2 82 25 34 15 41 46 42 14 26 53 68 89 89 78 80 37 38 91 5 74 85 99 3 87 72 52 15 48 76 78 42 69 37 66 73 84 94 1 53 9 48 25 99 9 30 32 41 37 22 22 37 77 41 42 57 17 92 19 91 46 77 33 83 48 96 73 68 78 91 97 48 19 80 37 67 16 45 17 4 38 77 36 40 33 85 28 39 45 37 31 85 68 72 13 7 68 33 55 26 70 12 80 99 87 16 66 64 26 51 51 74 55 7 72 19 62 57 70 74 87 15 15 0 61 46 47 53 0 86 52 44 91 85 22 87 69 82 92 7 48 6 39 26 84 52 44 66 9 78 63 29 3 34 41 33 65 37 15 2 64 25 12 9 34 55 49 64 98 69 34 3 53 24 41 45 1 48 30 32 13 82 61 77 66 70 7 67 81 31 89 73 57 88 14 70 53 16 4 89 53 0 78 81 73 95 0 55 55 31 15 89 47 54 66 97 27 63 85 47 40 62 52 31 50 78 12 27 66 78 50 63 22 33 14 65 5 33 82 87 45 69 50 71 37 63 35 78 83 86 53 72 34 80 82 8 31 26 60 75 85 63 72 93 74 55 35 98 68 25 69 14 12 30 93 0 77 55 44 48 4 73 22 99 15 52 5 15 64 2 83 30 80 49 38 96 56 54 5 17 82 15 66 15 74 47 38 20 87 32 25 10 44 65 3 44 
32 90 2 0 90 37 9 2 85 22 71 27 56 50 56 81 23 54 65 43 29 18 46 36 81 40 26 5 99 63 17 10 60 62 73 88 64 63 69 88 31 24 49 51 10 59 24 75 32 52 74 93 89 9 85 75 37 9 82 84 43 33 84 62 4 76 5 11 83 76 97 79 75 74 34 36 67 69 48 75 13 60 24 34 4 46 55 23 58 50 50 4 62 13 28 51 63 64 72 40 90 72 63 20 0 39 7 61 50 60 37 76 24 82 33 74 76 27 64 53 9 91 74 64 88 98 8 22 29 2 32 88 73 47 8 50 86 9 40 43 64 16 3 2 27 71 35 60 80 47 51 99 53 8 14 69 95 55 58 42 58 82 34 6 64 62 76 95 10 83 85 9 55 17 94 66 73 57 87 52 73 97 30 17 42 61 18 99 5 82 40 4 67 48 74 23 8 7 46 75 7 45 86 92 17 11 29 72 42 93 64 80 18 71 47 55 96 58 89 73 81 6 27 55 67 56 39 7 60 43 68 32 73 59 2 99 22 43 62 47 43 43 64 81 63 60 54 15 92 87 17 52 36 91 23 37 99 47 71 97 88 27 28 31 68 73 50 43 17 91 51 44 47 56 33 34 29 20 41 96 69 56 72 3 21 65 39 11 93 7 24 77 69 13 15 98 81 19 98 48 62 65 25 71 86 94 9 25 82 75 31 80 64 17 19 35 72 52 21 99 83 78 79 36 94 59 57 13 91 42 98 73 97 39 12 26 85 3 46 46 73 45 83 79 4 10 69 31 97 44 83 13 25 42 68 38 63 19 14 16 10 36 94 22 39 59 48 68 67 77 84 98 19 18 62 27 81 52 60 80 89 1 78 88 69 5 7 55 25 79 17 66 43 46 77 73 82 28 68 43 
80 26 53 57 94 46 36 45 79 45 42 13 79 79 62 17 97 49 4 61 67 90 72 83 89 97 28 7 33 21 81 24 69 76 68 70 41 14 73 84 15 74 56 67 80 99 59 84 17 44 46 79 61 71 13 80 9 63 15 19 41 76 63 38 5 37 60 57 20 40 80 49 60 4 98 54 82 83 96 28 31 69 46 31 20 72 49 57 25 70 58 38 72 96 26 38 24 96 86 52 0 73 35 3 54 49 12 93 19 16 75 13 5 92 68 53 3 76 59 69 23 56 29 39 97 85 86 67 19 61 18 57 96 62 48 64 94 43 98 77 7 55 26 64 30 57 28 18 78 31 25 69 46 11 19 0 37 11 31 94 49 20 51 80 0 53 4 12 39 29 75 73 0 46 54 25 95 96 97 74 29 49 61 60 3 38 78 9 55 42 48 74 30 77 31 42 49 28 55 48 77 71 16 54 4 43 34 31 15 85 33 76 49 10 25 39 29 56 36 60 91 10 30 92 42 84 92 2 26 98 88 96 24 44 13 35 31 60 44 79 66 20 42 53 41 26 71 61 52 3 46 22 1 15 5 52 94 9 19 57 23 74 97 39 57 78 46 73 7 47 62 52 88 77 57 8 90 42 59 71 65 62 12 70 14 21 73 49 21 4 52 83 81 66 76 18 15 12 79 96 70 83 6 91 14 80 26 18 86 64 87 37 55 65 93 53 73 93 34 40 87 69 51 59 47 49 22 28 99 6 31 39 67 48 62 28 71 37 85 35 39 37 90 50 66 28 2 62 34 57 59 0 85 85 28 74 49 99 39 58 36 0 40 83 27 54 86 22 15 5 89 82 97 34 99 95 10 51 36 63 62 42 57 98 34 50 14 55 95 88 31 88 82 14 64 43 85 45 4 49 
99 22 16 92 54 61 91 11 24 79 45 24 32 77 72 25 83 78 62 39 2 56 69 85 89 57 80 12 93 65 47 50 34 10 56 72 52 24 74 63 39 74 1 26 68 53 52 66 74 95 44 2 65 75 66 41 38 11 51 21 43 54 78 85 60 39 62 66 43 25 60 6 83 81 30 89 71 93 13 61 13 83 52 95 25 13 70 41 0 81 99 11 76 20 34 73 14 27 33 32 53 38 96 85 9 28 7 4 84 23 42 73 0 32 62 74 33 42 97 61 47 52 22 29 43 71 87 91 59 8 59 28 92 62 3 3 68 92 95 8 63 66 97 90 61 20 73 41 53 30 67 64 40 90 81 96 5 79 76 71 19 68 78 58 47 64 2 89 4 95 79 72 77 9 36 57 18 70 3 97 25 10 4 71 6 13 52 40 68 49 83 72 47 38 87 63 79 82 51 91 58 47 63 81 5 6 24 78 90 89 54 24 38 16 99 98 65 51 63 64 19 15 54 38 26 66 98 95 99 43 10 52 61 2 66 90 71 12 92 13 54 35 19 10 55 77 49 12 98 18 66 77 19 82 6 46 96 16 79 77 59 83 45 37 77 66 70 96 43 43 78 44 85 11 73 15 52 94 54 41 80 44 28 94 10 51 95 56 29 99 18 5 91 62 22 1 63 94 33 35 2 51 52 14 15 5 82 38 82 29 82 38 83 43 6 76 79 89 77 87 58 82 18 21 4 44 47 93 70 22 72 18 39 20 91 21 76 53 60 91 12 76 73 43 8 74 76 18 22 27 12 84 10 70 76 66 21 58 58 81 78 2 23 98 59 30 7 85 25 7 76 55 50 98 34 23 46 13 34 61 15 67 31 82 6 24 36 31 7 30 31 28 28 33 42 34 9 66 16 24 
81 68 90 54 21 54 10 35 53 52 60 49 79 36 67 38 29 88 98 74 5 53 84 18 90 1 37 91 81 70 34 71 93 18 74 51 88 70 85 58 13 67 57 37 46 30 24 68 91 50 14 63 71 19 95 60 63 37 35 76 79 23 16 21 67 22 60 19 31 69 75 65 39 14 79 18 58 80 74 79 64 19 23 39 73 53 54 90 4 90 85 70 88 70 87 59 9 29 27 1 38 11 68 16 2 65 68 59 37 12 61 67 17 49 19 18 56 9 15 27 67 22 55 97 31 21 43 96 83 69 12 18 78 48 87 30 39 8 85 37 82 53 28 53 45 45 44 23 75 45 3 56 35 46 33 16 84 86 12 30 47 19 71 29 62 4 62 51 76 48 9 99 6 95 92 49 4 60 99 51 66 79 81 80 84 90 59 63 28 71 30 49 59 8 44 68 83 99 55 12 40 35 78 38 95 95 74 90 83 29 0 5 42 33 83 96 19 99 92 84 58 18 32 70 67 15 27 76 39 54 67 5 48 6 42 13 19 43 59 69 25 71 18 98 93 26 75 56 39 31 49 28 14 34 60 97 81 27 99 67 13 83 2 77 82 78 10 33 90 28 74 70 6 52 46 13 22 74 62 35 40 27 94 54 80 55 88 25 7 58 29 33 94 7 63 1 17 49 74 74 63 38 82 32 62 55 29 11 10 28 20 37 11 12 83 91 53 53 65 39 81 95 5 33 88 6 63 73 21 69 82 55 74 94 10 87 94 12 61 92 47 38 93 52 35 93 20 82 40 31 6 18 61 10 67 40 74 33 15 12 27 0 98 69 35 14 95 24 58 2 94 63 72 19 97 61 24 57 64 5 26 23 97 27 73 27 75 29 44 30 1 62 61 24 77 15 39 16 41 55 
8 23 98 37 34 15 79 39 19 42 65 12 42 32 60 25 68 82 8 21 3 15 37 60 46 36 24 70 21 50 56 51 94 18 63 37 56 74 28 47 23 67 17 69 96 91 88 93 59 27 68 40 34 63 49 62 27 12 31 13 61 34 15 37 27 84 67 60 78 9 36 8 96 36 9 73 40 30 9 71 20 98 73 85 61 53 27 19 18 12 10 33 19 15 0 32 12 27 36 73 48 94 27 32 99 65 45 3 7 82 23 22 53 79 64 97 92 63 1 4 90 80 61 94 32 73 93 45 79 40 23 21 95 74 1 19 50 54 16 72 72 43 62 99 58 70 65 55 8 0 1 12 76 72 67 31 16 19 15 8 94 31 27 55 58 89 21 99 64 19 68 7 24 42 33 45 58 20 55 48 73 40 28 0 39 28 34 89 61 3 22 76 77 56 6 0 85 16 93 17 82 24 67 70 93 73 9 65 73 59 36 39 89 23 21 79 67 4 20 19 9 0 73 97 46 88 2 56 73 57 19 52 10 17 94 65 25 30 2 82 19 0 90 61 78 53 54 18 44 40 2 78 75 18 98 9 15 81 76 26 29 22 12 29 11 26 57 73 8 39 60 13 5 72 90 93 99 38 69 9 87 20 11 1 52 69 27 37 24 5 76 59 69 45 15 7 13 63 11 14 8 26 31 66 38 21 60 84 93 78 83 71 99 49 65 25 46 57 97 72 39 78 6 42 58 64 46 32 5 89 34 79 3 13 38 68 14 5 79 94 46 45 44 77 16 9 66 33 75 59 48 51 94 70 17 36 35 82 87 4 2 46 24 37 84 90 3 11 30 35 45 18 88 39 40 58 39 69 7 10 3 45 20 45 45 96 19 44 20 99 27 84 48 92 62 27 52 80 52 5 
72 34 8 97 27 97 26 71 55 46 96 88 33 20 56 76 46 24 38 7 78 14 26 92 84 33 20 34 18 35 50 19 95 44 73 10 82 81 64 27 20 70 65 98 85 21 42 24 43 65 55 77 47 61 44 67 9 63 53 45 74 75 61 16 72 52 96 10 17 60 80 63 83 23 94 21 23 82 24 98 15 85 38 9 54 39 13 42 87 48 39 25 89 20 56 42 81 66 21 92 76 95 43 43 83 0 54 36 20 41 59 90 63 31 6 36 56 76 32 72 7 46 72 10 9 86 72 41 89 70 11 25 80 84 21 14 28 81 66 36 63 28 70 55 22 31 1 61 35 68 38 38 20 60 69 11 93 89 54 78 57 36 84 49 91 57 85 53 83 57 42 52 48 13 51 38 84 61 13 33 78 80 39 43 74 74 66 13 10 13 12 41 12 48 42 15 56 73 13 59 75 42 74 57 20 91 0 70 37 82 91 67 81 34 47 16 78 88 83 75 42 38 94 77 38 6 74 11 96 60 47 89 92 27 14 63 29 93 15 80 66 68 99 28 25 27 6 9 98 22 64 98 16 45 54 22 15 95 23 71 77 41 36 22 50 52 61 89 78 17 34 48 14 44 57 48 97 15 99 97 69 72 68 53 0 12 10 74 88 13 19 96 42 10 32 99 98 41 37 64 72 90 29 13 21 50 4 34 66 23 48 13 12 54 12 57 47 16 56 47 92 5 8 1 84 90 23 79 71 34 84 87 37 40 42 40 56 7 65 70 74 73 39 80 85 96 96 30 48 70 86 85 91 72 96 35 2 37 32 15 74 84 63 35 36 27 87 16 14 53 52 13 47 23 0 47 35 14 8 35 75 48 28 53 14 56 69 61 40 71 89 83 1 61 21 23 82 75 14 17 
51 10 97 91 85 91 93 85 38 1 56 72 13 92 52 42 48 19 67 45 90 80 20 18 42 86 92 8 61 76 73 17 20 76 52 75 66 99 49 91 35 67 99 22 89 9 61 1 41 39 88 28 21 85 62 9 53 60 30 53 12 86 85 38 68 41 53 78 84 30 71 16 89 37 18 65 75 38 94 66 6 74 79 57 12 0 50 39 76 33 8 63 76 30 77 64 3 68 59 52 74 72 64 37 28 56 81 97 92 17 28 32 14 99 39 56 56 46 26 81 57 71 54 82 79 58 43 36 62 41 47 20 49 4 68 90 45 10 40 44 98 85 11 20 33 38 89 55 19 40 64 94 32 88 80 29 20 59 81 85 8 23 81 50 68 12 63 98 19 77 35 17 72 78 91 5 23 63 5 55 87 60 45 35 63 18 86 65 15 54 92 1 1 64 45 51 67 75 61 78 66 8 25 26 63 96 87 56 77 29 78 3 16 55 17 48 12 71 91 89 53 57 48 61 29 59 43 3 94 9 13 33 59 42 92 59 69 75 89 29 10 6 58 49 76 74 0 32 67 77 68 74 5 22 21 3 41 52 30 93 78 58 8 96 97 33 98 46 97 47 55 7 71 82 7 85 85 60 82 47 74 79 77 3 83 96 23 87 12 71 83 18 54 3 2 87 80 48 96 84 36 12 14 94 67 91 82 44 3 56 22 43 15 73 94 65 16 94 65 97 51 93 66 81 7 50 23 49 64 39 26 19 80 35 29 23 66 50 55 66 32 76 81 57 25 31 87 56 71 66 0 76 21 8 27 59 96 44 99 18 2 6 79 67 43 10 6 78 32 59 50 98 58 59 92 56 5 45 39 11 32 55 80 20 18 57 70 4 93 61 29 87 9 97 1 52 77 34 47 38 
58 66 15 29 8 81 88 94 18 23 24 75 23 41 61 22 98 32 82 39 82 42 86 72 94 44 22 69 80 36 94 4 99 4 13 54 55 14 8 47 20 53 96 99 85 68 3 62 78 38 41 96 92 57 6 48 60 27 27 58 98 42 57 36 67 83 97 74 82 66 59 20 27 7 36 76 33 44 1 75 73 61 73 17 30 48 1 44 39 42 20 64 19 78 17 80 7 69 7 33 53 73 52 5 20 6 7 69 28 81 20 90 87 39 27 79 12 17 47 15 59 2 24 7 41 2 57 15 90 4 99 82 40 7 0 53 74 84 27 19 9 83 64 94 57 22 70 73 3 2 96 42 41 97 53 46 78 4 99 35 48 82 53 77 96 4 87 37 89 26 98 41 60 26 37 28 14 48 60 57 9 38 63 93 0 73 1 50 54 75 33 61 78 46 32 51 52 64 1 88 30 1 45 88 77 14 15 27 14 0 35 67 17 93 37 95 48 52 53 58 99 35 84 40 99 19 54 44 80 24 29 63 56 55 12 56 33 20 73 80 78 41 56 80 24 98 78 32 58 44 45 55 95 71 16 73 95 43 89 67 69 46 1 41 87 58 95 80 11 46 97 3 20 89 71 79 4 23 14 46 65 3 32 60 33 5 29 55 47 41 62 41 82 0 75 27 36 20 42 69 11 62 69 67 51 39 48 54 12 63 72 2 61 3 92 38 82 20 90 35 26 49 48 94 95 12 88 45 14 39 24 74 6 34 42 0 72 71 39 2 13 50 58 91 7 63 87 61 21 36 41 88 0 23 81 61 29 48 40 82 25 26 30 52 47 64 8 92 85 81 51 97 50 13 6 23 86 86 66 4 42 33 56 47 1 31 39 14 83 70 70 46 70 77 36 66 34 18 94 16 
49 45 9 51 75 78 57 70 78 26 65 88 49 96 48 0 18 93 63 6 65 72 88 71 71 0 2 25 8 94 30 11 85 23 29 16 56 74 55 61 91 82 40 68 23 71 97 26 38 41 73 61 0 13 4 10 91 55 80 73 56 23 82 31 11 24 75 19 70 61 12 48 62 6 31 81 55 71 22 30 41 28 45 6 19 52 67 14 39 82 69 97 10 1 55 60 37 38 67 60 40 64 79 38 54 62 33 66 85 77 45 39 4 48 43 82 34 83 29 85 33 5 91 90 14 88 53 71 71 38 77 16 66 37 41 99 60 30 63 36 62 31 56 38 94 86 14 32 34 93 9 19 76 64 88 87 21 48 19 96 80 81 96 35 25 41 22 89 35 10 53 15 77 78 84 2 80 71 27 77 85 6 33 1 37 11 21 65 66 5 35 86 92 37 37 72 76 29 14 85 91 47 91 30 38 95 93 64 84 13 6 8 70 10 27 43 78 86 69 3 58 19 79 54 31 92 32 60 51 24 13 30 8 67 53 49 62 89 14 16 32 42 23 62 10 25 56 8 57 6 2 26 88 46 40 35 49 16 97 66 99 41 82 18 23 47 30 85 8 99 21 69 4 68 74 11 39 72 20 24 26 41 38 97 88 10 38 90 95 27 71 71 75 38 27 33 35 84 71 22 84 35 52 63 10 49 6 70 40 33 55 37 99 72 86 89 38 35 65 66 9 92 47 58 83 62 82 88 40 80 76 15 75 64 84 27 92 28 20 28 69 93 69 53 18 36 38 78 95 74 16 40 93 58 34 56 4 33 92 51 59 65 97 65 8 94 97 13 81 61 4 16 63 37 37 36 87 43 74 51 26 13 88 76 13 59 94 29 60 62 65 77 11 41 10 44 59 25 7 97 
74 19 98 3 37 11 72 3 68 95 62 33 79 5 18 61 28 42 47 84 26 35 84 83 40 98 70 99 80 61 33 13 94 92 30 0 15 97 22 1 23 3 85 91 43 3 8 75 59 35 63 37 79 31 99 76 87 7 27 82 0 2 65 20 57 19 80 92 70 73 75 32 39 95 84 34 57 22 30 56 21 18 64 10 49 63 64 17 87 87 11 22 62 80 93 32 79 16 79 71 49 21 87 17 33 82 51 41 33 45 66 61 58 83 60 96 39 73 36 29 4 8 75 55 19 95 82 89 1 87 48 36 80 83 45 42 80 26 66 37 64 22 58 45 74 74 49 2 97 74 43 21 94 53 91 88 1 79 28 53 90 49 27 59 0 37 50 47 20 66 93 82 53 64 59 14 70 84 44 2 52 42 12 97 78 22 18 6 18 60 66 45 11 0 8 26 60 90 30 27 54 62 15 47 48 86 89 0 41 51 48 80 75 86 13 48 3 31 34 65 94 3 2 76 22 25 70 18 88 86 53 39 8 54 42 8 77 66 36 60 44 0 87 97 19 12 80 59 46 12 69 28 24 34 10 79 45 53 79 2 88 29 59 27 9 62 60 19 45 47 60 42 93 4 31 17 42 25 86 1 42 78 8 35 52 47 67 17 96 30 53 44 81 27 19 58 70 95 82 69 67 41 56 49 38 81 45 11 54 2 7 39 91 91 91 63 2 0 89 36 13 54 97 88 26 16 15 28 73 35 39 25 72 88 58 42 51 5 45 96 71 42 55 96 53 28 5 68 38 19 24 44 6 99 71 19 32 68 89 19 93 87 17 61 31 97 0 8 66 58 63 23 55 84 45 17 49 85 64 73 9 63 59 38 39 63 82 61 50 19 94 72 30 36 50 21 96 6 55 88 
49 10 54 21 16 30 31 5 62 71 62 15 35 83 19 74 38 84 0 77 44 37 49 54 17 16 95 30 27 56 62 17 23 43 28 93 5 47 99 86 4 76 52 33 18 73 96 95 61 24 71 8 54 23 12 50 77 9 64 80 33 51 3 84 77 59 43 80 87 3 6 45 48 42 2 76 36 84 22 6 91 54 36 33 69 43 41 75 30 13 53 42 97 60 56 5 22 37 48 34 69 29 84 56 93 91 67 67 48 36 61 98 73 98 83 73 84 95 34 67 25 78 78 57 51 53 74 51 70 41 43 10 39 91 92 19 35 29 61 3 23 81 49 24 14 28 24 87 43 9 21 50 73 30 74 8 68 32 77 19 90 19 15 73 93 52 36 89 31 43 10 88 72 71 25 23 82 28 22 44 67 51 6 45 42 83 98 56 67 95 57 28 48 63 70 62 12 9 50 47 0 69 63 65 23 86 66 28 74 38 59 88 19 47 27 60 32 64 58 28 12 12 5 87 39 85 34 90 79 88 75 29 22 26 24 87 76 78 48 63 80 74 73 98 79 59 94 26 72 17 18 65 48 78 87 67 84 13 88 8 63 50 55 30 37 16 13 13 16 27 23 71 18 4 85 66 0 82 17 68 50 66 58 47 26 56 1 57 65 19 64 45 7 23 1 34 82 54 74 8 34 14 6 57 40 12 6 89 48 72 46 65 48 87 13 93 78 80 52 72 29 64 14 0 99 64 67 86 88 40 66 79 34 49 87 16 49 63 98 7 70 20 30 90 12 36 41 63 48 41 12 89 12 18 77 51 7 63 3 50 48 23 38 75 65 46 88 65 53 3 75 96 19 20 24 3 49 85 12 59 57 35 25 68 87 70 46 43 76 77 98 85 49 97 26 84 54 79 6 47 
80 97 7 74 33 91 54 91 59 90 23 22 72 54 34 64 45 61 65 34 97 63 80 72 71 43 82 1 41 26 5 63 27 90 16 72 87 57 46 62 7 20 53 3 70 90 56 90 78 41 34 56 2 8 9 14 26 21 50 94 7 61 17 1 13 76 42 20 74 3 97 17 48 61 40 24 74 3 43 45 39 80 69 76 71 95 84 8 51 44 53 8 83 58 13 8 54 33 47 26 28 83 75 48 35 14 66 81 16 14 19 58 7 97 10 75 65 14 75 74 81 34 40 95 73 24 34 24 95 20 14 40 64 46 16 2 82 64 8 79 76 45 40 44 90 23 12 37 84 48 52 87 8 36 79 10 30 94 89 43 6 77 74 83 3 80 91 20 31 77 26 30 79 85 33 44 93 76 88 21 74 13 24 84 89 7 54 86 81 10 23 18 26 27 84 86 19 66 14 62 18 67 64 53 92 55 0 58 79 87 34 27 29 25 34 20 43 86 41 31 2 39 55 60 12 12 16 50 91 18 95 15 41 32 58 73 27 37 71 37 40 36 2 96 84 31 32 11 46 60 31 88 77 17 4 67 22 19 30 54 11 86 83 91 94 86 91 25 77 21 87 98 64 87 28 76 56 14 68 99 39 3 70 13 3 44 57 99 75 84 41 84 84 80 98 91 64 56 4 82 77 85 52 8 68 16 67 54 4 51 96 78 24 98 24 67 23 20 39 37 84 95 14 96 25 82 95 39 68 54 89 59 7 83 45 28 27 19 64 95 64 55 38 36 0 49 46 18 58 45 82 21 56 20 70 59 94 67 0 86 81 40 58 13 96 61 80 9 14 72 15 66 20 2 23 18 88 72 40 41 3 16 82 46 27 76 46 45 63 46 7 5 43 22 43 4 43 1 7 60 
95 99 36 80 33 68 78 92 10 3 97 53 34 63 75 32 61 29 5 33 49 29 81 59 54 24 63 3 0 14 43 12 33 77 63 53 42 30 73 17 45 22 99 78 7 47 64 93 83 28 58 48 80 23 90 37 43 86 88 54 92 80 48 90 81 92 83 8 63 26 42 9 70 61 40 46 55 65 58 27 48 37 68 81 26 68 6 83 65 32 44 43 57 75 45 6 25 17 74 81 93 98 58 10 87 0 73 96 53 75 69 94 36 5 56 37 41 36 36 32 73 98 8 59 46 43 32 31 12 9 30 42 3 16 65 49 99 35 2 6 57 39 9 79 24 90 26 60 20 99 89 44 46 40 43 37 84 92 7 94 14 2 32 72 45 86 39 17 27 10 18 97 68 79 30 85 51 6 38 97 35 61 50 4 56 59 3 15 13 98 39 14 68 50 15 26 16 10 31 24 97 54 99 60 29 53 51 45 49 80 68 8 7 58 96 52 7 73 22 41 16 33 32 32 69 20 1 97 23 58 58 6 24 41 39 64 32 52 30 15 79 19 15 26 31 27 86 87 96 83 57 68 53 2 30 15 9 95 64 56 18 97 77 92 84 65 91 16 9 96 93 38 96 49 29 87 16 30 75 30 82 6 20 60 1 11 76 88 8 9 65 9 66 27 10 98 18 96 59 65 41 73 69 51 84 45 48 6 80 4 54 61 17 4 7 16 43 61 51 99 15 77 52 8 73 80 53 31 61 60 62 34 51 34 25 13 55 27 29 68 89 14 88 82 50 95 34 49 75 25 75 19 5 27 57 10 30 56 4 60 73 27 14 52 76 33 31 9 50 67 47 36 19 22 41 24 24 6 36 74 6 1 32 45 83 7 68 79 66 83 97 36 79 87 73 91 95 21 25 47 
36 21 36 43 56 94 85 1 43 17 2 48 87 91 50 96 12 45 56 54 23 57 2 44 29 7 60 94 0 15 48 90 10 57 10 33 34 56 56 58 39 19 76 2 18 94 53 49 88 85 18 48 24 42 93 51 38 7 39 14 27 29 48 30 63 59 38 21 61 38 29 58 41 94 54 77 72 73 72 39 99 19 31 13 1 62 46 86 47 55 2 74 57 44 5 44 79 63 12 96 27 99 17 94 36 29 48 85 72 62 40 23 94 23 60 7 99 45 75 69 26 67 57 43 85 40 39 72 74 17 40 57 30 63 36 77 41 36 29 45 46 56 61 52 52 22 28 69 73 84 31 7 38 75 31 60 80 98 1 5 57 21 50 73 17 57 2 80 35 35 19 49 75 15 75 32 46 22 38 5 56 33 65 33 76 95 5 6 24 60 52 64 31 24 25 91 9 3 3 30 58 34 56 3 77 35 90 24 10 76 81 64 26 18 66 6 94 55 15 4 11 4 20 57 60 52 34 64 41 24 30 80 10 54 5 12 55 8 85 18 6 93 70 1 73 25 62 39 7 35 49 48 49 40 33 82 73 55 97 83 57 76 45 42 88 97 9 59 82 94 78 58 58 55 5 12 1 44 81 71 92 32 79 39 84 42 27 98 89 23 26 85 49 12 10 79 83 16 74 2 52 49 51 79 52 68 2 39 52 93 86 63 87 52 0 91 14 16 37 51 24 2 45 74 86 50 26 84 79 48 82 69 28 97 28 10 34 15 32 24 88 94 14 71 91 24 25 52 42 4 73 14 91 19 69 1 47 75 97 4 25 7 10 65 58 26 67 31 79 95 21 83 8 94 6 34 32 57 22 81 57 9 9 46 93 45 67 87 25 7 94 80 96 95 50 70 99 61 63 49 
92 26 11 13 61 13 31 88 35 73 11 43 18 3 58 36 66 6 27 95 86 27 63 39 60 58 50 67 50 16 79 64 68 39 35 78 38 31 72 26 47 78 64 10 33 54 3 59 71 9 21 62 80 49 14 70 18 30 74 85 28 49 52 97 67 46 8 53 75 64 8 96 16 63 9 29 55 66 98 84 30 6 77 99 35 23 32 49 93 21 9 55 87 42 18 28 78 79 68 50 56 24 22 69 14 95 21 88 46 71 97 98 98 37 75 91 17 59 0 11 9 61 60 86 65 45 17 60 15 82 5 95 6 27 35 78 78 64 37 12 16 37 94 54 84 86 14 30 12 7 76 81 47 61 55 57 9 8 28 86 89 47 29 13 96 81 39 7 4 69 41 73 85 96 14 24 66 57 47 15 79 74 51 74 18 13 70 93 12 81 29 89 37 86 34 43 43 98 26 3 14 98 37 78 84 44 60 67 43 98 82 86 55 3 52 99 94 93 73 90 77 75 38 14 29 91 5 95 5 54 28 66 98 47 52 76 21 14 31 8 47 78 43 25 59 40 12 51 7 93 47 83 52 38 8 25 56 34 77 85 25 26 8 89 35 68 64 26 84 0 66 22 39 11 41 17 83 24 99 19 22 53 98 48 66 14 95 45 10 8 40 6 16 84 72 24 34 57 3 57 74 63 39 78 70 94 46 93 68 95 16 14 58 93 16 7 54 14 58 54 40 15 68 90 76 38 90 42 65 94 54 41 34 64 60 35 89 8 40 55 97 93 73 73 4 21 46 13 0 49 27 89 61 45 22 76 76 58 39 8 62 43 89 57 84 61 77 42 6 15 96 79 34 22 12 88 2 22 51 37 64 60 0 46 77 0 86 45 36 82 98 9 17 49 31 26 93 48 76 39 
59 93 70 82 51 86 14 42 63 66 85 17 55 88 46 44 93 34 28 16 16 80 49 94 85 38 58 71 4 80 8 25 48 0 9 56 1 21 63 76 52 70 14 65 20 5 5 24 72 13 99 18 61 22 78 31 82 51 0 97 41 12 64 52 31 82 11 32 79 96 79 89 3 35 99 70 23 19 17 22 70 55 45 54 55 7 38 79 20 49 6 75 73 2 37 1 34 62 58 82 29 77 18 70 7 11 48 28 37 67 93 93 8 59 24 65 60 3 89 23 4 39 48 22 42 69 23 8 72 80 23 52 36 97 39 98 48 64 57 38 81 19 83 85 1 41 49 3 86 42 91 38 1 76 82 93 11 33 22 65 58 91 62 64 31 57 39 10 11 4 10 13 84 76 37 71 25 29 56 55 20 88 76 88 75 98 15 85 77 78 37 22 99 69 19 10 90 51 18 66 70 33 10 68 20 75 8 47 84 3 96 22 95 73 43 99 14 28 12 70 90 24 5 90 27 33 89 59 34 77 44 85 64 26 78 28 43 82 87 32 43 59 79 75 18 25 97 81 39 1 89 91 41 19 39 31 74 19 58 54 94 97 88 7 90 11 90 24 16 63 4 3 29 41 95 59 45 40 78 38 62 35 14 65 99 79 81 1 65 48 28 76 14 73 28 2 46 64 10 61 48 17 85 27 31 41 25 61 40 10 30 67 89 33 75 87 46 53 79 82 51 50 88 49 83 64 74 55 83 45 18 19 94 40 0 65 32 35 69 74 84 95 1 84 26 43 16 54 8 51 19 7 81 10 46 4 0 62 7 49 54 62 49 17 50 27 83 65 44 47 11 65 96 56 70 0 36 65 96 9 89 54 23 75 61 60 33 46 9 59 79 22 70 3 25 83 29 76 6 98 
71 50 58 79 44 47 95 47 44 47 64 97 71 75 49 67 97 81 98 86 34 11 46 2 3 76 88 19 50 14 83 96 18 66 67 28 41 26 94 83 4 85 88 41 16 88 23 62 21 3 42 77 44 74 95 74 21 69 31 98 13 33 57 13 76 33 18 35 42 47 96 21 66 60 56 70 96 71 10 90 23 72 87 11 14 4 24 82 89 50 69 71 30 25 43 26 5 37 43 65 15 0 60 68 6 98 8 20 57 30 77 75 61 14 74 91 37 53 95 25 62 40 36 60 22 15 94 74 58 48 94 89 41 3 88 50 95 76 71 66 33 75 94 98 83 75 30 21 16 41 41 96 92 41 18 29 92 93 98 78 46 16 7 16 43 42 14 55 65 55 94 61 60 77 35 99 67 45 73 18 27 20 65 42 96 34 24 15 17 80 46 25 45 75 5 34 57 68 43 28 80 41 41 28 56 8 77 37 51 34 1 6 98 6 77 68 13 56 46 98 19 64 36 53 91 76 69 34 95 65 15 1 61 28 68 0 51 3 32 33 2 97 35 44 98 52 83 37 47 85 64 29 68 34 62 62 49 15 95 48 86 81 10 65 91 18 79 49 52 36 16 30 17 42 83 73 74 36 96 2 63 87 10 69 12 40 61 41 79 40 99 53 66 64 8 37 50 69 2 22 12 6 48 29 19 89 5 69 86 8 68 43 20 41 39 81 73 68 69 34 67 79 53 61 81 62 92 56 78 52 48 71 94 81 86 85 24 10 48 15 71 46 15 91 6 43 20 10 21 68 94 12 95 12 12 95 25 87 51 51 12 18 50 93 6 61 20 51 81 89 77 71 12 96 61 6 38 68 49 35 4 22 80 68 42 99 85 84 69 51 9 9 79 5 60 88 68 47 79 63 
96 30 81 70 33 37 97 5 91 46 70 13 80 13 6 53 44 84 4 31 97 30 58 11 72 28 18 99 45 33 63 52 71 49 29 52 75 76 85 28 5 84 15 40 87 20 89 44 70 23 85 45 34 68 94 89 10 55 47 43 80 16 3 71 6 46 84 64 21 59 23 71 80 6 35 83 40 57 17 5 47 92 28 46 55 74 52 70 73 2 61 75 25 29 9 63 92 38 57 95 31 25 11 20 77 20 36 22 32 3 78 91 64 48 56 57 9 54 1 71 5 33 90 60 49 62 51 33 81 87 47 4 45 14 23 58 87 82 8 75 34 34 32 18 39 29 47 10 90 14 14 63 75 29 51 38 95 44 42 36 89 7 71 96 48 66 66 83 95 29 28 31 62 26 74 56 18 89 27 46 72 28 64 47 50 84 84 52 83 68 30 25 93 92 69 14 67 85 47 92 79 47 95 93 12 23 37 98 9 98 77 77 74 98 66 10 55 43 76 23 14 25 62 72 96 24 33 76 11 43 51 64 13 73 95 31 89 65 57 67 78 42 0 58 25 94 3 97 12 34 9 10 67 38 64 40 66 25 7 35 31 40 26 43 1 60 94 61 76 25 38 68 91 55 50 50 32 54 90 12 39 34 9 14 98 65 54 85 64 41 54 61 91 81 92 27 38 38 85 68 70 41 56 4 72 23 1 89 15 77 84 14 12 65 29 10 8 25 29 53 76 95 28 26 63 64 40 38 83 61 12 84 9 86 23 97 7 9 82 50 3 31 77 87 37 5 5 79 76 74 17 77 57 26 63 73 4 22 28 88 23 23 35 40 79 97 18 95 46 29 5 49 39 80 29 8 48 72 25 44 58 32 50 88 48 60 52 91 77 56 54 14 7 42 74 17 44 8 26 39 
28 78 6 11 11 24 71 41 9 8 0 70 26 15 99 0 59 0 70 7 90 60 15 43 9 44 96 94 78 20 35 57 94 6 69 68 47 91 5 41 74 0 59 25 57 43 70 21 89 66 15 90 64 0 83 28 37 11 90 64 99 70 37 0 7 72 69 23 28 45 1 89 97 84 18 88 78 32 69 16 3 62 37 48 66 71 93 77 53 2 32 26 7 21 23 81 95 89 0 57 37 82 64 57 57 11 45 75 26 30 77 77 24 72 5 64 4 64 23 21 19 93 86 17 8 72 59 68 46 79 72 53 11 26 74 36 63 83 64 84 47 85 10 47 4 65 43 27 67 77 51 85 58 44 32 17 92 53 11 15 45 55 53 76 92 73 43 14 82 83 15 9 35 45 83 30 91 23 91 36 21 33 58 48 19 63 5 13 54 63 80 77 35 37 29 58 34 48 86 0 14 11 93 58 62 87 86 56 62 43 81 28 81 24 28 83 81 6 95 97 75 26 42 24 88 70 39 6 41 5 24 26 51 48 47 80 75 57 77 75 52 9 60 14 64 74 17 50 16 45 40 7 6 74 4 85 41 4 6 36 56 70 13 15 46 56 77 30 2 65 17 95 93 50 97 47 8 71 48 36 60 68 37 80 15 63 48 83 21 12 11 74 35 97 45 84 14 48 71 69 47 53 2 17 46 76 80 54 24 3 82 49 74 80 65 71 78 53 20 62 52 83 18 45 46 76 16 37 68 52 37 1 62 63 67 64 30 85 85 36 37 58 83 91 85 99 94 98 20 36 73 92 55 52 47 92 69 89 26 68 74 13 2 1 40 2 50 49 29 52 72 33 13 88 51 51 9 26 42 61 40 68 95 63 41 66 65 21 29 26 6 64 38 89 11 54 57 41 21 80 
56 68 56 28 34 45 90 48 27 14 50 29 83 38 46 27 18 63 34 20 30 2 97 3 84 89 68 51 27 22 93 48 46 43 6 74 92 14 40 15 82 93 78 82 7 32 53 57 91 58 96 82 14 69 75 86 34 70 57 25 48 80 78 42 35 0 6 2 22 9 8 19 10 13 6 71 46 39 82 52 23 15 16 39 11 75 16 68 74 39 18 48 27 19 60 5 51 79 0 17 72 47 43 78 44 36 34 57 48 44 31 34 74 81 9 66 88 0 67 34 84 15 11 31 17 39 23 2 19 68 80 94 34 9 93 4 7 12 81 39 35 65 73 48 64 86 13 75 30 60 14 23 34 72 15 30 81 76 90 61 22 3 94 86 45 5 10 98 55 0 52 90 45 20 15 96 10 41 87 92 59 67 43 64 94 29 95 74 59 62 54 61 73 4 5 53 55 85 18 52 5 44 7 61 58 23 35 42 87 42 70 42 50 65 79 44 95 54 71 63 7 97 75 74 15 7 70 58 91 24 40 81 31 40 90 5 32 92 11 2 36 30 27 64 84 98 14 76 94 99 15 4 54 45 21 65 80 96 93 41 90 97 73 26 76 60 69 86 73 38 60 15 88 63 74 0 55 11 11 60 78 28 18 18 11 3 91 54 36 3 34 20 70 50 13 50 37 64 27 39 28 41 71 17 39 82 46 34 2 42 72 23 59 93 26 24 30 65 91 84 40 77 4 12 90 90 96 74 44 24 2 8 58 81 97 29 77 79 1 27 9 0 31 81 49 58 69 23 80 61 95 92 79 16 37 48 59 89 94 78 52 64 20 15 66 66 1 99 55 91 77 75 5 94 29 8 49 35 32 19 36 17 80 2 33 33 51 61 60 87 78 97 14 88 90 45 36 76 41 30 
52 72 7 53 61 58 6 34 94 20 87 55 54 59 62 96 83 57 51 66 21 88 30 55 8 48 11 37 28 83 87 51 72 28 35 6 97 66 78 15 41 25 89 88 67 77 57 17 96 66 61 41 82 64 92 5 8 17 1 93 83 63 5 81 88 41 33 21 42 21 56 64 80 79 84 41 86 65 84 27 40 86 60 15 64 84 85 87 18 9 94 61 16 56 68 61 95 81 52 95 3 90 62 48 61 88 2 82 35 42 36 15 8 28 46 83 62 14 61 0 32 93 51 30 92 34 15 94 17 31 2 27 0 43 82 96 28 46 60 21 15 99 37 92 91 47 69 17 85 91 75 65 12 86 12 28 81 2 96 1 7 91 77 62 29 79 41 92 51 59 94 4 5 22 51 27 37 85 34 67 83 79 56 30 42 18 9 22 38 62 21 66 47 40 90 84 67 30 35 43 36 17 60 55 61 30 78 15 27 65 97 50 58 11 65 62 72 39 58 57 56 52 43 24 48 12 9 80 65 28 27 50 75 90 1 71 87 11 86 5 99 59 70 29 18 85 68 57 44 8 94 16 45 70 82 7 11 18 85 51 92 37 19 32 90 36 14 56 96 13 14 72 56 19 80 70 81 63 1 32 62 41 6 56 23 54 30 69 38 86 96 0 87 85 81 38 3 22 47 53 47 20 39 81 27 49 81 49 81 8 2 31 92 61 38 40 57 66 47 51 52 60 64 8 6 68 18 39 93 0 36 46 9 49 73 56 2 1 39 83 30 79 81 85 28 50 50 77 20 40 28 56 46 1 70 26 81 46 10 28 1 6 69 65 97 78 96 8 68 75 79 28 46 6 84 51 93 95 26 11 66 7 74 42 66 15 14 15 57 12 68 25 62 88 90 72 3 56 28 74 
73 56 77 15 31 12 89 8 36 8 65 29 95 27 89 89 26 95 16 10 57 92 78 5 8 14 90 75 99 95 56 49 58 6 60 81 96 89 49 29 35 9 93 91 81 31 13 74 98 45 79 52 45 7 22 69 31 28 54 23 34 40 37 86 94 74 78 73 98 61 19 42 65 6 80 98 14 45 54 25 48 58 96 25 2 50 25 72 52 98 82 3 67 33 67 24 78 25 33 8 68 16 89 66 59 20 55 26 25 64 91 29 74 68 79 48 51 75 47 63 86 0 94 44 38 52 10 32 4 1 14 14 22 10 21 9 79 53 33 59 95 45 73 31 68 97 28 22 92 36 16 45 78 63 66 82 96 3 98 66 94 0 61 90 48 95 44 8 52 26 48 84 10 46 20 34 44 79 59 14 6 88 95 83 62 65 89 28 4 28 70 73 64 64 37 44 15 59 26 51 26 40 86 97 72 56 20 31 52 0 44 37 16 46 90 97 8 63 12 31 34 66 31 89 56 19 56 93 38 86 3 21 86 45 88 39 61 99 65 37 0 59 6 10 26 64 3 94 44 2 3 50 70 21 26 47 12 40 84 57 73 61 14 23 71 7 14 54 64 95 82 61 90 40 58 58 81 93 43 42 56 36 46 50 9 33 1 31 63 83 10 67 57 98 5 52 85 8 12 61 17 33 37 67 88 6 96 49 8 13 22 3 98 39 49 71 58 1 36 17 74 20 74 92 5 14 86 97 93 14 46 84 68 95 96 10 85 39 4 22 43 40 19 54 82 34 4 92 70 63 21 39 0 74 4 12 42 90 6 2 54 67 35 25 74 35 64 70 70 2 18 26 2 86 20 38 78 24 90 33 40 55 10 56 25 15 11 74 38 73 53 66 56 33 20 26 70 35 81 49 
58 71 29 48 10 99 11 48 92 95 40 23 76 39 60 82 29 31 64 74 11 38 46 82 16 55 25 99 72 13 58 8 25 42 14 53 38 23 17 43 51 50 74 62 34 16 3 21 53 88 48 9 52 67 47 33 8 25 98 1 36 84 77 98 43 91 1 40 71 2 30 29 48 73 96 61 43 50 3 75 68 71 37 55 34 35 82 92 75 87 35 28 3 60 52 61 13 11 74 90 99 13 13 78 2 64 29 69 14 73 60 57 3 12 87 23 72 49 84 90 14 97 55 83 85 20 36 29 30 40 1 19 64 62 68 16 61 39 23 9 0 78 13 18 84 95 48 70 62 87 53 80 55 95 32 42 76 78 21 91 82 35 37 18 18 58 29 56 65 62 72 78 67 27 71 55 97 49 82 23 45 20 61 41 53 5 52 58 82 45 30 63 54 37 28 51 51 42 37 8 55 45 29 84 25 82 10 63 26 88 10 51 67 56 47 10 92 31 64 23 18 29 29 12 93 32 64 95 5 16 0 36 94 20 30 2 98 33 10 56 77 42 36 65 95 31 24 79 89 94 63 69 45 38 80 3 3 58 30 94 68 54 98 28 43 64 34 52 16 6 91 42 92 21 52 14 66 17 73 99 47 28 35 35 69 16 88 19 89 97 25 3 98 23 10 95 88 71 51 64 61 91 4 18 35 51 2 58 34 83 8 43 3 18 82 1 8 68 57 5 14 23 39 15 5 94 26 41 47 14 11 67 52 78 75 40 32 43 85 60 62 63 17 42 55 1 29 56 90 32 95 92 2 15 46 2 9 69 96 27 0 90 99 8 94 90 94 51 9 20 51 93 58 90 58 21 93 55 84 28 22 13 13 5 74 72 39 3 4 79 81 37 81 1 83 97 98 79 26 88 
81 56 2 36 75 1 21 23 73 82 79 52 88 16 60 92 9 44 66 70 68 24 8 10 96 41 19 26 20 97 70 46 93 42 99 42 44 58 39 53 73 28 30 36 52 75 89 92 19 62 95 92 20 68 75 47 5 13 18 24 97 32 96 6 52 14 49 74 73 58 8 39 71 23 4 34 55 92 49 34 73 38 78 69 93 43 16 71 30 36 9 63 75 0 42 11 94 60 86 65 51 66 32 64 38 46 26 68 84 33 67 5 69 32 22 4 61 77 69 27 25 16 8 18 12 17 17 26 80 16 88 59 77 77 51 5 75 57 4 2 67 0 38 14 69 56 89 78 15 98 40 86 69 4 51 9 48 67 33 39 68 34 96 3 59 18 36 93 73 0 34 77 17 56 57 28 29 70 21 42 84 34 5 77 3 68 58 30 26 62 74 65 12 14 30 53 54 83 36 85 88 99 32 68 16 96 57 8 96 83 18 57 14 46 46 52 98 24 5 10 42 19 88 5 60 8 34 11 61 31 0 28 5 30 97 1 35 54 10 1 18 17 70 59 28 88 78 18 50 4 55 60 0 12 98 22 51 13 36 10 24 18 41 27 34 49 19 65 79 57 20 48 31 81 80 87 90 53 20 76 51 56 53 58 81 90 29 1 57 75 51 65 99 4 50 77 49 28 72 62 6 97 31 13 40 96 71 57 49 66 97 17 90 12 3 60 12 94 41 49 42 28 16 26 23 9 86 31 18 23 85 36 79 70 54 15 4 64 92 27 92 13 33 22 82 49 93 95 33 34 98 67 35 46 19 21 71 89 40 65 4 70 37 35 79 32 7 99 15 43 39 58 55 84 56 94 35 29 27 99 61 52 36 47 55 95 68 83 4 64 77 78 95 22 30 81 60 43 72 68 
58 31 32 89 51 62 33 30 90 97 68 47 23 55 22 32 86 81 91 88 21 86 97 95 47 13 50 73 57 91 42 15 48 82 6 97 3 2 33 17 78 10 97 92 59 14 98 62 36 66 35 83 70 75 4 31 5 60 38 13 47 33 4 23 57 63 55 69 47 54 93 64 28 78 47 25 86 71 74 67 82 89 1 57 7 48 37 91 12 64 22 82 88 55 56 65 58 21 89 63 31 69 55 39 94 91 35 11 34 93 95 32 56 9 78 73 5 19 74 6 36 39 46 63 15 46 28 41 46 22 37 79 80 95 95 1 62 87 4 22 78 84 45 0 84 64 3 68 75 6 25 61 78 83 10 16 40 91 21 70 81 81 51 91 97 48 63 63 43 92 13 37 35 48 43 5 92 9 7 85 45 55 75 68 29 75 1 43 88 8 39 1 51 58 66 12 99 40 9 0 46 73 73 44 3 49 78 39 31 16 69 77 52 12 8 94 77 11 92 50 30 47 58 1 5 1 8 0 9 51 55 73 70 17 85 72 57 23 43 15 14 69 88 3 79 23 47 31 70 34 7 17 78 91 85 99 86 34 19 83 67 93 55 6 47 94 1 89 49 34 64 41 47 72 49 29 50 34 18 29 21 38 26 69 25 55 70 46 35 37 60 29 89 42 37 74 34 55 25 2 12 15 9 12 69 74 28 92 6 52 47 93 33 98 81 1 41 85 95 15 14 99 51 16 68 43 99 45 50 32 16 96 89 60 12 16 41 9 81 10 62 88 67 90 43 6 55 83 9 96 45 41 21 62 23 63 43 2 39 80 43 41 20 94 65 66 43 31 25 58 23 35 46 16 14 38 42 34 90 56 22 32 12 45 12 15 2 60 66 60 95 63 89 46 67 93 74 94 80 23 
4 86 52 31 98 75 23 49 22 6 40 42 50 37 87 43 38 99 62 40 30 26 5 65 25 64 42 33 94 38 29 52 30 7 18 64 3 73 4 60 99 27 50 65 76 87 68 70 43 32 64 42 42 34 78 19 50 53 49 57 13 24 74 35 44 14 62 81 88 14 99 31 22 15 19 57 97 58 85 55 35 20 24 79 54 26 25 12 24 58 79 85 29 42 65 11 17 88 8 96 62 2 57 77 30 7 65 56 16 58 7 49 51 13 78 38 63 37 32 57 68 43 10 47 24 18 57 13 17 20 67 1 7 6 26 75 91 88 90 13 85 59 74 97 17 13 77 16 40 2 81 58 65 81 4 4 18 75 69 93 37 53 5 62 58 92 62 20 70 92 52 78 64 2 26 98 64 38 67 12 41 55 93 6 28 98 78 71 13 65 66 30 32 13 36 16 52 97 53 69 26 1 60 16 30 89 42 9 73 86 70 71 95 31 96 53 59 68 4 58 87 43 8 29 54 39 1 78 11 54 26 69 79 13 77 94 98 57 4 78 62 40 71 77 77 62 82 41 96 13 70 89 67 31 95 13 79 55 56 33 66 93 10 21 42 78 22 88 32 79 94 44 38 28 2 17 75 12 83 35 98 39 19 61 86 44 62 3 84 97 45 44 57 80 37 89 26 90 94 84 41 17 69 36 74 98 14 23 85 77 98 58 26 33 80 46 58 70 51 71 68 53 95 77 9 9 11 56 35 95 50 36 44 77 17 73 33 78 85 37 52 89 0 55 27 99 38 19 42 89 36 16 96 27 28 8 17 78 36 62 2 20 35 44 37 21 33 0 11 44 5 0 31 40 61 65 17 88 90 32 7 86 94 94 23 3 42 86 25 13 55 76 54 9 6 81 97 83 14 84 
28 24 55 3 19 26 93 82 5 34 63 47 3 39 8 50 37 49 62 3 89 8 45 54 11 86 50 90 11 26 61 50 1 58 67 36 94 72 40 58 57 56 96 25 53 97 64 24 50 81 64 54 42 22 22 8 93 27 65 61 43 46 76 14 9 7 93 67 14 4 53 3 40 50 84 13 97 5 48 7 39 32 43 12 96 47 38 44 77 88 41 19 37 71 63 83 25 73 40 73 43 11 86 14 11 33 44 53 16 73 54 20 7 48 49 88 73 71 45 57 2 9 20 98 82 29 68 85 47 81 65 34 27 18 61 85 60 99 8 1 5 46 40 71 86 26 48 67 39 18 2 65 5 10 27 10 9 80 70 9 41 68 81 41 56 79 35 28 66 29 32 22 68 1 71 58 69 79 65 45 9 76 71 13 13 96 45 67 99 16 16 35 63 20 85 23 66 16 39 15 41 51 56 16 90 77 14 72 11 33 40 85 71 65 14 32 50 85 8 27 3 61 27 94 31 75 64 51 35 48 39 9 90 10 39 26 30 49 7 95 28 34 0 63 62 37 64 14 36 78 2 53 25 39 55 83 59 48 21 70 53 94 1 94 12 28 30 5 64 23 88 64 97 41 95 96 61 12 92 9 52 28 69 51 9 70 95 50 22 74 47 31 92 72 66 83 67 50 30 76 41 38 70 74 57 26 91 4 61 75 72 86 5 65 66 98 80 79 73 70 57 35 87 95 30 65 74 76 12 1 56 72 24 30 97 46 76 80 9 18 96 72 46 44 99 39 8 45 37 16 55 39 27 30 37 62 93 89 69 64 98 84 51 96 53 35 85 87 15 45 89 7 48 21 28 1 99 12 30 20 96 34 74 46 92 71 49 71 84 92 67 96 37 54 38 65 48 57 21 34 
64 40 27 82 77 0 64 69 63 34 47 57 46 86 2 39 41 90 91 3 20 54 83 43 70 85 32 99 6 96 95 42 42 37 66 96 85 59 42 81 82 64 68 62 58 55 79 53 20 63 22 81 91 55 6 38 64 28 30 89 34 84 97 28 94 20 7 73 90 40 52 65 69 14 18 83 44 56 49 81 8 18 83 66 3 7 60 32 15 19 52 8 21 21 56 64 62 93 7 12 84 57 16 68 2 44 74 77 65 39 91 42 42 31 38 29 40 18 37 6 84 42 38 27 29 71 72 13 49 72 0 54 5 85 0 31 20 62 71 71 24 83 90 45 24 62 3 47 61 1 69 60 53 97 11 67 36 30 12 96 83 26 14 78 3 0 98 17 24 60 59 71 69 68 66 54 13 84 14 3 38 94 87 85 41 32 17 47 62 63 14 88 61 33 95 41 41 9 47 47 41 10 76 18 92 73 7 92 1 87 26 90 55 7 61 34 85 47 86 68 6 28 52 94 98 26 9 70 56 54 50 1 27 68 80 98 2 8 73 7 37 76 81 72 9 78 65 78 27 86 71 34 12 87 39 37 47 86 73 2 67 6 49 46 66 74 16 3 78 16 27 68 68 40 9 24 3 49 40 50 30 81 76 56 0 66 87 2 14 39 28 44 2 37 54 42 7 12 47 33 17 73 34 39 66 81 55 23 57 86 97 69 54 8 56 86 6 55 47 29 5 67 95 17 1 52 46 75 89 55 91 58 22 20 63 71 36 85 90 60 68 95 22 84 88 96 93 22 75 13 73 13 19 92 89 9 85 85 9 82 48 17 86 29 45 63 19 73 5 87 36 60 75 78 29 62 15 19 45 93 63 95 55 42 53 92 72 87 81 37 95 66 81 67 54 64 82 75 77 13 
33 70 63 27 98 69 43 64 79 71 33 10 36 23 86 65 26 94 30 56 34 44 95 44 79 90 72 59 38 92 16 46 41 0 37 36 1 3 20 42 85 22 93 19 8 84 62 82 22 34 65 27 26 39 35 99 30 80 71 16 0 87 15 88 8 92 35 35 93 44 24 3 36 66 13 12 2 98 51 53 22 4 70 89 91 52 77 1 47 87 34 44 64 94 95 12 10 10 92 85 61 24 83 12 92 5 36 50 23 17 52 96 97 8 20 69 37 17 54 74 9 42 28 30 3 15 40 78 51 66 95 82 2 39 64 24 78 61 59 4 14 25 43 18 15 34 45 36 18 92 70 7 84 53 78 59 72 16 10 41 32 56 83 97 59 85 40 56 45 5 99 20 35 38 94 85 8 50 63 98 0 11 60 40 73 51 25 66 99 31 64 78 44 56 50 11 88 26 51 8 73 53 21 47 90 72 18 85 65 76 43 70 94 65 70 4 3 10 98 57 29 91 0 56 44 26 42 75 53 87 73 11 71 41 84 80 60 75 67 0 5 12 41 76 53 49 42 92 62 25 80 8 81 91 84 0 14 42 91 50 67 94 86 13 5 53 95 84 36 60 88 63 45 42 33 82 12 21 93 15 34 68 37 76 19 65 85 26 1 29 51 72 49 72 5 27 78 53 81 66 58 73 39 73 23 62 15 21 47 40 7 46 64 63 59 53 55 72 43 41 42 57 61 12 3 14 19 85 11 89 59 40 75 92 10 43 45 57 34 44 15 94 4 81 59 50 20 6 10 40 1 73 39 83 44 22 38 6 16 42 94 25 29 94 78 59 94 88 43 53 27 33 51 75 75 35 52 50 49 80 83 61 5 80 55 80 13 91 13 74 88 83 42 73 79 25 75 52 91 2 
75 64 82 16 99 35 49 88 41 65 57 86 19 63 37 3 78 66 0 15 60 68 99 75 63 30 17 1 15 77 65 45 31 52 75 26 51 30 23 5 48 16 82 85 5 34 50 13 97 43 57 66 60 78 45 51 30 70 34 65 93 44 23 30 59 59 66 39 8 12 94 78 61 4 74 73 45 99 64 67 55 29 87 86 4 55 97 95 10 86 47 2 49 24 2 29 69 44 2 34 17 66 69 22 59 79 43 85 15 80 39 52 64 26 84 98 28 50 24 50 63 55 89 3 0 20 14 69 3 82 52 67 2 42 55 42 50 75 14 1 40 98 2 74 24 81 54 24 45 13 70 52 46 99 45 33 9 74 71 71 92 31 5 72 0 89 91 2 38 6 34 75 87 6 19 61 68 94 98 64 14 27 11 59 42 60 22 99 16 53 57 78 33 30 30 47 58 92 26 53 55 2 2 96 36 90 56 6 55 45 32 95 71 72 62 16 63 57 47 46 41 25 24 91 49 99 58 4 4 61 8 39 26 77 37 35 80 36 18 53 6 62 59 29 32 96 41 2 50 29 31 62 81 58 27 33 56 78 36 64 39 46 57 97 7 61 80 29 86 26 44 37 68 57 37 21 22 79 34 75 38 62 7 74 43 52 91 53 70 83 27 82 14 89 29 19 12 29 24 29 2 10 48 55 21 58 8 36 48 97 66 91 23 91 95 19 48 8 80 91 64 18 52 27 21 4 47 52 19 9 10 89 89 3 40 22 33 9 1 73 91 31 97 95 97 68 67 4 27 52 58 42 41 67 19 39 33 66 40 37 67 77 41 37 82 52 6 15 41 66 0 13 45 19 23 55 13 25 46 46 56 85 60 95 98 63 20 29 33 19 8 37 57 89 0 46 29 3 64 66 
72 5 40 4 48 38 43 30 18 78 46 68 55 35 24 25 94 20 98 54 81 2 51 9 16 85 58 92 91 35 38 30 15 83 43 73 20 97 94 68 89 59 97 35 25 63 24 69 81 3 23 9 18 89 73 28 0 89 8 58 38 92 86 87 20 70 19 17 19 34 16 47 61 48 84 51 41 95 5 18 43 61 9 95 58 87 81 99 61 5 26 5 57 50 38 43 1 56 29 43 87 55 17 28 66 73 11 63 27 25 47 57 89 52 65 92 35 1 89 14 12 54 44 96 37 85 28 91 98 75 21 63 76 30 77 34 0 47 1 55 48 44 2 90 90 90 47 79 53 1 7 24 60 70 13 40 88 37 54 86 13 49 63 35 80 97 12 43 48 96 0 57 83 75 21 48 78 1 98 16 99 20 88 2 41 6 34 17 57 46 25 33 76 76 10 17 41 91 37 91 29 29 70 98 88 8 97 87 81 27 20 36 1 98 84 47 52 63 36 46 8 53 80 3 79 42 72 77 46 11 9 39 87 39 96 25 31 66 55 53 56 27 95 43 67 31 50 80 84 87 57 23 82 60 33 50 8 46 71 60 24 27 88 39 59 32 14 47 25 1 24 47 87 41 60 16 86 56 15 48 25 48 61 86 30 4 30 90 77 36 92 82 18 70 66 30 16 66 80 27 93 32 39 96 84 56 39 44 53 35 8 56 88 56 34 40 80 90 56 97 97 8 35 66 80 72 74 45 50 44 69 55 72 81 67 18 21 14 76 87 44 2 27 96 52 77 42 72 9 16 99 96 37 42 51 76 43 61 14 7 86 53 46 39 41 96 15 53 65 34 34 12 16 15 40 19 85 22 43 3 68 52 15 9 64 34 82 54 81 69 56 29 11 99 92 89 92 95 92 66 
49 52 31 95 64 76 89 2 88 51 79 36 21 29 32 48 70 92 54 73 52 56 41 82 1 65 76 22 61 59 42 81 27 53 1 85 0 8 81 76 87 40 10 5 45 10 13 45 11 12 80 92 20 83 45 27 0 87 21 65 97 36 81 77 22 71 1 74 13 38 27 66 73 49 22 90 27 29 59 58 4 34 60 69 96 76 47 16 77 13 34 51 59 6 61 90 43 55 75 89 34 60 76 83 27 86 14 80 63 49 38 38 60 82 46 36 68 60 33 24 63 43 10 87 84 50 69 82 4 5 50 39 43 97 80 68 95 7 73 67 66 62 58 91 51 65 41 38 4 60 53 20 51 25 98 87 54 42 30 39 72 2 76 99 28 41 58 80 16 52 8 86 22 64 95 46 14 69 74 55 49 30 64 23 60 23 66 71 99 96 72 33 79 8 87 90 90 80 36 40 27 41 15 46 66 15 60 58 8 0 22 78 26 28 26 18 6 82 34 36 55 18 59 33 86 37 40 3 76 2 40 24 54 78 74 62 39 39 70 71 93 76 50 36 3 72 67 76 65 96 10 86 4 86 91 62 80 15 75 75 75 27 35 31 91 16 84 91 67 28 9 23 86 35 77 0 61 52 18 58 10 10 21 96 12 38 71 1 77 20 87 78 90 43 21 86 22 89 34 97 49 6 1 36 34 27 6 15 55 19 17 51 40 17 80 83 14 16 41 22 22 42 58 95 33 67 2 4 93 82 97 83 29 93 2 30 13 86 28 32 21 88 66 65 15 23 56 6 31 55 75 84 54 59 22 47 96 49 50 58 14 28 99 93 0 14 76 10 92 95 56 12 75 13 74 1 60 22 66 30 58 95 54 76 5 94 64 65 16 38 40 43 89 41 20 17 29 51 18 76 
34 50 18 87 74 9 21 17 58 16 85 26 35 4 61 73 39 19 28 18 72 19 21 12 80 51 62 44 28 26 97 83 35 67 34 64 89 88 50 61 53 31 72 43 83 18 50 44 13 54 6 49 92 70 41 45 49 73 7 9 90 57 85 7 79 42 4 92 1 66 83 40 54 70 38 69 28 5 7 45 42 39 77 47 13 5 52 73 84 35 65 17 82 94 22 89 83 51 87 58 37 55 38 51 28 16 52 27 48 97 93 91 43 58 42 0 50 2 9 57 99 12 58 87 88 51 83 21 58 90 92 59 33 99 40 82 39 43 30 90 63 94 36 22 55 47 22 43 63 7 6 12 72 34 66 5 97 46 18 87 9 35 15 30 73 11 49 8 11 98 12 97 4 92 68 35 46 90 87 81 57 63 69 10 42 76 23 67 16 26 41 62 35 78 40 16 86 65 60 65 97 17 57 1 47 24 25 82 16 19 97 29 14 78 31 85 10 94 44 78 57 35 41 78 32 27 67 0 75 2 75 46 12 80 75 89 12 16 42 42 22 19 34 8 33 60 60 23 34 96 36 46 81 53 38 92 20 3 87 75 24 99 28 35 65 19 32 94 32 97 28 16 51 52 92 13 15 49 60 0 9 70 56 90 27 56 27 84 20 80 42 5 62 26 60 39 59 82 45 20 18 28 95 96 51 63 61 81 46 85 70 89 16 89 16 3 11 56 70 25 43 79 26 97 96 57 47 87 26 30 86 46 58 67 23 32 67 85 75 87 89 72 4 14 69 71 12 16 93 93 65 44 97 69 56 32 10 94 33 70 26 9 78 92 53 40 64 31 2 93 94 48 17 14 40 26 75 53 63 70 46 75 49 24 83 37 63 29 1 11 1 65 48 44 99 83 46 70 69 23 
56 14 32 24 48 47 63 98 2 88 38 77 53 10 26 10 64 82 5 17 8 39 37 8 75 80 79 55 61 12 64 29 90 90 83 10 80 39 92 97 83 74 62 92 78 2 4 33 32 90 88 63 19 81 27 94 51 39 67 16 67 24 39 96 59 48 33 47 21 58 85 44 41 97 77 11 94 24 62 54 75 92 42 12 63 71 64 7 49 99 35 44 6 25 27 25 15 59 52 14 90 5 0 50 96 51 79 36 52 10 81 85 6 4 77 80 83 8 7 21 68 46 71 34 41 67 59 11 67 13 65 32 51 74 34 56 65 86 54 40 81 65 46 65 1 21 29 90 31 88 58 1 72 54 18 12 69 70 5 35 57 17 79 28 80 35 19 86 55 32 68 78 23 90 43 22 98 25 84 75 7 11 47 70 18 10 73 50 8 18 3 8 88 55 96 3 66 46 91 59 38 99 79 71 32 84 64 78 95 43 16 70 20 37 48 10 57 50 53 26 13 27 30 27 53 99 62 33 72 5 90 83 47 18 61 18 3 46 35 42 87 20 87 24 57 30 99 21 69 57 23 89 20 45 30 48 78 33 14 33 10 39 55 92 8 29 10 25 13 10 54 17 94 14 71 20 19 15 9 68 62 37 74 1 14 89 87 50 50 58 76 27 0 75 68 7 44 24 76 36 49 39 86 25 1 66 5 55 48 86 61 67 73 37 49 94 86 37 49 38 13 56 56 81 43 71 7 11 72 47 26 72 75 60 3 50 19 4 40 97 2 0 69 29 97 89 39 76 73 34 7 71 80 60 50 96 50 54 24 74 70 18 15 29 36 39 77 33 21 65 82 17 13 82 55 18 31 9 29 26 57 61 51 70 18 18 73 19 10 44 9 24 77 45 84 38 87 67 16 2 
5 71 57 99 91 22 72 60 58 94 87 32 32 24 75 74 28 59 94 3 26 33 85 14 29 16 61 76 92 72 67 44 5 27 74 68 30 10 48 68 94 54 65 91 6 37 43 52 0 29 69 7 6 9 79 20 87 0 94 26 95 78 80 40 9 86 69 84 62 96 11 49 83 18 71 39 57 70 89 60 24 90 6 65 78 56 88 9 10 51 82 77 89 78 5 57 67 19 90 54 1 38 92 97 30 99 32 19 19 1 52 45 15 17 65 18 75 30 12 37 51 34 46 93 5 26 99 20 97 41 76 87 69 19 96 96 2 19 30 48 28 33 35 43 86 37 61 81 44 16 23 22 88 38 63 77 88 79 85 48 71 54 85 71 5 22 92 27 91 55 31 85 2 74 83 87 8 24 95 42 10 96 24 2 31 25 55 41 96 25 93 14 59 73 27 29 54 33 22 90 90 32 19 27 71 23 44 93 81 69 56 99 75 19 29 37 16 45 70 7 31 17 53 82 59 97 67 29 43 35 62 40 14 21 72 81 10 22 98 73 34 44 81 21 89 70 80 84 41 60 42 96 5 41 34 75 30 72 21 44 40 40 98 62 75 45 13 92 36 70 0 25 90 37 33 19 76 27 62 18 0 20 89 47 76 15 72 37 61 61 92 58 62 96 8 95 14 74 53 84 47 35 3 44 33 20 59 79 6 72 27 9 80 84 85 29 14 89 43 42 99 44 6 22 99 83 18 68 66 95 29 48 18 18 36 8 11 77 22 25 97 16 62 14 30 64 88 93 67 81 55 11 88 13 37 1 25 45 82 68 27 44 89 53 34 81 25 57 65 12 79 22 41 34 29 15 61 20 10 61 57 70 23 67 0 45 82 30 56 95 92 8 21 69 41 42 29 25 2 57 
30 41 2 14 8 8 54 20 77 28 49 61 26 3 96 16 36 98 57 54 51 71 82 56 37 74 8 32 10 46 37 57 39 64 15 44 84 9 2 61 15 44 92 98 53 62 94 90 23 13 97 57 50 18 83 3 54 39 4 78 33 73 32 4 46 30 65 69 28 49 41 88 65 8 42 48 31 90 41 46 17 14 92 30 69 77 30 34 81 28 59 13 95 32 65 99 41 69 18 16 49 64 43 16 53 44 92 62 67 99 29 64 71 6 84 5 5 86 64 20 88 89 58 41 43 52 10 69 40 62 24 22 62 62 47 47 99 56 50 65 41 65 21 15 60 43 34 56 29 19 61 62 42 18 37 73 61 94 16 28 17 38 24 31 63 15 98 73 78 32 84 24 49 96 14 28 28 63 58 28 93 78 65 79 68 91 55 29 54 13 66 84 78 7 42 58 92 59 44 12 34 73 41 12 64 68 12 54 76 48 56 76 62 1 59 52 88 73 22 70 97 32 82 34 23 63 54 95 2 30 1 37 67 97 94 9 1 54 87 2 35 4 52 62 7 23 28 49 53 34 36 96 14 77 86 66 78 49 27 7 56 96 57 15 42 5 0 2 25 24 47 39 61 78 17 54 48 12 61 65 71 4 46 14 6 35 39 59 33 88 10 66 94 26 0 99 50 14 1 19 74 83 35 90 43 38 80 61 17 67 15 48 19 21 88 9 52 26 37 82 71 22 75 51 73 18 57 4 79 54 93 98 66 4 69 3 60 63 21 66 55 22 85 43 28 75 54 1 76 70 12 62 5 74 78 51 52 37 25 32 10 75 94 12 33 21 63 49 56 51 8 27 81 8 2 46 26 4 51 53 14 19 99 16 74 48 31 26 12 16 68 11 86 4 6 48 81 68 74 57 
67 17 28 41 96 89 65 48 74 30 76 69 79 57 8 51 14 64 97 43 3 49 90 58 43 21 51 59 96 79 58 46 94 53 87 14 75 25 15 62 18 88 46 62 30 68 77 0 53 58 58 10 91 66 95 49 49 53 39 80 78 20 42 29 96 71 11 26 70 49 56 24 77 98 95 48 4 0 19 19 16 50 84 12 55 94 26 83 97 10 30 49 65 89 56 5 62 64 13 61 17 83 32 97 56 28 11 54 79 1 50 19 90 72 32 73 16 61 28 85 42 51 42 78 47 52 34 67 7 74 93 14 93 56 91 65 57 26 4 13 85 52 53 73 88 77 10 20 5 90 49 66 69 84 10 20 55 36 13 62 79 90 71 17 85 92 48 37 47 92 68 65 26 95 18 40 53 27 13 94 2 75 41 99 89 97 53 3 66 5 65 99 14 88 50 15 61 84 57 81 83 74 52 57 81 79 3 5 53 71 27 38 64 71 24 12 6 66 80 94 35 51 65 6 81 21 23 56 34 18 72 52 51 36 56 77 14 13 1 11 88 6 50 41 21 2 21 56 24 44 19 70 26 34 95 6 43 95 71 95 59 52 54 67 38 22 36 22 29 71 76 59 19 42 39 58 24 88 30 75 40 33 50 78 19 14 1 8 24 96 56 29 4 72 30 61 81 97 64 60 74 31 95 69 65 77 34 94 26 17 45 70 41 86 8 43 3 15 4 15 9 26 62 29 82 0 34 99 90 67 35 2 14 64 96 24 10 85 98 89 97 42 99 65 15 40 14 61 45 25 24 88 77 71 31 72 52 87 0 65 28 93 63 65 21 9 53 28 30 60 45 22 84 81 63 75 43 77 41 35 22 69 21 42 4 30 17 45 14 17 1 38 91 52 14 40 77 8 7 11 
66 9 9 86 43 83 79 5 0 31 15 45 60 33 22 50 27 18 65 41 17 73 77 51 68 98 40 92 48 96 6 90 86 56 11 40 47 32 21 51 54 16 48 76 25 38 92 80 8 1 7 24 51 5 40 95 10 73 83 60 73 41 66 44 48 73 91 57 43 45 35 0 38 30 10 88 33 69 0 51 10 94 59 37 91 28 70 86 61 64 70 93 37 15 6 71 46 15 9 12 87 0 71 28 11 51 83 80 38 12 79 44 18 57 25 92 78 54 86 30 30 42 44 75 71 50 48 63 95 20 12 26 20 79 81 72 61 77 77 61 46 49 8 26 14 70 60 15 78 31 73 57 51 29 38 69 51 46 18 37 44 75 34 23 89 93 87 56 5 51 14 79 37 99 62 94 9 93 41 63 58 4 23 87 55 24 40 76 61 35 45 97 31 81 61 2 54 85 15 63 18 65 6 89 69 5 88 31 76 70 32 43 70 47 96 33 31 79 86 71 34 50 93 6 95 88 98 3 88 1 59 66 40 63 55 51 12 53 3 78 13 26 49 97 7 5 88 95 33 94 35 39 45 85 65 52 65 61 4 8 74 48 85 28 71 69 12 6 49 86 59 2 82 67 28 9 40 54 66 0 44 85 33 35 50 37 31 45 67 52 61 70 4 2 26 6 72 55 44 62 41 16 80 24 7 50 56 72 22 67 0 28 37 16 10 24 14 35 65 55 20 58 99 52 86 3 21 76 34 45 48 38 91 23 26 28 71 16 11 50 79 50 60 25 82 67 19 78 80 37 80 38 40 89 4 56 5 55 44 41 42 75 64 91 47 47 24 81 54 15 51 50 85 9 59 84 13 2 96 8 4 37 56 11 72 11 46 58 56 98 73 93 39 2 60 88 73 64 8 80 
28 89 29 53 60 14 72 28 90 98 64 34 19 93 8 49 51 66 85 75 12 68 53 17 69 92 83 2 74 50 80 8 29 52 76 10 30 3 85 71 68 81 37 49 4 95 94 49 77 16 99 99 92 69 4 21 32 98 38 13 33 9 76 78 22 42 82 86 37 43 80 45 95 28 77 21 47 66 0 99 79 35 50 61 60 1 10 36 61 21 18 8 47 49 42 22 99 74 53 80 68 70 46 15 15 32 33 57 85 61 87 42 44 49 60 34 56 33 94 83 79 75 29 83 54 7 21 94 10 15 87 69 20 83 75 29 37 31 9 74 61 34 19 51 24 65 63 97 1 63 86 10 6 94 35 7 8 85 92 13 5 79 26 5 68 48 95 30 60 83 29 60 67 72 96 17 63 71 16 71 58 24 12 20 59 24 22 56 37 89 8 49 27 65 6 75 32 64 38 15 12 59 0 46 39 59 86 25 70 7 30 47 71 13 5 5 76 95 56 13 16 49 57 99 45 49 81 12 8 27 35 7 17 46 87 32 90 79 60 15 44 25 3 98 93 93 1 18 68 86 95 3 96 3 95 14 26 95 57 55 77 33 91 87 28 82 39 67 11 84 95 86 82 29 17 95 23 59 39 35 96 57 13 90 12 81 17 7 30 47 96 81 90 11 82 58 25 86 58 67 7 55 71 26 43 71 9 92 5 73 61 87 22 52 38 13 69 49 53 77 45 97 8 45 48 87 48 49 14 90 64 59 25 38 68 84 11 83 67 74 60 62 45 31 69 63 88 16 89 38 1 17 88 22 26 40 94 54 73 12 65 78 35 8 57 82 5 28 34 17 35 75 55 49 40 82 86 98 30 56 3 76 34 75 38 76 69 33 84 4 36 54 77 50 97 90 75 31 36 53 
21 6 9 99 34 28 62 9 84 13 19 25 56 59 56 58 0 36 11 34 18 62 58 76 75 86 99 47 28 66 19 12 75 28 36 89 85 22 35 75 71 80 96 90 67 46 42 62 40 55 10 56 9 82 64 69 45 50 9 74 75 93 83 45 96 81 85 34 13 19 14 33 15 55 21 28 4 68 42 8 56 71 43 57 44 22 43 46 37 23 15 29 56 90 56 86 9 43 80 94 93 75 60 59 77 74 78 86 12 46 34 76 40 6 10 33 27 68 58 46 95 63 57 49 56 0 42 58 1 76 93 32 18 10 6 52 16 58 30 89 77 73 39 33 74 58 63 55 71 74 44 66 22 83 62 45 66 26 40 75 24 90 88 92 54 77 50 5 16 5 34 33 69 5 45 72 40 17 37 68 98 91 32 90 86 8 12 66 94 46 27 10 87 11 76 56 52 26 60 97 26 68 31 57 0 30 76 77 45 46 94 24 47 39 95 97 79 12 5 71 92 27 79 22 97 46 95 45 65 10 14 69 21 80 11 69 25 5 95 55 94 96 40 14 95 97 9 51 94 21 93 25 89 9 76 32 86 86 31 22 31 10 18 48 69 55 22 26 80 80 0 70 50 97 76 6 36 19 18 13 78 5 54 99 24 28 66 51 51 5 88 24 33 76 53 91 3 91 98 84 45 44 25 43 73 64 50 73 5 84 1 99 79 22 43 10 86 52 37 44 14 22 64 30 27 21 35 6 50 35 89 78 45 14 39 90 84 93 33 99 87 40 80 12 69 43 75 10 34 81 8 70 94 9 38 90 54 58 48 96 62 47 5 49 47 72 85 78 29 96 15 35 73 31 37 85 85 51 15 58 80 51 8 78 4 86 9 96 93 34 84 18 24 38 68 45 35 36 73 68 
91 65 6 46 67 38 65 38 55 84 15 91 8 90 97 8 18 53 30 13 72 92 30 55 11 70 58 21 97 21 81 11 35 12 3 99 17 35 24 14 5 93 47 52 19 66 75 19 71 63 41 85 63 42 19 80 63 50 73 5 42 7 63 48 99 93 54 75 88 67 78 81 53 78 2 22 20 75 42 68 95 46 34 55 15 27 47 24 80 70 0 70 82 5 69 47 42 53 94 90 15 42 58 68 14 87 62 60 32 78 69 66 83 87 88 12 24 55 50 76 23 70 42 24 43 97 55 63 88 10 81 67 82 1 69 55 64 52 53 95 21 37 65 46 86 83 37 19 28 98 64 11 83 38 24 18 99 58 83 8 22 73 21 6 54 82 15 85 8 85 96 66 65 14 74 35 20 12 63 45 77 96 97 2 45 47 90 13 97 32 48 55 87 95 79 49 34 59 40 87 9 51 63 19 52 31 44 82 30 71 7 66 70 21 60 73 19 83 72 40 66 27 13 64 59 46 67 37 74 2 56 17 28 92 41 39 48 50 59 95 51 5 93 33 44 77 34 75 15 47 53 4 44 52 15 22 75 80 89 97 39 81 11 53 19 37 44 20 99 25 70 69 51 73 33 2 85 32 35 49 1 60 2 89 17 45 94 70 94 96 65 86 68 99 24 66 1 95 34 30 28 14 70 60 91 18 90 6 91 54 51 58 8 88 80 78 13 79 57 44 44 77 2 43 13 56 16 14 83 24 60 76 68 72 52 13 26 98 49 17 70 80 69 27 60 13 61 3 71 26 82 31 78 93 61 74 7 84 79 50 71 98 62 7 34 19 10 0 72 20 14 82 40 40 19 67 77 1 73 97 43 55 51 15 43 87 90 95 88 18 41 81 31 39 28 79 46 75 12 77 
10 72 9 54 99 0 95 83 7 66 70 72 25 36 81 33 15 27 89 67 47 56 65 40 62 53 65 55 45 92 60 62 79 62 78 60 59 58 30 67 95 70 18 43 26 3 60 49 98 89 45 18 13 93 21 14 85 95 6 71 5 54 60 66 79 74 16 1 2 76 92 38 45 27 75 35 65 90 44 82 25 37 64 55 96 94 43 52 86 1 32 40 56 77 89 83 74 12 9 89 66 84 20 4 87 96 15 80 38 31 29 9 23 15 40 23 19 85 8 57 12 54 45 46 66 9 23 5 89 28 91 3 91 8 92 67 83 53 66 81 90 21 10 65 13 47 86 42 78 27 24 58 4 24 33 48 50 34 78 78 43 90 51 68 31 11 50 12 88 26 46 86 39 27 88 7 77 77 34 70 86 80 70 39 97 94 74 79 68 97 6 71 17 46 1 79 56 48 43 58 55 55 22 80 20 43 99 87 98 62 36 78 98 69 0 43 23 96 58 15 88 44 62 47 85 97 68 45 9 13 55 39 91 28 81 27 38 0 15 40 9 8 99 72 83 84 28 34 6 46 38 98 63 84 35 23 85 21 2 41 79 29 41 83 72 53 32 90 51 90 48 66 16 4 81 69 15 50 15 74 3 5 78 55 84 98 89 74 49 83 69 20 33 84 27 79 98 18 71 82 58 73 41 87 46 55 60 56 20 20 17 41 61 87 2 12 91 92 20 34 3 96 94 9 51 2 71 3 34 60 42 82 72 41 43 44 55 47 1 33 34 17 30 39 57 53 50 6 33 76 28 59 1 86 17 9 89 67 38 86 67 29 48 15 11 18 42 76 32 82 23 2 67 92 53 65 61 80 81 12 73 57 16 30 27 31 33 28 16 68 96 21 53 30 42 45 46 97 26 40 
20 79 96 9 45 99 88 38 7 26 77 51 15 7 94 19 23 58 56 13 47 87 45 87 37 12 33 75 86 96 51 87 63 37 46 70 3 21 73 35 91 68 36 10 80 29 68 53 31 70 20 53 39 77 29 93 94 73 79 49 25 72 81 91 29 6 82 82 22 42 17 92 67 31 46 58 26 65 87 21 50 97 14 11 26 87 87 66 28 31 24 56 94 78 11 84 83 17 36 41 93 45 64 64 53 18 81 98 32 14 98 62 41 74 10 92 26 63 68 27 72 80 6 52 9 32 78 19 52 18 92 22 88 44 93 68 29 52 0 79 47 80 23 81 63 57 36 71 63 91 20 20 49 2 75 40 59 19 18 12 57 5 18 73 19 86 58 43 65 39 14 53 37 63 84 65 64 18 71 1 7 45 63 80 15 60 37 93 15 24 7 62 13 54 73 84 83 52 77 54 67 30 24 15 73 63 38 0 60 41 49 42 8 75 85 63 87 62 18 59 25 30 52 66 96 61 98 80 47 84 75 52 62 93 14 66 79 12 81 55 92 62 56 25 94 55 77 23 40 36 62 25 46 16 71 7 10 70 57 68 64 27 80 50 43 48 24 49 84 43 45 28 27 65 33 22 99 99 68 29 14 89 71 23 48 32 10 94 92 37 34 58 25 57 51 16 29 26 45 81 99 82 66 39 98 51 35 83 77 46 90 80 41 16 60 22 82 89 90 59 69 71 29 98 38 83 26 77 0 46 23 85 77 94 47 31 95 34 80 61 55 72 79 98 86 54 68 66 5 99 67 25 62 62 65 81 51 79 39 14 0 69 88 58 84 8 97 9 41 11 30 87 6 17 3 59 68 92 88 38 59 74 68 4 89 47 52 75 61 50 95 2 98 76 57 39 30 82 92 28 
81 63 71 59 45 53 5 0 76 70 28 99 23 22 23 70 64 83 84 15 39 5 6 38 61 63 70 73 39 42 48 73 93 84 41 57 36 52 95 81 52 72 88 80 26 87 62 16 59 4 42 18 5 11 48 45 14 10 50 80 41 14 49 52 16 88 32 30 87 50 87 85 38 70 51 54 75 41 54 61 44 32 30 71 56 71 4 0 79 42 75 19 50 56 78 92 82 33 22 38 15 51 30 52 6 81 54 69 86 60 39 46 49 66 99 67 30 23 60 75 6 1 7 91 22 55 65 18 83 29 10 8 51 23 79 84 14 39 22 12 87 81 25 42 65 89 26 41 82 2 2 61 39 81 63 71 91 67 64 73 12 99 11 16 3 67 24 99 92 94 97 43 87 42 55 35 13 3 72 38 41 72 91 10 84 20 15 8 3 79 40 93 85 19 30 76 24 49 23 77 92 76 7 67 69 12 47 41 72 87 15 74 17 32 87 63 43 76 51 58 81 45 61 8 44 77 91 38 45 67 41 91 60 35 6 60 97 64 15 2 86 5 23 4 61 16 85 20 44 87 14 16 30 16 26 64 99 45 5 30 74 51 42 64 42 98 92 69 12 28 16 75 60 5 86 29 74 20 91 69 9 7 33 86 60 76 76 37 85 42 2 89 0 67 62 86 74 45 59 55 33 74 5 50 24 79 6 84 99 6 71 56 92 39 25 13 66 78 56 60 63 7 96 22 54 73 41 94 22 35 45 82 92 0 44 71 41 7 13 18 88 35 2 88 72 3 24 17 81 32 40 89 91 57 60 78 80 67 18 90 80 82 14 21 30 40 95 38 64 13 17 82 41 35 92 23 58 31 86 21 23 23 44 35 56 25 82 17 99 8 43 62 3 41 16 84 34 21 28 41 
43 41 87 37 3 66 20 81 17 75 53 94 83 63 22 3 71 95 6 66 46 88 26 93 76 88 50 60 36 75 9 31 57 47 38 82 29 53 72 3 49 67 19 39 65 65 60 20 46 99 92 30 29 30 20 52 41 79 39 41 80 30 78 82 78 72 80 62 87 18 66 25 78 19 1 41 86 39 84 71 84 18 23 56 41 92 12 3 9 86 56 62 87 78 13 55 75 70 3 25 22 86 91 2 93 31 31 20 73 63 20 99 49 82 0 29 80 65 96 61 9 34 65 32 56 15 92 73 43 47 52 58 21 46 75 15 41 15 65 71 30 79 64 69 2 37 47 9 61 69 62 6 75 21 78 66 32 33 33 12 38 21 59 94 56 17 10 36 67 31 43 63 74 97 54 72 30 9 72 95 5 57 43 72 30 36 62 21 38 20 50 10 81 30 76 68 4 54 63 28 73 24 24 7 68 87 25 89 17 44 67 95 82 83 39 12 58 48 38 61 6 68 68 25 83 56 6 93 24 75 4 75 61 84 58 20 16 59 16 24 40 33 83 26 39 64 86 13 8 39 15 89 16 33 78 5 88 69 43 89 84 31 35 90 27 57 43 93 71 16 4 72 70 83 86 76 32 84 23 44 87 43 83 85 25 36 42 95 97 16 93 10 65 6 1 5 89 97 0 59 28 62 37 54 43 52 62 40 34 28 28 68 31 6 22 66 68 95 58 23 9 29 25 95 25 48 9 79 1 78 68 89 95 1 63 45 19 47 20 23 56 42 47 7 41 62 2 60 57 32 59 12 16 88 19 14 35 73 9 61 43 23 73 64 56 1 1 46 23 88 87 37 26 8 61 69 8 21 5 98 17 97 17 74 6 57 46 52 76 61 19 22 85 99 29 72 44 62 41 81 
6 47 9 97 81 72 90 23 20 81 73 57 19 40 72 47 28 12 32 60 42 24 93 95 97 96 33 72 98 52 41 33 13 8 52 95 36 80 57 29 26 85 64 85 7 11 36 56 25 49 83 35 36 6 53 31 42 49 5 33 39 35 98 6 87 75 5 0 51 43 52 34 36 93 54 69 10 24 20 88 70 44 64 48 42 87 59 43 13 74 85 98 97 43 7 65 96 64 4 84 31 4 5 47 25 13 13 37 31 62 41 49 62 21 91 8 53 7 77 99 29 39 96 84 50 73 6 30 4 44 77 94 27 5 13 63 22 37 24 62 82 69 55 71 29 56 31 67 76 43 70 58 2 60 84 78 86 19 33 76 4 25 36 19 99 21 12 71 25 5 90 88 27 56 82 79 27 38 10 16 60 1 77 37 8 65 79 81 36 78 94 76 15 76 12 18 19 92 6 15 89 5 72 30 3 69 82 85 41 5 34 87 99 23 35 75 20 38 34 96 44 75 35 18 53 42 26 64 40 90 34 66 66 9 46 49 25 51 18 28 82 79 64 85 35 43 56 37 69 7 53 36 98 4 69 53 27 85 14 96 89 55 41 48 37 6 76 8 22 43 55 1 58 62 52 26 20 71 16 46 48 49 59 21 98 55 79 21 76 51 36 35 43 55 43 46 73 62 45 84 65 87 29 91 6 76 30 29 80 5 98 79 11 26 30 42 57 87 87 87 32 30 68 5 49 94 88 0 79 62 26 21 6 88 12 39 21 51 86 23 25 51 87 39 8 11 96 36 31 87 15 71 56 68 77 1 7 41 96 9 49 43 76 42 5 86 12 80 95 9 27 44 74 76 40 55 19 33 74 42 86 45 24 52 71 88 44 32 57 94 59 30 77 51 69 39 71 53 40 71 
80 13 50 99 92 44 79 43 14 30 68 9 36 48 78 67 25 98 9 41 20 22 0 39 83 20 37 17 23 58 78 28 93 11 99 4 86 91 32 10 95 60 66 29 72 16 41 75 67 85 96 85 27 90 84 75 81 96 62 52 21 3 44 86 42 67 10 52 76 13 65 57 58 26 11 61 95 33 48 61 67 23 81 23 18 60 43 98 81 9 46 27 42 58 91 9 97 93 3 75 26 42 44 71 57 83 1 77 20 51 9 96 28 31 60 24 50 30 13 93 54 38 47 31 37 21 43 19 24 53 49 8 49 38 75 1 14 1 50 22 71 86 62 17 47 13 16 96 54 94 66 68 33 11 39 32 38 26 27 57 50 23 77 32 96 97 96 83 40 99 27 48 84 54 88 76 14 54 54 54 6 82 9 90 45 36 50 33 54 4 9 26 31 95 99 34 36 47 51 44 44 77 87 46 76 4 35 20 48 88 62 91 95 53 23 48 10 40 30 14 4 87 19 16 16 45 15 39 43 80 54 4 29 19 8 17 70 46 86 54 29 96 84 2 87 99 88 89 49 98 82 28 88 2 62 43 16 97 9 83 76 89 87 72 91 25 80 0 6 93 67 37 2 46 79 24 29 12 88 86 36 31 25 3 14 79 78 48 40 60 88 41 0 96 4 80 90 7 88 76 65 26 96 90 2 19 33 72 74 79 47 31 13 80 0 6 39 13 74 27 18 52 78 93 61 59 95 19 47 97 0 69 42 19 6 52 93 9 80 63 24 94 52 79 48 33 71 14 62 96 32 67 48 79 89 97 14 32 17 38 77 40 68 38 41 50 25 92 4 98 41 56 90 9 33 38 4 26 50 6 28 52 98 81 54 95 54 50 27 37 65 40 24 98 68 88 79 25 88 98 
54 44 24 20 33 78 20 9 69 11 4 75 24 41 93 36 54 2 56 55 48 60 41 54 25 48 59 94 51 86 65 53 27 93 24 63 83 54 46 16 99 93 54 17 18 20 5 25 30 18 69 58 2 87 11 36 47 83 23 40 97 4 62 25 68 35 91 32 90 21 47 74 39 18 41 35 22 75 26 99 22 9 15 75 89 69 48 25 51 9 58 52 2 86 56 80 80 48 55 16 46 31 98 88 64 88 91 41 93 95 83 31 32 26 39 35 23 22 92 57 59 20 53 28 93 2 27 67 31 87 41 78 86 1 40 90 46 17 16 56 34 1 41 21 26 65 5 69 98 62 55 58 89 86 11 40 46 55 59 65 86 24 53 55 90 9 22 62 14 3 18 72 89 11 69 88 63 74 65 19 49 5 85 9 20 97 30 69 45 13 35 7 64 15 19 58 18 41 90 19 95 93 15 20 51 79 69 12 32 48 19 66 25 95 65 49 93 24 84 67 23 44 81 84 85 96 86 72 75 39 64 95 77 14 13 77 23 51 49 99 12 2 26 65 85 48 84 75 75 86 42 97 19 48 19 78 29 55 88 57 8 17 34 79 76 44 38 91 17 13 55 39 15 61 95 9 33 40 30 42 30 85 88 59 54 58 46 29 37 92 43 76 45 54 90 90 69 10 34 17 26 80 97 84 13 34 22 73 53 83 99 92 15 40 62 31 91 36 26 99 44 59 24 69 90 57 30 1 95 88 35 15 89 63 60 11 39 13 91 63 6 85 19 29 17 15 87 95 42 47 62 41 15 88 90 53 28 4 16 39 55 2 92 58 18 44 64 15 88 6 70 31 63 23 89 79 84 62 45 39 59 19 92 2 8 96 23 48 86 2 17 97 8 24 8 90 42 34 65 57 
16 38 14 70 8 35 15 23 56 77 30 96 43 49 90 79 77 45 17 50 37 91 4 82 46 78 76 26 31 77 23 81 8 11 1 44 70 63 35 3 74 40 95 37 37 27 33 3 38 16 62 25 64 43 51 67 85 69 8 95 4 17 65 26 75 14 57 60 56 77 90 51 33 48 44 75 61 83 69 20 65 6 60 52 63 98 36 76 74 15 0 92 18 62 61 85 25 20 63 63 82 83 59 87 29 11 68 30 52 72 50 70 32 58 3 49 42 92 72 92 84 21 35 94 47 52 41 45 27 44 23 76 45 83 60 22 83 90 77 25 53 17 59 18 71 31 37 5 86 93 43 92 20 4 86 12 42 95 14 15 76 21 56 60 20 15 75 28 10 62 69 65 52 44 89 20 40 3 25 51 90 6 69 39 44 98 42 36 99 64 19 94 0 69 71 82 59 10 61 98 23 17 93 89 85 40 0 19 65 97 18 95 99 29 73 22 14 52 13 91 91 61 70 75 16 55 97 19 59 4 42 16 92 97 53 46 33 93 88 20 29 20 21 83 95 27 49 52 85 31 95 15 69 91 13 70 7 59 44 55 62 61 46 89 19 24 73 92 51 87 85 14 9 30 90 32 44 69 91 70 38 18 38 84 29 23 33 86 81 76 48 13 55 13 37 50 35 4 92 90 8 42 95 86 80 30 37 41 58 49 0 0 16 72 44 13 80 91 18 52 42 56 63 57 3 56 50 22 61 56 44 76 19 10 89 44 10 40 57 8 87 33 44 61 55 75 39 63 41 97 92 87 91 26 27 93 16 22 54 18 16 52 75 31 8 39 76 19 27 32 99 77 65 47 62 62 56 54 61 62 76 40 14 68 19 63 70 67 13 3 57 41 80 75 22 71 43 45 36 67 
24 22 3 29 36 21 64 34 46 17 6 16 62 15 50 30 83 93 34 31 62 27 3 88 94 95 40 87 9 76 49 1 52 79 89 88 86 14 92 70 13 92 92 40 50 56 98 98 98 57 20 46 8 22 4 75 28 27 3 16 97 44 66 93 60 85 33 85 17 18 31 13 73 51 18 52 40 26 27 55 44 15 15 11 38 77 11 13 81 71 41 61 12 98 45 34 54 73 99 25 72 25 97 4 7 18 7 45 9 85 13 6 25 71 57 71 53 18 10 67 74 75 67 71 0 80 8 13 8 23 66 51 76 91 78 70 54 33 32 22 11 61 96 15 78 50 4 6 31 67 23 60 33 68 85 70 91 68 16 1 86 32 39 52 28 72 97 64 47 84 89 24 13 82 55 37 62 86 1 39 62 46 43 9 37 96 79 49 25 36 1 35 79 78 38 20 8 56 84 62 17 7 26 34 24 4 75 49 37 69 48 67 81 9 97 17 30 88 93 80 48 62 95 3 43 91 7 54 4 31 1 31 20 55 74 41 2 19 72 86 88 65 97 61 1 10 87 13 17 21 18 73 58 17 37 20 26 46 38 62 89 49 49 96 8 30 90 76 14 83 70 9 94 28 15 98 13 35 11 84 97 85 4 77 26 8 64 23 8 34 78 93 38 94 63 4 98 82 47 77 4 21 25 33 31 57 32 65 17 67 78 7 98 25 81 87 5 73 57 7 94 33 65 3 80 18 85 28 61 77 3 53 97 51 0 35 68 68 54 19 98 90 60 50 77 98 38 65 22 51 25 92 84 66 17 55 49 38 57 95 37 97 38 26 60 62 61 43 35 24 14 96 11 20 69 68 85 75 14 83 53 10 87 56 72 37 75 18 59 68 92 30 55 4 22 88 73 71 6 80 
95 75 96 35 28 5 21 14 98 11 35 90 83 18 94 97 16 2 66 72 38 22 6 73 9 48 69 6 61 64 40 59 97 16 67 17 29 25 63 23 25 80 47 6 74 11 1 75 35 33 36 32 88 46 51 59 54 56 57 53 27 59 71 83 95 91 89 97 75 92 84 28 1 65 83 90 36 21 69 3 74 46 87 58 91 86 83 48 71 72 8 44 19 70 42 45 96 96 0 4 37 18 76 17 90 70 95 78 57 48 58 89 7 45 36 15 42 21 93 90 38 56 66 68 94 47 34 64 73 40 33 41 64 15 31 65 81 11 55 16 32 88 68 28 5 82 91 79 46 58 10 22 94 15 1 89 23 69 32 81 92 13 68 53 50 23 45 8 28 55 54 81 37 6 67 41 97 21 44 29 18 43 99 43 40 43 96 42 22 16 18 27 15 56 77 24 33 87 85 39 14 21 38 0 96 96 58 71 9 78 7 86 86 47 93 75 35 12 54 72 16 0 53 27 66 61 79 77 33 45 88 42 44 2 5 71 38 87 18 55 28 18 79 13 91 46 99 94 71 12 68 94 12 33 92 61 59 1 19 12 9 39 58 56 92 47 4 30 10 72 55 84 2 87 45 11 15 12 24 37 32 12 82 37 58 55 1 32 76 26 57 2 1 71 7 46 21 52 43 58 64 46 53 7 76 47 45 23 57 49 43 64 63 68 28 64 14 78 42 37 25 42 9 27 93 15 79 99 59 61 9 39 69 96 60 31 85 76 35 34 54 93 5 58 7 48 21 84 89 74 88 91 72 35 43 42 17 73 22 96 27 3 16 68 36 16 63 21 29 36 95 36 92 16 94 28 64 5 67 8 98 83 75 7 15 39 47 40 46 47 55 73 76 52 58 78 21 61 88 65 
5 66 20 92 2 87 30 69 99 37 20 25 69 45 79 17 14 5 60 57 0 72 99 21 14 66 20 12 25 86 93 74 32 25 63 75 92 36 0 74 71 62 93 63 11 33 43 11 51 97 79 36 41 48 14 60 50 87 38 83 94 45 7 85 62 55 96 96 47 64 2 18 32 78 81 25 7 13 16 72 12 30 16 25 79 7 60 32 51 37 36 15 19 25 29 89 39 11 7 12 66 72 94 42 31 99 2 20 22 22 50 70 36 70 39 17 33 81 68 66 77 54 89 3 69 10 65 7 72 65 40 82 25 22 77 38 43 88 22 31 62 97 65 2 96 28 68 76 4 66 72 21 21 60 95 19 90 84 17 11 28 37 27 75 77 44 55 89 40 56 35 15 81 37 85 55 91 32 42 73 30 58 42 75 66 58 0 40 41 31 30 0 36 63 15 99 21 33 63 7 23 65 11 71 42 73 38 38 13 94 54 21 38 53 19 32 60 0 9 86 58 67 48 62 55 27 41 69 1 84 47 21 15 58 83 72 22 39 19 18 50 6 20 39 89 11 47 21 76 86 41 80 90 41 19 78 69 33 97 9 38 23 17 59 8 27 98 30 40 98 61 56 55 45 36 20 97 24 6 93 52 0 74 91 96 95 63 52 94 62 23 85 99 77 54 97 18 80 58 96 28 46 36 0 71 65 22 68 17 85 11 26 51 42 34 90 13 78 31 11 71 44 14 66 28 70 42 41 90 73 17 35 63 78 84 89 70 75 85 22 13 84 83 17 66 24 38 26 23 35 52 40 3 64 56 31 81 58 4 86 63 46 84 10 0 88 45 87 21 64 15 30 2 11 10 57 51 78 86 87 88 8 50 15 22 83 47 34 27 97 30 86 74 20 87 66 39 71 66 47 
51 34 58 18 35 20 52 27 53 16 66 36 80 75 25 67 57 79 44 31 77 43 14 14 81 65 6 50 88 83 96 49 20 75 47 79 84 1 37 34 84 66 18 73 81 74 9 88 59 82 55 27 56 48 53 73 46 34 8 55 8 17 88 28 13 53 97 20 94 5 33 4 81 73 69 12 85 15 73 91 12 34 39 94 31 0 47 19 21 28 47 8 94 95 95 9 41 54 82 50 56 19 71 57 79 27 1 66 36 37 59 48 29 29 82 79 82 15 68 2 17 97 97 14 63 38 44 44 48 45 24 92 38 93 92 38 2 6 12 98 80 12 73 22 13 6 14 75 1 46 20 60 78 42 19 21 1 70 30 72 3 41 36 0 88 78 4 15 11 64 23 2 15 75 64 30 64 57 24 73 57 75 46 21 72 44 56 44 78 44 16 57 69 8 82 10 99 22 51 43 85 43 73 86 48 64 47 83 46 53 20 82 33 15 27 74 31 66 78 44 42 10 3 56 42 93 78 96 7 41 80 75 40 98 24 95 0 82 76 50 48 52 94 41 53 51 11 94 84 55 3 88 15 22 63 81 39 24 60 3 58 15 77 46 81 32 86 53 97 61 37 86 90 21 25 39 22 25 18 50 83 41 5 17 67 30 4 67 78 81 19 57 82 88 60 21 43 99 24 51 86 70 59 40 82 48 83 99 87 87 4 70 42 67 6 78 14 48 33 11 1 56 32 18 82 8 22 55 90 34 94 57 48 39 70 20 66 70 86 55 76 12 92 65 43 93 55 60 46 27 68 60 16 61 28 22 6 83 55 25 78 21 32 17 85 65 34 53 45 33 39 12 62 76 11 12 53 27 47 27 33 78 55 59 54 53 56 47 51 90 54 67 64 28 29 44 72 80 87 28 
83 6 69 20 60 22 61 74 77 61 4 82 26 83 83 40 43 6 19 44 20 71 89 72 91 35 99 97 29 81 64 20 5 5 22 31 98 92 42 4 6 35 96 34 50 53 8 90 39 77 72 71 97 67 94 25 72 74 4 38 89 26 10 34 66 95 28 8 48 25 58 82 32 37 80 2 44 32 21 57 95 39 90 93 11 51 42 97 42 93 97 7 63 77 2 93 46 86 77 20 63 61 84 43 71 7 36 11 88 64 20 14 54 78 2 49 69 93 9 21 33 88 50 49 39 92 85 14 22 76 3 43 70 72 30 79 72 97 60 92 46 21 3 21 92 32 24 88 87 99 7 52 37 36 50 16 50 97 78 5 33 7 30 96 78 94 78 76 6 44 35 54 91 15 71 29 10 51 24 61 98 40 51 35 79 63 79 3 75 82 68 29 43 77 8 99 69 64 9 39 77 98 67 76 38 51 64 83 71 73 21 65 73 15 27 73 6 46 63 43 70 37 10 38 81 24 64 90 10 16 78 3 82 29 78 79 16 99 58 15 35 81 24 35 32 62 89 60 30 78 55 43 36 49 33 50 2 42 49 2 6 83 75 85 80 83 45 91 99 32 60 48 87 70 30 80 40 12 30 45 24 97 23 20 52 74 65 62 90 70 36 86 79 33 58 36 55 26 63 15 73 55 24 98 41 94 81 16 4 65 42 38 55 29 59 29 42 64 6 37 58 64 13 91 92 99 93 58 92 40 86 28 66 2 96 70 76 12 13 34 12 85 24 71 51 77 70 67 42 3 91 24 45 96 92 48 21 75 10 43 98 87 12 77 20 7 33 28 25 40 48 98 28 36 78 99 5 28 54 38 33 43 61 66 19 86 68 91 87 27 77 44 45 46 67 23 21 72 90 55 
90 38 56 82 29 14 6 3 32 20 25 85 38 68 25 93 8 38 26 60 89 50 36 37 66 45 25 29 1 63 97 32 98 50 67 27 70 47 49 87 12 4 20 61 62 58 93 61 73 36 3 40 3 3 93 53 88 92 47 0 66 43 48 90 70 36 91 92 16 63 51 78 89 16 58 57 51 97 13 52 65 48 84 55 85 48 62 17 31 14 16 16 38 11 13 22 20 73 29 67 77 55 91 60 32 4 53 42 99 30 39 99 33 90 84 0 68 76 89 40 15 85 2 64 16 29 58 12 98 15 64 52 43 45 87 78 36 0 95 19 78 35 25 33 15 95 62 48 96 47 27 63 49 97 23 37 77 60 91 63 40 3 6 24 82 94 89 32 30 20 34 73 3 57 61 71 85 9 33 42 91 49 27 14 8 20 24 2 8 96 22 75 81 94 45 99 4 91 90 9 33 60 4 56 66 41 9 88 7 62 34 71 23 38 51 76 61 75 97 4 41 65 29 34 17 90 58 32 99 22 46 94 93 1 93 99 75 29 66 18 39 68 53 59 35 70 25 93 66 66 90 22 88 59 62 17 4 81 45 52 3 45 21 22 86 1 75 34 10 63 31 17 71 53 66 41 52 65 10 66 85 13 2 49 6 2 39 63 63 65 58 98 94 11 78 90 53 73 44 43 36 82 10 66 87 27 65 57 8 75 10 87 2 85 91 12 26 50 49 93 72 64 32 15 98 71 23 86 25 42 14 7 25 25 9 37 61 52 65 88 85 52 61 35 63 64 27 84 97 28 83 62 74 8 61 54 83 79 58 17 30 50 51 17 59 66 37 57 35 99 36 26 75 81 66 19 78 84 71 77 73 86 3 8 38 83 55 8 95 18 24 19 25 87 8 7 4 8 42 47 
8 59 96 98 44 76 7 99 51 59 70 74 24 13 7 63 62 84 11 77 60 68 33 50 93 59 92 81 99 87 72 82 9 74 54 9 43 54 58 94 44 87 90 72 62 30 28 48 5 27 45 0 17 13 0 91 46 24 29 52 97 71 14 31 61 63 1 2 97 28 72 84 19 15 49 34 77 51 6 43 56 8 96 94 79 65 74 49 25 49 65 76 61 96 90 18 48 98 55 62 7 13 33 70 64 70 89 69 75 30 13 51 62 3 86 46 4 4 12 54 65 89 65 12 31 26 58 58 18 63 78 49 94 52 28 76 25 30 0 24 36 82 61 1 67 8 25 85 35 74 36 26 62 46 17 28 63 29 15 55 12 62 91 26 14 59 87 53 16 90 95 24 82 54 61 40 43 99 42 14 49 19 71 10 8 3 57 70 86 2 25 74 97 80 34 70 73 41 68 38 40 90 5 29 87 60 66 13 23 68 53 78 76 84 16 42 88 96 44 83 79 7 55 35 74 79 67 60 89 41 4 98 66 22 84 42 98 15 60 84 70 56 62 92 55 75 37 45 85 37 92 94 26 73 79 49 65 12 2 17 21 1 95 86 20 26 66 76 44 63 67 76 5 17 56 17 2 33 68 71 40 94 95 65 96 65 3 17 92 8 2 36 10 60 13 14 29 90 80 14 92 80 79 37 46 60 12 17 14 31 18 62 56 11 6 68 64 5 72 98 3 13 88 54 39 26 33 17 6 55 2 13 62 78 27 5 39 38 90 31 62 75 95 11 33 21 65 16 86 55 66 77 41 56 32 78 4 35 96 55 33 71 96 8 46 97 40 5 92 53 74 8 98 3 11 45 63 30 91 29 95 5 36 58 77 18 58 29 45 59 87 45 17 75 45 4 85 45 90 60 
39 59 64 99 19 18 81 38 3 3 66 98 70 81 36 72 78 22 78 63 83 67 19 95 26 20 87 48 62 30 81 76 10 91 48 1 64 87 58 30 68 81 52 92 99 38 88 76 37 11 55 11 77 93 15 4 93 4 80 29 6 56 89 53 32 96 33 50 21 12 63 78 2 54 98 18 19 95 21 45 44 11 74 46 40 70 62 25 41 12 33 75 55 96 90 52 90 44 48 85 86 28 54 70 46 32 8 93 73 78 63 51 83 29 39 47 54 35 55 73 90 9 41 53 31 52 67 16 31 14 5 26 36 67 91 77 99 69 6 4 21 2 14 88 64 53 74 35 53 82 55 17 89 42 90 8 62 94 69 55 31 38 40 94 22 25 40 0 57 39 67 16 63 55 9 38 29 55 91 37 45 44 30 85 81 38 14 55 54 88 52 62 63 60 5 57 77 34 35 94 77 61 21 33 80 85 22 41 13 23 50 54 84 50 48 60 2 79 71 19 29 4 40 23 57 76 7 50 44 90 46 72 78 39 82 30 31 12 27 66 77 93 70 30 68 31 81 87 21 92 67 99 19 72 92 50 76 98 39 22 43 53 47 73 72 56 55 28 53 17 69 65 47 49 52 12 77 78 4 29 28 53 31 32 94 26 74 79 5 82 13 56 6 51 14 90 67 50 59 86 93 46 32 53 41 59 88 24 61 53 62 11 82 54 14 66 80 61 16 96 62 40 97 81 14 45 61 75 68 4 72 69 43 80 99 35 75 7 18 32 90 15 71 12 64 35 82 52 72 9 23 56 26 97 43 65 86 25 71 71 70 14 20 84 7 99 92 34 56 90 73 37 7 88 15 5 20 88 25 19 83 62 35 29 1 55 54 15 90 48 31 11 34 96 21 12 70 80 69 7 
88 90 35 54 37 96 14 49 89 85 16 34 32 84 27 80 24 39 60 79 39 39 62 86 79 15 5 77 91 33 23 25 35 36 38 33 79 27 28 33 7 46 51 6 19 99 13 28 90 54 35 82 88 52 24 41 21 49 28 70 74 68 54 57 26 9 3 2 45 37 48 65 3 43 10 82 88 99 39 85 55 18 80 20 37 41 13 51 36 91 0 63 4 60 25 26 48 35 42 62 59 46 7 12 0 29 60 55 96 44 94 21 72 1 78 96 35 61 60 77 97 53 11 34 76 48 78 45 49 24 78 53 90 6 37 99 19 2 23 20 10 54 30 94 20 22 35 23 73 27 66 71 3 28 11 64 94 6 83 54 74 3 97 90 85 69 42 5 70 16 69 50 75 21 75 88 75 12 41 53 83 61 40 44 14 90 98 80 78 5 17 80 29 11 97 61 68 88 61 39 99 69 95 21 14 98 88 44 74 89 41 77 50 10 51 96 55 65 93 79 25 17 60 76 81 42 99 32 76 9 72 60 74 43 12 52 95 71 34 94 80 84 99 63 97 26 82 20 41 24 67 68 6 10 96 85 91 99 43 37 56 82 53 25 25 68 54 4 66 61 50 57 53 77 31 16 60 21 12 64 84 54 50 93 74 20 77 8 85 70 25 20 68 21 53 10 82 58 7 76 84 85 70 81 81 32 9 20 23 43 24 67 61 29 52 74 28 47 90 37 78 95 88 34 81 40 60 82 96 8 45 9 52 94 2 4 45 25 20 62 43 72 39 26 3 68 6 41 40 59 96 19 51 58 70 38 46 17 93 2 52 30 90 18 50 35 24 15 56 84 9 71 27 84 49 61 42 39 32 59 98 88 23 26 79 27 53 97 55 62 46 17 25 48 23 92 70 94 50 37 
87 53 41 50 24 59 46 51 2 25 66 7 35 30 71 23 30 54 78 51 13 54 13 0 55 37 75 27 17 14 61 8 68 24 61 44 92 6 94 96 36 28 35 98 90 49 71 30 68 40 5 15 71 0 59 50 75 59 0 26 7 42 13 28 98 38 40 69 5 31 92 57 59 64 17 91 88 10 65 22 54 63 45 42 89 42 20 20 79 18 0 66 30 92 62 22 62 49 69 16 15 43 10 50 80 95 10 84 91 3 59 4 39 24 31 95 8 19 31 89 93 36 0 30 60 39 32 34 82 30 19 54 48 15 54 82 2 70 99 13 45 26 98 68 71 68 48 43 42 39 70 26 33 86 80 47 12 95 86 3 1 6 23 18 78 85 65 50 57 17 20 59 38 69 62 93 63 25 2 30 58 6 11 91 46 52 68 12 15 0 90 90 59 7 93 56 57 59 90 9 5 48 32 74 4 90 35 23 50 73 50 71 25 56 35 67 4 6 83 2 39 63 14 14 61 91 65 58 79 40 79 72 35 24 45 85 53 48 36 87 0 70 3 58 33 94 94 95 11 33 95 60 70 90 27 84 34 57 26 50 22 27 82 43 62 19 89 25 76 30 90 41 6 26 27 56 41 18 40 74 64 31 62 43 4 86 40 67 38 88 86 0 2 90 20 13 98 95 49 69 74 26 25 96 23 68 4 5 93 65 97 25 54 86 25 47 80 23 31 88 25 18 35 85 17 64 53 67 16 54 93 66 26 91 1 21 3 0 7 16 42 0 56 95 1 60 15 71 82 38 78 27 44 94 58 89 9 13 41 80 83 90 77 71 88 9 54 43 58 46 60 78 19 21 82 53 22 35 82 60 42 65 70 55 38 80 18 67 65 1 48 84 27 5 12 49 65 32 84 79 
93 9 71 51 64 62 39 95 24 74 28 29 65 42 91 36 76 88 73 51 50 60 9 69 41 57 96 36 67 12 30 4 11 79 71 2 34 81 99 36 79 56 11 71 74 99 33 92 25 14 26 15 6 50 61 81 39 45 39 43 56 33 1 83 41 92 77 39 60 44 98 88 51 7 37 49 29 38 24 28 45 2 72 68 56 35 44 24 72 57 82 55 0 75 77 40 74 98 26 15 18 77 11 81 5 6 3 4 74 22 59 83 56 12 88 65 65 75 2 59 77 25 76 31 14 86 74 18 30 66 72 18 65 74 51 72 92 77 56 80 98 50 71 47 11 84 10 0 43 31 15 38 28 69 67 72 90 15 40 90 89 76 59 11 32 94 34 44 65 28 34 96 65 84 32 68 53 10 21 5 13 57 98 4 52 85 13 49 0 72 66 15 92 64 49 67 99 29 8 31 67 15 23 49 49 19 14 87 55 99 63 57 7 14 73 21 78 21 32 11 93 3 41 46 78 75 24 29 86 67 65 97 6 10 64 70 8 83 93 68 51 1 26 4 74 91 26 51 24 9 22 14 28 50 61 58 11 7 53 86 30 64 92 27 82 38 85 4 73 68 48 30 71 26 55 37 33 42 86 3 73 93 39 85 45 91 90 84 84 38 92 61 74 44 19 65 92 65 2 98 57 34 60 86 39 56 82 17 88 57 80 20 2 69 57 60 61 32 28 48 52 62 81 23 79 59 40 10 59 44 46 9 46 5 17 71 5 29 59 15 52 87 74 60 49 82 2 16 3 15 78 97 31 25 16 80 76 61 92 87 4 80 7 68 79 70 39 78 51 63 89 44 80 19 70 11 45 54 24 73 11 79 13 67 66 50 76 47 13 2 10 43 5 19 23 12 61 19 86 90 
53 24 98 55 76 3 5 18 54 63 53 19 70 27 46 24 60 12 31 45 82 35 68 19 4 30 23 53 22 5 17 48 77 63 96 41 88 22 23 13 65 99 10 52 42 33 86 17 17 69 99 37 20 6 8 42 41 94 50 10 93 17 98 16 57 76 48 2 73 60 0 55 61 68 2 15 2 32 52 93 30 60 89 28 6 1 43 33 10 42 6 8 22 73 31 49 84 11 70 45 2 65 16 93 54 25 55 86 99 92 63 81 22 73 28 61 68 62 89 72 5 53 77 82 66 91 85 28 15 96 97 51 24 49 90 66 85 41 15 49 67 49 6 44 13 12 30 21 75 7 66 22 81 89 37 5 28 53 68 88 97 79 23 7 98 92 43 71 88 2 47 38 13 67 74 60 47 97 25 68 10 46 94 79 55 29 8 92 56 45 23 22 6 52 22 78 28 6 31 27 94 11 71 82 57 78 31 69 33 28 70 33 33 57 0 56 70 97 71 32 43 45 0 49 14 91 91 99 30 35 14 47 28 52 91 27 96 51 41 69 42 25 69 57 49 83 46 29 62 37 57 89 23 71 45 78 22 88 78 47 65 88 56 99 8 25 66 89 41 76 4 45 34 52 14 19 40 0 62 62 35 73 20 30 15 66 79 40 25 51 55 73 72 39 56 42 49 78 10 24 13 54 59 76 38 26 53 76 69 47 48 5 82 45 94 68 8 10 26 92 79 37 73 2 35 98 51 93 28 43 17 63 42 10 15 95 73 77 49 55 41 2 46 41 94 9 40 86 44 79 45 14 1 84 45 34 15 35 14 59 79 0 40 10 6 6 48 65 88 87 55 25 74 68 95 4 88 1 70 77 38 85 98 9 70 14 31 72 19 24 86 69 36 77 51 78 29 0 6 64 
57 14 43 29 31 49 70 87 11 45 12 72 83 68 51 74 26 29 79 33 31 35 46 14 27 55 5 55 9 50 73 0 86 40 5 20 17 86 88 41 35 74 17 12 53 36 5 60 6 15 25 36 16 38 45 71 39 92 16 64 92 14 68 6 11 55 85 86 86 77 65 38 64 6 91 44 31 29 0 76 73 6 57 42 45 4 98 12 20 65 10 42 34 15 17 2 54 37 46 26 0 59 53 80 95 11 88 21 46 20 44 89 51 88 14 86 6 96 62 28 50 31 8 96 1 41 78 99 73 45 73 13 35 32 43 84 19 35 21 7 72 79 48 24 61 24 57 13 96 52 29 3 34 32 10 7 75 12 48 2 87 82 6 94 42 97 29 69 24 80 17 69 60 43 93 61 50 30 2 71 90 3 91 14 7 58 40 98 11 15 58 2 73 74 33 54 21 84 37 33 23 56 94 16 6 17 32 39 94 70 49 83 40 13 16 25 29 12 9 66 46 68 14 84 70 92 98 20 12 27 4 72 27 29 22 67 19 31 82 87 97 24 18 50 46 46 35 91 92 49 11 83 26 22 86 56 14 24 65 97 4 84 62 39 40 42 55 11 18 23 38 92 92 52 80 7 85 30 85 61 81 7 96 24 78 62 83 49 1 70 49 57 96 89 18 74 94 59 3 47 99 24 91 31 38 98 96 35 44 29 10 39 44 37 33 42 3 34 85 51 56 50 87 51 64 33 14 76 50 20 95 80 7 65 72 71 92 90 14 85 88 36 50 84 19 39 9 28 83 87 72 11 98 33 3 35 64 43 28 70 31 52 78 90 93 44 14 37 69 68 66 54 27 77 53 48 44 97 70 51 77 33 64 65 40 33 5 6 61 13 9 35 86 29 22 28 57 56 53 12 
81 92 36 74 87 9 34 8 82 43 6 82 57 21 80 40 92 83 56 36 35 34 41 76 26 43 49 91 75 65 97 69 0 99 31 20 32 25 14 64 62 93 35 70 4 93 13 89 56 64 38 5 72 94 12 21 59 64 64 78 68 63 54 72 95 47 45 40 40 79 49 71 66 75 55 3 13 27 23 19 0 6 85 95 10 17 45 57 17 13 31 66 71 10 3 40 29 37 52 59 69 61 31 14 48 69 90 76 56 97 42 31 46 87 54 69 92 91 1 24 33 94 30 2 93 66 94 54 22 26 53 73 55 25 24 60 48 4 14 57 82 13 70 81 20 69 53 93 42 36 12 60 30 95 28 43 57 55 77 13 31 81 99 53 40 93 56 74 73 90 85 59 86 81 42 84 2 62 41 8 97 72 78 18 24 49 79 20 31 33 77 78 67 53 28 76 86 80 66 76 87 53 53 66 8 43 68 77 70 24 36 29 68 52 67 16 0 74 57 38 91 88 49 32 70 44 98 94 92 5 23 41 18 99 48 33 33 34 90 55 30 65 36 44 16 22 55 58 29 68 87 41 98 77 91 84 12 69 86 34 75 54 3 70 91 22 27 61 56 26 53 38 82 8 30 51 75 3 49 8 51 81 16 48 83 18 65 30 58 24 56 28 58 6 50 22 21 92 93 22 85 23 40 4 88 25 58 19 59 76 30 53 95 43 46 84 62 97 40 25 0 92 92 17 77 45 79 46 88 67 76 95 4 25 5 51 38 4 80 27 96 19 14 1 56 33 27 84 24 0 20 82 24 35 30 49 17 15 8 13 32 50 18 68 46 68 70 71 51 49 75 25 88 14 53 21 86 14 33 89 40 9 45 72 80 32 61 47 68 32 55 88 54 92 20 34 50 84 61 13 
72 48 13 5 85 39 35 41 70 96 22 46 90 74 26 20 79 76 95 4 36 72 13 58 54 31 34 65 5 5 72 17 75 33 44 68 47 40 19 8 83 74 7 12 67 45 77 45 57 77 94 91 37 80 42 0 18 18 0 0 5 95 67 78 98 24 41 86 44 92 66 95 65 88 51 47 6 33 80 56 51 60 6 53 30 30 70 50 36 85 73 56 64 87 52 49 5 85 64 6 62 39 76 33 48 30 76 90 91 54 56 84 20 65 69 6 55 67 64 67 87 48 35 57 34 7 93 9 19 69 92 49 60 53 17 43 29 40 52 18 14 16 93 86 21 85 6 9 96 96 61 67 48 71 48 34 82 84 36 59 96 2 23 78 79 41 25 5 31 74 68 14 80 98 86 10 36 54 56 26 82 23 33 92 21 34 65 91 16 11 55 90 48 65 11 30 2 77 7 18 71 37 72 71 40 78 29 91 47 29 16 31 52 22 24 3 40 70 90 41 92 14 66 55 88 23 25 45 57 1 77 10 27 47 92 20 87 64 88 58 94 15 2 5 22 63 78 91 65 17 46 36 78 19 51 57 19 18 25 42 20 79 13 66 9 9 79 70 60 30 0 98 11 63 46 67 93 16 10 2 83 8 11 3 19 49 33 30 41 44 54 45 76 16 32 26 53 40 7 32 43 81 1 52 96 72 71 46 68 16 6 36 10 16 15 11 71 59 67 59 15 44 46 19 20 80 22 53 54 74 94 95 64 25 35 20 41 28 19 77 35 30 88 90 58 99 7 31 0 39 46 58 95 42 83 4 29 39 70 72 4 28 21 55 32 99 77 61 64 30 16 70 90 60 13 80 68 67 27 16 20 76 34 95 0 77 70 43 53 26 5 95 23 67 15 47 30 5 45 87 
15 58 75 73 10 37 77 13 70 6 95 17 22 22 63 65 75 75 63 61 58 71 56 57 27 70 94 12 22 80 89 39 1 43 32 12 14 61 75 22 63 58 54 35 75 97 36 17 26 71 74 82 88 40 89 54 57 0 60 1 49 61 94 13 27 99 38 84 35 92 77 30 68 74 2 6 58 17 59 27 88 21 30 41 61 95 4 3 21 39 3 7 30 10 87 60 60 21 3 27 80 30 53 82 39 26 53 5 63 66 6 58 58 93 84 14 11 66 11 80 13 10 65 57 29 65 62 25 92 85 49 53 5 67 76 85 55 97 76 21 94 92 58 34 27 7 5 18 13 12 80 16 31 93 7 28 55 53 13 75 11 84 93 18 10 32 90 64 25 57 26 9 32 12 94 0 79 63 15 9 24 28 61 4 62 12 12 96 63 42 42 3 2 28 99 45 4 83 74 39 16 89 13 6 36 36 68 28 62 10 90 50 43 72 64 87 91 75 82 16 17 91 19 57 76 38 86 70 78 13 46 53 28 57 31 15 10 45 34 45 21 14 60 14 14 3 78 74 61 6 3 80 93 30 48 44 37 58 60 2 96 11 24 71 17 77 62 21 71 84 50 36 23 56 39 44 62 45 54 56 80 9 52 58 80 22 75 60 90 41 47 89 39 35 65 16 8 14 72 76 46 27 10 77 0 33 96 29 17 18 86 54 80 72 57 23 45 23 11 26 94 57 92 54 30 7 29 5 12 10 49 75 71 20 43 67 81 55 55 92 62 78 64 12 94 35 30 94 97 61 71 54 73 96 59 26 69 13 76 41 10 94 3 22 67 69 52 94 17 20 88 2 18 13 89 61 77 15 38 25 27 93 40 79 48 24 0 44 37 75 5 53 68 46 92 94 25 16 7 75 
60 3 23 67 55 7 93 94 81 46 39 12 67 41 42 62 98 27 86 53 25 76 54 29 24 23 98 43 53 0 46 82 87 95 43 66 20 81 80 58 55 14 35 28 97 62 32 51 63 72 75 36 33 35 57 44 38 99 19 56 68 25 82 74 37 6 82 92 69 17 21 26 74 49 55 17 42 44 76 21 16 7 45 54 78 70 59 66 64 0 44 70 1 94 59 72 10 59 26 72 75 64 62 93 6 69 78 66 33 40 0 68 52 63 25 7 83 96 36 52 20 65 44 21 24 13 93 19 34 26 16 43 49 7 81 80 84 36 6 32 86 68 77 17 31 90 67 2 52 93 35 54 54 49 13 56 57 49 71 16 34 63 11 16 19 56 27 99 67 64 21 18 58 14 7 12 41 83 6 19 33 77 42 8 36 22 29 95 29 70 83 86 93 74 61 44 22 61 52 49 43 16 33 29 20 28 66 56 31 18 68 48 87 24 11 12 36 39 93 67 51 8 87 46 60 43 64 51 5 32 79 23 61 0 32 80 16 60 98 10 44 91 27 50 85 82 63 53 85 0 89 40 40 64 76 68 6 42 5 68 64 15 34 36 32 44 63 96 75 57 82 25 85 79 80 96 8 60 94 9 40 56 57 89 95 68 86 15 3 51 60 71 36 85 43 29 60 23 25 69 64 66 67 10 89 72 11 96 18 68 99 48 20 9 89 99 60 81 48 72 79 6 85 74 4 18 39 65 13 63 4 6 35 69 9 97 48 79 20 66 53 47 80 31 5 6 60 58 87 36 36 86 63 55 28 30 64 22 90 33 20 4 38 47 13 9 96 41 86 88 30 67 65 38 71 6 7 80 71 64 9 91 56 58 38 63 20 2 52 37 0 44 36 0 16 46 68 98 88 22 
56 40 18 63 80 15 13 80 95 77 74 56 5 75 53 79 88 40 46 92 57 3 76 99 14 56 86 60 19 44 80 13 1 21 45 93 40 48 46 18 0 58 37 12 27 13 75 66 90 52 78 76 70 24 63 94 64 92 76 24 91 23 37 42 61 1 24 38 29 43 18 76 83 35 52 85 12 64 37 27 47 41 8 39 36 4 10 44 96 12 5 40 26 11 64 60 9 34 94 85 9 70 76 96 66 5 30 2 3 83 97 57 59 37 48 37 70 79 63 90 78 33 43 92 39 13 30 76 4 86 6 95 90 96 74 85 31 6 68 96 88 28 73 44 55 79 61 37 36 85 10 63 72 89 12 33 58 35 10 26 6 76 67 3 87 24 98 1 90 32 82 10 71 22 62 70 54 58 64 76 42 54 77 20 40 98 57 59 60 14 51 97 68 67 74 54 1 20 73 29 81 89 44 25 97 49 60 68 76 84 98 69 9 87 54 72 66 22 42 5 60 54 32 5 4 9 7 96 7 83 94 76 6 3 74 96 89 97 99 33 66 44 48 1 0 14 38 24 32 43 14 12 22 24 6 23 25 33 98 52 89 77 27 75 61 8 83 88 84 18 14 46 94 78 29 99 91 69 29 36 16 92 79 99 55 26 25 79 32 51 3 55 80 34 70 49 0 62 1 37 61 28 79 18 67 6 36 68 71 78 95 27 54 44 55 23 10 94 81 60 27 91 93 8 90 82 29 43 45 32 42 54 12 79 68 47 10 96 84 79 71 7 8 37 44 97 55 15 51 27 1 43 69 29 61 60 41 49 42 96 7 6 43 92 41 19 62 54 17 0 46 86 99 15 43 0 48 26 7 48 23 88 15 63 47 61 23 94 65 64 22 1 95 16 59 42 61 96 41 86 
39 54 42 74 80 61 13 5 89 23 58 34 77 43 57 77 43 28 75 39 5 17 80 46 12 46 32 37 67 22 88 79 56 75 48 77 13 39 67 67 16 64 78 92 45 55 28 69 3 52 37 94 17 69 34 70 54 28 56 84 28 78 29 31 45 57 95 99 74 72 86 56 7 69 21 50 72 52 4 10 67 74 16 5 69 9 2 41 81 78 13 64 94 74 86 55 9 85 97 83 87 52 61 68 69 14 28 10 76 94 24 64 33 51 70 81 38 95 41 17 14 24 5 32 91 88 52 30 81 56 56 86 53 67 15 88 3 52 27 45 28 41 38 21 68 85 9 16 15 13 43 44 68 14 84 18 27 94 59 22 51 12 61 64 51 5 75 92 7 85 66 42 69 85 92 22 25 66 34 6 68 53 4 94 52 40 92 55 48 2 75 19 77 51 88 52 6 54 38 15 68 2 44 19 89 18 39 6 57 92 60 54 42 1 23 64 72 83 91 89 52 51 35 38 7 79 28 90 17 98 72 46 74 35 19 8 23 96 67 62 13 17 29 73 96 76 33 5 94 65 27 4 10 48 48 15 83 94 99 96 0 26 81 68 38 5 93 14 47 8 36 77 33 40 95 47 98 93 43 94 14 64 98 23 43 31 22 13 15 67 99 55 11 84 68 54 3 6 27 49 86 8 37 57 19 44 72 3 96 74 91 35 18 34 61 79 10 71 5 85 66 22 85 34 87 57 47 31 5 92 37 64 43 49 40 98 37 95 53 5 15 30 21 15 60 85 51 12 19 4 45 38 1 30 29 98 43 62 28 20 41 90 86 52 62 52 75 25 46 72 93 30 58 45 83 19 84 36 66 1 23 66 62 9 43 17 91 30 71 9 28 33 6 47 96 80 36 99 15 82 
67 71 59 58 74 31 27 50 96 26 16 98 52 57 11 90 8 50 86 12 76 48 99 37 52 93 37 57 0 76 99 40 83 4 42 76 90 36 75 9 66 73 66 0 48 77 53 92 76 17 80 68 5 90 96 56 64 71 70 62 2 65 5 24 2 99 20 49 42 36 81 80 57 48 36 75 31 90 80 23 24 87 91 67 18 78 45 8 16 41 39 84 67 48 47 21 96 64 87 44 46 44 5 41 26 67 98 30 32 64 60 80 19 74 60 49 56 58 40 98 83 11 43 55 66 72 43 4 34 60 91 74 31 66 81 95 60 98 44 18 27 60 92 51 26 47 47 25 33 37 14 25 98 41 36 42 47 49 75 41 43 25 38 55 68 79 71 68 39 89 85 27 36 40 50 43 35 54 95 52 12 23 67 75 55 35 52 89 71 91 3 19 11 84 83 46 41 92 49 9 7 4 86 87 60 66 40 61 36 60 6 57 30 56 70 28 77 85 52 50 40 10 85 19 91 42 33 11 79 75 17 25 33 23 31 5 74 64 7 96 9 11 30 45 41 44 33 17 16 59 12 14 41 14 83 12 62 53 17 24 21 2 52 81 16 10 92 59 34 96 31 65 96 69 72 56 4 55 30 38 53 13 32 48 31 47 99 26 97 87 51 98 51 43 33 32 17 10 25 2 9 16 64 8 71 44 24 9 96 61 10 74 59 84 59 58 52 81 31 15 30 30 35 56 2 68 10 55 22 81 41 93 74 18 25 88 66 66 97 28 99 66 89 97 71 86 99 24 19 24 20 53 27 84 24 55 77 80 33 90 17 68 5 33 53 57 3 94 7 41 57 78 11 70 55 41 19 57 42 35 96 48 73 72 11 32 60 34 64 79 91 60 78 28 65 65 14 20 95 37 
84 95 86 31 76 42 64 28 29 43 65 19 88 26 36 33 71 5 69 67 28 32 8 17 43 35 93 2 70 29 26 53 48 3 89 66 77 12 75 2 21 46 64 43 82 24 23 15 86 53 32 70 75 5 80 71 82 79 45 67 45 71 99 4 76 85 90 72 46 81 17 36 41 76 54 52 7 48 51 24 32 39 85 36 28 97 71 51 91 99 28 25 73 62 49 72 43 81 33 8 91 46 90 21 35 67 41 61 37 64 8 21 14 43 43 61 16 36 80 16 56 14 8 12 36 90 15 65 49 43 13 43 1 69 98 11 38 94 11 95 58 42 86 28 62 93 52 84 17 86 80 75 99 62 31 71 25 67 38 48 59 43 15 85 74 80 77 79 51 53 41 53 33 76 45 21 7 65 34 18 18 76 43 71 99 94 2 23 76 45 98 45 95 65 76 17 89 74 70 59 1 19 27 40 7 36 12 68 34 87 38 83 51 32 13 62 65 46 8 91 38 5 43 67 11 9 50 96 63 43 22 75 76 86 16 68 99 85 24 59 61 36 28 69 29 79 70 32 64 66 59 44 70 93 25 19 87 91 45 85 34 78 81 7 93 61 78 56 41 83 49 13 99 98 23 15 39 45 29 27 28 54 13 53 77 86 31 60 66 80 95 57 77 5 99 57 30 69 99 0 42 93 95 0 88 82 65 59 82 19 80 76 17 58 24 67 5 33 86 11 52 18 78 23 49 83 64 56 61 12 56 34 25 45 2 53 29 45 76 86 36 23 41 73 84 74 54 73 84 40 18 79 73 6 64 68 85 64 31 90 54 15 9 31 22 30 85 23 17 21 69 83 91 47 41 30 12 14 59 68 86 85 91 65 94 21 75 51 29 72 98 99 4 78 6 78 9 73 57 22 
76 68 76 14 15 45 7 87 10 43 49 56 93 42 5 24 66 26 51 9 5 27 59 21 3 57 46 93 11 32 74 56 59 84 49 85 54 39 73 39 16 67 14 76 35 53 63 6 73 28 22 82 82 14 15 9 35 85 19 76 95 64 20 79 45 55 23 6 66 44 73 38 96 80 72 17 15 89 7 12 60 21 34 49 7 19 69 82 49 80 95 64 5 57 91 11 10 83 60 61 54 80 44 61 14 92 85 66 22 22 79 40 97 48 57 35 5 59 95 41 52 8 3 69 66 67 79 93 23 82 66 79 31 62 30 76 88 25 10 24 15 24 92 42 87 28 9 35 10 82 3 53 80 83 23 42 45 47 15 21 15 83 10 24 88 8 7 42 40 85 18 63 2 62 29 61 23 39 99 54 72 73 39 36 34 3 86 44 23 47 68 18 46 2 72 71 97 65 91 72 45 62 3 30 36 74 76 66 63 0 18 67 51 10 85 2 5 15 82 74 90 89 74 28 68 67 55 32 6 81 97 41 80 27 43 77 47 59 55 13 26 15 84 95 49 75 25 16 13 46 45 73 48 87 77 25 34 90 53 1 40 0 46 78 44 63 71 1 10 86 59 49 57 4 59 62 48 79 17 74 42 10 4 56 81 59 16 98 51 63 72 67 38 35 98 70 1 44 7 2 78 85 16 82 63 35 32 67 76 33 19 23 69 30 3 12 11 20 9 34 92 66 77 5 17 96 9 62 44 17 23 55 49 53 58 9 48 93 75 82 71 47 93 36 33 50 41 37 44 82 2 75 55 87 16 57 68 92 79 90 24 50 75 13 66 54 53 82 76 8 80 25 15 96 69 44 67 94 4 34 27 24 52 85 38 71 93 39 99 31 39 45 21 59 10 95 49 53 72 12 
4 65 27 13 71 56 16 36 34 2 62 79 21 60 79 21 29 4 95 44 58 90 27 44 79 40 25 2 31 40 56 36 55 28 47 45 12 99 5 88 54 62 8 94 97 1 42 31 11 59 99 4 10 71 81 94 3 9 72 38 91 13 85 78 41 42 93 55 53 65 78 71 47 83 18 64 71 55 7 18 32 25 66 58 26 16 10 92 56 27 55 82 81 62 3 53 75 5 37 51 58 26 9 9 94 79 24 28 71 98 4 11 64 72 77 55 90 95 25 61 98 72 98 19 70 45 30 69 92 59 3 86 67 50 83 55 66 23 41 56 70 38 34 61 44 18 35 78 67 78 12 46 86 5 44 76 1 20 85 23 60 99 35 84 33 9 80 49 0 99 43 28 51 16 37 77 35 98 95 60 63 0 85 50 67 3 58 22 98 77 58 71 40 0 32 76 51 71 88 54 26 8 52 33 43 34 89 94 93 95 28 32 33 29 69 66 22 88 56 28 30 3 75 24 19 20 79 34 29 69 30 95 70 32 77 99 52 33 65 69 74 75 31 7 70 64 20 78 21 70 42 47 8 86 1 51 49 34 45 72 56 69 0 84 52 37 82 61 64 50 82 50 59 21 84 65 20 39 34 29 98 3 40 98 56 46 99 79 74 62 87 44 27 4 92 24 18 70 82 96 43 51 25 40 55 61 55 65 66 85 75 16 84 61 89 46 10 35 75 93 3 12 84 74 19 71 7 7 14 26 83 19 95 74 12 71 35 43 96 72 77 66 42 62 68 63 23 95 51 69 99 64 3 68 31 67 18 1 81 22 75 19 71 23 6 17 35 29 30 27 46 89 60 10 40 48 1 81 20 56 2 32 48 61 3 2 11 30 58 85 17 41 70 76 23 71 76 82 56 55 
68 93 34 97 3 14 77 78 31 30 53 46 68 40 66 72 94 98 61 48 14 57 93 31 22 73 35 36 11 64 37 88 69 97 4 15 38 68 97 11 31 48 73 92 95 73 69 76 96 24 37 9 43 72 51 81 23 2 86 98 65 62 43 50 86 83 24 36 78 69 44 67 72 50 26 27 45 80 9 10 89 96 83 76 76 57 76 6 89 3 82 76 5 6 14 57 94 76 46 95 78 73 69 23 18 68 38 22 54 71 73 69 50 47 58 22 93 38 84 11 97 36 41 30 40 91 54 82 34 14 73 33 2 5 25 43 93 18 91 62 4 91 18 38 14 55 48 26 83 70 63 56 22 37 72 62 57 77 7 57 40 86 35 34 99 87 1 86 54 29 19 66 57 17 9 24 45 85 19 5 44 77 4 60 65 62 71 81 24 24 84 33 74 65 6 85 24 9 90 65 80 47 42 63 85 59 71 28 40 18 60 55 59 79 0 67 89 15 50 2 17 56 35 91 28 1 55 51 77 57 87 19 15 33 70 57 2 59 75 42 18 12 79 7 49 64 84 78 82 81 76 15 93 33 78 30 52 0 29 35 7 53 59 77 32 31 29 23 6 88 24 9 27 13 72 37 84 53 53 49 32 62 39 16 19 11 70 79 60 77 70 50 69 48 5 59 30 34 33 46 69 21 89 37 48 44 18 26 43 60 46 95 20 8 77 10 8 79 66 21 95 67 0 79 67 26 98 8 69 16 80 17 73 96 51 88 84 48 86 30 18 6 2 89 53 85 83 77 14 23 96 29 26 52 97 83 14 70 46 24 6 3 59 69 84 84 86 79 35 15 96 44 46 40 64 95 67 43 5 0 7 32 26 35 84 63 59 62 36 98 61 33 92 65 41 74 41 21 78 57 
66 52 24 73 6 8 45 63 63 76 74 40 35 91 21 26 61 16 34 55 36 89 90 16 39 60 56 43 97 75 46 51 63 79 94 29 26 27 61 40 64 34 12 64 52 50 21 83 46 71 96 11 95 91 83 80 20 91 78 32 47 14 47 56 49 0 53 27 75 10 64 92 94 44 57 45 32 63 98 41 85 8 31 85 7 16 62 86 70 10 44 2 35 38 6 86 65 3 3 27 4 0 10 12 65 18 66 98 19 9 63 29 25 19 85 6 43 45 16 93 53 21 70 21 13 11 17 14 89 20 62 30 37 44 90 83 58 79 87 12 39 3 30 30 3 16 20 77 19 84 73 7 94 39 96 32 46 34 12 67 56 71 71 8 47 84 33 10 44 73 51 83 98 95 49 53 85 23 84 75 28 78 29 32 43 66 14 16 77 1 61 1 30 89 86 40 85 95 3 92 56 23 44 82 75 96 5 29 34 49 15 84 77 36 83 94 51 17 67 32 58 41 34 62 36 88 22 83 43 53 36 82 57 70 68 17 31 18 90 83 70 48 68 95 83 32 72 42 59 25 88 77 26 83 73 47 61 33 45 32 61 98 36 91 67 68 84 42 5 73 96 27 14 93 50 8 72 3 36 50 37 68 29 23 20 53 20 87 54 37 5 88 92 2 10 92 6 22 68 46 45 1 50 0 77 73 58 96 86 58 83 50 84 75 58 81 32 45 92 60 57 94 75 62 31 69 36 41 87 20 20 64 79 14 53 95 99 90 40 71 45 0 93 30 28 90 3 4 27 49 4 42 8 86 47 71 51 71 60 89 17 30 19 34 48 84 73 31 49 30 64 88 7 32 14 1 22 78 71 19 84 23 78 62 43 35 96 39 3 76 67 77 64 5 7 4 67 19 82 53 
58 27 49 76 50 88 97 99 17 9 27 26 91 90 68 44 84 87 24 65 51 20 9 4 61 11 6 95 33 92 56 24 50 99 41 35 57 39 31 53 89 13 55 35 85 70 71 99 25 65 45 54 3 4 77 91 31 98 25 35 84 37 38 5 78 45 30 76 29 49 8 79 79 92 91 92 9 18 15 28 13 9 32 85 80 58 97 17 26 64 28 59 6 95 78 76 57 13 97 79 5 17 88 52 54 8 59 21 23 88 32 26 29 43 41 79 45 52 31 55 31 23 30 12 31 67 58 40 63 99 78 73 5 9 70 5 10 95 34 19 27 31 57 42 44 70 16 63 74 12 12 97 21 6 37 41 29 87 35 30 32 51 56 18 61 56 88 25 36 43 46 22 70 31 0 20 62 12 20 74 88 4 43 94 32 88 35 39 90 57 97 29 65 29 9 21 50 87 44 61 51 87 9 41 75 4 99 55 43 72 71 84 86 22 62 55 65 67 33 69 10 7 71 50 21 77 27 95 27 28 47 48 35 47 28 28 47 35 67 71 48 3 3 12 76 96 12 79 79 18 63 72 31 71 23 92 57 23 23 59 57 8 73 83 97 23 23 77 32 34 20 81 28 35 41 79 83 17 36 23 98 1 36 92 7 12 51 16 20 7 97 6 19 19 1 18 3 99 69 18 93 50 9 57 96 21 24 16 6 76 51 34 70 88 90 84 69 94 92 1 90 53 68 4 65 54 17 92 88 7 95 27 63 64 56 90 62 25 86 96 21 35 41 49 76 71 11 40 30 9 18 56 39 38 10 28 31 35 71 42 9 27 50 17 28 50 51 1 96 28 73 62 84 81 25 31 19 22 76 30 41 21 40 77 68 12 45 94 62 87 20 55 20 23 68 43 79 53 55 97 
98 60 55 35 32 38 97 65 4 62 45 59 2 22 4 51 8 49 54 24 81 31 56 48 4 43 1 34 56 18 0 79 58 35 18 74 8 26 83 63 57 61 98 14 93 4 24 91 79 35 1 15 56 22 43 92 69 79 59 26 76 84 85 71 98 11 38 12 5 2 80 88 4 72 2 49 35 23 85 64 70 8 70 6 68 79 44 48 88 44 69 62 34 58 48 84 70 34 77 25 21 48 88 33 65 31 47 60 27 39 79 63 60 14 69 39 71 88 29 71 28 60 10 27 34 46 95 59 48 63 49 60 7 17 11 45 51 87 71 20 18 4 94 71 57 59 17 66 72 0 36 2 81 73 83 12 96 55 71 23 74 69 56 74 52 93 89 65 6 38 67 41 62 43 25 97 29 22 95 16 80 31 38 45 72 37 8 82 17 21 20 96 47 14 16 94 26 61 97 88 98 70 83 6 30 6 73 73 45 35 67 52 57 64 83 55 52 94 24 77 68 80 26 88 96 1 6 93 76 67 16 67 59 10 50 76 31 46 2 18 61 78 49 52 6 81 82 49 97 98 25 8 70 68 8 33 44 86 49 14 62 93 94 46 50 5 22 50 59 84 52 45 63 83 12 93 76 29 21 66 16 19 89 63 86 85 88 87 75 73 63 74 89 17 51 60 59 85 5 5 17 67 31 25 37 58 78 65 90 53 86 35 44 12 49 71 24 99 60 35 38 46 78 1 4 53 74 1 0 93 24 52 17 78 79 19 58 99 25 64 56 31 2 80 77 77 57 0 36 6 17 81 3 77 15 26 67 11 25 19 83 89 59 16 19 67 79 42 30 50 14 94 54 8 29 8 8 34 53 25 23 74 91 88 44 14 46 89 18 69 62 51 83 49 73 93 28 81 48 39 
90 67 29 30 13 92 62 55 19 47 93 63 60 63 85 9 89 57 31 71 6 34 18 32 97 97 20 50 24 32 38 73 29 26 6 56 72 60 3 50 29 0 24 37 0 38 37 23 97 23 50 60 59 50 29 80 56 73 70 67 1 63 5 70 72 16 0 33 47 18 86 73 11 57 43 12 9 25 53 31 88 74 98 84 83 21 31 7 48 33 48 93 97 56 9 7 1 43 52 25 35 71 84 31 3 98 2 92 65 86 46 92 78 60 64 45 28 87 31 82 25 81 98 56 95 18 45 22 30 61 27 3 39 28 9 57 4 19 37 56 56 11 28 55 44 71 52 22 25 20 75 33 32 37 52 88 24 25 47 79 35 40 70 84 47 24 37 38 6 65 8 56 48 62 50 27 21 57 54 97 78 56 9 75 12 74 93 92 86 18 49 93 14 66 84 19 88 62 83 87 98 30 22 22 55 26 2 74 45 8 14 27 8 99 50 49 65 38 59 52 35 3 55 77 65 73 24 37 1 80 1 40 63 55 80 83 64 94 70 13 9 2 95 11 46 17 85 54 56 67 72 53 99 53 43 63 16 11 29 73 74 9 77 56 13 33 62 18 44 20 15 94 67 30 50 21 97 11 4 47 76 7 77 59 17 4 24 42 49 47 96 72 36 85 4 19 53 38 40 73 74 59 1 17 6 63 16 39 15 79 65 71 13 92 70 5 9 29 77 26 14 29 69 14 29 40 10 7 50 60 70 4 78 31 28 9 35 27 50 14 66 55 65 31 80 36 66 31 3 62 87 24 54 53 84 58 8 37 58 49 0 2 27 76 24 20 63 55 64 25 95 45 58 1 72 55 88 1 3 59 8 73 10 96 38 99 29 68 70 75 49 36 28 87 9 25 61 10 48 95 
24 45 82 30 77 15 86 26 41 34 35 43 43 92 34 29 1 63 39 82 25 83 56 46 49 17 98 94 12 53 89 60 80 23 94 45 25 91 79 52 4 27 39 47 72 21 22 68 67 53 79 14 60 54 49 51 79 11 27 3 82 29 99 74 22 43 0 7 10 91 94 3 72 91 11 12 3 59 36 80 60 97 93 48 75 16 41 12 26 37 88 46 18 86 94 50 5 42 24 72 18 42 77 32 33 84 30 50 25 33 42 90 29 71 13 45 15 97 43 49 91 11 20 52 12 5 57 24 74 66 74 71 87 36 6 54 71 49 34 80 70 9 45 46 85 31 27 40 67 54 41 1 73 33 52 32 68 64 78 91 39 48 45 9 92 96 1 7 31 75 77 30 12 82 17 23 68 18 38 42 0 77 17 36 65 15 1 64 71 77 47 36 35 5 55 97 90 48 84 51 52 0 0 1 9 44 1 81 47 54 8 99 24 24 64 48 86 57 65 4 80 82 25 35 62 31 70 88 48 47 46 7 3 13 63 69 24 91 75 45 49 8 11 66 29 81 74 78 84 3 0 13 99 61 44 19 13 71 15 42 46 81 46 51 46 50 50 82 70 79 89 91 98 69 16 8 51 6 7 37 71 82 80 63 13 84 36 12 43 22 94 58 72 3 81 50 71 99 24 30 69 0 96 22 47 40 38 28 68 49 30 51 84 36 0 61 49 61 72 63 0 27 39 12 63 99 19 92 66 93 43 44 88 79 48 63 43 68 51 71 6 64 13 72 90 59 71 60 47 31 25 76 97 41 61 85 66 22 64 31 9 50 77 94 72 2 41 98 26 91 77 56 32 34 90 45 17 93 94 83 59 97 39 46 37 78 97 33 6 88 55 1 10 36 55 93 47 58 66 34 
1 24 30 76 63 11 6 38 54 28 57 63 46 33 94 58 56 25 99 51 17 14 34 66 73 65 89 24 44 68 57 3 31 63 4 31 54 43 4 42 84 70 63 72 52 6 38 23 14 54 75 44 49 82 15 47 92 3 46 15 79 82 12 26 76 23 83 92 77 10 66 38 87 41 10 57 91 20 59 10 36 89 53 56 94 6 15 87 65 61 12 0 41 54 72 83 56 34 5 44 12 28 42 33 36 80 40 70 97 7 44 6 73 98 44 38 22 64 50 56 44 34 25 53 69 66 40 9 56 7 60 6 88 41 86 24 34 2 54 8 9 67 86 96 38 69 18 82 15 38 43 43 11 36 78 54 7 36 98 33 15 71 58 43 8 29 56 30 9 49 36 39 83 69 81 52 6 70 57 21 68 3 56 98 44 58 51 60 84 11 24 38 10 0 61 54 89 68 76 64 85 0 26 70 48 39 93 37 45 17 38 95 18 2 79 29 82 8 7 98 34 70 0 33 4 19 18 20 89 34 12 94 19 91 48 86 15 10 58 4 51 78 17 51 48 81 13 99 58 46 0 74 8 95 48 18 25 36 32 24 83 36 31 11 22 70 81 10 37 10 79 96 21 70 73 10 54 11 26 29 66 44 0 97 31 97 88 48 97 76 93 24 20 48 0 68 3 69 22 39 80 68 65 18 70 87 76 35 41 0 22 99 65 90 32 85 41 20 50 35 5 9 7 85 30 76 92 68 1 0 91 45 22 10 28 25 82 10 72 95 92 20 40 8 4 25 40 98 21 40 61 20 60 24 39 13 84 58 51 12 12 28 24 7 51 30 80 70 34 36 70 97 71 11 61 84 97 99 56 0 68 33 52 95 70 90 69 56 34 68 89 19 32 95 13 77 33 50 5 93 
97 7 26 62 18 73 29 13 51 17 95 97 16 39 60 47 4 93 33 1 76 4 53 38 14 62 65 49 14 96 58 21 35 53 19 46 86 46 96 64 34 63 31 4 88 66 57 85 57 35 50 9 19 40 96 68 9 74 81 24 17 91 28 78 45 13 15 48 2 31 82 8 79 6 18 75 41 19 50 77 89 99 62 16 15 75 7 39 93 85 77 9 75 55 76 78 82 14 28 73 10 26 43 62 41 92 33 39 85 68 53 10 53 17 31 97 26 41 43 0 75 73 89 54 3 76 63 18 62 30 31 32 63 32 38 9 76 55 40 63 3 18 44 68 63 36 2 68 62 6 99 25 86 92 73 79 89 73 24 97 98 48 48 82 24 82 64 83 65 42 22 91 59 38 44 56 62 90 11 54 78 34 6 50 22 48 4 17 70 0 94 97 28 8 23 82 37 38 53 80 83 16 81 41 62 62 37 38 19 22 9 87 3 21 63 26 76 96 48 36 24 41 12 90 91 30 83 33 55 66 9 17 2 55 7 35 95 24 51 97 36 28 6 70 48 31 43 70 63 36 19 15 14 10 19 45 12 18 82 79 9 24 68 70 87 22 41 5 58 23 10 78 4 52 92 84 1 24 86 18 31 23 18 38 73 24 63 82 85 88 54 35 11 78 73 38 0 57 79 24 60 58 77 84 48 55 48 48 26 28 68 97 20 23 69 67 83 31 24 48 29 76 88 89 50 51 37 10 96 20 4 71 88 59 21 72 46 43 74 55 36 35 69 59 35 87 11 63 3 43 54 79 56 31 27 43 89 3 40 1 24 87 50 32 38 89 10 90 80 41 53 73 86 6 72 49 7 47 9 5 5 9 8 5 43 51 69 30 76 58 34 16 30 46 39 0 22 76 20 13 
90 89 95 77 76 63 99 31 93 51 76 71 38 3 75 75 93 85 92 65 0 39 7 15 53 37 44 45 61 48 23 69 42 44 54 15 51 96 68 28 16 96 14 49 61 3 19 0 39 30 2 98 59 72 82 17 29 48 61 75 22 65 66 48 98 8 11 45 2 59 8 57 88 60 7 36 46 19 36 78 39 96 85 25 35 9 21 66 19 83 38 6 82 19 66 91 50 3 98 28 61 42 14 21 21 72 69 0 46 93 26 33 15 45 81 11 84 36 54 63 82 27 74 92 96 66 75 5 48 95 67 71 77 63 84 49 20 8 55 52 20 31 60 46 50 55 56 64 9 74 82 64 3 82 91 32 0 98 13 79 42 38 86 83 73 76 20 29 52 97 48 9 40 7 12 89 89 84 21 67 54 75 72 84 28 66 95 64 70 3 40 32 4 99 82 83 85 64 95 36 9 77 13 62 27 24 24 89 3 7 11 41 79 55 34 96 67 9 79 33 31 70 84 70 72 26 32 65 94 43 49 39 16 74 38 44 8 54 9 99 92 80 47 49 21 99 10 64 24 29 91 90 18 49 76 57 76 82 32 61 90 65 26 93 56 26 62 26 23 33 50 30 53 11 69 28 59 53 46 39 61 88 62 27 11 98 49 50 75 85 2 44 12 74 10 50 41 23 79 89 92 97 1 15 9 20 4 89 21 67 24 65 40 68 46 14 67 63 43 61 26 94 41 98 41 54 80 16 12 36 99 53 80 46 16 46 76 11 66 17 76 51 28 11 80 96 81 57 89 30 30 93 8 57 11 42 3 49 61 85 4 17 91 13 26 80 20 38 2 36 21 3 39 87 84 69 66 48 28 36 25 81 53 39 33 66 50 73 69 71 9 13 13 34 39 70 51 63 45 95 
28 99 22 49 6 50 82 22 73 87 63 8 0 34 62 50 5 98 91 27 55 96 16 77 63 6 15 99 53 63 19 82 57 16 9 24 46 51 84 43 41 19 53 68 17 32 39 3 25 11 82 14 22 36 14 13 75 99 11 85 42 41 46 19 86 87 74 46 78 0 88 27 3 71 84 54 60 23 69 62 20 46 27 53 9 32 34 80 96 96 70 83 6 59 29 49 73 28 29 35 94 4 95 31 21 16 26 7 53 19 76 50 14 27 45 34 1 22 14 26 35 30 93 58 7 78 77 9 72 36 41 18 34 3 8 67 17 8 36 49 69 64 19 48 92 91 13 90 56 16 92 61 63 43 64 50 27 27 66 22 99 89 59 0 83 69 5 2 11 20 94 36 91 34 28 27 97 28 96 60 84 16 45 14 44 0 19 34 86 64 80 73 96 53 59 89 4 74 60 64 14 36 64 0 80 37 1 79 5 40 4 25 68 96 16 40 6 13 50 98 82 47 99 2 1 2 29 36 70 22 22 2 34 96 93 15 7 49 7 94 85 45 73 4 5 58 91 53 70 43 0 4 29 67 46 40 14 66 49 65 32 49 39 24 39 49 91 96 24 42 86 78 32 13 61 26 2 36 84 53 19 64 66 49 51 79 43 40 61 20 14 42 54 92 35 29 62 29 76 61 59 56 78 31 38 59 38 94 11 1 88 69 97 1 0 44 46 5 84 81 0 19 46 4 44 13 29 38 58 54 93 7 53 28 26 46 24 50 33 49 65 17 91 53 77 63 70 3 28 68 98 0 14 41 79 34 23 49 83 98 83 86 74 69 57 28 16 2 37 68 94 75 3 84 89 76 94 73 0 14 88 84 84 56 48 73 69 81 86 65 59 46 18 75 98 23 67 93 62 41 
53 76 21 63 13 66 78 7 76 66 65 42 95 41 80 34 41 87 30 44 45 91 90 42 38 16 39 87 24 56 53 20 9 86 2 9 59 27 61 65 80 0 95 91 28 55 24 73 29 3 25 21 85 89 44 37 15 20 15 83 83 52 44 97 71 94 40 55 86 31 7 67 56 10 40 4 79 42 58 74 40 25 1 88 73 89 60 40 81 17 71 11 72 80 33 80 33 44 32 42 81 38 24 48 55 48 33 65 52 86 60 93 35 69 63 94 17 53 16 50 97 82 35 8 68 38 46 5 51 28 22 93 9 8 88 37 46 82 66 4 28 68 78 73 97 39 67 31 42 40 86 24 18 7 90 89 58 89 53 63 40 23 10 34 48 1 47 86 3 28 78 50 66 66 66 55 43 16 21 62 78 42 55 9 29 68 70 72 6 64 88 34 44 51 16 65 20 78 48 70 89 86 98 46 38 61 10 30 44 66 56 24 72 83 39 10 73 53 29 18 24 25 91 95 71 53 43 63 93 93 12 22 29 68 43 70 25 30 4 19 40 70 86 64 45 55 26 54 90 2 76 61 65 31 72 74 54 18 53 76 78 4 64 33 9 74 11 46 22 83 38 61 95 57 13 99 99 78 7 62 16 36 39 45 96 10 77 58 24 16 56 59 31 97 93 16 48 48 90 67 33 30 44 25 70 73 26 57 45 76 43 42 12 93 98 17 94 54 56 92 69 1 17 77 88 98 30 78 19 18 22 5 43 45 24 66 52 80 33 5 76 1 99 29 37 90 20 34 50 20 91 47 10 75 88 33 93 21 6 80 96 97 2 3 79 2 49 34 57 20 30 15 90 73 73 12 76 31 95 60 28 98 7 80 26 24 40 72 39 56 88 10 10 7 41 10 81 8 22 30 
61 87 28 72 69 44 69 74 75 65 93 98 76 77 27 74 57 47 62 13 62 86 85 75 57 26 40 85 66 67 56 52 73 56 64 64 73 30 61 20 44 26 75 28 83 77 81 6 76 59 3 81 40 95 1 43 26 8 19 93 65 50 31 20 93 15 58 86 37 16 23 13 87 28 21 68 52 87 31 72 45 26 89 12 67 31 84 75 68 63 85 73 50 27 95 41 47 3 18 43 73 48 72 6 66 2 98 11 27 25 14 59 59 63 4 9 14 74 46 51 27 77 64 6 41 65 99 84 93 78 36 78 9 44 20 11 75 59 92 92 1 9 66 15 3 30 22 89 94 8 70 78 12 56 34 12 35 68 37 73 82 75 59 44 82 78 87 27 69 65 41 48 77 89 95 10 27 39 29 39 33 9 13 85 21 19 28 18 39 32 63 91 63 82 89 65 74 68 97 15 65 95 6 98 67 83 45 69 74 86 71 24 70 57 63 60 57 66 34 93 42 26 74 74 6 0 76 8 80 21 73 90 38 9 63 28 0 70 95 47 85 79 42 11 54 28 16 46 5 85 20 80 38 12 69 55 50 11 61 78 69 48 44 57 28 83 79 34 43 97 62 82 22 79 91 45 47 66 0 79 87 72 82 60 42 55 82 54 24 16 4 90 59 59 43 15 67 41 72 21 12 46 34 6 83 56 89 77 52 80 14 20 18 79 27 24 71 16 19 14 22 31 48 33 77 61 67 53 52 23 80 65 35 28 99 12 24 35 58 64 21 8 95 17 7 70 56 37 91 89 54 36 63 21 95 34 32 62 59 46 38 85 28 17 49 19 17 44 96 57 72 6 83 92 83 9 56 57 53 71 13 3 97 48 95 64 95 30 71 66 58 31 78 99 60 70 69 31 15 41 
11 40 28 10 9 2 54 97 32 4 22 37 25 83 29 65 95 58 21 28 58 45 39 36 83 17 8 55 60 4 62 64 41 22 6 21 19 12 20 0 28 88 87 87 96 20 1 59 2 77 29 49 33 3 19 44 61 44 87 13 57 46 58 64 91 21 42 26 42 88 29 99 98 3 59 51 1 37 67 95 80 51 66 49 49 76 46 28 80 94 3 92 12 98 75 86 23 7 23 54 85 36 32 62 93 26 35 58 32 60 49 29 58 54 62 59 1 1 76 19 5 73 46 43 53 98 89 61 96 95 91 9 0 87 86 16 57 82 31 87 21 8 8 72 91 12 35 20 66 8 28 42 27 59 57 62 89 51 11 82 95 84 72 30 19 45 47 78 95 9 51 51 17 69 40 93 95 32 22 75 26 98 0 40 34 86 68 55 3 94 23 29 2 24 47 69 51 38 79 91 10 33 51 41 75 95 45 19 18 2 47 81 51 72 50 86 7 0 62 59 59 61 7 73 60 78 52 15 48 34 9 19 94 57 74 51 0 6 58 67 65 94 54 29 81 24 15 72 21 67 41 29 98 22 52 78 74 58 70 68 8 61 43 20 39 36 50 53 35 86 85 44 71 96 38 56 34 20 27 17 80 62 27 18 71 43 50 98 7 60 11 99 41 51 79 4 66 40 93 93 8 51 36 51 33 76 85 70 80 87 93 61 52 49 97 29 78 58 92 74 55 60 65 53 70 96 62 11 51 88 40 52 19 49 88 8 74 22 29 54 27 52 55 6 30 67 79 64 60 29 44 9 38 18 81 49 91 24 0 2 4 80 47 93 53 96 57 62 14 98 27 96 29 45 91 73 69 46 20 3 72 90 36 61 41 10 91 16 85 96 41 61 27 32 53 13 69 72 94 18 
33 88 54 98 20 21 82 45 86 25 26 67 10 36 9 78 7 93 46 54 71 2 32 31 19 12 88 87 36 22 21 35 8 93 8 93 79 40 48 24 60 60 47 48 19 95 99 1 77 41 20 70 17 67 62 44 37 32 34 29 36 24 96 98 74 91 35 96 27 26 8 6 63 60 28 49 53 27 49 94 17 7 71 48 4 80 19 26 35 24 24 59 31 88 12 18 31 79 73 57 67 99 20 76 63 75 61 11 47 60 41 76 57 32 44 77 51 63 95 90 63 0 14 42 93 56 1 92 72 38 8 4 75 83 46 46 57 78 94 17 42 86 21 60 89 66 71 53 62 38 54 75 65 21 43 78 4 38 62 12 84 27 16 38 11 98 15 47 36 21 62 56 96 61 42 13 95 47 36 15 50 92 27 43 44 97 73 46 94 41 1 25 83 57 59 99 8 28 27 4 84 73 51 92 8 9 60 96 25 94 79 40 38 40 16 78 68 90 50 95 2 68 56 35 14 86 84 70 81 61 54 32 82 84 35 96 58 55 99 92 86 2 87 80 62 4 91 93 29 70 75 16 45 61 4 4 16 25 90 3 86 46 0 4 73 52 7 12 71 81 54 74 47 93 41 94 3 99 29 56 52 99 0 10 86 55 25 85 89 93 2 32 96 65 76 47 25 27 15 94 78 12 22 10 7 62 5 14 20 41 74 22 52 47 32 80 33 54 3 89 62 0 56 59 22 67 95 18 39 7 22 67 95 33 40 51 26 89 27 17 81 10 73 76 77 72 65 75 2 94 21 82 57 33 15 60 93 1 5 25 38 3 18 66 79 26 9 78 89 6 79 15 70 22 44 89 99 41 9 47 94 7 5 88 61 28 93 88 75 13 94 71 78 78 5 28 33 45 72 94 
46 21 16 31 12 89 73 58 55 9 65 91 16 29 77 56 51 73 20 34 54 81 82 12 8 10 12 40 37 5 40 60 8 98 83 94 46 87 53 70 73 46 53 76 21 56 2 26 5 36 53 99 57 16 60 33 39 58 83 20 84 85 56 59 80 77 76 39 53 96 8 38 11 35 9 77 72 20 76 93 22 34 28 55 53 62 25 74 75 30 49 64 45 35 73 68 28 86 43 79 95 25 69 62 23 8 93 11 13 86 34 77 34 33 73 17 61 26 9 31 84 86 64 77 0 66 43 50 47 98 20 62 10 80 2 1 56 17 16 33 32 48 50 92 34 14 0 38 41 18 12 58 95 98 30 35 10 26 58 98 25 35 30 15 50 70 45 72 19 90 43 76 62 0 62 35 41 77 72 81 66 45 6 2 63 22 40 57 13 23 74 56 83 70 83 35 41 36 35 82 14 43 58 44 78 4 83 37 4 35 78 15 86 11 98 97 73 30 6 68 92 33 22 63 32 92 37 29 25 48 16 96 43 5 33 16 4 18 93 76 33 14 22 84 32 56 98 4 3 75 56 67 8 0 0 80 44 3 77 77 86 12 0 1 98 18 24 44 5 0 76 60 98 96 60 71 41 16 88 38 31 59 9 59 99 32 78 26 56 89 70 1 18 63 34 10 34 11 10 89 60 76 19 22 66 72 40 32 35 28 49 7 89 99 71 60 84 33 61 10 31 17 38 95 99 4 72 59 99 29 52 19 93 33 11 14 66 17 57 68 9 58 4 45 76 0 28 89 91 11 88 99 61 38 87 59 13 69 68 43 73 26 70 74 36 26 80 83 17 25 65 83 39 75 75 6 16 40 25 74 93 3 41 18 67 18 78 6 90 25 47 10 61 44 32 68 70 77 22 98 
39 67 30 24 10 79 20 34 29 53 26 21 9 79 66 79 28 72 27 16 40 4 37 37 98 41 94 60 87 73 69 18 77 67 13 44 53 35 5 70 63 86 46 67 36 9 80 57 20 96 66 80 14 38 1 88 44 87 67 12 85 30 25 28 2 97 57 39 44 73 28 37 63 2 23 35 80 91 39 45 47 38 15 30 13 23 9 54 23 37 13 60 82 0 61 36 18 9 24 40 4 91 21 56 65 47 43 10 95 31 99 98 10 58 81 72 11 23 95 80 56 26 14 50 33 67 54 73 53 7 32 59 0 16 62 35 67 80 51 95 44 23 87 93 68 0 25 15 99 98 68 38 54 8 39 31 42 80 48 27 32 43 50 45 72 75 89 5 31 13 43 92 4 1 1 29 42 24 91 50 6 76 72 55 26 82 44 65 26 85 59 47 42 85 34 86 77 98 84 91 80 70 30 81 62 64 7 35 50 38 47 35 46 18 18 15 75 0 68 52 76 95 70 1 28 81 60 49 82 8 57 40 63 59 86 51 14 4 74 22 3 35 45 2 38 46 92 63 97 94 77 96 29 58 39 52 0 63 24 35 31 29 29 89 91 4 29 26 41 53 42 67 74 53 56 96 50 85 12 31 84 44 17 80 35 19 20 49 96 48 41 59 12 53 87 34 72 77 0 9 94 70 55 98 29 13 74 65 63 60 99 42 93 47 21 24 20 84 10 3 80 30 80 6 62 36 89 26 38 98 95 41 73 81 24 2 99 88 9 32 96 57 49 45 3 49 13 25 24 67 73 47 78 23 29 67 92 98 61 9 22 7 62 5 90 14 98 60 8 64 26 26 21 66 22 12 27 79 96 19 29 75 41 37 44 85 96 79 91 59 36 17 79 21 32 58 2 91 97 71 
73 11 45 50 15 38 49 1 99 13 36 81 65 79 85 20 98 30 77 82 30 7 78 39 61 42 95 96 40 69 41 96 9 12 1 53 69 60 36 71 89 44 43 64 3 21 46 69 78 81 19 23 53 26 27 26 17 20 57 90 84 36 58 50 56 66 55 82 87 82 49 28 57 46 18 91 96 72 1 43 62 13 55 59 20 33 18 47 54 89 43 84 59 49 39 10 18 27 16 66 81 55 33 41 57 45 81 95 71 36 27 31 13 52 41 85 68 78 33 1 76 63 69 0 64 26 18 72 28 22 14 5 44 95 99 1 43 79 71 47 4 17 43 8 64 1 17 38 76 42 14 74 48 72 66 27 48 20 61 59 9 99 1 70 47 82 93 57 59 70 82 28 80 14 68 75 34 16 43 97 36 42 46 74 61 98 88 36 33 16 73 48 50 22 79 46 71 64 1 48 11 89 60 58 93 98 89 23 43 69 99 79 89 21 13 6 39 68 73 64 57 64 62 10 66 3 38 52 7 53 77 71 69 24 2 32 58 34 99 1 3 44 84 44 14 58 70 62 95 26 14 62 0 14 3 74 1 66 24 85 95 61 75 13 96 7 96 19 88 87 94 81 23 9 19 23 71 67 11 21 8 99 91 16 20 13 77 87 59 91 63 80 51 32 92 19 49 57 14 26 85 21 6 58 6 84 76 57 33 55 62 60 50 29 99 90 23 77 37 62 41 2 72 82 68 43 55 25 15 8 80 38 24 0 35 89 49 2 15 93 51 65 24 6 53 75 60 21 88 49 65 94 10 71 86 42 85 0 34 54 74 43 5 42 25 89 20 81 75 9 47 52 49 39 29 16 14 9 76 53 44 43 53 9 19 59 31 17 86 44 95 90 2 59 54 7 89 78 2 39 
40 70 6 29 3 84 17 2 88 20 40 37 62 38 59 52 54 68 77 7 32 84 79 43 4 2 79 1 91 97 93 54 92 34 42 93 30 4 27 31 28 46 96 30 90 6 82 93 61 20 57 51 98 22 62 75 11 69 52 71 87 4 73 75 8 59 96 55 57 7 36 63 44 8 76 99 56 59 17 64 80 17 83 30 68 32 88 6 16 4 61 69 78 25 58 41 91 95 24 32 61 93 61 83 78 42 27 85 1 6 1 80 13 13 59 63 3 49 40 85 41 68 85 88 75 14 35 54 41 96 69 48 24 35 15 31 34 65 91 0 8 49 6 18 90 42 36 79 14 8 71 79 36 3 53 64 34 65 98 63 86 76 1 34 13 31 21 6 74 11 22 31 6 29 39 46 3 22 60 13 17 11 34 17 13 66 17 37 56 29 1 82 15 58 66 63 33 50 34 29 56 98 97 74 65 18 82 87 38 84 53 42 77 57 55 15 74 2 45 53 87 30 45 83 80 14 69 14 38 93 13 48 68 88 12 67 75 53 45 21 77 44 0 82 69 14 94 48 25 30 29 7 18 84 93 89 55 35 2 8 91 22 23 30 56 99 50 47 64 68 81 89 95 98 33 56 81 78 85 81 58 89 76 57 18 47 83 53 18 27 41 4 36 39 28 71 66 90 49 37 38 33 78 87 29 26 3 29 9 45 90 37 31 33 84 75 33 99 53 15 68 41 49 7 62 2 64 56 2 8 63 90 19 14 60 98 14 88 88 72 98 47 19 97 62 1 67 74 22 60 12 74 70 49 44 89 64 9 71 93 26 47 1 41 3 77 19 3 6 64 78 66 35 44 42 96 98 9 62 70 22 10 40 50 78 36 60 1 54 22 88 81 36 18 27 92 32 53 54 33 
97 46 54 62 21 64 35 31 80 25 57 90 79 97 17 60 83 0 22 99 88 99 64 45 51 45 20 23 28 41 62 49 36 42 48 89 62 0 80 86 11 33 59 99 55 70 95 72 94 94 37 48 31 67 11 96 92 36 50 23 54 35 83 67 66 76 12 47 52 42 28 36 23 65 66 73 54 71 29 81 57 14 3 52 95 50 81 7 65 15 39 84 55 98 89 58 63 89 53 43 23 47 62 50 72 69 24 91 22 13 76 4 39 77 2 23 2 4 62 5 49 86 60 73 18 58 88 18 92 35 60 93 53 8 39 15 15 9 34 41 89 41 32 53 8 77 68 11 54 53 45 44 41 73 9 35 43 75 27 4 16 20 49 22 64 11 87 16 99 29 52 52 27 61 93 91 89 28 23 47 62 85 24 33 39 13 66 49 6 5 87 60 27 62 16 58 28 78 97 20 69 25 17 28 18 51 27 74 69 56 7 61 51 52 29 38 66 88 30 40 0 8 21 53 42 31 13 72 19 96 39 92 27 42 23 44 24 18 69 87 32 39 18 29 87 42 93 51 74 3 59 72 56 40 18 12 76 45 44 9 99 48 79 20 75 70 52 85 85 65 29 98 23 3 3 1 20 39 88 87 12 75 23 80 87 90 69 85 1 38 0 21 36 88 90 43 41 87 69 42 51 66 13 70 13 90 61 62 74 28 85 51 55 34 83 12 15 12 69 47 58 93 58 67 76 31 12 65 79 47 94 80 20 92 38 88 2 55 13 11 51 23 61 6 3 66 87 86 10 27 81 94 74 6 50 47 45 93 57 43 7 92 34 38 63 11 83 31 86 38 35 17 65 42 97 5 25 98 98 27 52 20 42 83 9 25 60 2 46 90 73 93 73 8 83 65 69 59 70 64 
90 95 51 59 44 63 7 60 12 77 38 70 63 9 88 94 19 14 56 12 96 34 43 55 47 69 51 45 33 72 21 78 29 62 76 55 22 68 11 38 52 1 45 88 49 12 27 94 85 49 97 0 85 5 88 23 99 26 39 41 95 46 61 90 52 59 11 61 17 35 63 64 26 77 12 64 22 12 2 12 18 26 24 27 20 47 32 20 92 15 99 54 11 17 18 72 98 54 40 46 89 74 58 53 80 1 51 52 40 88 95 99 55 21 1 64 14 72 35 24 19 52 35 59 78 14 92 87 71 31 71 82 8 64 87 14 85 81 93 80 77 22 20 64 31 58 44 88 65 89 93 67 63 73 75 73 39 67 51 20 99 90 96 16 92 44 51 42 42 41 92 21 44 29 30 39 74 13 21 83 8 72 73 46 8 26 26 87 14 5 98 50 79 48 27 37 68 92 18 26 45 21 50 51 38 17 85 79 4 75 23 40 63 62 13 41 94 75 57 30 4 57 42 46 94 67 95 40 77 47 23 77 17 77 60 21 62 66 40 64 42 14 24 91 23 0 15 27 26 0 84 10 84 49 28 67 60 61 21 94 2 13 44 32 10 81 66 88 64 52 93 99 99 88 86 78 63 24 24 1 35 97 79 2 10 7 33 94 54 92 41 75 71 30 55 83 37 85 32 87 40 83 10 80 83 31 58 10 99 72 51 19 50 79 98 94 15 89 80 35 79 38 83 34 92 3 5 81 37 94 41 23 63 99 92 59 95 97 7 78 96 79 14 92 89 4 84 79 46 21 52 21 3 25 23 95 18 98 78 99 15 90 99 12 16 76 79 10 66 52 55 75 61 48 95 56 38 49 70 93 55 22 40 72 87 63 24 23 44 52 26 36 65 75 28 37 96 19 11 68 
20 14 76 4 78 13 51 40 9 39 72 7 15 16 37 70 86 11 40 90 47 65 72 13 49 99 5 30 73 30 99 23 9 50 63 7 79 9 6 92 36 48 26 6 1 22 7 80 16 40 73 43 9 70 78 45 51 60 94 92 1 14 61 55 18 40 32 0 73 68 20 23 25 66 88 78 73 30 82 65 90 8 48 3 32 33 70 1 85 4 42 99 44 76 11 5 87 48 83 9 79 86 93 30 4 96 1 86 31 87 97 7 14 86 72 62 24 84 17 41 97 29 55 2 40 46 38 69 86 53 36 63 30 95 24 68 27 61 63 34 24 81 93 82 91 62 47 22 71 53 19 84 90 46 87 58 11 94 97 98 49 86 30 0 1 91 18 86 48 31 20 99 75 61 79 87 82 4 19 26 39 2 83 71 29 83 47 99 89 18 54 37 3 20 58 36 80 2 15 19 14 57 9 1 89 41 65 46 13 64 93 56 40 57 51 69 9 15 31 96 12 84 67 53 68 84 69 87 99 88 91 96 66 39 86 31 80 70 99 70 3 79 57 37 60 48 33 67 50 4 54 29 70 23 6 39 29 86 24 48 39 10 94 37 71 29 58 90 75 60 35 31 64 27 55 64 33 66 78 12 73 89 18 83 94 63 5 11 29 50 14 19 51 90 39 49 97 59 55 18 75 92 27 23 41 77 15 42 70 35 38 9 84 26 77 22 61 0 72 72 77 49 42 9 3 21 80 33 0 9 23 94 66 76 65 31 37 42 52 50 28 79 1 53 61 24 40 77 26 94 49 22 71 73 67 34 76 60 39 12 69 43 31 74 7 22 11 30 48 52 3 41 74 86 22 97 36 1 67 25 21 5 82 15 9 91 34 49 25 94 41 67 19 73 99 87 2 40 30 54 
3 52 88 74 52 12 99 17 40 94 74 81 58 93 53 60 47 92 75 19 50 10 49 69 59 96 70 37 4 72 85 91 89 71 83 50 54 77 26 12 29 23 92 2 58 14 48 28 3 43 42 47 32 98 97 15 95 86 2 31 72 56 18 90 22 20 16 77 49 1 4 75 23 25 11 52 56 24 56 44 59 95 70 78 62 72 51 24 93 36 77 22 14 2 99 23 79 54 66 2 84 68 36 85 35 14 69 2 65 15 32 27 23 18 20 63 76 54 16 73 49 91 28 1 46 45 41 17 67 19 70 82 47 63 64 83 40 24 27 28 39 72 42 15 29 91 37 63 19 59 68 62 81 38 7 33 65 57 20 25 86 70 48 12 79 0 94 64 42 37 33 51 49 49 48 40 11 14 47 10 86 3 51 18 79 84 89 57 78 74 88 58 65 79 40 29 59 97 43 81 6 83 50 31 40 0 51 91 60 66 70 11 45 34 45 54 51 19 0 86 6 64 64 49 59 2 6 12 11 0 23 14 23 9 0 67 70 75 23 80 97 45 76 14 44 64 69 9 39 46 50 8 76 63 70 90 20 43 94 10 8 23 22 62 17 42 21 68 41 24 72 10 5 62 55 77 12 41 76 48 77 84 8 50 64 35 64 28 28 86 3 19 65 76 96 49 0 96 6 46 36 97 6 10 60 78 17 57 84 77 22 59 96 3 58 81 90 48 43 35 92 35 18 34 42 5 0 29 21 62 67 92 12 76 72 96 2 67 24 61 77 81 71 85 53 86 40 76 19 98 71 44 47 6 47 31 44 21 0 3 47 16 67 34 7 8 55 42 96 90 93 31 85 95 15 26 35 1 10 52 94 50 15 39 90 67 50 56 54 32 26 38 15 82 96 9 37 5 7 83 
37 19 91 19 14 96 89 11 22 64 15 32 67 30 17 99 11 67 2 98 0 77 10 56 52 0 20 29 92 78 52 73 81 46 76 82 80 25 30 56 58 71 52 13 75 3 47 25 68 0 41 52 55 66 94 65 14 94 0 9 46 41 82 93 13 44 22 20 13 20 43 68 12 70 5 34 57 26 18 8 73 83 13 20 1 70 49 70 53 32 80 10 14 1 92 14 80 63 26 72 51 87 37 76 83 90 14 9 38 61 78 1 4 77 27 10 5 61 54 31 82 39 92 31 93 35 15 64 86 77 68 19 14 96 91 3 63 9 67 87 16 98 42 8 31 92 7 43 36 44 22 31 40 13 83 9 85 49 87 29 68 36 16 12 96 53 56 62 77 20 75 30 37 60 0 60 54 90 64 75 48 85 37 11 32 7 27 28 76 84 80 51 57 10 57 16 39 57 79 89 72 68 3 6 24 38 6 46 67 46 96 37 4 21 19 34 52 90 46 7 62 12 34 30 77 14 69 30 62 11 85 43 61 75 35 22 46 86 89 77 92 83 53 2 80 52 91 25 94 76 17 74 82 37 29 91 49 16 42 67 30 81 66 76 14 83 39 59 46 59 77 90 80 11 40 81 61 47 47 95 78 31 4 98 20 32 12 81 52 27 93 7 50 66 14 62 33 82 39 9 16 9 70 44 44 17 81 31 10 0 81 49 50 2 54 23 40 95 0 6 62 81 54 41 10 98 28 66 81 10 10 99 24 88 35 56 23 41 52 43 39 45 94 78 56 52 73 32 19 64 49 27 51 89 44 34 7 73 42 47 47 54 50 1 19 48 50 69 17 35 84 54 1 76 22 72 31 59 15 82 72 69 15 98 52 47 73 25 51 55 94 46 50 17 73 92 92 37 85 12 
90 3 27 3 27 59 0 0 76 86 21 5 67 48 57 63 24 99 99 59 64 4 89 6 70 85 48 92 12 39 53 77 35 97 83 12 29 85 42 32 50 41 23 40 76 96 9 58 56 38 67 55 46 49 39 85 16 93 99 24 94 67 6 75 35 17 41 98 60 13 90 24 77 16 0 31 88 77 1 38 31 38 45 42 72 80 24 35 55 89 65 57 98 35 91 11 7 80 44 27 55 73 25 56 5 19 90 99 3 86 70 87 61 56 85 51 98 58 59 2 19 41 76 63 60 88 98 44 89 84 90 39 58 52 67 30 47 74 11 40 95 21 24 46 50 0 58 27 92 40 97 47 0 29 46 56 65 39 53 95 56 10 25 77 57 10 36 13 42 21 8 85 86 41 70 43 35 27 25 18 99 80 62 96 87 50 76 59 4 62 81 3 1 55 19 94 21 67 55 19 27 12 5 79 43 6 90 33 11 71 62 79 42 4 46 65 27 82 22 66 17 3 14 37 22 97 94 18 61 47 53 61 61 19 86 69 11 76 30 61 34 54 69 75 89 62 77 90 64 54 55 14 53 0 51 52 6 66 23 80 70 34 94 38 4 95 82 12 76 39 11 94 57 78 30 41 53 44 55 2 3 42 73 78 43 63 98 98 33 36 1 56 15 16 78 74 40 6 83 72 8 56 53 61 27 29 17 90 25 1 47 85 43 75 18 11 23 31 61 76 15 1 46 28 8 78 41 51 18 38 27 20 19 45 16 77 52 38 85 42 73 48 26 84 13 59 95 4 13 7 49 84 93 36 20 49 41 70 23 74 45 89 75 0 32 95 27 51 1 89 15 20 45 7 32 99 99 84 20 54 74 97 10 74 67 97 48 86 19 9 67 6 57 77 7 65 47 27 51 79 
40 13 3 92 34 57 45 89 23 24 69 68 50 36 92 89 63 24 2 72 89 76 18 69 55 28 22 75 12 59 89 16 28 24 33 31 75 46 76 3 60 1 33 91 23 60 14 62 7 4 10 22 75 85 28 3 62 92 74 29 20 45 79 42 50 53 41 21 85 22 79 12 87 86 25 47 91 37 66 53 82 75 51 50 82 50 81 45 34 96 1 36 70 31 93 95 92 8 50 13 55 97 72 13 3 31 77 27 29 99 6 9 69 25 58 16 93 49 33 55 19 84 28 76 78 71 77 32 61 53 37 40 89 83 48 61 72 71 77 68 57 47 31 2 74 20 52 21 0 60 7 80 30 83 35 72 69 44 77 8 66 28 66 1 39 25 99 1 19 92 61 45 40 75 5 29 36 77 38 37 76 94 68 61 70 3 53 84 81 29 10 61 1 62 85 77 30 97 20 33 62 61 21 7 53 16 95 78 16 64 75 11 35 91 12 61 8 67 36 53 29 76 28 59 0 93 30 84 69 40 81 84 52 90 36 77 85 30 7 92 8 29 10 32 76 95 75 69 71 15 86 87 38 28 55 91 51 10 56 45 72 31 48 3 62 16 71 56 34 82 83 40 31 5 74 95 68 9 93 29 47 4 28 37 82 29 51 5 68 22 73 60 68 8 30 65 30 13 42 11 78 62 32 14 33 34 20 1 97 43 9 44 56 4 74 96 8 55 43 36 2 47 43 70 64 77 35 99 87 14 89 91 5 32 70 29 59 82 52 62 58 33 33 38 79 68 56 95 45 50 65 81 90 23 79 87 76 40 7 28 93 95 36 48 81 47 13 93 12 59 62 93 24 49 43 33 87 0 21 75 99 86 19 91 1 68 84 67 37 71 97 65 5 85 58 73 52 66 80 3 
92 59 62 86 81 96 60 98 16 53 43 84 21 71 42 43 0 84 12 68 18 69 55 45 38 26 20 71 41 79 96 15 60 57 15 74 59 6 67 67 99 57 44 73 4 78 77 68 11 22 5 61 39 1 71 61 36 75 6 45 81 41 89 72 71 44 39 93 34 47 90 96 91 98 1 6 90 9 70 27 20 13 56 88 65 37 34 33 72 41 84 80 87 4 19 79 9 94 72 58 57 88 87 65 48 38 10 84 98 69 99 32 77 39 45 65 3 8 8 32 13 79 14 0 47 56 22 27 86 98 71 90 92 23 56 41 51 27 54 19 56 27 85 22 21 31 8 17 41 78 88 27 23 28 68 64 66 81 98 1 43 24 79 80 83 54 27 52 75 28 3 58 73 85 80 93 93 1 97 8 75 11 44 5 23 10 45 44 54 31 54 76 47 96 94 33 51 7 36 19 24 16 79 94 0 9 8 99 56 77 51 9 86 3 78 15 0 92 58 53 6 90 31 17 63 82 98 89 27 48 57 82 67 57 91 91 37 66 65 81 38 71 99 1 57 50 31 25 66 62 79 75 91 70 41 80 78 34 60 31 55 68 96 40 95 58 3 88 25 19 78 78 27 7 86 35 57 77 47 30 30 20 28 1 55 23 68 76 48 52 72 16 55 26 35 50 64 79 26 29 51 34 16 12 8 30 9 72 28 78 5 50 94 82 12 0 61 93 28 78 85 20 74 75 64 52 20 91 90 92 66 3 79 6 47 31 24 62 91 80 60 78 55 26 89 80 97 75 9 93 44 77 66 3 30 45 89 1 68 4 54 57 41 38 21 31 79 44 15 44 35 66 21 34 83 58 8 30 61 11 52 1 5 62 94 15 55 37 23 65 34 49 27 10 28 65 98 69 88 79 
82 97 68 15 53 36 46 37 37 28 5 28 81 95 7 72 1 54 50 72 97 64 76 77 78 75 55 29 41 80 17 59 20 59 67 46 50 74 36 12 59 86 85 53 36 81 46 8 12 30 71 9 91 54 56 32 1 21 34 77 31 56 19 93 54 84 64 91 44 66 81 18 18 0 8 91 66 5 58 94 50 73 26 17 97 55 35 15 23 66 0 34 87 21 10 52 2 6 79 56 13 34 80 52 51 15 0 85 34 69 78 77 31 57 11 0 16 55 49 50 93 47 75 96 45 99 46 61 78 11 47 15 19 97 3 2 57 85 43 84 12 51 79 93 64 44 5 77 27 71 66 52 61 81 97 34 49 79 19 3 89 66 94 56 61 70 20 43 32 24 70 15 85 86 74 40 24 73 9 33 23 85 61 26 2 98 27 92 92 47 56 19 40 86 30 72 20 7 72 75 65 86 33 75 47 46 40 35 43 36 79 67 38 82 76 68 84 84 45 91 5 92 91 41 94 37 20 27 23 55 39 60 7 13 40 71 9 99 60 25 50 72 87 16 54 11 25 65 39 66 82 23 36 99 54 24 11 66 47 64 38 62 32 7 34 23 82 48 20 49 21 40 67 35 61 55 99 18 21 61 60 59 60 87 78 18 86 13 12 1 81 63 82 8 73 95 91 90 40 62 78 96 78 72 49 96 81 37 75 17 20 57 71 57 17 92 98 3 27 11 11 54 13 46 45 73 12 18 77 1 46 72 58 72 56 70 5 75 78 22 64 86 41 13 82 7 46 86 12 32 52 47 55 53 18 42 1 1 74 96 88 88 52 15 13 45 51 74 45 40 41 41 94 71 78 76 75 65 91 56 77 23 11 36 45 74 93 54 66 5 19 74 49 39 98 30 41 43 63 79 
4 76 42 34 35 47 57 55 21 75 51 98 64 23 18 55 51 42 54 60 99 59 10 87 14 18 40 38 52 67 24 5 14 81 41 83 5 58 79 45 53 29 80 85 89 44 94 3 32 99 36 8 40 4 49 29 30 41 57 58 66 7 73 66 32 72 49 41 63 76 44 35 66 99 80 25 44 98 95 69 44 66 29 27 5 49 2 13 6 40 14 91 49 28 51 59 13 78 32 71 86 9 24 36 16 73 76 37 2 29 48 33 40 84 75 13 23 32 10 18 12 27 63 72 79 91 70 47 5 81 8 75 21 97 90 85 87 59 80 78 10 81 47 66 99 39 35 5 1 95 49 69 47 34 40 50 44 86 10 44 17 75 50 29 64 44 23 74 28 41 56 15 33 62 26 97 93 69 25 52 55 4 99 93 71 38 5 9 42 39 55 90 88 38 82 50 23 54 4 86 10 24 87 21 74 12 86 77 59 24 13 41 18 33 39 32 73 97 65 76 55 41 92 50 50 32 15 98 51 63 78 30 37 90 79 44 49 71 99 83 60 42 18 65 29 17 91 90 68 56 53 52 71 80 11 12 64 95 15 68 43 71 4 37 6 9 54 3 22 47 41 14 20 37 18 27 72 87 73 28 68 40 85 12 56 11 38 87 53 57 64 68 7 82 69 28 8 27 21 26 34 77 55 95 60 43 71 4 47 81 46 62 78 87 97 69 92 24 70 80 33 89 35 44 64 61 0 18 63 14 12 18 68 95 90 74 27 75 26 44 95 62 69 35 1 91 13 83 34 2 6 14 17 47 84 82 77 70 26 8 20 12 74 19 88 6 31 54 65 29 15 38 3 62 8 44 29 87 9 13 87 65 84 42 44 3 87 10 23 11 47 62 54 87 45 48 3 79 63 68 
42 85 25 19 36 77 29 80 23 62 48 31 62 65 6 72 50 77 43 29 88 78 31 27 37 18 15 94 64 45 13 99 59 39 66 90 69 39 6 56 98 90 43 82 51 50 17 35 63 73 34 14 38 1 18 16 2 97 57 57 67 71 8 92 43 99 60 64 58 40 41 7 2 18 34 18 58 36 61 19 76 7 62 50 16 7 15 24 8 35 35 8 25 23 75 82 83 61 88 60 67 9 46 30 75 18 73 30 64 72 54 5 40 15 84 25 79 55 35 44 11 26 64 59 89 64 83 26 61 97 50 39 9 4 3 45 90 70 35 51 28 68 48 65 36 81 76 70 26 39 26 55 95 41 78 63 23 90 68 75 55 68 66 36 39 50 27 23 74 74 18 56 22 73 62 90 6 2 33 22 33 82 72 30 5 40 67 16 7 28 70 34 5 44 39 24 57 8 37 69 88 78 0 26 27 32 89 33 88 92 72 28 25 76 29 28 80 60 4 17 26 76 65 99 46 82 62 55 8 28 22 2 19 46 50 81 38 19 89 37 46 48 62 73 68 9 53 2 89 23 17 43 15 57 64 93 38 87 15 48 15 72 10 39 15 22 24 16 27 12 94 67 6 83 89 85 9 1 71 64 26 98 54 9 19 31 53 93 41 77 94 36 46 22 61 19 52 71 93 4 43 17 4 15 58 23 62 27 69 76 80 45 17 73 82 4 25 91 46 34 72 90 87 22 82 68 6 35 71 99 87 84 49 44 22 92 50 14 8 11 54 50 16 38 82 49 55 60 33 23 67 77 45 77 30 51 46 29 50 42 3 35 84 8 49 64 90 39 92 47 45 82 7 44 47 22 31 40 79 12 23 84 74 69 3 1 78 74 6 52 98 50 76 20 53 70 96 17 14 83 
58 98 71 32 56 40 80 38 10 84 83 8 52 62 98 87 79 84 80 84 79 59 88 92 79 45 46 32 85 70 11 77 47 54 7 56 34 87 25 81 87 59 11 97 55 78 66 95 7 53 96 49 19 97 0 26 63 81 35 34 24 29 60 64 56 57 61 23 24 70 60 72 92 31 62 43 12 50 47 48 46 56 46 8 1 46 48 36 40 18 15 89 65 29 19 45 8 94 93 13 86 67 70 55 87 79 26 41 80 64 13 91 49 89 66 42 70 54 50 93 19 27 31 53 37 38 38 11 19 37 82 41 89 92 71 29 92 30 5 36 62 2 4 27 99 32 43 6 20 1 59 94 99 59 15 85 51 21 47 43 37 38 29 67 48 24 54 22 89 30 92 8 38 82 63 85 40 77 58 97 22 32 0 27 76 52 87 85 24 44 72 49 3 65 87 92 91 6 77 16 56 6 35 12 69 51 72 48 8 68 71 18 93 21 98 3 10 89 51 67 22 72 77 24 52 70 62 88 23 16 2 84 32 98 29 76 90 88 45 25 40 29 66 78 59 81 84 22 54 38 67 77 56 33 0 21 17 86 46 2 27 97 26 89 50 66 28 5 17 75 71 48 95 37 11 29 26 52 24 45 55 79 10 39 11 60 11 51 20 59 85 23 63 89 85 53 4 82 70 43 42 23 38 72 30 46 29 62 78 43 56 56 22 44 49 18 53 43 52 51 52 22 77 78 39 32 82 88 53 70 12 41 6 76 5 45 95 61 30 9 9 92 82 26 26 81 0 17 61 12 65 76 90 56 43 4 72 66 27 95 46 66 98 24 56 10 70 72 4 71 72 43 61 73 15 88 63 19 99 85 87 57 66 47 48 87 19 44 57 95 62 70 97 91 28 91 21 69 31 81 
97 46 40 44 18 20 98 29 97 68 6 38 36 40 5 67 61 29 65 47 35 23 0 92 45 15 49 15 40 57 89 23 8 72 1 67 6 7 49 62 13 89 64 71 15 47 37 2 97 41 25 41 25 86 61 6 94 87 3 76 29 19 84 7 35 48 77 73 71 33 18 91 62 59 2 85 48 72 49 5 48 30 62 53 55 52 29 75 41 12 8 29 84 89 56 69 37 93 74 30 96 34 26 75 56 0 72 87 3 66 2 90 39 58 62 92 1 58 28 88 9 68 45 2 46 72 84 64 99 73 21 81 46 9 65 30 0 90 42 26 61 53 28 93 54 96 63 69 16 98 17 24 54 89 42 64 66 9 50 40 36 3 98 42 96 92 31 2 61 15 4 58 77 49 91 5 35 68 86 73 99 41 93 88 57 90 14 59 40 98 4 70 24 11 73 38 98 14 20 84 35 17 34 46 88 42 26 79 24 10 42 95 90 84 88 40 61 98 67 34 9 77 67 50 0 45 98 65 52 71 99 35 79 47 59 26 41 16 75 55 56 78 65 40 78 89 6 63 2 95 87 50 60 76 62 31 30 33 80 30 67 59 41 69 44 76 28 11 92 19 44 64 60 8 33 48 94 54 51 1 81 72 51 71 57 65 19 26 9 19 81 78 98 75 50 22 78 22 13 53 13 35 14 30 94 84 51 34 82 70 30 20 56 41 55 0 9 38 32 2 22 63 43 28 10 9 6 55 53 88 34 75 85 44 64 98 77 74 43 91 99 65 24 41 86 26 46 17 3 97 71 16 55 5 34 9 82 90 53 88 42 22 66 46 35 95 16 40 90 94 17 14 8 98 13 47 52 35 62 11 35 1 34 52 19 6 8 53 34 42 74 28 40 56 71 5 31 30 20 15 
43 44 69 76 89 95 49 40 32 92 21 74 86 14 97 49 86 36 36 3 34 58 91 75 8 6 31 33 26 62 6 76 3 5 14 52 30 43 20 84 69 37 32 41 74 96 70 3 25 84 9 7 95 56 58 23 65 69 79 18 43 36 64 99 38 3 53 99 0 2 49 64 27 22 91 21 34 7 32 3 31 91 40 55 72 30 0 81 27 23 3 23 91 58 59 15 73 56 78 40 78 56 66 56 71 19 78 61 75 71 30 93 28 39 61 76 33 98 48 92 2 29 78 17 84 6 58 48 63 54 61 12 21 61 97 27 24 81 92 54 87 80 17 8 1 34 56 9 59 14 0 82 99 31 98 75 52 19 99 79 24 75 30 87 95 70 47 1 7 42 55 27 5 58 49 9 97 91 96 32 72 97 58 71 13 58 41 49 66 36 88 80 1 14 0 80 51 33 15 28 30 20 41 54 73 94 49 12 24 45 7 29 43 63 59 4 76 80 44 33 79 63 2 46 65 74 72 48 10 67 79 78 71 13 75 44 48 74 15 24 19 46 31 93 85 31 79 81 41 91 91 89 86 3 21 30 16 17 66 18 10 24 77 47 34 3 5 51 33 19 77 41 13 25 33 23 24 83 62 25 27 29 22 89 27 60 61 7 18 46 90 31 98 85 58 56 81 88 30 35 72 82 0 88 98 62 97 29 95 66 24 21 78 84 64 14 22 70 73 46 60 49 72 26 34 96 38 16 74 82 36 27 58 81 92 77 94 53 26 56 15 28 12 72 3 59 62 20 36 97 15 70 93 66 24 60 55 39 69 29 32 12 29 36 26 66 25 11 86 10 10 94 11 81 83 11 69 74 16 98 40 45 77 96 98 13 77 21 44 25 39 84 40 22 34 78 24 20 11 15 
49 93 59 39 51 38 93 57 72 96 78 84 91 10 56 28 82 94 88 76 25 97 39 99 73 39 31 39 45 22 93 76 56 78 2 27 19 73 70 87 4 79 20 88 52 25 16 97 13 93 61 33 38 1 35 14 71 73 51 50 92 58 92 35 6 25 55 33 76 31 42 5 18 22 34 59 99 52 92 56 23 43 56 37 68 44 53 61 67 47 80 81 13 3 92 24 27 74 21 77 29 20 76 2 29 73 31 88 52 52 58 16 5 58 84 12 75 34 97 90 87 1 88 9 69 69 49 66 75 50 90 16 26 49 9 95 46 97 8 5 12 90 84 78 10 3 47 18 97 79 73 16 25 60 0 17 62 36 59 73 35 87 68 50 96 88 14 91 4 8 53 14 22 24 51 1 54 59 59 57 52 83 52 41 65 58 96 34 79 12 13 87 86 79 52 50 46 79 64 87 3 67 66 96 70 80 71 70 82 20 29 8 71 86 13 25 50 84 36 87 45 73 80 97 68 56 90 65 28 88 42 6 3 54 75 35 25 16 95 57 97 32 13 53 59 24 37 50 24 6 7 21 66 59 29 26 50 76 50 14 3 57 27 25 93 62 87 26 62 90 45 57 31 53 90 48 34 33 40 25 19 45 47 79 93 78 29 15 63 37 87 26 14 85 38 16 56 33 67 70 5 57 43 62 13 61 58 63 94 49 42 81 36 99 42 86 22 34 91 99 63 25 75 36 45 8 96 70 68 92 67 38 22 72 82 82 98 79 99 31 15 5 66 7 30 18 73 66 26 0 58 0 38 3 8 53 61 57 61 39 2 48 87 83 26 57 58 86 70 15 86 3 47 67 6 82 57 0 68 58 56 10 13 66 69 87 99 61 36 34 61 32 61 56 87 93 9 63 39 1 
73 24 43 28 57 68 24 44 98 27 42 3 8 70 5 70 0 9 84 15 93 2 92 13 37 19 7 63 37 78 92 45 16 12 46 5 86 5 53 85 28 62 33 84 59 78 90 8 33 13 14 15 93 25 21 5 91 95 10 65 24 50 91 58 67 66 58 0 87 41 61 58 19 48 63 94 92 4 24 31 34 27 31 67 82 99 53 21 38 51 13 8 97 31 78 73 52 54 97 21 61 71 87 39 35 47 41 96 7 46 34 52 30 31 61 80 79 53 28 33 26 7 84 80 24 2 98 78 33 65 65 17 52 89 41 91 73 38 63 63 45 2 86 38 77 81 49 77 52 13 90 68 63 31 79 72 54 77 99 20 61 61 83 48 78 90 33 39 21 9 8 7 93 3 10 14 24 89 95 16 78 4 19 10 18 39 37 17 46 37 32 35 16 63 31 73 9 65 80 30 61 4 82 47 15 77 11 96 50 43 19 65 44 54 30 4 22 95 24 54 5 94 87 53 7 99 68 1 88 72 98 69 71 79 71 80 24 88 61 55 28 52 92 1 19 52 12 14 68 83 86 32 45 93 54 55 5 54 44 75 72 2 75 52 26 6 16 37 39 96 3 23 56 70 7 4 13 20 17 99 42 31 56 7 28 44 94 88 74 22 61 48 28 43 2 94 26 73 77 95 60 61 51 22 0 35 9 97 52 16 41 72 95 87 58 38 94 89 71 82 75 49 40 80 68 83 40 75 68 17 38 69 99 7 51 93 16 33 95 45 68 26 12 4 0 43 95 29 21 3 52 93 63 29 57 38 16 78 85 28 75 24 30 84 77 26 24 75 54 34 84 83 75 4 62 60 99 12 33 26 43 93 75 70 18 40 39 94 73 45 73 9 0 63 43 67 61 74 58 25 
64 88 83 24 63 33 90 24 55 52 82 42 63 33 78 17 53 40 36 1 54 70 72 1 89 83 47 59 99 75 45 62 54 97 79 19 3 1 5 7 32 5 43 72 34 94 6 97 7 39 78 11 84 2 90 77 52 18 71 36 12 82 12 92 58 76 17 61 8 56 79 42 51 93 36 46 51 12 39 95 80 24 90 55 29 94 2 65 25 82 95 85 35 49 25 79 42 89 97 18 69 13 92 88 63 26 1 4 86 59 25 54 1 71 44 2 7 24 21 84 6 74 18 31 17 93 50 80 65 84 67 29 22 22 23 61 80 22 29 91 96 35 84 43 93 0 32 32 78 42 63 14 21 37 26 9 12 3 92 39 16 57 31 75 51 30 58 67 43 55 69 63 39 8 39 18 40 47 37 27 8 94 80 20 25 37 57 24 26 26 58 27 74 20 44 11 49 82 83 68 86 76 18 79 62 78 47 62 22 0 56 14 83 58 96 98 35 49 72 27 70 45 26 37 19 33 19 34 19 88 55 84 40 89 61 75 46 77 72 79 48 27 46 59 63 12 66 27 26 1 83 71 73 42 10 89 87 72 84 79 78 61 34 96 62 42 73 61 61 37 78 66 53 44 9 35 50 66 55 48 70 33 54 88 70 32 92 53 79 29 87 91 85 9 84 4 6 71 77 18 46 86 0 79 2 87 73 89 30 63 59 24 67 5 36 45 77 26 58 68 58 12 0 53 80 9 4 99 51 56 84 5 57 89 44 25 17 69 16 42 98 11 82 12 82 89 2 87 87 70 64 84 44 78 42 91 47 99 31 33 42 97 59 84 27 72 48 77 56 88 4 57 91 82 92 56 34 9 44 33 3 75 72 86 90 97 59 2 15 20 37 80 13 6 22 95 31 29 93 22 
99 57 90 3 28 16 64 23 44 1 38 40 77 85 76 9 75 26 9 28 23 45 98 1 67 47 41 83 25 86 91 81 20 73 10 55 37 17 12 41 23 53 16 7 69 72 42 13 71 34 9 13 87 77 94 55 25 97 76 0 10 1 94 58 61 47 92 98 26 57 78 27 79 34 62 7 52 49 4 88 83 72 26 80 8 19 4 52 81 82 34 73 97 65 53 84 86 70 12 56 80 4 15 21 80 62 11 55 9 50 3 40 38 43 82 90 88 41 50 96 46 47 16 71 42 33 61 80 89 20 33 28 30 26 43 22 91 39 88 72 37 84 78 69 64 97 51 11 18 10 18 80 36 49 71 33 14 95 10 93 60 20 9 19 48 60 17 87 71 11 5 86 6 55 43 68 78 65 94 86 91 26 33 88 20 94 32 8 23 70 96 24 82 45 42 76 23 36 66 60 4 80 22 32 38 0 44 16 63 31 59 31 85 20 91 27 1 8 94 87 96 78 19 68 0 85 57 84 18 20 51 43 7 92 90 19 29 21 34 19 27 22 46 3 19 26 87 98 39 94 64 31 98 39 83 74 89 43 97 6 9 74 38 67 23 9 79 98 85 20 65 6 74 20 7 2 58 7 59 56 26 7 37 12 47 69 23 49 81 7 92 75 17 32 95 14 88 78 43 94 92 95 29 31 5 20 49 63 13 60 73 14 79 49 98 73 66 52 52 94 8 81 92 35 41 20 96 61 2 59 27 2 50 16 86 70 11 99 2 35 36 43 6 43 14 39 47 35 92 36 46 97 27 81 66 33 57 32 15 7 94 27 91 31 65 78 99 59 17 83 40 69 27 85 34 4 37 13 40 53 3 1 89 37 57 44 38 61 54 31 66 73 83 44 51 93 59 12 69 21 
70 13 99 58 31 46 36 49 50 19 84 96 97 64 65 19 79 84 16 49 99 5 27 42 22 49 74 39 63 48 32 72 82 13 65 6 71 51 30 53 84 89 45 71 10 35 93 2 35 66 64 34 68 81 51 51 54 66 49 98 22 49 60 53 93 60 9 52 11 90 34 85 68 39 33 91 88 91 34 7 95 6 29 31 18 49 25 95 19 36 52 37 55 75 65 60 4 4 90 12 32 20 37 32 84 33 17 80 61 45 48 73 59 1 48 22 51 32 75 59 85 9 43 33 30 18 22 48 10 86 53 76 57 30 67 43 18 47 53 97 1 4 31 69 50 61 41 67 78 18 27 55 17 58 2 65 23 38 84 26 3 59 98 73 86 7 52 57 46 14 80 78 90 75 87 50 91 16 52 3 56 60 46 14 2 35 65 94 59 59 67 65 68 26 41 42 0 70 55 3 39 72 60 37 90 36 15 98 1 9 73 2 55 44 64 61 28 77 51 79 69 70 95 58 84 2 53 60 22 73 82 33 29 18 71 19 9 90 25 50 53 63 19 79 54 55 85 11 8 98 33 93 2 61 92 20 59 89 28 46 88 67 35 90 12 93 50 55 61 8 59 68 21 56 91 91 77 77 48 37 85 0 39 16 76 53 85 60 98 38 40 26 47 0 23 10 9 51 13 39 12 96 30 40 41 11 78 65 61 27 31 34 27 29 81 99 65 99 8 42 31 44 54 32 53 55 90 82 39 2 36 11 1 57 21 73 71 0 85 74 21 87 80 55 67 51 26 67 13 85 59 21 17 89 22 73 49 14 83 58 14 1 78 52 81 91 86 36 37 11 7 61 81 3 76 80 96 45 60 87 42 29 11 9 77 36 11 29 12 92 88 41 6 15 16 82 15 34 11 53 
90 16 23 11 82 21 71 40 38 38 89 68 26 81 36 44 61 29 15 55 4 34 91 96 52 2 19 28 79 86 25 39 43 99 68 15 35 23 56 64 74 44 38 57 77 91 13 51 12 96 40 48 28 50 17 43 16 61 36 58 57 11 20 66 2 96 59 75 36 83 89 31 47 54 87 43 53 41 88 17 35 14 51 44 68 85 90 93 52 76 42 50 50 74 64 31 5 91 4 60 90 47 64 50 29 44 0 22 92 77 11 48 28 73 64 85 17 15 9 82 50 83 28 85 33 5 57 22 84 52 95 88 80 90 46 16 88 6 96 97 9 46 35 44 89 82 46 58 14 49 8 35 21 94 37 22 26 33 70 82 94 92 11 79 66 52 71 86 53 12 12 13 97 60 16 62 6 97 23 85 44 93 53 68 78 77 2 23 30 87 44 12 91 77 86 28 88 41 75 71 79 18 40 53 95 95 13 14 29 23 1 67 65 88 53 56 55 44 7 60 20 25 91 40 55 52 2 4 31 29 33 72 51 28 92 42 19 95 24 39 72 82 9 75 55 39 16 96 18 24 24 78 52 9 59 13 31 14 32 51 90 88 23 17 15 99 32 47 61 36 47 30 43 76 95 57 30 17 54 44 95 27 77 65 27 61 64 71 22 73 36 84 6 54 91 89 46 29 44 41 98 58 83 74 8 59 95 67 52 25 50 10 41 50 73 80 56 7 93 47 96 23 21 63 30 31 54 29 77 39 95 3 9 1 4 48 65 65 28 67 63 65 22 33 36 66 81 24 27 2 36 61 46 7 57 86 26 19 99 0 74 62 14 22 27 6 86 15 74 9 72 57 14 72 56 71 60 69 82 36 77 34 87 92 27 48 58 90 2 55 16 27 96 48 73 94 22 7 72 36 
17 27 17 14 38 78 81 9 86 65 77 1 17 58 75 9 91 88 29 89 11 69 31 21 95 95 72 86 48 77 79 91 80 30 80 22 42 51 88 54 13 8 93 74 71 60 31 71 14 82 26 71 16 27 41 87 51 50 58 7 33 85 24 19 70 52 93 4 78 86 43 7 5 8 37 84 75 59 29 31 73 70 29 64 61 59 10 85 77 8 37 8 19 97 61 80 92 36 43 24 14 18 80 55 18 16 72 35 42 71 71 28 67 36 97 67 67 63 42 98 77 51 27 82 60 83 78 32 77 46 4 56 91 4 37 47 37 35 15 6 31 81 66 27 93 52 84 56 65 33 77 2 13 38 41 56 52 6 73 80 85 58 2 9 32 9 52 50 10 19 34 14 47 3 94 20 42 2 24 48 99 99 86 99 83 45 39 39 69 33 40 95 72 33 50 6 34 93 70 29 75 67 17 18 0 86 3 50 66 54 74 99 58 52 18 42 6 32 37 43 1 26 48 3 23 77 80 5 75 48 70 36 38 63 39 19 21 42 45 90 13 25 42 40 40 52 86 14 35 39 2 19 79 84 97 16 13 83 80 74 46 35 38 10 62 39 30 56 43 84 39 31 60 45 59 76 92 22 75 85 81 90 23 64 80 99 63 43 50 23 53 22 44 40 56 51 39 43 4 10 20 90 46 62 74 63 39 50 67 88 40 83 48 57 76 77 23 35 86 80 35 22 24 65 83 57 17 21 58 40 94 37 75 38 59 54 87 76 84 51 35 37 4 61 72 96 53 67 76 48 81 82 95 46 42 58 86 72 77 29 66 40 56 64 80 2 7 44 96 62 83 71 7 25 62 95 18 75 38 17 83 66 62 26 90 85 68 98 53 7 68 82 40 72 97 27 56 24 61 88 
84 83 44 9 76 41 11 52 41 15 95 84 1 13 15 15 5 41 89 88 64 48 85 10 18 80 11 40 25 78 88 97 71 13 94 41 72 99 51 57 25 50 79 63 29 45 61 74 51 64 76 9 12 49 33 97 67 57 44 48 66 70 95 79 66 82 83 80 13 56 18 89 55 98 31 59 80 18 59 54 72 57 52 76 97 93 49 88 80 77 65 46 60 7 27 28 8 61 77 18 23 92 19 57 70 57 43 52 76 53 71 28 5 31 62 18 33 96 75 83 82 66 58 31 37 89 28 97 97 10 29 82 5 60 32 88 6 77 63 25 88 4 27 96 45 56 70 67 14 74 87 41 54 26 31 10 4 56 18 29 29 33 83 77 71 38 35 71 96 88 54 7 93 89 96 45 52 43 60 62 7 43 35 11 12 51 75 29 14 8 44 58 61 85 63 14 81 12 77 14 99 36 74 29 17 26 82 88 82 56 36 20 97 83 69 64 26 8 71 8 30 45 67 8 44 4 48 42 8 56 10 20 35 84 25 0 94 33 25 60 16 71 85 96 75 38 43 65 66 17 20 77 60 3 76 28 59 10 75 57 99 20 89 81 89 8 0 67 75 92 68 90 97 52 20 83 13 56 79 33 63 13 35 1 24 78 1 58 45 69 29 54 14 79 8 79 36 67 79 19 49 53 93 29 98 39 69 20 91 77 5 13 6 50 27 91 87 70 6 93 38 34 80 10 57 76 61 19 16 7 26 20 22 27 82 50 86 25 16 16 74 81 19 9 50 59 87 96 92 8 61 53 70 37 24 4 81 57 13 36 61 83 92 5 42 62 88 20 21 52 29 90 97 41 20 44 7 56 90 7 59 54 36 84 66 26 71 57 45 25 32 80 68 35 50 19 35 70 3 64 
59 73 63 31 80 31 43 35 53 6 69 54 89 69 73 19 45 2 55 32 22 24 53 31 92 20 24 77 39 26 83 26 53 65 96 75 16 93 61 57 61 87 76 9 89 14 82 85 23 75 94 30 63 58 22 58 18 76 26 8 69 76 59 77 46 78 86 25 80 61 18 7 94 64 15 17 51 15 43 32 45 75 26 94 64 99 13 21 92 88 52 43 90 96 96 46 14 86 18 62 88 77 57 72 13 81 10 66 8 30 42 64 46 44 75 77 97 51 7 3 88 92 54 55 36 24 30 52 58 3 91 73 37 75 96 33 72 99 4 79 35 50 98 14 26 80 55 35 83 82 88 44 42 77 67 23 61 1 33 72 9 35 27 87 70 25 17 26 89 92 62 61 92 62 2 38 14 90 28 99 17 29 76 46 84 5 84 36 93 99 13 69 91 97 68 72 35 62 45 10 40 85 1 83 12 24 79 11 97 29 80 10 76 90 27 95 40 94 13 90 39 23 13 4 25 20 76 70 1 18 36 69 99 23 54 62 74 55 93 38 27 43 13 11 42 66 68 3 62 10 18 52 51 43 51 25 89 22 61 32 38 25 86 12 32 57 16 53 2 43 44 46 17 51 52 59 17 90 28 7 32 67 14 67 89 28 9 67 98 98 91 48 37 83 91 71 3 94 94 21 64 4 99 84 70 25 8 45 9 92 39 70 60 60 7 82 98 47 8 63 17 60 56 83 95 88 86 2 66 56 15 2 9 90 0 28 58 85 43 6 36 34 37 42 50 0 15 58 97 66 40 64 48 72 26 76 54 36 8 51 75 78 32 39 28 85 21 41 73 35 7 18 68 46 62 96 68 85 51 90 14 51 64 15 50 42 63 4 69 87 97 57 77 12 45 53 90 37 75 47 
44 27 37 28 45 22 21 2 40 22 7 51 25 1 9 15 12 66 45 54 40 37 65 78 45 94 10 35 78 95 41 59 22 61 57 60 89 89 59 80 57 3 35 89 87 12 80 25 84 17 4 87 44 78 56 2 50 72 2 18 16 69 41 81 19 53 7 80 2 39 92 13 68 4 34 55 64 47 75 92 44 53 62 71 36 3 21 38 88 78 83 41 8 8 94 72 12 36 51 57 59 96 72 70 83 81 93 10 30 36 35 57 0 47 90 13 85 34 14 18 19 28 67 21 39 57 91 53 72 24 36 70 53 83 51 47 13 6 20 21 75 6 3 16 83 88 79 29 33 29 21 65 64 86 55 78 68 22 61 31 64 47 99 73 15 90 88 63 87 67 43 65 98 49 93 24 57 46 74 76 38 74 71 96 70 96 35 7 99 17 0 7 78 83 96 90 25 41 77 94 71 69 10 57 12 57 51 26 46 11 75 82 36 27 91 47 82 86 14 44 85 80 75 37 72 94 99 22 39 86 48 42 56 62 21 54 35 22 30 21 35 81 66 54 37 70 15 48 70 69 54 35 17 21 92 0 62 22 72 13 94 78 34 28 26 83 95 51 73 1 54 6 70 10 50 1 35 93 9 18 36 35 1 93 39 11 89 37 90 29 94 74 37 37 6 3 62 49 73 21 34 80 79 28 62 65 21 43 29 79 46 67 40 94 88 81 31 22 43 75 30 54 34 61 57 47 38 4 7 58 51 76 77 16 0 64 44 93 21 71 4 44 2 64 36 68 35 92 26 57 34 67 49 20 13 8 92 57 4 62 29 60 73 67 70 30 50 42 50 60 15 53 15 4 85 32 10 99 50 37 96 54 78 56 76 69 36 81 56 81 54 63 61 86 38 19 57 72 61 85 
71 81 19 62 66 7 79 20 42 73 56 26 27 48 26 75 66 20 98 24 77 1 66 51 62 79 0 35 99 28 73 74 28 84 36 14 73 33 67 35 2 96 2 79 49 7 4 51 71 13 14 90 21 31 60 27 52 37 65 20 31 48 58 76 4 13 92 96 61 62 2 6 96 87 53 94 5 95 34 97 71 64 47 38 74 81 94 51 16 39 58 57 33 82 60 20 75 32 29 37 37 38 8 20 51 14 26 36 79 13 81 21 7 45 86 33 27 30 90 70 28 41 91 35 66 45 26 57 13 13 8 40 14 73 13 90 92 97 96 15 4 59 73 50 50 5 3 83 21 21 14 25 63 55 64 82 96 48 73 60 19 84 13 50 54 75 81 84 6 0 86 83 23 94 81 5 61 42 58 35 3 96 60 47 86 37 60 1 10 41 21 65 52 54 79 51 63 53 75 25 73 39 75 60 57 83 11 65 66 73 62 42 69 30 97 57 27 27 84 37 65 67 26 91 5 9 64 66 57 81 1 33 69 14 60 45 36 52 33 31 87 31 81 67 60 31 96 67 41 49 96 41 99 38 80 54 92 23 74 95 99 65 29 14 99 69 61 42 6 62 28 94 72 26 1 79 22 3 67 12 12 39 72 38 63 30 46 23 27 50 6 12 61 11 4 98 26 68 14 32 23 6 76 71 63 87 59 22 90 50 84 84 21 53 76 27 18 51 57 62 86 27 8 94 95 89 69 73 47 24 43 99 85 75 60 69 98 95 47 11 33 12 96 68 75 92 60 81 34 9 82 22 67 39 80 32 97 69 42 20 12 27 59 38 38 92 2 54 45 41 45 6 73 89 87 72 11 6 27 47 98 44 22 12 36 89 78 52 8 21 41 74 7 22 59 82 37 15 24 43 
62 0 80 36 37 18 9 27 55 65 66 14 3 97 92 32 84 92 9 90 48 12 19 96 44 34 28 38 19 99 19 18 39 98 73 77 69 65 85 22 69 51 89 42 91 34 99 73 64 14 34 87 11 42 36 2 93 69 31 23 95 96 51 47 28 42 28 72 54 63 77 69 41 94 92 34 45 96 58 83 91 38 1 62 43 11 52 67 24 85 63 92 21 26 20 57 39 88 33 10 55 45 11 39 81 44 90 99 97 52 54 99 41 60 42 5 95 15 99 92 65 53 99 42 2 9 93 65 14 8 68 51 84 73 88 24 3 95 89 20 20 68 75 53 51 92 12 45 32 86 76 96 70 60 66 77 48 61 12 47 52 54 60 62 94 45 12 45 42 94 7 22 33 46 45 64 19 30 17 57 64 52 56 96 29 76 49 40 22 66 83 66 18 30 95 19 16 23 18 42 99 1 89 36 68 85 23 41 40 18 83 50 14 9 11 60 17 20 48 52 57 72 19 78 34 88 75 7 94 69 52 82 1 91 63 35 34 48 7 19 35 48 91 47 79 17 85 83 47 92 87 68 35 95 36 96 22 96 21 46 17 74 56 54 68 26 13 99 49 69 31 23 22 64 73 6 37 36 26 17 18 44 73 25 83 47 85 60 62 2 45 35 84 98 79 5 53 13 70 11 48 75 96 69 44 55 81 95 11 91 81 39 62 72 68 94 37 9 20 93 29 39 6 79 7 33 73 8 98 40 91 36 72 62 10 64 41 27 54 23 65 72 3 81 71 60 54 92 14 55 67 16 59 21 90 89 74 35 58 23 45 48 52 37 11 58 80 36 14 37 17 38 48 69 85 34 34 4 64 71 41 67 19 5 84 45 31 50 22 60 93 69 62 91 45 27 64 55 56 42 
26 22 83 31 15 4 48 11 30 48 54 94 90 83 40 91 33 24 82 57 94 96 3 22 44 6 86 53 40 45 16 58 33 68 49 63 34 31 91 51 40 57 31 29 10 13 98 98 57 16 87 43 15 63 89 83 15 45 75 4 98 52 49 87 56 13 34 73 18 4 45 51 30 5 89 89 64 32 28 7 8 35 5 16 20 81 80 44 95 77 31 79 2 68 75 22 6 72 77 6 90 41 45 95 70 85 6 90 24 43 39 90 95 4 54 23 21 2 83 52 97 52 95 47 32 14 18 79 59 80 33 45 54 61 96 62 88 74 19 24 75 88 7 42 24 98 32 21 10 43 69 12 96 4 63 88 13 76 41 33 52 19 47 19 22 12 38 16 38 26 12 21 11 2 12 48 98 43 60 73 92 86 49 87 96 11 11 21 44 43 42 80 48 88 51 60 55 78 19 87 6 51 93 88 11 21 70 19 42 42 46 48 14 80 68 98 62 75 74 71 73 36 55 9 7 67 29 75 57 7 82 52 4 68 53 39 20 49 33 56 82 51 50 57 32 74 42 89 85 7 38 37 25 1 17 68 49 52 49 45 6 79 49 54 2 48 73 26 8 18 56 14 1 42 51 53 55 78 91 95 21 2 9 96 35 60 35 92 59 55 34 25 64 6 38 86 6 45 86 79 46 96 0 78 80 99 51 28 94 74 3 5 86 38 44 95 51 59 87 42 44 36 29 12 2 0 6 39 11 62 42 31 23 15 25 20 26 58 68 13 45 5 69 38 89 74 91 55 98 48 87 1 45 71 30 73 68 37 81 23 10 15 81 92 1 71 63 35 7 3 75 81 45 46 86 67 38 54 14 40 47 74 85 46 60 52 85 21 59 29 59 38 86 4 61 78 26 65 17 44 
23 67 31 15 45 43 18 87 31 34 64 85 46 17 31 41 52 56 66 39 78 17 39 14 55 45 60 81 50 87 57 58 31 32 50 67 73 67 33 55 30 54 14 3 87 21 85 77 42 1 24 52 10 7 58 28 25 2 43 28 39 35 25 46 18 63 62 35 33 94 35 14 26 70 20 77 11 30 5 98 16 96 73 60 81 41 88 26 1 23 62 27 3 35 98 31 0 73 89 53 78 28 0 33 67 22 30 32 33 88 54 46 85 62 3 34 33 21 73 36 82 37 21 23 66 81 24 98 86 88 65 97 3 41 35 8 70 95 4 67 14 71 63 78 57 1 67 55 85 53 57 14 60 22 44 68 26 95 19 55 47 58 50 52 49 37 57 86 74 91 62 55 25 51 1 17 1 67 96 10 98 8 24 39 24 3 6 89 29 3 38 29 83 37 22 42 67 20 82 44 48 95 7 11 18 36 8 36 80 59 80 28 79 53 89 79 25 93 41 87 31 28 2 44 23 39 47 66 53 23 30 77 54 44 28 88 89 98 91 70 86 28 93 44 16 90 77 63 72 46 63 69 98 89 76 46 86 87 7 61 83 80 56 10 18 16 37 82 43 42 28 41 71 8 29 99 38 86 44 75 3 40 8 52 12 76 17 68 24 21 8 42 10 24 90 86 96 13 62 28 67 38 1 33 84 78 2 13 88 73 18 54 56 61 70 23 96 76 28 41 49 97 71 94 97 88 58 46 66 14 54 35 21 88 95 15 68 38 44 5 18 83 98 69 58 51 88 47 19 37 44 11 2 87 75 80 88 2 93 14 74 82 83 54 50 94 62 19 60 32 45 44 60 44 18 39 98 61 25 28 60 47 4 54 50 11 18 33 4 64 98 9 87 63 3 42 5 22 94 96 
91 88 43 33 59 88 80 13 63 62 98 9 79 54 85 3 90 5 14 29 8 33 47 40 42 84 23 30 82 6 19 91 89 18 32 85 66 75 93 94 65 8 43 43 44 74 63 14 13 21 0 51 80 72 79 6 30 89 7 59 26 76 32 71 42 14 90 51 18 33 33 43 13 30 80 53 72 56 22 98 3 59 32 55 72 7 73 96 7 2 35 5 88 31 34 29 67 52 18 28 53 55 79 48 42 80 84 76 54 10 78 59 76 71 54 6 85 65 78 25 89 31 10 23 68 99 61 13 75 89 67 48 33 99 49 80 84 22 53 15 62 17 54 27 41 53 94 8 99 2 46 98 89 68 85 73 42 75 53 62 7 99 11 54 54 54 29 76 63 40 33 55 45 22 75 83 33 22 67 73 0 10 28 74 14 17 4 25 99 89 86 72 29 35 40 58 30 13 40 91 68 94 57 80 62 35 33 74 52 72 74 19 58 9 86 42 97 66 59 84 38 64 39 69 3 38 35 21 83 94 10 74 14 33 49 89 85 66 28 62 91 85 7 41 84 23 78 10 69 19 66 69 4 29 61 58 89 26 92 71 49 55 67 28 77 83 80 82 67 21 60 39 37 51 38 5 35 72 1 77 86 29 57 2 52 38 4 78 69 69 31 11 38 15 42 18 62 21 80 36 99 42 96 18 74 84 95 51 13 40 23 4 0 30 87 11 82 16 56 54 25 49 55 54 44 57 73 95 36 8 95 71 57 68 14 39 79 75 93 97 32 47 48 70 92 40 97 69 6 51 77 37 64 36 22 52 35 3 62 36 60 18 58 42 90 71 88 97 23 31 2 96 84 78 48 80 5 57 11 56 49 99 27 1 59 45 10 96 25 32 18 9 56 41 89 50 29 55 99 9 
42 10 72 79 4 79 98 65 7 31 13 55 78 13 37 42 37 8 16 86 72 96 85 5 42 83 28 99 46 55 94 54 97 19 11 15 40 35 79 78 31 92 98 27 41 11 8 18 26 37 24 31 79 43 78 73 29 2 34 4 61 41 95 65 10 78 81 83 84 27 7 31 36 86 88 3 27 79 80 38 47 96 69 11 63 17 15 20 58 65 20 49 39 80 24 66 36 91 61 33 41 33 2 55 42 76 89 60 7 67 57 8 14 29 45 81 82 34 82 7 32 28 19 31 19 73 38 40 84 78 18 57 25 99 83 78 33 6 26 45 61 57 18 88 6 64 90 38 75 38 4 90 79 90 49 18 22 18 1 91 64 75 5 56 99 36 12 18 86 67 11 47 82 32 9 30 60 45 37 49 23 5 41 12 92 5 82 85 46 44 77 16 11 30 94 2 64 88 15 76 40 37 76 62 73 72 48 72 10 28 2 27 88 12 20 9 21 72 44 17 2 51 2 71 89 80 45 10 6 30 25 87 28 7 72 25 82 88 20 17 83 89 52 56 9 1 79 74 17 39 45 2 7 0 11 31 91 3 69 33 20 36 42 37 77 49 72 48 37 94 81 87 3 85 45 59 2 45 16 23 53 38 18 71 31 85 49 97 36 32 68 34 43 81 38 38 79 20 0 17 75 1 58 27 55 86 55 36 96 85 40 95 35 18 47 96 81 68 92 64 41 48 56 50 62 69 20 59 50 90 0 21 79 17 13 76 50 50 11 93 30 91 27 23 94 37 36 90 81 71 20 13 80 77 42 89 37 72 66 60 71 80 36 95 78 18 12 94 28 75 93 43 24 37 21 94 22 8 9 37 32 24 85 52 59 65 50 34 8 62 22 24 49 58 60 9 75 12 24 3 
94 51 5 9 39 58 5 21 44 60 77 0 8 13 38 76 78 38 24 77 96 8 73 92 52 13 7 79 90 40 53 77 75 44 35 16 50 21 97 8 39 67 38 44 4 64 73 42 95 74 95 51 96 76 38 63 45 7 2 26 51 72 43 48 63 72 54 35 77 96 51 46 87 22 6 44 49 64 80 61 36 96 80 60 17 35 7 58 87 26 21 10 63 13 69 9 79 34 91 40 48 50 28 87 29 98 85 49 61 1 24 70 16 12 51 51 9 18 74 24 62 0 28 2 81 68 81 8 70 10 62 15 40 47 52 73 28 18 33 14 59 59 68 60 48 41 64 77 74 23 0 30 87 11 38 11 97 71 97 48 80 32 99 18 40 19 90 1 16 53 93 4 16 26 86 52 39 93 31 34 20 47 85 40 5 54 89 52 24 24 2 93 77 12 21 46 13 98 76 30 50 93 92 23 11 18 80 49 21 19 47 52 33 55 33 1 52 8 35 50 77 61 55 97 62 78 70 37 2 44 80 69 13 73 47 46 0 19 28 20 26 23 30 46 79 74 80 89 61 35 53 4 56 48 18 1 62 42 72 71 27 53 75 93 53 77 62 26 55 77 72 53 11 22 82 94 2 31 69 73 95 78 3 87 2 84 85 8 66 96 40 68 20 85 5 28 11 41 89 90 57 40 64 27 63 18 92 89 56 56 46 73 6 61 37 75 2 96 57 44 21 48 6 86 62 1 49 58 89 81 71 3 65 89 54 47 95 60 4 26 75 72 25 5 78 60 86 91 88 18 38 89 75 90 22 28 72 91 93 61 54 29 38 4 51 2 28 72 81 80 45 78 2 3 22 39 92 63 75 27 5 77 0 84 32 95 95 36 50 80 87 2 95 33 36 10 64 56 16 55 
95 27 33 88 30 41 63 70 19 78 76 85 71 33 19 93 61 17 82 91 77 25 56 71 2 25 66 8 63 64 40 71 33 95 34 45 22 74 35 84 60 25 85 6 57 46 42 3 57 62 64 16 8 12 56 84 54 81 84 60 20 32 32 53 53 66 5 72 94 58 65 58 45 9 82 41 68 8 83 91 44 16 71 8 11 99 19 45 63 97 29 35 20 38 62 93 13 98 54 6 34 45 86 91 33 48 3 12 98 43 28 60 75 49 87 70 67 37 8 17 2 86 31 43 90 53 97 34 61 37 40 87 79 55 30 7 73 43 31 15 46 75 66 3 61 43 18 15 31 77 93 84 34 70 0 36 70 84 12 84 75 73 49 94 40 8 1 56 15 79 43 55 56 61 88 3 46 68 54 94 7 5 12 59 55 59 5 5 45 37 84 72 93 16 43 20 77 53 38 76 66 54 31 12 53 51 56 69 66 71 40 0 76 72 6 42 54 11 98 47 42 15 25 82 82 57 47 92 27 72 19 95 62 86 43 69 72 2 68 97 18 52 40 33 29 26 18 56 50 64 87 70 37 22 51 93 39 0 65 15 69 14 54 2 36 2 42 87 25 67 57 74 62 23 70 0 2 47 66 18 19 40 31 85 82 26 49 70 19 33 61 64 64 96 28 40 46 17 18 33 5 28 95 16 52 80 34 81 11 51 32 67 38 45 7 48 74 27 40 5 74 28 10 60 14 61 93 10 83 93 41 80 47 71 90 25 70 3 23 34 49 82 70 0 6 98 52 84 88 25 85 13 85 37 50 95 69 56 36 4 92 41 36 43 31 11 18 94 59 84 78 84 55 20 70 4 19 67 48 65 77 20 10 66 22 28 31 32 88 91 51 73 19 21 51 11 18 95 26 74 
91 67 63 38 10 41 92 24 38 36 99 30 72 9 47 62 27 53 94 47 12 45 32 54 35 73 50 80 75 73 31 75 35 44 62 38 8 22 66 28 13 5 35 64 49 22 34 18 60 12 30 22 56 89 44 46 9 57 84 53 54 56 85 61 82 23 75 0 55 37 27 7 95 90 30 91 28 88 73 48 48 86 53 6 80 69 55 70 68 45 26 74 80 24 12 21 25 93 25 85 35 27 42 14 89 23 17 5 78 36 6 20 43 5 61 34 25 24 37 38 68 61 32 29 23 85 72 39 78 60 90 57 42 65 52 20 1 16 48 49 6 24 43 94 61 50 40 4 73 58 29 85 93 41 82 7 2 51 92 14 23 77 28 55 50 57 65 58 62 33 59 65 36 14 33 49 79 18 60 28 23 11 76 3 92 41 72 11 10 30 73 11 68 49 56 28 79 73 61 47 0 18 42 42 33 28 23 61 0 52 81 23 80 19 26 46 68 62 86 43 85 30 83 81 11 27 42 27 87 84 87 36 36 64 40 3 44 92 39 27 92 43 81 45 62 19 27 83 61 22 27 19 14 23 94 1 18 46 73 49 20 25 96 24 53 81 51 85 57 61 99 35 16 5 23 61 0 77 35 17 32 23 20 60 89 49 14 2 49 24 90 61 94 30 77 8 27 63 57 27 40 23 0 64 58 93 26 75 2 30 6 33 40 11 9 94 19 81 54 77 86 92 90 8 7 66 20 72 35 12 94 46 6 33 70 83 5 46 59 1 89 43 63 46 5 56 22 56 87 85 64 74 47 66 83 38 1 65 53 55 40 22 88 65 79 77 41 51 34 90 14 93 56 46 7 26 44 0 42 91 25 67 26 64 7 41 37 42 95 59 74 90 6 96 14 45 61 6 84 21 
19 96 34 43 47 41 66 33 96 77 75 46 6 25 61 75 3 99 74 17 90 44 17 0 90 89 67 26 66 72 37 64 95 16 17 88 83 86 80 52 1 98 71 14 17 97 61 29 2 67 0 70 60 84 87 66 43 71 64 83 17 91 10 49 91 86 77 3 95 47 85 91 92 23 11 58 22 45 85 67 28 58 41 78 28 7 57 24 13 93 5 69 54 80 80 96 98 94 19 70 27 82 56 17 28 27 55 19 62 3 99 28 5 94 75 28 91 73 36 1 72 23 14 43 22 85 63 52 36 5 31 46 68 53 6 19 65 72 51 9 60 34 1 66 50 52 71 81 27 75 71 17 93 45 66 38 48 51 10 54 17 69 25 61 17 51 83 12 87 97 34 47 44 2 60 65 74 56 12 36 59 3 12 81 71 23 23 61 5 95 11 29 86 19 61 55 18 36 39 33 71 94 93 93 27 67 84 98 81 15 72 38 87 50 81 25 67 41 31 25 71 91 88 30 78 67 54 3 95 96 26 10 92 0 36 17 96 57 80 29 76 15 77 67 24 73 96 8 32 59 59 53 44 16 2 64 25 14 73 94 81 55 3 62 51 37 23 92 83 32 98 45 18 93 36 46 25 58 86 43 18 93 95 7 28 83 85 32 88 66 42 88 23 33 0 65 74 42 70 69 68 84 16 23 99 6 17 72 58 95 46 1 65 36 78 56 37 63 4 58 86 57 33 16 78 50 75 88 23 67 77 70 4 5 55 34 4 52 36 48 36 35 74 79 14 30 6 10 69 31 29 21 3 94 42 86 13 94 33 87 82 49 95 91 94 15 3 35 48 53 32 19 50 65 72 97 96 36 21 53 63 93 34 25 84 68 84 16 76 17 42 77 97 70 1 5 82 74 20 45 
3 40 63 73 4 35 45 30 39 31 60 76 4 88 28 36 0 89 25 59 91 68 9 31 78 96 55 24 25 67 97 37 74 97 39 33 42 64 69 46 68 69 75 12 19 20 91 35 19 48 87 45 95 29 43 77 61 41 1 31 26 48 67 75 92 19 57 99 25 32 20 71 98 92 38 33 84 57 39 69 1 17 43 46 3 18 25 2 76 39 74 87 30 2 67 82 81 56 69 12 56 55 14 18 9 19 44 18 52 3 91 4 7 16 20 70 71 13 37 18 85 1 92 59 27 82 30 3 65 71 42 88 84 45 66 30 74 57 70 55 49 90 5 64 84 85 32 4 40 96 95 58 8 54 29 20 55 39 67 41 25 8 70 46 0 50 65 33 60 24 17 5 22 86 3 98 81 40 45 72 57 77 93 82 27 12 42 53 61 52 21 57 36 27 59 51 76 14 35 83 67 23 3 4 20 23 50 78 37 53 80 7 50 70 53 73 20 66 79 79 70 39 3 2 7 73 42 70 28 13 36 25 83 70 0 59 77 33 42 35 56 72 41 17 56 82 37 68 26 60 4 62 21 47 66 85 69 36 99 16 85 60 64 27 29 1 34 55 68 44 82 53 34 65 88 81 57 57 43 34 78 50 0 37 26 88 62 37 82 57 65 73 18 25 18 48 52 96 47 47 13 53 8 46 32 80 0 88 84 34 40 24 2 76 8 48 14 73 47 15 70 92 34 64 75 53 36 36 97 87 8 0 13 54 94 15 69 82 11 65 74 23 99 49 93 62 52 81 56 48 13 99 86 82 76 89 89 49 56 69 31 54 65 86 11 41 17 51 93 49 3 49 13 95 26 47 64 12 76 25 68 56 91 60 73 45 88 53 63 83 87 40 54 94 90 84 95 72 93 72 
81 47 17 84 96 22 67 75 97 79 44 15 42 37 79 27 39 55 86 72 49 29 8 40 58 17 7 79 66 41 69 82 4 82 77 85 96 41 67 19 99 33 8 57 55 68 79 51 21 26 38 66 44 22 37 15 68 16 27 98 35 71 3 14 94 52 27 44 31 86 78 19 38 91 35 31 54 87 96 41 14 64 64 93 55 97 88 65 63 36 80 10 90 49 49 24 48 64 98 94 68 94 88 38 79 22 18 58 4 99 37 64 42 84 71 92 2 24 86 87 91 99 16 86 36 65 68 87 85 41 43 39 76 65 16 1 13 40 1 66 75 76 84 45 94 50 56 5 82 34 55 97 89 83 3 79 15 74 56 8 89 61 30 58 13 32 92 87 60 79 12 58 21 91 15 32 16 45 63 80 2 27 55 2 92 6 35 40 54 28 45 46 9 43 19 40 74 61 10 97 69 18 34 43 38 74 15 96 19 67 96 10 50 67 18 3 60 78 19 70 86 79 7 86 47 27 18 44 3 82 3 95 15 52 5 4 32 99 40 66 4 95 71 91 58 86 11 87 54 50 50 5 93 11 77 68 74 33 58 39 53 57 7 64 70 63 79 66 93 28 78 61 73 57 31 62 35 12 71 35 89 57 45 88 66 8 32 91 19 29 89 1 23 84 61 45 99 10 65 60 49 31 56 94 85 29 1 4 68 73 6 18 13 89 40 72 42 50 20 11 72 3 13 45 89 21 7 5 96 37 59 91 42 3 40 64 97 40 29 32 26 29 92 97 34 77 23 48 67 53 53 73 88 87 87 28 7 98 55 1 52 68 77 39 26 43 96 64 55 96 79 11 83 9 77 24 21 73 69 17 71 66 82 49 11 66 19 13 78 38 90 80 80 79 18 91 0 81 25 41 
73 90 71 41 29 35 8 74 37 41 40 18 22 63 65 66 86 70 40 73 78 1 60 11 62 26 7 39 9 44 3 4 91 26 76 61 32 33 74 80 11 29 50 0 34 26 24 9 48 12 32 51 97 75 21 25 1 81 16 53 4 60 69 49 75 61 56 56 2 57 96 1 62 33 0 82 5 29 88 53 98 93 61 68 69 16 28 7 1 0 73 74 53 89 73 95 55 33 53 13 65 33 67 82 70 2 46 97 39 18 53 99 58 55 52 51 73 80 46 1 23 51 94 85 68 23 93 23 55 28 32 96 53 43 82 30 47 62 27 77 18 63 87 3 54 28 77 65 33 87 36 38 26 23 79 40 70 86 18 32 93 48 12 79 12 45 8 74 98 22 5 1 4 10 93 44 66 86 99 86 18 57 0 11 27 82 47 39 94 35 68 51 83 79 99 36 68 89 44 65 90 43 26 86 5 94 12 63 72 91 0 61 7 75 38 67 8 45 39 51 85 92 3 28 1 20 15 87 56 93 31 49 47 67 23 23 35 22 20 19 78 82 46 15 25 23 60 47 43 45 15 56 65 78 82 37 81 54 73 93 25 8 9 23 30 84 84 77 60 64 97 1 51 19 58 7 42 18 40 10 4 33 55 5 72 14 71 45 89 11 1 18 30 50 90 49 86 0 81 56 87 91 59 16 20 37 76 10 72 77 59 13 53 68 58 59 50 50 4 38 84 74 19 37 43 31 54 75 95 37 73 3 33 71 26 1 8 94 28 99 75 78 33 32 84 68 46 49 57 8 86 97 87 71 27 30 13 67 52 72 66 66 74 6 97 36 85 11 99 61 93 63 53 71 46 34 52 92 21 84 31 34 57 57 81 14 84 87 98 70 37 5 30 39 82 94 19 22 97 95 
73 22 73 90 24 98 22 12 74 83 44 11 84 14 60 79 74 63 67 69 4 84 69 94 87 59 18 3 19 94 22 61 71 14 18 15 80 5 84 49 57 39 27 87 42 62 76 14 6 94 4 15 47 22 72 50 25 44 17 72 62 82 60 36 64 19 69 10 59 35 29 17 9 31 2 8 75 24 22 3 10 68 11 99 54 58 78 73 1 61 73 54 59 83 79 9 81 38 85 57 79 64 90 82 31 19 20 9 66 15 84 14 81 23 92 73 29 33 18 60 26 90 64 4 62 25 50 23 80 19 12 41 67 31 96 62 81 75 86 34 76 11 50 34 75 16 34 62 24 24 29 23 45 99 23 87 4 5 14 47 83 95 16 29 28 14 90 5 86 24 92 37 40 92 82 11 9 20 15 66 68 1 51 5 93 65 98 75 96 49 15 72 38 44 15 19 49 48 79 44 95 68 82 39 42 66 43 82 30 89 93 56 32 38 60 3 2 18 29 79 26 83 1 15 87 28 47 55 22 73 70 75 22 60 88 75 10 41 28 43 79 61 53 13 68 37 0 72 32 3 72 52 95 29 56 84 36 25 36 22 23 94 48 45 6 72 58 19 17 93 10 45 22 18 95 56 41 4 87 57 40 49 38 53 14 49 67 74 85 97 28 44 5 77 93 31 83 21 63 15 46 62 25 65 25 98 6 82 90 74 40 62 73 94 93 18 71 62 24 41 92 50 22 52 95 59 61 64 86 73 96 52 94 53 48 35 11 84 95 58 35 78 80 46 43 67 83 89 3 92 53 98 15 78 33 18 70 40 7 65 38 46 97 94 99 36 25 14 69 7 91 29 72 54 99 94 91 41 13 12 89 91 83 13 69 20 34 24 48 21 25 13 91 70 98 40 47 16 70 82 
10 17 72 43 10 33 57 81 16 39 6 43 17 46 81 45 3 32 81 19 95 32 9 13 30 27 46 67 34 30 0 44 46 77 38 23 36 79 53 3 46 64 40 47 91 43 85 47 20 86 49 70 87 71 60 93 62 12 15 58 2 76 71 64 82 99 11 70 83 88 21 54 74 6 41 60 92 34 97 59 24 70 72 7 42 68 14 36 91 72 23 6 69 56 71 61 12 79 97 51 58 24 31 44 83 68 94 61 11 65 62 12 76 84 64 6 62 53 42 50 17 33 47 74 35 37 64 12 34 93 90 83 85 15 24 77 53 34 67 66 85 21 24 62 34 16 62 84 54 85 54 37 1 6 51 67 38 82 77 84 4 69 68 17 60 90 76 82 92 72 48 37 60 82 99 91 52 98 54 65 43 91 60 18 67 15 15 33 36 57 11 70 1 16 64 46 96 71 67 11 37 65 12 4 99 96 71 32 10 82 52 12 60 65 9 8 93 4 74 91 24 89 2 18 73 88 97 5 16 19 80 39 19 48 57 43 35 40 27 15 83 65 84 30 17 30 85 9 29 93 49 65 83 10 58 3 24 62 41 3 84 59 68 66 63 98 61 99 54 60 60 92 7 61 65 30 3 10 43 53 46 22 16 29 64 44 87 85 91 91 86 88 81 77 55 50 56 48 25 63 15 34 98 39 82 68 96 65 85 93 41 89 12 47 3 52 67 51 0 21 1 81 45 83 62 67 65 36 46 42 73 96 90 68 69 87 69 64 33 63 43 35 73 97 24 5 90 89 36 59 82 55 10 50 82 17 63 11 94 99 45 76 76 34 64 40 77 92 19 11 52 55 33 56 68 40 5 46 77 58 96 56 18 22 7 68 49 29 97 99 41 33 90 95 96 20 27 88 89 71 
84 83 13 17 92 76 94 79 8 7 19 59 78 34 61 83 71 21 17 64 87 50 8 90 48 89 79 71 26 54 15 28 41 42 31 30 99 80 55 93 79 5 89 61 31 81 6 86 74 8 12 5 1 79 33 47 79 68 94 46 6 41 29 90 60 63 40 18 78 18 91 23 60 6 79 44 73 86 12 6 89 44 76 81 56 72 57 8 40 54 25 78 65 53 12 78 80 33 26 8 66 39 9 96 91 24 5 27 78 67 10 7 47 95 6 56 43 44 92 60 14 89 48 71 10 94 11 67 58 94 66 5 78 60 90 1 98 58 98 35 90 46 37 78 72 8 54 5 30 43 85 88 81 59 18 4 62 32 16 26 20 1 83 21 6 59 18 13 11 19 12 35 31 37 61 99 84 79 55 9 33 49 54 63 14 38 53 33 16 67 13 78 17 58 27 71 87 86 77 70 49 5 17 68 7 94 90 73 36 52 35 23 13 42 85 50 47 77 47 51 12 35 63 72 62 49 96 15 36 83 23 93 97 91 42 49 66 31 35 25 35 55 36 76 41 66 3 68 47 44 89 94 6 64 26 48 94 10 11 54 13 96 47 36 30 5 63 99 30 98 10 74 22 32 19 71 98 66 68 62 67 59 50 37 95 22 2 1 85 94 44 60 59 36 78 35 88 55 80 50 73 74 97 97 27 7 68 85 46 16 43 36 29 86 88 97 22 38 91 52 31 31 55 80 21 11 48 90 35 65 44 69 42 39 49 90 80 21 87 70 23 93 94 45 48 9 81 97 7 74 32 12 25 38 56 3 95 61 25 19 4 11 60 0 30 5 58 44 5 64 95 49 13 38 91 42 33 92 62 34 51 91 98 82 86 12 78 24 86 93 13 37 14 45 20 97 8 48 79 71 
85 41 37 54 78 89 39 66 18 15 15 48 29 50 70 21 30 67 6 44 12 49 51 10 86 7 68 49 60 80 14 13 64 73 73 26 24 52 50 82 6 74 76 82 29 9 25 46 66 96 48 74 35 65 21 66 31 17 68 91 47 9 89 59 18 98 87 13 71 65 0 77 54 13 37 25 88 94 50 97 33 48 60 99 63 11 33 91 57 80 4 93 39 75 77 32 16 34 11 66 45 30 4 32 84 61 9 68 81 28 95 37 95 46 54 7 15 24 4 54 32 10 79 3 90 18 14 5 20 16 1 82 24 18 84 15 47 92 22 79 32 34 54 54 17 33 93 33 19 72 89 90 21 8 18 78 28 78 44 81 89 59 64 29 91 28 58 53 19 0 58 0 10 2 85 30 50 35 30 46 83 55 10 20 15 27 97 10 92 60 10 82 76 97 93 82 11 94 19 98 9 55 22 45 58 83 17 62 14 91 1 61 96 74 61 59 34 30 12 34 66 98 94 56 63 13 72 57 59 83 27 23 80 51 69 38 36 65 18 49 85 25 30 99 53 59 72 73 59 96 46 62 82 97 46 76 25 35 33 47 23 59 81 28 64 91 77 40 44 0 87 37 40 41 29 51 98 76 73 26 1 23 37 44 81 58 55 38 99 11 28 16 32 18 83 68 18 94 40 91 31 72 33 70 78 27 26 22 52 87 0 35 64 90 71 2 14 48 44 93 52 1 32 67 64 56 67 92 24 66 75 34 20 97 33 45 96 51 4 52 46 54 95 8 12 24 93 68 13 98 7 54 76 49 38 49 41 69 42 68 33 58 18 53 84 91 29 18 85 65 0 24 24 72 96 12 42 35 63 83 86 74 74 20 27 15 58 77 27 18 84 91 82 38 89 10 34 3 69 36 
29 5 38 95 7 0 85 36 73 14 65 91 22 75 79 84 22 75 92 16 1 61 40 13 77 22 31 34 98 43 7 35 12 19 26 28 62 32 8 95 58 37 66 11 85 28 24 62 72 54 60 98 51 55 60 11 81 42 74 68 12 60 29 45 75 40 59 95 1 91 82 58 40 28 87 39 17 95 49 25 50 22 65 98 77 29 30 17 87 14 96 26 29 63 29 47 53 14 55 42 44 1 30 57 27 24 4 8 40 39 64 37 90 36 69 32 92 33 39 54 81 66 34 28 4 30 65 20 46 38 12 87 96 18 10 7 51 47 77 62 89 84 47 56 54 69 14 22 51 61 47 71 45 46 40 71 13 71 1 62 15 93 55 90 32 30 80 52 77 34 22 81 73 90 16 87 34 71 1 65 90 31 82 7 91 15 57 91 5 24 7 29 79 37 92 52 13 57 73 61 28 37 71 56 14 82 53 5 80 80 45 0 22 97 43 55 22 15 11 63 7 35 18 70 22 84 82 81 38 19 21 90 56 93 11 83 14 14 83 32 74 47 88 36 70 46 32 71 38 39 16 8 27 39 41 89 21 89 43 24 87 1 28 54 10 84 83 35 85 43 61 52 23 3 84 60 70 25 87 62 99 64 73 13 81 76 53 49 15 95 5 38 52 53 1 58 97 76 15 88 50 89 53 74 64 34 46 98 70 88 49 65 98 80 34 79 34 49 66 35 4 60 25 50 70 24 82 34 21 51 51 29 77 9 53 61 28 3 70 14 95 50 29 35 82 25 39 78 58 96 64 22 85 23 43 1 88 99 85 65 79 7 58 82 46 53 62 3 75 58 40 86 48 59 9 24 31 22 47 57 71 84 30 47 12 4 19 30 66 88 91 31 98 91 90 85 82 39 20 77 
58 27 28 91 78 27 7 70 85 74 72 68 7 81 58 34 40 75 0 94 73 73 20 65 66 94 17 8 20 49 67 21 59 90 21 19 44 34 9 35 13 3 12 8 37 55 70 62 46 88 52 49 60 32 27 95 32 66 68 67 8 69 47 63 57 7 96 34 18 92 5 75 79 76 20 45 49 3 63 39 4 79 29 26 51 11 38 0 39 30 19 51 38 14 71 87 21 86 85 72 48 46 56 99 73 77 99 86 8 23 0 94 85 64 68 1 87 85 47 89 59 62 70 55 47 27 24 31 53 87 68 40 95 70 25 79 81 74 11 48 57 44 51 83 85 12 64 87 82 98 87 57 60 54 72 85 19 58 26 66 48 19 49 26 66 73 46 70 18 15 98 22 17 31 55 13 65 1 63 72 67 22 58 61 71 46 30 14 76 18 33 78 26 36 84 87 9 96 53 24 93 64 93 73 86 10 83 21 76 32 27 52 79 65 64 13 79 26 69 96 28 83 5 84 8 11 12 55 89 13 87 83 76 69 80 5 74 42 16 66 67 18 14 61 4 99 80 12 5 98 66 23 54 65 37 51 5 33 98 1 9 94 24 40 65 27 31 29 73 52 66 65 48 85 90 10 1 64 83 86 27 19 52 27 83 4 94 7 57 36 90 42 89 77 76 22 56 12 2 65 45 67 16 90 57 15 47 17 15 28 22 20 52 55 46 14 21 76 80 42 1 74 88 97 58 68 90 71 36 21 36 75 72 74 24 4 61 30 67 70 60 95 78 54 49 91 15 31 19 54 99 62 32 82 79 27 91 66 19 23 53 63 67 56 41 99 8 32 53 44 45 71 70 33 6 19 16 64 52 32 38 8 27 35 42 75 40 35 72 38 20 75 19 96 41 87 21 29 65 49 
56 12 32 57 17 11 61 4 44 52 33 14 52 11 40 50 52 87 32 62 34 54 47 7 7 26 63 14 59 84 91 60 86 42 33 75 56 59 70 89 53 57 22 76 12 68 21 23 41 33 1 60 84 45 64 30 84 11 56 25 43 52 18 56 56 22 4 42 15 10 30 77 92 26 67 62 14 45 87 25 21 77 11 84 74 75 69 9 46 89 30 85 78 17 13 90 73 91 89 25 6 29 73 28 35 86 71 58 35 12 58 52 92 63 88 66 72 8 60 31 17 47 47 66 74 63 86 1 37 3 51 86 82 78 67 95 89 19 23 86 26 67 94 26 91 55 34 12 87 8 11 13 14 20 56 75 94 6 43 90 44 30 7 37 41 87 20 18 19 84 99 10 51 80 86 20 9 29 79 67 38 67 60 22 53 30 93 0 71 30 97 45 55 86 62 27 62 83 3 32 51 57 63 3 19 13 0 73 35 77 1 18 94 50 51 55 4 76 14 67 87 15 96 45 53 40 1 80 98 57 65 58 76 66 95 44 84 64 66 7 19 43 65 23 29 11 98 64 41 42 58 73 69 41 91 27 19 76 71 59 83 39 86 43 43 15 62 55 45 96 57 38 40 51 90 86 1 11 84 56 59 60 23 29 21 21 72 18 63 58 99 1 28 84 50 60 63 64 21 25 43 37 77 39 67 74 50 80 78 43 60 32 51 10 23 45 24 65 29 39 87 3 32 53 90 16 13 36 76 85 13 60 36 15 69 74 6 98 3 21 34 25 83 83 71 24 91 77 41 19 55 29 91 37 75 32 68 91 98 92 50 30 31 68 87 22 15 98 84 65 26 32 31 51 13 22 1 47 83 22 8 89 50 57 33 42 16 34 42 65 67 36 82 39 58 29 77 18 93 20 
57 25 87 42 33 71 45 88 85 41 38 16 10 85 77 11 35 44 95 58 36 22 82 67 95 97 61 33 93 27 92 11 78 16 2 90 54 7 45 10 25 15 18 34 42 82 78 6 81 21 8 76 51 18 44 78 41 38 91 47 35 5 32 64 94 20 42 21 52 78 47 8 92 30 37 61 76 83 91 46 13 32 34 41 2 70 89 84 69 47 57 5 83 41 5 94 13 7 1 18 30 0 56 25 43 92 60 88 97 94 57 28 73 16 11 5 46 28 24 22 86 89 87 20 94 57 38 42 39 24 85 42 1 24 48 93 4 95 75 48 99 22 60 36 24 67 89 99 17 9 26 23 28 47 25 11 3 6 64 40 1 3 95 93 56 0 67 41 21 41 22 44 93 99 80 81 99 88 45 60 1 62 76 40 96 16 39 2 54 73 84 43 95 24 47 10 67 43 93 49 45 56 92 93 28 29 68 64 85 35 70 32 54 65 20 17 13 78 80 31 8 44 68 63 39 51 76 10 46 97 77 56 13 75 67 47 2 80 18 9 34 80 46 65 46 68 10 89 67 28 21 36 0 69 56 38 15 28 8 12 90 78 40 59 27 86 77 33 58 84 84 31 26 39 71 54 27 82 4 81 43 9 22 65 42 63 94 93 2 15 85 13 2 63 74 78 18 88 7 88 81 41 31 34 2 84 34 97 25 50 93 8 16 15 95 7 63 41 92 47 4 56 4 16 31 62 3 92 43 35 32 19 69 47 23 52 65 63 39 99 42 50 72 11 58 89 72 57 98 85 71 42 54 43 45 98 36 84 91 69 89 26 42 43 64 35 27 34 12 13 46 43 64 57 6 53 37 87 36 89 63 74 47 42 47 16 48 10 25 5 5 34 36 77 15 83 90 63 17 26 
2 44 67 82 18 47 95 23 14 49 28 8 50 20 12 72 40 0 64 78 14 66 83 39 60 84 16 72 9 97 99 32 87 57 1 79 77 24 78 64 80 0 5 68 32 99 58 44 83 65 38 99 32 5 27 55 98 64 29 46 35 27 18 8 51 65 33 35 24 64 97 81 52 42 8 61 24 55 80 97 22 33 66 79 18 64 82 47 49 43 94 52 20 47 54 5 35 62 3 61 55 35 94 66 8 96 40 19 55 64 12 24 97 6 60 66 56 77 59 39 74 66 99 74 66 15 91 27 46 94 67 74 78 9 50 2 90 98 16 48 96 66 20 12 78 38 24 47 11 82 76 73 59 29 55 42 83 21 16 75 48 87 37 66 10 90 49 98 2 1 39 63 99 1 13 2 27 63 78 83 89 82 47 56 22 73 28 85 63 56 86 37 69 51 44 0 50 10 11 49 38 35 66 18 24 9 62 29 4 99 29 78 77 77 65 10 7 88 32 50 72 39 29 88 66 9 73 17 70 6 92 48 24 54 41 6 12 27 81 50 27 77 38 71 4 66 18 24 20 52 4 83 56 60 5 1 55 37 28 60 59 76 51 70 16 20 60 98 50 57 84 81 78 45 21 14 80 83 2 69 27 52 35 72 6 38 50 67 14 54 65 86 12 17 53 56 92 47 7 2 98 5 88 57 32 67 10 64 92 27 49 46 60 59 67 14 91 57 64 71 17 70 96 54 42 98 62 98 30 34 17 4 33 69 81 42 62 23 25 53 37 94 90 42 73 95 62 49 58 69 86 88 99 68 17 33 31 9 14 15 34 56 79 58 6 51 55 58 31 9 73 84 58 12 98 74 52 31 37 84 31 90 93 15 57 52 43 31 49 84 48 79 2 11 69 32 49 17 2 47 
35 33 47 6 43 78 13 9 44 83 60 39 46 69 97 8 13 42 79 31 71 82 74 28 96 6 83 95 3 65 85 9 26 55 27 34 92 50 11 76 58 54 87 76 88 20 46 82 22 3 13 57 86 63 34 47 39 33 69 62 23 58 73 37 25 19 13 33 82 89 40 95 93 26 93 56 12 56 91 38 97 53 89 39 25 86 45 19 12 36 62 19 73 60 66 46 39 81 89 35 68 19 15 73 17 67 40 90 26 25 22 71 80 57 2 14 36 9 91 14 61 35 83 59 29 67 40 77 76 82 94 15 18 1 90 78 54 55 74 56 43 36 93 34 42 96 34 29 72 55 60 28 61 38 9 84 16 70 3 94 5 76 22 21 77 53 19 0 25 55 32 78 58 99 69 2 47 32 87 2 35 80 43 46 77 33 97 70 29 31 34 48 21 69 83 11 68 1 31 53 13 79 66 49 75 92 78 40 88 79 50 93 72 40 34 12 39 89 98 65 49 10 82 20 12 79 10 46 91 63 85 9 59 23 19 41 79 21 56 72 88 63 63 3 72 87 95 25 6 92 79 91 31 61 99 9 67 76 18 1 95 93 15 29 69 96 17 97 65 28 70 13 95 62 89 72 37 42 63 78 62 43 91 15 7 77 41 12 65 10 17 49 35 78 55 0 77 92 6 66 37 52 97 99 86 2 42 15 46 55 37 82 56 95 43 71 57 78 32 76 46 51 93 45 47 2 78 67 11 85 55 39 16 65 46 96 36 57 88 88 59 43 95 46 27 78 63 40 6 21 67 10 15 46 59 15 80 12 24 30 57 65 16 17 29 3 94 85 41 18 84 89 45 59 43 65 47 10 95 73 53 24 12 10 35 59 79 23 56 94 5 12 69 6 29 71 16 69 28 13 
33 57 34 20 51 81 62 92 81 86 39 94 46 40 33 67 66 6 37 46 50 63 69 98 91 30 53 14 65 33 31 78 69 62 2 57 69 58 68 39 88 85 82 9 10 54 67 58 28 14 69 64 7 63 99 91 97 7 2 2 37 63 26 72 32 37 63 21 72 3 13 73 88 5 29 19 80 16 90 54 38 97 30 64 53 42 16 56 89 56 74 26 43 89 38 44 3 2 23 67 7 63 53 18 98 21 72 43 36 76 77 48 39 15 33 11 27 45 76 80 30 81 54 23 68 80 31 34 21 93 96 33 2 45 11 92 28 61 59 35 39 49 10 91 4 42 7 73 45 46 75 8 13 66 13 36 42 32 1 37 58 58 91 88 94 63 85 0 85 33 86 23 92 15 71 60 64 39 65 60 0 26 9 8 21 43 81 46 12 41 52 5 42 33 67 46 34 24 5 9 66 29 72 80 75 53 81 18 15 46 14 91 99 89 9 39 2 28 64 12 27 72 87 20 34 31 70 31 14 4 71 69 69 89 54 14 16 9 28 90 45 88 73 56 59 80 12 18 0 53 64 63 57 83 47 79 85 18 30 70 10 75 57 28 49 1 93 44 20 94 39 88 75 67 17 88 6 1 27 84 52 30 63 39 9 4 76 45 79 39 69 32 71 9 2 87 59 37 30 95 70 16 76 51 80 40 11 26 82 94 91 70 57 23 65 83 7 25 90 64 93 91 89 29 28 46 17 74 41 49 32 66 27 19 73 40 4 76 67 18 39 61 87 95 40 76 96 83 84 72 5 44 30 84 51 40 86 22 83 4 73 10 82 30 30 43 63 6 80 94 21 50 71 8 62 8 23 18 66 1 18 35 8 50 22 80 62 93 64 41 16 17 91 2 15 35 95 97 86 26 
7 29 60 52 20 34 35 77 24 87 73 66 32 4 89 70 98 86 92 54 58 35 4 15 21 26 24 0 86 15 50 99 73 31 94 56 73 75 95 61 19 13 31 57 27 34 74 15 81 94 55 24 44 41 2 52 25 31 85 53 8 38 66 18 3 99 81 7 91 30 98 12 14 34 45 19 17 13 60 22 19 43 88 53 75 57 4 72 23 84 94 0 48 3 15 63 39 81 70 89 53 33 8 72 11 40 38 11 57 25 46 82 93 59 51 61 14 48 72 80 29 96 35 46 66 44 17 5 28 40 92 57 75 15 20 38 6 2 20 95 84 90 70 16 41 77 52 8 5 47 39 71 85 33 75 46 7 99 24 41 39 90 5 43 57 72 36 1 53 75 85 7 45 60 2 28 34 53 54 29 1 49 41 95 30 38 71 85 54 98 60 90 38 94 80 53 44 68 94 6 6 29 18 61 64 83 51 53 97 55 42 32 69 81 49 93 29 6 67 66 39 75 53 97 84 60 76 96 55 64 99 60 44 83 19 38 45 7 97 43 60 35 53 34 17 73 73 67 77 47 23 59 71 29 66 61 2 17 74 31 23 86 63 53 8 37 44 1 69 16 20 15 38 61 72 91 34 84 91 5 62 20 23 76 37 23 32 43 38 3 38 80 59 27 66 73 37 75 36 47 95 23 8 37 79 18 46 34 55 73 84 54 1 33 66 38 69 87 55 22 6 11 55 11 51 47 55 98 91 29 89 51 27 70 44 4 60 0 70 68 88 98 36 19 4 74 41 73 76 16 7 75 78 49 99 69 67 3 19 89 98 79 17 27 50 6 57 1 84 24 91 4 57 50 3 96 14 20 25 80 80 38 64 62 88 70 92 66 52 17 14 40 79 57 89 95 55 72 39 3 
16 87 78 95 31 17 8 36 64 53 75 36 48 45 73 6 66 80 15 93 29 11 64 31 81 75 25 52 14 78 22 43 82 67 55 1 89 87 12 15 16 14 42 56 89 29 16 52 36 65 0 47 66 8 33 2 49 94 32 2 12 66 6 13 36 26 62 89 52 16 47 3 61 87 25 97 61 82 11 99 48 59 63 63 76 91 85 80 53 92 40 52 44 43 94 24 29 7 59 99 90 21 77 53 51 9 79 55 63 60 78 44 52 84 75 90 81 82 55 17 95 26 59 55 14 80 28 49 38 1 29 80 86 20 42 16 35 62 9 1 75 20 47 35 20 3 30 75 88 64 16 58 67 41 58 66 75 51 82 83 2 18 6 88 93 98 46 97 20 12 75 15 86 80 9 11 90 68 2 15 74 21 76 39 59 91 57 54 22 91 69 79 21 81 76 86 49 40 32 59 10 41 93 15 31 29 63 72 92 6 24 42 33 0 11 15 89 18 28 90 63 40 40 80 24 62 48 11 37 56 13 88 2 47 27 58 90 20 42 7 53 3 12 95 0 19 36 35 69 9 98 87 82 62 49 87 34 17 13 6 81 32 73 28 23 77 96 15 56 35 86 60 94 86 37 23 24 89 37 74 5 35 13 65 12 61 82 23 35 82 21 24 86 78 96 16 61 90 73 91 28 28 67 2 62 99 21 13 32 59 0 93 67 50 71 87 92 69 33 5 75 77 70 89 99 8 6 8 96 0 18 1 90 46 96 94 69 38 42 30 60 3 14 79 50 21 25 86 11 86 63 37 95 38 13 68 16 64 26 87 9 66 43 35 67 36 87 19 87 44 61 41 92 34 7 13 79 68 46 37 64 41 71 18 62 81 90 34 73 24 85 26 72 96 12 53 94 16 90 86 
81 43 30 91 57 28 10 27 41 23 60 93 63 32 92 65 77 74 61 34 55 31 83 24 15 14 44 28 55 29 90 95 82 76 49 31 90 94 21 16 16 34 13 41 28 88 29 25 62 97 70 89 22 93 52 34 68 28 44 68 43 87 79 33 42 99 41 86 11 38 10 61 80 1 35 14 24 38 60 99 71 83 16 62 48 82 32 68 54 94 37 92 60 2 80 16 82 53 47 88 81 33 50 69 38 36 44 16 30 72 27 10 56 42 84 22 15 38 62 61 25 16 64 93 61 50 59 13 81 88 31 76 39 52 17 73 53 68 44 58 98 20 42 11 55 8 14 44 54 65 20 73 94 47 28 2 35 39 78 88 43 78 41 31 37 66 23 92 54 43 93 28 33 4 59 42 42 87 98 13 6 67 88 89 0 57 76 92 24 77 74 24 41 73 77 40 40 10 15 7 27 86 1 52 42 50 65 98 17 9 12 53 53 48 47 49 48 63 47 11 11 36 87 66 2 43 95 64 51 22 15 21 90 42 34 63 49 13 47 67 6 49 87 63 61 8 84 16 64 2 62 78 24 25 57 46 18 3 34 38 26 1 9 59 55 1 38 72 22 13 34 30 99 30 8 48 38 84 25 15 78 52 33 89 72 46 95 87 78 53 91 39 62 15 22 41 24 5 86 56 42 73 22 55 79 62 79 55 2 70 60 26 74 83 24 82 38 36 51 37 93 40 10 83 65 27 14 6 35 8 33 10 65 79 43 69 59 32 24 69 51 4 87 48 34 6 83 30 86 64 75 37 7 62 95 93 58 39 84 87 15 84 89 92 25 82 0 89 78 80 87 85 97 12 4 45 68 16 45 84 57 32 20 15 24 66 30 2 70 46 34 7 89 20 16 42 72 34 66 23 
4 58 32 40 90 60 47 2 79 63 35 1 70 74 77 22 77 80 22 81 47 45 66 79 40 51 31 38 61 84 50 2 1 2 6 6 32 42 22 59 68 70 61 48 89 88 8 39 93 80 64 75 8 94 21 75 16 63 2 97 64 14 62 82 26 32 14 2 99 20 35 51 94 49 51 95 91 40 7 97 93 26 4 71 53 58 75 54 58 59 85 77 30 5 18 45 98 16 12 48 77 53 36 99 13 92 89 54 95 93 12 57 28 95 74 62 59 61 75 68 69 87 87 82 82 5 72 24 66 35 76 46 36 1 35 50 41 7 6 14 33 11 21 99 74 41 58 84 49 28 39 94 13 79 38 48 61 59 74 49 37 55 1 61 51 19 53 77 91 50 95 67 82 22 42 98 71 73 63 76 24 17 17 64 14 51 84 90 45 77 54 4 15 57 5 12 47 1 9 8 70 93 61 48 29 86 53 82 56 48 83 22 26 49 2 37 97 99 62 64 32 4 2 1 64 6 86 13 23 2 29 62 11 92 65 66 42 31 65 40 88 32 92 11 81 17 82 58 73 36 24 99 26 49 83 35 13 44 1 24 59 42 39 47 45 15 90 36 97 13 93 84 59 51 59 7 89 72 57 34 54 88 45 63 9 87 64 98 81 69 58 14 11 10 4 64 60 19 35 15 51 92 90 81 22 35 99 13 96 33 22 94 77 0 87 67 11 57 51 71 52 87 52 91 16 24 56 5 44 34 19 67 71 24 44 92 56 6 86 74 28 54 15 90 77 33 28 28 3 1 14 94 2 96 97 2 85 1 67 85 10 45 19 95 1 65 14 33 69 63 42 10 20 54 6 65 47 61 69 37 38 22 66 58 72 99 95 3 79 61 8 41 33 21 59 79 66 36 94 79 
66 21 80 44 85 13 36 19 9 6 98 59 79 24 51 52 30 56 99 24 32 85 25 5 49 41 87 37 1 23 82 58 41 46 28 12 82 83 85 14 49 10 19 1 30 11 53 51 34 70 49 34 26 23 60 27 59 36 35 94 87 80 79 63 57 17 6 87 15 43 64 95 78 27 59 76 80 51 91 24 10 99 41 80 21 21 66 54 86 20 22 53 10 89 57 38 67 66 82 49 32 44 27 37 69 28 64 72 91 44 55 94 9 46 18 76 51 93 59 20 86 20 89 51 12 36 56 18 85 1 47 89 58 27 92 1 25 33 0 48 38 26 35 10 44 63 50 50 2 85 30 50 7 47 60 7 36 35 52 32 90 86 11 0 0 73 52 10 42 9 20 73 42 25 60 12 89 87 87 35 66 39 37 59 94 63 47 7 79 4 60 63 87 29 36 53 39 58 99 74 45 10 27 90 33 9 98 27 47 0 38 3 81 1 74 88 18 43 18 79 40 22 29 20 74 55 70 25 69 58 28 61 85 67 15 48 54 7 80 12 15 35 27 69 97 78 74 0 48 43 20 64 3 1 79 71 81 6 51 68 97 50 9 65 46 96 62 38 25 81 80 42 19 8 33 86 41 46 5 84 11 3 94 2 61 52 66 35 32 3 2 37 4 40 8 67 0 29 98 57 15 92 72 54 46 84 89 85 22 45 3 51 95 48 33 80 53 89 50 60 42 55 30 0 88 33 34 9 88 47 9 77 31 1 33 39 76 9 48 67 87 47 43 70 20 80 78 55 59 19 26 52 23 12 96 31 20 38 27 23 73 76 31 9 29 98 43 46 22 45 80 8 68 56 70 1 99 20 28 26 43 87 27 4 51 80 84 39 52 90 35 29 15 97 90 73 78 13 21 51 
19 2 10 27 69 44 97 27 71 72 34 34 10 31 89 3 26 45 62 83 48 24 37 38 71 2 28 62 53 65 53 81 67 42 49 12 79 79 74 57 40 85 31 59 43 24 16 22 81 41 81 21 81 46 55 54 88 68 11 12 78 45 29 92 95 7 63 64 25 98 21 54 3 61 12 20 39 74 84 32 72 51 87 57 71 55 7 6 78 53 53 63 90 75 10 66 90 55 34 87 51 99 96 7 83 18 85 81 36 49 37 87 53 6 70 32 80 51 86 42 82 31 27 29 63 10 24 68 36 93 35 28 74 83 89 63 36 50 82 44 88 90 90 3 38 24 79 29 18 66 87 5 31 57 52 1 60 34 71 93 13 77 22 8 93 15 65 59 75 7 51 18 91 63 92 85 2 68 81 42 72 0 8 60 89 38 74 41 46 67 54 59 94 11 39 87 84 25 24 55 11 52 95 86 83 38 67 29 86 50 30 64 7 81 15 62 81 60 55 53 3 25 79 38 14 83 81 0 0 79 66 70 80 96 35 73 54 13 71 54 85 98 65 37 66 73 46 92 22 62 44 83 22 60 88 31 2 29 33 55 8 35 99 45 83 1 83 10 0 22 31 5 27 24 13 5 69 36 75 21 28 92 77 80 8 20 26 26 49 33 0 1 84 23 62 11 79 10 99 3 95 64 77 49 68 52 87 56 16 66 78 42 72 53 74 6 71 53 41 2 7 99 0 30 49 70 68 61 24 15 67 96 29 35 43 79 25 27 19 49 52 87 69 43 24 63 78 25 9 72 84 31 24 39 45 5 38 68 33 74 34 56 18 10 65 30 98 75 41 3 28 16 64 60 31 63 83 53 19 45 90 55 13 7 9 90 65 63 59 72 41 87 90 25 77 41 80 47 82 44 
57 89 56 70 20 7 83 71 38 4 43 13 96 16 82 79 33 94 6 51 5 44 12 63 95 26 85 88 97 13 70 50 39 74 57 23 33 86 82 90 79 46 51 17 57 61 20 94 92 53 5 86 74 3 38 55 86 15 67 92 12 20 76 83 17 60 12 66 90 83 52 33 21 92 99 54 9 4 91 14 15 41 18 63 49 37 46 71 25 61 42 4 73 92 82 16 51 69 85 96 95 88 57 7 40 70 58 92 2 15 62 63 21 56 85 47 15 3 65 78 3 50 73 81 1 89 73 88 87 35 96 16 93 19 60 73 41 25 26 74 66 72 39 90 62 40 34 82 10 83 99 69 5 51 15 51 63 68 37 25 11 12 48 71 75 30 66 50 91 79 13 85 41 46 92 67 47 19 80 15 81 30 48 23 45 49 41 53 72 83 34 7 94 30 99 12 9 4 12 51 50 78 88 16 41 8 66 53 15 0 25 67 52 96 19 13 98 74 47 31 82 55 91 79 41 75 59 68 12 93 72 8 75 44 71 32 32 64 73 37 34 42 87 69 60 30 22 2 0 76 77 39 31 5 6 4 83 10 61 3 6 77 58 12 49 83 34 72 53 81 97 94 65 83 75 90 20 46 71 43 84 18 31 34 99 51 13 4 12 15 53 24 30 72 84 12 84 17 36 17 25 63 58 57 98 78 48 9 88 26 47 16 76 47 28 87 8 79 49 56 49 86 38 47 97 58 0 15 57 84 91 55 43 78 75 54 20 31 88 43 5 48 70 84 63 93 41 67 96 39 89 66 8 3 42 26 69 15 27 50 31 71 97 77 15 90 9 96 8 62 93 52 18 26 27 43 94 31 30 25 11 81 11 94 4 26 39 91 81 19 58 73 74 78 7 20 61 0 56 23 
4 39 16 35 19 71 12 75 47 89 39 83 75 52 93 24 70 63 94 78 85 50 14 59 75 25 92 27 14 70 48 0 11 47 65 97 17 26 19 17 93 75 68 69 62 31 21 30 44 74 87 96 6 16 98 44 52 76 78 47 49 65 84 47 25 16 32 53 59 65 13 4 1 81 0 88 19 68 45 79 17 68 90 64 19 26 72 21 56 15 43 35 86 81 38 39 39 31 29 91 73 99 62 54 30 47 8 16 39 6 89 61 45 31 90 7 5 86 74 6 60 6 53 92 26 47 16 81 8 88 87 41 31 32 37 79 72 61 17 72 61 57 47 21 17 4 96 57 94 38 10 74 70 97 90 22 12 53 63 96 45 36 59 37 86 4 80 48 75 63 36 13 1 29 81 98 40 76 4 53 24 84 89 22 49 16 26 68 32 29 59 69 92 1 17 55 33 55 33 89 56 37 64 38 19 98 89 52 58 81 62 76 83 66 22 37 93 7 19 18 19 30 24 72 23 29 85 80 13 85 77 85 86 88 52 56 56 72 41 5 72 73 38 45 97 82 59 32 55 99 79 33 20 47 41 68 37 79 43 36 9 34 64 9 69 66 3 11 95 23 74 63 77 87 20 89 76 6 18 11 18 34 4 45 55 70 35 82 27 94 18 22 53 35 46 92 34 40 74 26 97 60 63 94 1 38 47 11 71 69 88 33 26 2 76 29 61 22 34 89 84 0 99 43 17 54 79 59 40 91 41 61 36 17 22 55 29 60 16 52 15 39 93 82 88 45 0 2 17 55 66 26 56 36 54 78 58 92 90 21 75 86 36 53 98 99 97 94 76 0 7 64 79 16 61 68 35 21 63 52 11 89 31 88 56 58 7 48 71 50 8 47 52 68 7 78 79 75 5 50 
50 90 20 34 87 28 24 20 63 65 43 74 15 76 33 56 91 70 2 80 0 54 33 1 14 39 89 51 85 47 2 19 55 42 7 31 35 43 81 97 29 32 2 40 74 68 7 73 61 28 3 75 98 70 33 98 33 74 7 33 38 81 44 87 92 16 43 22 0 53 69 45 20 60 57 95 47 13 66 4 30 0 93 77 96 92 48 14 42 68 1 52 2 44 91 31 20 92 21 56 37 22 64 32 80 68 76 91 71 95 54 73 91 38 73 1 6 50 85 83 0 31 35 15 51 67 42 86 60 94 21 52 79 10 74 55 18 88 47 51 60 26 19 23 27 10 35 35 17 35 57 58 95 22 57 34 39 80 94 10 30 66 75 3 0 9 47 65 36 4 46 44 40 22 13 59 87 64 87 80 59 75 12 58 79 49 34 62 97 14 19 51 9 65 35 45 95 12 98 72 32 16 68 10 83 28 23 76 77 69 92 72 47 58 34 17 65 68 55 95 38 29 57 50 66 29 40 17 25 9 49 41 34 4 26 96 4 86 74 59 71 35 32 23 34 75 11 63 56 20 29 32 81 21 48 71 7 15 16 35 72 90 54 99 93 32 24 22 63 78 94 15 33 27 41 51 22 84 34 17 89 23 49 82 26 14 7 33 23 28 9 24 91 9 38 55 25 80 14 85 64 74 15 13 21 58 76 51 58 73 65 23 58 82 30 28 17 36 15 49 74 86 48 12 50 56 32 52 74 9 72 21 28 20 69 41 25 54 77 89 31 60 66 12 89 17 39 59 43 43 92 86 45 27 20 70 29 49 66 84 45 61 57 73 45 54 59 14 93 61 39 73 7 66 70 8 34 97 63 7 39 91 58 73 15 66 95 11 53 74 10 35 69 97 82 94 58 50 27 36 
3 70 44 85 4 75 48 29 39 36 43 7 50 4 73 57 28 6 99 19 90 82 69 86 42 26 15 71 16 47 15 36 61 88 26 46 46 71 42 45 14 36 71 71 66 3 64 47 16 61 73 53 54 57 51 1 21 70 44 5 49 13 36 2 34 41 38 55 0 39 58 52 95 11 95 88 21 74 97 7 16 30 85 13 71 15 32 7 89 3 73 3 32 20 73 74 51 32 88 45 82 25 78 71 12 27 47 14 63 3 6 60 83 61 83 72 76 36 96 85 90 80 29 42 50 36 80 86 35 53 36 31 84 11 15 45 59 27 46 16 82 8 60 50 6 82 71 14 54 0 90 74 33 4 58 46 66 29 11 33 2 4 29 27 11 43 92 75 60 74 97 71 48 39 67 83 0 37 4 58 27 55 71 39 53 97 26 74 88 63 91 93 68 73 1 61 78 67 28 89 25 14 96 91 9 46 38 48 9 90 28 1 70 77 63 99 78 94 18 27 36 6 84 6 74 96 2 66 77 94 82 34 36 6 19 99 23 11 55 68 37 13 37 46 96 78 90 99 68 11 5 48 43 22 54 2 87 21 41 14 48 99 84 83 28 26 98 23 60 13 32 49 53 2 15 70 35 34 84 7 76 48 49 54 84 8 37 2 40 85 78 20 40 92 64 67 6 62 84 68 35 0 22 55 84 62 96 57 90 54 44 50 81 89 24 68 11 58 68 48 55 66 88 37 48 16 91 7 61 58 51 10 77 48 49 79 19 83 39 98 13 76 8 77 60 30 32 87 61 1 24 12 91 97 73 28 45 75 68 83 17 34 21 68 89 37 72 65 8 38 15 25 65 10 46 95 16 19 55 50 41 66 49 50 25 59 51 30 82 77 37 62 58 62 7 35 19 43 89 52 
33 48 89 80 21 58 66 1 49 52 29 71 39 7 91 13 35 78 27 51 87 26 76 4 65 31 72 6 63 6 94 69 66 15 9 72 29 94 18 18 51 74 16 99 92 54 66 5 92 68 93 42 0 26 30 27 45 39 34 58 62 2 28 99 41 93 75 28 22 84 49 91 11 43 22 28 75 30 93 27 96 19 92 59 42 45 51 36 66 7 95 3 63 71 59 19 24 17 42 69 71 2 42 23 12 5 81 62 80 55 66 99 7 77 90 3 40 20 91 34 93 4 48 28 31 17 63 96 38 34 20 2 64 11 54 76 98 82 75 72 72 84 7 32 82 65 37 46 71 49 41 70 17 8 1 29 37 81 19 55 72 46 99 1 97 47 77 63 42 84 73 75 66 75 49 31 5 91 38 99 53 1 95 63 58 89 86 75 1 29 40 44 37 0 96 50 47 42 3 62 11 97 98 95 18 11 23 19 18 43 49 51 52 41 79 47 65 58 83 10 19 34 79 98 45 28 43 38 34 60 32 5 33 63 28 91 96 44 67 17 99 24 82 62 44 63 62 14 13 10 63 81 32 61 22 18 33 74 95 65 20 65 63 47 1 69 57 3 17 26 51 96 79 60 64 66 47 1 12 85 6 95 15 81 59 13 93 19 99 34 58 34 51 53 1 69 98 82 2 76 36 41 52 25 23 83 48 6 95 49 68 36 45 4 15 74 64 21 54 82 38 52 58 26 46 52 86 7 4 56 99 94 58 1 14 24 21 79 71 32 32 33 4 30 88 13 91 99 91 83 99 38 3 20 8 61 5 22 30 24 27 26 36 48 30 59 21 72 60 49 19 65 44 16 66 92 94 50 59 36 25 98 65 48 12 14 8 61 41 91 9 36 4 8 21 7 12 89 89 74 
53 77 68 72 1 22 3 1 44 87 86 70 66 25 52 59 76 58 9 1 73 84 42 20 98 34 49 43 40 8 73 25 42 59 84 22 78 75 99 30 84 48 62 29 56 30 0 80 35 61 85 83 70 55 82 44 70 84 1 2 99 93 66 42 98 12 45 26 0 99 74 39 85 73 61 48 17 40 21 39 90 73 94 60 42 98 17 63 39 58 13 43 48 18 60 0 53 30 56 73 98 82 87 15 52 82 76 36 48 79 90 91 36 4 81 19 15 31 75 26 53 33 5 92 59 29 87 0 32 95 6 54 88 48 31 34 43 47 22 40 62 7 93 13 97 36 78 25 20 44 16 36 56 3 85 18 49 0 47 98 58 33 32 70 90 49 70 29 20 53 69 85 45 17 48 76 94 75 37 13 6 23 40 58 21 45 12 0 45 37 11 41 79 54 33 29 9 5 72 92 99 34 99 67 67 95 8 37 70 3 61 64 64 54 14 76 79 88 67 19 55 47 85 1 40 17 55 78 24 68 5 70 62 75 57 25 72 98 32 47 69 22 76 61 94 88 11 69 58 38 18 2 63 2 79 8 80 97 0 42 59 55 45 4 83 9 99 67 51 14 50 47 60 47 24 65 13 41 71 1 83 53 17 14 98 5 6 11 31 52 54 80 51 80 99 54 66 83 9 50 4 32 92 69 74 10 70 76 76 97 74 34 1 3 4 26 99 26 82 25 57 53 58 33 15 28 80 75 9 28 83 98 79 34 59 0 71 23 66 33 23 68 99 81 60 82 38 19 55 0 26 12 15 88 39 8 76 12 72 43 38 58 8 10 33 42 23 53 71 18 79 84 34 70 32 49 33 57 1 81 61 95 95 0 56 97 11 26 4 78 27 27 40 68 25 63 69 2 56 31 
23 71 3 19 2 47 59 68 23 48 55 71 25 12 14 2 25 96 72 79 49 72 1 87 0 33 90 37 35 0 69 95 38 78 76 31 66 79 69 90 90 90 21 26 67 81 45 26 65 89 43 30 70 5 17 70 93 51 51 19 55 51 44 96 89 47 99 27 7 42 58 28 94 69 70 53 52 67 52 67 44 92 64 55 40 20 4 17 91 93 40 73 34 98 95 75 39 70 52 13 87 81 22 18 56 84 28 37 23 34 37 77 58 73 27 36 42 59 62 91 63 87 72 36 88 59 43 31 52 55 39 9 44 34 60 51 87 51 5 1 1 11 6 38 68 13 12 90 36 65 91 81 67 37 89 52 7 77 12 21 16 27 47 40 62 78 41 11 32 34 3 42 84 24 33 48 61 10 82 16 63 42 63 31 98 67 13 4 33 96 26 93 84 88 85 38 4 18 5 4 94 14 68 31 50 3 28 99 17 10 90 48 5 66 49 44 1 82 57 53 13 60 48 82 67 28 18 42 73 60 96 95 5 53 40 82 87 38 71 76 81 75 76 62 93 5 31 12 94 0 16 62 44 9 11 17 73 49 23 65 24 42 58 7 57 28 77 80 29 23 48 18 56 51 64 43 0 31 87 20 48 58 44 40 60 19 51 17 3 5 39 62 18 99 38 82 7 35 89 51 54 12 78 22 42 96 30 15 44 12 34 76 99 9 75 67 84 63 4 59 88 94 85 94 65 66 58 92 38 15 74 63 17 63 52 12 0 88 41 9 56 53 92 75 80 51 34 94 41 47 82 74 84 38 0 96 81 81 4 98 58 26 14 91 55 99 95 63 85 18 14 65 44 52 84 10 46 2 65 53 73 40 60 23 47 32 49 45 64 7 69 16 44 10 78 84 79 4 39 80 
49 57 86 29 61 74 71 24 85 60 64 45 63 15 20 18 58 92 44 57 24 12 13 21 27 22 57 30 13 34 48 22 37 63 46 55 70 88 82 22 46 39 47 46 43 38 48 30 93 82 85 55 12 60 99 46 3 1 29 60 26 5 25 6 19 75 41 35 15 88 47 64 4 34 49 7 54 15 29 24 86 14 92 4 29 15 97 78 97 69 20 42 32 37 44 8 2 45 66 6 17 40 38 1 31 92 27 17 47 8 55 51 7 84 72 43 49 5 9 66 92 93 15 57 22 78 11 91 11 45 36 43 39 71 93 10 91 39 57 44 86 19 53 56 47 68 86 17 63 26 44 13 36 61 14 89 33 76 7 79 72 23 56 96 93 40 86 22 81 54 67 23 16 78 52 74 94 94 78 13 0 38 10 48 69 4 41 29 79 15 79 17 72 84 82 18 68 45 31 94 21 93 73 34 87 19 89 62 1 70 16 24 6 2 22 55 96 76 4 78 87 8 81 77 23 42 22 11 63 9 42 5 61 32 42 66 2 1 30 35 11 52 52 17 68 40 62 9 80 40 30 75 61 65 31 86 2 62 39 11 22 56 68 96 47 95 64 11 66 88 48 3 29 49 57 69 22 45 16 11 46 13 0 37 50 31 23 61 12 93 83 29 1 10 0 26 18 86 13 36 37 40 54 91 57 15 25 28 13 74 41 84 49 89 18 16 81 19 83 13 85 97 20 18 69 95 60 48 74 93 82 86 14 17 94 57 25 87 98 49 64 13 29 77 37 81 36 75 58 35 76 7 14 19 7 6 37 63 10 6 48 89 86 40 42 43 82 45 89 86 45 97 7 52 76 61 54 85 30 83 34 89 33 67 86 56 52 92 62 70 47 67 95 56 27 91 7 78 39 90 
67 15 81 75 59 10 13 97 37 78 91 51 68 88 28 72 85 83 50 16 47 68 3 20 0 31 23 67 80 10 17 85 41 57 12 60 7 70 10 41 21 18 68 96 0 3 99 63 88 59 15 96 72 9 50 48 45 99 15 39 70 96 43 14 19 46 28 8 23 22 69 32 98 15 61 9 83 40 91 99 34 26 13 85 93 10 27 56 4 90 99 19 3 22 47 16 3 33 43 74 19 45 35 74 25 23 22 23 43 38 48 1 91 7 33 13 15 53 12 7 49 22 51 60 46 77 23 55 91 46 83 58 56 23 84 24 21 52 27 41 23 65 22 12 20 42 83 84 85 87 47 22 74 89 7 54 79 46 8 56 42 68 0 37 1 4 63 66 62 56 31 80 8 57 96 33 44 19 23 10 95 61 85 77 77 73 50 68 27 79 6 63 45 61 32 91 39 0 58 3 57 5 84 24 96 14 96 87 47 42 64 74 50 53 10 7 41 69 89 11 57 62 89 79 15 4 1 7 93 59 55 68 72 86 84 36 26 36 44 91 45 31 8 68 33 9 77 37 19 21 80 95 53 10 37 33 28 90 53 82 3 25 43 45 74 67 48 17 87 55 37 17 43 86 41 93 68 8 48 50 86 89 71 11 72 2 61 72 56 29 46 51 17 10 86 81 52 0 83 10 9 4 7 60 12 91 36 21 28 90 13 87 82 81 26 19 85 56 78 9 0 46 0 59 96 55 43 44 92 85 15 64 2 77 53 41 81 82 85 99 64 34 73 43 71 89 64 92 8 83 76 40 87 49 49 58 47 34 84 59 9 70 86 2 54 71 85 71 76 72 99 84 36 46 96 7 86 53 55 6 65 95 43 56 73 95 16 71 18 24 75 10 12 87 98 89 95 47 5 19 
19 59 80 67 16 33 86 90 46 61 25 12 29 36 7 69 43 54 8 62 6 30 25 36 3 48 65 96 39 99 62 44 90 56 78 21 57 35 50 61 72 85 19 35 51 82 27 52 76 15 90 40 50 22 42 38 17 17 59 36 6 53 0 27 31 60 98 22 86 56 34 48 75 13 64 74 24 9 72 65 80 15 74 85 2 42 6 99 79 6 6 29 62 99 70 44 48 13 0 85 12 0 16 34 95 46 50 2 19 25 11 27 56 73 96 16 91 89 96 36 43 8 48 66 53 95 62 90 9 45 91 2 17 4 81 92 68 70 75 35 56 2 45 15 67 56 11 30 24 34 34 85 28 97 83 16 3 32 62 21 4 95 41 38 68 2 48 21 59 50 0 24 27 12 53 29 5 82 93 27 21 11 6 69 42 35 61 86 10 29 99 14 59 23 64 1 38 27 7 10 27 39 33 65 9 96 46 24 91 50 68 50 79 87 37 9 94 92 51 93 56 8 1 9 89 68 65 66 13 48 52 70 56 0 38 95 85 20 3 16 72 7 53 15 41 94 22 12 83 94 76 93 64 56 4 62 75 88 68 90 92 59 12 74 63 80 31 22 19 90 77 78 56 51 12 15 91 64 59 42 37 11 14 13 3 57 7 91 20 54 49 32 15 29 19 82 23 9 47 29 52 4 88 38 15 61 0 78 29 93 14 25 81 65 91 57 52 63 84 39 28 18 39 29 7 51 77 77 8 66 43 9 35 32 60 83 14 33 23 11 32 77 93 71 33 59 60 6 71 22 77 36 27 52 87 21 95 24 90 35 82 10 95 26 68 4 88 90 48 43 75 27 19 44 2 52 40 77 21 44 96 19 99 38 78 72 98 91 59 71 65 90 42 87 31 51 92 54 34 26 
38 52 69 9 59 90 50 29 75 55 30 94 76 32 30 59 96 14 26 96 19 22 84 63 7 56 99 96 94 45 32 16 67 66 69 54 26 72 52 54 44 9 95 25 2 42 21 68 66 95 47 67 44 36 93 37 30 21 2 50 38 73 51 12 79 46 62 30 46 16 58 70 42 71 43 44 78 29 30 59 58 77 59 41 10 69 76 14 54 10 62 5 36 66 31 49 82 28 22 76 83 79 18 41 62 21 91 96 89 38 79 52 15 77 8 65 7 13 55 22 51 91 85 96 9 20 15 27 9 5 39 9 83 86 57 29 90 59 7 73 26 11 29 23 30 24 32 56 1 88 89 50 25 57 0 0 56 91 17 99 23 11 58 84 36 55 35 43 44 61 43 34 29 58 12 3 33 64 49 41 7 18 69 6 5 6 86 96 22 75 15 77 80 36 79 97 10 44 12 58 32 24 75 16 15 54 60 48 11 91 3 21 46 23 28 89 46 27 13 77 62 28 66 96 1 46 18 90 83 72 55 68 93 90 62 62 79 70 44 7 80 15 56 4 88 87 98 92 36 89 67 71 44 6 22 49 97 27 15 69 49 22 97 93 27 52 85 24 25 84 5 20 16 30 54 5 47 98 51 94 88 74 53 17 12 65 75 88 44 78 25 90 76 16 79 10 26 87 12 92 6 31 19 78 60 75 99 45 47 5 90 36 45 16 35 59 91 94 88 16 47 51 29 42 10 1 75 87 83 49 95 32 85 15 98 70 80 42 45 87 22 90 29 13 7 61 89 82 48 11 91 33 32 73 87 29 9 93 93 47 13 48 74 16 2 72 94 71 34 3 65 36 90 70 78 46 43 43 51 82 63 69 86 96 98 62 87 54 12 8 19 75 28 3 40 57 41 6 91 50 
16 46 86 3 43 26 86 79 76 41 4 90 29 89 42 49 94 13 28 33 68 58 67 6 36 17 43 11 35 49 44 62 9 75 90 37 83 69 73 79 94 14 57 47 13 17 34 95 6 70 4 24 99 91 59 41 38 80 45 69 91 69 46 92 94 10 75 66 60 78 94 38 82 76 66 1 31 39 40 95 41 93 21 84 80 83 85 31 66 91 67 67 62 98 93 44 9 19 94 89 2 99 75 73 15 86 79 75 40 34 38 0 8 95 12 88 92 46 37 57 74 70 80 51 46 0 17 81 93 86 87 10 11 75 10 24 65 52 92 97 79 86 82 51 69 30 57 10 97 89 49 51 52 49 42 99 53 3 85 92 75 11 46 47 5 81 64 87 0 66 92 4 28 2 54 16 54 75 28 34 66 86 84 40 11 44 67 3 3 8 3 84 81 42 19 17 79 91 73 16 81 68 17 8 47 0 78 82 55 86 44 53 83 46 77 41 64 19 17 28 63 37 77 62 98 12 1 19 6 80 40 58 31 46 25 24 77 55 48 97 86 36 82 31 9 10 5 25 77 54 78 45 9 88 52 17 74 31 45 87 37 20 7 15 3 40 25 13 97 43 26 99 61 43 39 43 19 12 40 61 52 45 86 67 97 83 44 66 86 65 59 97 32 15 16 12 39 3 16 74 72 72 78 81 88 81 92 34 29 94 29 0 81 73 35 78 60 84 1 81 5 88 99 34 67 69 16 32 18 1 84 12 37 19 6 30 1 32 80 59 4 91 54 23 19 60 31 73 8 46 10 61 63 62 9 22 27 19 23 51 73 23 63 75 44 54 47 55 30 34 90 11 83 70 1 66 50 52 76 53 68 92 28 58 89 30 88 60 7 99 25 35 34 2 10 50 57 18 44 23 
35 2 61 61 86 69 24 88 50 39 16 57 37 44 52 22 38 15 85 84 52 42 10 69 60 52 37 65 13 15 75 24 34 67 22 50 77 19 80 41 92 31 56 70 97 89 71 50 94 59 41 44 76 85 73 36 71 75 40 57 67 82 54 6 9 47 21 62 97 20 32 66 11 46 51 80 3 47 92 73 33 17 77 57 49 54 7 38 16 13 35 2 79 53 34 42 3 37 90 20 1 36 11 95 35 94 47 50 92 2 46 73 0 61 4 54 11 51 48 35 69 68 57 15 26 66 67 28 85 17 85 57 86 31 16 51 88 94 70 48 11 74 40 58 58 11 85 33 16 70 96 80 37 15 63 89 59 19 77 15 90 15 9 76 63 1 52 47 55 81 5 23 52 43 83 93 8 71 3 38 62 41 91 13 17 50 61 88 42 78 92 48 42 75 91 90 84 74 59 87 84 9 52 91 15 61 55 2 5 25 63 18 61 58 8 69 71 49 15 51 52 10 75 94 97 57 43 18 17 10 49 66 81 45 67 11 53 40 36 96 1 73 85 97 67 15 24 69 22 4 5 22 8 42 27 46 40 38 65 89 39 70 66 68 48 5 94 16 89 29 78 79 44 0 13 38 46 3 23 28 51 55 66 22 10 40 16 20 14 72 9 70 73 12 61 70 52 89 24 13 27 70 36 13 11 4 10 78 77 14 21 83 5 94 56 47 66 99 50 55 59 0 14 34 83 25 20 4 18 77 74 83 84 44 99 48 37 98 90 64 49 4 74 30 88 25 45 28 65 11 5 80 76 79 6 33 18 34 33 61 64 1 44 14 87 28 99 28 54 47 23 49 29 97 5 88 36 4 30 10 75 4 92 50 28 11 95 86 33 93 25 90 40 6 58 69 40 65 96 18 
91 29 30 25 97 13 8 65 14 67 90 40 38 2 60 9 72 18 82 94 28 24 23 95 26 18 20 17 28 26 26 9 31 38 19 91 41 40 81 63 9 35 95 43 76 65 29 95 58 34 82 24 84 46 97 2 89 50 57 33 78 21 92 14 94 52 18 23 66 30 57 39 9 6 31 47 92 14 87 98 36 45 69 89 92 10 77 2 97 27 86 69 30 57 68 5 57 29 42 70 51 3 71 76 59 1 71 91 62 39 26 70 45 18 65 8 52 38 72 69 78 91 71 51 69 69 96 77 91 44 24 52 52 8 33 75 70 17 75 87 79 93 74 16 90 0 84 6 49 9 22 72 89 0 0 77 58 99 89 51 64 89 20 68 42 27 17 71 78 37 23 52 42 33 94 3 34 25 20 51 38 75 71 34 44 24 45 83 69 46 30 34 5 99 2 87 0 10 37 82 80 24 83 82 99 41 23 53 37 40 57 14 23 48 67 72 26 21 33 86 54 46 41 95 36 0 66 53 86 71 75 16 3 92 38 8 75 2 97 75 20 5 1 80 20 44 61 57 72 94 10 6 46 35 40 26 76 95 55 17 69 24 15 78 67 36 61 71 37 69 56 43 97 68 6 68 22 7 6 22 52 63 6 70 52 77 56 6 38 68 7 71 0 79 15 60 89 99 80 87 1 57 79 49 14 21 18 7 32 17 26 50 29 63 10 78 25 40 49 43 96 56 4 48 71 82 65 41 80 43 39 10 60 13 12 77 75 8 63 68 67 50 49 22 28 12 26 76 64 21 19 66 21 9 87 24 55 76 95 98 44 75 38 71 49 51 37 69 47 22 26 28 21 51 39 6 68 77 45 10 9 82 66 63 73 60 16 42 67 69 3 58 81 87 92 4 16 86 75 92 
90 1 74 39 0 58 91 93 29 6 80 40 84 52 61 77 49 25 34 59 35 68 22 46 88 51 75 22 58 94 82 0 28 70 33 88 88 80 47 35 55 31 28 27 86 28 13 77 32 69 11 2 0 51 91 38 52 59 45 76 9 87 85 74 46 34 9 11 11 26 9 38 83 33 7 46 26 68 34 54 38 2 29 76 44 53 84 69 62 80 11 23 88 41 78 53 55 47 63 81 11 30 22 31 44 6 21 6 60 66 36 25 12 90 93 88 66 46 79 67 92 68 72 62 20 32 95 29 63 47 79 10 72 66 29 73 99 27 96 63 21 44 71 98 57 7 63 91 35 3 21 49 52 92 14 34 47 0 37 24 39 84 25 85 24 37 80 74 34 60 7 40 20 64 90 68 5 51 82 41 73 90 30 55 46 5 71 86 52 85 76 12 78 28 20 3 41 10 61 70 35 46 17 74 13 45 87 60 53 60 16 69 43 44 90 16 68 5 0 40 95 28 88 93 40 62 6 64 42 55 25 54 46 75 79 72 36 43 52 81 88 28 47 84 17 65 92 89 44 10 13 21 53 63 16 92 78 17 45 11 24 71 32 46 37 57 61 15 34 77 50 4 26 62 48 61 52 86 30 54 30 50 38 67 41 63 9 89 7 11 50 60 30 90 10 85 46 46 86 27 98 37 44 88 48 50 43 57 11 5 66 78 36 75 27 54 23 97 52 91 67 39 21 36 44 44 55 4 65 16 64 71 29 38 8 50 93 64 40 31 34 88 97 57 76 80 79 65 76 99 99 58 30 13 45 71 35 97 2 26 52 86 57 15 42 0 12 97 61 92 70 20 46 29 95 76 18 8 19 25 83 3 38 80 97 97 96 0 9 77 20 96 93 92 82 40 61 40 98 30 
84 2 51 64 42 58 31 43 96 57 23 98 76 8 99 98 59 99 0 72 56 80 85 53 67 22 75 98 90 4 43 69 19 14 17 46 66 69 47 25 4 2 19 22 64 77 12 47 41 47 70 38 8 34 73 58 83 39 88 44 10 41 66 61 85 60 25 23 75 56 21 43 29 35 23 44 66 12 42 53 21 49 38 27 76 96 32 63 76 65 1 15 80 31 82 11 63 92 18 58 68 10 34 80 24 64 34 50 82 72 93 96 49 30 23 71 16 92 41 43 10 63 37 82 73 87 14 78 59 43 58 23 89 91 6 5 32 45 78 1 89 53 73 17 29 96 99 13 92 48 89 31 45 82 81 94 67 19 20 15 15 23 95 64 94 87 57 81 93 50 25 32 73 83 22 48 28 1 24 1 53 18 1 18 2 16 65 7 60 5 26 29 59 97 63 67 84 54 10 94 75 35 72 84 37 22 19 8 10 51 75 93 54 24 30 85 28 46 13 80 56 87 96 21 85 14 16 56 6 48 26 85 75 5 98 40 54 94 50 42 63 99 52 50 95 88 11 3 0 68 97 17 37 75 0 15 15 97 98 68 49 57 6 56 16 42 73 89 50 91 29 17 8 14 7 79 25 64 39 69 24 91 44 96 33 39 5 58 65 25 35 75 48 97 11 31 50 83 15 94 24 69 81 30 91 47 76 53 99 35 17 35 66 41 3 66 83 21 54 86 77 24 9 92 83 89 48 25 58 13 33 28 56 16 29 60 55 65 50 63 21 20 50 44 54 60 38 86 4 60 20 64 93 1 22 44 46 83 56 43 15 62 19 3 35 57 71 84 33 18 74 31 3 37 46 96 42 70 5 22 27 92 19 44 12 79 60 90 74 28 78 48 25 48 53 2 96 42 1 98 
59 69 12 25 6 33 49 52 16 81 8 10 24 53 67 2 63 0 96 3 14 73 59 93 53 65 35 54 20 57 88 25 92 66 80 87 65 24 74 92 88 11 74 67 16 79 15 36 69 51 25 26 90 32 51 90 90 95 16 22 97 88 4 77 53 73 17 62 97 90 39 56 64 34 17 45 97 38 20 9 14 68 61 44 43 19 70 6 24 1 37 51 29 85 57 92 89 66 45 40 93 11 62 6 14 69 67 71 78 62 7 99 78 71 2 17 52 44 40 66 40 91 90 20 31 62 55 27 12 41 6 49 25 63 36 33 33 16 45 81 44 83 38 46 38 96 1 8 45 21 52 53 12 93 87 18 64 37 45 5 26 6 65 61 41 59 21 43 46 27 23 85 61 33 77 48 93 28 66 93 95 57 35 40 15 83 28 41 95 89 12 96 32 21 70 51 70 41 45 8 40 70 56 64 4 77 94 22 76 97 89 85 48 96 53 58 14 85 28 60 40 98 8 0 25 59 57 3 51 82 43 53 95 25 93 77 61 73 27 15 45 20 82 40 3 45 74 60 71 71 29 84 60 75 89 42 94 78 81 10 32 59 16 94 87 92 31 86 97 18 50 28 86 61 76 18 97 78 38 93 9 65 85 32 26 98 83 34 89 47 19 4 78 10 72 38 53 83 20 63 23 41 73 20 83 1 24 21 48 34 17 26 81 71 77 61 54 10 49 15 56 91 32 56 60 9 19 50 92 62 64 89 95 64 45 73 43 34 66 28 51 85 54 51 29 77 32 6 4 88 56 78 71 44 2 15 30 90 37 86 97 5 57 48 46 81 81 27 5 6 58 21 15 68 98 51 31 84 40 4 17 70 4 42 0 92 61 0 85 27 74 88 90 41 6 99 19 15 3 47 
36 76 12 24 22 85 33 35 55 78 99 70 76 97 33 84 9 38 35 40 32 19 13 63 53 12 42 79 6 89 1 89 29 19 91 71 38 5 11 34 63 92 2 25 77 41 51 71 53 29 62 70 55 1 79 69 66 76 50 95 8 57 68 28 74 61 49 31 71 60 55 37 49 43 25 65 93 74 1 92 21 67 35 67 87 75 28 91 99 39 66 60 35 42 0 37 55 9 88 87 40 87 27 55 65 62 32 57 75 33 1 63 28 67 38 79 35 4 56 36 54 27 77 34 82 28 97 7 82 19 64 56 9 80 53 61 93 96 39 46 20 20 65 55 14 57 3 65 87 88 58 37 27 42 97 76 46 35 94 23 97 95 23 1 86 73 2 15 43 75 81 79 2 37 50 65 52 85 50 21 7 91 72 49 40 74 20 58 45 79 65 24 67 25 28 56 28 60 74 0 18 46 47 49 75 82 44 12 72 11 18 21 72 73 64 53 79 58 27 93 2 44 84 79 57 45 94 29 66 39 76 93 19 0 81 87 3 57 10 73 37 47 36 74 69 98 79 52 91 14 22 97 54 46 64 8 21 39 26 37 8 37 82 25 5 15 11 98 60 25 10 83 0 53 48 3 99 27 57 75 17 74 93 29 15 34 53 90 81 43 12 4 78 45 38 52 32 18 53 30 0 86 78 99 79 69 54 34 4 50 13 74 60 90 48 90 11 18 2 30 17 73 96 93 9 57 25 92 17 49 6 66 90 99 83 4 85 88 74 67 6 60 97 56 84 26 50 87 82 11 1 55 4 26 37 9 12 32 95 79 70 64 28 3 71 94 65 39 90 16 11 79 9 82 27 90 13 98 12 33 6 94 4 18 14 84 89 63 76 26 35 9 2 35 25 8 66 34 99 0 
63 6 95 50 87 38 60 31 4 2 70 84 81 41 76 58 75 44 82 8 36 27 3 67 42 87 26 22 7 43 67 74 99 99 0 3 98 50 88 28 4 18 44 67 11 62 13 12 52 19 9 72 36 91 25 65 88 18 10 60 38 13 83 6 54 13 59 3 46 72 7 20 90 7 42 86 10 31 46 68 28 67 42 86 0 70 34 34 99 85 79 15 16 36 64 31 49 18 24 85 73 26 48 0 32 79 23 19 44 58 17 5 55 2 9 58 65 20 62 67 59 21 87 14 8 37 2 10 31 65 66 30 5 95 49 23 32 59 36 47 17 46 96 31 10 47 93 5 10 58 13 43 17 76 7 30 27 34 53 58 72 53 42 21 45 30 12 98 18 92 13 97 79 34 60 40 0 77 59 83 60 66 59 71 12 84 99 75 59 16 44 84 77 0 33 51 74 17 46 61 44 64 42 67 60 60 57 49 89 50 63 19 17 61 43 10 16 59 11 32 10 72 76 84 77 37 97 88 83 3 95 35 60 85 63 97 35 27 35 73 41 5 45 18 95 60 46 49 94 99 7 30 92 20 82 81 32 76 22 71 8 36 74 69 82 42 99 64 57 71 13 74 13 30 33 24 90 41 16 32 37 51 6 68 95 78 99 88 94 81 10 81 66 64 1 2 80 38 0 92 53 24 81 80 56 61 38 87 68 54 73 26 1 42 17 19 89 28 34 40 80 64 51 41 47 99 94 99 24 63 28 40 67 54 97 4 83 54 62 2 15 41 5 23 34 18 96 66 22 56 66 66 1 85 23 12 57 53 46 80 9 48 72 76 19 94 58 54 1 41 23 67 23 16 3 41 81 70 23 30 52 9 6 81 62 20 52 65 48 3 17 88 96 81 68 46 6 6 60 57 
46 74 62 55 62 54 96 17 14 42 30 75 17 98 39 30 93 61 91 77 43 91 2 59 36 26 75 27 71 87 38 1 50 54 3 13 50 63 84 50 99 58 68 4 64 73 85 76 61 17 7 63 18 26 3 18 9 99 6 14 34 1 34 32 38 27 93 30 82 19 99 94 98 58 43 26 22 45 32 76 51 10 90 52 53 49 54 85 91 0 58 37 64 77 50 84 29 58 98 33 31 62 81 93 2 30 13 60 94 90 8 78 49 77 82 40 45 98 28 63 55 73 49 32 68 5 35 81 39 96 36 59 80 32 69 52 59 14 87 31 96 52 40 85 34 43 44 34 1 15 69 85 64 82 15 80 2 47 1 40 77 99 12 51 25 65 77 95 86 63 96 38 56 39 62 26 46 74 92 47 5 34 21 38 11 72 50 33 67 26 31 68 50 49 50 26 6 65 47 5 86 11 94 54 47 27 76 52 22 92 26 34 54 61 67 35 18 69 97 18 74 33 47 30 54 4 29 8 8 36 32 58 0 11 47 26 20 20 18 40 57 63 69 88 55 63 25 80 3 51 51 36 79 26 39 14 86 6 15 96 30 46 19 20 86 64 16 43 36 27 34 57 75 5 27 81 92 75 49 32 10 40 29 94 51 24 32 63 33 14 22 63 45 63 98 77 6 52 41 65 1 82 99 92 32 17 62 84 65 31 32 7 41 78 3 41 1 15 58 82 47 36 23 52 71 52 27 77 12 41 54 27 1 58 28 29 41 47 87 17 15 30 2 51 2 55 28 32 21 87 81 30 4 91 42 20 42 11 71 89 86 9 71 42 68 56 6 3 77 91 38 37 61 68 54 57 52 9 14 32 11 56 5 24 81 21 55 26 34 6 94 40 38 22 27 89 72 78 53 79 
81 97 98 8 4 45 26 52 84 95 23 77 20 74 1 40 46 45 25 7 97 99 32 84 71 91 11 61 35 58 61 44 48 25 77 1 51 89 84 81 13 80 4 46 7 25 78 41 57 99 70 35 1 52 25 26 86 44 67 57 89 95 89 39 6 87 65 97 90 60 73 15 55 54 93 56 73 57 16 83 44 36 92 29 53 60 80 0 42 57 23 14 40 52 35 67 43 75 11 79 21 55 1 80 83 80 46 98 0 18 31 47 90 54 48 77 10 82 11 98 95 54 95 12 10 63 65 21 44 97 47 44 89 64 79 64 68 78 71 9 14 20 70 37 43 6 45 45 71 12 96 32 61 11 82 38 98 55 48 80 20 45 24 92 81 12 29 9 38 12 95 92 55 12 27 12 12 88 81 34 80 5 55 4 53 52 74 85 13 92 92 86 44 60 84 30 65 60 65 12 21 30 35 96 2 68 88 25 32 17 38 27 62 21 10 81 10 49 13 88 10 66 72 68 14 28 49 74 86 26 12 99 38 28 23 45 83 2 50 52 71 87 18 74 47 80 84 45 1 22 92 56 21 37 34 48 96 55 0 49 35 36 30 86 4 55 15 30 70 52 77 23 54 44 75 35 86 6 4 72 21 75 58 4 90 97 60 38 14 27 33 15 44 76 79 41 27 1 19 55 48 64 1 65 36 50 49 43 64 83 35 32 94 29 81 21 10 38 3 37 82 14 68 80 62 32 26 63 48 47 26 34 43 77 61 24 33 15 6 42 87 99 77 46 72 50 79 6 44 16 51 74 86 98 9 50 12 91 73 68 98 18 85 12 30 62 62 5 22 65 57 43 66 7 98 97 4 23 61 28 73 88 28 33 98 17 47 48 62 68 58 1 6 20 96 84 58 25 16 35 
10 74 69 70 93 21 41 90 29 81 51 35 51 72 97 85 88 50 59 0 61 49 54 98 94 47 47 47 57 5 35 35 61 65 99 21 5 26 80 24 19 38 97 42 16 57 88 62 86 29 9 2 0 17 40 82 12 69 42 8 2 70 35 48 8 46 51 98 49 3 29 81 71 60 99 46 48 96 3 21 87 2 49 31 83 84 66 2 7 44 40 13 78 88 68 7 38 37 20 45 17 66 69 41 12 58 76 42 69 39 79 6 44 97 46 3 90 66 46 97 52 75 23 82 48 95 57 71 3 42 88 47 82 29 88 73 30 60 33 43 49 36 23 88 40 94 26 69 50 7 2 64 82 13 89 77 20 23 95 21 15 81 85 95 23 71 5 33 73 45 30 92 72 37 13 28 83 53 31 94 66 87 24 90 93 28 23 31 82 4 42 65 51 22 32 90 36 35 50 72 86 7 79 82 92 92 95 41 13 50 58 13 87 83 72 20 78 7 97 23 31 2 98 62 78 17 69 72 58 99 13 63 40 53 12 73 15 12 87 72 31 9 55 71 7 69 44 90 88 46 2 66 10 50 99 69 28 30 56 88 72 70 95 69 36 75 12 36 56 45 7 85 96 74 26 52 32 54 39 91 71 29 51 87 39 74 80 29 26 78 69 59 74 92 96 79 37 13 21 48 44 3 11 3 0 66 26 47 14 15 92 40 3 88 77 80 19 35 50 43 91 59 75 12 0 37 88 37 63 55 61 60 46 94 61 38 92 91 97 21 11 22 44 76 21 36 94 85 93 62 21 38 8 19 27 52 39 9 78 46 66 42 9 97 14 98 84 31 19 3 33 49 65 81 3 32 24 67 74 47 81 14 73 95 83 52 29 55 50 16 11 98 27 24 64 58 76 55 79 74 
21 4 51 7 96 30 81 63 72 94 11 54 52 46 22 90 22 72 73 4 42 94 99 78 53 6 44 84 37 5 15 54 67 16 50 21 30 39 61 46 54 45 12 97 85 52 23 18 93 69 71 23 98 11 94 26 12 5 83 54 80 24 32 80 20 5 88 49 9 43 28 52 17 61 8 77 0 55 34 35 54 89 18 46 50 3 16 41 69 87 42 89 70 16 69 52 72 89 3 59 20 9 71 42 41 0 16 69 66 6 13 18 95 55 68 42 38 39 21 12 15 38 61 53 77 54 40 93 76 99 56 96 60 7 12 32 99 72 40 22 30 63 89 7 67 6 23 25 83 49 0 83 2 20 72 45 56 4 91 19 47 51 63 76 36 32 47 29 90 63 35 91 48 45 29 58 15 68 8 83 48 66 18 93 15 83 91 42 0 71 7 67 93 41 56 22 36 84 42 2 10 47 79 73 56 68 71 21 46 76 66 44 9 55 75 2 93 21 53 95 19 92 76 69 18 16 23 98 24 27 63 70 84 79 34 72 67 20 17 75 60 86 95 7 87 78 71 27 76 80 47 29 32 98 22 8 23 71 35 78 45 89 80 82 63 59 81 99 8 81 12 14 21 66 9 48 49 97 46 12 97 55 49 7 35 20 5 97 99 83 21 71 18 67 35 42 91 75 56 7 80 67 68 30 54 68 13 52 35 75 75 88 15 22 23 34 72 60 88 3 71 45 93 68 44 19 68 9 81 26 83 19 66 95 65 1 78 61 63 7 38 35 71 12 18 73 49 58 64 13 72 83 86 33 83 91 98 6 97 3 63 30 2 36 90 75 55 64 74 59 35 44 53 39 46 31 58 16 94 98 75 43 25 89 56 35 11 44 72 84 68 33 8 86 8 65 24 20 93 82 
48 63 57 68 28 10 88 82 80 75 16 47 47 9 23 24 21 96 16 68 30 82 3 99 69 75 82 87 85 11 36 36 6 86 44 90 83 40 49 97 23 54 21 40 70 9 6 20 50 66 56 79 53 18 24 24 4 27 60 90 64 54 80 73 80 90 33 63 55 49 20 23 88 41 38 54 11 34 21 98 70 18 77 32 28 50 88 57 60 87 62 69 69 95 89 23 96 56 12 46 87 61 63 40 5 9 78 68 11 76 49 2 5 73 76 24 59 64 26 69 13 51 96 60 49 72 95 42 8 45 89 9 40 28 8 13 33 8 79 75 28 28 79 35 8 34 73 26 59 82 4 21 36 64 53 41 99 95 69 79 0 0 92 89 44 3 88 2 53 7 59 2 96 44 60 22 26 48 71 83 82 55 56 69 28 48 18 61 23 3 53 6 14 12 0 4 50 72 7 86 83 23 59 90 95 13 23 15 99 21 27 46 35 67 87 52 49 80 87 47 9 68 21 50 24 91 18 74 79 16 36 6 30 22 39 83 12 91 27 85 31 32 22 8 63 1 5 74 92 85 84 28 18 58 54 32 98 60 30 98 5 55 88 90 98 54 47 0 83 31 3 64 87 45 82 37 24 75 54 61 36 2 45 47 57 44 99 27 62 91 12 77 39 70 8 25 84 13 47 66 56 51 52 77 27 43 59 72 89 68 50 90 97 86 97 46 79 64 46 36 74 40 24 90 41 39 78 87 14 81 58 48 20 5 46 0 69 20 59 94 7 28 76 40 80 7 22 81 15 49 49 50 53 43 77 54 48 12 82 81 11 21 53 87 46 7 57 36 31 23 36 26 69 35 85 68 88 52 82 82 37 0 65 18 44 20 41 29 43 32 46 95 56 9 60 66 14 7 64 14 
56 45 68 29 47 66 69 33 17 57 98 46 33 15 26 80 89 7 66 14 86 10 92 48 59 37 55 38 16 56 13 85 49 96 49 74 25 31 20 77 24 6 42 52 36 59 28 63 22 20 93 82 81 92 18 45 27 49 38 67 57 98 54 22 76 33 64 70 28 7 70 36 95 31 37 49 21 96 7 24 11 27 82 12 13 85 86 49 93 69 60 56 85 12 40 93 99 64 80 68 31 70 50 36 81 16 97 60 9 87 66 70 11 9 76 29 10 29 65 49 52 37 27 50 58 80 27 53 42 13 55 61 14 93 98 58 87 57 20 83 30 94 14 74 10 96 77 92 74 0 58 24 60 41 29 64 50 45 74 82 19 53 63 81 10 14 52 13 19 70 55 22 98 11 63 23 56 69 67 38 27 70 75 75 33 21 11 59 76 47 47 18 80 2 65 99 22 43 21 94 76 15 42 58 33 96 93 38 94 25 87 42 64 75 26 30 88 29 68 34 97 98 40 22 97 34 45 96 2 46 16 28 82 72 4 75 69 43 20 23 59 38 61 89 90 87 24 36 64 2 22 94 19 38 58 81 72 31 35 27 47 29 23 89 62 2 19 0 84 38 99 9 19 38 0 71 91 42 21 38 61 58 7 86 92 8 5 36 35 63 58 53 64 59 24 81 63 11 49 2 33 75 20 84 35 0 70 51 97 76 1 31 12 62 80 99 80 78 57 54 78 13 88 41 73 40 8 33 97 93 11 20 21 73 41 62 29 15 53 70 52 22 55 40 76 67 85 29 22 53 25 93 87 81 19 36 3 35 67 61 5 54 77 3 23 88 27 76 84 57 54 39 71 78 45 8 37 3 86 75 34 38 91 33 44 46 32 54 64 46 61 40 18 20 2 42 31 4 78 89 
13 81 97 79 22 77 29 8 12 16 31 82 16 67 37 15 24 74 27 50 43 36 90 3 0 25 28 98 82 41 61 83 22 59 26 17 13 52 44 32 76 5 23 33 41 10 20 99 32 44 23 25 69 37 85 37 8 59 53 43 54 83 17 98 46 47 36 22 97 29 90 99 33 14 19 85 28 65 27 40 99 84 30 14 88 9 51 23 93 93 90 88 74 46 55 67 82 77 13 70 40 74 38 50 84 2 27 37 41 34 56 47 53 38 38 66 87 17 96 32 35 43 11 50 43 46 85 14 53 5 91 8 21 78 34 52 56 15 43 26 89 80 69 87 14 99 60 32 30 19 96 93 43 77 36 56 11 63 55 50 79 95 27 28 25 37 52 94 69 12 15 68 26 66 32 21 35 9 64 41 98 8 31 90 83 47 41 39 37 46 87 79 8 0 96 60 54 6 77 91 7 65 78 46 19 58 15 97 59 25 34 25 10 76 84 98 26 17 53 38 57 5 99 63 81 82 28 41 19 47 25 80 51 98 54 89 41 15 22 54 58 87 9 59 35 48 9 18 57 35 21 2 56 53 85 20 1 58 5 18 9 15 84 88 4 51 17 64 50 33 67 89 69 52 82 27 83 78 28 73 34 97 13 19 93 99 3 90 68 89 97 76 91 34 77 36 3 13 28 48 77 4 60 57 51 22 97 50 12 92 97 44 72 51 49 84 40 53 17 42 75 89 22 74 77 56 2 68 42 86 2 88 67 20 83 34 64 19 54 60 90 40 50 70 47 58 5 65 46 89 97 31 9 52 24 14 59 37 85 15 47 55 5 41 74 5 22 58 25 77 37 92 95 44 50 80 64 60 72 7 42 82 78 6 86 20 33 37 38 30 95 2 70 57 59 38 69 83 66 87 
49 82 18 59 53 23 32 25 90 50 67 62 64 3 67 71 51 87 60 22 61 85 35 44 57 74 37 16 93 11 38 5 76 33 52 13 99 93 1 50 17 5 54 86 33 26 73 21 43 28 40 93 53 19 79 14 50 40 99 87 40 39 68 85 43 46 84 13 14 73 65 91 38 79 53 77 43 86 12 41 62 99 94 16 16 17 1 7 21 69 25 70 9 92 54 26 81 52 14 91 89 77 36 3 68 82 40 10 69 87 64 10 36 40 30 88 64 93 50 44 32 27 47 58 48 87 29 50 50 33 90 56 28 88 94 3 19 33 38 63 28 65 48 93 90 70 7 92 25 60 6 69 77 24 84 50 14 74 65 34 70 52 16 56 79 18 90 62 32 3 61 24 86 20 90 50 7 63 39 78 1 67 57 49 12 58 77 55 10 7 2 84 90 85 15 10 3 47 77 13 42 46 75 87 50 52 44 28 36 39 60 70 74 25 91 76 15 72 18 52 16 33 84 60 21 28 64 83 3 88 15 8 13 65 65 53 41 93 75 99 48 96 87 1 40 9 99 0 68 26 19 66 25 31 90 46 68 90 59 78 96 83 28 90 1 76 3 32 89 8 14 60 47 87 96 47 1 1 10 94 74 96 44 25 8 87 73 49 30 29 48 4 41 73 80 63 27 79 80 40 4 59 63 99 97 44 79 19 75 72 89 89 2 38 12 32 13 44 17 69 35 86 3 13 78 70 38 20 38 90 10 1 74 43 92 91 91 51 80 6 57 66 37 39 11 28 29 32 32 14 78 95 7 85 11 96 23 15 3 9 79 73 55 46 29 21 79 41 48 37 66 3 52 87 25 88 25 86 85 8 38 41 84 43 31 31 14 17 41 10 51 5 49 76 0 11 83 19 30 73 
84 16 54 79 11 11 28 73 28 52 57 53 46 69 62 80 50 78 74 86 35 97 54 5 16 95 85 77 56 31 62 1 8 50 16 78 30 74 21 54 69 11 44 98 53 6 45 71 40 96 40 80 57 46 28 64 40 7 97 64 82 47 58 68 91 17 80 83 49 12 21 14 51 33 96 84 94 60 37 99 2 71 79 54 72 95 53 95 10 38 50 31 71 25 40 4 33 11 54 18 21 97 76 94 46 3 51 58 57 71 74 9 67 37 81 2 18 11 80 34 73 66 6 11 15 88 62 98 63 7 69 48 41 29 74 57 51 90 30 73 34 43 32 32 59 45 84 60 50 30 98 40 9 49 82 47 80 24 85 93 0 28 11 13 17 77 38 96 89 40 13 93 66 17 22 93 99 94 17 5 29 15 31 97 91 61 14 20 12 20 73 26 64 52 50 92 38 39 94 86 16 87 28 85 40 59 26 8 33 98 28 84 33 36 43 83 86 56 25 85 70 30 58 24 32 98 43 6 99 13 4 0 45 9 59 94 84 43 94 80 72 56 49 91 81 24 29 59 54 8 61 7 87 5 75 72 79 38 33 15 44 97 1 98 19 40 73 67 39 99 15 5 53 12 36 87 38 7 91 84 88 72 80 90 46 29 66 41 37 28 18 54 26 89 21 31 10 23 95 29 92 97 45 5 74 62 92 46 15 50 31 4 71 15 67 77 3 86 69 0 38 68 48 31 12 15 3 7 83 18 33 47 39 35 11 21 30 50 46 80 96 79 58 55 51 91 90 21 94 57 33 69 39 78 24 95 42 5 89 60 32 69 83 90 57 79 11 24 42 68 78 77 17 55 16 34 68 67 5 45 4 24 38 95 27 26 38 6 9 86 57 79 80 68 93 74 33 92 11 36 
92 93 20 60 55 38 17 25 27 27 88 18 56 68 35 15 46 61 30 91 76 13 88 11 76 23 98 50 31 70 80 73 94 15 56 33 65 21 76 3 23 35 98 47 22 66 14 24 9 81 32 23 23 16 34 62 98 58 20 11 95 9 26 76 88 39 62 37 47 58 82 0 85 7 84 77 51 96 97 39 83 67 23 45 71 14 14 24 21 77 33 60 14 37 56 41 5 22 93 20 14 42 23 10 96 7 82 0 2 3 81 3 69 84 40 46 54 99 90 86 78 36 98 6 19 78 52 23 9 2 62 5 21 94 91 78 8 80 12 75 15 96 94 49 25 42 71 17 87 91 20 56 31 39 62 96 23 92 28 99 24 65 1 57 36 1 50 11 29 52 14 38 75 82 71 1 5 3 92 27 91 78 33 1 74 71 27 55 13 71 69 72 34 45 62 79 40 82 63 35 32 36 83 34 41 68 18 38 61 77 63 16 36 13 65 45 23 66 47 78 57 3 31 35 88 64 48 48 24 59 0 38 16 25 32 47 85 96 37 64 35 58 99 31 69 46 52 38 92 9 27 38 35 44 6 3 94 85 52 83 88 47 99 97 41 25 61 0 28 69 41 44 33 85 33 29 46 62 34 50 23 1 95 47 36 51 53 85 54 59 51 45 49 30 1 80 32 30 90 94 65 91 10 30 90 50 21 73 72 10 86 77 88 20 31 88 27 74 73 45 66 84 7 66 29 91 18 10 72 42 27 1 68 98 60 98 99 24 3 32 94 72 89 8 49 0 35 22 24 34 67 6 89 7 72 53 67 44 29 4 5 19 95 32 57 26 74 14 19 97 71 85 4 30 91 18 0 52 90 16 16 16 37 44 12 24 16 86 44 36 88 1 40 64 76 75 97 43 78 37 
34 72 41 17 7 62 80 77 96 40 73 43 74 3 91 33 50 47 61 23 54 48 13 30 12 64 68 59 95 13 62 49 56 1 76 52 18 82 8 42 86 71 72 86 10 78 7 30 11 36 21 57 0 22 61 78 49 21 56 52 4 72 23 22 94 20 33 89 97 32 2 63 13 75 3 66 85 55 63 22 3 67 54 27 98 3 60 58 43 18 80 29 22 48 25 54 51 82 48 36 49 90 91 80 49 27 62 47 2 49 12 83 59 1 77 75 77 67 73 6 15 91 31 7 59 5 35 62 56 49 17 75 57 99 39 56 63 51 68 64 9 71 38 77 38 76 61 85 40 91 34 77 12 20 87 10 3 40 27 93 67 38 15 23 49 67 14 80 13 87 27 93 98 35 65 29 33 81 60 82 40 13 77 92 43 37 14 33 85 47 7 80 74 82 44 47 65 98 88 96 26 91 61 56 10 84 53 19 58 93 84 66 3 74 43 54 43 23 61 84 17 52 20 50 25 91 22 45 22 68 0 7 51 68 83 74 60 62 97 50 27 94 26 76 71 47 40 64 80 72 68 40 19 81 46 53 26 31 86 29 15 45 96 5 34 36 56 50 9 9 63 19 16 58 38 25 96 35 48 41 46 29 90 21 91 60 37 93 19 8 96 16 53 69 22 76 50 0 66 54 96 70 85 9 23 35 84 0 36 73 82 66 98 22 73 86 14 12 12 71 36 88 95 30 87 76 95 25 99 77 15 34 37 47 4 65 82 27 87 62 37 99 60 74 15 28 79 72 76 60 60 39 35 41 49 2 45 98 2 19 82 1 60 11 96 81 59 18 48 52 57 82 50 80 4 27 45 69 93 50 11 58 77 44 42 97 8 73 71 40 33 43 22 22 45 13 46 76 64 93 
10 8 84 33 4 16 39 6 93 55 51 37 65 29 91 55 72 59 9 54 50 64 14 16 71 38 66 43 38 37 97 6 47 10 17 35 10 38 25 21 26 72 8 88 97 57 2 31 6 19 44 66 81 72 75 36 46 63 7 10 36 30 79 60 3 54 24 75 20 80 61 72 72 30 42 68 40 94 46 89 47 13 21 4 4 58 46 31 90 27 35 97 13 93 30 20 83 56 24 54 98 5 81 46 24 48 15 13 9 60 62 72 99 29 39 33 76 88 99 22 39 8 75 29 24 24 6 69 17 40 91 7 89 42 87 24 97 94 76 34 28 35 91 77 91 71 80 33 28 88 72 49 25 1 35 37 97 25 2 88 0 54 83 15 80 17 56 10 7 87 61 16 1 3 13 28 13 23 14 83 68 56 7 11 77 82 11 26 9 59 48 8 53 54 49 65 4 27 28 31 26 29 58 18 77 44 76 68 19 85 30 7 21 83 82 65 19 43 51 44 15 21 10 90 26 84 53 82 4 96 18 7 27 71 43 41 47 7 31 38 57 41 3 70 17 29 11 58 29 24 22 42 11 45 57 81 98 37 15 69 36 17 44 79 37 77 43 56 83 34 68 97 34 24 99 44 71 49 47 95 57 85 82 80 41 58 65 22 41 47 74 68 68 80 56 15 85 96 39 12 66 7 9 30 54 80 96 5 36 37 9 4 6 62 69 28 62 52 74 9 24 7 87 24 77 74 11 70 90 90 35 65 91 32 15 12 49 6 32 7 14 80 91 4 80 11 80 27 37 23 31 97 74 22 2 63 54 24 69 61 0 4 83 42 30 55 86 44 80 15 61 77 16 34 51 71 40 69 26 60 79 27 17 31 83 42 83 49 99 81 58 23 59 2 91 11 0 82 54 82 
66 33 23 81 35 52 54 6 77 54 45 49 11 56 52 78 36 5 46 17 92 32 9 21 40 29 18 53 28 23 22 5 23 6 16 27 37 20 32 33 44 35 87 90 97 3 24 99 12 62 99 80 26 31 60 75 74 39 13 16 54 81 31 21 32 57 87 97 5 23 25 99 87 97 29 24 85 18 93 9 55 12 97 90 1 61 81 92 21 77 76 91 63 27 26 24 27 30 67 12 60 77 68 45 16 38 95 27 32 58 50 85 66 73 17 6 31 6 13 9 74 68 59 79 50 3 16 31 47 12 13 71 40 35 43 67 99 40 33 18 5 12 97 23 44 8 59 92 42 82 99 49 16 83 38 16 23 8 20 57 17 13 65 75 60 75 92 16 2 33 43 58 52 62 32 78 13 97 39 93 5 68 57 28 23 77 68 85 34 78 57 64 27 52 83 3 12 15 64 4 51 31 8 78 62 30 28 63 97 72 93 21 33 15 69 20 72 88 99 2 80 81 82 12 64 33 14 5 1 97 15 32 1 29 37 87 6 62 25 81 9 9 44 31 21 32 57 87 61 3 93 0 36 17 88 50 73 76 91 73 6 71 96 60 1 39 22 0 32 44 98 93 60 68 69 52 37 32 75 81 25 58 39 11 55 50 35 50 29 49 67 8 91 12 69 3 94 85 7 38 97 90 97 82 23 61 32 55 33 59 52 51 17 1 41 78 36 81 91 75 0 5 47 50 24 63 60 34 52 79 92 65 72 14 4 25 96 80 49 49 70 89 51 29 27 68 90 50 87 36 56 45 18 6 26 46 58 34 70 84 75 9 60 16 73 27 72 85 42 30 20 86 19 31 6 74 66 7 32 19 96 80 1 38 8 5 15 49 21 32 31 6 60 83 53 3 25 77 57 87 
82 69 36 57 64 23 51 70 79 82 97 47 96 74 67 56 89 62 45 22 15 65 15 48 62 89 57 44 34 40 18 79 2 2 39 26 66 43 95 59 68 41 38 41 30 44 34 23 77 62 37 34 62 73 29 77 66 67 21 28 51 60 85 96 81 18 23 3 0 57 10 2 68 12 59 11 86 16 46 24 17 63 95 29 89 24 50 85 19 37 72 58 33 77 24 67 91 51 37 97 82 7 12 58 0 7 15 78 33 48 23 30 44 11 43 90 36 58 95 57 25 68 64 4 90 67 36 11 37 23 48 99 9 95 12 69 58 87 20 69 14 66 16 74 58 1 93 41 56 11 77 1 56 10 99 82 37 2 61 37 14 1 14 34 56 23 99 71 89 94 36 49 85 57 51 76 88 72 76 47 44 84 19 48 41 64 34 45 2 23 39 12 46 0 5 73 75 58 62 61 37 86 12 29 14 77 86 83 89 18 78 48 45 43 8 87 7 47 13 21 94 32 49 93 21 54 18 58 63 68 55 55 43 37 20 22 50 46 18 96 45 78 33 23 73 21 39 30 38 57 0 81 96 34 72 96 20 78 33 5 94 85 74 92 6 5 47 51 12 83 46 74 32 76 34 25 98 87 41 47 51 76 75 98 72 98 92 24 18 36 50 71 91 41 85 41 90 24 7 13 73 42 8 70 95 16 24 49 60 67 46 1 21 99 77 91 31 58 97 42 88 40 89 88 15 64 54 89 84 20 58 12 44 6 6 24 97 18 33 96 45 27 90 74 52 70 59 17 56 16 79 1 93 18 57 95 80 86 19 17 38 60 85 59 85 60 53 35 39 18 43 42 87 93 13 43 12 52 33 7 47 3 62 46 61 82 79 69 5 67 86 28 3 64 56 71 64 82 25 23 
8 36 59 2 30 31 54 39 26 87 59 34 13 50 45 76 80 56 72 98 22 67 99 51 16 32 27 75 98 89 38 5 92 72 69 33 60 96 94 87 17 34 53 10 73 23 61 20 35 84 29 8 76 14 72 70 83 80 6 72 10 29 76 49 71 42 17 66 79 16 81 66 2 69 50 22 59 17 46 89 1 91 9 34 22 33 88 96 99 8 20 65 41 79 62 82 54 46 31 6 30 14 31 81 60 80 72 62 48 28 40 61 55 47 47 18 29 78 98 94 25 64 86 39 37 17 85 57 12 97 26 64 38 16 68 27 95 39 93 68 94 48 19 61 59 9 2 41 39 43 59 87 47 76 36 13 28 21 41 50 9 57 71 25 34 9 79 57 43 71 74 45 0 73 94 79 47 50 87 26 10 14 31 24 16 60 94 17 18 65 26 59 38 8 22 84 66 49 30 47 1 42 94 12 71 59 51 95 43 52 66 69 78 81 42 76 37 9 32 20 89 59 76 75 54 76 87 42 90 57 79 96 24 5 91 23 1 98 72 8 61 89 59 76 53 26 91 40 20 33 77 64 71 77 26 44 73 71 26 71 75 83 63 97 0 65 83 74 89 14 45 79 19 76 33 25 61 39 79 0 96 25 78 69 35 57 50 7 40 52 54 54 68 80 18 97 10 36 43 6 79 95 32 92 56 80 18 0 37 71 47 35 25 94 99 58 2 38 58 23 94 94 72 12 26 0 51 1 93 52 99 63 64 30 92 86 77 19 20 26 30 2 32 77 32 62 96 64 99 24 63 13 99 55 36 76 19 92 4 40 53 27 31 96 43 37 56 25 45 88 72 7 31 84 49 51 32 71 73 59 66 19 80 52 88 6 50 83 29 2 91 99 91 59 39 98 65 70 93 34 
20 3 57 78 8 97 45 9 5 8 58 22 24 23 63 9 15 35 42 76 48 48 93 58 30 62 6 4 84 47 39 89 23 60 13 91 45 21 35 86 91 44 62 73 35 4 2 7 99 82 28 8 46 40 29 48 58 30 73 19 74 18 2 29 68 3 94 0 35 36 8 15 27 65 86 41 41 62 87 63 53 63 3 3 5 92 89 98 92 74 0 94 78 65 93 79 2 92 46 66 49 54 56 16 41 74 46 62 62 97 47 49 51 82 56 28 20 47 32 87 43 54 99 82 93 6 26 58 26 39 31 28 36 51 3 32 23 55 18 11 97 5 49 60 96 23 95 87 28 16 85 24 15 46 34 47 18 84 15 75 42 0 98 60 54 71 13 99 27 8 57 69 86 51 92 17 84 51 76 66 80 41 13 72 8 74 24 24 37 15 49 94 45 51 14 14 14 23 53 10 36 81 9 95 85 29 15 63 76 16 78 14 36 97 52 52 51 78 7 25 11 75 16 6 23 81 73 83 29 45 93 81 23 6 72 54 95 68 28 3 23 15 3 30 69 56 37 43 35 14 41 36 11 75 43 55 97 96 45 99 29 79 71 87 26 31 99 82 23 61 5 92 10 61 1 48 98 26 78 14 77 86 71 78 17 62 60 82 42 50 95 65 85 95 64 57 43 16 58 58 25 34 94 83 11 16 9 44 15 43 85 57 87 15 92 54 93 73 97 15 34 45 71 98 85 67 83 46 70 42 40 71 70 13 81 80 64 26 55 71 64 79 39 23 44 3 58 2 44 85 23 37 42 3 41 17 89 61 78 35 26 99 59 76 1 21 53 82 69 17 14 17 62 2 56 21 81 35 71 2 53 38 46 93 29 22 24 51 74 15 99 92 27 32 41 78 74 13 97 9 
20 31 52 49 40 49 56 46 28 12 88 75 84 68 38 15 19 88 98 67 24 64 35 44 85 34 39 16 58 79 42 42 7 59 87 71 70 18 31 23 44 16 53 85 42 84 46 94 33 0 89 10 69 40 46 76 41 44 89 7 63 38 84 49 45 9 88 65 9 10 36 63 81 13 62 31 14 20 16 78 86 38 10 28 19 43 24 95 26 49 47 6 84 78 23 22 15 36 47 17 20 58 72 71 24 49 31 58 61 45 66 72 18 34 61 80 93 69 69 65 4 59 88 42 86 83 26 79 56 46 40 19 43 24 35 39 79 22 63 49 57 28 85 72 1 32 97 95 24 18 12 80 31 25 9 87 19 5 34 63 68 26 98 40 35 6 29 54 53 75 47 61 24 35 28 65 36 28 92 44 87 50 26 82 60 50 94 84 38 92 56 4 83 44 71 91 27 30 25 88 75 72 59 25 25 68 25 28 14 34 36 76 70 61 51 11 71 88 43 86 16 28 70 90 90 21 93 85 95 94 33 79 43 53 95 14 1 22 70 28 92 74 78 42 73 11 63 60 70 38 12 84 31 94 56 71 44 55 57 82 96 57 63 44 76 46 35 40 7 29 65 90 85 92 50 3 73 60 10 49 95 52 77 79 45 68 36 80 90 31 3 77 61 11 64 34 27 91 82 58 75 84 12 98 5 44 4 26 25 1 39 85 9 94 97 10 30 31 96 48 38 13 26 75 2 12 88 19 39 44 58 92 14 85 51 23 92 71 79 20 97 88 40 36 5 12 57 26 64 28 94 56 90 50 11 87 43 20 23 95 52 45 37 80 47 23 24 29 79 27 68 1 34 15 99 60 37 70 89 46 45 33 24 51 14 4 59 34 49 55 24 79 66 14 80 27 70 26 46 38 
97 18 47 56 91 32 77 34 19 81 81 35 77 92 83 95 0 89 56 8 35 5 21 83 14 91 66 52 31 86 96 59 2 30 84 18 4 65 1 69 31 71 41 29 42 11 38 80 6 63 47 76 90 26 76 6 83 93 33 77 51 28 27 31 47 65 63 22 54 64 73 55 8 85 28 35 2 32 95 87 12 40 91 46 17 70 90 5 93 54 31 30 65 6 95 43 43 73 88 13 28 51 91 48 50 84 59 74 65 26 92 88 28 74 70 67 60 53 66 63 93 59 69 52 50 77 91 82 34 56 82 79 66 73 96 57 85 74 30 1 81 33 38 42 96 79 18 27 79 63 46 85 90 9 7 87 96 29 77 86 88 97 90 43 44 50 28 18 70 13 97 17 12 88 49 38 15 42 56 89 11 13 36 66 52 82 25 54 41 83 51 19 6 60 12 73 59 30 67 86 56 39 0 26 65 29 5 51 14 35 24 90 35 85 85 27 48 12 87 78 29 57 14 6 44 25 28 42 11 93 25 46 87 78 31 43 61 59 93 50 16 14 50 42 79 29 41 80 69 78 48 26 50 69 2 91 24 56 10 98 50 55 85 1 3 97 1 52 63 10 3 90 5 51 13 60 12 55 56 24 67 40 13 7 42 37 91 77 28 29 13 96 34 60 4 84 73 15 11 18 43 82 93 88 62 62 46 72 17 77 54 19 95 77 74 68 53 75 25 25 67 40 50 33 2 20 38 14 28 38 45 73 57 44 24 84 61 51 70 11 54 6 58 14 28 83 11 30 73 34 15 18 45 65 13 44 2 79 79 36 93 81 11 28 70 22 64 73 4 70 22 49 28 85 98 81 38 33 56 25 8 25 78 33 63 28 22 6 63 81 27 18 19 12 64 32 57 49 76 8 
55 15 97 1 22 88 36 20 25 83 24 88 37 30 70 2 48 37 45 71 24 67 77 19 86 11 86 40 6 54 38 68 41 39 74 20 64 26 76 49 86 9 25 95 57 60 79 80 25 85 1 30 34 43 2 24 6 78 39 53 82 63 52 54 14 36 16 37 26 71 56 15 76 31 13 0 3 91 97 15 8 38 4 47 55 51 75 4 48 94 8 75 96 37 99 57 22 56 44 85 93 27 83 20 80 90 33 92 59 35 19 45 79 22 12 31 61 61 1 92 43 85 65 49 4 37 59 62 10 57 62 75 28 2 0 57 76 36 16 6 53 32 46 63 78 39 74 94 3 11 31 75 20 64 65 96 71 54 47 9 81 53 30 93 4 64 88 9 74 74 48 12 90 58 14 56 39 7 25 55 10 71 76 66 65 59 22 11 44 75 21 61 67 70 24 92 72 17 31 84 74 21 63 94 89 86 59 65 28 28 87 79 57 11 23 69 96 11 30 59 43 94 67 38 65 18 75 74 96 30 49 80 75 11 54 37 43 54 57 93 1 52 34 66 96 98 61 75 57 46 74 47 5 98 14 90 29 88 69 11 84 1 65 87 32 62 29 37 26 99 88 94 12 78 27 91 92 64 14 36 86 38 58 28 9 7 90 14 10 51 40 14 57 31 5 49 36 36 20 29 24 94 63 84 75 22 78 38 52 77 42 61 85 41 2 53 11 73 63 41 85 1 49 72 78 53 99 71 32 15 7 90 33 5 35 36 33 79 91 64 96 1 44 14 18 97 85 55 47 16 0 53 96 73 71 44 55 29 12 12 98 29 61 3 27 69 92 78 91 31 50 69 56 32 54 18 71 93 68 38 98 20 43 90 10 55 4 67 45 57 80 93 38 24 39 93 60 19 90 29 
80 37 94 88 9 66 42 54 98 29 35 77 55 1 98 85 24 15 62 81 11 0 42 54 50 59 81 55 96 22 24 2 60 78 53 70 10 99 17 58 46 92 54 92 23 75 46 62 61 41 50 69 97 49 40 94 96 46 83 98 41 73 24 97 19 76 5 98 24 23 19 93 56 84 13 77 12 90 67 32 9 34 24 56 60 66 20 70 31 41 29 34 85 6 56 36 10 8 14 1 93 34 64 7 31 88 56 62 20 58 12 99 80 40 60 37 62 78 95 29 72 88 18 82 59 16 57 6 8 98 34 15 43 21 67 13 67 68 74 55 15 60 71 25 51 92 54 85 86 41 17 76 30 75 40 34 40 31 99 77 21 87 40 11 6 42 49 43 24 9 52 5 48 6 34 60 25 74 85 11 85 79 74 39 45 42 1 96 15 79 25 14 82 61 19 5 61 55 30 88 91 69 90 31 43 6 30 80 66 47 26 0 61 80 89 37 17 77 98 5 84 52 49 4 54 61 52 91 96 78 6 61 47 97 8 30 8 70 87 18 35 89 29 47 25 68 91 46 79 17 42 48 59 10 85 91 61 72 39 94 15 37 37 34 5 21 82 6 91 72 8 65 87 30 38 85 2 95 44 0 18 80 3 11 61 77 18 45 56 97 28 21 94 14 55 69 67 86 71 66 89 87 63 34 70 45 13 22 94 13 80 56 22 3 67 58 25 77 72 92 50 19 26 14 94 31 95 53 67 82 56 63 42 86 90 97 97 93 33 5 47 42 3 65 4 35 75 62 96 31 3 80 19 40 23 61 51 71 30 96 1 50 69 20 64 43 34 49 71 84 35 91 53 99 21 28 71 42 19 67 64 93 74 86 68 43 97 87 75 50 68 99 23 51 66 38 21 93 75 43 
28 41 7 43 47 66 41 44 95 6 47 92 31 84 83 5 92 24 45 92 28 20 85 85 51 56 19 21 20 8 29 22 60 68 21 30 45 92 44 99 41 57 91 62 77 57 96 95 51 30 50 83 13 25 96 39 65 52 20 48 46 88 48 87 28 89 5 63 39 26 78 37 68 77 70 12 24 62 86 33 33 59 50 8 11 49 19 64 3 13 80 7 62 1 87 94 15 40 71 95 66 10 31 27 96 93 57 83 78 85 92 57 55 54 68 89 80 36 8 93 35 22 68 27 76 79 39 94 34 73 86 50 40 62 23 93 42 49 44 22 19 72 92 95 24 11 47 19 95 30 20 77 24 51 36 76 8 90 0 91 92 92 71 95 24 89 13 18 48 73 11 18 5 41 32 95 49 7 16 73 69 43 15 29 27 48 20 29 59 30 34 82 25 45 30 34 55 2 30 75 89 5 22 67 6 71 29 68 93 64 91 57 96 52 56 85 99 81 47 3 68 64 76 87 97 68 91 53 83 43 6 95 62 37 96 72 5 42 4 10 52 91 75 23 51 31 77 68 52 98 63 53 23 86 32 17 1 74 65 33 35 87 41 99 65 41 71 77 95 66 10 14 50 44 58 96 14 53 12 30 62 99 30 12 25 58 8 41 24 29 86 9 20 42 39 99 53 9 37 36 15 87 78 92 36 64 14 76 82 59 2 45 34 96 1 84 17 6 17 19 46 78 36 46 85 44 75 62 79 77 7 2 45 13 66 15 25 69 4 34 62 87 23 75 99 17 80 48 87 24 71 29 12 18 56 23 94 1 95 16 85 33 44 78 81 88 8 44 21 65 12 51 38 75 87 44 86 10 90 57 36 2 54 50 93 91 70 54 87 81 9 46 81 46 66 70 64 52 74 98 
29 34 70 14 39 26 9 29 45 32 77 70 75 98 21 76 53 95 89 0 17 57 70 24 71 66 43 90 41 13 33 54 44 82 1 52 40 75 7 1 30 61 3 55 60 35 61 64 89 1 79 92 47 59 30 49 81 62 32 95 77 75 96 11 58 56 47 32 61 92 71 53 85 55 17 54 92 0 34 57 56 36 22 66 18 24 80 10 73 83 9 77 10 11 73 94 24 56 34 99 30 8 90 37 80 88 59 49 18 83 4 60 2 6 23 72 48 16 45 19 67 59 6 7 95 55 78 83 56 97 75 1 24 23 28 92 85 82 17 60 26 67 3 64 76 2 74 27 71 4 22 15 9 8 71 94 57 45 64 17 33 9 6 29 30 1 12 19 96 75 98 20 88 40 67 54 48 28 83 62 95 50 77 22 77 89 39 21 74 15 51 92 88 71 78 48 13 6 48 5 99 57 35 65 17 18 67 37 89 4 81 43 74 16 10 93 75 82 67 13 64 99 63 62 23 47 33 61 48 34 2 99 84 63 76 38 36 85 48 46 60 66 18 78 6 33 31 4 1 14 31 33 58 63 60 68 97 45 29 17 23 81 83 36 94 45 89 59 18 90 54 37 19 66 64 52 3 60 78 86 17 31 27 22 65 5 5 81 99 26 15 99 38 39 35 13 74 3 98 54 74 79 33 89 53 72 40 53 51 91 65 64 78 88 35 24 71 88 99 59 11 64 87 4 38 69 69 82 23 89 43 21 0 65 37 39 74 1 58 12 84 85 38 85 1 61 58 94 44 44 78 14 79 84 1 63 78 61 71 82 73 67 51 68 64 64 53 14 59 51 77 2 81 34 50 18 96 74 50 24 58 64 82 23 43 26 92 53 22 40 59 50 84 85 39 76 19 85 74 67 
79 67 83 98 63 94 20 27 6 99 53 83 35 46 87 82 69 79 21 90 87 31 22 73 77 7 7 0 88 70 92 5 31 50 42 57 33 21 10 63 96 25 28 47 74 49 72 78 87 45 0 61 92 52 20 68 99 45 11 1 11 65 7 29 73 10 43 35 35 3 42 2 96 86 22 32 88 98 18 56 89 82 93 31 73 93 81 38 95 96 23 83 5 8 51 63 31 41 94 35 25 28 17 13 97 3 37 25 31 83 45 83 57 20 20 71 43 41 4 80 67 66 38 89 33 9 95 86 17 53 22 29 8 80 67 52 19 45 91 58 37 61 9 88 41 49 17 26 61 79 59 14 17 84 69 36 31 7 12 70 77 40 45 66 95 79 96 34 75 94 25 68 86 88 2 86 81 32 7 47 59 29 48 15 41 59 84 15 87 38 47 44 49 9 93 70 78 42 75 32 72 52 35 35 33 52 15 18 47 21 71 59 22 70 48 51 25 13 35 59 62 42 10 28 68 52 23 36 62 51 50 41 82 97 65 10 82 6 50 16 69 43 37 98 73 54 3 16 55 20 62 40 63 86 17 98 63 5 7 1 90 55 99 14 70 31 15 85 9 36 73 35 42 84 57 3 48 93 60 87 75 67 25 5 43 8 58 52 21 91 41 9 27 3 71 31 95 96 36 62 43 28 89 51 19 3 67 87 95 71 5 75 27 93 35 6 33 8 19 85 30 48 68 79 71 74 86 91 9 90 37 47 83 96 70 6 15 80 90 41 43 64 56 73 45 84 93 72 5 52 25 11 34 96 57 67 8 11 31 19 65 56 42 56 45 58 95 89 74 75 3 26 95 84 70 72 92 43 51 39 15 5 40 34 10 1 29 42 97 28 0 66 37 54 31 10 21 29 10 55 
68 64 2 45 68 43 43 46 61 86 13 82 60 99 96 20 25 16 54 44 11 68 19 5 0 60 68 73 48 89 65 10 98 8 3 43 20 18 70 99 3 13 38 50 83 30 25 54 44 73 24 52 65 70 89 31 19 98 4 80 42 17 81 18 23 77 42 36 25 47 85 57 66 40 40 66 5 95 34 47 25 88 89 55 87 80 10 33 88 8 45 7 93 27 46 72 67 96 74 83 35 39 22 1 58 99 13 63 24 20 64 0 22 58 43 80 50 69 86 58 66 46 49 75 43 94 19 52 15 6 9 48 8 3 90 73 52 70 10 45 18 67 91 8 51 29 75 32 4 9 24 39 69 84 61 76 7 62 66 93 78 57 41 72 86 73 29 5 79 81 3 23 11 26 31 85 86 99 21 18 80 40 69 4 78 7 76 74 78 39 81 92 64 23 51 3 21 91 19 85 32 45 15 85 65 59 68 3 1 42 41 23 83 30 2 68 32 53 80 8 62 1 69 0 10 54 42 92 75 92 75 56 65 20 56 89 62 20 53 63 28 88 11 7 67 52 5 8 36 71 43 26 45 21 2 26 43 20 68 36 22 43 51 90 96 51 24 4 89 67 12 17 93 12 30 65 27 36 66 87 16 98 22 49 55 69 20 5 23 68 3 3 82 14 97 80 69 95 36 37 51 87 3 12 86 5 16 70 71 19 75 94 34 48 61 73 31 18 70 26 3 33 8 36 17 4 42 10 90 26 60 70 23 36 91 17 58 73 71 69 52 2 90 8 10 19 88 65 25 5 97 73 98 29 31 83 5 45 45 87 25 2 56 59 97 30 7 23 54 7 88 15 69 79 8 34 22 93 55 69 33 64 22 81 48 55 72 37 97 37 40 12 38 94 95 1 10 57 89 51 
81 11 42 3 30 19 29 32 84 0 29 3 64 33 30 15 94 87 83 62 94 8 57 40 51 53 10 0 40 1 7 72 39 73 31 34 24 15 21 53 31 83 99 21 69 42 80 26 66 89 39 61 2 22 70 84 18 53 17 99 81 78 38 19 93 61 5 84 14 98 24 6 64 6 77 91 80 25 31 59 58 37 34 83 12 7 17 47 82 77 84 18 1 4 94 16 97 95 65 0 44 27 45 90 42 77 23 50 74 49 14 49 26 91 78 11 21 23 74 58 56 61 99 15 83 91 23 42 9 75 3 74 71 64 97 62 53 20 53 77 1 41 94 21 53 28 71 74 75 31 59 37 71 53 38 55 51 24 9 66 73 49 27 4 26 0 61 1 50 79 34 62 64 99 11 22 83 70 67 40 61 53 51 23 95 53 60 49 77 77 75 83 32 54 33 59 21 27 54 12 75 10 56 94 36 86 1 61 56 90 5 16 47 50 37 53 84 9 50 7 78 63 78 78 54 32 36 86 12 33 31 58 2 17 93 11 39 94 76 34 73 45 76 50 46 75 6 14 27 17 8 53 13 27 46 26 7 49 37 71 0 10 19 24 67 56 38 53 8 51 47 60 29 5 25 68 45 86 18 23 7 58 22 48 86 43 75 28 84 51 60 38 64 46 73 86 33 31 38 4 52 81 64 20 16 24 84 63 48 69 69 15 64 90 64 28 50 53 1 40 4 64 13 24 61 25 62 11 88 95 31 18 93 76 77 81 51 36 5 10 0 79 22 23 7 94 97 4 64 32 59 41 51 66 56 1 26 3 50 92 52 14 67 62 34 24 43 36 49 27 91 82 92 31 14 30 99 27 66 93 68 51 59 71 69 83 36 52 39 96 9 40 6 5 55 38 84 18 85 68 
50 32 36 2 60 47 18 81 37 31 40 86 15 16 39 60 99 22 22 66 92 25 10 96 93 5 87 91 37 8 1 18 59 30 14 60 84 42 72 44 75 64 36 48 99 98 16 57 73 6 3 38 54 68 31 23 13 24 11 8 24 83 21 18 7 55 58 24 89 32 56 42 31 64 29 19 95 65 6 9 85 77 16 5 40 43 18 74 35 96 59 13 93 96 78 23 50 54 16 0 14 65 84 92 16 21 46 46 88 21 92 14 93 22 56 46 42 96 52 93 82 0 82 8 37 97 44 78 12 23 27 37 72 53 6 33 7 38 98 13 76 66 99 64 48 77 38 10 97 9 53 15 42 96 21 67 55 4 59 54 42 38 81 89 22 44 12 94 3 2 50 85 98 32 20 40 99 30 93 92 88 92 44 64 99 63 36 70 31 32 34 44 83 63 20 52 4 50 88 31 0 15 90 62 10 19 81 50 16 81 42 90 75 91 83 58 62 63 71 74 22 96 83 31 72 6 41 30 98 79 30 19 59 96 22 19 9 92 14 21 38 83 57 77 95 81 64 2 38 67 58 74 66 78 88 60 11 92 92 65 1 76 68 94 63 9 37 73 70 13 89 41 94 66 98 67 67 5 52 27 60 3 16 8 78 89 2 26 26 95 76 76 16 15 68 17 60 38 49 47 50 11 76 88 78 47 76 16 83 5 83 87 55 43 83 17 51 9 17 22 77 72 51 21 95 37 0 4 94 47 20 74 11 83 85 64 41 91 25 84 83 20 60 94 15 43 49 55 23 82 56 28 11 96 55 65 99 83 70 26 2 17 3 90 67 19 90 93 67 76 95 73 52 90 93 85 88 8 59 46 77 16 17 79 8 53 53 15 35 55 19 84 15 42 34 42 38 81 7 60 
65 99 59 30 53 19 56 84 91 24 44 90 42 55 98 40 8 81 25 16 87 27 94 65 93 67 72 14 90 59 54 36 6 5 9 1 91 11 98 10 95 28 90 25 89 39 0 26 16 98 7 23 52 2 77 14 25 88 27 68 37 11 18 54 22 53 88 78 52 3 3 36 68 37 63 66 2 40 31 82 58 6 86 65 37 79 18 35 94 46 29 37 67 92 86 34 42 18 62 63 35 29 23 93 11 85 25 67 9 35 31 7 97 87 4 77 94 96 74 87 77 99 95 96 14 58 87 55 89 94 81 89 77 22 50 38 47 22 49 57 51 22 11 26 82 43 19 0 88 52 37 22 80 89 61 27 92 96 85 86 43 52 50 7 68 51 7 50 28 46 66 3 47 42 53 87 63 21 48 86 94 79 99 14 37 70 19 18 24 92 12 54 20 16 25 2 71 78 91 66 71 39 59 49 25 64 7 61 47 49 23 58 64 9 60 28 11 16 8 34 79 33 35 76 25 90 50 69 94 37 70 46 19 95 63 81 62 54 62 45 75 43 99 12 98 38 51 55 27 14 61 79 3 67 96 28 93 62 88 74 26 54 12 41 40 28 3 85 9 14 42 90 10 63 82 90 5 30 13 40 0 32 59 96 23 46 69 73 21 68 57 61 66 95 57 27 3 65 20 29 62 42 38 9 80 53 30 1 40 45 50 54 78 57 35 69 8 19 67 67 32 60 91 47 90 18 76 69 35 14 7 50 34 72 83 1 5 41 92 68 68 43 42 59 2 23 16 60 72 64 69 23 78 38 15 20 18 85 18 59 56 3 83 95 8 99 78 91 38 99 32 49 67 21 33 39 42 81 73 66 42 98 97 13 75 86 37 43 87 87 63 77 50 40 82 18 84 19 89 31 
54 88 70 44 59 65 38 72 97 95 37 30 54 66 37 64 32 69 52 57 73 84 63 25 30 45 58 44 6 96 24 24 62 78 45 98 12 36 15 87 56 14 53 98 93 10 15 93 84 33 78 5 30 96 6 34 35 94 85 43 95 22 93 2 60 26 82 23 36 23 82 78 9 0 25 90 18 75 57 44 63 43 49 8 96 15 15 54 34 39 92 55 50 57 43 18 46 5 94 78 89 48 0 25 71 66 73 71 33 6 60 47 30 12 18 58 14 61 84 98 54 53 26 32 16 61 53 84 76 97 42 24 39 65 64 0 50 8 5 41 23 74 59 61 40 98 97 54 40 22 79 29 55 54 89 60 16 90 76 35 36 8 17 0 64 93 40 30 87 3 80 79 83 22 24 68 73 15 77 72 47 50 97 7 53 75 31 38 82 68 36 32 40 89 86 51 22 19 62 3 45 41 79 2 53 88 61 37 42 54 76 61 78 97 9 14 65 69 98 4 26 51 56 91 95 71 40 60 85 93 3 96 88 67 3 33 82 79 15 63 86 55 92 9 26 80 25 87 98 34 11 3 41 60 98 19 38 40 92 88 95 34 71 77 5 70 37 5 1 31 30 67 5 41 46 79 25 49 83 57 88 20 53 86 26 81 60 12 68 91 70 3 82 54 42 69 79 89 88 57 50 12 58 92 28 54 14 40 93 86 33 10 68 21 23 13 29 67 43 95 41 40 94 76 13 5 0 21 90 79 51 70 13 26 50 39 77 49 88 39 86 5 21 90 96 87 40 18 7 71 19 80 82 83 32 56 73 63 92 72 43 46 1 96 91 41 96 63 39 94 47 25 10 52 67 98 27 13 77 75 95 8 60 34 69 96 7 98 16 44 75 55 9 9 7 98 55 21 86 49 
91 9 60 58 79 5 61 94 10 7 27 32 9 93 10 22 17 75 96 99 52 92 5 53 48 36 21 9 94 34 85 69 43 98 12 69 89 10 61 93 23 65 99 10 74 76 16 91 59 96 63 26 29 51 10 47 21 79 47 40 38 44 57 50 30 9 9 35 74 10 29 68 37 27 28 40 61 4 63 18 33 51 24 24 74 30 18 5 78 70 44 72 97 79 1 49 16 11 43 99 88 13 95 82 53 53 32 92 50 57 35 35 98 13 47 12 91 3 28 18 70 25 58 96 59 4 59 9 26 18 28 18 90 94 96 92 66 47 49 7 1 46 24 65 10 40 87 79 64 80 46 71 70 76 19 77 55 45 37 31 15 59 62 19 53 27 99 42 32 1 69 39 55 81 54 88 22 69 22 93 90 31 42 35 16 35 44 87 97 64 12 42 64 51 62 7 96 51 50 99 35 51 37 80 91 41 88 41 45 57 10 25 8 98 93 11 7 66 73 69 5 51 32 23 47 20 37 89 79 38 91 91 56 85 84 62 74 98 59 20 19 38 36 24 2 15 78 18 3 13 29 43 47 0 48 82 6 80 8 18 10 57 67 36 34 72 28 23 7 97 36 44 81 66 99 41 37 88 79 37 25 37 22 39 68 34 46 82 4 53 22 50 42 78 98 7 5 62 71 78 74 8 88 54 26 76 89 5 84 51 46 3 56 80 50 54 92 8 84 79 38 53 9 84 70 70 36 35 34 56 7 49 71 36 94 18 46 15 12 20 31 6 36 9 40 68 62 31 17 12 87 18 27 3 87 25 71 65 36 9 12 7 73 28 39 89 97 27 62 53 98 93 6 20 73 7 18 39 62 84 25 33 19 35 91 43 26 52 95 32 28 44 59 41 72 89 29 68 44 93 
21 69 24 8 22 57 53 72 57 19 74 37 39 23 80 90 7 29 51 54 8 33 38 74 56 44 51 69 69 75 20 25 31 27 93 22 62 17 72 1 17 78 37 19 28 34 37 65 50 65 37 90 86 2 67 27 14 43 77 55 4 80 13 83 64 7 24 67 27 96 97 85 91 70 52 33 71 18 0 71 52 39 50 97 15 33 83 88 1 50 43 36 49 49 47 54 21 37 24 46 24 22 65 37 30 66 32 93 96 23 39 38 45 55 4 47 29 24 25 33 54 24 90 47 4 48 49 83 25 61 87 8 9 59 52 61 78 18 78 80 35 33 3 54 86 29 4 59 71 66 3 93 96 79 79 22 78 76 49 1 1 39 91 36 82 68 34 16 48 26 49 57 41 96 40 69 94 97 6 21 62 54 27 93 51 38 93 9 90 60 45 37 63 79 68 59 52 71 23 90 70 74 84 21 37 57 1 48 50 75 18 99 69 82 46 12 3 9 66 61 40 2 10 39 26 6 40 45 74 29 70 24 47 26 46 47 95 62 8 58 28 95 36 62 36 5 44 23 29 16 88 74 36 93 16 78 91 58 78 33 84 67 60 86 36 66 48 81 64 57 83 12 34 38 43 25 52 15 77 86 4 31 65 79 35 29 38 86 64 92 73 7 27 7 17 31 23 54 26 79 3 16 23 89 0 66 40 70 20 68 0 20 61 75 26 21 36 34 90 17 4 45 38 24 58 71 65 8 91 6 0 2 52 85 92 87 48 93 15 25 16 84 74 1 94 18 50 47 16 36 86 48 3 71 37 80 45 13 36 56 84 15 78 22 28 70 90 30 4 13 44 59 0 83 0 98 65 81 75 14 30 59 79 50 14 72 22 11 69 19 26 68 39 59 87 46 26 13 52 31 
16 68 23 44 5 53 39 67 58 97 83 86 14 92 57 80 16 66 64 63 53 76 70 0 23 95 8 27 50 85 87 30 94 53 63 95 78 79 66 23 52 16 52 34 44 57 80 89 49 19 89 55 33 67 73 59 64 0 74 56 21 25 71 54 44 7 33 68 11 43 52 39 23 40 71 2 13 75 39 51 17 82 71 13 90 78 79 81 51 64 70 30 66 71 52 56 1 88 22 61 9 62 40 43 7 15 23 44 88 35 4 98 21 19 11 1 15 88 64 92 35 61 39 88 25 58 10 79 26 35 67 76 15 53 43 90 36 7 75 85 81 87 37 83 16 10 57 96 12 13 7 5 28 78 72 79 86 90 65 92 42 4 99 57 25 94 77 56 71 94 10 92 53 17 47 22 59 51 12 78 29 1 30 27 3 18 80 23 78 99 40 50 33 31 29 89 76 67 94 10 32 38 69 38 3 7 37 82 97 54 2 2 27 64 83 88 63 71 64 79 76 53 60 70 47 68 24 63 83 82 50 44 65 18 45 6 47 75 89 24 74 79 1 97 9 46 91 8 36 4 76 84 33 17 21 24 25 19 37 48 38 53 36 5 52 26 47 18 78 36 45 67 30 2 6 66 92 92 82 32 14 33 56 45 48 21 55 43 2 0 8 48 82 87 81 70 64 38 10 2 31 69 91 84 30 51 33 86 2 44 84 96 18 94 59 47 29 30 29 12 43 44 61 78 30 28 17 66 66 78 85 63 22 88 13 43 69 30 85 9 13 43 64 91 27 67 67 13 64 72 49 42 39 1 43 59 42 15 12 50 21 86 43 77 12 4 67 31 4 32 84 58 41 66 91 1 86 84 42 40 86 76 21 2 10 0 88 54 27 58 2 65 85 18 9 63 71 29 47 64 
17 59 4 34 80 83 73 0 62 93 69 0 6 0 58 51 72 22 78 96 67 28 62 48 42 78 27 78 50 71 79 12 90 69 10 40 72 68 18 85 23 54 88 72 44 6 72 6 2 29 54 65 24 98 38 59 73 55 61 21 74 6 65 68 63 28 14 92 1 23 70 11 93 48 86 8 1 85 83 39 3 99 72 76 42 2 8 81 17 83 62 1 85 10 7 87 70 26 52 12 61 86 81 24 97 33 9 70 88 24 74 81 75 58 11 53 68 77 89 55 10 79 99 62 66 87 74 42 9 61 11 58 30 60 66 60 82 86 87 55 29 17 38 20 46 84 37 61 2 59 37 12 17 48 33 27 45 78 77 4 4 51 33 66 23 44 82 12 60 32 37 42 92 51 36 2 37 0 64 8 84 48 71 41 29 0 70 56 63 85 94 59 41 95 12 13 9 40 53 32 72 45 63 8 54 78 61 96 36 46 33 5 67 77 20 89 66 73 74 87 71 81 71 91 70 9 61 83 59 79 7 95 49 15 53 48 42 53 80 29 49 77 32 5 82 12 81 25 9 9 63 93 65 67 61 6 98 21 48 99 61 61 75 98 87 45 50 20 57 94 32 83 86 67 73 4 73 83 52 77 69 74 3 61 54 77 84 97 30 79 60 57 80 14 59 96 79 58 51 64 78 85 52 34 82 35 51 1 25 52 33 96 82 47 88 44 57 81 64 18 65 11 3 31 26 2 61 6 8 56 5 58 65 76 17 15 66 85 52 40 5 17 34 91 81 20 56 45 38 42 29 81 63 93 71 66 53 85 22 63 86 26 13 51 86 16 39 46 60 2 42 70 89 37 94 61 60 5 3 66 74 91 74 54 80 53 9 49 61 60 86 96 89 0 66 38 58 53 34 42 
55 52 46 15 34 39 92 63 42 58 47 87 16 94 0 91 65 99 17 6 93 49 64 89 22 30 3 84 72 99 54 71 28 52 40 70 71 17 9 76 8 23 55 61 96 14 43 47 97 55 47 5 73 13 10 85 12 80 87 64 33 35 50 63 89 34 51 76 44 26 97 73 40 56 14 84 27 79 11 24 80 62 38 55 65 9 6 17 88 98 67 56 23 3 83 36 73 47 97 8 77 58 43 81 41 61 33 55 27 49 12 55 51 6 83 4 50 59 77 8 1 48 75 84 36 17 81 30 48 85 12 55 71 69 73 53 48 62 72 51 31 84 57 91 5 61 27 7 51 21 15 7 35 11 35 77 44 15 40 14 71 62 85 8 5 79 45 33 55 27 47 51 16 76 31 12 98 45 99 97 68 13 16 85 98 45 51 71 97 75 60 43 33 72 24 36 36 76 92 52 20 77 89 16 72 49 50 88 83 28 54 41 14 89 11 71 99 95 86 73 89 3 80 98 14 25 56 79 99 80 46 71 31 78 55 6 30 27 6 77 7 92 95 88 48 36 2 84 33 54 53 4 95 73 38 19 59 47 31 52 74 76 11 1 98 15 18 28 38 66 55 95 10 75 13 53 38 69 95 70 96 64 53 87 64 88 12 65 75 80 47 44 85 46 27 51 99 89 36 58 53 87 93 51 65 24 85 97 32 74 63 26 45 15 71 55 27 88 47 89 26 47 61 50 37 7 69 48 70 46 57 50 10 8 15 9 99 71 43 20 55 66 18 46 31 13 14 79 24 73 26 70 44 20 77 43 9 44 18 13 41 52 47 61 53 51 26 56 8 28 3 61 42 25 75 78 30 48 9 40 40 79 3 73 18 87 59 98 93 99 22 58 6 18 92 62 75 66 94 40 
44 27 37 37 78 67 84 61 19 23 67 58 37 42 0 58 31 88 50 0 62 90 69 82 21 8 66 90 79 3 27 62 24 76 64 67 54 36 99 60 65 89 21 60 93 94 42 4 32 39 19 77 31 59 10 78 32 97 59 28 45 12 36 86 91 7 97 16 74 44 77 27 96 52 23 83 28 99 57 51 28 76 19 92 92 52 75 61 85 47 15 98 66 75 35 60 18 92 32 51 54 36 46 41 40 27 81 34 5 57 45 64 87 51 88 54 18 80 90 39 51 33 4 28 77 39 6 27 36 59 85 85 23 86 33 2 14 82 82 98 0 65 6 95 73 64 18 74 91 83 20 10 31 79 9 23 62 48 2 51 41 80 92 33 52 3 8 71 33 65 76 30 1 49 79 87 79 96 91 77 74 69 33 60 19 25 33 95 82 50 47 89 89 48 40 56 57 96 5 64 74 40 57 95 73 6 37 45 92 77 37 54 4 14 1 33 6 27 69 91 72 89 0 57 97 65 7 18 3 3 97 88 40 55 78 65 95 29 60 25 60 20 42 78 67 54 63 34 9 58 29 72 16 73 23 90 12 20 87 58 93 98 60 40 95 7 43 19 87 44 28 77 92 58 44 56 58 97 65 55 42 68 41 37 42 10 82 49 74 18 61 57 47 83 6 43 99 38 75 73 18 77 57 76 95 98 99 41 18 11 53 79 44 62 24 59 23 44 46 21 52 10 96 34 94 28 50 42 9 9 20 92 63 83 34 84 65 67 57 89 97 32 44 47 51 25 15 18 74 79 87 15 9 95 18 54 41 4 78 41 8 65 8 8 14 85 85 58 67 43 44 31 61 96 25 58 28 55 39 69 27 23 13 30 37 27 29 48 76 42 12 31 4 28 20 61 72 5 0 41 
20 49 82 8 50 3 86 33 66 6 70 72 87 45 35 59 20 37 95 29 60 80 41 96 6 8 96 1 15 98 76 70 8 92 5 31 51 22 85 19 17 4 72 33 5 83 34 82 43 73 58 77 36 13 28 82 81 91 24 51 2 84 80 72 12 30 70 89 60 47 87 21 98 35 95 89 46 38 31 2 82 30 22 19 92 41 39 82 89 19 79 73 66 79 82 64 2 98 56 73 21 12 24 63 52 57 9 63 48 47 8 51 3 58 73 84 24 60 72 23 23 11 58 3 57 3 52 85 17 52 25 88 55 11 64 32 47 20 36 40 1 9 25 83 76 16 17 11 77 66 65 83 34 3 78 23 98 4 35 4 82 28 95 74 93 42 47 68 52 83 18 23 32 55 44 71 60 17 48 45 38 55 92 98 34 14 72 14 25 98 7 9 91 10 67 14 79 32 80 73 93 22 83 14 54 87 27 54 75 51 12 73 40 20 30 65 31 14 99 2 87 2 52 11 63 35 65 64 33 72 45 0 93 29 81 61 50 0 7 54 42 95 74 56 25 87 90 36 62 50 30 23 11 58 54 15 10 81 33 90 92 24 52 0 33 80 47 49 88 89 88 55 68 5 21 62 51 49 26 18 58 22 96 81 34 15 0 48 77 85 31 61 63 11 21 75 27 63 68 74 77 52 42 62 62 90 59 30 86 95 20 11 80 78 10 91 70 18 84 63 99 91 74 92 39 57 74 21 14 18 53 3 4 48 45 39 22 4 78 44 72 15 97 41 11 15 8 41 49 41 96 35 9 32 99 64 19 18 34 23 94 33 30 77 69 37 44 73 46 16 91 93 67 99 17 53 35 11 10 28 75 62 36 29 65 50 94 8 15 82 96 25 0 45 79 11 84 43 21 77 
26 51 30 41 39 65 40 54 28 95 24 20 62 55 38 37 89 43 67 22 51 1 89 26 19 40 99 30 38 95 26 18 44 40 47 91 34 71 97 6 31 12 77 60 76 62 73 38 32 86 46 15 96 63 49 50 40 19 47 98 98 43 84 57 82 2 77 56 10 64 93 93 7 52 83 33 21 54 12 36 3 70 46 66 97 21 44 15 5 67 96 18 77 80 50 9 48 39 82 20 2 31 33 28 84 92 8 62 47 3 32 96 41 73 0 67 79 89 81 23 28 14 4 34 61 94 90 83 44 66 36 10 91 90 23 11 55 21 4 48 20 12 49 2 14 50 65 48 76 84 70 38 77 46 19 68 24 38 30 11 36 46 4 90 36 88 7 65 99 14 13 62 43 87 75 66 51 41 10 42 70 91 89 81 14 57 7 77 42 62 75 12 83 29 70 37 73 73 35 75 64 90 62 17 73 27 65 18 7 66 98 64 89 52 23 27 69 61 86 96 41 88 93 98 6 42 37 31 51 93 89 12 59 23 94 69 68 68 8 53 2 65 44 96 35 85 56 14 29 53 66 30 23 62 28 11 20 65 63 27 28 60 91 5 15 64 10 77 43 43 97 17 80 54 79 30 90 1 43 63 75 45 1 30 36 38 88 72 1 58 22 54 78 86 31 77 64 81 62 10 11 82 58 82 18 5 56 35 82 75 78 60 86 29 71 82 38 27 52 36 89 98 79 15 49 48 69 37 30 94 22 75 42 86 91 82 83 66 15 15 81 53 87 45 98 81 78 18 67 12 5 77 17 7 82 19 68 88 35 89 66 35 13 25 75 15 98 98 8 37 48 85 73 10 3 14 48 57 37 39 38 71 35 59 12 30 34 54 7 15 28 56 87 52 17 15 34 2 49 13 
15 3 2 66 49 54 26 21 62 1 19 25 44 51 62 39 98 55 57 75 82 38 19 91 70 45 96 10 16 37 86 24 62 90 75 53 18 25 96 45 30 65 17 91 24 60 82 33 60 87 61 14 58 27 13 65 81 58 35 14 32 17 87 94 61 15 85 15 95 95 52 88 4 21 43 30 26 78 86 76 9 48 39 45 38 56 86 11 23 23 6 74 70 67 33 69 54 7 5 64 44 36 71 42 63 57 25 41 78 77 11 97 85 8 75 81 10 95 50 16 53 84 64 6 99 78 71 25 83 8 59 47 5 84 69 61 15 10 82 97 53 65 89 47 25 17 69 45 35 82 20 25 29 34 23 75 94 41 27 91 12 80 59 56 63 11 94 82 28 62 51 46 2 19 28 3 92 13 9 95 20 84 49 10 30 83 45 77 47 78 87 23 67 98 68 24 49 49 2 72 99 82 57 75 86 73 68 32 10 79 70 35 85 69 26 30 4 89 79 23 91 12 12 0 6 85 71 23 3 67 13 52 87 19 6 44 79 0 20 91 68 11 45 6 26 72 72 1 56 58 29 94 73 95 98 23 44 19 40 64 46 31 54 69 12 71 98 91 99 73 2 96 77 60 82 59 20 23 18 32 53 48 19 14 17 15 45 19 62 19 63 4 41 6 90 93 23 52 15 57 10 22 60 82 81 56 81 52 54 89 95 23 23 97 24 10 23 24 88 73 31 25 20 35 65 89 85 84 95 93 59 61 18 21 51 82 84 78 61 46 25 66 2 29 91 59 73 86 8 38 69 24 55 89 38 24 4 10 75 59 32 38 88 24 45 32 99 47 87 22 32 51 44 50 44 63 7 5 51 55 27 41 94 73 94 83 3 15 24 99 32 30 34 14 8 81 87 25 63 54 
81 64 52 43 63 70 61 97 54 51 24 69 53 49 8 8 41 23 49 89 36 83 31 60 62 99 15 2 18 62 9 38 55 65 66 10 50 84 65 58 37 33 48 19 32 42 27 76 15 45 1 6 29 54 17 74 3 52 27 99 28 9 67 92 60 31 42 43 82 21 0 62 26 35 65 38 90 69 70 46 65 98 99 93 66 39 74 51 42 45 43 93 80 61 10 95 40 55 64 78 14 37 49 22 20 21 37 34 99 72 91 13 62 80 6 23 95 28 50 96 58 38 18 12 19 14 42 24 67 9 71 24 14 25 2 70 44 39 45 86 42 32 48 62 14 40 40 7 5 80 1 5 55 67 61 55 64 60 74 39 10 50 24 29 59 39 77 29 84 53 57 50 43 58 34 68 49 7 67 98 94 83 50 61 37 89 0 99 51 95 84 63 64 48 0 48 8 37 35 80 91 43 61 55 10 92 49 64 96 59 76 55 45 57 27 76 65 6 15 59 88 75 54 41 53 89 97 14 93 37 71 62 6 70 97 37 91 44 56 42 10 26 75 47 11 58 26 51 62 71 5 92 32 60 37 40 30 43 99 62 95 29 19 4 3 76 92 71 51 21 97 13 71 82 59 14 98 71 48 42 16 21 27 62 18 38 89 21 74 28 12 37 37 96 45 58 45 22 28 78 26 58 42 17 59 89 10 71 49 14 64 96 40 2 86 72 23 34 66 99 93 11 26 90 23 22 22 35 96 17 3 13 2 33 36 16 79 54 26 7 24 72 48 22 9 84 76 34 37 98 31 83 92 39 54 50 66 58 90 68 45 83 37 9 9 13 91 95 99 33 32 17 60 93 74 80 59 13 9 33 98 87 81 37 65 14 24 49 24 54 97 16 7 62 72 37 86 2 23 65 
45 66 32 74 4 94 24 25 23 55 87 97 82 86 85 16 75 79 88 26 36 57 87 27 30 73 99 14 86 68 51 92 75 40 54 85 80 21 44 65 60 88 60 25 15 13 12 1 75 34 82 29 47 47 11 43 87 87 97 56 40 11 33 68 76 61 77 39 61 88 22 5 90 42 2 58 67 18 5 91 47 87 61 16 87 4 58 58 12 26 99 94 88 67 59 42 25 48 3 92 62 74 80 69 62 60 39 12 86 84 7 51 34 34 38 12 91 73 52 92 4 57 25 61 50 32 90 18 96 2 82 11 75 54 8 4 55 70 47 6 62 26 97 28 77 51 9 56 75 96 17 58 52 32 79 0 59 7 94 27 60 41 23 68 41 42 72 87 73 12 96 4 33 90 92 35 6 31 54 58 36 18 53 24 42 51 52 28 90 18 38 89 14 98 17 45 7 45 98 45 84 78 1 11 14 91 12 99 83 12 77 34 9 47 91 49 57 94 58 68 63 62 60 50 16 53 78 63 37 71 91 67 81 76 1 35 66 73 81 81 0 19 1 45 15 24 1 49 38 29 27 17 47 36 66 8 53 75 68 85 67 92 54 33 23 94 53 63 60 80 23 25 40 25 0 55 44 19 21 66 87 0 76 15 49 30 37 91 41 38 77 45 18 84 29 10 27 36 69 52 44 88 69 70 47 16 4 35 74 42 96 61 74 3 77 5 25 74 85 48 89 76 39 19 49 15 26 58 4 91 13 33 14 73 17 77 97 30 26 2 89 27 69 61 55 19 53 7 76 54 93 86 68 63 14 92 5 57 58 62 30 93 36 83 43 43 69 97 90 17 1 7 15 12 58 40 21 6 18 50 13 0 51 2 78 29 48 56 33 46 9 62 73 59 7 46 46 70 97 75 
59 47 19 47 62 0 13 2 52 73 98 66 92 63 45 52 80 80 71 74 65 50 67 21 98 94 19 77 88 94 43 43 28 71 86 89 17 23 23 76 60 13 78 62 82 34 72 79 29 42 1 87 9 70 87 32 28 76 14 4 39 20 18 91 47 84 64 10 9 16 12 78 54 64 62 23 94 99 60 88 77 90 40 6 86 72 63 71 19 39 20 96 53 82 37 2 2 40 99 26 13 45 8 15 97 20 6 69 20 13 9 70 0 12 13 52 59 21 89 9 84 97 55 97 26 54 17 46 32 98 91 28 17 41 43 88 21 16 85 31 60 60 87 10 39 80 31 52 36 82 34 74 65 80 21 22 33 98 14 20 42 74 62 13 17 0 84 84 14 39 96 45 63 56 1 84 97 14 92 75 74 50 98 83 69 99 76 64 57 20 16 11 99 60 50 20 26 86 0 52 29 95 24 56 88 53 92 55 3 50 42 28 68 88 88 12 93 14 94 87 33 82 18 28 95 36 49 94 95 28 67 27 14 67 99 84 36 0 40 79 80 40 54 65 98 58 78 92 99 37 35 94 34 18 18 6 18 26 73 90 93 84 93 38 7 91 13 52 90 43 93 69 16 52 16 3 85 51 14 16 42 60 85 33 82 23 14 70 53 75 87 65 63 15 94 5 14 83 8 29 42 95 34 97 55 2 4 76 28 26 9 95 71 23 43 25 40 29 43 4 11 37 42 90 93 45 17 67 30 7 78 87 28 4 21 22 10 55 14 56 39 77 51 2 33 82 64 62 21 96 45 79 65 53 12 39 83 99 83 61 16 47 4 72 33 47 44 97 48 25 61 86 6 27 24 64 0 77 57 79 76 19 63 91 81 80 23 25 14 67 81 74 90 31 22 75 84 34 96 30 
69 78 82 55 98 96 55 34 72 64 82 53 41 25 43 29 57 20 84 74 73 3 36 23 70 40 20 90 17 7 9 87 98 88 29 19 94 40 69 56 14 11 55 63 93 3 99 5 49 95 31 14 96 29 79 43 0 0 2 54 85 9 83 59 58 21 46 81 83 79 67 61 49 39 7 34 18 14 84 86 75 71 44 84 96 31 73 67 15 88 31 10 15 79 53 60 65 83 61 13 35 2 11 10 29 14 27 98 54 14 54 1 49 70 98 61 63 96 21 79 83 33 89 75 79 23 96 27 96 36 53 1 97 23 41 14 3 89 56 22 13 23 33 98 14 23 15 65 68 40 28 22 64 73 6 40 29 48 20 23 22 87 92 62 58 95 95 82 10 29 52 54 82 66 16 16 71 13 41 19 56 78 2 64 83 2 2 70 62 90 73 33 11 59 64 63 24 67 51 41 54 48 95 79 65 25 69 23 19 38 5 59 53 64 87 30 55 22 87 40 17 17 35 68 60 26 9 37 6 21 54 12 68 80 87 89 74 89 90 72 18 13 91 58 30 9 30 36 28 27 52 27 47 33 94 29 23 43 89 99 0 70 20 7 11 68 78 19 34 43 52 43 53 66 2 64 36 61 85 21 38 16 8 87 15 6 5 71 55 46 83 31 7 31 69 25 3 8 10 42 48 69 62 39 42 9 64 64 94 0 2 14 26 44 88 79 97 68 93 79 97 87 90 93 78 11 89 59 61 43 73 74 96 85 30 53 28 2 83 23 44 3 74 71 84 81 12 72 77 83 22 25 95 70 31 50 73 57 71 92 28 3 11 34 70 38 70 4 48 89 24 8 2 48 93 67 38 10 52 77 24 19 88 36 16 12 46 78 28 79 44 97 76 95 26 54 75 8 32 1 
4 94 71 32 29 76 23 6 74 31 99 7 77 36 27 69 24 11 59 20 28 20 40 69 5 43 69 3 59 74 2 8 23 94 23 11 96 31 95 13 7 92 99 21 25 99 10 99 44 84 17 1 69 52 27 33 12 87 11 93 48 82 68 48 61 43 38 36 87 86 82 72 45 93 82 84 66 34 46 63 31 96 86 48 21 51 9 32 52 83 41 39 48 11 60 1 3 78 90 39 31 15 88 22 93 46 33 31 46 3 11 84 33 57 16 30 2 21 62 35 42 4 7 70 6 69 5 40 60 92 76 30 35 88 57 28 14 16 56 12 53 96 53 15 59 64 80 91 43 34 93 2 96 0 5 81 87 32 34 57 8 83 44 50 15 11 65 78 5 77 42 76 85 7 56 28 48 30 2 46 49 94 51 16 88 76 18 81 25 41 84 7 48 41 94 58 4 54 64 18 84 58 69 17 88 58 39 18 32 14 62 55 38 5 20 18 54 17 51 50 42 2 27 63 43 97 82 11 5 84 69 51 38 36 67 71 85 7 95 9 72 91 23 15 76 99 20 7 57 89 29 43 98 20 70 29 85 2 47 48 74 5 5 71 40 33 85 77 45 41 49 46 91 87 2 66 3 13 74 72 21 10 58 52 0 67 59 24 95 58 18 43 8 81 28 95 0 27 27 52 79 80 63 65 37 41 3 87 37 45 8 24 2 42 70 82 0 48 8 32 52 44 75 80 13 11 66 30 48 4 17 84 11 12 37 26 59 9 86 31 12 61 52 68 12 35 83 9 26 29 2 26 0 56 86 16 12 61 50 9 83 38 30 36 78 21 41 11 28 31 91 93 36 23 71 32 96 51 63 48 55 48 29 34 75 10 70 15 34 62 82 87 94 84 27 80 58 59 13 31 
12 91 49 74 95 97 69 99 58 68 36 92 38 3 77 75 10 98 69 16 57 43 64 13 67 42 29 25 45 74 30 48 7 29 46 18 23 9 49 77 96 49 8 5 39 60 10 94 0 32 73 32 36 98 5 22 13 31 66 91 75 50 36 86 6 93 48 4 64 89 21 68 72 2 75 26 35 86 87 90 66 72 31 15 35 20 81 43 9 21 62 37 95 67 47 27 28 87 12 25 36 96 31 93 41 19 55 99 12 8 45 24 22 26 7 91 67 69 71 28 58 95 59 96 97 74 15 36 18 59 82 44 9 21 92 67 20 8 47 45 69 60 20 12 51 51 21 63 19 6 93 52 88 17 19 8 21 45 59 12 86 42 53 98 26 58 56 28 52 93 6 60 15 33 84 57 22 21 12 5 60 85 65 15 59 35 55 51 48 29 72 4 70 82 7 34 44 62 10 68 13 46 73 43 40 91 81 91 37 57 6 66 32 63 44 75 28 14 71 52 5 35 14 55 2 76 78 69 30 57 48 44 35 23 44 3 7 58 54 36 59 32 13 69 61 97 22 46 6 32 19 69 64 5 17 31 72 5 23 98 96 95 60 96 83 25 99 55 65 94 88 69 44 64 34 10 15 74 63 64 74 18 75 7 42 49 81 56 70 27 50 54 66 0 11 91 80 6 37 56 64 23 67 25 45 91 16 27 4 45 62 94 98 81 30 41 34 38 9 43 80 88 18 45 9 89 37 54 78 35 47 38 11 2 47 97 9 28 69 98 22 32 57 55 16 15 66 56 12 80 75 32 44 79 45 86 72 80 38 0 58 61 70 36 79 85 20 36 44 10 47 7 36 18 86 56 88 93 17 75 29 46 89 50 68 7 29 66 12 58 90 2 95 50 32 30 94 61 14 16 
18 19 95 83 63 19 22 1 68 8 35 67 79 74 96 50 87 66 27 80 31 72 0 87 93 20 77 5 91 51 92 65 32 54 45 90 58 18 45 77 42 99 94 67 37 99 79 75 30 59 43 33 79 4 49 44 49 97 75 21 50 73 23 76 9 63 45 3 25 65 34 69 22 53 21 24 88 57 60 94 84 74 5 36 48 36 85 49 22 31 76 77 28 12 11 93 6 6 67 34 80 3 75 48 14 8 59 26 62 16 93 62 37 83 60 6 40 46 96 5 68 49 22 14 28 85 96 19 70 63 66 9 16 49 54 79 20 19 77 64 2 76 35 97 33 6 10 3 73 48 2 68 36 63 35 16 98 75 89 15 45 94 87 53 4 45 96 81 3 86 91 43 60 1 18 68 81 75 37 58 39 16 62 56 69 65 95 34 63 61 4 64 3 43 58 73 61 68 93 99 56 93 9 70 1 24 38 73 84 78 50 11 44 32 5 74 39 62 36 0 93 61 23 75 77 34 63 43 46 94 8 37 30 75 54 62 68 39 31 68 39 12 40 12 70 67 63 21 46 17 9 51 71 86 35 16 94 76 70 15 31 68 43 18 5 47 40 42 50 11 68 28 36 27 21 46 12 65 68 51 87 67 49 31 22 48 60 6 47 23 34 46 68 60 32 59 93 6 61 43 41 33 90 54 98 52 91 44 11 98 28 8 49 33 85 55 20 23 57 93 82 16 1 4 18 79 48 67 95 33 6 0 91 99 41 73 6 4 36 40 82 6 14 61 53 55 25 84 44 23 60 51 49 76 61 92 20 62 35 75 46 24 43 94 52 3 69 2 2 41 26 10 89 93 40 38 41 53 1 17 59 88 95 5 20 37 31 27 26 48 37 2 71 23 31 45 90 67 58 13 
25 77 53 7 4 63 16 54 91 95 96 27 36 94 35 42 97 89 47 60 33 72 69 61 56 91 80 44 51 85 27 37 75 70 31 19 48 20 95 17 71 34 15 94 91 45 84 35 78 63 28 20 47 72 85 24 87 70 20 60 59 76 2 63 44 98 55 13 16 64 28 61 75 4 83 5 52 18 18 55 86 10 83 10 23 47 71 14 76 86 0 68 80 32 73 2 89 84 76 61 16 96 41 72 33 87 6 88 96 79 12 24 42 64 41 71 54 97 52 83 93 45 60 81 28 36 5 22 62 36 99 9 1 82 92 30 29 13 16 48 6 1 84 22 93 72 80 87 86 21 24 40 72 37 20 91 26 78 98 85 5 10 80 11 70 56 10 72 77 32 31 25 78 53 16 23 83 98 0 49 38 85 50 85 45 68 23 93 43 41 19 9 28 10 30 59 31 12 63 25 55 7 17 70 21 69 97 88 49 54 23 22 75 53 32 38 98 24 34 23 25 45 9 98 30 55 15 58 5 16 51 75 67 82 32 8 86 83 50 71 21 36 23 9 72 51 72 13 85 76 34 94 67 71 77 21 8 20 13 79 91 94 82 63 43 84 18 71 5 93 69 84 98 20 58 23 17 44 79 81 53 76 57 58 2 69 33 66 20 18 97 43 65 76 27 87 81 91 3 62 87 33 52 59 29 34 74 51 10 24 61 4 43 24 27 6 80 52 93 12 53 18 23 70 16 89 36 39 0 62 37 93 19 66 65 86 0 18 72 54 96 51 33 66 58 4 18 39 92 68 43 64 52 36 99 59 11 57 87 98 53 37 55 21 65 20 10 52 90 32 3 31 30 18 45 76 94 16 92 28 10 62 37 13 27 72 89 47 26 71 33 37 82 40 76 38 69 59 59 27 
3 81 73 59 44 47 15 2 11 72 98 90 51 12 33 48 81 75 40 45 54 89 61 16 62 75 9 11 20 75 26 76 8 19 8 18 51 95 0 99 30 36 36 13 6 96 57 76 46 71 21 74 57 66 29 54 26 67 50 49 17 64 85 18 68 20 85 67 42 51 60 16 66 56 94 24 15 88 41 62 83 74 88 26 86 58 63 95 72 50 79 35 5 14 22 65 39 2 4 67 49 70 55 25 96 92 80 60 63 98 87 65 79 78 49 36 62 86 96 73 55 9 63 58 71 53 87 55 6 35 49 89 21 3 52 21 90 21 85 64 41 64 30 98 82 29 32 76 87 32 92 9 63 49 55 50 83 69 37 78 84 1 91 78 81 4 85 88 50 1 27 21 93 96 77 33 73 50 84 95 8 85 91 22 9 84 64 14 21 18 27 50 81 38 56 54 97 24 60 7 36 78 36 54 0 29 37 65 87 48 7 85 17 61 96 81 0 16 48 94 74 21 55 48 66 25 86 7 18 79 18 10 70 70 1 64 93 67 26 47 60 17 87 5 83 9 53 85 8 91 87 11 77 32 51 68 70 62 46 40 34 85 2 88 70 55 93 54 12 82 24 54 20 28 33 28 21 11 72 20 98 75 83 57 10 37 16 65 53 61 52 91 52 90 30 90 16 52 6 73 9 74 50 55 24 1 36 30 23 17 38 94 61 46 86 31 98 18 54 19 35 54 75 9 49 74 16 23 46 64 86 41 49 11 30 74 23 8 78 30 26 69 3 44 53 34 70 42 44 29 41 0 65 17 5 81 55 17 50 16 30 81 98 85 39 93 86 58 66 69 25 84 13 49 54 62 55 82 93 38 60 84 85 1 54 10 52 72 73 63 86 56 63 70 62 6 32 20 47 15 
56 84 30 29 76 0 17 63 45 18 99 6 7 33 33 73 75 13 77 49 51 24 52 88 38 15 82 15 94 20 12 74 65 5 33 69 88 65 22 88 62 50 58 10 88 87 2 26 59 14 0 57 86 40 46 16 74 16 17 93 99 26 51 55 57 33 94 19 32 22 98 0 39 2 85 87 51 62 12 56 34 89 52 80 49 24 99 95 19 89 13 31 71 32 66 1 57 14 89 32 68 10 81 20 38 14 51 81 56 33 19 88 24 95 59 77 89 78 82 78 13 66 0 62 73 99 67 17 52 81 53 71 4 69 43 28 82 42 81 75 76 14 51 70 46 2 27 12 68 80 68 36 97 91 63 53 17 56 96 59 90 79 3 73 57 7 23 23 23 58 87 30 26 80 67 37 47 0 21 58 28 64 97 70 66 96 6 21 23 93 2 78 48 70 11 45 54 92 98 1 6 15 1 41 67 40 68 86 99 91 53 31 85 4 17 99 17 58 52 82 59 4 0 46 65 68 37 40 72 64 84 11 38 83 70 85 38 68 22 0 39 61 59 82 69 2 43 36 68 71 15 31 70 12 48 28 37 63 89 82 94 59 65 61 56 11 67 42 55 37 69 24 62 44 27 40 22 28 92 84 37 76 21 1 80 4 32 12 29 33 34 2 84 10 25 50 22 36 49 31 82 19 17 57 28 26 64 41 27 49 21 4 68 2 91 67 87 38 13 77 60 69 89 5 82 19 88 99 30 72 58 80 60 86 9 56 89 70 31 60 85 65 20 12 35 51 25 46 73 1 55 92 82 43 58 38 77 19 81 88 0 53 58 94 72 43 95 37 94 24 76 81 35 76 49 83 36 17 47 58 61 45 90 16 40 46 97 54 32 75 33 20 10 57 99 81 14 88 57 3 
51 88 99 93 65 78 42 18 3 3 0 34 88 54 21 34 40 16 86 48 55 49 44 87 74 82 83 56 63 27 84 18 98 6 20 96 39 3 97 36 58 96 82 10 65 48 54 53 53 40 85 21 35 75 82 78 59 39 0 80 2 58 68 36 1 6 46 61 34 79 88 86 19 34 71 99 52 43 63 6 72 54 45 17 3 11 19 33 2 56 24 17 63 47 32 98 19 32 2 33 5 2 85 72 33 68 40 85 85 87 61 49 55 11 3 15 71 55 98 83 26 9 51 70 23 61 78 43 8 12 36 99 85 32 0 21 41 66 8 59 45 29 96 93 57 77 15 40 92 30 96 21 55 57 31 19 1 60 36 25 85 86 80 52 16 61 79 85 14 44 85 58 59 47 87 11 22 1 89 91 32 32 29 58 6 43 99 85 29 43 43 60 61 78 86 28 89 50 72 73 48 2 33 17 63 54 56 94 95 83 56 37 38 49 81 99 89 88 74 28 83 72 39 89 77 65 93 66 69 21 33 53 35 88 65 21 42 63 25 63 79 4 30 89 31 72 40 8 78 65 33 83 20 6 99 44 63 97 95 82 70 64 16 12 64 98 17 58 55 48 23 25 70 94 13 36 13 91 97 68 77 62 36 59 3 73 37 8 85 16 34 2 79 33 14 35 82 45 77 87 6 55 82 81 65 31 94 69 95 62 46 55 45 83 31 71 13 97 67 30 35 72 11 51 0 86 90 57 65 55 17 81 80 22 33 87 83 9 81 57 2 35 17 38 74 80 17 8 69 70 10 77 27 3 9 72 77 5 42 43 54 41 32 47 72 59 82 58 72 74 1 72 68 99 11 41 16 22 83 2 7 49 86 74 43 91 66 71 71 12 72 45 48 96 4 69 86 37 35 30 
13 48 4 97 7 6 32 79 52 59 70 88 39 88 87 40 95 74 8 4 82 90 85 38 40 58 31 9 43 27 1 69 9 77 56 21 11 4 83 89 25 57 36 14 22 76 8 80 13 31 44 28 56 91 89 58 52 89 66 29 38 3 28 88 28 80 78 39 15 78 77 3 35 98 93 97 23 34 46 62 99 94 6 10 87 27 28 63 38 91 16 1 43 32 32 70 99 33 78 56 67 42 27 71 83 12 79 97 22 12 38 37 12 43 10 92 10 50 18 34 73 22 75 6 78 82 64 44 77 56 48 15 27 78 47 40 28 46 8 49 12 96 86 53 5 41 60 19 10 4 42 46 34 53 21 32 40 89 14 73 82 53 35 1 32 32 89 44 22 95 22 58 60 36 30 80 61 3 11 82 10 37 53 92 20 67 19 6 72 53 8 67 26 44 73 42 97 82 43 8 17 37 79 40 82 50 16 12 24 18 8 42 82 93 75 95 63 2 57 28 59 39 7 66 18 97 48 33 50 7 35 15 90 31 91 50 3 17 22 33 30 31 15 2 42 16 4 1 52 77 71 44 0 9 11 4 93 96 33 50 27 14 59 38 12 53 92 84 26 84 65 84 48 2 12 8 19 14 0 74 10 88 88 0 3 96 19 62 48 41 19 74 13 17 13 72 84 95 65 79 99 33 33 64 73 35 3 40 16 32 98 12 13 55 86 88 56 28 5 23 41 81 88 25 35 87 66 42 1 29 81 79 51 7 82 30 93 91 43 59 17 40 0 60 41 6 95 73 92 66 75 84 94 46 70 99 34 64 53 23 51 11 65 35 84 18 4 62 93 4 74 65 19 16 12 28 63 21 68 58 22 4 6 40 55 49 19 30 93 88 20 20 54 46 29 72 17 42 94 31 
52 99 58 61 61 26 11 12 10 33 9 56 66 68 82 73 66 87 37 97 8 99 5 25 55 88 37 21 75 87 86 66 10 77 44 64 27 80 40 68 10 16 73 87 25 17 51 23 33 71 16 82 51 97 93 21 29 38 72 91 32 29 14 18 4 25 32 57 14 76 17 75 52 31 74 10 78 38 32 55 88 60 70 78 43 54 32 49 77 49 71 61 39 40 83 96 97 42 77 5 29 88 92 1 83 23 6 26 81 25 18 57 25 64 62 48 79 39 10 8 97 87 27 53 56 93 36 67 45 82 88 75 24 47 54 75 84 14 22 10 66 97 1 72 34 74 75 64 36 82 14 87 47 69 14 28 92 90 51 88 37 8 58 44 64 53 95 81 25 14 90 11 50 74 45 73 98 29 82 8 64 20 42 97 14 60 28 20 30 4 74 75 20 68 1 28 23 74 75 58 40 77 66 17 20 12 82 83 62 87 71 97 29 50 52 43 47 75 55 41 34 4 26 99 2 93 49 50 24 6 26 7 60 77 61 59 13 59 80 55 33 19 22 62 7 2 45 53 53 73 61 6 13 24 91 57 23 97 60 74 28 13 15 83 74 65 37 5 76 3 46 97 79 45 94 69 84 74 25 42 72 4 4 40 86 30 29 0 80 7 36 42 81 59 79 99 33 81 76 36 1 24 89 72 64 69 8 26 26 60 27 55 37 95 58 75 81 57 99 73 0 36 7 64 2 4 26 94 85 40 47 4 56 6 21 36 45 75 64 18 13 22 97 91 39 86 87 81 11 0 31 43 40 6 83 92 91 8 64 93 71 80 5 64 58 29 22 70 73 64 54 33 27 87 77 71 2 5 5 41 27 93 59 3 47 94 65 87 93 99 9 52 93 48 60 53 98 41 79 78 
65 86 18 70 74 79 84 10 42 92 47 37 61 63 20 0 1 92 4 84 63 2 76 10 50 12 6 74 81 55 14 87 27 6 20 66 61 58 34 81 40 71 68 66 58 6 86 43 42 72 74 92 2 39 51 68 99 52 56 12 89 45 49 14 97 4 75 32 13 12 83 75 99 14 77 95 36 50 33 28 3 91 33 91 52 68 24 49 62 65 14 87 16 93 13 70 75 45 52 89 97 65 54 49 88 9 34 33 66 87 40 74 79 51 26 72 7 43 20 2 54 29 0 94 2 37 70 20 52 7 71 29 25 5 77 43 38 60 19 95 21 77 56 94 30 74 85 32 66 54 34 30 51 41 22 1 61 55 20 88 16 52 76 19 53 84 78 24 37 20 67 70 27 76 1 23 73 94 62 6 42 51 0 98 26 10 71 22 23 86 66 21 51 23 27 67 86 90 94 85 5 23 99 57 83 76 63 54 87 97 92 75 94 56 52 89 10 94 97 70 27 69 17 24 33 43 39 54 67 7 60 5 91 19 88 26 33 98 66 70 16 50 37 22 22 52 27 16 99 70 66 40 58 78 82 92 35 58 46 4 57 87 50 57 34 42 60 22 70 96 5 12 61 69 71 8 43 55 69 79 50 95 31 94 79 48 38 9 25 23 34 12 90 79 74 4 38 6 95 63 61 23 78 80 20 49 27 33 80 81 22 69 78 76 31 40 62 83 72 57 97 42 12 15 16 29 77 67 4 9 27 77 18 68 87 25 56 40 53 36 69 46 66 35 63 32 60 23 28 51 35 98 9 7 39 57 27 55 75 90 86 65 42 63 34 45 69 96 18 5 20 66 94 30 84 48 78 37 96 99 71 52 82 92 44 86 97 57 25 67 88 72 11 33 78 62 12 40 64 28 
24 88 54 10 80 77 33 41 26 42 40 27 69 22 38 20 51 31 84 39 60 47 72 73 24 61 29 89 96 35 83 82 17 49 93 65 98 67 1 66 35 83 76 43 42 57 99 90 68 46 53 36 59 70 50 11 71 5 3 65 83 12 39 41 70 33 38 34 65 76 48 2 98 44 44 57 53 57 65 29 66 15 12 56 27 79 51 55 23 76 38 54 72 86 17 50 13 30 69 94 7 48 6 49 33 24 67 82 78 51 36 58 42 2 85 78 15 52 76 72 49 32 81 59 15 1 67 4 12 81 22 29 98 92 6 68 23 10 59 13 5 33 83 88 54 91 52 59 15 28 54 16 40 13 39 57 37 69 82 96 55 10 20 30 54 14 85 75 41 27 50 76 67 0 15 88 57 47 44 58 68 15 28 31 56 73 69 99 77 2 85 38 24 90 72 29 70 88 15 9 93 92 57 79 7 45 8 17 31 48 14 12 24 53 5 86 45 85 83 10 51 76 74 1 33 39 38 67 18 16 40 3 78 33 20 67 81 27 78 56 89 24 34 64 14 78 92 9 24 69 77 89 51 99 47 46 90 63 2 56 18 8 72 44 20 62 94 92 22 37 41 80 98 85 28 31 75 94 6 15 64 61 70 77 54 79 73 60 29 12 64 19 98 62 91 45 76 40 25 81 41 33 16 54 26 93 40 5 29 73 63 81 33 78 32 53 39 56 24 84 48 24 80 81 67 16 84 42 29 41 75 35 62 38 97 30 2 23 69 17 71 48 83 2 32 22 85 6 38 70 8 86 71 46 89 46 45 5 72 62 55 59 61 29 18 71 6 23 13 98 0 40 41 85 21 35 16 75 74 96 24 58 36 20 84 46 52 89 26 61 47 21 63 32 87 44 23 90 76 34 
43 60 69 85 96 53 7 59 73 35 94 26 48 22 57 73 37 3 17 26 20 16 69 97 84 86 77 36 68 78 38 22 72 32 0 73 63 49 67 11 52 84 31 73 7 99 55 79 37 83 52 50 14 70 69 51 82 55 70 68 86 23 62 72 5 50 37 99 86 3 70 19 60 85 51 52 75 58 18 3 89 65 77 57 41 19 17 10 14 65 0 44 59 73 54 60 77 38 44 64 54 13 48 34 37 81 12 56 38 66 2 96 92 9 95 18 75 91 47 52 63 83 13 9 46 80 55 81 53 96 68 44 62 42 8 96 16 34 88 80 59 86 35 71 6 95 71 46 39 50 0 13 45 61 46 15 83 92 45 27 88 76 82 54 90 13 60 74 88 55 76 33 83 20 12 27 19 15 81 96 30 20 88 90 33 67 86 53 51 90 72 43 70 46 74 50 59 92 14 56 77 36 23 59 29 63 70 57 16 10 25 25 62 97 23 66 29 17 43 24 9 88 88 33 11 91 20 66 36 34 19 90 99 17 67 45 61 79 9 9 40 38 91 37 54 38 88 19 0 11 11 99 62 63 12 92 88 73 15 3 29 99 59 46 35 22 58 84 24 95 69 22 31 4 14 71 74 33 36 14 3 97 39 63 92 96 5 37 4 41 77 8 98 75 89 55 88 55 41 79 5 73 62 28 58 1 24 11 35 8 23 42 92 71 95 68 93 29 59 12 91 92 72 99 8 86 67 99 27 41 44 3 4 40 63 80 48 95 95 47 60 13 41 16 82 45 99 9 37 4 6 48 42 4 89 36 74 20 19 91 82 14 79 7 65 52 57 90 25 76 96 72 81 74 54 43 17 15 59 58 6 63 46 1 12 7 36 88 17 97 42 62 43 27 13 80 45 38 29 61 
10 78 74 61 15 42 58 17 70 58 34 57 30 80 82 88 49 7 8 27 40 37 72 4 30 17 36 85 43 16 0 50 14 87 71 23 17 36 24 58 4 32 74 55 49 62 56 45 66 34 55 36 23 24 77 99 22 30 18 27 72 11 97 77 45 2 9 45 55 6 21 43 83 47 9 79 13 45 10 35 66 27 7 4 90 11 97 85 95 3 88 18 54 43 47 13 76 38 33 85 45 71 93 40 96 25 28 27 84 0 57 11 85 10 53 26 78 44 75 26 53 49 25 9 59 1 13 22 2 29 7 75 12 79 16 40 58 40 70 71 37 33 44 80 51 54 69 7 2 40 24 7 92 67 31 29 67 35 64 29 15 54 15 93 60 78 5 24 17 15 61 92 57 43 29 79 53 85 47 22 54 80 60 39 41 0 88 41 0 99 72 46 72 9 93 48 3 48 78 67 46 85 47 42 74 98 30 99 79 70 66 60 71 10 35 59 52 14 38 22 64 7 9 8 19 6 96 66 99 69 21 30 80 72 61 84 31 99 8 53 71 29 60 76 68 76 5 23 75 52 39 51 71 77 86 76 2 73 37 75 23 85 59 68 47 43 87 18 13 44 91 49 39 99 83 72 73 89 61 82 88 38 4 53 47 56 85 33 25 50 13 11 87 40 52 58 7 50 33 54 86 30 43 82 18 62 40 85 23 25 32 41 62 84 96 88 62 91 20 24 55 34 1 16 88 11 95 4 81 25 54 41 25 21 68 73 40 51 22 65 69 59 50 31 98 46 69 95 99 64 12 45 52 27 76 45 97 72 90 97 80 52 32 38 18 14 69 33 30 82 79 32 39 1 15 41 91 64 93 15 51 18 17 55 40 22 25 52 30 64 71 86 81 95 61 39 30 35 87 63 
7 20 73 81 37 90 67 15 29 62 61 35 21 65 94 30 72 24 55 38 84 28 11 46 23 34 62 52 40 78 67 22 87 43 58 17 84 98 77 88 32 76 49 12 61 13 73 11 23 87 63 10 66 34 22 42 34 97 39 54 68 69 22 27 47 49 4 80 39 97 91 20 45 94 89 13 63 6 20 26 69 81 97 45 24 88 80 93 10 65 47 65 15 34 71 50 58 12 35 21 11 91 23 29 75 53 96 43 68 16 36 26 79 24 25 34 91 25 0 80 40 28 0 12 60 27 33 90 52 30 33 32 18 49 90 88 26 35 44 17 59 20 93 88 16 54 34 2 6 80 36 38 39 31 92 96 23 42 31 67 58 9 93 11 91 73 43 64 27 10 55 88 65 52 67 12 72 18 65 20 89 23 74 29 83 67 8 56 9 30 26 95 63 43 98 63 35 28 8 42 37 24 38 20 92 21 33 53 0 15 15 29 37 21 7 2 49 6 52 77 61 15 46 39 51 3 21 3 40 50 43 73 76 47 56 80 26 28 77 95 46 95 62 13 57 70 63 99 68 74 12 46 3 13 27 98 3 13 86 80 1 4 46 23 25 21 27 77 31 75 13 75 89 21 6 95 5 70 5 20 68 42 63 28 39 12 68 85 90 77 1 61 62 52 15 20 95 80 53 62 45 32 98 57 98 73 69 7 45 85 35 52 10 29 71 59 82 28 10 43 80 83 65 76 76 60 50 17 22 67 24 60 90 97 19 60 71 11 89 55 86 43 23 76 41 41 50 82 23 45 30 70 37 67 59 1 10 87 61 22 39 10 14 34 98 72 6 61 71 47 96 16 83 40 10 64 77 61 69 86 99 79 70 22 86 81 56 21 72 28 86 34 73 53 20 57 7 20 21 27 
51 41 32 45 69 68 72 75 58 25 83 26 24 42 46 13 78 25 41 92 18 45 39 10 80 19 21 41 7 72 66 51 61 34 98 0 86 24 88 29 21 49 34 3 92 51 44 76 62 15 61 77 49 29 34 97 76 18 23 41 29 58 43 49 47 16 45 17 60 94 76 67 97 65 84 92 7 16 18 10 12 52 43 81 9 4 56 32 74 42 44 50 50 73 56 92 81 28 83 37 55 7 22 25 79 89 15 38 84 14 94 64 98 82 34 15 20 62 92 11 45 25 93 67 25 77 51 12 98 27 66 76 17 16 15 90 86 49 93 33 83 58 30 49 88 35 39 32 16 23 68 85 94 24 66 37 86 30 38 63 26 47 7 57 36 11 15 11 34 58 6 68 76 54 59 95 4 21 78 60 76 43 42 98 79 11 75 7 77 92 3 54 21 78 6 9 80 14 82 27 99 78 96 15 15 80 80 94 4 6 27 98 93 10 79 51 26 2 87 2 55 19 60 24 72 86 47 35 27 44 83 67 54 86 89 84 93 75 31 59 36 96 46 86 97 8 47 0 23 2 92 17 87 35 34 30 57 25 1 84 71 84 88 83 30 43 99 24 18 78 86 30 78 85 50 41 6 57 82 28 80 93 60 25 86 29 48 91 51 93 58 3 12 56 99 18 23 19 60 62 72 95 86 66 68 48 41 19 76 74 23 40 75 41 88 70 38 55 32 45 23 8 64 21 64 7 25 40 90 44 25 28 53 29 47 56 41 8 5 47 77 41 48 32 44 60 51 3 49 66 16 24 39 1 48 38 21 21 78 75 78 52 33 62 0 84 17 75 26 71 83 30 92 7 67 91 17 84 87 85 99 51 69 17 58 84 62 93 50 46 37 36 3 69 78 77 66 28 47 24 
78 92 34 79 10 21 65 93 88 56 46 15 42 56 27 4 1 21 73 35 68 62 55 66 70 98 6 61 82 29 95 27 49 43 40 11 36 94 94 7 13 71 2 70 84 3 98 88 15 24 75 51 1 13 53 59 14 90 14 41 56 19 19 99 87 40 67 54 87 5 9 93 70 11 13 61 5 39 94 94 12 53 42 38 88 47 85 67 99 83 90 85 40 30 48 80 97 55 0 39 23 32 36 98 41 31 24 45 63 11 58 9 64 84 71 31 42 40 48 39 49 28 38 3 99 63 46 99 50 37 47 39 14 86 1 63 61 43 66 86 28 69 75 6 4 77 78 43 93 1 1 75 85 89 49 76 44 76 16 44 11 20 0 1 10 74 5 51 67 3 61 51 51 92 33 53 59 5 99 21 44 72 82 66 86 18 37 31 27 2 28 90 34 17 71 14 74 6 48 19 17 51 43 53 89 56 88 37 86 58 89 94 15 26 57 96 61 11 32 62 49 70 24 42 45 29 59 73 11 21 34 43 38 43 73 43 49 41 32 6 35 41 89 58 99 72 67 7 49 48 51 9 53 2 49 23 24 66 49 79 72 59 38 58 11 52 27 78 79 23 92 98 20 43 63 88 71 12 20 60 14 26 66 17 27 28 15 18 46 25 13 11 85 56 37 24 18 96 37 25 75 10 37 6 49 98 59 29 47 20 96 14 16 23 68 6 72 38 41 99 14 51 75 18 58 52 12 94 98 12 18 89 74 10 67 53 88 28 77 68 24 31 42 79 44 64 67 3 67 90 13 97 67 71 15 24 44 48 12 40 87 85 44 53 95 95 22 77 35 0 73 34 77 80 79 91 13 62 93 73 32 39 89 33 26 92 96 28 38 78 92 93 50 81 69 2 67 73 10 46 
81 97 86 63 58 37 60 43 35 71 31 27 4 72 26 86 17 8 35 3 49 11 75 78 78 17 38 32 60 13 43 53 15 85 13 30 63 33 11 55 83 69 49 78 94 47 24 92 56 58 4 60 27 48 52 70 23 58 46 46 96 53 32 9 48 79 66 51 1 68 24 34 24 42 71 17 94 47 47 45 21 98 59 88 74 83 88 10 2 19 11 53 39 63 66 56 24 43 13 19 27 6 33 77 86 32 72 5 72 92 98 95 86 32 12 78 98 17 47 58 90 27 67 68 59 41 29 87 48 89 6 62 6 79 4 75 62 90 18 82 9 66 83 82 54 16 59 35 85 79 33 29 91 96 40 52 78 25 81 24 50 45 20 87 13 47 43 41 67 88 87 91 96 85 76 39 86 18 15 67 1 64 18 68 6 53 68 0 28 77 13 43 61 23 80 39 68 74 20 46 49 9 84 49 70 66 58 22 72 22 85 89 58 67 9 6 25 42 16 85 15 99 59 12 98 83 66 5 39 20 79 83 16 23 96 83 78 87 77 10 66 32 57 57 74 14 51 0 43 87 31 87 61 18 49 21 15 65 46 78 3 10 70 40 37 45 33 26 48 97 16 40 84 28 75 37 51 64 28 97 37 64 83 25 97 66 20 89 87 94 36 26 83 70 40 56 11 75 89 85 48 8 65 7 33 11 66 98 0 9 24 2 89 29 58 28 36 71 12 54 22 76 43 56 43 57 76 0 63 61 14 41 63 33 14 96 81 59 48 55 78 5 91 42 6 86 65 95 29 93 68 13 53 68 93 52 32 28 67 95 12 0 6 82 20 78 24 14 96 37 87 58 52 8 57 38 52 59 0 35 76 92 34 53 11 7 64 3 37 37 5 22 42 2 53 3 55 89 59 30 
71 26 40 99 66 6 45 66 28 84 75 31 89 60 92 18 84 11 53 5 26 6 54 52 61 64 65 72 21 73 54 31 93 84 15 15 12 19 88 25 21 14 57 72 25 89 27 46 93 18 47 29 48 22 77 82 10 62 68 3 45 37 79 34 10 89 39 78 91 35 86 8 52 15 36 89 83 67 27 27 17 79 16 88 58 36 43 64 20 25 8 77 67 55 72 43 3 0 94 71 18 70 43 26 67 41 82 19 8 18 20 13 64 93 50 66 92 66 93 41 19 23 87 21 3 30 78 85 74 56 14 82 49 77 30 56 8 54 24 10 59 63 29 77 39 78 62 54 99 63 32 13 64 50 22 96 18 34 45 81 94 19 20 9 89 70 25 57 47 40 73 9 68 20 23 51 37 97 48 20 2 75 39 41 38 13 88 45 19 3 53 74 88 24 84 86 17 99 74 50 78 93 31 13 15 78 3 90 86 30 60 5 73 50 61 73 53 63 79 14 23 73 22 97 82 95 70 93 93 42 26 15 31 95 84 21 61 86 3 38 38 41 66 57 24 36 17 12 18 74 5 55 29 76 75 42 91 68 53 47 22 17 1 83 57 73 70 6 73 63 99 69 78 42 89 63 52 77 92 59 64 65 67 66 77 80 69 24 32 63 71 39 19 98 18 47 9 39 15 83 31 88 69 72 81 25 74 20 92 21 78 66 91 72 17 44 55 85 36 47 44 48 42 38 76 99 7 58 62 85 64 9 63 47 91 2 20 2 50 63 29 8 35 76 23 78 59 36 60 19 72 44 95 7 3 48 66 95 58 21 88 86 16 80 70 19 18 65 61 29 98 5 21 51 59 25 45 17 52 87 35 82 44 67 17 9 50 52 72 29 40 99 88 36 89 63 4 15 66 93 
99 83 57 94 74 56 49 6 72 73 42 24 1 35 94 27 3 64 94 35 22 43 85 49 56 7 89 39 55 81 95 11 23 18 46 57 40 32 11 3 81 8 59 77 24 4 60 25 72 41 0 28 21 76 64 46 82 53 5 23 29 64 29 99 51 7 76 91 13 52 15 55 75 35 56 50 14 19 55 21 72 17 21 32 55 68 87 63 18 79 17 40 9 36 31 92 94 39 8 3 67 18 70 95 50 86 69 56 59 38 91 30 80 90 95 91 19 23 96 24 43 41 89 25 56 9 99 87 28 48 90 73 86 72 55 74 70 69 21 15 93 19 52 60 35 2 47 88 18 45 72 12 65 7 36 83 8 24 3 3 22 56 90 55 32 49 20 9 20 49 58 18 62 53 93 40 1 15 20 15 74 71 99 36 84 94 32 93 83 51 48 81 71 30 63 79 47 16 15 0 19 64 10 2 21 27 3 94 7 71 80 69 14 67 97 27 33 4 63 12 45 31 41 56 67 17 51 9 51 11 97 74 43 8 94 74 71 99 10 65 76 61 45 58 14 2 22 74 3 87 10 0 65 68 28 85 62 87 80 26 38 97 22 16 33 87 46 47 59 56 42 90 56 25 52 25 95 9 33 88 14 5 32 60 95 35 91 48 41 87 31 78 54 10 54 33 88 27 22 80 41 50 99 96 27 87 57 59 52 86 59 10 47 8 15 1 31 30 79 52 43 13 3 20 50 78 21 57 36 62 65 34 86 33 85 32 30 82 72 88 29 63 36 64 45 59 61 38 82 23 48 25 73 13 86 52 59 33 58 46 70 82 5 49 8 89 3 73 64 68 92 79 15 38 96 1 80 1 60 32 67 48 54 21 98 79 51 80 55 71 70 46 40 90 56 32 33 2 30 20 
62 13 34 40 5 73 47 97 16 32 18 46 50 71 25 49 42 91 25 81 61 20 29 25 61 38 23 72 29 20 46 25 79 35 71 88 79 94 28 54 82 91 0 85 7 91 24 12 29 41 21 10 10 40 47 48 38 94 25 92 79 91 31 3 35 67 21 47 90 63 20 57 65 74 53 97 91 35 84 68 76 37 71 25 44 24 36 31 9 6 40 25 75 96 37 91 10 93 60 12 73 39 3 25 18 85 47 65 2 37 9 97 94 71 94 62 54 98 79 17 5 42 94 46 53 45 51 16 81 13 54 24 4 78 97 24 16 84 68 86 14 24 71 8 88 16 64 62 72 51 30 6 19 82 37 36 66 52 98 31 51 40 17 26 39 4 54 86 35 7 25 27 17 88 14 97 92 26 39 73 79 76 11 56 69 22 35 15 37 91 74 43 84 4 50 39 15 41 33 28 7 79 46 29 10 25 49 51 4 7 96 86 62 23 47 12 6 10 76 46 6 8 75 85 41 51 41 86 75 9 28 62 29 34 79 75 38 91 25 15 48 45 35 98 89 18 33 49 39 38 2 65 58 41 69 49 9 7 34 72 44 28 1 19 60 25 23 22 55 46 62 92 6 42 40 44 9 12 71 61 74 87 71 49 52 0 91 14 72 18 89 69 89 86 21 92 17 89 0 65 64 79 16 7 28 16 82 5 45 56 59 0 42 79 1 82 96 56 82 52 7 75 85 24 58 99 23 60 14 40 48 45 74 12 43 43 54 1 87 96 97 4 38 43 39 92 54 88 7 48 87 25 85 53 60 62 43 20 49 32 93 11 96 38 79 66 38 9 54 80 97 14 49 71 48 26 54 80 19 65 15 46 83 18 42 42 0 10 45 63 41 67 26 87 23 63 78 62 67 69 
26 17 77 23 58 5 69 72 38 85 35 88 27 21 21 10 39 49 10 41 47 46 44 54 7 31 63 13 83 18 96 10 29 92 11 62 27 90 45 98 35 62 96 35 60 41 20 66 31 94 85 30 73 79 42 5 66 86 66 23 23 20 98 81 52 69 34 16 73 70 63 75 54 14 80 26 48 6 3 45 6 81 7 30 96 80 19 51 22 50 42 98 29 18 45 49 42 92 72 4 19 61 8 0 61 95 20 59 30 84 27 61 40 98 6 33 95 23 67 20 92 34 13 53 85 94 48 75 43 21 99 23 73 71 72 60 23 8 68 63 58 71 56 86 78 45 71 70 66 22 73 61 19 30 92 13 48 62 21 10 27 68 12 8 15 80 15 68 61 1 64 52 1 36 54 86 19 74 6 50 14 20 71 46 75 82 10 38 56 72 46 31 27 89 95 4 74 29 1 24 29 10 63 74 98 5 57 78 95 17 39 52 53 25 55 7 60 46 89 31 92 35 12 33 6 92 16 94 21 28 61 55 74 83 47 53 6 7 68 77 67 23 82 65 14 12 93 30 71 62 63 37 13 63 39 77 84 70 30 71 40 83 32 10 41 84 46 52 87 7 28 12 18 90 98 16 34 87 59 62 95 54 25 7 93 0 22 7 82 57 14 67 60 0 55 28 64 61 77 75 87 95 17 14 33 64 40 10 99 25 92 37 53 58 87 66 47 22 55 94 43 11 28 21 20 53 35 10 9 42 12 71 30 65 47 97 86 7 16 86 4 62 3 16 88 62 45 13 4 73 72 67 75 98 88 46 72 44 23 75 4 40 74 24 78 7 70 33 83 65 14 33 22 3 5 82 8 3 82 89 34 25 74 45 47 76 30 29 13 11 98 4 4 13 41 61 13 15 37 55 
24 96 14 39 39 82 50 7 17 31 72 5 56 86 33 69 22 7 6 67 50 89 11 65 57 38 11 83 91 8 42 51 67 78 79 35 17 36 90 61 44 80 69 18 99 61 25 74 60 45 59 59 67 45 51 85 7 8 65 29 78 10 75 32 38 34 26 62 68 65 80 29 48 32 18 56 69 88 25 17 78 89 14 50 97 81 10 80 63 61 75 84 20 41 1 67 52 3 63 31 7 2 18 58 49 21 46 86 17 36 18 46 59 19 55 56 47 96 84 95 24 23 97 3 76 52 83 51 54 11 10 31 34 77 94 86 28 25 7 53 7 10 21 32 79 67 46 0 5 86 1 94 18 97 6 15 47 97 95 65 19 61 11 21 57 92 45 37 28 42 67 72 48 76 51 72 74 77 43 47 67 15 96 64 1 38 0 24 79 95 39 21 47 41 98 70 65 5 39 0 21 51 16 68 91 36 71 17 77 13 17 68 46 47 74 22 62 48 93 9 67 27 92 14 34 19 86 86 21 14 79 47 71 12 64 72 0 21 72 48 15 83 29 44 61 42 7 36 45 14 54 87 44 75 98 32 73 83 44 20 37 14 11 45 39 1 72 57 52 62 49 96 45 15 59 26 45 29 7 69 92 36 38 17 60 20 41 92 15 98 64 92 1 96 9 51 16 77 87 3 66 25 71 54 14 17 39 75 8 66 86 37 5 30 55 0 74 10 5 30 41 46 86 3 14 54 58 12 51 50 15 93 6 5 42 37 34 81 21 27 8 78 95 17 15 96 99 75 22 90 77 5 93 28 73 57 52 79 42 65 87 8 6 92 52 98 66 86 45 80 12 53 9 58 51 77 15 82 52 23 89 70 82 70 41 25 43 98 5 27 13 6 32 57 5 31 57 64 87 97 
16 0 70 5 57 92 46 40 91 84 48 0 34 64 48 0 85 31 94 44 7 22 98 54 54 50 72 87 20 63 16 57 74 14 5 72 10 38 4 19 93 14 7 33 29 10 7 28 15 96 83 90 5 52 22 17 50 27 87 75 86 19 71 11 11 11 86 50 36 82 89 53 65 37 71 58 91 18 23 46 89 42 18 70 87 69 85 65 75 72 17 52 78 92 2 62 44 90 60 78 77 46 33 71 10 91 66 20 15 62 35 65 55 51 26 25 90 93 19 19 17 54 84 81 96 70 66 3 56 2 1 65 63 81 35 93 96 74 42 3 5 16 49 58 23 45 25 2 93 77 60 29 21 23 94 67 84 77 18 81 51 17 99 31 93 2 68 62 15 56 29 98 50 51 43 52 67 2 45 57 89 3 16 67 98 13 40 22 67 34 24 41 69 82 99 35 48 31 8 79 92 99 16 2 9 35 62 35 87 77 43 20 12 56 62 97 48 70 69 97 80 91 46 79 7 29 97 77 55 47 99 35 78 73 6 91 90 8 21 17 9 42 91 28 12 17 11 2 40 60 15 85 3 6 17 82 57 69 45 30 82 98 20 79 49 0 29 8 45 70 42 64 27 21 49 92 81 64 79 30 29 62 28 21 93 25 45 31 73 36 79 78 78 0 25 18 13 19 63 41 39 21 79 68 56 82 32 30 21 15 86 46 39 3 50 78 53 70 34 29 5 41 22 72 69 29 0 13 75 81 73 51 79 97 26 10 45 45 6 66 82 12 52 46 19 97 39 3 63 19 95 69 28 9 84 45 93 33 34 87 95 24 11 42 86 94 9 30 32 46 57 1 60 69 4 41 12 3 40 21 84 90 10 2 50 50 95 96 34 21 55 17 63 63 17 53 22 44 60 23 
55 69 58 75 89 93 3 40 90 29 84 92 51 30 61 5 68 57 35 6 51 35 27 71 69 66 82 37 33 44 17 78 46 46 1 67 55 60 49 74 53 99 25 87 80 51 33 41 45 2 10 23 16 84 81 8 92 49 52 82 7 24 14 38 60 62 65 34 17 46 74 64 30 53 65 83 31 97 86 67 38 46 75 6 13 77 54 12 41 8 89 19 39 9 29 4 53 43 84 3 84 22 50 54 44 15 65 31 41 47 75 99 29 23 37 55 39 84 86 57 18 59 14 52 9 96 4 3 73 6 8 43 39 98 84 79 48 22 1 56 61 11 66 72 32 22 93 76 65 47 53 72 25 63 63 62 5 75 19 16 97 12 10 98 10 42 22 67 84 28 37 57 20 65 89 47 55 48 23 46 43 68 67 16 54 98 59 1 27 72 28 86 28 39 46 51 37 60 42 35 62 34 24 43 53 15 81 11 64 52 63 56 70 17 75 63 60 57 16 96 20 78 82 75 34 81 63 94 41 85 29 91 18 93 68 57 80 34 46 73 25 69 0 99 85 97 31 85 59 85 60 80 8 48 4 4 8 13 59 24 17 21 3 98 15 39 55 56 29 62 60 1 62 49 76 46 76 75 89 43 95 72 44 28 89 4 23 19 72 27 48 81 74 68 87 45 45 53 30 68 41 36 66 50 93 91 85 35 71 85 74 53 9 92 72 89 45 33 99 24 45 94 39 44 30 27 6 80 60 4 24 60 67 94 82 68 36 43 40 86 47 26 14 90 99 67 64 18 67 55 0 42 36 40 52 34 51 60 93 6 76 35 19 77 3 37 22 28 30 36 41 57 91 62 72 87 96 39 31 12 88 22 29 62 87 36 99 11 45 1 10 47 70 77 17 2 90 34 43 26 
16 16 43 9 68 25 18 31 57 91 3 43 91 18 24 88 33 34 43 10 66 44 61 92 14 76 44 60 15 19 32 81 57 78 52 84 21 75 86 39 32 63 62 86 32 27 27 19 3 6 33 39 48 87 84 49 2 59 38 46 42 90 87 38 81 98 94 58 2 76 53 78 36 70 9 62 15 29 51 11 56 68 42 83 98 89 89 81 0 70 96 1 80 14 2 96 76 5 50 87 79 21 59 45 10 50 67 94 89 41 43 77 8 56 56 30 41 9 54 81 27 1 33 5 48 19 79 16 59 5 84 62 97 36 87 24 89 18 78 51 45 41 89 89 43 19 51 43 76 9 93 60 36 92 19 77 46 36 20 78 41 91 83 19 11 78 19 58 5 6 4 4 55 42 11 6 34 55 57 63 11 12 91 91 2 99 40 9 82 27 97 57 62 67 53 31 53 8 73 80 50 30 59 70 36 57 99 13 20 13 56 33 7 74 35 69 33 98 5 7 81 19 88 13 23 90 52 50 36 44 74 13 45 19 77 1 79 60 47 54 65 22 17 74 94 19 51 47 97 73 42 40 6 4 4 71 19 98 25 95 83 80 14 6 37 51 78 28 24 29 20 60 62 60 96 9 87 67 65 33 23 96 31 63 70 10 28 75 74 77 4 99 30 66 21 62 39 55 40 19 88 70 85 87 66 57 65 75 75 74 42 62 2 88 39 62 60 26 77 92 41 61 73 65 54 24 94 46 53 43 53 51 98 93 12 52 93 88 88 80 28 24 14 91 86 47 56 1 12 42 43 15 99 72 71 38 14 73 35 42 13 40 67 76 62 69 7 91 20 12 44 3 57 70 85 67 56 59 52 85 2 47 81 96 24 41 56 69 46 28 82 61 47 52 80 17 97 70 47 67 
54 71 3 1 22 94 94 31 87 90 88 94 23 29 21 74 85 16 70 51 31 43 76 3 45 73 45 7 66 99 80 65 27 24 51 37 92 13 87 10 83 54 43 11 10 9 93 13 13 96 46 52 60 33 97 61 89 42 69 86 41 94 54 28 67 7 61 48 82 44 74 93 41 49 87 29 7 5 34 2 68 31 0 11 69 10 56 83 27 78 46 97 10 22 88 25 35 76 60 77 16 65 4 24 20 89 2 83 7 3 44 89 2 80 67 76 6 90 39 9 97 87 86 64 2 19 72 79 78 35 30 77 67 58 65 70 8 1 30 46 45 17 35 41 68 23 41 69 0 17 0 33 69 24 58 12 92 17 64 71 45 4 69 40 82 1 76 56 90 97 61 33 69 33 47 87 73 20 28 19 54 39 96 78 38 21 46 13 1 49 93 77 75 51 98 97 89 72 99 65 73 69 8 33 72 98 27 10 90 48 61 97 85 97 87 22 65 97 54 6 92 45 91 56 72 92 89 56 93 14 92 38 65 60 70 10 89 59 28 87 86 65 52 77 51 1 36 65 65 86 10 8 41 34 25 65 32 63 2 99 9 35 56 2 30 28 65 31 4 62 34 82 53 12 41 79 26 60 9 68 90 3 89 11 4 81 69 11 16 44 81 11 33 11 59 50 33 13 31 40 42 86 1 18 51 45 79 28 62 15 44 47 12 81 92 77 46 80 61 99 75 0 93 55 37 82 37 89 29 37 93 59 41 43 57 7 29 37 79 88 17 72 78 41 4 30 35 13 78 56 14 20 93 77 23 1 6 52 65 24 3 37 95 41 20 73 29 90 98 42 34 66 33 69 55 51 97 47 22 29 20 70 8 91 11 5 75 25 35 29 20 47 33 1 1 57 4 20 18 27 
2 30 25 75 62 44 19 29 52 44 13 46 73 13 26 84 36 26 9 44 65 81 51 9 61 33 62 9 99 92 25 69 74 19 23 70 66 67 21 53 55 50 15 23 16 8 58 98 32 70 69 82 47 44 40 51 55 82 16 13 56 62 87 61 45 79 47 44 19 41 11 30 92 71 93 29 5 13 90 85 60 44 18 38 45 54 71 36 13 50 85 22 3 0 15 35 39 93 4 0 40 65 79 50 39 33 99 35 40 15 51 95 11 39 9 17 67 11 6 89 93 19 46 0 81 47 20 82 9 24 23 15 94 41 14 98 2 10 1 94 34 2 5 25 33 97 79 98 98 16 35 53 83 55 63 14 9 71 49 14 37 90 84 5 56 0 11 49 15 60 55 25 46 26 16 6 39 73 49 70 5 99 87 1 29 4 51 41 15 77 19 40 34 54 87 93 78 42 4 36 74 85 72 61 77 39 19 19 35 39 34 24 28 26 62 93 41 97 48 96 8 63 86 88 33 96 20 44 93 95 23 46 1 75 14 70 6 25 24 75 24 15 61 65 56 23 96 12 59 77 8 72 75 31 6 77 4 76 22 61 43 23 42 28 50 65 31 31 93 36 69 4 35 37 13 0 20 24 61 34 45 42 8 32 44 48 6 52 38 6 86 61 50 54 99 85 0 75 56 29 74 52 67 27 58 57 95 79 64 20 64 93 29 99 8 17 92 77 84 80 92 78 92 59 14 49 71 78 60 5 12 55 30 21 2 59 80 43 27 23 77 70 86 10 66 8 59 39 74 84 6 18 80 1 40 52 78 66 5 27 97 71 9 78 88 23 89 36 81 12 21 66 90 4 8 68 73 9 95 49 86 96 9 18 48 33 14 39 30 30 19 71 11 73 41 1 53 39 86 20 
38 94 4 44 83 9 11 37 60 26 70 75 41 77 65 51 4 79 21 30 38 34 63 46 26 59 90 9 3 43 47 28 86 38 94 68 44 77 54 77 2 31 93 87 57 87 49 13 46 64 87 38 47 0 62 10 63 25 22 53 4 17 69 3 58 73 57 59 10 64 60 9 32 81 92 58 69 18 43 62 5 22 54 53 48 82 8 41 5 51 25 67 92 31 16 11 12 45 82 45 56 90 88 77 48 10 47 39 54 30 61 71 38 75 91 75 73 2 29 79 61 97 9 48 49 99 20 8 38 16 45 89 75 11 3 12 73 71 25 52 2 47 88 47 62 25 13 71 71 46 56 85 69 76 64 42 5 24 20 43 52 60 5 99 2 11 5 39 91 32 48 93 12 25 48 11 26 90 26 54 65 1 94 14 95 78 8 1 99 13 21 88 28 7 12 61 49 43 98 73 19 46 22 67 64 89 97 18 6 5 88 76 91 82 80 75 3 13 71 80 84 72 67 2 44 28 0 60 8 57 21 87 96 43 72 54 15 89 62 6 0 49 77 96 61 75 20 68 79 3 74 80 87 72 6 6 63 15 22 95 16 2 84 44 94 73 14 5 32 14 13 39 10 24 86 46 4 95 94 52 41 90 56 73 48 81 18 43 14 7 86 99 88 95 33 29 10 99 79 45 95 85 12 74 95 41 38 35 87 90 16 44 37 61 79 38 56 35 91 14 56 26 20 87 80 14 85 54 71 0 89 9 29 16 32 23 8 64 0 11 27 40 36 79 37 87 85 63 37 2 12 11 5 75 67 41 33 41 24 86 97 74 46 70 5 29 80 21 32 5 95 61 15 25 44 58 11 54 43 41 1 14 42 13 41 74 65 21 94 55 5 85 5 64 11 43 67 34 34 65 
43 56 1 14 91 89 26 1 22 65 5 76 4 71 9 28 5 92 96 92 23 31 22 33 69 62 64 85 76 85 72 2 13 29 12 41 35 9 10 82 63 4 75 75 41 37 77 85 0 11 69 30 25 83 69 35 0 44 68 24 3 93 48 77 43 81 12 19 76 95 62 8 85 71 45 23 88 9 49 4 91 0 76 78 50 50 11 58 27 34 9 63 28 38 12 22 60 54 71 64 53 88 80 1 36 14 26 76 33 81 63 64 68 39 28 61 61 8 16 88 48 40 25 46 12 64 20 24 88 69 44 3 50 65 34 46 24 33 51 96 9 83 25 66 85 61 59 6 27 97 87 1 50 50 41 59 93 51 66 0 76 35 6 32 28 28 62 50 22 72 4 58 59 41 80 1 26 76 19 50 70 89 34 70 85 4 33 91 54 39 12 85 39 70 18 93 26 19 73 10 93 95 89 72 39 49 44 86 97 50 81 1 81 88 99 87 34 86 69 77 88 72 24 7 82 12 64 31 64 72 14 13 98 15 98 59 82 61 65 29 72 25 37 10 5 34 31 35 36 1 28 23 37 58 4 20 75 11 44 37 3 61 67 8 91 22 38 10 67 39 98 25 51 95 30 1 56 27 78 54 28 31 52 41 48 69 57 66 80 73 77 0 86 53 50 63 90 61 42 94 82 38 32 31 92 2 94 7 0 35 96 78 72 46 27 20 85 77 90 45 24 77 9 27 97 16 84 37 7 25 94 86 95 9 96 90 53 72 43 0 13 95 73 93 62 28 66 88 89 55 17 46 92 58 30 24 33 49 61 82 76 84 30 67 87 78 83 6 17 12 50 59 46 5 68 79 50 75 65 48 11 5 84 20 99 30 89 75 4 86 77 40 3 32 38 92 82 28 96 73 
29 42 71 37 63 62 78 9 50 33 71 9 80 97 76 37 53 56 86 73 97 90 60 40 16 72 29 94 78 47 34 41 96 70 50 29 40 99 3 6 40 68 90 54 70 97 81 26 27 84 40 46 41 93 13 9 69 23 1 41 61 83 72 50 86 48 18 36 66 10 79 92 55 23 44 40 35 75 23 41 51 74 61 33 82 23 5 24 84 23 32 44 18 20 51 1 96 80 56 2 3 93 10 40 32 94 6 66 38 61 62 58 88 38 71 15 7 77 44 56 72 59 27 56 89 74 83 14 16 50 37 6 66 75 3 16 94 88 8 5 24 21 93 81 23 0 87 44 80 45 74 67 42 31 73 68 87 26 84 36 32 26 15 41 72 48 7 44 65 99 29 1 76 54 53 96 10 5 5 78 14 56 75 9 29 87 48 81 71 22 38 4 92 92 98 70 91 39 34 4 62 2 7 9 62 20 42 58 56 75 12 88 64 2 94 24 65 95 78 66 46 75 0 45 39 45 84 98 66 38 4 66 95 22 28 21 91 14 68 37 37 83 82 80 31 72 21 45 74 35 45 8 94 98 27 80 41 67 87 36 86 4 37 29 6 93 1 7 18 34 7 98 54 86 5 71 57 24 42 62 13 3 83 58 9 97 47 48 30 19 77 37 54 57 88 7 95 40 54 40 75 35 2 60 34 86 94 16 68 12 18 23 29 47 80 13 31 18 92 50 67 50 8 28 46 53 23 12 25 31 99 71 6 14 6 67 1 73 13 79 0 90 44 68 31 28 10 77 6 35 62 9 7 87 20 74 86 80 36 46 20 22 39 22 36 57 3 25 76 13 14 98 95 80 54 56 25 56 67 25 0 22 60 7 30 37 11 19 79 23 60 30 32 78 28 57 64 57 13 92 
38 92 0 83 15 65 46 75 77 89 65 42 84 50 60 13 17 30 27 10 68 32 98 15 42 17 4 13 2 34 64 48 95 76 65 86 59 65 61 70 15 37 70 51 75 27 4 57 38 5 70 36 82 60 60 38 57 73 28 70 7 44 16 38 84 83 51 68 76 27 39 73 61 90 3 53 4 21 5 27 28 85 26 92 19 23 52 62 49 92 80 79 46 8 0 90 68 8 55 61 57 37 60 75 33 86 35 20 11 35 14 62 48 12 36 83 29 2 56 41 15 8 59 33 68 44 49 95 7 67 29 72 6 74 36 61 10 83 28 63 81 39 17 99 56 5 59 20 40 11 54 51 82 32 87 31 95 70 71 97 89 56 8 81 3 86 18 66 33 84 92 38 44 68 68 30 35 68 45 20 18 64 62 29 70 91 66 82 65 68 70 2 63 19 18 14 45 85 95 91 1 40 28 38 43 87 28 66 34 89 56 43 49 40 6 99 95 31 25 1 26 92 57 67 4 84 65 28 99 84 55 87 14 57 88 99 63 94 57 83 24 68 49 20 93 82 8 44 2 47 40 9 0 53 46 11 21 59 82 98 18 57 94 99 61 50 44 96 70 22 87 42 9 58 96 59 52 0 34 69 62 11 78 2 93 99 87 44 76 72 17 30 93 17 40 31 61 19 88 14 39 99 22 99 53 57 21 74 12 5 78 73 76 83 57 51 20 9 1 62 35 28 38 76 96 36 60 74 30 80 63 40 58 90 97 29 49 46 72 86 32 37 77 77 39 35 47 32 42 29 8 90 18 85 36 29 79 91 24 77 76 65 70 75 60 21 53 69 84 57 12 90 21 68 34 25 39 91 9 31 62 38 3 8 76 48 84 21 71 20 38 47 4 86 57 87 88 86 70 11 
70 71 62 56 94 6 91 20 28 56 51 37 64 76 48 87 89 38 47 23 43 29 43 17 45 8 32 91 98 43 28 2 88 14 26 92 15 55 58 54 87 80 73 53 8 87 41 88 29 25 70 84 15 20 18 6 91 73 83 72 55 86 11 18 73 68 28 83 88 51 16 12 23 36 90 17 67 11 19 62 1 95 56 55 16 67 81 95 67 42 53 89 6 37 70 56 57 24 48 21 2 66 81 34 37 40 8 41 92 89 86 54 0 15 28 1 84 69 82 19 20 92 75 11 39 86 99 4 37 57 49 69 52 32 41 19 59 93 49 14 12 59 18 95 18 36 57 21 10 94 42 39 63 81 97 45 91 88 56 73 0 93 48 99 46 86 51 56 15 45 90 32 65 58 58 78 7 24 72 60 55 9 53 39 66 15 91 8 5 31 70 0 30 71 18 61 37 58 73 57 93 62 95 62 5 59 23 51 84 26 53 34 61 48 43 94 99 52 13 19 5 67 8 12 7 15 80 37 56 81 33 93 39 23 11 49 28 28 30 49 56 74 68 98 47 74 76 69 89 62 70 11 27 48 72 58 36 97 81 91 80 20 0 56 31 23 12 8 40 35 65 4 28 80 5 53 14 19 87 19 93 68 28 20 20 58 68 13 52 69 48 24 27 70 74 99 72 44 16 96 63 46 52 38 99 72 67 34 37 43 45 25 98 38 33 57 7 13 73 10 20 35 64 43 99 94 62 30 63 13 0 80 93 95 53 56 29 94 83 90 4 43 58 59 16 91 90 75 93 97 63 37 95 47 2 33 3 86 6 16 95 70 28 97 72 45 30 97 38 6 65 72 79 45 70 80 88 29 18 97 56 90 22 41 97 5 82 50 64 41 16 46 92 11 79 95 54 27 52 51 
47 16 81 41 43 42 61 40 17 67 95 92 58 73 34 59 74 25 80 57 13 14 9 99 70 40 91 57 38 39 19 66 31 49 47 64 15 26 46 16 67 5 15 99 3 56 54 50 35 8 59 59 94 99 1 16 42 17 82 47 33 8 7 15 63 11 70 50 63 22 78 8 30 91 92 99 73 52 71 35 15 32 69 35 32 87 48 57 47 14 97 31 62 94 24 98 77 23 44 15 0 84 82 71 95 22 28 79 62 38 50 21 14 62 44 38 25 66 73 41 86 83 28 18 89 25 81 66 3 26 11 14 81 2 79 54 9 76 43 4 42 88 52 9 93 43 5 60 88 56 5 76 22 64 23 91 26 93 96 32 33 70 4 44 42 98 36 96 48 82 11 74 95 80 44 55 71 69 28 36 10 13 73 99 79 42 49 72 30 54 87 63 49 25 6 76 28 90 84 58 53 16 94 68 51 53 33 74 64 18 41 38 93 90 10 66 41 83 28 25 0 32 75 20 33 10 59 55 30 65 90 60 55 39 6 35 82 78 54 34 85 49 91 15 84 37 55 92 25 41 98 55 17 84 51 86 60 56 17 32 84 7 27 13 50 57 77 66 6 97 20 69 5 1 79 59 7 3 79 82 38 46 20 74 67 96 13 2 99 49 94 68 39 31 35 49 91 64 64 94 53 77 11 60 56 68 93 97 67 9 93 0 48 48 42 33 88 89 23 0 49 84 84 27 49 55 26 62 65 62 38 59 62 90 43 86 71 53 73 66 75 33 42 96 24 77 27 25 60 16 82 99 34 77 71 52 57 26 47 33 16 77 93 72 54 36 67 80 68 12 47 10 27 56 42 85 21 79 97 17 5 59 62 48 11 56 61 56 72 92 84 1 85 44 7 21 24 51 40 69 
38 49 26 48 92 27 81 33 63 17 90 50 61 72 3 82 26 33 8 94 24 97 23 95 7 83 13 35 80 67 87 99 54 84 80 4 17 57 11 33 98 35 67 71 76 70 16 94 58 68 58 63 84 22 53 38 78 30 63 82 10 84 38 43 62 17 59 79 66 21 59 32 71 92 4 37 40 32 47 3 44 73 37 98 32 41 70 40 23 0 97 69 79 99 21 64 97 0 4 13 8 33 86 39 53 30 0 44 59 8 46 18 86 4 97 44 65 99 2 69 60 31 39 81 62 74 10 14 87 34 7 85 94 0 92 49 45 8 9 27 80 77 34 2 43 70 40 85 54 37 16 19 40 2 0 73 47 74 71 75 93 65 47 52 84 30 77 19 74 67 33 98 32 83 99 80 39 25 21 44 16 29 49 71 68 46 13 78 67 92 82 76 2 58 90 73 50 63 45 24 64 93 65 75 50 38 69 0 91 78 15 21 13 48 5 67 18 41 94 68 97 22 85 16 95 94 54 85 13 39 3 37 99 91 81 47 50 18 3 97 46 82 51 89 83 67 96 71 53 84 15 86 61 22 29 5 82 67 44 31 0 94 97 14 60 17 81 85 96 31 70 0 76 39 45 96 82 89 66 71 1 87 0 53 92 86 97 87 1 91 52 64 84 68 73 42 86 39 48 23 25 53 38 28 86 3 97 61 0 49 63 46 83 43 92 28 1 36 43 91 52 56 21 4 52 61 48 26 13 42 52 45 88 88 11 58 3 40 62 13 83 53 6 32 82 62 56 79 44 95 89 73 61 40 53 86 32 77 42 65 6 92 83 72 14 45 65 21 87 36 82 20 14 0 16 22 42 34 76 48 90 51 64 76 18 66 94 15 32 49 10 48 88 7 18 64 9 26 11 10 
91 90 15 25 26 90 53 36 4 1 20 49 18 59 96 73 6 10 17 2 41 43 82 54 47 17 53 56 59 0 99 5 62 14 78 44 58 22 9 13 67 53 12 38 84 37 53 87 6 92 46 36 54 57 84 20 32 72 39 61 28 40 43 45 76 8 71 34 98 62 51 86 27 92 27 12 24 40 34 3 89 51 25 76 15 89 17 74 50 31 78 58 54 44 32 59 37 84 45 27 78 5 45 10 41 44 63 43 19 48 49 97 23 9 49 59 77 37 48 99 41 9 92 8 59 82 58 34 46 2 42 62 7 16 61 34 28 8 34 6 60 81 36 0 72 1 4 93 39 27 19 40 70 32 90 74 7 16 80 47 94 74 88 84 40 53 40 25 32 4 77 53 52 88 44 32 61 80 56 93 45 21 37 60 64 79 68 29 72 48 96 97 38 60 64 44 78 13 26 48 98 0 80 78 73 47 53 42 41 12 30 16 84 14 13 16 79 38 41 85 76 73 4 45 61 68 66 39 28 88 30 19 60 12 50 47 18 39 46 34 93 46 1 93 55 29 96 23 31 21 11 61 82 55 9 6 39 22 49 69 82 3 6 81 49 72 84 32 24 45 49 67 59 82 67 29 34 92 70 18 33 48 32 53 3 22 83 85 80 63 19 41 4 48 36 35 58 96 31 50 41 7 16 62 77 1 74 35 13 94 90 28 56 27 45 95 58 2 69 14 85 45 66 71 75 80 45 36 41 12 89 52 28 70 76 58 79 33 92 64 25 23 46 42 37 79 14 60 47 87 13 80 49 6 3 49 18 88 25 33 45 68 46 3 25 43 93 56 23 56 75 75 17 99 0 68 70 6 83 67 82 69 97 28 96 0 62 4 33 59 4 97 82 56 12 39 81 69 34 80 
31 64 99 69 78 47 81 5 13 29 87 70 84 40 6 25 47 29 27 43 1 12 49 57 89 57 14 3 91 51 69 77 19 3 58 22 10 81 25 46 86 48 48 33 88 56 96 0 45 43 70 40 44 1 94 0 33 61 95 12 27 67 72 52 65 96 34 13 28 22 32 38 36 16 4 61 7 73 59 0 34 44 14 83 1 9 77 3 74 10 60 89 9 84 20 32 7 86 61 99 21 54 78 86 3 95 16 34 95 12 22 34 82 47 4 97 17 88 39 66 37 94 25 3 98 10 25 5 80 95 25 43 59 26 38 21 91 71 32 67 23 59 82 34 22 84 72 81 50 17 60 80 37 87 65 58 69 45 3 81 13 98 67 14 25 20 25 96 32 39 47 89 68 67 43 87 14 35 66 45 39 14 19 62 54 43 74 33 7 25 73 58 61 15 82 91 43 18 55 55 87 46 87 99 24 89 73 6 8 96 89 66 65 58 34 15 61 68 62 48 75 18 93 96 44 50 16 91 18 30 80 65 8 54 18 6 26 40 48 94 58 79 35 70 87 30 59 40 93 13 30 0 81 24 53 44 39 23 67 74 97 38 87 50 45 6 37 89 86 35 12 80 3 44 42 17 9 4 19 21 14 82 30 57 13 75 50 6 56 2 24 39 76 52 6 64 8 30 88 5 0 92 76 11 19 35 11 11 47 61 38 37 49 91 66 58 36 67 80 13 29 71 59 90 91 14 95 76 4 2 34 50 69 90 25 0 3 76 54 95 30 9 47 88 16 8 98 56 25 32 46 18 58 30 32 12 27 35 19 53 98 78 97 59 77 41 11 42 50 75 43 53 29 57 48 3 30 13 37 74 1 67 86 64 34 28 87 57 80 55 14 13 53 98 47 44 14 24 26 63 
85 57 65 10 60 11 75 30 0 74 80 9 62 30 42 56 9 95 55 21 84 82 52 68 25 86 41 90 54 17 94 8 90 24 97 66 88 12 33 76 96 67 79 33 54 83 23 49 99 13 25 38 61 20 36 23 30 46 91 21 80 31 78 15 79 66 0 60 16 65 34 6 85 24 6 57 65 52 45 96 81 40 33 55 6 41 16 2 85 30 61 37 85 38 44 80 92 85 87 37 64 9 54 75 91 58 17 1 93 95 23 68 26 58 71 18 91 49 34 24 93 11 34 45 75 83 26 86 63 35 97 20 61 43 44 60 71 91 23 59 52 35 79 31 34 25 51 88 37 80 43 94 26 3 16 89 68 68 96 78 90 82 49 70 14 41 22 1 8 36 21 64 29 95 3 38 98 51 36 96 39 70 62 11 13 76 29 26 60 2 32 56 65 12 50 54 43 34 42 21 46 18 95 59 29 97 88 35 40 27 11 78 6 52 49 32 13 12 82 84 22 21 9 43 74 88 61 17 13 90 29 72 90 75 81 58 95 96 30 58 79 92 81 52 88 92 62 36 46 9 75 98 74 98 42 19 31 94 30 7 62 41 11 64 75 33 35 17 51 76 61 66 92 72 35 67 87 56 98 24 93 13 87 76 12 31 84 57 79 58 57 15 81 18 51 26 97 63 0 65 33 25 52 12 21 2 84 86 11 74 89 28 97 90 56 40 45 26 87 89 23 28 62 73 99 20 86 17 45 16 6 74 22 91 9 68 65 38 91 11 46 76 71 27 62 51 72 8 24 45 43 30 94 32 52 19 94 40 85 15 38 66 35 55 77 26 6 1 89 80 39 82 58 24 16 1 89 56 8 48 81 26 43 61 20 46 20 31 53 75 22 24 56 64 56 24 99 78 88 31 
47 16 33 16 91 80 99 80 37 80 96 65 56 64 89 13 21 98 46 29 8 85 74 5 7 42 57 43 3 27 39 39 98 47 93 5 31 3 66 21 94 85 47 71 6 90 75 15 82 28 62 42 4 62 52 46 60 20 81 77 17 90 74 97 83 87 63 44 48 85 63 39 44 78 35 21 95 34 42 79 14 96 20 1 96 99 42 86 14 94 21 33 9 41 51 64 48 69 38 38 85 17 10 4 0 48 10 39 65 23 62 80 89 7 27 51 53 18 62 25 26 80 94 93 64 62 92 25 28 74 68 98 31 57 61 44 1 1 49 62 38 21 42 14 76 15 41 72 49 45 69 57 51 74 66 9 9 95 26 24 55 32 87 45 21 28 75 12 48 26 12 98 81 84 64 70 70 93 40 87 78 34 55 59 5 56 25 46 80 82 49 92 58 88 84 39 67 82 75 52 71 91 47 31 39 40 42 24 27 62 57 93 40 71 48 38 96 55 13 72 30 97 97 85 88 71 35 11 25 44 62 63 92 84 21 79 98 13 29 79 36 89 7 61 81 78 47 56 97 45 57 30 18 18 5 52 61 24 0 37 64 28 36 69 67 74 56 45 61 92 13 28 40 25 32 36 91 73 90 97 75 56 36 73 20 80 14 65 58 38 58 66 99 23 65 52 6 75 90 31 73 99 18 55 15 72 54 69 41 7 11 42 22 26 83 56 16 22 68 51 50 23 14 54 87 77 24 18 87 89 16 82 24 23 7 67 66 45 51 53 44 96 19 55 63 81 86 80 7 50 11 63 1 2 20 28 30 75 55 63 78 62 50 81 49 17 46 60 88 76 53 88 59 92 93 63 49 91 52 49 65 67 95 12 43 47 84 61 10 31 4 72 45 28 23 24 28 99 65 91 
9 76 44 81 22 39 15 47 56 50 39 78 40 5 72 31 33 14 98 29 87 27 88 92 14 98 21 45 86 55 5 40 81 11 62 81 81 21 67 46 93 57 93 51 98 68 29 11 54 39 9 51 63 73 91 89 5 99 50 50 90 35 5 74 89 24 29 7 97 14 39 57 95 67 47 33 46 88 27 1 19 42 19 51 88 19 36 88 68 45 3 19 56 89 43 90 40 12 55 24 73 98 85 67 58 82 21 24 72 66 26 73 71 91 46 62 89 72 49 39 81 95 92 77 77 32 65 3 43 81 70 67 94 17 65 89 6 53 19 99 73 96 94 58 10 38 63 92 71 11 24 50 15 57 48 51 87 75 57 90 29 24 23 81 18 79 77 23 28 48 65 75 92 75 99 41 0 15 62 88 49 10 94 48 71 23 57 79 73 68 1 83 26 49 81 49 52 29 56 28 35 47 6 75 18 35 8 1 70 71 90 3 19 12 91 58 75 65 89 70 56 54 89 37 90 13 38 97 13 37 1 21 4 82 39 32 13 69 34 39 3 36 45 68 54 57 55 56 54 39 37 10 10 77 47 0 74 86 64 22 95 13 53 9 6 33 48 82 91 3 17 46 15 59 45 16 5 49 25 45 89 86 45 91 18 49 6 9 21 57 24 98 5 91 56 57 73 97 5 4 72 99 9 7 51 33 63 26 32 60 14 17 62 88 77 45 9 42 61 60 39 31 66 73 95 81 86 52 29 16 2 50 90 11 90 62 14 4 23 47 11 62 66 90 12 50 16 78 85 32 49 36 65 58 58 98 61 81 26 7 67 87 46 50 23 33 15 74 36 98 36 3 59 23 69 5 75 24 0 37 33 27 10 82 94 40 87 38 44 97 29 25 66 51 2 1 62 88 73 31 
14 58 68 61 75 12 39 61 48 11 87 44 14 64 51 98 18 28 95 93 96 28 84 0 38 66 22 14 40 28 61 47 67 7 69 58 31 63 68 43 90 25 18 92 2 81 18 7 58 86 8 38 47 42 12 81 24 6 42 35 36 41 36 55 47 55 76 41 16 41 15 70 21 0 25 52 48 15 89 57 92 29 75 57 7 3 44 78 23 61 50 88 74 82 69 50 67 89 13 63 25 79 9 40 90 83 55 32 48 3 53 53 67 23 96 7 63 11 11 23 31 37 89 2 91 1 95 50 65 81 24 19 2 7 50 49 4 1 14 50 11 11 94 59 16 79 90 88 12 94 12 3 5 21 25 49 65 18 85 27 44 19 72 10 68 23 6 82 3 68 88 64 56 41 4 26 9 93 31 3 97 84 52 35 64 49 36 4 91 79 16 14 33 71 7 12 22 53 17 47 52 79 22 2 47 24 11 67 69 41 13 97 6 41 71 87 20 4 59 55 2 69 32 67 90 57 99 8 72 95 90 11 9 42 44 73 93 59 42 13 21 84 81 25 71 25 13 86 81 24 18 60 48 68 81 33 66 77 37 18 75 40 38 95 69 17 1 88 81 44 66 25 11 96 35 80 5 96 58 20 84 92 52 84 20 24 51 48 77 48 96 44 30 80 77 82 9 12 63 1 75 42 87 19 21 2 26 30 95 47 53 62 60 4 90 2 58 14 93 74 32 0 74 87 81 7 55 9 79 15 84 5 87 81 9 66 23 74 96 14 41 0 56 48 34 12 49 28 43 84 0 60 66 50 17 62 53 44 96 4 82 2 5 2 70 21 44 98 83 69 67 84 56 13 85 33 61 77 27 50 2 12 32 85 12 27 31 19 44 81 23 18 86 57 22 0 91 22 67 1 
31 89 20 62 63 40 69 66 21 77 12 97 7 36 21 47 96 41 34 50 68 74 30 63 24 20 15 83 63 76 31 20 59 24 19 9 62 3 67 50 58 41 14 5 43 70 67 34 40 90 34 60 17 73 15 72 83 76 51 37 5 75 20 26 49 8 48 0 2 88 81 50 13 81 92 17 69 16 73 31 91 48 29 53 22 99 43 69 84 91 84 97 85 7 90 8 51 91 47 76 38 13 77 50 81 22 25 18 25 84 81 6 30 9 98 44 99 72 85 1 5 87 20 97 83 96 97 85 73 76 71 92 6 65 28 61 94 38 14 31 64 45 65 90 28 48 8 58 40 8 83 77 24 58 20 18 88 31 5 31 49 43 65 38 55 92 74 52 5 55 47 57 81 67 6 0 85 53 80 22 46 56 43 89 9 22 64 43 3 94 77 10 45 23 61 14 75 42 95 10 33 43 95 99 48 22 19 47 62 0 90 41 0 66 47 60 26 9 51 32 72 43 14 11 20 66 43 29 37 99 39 87 22 60 20 6 53 46 26 32 18 41 61 58 26 84 9 98 1 33 35 55 56 92 88 14 63 67 78 63 22 43 53 57 49 9 32 30 93 3 45 47 69 80 43 58 29 56 49 40 21 89 86 82 90 95 39 54 53 70 92 39 24 50 26 14 45 10 64 34 75 97 73 71 95 5 2 0 24 64 57 78 3 21 65 97 86 30 10 24 70 3 27 18 14 36 50 46 74 31 36 51 20 56 2 12 73 84 23 86 39 83 55 59 90 20 84 21 5 83 51 11 18 75 80 36 40 9 17 98 96 55 20 24 58 48 0 31 2 33 46 17 11 88 9 92 54 64 6 49 50 65 40 88 30 12 99 71 31 45 91 38 96 52 40 70 99 2 99 52 
15 52 99 79 91 25 81 72 96 44 53 87 37 24 34 23 1 55 88 74 58 53 71 25 21 69 75 12 31 12 70 82 34 25 58 56 39 1 72 56 42 33 27 76 90 4 89 3 87 92 2 3 6 7 95 75 16 71 22 47 52 75 90 58 17 81 22 79 27 88 21 20 18 53 21 70 18 17 96 9 73 64 50 91 1 81 33 98 48 4 33 15 8 16 3 39 12 34 12 17 8 26 2 35 8 9 11 25 0 71 85 12 70 57 93 41 85 45 94 87 17 65 80 27 19 29 21 6 25 14 64 46 77 87 25 25 91 21 97 9 33 42 22 72 54 77 13 70 9 5 93 69 83 30 51 35 51 4 96 35 30 95 38 49 75 7 71 75 7 25 26 92 88 38 76 79 58 38 78 97 2 63 44 18 35 96 93 1 18 0 15 89 95 75 78 18 53 22 24 61 92 6 72 57 49 99 51 71 81 14 10 51 7 89 97 6 88 37 67 22 76 72 68 89 42 93 47 51 39 69 4 78 11 98 57 58 12 97 91 16 79 84 83 99 72 50 77 26 54 10 25 77 23 74 81 46 65 8 99 53 45 46 66 83 87 51 90 56 50 37 3 39 41 15 90 86 66 46 40 30 6 92 35 80 41 29 51 65 79 62 68 39 88 54 72 55 8 27 3 54 14 21 41 87 46 57 47 60 28 9 14 25 11 38 89 51 53 21 9 5 29 10 46 58 99 58 16 31 55 44 11 92 68 86 83 66 70 5 86 12 78 39 63 76 97 51 62 23 28 70 61 83 90 56 11 77 22 88 99 39 39 97 84 92 21 1 22 5 86 39 27 6 80 64 22 38 89 89 84 32 81 60 77 38 62 88 58 94 78 10 21 30 28 29 76 40 56 65 77 22 
56 55 45 16 47 80 28 28 37 51 69 89 68 7 67 39 73 74 38 49 30 14 89 13 90 70 32 36 73 9 46 97 10 29 65 51 98 51 21 13 56 93 54 78 93 27 41 74 52 34 20 63 90 34 45 19 86 63 12 53 13 35 23 30 36 53 67 66 34 1 45 22 19 79 95 93 5 1 15 22 82 36 28 56 47 25 67 5 3 0 99 2 31 38 78 80 17 72 83 55 29 58 80 75 64 29 31 99 63 75 75 20 44 29 2 59 31 15 4 86 94 21 95 37 23 13 77 59 97 40 1 18 41 15 41 79 54 39 59 39 3 62 75 95 13 11 73 45 57 28 72 99 34 18 86 51 1 58 60 44 16 66 24 64 38 26 49 3 82 25 28 23 10 7 73 0 25 63 91 57 78 88 95 39 31 95 49 14 86 32 5 31 75 39 46 41 63 17 61 34 34 83 36 75 43 20 63 42 48 50 22 48 96 51 60 59 53 41 12 66 45 95 58 7 69 93 77 72 72 74 66 89 93 93 7 24 6 43 41 22 39 14 55 46 58 37 32 35 29 58 87 22 87 7 33 17 90 86 50 54 1 87 95 71 36 83 47 6 52 50 77 63 21 21 66 82 53 34 72 34 50 67 9 75 3 57 16 96 23 84 49 58 30 42 15 77 1 98 51 64 8 83 74 15 10 9 15 0 15 94 14 13 69 36 32 53 93 3 96 37 47 73 45 29 16 57 57 27 19 28 30 15 78 49 3 11 82 76 17 13 94 69 94 87 64 82 30 27 1 66 96 23 38 20 31 50 63 83 30 96 54 83 21 50 83 84 77 49 78 25 73 77 46 11 54 29 13 3 28 41 20 34 14 63 33 72 16 50 81 72 6 52 95 85 8 2 50 59 40 49 
98 84 71 55 74 69 36 34 84 17 74 85 49 28 12 53 94 31 30 61 32 4 65 88 57 44 30 42 55 12 76 54 68 88 51 52 26 89 85 23 43 19 67 12 68 66 59 16 16 40 25 22 51 95 87 52 88 10 17 19 14 10 36 97 82 95 73 43 26 89 85 40 16 88 61 61 70 2 91 64 52 31 71 50 87 25 55 15 93 25 79 85 60 21 46 70 55 8 16 81 15 79 20 52 90 54 26 69 90 50 84 67 52 48 90 32 66 6 90 10 42 8 81 35 68 45 28 20 68 79 82 26 71 41 82 52 14 96 55 55 8 60 82 18 91 19 60 65 95 18 84 89 98 59 43 70 23 15 11 87 95 13 57 41 93 50 58 23 67 38 96 37 17 15 96 36 10 52 75 16 19 69 29 63 50 30 5 33 55 61 94 68 7 56 46 67 46 81 81 70 53 24 44 11 88 94 43 63 39 8 88 98 68 3 57 0 88 21 23 41 79 12 47 83 65 77 41 19 52 48 48 24 72 10 53 50 69 43 79 63 76 93 30 94 13 97 63 61 23 80 44 49 76 65 72 43 63 24 89 18 2 22 24 6 53 36 61 30 52 9 24 93 9 96 95 29 38 89 88 62 0 7 97 22 48 82 47 49 88 30 56 91 37 43 84 95 19 26 25 34 10 68 6 33 57 58 21 3 40 53 36 42 53 14 34 0 6 20 78 61 20 5 60 43 8 19 67 60 55 84 57 55 58 64 52 22 96 65 5 87 90 27 83 34 85 97 95 26 38 44 50 94 4 47 6 81 43 54 84 61 40 30 53 60 25 5 95 53 2 55 95 62 72 49 9 57 17 1 68 20 77 73 10 20 11 98 18 58 50 84 48 13 46 69 32 86 50 31 39 45 
44 78 59 15 19 89 94 60 43 20 64 76 2 34 48 40 73 88 7 98 14 45 43 93 45 47 64 49 49 51 20 75 84 4 52 75 2 17 57 11 42 95 80 27 69 49 86 74 51 23 75 64 98 74 57 64 34 70 39 36 18 35 82 42 17 16 48 10 41 32 87 1 94 87 68 84 10 5 17 33 68 97 0 97 11 37 45 15 36 84 34 75 98 88 0 71 24 13 41 63 32 70 76 19 4 34 96 24 42 26 5 54 40 49 91 76 71 99 1 93 71 23 77 68 40 15 60 42 91 9 12 82 20 27 16 36 39 94 20 74 20 28 82 96 79 67 36 54 76 61 87 67 24 65 87 92 40 50 8 62 57 71 61 60 25 3 74 84 95 38 51 28 13 99 51 44 26 59 79 58 38 85 36 33 34 76 98 30 39 63 1 91 63 7 75 61 41 94 16 89 28 53 51 58 68 87 18 5 16 9 51 57 7 69 16 6 73 67 68 71 24 84 95 19 72 49 60 56 82 96 80 61 91 77 2 74 9 12 57 44 78 89 34 95 17 8 66 62 41 30 70 18 91 83 17 87 44 73 10 58 67 5 39 72 32 61 73 93 40 86 81 85 3 83 98 51 12 29 64 71 31 44 68 5 85 22 33 30 3 39 38 18 28 13 37 83 89 73 88 78 10 25 6 39 43 91 0 17 46 26 84 50 66 67 9 12 57 35 41 74 98 55 76 33 78 49 54 46 0 29 18 58 78 77 15 11 46 97 47 91 85 90 11 50 31 74 63 28 39 81 10 99 72 78 43 35 4 35 5 36 96 61 61 76 81 87 98 28 21 34 5 42 76 81 61 9 1 21 84 45 76 24 48 14 34 50 13 67 74 96 11 21 70 85 31 78 33 97 45 75 
39 80 52 85 40 55 89 19 16 49 81 30 54 24 62 15 50 56 8 9 33 89 28 91 72 29 29 52 64 21 17 95 96 68 94 2 44 68 53 69 80 8 46 28 8 9 34 21 82 5 77 18 4 36 48 91 88 41 43 95 46 65 78 85 53 75 49 89 68 40 47 67 54 39 63 18 47 35 78 13 22 47 48 26 55 91 99 64 94 82 80 75 93 7 95 73 33 64 93 79 68 59 0 48 61 94 63 93 29 94 47 58 88 52 9 36 67 41 48 68 29 62 34 3 35 18 6 2 48 42 56 80 13 45 80 1 89 74 68 81 85 10 61 49 26 71 64 25 95 69 97 91 89 7 19 96 11 5 49 44 47 71 85 39 18 82 59 41 51 29 52 53 63 40 48 37 79 71 68 13 75 97 16 78 38 91 68 77 74 6 37 97 33 58 79 12 71 55 73 9 54 93 40 21 52 34 67 95 16 2 34 91 56 72 14 61 33 72 1 15 51 60 14 78 6 58 27 97 13 46 1 64 2 12 80 39 55 49 15 87 68 95 58 59 29 10 35 31 21 56 57 45 50 35 64 98 95 81 69 96 87 4 20 31 28 20 3 64 48 70 97 4 95 30 60 26 98 27 26 73 18 33 98 16 55 67 38 91 58 46 64 53 22 10 82 50 91 28 31 31 60 15 14 55 18 3 40 40 43 35 41 22 60 6 66 16 67 24 26 13 46 57 62 21 20 10 39 92 43 63 2 13 58 2 41 47 83 26 89 20 25 82 30 79 20 94 30 4 57 70 54 81 36 34 93 23 31 82 79 45 37 39 41 93 90 78 21 37 5 59 52 63 15 44 86 95 94 67 42 49 14 73 51 35 74 45 78 28 82 73 25 62 80 15 28 57 81 26 69 44 
17 46 89 40 30 33 1 83 36 76 6 94 1 97 81 2 91 75 57 40 10 23 42 15 80 67 94 37 2 60 66 45 25 11 84 60 28 58 38 11 36 53 82 20 62 39 11 2 87 22 22 74 66 43 94 68 1 51 25 2 1 59 68 35 52 31 41 75 83 93 31 70 73 14 45 86 17 93 83 17 87 3 53 19 78 7 49 7 8 7 23 96 39 3 95 7 90 92 79 8 79 47 50 13 24 23 96 89 99 89 67 44 78 14 13 34 51 22 11 47 88 59 17 70 86 0 43 41 56 35 44 60 10 93 0 43 91 96 19 69 51 85 44 78 9 4 55 92 35 60 19 54 62 11 47 17 93 62 71 40 29 13 94 2 18 69 57 61 40 94 18 1 29 75 26 1 54 67 19 33 97 93 55 57 72 84 81 0 53 97 13 65 17 64 46 14 19 13 1 54 67 27 85 5 66 17 65 85 19 81 61 76 38 25 29 3 96 12 34 28 72 13 39 3 21 74 99 54 75 28 11 67 91 24 27 78 41 1 80 63 71 5 61 77 80 25 26 68 34 48 44 13 1 82 18 95 72 10 79 44 28 81 77 4 28 94 77 84 42 18 60 55 71 82 82 1 86 95 65 86 17 93 33 78 68 44 93 8 94 55 56 24 66 10 49 24 22 27 19 99 37 87 69 8 74 38 42 56 96 0 4 75 69 61 14 15 82 4 10 35 8 75 27 67 83 46 88 79 82 65 89 37 75 30 99 55 96 80 79 53 99 76 1 83 46 86 47 30 26 64 15 56 61 53 4 25 89 21 54 10 39 98 43 57 76 34 86 59 50 96 82 13 58 20 54 47 92 47 83 96 29 94 93 74 29 85 55 21 3 35 78 49 57 64 56 85 78 51 98 69 
43 90 62 64 13 30 61 26 88 7 92 32 1 28 0 54 48 83 0 19 26 84 62 19 24 50 26 93 27 97 6 93 75 18 49 5 89 36 90 41 70 80 96 59 60 68 24 15 87 43 78 25 64 64 8 65 61 59 35 27 14 24 87 30 78 16 61 80 49 33 15 32 68 25 4 12 37 44 92 2 69 9 82 16 8 3 57 95 47 77 84 68 43 45 53 0 41 0 99 38 69 80 78 98 12 86 44 61 41 58 70 46 87 41 28 15 55 61 21 32 91 71 97 46 95 10 20 20 83 74 19 3 74 75 89 64 57 87 31 86 59 37 56 76 19 79 12 48 51 99 43 96 60 25 13 93 97 96 3 58 21 86 33 38 27 73 98 41 20 4 3 40 23 45 87 39 48 16 22 47 83 7 77 32 86 39 30 81 54 19 28 41 93 0 33 48 40 66 22 2 44 61 78 51 10 78 3 8 11 90 61 89 19 10 73 4 29 25 26 25 44 88 81 22 73 1 70 44 37 46 80 43 37 94 33 86 7 95 80 47 42 58 91 22 72 65 88 35 42 48 6 13 65 13 27 76 57 15 13 79 19 33 34 15 67 95 60 54 14 58 29 43 4 57 54 69 29 26 14 42 40 54 54 74 89 72 62 36 71 56 82 48 29 83 74 26 63 64 43 70 75 59 67 9 21 73 83 27 26 47 79 29 68 36 13 12 30 72 86 26 73 50 53 48 28 16 33 14 16 90 45 91 47 20 14 12 78 44 30 67 44 83 50 90 28 6 77 34 18 52 70 93 43 11 22 91 15 52 11 64 78 71 24 81 29 98 22 45 90 85 66 66 38 85 29 80 90 57 24 61 92 86 19 74 91 94 0 88 70 43 44 31 98 29 86 43 1 17 19 91 
29 31 48 11 12 71 86 41 46 95 23 48 37 13 14 32 91 42 56 96 85 6 71 48 47 58 88 57 20 98 64 59 67 32 21 59 46 24 30 42 50 14 94 28 48 37 28 20 10 45 46 78 97 55 70 14 65 44 14 41 53 59 23 13 1 51 15 46 33 60 72 6 24 84 8 40 33 26 16 13 77 10 42 39 53 75 19 15 17 81 27 20 81 53 30 40 90 36 46 43 76 95 26 82 12 95 95 65 45 83 97 80 47 25 4 54 13 79 35 95 94 51 81 65 26 1 90 89 91 15 52 99 56 73 10 77 52 18 29 23 78 43 90 44 40 26 80 8 46 14 70 23 16 49 82 77 94 49 43 59 15 36 91 69 0 42 46 88 14 37 47 41 11 71 56 22 0 33 69 29 3 23 79 91 36 19 23 11 65 83 64 47 42 91 5 50 44 14 88 34 29 24 65 20 61 0 23 18 72 14 24 48 8 20 88 46 29 20 48 17 97 50 70 36 76 56 88 77 72 65 97 60 54 94 23 71 94 94 23 63 87 21 85 38 70 80 91 97 67 62 56 59 60 98 10 35 50 23 93 27 13 72 4 70 40 81 81 43 85 49 92 10 14 55 44 46 68 78 21 39 50 68 33 42 69 38 2 75 27 0 19 83 70 9 75 87 71 36 46 59 22 30 33 2 8 26 80 61 98 24 78 61 7 46 81 10 53 84 70 82 96 12 92 74 27 17 80 27 87 88 87 16 38 95 87 44 57 3 59 78 0 57 34 43 61 53 29 78 15 11 40 33 39 61 50 28 81 37 56 68 93 51 20 22 76 74 66 91 9 99 99 98 59 49 28 84 97 91 17 7 3 31 43 66 38 37 58 20 3 39 15 36 88 54 49 84 92 57 18 28 
41 8 5 0 2 40 5 12 25 13 13 28 81 52 42 45 33 74 64 63 13 29 69 55 65 9 34 26 19 70 59 62 92 8 37 33 70 98 82 44 23 91 64 82 54 15 74 85 90 62 68 44 72 42 97 38 10 9 14 5 68 35 76 23 26 25 70 21 49 28 4 88 91 10 44 49 37 26 43 99 43 31 57 24 55 81 20 20 77 96 58 25 63 78 27 32 71 37 38 63 2 96 94 75 27 68 7 16 95 58 56 19 16 35 9 6 82 80 95 94 74 63 46 58 37 86 70 35 84 67 23 32 70 71 75 94 89 15 98 11 66 15 63 0 59 37 14 99 82 74 8 80 7 51 82 18 4 11 2 36 49 23 30 39 7 18 6 25 97 17 13 72 4 34 6 26 90 21 89 87 98 27 91 17 46 83 90 32 55 9 22 26 8 60 83 73 8 3 84 3 65 88 67 72 37 17 74 2 16 15 34 25 82 71 74 70 83 94 77 26 23 64 68 22 71 16 26 25 85 24 73 24 71 91 66 30 39 66 51 24 10 67 0 46 34 2 23 98 44 42 77 4 90 92 10 68 5 46 54 0 59 43 45 37 19 37 28 35 96 47 97 11 3 37 97 21 63 84 44 78 79 30 68 79 15 45 25 59 7 86 85 6 93 22 36 54 7 88 66 54 8 94 4 40 87 37 15 63 24 45 43 81 3 74 87 3 35 71 25 19 99 89 89 58 31 55 89 38 29 19 8 57 81 38 35 46 86 59 3 23 82 45 96 36 57 10 22 99 28 18 58 29 4 85 87 44 29 72 49 46 8 58 33 24 37 10 91 54 17 11 25 98 47 77 85 63 76 54 16 36 56 99 8 25 99 27 22 33 88 28 64 93 61 77 47 8 75 72 76 12 
91 53 69 20 77 99 93 1 92 6 31 54 23 60 98 66 62 47 92 93 84 83 86 16 30 0 0 5 36 87 62 95 12 90 70 64 72 68 3 51 29 46 13 32 11 78 17 73 96 58 11 36 39 25 35 10 94 67 5 46 43 47 25 63 17 76 57 46 74 9 40 4 44 6 31 58 14 98 61 54 97 90 13 48 23 46 2 29 82 98 86 76 96 80 44 41 33 85 74 55 9 76 64 41 16 62 73 97 4 62 62 76 62 57 88 56 79 66 49 46 92 66 59 42 71 46 68 5 52 67 53 23 13 23 34 33 90 78 78 49 31 44 84 59 10 17 76 94 0 5 6 31 83 53 23 69 25 33 18 90 27 60 78 17 28 37 20 77 36 31 76 25 89 87 98 88 57 16 75 34 84 83 38 40 71 96 68 53 25 65 11 57 69 82 21 86 48 69 20 25 88 79 45 10 86 26 14 99 48 12 96 62 49 52 85 88 5 12 32 97 16 67 42 22 86 99 5 46 41 5 39 52 42 32 54 27 72 3 38 87 54 47 74 95 51 29 50 48 60 99 8 13 88 89 6 24 51 26 75 56 21 96 21 94 84 12 87 9 9 21 51 73 11 12 30 68 92 96 10 15 72 75 44 23 11 88 66 63 59 31 63 84 46 22 10 44 68 93 51 95 72 84 68 32 79 11 72 46 22 71 82 10 74 3 71 16 97 49 91 28 38 90 17 3 55 31 86 14 38 29 8 98 14 92 79 65 15 32 92 12 65 96 76 77 57 26 11 95 36 90 85 63 72 3 9 61 61 39 32 80 0 26 0 6 30 13 34 63 38 15 37 80 59 57 48 83 9 78 34 97 66 61 88 71 14 46 94 13 22 90 69 36 56 35 96 78 28 47 30 75 
61 44 8 42 18 28 52 21 47 66 33 9 67 77 43 49 71 47 17 88 81 28 89 37 5 28 80 51 96 26 59 73 59 55 25 99 6 23 15 74 13 18 88 81 29 21 32 44 52 82 6 57 15 33 52 61 36 85 24 0 99 83 89 20 64 64 92 59 89 85 96 47 82 42 30 45 26 7 5 33 20 43 77 61 22 14 54 76 68 42 88 42 80 44 20 37 44 39 37 65 89 53 28 71 83 30 45 38 5 46 79 16 71 38 34 88 73 77 94 75 17 15 47 32 91 42 23 67 24 29 72 10 97 73 79 67 50 22 35 4 59 86 14 80 93 56 64 93 84 31 10 74 23 0 2 3 33 70 39 47 23 96 60 85 54 16 52 14 2 6 61 58 27 3 33 73 7 3 77 8 84 49 72 80 27 45 37 59 81 54 13 0 89 22 22 95 43 54 57 81 91 54 99 61 57 73 34 68 56 1 67 75 48 69 57 58 24 78 56 11 27 56 58 43 67 69 30 16 28 27 4 28 30 86 81 12 77 4 15 57 48 84 51 39 24 97 44 64 11 80 83 47 68 30 61 52 60 47 8 31 81 4 38 38 94 39 90 84 28 72 45 60 52 74 28 55 77 68 83 41 38 41 93 92 51 70 5 54 0 82 68 64 55 87 79 52 52 63 64 57 25 17 28 19 31 69 88 16 82 17 24 93 91 38 87 50 96 31 49 5 84 20 73 48 13 13 79 1 98 28 93 18 65 44 8 69 77 23 37 93 55 46 56 13 50 32 13 24 8 1 18 19 67 16 77 55 96 14 93 74 94 12 86 63 86 55 60 32 10 99 4 28 96 22 71 53 49 93 75 67 98 67 76 29 97 77 46 64 58 59 83 18 92 17 7 93 42 91 2 56 
43 13 1 69 14 77 29 88 26 47 61 99 54 83 91 30 55 61 41 96 29 42 11 70 6 89 71 20 29 53 16 14 88 61 64 42 60 43 62 15 9 65 82 51 48 0 62 72 79 39 69 79 85 65 42 22 14 26 84 91 53 7 23 70 79 90 45 76 67 48 69 57 20 66 68 59 93 70 62 63 40 63 64 11 80 22 80 61 19 71 32 99 68 23 14 7 18 63 51 45 78 24 23 63 45 56 33 68 48 42 4 68 99 37 40 39 48 43 28 28 22 20 24 8 6 31 83 38 96 21 7 61 81 31 96 0 99 18 46 30 14 98 62 11 14 13 34 41 97 54 64 54 14 80 24 57 73 65 28 62 37 25 30 44 40 97 32 65 55 20 31 4 41 19 52 35 36 92 2 78 81 17 30 64 19 13 47 58 59 88 47 40 90 51 81 85 36 83 11 10 16 46 27 23 88 85 60 12 49 56 20 77 2 23 11 5 54 26 27 32 27 96 10 52 66 55 83 88 88 43 16 42 78 96 32 27 24 77 8 4 26 38 16 79 71 64 55 82 29 75 18 39 22 17 57 5 6 46 39 26 64 38 33 30 69 82 24 31 67 37 86 28 38 19 41 27 77 96 86 54 18 1 97 46 31 11 98 63 8 10 76 15 77 57 52 29 10 68 40 87 44 43 20 95 17 61 28 74 55 75 59 10 57 22 24 62 54 74 79 48 38 52 71 78 82 87 98 88 48 2 0 28 59 37 11 67 56 77 33 79 81 89 4 26 41 43 79 70 67 62 14 1 52 93 24 80 47 51 66 78 60 77 11 54 97 61 22 4 42 96 32 11 15 26 15 33 26 84 97 27 95 67 57 61 0 68 19 88 53 35 90 28 16 3 35 76 17 21 27 87 
91 93 85 78 26 38 29 92 32 46 32 29 37 13 61 85 64 28 27 83 23 89 36 25 86 41 50 11 95 59 64 20 16 59 39 59 25 77 45 14 40 47 90 47 74 20 85 60 20 7 5 16 93 35 45 10 62 32 25 50 79 78 10 30 88 40 63 11 4 60 41 8 25 85 64 25 92 45 59 56 2 88 66 80 44 20 89 55 34 99 80 58 34 82 13 38 7 23 77 97 0 69 23 1 23 42 2 84 30 74 45 5 76 35 72 43 67 60 16 47 52 81 18 42 67 75 53 87 2 80 89 54 28 22 72 82 99 16 35 16 65 25 12 64 33 27 7 8 66 71 70 3 96 36 37 15 63 25 17 78 64 35 27 93 12 29 72 27 80 54 85 20 23 84 32 45 30 30 9 59 21 65 70 30 4 99 79 65 85 0 95 3 9 24 35 31 25 40 39 3 86 83 22 73 38 1 77 51 46 87 32 86 29 22 69 57 14 89 77 83 9 32 45 41 85 67 80 96 46 65 97 70 33 81 39 87 61 58 59 75 61 27 90 14 57 54 27 72 53 44 19 42 87 53 96 32 65 32 15 51 71 50 37 78 66 75 16 85 13 5 89 69 43 24 9 82 58 38 0 18 82 15 41 13 52 63 80 73 20 35 48 36 5 38 21 32 56 73 16 95 36 21 52 39 29 3 6 68 22 16 88 63 52 66 3 49 79 23 64 52 47 12 3 69 63 37 47 63 36 67 93 22 10 18 68 88 46 40 16 52 91 97 22 36 11 81 48 73 56 63 54 44 36 76 27 99 41 54 83 25 37 97 17 10 25 43 61 70 82 91 29 63 81 90 39 85 67 92 9 14 16 12 56 54 9 25 18 93 44 31 35 98 11 51 81 10 23 6 55 66 
90 29 87 33 86 97 80 17 93 43 70 79 34 95 83 37 82 40 62 17 22 7 42 15 46 1 93 79 87 50 45 11 81 72 19 33 48 28 50 29 84 67 3 14 35 38 15 46 29 50 96 47 74 86 15 72 87 36 21 84 42 52 32 69 63 26 73 76 51 85 64 44 4 6 64 36 81 67 35 53 56 97 12 36 37 41 35 84 9 54 12 66 62 18 52 26 5 9 49 85 89 38 37 7 38 53 64 39 22 73 65 89 63 11 89 40 97 70 18 92 81 44 72 69 97 53 41 24 70 23 70 53 72 22 88 22 5 21 0 59 45 43 27 75 76 99 25 58 85 78 52 95 97 71 23 84 43 33 43 27 14 19 10 15 19 72 70 80 14 64 88 35 51 67 82 22 53 84 2 95 9 65 92 82 51 85 10 35 7 26 2 96 94 93 95 16 27 22 43 33 71 92 0 16 87 32 58 35 41 44 93 98 54 64 32 64 99 52 29 95 73 37 65 10 89 28 74 4 71 71 35 23 46 27 24 26 77 58 23 5 89 66 54 20 19 5 34 14 51 51 63 72 5 68 85 11 75 90 47 2 3 83 9 15 98 7 3 60 21 97 12 17 68 22 29 88 80 22 99 23 85 45 14 49 44 21 14 56 24 22 33 11 24 22 67 32 52 55 67 22 68 33 31 46 46 32 13 39 90 9 27 45 40 80 72 19 9 94 76 3 33 88 74 98 8 16 11 19 27 70 98 57 77 14 22 57 19 32 60 12 48 96 25 85 81 51 78 10 96 57 66 60 97 96 28 80 77 29 50 83 67 42 65 17 17 92 30 38 48 42 36 93 98 10 35 13 35 34 96 97 17 5 82 63 5 75 8 8 99 54 60 50 17 2 56 93 35 80 71 36 
48 94 98 35 61 78 67 17 58 21 5 56 57 38 54 35 72 99 14 75 81 49 21 4 44 2 46 86 91 56 28 88 36 73 21 4 4 26 70 45 66 52 11 44 16 15 55 92 10 25 66 16 15 7 48 91 80 74 65 36 89 69 59 21 86 41 71 72 71 77 64 31 4 19 32 53 68 34 89 75 91 93 35 40 65 85 30 40 49 30 59 21 78 96 18 88 69 83 26 82 18 23 1 10 79 26 77 50 71 22 99 80 52 60 46 95 12 73 55 77 8 71 65 68 53 11 2 64 50 60 24 23 14 52 4 96 60 29 74 12 88 71 67 94 52 28 11 4 79 93 15 82 36 39 35 35 18 28 7 14 87 18 51 19 70 20 38 66 74 64 71 54 0 41 71 98 51 51 30 64 66 31 6 63 77 31 76 27 58 85 0 29 71 19 84 37 11 79 63 55 13 84 99 65 25 56 32 23 66 99 19 78 86 77 60 11 4 23 50 19 0 24 87 91 82 5 50 85 36 49 15 87 29 23 84 45 69 73 38 98 12 90 18 59 98 46 12 82 48 76 71 96 16 84 38 69 64 2 31 13 61 83 62 44 3 67 60 61 40 46 49 6 29 23 82 91 70 25 67 85 6 28 4 81 58 36 98 93 26 85 25 74 10 63 12 95 42 46 24 93 97 64 56 20 54 82 24 1 82 96 33 88 64 41 5 75 23 18 15 83 0 46 57 67 20 74 8 7 18 78 56 26 40 80 60 40 17 30 40 53 27 10 22 82 8 17 78 49 51 33 69 14 80 21 31 93 70 29 95 98 28 57 87 88 17 80 30 85 81 81 82 24 8 79 13 16 17 14 82 84 92 17 79 55 24 33 43 99 88 10 89 44 31 33 71 78 17 50 0 3 
95 66 18 62 74 19 92 29 64 35 66 32 80 70 71 62 83 20 36 67 11 63 10 50 83 65 14 69 79 4 78 64 45 29 39 18 84 74 45 18 52 0 26 56 86 24 67 18 38 2 47 89 86 34 46 72 64 65 41 45 47 28 10 93 74 98 22 93 42 24 97 2 9 76 82 57 34 48 64 27 27 45 29 66 41 1 56 93 55 92 64 93 50 1 6 77 87 81 95 86 32 78 8 62 60 17 74 78 53 36 26 22 89 2 51 6 49 39 1 86 91 56 14 41 22 38 19 22 82 71 10 42 79 14 73 66 59 54 26 0 18 85 56 87 53 37 8 52 24 92 13 82 9 48 13 62 14 85 69 28 89 42 67 13 58 37 26 37 53 71 81 14 86 59 24 1 45 2 47 97 29 0 60 2 0 40 95 64 51 21 76 52 64 51 21 22 85 92 37 28 83 65 40 53 87 87 72 65 84 26 31 64 37 70 14 58 24 57 21 66 39 90 36 74 57 3 18 69 21 49 79 10 23 50 87 52 67 59 77 39 54 87 13 94 30 8 14 85 29 69 67 61 25 68 8 29 83 52 48 59 73 14 60 48 68 19 58 92 14 5 19 70 96 51 33 95 39 54 6 75 64 61 97 12 74 63 62 50 47 68 64 8 93 25 92 65 78 20 13 25 58 80 18 34 17 60 79 82 37 42 68 82 68 5 62 60 88 83 96 84 50 37 97 36 42 52 58 6 78 14 59 78 49 75 57 28 13 8 99 47 42 77 53 43 77 18 0 21 54 36 83 44 57 61 37 1 31 30 76 6 83 7 29 52 6 80 97 72 49 6 56 91 52 91 12 24 56 34 33 46 65 27 66 61 28 55 58 42 8 26 68 26 1 92 39 54 66 18 94 13 
44 41 68 50 75 88 3 49 28 35 6 63 63 26 55 28 45 86 21 33 74 42 91 18 9 78 25 33 8 73 48 52 82 23 37 71 30 1 84 62 81 87 15 77 31 70 32 25 94 36 6 58 36 9 9 89 6 20 79 45 88 1 55 84 43 75 56 75 81 92 21 34 96 4 75 64 33 96 14 23 14 68 13 74 46 59 49 4 52 89 41 21 75 86 87 58 0 1 68 89 36 27 44 25 84 49 24 39 10 38 57 18 78 62 98 13 72 56 81 54 8 39 42 61 15 12 15 49 88 89 3 14 20 36 21 88 13 33 16 59 49 30 49 32 49 46 64 46 55 28 75 16 89 9 63 14 71 63 80 90 4 7 43 26 60 81 26 63 52 86 60 92 46 71 86 74 91 96 40 18 50 71 4 98 43 15 8 96 40 87 30 69 3 7 93 8 36 89 1 17 92 47 20 41 78 92 63 79 88 8 39 16 90 46 80 91 11 25 97 66 8 64 13 65 73 25 41 49 68 87 92 39 57 12 43 18 32 91 81 37 61 55 90 1 17 43 14 47 63 23 73 57 98 10 45 83 94 41 63 80 25 1 77 76 63 21 99 44 4 31 44 64 85 27 84 41 89 23 24 11 30 41 66 44 50 70 49 50 43 24 23 6 82 22 77 1 23 30 74 47 6 40 56 69 68 65 24 75 74 43 28 47 69 95 54 72 45 54 50 51 55 84 68 38 64 6 11 42 76 11 77 26 27 78 29 12 43 26 1 88 46 25 51 14 70 45 6 33 10 40 40 61 94 55 99 97 70 77 5 82 23 20 36 58 98 41 6 16 41 44 96 67 99 59 17 25 80 7 10 18 17 70 19 81 57 47 8 6 80 23 85 33 26 62 99 26 32 17 4 26 
51 77 5 76 33 31 22 19 43 41 73 0 51 18 87 67 95 54 67 2 50 96 16 28 44 51 97 51 16 66 43 9 23 23 48 89 26 63 97 57 64 24 57 54 71 26 11 66 92 54 72 93 17 84 98 59 94 60 88 65 18 12 43 94 75 68 28 80 4 38 80 95 42 82 8 65 85 0 36 82 93 73 2 58 92 4 67 73 58 38 10 71 50 76 64 60 78 15 71 1 70 75 73 40 37 57 59 88 10 11 3 45 69 18 26 54 4 74 30 43 11 51 88 81 69 12 65 84 5 75 19 81 69 92 53 92 42 39 30 92 8 63 57 40 88 81 0 44 83 43 97 65 89 81 6 48 10 41 80 98 51 50 37 52 28 36 96 81 4 34 61 48 22 60 17 46 79 97 28 65 15 60 46 58 24 59 59 32 53 16 7 89 44 51 8 53 51 23 49 16 71 64 11 69 69 2 66 61 64 60 6 28 92 39 94 98 9 96 37 32 55 19 19 70 37 10 38 32 51 33 66 8 48 35 93 43 79 25 95 77 62 37 46 50 16 94 61 58 32 22 10 89 87 4 24 76 44 71 82 47 54 78 97 51 38 98 7 97 95 61 29 75 86 48 47 91 37 35 66 26 7 16 71 51 93 85 97 36 80 94 15 91 34 38 3 33 37 89 37 0 70 42 64 95 10 29 30 82 15 8 71 85 80 2 32 73 70 44 20 1 46 55 2 67 39 54 8 31 70 92 23 59 66 0 64 0 37 97 35 31 20 56 70 76 54 24 92 51 85 28 7 12 76 15 91 21 28 4 75 48 55 7 57 27 29 32 97 10 63 50 54 20 6 87 60 94 66 6 37 90 54 17 47 68 33 44 85 1 9 29 6 78 43 50 82 91 47 32 2 3 
49 73 98 66 96 77 9 64 75 20 69 98 69 55 96 58 37 35 74 0 30 38 3 34 7 85 63 84 82 29 52 80 46 95 1 36 67 66 57 61 5 90 81 62 71 54 45 98 9 61 32 50 88 69 71 91 17 60 20 9 80 84 27 68 38 30 81 96 66 26 75 54 72 20 85 39 7 90 92 23 60 72 20 58 22 28 54 14 40 35 89 47 65 55 39 81 34 40 43 90 25 61 76 39 93 30 77 28 74 71 35 62 62 10 22 69 84 17 96 58 36 59 94 50 99 68 40 27 5 35 79 35 16 75 41 31 71 57 8 2 75 5 75 66 20 89 38 38 3 10 80 1 58 54 78 77 64 78 49 3 51 77 32 55 92 40 51 71 10 51 48 77 62 32 52 80 97 47 23 94 54 6 24 47 25 33 74 97 16 77 24 65 33 40 68 81 48 20 61 90 75 82 55 4 63 92 42 3 49 66 51 4 21 40 50 89 13 53 30 49 21 84 23 24 38 50 5 21 60 19 94 77 57 28 6 47 19 22 52 92 97 80 16 45 36 14 15 11 95 20 50 18 25 89 11 49 18 14 12 53 49 2 9 79 8 59 29 7 81 92 35 95 24 68 99 33 40 59 82 20 38 60 58 24 87 43 19 67 86 88 81 31 10 35 71 65 45 85 7 60 45 71 40 51 70 30 0 59 88 39 81 17 38 76 62 98 8 66 85 95 81 76 88 47 88 80 76 31 75 72 78 57 20 60 20 89 39 10 6 20 77 18 78 57 20 55 57 76 3 74 47 41 3 66 64 6 1 3 28 92 38 31 96 23 57 62 34 28 32 4 91 55 50 92 47 53 99 35 60 71 28 19 46 4 16 26 91 47 83 30 67 93 99 22 38 54 56 72 41 13 
8 88 13 77 63 57 26 76 91 67 75 67 87 81 30 72 13 76 7 55 77 24 32 97 85 88 0 57 58 24 40 11 24 90 53 37 12 6 91 87 36 19 22 23 29 9 11 58 77 84 65 54 72 44 36 29 84 55 93 76 82 49 28 47 26 50 11 32 78 65 24 38 71 7 8 72 45 49 77 34 25 98 45 71 99 16 95 36 80 66 91 32 28 43 77 4 28 61 71 25 48 91 8 4 27 31 99 53 75 46 47 59 95 51 6 47 38 31 93 23 54 9 12 21 72 33 27 87 38 61 40 29 22 45 94 86 29 71 5 83 0 81 46 86 93 89 65 25 46 13 18 49 41 25 65 74 35 81 86 28 87 7 75 24 13 13 39 7 64 59 63 82 47 60 2 22 19 45 91 26 53 18 94 3 14 32 78 68 52 14 65 14 39 36 56 65 44 53 3 16 48 39 61 45 88 29 79 36 63 28 38 10 42 66 80 61 63 35 31 86 0 56 18 22 50 66 15 85 15 83 14 48 57 40 38 9 40 94 45 16 15 68 15 76 2 45 41 54 18 54 91 49 66 32 91 55 73 3 68 51 7 93 3 36 64 72 56 49 98 29 35 77 91 75 49 32 67 75 45 43 95 58 80 57 18 32 76 38 54 30 23 44 11 66 7 63 0 60 61 17 34 9 91 24 33 40 22 27 20 41 60 39 8 61 4 45 36 77 31 90 4 78 67 15 95 21 31 75 93 49 54 39 33 70 55 84 83 39 68 49 49 25 61 51 99 33 56 25 77 23 19 16 56 1 13 89 40 40 81 5 68 26 55 77 58 83 40 78 40 27 8 29 59 44 58 6 72 52 84 18 40 23 67 48 76 94 25 2 4 74 69 43 40 98 36 7 49 18 29 81 
65 78 82 36 65 15 61 93 57 52 51 48 41 63 12 9 23 37 87 25 26 71 77 41 89 55 56 6 26 78 76 62 17 15 50 14 91 16 55 88 48 44 15 82 69 61 26 44 86 62 35 7 51 43 55 34 88 0 96 30 18 95 35 44 12 74 59 82 42 97 92 58 33 23 10 29 95 67 13 88 44 45 92 3 41 2 24 23 72 52 88 38 0 38 32 44 30 7 10 32 33 1 59 63 26 35 97 69 99 31 20 38 77 14 67 42 67 97 41 28 5 81 84 66 93 37 29 66 80 50 88 29 24 71 18 21 73 39 88 25 74 0 93 9 21 45 92 27 78 66 99 56 11 38 56 92 27 57 90 41 97 19 67 81 88 21 27 33 45 43 82 57 23 21 46 10 45 30 83 35 0 90 61 47 75 23 96 62 13 94 53 54 78 51 3 35 40 90 19 2 43 39 97 6 94 76 36 41 76 46 40 50 7 41 61 90 48 84 15 68 4 13 52 84 49 56 46 12 8 86 30 78 93 67 71 12 47 8 51 57 3 11 86 31 83 96 69 5 3 53 78 7 66 72 33 0 97 35 26 39 32 85 95 41 54 15 29 62 55 29 82 38 76 66 99 42 54 25 23 63 11 42 69 50 42 1 2 93 3 1 28 89 97 23 24 28 43 55 15 81 33 15 95 57 77 68 37 24 62 2 32 29 36 84 60 78 88 22 7 80 77 48 92 1 30 8 27 31 74 76 61 32 42 74 52 74 46 83 17 57 59 29 75 90 74 85 75 75 5 97 2 32 58 22 74 28 40 8 17 33 18 44 82 92 21 14 58 40 49 65 6 60 71 12 2 95 78 42 89 68 36 48 6 51 10 82 54 26 78 59 46 43 47 44 84 5 54 76 49 0 
52 17 94 98 76 86 63 44 99 32 35 26 5 65 74 22 29 71 95 62 40 97 98 24 90 13 89 94 37 30 69 54 78 18 19 3 57 83 15 32 13 77 29 88 80 35 99 23 4 47 15 41 34 91 65 65 38 97 42 51 43 81 61 57 16 6 78 18 47 38 14 75 29 19 75 3 6 14 81 58 19 17 52 74 81 3 6 81 79 30 71 49 23 2 75 25 45 92 51 27 53 85 56 83 78 48 61 63 42 54 16 54 16 37 63 50 12 34 50 73 62 59 27 28 41 59 25 63 41 8 70 87 63 87 5 53 56 2 31 27 89 39 7 28 73 79 23 28 67 49 97 37 62 79 12 7 38 22 36 67 77 66 91 62 73 40 28 8 88 68 80 35 94 21 28 20 21 63 98 45 71 42 83 24 15 36 48 7 1 89 95 24 15 94 85 91 28 76 62 30 25 17 25 96 81 84 53 29 93 25 70 77 19 79 12 6 90 25 12 96 58 94 0 43 86 4 46 87 15 88 15 19 79 67 34 98 54 76 95 11 43 49 8 3 55 83 59 21 45 22 32 77 54 3 77 27 7 88 88 69 35 2 63 40 26 85 63 64 30 45 1 79 62 71 4 16 36 18 5 54 71 51 23 30 8 78 28 33 0 54 7 30 63 47 86 77 3 55 51 95 64 4 57 37 91 7 98 11 61 39 62 56 17 56 87 76 52 18 23 77 72 63 93 6 55 79 67 37 5 9 32 98 64 99 85 12 44 89 54 29 6 40 50 29 61 57 46 75 63 15 66 66 99 49 49 4 79 91 28 56 61 63 48 86 11 39 43 57 88 98 19 45 63 44 89 69 42 30 73 94 95 97 3 28 46 5 34 4 12 37 87 24 90 78 4 15 64 73 89 80 
23 96 62 48 65 7 2 61 64 59 64 42 83 92 45 52 44 68 61 68 13 7 73 86 72 68 20 80 64 71 56 12 42 97 39 29 91 17 87 49 20 52 67 34 68 24 7 18 49 24 26 53 14 55 81 85 19 94 35 18 93 11 11 45 32 27 26 89 98 26 70 32 37 58 13 95 8 85 42 25 14 75 17 34 96 67 9 79 36 0 79 36 13 0 92 60 77 32 15 4 88 91 88 2 32 47 60 20 70 63 38 34 86 40 69 21 49 30 27 56 90 79 98 54 63 9 69 61 54 35 89 53 8 58 8 41 19 37 78 83 98 83 86 61 5 18 8 66 44 28 4 25 73 37 57 98 28 12 23 43 2 11 81 61 15 48 72 87 40 90 28 25 85 31 16 81 8 27 44 94 58 8 84 22 10 68 12 30 71 12 30 27 21 86 79 87 47 77 22 68 99 92 58 0 30 60 90 90 94 62 42 72 21 56 11 38 16 42 35 58 32 45 42 20 39 63 23 72 51 26 39 73 58 5 31 36 13 91 45 13 55 7 18 10 32 87 65 54 39 17 85 27 63 47 10 59 49 66 41 91 51 9 3 45 47 11 37 96 27 74 17 26 43 54 75 85 76 45 97 77 52 28 7 93 61 18 24 67 66 31 13 97 88 40 2 54 85 1 46 25 39 59 14 68 11 51 71 87 44 78 60 36 22 63 69 47 69 58 42 25 71 78 38 14 41 98 56 21 89 23 51 35 65 97 80 64 66 58 48 12 8 99 14 86 13 21 55 61 72 99 93 41 39 7 69 9 38 58 92 32 2 68 64 48 30 35 94 33 81 51 3 32 16 14 83 4 49 24 5 9 69 6 9 10 70 38 78 22 83 34 72 27 96 46 16 95 37 87 5 16 
23 22 52 86 97 36 99 26 19 3 43 40 68 9 57 85 64 4 61 66 61 65 26 2 4 48 61 10 2 0 69 13 20 11 62 94 22 5 93 43 34 74 48 45 57 69 11 45 46 51 25 97 32 27 54 43 88 14 69 74 86 18 42 47 60 11 59 81 43 30 2 8 39 2 49 22 37 83 77 91 35 12 8 43 2 60 98 33 6 1 97 34 23 85 48 62 28 56 49 79 53 49 67 24 1 65 34 75 83 9 32 14 79 0 24 38 57 36 29 70 42 43 25 19 68 45 50 0 71 4 29 95 27 36 93 24 88 28 39 17 83 41 92 99 91 9 14 61 56 95 58 82 7 97 49 92 78 74 81 86 29 89 79 74 81 93 63 63 60 67 88 68 6 69 72 18 6 53 2 62 76 37 66 87 9 31 52 94 27 44 10 7 3 33 67 3 80 26 92 86 38 79 92 19 63 19 94 2 24 90 31 97 99 2 37 90 84 98 8 4 98 63 74 4 24 34 16 47 31 34 63 65 5 2 80 39 42 78 80 39 6 30 3 68 91 22 91 26 97 96 3 79 87 71 16 12 84 78 32 37 18 53 65 23 37 97 4 35 11 69 91 43 75 64 32 8 60 34 83 80 39 11 82 79 35 37 15 21 67 64 77 18 42 82 90 12 11 73 32 24 51 14 23 47 47 32 55 36 24 68 7 35 94 37 77 39 25 99 50 79 58 40 64 74 73 23 98 9 90 17 56 94 86 96 76 46 34 57 32 1 82 57 93 25 15 92 67 36 89 27 6 91 97 34 93 60 70 71 89 78 38 0 84 40 50 3 85 90 77 77 39 2 43 66 74 46 41 71 58 53 0 19 71 21 22 62 19 8 26 90 94 74 12 12 11 2 57 51 24 19 
12 79 71 69 92 90 50 15 12 85 4 47 45 13 69 52 99 84 48 24 55 12 86 78 31 88 22 89 66 92 99 34 65 67 14 78 98 92 28 40 24 96 14 17 20 71 27 65 87 44 6 85 76 62 5 94 7 48 17 89 45 39 91 23 30 26 34 82 37 66 50 88 42 15 52 36 2 95 75 59 42 2 6 46 89 2 27 49 48 24 20 57 11 74 48 97 90 22 24 1 95 71 94 16 86 98 97 16 78 80 47 27 81 66 48 33 71 57 32 95 91 68 70 62 55 42 53 96 29 4 24 66 42 34 41 3 38 53 87 8 44 22 12 17 83 28 16 14 77 19 3 9 99 44 97 43 50 59 64 46 88 40 65 50 85 13 11 54 12 40 8 9 81 85 10 68 85 61 85 30 76 81 61 91 1 68 83 81 10 34 3 32 70 11 61 64 85 31 56 65 79 95 69 18 40 93 48 44 89 19 44 65 10 97 26 96 79 36 61 0 29 9 99 65 39 43 82 93 5 44 67 87 75 6 30 12 89 42 44 67 25 8 42 38 5 89 94 73 20 28 87 91 79 98 48 75 24 86 81 65 93 40 73 64 97 46 7 38 4 56 8 46 49 46 40 50 29 79 57 93 29 4 32 26 10 72 17 86 44 98 2 11 73 39 38 61 0 97 31 21 10 59 61 20 47 71 25 36 92 53 83 85 16 9 94 83 84 70 12 79 83 25 4 7 78 62 26 6 5 96 60 56 6 75 59 78 33 33 68 9 20 30 39 37 44 69 51 43 40 70 71 94 86 57 37 70 91 91 77 10 90 96 64 16 36 60 94 7 15 66 92 52 16 94 62 24 41 58 36 33 63 39 39 90 24 4 67 20 69 79 63 82 33 91 4 13 61 35 57 45 
27 85 10 58 61 29 64 47 32 66 37 51 48 17 60 88 97 89 15 20 46 43 27 82 2 67 60 30 12 18 18 24 3 22 18 63 78 50 53 97 32 35 26 1 3 40 86 63 2 52 89 7 72 61 46 97 63 19 99 28 70 98 7 65 2 25 32 38 39 39 44 90 53 51 62 32 49 8 1 52 94 45 81 93 7 51 40 39 74 94 39 74 93 24 97 84 77 22 92 32 24 43 55 0 4 20 26 64 44 57 60 11 25 8 6 60 53 91 93 41 58 22 54 9 51 15 59 80 11 25 17 0 62 75 72 21 51 61 83 24 3 87 24 87 7 93 29 3 60 27 93 31 96 46 1 80 23 18 75 82 48 94 20 71 88 45 88 9 61 10 18 80 7 62 21 20 17 36 39 88 88 69 31 56 67 26 28 76 70 83 55 74 24 41 97 80 87 98 27 41 87 83 70 10 90 14 83 75 22 53 6 20 7 95 4 89 7 70 31 61 95 57 85 98 76 22 96 40 18 10 53 53 19 48 98 27 95 39 77 4 55 44 22 46 35 48 44 61 84 70 97 70 46 19 15 53 63 45 21 66 53 22 33 36 36 53 13 58 42 34 77 50 38 58 37 23 67 0 51 61 95 98 95 48 16 47 69 61 41 35 91 52 44 76 36 74 47 30 80 65 64 93 53 18 93 93 45 10 76 59 29 1 27 46 53 78 44 20 41 71 63 62 20 27 84 77 2 41 90 59 83 52 4 10 54 31 36 94 67 12 45 65 53 80 33 82 47 21 78 14 25 18 40 47 98 33 48 66 39 66 64 36 94 0 50 75 24 38 41 26 75 4 2 54 69 94 92 62 41 40 14 69 55 98 12 95 10 18 20 78 95 8 94 6 69 61 71 50 15 15 
82 64 93 3 23 66 19 92 44 55 19 76 25 30 65 65 48 25 55 65 97 16 81 77 70 27 19 62 78 90 14 25 59 3 33 1 25 1 92 82 25 11 84 76 26 99 60 25 79 36 91 7 17 18 87 73 75 12 41 36 91 50 10 21 62 85 58 29 39 63 4 63 32 32 61 61 14 17 83 46 97 46 88 76 71 51 99 61 85 50 20 58 15 88 31 50 49 1 54 60 73 85 14 56 24 0 94 27 95 88 12 85 87 22 43 15 84 47 74 57 41 15 89 45 60 23 73 49 71 58 91 5 12 65 79 41 21 13 43 41 87 85 61 25 96 12 36 40 34 5 8 0 42 65 43 16 85 7 36 41 41 46 26 53 23 37 0 20 4 85 27 48 22 6 47 4 36 43 67 44 8 91 64 59 52 71 53 4 91 60 88 47 62 4 2 31 78 31 71 24 48 82 16 95 38 89 26 15 75 65 24 23 71 68 12 21 59 20 18 45 92 66 68 6 6 84 17 40 2 77 96 67 93 79 96 43 57 32 54 48 82 5 46 16 98 1 86 99 52 82 19 50 47 41 85 51 33 22 53 56 90 69 49 26 3 4 12 87 43 37 91 79 80 76 59 36 45 80 95 32 75 8 92 72 25 1 19 70 36 38 15 94 22 37 36 0 75 0 92 68 2 67 68 76 94 32 77 34 76 70 83 81 34 2 93 34 40 26 50 10 66 33 91 10 83 40 71 46 60 29 84 98 56 85 18 30 39 86 64 71 4 27 61 30 35 44 29 5 18 65 98 76 72 89 89 38 76 38 68 11 79 62 91 96 72 89 45 89 27 94 42 51 16 80 15 22 41 34 30 56 67 28 82 59 28 3 41 79 77 18 76 32 7 23 66 23 91 42 21 62 
30 65 14 77 80 15 95 90 13 20 42 36 97 60 95 80 72 59 26 48 43 42 86 4 52 53 17 82 36 68 90 77 49 49 7 1 41 25 26 25 33 66 34 1 6 6 65 46 36 86 81 95 40 29 88 48 14 38 8 46 71 95 95 89 15 55 66 81 22 99 32 40 55 84 62 78 66 9 88 58 11 62 62 48 83 3 8 72 58 15 83 30 8 83 53 43 16 36 55 42 91 56 9 74 55 71 29 71 23 40 32 39 20 49 9 72 93 17 43 43 7 4 46 27 4 88 84 6 73 59 94 59 29 15 56 24 68 65 33 22 43 9 32 71 46 90 50 11 40 57 29 54 45 74 80 64 26 67 76 7 97 75 18 41 91 98 43 42 30 31 20 16 30 55 98 55 98 76 32 44 3 72 2 16 89 39 62 14 19 42 53 61 32 54 21 75 13 88 72 3 33 42 55 12 2 49 4 57 50 85 92 28 74 50 33 38 78 69 84 89 5 34 10 9 79 43 77 19 12 69 20 43 70 20 94 72 89 97 31 61 70 72 83 26 90 72 68 47 16 42 26 72 54 32 13 83 4 5 87 73 42 20 63 87 88 75 41 4 30 34 94 78 84 77 42 75 98 52 85 64 36 92 19 60 46 18 28 70 66 58 67 78 78 27 16 83 99 26 23 89 46 28 15 73 18 20 68 50 58 40 65 1 29 98 53 48 3 14 60 82 18 29 84 82 65 1 65 70 47 76 53 79 0 79 12 74 87 73 72 40 39 14 96 57 83 19 98 81 31 66 17 93 78 62 0 40 97 23 60 13 97 83 64 69 32 23 14 60 8 88 53 0 24 88 65 93 15 37 47 6 42 28 74 24 53 53 21 81 77 35 62 64 81 78 5 27 30 24 49 3 
51 1 64 32 73 36 66 56 0 75 12 44 62 78 13 98 52 79 44 41 57 50 63 2 89 13 19 63 59 47 81 36 54 28 13 41 59 72 93 87 46 9 57 91 29 98 16 21 37 62 85 62 62 44 58 27 75 56 29 58 94 54 14 43 49 37 24 41 97 3 43 49 85 99 69 18 90 35 4 25 6 11 79 99 99 58 49 0 18 87 78 71 23 74 15 35 27 77 44 56 15 37 52 99 46 49 17 2 6 33 33 67 83 82 52 74 53 66 38 5 63 6 35 32 79 4 29 49 40 10 71 77 85 14 92 12 84 83 29 94 48 36 94 95 14 16 74 88 14 41 30 13 44 25 48 13 5 2 32 77 4 17 91 9 60 74 34 25 20 73 13 19 32 20 53 44 49 99 10 44 60 56 37 25 95 9 89 59 57 94 72 66 64 95 9 96 67 21 92 66 96 4 69 76 86 29 72 11 96 1 76 90 75 14 35 93 44 32 82 90 0 6 65 92 23 86 49 85 15 59 12 50 23 46 13 38 83 35 88 47 85 40 4 48 53 18 7 63 10 91 70 97 81 28 66 84 13 52 22 36 55 24 43 86 34 84 48 20 6 46 41 61 18 86 49 12 4 38 71 6 77 27 18 85 56 15 65 98 31 68 94 15 15 52 72 69 95 19 99 7 84 35 3 20 19 22 21 50 79 9 17 48 21 66 43 57 58 91 88 45 96 57 15 59 39 76 25 92 29 65 42 31 23 4 21 49 38 80 78 71 43 95 34 74 19 14 46 66 34 7 32 62 60 97 22 14 80 94 24 66 24 56 73 91 9 58 8 96 93 7 69 27 3 64 17 23 34 29 54 99 40 85 28 8 67 7 7 36 33 40 2 60 60 39 75 64 6 66 17 32 
91 69 94 41 47 47 32 64 30 81 6 53 80 76 14 0 26 59 46 85 10 44 23 70 82 9 86 1 20 30 34 85 5 77 72 41 39 75 45 16 31 25 65 64 67 64 28 13 4 41 2 60 64 4 23 79 94 80 60 59 37 16 15 45 66 27 13 5 56 41 62 28 54 64 48 79 92 34 79 80 30 89 93 5 94 46 42 63 94 79 6 69 57 91 58 17 66 63 39 6 53 10 21 3 15 84 91 47 92 32 79 89 63 55 53 37 76 0 87 56 76 14 20 4 86 18 89 8 29 46 99 67 63 74 99 2 52 84 82 95 81 39 44 19 55 39 39 44 67 25 3 11 63 45 50 76 78 63 9 40 4 14 25 14 60 93 75 45 3 84 96 56 22 71 58 75 18 26 95 25 97 13 7 79 4 80 31 72 0 21 90 61 70 60 69 47 71 92 3 7 99 80 95 69 80 41 8 16 65 78 80 17 13 55 80 62 46 43 52 85 61 20 36 80 99 24 70 43 93 61 97 20 64 20 93 51 9 55 87 63 63 12 48 31 4 9 13 88 93 38 21 50 48 56 91 93 60 63 21 50 72 58 50 10 87 37 91 54 32 63 56 23 44 57 29 88 4 30 29 78 81 21 98 76 29 21 98 19 12 11 67 91 31 69 54 54 15 73 77 9 25 35 76 29 69 91 16 80 24 74 55 8 39 28 31 78 80 7 11 71 83 58 5 95 38 52 37 63 61 25 26 16 69 17 18 5 25 44 13 42 57 94 88 45 58 80 88 13 26 38 44 84 22 70 54 1 5 89 98 27 27 69 64 21 58 47 17 66 28 90 83 46 69 8 96 78 22 43 88 76 98 38 54 19 12 1 53 18 93 70 6 2 48 66 5 73 35 99 80 80 
23 91 76 41 42 69 15 90 48 35 72 8 9 95 32 23 57 50 57 33 2 10 98 97 49 22 50 99 81 44 84 13 49 86 90 19 0 93 84 54 75 22 0 53 17 98 8 73 98 32 79 39 78 93 84 80 87 63 51 60 26 86 9 14 6 67 46 39 46 33 49 97 7 54 52 62 89 65 12 33 30 81 83 36 15 3 72 42 15 27 48 67 13 29 3 30 54 38 20 74 28 67 52 8 77 25 27 96 38 18 45 90 13 8 85 63 16 52 80 32 77 4 0 30 59 73 85 59 54 22 36 99 70 45 46 31 76 85 47 86 90 39 11 57 35 45 89 69 62 88 90 89 79 97 20 69 27 54 80 25 21 57 9 67 45 45 47 33 60 61 46 9 11 14 18 5 77 68 50 9 80 23 24 10 91 94 77 14 93 36 45 45 36 95 72 38 0 13 78 38 10 29 21 12 20 57 41 59 18 5 13 44 74 37 4 82 8 26 16 98 9 55 10 59 6 70 46 75 63 28 65 0 37 84 16 16 38 86 98 6 95 32 74 45 60 6 90 50 23 83 16 0 8 39 3 26 99 67 69 87 6 97 2 52 45 68 95 85 39 44 67 19 75 10 17 57 99 6 80 50 87 28 0 97 65 53 30 70 47 18 65 53 78 98 22 97 70 72 45 22 3 47 37 65 18 9 74 27 62 14 41 5 16 77 43 52 68 91 61 1 11 7 16 30 6 6 93 21 73 36 35 4 56 39 32 65 48 22 4 84 1 0 40 68 50 31 14 27 50 82 70 52 74 31 20 77 99 93 50 0 77 49 25 82 4 63 44 3 50 54 81 92 77 74 18 10 62 32 29 58 54 87 35 18 52 36 63 31 4 99 3 7 99 49 59 81 62 97 0 78 
3 91 67 22 97 6 51 64 83 45 92 26 68 96 68 81 58 84 15 35 53 28 62 66 85 89 69 68 59 85 1 23 79 39 11 91 45 2 50 17 74 14 95 19 93 71 23 13 59 53 68 74 18 52 40 60 45 5 3 48 33 29 15 21 15 48 12 50 86 64 65 82 21 36 13 92 8 67 51 47 23 5 68 4 20 71 89 97 79 50 0 68 70 74 82 81 42 20 28 28 91 94 14 95 42 81 79 50 33 71 43 3 11 79 77 92 86 90 29 11 17 90 81 17 30 56 42 70 16 6 97 61 80 27 18 83 81 78 42 0 5 9 92 60 46 2 49 75 25 39 48 56 85 75 94 23 20 16 74 81 58 69 49 23 18 63 69 62 44 68 3 23 3 0 62 87 76 80 86 32 91 55 41 76 71 35 31 21 92 20 92 26 82 95 62 33 79 2 95 9 65 6 89 74 83 96 85 11 82 4 13 52 14 67 1 76 53 52 43 20 74 5 14 76 31 11 72 81 18 40 60 56 40 63 7 18 81 17 96 49 3 10 37 62 70 73 64 51 77 57 68 71 11 76 61 64 10 97 65 64 32 41 31 59 91 61 20 27 46 79 37 9 7 86 60 63 13 71 30 19 47 25 60 31 86 95 89 73 49 49 47 53 31 69 13 28 72 3 45 8 33 34 46 90 90 68 28 63 9 87 7 53 61 54 28 99 31 64 93 48 43 11 12 29 70 84 78 38 62 73 82 82 15 94 72 12 45 76 78 13 2 19 34 87 13 19 68 12 54 82 70 24 81 7 6 11 81 14 6 47 2 7 55 40 39 12 94 24 55 42 34 1 78 90 24 45 26 12 28 18 76 77 21 58 45 50 61 92 41 51 73 75 27 89 71 51 29 62 66 62 
36 82 4 61 71 96 25 6 49 41 43 36 97 80 80 1 81 26 31 40 41 56 98 31 37 15 60 18 57 93 75 21 97 65 52 94 28 57 89 75 28 30 34 27 23 53 88 90 61 76 87 30 46 51 67 15 88 1 68 58 40 18 44 18 73 1 57 47 2 0 36 16 70 83 77 90 80 91 52 25 20 25 20 10 66 58 34 50 5 11 64 59 5 43 2 96 65 56 24 38 96 79 57 44 8 88 0 70 31 18 90 57 86 7 11 5 95 67 28 85 99 25 68 48 56 14 81 88 31 8 41 95 54 18 82 71 72 18 15 14 21 26 12 67 51 12 24 43 33 0 40 24 83 35 55 29 10 69 12 50 25 51 48 51 0 35 37 31 85 23 26 79 40 75 39 54 32 6 43 95 58 7 40 61 59 54 19 80 62 86 1 97 99 95 41 46 71 83 59 45 35 72 16 28 54 22 59 47 75 43 39 6 28 10 94 19 29 40 74 82 52 68 86 34 27 66 67 31 78 14 15 0 35 82 94 66 43 53 32 61 59 54 6 96 14 60 75 72 53 35 85 62 64 55 80 88 51 7 27 58 14 44 15 29 92 19 88 73 30 89 17 37 17 22 18 56 61 5 23 89 21 29 40 17 95 50 59 80 70 5 42 93 13 26 33 67 10 33 42 32 83 87 47 7 15 81 40 86 28 61 50 61 83 96 79 22 85 23 75 85 13 70 85 6 93 38 83 64 22 19 23 4 82 97 22 26 44 42 56 59 87 44 4 37 19 22 93 55 84 9 47 72 71 21 51 5 78 98 47 96 19 24 85 88 52 5 14 39 61 1 69 59 50 34 68 56 35 49 63 36 26 76 97 64 60 94 87 11 70 48 9 68 89 10 66 93 28 25 63 17 
45 6 37 5 78 43 63 15 33 92 22 27 50 24 83 10 60 45 24 15 87 70 95 4 49 56 91 98 90 43 13 85 8 81 34 94 10 83 45 33 8 23 87 29 76 86 34 50 80 74 83 50 56 75 59 19 73 54 8 60 67 6 43 30 22 70 25 29 95 30 10 23 21 58 97 20 5 56 50 79 23 66 4 56 14 70 67 54 72 12 13 43 25 61 70 25 52 65 26 19 91 96 54 21 23 65 79 80 76 67 30 18 18 19 79 80 12 1 81 72 75 22 25 14 83 22 82 38 29 75 4 84 40 54 8 50 94 24 8 1 78 16 48 78 91 50 19 43 10 7 70 94 12 24 49 86 98 32 35 56 6 86 17 47 58 78 10 94 78 35 85 46 77 61 42 60 96 56 26 8 49 96 5 0 38 6 9 74 44 71 53 59 69 8 39 40 40 10 98 63 80 10 26 87 83 63 93 23 81 83 82 76 43 72 60 57 5 8 85 7 68 47 99 88 96 59 99 5 58 52 17 51 95 45 3 37 52 83 13 84 88 60 60 91 59 75 45 25 94 50 5 48 67 36 74 35 63 76 13 19 32 10 42 14 20 53 8 48 50 12 53 14 91 0 52 4 34 9 9 21 12 33 89 38 11 78 79 19 36 12 81 5 90 54 91 65 73 60 48 47 55 5 67 15 54 94 70 71 22 74 68 21 92 43 4 56 19 81 51 17 81 70 91 89 41 86 82 39 40 7 88 35 58 88 45 4 71 85 9 25 18 75 74 88 0 46 43 23 52 50 1 29 21 29 50 75 37 41 4 65 65 23 81 51 92 80 12 63 0 67 22 38 98 10 18 11 94 60 82 71 16 55 72 78 77 59 87 4 8 51 13 59 18 78 60 80 36 69 0 92 
89 43 13 89 47 80 62 38 62 15 85 31 66 1 11 80 96 39 82 59 96 16 73 28 37 30 16 9 82 75 41 18 84 5 6 99 64 50 64 36 82 25 99 48 94 25 39 4 54 69 35 34 88 0 80 73 82 18 92 3 99 18 70 94 91 89 77 64 57 50 93 1 0 88 30 37 45 25 40 50 56 25 33 22 49 35 1 81 75 93 51 98 97 46 61 92 13 51 57 47 15 78 17 18 51 15 64 59 2 71 74 1 32 3 50 98 21 81 73 1 38 29 74 5 7 43 20 43 47 59 28 28 69 60 75 27 72 66 78 41 65 94 32 70 13 15 12 39 95 2 72 37 82 77 65 9 94 93 96 39 47 33 28 88 95 94 77 63 86 52 36 92 75 25 48 56 84 53 32 0 32 90 6 48 16 69 44 37 8 8 69 57 35 5 78 83 50 71 33 47 49 31 18 24 50 30 84 52 95 25 42 7 14 5 55 86 75 57 54 54 8 36 22 37 59 27 22 12 33 51 24 94 14 46 91 56 61 4 13 74 93 24 62 60 60 40 70 28 23 5 57 67 98 90 81 70 26 64 87 12 20 58 2 9 55 17 12 81 13 75 75 93 82 20 63 36 6 17 36 74 20 29 67 57 95 12 32 77 40 94 91 94 3 48 23 20 82 21 21 2 96 71 9 73 31 70 38 83 29 62 78 47 87 25 53 80 58 16 40 98 33 50 68 79 15 77 42 78 95 8 14 60 41 52 65 71 35 79 0 56 52 93 17 96 39 73 67 63 59 8 33 68 98 77 39 58 35 69 88 27 57 51 71 38 29 10 57 95 50 65 10 52 43 68 20 56 85 2 84 42 15 98 47 75 22 69 48 0 88 8 58 68 24 34 92 25 47 69 70 16 
65 34 91 10 51 69 50 60 31 86 66 62 21 25 17 0 57 36 54 45 41 14 17 57 16 62 64 84 63 85 92 59 91 33 46 7 63 54 10 92 75 86 59 7 17 96 16 83 44 5 39 76 74 7 4 77 82 81 96 88 53 15 83 8 36 65 30 62 83 70 37 95 81 11 28 1 88 17 24 51 57 47 37 14 79 36 26 33 61 93 12 81 78 45 70 2 37 12 56 0 59 1 39 37 3 83 97 42 60 23 17 25 31 24 1 54 93 51 90 88 89 80 60 82 37 64 19 41 25 5 56 89 48 31 96 12 91 44 2 37 44 86 47 12 59 39 75 69 95 33 77 95 35 72 39 84 10 89 28 46 60 24 78 68 90 40 19 65 93 13 70 64 57 6 66 81 99 48 15 2 13 99 3 98 54 48 35 86 90 6 38 97 94 33 26 86 95 8 62 71 47 97 14 11 97 51 61 23 2 87 4 70 16 59 20 32 70 71 22 97 44 33 20 61 12 76 23 30 61 15 11 91 55 14 35 8 71 89 93 87 81 76 40 1 87 59 16 22 31 51 57 64 20 16 20 3 57 81 14 97 55 73 23 48 48 67 15 20 0 16 58 45 11 83 77 58 86 46 18 51 14 15 20 76 79 73 16 70 66 56 59 90 61 58 90 52 51 72 94 25 14 32 52 60 60 60 88 50 18 59 19 92 59 39 75 97 88 83 94 39 73 29 10 86 8 46 12 71 15 97 66 71 91 34 78 53 92 8 64 56 34 44 19 40 32 47 41 94 31 26 72 10 73 5 3 68 67 14 84 67 88 58 73 50 51 16 74 67 68 5 87 64 26 40 86 20 27 79 23 48 0 82 6 70 55 42 57 29 23 68 79 53 46 19 80 25 92 40 14 3 
39 84 19 72 34 55 56 75 35 91 13 6 68 59 90 67 5 77 50 1 34 14 37 71 94 60 7 68 92 32 75 56 21 26 82 46 11 61 5 74 40 87 55 29 50 1 19 39 66 67 76 23 10 58 98 85 63 10 90 24 75 54 73 39 91 57 46 62 84 62 76 45 23 88 45 16 75 84 92 47 14 46 84 76 34 38 42 51 45 47 53 13 3 28 92 96 52 91 67 73 62 30 82 35 55 28 3 40 82 48 78 10 50 36 9 79 3 89 85 80 65 32 7 94 58 12 15 54 72 54 27 3 28 1 75 21 9 28 96 48 19 1 49 37 5 68 5 61 92 14 10 40 2 74 82 36 64 29 3 69 12 88 88 83 46 76 7 34 11 21 17 93 50 47 12 63 3 61 46 57 85 15 74 28 37 31 96 78 83 66 81 87 59 84 36 18 24 21 69 95 55 21 42 7 48 59 81 42 96 81 94 44 15 91 1 28 8 77 49 5 33 13 78 9 65 50 73 55 83 37 87 51 29 62 67 21 32 39 34 58 69 43 95 6 21 74 19 11 81 2 35 36 69 21 61 98 6 42 56 47 18 57 23 39 79 59 75 80 98 57 24 16 61 43 49 30 91 64 91 46 87 44 61 4 28 42 33 68 27 64 64 21 41 75 10 87 83 71 36 67 87 47 39 44 77 93 46 49 89 89 87 20 83 58 22 45 89 28 33 95 91 36 27 14 5 25 83 78 76 80 72 75 86 43 3 97 84 57 88 2 28 13 9 82 52 79 3 70 76 27 2 44 99 62 59 34 41 66 16 21 27 45 92 31 91 11 8 84 74 11 73 2 59 64 98 67 42 93 72 96 61 23 52 71 38 94 65 28 61 93 84 83 27 78 92 44 79 49 85 72 
35 47 43 0 83 34 98 4 94 35 17 18 25 97 99 87 96 32 1 88 85 68 30 53 0 3 20 94 69 88 67 54 20 9 99 57 10 20 20 45 11 21 45 33 59 27 95 32 85 92 43 11 14 14 3 10 62 60 43 64 93 24 58 46 4 54 60 9 62 76 18 65 57 51 22 84 3 94 27 0 50 74 87 69 92 23 55 95 26 41 18 82 27 84 98 87 28 20 0 95 7 95 74 65 92 37 26 16 38 75 20 72 26 91 80 74 41 19 5 67 63 18 85 86 96 98 95 73 58 64 41 31 55 34 45 68 1 11 58 53 91 80 34 63 45 73 91 76 31 90 15 47 10 79 40 13 95 25 28 26 24 91 64 42 32 79 91 87 35 54 74 54 34 87 1 67 68 34 44 38 5 92 7 11 94 60 63 50 5 90 46 23 86 19 33 56 38 88 8 29 2 56 13 91 84 34 21 44 82 0 11 58 88 45 82 58 7 82 54 51 13 83 37 3 90 18 0 44 83 44 27 23 75 98 37 73 36 31 97 7 35 81 56 44 14 69 40 13 1 43 0 12 55 29 53 87 22 6 36 51 29 66 50 20 21 5 60 84 62 17 71 28 40 4 58 46 65 48 49 91 89 65 42 6 39 48 54 62 21 85 99 97 44 8 15 65 33 83 47 83 15 96 17 2 36 76 19 17 65 67 17 97 82 10 40 45 94 64 68 66 56 34 31 5 6 85 31 26 33 26 86 67 90 72 16 14 55 87 93 56 17 40 51 62 80 96 74 12 51 62 26 99 94 53 33 11 77 45 42 26 39 72 49 44 59 48 51 75 94 12 52 32 1 52 68 3 84 17 75 36 90 28 61 83 91 90 85 20 92 72 95 82 98 43 63 57 10 26 8 86 
7 3 26 56 77 48 48 68 85 23 65 48 4 80 13 95 4 5 26 48 32 10 8 65 15 10 73 30 40 9 41 71 49 32 26 78 82 42 43 56 71 41 82 57 28 36 22 73 79 46 46 82 91 7 35 40 93 25 80 56 56 94 11 45 65 51 87 26 98 80 76 91 58 15 51 10 10 10 63 45 31 5 87 87 8 7 33 27 28 91 34 3 79 15 46 12 61 96 26 97 20 73 73 59 23 4 52 64 75 53 18 95 93 26 14 62 28 54 62 37 45 58 75 14 71 1 78 37 76 51 19 67 17 97 60 29 73 86 17 47 94 77 37 29 35 33 7 88 17 25 85 38 30 61 61 6 79 16 75 8 38 49 90 47 7 59 38 36 41 16 29 30 47 93 73 82 84 2 69 81 78 94 36 23 30 48 70 35 88 25 40 68 40 4 18 26 85 37 7 66 86 70 61 21 62 51 82 76 96 22 90 32 27 34 17 76 54 51 67 64 64 86 50 18 69 49 37 67 24 70 71 95 68 69 5 42 44 58 55 92 24 63 12 73 61 54 1 36 8 83 4 33 50 61 81 17 74 97 29 71 7 30 5 28 35 51 37 14 76 58 58 65 11 83 96 46 19 24 64 68 87 38 17 19 2 8 49 50 97 74 35 50 30 89 19 25 36 1 57 40 19 27 21 59 65 16 90 60 85 50 18 59 87 29 98 78 89 53 2 21 76 62 47 51 33 51 27 1 10 59 13 90 44 73 13 92 55 16 98 74 24 67 78 58 29 85 90 33 17 18 95 29 79 51 41 34 69 85 46 33 93 74 76 12 3 1 74 74 44 49 72 45 43 78 30 65 96 12 59 21 49 61 86 95 64 19 48 64 1 25 95 48 82 80 3 27 24 17 44 37 
92 1 19 12 58 49 28 7 32 35 51 81 14 37 65 98 89 89 53 13 70 72 0 7 36 27 6 31 48 26 34 6 84 3 36 81 69 83 97 68 78 31 38 30 94 66 97 39 69 37 28 60 62 27 83 85 7 45 45 91 26 65 26 97 67 3 35 4 85 44 65 58 33 55 78 23 12 68 81 13 85 82 29 58 75 20 45 87 12 84 71 84 54 68 6 45 85 33 16 39 25 96 63 74 25 10 78 57 5 27 87 37 8 66 32 71 53 16 82 41 26 39 22 61 73 73 59 14 74 37 34 47 22 71 25 7 79 86 1 68 84 95 53 18 74 8 68 29 46 12 30 98 53 21 84 79 38 78 76 26 35 43 63 2 83 97 21 34 14 18 32 35 77 88 57 89 79 76 55 79 24 3 29 66 26 60 34 1 77 49 19 22 27 31 93 84 32 70 60 62 42 58 3 43 84 22 41 6 16 59 27 67 63 16 86 78 4 63 68 68 67 85 50 5 39 25 5 45 65 82 50 17 72 42 38 83 22 77 21 12 68 87 73 18 81 45 15 58 79 58 34 60 95 49 2 65 54 1 99 11 63 62 38 51 38 18 44 56 50 70 83 16 84 77 5 27 48 49 62 86 31 17 99 60 93 39 47 18 16 83 95 85 13 32 74 42 7 86 19 1 4 7 81 41 70 29 50 35 7 20 11 32 41 0 20 64 70 82 57 5 65 12 96 73 15 17 12 19 36 94 41 67 69 5 73 40 0 92 58 85 83 46 52 59 80 75 37 42 80 38 40 22 2 42 95 60 82 42 73 76 47 38 79 9 4 5 53 56 6 92 63 98 75 51 76 85 85 34 46 31 26 35 43 56 90 11 73 65 37 93 17 93 87 30 89 21 81 49 17 22 
10 11 54 65 27 23 74 55 50 46 59 18 49 65 48 20 53 5 24 89 80 60 72 42 68 34 42 40 17 47 35 94 70 43 7 55 99 82 79 0 34 29 12 57 39 84 41 13 76 62 68 99 92 94 5 18 27 91 0 8 39 38 10 19 2 30 13 8 92 80 59 12 86 52 56 12 31 84 43 32 38 96 11 8 96 14 50 73 31 95 77 45 55 29 81 69 16 98 58 39 85 37 14 73 24 0 68 88 69 54 45 24 15 45 43 35 28 6 45 84 72 88 6 74 82 58 25 73 50 57 40 37 38 38 19 89 55 3 72 97 10 12 77 30 43 56 41 5 37 53 99 87 11 92 75 60 15 96 54 83 7 30 80 65 52 29 52 20 47 79 16 22 57 47 69 82 87 93 69 86 46 3 87 73 27 49 88 43 30 11 20 10 48 21 86 60 42 27 55 23 1 91 31 60 54 80 22 3 7 4 11 17 27 72 95 23 68 45 72 2 43 7 6 87 28 54 18 33 69 13 81 73 7 50 7 6 62 25 8 69 21 53 71 46 92 72 37 76 7 86 40 25 55 84 69 38 67 97 87 69 67 34 46 39 24 54 78 5 48 36 67 86 15 16 4 63 38 51 35 29 79 91 25 5 37 42 70 46 78 38 31 92 54 33 41 13 29 46 41 4 92 60 75 79 96 21 87 61 0 85 11 37 48 96 45 46 46 13 35 15 67 13 32 37 89 24 24 10 68 54 72 24 23 12 47 35 4 44 52 47 95 86 93 77 71 85 4 55 9 62 28 11 4 70 99 40 77 82 57 71 48 18 3 29 8 74 32 60 72 45 11 27 49 31 11 85 34 90 64 49 6 51 87 51 21 77 55 87 69 82 37 59 2 30 53 54 31 25 50 54 
63 64 4 21 36 26 32 20 20 95 67 20 21 9 14 49 9 83 14 95 25 34 0 95 57 62 27 43 17 9 25 74 30 26 50 54 40 12 23 63 2 64 46 94 23 33 19 37 88 18 42 95 18 9 50 59 69 6 17 50 4 38 49 32 59 65 59 90 87 98 25 57 86 77 17 82 87 13 12 43 6 95 25 89 98 15 26 18 58 98 99 64 11 88 17 99 64 6 93 36 51 86 82 99 35 30 20 58 69 79 74 82 8 11 33 85 96 56 41 32 69 58 5 52 63 35 94 4 49 86 65 73 20 82 38 76 77 35 43 11 70 85 20 26 97 77 90 36 17 36 75 19 9 91 51 20 66 19 84 66 52 88 47 20 52 57 40 1 1 85 65 32 33 25 8 76 73 84 10 98 15 24 12 52 46 79 76 48 39 80 59 94 35 47 22 74 57 10 9 77 22 22 84 58 14 54 24 84 97 78 56 70 85 22 72 98 81 24 69 57 74 90 27 87 90 49 35 34 55 79 66 65 52 72 14 28 17 92 97 29 55 82 79 56 3 63 43 10 69 8 6 43 48 22 31 70 3 25 47 45 8 95 69 49 64 41 27 91 19 94 55 48 70 67 16 6 54 48 52 3 30 97 19 41 12 78 21 59 56 55 68 23 58 58 78 36 57 87 45 2 44 14 66 0 83 27 91 70 69 7 64 11 81 69 55 28 26 60 47 89 24 38 34 91 60 32 59 59 27 49 79 26 62 3 65 2 68 97 47 44 92 6 75 30 97 58 20 51 3 70 30 92 80 20 67 14 11 81 46 73 99 10 56 67 19 45 90 97 28 33 50 61 76 39 57 45 82 7 0 71 58 42 94 54 87 28 37 31 21 1 8 59 24 12 93 68 74 56 19 14 
24 3 14 32 20 72 46 64 69 76 72 51 23 42 66 52 5 75 74 87 45 20 22 21 14 70 26 82 95 21 61 45 15 59 76 39 0 95 53 86 17 8 64 64 7 0 76 53 58 19 20 1 48 66 93 86 45 20 43 32 99 18 0 33 53 70 92 3 73 38 87 0 18 97 60 22 65 83 58 83 95 1 44 2 8 64 72 6 54 78 19 87 45 28 19 19 18 82 6 58 70 92 32 89 52 18 59 12 61 51 49 90 27 13 97 89 80 40 73 90 36 44 16 54 70 64 8 94 87 64 78 8 3 81 72 22 0 59 50 26 4 0 53 15 94 28 53 71 32 51 18 6 20 30 48 78 56 68 57 11 63 28 59 96 60 97 95 95 33 93 9 2 17 58 13 54 97 68 2 32 41 86 93 9 57 68 84 50 65 53 27 45 10 39 82 43 46 60 24 59 88 42 96 13 32 85 11 94 31 38 57 91 66 35 59 48 63 38 12 64 1 96 50 97 57 75 3 9 36 26 21 58 91 75 59 42 61 37 61 48 20 91 82 81 71 52 11 94 82 1 3 57 46 36 57 55 55 30 98 93 23 83 48 93 36 12 98 11 25 42 80 83 85 61 97 5 73 56 83 76 51 31 87 71 98 12 22 34 56 83 95 3 6 15 74 88 75 54 0 84 59 20 92 60 69 2 5 76 95 98 41 14 5 25 78 58 60 34 15 6 5 89 73 57 1 42 35 90 86 19 6 34 7 63 89 94 16 13 32 10 37 32 58 51 4 56 41 41 53 5 81 33 5 26 2 72 64 49 70 72 79 73 8 37 62 24 30 94 63 10 52 34 15 41 74 87 37 46 96 21 72 29 0 32 56 17 0 14 0 82 88 98 26 30 54 80 23 21 48 24 
73 56 66 48 22 73 69 84 55 5 51 2 89 42 88 50 90 34 76 87 88 59 6 19 53 56 75 88 71 43 12 39 38 1 22 25 93 8 55 51 2 20 97 31 25 80 28 17 28 33 57 35 56 26 2 47 58 62 61 28 96 75 23 52 14 40 91 49 77 62 51 67 55 26 15 28 42 43 14 93 89 50 89 41 73 97 28 83 29 43 46 9 68 32 56 98 82 17 63 39 1 47 10 58 81 13 70 22 51 99 68 27 86 5 6 65 22 50 78 87 76 13 59 10 34 29 58 6 53 60 48 24 33 75 56 12 8 48 80 81 1 12 87 91 94 66 93 40 95 31 38 6 49 95 12 88 55 84 4 59 32 46 75 75 93 54 49 42 28 15 17 80 94 14 35 80 13 17 58 6 33 15 74 81 51 33 69 7 66 76 47 66 86 33 28 69 6 97 21 48 62 82 75 36 37 1 47 82 75 26 25 42 82 78 16 75 15 51 49 66 15 85 39 26 75 94 74 90 11 10 67 89 57 97 64 4 18 2 29 43 73 73 41 5 9 95 97 77 3 89 89 45 31 54 72 96 55 53 3 29 92 34 29 81 90 24 81 85 38 79 87 60 94 23 72 22 47 72 56 98 6 3 49 30 17 97 70 56 79 83 57 18 46 10 9 34 28 11 46 15 4 26 66 64 18 90 68 30 18 16 3 76 41 97 5 10 89 89 60 41 26 38 65 30 76 8 16 9 39 87 63 73 8 33 46 1 90 36 2 37 81 63 44 0 86 60 57 20 75 38 80 16 0 88 75 13 2 34 97 97 15 30 88 12 47 62 46 11 13 3 98 62 13 54 96 56 84 58 53 30 48 53 60 64 74 83 55 55 21 91 2 76 45 65 32 91 36 0 52 27 
87 89 36 93 64 55 43 84 3 44 96 56 59 72 41 30 75 61 93 46 72 46 13 14 12 5 93 79 27 70 54 69 41 33 11 99 65 67 69 83 40 19 79 51 69 36 30 45 63 5 96 61 75 69 87 40 28 72 53 83 25 30 45 48 62 26 8 16 89 94 33 42 54 65 10 11 84 81 41 34 91 79 25 38 95 59 16 70 30 8 48 52 40 31 21 69 34 78 99 59 90 33 93 72 97 48 21 39 90 12 52 45 37 30 28 61 39 48 92 79 21 67 4 41 31 61 50 91 70 76 8 13 67 50 79 46 86 15 59 76 19 31 16 17 16 60 5 55 27 36 15 68 61 59 96 47 99 4 0 63 8 24 11 73 60 43 24 56 28 29 30 5 41 72 21 79 93 12 76 84 91 51 52 56 75 67 51 42 26 12 42 29 19 46 3 8 58 6 96 53 63 68 52 19 78 69 23 50 38 46 48 87 8 57 72 24 82 94 54 69 67 1 53 52 64 42 38 26 60 5 34 14 88 59 38 81 62 56 49 7 42 10 46 9 65 82 83 11 94 62 73 13 63 87 13 88 69 64 82 42 42 30 16 70 65 14 48 64 99 96 97 85 62 61 86 69 63 18 29 78 19 70 64 33 24 82 2 50 17 80 60 81 24 79 16 78 17 57 98 48 11 20 33 77 12 41 64 28 76 62 90 9 94 2 34 62 80 71 3 10 24 75 80 6 43 75 51 85 25 96 23 52 29 26 26 62 38 75 68 22 62 68 81 79 82 90 13 7 67 60 42 27 67 43 37 22 75 42 73 96 35 87 44 68 98 73 84 17 48 35 69 90 89 62 23 57 44 14 47 49 99 99 73 86 13 69 49 40 42 4 2 6 54 70 69 2 5 57 14 2 
8 78 93 49 99 34 5 98 99 38 5 75 6 62 93 30 63 82 82 13 46 17 61 0 50 33 26 23 82 70 66 40 80 6 86 54 18 38 52 51 95 11 75 50 92 59 30 92 7 92 93 68 98 37 79 90 52 80 63 86 73 72 50 76 56 9 77 69 46 96 27 19 44 55 64 74 39 32 20 96 3 97 22 38 90 16 89 39 51 96 80 45 3 19 55 77 86 53 53 0 29 62 29 99 83 19 66 58 45 87 98 53 99 71 64 99 23 74 53 8 32 83 64 28 71 36 37 4 52 24 84 21 25 18 25 78 11 60 95 87 14 31 73 72 5 8 69 98 76 96 43 76 9 90 88 76 90 77 52 73 94 89 96 20 69 86 88 66 24 20 16 84 64 67 53 12 95 15 67 56 10 0 33 84 24 86 48 33 14 63 27 58 50 63 98 90 78 81 26 28 11 57 85 82 25 69 86 94 68 84 83 72 91 67 65 27 81 18 88 50 81 51 64 90 50 44 22 63 7 19 83 58 55 9 6 21 4 72 20 25 21 50 21 47 37 14 52 58 42 81 7 56 71 55 29 91 21 15 84 46 60 48 7 4 36 66 6 44 86 44 75 10 9 7 77 60 72 87 10 57 37 25 27 14 6 29 91 42 16 68 56 87 86 80 81 5 27 31 31 75 2 53 74 36 16 22 62 96 98 68 59 55 85 77 18 1 56 91 58 42 18 51 57 76 11 63 94 26 63 24 47 7 60 31 74 88 58 15 46 47 1 99 19 13 35 80 73 64 37 55 9 56 3 24 68 6 41 41 2 19 40 80 7 76 12 79 71 70 40 23 11 44 5 62 49 78 66 96 40 92 39 3 21 99 43 63 17 16 24 59 65 95 50 85 14 89 59 59 65 45 
33 60 66 95 16 64 46 58 14 0 47 81 0 49 15 80 7 61 20 48 87 91 47 90 14 38 62 31 8 36 56 34 34 95 2 14 84 81 7 19 48 16 81 34 35 8 41 99 86 56 13 86 2 46 47 29 43 87 61 25 79 38 83 48 33 8 33 22 36 20 65 79 94 84 47 95 5 88 55 11 72 73 83 23 53 1 34 64 50 32 76 68 41 94 19 88 20 0 89 82 13 91 95 50 79 61 69 82 13 37 51 96 82 85 8 91 37 58 16 34 2 18 59 32 69 30 76 13 43 13 92 28 98 97 68 1 84 49 91 20 43 95 92 59 95 10 82 29 25 91 1 36 99 7 14 96 51 72 34 40 76 13 44 4 87 78 27 28 23 37 45 76 55 38 41 28 20 22 54 50 1 38 1 25 1 12 33 13 56 78 45 9 25 10 69 27 20 3 89 78 71 93 15 20 90 74 3 54 55 3 24 41 98 1 32 14 29 94 23 42 27 74 28 15 90 30 49 21 50 74 70 60 28 70 4 68 63 11 82 82 66 91 47 99 87 51 77 7 34 59 18 83 20 47 41 82 97 15 47 85 72 28 22 37 27 66 1 41 39 86 85 12 44 1 32 23 88 19 61 95 60 68 32 14 72 85 42 55 4 59 78 91 95 65 36 34 91 67 86 35 20 37 94 99 10 64 40 58 97 75 72 31 12 62 70 81 26 44 28 70 26 33 15 53 5 50 38 62 8 35 19 49 96 1 19 91 11 98 49 52 59 18 74 54 25 96 55 72 74 75 98 86 76 61 82 88 0 49 58 58 59 88 51 28 95 15 13 61 23 98 27 64 25 76 30 64 59 41 29 20 84 64 58 20 61 47 54 95 24 28 61 50 87 85 52 55 55 45 64 73 
83 44 28 91 96 49 74 19 75 19 22 93 37 31 42 16 81 79 97 4 27 13 83 21 96 5 76 55 34 93 96 78 89 64 26 4 11 65 44 29 88 1 15 38 92 22 95 69 1 25 93 59 11 70 95 15 18 78 0 91 60 26 69 53 3 70 15 84 94 20 13 66 46 3 12 3 18 54 97 35 43 73 11 77 19 58 75 98 82 79 52 4 75 71 46 1 81 86 37 82 9 75 25 59 57 61 1 50 29 7 60 64 61 87 7 82 72 68 33 23 44 0 16 38 33 30 60 11 38 57 29 59 69 52 92 92 90 90 57 45 20 29 4 21 3 19 25 1 5 30 50 9 50 49 23 80 33 30 15 35 18 37 74 82 61 80 65 8 76 25 42 60 92 1 16 72 76 2 61 75 26 67 78 90 82 50 98 58 52 35 19 44 61 67 46 28 53 84 97 71 8 79 70 44 31 97 89 65 84 14 94 15 60 35 4 62 79 7 49 6 77 69 44 34 36 4 3 77 90 82 76 43 5 81 10 52 28 63 15 12 59 53 29 6 42 90 54 78 41 76 68 65 40 28 5 62 38 50 90 20 95 68 30 33 51 79 14 45 55 73 26 76 62 97 54 76 48 88 86 14 65 62 71 86 21 36 51 4 91 27 39 86 36 60 19 84 54 33 25 59 97 37 22 81 80 76 9 92 70 81 33 37 42 15 58 91 41 85 35 63 80 69 2 46 26 44 42 54 87 88 37 73 48 61 74 44 29 64 90 26 77 89 27 72 25 4 48 44 35 31 42 32 84 62 82 45 56 75 69 99 49 2 28 68 15 19 88 33 86 55 44 95 48 65 40 98 92 14 18 82 48 62 67 27 47 73 5 34 94 68 70 28 68 17 99 3 47 82 74 79 
89 24 41 55 43 91 76 56 21 75 24 17 2 67 37 55 38 49 13 74 89 41 54 41 33 23 6 11 42 54 13 67 9 94 31 69 63 16 46 9 80 5 50 68 67 0 83 48 20 24 39 97 32 77 65 65 95 94 85 64 7 71 84 72 71 71 23 38 23 25 95 42 67 67 91 28 55 79 6 27 53 77 99 10 59 56 18 13 66 84 31 9 27 1 45 31 1 10 44 10 15 64 7 34 76 40 5 96 92 54 10 40 25 72 96 62 86 58 63 60 55 99 22 30 33 80 14 99 14 15 76 0 44 79 2 87 94 86 26 81 12 79 71 54 53 53 88 40 6 31 54 67 92 58 92 92 33 72 52 93 59 38 49 0 25 80 32 22 38 84 83 98 31 0 96 98 44 80 49 41 90 19 16 89 12 61 58 63 79 45 55 53 43 15 84 79 18 49 24 93 51 26 88 0 7 35 35 23 39 97 12 0 87 99 73 71 4 28 59 82 4 95 19 38 34 31 53 41 28 61 7 72 37 20 37 19 10 95 2 70 36 28 89 62 91 13 24 81 22 59 89 2 83 87 48 73 96 84 84 1 38 24 45 23 32 26 17 90 23 28 86 71 65 50 20 11 8 70 35 78 45 2 90 46 4 15 77 33 58 23 89 80 44 46 6 64 97 48 33 57 71 78 75 17 82 17 24 38 22 11 76 79 50 21 95 43 0 8 83 19 3 13 63 73 83 34 62 78 87 78 9 6 61 89 60 52 70 34 10 75 27 42 84 23 7 96 88 1 14 59 11 58 79 32 63 49 41 94 20 63 55 84 89 26 73 5 75 18 41 58 42 95 97 69 71 43 83 59 41 63 34 94 38 67 67 77 57 19 12 66 90 15 80 90 5 20 4 34 82 40 
71 55 0 46 16 94 13 26 35 18 10 82 29 39 51 18 34 61 73 32 72 84 54 52 34 29 41 58 24 84 50 37 61 15 20 47 14 23 61 85 53 2 38 85 74 49 36 74 80 75 87 48 72 85 93 11 89 87 32 20 19 63 51 18 73 37 22 27 33 91 1 56 88 53 59 40 61 15 83 91 2 94 30 62 8 37 62 27 74 65 3 95 85 7 29 86 2 4 13 22 56 65 51 98 48 97 87 21 91 91 86 83 19 44 87 83 20 8 19 85 48 44 98 79 93 89 91 95 97 50 54 39 16 11 72 63 42 72 91 10 75 32 74 15 83 0 62 54 65 99 54 36 63 91 13 7 95 79 23 61 76 90 61 30 88 64 24 92 1 4 30 63 5 90 47 18 38 50 11 64 38 40 33 46 68 85 63 19 55 78 39 89 46 52 34 84 24 52 70 85 89 96 46 9 49 85 72 74 93 98 46 72 47 29 86 11 6 92 86 69 14 23 28 75 80 52 25 1 57 75 48 29 31 3 33 20 88 65 58 23 47 32 31 15 49 60 81 16 81 87 36 47 91 81 81 6 41 82 41 16 29 93 92 73 9 95 76 7 13 50 46 30 33 88 45 1 75 67 28 69 93 97 90 49 18 15 24 91 57 54 75 78 62 70 43 53 6 23 43 86 29 20 46 87 6 18 29 13 1 73 97 1 35 36 44 48 35 59 55 65 84 28 7 38 56 99 13 64 59 23 22 19 15 24 42 5 18 90 3 40 16 73 70 5 30 27 78 92 31 44 8 21 71 12 69 25 86 38 45 90 42 43 88 71 99 40 20 20 17 52 11 13 19 93 61 92 27 78 95 64 38 97 17 7 29 31 49 71 76 80 25 8 18 83 71 49 49 49 98 30 
80 5 48 36 22 24 87 35 73 13 16 60 98 16 22 62 67 23 82 19 26 82 71 18 44 91 85 67 18 28 70 48 42 95 64 23 81 22 3 62 72 5 49 81 33 28 1 50 15 77 98 17 13 34 40 43 42 63 63 13 29 55 94 21 3 51 25 24 97 11 67 24 92 72 22 3 42 57 32 93 71 34 39 23 96 26 24 64 94 79 61 16 90 4 70 47 88 22 88 67 49 11 5 33 98 87 15 42 70 63 65 32 59 76 70 30 75 76 19 20 12 0 18 12 18 17 32 14 52 98 61 85 62 10 50 86 45 2 64 85 39 39 50 42 97 9 10 13 31 6 56 72 31 4 64 12 40 4 15 71 79 93 39 86 35 60 66 11 53 86 20 64 83 39 76 77 67 16 65 13 19 67 5 76 51 48 77 33 28 0 26 90 78 98 36 85 16 14 25 87 3 21 92 84 82 52 2 89 8 64 89 85 75 10 36 71 68 9 58 98 2 13 10 66 56 20 18 71 29 54 98 55 70 41 72 89 91 34 90 19 25 35 63 87 15 53 58 94 3 77 27 8 23 46 79 52 13 17 42 7 79 65 99 43 22 28 8 98 46 38 70 30 81 28 15 51 96 11 14 36 75 26 56 35 67 1 49 23 78 28 80 30 45 60 2 70 60 12 63 71 91 82 11 48 36 23 65 87 89 0 22 45 96 43 72 90 16 49 39 48 5 9 60 83 87 21 60 48 43 40 95 42 55 52 17 46 11 16 81 40 43 32 28 95 38 31 21 29 4 22 39 51 17 28 61 19 10 62 57 78 23 71 6 17 37 30 60 66 20 19 18 0 49 19 90 48 70 80 69 45 70 88 39 79 55 73 17 30 61 93 16 52 85 55 89 44 53 2 20 32 
78 60 89 95 79 41 30 24 92 89 1 42 34 12 4 72 65 80 46 47 68 60 95 53 72 47 56 80 59 79 8 64 50 47 90 97 49 75 41 36 22 10 88 27 29 24 97 95 46 97 57 10 36 6 56 22 88 91 39 20 64 44 9 0 42 72 69 81 20 95 86 20 86 43 24 17 98 89 20 32 30 93 5 36 79 7 96 86 69 43 57 2 12 43 75 43 45 44 62 31 31 78 67 99 27 36 19 35 94 36 12 62 10 82 8 77 96 35 19 2 76 79 15 99 65 87 30 47 15 85 57 72 30 65 50 57 90 89 38 78 47 23 80 54 5 61 60 97 56 34 93 82 64 87 70 1 93 20 66 93 73 0 65 4 50 94 44 36 77 14 33 54 39 47 1 99 96 79 15 62 45 40 61 61 86 71 99 96 47 86 78 52 62 46 79 66 26 7 57 97 22 8 8 38 90 1 91 14 61 62 79 51 58 93 32 31 20 20 69 52 20 93 99 84 22 89 15 71 46 70 69 67 17 13 87 18 98 8 97 39 38 24 40 46 36 29 23 77 9 0 95 7 18 49 65 11 58 51 9 74 39 57 59 20 17 58 45 88 77 91 77 37 58 55 80 39 97 84 79 7 18 32 80 76 28 27 48 39 65 99 80 36 12 35 48 60 6 20 84 13 82 8 17 97 50 1 62 64 71 94 59 84 49 49 17 13 7 33 56 36 67 16 69 24 17 71 25 48 60 89 82 4 82 14 46 98 37 17 69 22 34 60 82 65 89 65 14 79 65 36 1 59 85 36 73 15 51 67 80 68 52 39 12 7 88 29 60 41 67 79 6 96 37 80 43 62 94 82 35 77 53 77 62 24 34 6 2 61 25 54 73 95 85 60 29 46 92 73 59 21 
21 75 97 3 12 87 71 46 13 11 96 83 99 22 92 34 54 90 92 17 55 64 70 94 51 90 11 50 95 30 10 55 38 76 86 74 67 78 98 9 52 83 32 47 48 73 11 53 85 0 97 79 9 61 5 88 42 52 52 91 11 52 23 50 86 4 68 43 59 15 28 72 86 44 0 27 83 96 43 35 60 32 55 57 64 41 16 90 11 45 69 44 67 55 68 39 61 63 28 50 82 28 65 75 12 53 44 19 68 93 83 21 70 30 96 92 39 64 41 3 38 91 30 29 96 87 94 10 88 67 3 80 19 12 16 17 24 22 56 64 48 94 93 82 4 86 62 7 35 59 92 24 61 57 59 40 48 32 49 42 86 21 46 21 19 26 30 55 45 75 20 41 73 29 7 40 80 76 54 28 26 84 15 69 18 59 27 6 82 34 84 8 4 5 36 72 20 96 51 36 24 52 71 36 78 29 62 79 9 24 91 55 6 64 93 49 40 29 0 38 70 6 53 99 80 87 0 38 29 13 35 33 40 13 62 42 4 54 30 72 96 3 47 29 39 92 13 29 88 83 24 82 93 26 82 36 88 80 21 62 39 33 66 5 33 94 70 29 41 32 86 83 43 35 44 2 35 22 96 0 12 49 0 58 78 40 64 94 60 46 0 65 17 80 35 5 3 51 88 5 20 91 12 31 13 26 63 61 88 44 70 11 30 76 16 63 65 18 31 38 18 67 61 39 39 42 72 45 15 88 31 18 54 55 54 61 94 26 36 3 98 44 94 97 18 22 79 33 3 74 14 92 88 1 44 19 97 71 71 56 24 58 66 58 30 80 33 44 75 41 47 99 75 44 38 23 46 0 51 11 87 47 87 71 18 94 77 77 28 55 1 63 50 27 12 56 84 26 37 5 
67 85 99 26 13 95 32 9 85 67 10 82 89 40 88 43 50 69 7 98 43 79 98 13 74 80 78 50 92 14 90 59 78 96 18 71 47 81 85 62 24 33 57 69 30 95 94 41 26 69 4 2 35 25 69 15 71 50 56 17 47 30 55 83 12 53 82 27 58 85 69 86 89 88 80 73 68 47 85 17 45 52 86 52 38 78 55 28 9 52 94 76 16 63 61 73 34 56 20 58 37 57 64 70 94 38 51 97 14 68 77 78 4 89 94 85 70 19 73 73 89 17 24 87 79 98 45 84 36 85 16 7 20 80 18 66 90 73 29 22 85 90 89 61 90 36 23 81 55 94 1 30 70 23 97 84 93 53 77 28 4 36 41 55 91 98 78 77 78 28 28 36 79 17 43 22 23 61 19 86 95 53 59 30 4 1 22 41 29 78 61 11 24 53 85 21 75 59 1 0 64 91 46 66 3 81 65 44 15 20 48 31 8 39 5 34 76 26 23 38 99 24 47 58 35 64 58 70 75 8 11 91 43 97 68 81 46 46 84 63 75 81 31 46 54 95 30 57 61 28 12 32 64 70 9 20 45 13 21 37 44 19 0 25 72 96 33 56 2 12 32 81 38 92 40 72 3 67 93 40 67 46 21 18 27 98 68 7 55 56 58 35 73 5 32 6 6 91 67 40 17 8 8 79 69 90 67 88 41 62 95 10 58 72 1 34 36 55 8 15 56 37 5 11 2 6 6 59 57 94 48 24 79 96 54 39 59 53 92 83 59 24 36 60 99 46 25 89 83 85 21 69 9 45 17 27 47 31 92 0 69 5 73 73 50 6 8 61 28 82 46 52 66 89 87 97 77 25 18 1 9 32 31 17 60 50 3 44 5 50 96 4 79 5 62 91 12 28 83 37 
92 22 82 32 45 33 90 26 45 11 21 30 29 72 33 94 23 42 59 72 15 5 95 68 18 20 83 57 17 92 91 50 28 67 4 98 24 60 55 7 81 93 69 40 4 49 29 97 42 55 65 91 93 98 32 80 47 63 64 23 31 52 84 72 39 99 72 67 11 6 63 55 59 7 77 37 73 35 85 9 47 79 57 20 72 67 25 18 20 94 44 51 68 34 81 4 57 40 62 31 59 75 30 79 51 70 16 4 52 38 74 75 72 44 23 20 22 47 56 21 87 58 57 38 84 61 7 98 78 36 73 21 63 67 76 10 83 16 43 27 5 62 71 26 41 36 70 63 34 38 50 47 28 77 53 63 45 20 22 33 59 78 22 10 99 19 25 5 49 63 34 35 5 48 54 23 72 54 91 20 1 7 63 81 77 61 33 72 97 1 54 46 16 70 13 77 20 93 36 7 37 73 53 95 3 30 37 10 15 46 2 11 1 56 23 30 40 97 20 89 67 87 3 28 91 3 38 43 21 90 6 21 25 96 16 51 95 78 5 62 45 76 3 93 85 12 30 27 77 56 60 75 88 66 73 0 62 51 5 67 15 75 67 43 59 27 58 21 58 26 46 39 67 56 14 62 54 75 47 95 78 96 47 70 7 54 35 65 28 65 46 18 20 42 87 88 43 77 36 95 75 76 84 63 12 82 74 25 15 73 15 47 29 84 62 49 16 67 98 92 86 81 76 40 70 89 5 32 7 76 58 37 78 26 11 76 8 30 76 27 56 3 6 86 41 40 77 64 51 22 74 69 26 19 32 12 40 75 99 9 81 99 88 52 44 74 58 46 75 60 68 87 45 55 64 41 59 63 12 77 61 33 79 75 35 80 70 94 19 28 11 40 20 38 74 87 24 19 26 66 
98 48 82 34 59 58 69 64 50 39 42 17 5 45 96 15 94 78 66 16 74 71 90 8 73 69 83 64 18 89 51 51 88 50 70 0 85 68 4 62 78 32 29 95 87 6 15 48 77 14 15 79 49 66 88 83 18 80 4 72 70 12 5 6 85 75 3 60 91 46 55 71 3 24 55 89 24 93 26 95 23 69 35 34 1 68 25 25 98 11 46 49 33 83 32 31 22 9 43 98 90 46 12 81 46 76 53 87 7 16 90 95 28 37 24 31 96 65 92 23 42 82 66 3 74 28 43 77 62 26 0 36 37 90 0 38 54 4 79 86 44 17 39 49 53 32 7 94 81 13 51 17 52 34 83 18 38 75 55 57 97 76 71 3 68 32 46 14 72 0 72 22 84 6 5 49 53 48 24 60 45 64 64 10 15 81 96 12 80 78 20 38 44 97 75 38 28 26 20 38 70 77 94 70 22 89 59 6 44 31 70 69 58 75 0 91 83 28 92 88 68 94 26 49 82 39 18 50 8 91 20 97 82 25 59 83 30 5 74 92 3 35 27 68 67 60 26 75 73 24 76 12 46 79 65 37 55 36 90 62 76 11 19 68 4 22 32 84 61 94 95 5 69 6 93 81 60 4 52 35 24 35 12 33 71 90 96 79 0 71 68 96 49 69 25 51 54 54 1 38 10 24 99 94 42 99 25 38 78 24 84 98 8 11 76 34 46 77 89 71 12 76 16 52 17 47 82 37 54 99 38 52 17 66 5 38 18 54 63 41 32 34 71 21 54 15 4 75 51 61 6 36 19 63 86 39 83 96 6 43 48 75 70 39 34 90 64 3 86 91 67 34 50 83 29 48 57 26 79 90 75 59 88 19 73 95 46 5 96 92 12 8 42 88 43 87 26 28 31 81 
33 82 16 70 1 84 42 10 37 6 42 20 89 89 75 23 59 18 87 69 50 51 89 93 6 25 55 55 68 82 99 53 4 79 12 40 68 48 66 67 43 34 85 12 73 33 42 9 52 60 18 64 80 18 93 21 67 86 27 80 45 81 64 59 74 18 5 78 43 86 92 5 53 2 88 56 20 74 39 60 25 95 4 90 38 67 52 69 54 23 94 69 55 25 90 62 43 83 4 89 67 8 18 25 6 86 47 80 33 24 48 21 77 16 90 25 17 75 62 41 50 4 18 39 77 78 13 14 11 6 0 87 55 25 6 62 67 10 49 89 60 62 54 87 36 63 51 20 56 86 54 92 3 9 9 81 28 1 36 61 3 4 39 96 35 9 24 2 66 14 31 59 29 70 49 83 26 29 38 33 72 73 1 75 89 2 1 60 10 88 68 4 6 39 87 7 11 36 78 89 26 54 86 73 77 55 24 57 64 48 62 97 59 42 8 29 45 67 40 80 98 1 21 70 0 92 30 25 72 42 75 28 64 34 23 60 55 29 9 44 29 77 16 83 59 31 16 19 38 96 34 84 16 98 7 5 98 60 70 94 9 67 58 43 94 42 73 83 56 0 2 41 61 21 84 71 56 78 72 32 93 69 73 28 29 5 78 85 67 85 68 29 99 15 8 85 22 15 23 15 19 8 40 99 29 63 34 19 44 21 23 49 96 79 67 6 15 44 85 75 43 29 67 54 25 22 9 62 52 67 72 72 96 62 27 27 64 38 85 85 33 95 56 38 1 36 82 47 65 5 22 95 87 67 33 71 51 88 49 72 78 3 81 5 47 64 71 92 90 64 47 37 42 32 92 26 52 98 64 98 12 11 47 56 86 91 16 81 85 50 47 5 62 36 90 78 13 55 51 19 
28 72 46 52 68 67 55 65 51 71 86 4 38 82 89 63 92 72 53 66 48 70 1 37 56 33 99 93 13 4 48 56 56 78 63 82 18 34 41 29 36 13 3 24 30 70 47 39 50 36 36 46 35 17 37 41 74 41 56 91 43 13 14 6 21 45 65 14 48 96 13 15 35 63 93 84 61 95 59 73 98 54 41 17 58 20 56 44 94 22 28 59 44 52 1 34 56 19 6 48 54 17 73 50 70 72 82 24 74 41 63 69 75 78 63 10 70 10 26 64 51 55 8 18 3 51 1 91 31 63 93 22 13 93 23 75 27 46 55 54 61 56 68 26 6 80 87 69 2 14 86 42 14 67 36 67 48 80 42 22 37 53 17 81 48 85 72 65 53 36 48 59 94 24 86 0 85 76 18 43 98 94 78 44 42 36 8 12 92 2 51 62 63 50 27 12 56 87 96 14 57 10 81 66 54 25 65 4 63 34 41 24 47 77 80 94 55 21 40 97 18 80 65 68 91 60 87 9 48 92 75 38 6 84 97 72 0 40 25 10 88 39 35 39 16 54 41 39 74 94 99 79 94 12 84 23 67 76 16 72 48 92 24 83 64 90 58 20 68 47 17 77 37 53 63 29 81 51 45 84 41 15 74 82 29 25 84 0 99 70 88 10 20 12 64 78 59 44 10 56 43 59 2 90 77 93 4 5 98 59 80 89 31 21 74 41 9 47 73 95 17 99 93 39 45 38 19 49 12 74 22 0 84 85 40 92 77 56 95 52 4 98 37 9 9 66 24 65 5 38 62 31 87 65 44 14 78 96 45 12 2 28 50 85 95 99 95 16 59 84 92 98 10 56 9 16 41 55 7 37 58 58 69 17 33 58 73 32 55 73 74 3 42 35 65 11 29 47 35 18 
81 75 35 42 5 89 28 16 82 72 22 46 90 95 44 24 37 76 32 96 21 20 70 85 66 1 97 21 13 32 95 13 90 4 20 24 91 50 94 62 52 22 92 24 36 73 75 9 49 41 56 87 34 91 0 42 12 55 24 68 19 29 17 38 67 30 26 29 51 21 75 5 32 19 54 38 8 17 24 92 9 84 39 88 97 69 37 55 40 6 47 7 32 76 43 88 47 63 23 77 74 55 15 14 97 65 4 4 31 45 18 44 87 89 23 92 23 6 89 56 36 76 54 71 15 76 54 84 66 58 97 63 62 1 85 88 83 38 54 72 36 78 52 29 49 19 41 99 38 49 68 36 54 39 49 67 76 33 97 1 53 55 89 28 98 73 2 13 55 40 4 35 7 69 95 72 18 56 41 16 45 80 53 44 38 50 27 8 31 15 94 8 63 42 58 79 74 53 46 33 72 14 73 60 33 36 19 17 51 63 94 92 93 14 30 19 62 12 66 46 13 90 99 60 16 23 86 69 27 87 5 49 22 55 66 20 17 97 32 67 95 16 90 14 41 64 85 26 28 47 32 44 29 90 6 42 56 50 39 58 72 89 99 53 21 9 43 34 39 99 41 51 94 79 39 11 93 72 43 84 99 22 10 71 0 83 8 26 92 59 2 9 37 33 87 28 14 3 84 52 60 57 96 84 20 93 38 54 65 83 96 38 0 89 71 66 57 98 72 39 27 2 83 31 58 33 98 47 5 77 53 6 15 21 79 43 74 16 67 52 18 41 75 56 50 80 45 82 8 65 65 70 26 43 6 71 88 28 96 73 60 91 1 65 52 34 43 92 83 89 98 56 59 87 46 65 97 11 38 74 41 13 58 62 11 98 19 82 55 94 17 95 77 17 33 41 68 44 12 90 
35 36 18 59 36 27 11 14 81 46 84 39 57 71 61 52 4 32 85 95 61 71 65 25 43 43 42 85 97 59 77 13 51 30 4 93 46 2 11 10 43 1 1 85 31 65 16 31 89 91 57 43 28 99 79 98 10 9 69 54 58 91 36 70 74 89 16 29 28 85 54 18 14 37 25 55 19 89 71 48 72 5 7 5 15 82 73 6 59 36 49 47 76 48 87 53 12 19 38 48 66 79 20 25 19 64 82 1 22 33 44 79 59 84 27 30 31 56 25 34 61 90 97 73 25 70 31 13 2 38 70 37 25 87 56 44 80 43 82 53 51 87 22 51 18 22 61 10 26 25 52 22 21 92 16 44 56 97 40 63 39 48 32 93 76 79 16 78 47 19 55 8 94 42 60 20 75 94 40 76 66 57 41 69 1 7 31 47 97 38 58 67 47 32 67 47 75 54 18 20 0 14 83 9 19 86 19 99 84 23 81 1 91 21 50 64 27 53 18 10 89 59 60 84 15 22 68 80 83 48 91 22 41 38 39 5 75 38 63 92 32 87 56 96 87 79 37 19 87 28 41 71 83 33 64 26 22 33 83 72 10 24 27 91 72 77 10 51 18 20 56 22 28 73 89 50 52 1 32 5 59 79 16 3 75 29 84 66 12 63 12 46 43 16 57 60 24 73 74 45 14 83 69 42 15 53 88 90 30 81 1 14 89 1 78 61 74 81 9 36 21 91 43 3 79 19 83 84 18 45 25 55 13 43 39 92 25 79 53 17 71 17 44 67 80 8 84 30 31 91 30 19 50 45 47 46 96 98 75 44 41 96 48 95 38 53 79 71 22 23 31 7 45 71 71 36 65 27 42 45 78 21 41 60 90 1 85 88 13 79 6 44 5 12 43 46 93 59 31 67 
31 69 59 7 60 37 20 56 3 34 48 44 24 41 72 26 66 55 69 48 98 55 20 43 19 60 34 38 95 10 75 30 3 17 61 77 70 42 5 84 86 89 18 71 88 46 57 78 93 48 67 87 28 54 96 61 50 24 60 35 99 18 1 25 55 52 45 47 9 78 72 31 94 32 19 83 70 64 30 28 47 2 31 41 58 69 20 7 66 4 19 45 14 32 59 50 26 4 74 86 56 36 74 38 40 19 40 72 47 59 99 51 4 58 64 81 89 54 42 49 55 44 57 15 18 26 11 57 88 22 30 9 0 6 98 97 31 90 90 37 38 91 74 11 97 5 28 91 31 34 19 42 42 12 75 65 73 45 15 86 37 3 15 66 8 79 70 63 36 33 26 91 79 20 66 93 89 81 33 28 42 98 43 35 6 85 29 60 87 66 68 4 70 57 50 17 92 7 48 76 82 52 67 13 78 70 58 45 68 40 12 88 58 33 10 31 91 57 90 68 6 96 5 67 38 46 11 63 76 47 97 73 61 0 44 60 92 1 3 34 23 48 80 42 21 90 19 27 70 73 24 32 60 42 64 56 93 48 25 80 29 49 85 10 57 43 12 64 56 33 21 53 33 59 79 67 93 59 72 11 74 26 5 37 88 78 83 11 43 21 74 47 30 98 80 2 19 66 44 28 14 58 71 54 38 40 31 51 41 55 39 90 32 22 38 6 43 75 7 59 97 40 92 20 40 46 89 54 22 70 0 96 91 97 15 40 43 38 13 17 14 62 29 32 98 55 7 72 52 37 48 53 55 29 32 97 57 42 58 30 2 34 60 90 86 68 83 11 10 87 57 65 67 28 54 31 26 27 52 74 23 0 22 36 43 59 70 47 99 68 61 48 24 57 92 99 48 25 12 24 
2 66 47 4 40 68 93 0 59 64 0 93 9 32 16 41 19 20 98 81 26 38 51 55 47 85 11 26 67 18 70 23 36 71 19 82 13 65 32 46 6 1 97 49 4 69 84 27 2 83 95 85 72 98 80 49 59 81 94 44 45 33 33 79 98 14 28 18 47 28 57 30 66 26 41 69 55 43 20 11 37 32 31 15 87 62 35 91 44 20 97 68 65 84 77 17 95 23 88 45 45 38 93 11 3 38 17 54 43 18 85 29 66 4 88 72 67 4 10 96 43 64 68 20 84 21 81 24 0 6 57 62 24 3 0 95 78 59 32 15 70 62 11 44 92 49 43 96 46 38 99 5 31 20 71 28 73 55 30 73 79 56 87 82 10 67 73 86 74 52 12 33 11 36 33 45 76 0 52 34 10 71 67 13 73 48 89 97 80 2 44 64 62 47 80 89 78 39 46 78 71 69 99 99 18 2 89 43 48 5 62 75 86 11 82 9 32 20 63 71 66 5 79 20 37 68 59 6 9 25 89 84 81 38 27 78 60 21 85 71 91 97 38 46 15 98 16 4 96 93 18 1 34 42 27 53 23 60 99 33 33 66 7 46 73 8 78 42 12 90 2 88 89 86 1 84 12 4 40 3 17 37 95 44 36 24 51 37 96 41 61 12 21 67 44 64 46 41 92 34 62 63 52 79 51 38 85 33 41 69 35 30 76 5 61 67 96 92 16 97 32 17 61 84 93 99 12 90 60 14 91 42 47 70 18 16 48 95 19 40 74 61 14 68 44 1 99 43 91 20 58 88 67 38 99 76 45 97 90 3 36 55 21 59 42 98 90 30 80 51 78 65 32 52 59 26 93 10 80 20 36 81 49 15 30 42 98 46 18 31 0 7 25 41 44 85 3 38 54 9 
8 80 28 5 10 43 90 35 52 30 93 85 92 15 97 17 81 8 32 62 32 4 96 63 3 62 78 96 67 44 7 99 87 44 87 36 84 32 33 52 12 47 50 30 33 58 14 80 70 71 27 69 81 80 35 87 11 60 92 6 76 71 77 33 1 14 24 33 39 20 78 20 61 91 79 29 13 83 47 20 47 81 64 14 43 59 12 86 48 90 41 38 25 71 96 42 62 46 31 85 6 8 90 44 80 76 64 87 92 24 81 10 87 65 78 91 37 5 93 29 78 23 39 22 47 96 35 40 43 80 52 88 29 90 33 20 12 33 40 59 12 83 36 46 95 3 55 61 28 50 76 35 90 49 44 62 24 98 32 3 79 0 14 73 61 32 43 63 93 5 96 30 27 58 4 47 70 59 70 98 27 22 35 53 3 3 73 36 11 25 97 96 35 78 70 84 33 60 60 50 92 54 44 3 1 19 44 22 4 41 46 14 54 49 40 18 29 37 30 93 49 61 39 7 98 66 57 70 57 36 91 80 68 91 76 80 40 61 22 74 21 77 32 29 41 59 35 27 45 50 3 95 48 86 10 83 24 96 61 55 54 55 49 42 9 8 76 9 34 16 68 28 2 76 92 70 33 44 70 32 17 96 31 74 38 81 93 28 25 52 26 2 91 41 82 51 99 77 43 75 14 79 87 0 94 60 13 69 85 97 92 40 48 6 80 38 23 24 10 4 10 35 50 84 44 17 74 76 51 90 2 74 57 48 51 61 2 2 69 3 97 40 20 52 91 61 28 34 81 93 51 60 18 55 11 44 38 77 81 48 36 19 26 73 18 14 3 75 60 27 82 88 50 99 11 91 4 55 44 14 10 98 45 7 77 78 14 35 39 8 59 52 23 52 8 13 61 5 57 32 
30 37 65 79 31 60 25 38 66 5 16 11 82 17 56 11 84 82 47 84 94 98 67 64 74 94 31 77 66 45 59 73 72 54 18 73 8 45 90 32 57 35 83 93 11 88 83 60 58 97 50 92 92 68 38 83 16 27 62 22 54 94 98 37 68 44 57 73 30 72 37 70 46 26 75 35 95 21 64 71 15 29 87 67 3 4 40 70 30 56 52 44 60 73 26 82 32 61 53 60 52 63 35 35 0 0 70 90 38 87 73 80 0 40 69 88 6 23 73 36 66 98 46 82 97 72 71 56 75 3 0 49 10 1 25 72 47 3 69 81 58 25 19 50 52 37 34 80 25 77 12 22 99 51 0 12 19 44 24 36 30 88 72 69 53 70 77 49 76 21 92 41 17 73 82 34 71 11 32 38 65 83 35 23 65 65 62 88 28 46 19 85 64 47 2 52 3 18 39 57 38 96 47 41 58 66 46 7 54 68 8 99 5 87 84 60 29 35 0 35 40 60 90 61 69 92 6 5 67 93 25 13 45 50 89 30 66 8 95 70 87 95 17 74 73 71 12 45 49 76 29 56 77 72 74 5 98 55 87 8 58 75 17 52 38 21 36 60 36 31 84 83 93 64 77 48 38 49 3 9 16 82 26 88 9 32 78 23 33 12 35 19 2 12 4 75 52 60 82 26 44 35 74 25 81 27 86 13 15 99 44 80 43 32 47 82 84 58 80 43 21 91 28 32 38 80 11 2 15 3 84 97 42 21 93 36 61 52 97 68 32 0 65 8 76 18 72 92 92 97 26 81 63 36 27 83 82 91 95 8 20 70 9 80 31 51 73 13 68 92 50 86 94 59 56 30 18 16 33 14 7 28 2 11 61 71 84 49 27 53 55 97 85 57 87 60 18 90 49 76 
66 77 69 82 84 54 18 45 6 50 49 17 8 65 90 36 42 5 31 81 12 43 21 62 61 16 60 60 59 98 91 68 80 24 70 76 30 92 19 7 31 60 89 81 56 55 14 42 30 92 27 72 22 67 67 19 53 11 94 77 51 72 41 26 65 97 48 98 4 81 62 28 85 2 14 21 22 6 4 78 10 73 45 86 51 99 63 7 67 54 39 83 73 38 44 41 70 77 24 50 91 25 89 77 52 48 65 98 90 62 50 79 93 1 81 30 5 9 18 91 2 9 99 57 45 22 80 30 1 90 2 8 86 96 10 14 45 50 77 43 52 99 90 41 19 14 51 17 4 3 11 94 82 20 0 51 68 83 33 33 32 50 74 89 30 66 6 54 39 13 97 61 49 57 22 86 25 30 55 34 74 51 92 93 32 16 84 58 21 76 22 13 30 84 84 85 42 35 61 74 34 19 64 36 32 76 19 52 6 84 49 10 93 87 43 60 67 3 17 14 92 59 72 27 88 31 31 27 50 8 27 37 95 37 67 19 62 97 56 7 22 59 72 12 12 14 89 86 63 75 13 26 18 19 43 50 61 85 64 20 30 83 96 32 49 84 18 6 45 22 79 76 58 21 85 85 28 64 54 23 29 70 77 75 42 12 31 55 33 53 23 11 35 93 91 6 12 23 45 66 35 88 34 75 97 85 4 77 16 37 66 13 64 82 32 85 56 22 36 65 17 23 96 21 64 71 77 96 69 33 32 43 60 32 6 39 79 15 29 79 64 97 21 85 96 46 20 51 28 69 26 1 52 35 95 9 57 47 54 62 95 16 14 52 94 88 83 32 44 91 12 56 68 8 54 66 18 49 3 45 7 69 40 34 6 41 16 44 3 19 22 87 26 79 80 86 91 90 89 76 
89 73 60 79 73 98 70 34 13 97 66 76 16 74 87 65 43 13 42 2 33 13 89 15 31 17 74 41 83 37 84 44 9 5 34 61 34 31 73 25 93 41 9 32 92 64 47 50 20 99 10 98 91 59 94 80 1 8 24 56 8 60 31 7 25 15 78 21 48 99 11 36 3 81 88 36 17 55 68 0 56 3 8 56 34 16 50 35 60 11 78 43 24 57 31 55 87 11 60 20 61 94 60 50 9 33 11 57 49 27 34 20 0 73 48 73 24 44 73 63 24 66 71 23 26 59 20 72 74 50 32 26 28 45 71 45 77 65 41 99 28 25 0 37 58 10 89 21 44 99 47 34 38 29 92 24 95 58 38 95 91 38 33 46 82 38 98 18 67 89 23 45 1 27 23 36 68 24 49 12 79 72 60 44 9 9 82 13 82 50 61 24 40 64 21 96 1 99 63 96 30 37 29 47 96 43 99 92 98 48 62 96 99 53 67 10 38 24 34 99 87 95 0 78 48 1 42 65 44 82 91 56 50 21 11 38 17 83 92 6 2 95 17 68 83 30 66 12 87 11 99 97 22 85 72 2 75 67 93 85 43 9 77 41 3 70 9 18 49 21 34 34 6 91 54 30 88 89 51 13 14 90 8 96 76 76 29 31 38 64 93 91 78 98 55 9 62 58 18 30 18 31 64 91 26 46 4 86 80 15 91 5 39 98 80 96 16 92 59 26 84 11 80 96 42 3 59 48 58 14 51 27 67 87 88 45 36 87 13 54 41 96 53 38 40 81 92 32 55 89 22 2 21 7 12 52 3 75 94 3 19 79 76 32 45 92 48 29 78 21 47 55 31 48 15 50 27 77 4 48 47 56 77 0 85 70 66 50 7 30 68 6 2 43 45 10 14 18 25 27 
51 6 63 20 17 88 15 69 72 96 60 33 30 11 58 52 77 63 6 58 80 84 93 16 90 12 98 68 49 1 34 83 52 13 33 82 15 62 71 84 1 72 28 11 84 8 63 13 52 34 48 49 93 85 49 82 63 9 62 51 3 77 29 95 36 98 85 24 81 20 92 70 12 52 59 49 63 29 97 27 67 79 32 71 27 13 87 75 94 37 83 15 71 78 32 58 87 65 98 28 56 40 37 96 25 27 94 88 41 96 36 68 37 42 77 47 40 48 28 60 86 82 91 19 29 72 68 18 53 66 6 18 55 36 25 22 54 11 25 44 62 19 87 93 38 51 97 38 7 34 96 24 99 15 7 0 97 91 1 47 43 5 95 95 2 51 47 63 77 31 64 36 20 52 68 21 42 82 18 47 73 15 83 44 93 84 2 97 40 99 59 11 56 62 38 99 37 60 1 24 33 95 75 96 17 38 25 26 50 27 56 51 68 67 21 24 21 25 70 31 65 61 14 27 93 42 27 77 45 77 49 4 23 27 45 93 4 93 79 40 89 95 17 70 63 67 73 87 98 86 53 21 96 71 1 73 76 55 41 18 85 5 60 24 74 67 44 71 6 93 54 56 16 40 88 91 42 53 13 18 65 63 85 68 98 90 29 53 28 2 14 49 30 20 5 28 10 71 98 81 62 82 41 50 81 35 76 50 2 67 11 56 93 72 16 75 14 79 10 91 62 96 28 39 99 94 26 19 47 11 16 16 20 72 38 29 30 69 46 53 46 79 75 34 46 41 14 88 32 64 24 70 56 63 24 0 52 31 33 57 34 40 97 39 76 3 75 54 39 44 10 77 62 95 87 71 20 83 9 60 53 71 87 30 81 85 94 47 97 35 71 92 10 60 91 59 35 83 21 8 
6 46 72 13 11 49 94 16 68 88 39 17 56 55 54 68 1 52 13 4 19 42 60 97 11 56 36 24 80 52 16 4 65 10 51 18 0 79 47 68 73 70 6 27 29 72 15 40 12 42 15 4 17 89 20 7 34 97 21 17 8 50 68 73 71 83 89 67 17 52 35 57 47 83 24 65 41 45 96 89 71 46 82 19 96 74 70 7 70 29 90 70 26 14 88 40 13 3 48 30 90 68 50 32 95 5 30 12 3 28 94 88 94 4 19 96 10 30 76 12 7 54 7 52 18 14 89 53 38 81 73 59 96 59 20 35 52 54 79 24 75 72 40 60 59 4 18 20 57 58 28 24 94 51 88 71 12 19 60 83 54 49 32 79 23 57 9 66 46 40 17 64 89 65 72 90 72 85 87 87 13 20 63 71 38 83 0 78 53 98 83 27 2 19 12 54 33 26 16 12 2 82 38 4 62 91 96 53 36 69 57 31 64 46 81 38 11 28 68 30 24 18 18 36 8 19 87 87 36 94 14 54 71 15 91 53 17 30 85 14 48 92 77 27 44 98 21 33 46 81 0 59 57 42 59 23 39 61 15 27 55 57 43 64 97 25 12 31 91 34 87 97 62 36 20 25 97 38 25 23 69 86 92 36 60 72 68 55 80 37 77 26 22 7 79 1 92 15 89 29 99 84 82 45 69 38 4 82 41 93 39 97 39 67 60 73 22 71 14 57 81 55 5 74 14 72 2 17 57 33 66 48 33 90 90 31 78 14 41 61 46 87 44 2 1 32 3 27 75 66 65 76 21 39 18 78 86 45 95 89 55 79 34 28 97 1 30 14 35 96 93 67 87 12 24 43 37 5 79 22 25 23 61 21 72 66 90 8 39 80 11 49 15 65 78 47 76 62 27 47 
75 97 42 11 57 24 35 16 18 58 26 25 30 33 46 56 3 86 11 49 51 3 6 56 88 91 30 32 61 47 77 5 30 15 89 14 55 79 32 4 81 79 41 81 89 56 63 32 41 73 94 56 80 32 40 23 90 70 46 41 24 34 76 89 93 96 59 67 25 1 44 51 52 4 3 37 47 52 30 30 78 13 3 26 93 93 41 21 65 92 34 11 50 97 92 87 19 98 89 39 59 74 35 26 57 22 82 18 58 46 97 17 99 76 90 30 35 68 41 79 50 38 85 85 98 10 28 14 24 35 10 38 94 18 37 85 84 31 96 52 56 24 21 86 51 44 58 45 33 47 75 85 80 1 48 16 44 80 58 6 85 30 36 43 73 85 90 75 75 16 86 78 89 79 93 88 74 87 69 90 87 77 48 82 47 87 23 59 4 11 24 97 9 26 1 79 56 60 98 37 76 78 44 40 12 63 75 96 41 52 29 58 78 10 68 2 76 54 30 47 75 38 39 0 28 45 59 41 48 25 36 67 23 64 86 91 93 65 65 10 15 39 71 17 65 62 47 39 82 76 9 19 96 35 55 30 38 62 83 66 92 93 85 84 78 69 44 91 12 35 96 49 20 60 11 38 52 81 32 6 13 7 51 56 88 69 55 17 96 97 0 97 85 17 29 64 3 11 1 39 94 59 40 26 12 11 20 37 19 79 41 78 74 18 70 78 46 40 96 21 53 54 92 55 61 71 52 44 85 49 34 76 74 87 37 80 40 72 88 36 27 36 28 17 68 29 32 12 46 17 71 23 90 85 57 64 38 37 10 16 41 26 99 18 0 37 30 68 47 35 57 96 47 32 82 11 23 7 90 27 40 62 74 31 46 94 48 55 7 58 94 95 14 4 76 20 64 88 69 77 
6 12 92 56 96 75 31 37 31 6 79 66 61 40 69 4 25 29 73 36 9 45 33 54 8 26 97 42 71 87 68 48 48 59 73 58 32 10 71 31 81 57 61 10 84 83 94 98 23 58 56 89 59 40 59 24 92 80 45 57 69 48 80 12 37 84 72 18 29 11 1 84 84 44 14 50 98 52 51 91 1 98 45 99 85 50 72 26 60 42 62 41 16 50 29 94 93 80 8 97 71 51 26 48 17 63 68 51 33 9 50 85 10 43 35 65 60 83 12 72 3 0 2 13 86 37 7 74 37 81 26 59 85 71 50 29 83 63 9 84 35 80 1 36 34 43 47 53 34 11 18 65 70 59 78 30 94 85 77 87 12 45 87 11 78 9 17 56 82 38 5 63 92 91 16 97 14 56 53 39 38 38 68 61 75 5 53 91 1 2 36 98 58 6 4 98 37 71 71 88 38 33 50 37 2 68 49 71 57 32 77 44 9 36 8 49 25 75 81 5 45 96 56 90 48 86 48 43 87 92 95 35 44 76 86 68 79 33 19 59 59 25 31 88 69 73 23 33 56 54 28 16 13 8 41 40 41 83 38 39 6 39 75 33 11 76 79 24 46 44 81 81 85 49 78 6 45 18 33 12 33 40 87 79 98 8 99 47 97 83 17 89 46 18 65 43 87 23 75 80 36 88 96 16 54 27 71 34 81 5 93 75 79 87 66 90 74 69 41 36 68 85 10 2 69 24 22 81 77 27 15 49 96 53 96 33 18 98 47 22 30 67 64 1 14 89 65 50 92 28 49 23 71 69 33 62 85 93 42 90 48 43 18 23 82 91 77 91 22 20 27 20 87 69 43 95 55 28 96 71 16 87 73 43 14 99 86 24 81 21 88 35 28 74 98 29 31 22 10 75 
72 64 26 56 64 41 60 49 9 35 98 32 87 80 2 29 67 55 89 89 54 72 62 39 10 78 13 71 89 30 1 61 39 50 71 67 14 81 19 82 48 21 92 62 24 41 92 64 96 65 81 92 14 42 2 15 77 22 48 30 15 63 24 44 48 82 77 92 68 16 58 3 72 80 22 57 91 36 70 61 28 41 23 14 84 27 45 98 41 26 39 22 78 5 92 48 93 76 17 85 70 41 87 11 74 23 48 88 65 63 1 19 51 7 27 74 61 19 39 53 46 89 74 6 28 36 20 86 93 69 47 31 77 18 16 95 78 6 86 35 64 88 18 99 50 39 93 33 91 79 59 64 61 97 61 15 88 5 94 30 28 75 7 96 20 70 95 2 30 41 71 51 23 38 55 48 68 29 41 90 93 97 27 6 49 81 27 56 98 54 0 71 7 95 28 52 11 89 73 5 12 80 93 32 15 9 21 40 46 50 74 90 71 66 57 12 3 90 89 78 39 96 64 30 1 74 92 42 38 31 5 31 63 99 58 9 30 29 91 4 82 56 54 13 2 75 42 73 78 86 15 1 38 76 80 82 74 10 33 55 38 88 85 33 15 18 59 27 67 22 79 94 42 52 23 82 41 10 6 70 54 14 57 20 35 68 77 92 87 48 40 83 54 12 3 87 69 42 79 1 39 84 31 58 82 59 14 94 92 29 13 74 75 38 59 72 47 82 90 52 59 17 89 57 11 23 24 92 12 21 52 20 32 35 68 27 52 44 46 20 0 51 26 82 46 67 44 0 33 89 25 41 42 60 39 21 44 9 48 41 97 24 32 48 49 35 10 30 34 26 89 37 56 59 83 78 34 27 29 89 1 64 52 64 13 68 8 57 33 22 47 49 38 36 24 88 67 73 84 83 
4 7 1 65 28 39 86 41 99 60 46 62 36 45 48 84 43 83 26 18 70 11 92 53 77 55 56 20 44 67 84 93 96 34 60 63 64 10 44 71 98 88 15 52 32 35 61 86 32 64 50 70 56 26 61 16 50 31 8 29 47 38 8 92 44 71 28 95 57 84 69 25 14 53 44 98 32 38 7 13 45 15 20 81 42 16 32 59 23 26 80 43 24 75 57 1 71 33 57 38 42 45 8 87 27 9 56 13 53 22 37 34 69 24 96 63 84 62 54 94 54 22 23 25 32 92 35 32 66 50 85 40 36 5 47 28 10 62 33 85 93 55 9 4 24 95 25 99 87 42 47 52 98 46 10 20 74 43 82 24 44 33 66 20 98 44 36 13 97 95 73 73 59 37 13 8 54 16 73 49 34 70 66 62 72 10 1 40 98 75 10 2 49 11 46 43 64 74 68 62 87 80 29 82 40 32 78 50 4 19 26 46 17 57 37 71 19 38 8 8 61 35 98 17 85 90 51 44 18 71 3 86 1 33 72 51 30 73 36 93 73 24 57 98 77 11 54 20 11 42 63 52 2 73 63 78 21 31 33 0 21 80 4 85 97 54 28 65 75 22 22 58 26 63 26 16 61 75 50 4 80 78 49 9 1 68 25 85 84 74 94 63 12 39 5 20 18 59 7 47 63 8 42 88 21 53 44 89 97 59 57 48 91 86 40 59 86 64 40 25 62 44 89 56 39 25 72 43 9 12 43 94 24 28 2 20 48 88 45 12 93 2 83 59 31 22 26 49 62 73 0 46 8 43 61 79 67 11 82 57 4 93 18 45 36 72 47 77 19 17 47 22 98 76 31 10 53 58 52 8 44 3 68 21 33 28 71 5 35 35 43 95 6 98 36 45 23 34 25 44 
44 37 87 63 75 85 83 93 68 14 81 99 93 98 77 42 45 36 67 14 59 67 99 44 72 39 91 82 15 40 51 93 29 22 25 82 33 1 49 91 84 59 99 63 84 98 96 96 13 18 85 93 72 78 65 85 92 77 57 79 58 12 47 23 6 2 4 71 54 61 82 45 37 43 40 80 97 75 94 92 0 41 44 71 45 3 63 54 81 54 0 73 44 41 3 86 69 52 90 31 37 63 1 86 92 35 97 5 96 37 50 30 30 91 54 16 66 44 11 10 83 28 2 3 3 14 12 63 40 96 33 66 87 76 28 71 72 52 46 98 90 21 39 33 24 99 9 71 64 0 2 70 39 5 0 54 85 53 38 58 38 73 38 87 62 69 25 11 97 25 51 96 26 97 44 17 97 12 54 84 82 3 63 77 16 43 49 14 45 77 45 95 40 9 61 51 21 36 53 43 84 65 60 75 4 67 82 87 57 64 93 80 72 53 60 27 74 80 27 10 20 70 4 56 53 39 46 49 44 10 12 63 40 6 8 18 97 65 73 39 40 98 9 59 66 46 59 14 74 70 64 82 89 52 21 88 77 19 56 18 16 88 70 54 5 91 20 50 92 61 77 92 83 10 44 56 9 10 98 48 30 84 73 75 44 3 2 85 44 85 8 66 36 65 35 24 75 47 72 35 85 17 17 23 41 44 24 52 20 41 83 33 25 38 58 73 21 76 96 3 11 21 39 76 16 68 78 75 47 52 24 12 53 35 95 67 7 93 30 66 0 99 91 30 32 36 75 67 37 49 83 24 97 95 71 37 8 91 49 60 76 65 92 93 83 10 73 17 28 99 26 59 91 45 69 27 21 26 64 58 15 35 14 49 83 24 12 48 13 93 58 30 11 26 11 31 71 6 56 53 
16 19 31 99 83 69 35 63 23 40 20 53 27 14 11 40 43 38 60 78 79 98 93 19 31 91 3 22 97 83 84 82 43 25 19 93 44 96 71 6 99 94 60 33 58 99 32 17 16 54 29 74 56 30 40 91 76 68 42 65 14 37 32 68 46 42 48 90 16 83 38 46 31 84 16 86 31 64 38 88 99 33 57 21 82 77 26 31 46 78 89 37 89 60 14 32 52 72 95 13 93 16 24 64 73 90 76 75 86 87 93 84 86 89 94 46 36 95 74 15 38 55 59 85 99 12 76 18 85 37 28 58 7 85 29 67 33 73 16 1 8 75 97 29 64 48 52 82 7 72 17 10 43 88 18 34 99 81 7 29 98 71 63 31 4 9 80 81 14 75 27 7 56 35 53 72 49 88 25 5 97 92 23 9 45 78 88 48 25 27 27 90 2 92 4 42 10 39 82 94 52 57 58 45 6 41 2 17 53 67 59 94 88 7 60 91 61 7 74 62 21 70 28 53 9 35 10 43 93 29 8 15 7 28 9 41 7 64 88 91 81 28 92 74 36 70 67 29 62 77 72 56 44 67 5 57 20 80 58 27 67 94 96 12 68 10 0 57 54 40 91 83 1 95 74 40 43 27 58 18 88 34 26 15 61 68 88 66 97 94 12 94 90 50 58 44 86 45 3 1 23 41 91 68 39 4 82 29 59 95 7 47 36 44 36 67 88 94 47 69 39 23 56 51 33 45 44 24 5 52 77 54 98 67 44 79 89 79 39 84 44 55 67 92 33 86 89 43 14 98 51 14 27 98 93 78 45 59 68 27 1 70 4 0 44 86 69 75 98 24 63 58 32 54 22 88 31 87 90 52 10 94 39 68 47 95 81 33 16 72 20 50 75 85 14 2 36 66 95 5 
83 91 52 43 41 35 95 59 15 93 99 42 88 0 93 60 42 42 94 41 21 60 22 44 23 0 60 28 27 3 14 41 82 16 91 38 31 44 44 90 28 31 28 68 41 63 55 73 49 84 29 9 73 3 34 90 3 99 81 88 79 97 94 78 34 15 20 15 4 92 31 53 74 9 41 58 8 31 79 16 2 11 70 79 34 10 22 88 69 14 35 96 38 44 66 37 32 88 67 92 14 18 53 12 21 51 57 17 1 83 15 89 31 96 85 67 43 87 17 97 0 61 0 44 92 41 40 97 6 19 76 18 20 68 14 53 66 97 82 89 48 65 19 47 56 31 97 34 16 11 54 2 73 72 42 97 4 46 86 91 7 37 78 60 95 45 81 91 96 71 38 25 54 20 21 2 63 21 47 44 50 87 74 42 58 27 43 90 86 89 17 46 83 56 94 84 58 89 0 92 96 9 38 82 2 92 79 96 30 52 32 36 16 53 53 14 53 22 43 72 26 28 81 11 79 38 60 34 1 40 77 85 12 0 45 95 21 89 95 86 33 30 97 59 66 15 34 41 54 2 32 27 25 21 94 26 98 93 4 27 68 66 29 85 55 10 45 1 14 20 3 27 70 5 81 64 65 76 3 68 80 93 20 82 93 59 75 22 40 83 34 55 76 4 4 0 54 60 40 16 65 23 76 60 75 47 35 48 84 35 42 31 15 5 5 6 21 97 49 87 66 83 49 81 88 56 90 96 79 83 87 27 38 71 53 20 40 39 2 46 43 98 9 25 3 28 69 70 10 25 45 99 99 16 34 45 81 55 11 26 17 61 30 94 6 36 48 97 47 12 75 99 74 28 25 98 17 72 17 27 38 62 20 95 87 60 94 61 37 2 90 5 24 28 33 54 20 87 75 3 
14 48 2 59 18 25 53 27 24 91 4 97 64 96 13 34 78 66 82 14 58 59 60 3 49 62 44 51 76 26 51 47 16 46 83 49 94 21 92 76 52 59 40 43 89 11 23 34 77 42 13 99 52 28 85 12 98 61 98 0 51 23 64 57 58 82 6 66 3 80 73 36 93 95 55 69 60 91 89 3 87 8 82 86 37 3 69 85 46 36 20 26 28 44 6 52 3 88 42 49 20 30 69 20 32 34 30 20 37 20 88 38 37 0 36 79 83 46 16 66 90 83 18 93 39 87 69 77 15 72 52 11 65 99 20 64 49 98 69 16 20 14 32 63 18 2 16 99 30 51 33 50 24 42 20 8 93 87 16 99 78 62 16 71 70 83 2 63 82 54 92 12 26 85 1 57 14 50 42 34 0 12 1 62 3 41 10 47 77 3 48 43 13 99 34 90 16 39 63 69 5 18 75 77 14 50 83 56 41 93 90 47 95 56 68 17 12 88 87 67 55 69 1 25 63 73 90 35 22 61 50 59 13 54 13 18 88 51 29 90 8 61 23 11 90 39 18 84 62 71 9 60 39 12 15 84 0 25 23 47 24 70 53 97 67 46 87 48 65 1 32 9 18 71 91 37 78 17 39 27 25 30 14 93 50 24 34 17 93 12 27 10 31 59 58 42 17 22 33 91 36 45 20 21 3 52 60 10 90 82 54 97 69 21 99 43 20 1 1 11 37 68 12 11 2 82 26 75 49 63 3 38 9 90 57 95 56 82 87 26 38 86 93 70 59 12 75 25 27 35 33 46 89 15 43 83 37 93 52 0 71 63 73 30 33 11 75 18 64 91 80 48 82 85 50 48 18 24 80 96 93 14 50 56 67 55 39 61 17 79 2 79 90 31 2 74 35 82 13 7 
43 53 99 20 55 31 94 52 30 91 64 20 85 31 72 35 53 74 38 58 65 23 42 99 2 28 71 86 23 10 45 98 74 30 27 55 4 8 60 1 44 30 4 32 83 40 91 31 22 71 62 57 49 47 13 70 71 28 48 96 82 98 45 54 92 61 29 45 21 1 90 64 35 74 24 80 44 62 3 53 75 93 93 19 18 66 23 93 86 89 17 98 39 20 94 60 65 70 29 49 43 92 58 72 71 6 72 81 35 86 71 64 11 42 57 12 31 28 48 27 29 49 54 32 2 43 75 59 22 96 31 8 49 31 46 11 53 21 80 95 36 94 96 22 90 97 6 7 56 81 4 85 83 66 82 11 91 3 74 88 53 29 31 30 99 96 68 25 72 33 35 57 72 7 18 36 65 86 46 21 9 41 74 74 49 43 83 59 35 68 45 35 45 72 8 66 98 37 76 83 16 5 74 72 46 42 41 12 50 89 95 73 51 84 79 59 1 32 55 99 77 70 17 15 7 45 96 44 61 64 28 9 34 12 93 24 38 14 44 10 59 66 35 60 85 58 43 91 66 68 83 67 2 41 82 68 49 49 13 61 80 55 46 54 37 84 68 31 73 70 41 46 96 61 60 53 60 71 26 51 69 37 7 9 77 14 40 91 6 34 0 25 28 21 28 55 65 28 99 60 90 60 14 30 60 31 51 93 38 68 24 39 97 38 50 71 42 51 27 72 10 1 49 83 56 70 4 79 14 68 69 13 69 95 16 93 79 18 11 68 89 55 4 14 30 87 25 9 85 81 78 18 18 98 71 56 56 41 75 79 17 44 52 67 71 55 71 93 9 43 98 33 1 41 36 92 44 48 65 24 39 33 2 34 85 90 68 39 69 44 44 99 29 12 70 5 66 16 70 43 
35 15 86 20 96 99 58 83 76 2 52 19 83 65 11 11 59 55 22 69 77 18 57 10 67 45 4 20 73 54 11 46 36 52 36 70 20 67 47 80 25 11 90 7 69 39 53 66 17 91 74 53 47 67 52 4 77 61 81 79 49 45 24 30 20 92 64 31 89 83 46 10 84 20 5 40 98 77 76 39 62 8 80 12 48 96 46 30 1 29 55 87 4 97 14 17 20 53 38 54 97 18 41 15 75 89 8 45 17 5 67 93 94 0 19 2 2 71 23 32 7 70 60 23 85 50 17 13 3 37 77 36 54 71 82 31 80 27 26 23 46 46 20 17 42 41 57 54 36 97 35 73 25 14 89 13 56 77 9 86 57 95 27 45 11 12 90 19 79 60 12 13 21 20 57 22 93 25 76 73 26 6 5 42 81 15 18 46 58 80 1 93 3 58 10 56 33 8 57 99 42 62 2 68 55 46 11 45 99 91 13 74 25 99 95 19 63 99 43 60 74 64 42 82 24 8 43 53 95 91 43 42 71 87 51 40 71 82 45 45 5 95 28 10 32 74 31 39 49 52 48 99 0 66 49 92 92 44 94 61 17 25 48 81 62 9 37 60 38 43 97 7 50 41 29 40 87 61 14 30 85 69 0 46 13 52 76 51 15 42 46 76 64 42 71 7 37 15 54 32 71 81 73 38 2 17 79 1 47 90 80 45 7 25 56 90 64 56 79 81 90 66 9 37 78 2 17 65 82 9 87 1 26 13 15 3 25 27 96 1 75 91 0 92 81 86 92 99 85 13 88 23 12 92 41 89 49 69 58 26 44 7 36 51 7 53 32 26 44 87 82 55 47 90 52 2 1 59 4 7 17 50 97 48 2 80 23 87 41 35 6 19 64 12 25 9 63 82 11 18 
10 33 94 56 88 49 10 0 90 36 40 65 47 1 75 78 74 6 19 56 33 61 73 28 45 74 62 40 85 48 99 84 72 81 7 63 29 59 59 65 65 93 35 23 7 29 90 29 10 95 16 32 45 37 10 28 51 24 6 51 14 64 87 51 36 96 51 84 82 44 15 2 69 18 43 10 42 62 50 42 82 17 88 22 45 57 34 20 6 79 74 23 60 72 65 4 8 92 8 33 35 96 34 74 10 19 74 93 70 60 63 81 57 30 57 74 46 39 6 95 67 33 66 12 89 18 27 18 20 98 80 24 57 35 71 99 88 48 53 13 94 15 8 65 31 4 4 14 3 77 11 66 81 67 38 45 5 76 69 94 62 63 53 53 27 17 23 86 0 46 95 21 55 55 35 7 92 92 93 35 84 53 52 4 93 41 30 26 54 88 61 88 92 46 71 21 34 30 87 69 37 27 70 38 79 36 62 42 97 31 76 12 70 25 24 74 37 68 1 65 70 28 6 47 26 22 96 0 49 26 60 40 83 96 28 63 97 82 78 95 88 72 57 18 52 44 94 28 83 70 0 79 88 70 43 75 6 53 74 41 16 90 49 46 55 38 78 65 89 81 74 17 44 46 59 8 30 25 3 73 59 25 27 27 29 85 49 69 38 46 7 65 27 72 25 60 92 15 80 92 80 22 12 49 98 39 95 8 52 22 59 13 51 23 34 39 88 9 4 49 57 56 81 67 87 89 31 77 98 45 14 27 69 91 90 55 16 14 61 50 11 82 6 73 13 70 29 87 37 14 24 23 92 93 5 20 75 90 48 18 38 90 12 63 37 74 41 58 57 19 9 76 78 53 23 1 57 20 3 88 65 32 60 25 98 76 70 99 83 53 24 27 71 32 25 67 74 89 5 34 
10 50 74 31 66 83 64 69 21 79 70 26 98 67 37 14 95 9 26 57 84 28 11 39 53 66 30 48 50 86 54 57 22 83 14 41 2 16 15 7 75 66 28 96 15 83 80 4 59 44 3 18 25 25 33 11 65 0 15 85 80 15 32 84 37 82 3 98 90 32 65 70 82 49 30 66 1 80 83 67 3 85 90 17 66 90 13 94 49 98 96 35 57 58 54 2 27 87 74 42 46 8 42 68 67 48 48 14 86 90 78 69 58 81 59 58 80 98 80 61 16 32 1 94 48 94 1 85 25 26 7 12 99 86 10 37 49 27 73 53 49 42 35 59 25 66 2 22 49 93 66 7 27 94 85 97 37 71 61 65 26 72 6 96 20 75 68 2 8 2 18 42 74 98 56 20 94 21 31 33 36 46 7 89 80 92 18 57 85 32 90 31 87 47 26 83 25 16 17 47 88 5 80 79 30 19 51 81 19 78 45 51 78 67 71 18 98 14 90 57 95 55 80 99 90 24 76 41 11 47 33 79 26 16 77 0 92 34 30 73 16 50 97 10 61 63 2 95 66 32 14 22 51 19 94 4 17 92 17 41 49 42 24 95 85 63 45 18 16 33 74 10 60 99 59 57 12 2 7 16 94 98 53 51 45 97 65 75 8 85 99 32 59 3 34 19 62 26 46 21 3 10 98 64 22 3 87 6 40 57 3 96 92 85 93 85 86 63 61 31 29 57 54 65 70 36 47 25 43 66 19 0 96 20 60 68 37 21 61 81 63 62 38 76 28 39 68 3 89 58 54 81 78 43 72 69 57 76 14 20 10 89 63 24 51 18 46 42 98 96 44 84 11 86 68 87 0 97 3 94 50 86 52 92 82 58 27 47 4 54 88 30 11 89 95 32 5 30 53 65 
59 54 90 84 92 97 80 18 98 76 10 86 10 87 66 89 26 4 80 8 76 8 97 40 48 40 19 9 36 7 73 74 8 34 65 96 25 96 4 16 78 7 49 46 20 30 46 52 57 60 11 68 48 1 1 21 91 64 22 43 35 69 10 60 19 60 61 37 42 77 98 18 18 69 72 19 77 85 74 52 19 58 88 18 72 65 31 10 36 99 82 29 35 68 63 76 34 68 24 38 19 42 31 84 64 60 46 88 19 86 39 54 49 42 63 22 48 64 21 26 37 67 29 71 86 56 6 61 88 14 49 33 9 85 39 65 19 91 96 10 36 31 65 41 77 76 43 86 21 94 73 50 80 71 44 82 79 13 81 48 10 66 19 62 11 68 25 70 16 57 62 16 92 58 43 94 2 36 89 87 74 15 64 53 80 95 63 46 83 91 33 93 58 76 71 10 69 54 99 30 82 68 8 47 25 94 75 12 73 82 13 48 44 24 2 64 78 75 42 22 80 71 10 75 18 12 61 33 71 34 7 37 5 15 82 47 93 71 23 20 44 22 15 27 5 43 34 67 9 27 89 11 96 31 31 99 38 90 97 94 50 2 62 73 70 74 19 35 27 52 92 33 26 49 79 24 15 33 78 37 37 51 31 84 35 84 86 24 93 43 10 66 17 81 84 72 19 33 73 8 36 99 22 60 23 33 12 16 74 19 84 75 54 59 17 90 79 43 29 3 19 49 14 60 97 63 24 98 63 0 54 97 75 39 20 29 4 31 40 19 92 55 77 4 49 83 83 85 22 82 89 43 48 41 79 61 21 36 44 36 99 28 87 47 44 32 36 27 32 48 41 20 27 31 49 5 37 35 81 28 72 79 98 13 41 64 58 97 69 88 34 62 93 55 87 37 19 70 48 35 
63 2 12 84 47 33 28 49 95 76 87 91 7 8 87 69 85 12 95 67 65 7 95 43 0 66 56 60 25 45 77 52 50 31 73 14 98 83 45 1 25 84 92 84 93 43 30 90 96 95 82 47 78 45 91 72 40 30 80 11 61 46 11 39 40 18 27 23 70 0 6 44 29 84 13 56 34 91 65 48 51 72 2 50 55 87 26 28 26 29 32 63 40 27 10 11 73 30 31 62 34 31 45 91 3 53 82 34 16 55 1 41 57 18 56 0 53 51 40 84 69 33 40 60 16 77 65 45 54 85 66 56 35 98 71 74 33 45 51 80 33 73 54 50 14 23 64 92 42 18 76 35 1 52 84 53 95 17 77 37 46 78 26 41 68 48 64 52 5 70 96 70 28 84 4 90 50 26 66 63 36 5 47 70 59 20 96 35 21 33 15 42 9 25 63 88 33 61 35 74 31 79 40 81 18 52 70 59 22 83 90 93 95 58 1 65 98 84 95 41 84 75 44 41 31 54 79 14 47 53 6 11 49 79 65 69 34 49 78 13 49 98 15 28 89 59 26 55 42 35 54 12 22 93 11 1 93 77 32 38 68 68 59 28 65 56 1 61 84 71 50 5 76 55 43 67 0 18 10 64 71 23 33 27 83 5 23 51 38 22 32 57 2 18 55 13 38 45 69 57 88 87 15 71 78 58 24 4 56 81 76 78 98 3 76 43 57 58 27 42 75 97 41 74 33 48 18 41 97 30 73 3 11 91 73 74 91 23 99 48 27 91 21 66 27 87 83 24 50 99 40 15 98 62 8 66 52 32 47 16 57 11 72 12 28 16 91 34 11 19 28 78 63 56 77 95 24 31 37 37 41 42 50 69 42 26 36 84 99 47 40 31 2 72 43 43 27 22 75 33 
99 24 22 51 27 84 44 19 87 75 12 95 27 30 45 61 24 75 15 21 90 34 35 34 72 41 87 26 9 6 31 33 74 71 47 94 24 15 94 14 3 75 30 81 43 43 85 71 30 50 51 73 90 63 69 32 40 34 18 65 49 94 4 30 84 41 21 76 5 89 34 17 56 3 4 20 5 89 97 70 7 72 41 15 70 44 86 58 69 79 76 73 35 12 42 73 74 60 17 8 98 10 42 56 63 80 29 79 9 44 51 19 95 11 1 60 46 43 98 99 88 89 19 70 36 51 28 1 79 42 59 39 43 50 64 46 27 40 59 31 28 16 77 37 63 53 31 27 19 66 20 0 83 90 22 15 63 34 84 79 67 45 58 61 29 9 17 95 85 68 96 55 45 77 51 33 6 64 18 13 92 16 38 33 72 24 84 9 4 51 64 63 99 79 80 5 15 91 88 69 35 33 97 40 21 68 47 74 84 30 72 86 53 24 38 89 67 49 54 27 28 93 29 96 98 3 75 44 78 96 35 22 67 81 38 14 98 91 76 85 49 82 19 21 66 60 81 52 70 7 36 18 14 76 43 15 44 57 12 57 36 57 16 34 37 82 51 12 26 51 85 46 50 36 40 2 72 55 27 32 19 20 17 37 86 24 6 79 53 28 51 65 55 4 28 74 91 78 84 11 69 17 27 96 62 88 35 86 26 41 39 26 41 94 11 13 12 53 86 73 30 90 68 27 79 71 35 5 39 3 72 94 1 23 22 64 90 50 23 5 25 14 87 25 93 16 44 86 41 47 54 5 11 62 58 12 90 52 9 77 84 0 40 18 76 71 94 69 33 86 14 62 12 38 73 74 94 89 33 31 96 90 87 6 90 48 7 64 26 77 54 99 95 97 28 82 90 92 2 56 
83 4 98 6 75 73 70 12 56 31 14 1 14 98 97 32 61 1 49 98 26 41 77 69 31 38 0 91 85 17 12 60 96 0 56 20 46 48 58 65 56 77 75 87 77 51 0 28 7 19 9 34 15 67 92 79 80 47 4 25 83 12 22 70 89 46 20 65 70 53 80 53 61 11 24 58 11 29 79 2 44 19 26 42 24 85 45 41 26 32 7 3 47 72 37 5 73 34 9 45 2 49 22 18 3 65 56 85 20 81 24 77 13 33 66 87 65 18 56 93 14 17 99 86 90 25 61 3 89 73 97 31 42 93 2 93 74 19 20 17 87 13 25 6 17 10 43 20 95 22 79 66 51 42 54 73 31 67 5 93 35 81 74 39 71 7 9 0 63 37 16 74 4 39 75 33 56 12 59 23 12 53 5 42 38 59 65 77 70 22 15 65 9 0 53 94 76 13 3 91 49 0 32 87 43 65 74 20 91 53 36 56 31 99 93 65 38 8 15 9 83 50 5 95 35 12 66 92 25 65 12 34 44 66 76 56 57 37 54 62 73 91 14 88 41 16 8 37 7 6 70 30 63 75 28 54 63 55 29 37 99 85 35 92 53 48 75 95 4 58 86 37 86 4 91 59 12 20 18 79 65 55 84 99 41 21 40 99 75 47 82 39 89 24 42 85 7 39 42 17 27 35 43 18 43 86 46 16 23 0 91 78 25 40 98 57 98 77 65 82 79 90 48 85 95 65 3 90 3 45 77 49 7 42 69 32 47 43 78 83 98 2 34 99 30 26 4 16 88 29 30 42 77 63 72 1 2 94 59 7 95 24 68 56 10 14 44 32 66 34 44 90 42 11 25 45 16 27 50 59 13 98 69 11 35 66 18 51 97 58 89 95 1 50 87 77 7 55 16 61 
29 31 84 7 2 44 42 98 48 77 68 47 89 5 48 78 44 79 2 12 20 5 7 3 68 77 61 26 19 33 5 20 59 54 57 42 2 79 34 38 53 19 77 79 38 64 4 55 93 66 95 64 51 83 63 2 1 44 68 55 41 48 66 68 8 75 45 84 47 98 21 98 83 17 50 64 62 97 12 45 97 3 87 94 83 72 79 89 35 2 74 94 49 36 92 18 88 46 46 88 88 44 90 38 22 46 47 49 45 82 50 9 0 86 20 67 23 48 45 19 34 21 32 8 63 93 79 78 40 35 13 23 81 96 35 5 15 36 12 91 9 37 28 98 38 23 59 18 84 24 53 37 23 52 14 44 48 51 91 75 35 62 54 61 35 32 50 8 65 26 77 50 60 9 68 53 48 6 52 24 60 6 1 11 89 27 11 47 79 7 64 98 1 91 93 49 65 59 0 10 41 76 61 65 13 42 52 74 89 11 35 69 93 39 56 32 76 30 68 44 44 23 33 58 67 71 10 76 31 85 53 32 38 26 2 13 93 84 36 84 85 27 95 12 31 96 85 85 96 25 18 65 44 60 43 56 16 0 4 69 73 18 13 86 76 96 90 9 7 43 50 27 53 92 78 18 68 83 97 9 86 93 43 46 86 47 2 83 33 92 92 33 76 30 55 7 43 95 38 82 3 31 21 12 72 28 10 26 46 6 32 69 77 60 47 36 94 7 26 24 92 41 14 8 3 25 88 55 84 5 9 95 41 56 80 63 82 37 40 16 17 35 70 20 29 7 24 19 1 99 99 19 31 93 62 13 59 7 28 47 6 31 89 57 30 58 96 35 20 73 67 10 7 40 26 7 31 94 17 22 86 49 72 63 86 6 12 72 31 80 59 59 77 58 44 11 85 77 77 69 
49 2 17 2 26 92 53 1 66 30 21 46 69 76 39 80 47 58 63 51 47 44 65 86 30 52 35 82 35 53 94 65 93 42 60 28 93 54 72 27 78 73 53 98 23 71 22 47 72 40 1 19 83 68 70 85 56 31 38 98 86 91 29 82 73 60 25 29 73 32 73 5 40 97 85 95 55 20 22 68 44 23 92 58 60 50 1 36 39 57 81 58 25 93 28 32 68 36 60 57 73 21 52 74 19 24 4 24 93 78 34 3 76 33 65 56 73 55 55 42 64 48 16 75 81 28 8 56 90 34 65 67 13 53 7 67 11 28 56 50 69 61 64 66 7 41 59 73 66 16 96 95 6 30 10 96 60 33 57 82 7 65 28 91 57 92 36 39 73 96 35 77 0 21 50 36 5 99 8 76 60 27 60 84 69 85 20 82 17 39 67 29 20 28 52 35 18 2 81 39 88 96 90 80 9 74 33 75 34 11 26 73 86 18 87 81 86 4 22 28 48 45 98 10 56 64 66 76 47 76 44 35 72 48 89 48 1 4 61 7 51 29 50 49 88 84 84 85 16 99 12 75 29 53 45 24 36 66 50 37 13 8 5 90 66 19 24 4 23 24 14 78 7 54 36 28 55 16 64 89 83 62 70 67 49 90 9 96 43 10 36 8 59 91 10 88 4 59 67 81 99 80 76 25 87 68 28 37 86 8 75 36 35 33 99 59 4 88 26 10 89 88 76 25 5 17 41 38 85 35 81 54 69 85 70 75 61 4 54 17 25 51 1 67 53 36 53 76 4 38 4 37 46 5 9 97 87 11 52 76 2 28 79 36 82 84 85 13 3 75 61 11 28 69 30 10 76 43 74 89 71 6 19 41 83 15 61 72 82 27 33 89 41 32 65 83 65 87 85 50 
45 79 54 8 32 18 85 16 5 42 23 3 72 15 14 43 95 91 10 73 49 23 41 26 85 96 91 22 54 36 66 16 77 93 53 31 80 18 64 61 34 38 47 37 84 25 6 23 6 54 21 97 52 17 39 90 42 12 65 57 70 73 28 35 89 14 66 50 97 89 93 14 58 81 80 12 61 61 16 80 1 71 46 79 8 99 93 14 53 61 82 98 72 72 74 56 65 85 89 2 49 20 41 99 58 8 76 59 41 45 29 75 27 93 56 68 39 52 37 82 17 65 87 62 0 40 14 83 79 29 69 73 87 93 12 95 52 36 76 15 32 98 72 60 60 90 8 79 16 60 44 37 26 33 48 8 38 13 54 43 73 56 39 83 32 93 9 43 11 95 72 60 61 76 40 38 0 41 47 5 16 74 22 79 73 58 85 33 83 63 75 25 15 57 55 63 22 4 45 7 75 39 12 45 60 68 96 9 48 78 3 82 33 44 15 70 5 79 70 44 74 25 60 36 95 4 57 82 4 39 1 38 41 26 28 63 9 56 9 62 64 16 92 81 38 85 71 87 70 47 30 55 32 37 63 45 75 85 73 83 70 80 55 80 67 6 71 13 1 26 83 77 98 17 20 19 80 41 5 73 9 72 79 50 20 98 70 75 38 4 46 87 93 9 95 2 44 6 50 72 71 96 26 89 68 28 9 47 82 28 42 89 21 37 47 27 78 9 10 43 29 81 46 18 20 1 43 96 17 38 89 19 67 48 45 59 85 74 69 66 84 23 2 58 70 78 87 51 94 0 75 89 90 16 59 43 11 67 57 77 0 62 0 43 13 97 26 70 54 97 30 7 34 68 13 90 49 47 39 69 33 36 33 72 59 29 90 67 38 21 67 86 64 18 83 8 14 23 47 99 
5 58 73 51 61 8 39 85 8 8 58 58 70 49 84 49 64 84 31 37 18 2 3 86 10 66 21 49 86 73 97 46 4 97 1 81 4 83 79 73 66 13 94 13 26 0 99 95 64 98 29 10 79 18 34 66 65 46 88 11 87 25 32 30 39 70 4 22 11 70 3 99 60 58 73 64 67 15 87 15 47 1 50 45 59 45 95 69 85 78 38 77 23 22 43 67 92 50 24 6 79 71 17 42 96 23 84 47 3 92 24 32 93 6 44 47 44 19 64 32 90 2 52 8 77 76 96 95 45 91 54 72 47 96 62 27 73 72 95 75 58 53 26 95 15 10 84 91 61 12 83 83 57 38 93 67 42 95 53 7 38 63 46 1 35 79 85 81 51 81 97 36 30 92 9 48 48 55 62 94 87 64 33 69 29 23 79 95 24 19 51 58 37 16 32 12 36 26 68 46 19 47 36 89 97 63 60 50 24 71 21 16 36 7 30 99 6 7 80 7 9 57 30 53 76 56 99 2 61 4 61 26 24 76 74 67 82 60 69 25 8 65 95 52 74 45 62 72 53 23 53 88 25 11 62 31 11 30 25 38 26 81 89 82 46 94 28 45 22 34 30 87 18 28 98 43 9 79 84 9 29 56 74 70 43 54 94 78 96 38 68 97 96 56 40 98 58 75 34 72 60 41 72 33 41 2 35 68 28 7 58 57 86 68 7 84 51 23 40 10 77 59 9 63 13 63 78 13 59 77 83 71 88 33 95 30 86 42 66 48 27 62 78 85 41 77 36 43 9 20 50 32 33 95 16 91 32 1 99 96 13 2 85 71 75 62 34 56 63 20 31 42 82 9 77 89 1 78 60 30 62 47 13 8 33 89 8 46 82 98 38 34 9 72 66 76 99 80 94 55 
71 56 29 87 82 74 91 84 38 47 72 34 93 70 52 57 76 69 59 67 41 18 64 76 98 58 79 65 55 35 88 24 7 86 42 91 57 91 91 15 53 47 12 54 66 55 29 88 54 47 95 67 96 22 85 89 28 12 56 55 76 11 90 87 62 62 40 1 86 83 55 45 37 88 44 63 26 69 38 4 91 16 29 65 79 4 45 70 40 66 89 37 80 88 84 23 88 84 80 77 22 46 25 67 46 29 16 73 91 7 81 30 4 50 61 54 3 89 24 71 36 72 86 80 58 47 88 68 33 5 69 49 99 71 18 92 64 10 27 3 28 99 28 14 4 6 11 2 23 37 69 99 15 62 38 23 82 66 88 20 74 19 5 86 28 84 50 93 4 55 3 14 10 40 83 63 95 92 14 52 4 73 38 23 2 16 98 47 33 22 46 93 78 43 2 3 66 8 77 97 37 36 82 9 63 26 92 6 14 65 99 16 92 83 49 66 51 98 30 8 6 28 20 63 45 74 30 49 80 31 90 25 32 10 93 61 50 81 65 98 56 91 10 87 45 93 62 41 9 88 58 33 37 90 6 31 36 22 43 55 82 9 15 85 51 43 15 85 84 97 20 83 77 96 11 61 63 21 75 87 88 15 54 58 47 86 42 20 70 17 81 51 28 94 50 44 52 24 86 74 19 34 39 99 30 10 90 41 24 89 51 1 61 53 13 60 95 55 95 11 31 1 10 46 23 43 28 95 55 54 56 23 58 80 79 36 62 55 15 40 22 48 25 34 23 63 48 59 53 68 40 76 64 0 41 87 10 2 52 49 70 15 66 69 10 24 99 46 81 30 45 42 92 82 38 31 6 54 59 43 74 67 86 42 72 57 41 98 18 92 64 15 43 77 44 60 1 88 93 34 
24 51 89 6 47 74 62 92 31 48 34 78 20 87 13 30 91 60 99 9 45 62 38 20 10 50 2 11 98 57 59 99 22 81 47 32 78 10 9 40 49 87 45 71 98 64 37 15 49 49 55 21 9 58 55 53 1 36 40 51 13 20 98 99 99 70 35 61 57 33 27 28 4 58 83 68 61 2 77 98 3 79 68 49 34 97 63 90 42 77 77 11 7 59 14 75 11 45 57 9 32 27 99 91 73 64 98 21 71 65 91 39 4 20 88 7 58 60 82 66 89 39 86 68 47 92 15 33 39 86 0 95 28 4 46 62 87 27 52 28 71 57 1 49 33 28 45 55 63 22 68 5 56 65 27 1 81 2 45 33 62 85 77 16 52 41 60 61 46 82 66 54 14 6 4 4 29 1 60 26 45 62 76 25 89 47 76 67 2 68 83 27 85 55 84 7 17 48 33 99 38 13 12 77 98 81 31 65 96 24 5 28 70 58 39 31 91 61 1 62 45 8 78 22 39 18 69 81 86 70 29 76 52 52 13 45 65 8 20 20 30 97 8 72 60 85 86 22 31 99 85 53 94 33 86 50 20 15 36 22 63 47 79 53 35 83 51 50 71 84 5 12 24 68 13 15 6 83 18 84 4 33 2 89 73 87 95 68 84 38 72 85 32 20 88 46 96 2 20 55 46 38 96 78 65 38 51 52 49 28 74 29 30 19 6 49 91 82 65 24 16 24 87 38 90 63 28 62 38 25 41 64 68 28 3 10 33 81 43 84 40 56 29 94 97 29 78 30 27 94 23 53 27 95 43 55 40 14 75 34 93 80 82 58 61 16 75 54 41 99 93 23 7 7 58 3 50 84 81 27 10 99 38 52 25 21 21 13 2 43 9 13 21 44 2 21 55 92 59 89 
92 30 93 84 58 85 42 75 28 50 33 81 47 37 42 72 47 52 88 35 41 88 10 48 79 79 47 48 64 46 13 41 18 40 87 91 78 58 65 51 3 48 36 7 86 48 43 90 20 26 34 15 59 84 29 7 14 27 43 72 44 69 91 35 48 68 6 45 30 62 15 94 4 79 83 58 23 72 49 37 4 58 33 53 15 99 91 17 38 46 43 68 61 81 86 46 69 5 68 50 54 98 79 61 22 57 14 30 67 46 3 74 20 47 78 62 34 32 84 62 24 10 51 85 29 69 30 79 33 61 11 85 7 64 87 63 45 48 29 58 69 40 55 13 46 75 17 89 62 17 72 52 39 9 86 10 39 87 87 61 85 55 24 71 16 94 65 73 86 66 76 51 89 24 87 93 61 73 50 28 50 17 18 48 79 81 62 76 92 22 60 41 32 95 50 36 93 50 14 83 24 41 90 92 72 64 88 10 66 53 65 4 31 64 56 45 1 81 73 19 3 22 23 94 74 33 23 15 23 30 2 12 27 52 60 74 69 30 82 18 63 11 1 95 80 87 56 85 56 44 0 50 96 71 82 85 75 5 89 80 73 28 68 0 64 59 98 60 44 52 28 26 11 55 83 77 85 12 27 8 56 56 15 54 7 86 18 38 60 31 85 52 19 6 90 49 25 38 64 23 6 64 60 69 99 81 27 38 46 36 77 7 45 52 38 22 53 45 11 64 48 11 3 51 18 59 42 80 37 81 74 75 10 61 40 73 41 30 97 69 40 15 22 2 92 48 45 55 57 97 48 68 51 62 15 76 33 74 41 76 45 32 27 35 52 7 73 18 19 92 13 6 90 78 41 0 60 76 63 60 91 55 15 9 14 14 21 64 44 49 71 71 31 11 49 32 76 98 99 13 
37 72 79 58 96 79 23 1 42 84 73 18 40 61 38 8 40 48 32 26 8 3 87 97 66 58 78 33 39 58 61 54 30 63 22 73 35 43 56 99 25 4 79 17 27 60 10 72 26 97 53 83 23 92 15 71 19 61 75 15 72 51 37 60 26 67 87 6 66 91 68 71 25 13 33 52 60 29 63 34 98 71 4 94 4 40 45 37 52 92 55 57 20 33 9 44 49 70 38 22 21 46 87 24 50 5 43 59 88 75 96 86 46 32 29 92 40 31 10 94 91 36 20 84 38 28 98 9 51 42 27 24 49 91 76 20 41 25 36 83 6 37 47 39 86 54 20 21 33 22 10 66 20 59 56 59 26 28 24 80 81 33 25 25 5 80 73 43 29 34 25 72 54 57 22 33 92 67 92 92 30 59 49 39 85 46 68 87 64 21 79 40 79 46 57 8 93 32 48 6 42 70 46 53 49 6 66 29 42 10 46 30 23 63 99 47 96 66 20 48 9 96 58 30 15 60 68 34 94 95 10 77 5 27 83 91 54 20 23 15 31 7 38 62 81 51 3 86 57 97 88 57 96 3 58 82 19 9 20 3 30 52 3 11 65 43 44 90 77 71 45 99 92 29 40 29 51 1 6 13 30 5 8 11 69 63 16 83 18 72 29 54 76 85 74 25 70 40 52 65 2 91 15 15 12 34 12 70 93 31 60 35 45 1 63 73 89 97 66 13 33 13 69 35 9 41 9 26 93 21 25 36 94 84 91 22 11 25 2 74 44 51 17 90 53 17 94 52 91 52 84 78 79 44 26 4 59 33 94 75 69 73 25 96 28 14 31 34 33 86 41 33 19 75 97 67 39 60 93 31 55 43 80 99 32 89 14 86 61 3 86 95 94 66 37 17 89 81 64 23 
55 21 50 10 46 81 59 84 46 92 40 63 74 88 68 99 32 28 59 20 99 32 45 63 60 51 69 70 43 17 22 87 44 47 37 13 30 11 32 13 46 56 99 12 51 66 97 84 80 86 78 16 34 60 34 47 20 60 44 8 32 50 4 11 1 30 58 24 54 8 48 85 72 40 53 81 2 88 87 54 35 33 6 90 5 64 55 6 21 9 8 55 12 45 52 42 12 19 60 96 78 80 75 21 18 88 12 46 19 4 62 98 22 30 1 35 61 82 74 57 72 62 59 6 14 60 4 13 3 11 77 92 42 67 17 33 11 52 62 61 75 21 14 96 55 82 69 83 64 23 0 7 12 68 14 33 14 25 73 83 54 20 91 46 63 9 81 56 32 41 16 47 53 83 38 19 84 7 7 41 56 92 41 21 37 53 45 49 36 30 71 2 39 8 75 2 72 42 45 50 27 37 73 75 46 98 68 96 81 11 63 54 53 60 41 86 7 30 7 74 44 1 18 42 32 17 89 45 42 38 23 1 39 45 15 15 93 43 38 78 80 12 73 9 17 62 51 15 79 59 82 67 19 29 97 36 33 45 8 99 24 65 64 78 36 18 80 79 46 20 53 74 47 12 88 71 58 68 57 43 68 17 96 61 17 69 69 72 0 98 66 95 14 59 55 84 15 86 57 24 65 38 88 19 73 93 18 71 27 13 77 0 86 94 34 67 4 11 58 93 23 2 77 38 88 89 54 4 67 35 58 46 27 1 57 70 43 89 57 54 89 29 4 67 6 0 32 98 62 6 28 4 21 64 82 75 99 85 19 89 80 63 79 44 79 46 38 7 40 15 86 36 51 15 34 86 59 21 81 9 78 10 11 96 71 72 37 27 10 81 48 5 35 16 36 63 21 7 84 69 
