28 89 29 53 60 14 72 28 90 98 64 34 19 93 8 49 51 66 85 75 12 68 53 17 69 92 83 2 74 50 80 8 29 52 76 10 30 3 85 71 68 81 37 49 4 95 94 49 77 16 99 99 92 69 4 21 32 98 38 13 33 9 76 78 22 42 82 86 37 43 80 45 95 28 77 21 47 66 0 99 79 35 50 61 60 1 10 36 61 21 18 8 47 49 42 22 99 74 53 80 68 70 46 15 15 32 33 57 85 61 87 42 44 49 60 34 56 33 94 83 79 75 29 83 54 7 21 94 10 15 87 69 20 83 75 29 37 31 9 74 61 34 19 51 24 65 63 97 1 63 86 10 6 94 35 7 8 85 92 13 5 79 26 5 68 48 95 30 60 83 29 60 67 72 96 17 63 71 16 71 58 24 12 20 59 24 22 56 37 89 8 49 27 65 6 75 32 64 38 15 
12 59 0 46 39 59 86 25 70 7 30 47 71 13 5 5 76 95 56 13 16 49 57 99 45 49 81 12 8 27 35 7 17 46 87 32 90 79 60 15 44 25 3 98 93 93 1 18 68 86 95 3 96 3 95 14 26 95 57 55 77 33 91 87 28 82 39 67 11 84 95 86 82 29 17 95 23 59 39 35 96 57 13 90 12 81 17 7 30 47 96 81 90 11 82 58 25 86 58 67 7 55 71 26 43 71 9 92 5 73 61 87 22 52 38 13 69 49 53 77 45 97 8 45 48 87 48 49 14 90 64 59 25 38 68 84 11 83 67 74 60 62 45 31 69 63 88 16 89 38 1 17 88 22 26 40 94 54 73 12 65 78 35 8 57 82 5 28 34 17 35 75 55 49 40 82 86 98 30 56 3 76 34 75 38 76 69 33 84 4 36 54 77 50 97 90 75 31 36 53 
21 6 9 99 34 28 62 9 84 13 19 25 56 59 56 58 0 36 11 34 18 62 58 76 75 86 99 47 28 66 19 12 75 28 36 89 85 22 35 75 71 80 96 90 67 46 42 62 40 55 10 56 9 82 64 69 45 50 9 74 75 93 83 45 96 81 85 34 13 19 14 33 15 55 21 28 4 68 42 8 56 71 43 57 44 22 43 46 37 23 15 29 56 90 56 86 9 43 80 94 93 75 60 59 77 74 78 86 12 46 34 76 40 6 10 33 27 68 58 46 95 63 57 49 56 0 42 58 1 76 93 32 18 10 6 52 16 58 30 89 77 73 39 33 74 58 63 55 71 74 44 66 22 83 62 45 66 26 40 75 24 90 88 92 54 77 50 5 16 5 34 33 69 5 45 72 40 17 37 68 98 91 32 90 86 8 12 66 94 46 27 10 87 11 76 56 52 26 60 97 
26 68 31 57 0 30 76 77 45 46 94 24 47 39 95 97 79 12 5 71 92 27 79 22 97 46 95 45 65 10 14 69 21 80 11 69 25 5 95 55 94 96 40 14 95 97 9 51 94 21 93 25 89 9 76 32 86 86 31 22 31 10 18 48 69 55 22 26 80 80 0 70 50 97 76 6 36 19 18 13 78 5 54 99 24 28 66 51 51 5 88 24 33 76 53 91 3 91 98 84 45 44 25 43 73 64 50 73 5 84 1 99 79 22 43 10 86 52 37 44 14 22 64 30 27 21 35 6 50 35 89 78 45 14 39 90 84 93 33 99 87 40 80 12 69 43 75 10 34 81 8 70 94 9 38 90 54 58 48 96 62 47 5 49 47 72 85 78 29 96 15 35 73 31 37 85 85 51 15 58 80 51 8 78 4 86 9 96 93 34 84 18 24 38 68 45 35 36 73 68 
91 65 6 46 67 38 65 38 55 84 15 91 8 90 97 8 18 53 30 13 72 92 30 55 11 70 58 21 97 21 81 11 35 12 3 99 17 35 24 14 5 93 47 52 19 66 75 19 71 63 41 85 63 42 19 80 63 50 73 5 42 7 63 48 99 93 54 75 88 67 78 81 53 78 2 22 20 75 42 68 95 46 34 55 15 27 47 24 80 70 0 70 82 5 69 47 42 53 94 90 15 42 58 68 14 87 62 60 32 78 69 66 83 87 88 12 24 55 50 76 23 70 42 24 43 97 55 63 88 10 81 67 82 1 69 55 64 52 53 95 21 37 65 46 86 83 37 19 28 98 64 11 83 38 24 18 99 58 83 8 22 73 21 6 54 82 15 85 8 85 96 66 65 14 74 35 20 12 63 45 77 96 97 2 45 47 90 13 97 32 48 55 87 95 79 49 34 59 40 87 
9 51 63 19 52 31 44 82 30 71 7 66 70 21 60 73 19 83 72 40 66 27 13 64 59 46 67 37 74 2 56 17 28 92 41 39 48 50 59 95 51 5 93 33 44 77 34 75 15 47 53 4 44 52 15 22 75 80 89 97 39 81 11 53 19 37 44 20 99 25 70 69 51 73 33 2 85 32 35 49 1 60 2 89 17 45 94 70 94 96 65 86 68 99 24 66 1 95 34 30 28 14 70 60 91 18 90 6 91 54 51 58 8 88 80 78 13 79 57 44 44 77 2 43 13 56 16 14 83 24 60 76 68 72 52 13 26 98 49 17 70 80 69 27 60 13 61 3 71 26 82 31 78 93 61 74 7 84 79 50 71 98 62 7 34 19 10 0 72 20 14 82 40 40 19 67 77 1 73 97 43 55 51 15 43 87 90 95 88 18 41 81 31 39 28 79 46 75 12 77 
10 72 9 54 99 0 95 83 7 66 70 72 25 36 81 33 15 27 89 67 47 56 65 40 62 53 65 55 45 92 60 62 79 62 78 60 59 58 30 67 95 70 18 43 26 3 60 49 98 89 45 18 13 93 21 14 85 95 6 71 5 54 60 66 79 74 16 1 2 76 92 38 45 27 75 35 65 90 44 82 25 37 64 55 96 94 43 52 86 1 32 40 56 77 89 83 74 12 9 89 66 84 20 4 87 96 15 80 38 31 29 9 23 15 40 23 19 85 8 57 12 54 45 46 66 9 23 5 89 28 91 3 91 8 92 67 83 53 66 81 90 21 10 65 13 47 86 42 78 27 24 58 4 24 33 48 50 34 78 78 43 90 51 68 31 11 50 12 88 26 46 86 39 27 88 7 77 77 34 70 86 80 70 39 97 94 74 79 68 97 6 71 17 46 1 79 56 48 43 58 
55 55 22 80 20 43 99 87 98 62 36 78 98 69 0 43 23 96 58 15 88 44 62 47 85 97 68 45 9 13 55 39 91 28 81 27 38 0 15 40 9 8 99 72 83 84 28 34 6 46 38 98 63 84 35 23 85 21 2 41 79 29 41 83 72 53 32 90 51 90 48 66 16 4 81 69 15 50 15 74 3 5 78 55 84 98 89 74 49 83 69 20 33 84 27 79 98 18 71 82 58 73 41 87 46 55 60 56 20 20 17 41 61 87 2 12 91 92 20 34 3 96 94 9 51 2 71 3 34 60 42 82 72 41 43 44 55 47 1 33 34 17 30 39 57 53 50 6 33 76 28 59 1 86 17 9 89 67 38 86 67 29 48 15 11 18 42 76 32 82 23 2 67 92 53 65 61 80 81 12 73 57 16 30 27 31 33 28 16 68 96 21 53 30 42 45 46 97 26 40 
20 79 96 9 45 99 88 38 7 26 77 51 15 7 94 19 23 58 56 13 47 87 45 87 37 12 33 75 86 96 51 87 63 37 46 70 3 21 73 35 91 68 36 10 80 29 68 53 31 70 20 53 39 77 29 93 94 73 79 49 25 72 81 91 29 6 82 82 22 42 17 92 67 31 46 58 26 65 87 21 50 97 14 11 26 87 87 66 28 31 24 56 94 78 11 84 83 17 36 41 93 45 64 64 53 18 81 98 32 14 98 62 41 74 10 92 26 63 68 27 72 80 6 52 9 32 78 19 52 18 92 22 88 44 93 68 29 52 0 79 47 80 23 81 63 57 36 71 63 91 20 20 49 2 75 40 59 19 18 12 57 5 18 73 19 86 58 43 65 39 14 53 37 63 84 65 64 18 71 1 7 45 63 80 15 60 37 93 15 24 7 62 13 54 73 84 83 52 77 54 
67 30 24 15 73 63 38 0 60 41 49 42 8 75 85 63 87 62 18 59 25 30 52 66 96 61 98 80 47 84 75 52 62 93 14 66 79 12 81 55 92 62 56 25 94 55 77 23 40 36 62 25 46 16 71 7 10 70 57 68 64 27 80 50 43 48 24 49 84 43 45 28 27 65 33 22 99 99 68 29 14 89 71 23 48 32 10 94 92 37 34 58 25 57 51 16 29 26 45 81 99 82 66 39 98 51 35 83 77 46 90 80 41 16 60 22 82 89 90 59 69 71 29 98 38 83 26 77 0 46 23 85 77 94 47 31 95 34 80 61 55 72 79 98 86 54 68 66 5 99 67 25 62 62 65 81 51 79 39 14 0 69 88 58 84 8 97 9 41 11 30 87 6 17 3 59 68 92 88 38 59 74 68 4 89 47 52 75 61 50 95 2 98 76 57 39 30 82 92 28 
81 63 71 59 45 53 5 0 76 70 28 99 23 22 23 70 64 83 84 15 39 5 6 38 61 63 70 73 39 42 48 73 93 84 41 57 36 52 95 81 52 72 88 80 26 87 62 16 59 4 42 18 5 11 48 45 14 10 50 80 41 14 49 52 16 88 32 30 87 50 87 85 38 70 51 54 75 41 54 61 44 32 30 71 56 71 4 0 79 42 75 19 50 56 78 92 82 33 22 38 15 51 30 52 6 81 54 69 86 60 39 46 49 66 99 67 30 23 60 75 6 1 7 91 22 55 65 18 83 29 10 8 51 23 79 84 14 39 22 12 87 81 25 42 65 89 26 41 82 2 2 61 39 81 63 71 91 67 64 73 12 99 11 16 3 67 24 99 92 94 97 43 87 42 55 35 13 3 72 38 41 72 91 10 84 20 15 8 3 79 40 93 85 19 30 76 24 49 23 77 
92 76 7 67 69 12 47 41 72 87 15 74 17 32 87 63 43 76 51 58 81 45 61 8 44 77 91 38 45 67 41 91 60 35 6 60 97 64 15 2 86 5 23 4 61 16 85 20 44 87 14 16 30 16 26 64 99 45 5 30 74 51 42 64 42 98 92 69 12 28 16 75 60 5 86 29 74 20 91 69 9 7 33 86 60 76 76 37 85 42 2 89 0 67 62 86 74 45 59 55 33 74 5 50 24 79 6 84 99 6 71 56 92 39 25 13 66 78 56 60 63 7 96 22 54 73 41 94 22 35 45 82 92 0 44 71 41 7 13 18 88 35 2 88 72 3 24 17 81 32 40 89 91 57 60 78 80 67 18 90 80 82 14 21 30 40 95 38 64 13 17 82 41 35 92 23 58 31 86 21 23 23 44 35 56 25 82 17 99 8 43 62 3 41 16 84 34 21 28 41 
43 41 87 37 3 66 20 81 17 75 53 94 83 63 22 3 71 95 6 66 46 88 26 93 76 88 50 60 36 75 9 31 57 47 38 82 29 53 72 3 49 67 19 39 65 65 60 20 46 99 92 30 29 30 20 52 41 79 39 41 80 30 78 82 78 72 80 62 87 18 66 25 78 19 1 41 86 39 84 71 84 18 23 56 41 92 12 3 9 86 56 62 87 78 13 55 75 70 3 25 22 86 91 2 93 31 31 20 73 63 20 99 49 82 0 29 80 65 96 61 9 34 65 32 56 15 92 73 43 47 52 58 21 46 75 15 41 15 65 71 30 79 64 69 2 37 47 9 61 69 62 6 75 21 78 66 32 33 33 12 38 21 59 94 56 17 10 36 67 31 43 63 74 97 54 72 30 9 72 95 5 57 43 72 30 36 62 21 38 20 50 10 81 30 76 68 4 54 63 28 
73 24 24 7 68 87 25 89 17 44 67 95 82 83 39 12 58 48 38 61 6 68 68 25 83 56 6 93 24 75 4 75 61 84 58 20 16 59 16 24 40 33 83 26 39 64 86 13 8 39 15 89 16 33 78 5 88 69 43 89 84 31 35 90 27 57 43 93 71 16 4 72 70 83 86 76 32 84 23 44 87 43 83 85 25 36 42 95 97 16 93 10 65 6 1 5 89 97 0 59 28 62 37 54 43 52 62 40 34 28 28 68 31 6 22 66 68 95 58 23 9 29 25 95 25 48 9 79 1 78 68 89 95 1 63 45 19 47 20 23 56 42 47 7 41 62 2 60 57 32 59 12 16 88 19 14 35 73 9 61 43 23 73 64 56 1 1 46 23 88 87 37 26 8 61 69 8 21 5 98 17 97 17 74 6 57 46 52 76 61 19 22 85 99 29 72 44 62 41 81 
6 47 9 97 81 72 90 23 20 81 73 57 19 40 72 47 28 12 32 60 42 24 93 95 97 96 33 72 98 52 41 33 13 8 52 95 36 80 57 29 26 85 64 85 7 11 36 56 25 49 83 35 36 6 53 31 42 49 5 33 39 35 98 6 87 75 5 0 51 43 52 34 36 93 54 69 10 24 20 88 70 44 64 48 42 87 59 43 13 74 85 98 97 43 7 65 96 64 4 84 31 4 5 47 25 13 13 37 31 62 41 49 62 21 91 8 53 7 77 99 29 39 96 84 50 73 6 30 4 44 77 94 27 5 13 63 22 37 24 62 82 69 55 71 29 56 31 67 76 43 70 58 2 60 84 78 86 19 33 76 4 25 36 19 99 21 12 71 25 5 90 88 27 56 82 79 27 38 10 16 60 1 77 37 8 65 79 81 36 78 94 76 15 76 12 18 19 92 6 15 
89 5 72 30 3 69 82 85 41 5 34 87 99 23 35 75 20 38 34 96 44 75 35 18 53 42 26 64 40 90 34 66 66 9 46 49 25 51 18 28 82 79 64 85 35 43 56 37 69 7 53 36 98 4 69 53 27 85 14 96 89 55 41 48 37 6 76 8 22 43 55 1 58 62 52 26 20 71 16 46 48 49 59 21 98 55 79 21 76 51 36 35 43 55 43 46 73 62 45 84 65 87 29 91 6 76 30 29 80 5 98 79 11 26 30 42 57 87 87 87 32 30 68 5 49 94 88 0 79 62 26 21 6 88 12 39 21 51 86 23 25 51 87 39 8 11 96 36 31 87 15 71 56 68 77 1 7 41 96 9 49 43 76 42 5 86 12 80 95 9 27 44 74 76 40 55 19 33 74 42 86 45 24 52 71 88 44 32 57 94 59 30 77 51 69 39 71 53 40 71 
80 13 50 99 92 44 79 43 14 30 68 9 36 48 78 67 25 98 9 41 20 22 0 39 83 20 37 17 23 58 78 28 93 11 99 4 86 91 32 10 95 60 66 29 72 16 41 75 67 85 96 85 27 90 84 75 81 96 62 52 21 3 44 86 42 67 10 52 76 13 65 57 58 26 11 61 95 33 48 61 67 23 81 23 18 60 43 98 81 9 46 27 42 58 91 9 97 93 3 75 26 42 44 71 57 83 1 77 20 51 9 96 28 31 60 24 50 30 13 93 54 38 47 31 37 21 43 19 24 53 49 8 49 38 75 1 14 1 50 22 71 86 62 17 47 13 16 96 54 94 66 68 33 11 39 32 38 26 27 57 50 23 77 32 96 97 96 83 40 99 27 48 84 54 88 76 14 54 54 54 6 82 9 90 45 36 50 33 54 4 9 26 31 95 99 34 36 47 51 44 
44 77 87 46 76 4 35 20 48 88 62 91 95 53 23 48 10 40 30 14 4 87 19 16 16 45 15 39 43 80 54 4 29 19 8 17 70 46 86 54 29 96 84 2 87 99 88 89 49 98 82 28 88 2 62 43 16 97 9 83 76 89 87 72 91 25 80 0 6 93 67 37 2 46 79 24 29 12 88 86 36 31 25 3 14 79 78 48 40 60 88 41 0 96 4 80 90 7 88 76 65 26 96 90 2 19 33 72 74 79 47 31 13 80 0 6 39 13 74 27 18 52 78 93 61 59 95 19 47 97 0 69 42 19 6 52 93 9 80 63 24 94 52 79 48 33 71 14 62 96 32 67 48 79 89 97 14 32 17 38 77 40 68 38 41 50 25 92 4 98 41 56 90 9 33 38 4 26 50 6 28 52 98 81 54 95 54 50 27 37 65 40 24 98 68 88 79 25 88 98 
54 44 24 20 33 78 20 9 69 11 4 75 24 41 93 36 54 2 56 55 48 60 41 54 25 48 59 94 51 86 65 53 27 93 24 63 83 54 46 16 99 93 54 17 18 20 5 25 30 18 69 58 2 87 11 36 47 83 23 40 97 4 62 25 68 35 91 32 90 21 47 74 39 18 41 35 22 75 26 99 22 9 15 75 89 69 48 25 51 9 58 52 2 86 56 80 80 48 55 16 46 31 98 88 64 88 91 41 93 95 83 31 32 26 39 35 23 22 92 57 59 20 53 28 93 2 27 67 31 87 41 78 86 1 40 90 46 17 16 56 34 1 41 21 26 65 5 69 98 62 55 58 89 86 11 40 46 55 59 65 86 24 53 55 90 9 22 62 14 3 18 72 89 11 69 88 63 74 65 19 49 5 85 9 20 97 30 69 45 13 35 7 64 15 19 58 18 41 90 19 
95 93 15 20 51 79 69 12 32 48 19 66 25 95 65 49 93 24 84 67 23 44 81 84 85 96 86 72 75 39 64 95 77 14 13 77 23 51 49 99 12 2 26 65 85 48 84 75 75 86 42 97 19 48 19 78 29 55 88 57 8 17 34 79 76 44 38 91 17 13 55 39 15 61 95 9 33 40 30 42 30 85 88 59 54 58 46 29 37 92 43 76 45 54 90 90 69 10 34 17 26 80 97 84 13 34 22 73 53 83 99 92 15 40 62 31 91 36 26 99 44 59 24 69 90 57 30 1 95 88 35 15 89 63 60 11 39 13 91 63 6 85 19 29 17 15 87 95 42 47 62 41 15 88 90 53 28 4 16 39 55 2 92 58 18 44 64 15 88 6 70 31 63 23 89 79 84 62 45 39 59 19 92 2 8 96 23 48 86 2 17 97 8 24 8 90 42 34 65 57 
16 38 14 70 8 35 15 23 56 77 30 96 43 49 90 79 77 45 17 50 37 91 4 82 46 78 76 26 31 77 23 81 8 11 1 44 70 63 35 3 74 40 95 37 37 27 33 3 38 16 62 25 64 43 51 67 85 69 8 95 4 17 65 26 75 14 57 60 56 77 90 51 33 48 44 75 61 83 69 20 65 6 60 52 63 98 36 76 74 15 0 92 18 62 61 85 25 20 63 63 82 83 59 87 29 11 68 30 52 72 50 70 32 58 3 49 42 92 72 92 84 21 35 94 47 52 41 45 27 44 23 76 45 83 60 22 83 90 77 25 53 17 59 18 71 31 37 5 86 93 43 92 20 4 86 12 42 95 14 15 76 21 56 60 20 15 75 28 10 62 69 65 52 44 89 20 40 3 25 51 90 6 69 39 44 98 42 36 99 64 19 94 0 69 71 82 59 10 61 98 
23 17 93 89 85 40 0 19 65 97 18 95 99 29 73 22 14 52 13 91 91 61 70 75 16 55 97 19 59 4 42 16 92 97 53 46 33 93 88 20 29 20 21 83 95 27 49 52 85 31 95 15 69 91 13 70 7 59 44 55 62 61 46 89 19 24 73 92 51 87 85 14 9 30 90 32 44 69 91 70 38 18 38 84 29 23 33 86 81 76 48 13 55 13 37 50 35 4 92 90 8 42 95 86 80 30 37 41 58 49 0 0 16 72 44 13 80 91 18 52 42 56 63 57 3 56 50 22 61 56 44 76 19 10 89 44 10 40 57 8 87 33 44 61 55 75 39 63 41 97 92 87 91 26 27 93 16 22 54 18 16 52 75 31 8 39 76 19 27 32 99 77 65 47 62 62 56 54 61 62 76 40 14 68 19 63 70 67 13 3 57 41 80 75 22 71 43 45 36 67 
24 22 3 29 36 21 64 34 46 17 6 16 62 15 50 30 83 93 34 31 62 27 3 88 94 95 40 87 9 76 49 1 52 79 89 88 86 14 92 70 13 92 92 40 50 56 98 98 98 57 20 46 8 22 4 75 28 27 3 16 97 44 66 93 60 85 33 85 17 18 31 13 73 51 18 52 40 26 27 55 44 15 15 11 38 77 11 13 81 71 41 61 12 98 45 34 54 73 99 25 72 25 97 4 7 18 7 45 9 85 13 6 25 71 57 71 53 18 10 67 74 75 67 71 0 80 8 13 8 23 66 51 76 91 78 70 54 33 32 22 11 61 96 15 78 50 4 6 31 67 23 60 33 68 85 70 91 68 16 1 86 32 39 52 28 72 97 64 47 84 89 24 13 82 55 37 62 86 1 39 62 46 43 9 37 96 79 49 25 36 1 35 79 78 38 20 8 56 84 62 
17 7 26 34 24 4 75 49 37 69 48 67 81 9 97 17 30 88 93 80 48 62 95 3 43 91 7 54 4 31 1 31 20 55 74 41 2 19 72 86 88 65 97 61 1 10 87 13 17 21 18 73 58 17 37 20 26 46 38 62 89 49 49 96 8 30 90 76 14 83 70 9 94 28 15 98 13 35 11 84 97 85 4 77 26 8 64 23 8 34 78 93 38 94 63 4 98 82 47 77 4 21 25 33 31 57 32 65 17 67 78 7 98 25 81 87 5 73 57 7 94 33 65 3 80 18 85 28 61 77 3 53 97 51 0 35 68 68 54 19 98 90 60 50 77 98 38 65 22 51 25 92 84 66 17 55 49 38 57 95 37 97 38 26 60 62 61 43 35 24 14 96 11 20 69 68 85 75 14 83 53 10 87 56 72 37 75 18 59 68 92 30 55 4 22 88 73 71 6 80 
95 75 96 35 28 5 21 14 98 11 35 90 83 18 94 97 16 2 66 72 38 22 6 73 9 48 69 6 61 64 40 59 97 16 67 17 29 25 63 23 25 80 47 6 74 11 1 75 35 33 36 32 88 46 51 59 54 56 57 53 27 59 71 83 95 91 89 97 75 92 84 28 1 65 83 90 36 21 69 3 74 46 87 58 91 86 83 48 71 72 8 44 19 70 42 45 96 96 0 4 37 18 76 17 90 70 95 78 57 48 58 89 7 45 36 15 42 21 93 90 38 56 66 68 94 47 34 64 73 40 33 41 64 15 31 65 81 11 55 16 32 88 68 28 5 82 91 79 46 58 10 22 94 15 1 89 23 69 32 81 92 13 68 53 50 23 45 8 28 55 54 81 37 6 67 41 97 21 44 29 18 43 99 43 40 43 96 42 22 16 18 27 15 56 77 24 33 87 85 39 
14 21 38 0 96 96 58 71 9 78 7 86 86 47 93 75 35 12 54 72 16 0 53 27 66 61 79 77 33 45 88 42 44 2 5 71 38 87 18 55 28 18 79 13 91 46 99 94 71 12 68 94 12 33 92 61 59 1 19 12 9 39 58 56 92 47 4 30 10 72 55 84 2 87 45 11 15 12 24 37 32 12 82 37 58 55 1 32 76 26 57 2 1 71 7 46 21 52 43 58 64 46 53 7 76 47 45 23 57 49 43 64 63 68 28 64 14 78 42 37 25 42 9 27 93 15 79 99 59 61 9 39 69 96 60 31 85 76 35 34 54 93 5 58 7 48 21 84 89 74 88 91 72 35 43 42 17 73 22 96 27 3 16 68 36 16 63 21 29 36 95 36 92 16 94 28 64 5 67 8 98 83 75 7 15 39 47 40 46 47 55 73 76 52 58 78 21 61 88 65 
5 66 20 92 2 87 30 69 99 37 20 25 69 45 79 17 14 5 60 57 0 72 99 21 14 66 20 12 25 86 93 74 32 25 63 75 92 36 0 74 71 62 93 63 11 33 43 11 51 97 79 36 41 48 14 60 50 87 38 83 94 45 7 85 62 55 96 96 47 64 2 18 32 78 81 25 7 13 16 72 12 30 16 25 79 7 60 32 51 37 36 15 19 25 29 89 39 11 7 12 66 72 94 42 31 99 2 20 22 22 50 70 36 70 39 17 33 81 68 66 77 54 89 3 69 10 65 7 72 65 40 82 25 22 77 38 43 88 22 31 62 97 65 2 96 28 68 76 4 66 72 21 21 60 95 19 90 84 17 11 28 37 27 75 77 44 55 89 40 56 35 15 81 37 85 55 91 32 42 73 30 58 42 75 66 58 0 40 41 31 30 0 36 63 15 99 21 33 63 7 
23 65 11 71 42 73 38 38 13 94 54 21 38 53 19 32 60 0 9 86 58 67 48 62 55 27 41 69 1 84 47 21 15 58 83 72 22 39 19 18 50 6 20 39 89 11 47 21 76 86 41 80 90 41 19 78 69 33 97 9 38 23 17 59 8 27 98 30 40 98 61 56 55 45 36 20 97 24 6 93 52 0 74 91 96 95 63 52 94 62 23 85 99 77 54 97 18 80 58 96 28 46 36 0 71 65 22 68 17 85 11 26 51 42 34 90 13 78 31 11 71 44 14 66 28 70 42 41 90 73 17 35 63 78 84 89 70 75 85 22 13 84 83 17 66 24 38 26 23 35 52 40 3 64 56 31 81 58 4 86 63 46 84 10 0 88 45 87 21 64 15 30 2 11 10 57 51 78 86 87 88 8 50 15 22 83 47 34 27 97 30 86 74 20 87 66 39 71 66 47 
51 34 58 18 35 20 52 27 53 16 66 36 80 75 25 67 57 79 44 31 77 43 14 14 81 65 6 50 88 83 96 49 20 75 47 79 84 1 37 34 84 66 18 73 81 74 9 88 59 82 55 27 56 48 53 73 46 34 8 55 8 17 88 28 13 53 97 20 94 5 33 4 81 73 69 12 85 15 73 91 12 34 39 94 31 0 47 19 21 28 47 8 94 95 95 9 41 54 82 50 56 19 71 57 79 27 1 66 36 37 59 48 29 29 82 79 82 15 68 2 17 97 97 14 63 38 44 44 48 45 24 92 38 93 92 38 2 6 12 98 80 12 73 22 13 6 14 75 1 46 20 60 78 42 19 21 1 70 30 72 3 41 36 0 88 78 4 15 11 64 23 2 15 75 64 30 64 57 24 73 57 75 46 21 72 44 56 44 78 44 16 57 69 8 82 10 99 22 51 43 
85 43 73 86 48 64 47 83 46 53 20 82 33 15 27 74 31 66 78 44 42 10 3 56 42 93 78 96 7 41 80 75 40 98 24 95 0 82 76 50 48 52 94 41 53 51 11 94 84 55 3 88 15 22 63 81 39 24 60 3 58 15 77 46 81 32 86 53 97 61 37 86 90 21 25 39 22 25 18 50 83 41 5 17 67 30 4 67 78 81 19 57 82 88 60 21 43 99 24 51 86 70 59 40 82 48 83 99 87 87 4 70 42 67 6 78 14 48 33 11 1 56 32 18 82 8 22 55 90 34 94 57 48 39 70 20 66 70 86 55 76 12 92 65 43 93 55 60 46 27 68 60 16 61 28 22 6 83 55 25 78 21 32 17 85 65 34 53 45 33 39 12 62 76 11 12 53 27 47 27 33 78 55 59 54 53 56 47 51 90 54 67 64 28 29 44 72 80 87 28 
83 6 69 20 60 22 61 74 77 61 4 82 26 83 83 40 43 6 19 44 20 71 89 72 91 35 99 97 29 81 64 20 5 5 22 31 98 92 42 4 6 35 96 34 50 53 8 90 39 77 72 71 97 67 94 25 72 74 4 38 89 26 10 34 66 95 28 8 48 25 58 82 32 37 80 2 44 32 21 57 95 39 90 93 11 51 42 97 42 93 97 7 63 77 2 93 46 86 77 20 63 61 84 43 71 7 36 11 88 64 20 14 54 78 2 49 69 93 9 21 33 88 50 49 39 92 85 14 22 76 3 43 70 72 30 79 72 97 60 92 46 21 3 21 92 32 24 88 87 99 7 52 37 36 50 16 50 97 78 5 33 7 30 96 78 94 78 76 6 44 35 54 91 15 71 29 10 51 24 61 98 40 51 35 79 63 79 3 75 82 68 29 43 77 8 99 69 64 9 39 
77 98 67 76 38 51 64 83 71 73 21 65 73 15 27 73 6 46 63 43 70 37 10 38 81 24 64 90 10 16 78 3 82 29 78 79 16 99 58 15 35 81 24 35 32 62 89 60 30 78 55 43 36 49 33 50 2 42 49 2 6 83 75 85 80 83 45 91 99 32 60 48 87 70 30 80 40 12 30 45 24 97 23 20 52 74 65 62 90 70 36 86 79 33 58 36 55 26 63 15 73 55 24 98 41 94 81 16 4 65 42 38 55 29 59 29 42 64 6 37 58 64 13 91 92 99 93 58 92 40 86 28 66 2 96 70 76 12 13 34 12 85 24 71 51 77 70 67 42 3 91 24 45 96 92 48 21 75 10 43 98 87 12 77 20 7 33 28 25 40 48 98 28 36 78 99 5 28 54 38 33 43 61 66 19 86 68 91 87 27 77 44 45 46 67 23 21 72 90 55 
90 38 56 82 29 14 6 3 32 20 25 85 38 68 25 93 8 38 26 60 89 50 36 37 66 45 25 29 1 63 97 32 98 50 67 27 70 47 49 87 12 4 20 61 62 58 93 61 73 36 3 40 3 3 93 53 88 92 47 0 66 43 48 90 70 36 91 92 16 63 51 78 89 16 58 57 51 97 13 52 65 48 84 55 85 48 62 17 31 14 16 16 38 11 13 22 20 73 29 67 77 55 91 60 32 4 53 42 99 30 39 99 33 90 84 0 68 76 89 40 15 85 2 64 16 29 58 12 98 15 64 52 43 45 87 78 36 0 95 19 78 35 25 33 15 95 62 48 96 47 27 63 49 97 23 37 77 60 91 63 40 3 6 24 82 94 89 32 30 20 34 73 3 57 61 71 85 9 33 42 91 49 27 14 8 20 24 2 8 96 22 75 81 94 45 99 4 91 90 9 
33 60 4 56 66 41 9 88 7 62 34 71 23 38 51 76 61 75 97 4 41 65 29 34 17 90 58 32 99 22 46 94 93 1 93 99 75 29 66 18 39 68 53 59 35 70 25 93 66 66 90 22 88 59 62 17 4 81 45 52 3 45 21 22 86 1 75 34 10 63 31 17 71 53 66 41 52 65 10 66 85 13 2 49 6 2 39 63 63 65 58 98 94 11 78 90 53 73 44 43 36 82 10 66 87 27 65 57 8 75 10 87 2 85 91 12 26 50 49 93 72 64 32 15 98 71 23 86 25 42 14 7 25 25 9 37 61 52 65 88 85 52 61 35 63 64 27 84 97 28 83 62 74 8 61 54 83 79 58 17 30 50 51 17 59 66 37 57 35 99 36 26 75 81 66 19 78 84 71 77 73 86 3 8 38 83 55 8 95 18 24 19 25 87 8 7 4 8 42 47 
8 59 96 98 44 76 7 99 51 59 70 74 24 13 7 63 62 84 11 77 60 68 33 50 93 59 92 81 99 87 72 82 9 74 54 9 43 54 58 94 44 87 90 72 62 30 28 48 5 27 45 0 17 13 0 91 46 24 29 52 97 71 14 31 61 63 1 2 97 28 72 84 19 15 49 34 77 51 6 43 56 8 96 94 79 65 74 49 25 49 65 76 61 96 90 18 48 98 55 62 7 13 33 70 64 70 89 69 75 30 13 51 62 3 86 46 4 4 12 54 65 89 65 12 31 26 58 58 18 63 78 49 94 52 28 76 25 30 0 24 36 82 61 1 67 8 25 85 35 74 36 26 62 46 17 28 63 29 15 55 12 62 91 26 14 59 87 53 16 90 95 24 82 54 61 40 43 99 42 14 49 19 71 10 8 3 57 70 86 2 25 74 97 80 34 70 73 41 68 38 
40 90 5 29 87 60 66 13 23 68 53 78 76 84 16 42 88 96 44 83 79 7 55 35 74 79 67 60 89 41 4 98 66 22 84 42 98 15 60 84 70 56 62 92 55 75 37 45 85 37 92 94 26 73 79 49 65 12 2 17 21 1 95 86 20 26 66 76 44 63 67 76 5 17 56 17 2 33 68 71 40 94 95 65 96 65 3 17 92 8 2 36 10 60 13 14 29 90 80 14 92 80 79 37 46 60 12 17 14 31 18 62 56 11 6 68 64 5 72 98 3 13 88 54 39 26 33 17 6 55 2 13 62 78 27 5 39 38 90 31 62 75 95 11 33 21 65 16 86 55 66 77 41 56 32 78 4 35 96 55 33 71 96 8 46 97 40 5 92 53 74 8 98 3 11 45 63 30 91 29 95 5 36 58 77 18 58 29 45 59 87 45 17 75 45 4 85 45 90 60 
39 59 64 99 19 18 81 38 3 3 66 98 70 81 36 72 78 22 78 63 83 67 19 95 26 20 87 48 62 30 81 76 10 91 48 1 64 87 58 30 68 81 52 92 99 38 88 76 37 11 55 11 77 93 15 4 93 4 80 29 6 56 89 53 32 96 33 50 21 12 63 78 2 54 98 18 19 95 21 45 44 11 74 46 40 70 62 25 41 12 33 75 55 96 90 52 90 44 48 85 86 28 54 70 46 32 8 93 73 78 63 51 83 29 39 47 54 35 55 73 90 9 41 53 31 52 67 16 31 14 5 26 36 67 91 77 99 69 6 4 21 2 14 88 64 53 74 35 53 82 55 17 89 42 90 8 62 94 69 55 31 38 40 94 22 25 40 0 57 39 67 16 63 55 9 38 29 55 91 37 45 44 30 85 81 38 14 55 54 88 52 62 63 60 5 57 77 34 35 94 
77 61 21 33 80 85 22 41 13 23 50 54 84 50 48 60 2 79 71 19 29 4 40 23 57 76 7 50 44 90 46 72 78 39 82 30 31 12 27 66 77 93 70 30 68 31 81 87 21 92 67 99 19 72 92 50 76 98 39 22 43 53 47 73 72 56 55 28 53 17 69 65 47 49 52 12 77 78 4 29 28 53 31 32 94 26 74 79 5 82 13 56 6 51 14 90 67 50 59 86 93 46 32 53 41 59 88 24 61 53 62 11 82 54 14 66 80 61 16 96 62 40 97 81 14 45 61 75 68 4 72 69 43 80 99 35 75 7 18 32 90 15 71 12 64 35 82 52 72 9 23 56 26 97 43 65 86 25 71 71 70 14 20 84 7 99 92 34 56 90 73 37 7 88 15 5 20 88 25 19 83 62 35 29 1 55 54 15 90 48 31 11 34 96 21 12 70 80 69 7 
88 90 35 54 37 96 14 49 89 85 16 34 32 84 27 80 24 39 60 79 39 39 62 86 79 15 5 77 91 33 23 25 35 36 38 33 79 27 28 33 7 46 51 6 19 99 13 28 90 54 35 82 88 52 24 41 21 49 28 70 74 68 54 57 26 9 3 2 45 37 48 65 3 43 10 82 88 99 39 85 55 18 80 20 37 41 13 51 36 91 0 63 4 60 25 26 48 35 42 62 59 46 7 12 0 29 60 55 96 44 94 21 72 1 78 96 35 61 60 77 97 53 11 34 76 48 78 45 49 24 78 53 90 6 37 99 19 2 23 20 10 54 30 94 20 22 35 23 73 27 66 71 3 28 11 64 94 6 83 54 74 3 97 90 85 69 42 5 70 16 69 50 75 21 75 88 75 12 41 53 83 61 40 44 14 90 98 80 78 5 17 80 29 11 97 61 68 88 61 39 
99 69 95 21 14 98 88 44 74 89 41 77 50 10 51 96 55 65 93 79 25 17 60 76 81 42 99 32 76 9 72 60 74 43 12 52 95 71 34 94 80 84 99 63 97 26 82 20 41 24 67 68 6 10 96 85 91 99 43 37 56 82 53 25 25 68 54 4 66 61 50 57 53 77 31 16 60 21 12 64 84 54 50 93 74 20 77 8 85 70 25 20 68 21 53 10 82 58 7 76 84 85 70 81 81 32 9 20 23 43 24 67 61 29 52 74 28 47 90 37 78 95 88 34 81 40 60 82 96 8 45 9 52 94 2 4 45 25 20 62 43 72 39 26 3 68 6 41 40 59 96 19 51 58 70 38 46 17 93 2 52 30 90 18 50 35 24 15 56 84 9 71 27 84 49 61 42 39 32 59 98 88 23 26 79 27 53 97 55 62 46 17 25 48 23 92 70 94 50 37 
87 53 41 50 24 59 46 51 2 25 66 7 35 30 71 23 30 54 78 51 13 54 13 0 55 37 75 27 17 14 61 8 68 24 61 44 92 6 94 96 36 28 35 98 90 49 71 30 68 40 5 15 71 0 59 50 75 59 0 26 7 42 13 28 98 38 40 69 5 31 92 57 59 64 17 91 88 10 65 22 54 63 45 42 89 42 20 20 79 18 0 66 30 92 62 22 62 49 69 16 15 43 10 50 80 95 10 84 91 3 59 4 39 24 31 95 8 19 31 89 93 36 0 30 60 39 32 34 82 30 19 54 48 15 54 82 2 70 99 13 45 26 98 68 71 68 48 43 42 39 70 26 33 86 80 47 12 95 86 3 1 6 23 18 78 85 65 50 57 17 20 59 38 69 62 93 63 25 2 30 58 6 11 91 46 52 68 12 15 0 90 90 59 7 93 56 57 59 90 9 
5 48 32 74 4 90 35 23 50 73 50 71 25 56 35 67 4 6 83 2 39 63 14 14 61 91 65 58 79 40 79 72 35 24 45 85 53 48 36 87 0 70 3 58 33 94 94 95 11 33 95 60 70 90 27 84 34 57 26 50 22 27 82 43 62 19 89 25 76 30 90 41 6 26 27 56 41 18 40 74 64 31 62 43 4 86 40 67 38 88 86 0 2 90 20 13 98 95 49 69 74 26 25 96 23 68 4 5 93 65 97 25 54 86 25 47 80 23 31 88 25 18 35 85 17 64 53 67 16 54 93 66 26 91 1 21 3 0 7 16 42 0 56 95 1 60 15 71 82 38 78 27 44 94 58 89 9 13 41 80 83 90 77 71 88 9 54 43 58 46 60 78 19 21 82 53 22 35 82 60 42 65 70 55 38 80 18 67 65 1 48 84 27 5 12 49 65 32 84 79 
93 9 71 51 64 62 39 95 24 74 28 29 65 42 91 36 76 88 73 51 50 60 9 69 41 57 96 36 67 12 30 4 11 79 71 2 34 81 99 36 79 56 11 71 74 99 33 92 25 14 26 15 6 50 61 81 39 45 39 43 56 33 1 83 41 92 77 39 60 44 98 88 51 7 37 49 29 38 24 28 45 2 72 68 56 35 44 24 72 57 82 55 0 75 77 40 74 98 26 15 18 77 11 81 5 6 3 4 74 22 59 83 56 12 88 65 65 75 2 59 77 25 76 31 14 86 74 18 30 66 72 18 65 74 51 72 92 77 56 80 98 50 71 47 11 84 10 0 43 31 15 38 28 69 67 72 90 15 40 90 89 76 59 11 32 94 34 44 65 28 34 96 65 84 32 68 53 10 21 5 13 57 98 4 52 85 13 49 0 72 66 15 92 64 49 67 99 29 8 31 
67 15 23 49 49 19 14 87 55 99 63 57 7 14 73 21 78 21 32 11 93 3 41 46 78 75 24 29 86 67 65 97 6 10 64 70 8 83 93 68 51 1 26 4 74 91 26 51 24 9 22 14 28 50 61 58 11 7 53 86 30 64 92 27 82 38 85 4 73 68 48 30 71 26 55 37 33 42 86 3 73 93 39 85 45 91 90 84 84 38 92 61 74 44 19 65 92 65 2 98 57 34 60 86 39 56 82 17 88 57 80 20 2 69 57 60 61 32 28 48 52 62 81 23 79 59 40 10 59 44 46 9 46 5 17 71 5 29 59 15 52 87 74 60 49 82 2 16 3 15 78 97 31 25 16 80 76 61 92 87 4 80 7 68 79 70 39 78 51 63 89 44 80 19 70 11 45 54 24 73 11 79 13 67 66 50 76 47 13 2 10 43 5 19 23 12 61 19 86 90 
53 24 98 55 76 3 5 18 54 63 53 19 70 27 46 24 60 12 31 45 82 35 68 19 4 30 23 53 22 5 17 48 77 63 96 41 88 22 23 13 65 99 10 52 42 33 86 17 17 69 99 37 20 6 8 42 41 94 50 10 93 17 98 16 57 76 48 2 73 60 0 55 61 68 2 15 2 32 52 93 30 60 89 28 6 1 43 33 10 42 6 8 22 73 31 49 84 11 70 45 2 65 16 93 54 25 55 86 99 92 63 81 22 73 28 61 68 62 89 72 5 53 77 82 66 91 85 28 15 96 97 51 24 49 90 66 85 41 15 49 67 49 6 44 13 12 30 21 75 7 66 22 81 89 37 5 28 53 68 88 97 79 23 7 98 92 43 71 88 2 47 38 13 67 74 60 47 97 25 68 10 46 94 79 55 29 8 92 56 45 23 22 6 52 22 78 28 6 31 27 
94 11 71 82 57 78 31 69 33 28 70 33 33 57 0 56 70 97 71 32 43 45 0 49 14 91 91 99 30 35 14 47 28 52 91 27 96 51 41 69 42 25 69 57 49 83 46 29 62 37 57 89 23 71 45 78 22 88 78 47 65 88 56 99 8 25 66 89 41 76 4 45 34 52 14 19 40 0 62 62 35 73 20 30 15 66 79 40 25 51 55 73 72 39 56 42 49 78 10 24 13 54 59 76 38 26 53 76 69 47 48 5 82 45 94 68 8 10 26 92 79 37 73 2 35 98 51 93 28 43 17 63 42 10 15 95 73 77 49 55 41 2 46 41 94 9 40 86 44 79 45 14 1 84 45 34 15 35 14 59 79 0 40 10 6 6 48 65 88 87 55 25 74 68 95 4 88 1 70 77 38 85 98 9 70 14 31 72 19 24 86 69 36 77 51 78 29 0 6 64 
57 14 43 29 31 49 70 87 11 45 12 72 83 68 51 74 26 29 79 33 31 35 46 14 27 55 5 55 9 50 73 0 86 40 5 20 17 86 88 41 35 74 17 12 53 36 5 60 6 15 25 36 16 38 45 71 39 92 16 64 92 14 68 6 11 55 85 86 86 77 65 38 64 6 91 44 31 29 0 76 73 6 57 42 45 4 98 12 20 65 10 42 34 15 17 2 54 37 46 26 0 59 53 80 95 11 88 21 46 20 44 89 51 88 14 86 6 96 62 28 50 31 8 96 1 41 78 99 73 45 73 13 35 32 43 84 19 35 21 7 72 79 48 24 61 24 57 13 96 52 29 3 34 32 10 7 75 12 48 2 87 82 6 94 42 97 29 69 24 80 17 69 60 43 93 61 50 30 2 71 90 3 91 14 7 58 40 98 11 15 58 2 73 74 33 54 21 84 37 33 
23 56 94 16 6 17 32 39 94 70 49 83 40 13 16 25 29 12 9 66 46 68 14 84 70 92 98 20 12 27 4 72 27 29 22 67 19 31 82 87 97 24 18 50 46 46 35 91 92 49 11 83 26 22 86 56 14 24 65 97 4 84 62 39 40 42 55 11 18 23 38 92 92 52 80 7 85 30 85 61 81 7 96 24 78 62 83 49 1 70 49 57 96 89 18 74 94 59 3 47 99 24 91 31 38 98 96 35 44 29 10 39 44 37 33 42 3 34 85 51 56 50 87 51 64 33 14 76 50 20 95 80 7 65 72 71 92 90 14 85 88 36 50 84 19 39 9 28 83 87 72 11 98 33 3 35 64 43 28 70 31 52 78 90 93 44 14 37 69 68 66 54 27 77 53 48 44 97 70 51 77 33 64 65 40 33 5 6 61 13 9 35 86 29 22 28 57 56 53 12 
81 92 36 74 87 9 34 8 82 43 6 82 57 21 80 40 92 83 56 36 35 34 41 76 26 43 49 91 75 65 97 69 0 99 31 20 32 25 14 64 62 93 35 70 4 93 13 89 56 64 38 5 72 94 12 21 59 64 64 78 68 63 54 72 95 47 45 40 40 79 49 71 66 75 55 3 13 27 23 19 0 6 85 95 10 17 45 57 17 13 31 66 71 10 3 40 29 37 52 59 69 61 31 14 48 69 90 76 56 97 42 31 46 87 54 69 92 91 1 24 33 94 30 2 93 66 94 54 22 26 53 73 55 25 24 60 48 4 14 57 82 13 70 81 20 69 53 93 42 36 12 60 30 95 28 43 57 55 77 13 31 81 99 53 40 93 56 74 73 90 85 59 86 81 42 84 2 62 41 8 97 72 78 18 24 49 79 20 31 33 77 78 67 53 28 76 86 80 66 76 
87 53 53 66 8 43 68 77 70 24 36 29 68 52 67 16 0 74 57 38 91 88 49 32 70 44 98 94 92 5 23 41 18 99 48 33 33 34 90 55 30 65 36 44 16 22 55 58 29 68 87 41 98 77 91 84 12 69 86 34 75 54 3 70 91 22 27 61 56 26 53 38 82 8 30 51 75 3 49 8 51 81 16 48 83 18 65 30 58 24 56 28 58 6 50 22 21 92 93 22 85 23 40 4 88 25 58 19 59 76 30 53 95 43 46 84 62 97 40 25 0 92 92 17 77 45 79 46 88 67 76 95 4 25 5 51 38 4 80 27 96 19 14 1 56 33 27 84 24 0 20 82 24 35 30 49 17 15 8 13 32 50 18 68 46 68 70 71 51 49 75 25 88 14 53 21 86 14 33 89 40 9 45 72 80 32 61 47 68 32 55 88 54 92 20 34 50 84 61 13 
72 48 13 5 85 39 35 41 70 96 22 46 90 74 26 20 79 76 95 4 36 72 13 58 54 31 34 65 5 5 72 17 75 33 44 68 47 40 19 8 83 74 7 12 67 45 77 45 57 77 94 91 37 80 42 0 18 18 0 0 5 95 67 78 98 24 41 86 44 92 66 95 65 88 51 47 6 33 80 56 51 60 6 53 30 30 70 50 36 85 73 56 64 87 52 49 5 85 64 6 62 39 76 33 48 30 76 90 91 54 56 84 20 65 69 6 55 67 64 67 87 48 35 57 34 7 93 9 19 69 92 49 60 53 17 43 29 40 52 18 14 16 93 86 21 85 6 9 96 96 61 67 48 71 48 34 82 84 36 59 96 2 23 78 79 41 25 5 31 74 68 14 80 98 86 10 36 54 56 26 82 23 33 92 21 34 65 91 16 11 55 90 48 65 11 30 2 77 7 18 
71 37 72 71 40 78 29 91 47 29 16 31 52 22 24 3 40 70 90 41 92 14 66 55 88 23 25 45 57 1 77 10 27 47 92 20 87 64 88 58 94 15 2 5 22 63 78 91 65 17 46 36 78 19 51 57 19 18 25 42 20 79 13 66 9 9 79 70 60 30 0 98 11 63 46 67 93 16 10 2 83 8 11 3 19 49 33 30 41 44 54 45 76 16 32 26 53 40 7 32 43 81 1 52 96 72 71 46 68 16 6 36 10 16 15 11 71 59 67 59 15 44 46 19 20 80 22 53 54 74 94 95 64 25 35 20 41 28 19 77 35 30 88 90 58 99 7 31 0 39 46 58 95 42 83 4 29 39 70 72 4 28 21 55 32 99 77 61 64 30 16 70 90 60 13 80 68 67 27 16 20 76 34 95 0 77 70 43 53 26 5 95 23 67 15 47 30 5 45 87 
15 58 75 73 10 37 77 13 70 6 95 17 22 22 63 65 75 75 63 61 58 71 56 57 27 70 94 12 22 80 89 39 1 43 32 12 14 61 75 22 63 58 54 35 75 97 36 17 26 71 74 82 88 40 89 54 57 0 60 1 49 61 94 13 27 99 38 84 35 92 77 30 68 74 2 6 58 17 59 27 88 21 30 41 61 95 4 3 21 39 3 7 30 10 87 60 60 21 3 27 80 30 53 82 39 26 53 5 63 66 6 58 58 93 84 14 11 66 11 80 13 10 65 57 29 65 62 25 92 85 49 53 5 67 76 85 55 97 76 21 94 92 58 34 27 7 5 18 13 12 80 16 31 93 7 28 55 53 13 75 11 84 93 18 10 32 90 64 25 57 26 9 32 12 94 0 79 63 15 9 24 28 61 4 62 12 12 96 63 42 42 3 2 28 99 45 4 83 74 39 
16 89 13 6 36 36 68 28 62 10 90 50 43 72 64 87 91 75 82 16 17 91 19 57 76 38 86 70 78 13 46 53 28 57 31 15 10 45 34 45 21 14 60 14 14 3 78 74 61 6 3 80 93 30 48 44 37 58 60 2 96 11 24 71 17 77 62 21 71 84 50 36 23 56 39 44 62 45 54 56 80 9 52 58 80 22 75 60 90 41 47 89 39 35 65 16 8 14 72 76 46 27 10 77 0 33 96 29 17 18 86 54 80 72 57 23 45 23 11 26 94 57 92 54 30 7 29 5 12 10 49 75 71 20 43 67 81 55 55 92 62 78 64 12 94 35 30 94 97 61 71 54 73 96 59 26 69 13 76 41 10 94 3 22 67 69 52 94 17 20 88 2 18 13 89 61 77 15 38 25 27 93 40 79 48 24 0 44 37 75 5 53 68 46 92 94 25 16 7 75 
60 3 23 67 55 7 93 94 81 46 39 12 67 41 42 62 98 27 86 53 25 76 54 29 24 23 98 43 53 0 46 82 87 95 43 66 20 81 80 58 55 14 35 28 97 62 32 51 63 72 75 36 33 35 57 44 38 99 19 56 68 25 82 74 37 6 82 92 69 17 21 26 74 49 55 17 42 44 76 21 16 7 45 54 78 70 59 66 64 0 44 70 1 94 59 72 10 59 26 72 75 64 62 93 6 69 78 66 33 40 0 68 52 63 25 7 83 96 36 52 20 65 44 21 24 13 93 19 34 26 16 43 49 7 81 80 84 36 6 32 86 68 77 17 31 90 67 2 52 93 35 54 54 49 13 56 57 49 71 16 34 63 11 16 19 56 27 99 67 64 21 18 58 14 7 12 41 83 6 19 33 77 42 8 36 22 29 95 29 70 83 86 93 74 61 44 22 61 52 49 
43 16 33 29 20 28 66 56 31 18 68 48 87 24 11 12 36 39 93 67 51 8 87 46 60 43 64 51 5 32 79 23 61 0 32 80 16 60 98 10 44 91 27 50 85 82 63 53 85 0 89 40 40 64 76 68 6 42 5 68 64 15 34 36 32 44 63 96 75 57 82 25 85 79 80 96 8 60 94 9 40 56 57 89 95 68 86 15 3 51 60 71 36 85 43 29 60 23 25 69 64 66 67 10 89 72 11 96 18 68 99 48 20 9 89 99 60 81 48 72 79 6 85 74 4 18 39 65 13 63 4 6 35 69 9 97 48 79 20 66 53 47 80 31 5 6 60 58 87 36 36 86 63 55 28 30 64 22 90 33 20 4 38 47 13 9 96 41 86 88 30 67 65 38 71 6 7 80 71 64 9 91 56 58 38 63 20 2 52 37 0 44 36 0 16 46 68 98 88 22 
56 40 18 63 80 15 13 80 95 77 74 56 5 75 53 79 88 40 46 92 57 3 76 99 14 56 86 60 19 44 80 13 1 21 45 93 40 48 46 18 0 58 37 12 27 13 75 66 90 52 78 76 70 24 63 94 64 92 76 24 91 23 37 42 61 1 24 38 29 43 18 76 83 35 52 85 12 64 37 27 47 41 8 39 36 4 10 44 96 12 5 40 26 11 64 60 9 34 94 85 9 70 76 96 66 5 30 2 3 83 97 57 59 37 48 37 70 79 63 90 78 33 43 92 39 13 30 76 4 86 6 95 90 96 74 85 31 6 68 96 88 28 73 44 55 79 61 37 36 85 10 63 72 89 12 33 58 35 10 26 6 76 67 3 87 24 98 1 90 32 82 10 71 22 62 70 54 58 64 76 42 54 77 20 40 98 57 59 60 14 51 97 68 67 74 54 1 20 73 29 
81 89 44 25 97 49 60 68 76 84 98 69 9 87 54 72 66 22 42 5 60 54 32 5 4 9 7 96 7 83 94 76 6 3 74 96 89 97 99 33 66 44 48 1 0 14 38 24 32 43 14 12 22 24 6 23 25 33 98 52 89 77 27 75 61 8 83 88 84 18 14 46 94 78 29 99 91 69 29 36 16 92 79 99 55 26 25 79 32 51 3 55 80 34 70 49 0 62 1 37 61 28 79 18 67 6 36 68 71 78 95 27 54 44 55 23 10 94 81 60 27 91 93 8 90 82 29 43 45 32 42 54 12 79 68 47 10 96 84 79 71 7 8 37 44 97 55 15 51 27 1 43 69 29 61 60 41 49 42 96 7 6 43 92 41 19 62 54 17 0 46 86 99 15 43 0 48 26 7 48 23 88 15 63 47 61 23 94 65 64 22 1 95 16 59 42 61 96 41 86 
39 54 42 74 80 61 13 5 89 23 58 34 77 43 57 77 43 28 75 39 5 17 80 46 12 46 32 37 67 22 88 79 56 75 48 77 13 39 67 67 16 64 78 92 45 55 28 69 3 52 37 94 17 69 34 70 54 28 56 84 28 78 29 31 45 57 95 99 74 72 86 56 7 69 21 50 72 52 4 10 67 74 16 5 69 9 2 41 81 78 13 64 94 74 86 55 9 85 97 83 87 52 61 68 69 14 28 10 76 94 24 64 33 51 70 81 38 95 41 17 14 24 5 32 91 88 52 30 81 56 56 86 53 67 15 88 3 52 27 45 28 41 38 21 68 85 9 16 15 13 43 44 68 14 84 18 27 94 59 22 51 12 61 64 51 5 75 92 7 85 66 42 69 85 92 22 25 66 34 6 68 53 4 94 52 40 92 55 48 2 75 19 77 51 88 52 6 54 38 15 
68 2 44 19 89 18 39 6 57 92 60 54 42 1 23 64 72 83 91 89 52 51 35 38 7 79 28 90 17 98 72 46 74 35 19 8 23 96 67 62 13 17 29 73 96 76 33 5 94 65 27 4 10 48 48 15 83 94 99 96 0 26 81 68 38 5 93 14 47 8 36 77 33 40 95 47 98 93 43 94 14 64 98 23 43 31 22 13 15 67 99 55 11 84 68 54 3 6 27 49 86 8 37 57 19 44 72 3 96 74 91 35 18 34 61 79 10 71 5 85 66 22 85 34 87 57 47 31 5 92 37 64 43 49 40 98 37 95 53 5 15 30 21 15 60 85 51 12 19 4 45 38 1 30 29 98 43 62 28 20 41 90 86 52 62 52 75 25 46 72 93 30 58 45 83 19 84 36 66 1 23 66 62 9 43 17 91 30 71 9 28 33 6 47 96 80 36 99 15 82 
67 71 59 58 74 31 27 50 96 26 16 98 52 57 11 90 8 50 86 12 76 48 99 37 52 93 37 57 0 76 99 40 83 4 42 76 90 36 75 9 66 73 66 0 48 77 53 92 76 17 80 68 5 90 96 56 64 71 70 62 2 65 5 24 2 99 20 49 42 36 81 80 57 48 36 75 31 90 80 23 24 87 91 67 18 78 45 8 16 41 39 84 67 48 47 21 96 64 87 44 46 44 5 41 26 67 98 30 32 64 60 80 19 74 60 49 56 58 40 98 83 11 43 55 66 72 43 4 34 60 91 74 31 66 81 95 60 98 44 18 27 60 92 51 26 47 47 25 33 37 14 25 98 41 36 42 47 49 75 41 43 25 38 55 68 79 71 68 39 89 85 27 36 40 50 43 35 54 95 52 12 23 67 75 55 35 52 89 71 91 3 19 11 84 83 46 41 92 49 9 
7 4 86 87 60 66 40 61 36 60 6 57 30 56 70 28 77 85 52 50 40 10 85 19 91 42 33 11 79 75 17 25 33 23 31 5 74 64 7 96 9 11 30 45 41 44 33 17 16 59 12 14 41 14 83 12 62 53 17 24 21 2 52 81 16 10 92 59 34 96 31 65 96 69 72 56 4 55 30 38 53 13 32 48 31 47 99 26 97 87 51 98 51 43 33 32 17 10 25 2 9 16 64 8 71 44 24 9 96 61 10 74 59 84 59 58 52 81 31 15 30 30 35 56 2 68 10 55 22 81 41 93 74 18 25 88 66 66 97 28 99 66 89 97 71 86 99 24 19 24 20 53 27 84 24 55 77 80 33 90 17 68 5 33 53 57 3 94 7 41 57 78 11 70 55 41 19 57 42 35 96 48 73 72 11 32 60 34 64 79 91 60 78 28 65 65 14 20 95 37 
84 95 86 31 76 42 64 28 29 43 65 19 88 26 36 33 71 5 69 67 28 32 8 17 43 35 93 2 70 29 26 53 48 3 89 66 77 12 75 2 21 46 64 43 82 24 23 15 86 53 32 70 75 5 80 71 82 79 45 67 45 71 99 4 76 85 90 72 46 81 17 36 41 76 54 52 7 48 51 24 32 39 85 36 28 97 71 51 91 99 28 25 73 62 49 72 43 81 33 8 91 46 90 21 35 67 41 61 37 64 8 21 14 43 43 61 16 36 80 16 56 14 8 12 36 90 15 65 49 43 13 43 1 69 98 11 38 94 11 95 58 42 86 28 62 93 52 84 17 86 80 75 99 62 31 71 25 67 38 48 59 43 15 85 74 80 77 79 51 53 41 53 33 76 45 21 7 65 34 18 18 76 43 71 99 94 2 23 76 45 98 45 95 65 76 17 89 74 70 59 
1 19 27 40 7 36 12 68 34 87 38 83 51 32 13 62 65 46 8 91 38 5 43 67 11 9 50 96 63 43 22 75 76 86 16 68 99 85 24 59 61 36 28 69 29 79 70 32 64 66 59 44 70 93 25 19 87 91 45 85 34 78 81 7 93 61 78 56 41 83 49 13 99 98 23 15 39 45 29 27 28 54 13 53 77 86 31 60 66 80 95 57 77 5 99 57 30 69 99 0 42 93 95 0 88 82 65 59 82 19 80 76 17 58 24 67 5 33 86 11 52 18 78 23 49 83 64 56 61 12 56 34 25 45 2 53 29 45 76 86 36 23 41 73 84 74 54 73 84 40 18 79 73 6 64 68 85 64 31 90 54 15 9 31 22 30 85 23 17 21 69 83 91 47 41 30 12 14 59 68 86 85 91 65 94 21 75 51 29 72 98 99 4 78 6 78 9 73 57 22 
76 68 76 14 15 45 7 87 10 43 49 56 93 42 5 24 66 26 51 9 5 27 59 21 3 57 46 93 11 32 74 56 59 84 49 85 54 39 73 39 16 67 14 76 35 53 63 6 73 28 22 82 82 14 15 9 35 85 19 76 95 64 20 79 45 55 23 6 66 44 73 38 96 80 72 17 15 89 7 12 60 21 34 49 7 19 69 82 49 80 95 64 5 57 91 11 10 83 60 61 54 80 44 61 14 92 85 66 22 22 79 40 97 48 57 35 5 59 95 41 52 8 3 69 66 67 79 93 23 82 66 79 31 62 30 76 88 25 10 24 15 24 92 42 87 28 9 35 10 82 3 53 80 83 23 42 45 47 15 21 15 83 10 24 88 8 7 42 40 85 18 63 2 62 29 61 23 39 99 54 72 73 39 36 34 3 86 44 23 47 68 18 46 2 72 71 97 65 91 72 
45 62 3 30 36 74 76 66 63 0 18 67 51 10 85 2 5 15 82 74 90 89 74 28 68 67 55 32 6 81 97 41 80 27 43 77 47 59 55 13 26 15 84 95 49 75 25 16 13 46 45 73 48 87 77 25 34 90 53 1 40 0 46 78 44 63 71 1 10 86 59 49 57 4 59 62 48 79 17 74 42 10 4 56 81 59 16 98 51 63 72 67 38 35 98 70 1 44 7 2 78 85 16 82 63 35 32 67 76 33 19 23 69 30 3 12 11 20 9 34 92 66 77 5 17 96 9 62 44 17 23 55 49 53 58 9 48 93 75 82 71 47 93 36 33 50 41 37 44 82 2 75 55 87 16 57 68 92 79 90 24 50 75 13 66 54 53 82 76 8 80 25 15 96 69 44 67 94 4 34 27 24 52 85 38 71 93 39 99 31 39 45 21 59 10 95 49 53 72 12 
4 65 27 13 71 56 16 36 34 2 62 79 21 60 79 21 29 4 95 44 58 90 27 44 79 40 25 2 31 40 56 36 55 28 47 45 12 99 5 88 54 62 8 94 97 1 42 31 11 59 99 4 10 71 81 94 3 9 72 38 91 13 85 78 41 42 93 55 53 65 78 71 47 83 18 64 71 55 7 18 32 25 66 58 26 16 10 92 56 27 55 82 81 62 3 53 75 5 37 51 58 26 9 9 94 79 24 28 71 98 4 11 64 72 77 55 90 95 25 61 98 72 98 19 70 45 30 69 92 59 3 86 67 50 83 55 66 23 41 56 70 38 34 61 44 18 35 78 67 78 12 46 86 5 44 76 1 20 85 23 60 99 35 84 33 9 80 49 0 99 43 28 51 16 37 77 35 98 95 60 63 0 85 50 67 3 58 22 98 77 58 71 40 0 32 76 51 71 88 54 
26 8 52 33 43 34 89 94 93 95 28 32 33 29 69 66 22 88 56 28 30 3 75 24 19 20 79 34 29 69 30 95 70 32 77 99 52 33 65 69 74 75 31 7 70 64 20 78 21 70 42 47 8 86 1 51 49 34 45 72 56 69 0 84 52 37 82 61 64 50 82 50 59 21 84 65 20 39 34 29 98 3 40 98 56 46 99 79 74 62 87 44 27 4 92 24 18 70 82 96 43 51 25 40 55 61 55 65 66 85 75 16 84 61 89 46 10 35 75 93 3 12 84 74 19 71 7 7 14 26 83 19 95 74 12 71 35 43 96 72 77 66 42 62 68 63 23 95 51 69 99 64 3 68 31 67 18 1 81 22 75 19 71 23 6 17 35 29 30 27 46 89 60 10 40 48 1 81 20 56 2 32 48 61 3 2 11 30 58 85 17 41 70 76 23 71 76 82 56 55 
68 93 34 97 3 14 77 78 31 30 53 46 68 40 66 72 94 98 61 48 14 57 93 31 22 73 35 36 11 64 37 88 69 97 4 15 38 68 97 11 31 48 73 92 95 73 69 76 96 24 37 9 43 72 51 81 23 2 86 98 65 62 43 50 86 83 24 36 78 69 44 67 72 50 26 27 45 80 9 10 89 96 83 76 76 57 76 6 89 3 82 76 5 6 14 57 94 76 46 95 78 73 69 23 18 68 38 22 54 71 73 69 50 47 58 22 93 38 84 11 97 36 41 30 40 91 54 82 34 14 73 33 2 5 25 43 93 18 91 62 4 91 18 38 14 55 48 26 83 70 63 56 22 37 72 62 57 77 7 57 40 86 35 34 99 87 1 86 54 29 19 66 57 17 9 24 45 85 19 5 44 77 4 60 65 62 71 81 24 24 84 33 74 65 6 85 24 9 90 65 
80 47 42 63 85 59 71 28 40 18 60 55 59 79 0 67 89 15 50 2 17 56 35 91 28 1 55 51 77 57 87 19 15 33 70 57 2 59 75 42 18 12 79 7 49 64 84 78 82 81 76 15 93 33 78 30 52 0 29 35 7 53 59 77 32 31 29 23 6 88 24 9 27 13 72 37 84 53 53 49 32 62 39 16 19 11 70 79 60 77 70 50 69 48 5 59 30 34 33 46 69 21 89 37 48 44 18 26 43 60 46 95 20 8 77 10 8 79 66 21 95 67 0 79 67 26 98 8 69 16 80 17 73 96 51 88 84 48 86 30 18 6 2 89 53 85 83 77 14 23 96 29 26 52 97 83 14 70 46 24 6 3 59 69 84 84 86 79 35 15 96 44 46 40 64 95 67 43 5 0 7 32 26 35 84 63 59 62 36 98 61 33 92 65 41 74 41 21 78 57 
66 52 24 73 6 8 45 63 63 76 74 40 35 91 21 26 61 16 34 55 36 89 90 16 39 60 56 43 97 75 46 51 63 79 94 29 26 27 61 40 64 34 12 64 52 50 21 83 46 71 96 11 95 91 83 80 20 91 78 32 47 14 47 56 49 0 53 27 75 10 64 92 94 44 57 45 32 63 98 41 85 8 31 85 7 16 62 86 70 10 44 2 35 38 6 86 65 3 3 27 4 0 10 12 65 18 66 98 19 9 63 29 25 19 85 6 43 45 16 93 53 21 70 21 13 11 17 14 89 20 62 30 37 44 90 83 58 79 87 12 39 3 30 30 3 16 20 77 19 84 73 7 94 39 96 32 46 34 12 67 56 71 71 8 47 84 33 10 44 73 51 83 98 95 49 53 85 23 84 75 28 78 29 32 43 66 14 16 77 1 61 1 30 89 86 40 85 95 3 92 
56 23 44 82 75 96 5 29 34 49 15 84 77 36 83 94 51 17 67 32 58 41 34 62 36 88 22 83 43 53 36 82 57 70 68 17 31 18 90 83 70 48 68 95 83 32 72 42 59 25 88 77 26 83 73 47 61 33 45 32 61 98 36 91 67 68 84 42 5 73 96 27 14 93 50 8 72 3 36 50 37 68 29 23 20 53 20 87 54 37 5 88 92 2 10 92 6 22 68 46 45 1 50 0 77 73 58 96 86 58 83 50 84 75 58 81 32 45 92 60 57 94 75 62 31 69 36 41 87 20 20 64 79 14 53 95 99 90 40 71 45 0 93 30 28 90 3 4 27 49 4 42 8 86 47 71 51 71 60 89 17 30 19 34 48 84 73 31 49 30 64 88 7 32 14 1 22 78 71 19 84 23 78 62 43 35 96 39 3 76 67 77 64 5 7 4 67 19 82 53 
58 27 49 76 50 88 97 99 17 9 27 26 91 90 68 44 84 87 24 65 51 20 9 4 61 11 6 95 33 92 56 24 50 99 41 35 57 39 31 53 89 13 55 35 85 70 71 99 25 65 45 54 3 4 77 91 31 98 25 35 84 37 38 5 78 45 30 76 29 49 8 79 79 92 91 92 9 18 15 28 13 9 32 85 80 58 97 17 26 64 28 59 6 95 78 76 57 13 97 79 5 17 88 52 54 8 59 21 23 88 32 26 29 43 41 79 45 52 31 55 31 23 30 12 31 67 58 40 63 99 78 73 5 9 70 5 10 95 34 19 27 31 57 42 44 70 16 63 74 12 12 97 21 6 37 41 29 87 35 30 32 51 56 18 61 56 88 25 36 43 46 22 70 31 0 20 62 12 20 74 88 4 43 94 32 88 35 39 90 57 97 29 65 29 9 21 50 87 44 61 
51 87 9 41 75 4 99 55 43 72 71 84 86 22 62 55 65 67 33 69 10 7 71 50 21 77 27 95 27 28 47 48 35 47 28 28 47 35 67 71 48 3 3 12 76 96 12 79 79 18 63 72 31 71 23 92 57 23 23 59 57 8 73 83 97 23 23 77 32 34 20 81 28 35 41 79 83 17 36 23 98 1 36 92 7 12 51 16 20 7 97 6 19 19 1 18 3 99 69 18 93 50 9 57 96 21 24 16 6 76 51 34 70 88 90 84 69 94 92 1 90 53 68 4 65 54 17 92 88 7 95 27 63 64 56 90 62 25 86 96 21 35 41 49 76 71 11 40 30 9 18 56 39 38 10 28 31 35 71 42 9 27 50 17 28 50 51 1 96 28 73 62 84 81 25 31 19 22 76 30 41 21 40 77 68 12 45 94 62 87 20 55 20 23 68 43 79 53 55 97 
98 60 55 35 32 38 97 65 4 62 45 59 2 22 4 51 8 49 54 24 81 31 56 48 4 43 1 34 56 18 0 79 58 35 18 74 8 26 83 63 57 61 98 14 93 4 24 91 79 35 1 15 56 22 43 92 69 79 59 26 76 84 85 71 98 11 38 12 5 2 80 88 4 72 2 49 35 23 85 64 70 8 70 6 68 79 44 48 88 44 69 62 34 58 48 84 70 34 77 25 21 48 88 33 65 31 47 60 27 39 79 63 60 14 69 39 71 88 29 71 28 60 10 27 34 46 95 59 48 63 49 60 7 17 11 45 51 87 71 20 18 4 94 71 57 59 17 66 72 0 36 2 81 73 83 12 96 55 71 23 74 69 56 74 52 93 89 65 6 38 67 41 62 43 25 97 29 22 95 16 80 31 38 45 72 37 8 82 17 21 20 96 47 14 16 94 26 61 97 88 
98 70 83 6 30 6 73 73 45 35 67 52 57 64 83 55 52 94 24 77 68 80 26 88 96 1 6 93 76 67 16 67 59 10 50 76 31 46 2 18 61 78 49 52 6 81 82 49 97 98 25 8 70 68 8 33 44 86 49 14 62 93 94 46 50 5 22 50 59 84 52 45 63 83 12 93 76 29 21 66 16 19 89 63 86 85 88 87 75 73 63 74 89 17 51 60 59 85 5 5 17 67 31 25 37 58 78 65 90 53 86 35 44 12 49 71 24 99 60 35 38 46 78 1 4 53 74 1 0 93 24 52 17 78 79 19 58 99 25 64 56 31 2 80 77 77 57 0 36 6 17 81 3 77 15 26 67 11 25 19 83 89 59 16 19 67 79 42 30 50 14 94 54 8 29 8 8 34 53 25 23 74 91 88 44 14 46 89 18 69 62 51 83 49 73 93 28 81 48 39 
90 67 29 30 13 92 62 55 19 47 93 63 60 63 85 9 89 57 31 71 6 34 18 32 97 97 20 50 24 32 38 73 29 26 6 56 72 60 3 50 29 0 24 37 0 38 37 23 97 23 50 60 59 50 29 80 56 73 70 67 1 63 5 70 72 16 0 33 47 18 86 73 11 57 43 12 9 25 53 31 88 74 98 84 83 21 31 7 48 33 48 93 97 56 9 7 1 43 52 25 35 71 84 31 3 98 2 92 65 86 46 92 78 60 64 45 28 87 31 82 25 81 98 56 95 18 45 22 30 61 27 3 39 28 9 57 4 19 37 56 56 11 28 55 44 71 52 22 25 20 75 33 32 37 52 88 24 25 47 79 35 40 70 84 47 24 37 38 6 65 8 56 48 62 50 27 21 57 54 97 78 56 9 75 12 74 93 92 86 18 49 93 14 66 84 19 88 62 83 87 
98 30 22 22 55 26 2 74 45 8 14 27 8 99 50 49 65 38 59 52 35 3 55 77 65 73 24 37 1 80 1 40 63 55 80 83 64 94 70 13 9 2 95 11 46 17 85 54 56 67 72 53 99 53 43 63 16 11 29 73 74 9 77 56 13 33 62 18 44 20 15 94 67 30 50 21 97 11 4 47 76 7 77 59 17 4 24 42 49 47 96 72 36 85 4 19 53 38 40 73 74 59 1 17 6 63 16 39 15 79 65 71 13 92 70 5 9 29 77 26 14 29 69 14 29 40 10 7 50 60 70 4 78 31 28 9 35 27 50 14 66 55 65 31 80 36 66 31 3 62 87 24 54 53 84 58 8 37 58 49 0 2 27 76 24 20 63 55 64 25 95 45 58 1 72 55 88 1 3 59 8 73 10 96 38 99 29 68 70 75 49 36 28 87 9 25 61 10 48 95 
24 45 82 30 77 15 86 26 41 34 35 43 43 92 34 29 1 63 39 82 25 83 56 46 49 17 98 94 12 53 89 60 80 23 94 45 25 91 79 52 4 27 39 47 72 21 22 68 67 53 79 14 60 54 49 51 79 11 27 3 82 29 99 74 22 43 0 7 10 91 94 3 72 91 11 12 3 59 36 80 60 97 93 48 75 16 41 12 26 37 88 46 18 86 94 50 5 42 24 72 18 42 77 32 33 84 30 50 25 33 42 90 29 71 13 45 15 97 43 49 91 11 20 52 12 5 57 24 74 66 74 71 87 36 6 54 71 49 34 80 70 9 45 46 85 31 27 40 67 54 41 1 73 33 52 32 68 64 78 91 39 48 45 9 92 96 1 7 31 75 77 30 12 82 17 23 68 18 38 42 0 77 17 36 65 15 1 64 71 77 47 36 35 5 55 97 90 48 84 51 
52 0 0 1 9 44 1 81 47 54 8 99 24 24 64 48 86 57 65 4 80 82 25 35 62 31 70 88 48 47 46 7 3 13 63 69 24 91 75 45 49 8 11 66 29 81 74 78 84 3 0 13 99 61 44 19 13 71 15 42 46 81 46 51 46 50 50 82 70 79 89 91 98 69 16 8 51 6 7 37 71 82 80 63 13 84 36 12 43 22 94 58 72 3 81 50 71 99 24 30 69 0 96 22 47 40 38 28 68 49 30 51 84 36 0 61 49 61 72 63 0 27 39 12 63 99 19 92 66 93 43 44 88 79 48 63 43 68 51 71 6 64 13 72 90 59 71 60 47 31 25 76 97 41 61 85 66 22 64 31 9 50 77 94 72 2 41 98 26 91 77 56 32 34 90 45 17 93 94 83 59 97 39 46 37 78 97 33 6 88 55 1 10 36 55 93 47 58 66 34 
1 24 30 76 63 11 6 38 54 28 57 63 46 33 94 58 56 25 99 51 17 14 34 66 73 65 89 24 44 68 57 3 31 63 4 31 54 43 4 42 84 70 63 72 52 6 38 23 14 54 75 44 49 82 15 47 92 3 46 15 79 82 12 26 76 23 83 92 77 10 66 38 87 41 10 57 91 20 59 10 36 89 53 56 94 6 15 87 65 61 12 0 41 54 72 83 56 34 5 44 12 28 42 33 36 80 40 70 97 7 44 6 73 98 44 38 22 64 50 56 44 34 25 53 69 66 40 9 56 7 60 6 88 41 86 24 34 2 54 8 9 67 86 96 38 69 18 82 15 38 43 43 11 36 78 54 7 36 98 33 15 71 58 43 8 29 56 30 9 49 36 39 83 69 81 52 6 70 57 21 68 3 56 98 44 58 51 60 84 11 24 38 10 0 61 54 89 68 76 64 
85 0 26 70 48 39 93 37 45 17 38 95 18 2 79 29 82 8 7 98 34 70 0 33 4 19 18 20 89 34 12 94 19 91 48 86 15 10 58 4 51 78 17 51 48 81 13 99 58 46 0 74 8 95 48 18 25 36 32 24 83 36 31 11 22 70 81 10 37 10 79 96 21 70 73 10 54 11 26 29 66 44 0 97 31 97 88 48 97 76 93 24 20 48 0 68 3 69 22 39 80 68 65 18 70 87 76 35 41 0 22 99 65 90 32 85 41 20 50 35 5 9 7 85 30 76 92 68 1 0 91 45 22 10 28 25 82 10 72 95 92 20 40 8 4 25 40 98 21 40 61 20 60 24 39 13 84 58 51 12 12 28 24 7 51 30 80 70 34 36 70 97 71 11 61 84 97 99 56 0 68 33 52 95 70 90 69 56 34 68 89 19 32 95 13 77 33 50 5 93 
97 7 26 62 18 73 29 13 51 17 95 97 16 39 60 47 4 93 33 1 76 4 53 38 14 62 65 49 14 96 58 21 35 53 19 46 86 46 96 64 34 63 31 4 88 66 57 85 57 35 50 9 19 40 96 68 9 74 81 24 17 91 28 78 45 13 15 48 2 31 82 8 79 6 18 75 41 19 50 77 89 99 62 16 15 75 7 39 93 85 77 9 75 55 76 78 82 14 28 73 10 26 43 62 41 92 33 39 85 68 53 10 53 17 31 97 26 41 43 0 75 73 89 54 3 76 63 18 62 30 31 32 63 32 38 9 76 55 40 63 3 18 44 68 63 36 2 68 62 6 99 25 86 92 73 79 89 73 24 97 98 48 48 82 24 82 64 83 65 42 22 91 59 38 44 56 62 90 11 54 78 34 6 50 22 48 4 17 70 0 94 97 28 8 23 82 37 38 53 80 
83 16 81 41 62 62 37 38 19 22 9 87 3 21 63 26 76 96 48 36 24 41 12 90 91 30 83 33 55 66 9 17 2 55 7 35 95 24 51 97 36 28 6 70 48 31 43 70 63 36 19 15 14 10 19 45 12 18 82 79 9 24 68 70 87 22 41 5 58 23 10 78 4 52 92 84 1 24 86 18 31 23 18 38 73 24 63 82 85 88 54 35 11 78 73 38 0 57 79 24 60 58 77 84 48 55 48 48 26 28 68 97 20 23 69 67 83 31 24 48 29 76 88 89 50 51 37 10 96 20 4 71 88 59 21 72 46 43 74 55 36 35 69 59 35 87 11 63 3 43 54 79 56 31 27 43 89 3 40 1 24 87 50 32 38 89 10 90 80 41 53 73 86 6 72 49 7 47 9 5 5 9 8 5 43 51 69 30 76 58 34 16 30 46 39 0 22 76 20 13 
90 89 95 77 76 63 99 31 93 51 76 71 38 3 75 75 93 85 92 65 0 39 7 15 53 37 44 45 61 48 23 69 42 44 54 15 51 96 68 28 16 96 14 49 61 3 19 0 39 30 2 98 59 72 82 17 29 48 61 75 22 65 66 48 98 8 11 45 2 59 8 57 88 60 7 36 46 19 36 78 39 96 85 25 35 9 21 66 19 83 38 6 82 19 66 91 50 3 98 28 61 42 14 21 21 72 69 0 46 93 26 33 15 45 81 11 84 36 54 63 82 27 74 92 96 66 75 5 48 95 67 71 77 63 84 49 20 8 55 52 20 31 60 46 50 55 56 64 9 74 82 64 3 82 91 32 0 98 13 79 42 38 86 83 73 76 20 29 52 97 48 9 40 7 12 89 89 84 21 67 54 75 72 84 28 66 95 64 70 3 40 32 4 99 82 83 85 64 95 36 
9 77 13 62 27 24 24 89 3 7 11 41 79 55 34 96 67 9 79 33 31 70 84 70 72 26 32 65 94 43 49 39 16 74 38 44 8 54 9 99 92 80 47 49 21 99 10 64 24 29 91 90 18 49 76 57 76 82 32 61 90 65 26 93 56 26 62 26 23 33 50 30 53 11 69 28 59 53 46 39 61 88 62 27 11 98 49 50 75 85 2 44 12 74 10 50 41 23 79 89 92 97 1 15 9 20 4 89 21 67 24 65 40 68 46 14 67 63 43 61 26 94 41 98 41 54 80 16 12 36 99 53 80 46 16 46 76 11 66 17 76 51 28 11 80 96 81 57 89 30 30 93 8 57 11 42 3 49 61 85 4 17 91 13 26 80 20 38 2 36 21 3 39 87 84 69 66 48 28 36 25 81 53 39 33 66 50 73 69 71 9 13 13 34 39 70 51 63 45 95 
28 99 22 49 6 50 82 22 73 87 63 8 0 34 62 50 5 98 91 27 55 96 16 77 63 6 15 99 53 63 19 82 57 16 9 24 46 51 84 43 41 19 53 68 17 32 39 3 25 11 82 14 22 36 14 13 75 99 11 85 42 41 46 19 86 87 74 46 78 0 88 27 3 71 84 54 60 23 69 62 20 46 27 53 9 32 34 80 96 96 70 83 6 59 29 49 73 28 29 35 94 4 95 31 21 16 26 7 53 19 76 50 14 27 45 34 1 22 14 26 35 30 93 58 7 78 77 9 72 36 41 18 34 3 8 67 17 8 36 49 69 64 19 48 92 91 13 90 56 16 92 61 63 43 64 50 27 27 66 22 99 89 59 0 83 69 5 2 11 20 94 36 91 34 28 27 97 28 96 60 84 16 45 14 44 0 19 34 86 64 80 73 96 53 59 89 4 74 60 64 
14 36 64 0 80 37 1 79 5 40 4 25 68 96 16 40 6 13 50 98 82 47 99 2 1 2 29 36 70 22 22 2 34 96 93 15 7 49 7 94 85 45 73 4 5 58 91 53 70 43 0 4 29 67 46 40 14 66 49 65 32 49 39 24 39 49 91 96 24 42 86 78 32 13 61 26 2 36 84 53 19 64 66 49 51 79 43 40 61 20 14 42 54 92 35 29 62 29 76 61 59 56 78 31 38 59 38 94 11 1 88 69 97 1 0 44 46 5 84 81 0 19 46 4 44 13 29 38 58 54 93 7 53 28 26 46 24 50 33 49 65 17 91 53 77 63 70 3 28 68 98 0 14 41 79 34 23 49 83 98 83 86 74 69 57 28 16 2 37 68 94 75 3 84 89 76 94 73 0 14 88 84 84 56 48 73 69 81 86 65 59 46 18 75 98 23 67 93 62 41 
53 76 21 63 13 66 78 7 76 66 65 42 95 41 80 34 41 87 30 44 45 91 90 42 38 16 39 87 24 56 53 20 9 86 2 9 59 27 61 65 80 0 95 91 28 55 24 73 29 3 25 21 85 89 44 37 15 20 15 83 83 52 44 97 71 94 40 55 86 31 7 67 56 10 40 4 79 42 58 74 40 25 1 88 73 89 60 40 81 17 71 11 72 80 33 80 33 44 32 42 81 38 24 48 55 48 33 65 52 86 60 93 35 69 63 94 17 53 16 50 97 82 35 8 68 38 46 5 51 28 22 93 9 8 88 37 46 82 66 4 28 68 78 73 97 39 67 31 42 40 86 24 18 7 90 89 58 89 53 63 40 23 10 34 48 1 47 86 3 28 78 50 66 66 66 55 43 16 21 62 78 42 55 9 29 68 70 72 6 64 88 34 44 51 16 65 20 78 48 70 
89 86 98 46 38 61 10 30 44 66 56 24 72 83 39 10 73 53 29 18 24 25 91 95 71 53 43 63 93 93 12 22 29 68 43 70 25 30 4 19 40 70 86 64 45 55 26 54 90 2 76 61 65 31 72 74 54 18 53 76 78 4 64 33 9 74 11 46 22 83 38 61 95 57 13 99 99 78 7 62 16 36 39 45 96 10 77 58 24 16 56 59 31 97 93 16 48 48 90 67 33 30 44 25 70 73 26 57 45 76 43 42 12 93 98 17 94 54 56 92 69 1 17 77 88 98 30 78 19 18 22 5 43 45 24 66 52 80 33 5 76 1 99 29 37 90 20 34 50 20 91 47 10 75 88 33 93 21 6 80 96 97 2 3 79 2 49 34 57 20 30 15 90 73 73 12 76 31 95 60 28 98 7 80 26 24 40 72 39 56 88 10 10 7 41 10 81 8 22 30 
61 87 28 72 69 44 69 74 75 65 93 98 76 77 27 74 57 47 62 13 62 86 85 75 57 26 40 85 66 67 56 52 73 56 64 64 73 30 61 20 44 26 75 28 83 77 81 6 76 59 3 81 40 95 1 43 26 8 19 93 65 50 31 20 93 15 58 86 37 16 23 13 87 28 21 68 52 87 31 72 45 26 89 12 67 31 84 75 68 63 85 73 50 27 95 41 47 3 18 43 73 48 72 6 66 2 98 11 27 25 14 59 59 63 4 9 14 74 46 51 27 77 64 6 41 65 99 84 93 78 36 78 9 44 20 11 75 59 92 92 1 9 66 15 3 30 22 89 94 8 70 78 12 56 34 12 35 68 37 73 82 75 59 44 82 78 87 27 69 65 41 48 77 89 95 10 27 39 29 39 33 9 13 85 21 19 28 18 39 32 63 91 63 82 89 65 74 68 97 15 
65 95 6 98 67 83 45 69 74 86 71 24 70 57 63 60 57 66 34 93 42 26 74 74 6 0 76 8 80 21 73 90 38 9 63 28 0 70 95 47 85 79 42 11 54 28 16 46 5 85 20 80 38 12 69 55 50 11 61 78 69 48 44 57 28 83 79 34 43 97 62 82 22 79 91 45 47 66 0 79 87 72 82 60 42 55 82 54 24 16 4 90 59 59 43 15 67 41 72 21 12 46 34 6 83 56 89 77 52 80 14 20 18 79 27 24 71 16 19 14 22 31 48 33 77 61 67 53 52 23 80 65 35 28 99 12 24 35 58 64 21 8 95 17 7 70 56 37 91 89 54 36 63 21 95 34 32 62 59 46 38 85 28 17 49 19 17 44 96 57 72 6 83 92 83 9 56 57 53 71 13 3 97 48 95 64 95 30 71 66 58 31 78 99 60 70 69 31 15 41 
11 40 28 10 9 2 54 97 32 4 22 37 25 83 29 65 95 58 21 28 58 45 39 36 83 17 8 55 60 4 62 64 41 22 6 21 19 12 20 0 28 88 87 87 96 20 1 59 2 77 29 49 33 3 19 44 61 44 87 13 57 46 58 64 91 21 42 26 42 88 29 99 98 3 59 51 1 37 67 95 80 51 66 49 49 76 46 28 80 94 3 92 12 98 75 86 23 7 23 54 85 36 32 62 93 26 35 58 32 60 49 29 58 54 62 59 1 1 76 19 5 73 46 43 53 98 89 61 96 95 91 9 0 87 86 16 57 82 31 87 21 8 8 72 91 12 35 20 66 8 28 42 27 59 57 62 89 51 11 82 95 84 72 30 19 45 47 78 95 9 51 51 17 69 40 93 95 32 22 75 26 98 0 40 34 86 68 55 3 94 23 29 2 24 47 69 51 38 79 91 
10 33 51 41 75 95 45 19 18 2 47 81 51 72 50 86 7 0 62 59 59 61 7 73 60 78 52 15 48 34 9 19 94 57 74 51 0 6 58 67 65 94 54 29 81 24 15 72 21 67 41 29 98 22 52 78 74 58 70 68 8 61 43 20 39 36 50 53 35 86 85 44 71 96 38 56 34 20 27 17 80 62 27 18 71 43 50 98 7 60 11 99 41 51 79 4 66 40 93 93 8 51 36 51 33 76 85 70 80 87 93 61 52 49 97 29 78 58 92 74 55 60 65 53 70 96 62 11 51 88 40 52 19 49 88 8 74 22 29 54 27 52 55 6 30 67 79 64 60 29 44 9 38 18 81 49 91 24 0 2 4 80 47 93 53 96 57 62 14 98 27 96 29 45 91 73 69 46 20 3 72 90 36 61 41 10 91 16 85 96 41 61 27 32 53 13 69 72 94 18 
33 88 54 98 20 21 82 45 86 25 26 67 10 36 9 78 7 93 46 54 71 2 32 31 19 12 88 87 36 22 21 35 8 93 8 93 79 40 48 24 60 60 47 48 19 95 99 1 77 41 20 70 17 67 62 44 37 32 34 29 36 24 96 98 74 91 35 96 27 26 8 6 63 60 28 49 53 27 49 94 17 7 71 48 4 80 19 26 35 24 24 59 31 88 12 18 31 79 73 57 67 99 20 76 63 75 61 11 47 60 41 76 57 32 44 77 51 63 95 90 63 0 14 42 93 56 1 92 72 38 8 4 75 83 46 46 57 78 94 17 42 86 21 60 89 66 71 53 62 38 54 75 65 21 43 78 4 38 62 12 84 27 16 38 11 98 15 47 36 21 62 56 96 61 42 13 95 47 36 15 50 92 27 43 44 97 73 46 94 41 1 25 83 57 59 99 8 28 27 4 
84 73 51 92 8 9 60 96 25 94 79 40 38 40 16 78 68 90 50 95 2 68 56 35 14 86 84 70 81 61 54 32 82 84 35 96 58 55 99 92 86 2 87 80 62 4 91 93 29 70 75 16 45 61 4 4 16 25 90 3 86 46 0 4 73 52 7 12 71 81 54 74 47 93 41 94 3 99 29 56 52 99 0 10 86 55 25 85 89 93 2 32 96 65 76 47 25 27 15 94 78 12 22 10 7 62 5 14 20 41 74 22 52 47 32 80 33 54 3 89 62 0 56 59 22 67 95 18 39 7 22 67 95 33 40 51 26 89 27 17 81 10 73 76 77 72 65 75 2 94 21 82 57 33 15 60 93 1 5 25 38 3 18 66 79 26 9 78 89 6 79 15 70 22 44 89 99 41 9 47 94 7 5 88 61 28 93 88 75 13 94 71 78 78 5 28 33 45 72 94 
46 21 16 31 12 89 73 58 55 9 65 91 16 29 77 56 51 73 20 34 54 81 82 12 8 10 12 40 37 5 40 60 8 98 83 94 46 87 53 70 73 46 53 76 21 56 2 26 5 36 53 99 57 16 60 33 39 58 83 20 84 85 56 59 80 77 76 39 53 96 8 38 11 35 9 77 72 20 76 93 22 34 28 55 53 62 25 74 75 30 49 64 45 35 73 68 28 86 43 79 95 25 69 62 23 8 93 11 13 86 34 77 34 33 73 17 61 26 9 31 84 86 64 77 0 66 43 50 47 98 20 62 10 80 2 1 56 17 16 33 32 48 50 92 34 14 0 38 41 18 12 58 95 98 30 35 10 26 58 98 25 35 30 15 50 70 45 72 19 90 43 76 62 0 62 35 41 77 72 81 66 45 6 2 63 22 40 57 13 23 74 56 83 70 83 35 41 36 35 82 
14 43 58 44 78 4 83 37 4 35 78 15 86 11 98 97 73 30 6 68 92 33 22 63 32 92 37 29 25 48 16 96 43 5 33 16 4 18 93 76 33 14 22 84 32 56 98 4 3 75 56 67 8 0 0 80 44 3 77 77 86 12 0 1 98 18 24 44 5 0 76 60 98 96 60 71 41 16 88 38 31 59 9 59 99 32 78 26 56 89 70 1 18 63 34 10 34 11 10 89 60 76 19 22 66 72 40 32 35 28 49 7 89 99 71 60 84 33 61 10 31 17 38 95 99 4 72 59 99 29 52 19 93 33 11 14 66 17 57 68 9 58 4 45 76 0 28 89 91 11 88 99 61 38 87 59 13 69 68 43 73 26 70 74 36 26 80 83 17 25 65 83 39 75 75 6 16 40 25 74 93 3 41 18 67 18 78 6 90 25 47 10 61 44 32 68 70 77 22 98 
39 67 30 24 10 79 20 34 29 53 26 21 9 79 66 79 28 72 27 16 40 4 37 37 98 41 94 60 87 73 69 18 77 67 13 44 53 35 5 70 63 86 46 67 36 9 80 57 20 96 66 80 14 38 1 88 44 87 67 12 85 30 25 28 2 97 57 39 44 73 28 37 63 2 23 35 80 91 39 45 47 38 15 30 13 23 9 54 23 37 13 60 82 0 61 36 18 9 24 40 4 91 21 56 65 47 43 10 95 31 99 98 10 58 81 72 11 23 95 80 56 26 14 50 33 67 54 73 53 7 32 59 0 16 62 35 67 80 51 95 44 23 87 93 68 0 25 15 99 98 68 38 54 8 39 31 42 80 48 27 32 43 50 45 72 75 89 5 31 13 43 92 4 1 1 29 42 24 91 50 6 76 72 55 26 82 44 65 26 85 59 47 42 85 34 86 77 98 84 91 
80 70 30 81 62 64 7 35 50 38 47 35 46 18 18 15 75 0 68 52 76 95 70 1 28 81 60 49 82 8 57 40 63 59 86 51 14 4 74 22 3 35 45 2 38 46 92 63 97 94 77 96 29 58 39 52 0 63 24 35 31 29 29 89 91 4 29 26 41 53 42 67 74 53 56 96 50 85 12 31 84 44 17 80 35 19 20 49 96 48 41 59 12 53 87 34 72 77 0 9 94 70 55 98 29 13 74 65 63 60 99 42 93 47 21 24 20 84 10 3 80 30 80 6 62 36 89 26 38 98 95 41 73 81 24 2 99 88 9 32 96 57 49 45 3 49 13 25 24 67 73 47 78 23 29 67 92 98 61 9 22 7 62 5 90 14 98 60 8 64 26 26 21 66 22 12 27 79 96 19 29 75 41 37 44 85 96 79 91 59 36 17 79 21 32 58 2 91 97 71 
73 11 45 50 15 38 49 1 99 13 36 81 65 79 85 20 98 30 77 82 30 7 78 39 61 42 95 96 40 69 41 96 9 12 1 53 69 60 36 71 89 44 43 64 3 21 46 69 78 81 19 23 53 26 27 26 17 20 57 90 84 36 58 50 56 66 55 82 87 82 49 28 57 46 18 91 96 72 1 43 62 13 55 59 20 33 18 47 54 89 43 84 59 49 39 10 18 27 16 66 81 55 33 41 57 45 81 95 71 36 27 31 13 52 41 85 68 78 33 1 76 63 69 0 64 26 18 72 28 22 14 5 44 95 99 1 43 79 71 47 4 17 43 8 64 1 17 38 76 42 14 74 48 72 66 27 48 20 61 59 9 99 1 70 47 82 93 57 59 70 82 28 80 14 68 75 34 16 43 97 36 42 46 74 61 98 88 36 33 16 73 48 50 22 79 46 71 64 1 48 
11 89 60 58 93 98 89 23 43 69 99 79 89 21 13 6 39 68 73 64 57 64 62 10 66 3 38 52 7 53 77 71 69 24 2 32 58 34 99 1 3 44 84 44 14 58 70 62 95 26 14 62 0 14 3 74 1 66 24 85 95 61 75 13 96 7 96 19 88 87 94 81 23 9 19 23 71 67 11 21 8 99 91 16 20 13 77 87 59 91 63 80 51 32 92 19 49 57 14 26 85 21 6 58 6 84 76 57 33 55 62 60 50 29 99 90 23 77 37 62 41 2 72 82 68 43 55 25 15 8 80 38 24 0 35 89 49 2 15 93 51 65 24 6 53 75 60 21 88 49 65 94 10 71 86 42 85 0 34 54 74 43 5 42 25 89 20 81 75 9 47 52 49 39 29 16 14 9 76 53 44 43 53 9 19 59 31 17 86 44 95 90 2 59 54 7 89 78 2 39 
40 70 6 29 3 84 17 2 88 20 40 37 62 38 59 52 54 68 77 7 32 84 79 43 4 2 79 1 91 97 93 54 92 34 42 93 30 4 27 31 28 46 96 30 90 6 82 93 61 20 57 51 98 22 62 75 11 69 52 71 87 4 73 75 8 59 96 55 57 7 36 63 44 8 76 99 56 59 17 64 80 17 83 30 68 32 88 6 16 4 61 69 78 25 58 41 91 95 24 32 61 93 61 83 78 42 27 85 1 6 1 80 13 13 59 63 3 49 40 85 41 68 85 88 75 14 35 54 41 96 69 48 24 35 15 31 34 65 91 0 8 49 6 18 90 42 36 79 14 8 71 79 36 3 53 64 34 65 98 63 86 76 1 34 13 31 21 6 74 11 22 31 6 29 39 46 3 22 60 13 17 11 34 17 13 66 17 37 56 29 1 82 15 58 66 63 33 50 34 29 
56 98 97 74 65 18 82 87 38 84 53 42 77 57 55 15 74 2 45 53 87 30 45 83 80 14 69 14 38 93 13 48 68 88 12 67 75 53 45 21 77 44 0 82 69 14 94 48 25 30 29 7 18 84 93 89 55 35 2 8 91 22 23 30 56 99 50 47 64 68 81 89 95 98 33 56 81 78 85 81 58 89 76 57 18 47 83 53 18 27 41 4 36 39 28 71 66 90 49 37 38 33 78 87 29 26 3 29 9 45 90 37 31 33 84 75 33 99 53 15 68 41 49 7 62 2 64 56 2 8 63 90 19 14 60 98 14 88 88 72 98 47 19 97 62 1 67 74 22 60 12 74 70 49 44 89 64 9 71 93 26 47 1 41 3 77 19 3 6 64 78 66 35 44 42 96 98 9 62 70 22 10 40 50 78 36 60 1 54 22 88 81 36 18 27 92 32 53 54 33 
97 46 54 62 21 64 35 31 80 25 57 90 79 97 17 60 83 0 22 99 88 99 64 45 51 45 20 23 28 41 62 49 36 42 48 89 62 0 80 86 11 33 59 99 55 70 95 72 94 94 37 48 31 67 11 96 92 36 50 23 54 35 83 67 66 76 12 47 52 42 28 36 23 65 66 73 54 71 29 81 57 14 3 52 95 50 81 7 65 15 39 84 55 98 89 58 63 89 53 43 23 47 62 50 72 69 24 91 22 13 76 4 39 77 2 23 2 4 62 5 49 86 60 73 18 58 88 18 92 35 60 93 53 8 39 15 15 9 34 41 89 41 32 53 8 77 68 11 54 53 45 44 41 73 9 35 43 75 27 4 16 20 49 22 64 11 87 16 99 29 52 52 27 61 93 91 89 28 23 47 62 85 24 33 39 13 66 49 6 5 87 60 27 62 16 58 28 78 97 20 
69 25 17 28 18 51 27 74 69 56 7 61 51 52 29 38 66 88 30 40 0 8 21 53 42 31 13 72 19 96 39 92 27 42 23 44 24 18 69 87 32 39 18 29 87 42 93 51 74 3 59 72 56 40 18 12 76 45 44 9 99 48 79 20 75 70 52 85 85 65 29 98 23 3 3 1 20 39 88 87 12 75 23 80 87 90 69 85 1 38 0 21 36 88 90 43 41 87 69 42 51 66 13 70 13 90 61 62 74 28 85 51 55 34 83 12 15 12 69 47 58 93 58 67 76 31 12 65 79 47 94 80 20 92 38 88 2 55 13 11 51 23 61 6 3 66 87 86 10 27 81 94 74 6 50 47 45 93 57 43 7 92 34 38 63 11 83 31 86 38 35 17 65 42 97 5 25 98 98 27 52 20 42 83 9 25 60 2 46 90 73 93 73 8 83 65 69 59 70 64 
90 95 51 59 44 63 7 60 12 77 38 70 63 9 88 94 19 14 56 12 96 34 43 55 47 69 51 45 33 72 21 78 29 62 76 55 22 68 11 38 52 1 45 88 49 12 27 94 85 49 97 0 85 5 88 23 99 26 39 41 95 46 61 90 52 59 11 61 17 35 63 64 26 77 12 64 22 12 2 12 18 26 24 27 20 47 32 20 92 15 99 54 11 17 18 72 98 54 40 46 89 74 58 53 80 1 51 52 40 88 95 99 55 21 1 64 14 72 35 24 19 52 35 59 78 14 92 87 71 31 71 82 8 64 87 14 85 81 93 80 77 22 20 64 31 58 44 88 65 89 93 67 63 73 75 73 39 67 51 20 99 90 96 16 92 44 51 42 42 41 92 21 44 29 30 39 74 13 21 83 8 72 73 46 8 26 26 87 14 5 98 50 79 48 27 37 68 92 18 26 
45 21 50 51 38 17 85 79 4 75 23 40 63 62 13 41 94 75 57 30 4 57 42 46 94 67 95 40 77 47 23 77 17 77 60 21 62 66 40 64 42 14 24 91 23 0 15 27 26 0 84 10 84 49 28 67 60 61 21 94 2 13 44 32 10 81 66 88 64 52 93 99 99 88 86 78 63 24 24 1 35 97 79 2 10 7 33 94 54 92 41 75 71 30 55 83 37 85 32 87 40 83 10 80 83 31 58 10 99 72 51 19 50 79 98 94 15 89 80 35 79 38 83 34 92 3 5 81 37 94 41 23 63 99 92 59 95 97 7 78 96 79 14 92 89 4 84 79 46 21 52 21 3 25 23 95 18 98 78 99 15 90 99 12 16 76 79 10 66 52 55 75 61 48 95 56 38 49 70 93 55 22 40 72 87 63 24 23 44 52 26 36 65 75 28 37 96 19 11 68 
20 14 76 4 78 13 51 40 9 39 72 7 15 16 37 70 86 11 40 90 47 65 72 13 49 99 5 30 73 30 99 23 9 50 63 7 79 9 6 92 36 48 26 6 1 22 7 80 16 40 73 43 9 70 78 45 51 60 94 92 1 14 61 55 18 40 32 0 73 68 20 23 25 66 88 78 73 30 82 65 90 8 48 3 32 33 70 1 85 4 42 99 44 76 11 5 87 48 83 9 79 86 93 30 4 96 1 86 31 87 97 7 14 86 72 62 24 84 17 41 97 29 55 2 40 46 38 69 86 53 36 63 30 95 24 68 27 61 63 34 24 81 93 82 91 62 47 22 71 53 19 84 90 46 87 58 11 94 97 98 49 86 30 0 1 91 18 86 48 31 20 99 75 61 79 87 82 4 19 26 39 2 83 71 29 83 47 99 89 18 54 37 3 20 58 36 80 2 15 19 
14 57 9 1 89 41 65 46 13 64 93 56 40 57 51 69 9 15 31 96 12 84 67 53 68 84 69 87 99 88 91 96 66 39 86 31 80 70 99 70 3 79 57 37 60 48 33 67 50 4 54 29 70 23 6 39 29 86 24 48 39 10 94 37 71 29 58 90 75 60 35 31 64 27 55 64 33 66 78 12 73 89 18 83 94 63 5 11 29 50 14 19 51 90 39 49 97 59 55 18 75 92 27 23 41 77 15 42 70 35 38 9 84 26 77 22 61 0 72 72 77 49 42 9 3 21 80 33 0 9 23 94 66 76 65 31 37 42 52 50 28 79 1 53 61 24 40 77 26 94 49 22 71 73 67 34 76 60 39 12 69 43 31 74 7 22 11 30 48 52 3 41 74 86 22 97 36 1 67 25 21 5 82 15 9 91 34 49 25 94 41 67 19 73 99 87 2 40 30 54 
3 52 88 74 52 12 99 17 40 94 74 81 58 93 53 60 47 92 75 19 50 10 49 69 59 96 70 37 4 72 85 91 89 71 83 50 54 77 26 12 29 23 92 2 58 14 48 28 3 43 42 47 32 98 97 15 95 86 2 31 72 56 18 90 22 20 16 77 49 1 4 75 23 25 11 52 56 24 56 44 59 95 70 78 62 72 51 24 93 36 77 22 14 2 99 23 79 54 66 2 84 68 36 85 35 14 69 2 65 15 32 27 23 18 20 63 76 54 16 73 49 91 28 1 46 45 41 17 67 19 70 82 47 63 64 83 40 24 27 28 39 72 42 15 29 91 37 63 19 59 68 62 81 38 7 33 65 57 20 25 86 70 48 12 79 0 94 64 42 37 33 51 49 49 48 40 11 14 47 10 86 3 51 18 79 84 89 57 78 74 88 58 65 79 40 29 59 97 43 81 
6 83 50 31 40 0 51 91 60 66 70 11 45 34 45 54 51 19 0 86 6 64 64 49 59 2 6 12 11 0 23 14 23 9 0 67 70 75 23 80 97 45 76 14 44 64 69 9 39 46 50 8 76 63 70 90 20 43 94 10 8 23 22 62 17 42 21 68 41 24 72 10 5 62 55 77 12 41 76 48 77 84 8 50 64 35 64 28 28 86 3 19 65 76 96 49 0 96 6 46 36 97 6 10 60 78 17 57 84 77 22 59 96 3 58 81 90 48 43 35 92 35 18 34 42 5 0 29 21 62 67 92 12 76 72 96 2 67 24 61 77 81 71 85 53 86 40 76 19 98 71 44 47 6 47 31 44 21 0 3 47 16 67 34 7 8 55 42 96 90 93 31 85 95 15 26 35 1 10 52 94 50 15 39 90 67 50 56 54 32 26 38 15 82 96 9 37 5 7 83 
37 19 91 19 14 96 89 11 22 64 15 32 67 30 17 99 11 67 2 98 0 77 10 56 52 0 20 29 92 78 52 73 81 46 76 82 80 25 30 56 58 71 52 13 75 3 47 25 68 0 41 52 55 66 94 65 14 94 0 9 46 41 82 93 13 44 22 20 13 20 43 68 12 70 5 34 57 26 18 8 73 83 13 20 1 70 49 70 53 32 80 10 14 1 92 14 80 63 26 72 51 87 37 76 83 90 14 9 38 61 78 1 4 77 27 10 5 61 54 31 82 39 92 31 93 35 15 64 86 77 68 19 14 96 91 3 63 9 67 87 16 98 42 8 31 92 7 43 36 44 22 31 40 13 83 9 85 49 87 29 68 36 16 12 96 53 56 62 77 20 75 30 37 60 0 60 54 90 64 75 48 85 37 11 32 7 27 28 76 84 80 51 57 10 57 16 39 57 79 89 
72 68 3 6 24 38 6 46 67 46 96 37 4 21 19 34 52 90 46 7 62 12 34 30 77 14 69 30 62 11 85 43 61 75 35 22 46 86 89 77 92 83 53 2 80 52 91 25 94 76 17 74 82 37 29 91 49 16 42 67 30 81 66 76 14 83 39 59 46 59 77 90 80 11 40 81 61 47 47 95 78 31 4 98 20 32 12 81 52 27 93 7 50 66 14 62 33 82 39 9 16 9 70 44 44 17 81 31 10 0 81 49 50 2 54 23 40 95 0 6 62 81 54 41 10 98 28 66 81 10 10 99 24 88 35 56 23 41 52 43 39 45 94 78 56 52 73 32 19 64 49 27 51 89 44 34 7 73 42 47 47 54 50 1 19 48 50 69 17 35 84 54 1 76 22 72 31 59 15 82 72 69 15 98 52 47 73 25 51 55 94 46 50 17 73 92 92 37 85 12 
90 3 27 3 27 59 0 0 76 86 21 5 67 48 57 63 24 99 99 59 64 4 89 6 70 85 48 92 12 39 53 77 35 97 83 12 29 85 42 32 50 41 23 40 76 96 9 58 56 38 67 55 46 49 39 85 16 93 99 24 94 67 6 75 35 17 41 98 60 13 90 24 77 16 0 31 88 77 1 38 31 38 45 42 72 80 24 35 55 89 65 57 98 35 91 11 7 80 44 27 55 73 25 56 5 19 90 99 3 86 70 87 61 56 85 51 98 58 59 2 19 41 76 63 60 88 98 44 89 84 90 39 58 52 67 30 47 74 11 40 95 21 24 46 50 0 58 27 92 40 97 47 0 29 46 56 65 39 53 95 56 10 25 77 57 10 36 13 42 21 8 85 86 41 70 43 35 27 25 18 99 80 62 96 87 50 76 59 4 62 81 3 1 55 19 94 21 67 55 19 
27 12 5 79 43 6 90 33 11 71 62 79 42 4 46 65 27 82 22 66 17 3 14 37 22 97 94 18 61 47 53 61 61 19 86 69 11 76 30 61 34 54 69 75 89 62 77 90 64 54 55 14 53 0 51 52 6 66 23 80 70 34 94 38 4 95 82 12 76 39 11 94 57 78 30 41 53 44 55 2 3 42 73 78 43 63 98 98 33 36 1 56 15 16 78 74 40 6 83 72 8 56 53 61 27 29 17 90 25 1 47 85 43 75 18 11 23 31 61 76 15 1 46 28 8 78 41 51 18 38 27 20 19 45 16 77 52 38 85 42 73 48 26 84 13 59 95 4 13 7 49 84 93 36 20 49 41 70 23 74 45 89 75 0 32 95 27 51 1 89 15 20 45 7 32 99 99 84 20 54 74 97 10 74 67 97 48 86 19 9 67 6 57 77 7 65 47 27 51 79 
40 13 3 92 34 57 45 89 23 24 69 68 50 36 92 89 63 24 2 72 89 76 18 69 55 28 22 75 12 59 89 16 28 24 33 31 75 46 76 3 60 1 33 91 23 60 14 62 7 4 10 22 75 85 28 3 62 92 74 29 20 45 79 42 50 53 41 21 85 22 79 12 87 86 25 47 91 37 66 53 82 75 51 50 82 50 81 45 34 96 1 36 70 31 93 95 92 8 50 13 55 97 72 13 3 31 77 27 29 99 6 9 69 25 58 16 93 49 33 55 19 84 28 76 78 71 77 32 61 53 37 40 89 83 48 61 72 71 77 68 57 47 31 2 74 20 52 21 0 60 7 80 30 83 35 72 69 44 77 8 66 28 66 1 39 25 99 1 19 92 61 45 40 75 5 29 36 77 38 37 76 94 68 61 70 3 53 84 81 29 10 61 1 62 85 77 30 97 20 33 
62 61 21 7 53 16 95 78 16 64 75 11 35 91 12 61 8 67 36 53 29 76 28 59 0 93 30 84 69 40 81 84 52 90 36 77 85 30 7 92 8 29 10 32 76 95 75 69 71 15 86 87 38 28 55 91 51 10 56 45 72 31 48 3 62 16 71 56 34 82 83 40 31 5 74 95 68 9 93 29 47 4 28 37 82 29 51 5 68 22 73 60 68 8 30 65 30 13 42 11 78 62 32 14 33 34 20 1 97 43 9 44 56 4 74 96 8 55 43 36 2 47 43 70 64 77 35 99 87 14 89 91 5 32 70 29 59 82 52 62 58 33 33 38 79 68 56 95 45 50 65 81 90 23 79 87 76 40 7 28 93 95 36 48 81 47 13 93 12 59 62 93 24 49 43 33 87 0 21 75 99 86 19 91 1 68 84 67 37 71 97 65 5 85 58 73 52 66 80 3 
92 59 62 86 81 96 60 98 16 53 43 84 21 71 42 43 0 84 12 68 18 69 55 45 38 26 20 71 41 79 96 15 60 57 15 74 59 6 67 67 99 57 44 73 4 78 77 68 11 22 5 61 39 1 71 61 36 75 6 45 81 41 89 72 71 44 39 93 34 47 90 96 91 98 1 6 90 9 70 27 20 13 56 88 65 37 34 33 72 41 84 80 87 4 19 79 9 94 72 58 57 88 87 65 48 38 10 84 98 69 99 32 77 39 45 65 3 8 8 32 13 79 14 0 47 56 22 27 86 98 71 90 92 23 56 41 51 27 54 19 56 27 85 22 21 31 8 17 41 78 88 27 23 28 68 64 66 81 98 1 43 24 79 80 83 54 27 52 75 28 3 58 73 85 80 93 93 1 97 8 75 11 44 5 23 10 45 44 54 31 54 76 47 96 94 33 51 7 36 19 
24 16 79 94 0 9 8 99 56 77 51 9 86 3 78 15 0 92 58 53 6 90 31 17 63 82 98 89 27 48 57 82 67 57 91 91 37 66 65 81 38 71 99 1 57 50 31 25 66 62 79 75 91 70 41 80 78 34 60 31 55 68 96 40 95 58 3 88 25 19 78 78 27 7 86 35 57 77 47 30 30 20 28 1 55 23 68 76 48 52 72 16 55 26 35 50 64 79 26 29 51 34 16 12 8 30 9 72 28 78 5 50 94 82 12 0 61 93 28 78 85 20 74 75 64 52 20 91 90 92 66 3 79 6 47 31 24 62 91 80 60 78 55 26 89 80 97 75 9 93 44 77 66 3 30 45 89 1 68 4 54 57 41 38 21 31 79 44 15 44 35 66 21 34 83 58 8 30 61 11 52 1 5 62 94 15 55 37 23 65 34 49 27 10 28 65 98 69 88 79 
82 97 68 15 53 36 46 37 37 28 5 28 81 95 7 72 1 54 50 72 97 64 76 77 78 75 55 29 41 80 17 59 20 59 67 46 50 74 36 12 59 86 85 53 36 81 46 8 12 30 71 9 91 54 56 32 1 21 34 77 31 56 19 93 54 84 64 91 44 66 81 18 18 0 8 91 66 5 58 94 50 73 26 17 97 55 35 15 23 66 0 34 87 21 10 52 2 6 79 56 13 34 80 52 51 15 0 85 34 69 78 77 31 57 11 0 16 55 49 50 93 47 75 96 45 99 46 61 78 11 47 15 19 97 3 2 57 85 43 84 12 51 79 93 64 44 5 77 27 71 66 52 61 81 97 34 49 79 19 3 89 66 94 56 61 70 20 43 32 24 70 15 85 86 74 40 24 73 9 33 23 85 61 26 2 98 27 92 92 47 56 19 40 86 30 72 20 7 72 75 
65 86 33 75 47 46 40 35 43 36 79 67 38 82 76 68 84 84 45 91 5 92 91 41 94 37 20 27 23 55 39 60 7 13 40 71 9 99 60 25 50 72 87 16 54 11 25 65 39 66 82 23 36 99 54 24 11 66 47 64 38 62 32 7 34 23 82 48 20 49 21 40 67 35 61 55 99 18 21 61 60 59 60 87 78 18 86 13 12 1 81 63 82 8 73 95 91 90 40 62 78 96 78 72 49 96 81 37 75 17 20 57 71 57 17 92 98 3 27 11 11 54 13 46 45 73 12 18 77 1 46 72 58 72 56 70 5 75 78 22 64 86 41 13 82 7 46 86 12 32 52 47 55 53 18 42 1 1 74 96 88 88 52 15 13 45 51 74 45 40 41 41 94 71 78 76 75 65 91 56 77 23 11 36 45 74 93 54 66 5 19 74 49 39 98 30 41 43 63 79 
4 76 42 34 35 47 57 55 21 75 51 98 64 23 18 55 51 42 54 60 99 59 10 87 14 18 40 38 52 67 24 5 14 81 41 83 5 58 79 45 53 29 80 85 89 44 94 3 32 99 36 8 40 4 49 29 30 41 57 58 66 7 73 66 32 72 49 41 63 76 44 35 66 99 80 25 44 98 95 69 44 66 29 27 5 49 2 13 6 40 14 91 49 28 51 59 13 78 32 71 86 9 24 36 16 73 76 37 2 29 48 33 40 84 75 13 23 32 10 18 12 27 63 72 79 91 70 47 5 81 8 75 21 97 90 85 87 59 80 78 10 81 47 66 99 39 35 5 1 95 49 69 47 34 40 50 44 86 10 44 17 75 50 29 64 44 23 74 28 41 56 15 33 62 26 97 93 69 25 52 55 4 99 93 71 38 5 9 42 39 55 90 88 38 82 50 23 54 4 86 
10 24 87 21 74 12 86 77 59 24 13 41 18 33 39 32 73 97 65 76 55 41 92 50 50 32 15 98 51 63 78 30 37 90 79 44 49 71 99 83 60 42 18 65 29 17 91 90 68 56 53 52 71 80 11 12 64 95 15 68 43 71 4 37 6 9 54 3 22 47 41 14 20 37 18 27 72 87 73 28 68 40 85 12 56 11 38 87 53 57 64 68 7 82 69 28 8 27 21 26 34 77 55 95 60 43 71 4 47 81 46 62 78 87 97 69 92 24 70 80 33 89 35 44 64 61 0 18 63 14 12 18 68 95 90 74 27 75 26 44 95 62 69 35 1 91 13 83 34 2 6 14 17 47 84 82 77 70 26 8 20 12 74 19 88 6 31 54 65 29 15 38 3 62 8 44 29 87 9 13 87 65 84 42 44 3 87 10 23 11 47 62 54 87 45 48 3 79 63 68 
42 85 25 19 36 77 29 80 23 62 48 31 62 65 6 72 50 77 43 29 88 78 31 27 37 18 15 94 64 45 13 99 59 39 66 90 69 39 6 56 98 90 43 82 51 50 17 35 63 73 34 14 38 1 18 16 2 97 57 57 67 71 8 92 43 99 60 64 58 40 41 7 2 18 34 18 58 36 61 19 76 7 62 50 16 7 15 24 8 35 35 8 25 23 75 82 83 61 88 60 67 9 46 30 75 18 73 30 64 72 54 5 40 15 84 25 79 55 35 44 11 26 64 59 89 64 83 26 61 97 50 39 9 4 3 45 90 70 35 51 28 68 48 65 36 81 76 70 26 39 26 55 95 41 78 63 23 90 68 75 55 68 66 36 39 50 27 23 74 74 18 56 22 73 62 90 6 2 33 22 33 82 72 30 5 40 67 16 7 28 70 34 5 44 39 24 57 8 37 69 
88 78 0 26 27 32 89 33 88 92 72 28 25 76 29 28 80 60 4 17 26 76 65 99 46 82 62 55 8 28 22 2 19 46 50 81 38 19 89 37 46 48 62 73 68 9 53 2 89 23 17 43 15 57 64 93 38 87 15 48 15 72 10 39 15 22 24 16 27 12 94 67 6 83 89 85 9 1 71 64 26 98 54 9 19 31 53 93 41 77 94 36 46 22 61 19 52 71 93 4 43 17 4 15 58 23 62 27 69 76 80 45 17 73 82 4 25 91 46 34 72 90 87 22 82 68 6 35 71 99 87 84 49 44 22 92 50 14 8 11 54 50 16 38 82 49 55 60 33 23 67 77 45 77 30 51 46 29 50 42 3 35 84 8 49 64 90 39 92 47 45 82 7 44 47 22 31 40 79 12 23 84 74 69 3 1 78 74 6 52 98 50 76 20 53 70 96 17 14 83 
58 98 71 32 56 40 80 38 10 84 83 8 52 62 98 87 79 84 80 84 79 59 88 92 79 45 46 32 85 70 11 77 47 54 7 56 34 87 25 81 87 59 11 97 55 78 66 95 7 53 96 49 19 97 0 26 63 81 35 34 24 29 60 64 56 57 61 23 24 70 60 72 92 31 62 43 12 50 47 48 46 56 46 8 1 46 48 36 40 18 15 89 65 29 19 45 8 94 93 13 86 67 70 55 87 79 26 41 80 64 13 91 49 89 66 42 70 54 50 93 19 27 31 53 37 38 38 11 19 37 82 41 89 92 71 29 92 30 5 36 62 2 4 27 99 32 43 6 20 1 59 94 99 59 15 85 51 21 47 43 37 38 29 67 48 24 54 22 89 30 92 8 38 82 63 85 40 77 58 97 22 32 0 27 76 52 87 85 24 44 72 49 3 65 87 92 91 6 77 16 
56 6 35 12 69 51 72 48 8 68 71 18 93 21 98 3 10 89 51 67 22 72 77 24 52 70 62 88 23 16 2 84 32 98 29 76 90 88 45 25 40 29 66 78 59 81 84 22 54 38 67 77 56 33 0 21 17 86 46 2 27 97 26 89 50 66 28 5 17 75 71 48 95 37 11 29 26 52 24 45 55 79 10 39 11 60 11 51 20 59 85 23 63 89 85 53 4 82 70 43 42 23 38 72 30 46 29 62 78 43 56 56 22 44 49 18 53 43 52 51 52 22 77 78 39 32 82 88 53 70 12 41 6 76 5 45 95 61 30 9 9 92 82 26 26 81 0 17 61 12 65 76 90 56 43 4 72 66 27 95 46 66 98 24 56 10 70 72 4 71 72 43 61 73 15 88 63 19 99 85 87 57 66 47 48 87 19 44 57 95 62 70 97 91 28 91 21 69 31 81 
97 46 40 44 18 20 98 29 97 68 6 38 36 40 5 67 61 29 65 47 35 23 0 92 45 15 49 15 40 57 89 23 8 72 1 67 6 7 49 62 13 89 64 71 15 47 37 2 97 41 25 41 25 86 61 6 94 87 3 76 29 19 84 7 35 48 77 73 71 33 18 91 62 59 2 85 48 72 49 5 48 30 62 53 55 52 29 75 41 12 8 29 84 89 56 69 37 93 74 30 96 34 26 75 56 0 72 87 3 66 2 90 39 58 62 92 1 58 28 88 9 68 45 2 46 72 84 64 99 73 21 81 46 9 65 30 0 90 42 26 61 53 28 93 54 96 63 69 16 98 17 24 54 89 42 64 66 9 50 40 36 3 98 42 96 92 31 2 61 15 4 58 77 49 91 5 35 68 86 73 99 41 93 88 57 90 14 59 40 98 4 70 24 11 73 38 98 14 20 84 
35 17 34 46 88 42 26 79 24 10 42 95 90 84 88 40 61 98 67 34 9 77 67 50 0 45 98 65 52 71 99 35 79 47 59 26 41 16 75 55 56 78 65 40 78 89 6 63 2 95 87 50 60 76 62 31 30 33 80 30 67 59 41 69 44 76 28 11 92 19 44 64 60 8 33 48 94 54 51 1 81 72 51 71 57 65 19 26 9 19 81 78 98 75 50 22 78 22 13 53 13 35 14 30 94 84 51 34 82 70 30 20 56 41 55 0 9 38 32 2 22 63 43 28 10 9 6 55 53 88 34 75 85 44 64 98 77 74 43 91 99 65 24 41 86 26 46 17 3 97 71 16 55 5 34 9 82 90 53 88 42 22 66 46 35 95 16 40 90 94 17 14 8 98 13 47 52 35 62 11 35 1 34 52 19 6 8 53 34 42 74 28 40 56 71 5 31 30 20 15 
43 44 69 76 89 95 49 40 32 92 21 74 86 14 97 49 86 36 36 3 34 58 91 75 8 6 31 33 26 62 6 76 3 5 14 52 30 43 20 84 69 37 32 41 74 96 70 3 25 84 9 7 95 56 58 23 65 69 79 18 43 36 64 99 38 3 53 99 0 2 49 64 27 22 91 21 34 7 32 3 31 91 40 55 72 30 0 81 27 23 3 23 91 58 59 15 73 56 78 40 78 56 66 56 71 19 78 61 75 71 30 93 28 39 61 76 33 98 48 92 2 29 78 17 84 6 58 48 63 54 61 12 21 61 97 27 24 81 92 54 87 80 17 8 1 34 56 9 59 14 0 82 99 31 98 75 52 19 99 79 24 75 30 87 95 70 47 1 7 42 55 27 5 58 49 9 97 91 96 32 72 97 58 71 13 58 41 49 66 36 88 80 1 14 0 80 51 33 15 28 
30 20 41 54 73 94 49 12 24 45 7 29 43 63 59 4 76 80 44 33 79 63 2 46 65 74 72 48 10 67 79 78 71 13 75 44 48 74 15 24 19 46 31 93 85 31 79 81 41 91 91 89 86 3 21 30 16 17 66 18 10 24 77 47 34 3 5 51 33 19 77 41 13 25 33 23 24 83 62 25 27 29 22 89 27 60 61 7 18 46 90 31 98 85 58 56 81 88 30 35 72 82 0 88 98 62 97 29 95 66 24 21 78 84 64 14 22 70 73 46 60 49 72 26 34 96 38 16 74 82 36 27 58 81 92 77 94 53 26 56 15 28 12 72 3 59 62 20 36 97 15 70 93 66 24 60 55 39 69 29 32 12 29 36 26 66 25 11 86 10 10 94 11 81 83 11 69 74 16 98 40 45 77 96 98 13 77 21 44 25 39 84 40 22 34 78 24 20 11 15 
49 93 59 39 51 38 93 57 72 96 78 84 91 10 56 28 82 94 88 76 25 97 39 99 73 39 31 39 45 22 93 76 56 78 2 27 19 73 70 87 4 79 20 88 52 25 16 97 13 93 61 33 38 1 35 14 71 73 51 50 92 58 92 35 6 25 55 33 76 31 42 5 18 22 34 59 99 52 92 56 23 43 56 37 68 44 53 61 67 47 80 81 13 3 92 24 27 74 21 77 29 20 76 2 29 73 31 88 52 52 58 16 5 58 84 12 75 34 97 90 87 1 88 9 69 69 49 66 75 50 90 16 26 49 9 95 46 97 8 5 12 90 84 78 10 3 47 18 97 79 73 16 25 60 0 17 62 36 59 73 35 87 68 50 96 88 14 91 4 8 53 14 22 24 51 1 54 59 59 57 52 83 52 41 65 58 96 34 79 12 13 87 86 79 52 50 46 79 64 87 
3 67 66 96 70 80 71 70 82 20 29 8 71 86 13 25 50 84 36 87 45 73 80 97 68 56 90 65 28 88 42 6 3 54 75 35 25 16 95 57 97 32 13 53 59 24 37 50 24 6 7 21 66 59 29 26 50 76 50 14 3 57 27 25 93 62 87 26 62 90 45 57 31 53 90 48 34 33 40 25 19 45 47 79 93 78 29 15 63 37 87 26 14 85 38 16 56 33 67 70 5 57 43 62 13 61 58 63 94 49 42 81 36 99 42 86 22 34 91 99 63 25 75 36 45 8 96 70 68 92 67 38 22 72 82 82 98 79 99 31 15 5 66 7 30 18 73 66 26 0 58 0 38 3 8 53 61 57 61 39 2 48 87 83 26 57 58 86 70 15 86 3 47 67 6 82 57 0 68 58 56 10 13 66 69 87 99 61 36 34 61 32 61 56 87 93 9 63 39 1 
73 24 43 28 57 68 24 44 98 27 42 3 8 70 5 70 0 9 84 15 93 2 92 13 37 19 7 63 37 78 92 45 16 12 46 5 86 5 53 85 28 62 33 84 59 78 90 8 33 13 14 15 93 25 21 5 91 95 10 65 24 50 91 58 67 66 58 0 87 41 61 58 19 48 63 94 92 4 24 31 34 27 31 67 82 99 53 21 38 51 13 8 97 31 78 73 52 54 97 21 61 71 87 39 35 47 41 96 7 46 34 52 30 31 61 80 79 53 28 33 26 7 84 80 24 2 98 78 33 65 65 17 52 89 41 91 73 38 63 63 45 2 86 38 77 81 49 77 52 13 90 68 63 31 79 72 54 77 99 20 61 61 83 48 78 90 33 39 21 9 8 7 93 3 10 14 24 89 95 16 78 4 19 10 18 39 37 17 46 37 32 35 16 63 31 73 9 65 80 30 
61 4 82 47 15 77 11 96 50 43 19 65 44 54 30 4 22 95 24 54 5 94 87 53 7 99 68 1 88 72 98 69 71 79 71 80 24 88 61 55 28 52 92 1 19 52 12 14 68 83 86 32 45 93 54 55 5 54 44 75 72 2 75 52 26 6 16 37 39 96 3 23 56 70 7 4 13 20 17 99 42 31 56 7 28 44 94 88 74 22 61 48 28 43 2 94 26 73 77 95 60 61 51 22 0 35 9 97 52 16 41 72 95 87 58 38 94 89 71 82 75 49 40 80 68 83 40 75 68 17 38 69 99 7 51 93 16 33 95 45 68 26 12 4 0 43 95 29 21 3 52 93 63 29 57 38 16 78 85 28 75 24 30 84 77 26 24 75 54 34 84 83 75 4 62 60 99 12 33 26 43 93 75 70 18 40 39 94 73 45 73 9 0 63 43 67 61 74 58 25 
64 88 83 24 63 33 90 24 55 52 82 42 63 33 78 17 53 40 36 1 54 70 72 1 89 83 47 59 99 75 45 62 54 97 79 19 3 1 5 7 32 5 43 72 34 94 6 97 7 39 78 11 84 2 90 77 52 18 71 36 12 82 12 92 58 76 17 61 8 56 79 42 51 93 36 46 51 12 39 95 80 24 90 55 29 94 2 65 25 82 95 85 35 49 25 79 42 89 97 18 69 13 92 88 63 26 1 4 86 59 25 54 1 71 44 2 7 24 21 84 6 74 18 31 17 93 50 80 65 84 67 29 22 22 23 61 80 22 29 91 96 35 84 43 93 0 32 32 78 42 63 14 21 37 26 9 12 3 92 39 16 57 31 75 51 30 58 67 43 55 69 63 39 8 39 18 40 47 37 27 8 94 80 20 25 37 57 24 26 26 58 27 74 20 44 11 49 82 83 68 
86 76 18 79 62 78 47 62 22 0 56 14 83 58 96 98 35 49 72 27 70 45 26 37 19 33 19 34 19 88 55 84 40 89 61 75 46 77 72 79 48 27 46 59 63 12 66 27 26 1 83 71 73 42 10 89 87 72 84 79 78 61 34 96 62 42 73 61 61 37 78 66 53 44 9 35 50 66 55 48 70 33 54 88 70 32 92 53 79 29 87 91 85 9 84 4 6 71 77 18 46 86 0 79 2 87 73 89 30 63 59 24 67 5 36 45 77 26 58 68 58 12 0 53 80 9 4 99 51 56 84 5 57 89 44 25 17 69 16 42 98 11 82 12 82 89 2 87 87 70 64 84 44 78 42 91 47 99 31 33 42 97 59 84 27 72 48 77 56 88 4 57 91 82 92 56 34 9 44 33 3 75 72 86 90 97 59 2 15 20 37 80 13 6 22 95 31 29 93 22 
99 57 90 3 28 16 64 23 44 1 38 40 77 85 76 9 75 26 9 28 23 45 98 1 67 47 41 83 25 86 91 81 20 73 10 55 37 17 12 41 23 53 16 7 69 72 42 13 71 34 9 13 87 77 94 55 25 97 76 0 10 1 94 58 61 47 92 98 26 57 78 27 79 34 62 7 52 49 4 88 83 72 26 80 8 19 4 52 81 82 34 73 97 65 53 84 86 70 12 56 80 4 15 21 80 62 11 55 9 50 3 40 38 43 82 90 88 41 50 96 46 47 16 71 42 33 61 80 89 20 33 28 30 26 43 22 91 39 88 72 37 84 78 69 64 97 51 11 18 10 18 80 36 49 71 33 14 95 10 93 60 20 9 19 48 60 17 87 71 11 5 86 6 55 43 68 78 65 94 86 91 26 33 88 20 94 32 8 23 70 96 24 82 45 42 76 23 36 66 60 
4 80 22 32 38 0 44 16 63 31 59 31 85 20 91 27 1 8 94 87 96 78 19 68 0 85 57 84 18 20 51 43 7 92 90 19 29 21 34 19 27 22 46 3 19 26 87 98 39 94 64 31 98 39 83 74 89 43 97 6 9 74 38 67 23 9 79 98 85 20 65 6 74 20 7 2 58 7 59 56 26 7 37 12 47 69 23 49 81 7 92 75 17 32 95 14 88 78 43 94 92 95 29 31 5 20 49 63 13 60 73 14 79 49 98 73 66 52 52 94 8 81 92 35 41 20 96 61 2 59 27 2 50 16 86 70 11 99 2 35 36 43 6 43 14 39 47 35 92 36 46 97 27 81 66 33 57 32 15 7 94 27 91 31 65 78 99 59 17 83 40 69 27 85 34 4 37 13 40 53 3 1 89 37 57 44 38 61 54 31 66 73 83 44 51 93 59 12 69 21 
70 13 99 58 31 46 36 49 50 19 84 96 97 64 65 19 79 84 16 49 99 5 27 42 22 49 74 39 63 48 32 72 82 13 65 6 71 51 30 53 84 89 45 71 10 35 93 2 35 66 64 34 68 81 51 51 54 66 49 98 22 49 60 53 93 60 9 52 11 90 34 85 68 39 33 91 88 91 34 7 95 6 29 31 18 49 25 95 19 36 52 37 55 75 65 60 4 4 90 12 32 20 37 32 84 33 17 80 61 45 48 73 59 1 48 22 51 32 75 59 85 9 43 33 30 18 22 48 10 86 53 76 57 30 67 43 18 47 53 97 1 4 31 69 50 61 41 67 78 18 27 55 17 58 2 65 23 38 84 26 3 59 98 73 86 7 52 57 46 14 80 78 90 75 87 50 91 16 52 3 56 60 46 14 2 35 65 94 59 59 67 65 68 26 41 42 0 70 55 3 
39 72 60 37 90 36 15 98 1 9 73 2 55 44 64 61 28 77 51 79 69 70 95 58 84 2 53 60 22 73 82 33 29 18 71 19 9 90 25 50 53 63 19 79 54 55 85 11 8 98 33 93 2 61 92 20 59 89 28 46 88 67 35 90 12 93 50 55 61 8 59 68 21 56 91 91 77 77 48 37 85 0 39 16 76 53 85 60 98 38 40 26 47 0 23 10 9 51 13 39 12 96 30 40 41 11 78 65 61 27 31 34 27 29 81 99 65 99 8 42 31 44 54 32 53 55 90 82 39 2 36 11 1 57 21 73 71 0 85 74 21 87 80 55 67 51 26 67 13 85 59 21 17 89 22 73 49 14 83 58 14 1 78 52 81 91 86 36 37 11 7 61 81 3 76 80 96 45 60 87 42 29 11 9 77 36 11 29 12 92 88 41 6 15 16 82 15 34 11 53 
90 16 23 11 82 21 71 40 38 38 89 68 26 81 36 44 61 29 15 55 4 34 91 96 52 2 19 28 79 86 25 39 43 99 68 15 35 23 56 64 74 44 38 57 77 91 13 51 12 96 40 48 28 50 17 43 16 61 36 58 57 11 20 66 2 96 59 75 36 83 89 31 47 54 87 43 53 41 88 17 35 14 51 44 68 85 90 93 52 76 42 50 50 74 64 31 5 91 4 60 90 47 64 50 29 44 0 22 92 77 11 48 28 73 64 85 17 15 9 82 50 83 28 85 33 5 57 22 84 52 95 88 80 90 46 16 88 6 96 97 9 46 35 44 89 82 46 58 14 49 8 35 21 94 37 22 26 33 70 82 94 92 11 79 66 52 71 86 53 12 12 13 97 60 16 62 6 97 23 85 44 93 53 68 78 77 2 23 30 87 44 12 91 77 86 28 88 41 75 71 
79 18 40 53 95 95 13 14 29 23 1 67 65 88 53 56 55 44 7 60 20 25 91 40 55 52 2 4 31 29 33 72 51 28 92 42 19 95 24 39 72 82 9 75 55 39 16 96 18 24 24 78 52 9 59 13 31 14 32 51 90 88 23 17 15 99 32 47 61 36 47 30 43 76 95 57 30 17 54 44 95 27 77 65 27 61 64 71 22 73 36 84 6 54 91 89 46 29 44 41 98 58 83 74 8 59 95 67 52 25 50 10 41 50 73 80 56 7 93 47 96 23 21 63 30 31 54 29 77 39 95 3 9 1 4 48 65 65 28 67 63 65 22 33 36 66 81 24 27 2 36 61 46 7 57 86 26 19 99 0 74 62 14 22 27 6 86 15 74 9 72 57 14 72 56 71 60 69 82 36 77 34 87 92 27 48 58 90 2 55 16 27 96 48 73 94 22 7 72 36 
17 27 17 14 38 78 81 9 86 65 77 1 17 58 75 9 91 88 29 89 11 69 31 21 95 95 72 86 48 77 79 91 80 30 80 22 42 51 88 54 13 8 93 74 71 60 31 71 14 82 26 71 16 27 41 87 51 50 58 7 33 85 24 19 70 52 93 4 78 86 43 7 5 8 37 84 75 59 29 31 73 70 29 64 61 59 10 85 77 8 37 8 19 97 61 80 92 36 43 24 14 18 80 55 18 16 72 35 42 71 71 28 67 36 97 67 67 63 42 98 77 51 27 82 60 83 78 32 77 46 4 56 91 4 37 47 37 35 15 6 31 81 66 27 93 52 84 56 65 33 77 2 13 38 41 56 52 6 73 80 85 58 2 9 32 9 52 50 10 19 34 14 47 3 94 20 42 2 24 48 99 99 86 99 83 45 39 39 69 33 40 95 72 33 50 6 34 93 70 29 
75 67 17 18 0 86 3 50 66 54 74 99 58 52 18 42 6 32 37 43 1 26 48 3 23 77 80 5 75 48 70 36 38 63 39 19 21 42 45 90 13 25 42 40 40 52 86 14 35 39 2 19 79 84 97 16 13 83 80 74 46 35 38 10 62 39 30 56 43 84 39 31 60 45 59 76 92 22 75 85 81 90 23 64 80 99 63 43 50 23 53 22 44 40 56 51 39 43 4 10 20 90 46 62 74 63 39 50 67 88 40 83 48 57 76 77 23 35 86 80 35 22 24 65 83 57 17 21 58 40 94 37 75 38 59 54 87 76 84 51 35 37 4 61 72 96 53 67 76 48 81 82 95 46 42 58 86 72 77 29 66 40 56 64 80 2 7 44 96 62 83 71 7 25 62 95 18 75 38 17 83 66 62 26 90 85 68 98 53 7 68 82 40 72 97 27 56 24 61 88 
84 83 44 9 76 41 11 52 41 15 95 84 1 13 15 15 5 41 89 88 64 48 85 10 18 80 11 40 25 78 88 97 71 13 94 41 72 99 51 57 25 50 79 63 29 45 61 74 51 64 76 9 12 49 33 97 67 57 44 48 66 70 95 79 66 82 83 80 13 56 18 89 55 98 31 59 80 18 59 54 72 57 52 76 97 93 49 88 80 77 65 46 60 7 27 28 8 61 77 18 23 92 19 57 70 57 43 52 76 53 71 28 5 31 62 18 33 96 75 83 82 66 58 31 37 89 28 97 97 10 29 82 5 60 32 88 6 77 63 25 88 4 27 96 45 56 70 67 14 74 87 41 54 26 31 10 4 56 18 29 29 33 83 77 71 38 35 71 96 88 54 7 93 89 96 45 52 43 60 62 7 43 35 11 12 51 75 29 14 8 44 58 61 85 63 14 81 12 77 14 
99 36 74 29 17 26 82 88 82 56 36 20 97 83 69 64 26 8 71 8 30 45 67 8 44 4 48 42 8 56 10 20 35 84 25 0 94 33 25 60 16 71 85 96 75 38 43 65 66 17 20 77 60 3 76 28 59 10 75 57 99 20 89 81 89 8 0 67 75 92 68 90 97 52 20 83 13 56 79 33 63 13 35 1 24 78 1 58 45 69 29 54 14 79 8 79 36 67 79 19 49 53 93 29 98 39 69 20 91 77 5 13 6 50 27 91 87 70 6 93 38 34 80 10 57 76 61 19 16 7 26 20 22 27 82 50 86 25 16 16 74 81 19 9 50 59 87 96 92 8 61 53 70 37 24 4 81 57 13 36 61 83 92 5 42 62 88 20 21 52 29 90 97 41 20 44 7 56 90 7 59 54 36 84 66 26 71 57 45 25 32 80 68 35 50 19 35 70 3 64 
59 73 63 31 80 31 43 35 53 6 69 54 89 69 73 19 45 2 55 32 22 24 53 31 92 20 24 77 39 26 83 26 53 65 96 75 16 93 61 57 61 87 76 9 89 14 82 85 23 75 94 30 63 58 22 58 18 76 26 8 69 76 59 77 46 78 86 25 80 61 18 7 94 64 15 17 51 15 43 32 45 75 26 94 64 99 13 21 92 88 52 43 90 96 96 46 14 86 18 62 88 77 57 72 13 81 10 66 8 30 42 64 46 44 75 77 97 51 7 3 88 92 54 55 36 24 30 52 58 3 91 73 37 75 96 33 72 99 4 79 35 50 98 14 26 80 55 35 83 82 88 44 42 77 67 23 61 1 33 72 9 35 27 87 70 25 17 26 89 92 62 61 92 62 2 38 14 90 28 99 17 29 76 46 84 5 84 36 93 99 13 69 91 97 68 72 35 62 45 10 
40 85 1 83 12 24 79 11 97 29 80 10 76 90 27 95 40 94 13 90 39 23 13 4 25 20 76 70 1 18 36 69 99 23 54 62 74 55 93 38 27 43 13 11 42 66 68 3 62 10 18 52 51 43 51 25 89 22 61 32 38 25 86 12 32 57 16 53 2 43 44 46 17 51 52 59 17 90 28 7 32 67 14 67 89 28 9 67 98 98 91 48 37 83 91 71 3 94 94 21 64 4 99 84 70 25 8 45 9 92 39 70 60 60 7 82 98 47 8 63 17 60 56 83 95 88 86 2 66 56 15 2 9 90 0 28 58 85 43 6 36 34 37 42 50 0 15 58 97 66 40 64 48 72 26 76 54 36 8 51 75 78 32 39 28 85 21 41 73 35 7 18 68 46 62 96 68 85 51 90 14 51 64 15 50 42 63 4 69 87 97 57 77 12 45 53 90 37 75 47 
44 27 37 28 45 22 21 2 40 22 7 51 25 1 9 15 12 66 45 54 40 37 65 78 45 94 10 35 78 95 41 59 22 61 57 60 89 89 59 80 57 3 35 89 87 12 80 25 84 17 4 87 44 78 56 2 50 72 2 18 16 69 41 81 19 53 7 80 2 39 92 13 68 4 34 55 64 47 75 92 44 53 62 71 36 3 21 38 88 78 83 41 8 8 94 72 12 36 51 57 59 96 72 70 83 81 93 10 30 36 35 57 0 47 90 13 85 34 14 18 19 28 67 21 39 57 91 53 72 24 36 70 53 83 51 47 13 6 20 21 75 6 3 16 83 88 79 29 33 29 21 65 64 86 55 78 68 22 61 31 64 47 99 73 15 90 88 63 87 67 43 65 98 49 93 24 57 46 74 76 38 74 71 96 70 96 35 7 99 17 0 7 78 83 96 90 25 41 77 94 
71 69 10 57 12 57 51 26 46 11 75 82 36 27 91 47 82 86 14 44 85 80 75 37 72 94 99 22 39 86 48 42 56 62 21 54 35 22 30 21 35 81 66 54 37 70 15 48 70 69 54 35 17 21 92 0 62 22 72 13 94 78 34 28 26 83 95 51 73 1 54 6 70 10 50 1 35 93 9 18 36 35 1 93 39 11 89 37 90 29 94 74 37 37 6 3 62 49 73 21 34 80 79 28 62 65 21 43 29 79 46 67 40 94 88 81 31 22 43 75 30 54 34 61 57 47 38 4 7 58 51 76 77 16 0 64 44 93 21 71 4 44 2 64 36 68 35 92 26 57 34 67 49 20 13 8 92 57 4 62 29 60 73 67 70 30 50 42 50 60 15 53 15 4 85 32 10 99 50 37 96 54 78 56 76 69 36 81 56 81 54 63 61 86 38 19 57 72 61 85 
71 81 19 62 66 7 79 20 42 73 56 26 27 48 26 75 66 20 98 24 77 1 66 51 62 79 0 35 99 28 73 74 28 84 36 14 73 33 67 35 2 96 2 79 49 7 4 51 71 13 14 90 21 31 60 27 52 37 65 20 31 48 58 76 4 13 92 96 61 62 2 6 96 87 53 94 5 95 34 97 71 64 47 38 74 81 94 51 16 39 58 57 33 82 60 20 75 32 29 37 37 38 8 20 51 14 26 36 79 13 81 21 7 45 86 33 27 30 90 70 28 41 91 35 66 45 26 57 13 13 8 40 14 73 13 90 92 97 96 15 4 59 73 50 50 5 3 83 21 21 14 25 63 55 64 82 96 48 73 60 19 84 13 50 54 75 81 84 6 0 86 83 23 94 81 5 61 42 58 35 3 96 60 47 86 37 60 1 10 41 21 65 52 54 79 51 63 53 75 25 
73 39 75 60 57 83 11 65 66 73 62 42 69 30 97 57 27 27 84 37 65 67 26 91 5 9 64 66 57 81 1 33 69 14 60 45 36 52 33 31 87 31 81 67 60 31 96 67 41 49 96 41 99 38 80 54 92 23 74 95 99 65 29 14 99 69 61 42 6 62 28 94 72 26 1 79 22 3 67 12 12 39 72 38 63 30 46 23 27 50 6 12 61 11 4 98 26 68 14 32 23 6 76 71 63 87 59 22 90 50 84 84 21 53 76 27 18 51 57 62 86 27 8 94 95 89 69 73 47 24 43 99 85 75 60 69 98 95 47 11 33 12 96 68 75 92 60 81 34 9 82 22 67 39 80 32 97 69 42 20 12 27 59 38 38 92 2 54 45 41 45 6 73 89 87 72 11 6 27 47 98 44 22 12 36 89 78 52 8 21 41 74 7 22 59 82 37 15 24 43 
62 0 80 36 37 18 9 27 55 65 66 14 3 97 92 32 84 92 9 90 48 12 19 96 44 34 28 38 19 99 19 18 39 98 73 77 69 65 85 22 69 51 89 42 91 34 99 73 64 14 34 87 11 42 36 2 93 69 31 23 95 96 51 47 28 42 28 72 54 63 77 69 41 94 92 34 45 96 58 83 91 38 1 62 43 11 52 67 24 85 63 92 21 26 20 57 39 88 33 10 55 45 11 39 81 44 90 99 97 52 54 99 41 60 42 5 95 15 99 92 65 53 99 42 2 9 93 65 14 8 68 51 84 73 88 24 3 95 89 20 20 68 75 53 51 92 12 45 32 86 76 96 70 60 66 77 48 61 12 47 52 54 60 62 94 45 12 45 42 94 7 22 33 46 45 64 19 30 17 57 64 52 56 96 29 76 49 40 22 66 83 66 18 30 95 19 16 23 18 42 
99 1 89 36 68 85 23 41 40 18 83 50 14 9 11 60 17 20 48 52 57 72 19 78 34 88 75 7 94 69 52 82 1 91 63 35 34 48 7 19 35 48 91 47 79 17 85 83 47 92 87 68 35 95 36 96 22 96 21 46 17 74 56 54 68 26 13 99 49 69 31 23 22 64 73 6 37 36 26 17 18 44 73 25 83 47 85 60 62 2 45 35 84 98 79 5 53 13 70 11 48 75 96 69 44 55 81 95 11 91 81 39 62 72 68 94 37 9 20 93 29 39 6 79 7 33 73 8 98 40 91 36 72 62 10 64 41 27 54 23 65 72 3 81 71 60 54 92 14 55 67 16 59 21 90 89 74 35 58 23 45 48 52 37 11 58 80 36 14 37 17 38 48 69 85 34 34 4 64 71 41 67 19 5 84 45 31 50 22 60 93 69 62 91 45 27 64 55 56 42 
26 22 83 31 15 4 48 11 30 48 54 94 90 83 40 91 33 24 82 57 94 96 3 22 44 6 86 53 40 45 16 58 33 68 49 63 34 31 91 51 40 57 31 29 10 13 98 98 57 16 87 43 15 63 89 83 15 45 75 4 98 52 49 87 56 13 34 73 18 4 45 51 30 5 89 89 64 32 28 7 8 35 5 16 20 81 80 44 95 77 31 79 2 68 75 22 6 72 77 6 90 41 45 95 70 85 6 90 24 43 39 90 95 4 54 23 21 2 83 52 97 52 95 47 32 14 18 79 59 80 33 45 54 61 96 62 88 74 19 24 75 88 7 42 24 98 32 21 10 43 69 12 96 4 63 88 13 76 41 33 52 19 47 19 22 12 38 16 38 26 12 21 11 2 12 48 98 43 60 73 92 86 49 87 96 11 11 21 44 43 42 80 48 88 51 60 55 78 19 87 
6 51 93 88 11 21 70 19 42 42 46 48 14 80 68 98 62 75 74 71 73 36 55 9 7 67 29 75 57 7 82 52 4 68 53 39 20 49 33 56 82 51 50 57 32 74 42 89 85 7 38 37 25 1 17 68 49 52 49 45 6 79 49 54 2 48 73 26 8 18 56 14 1 42 51 53 55 78 91 95 21 2 9 96 35 60 35 92 59 55 34 25 64 6 38 86 6 45 86 79 46 96 0 78 80 99 51 28 94 74 3 5 86 38 44 95 51 59 87 42 44 36 29 12 2 0 6 39 11 62 42 31 23 15 25 20 26 58 68 13 45 5 69 38 89 74 91 55 98 48 87 1 45 71 30 73 68 37 81 23 10 15 81 92 1 71 63 35 7 3 75 81 45 46 86 67 38 54 14 40 47 74 85 46 60 52 85 21 59 29 59 38 86 4 61 78 26 65 17 44 
23 67 31 15 45 43 18 87 31 34 64 85 46 17 31 41 52 56 66 39 78 17 39 14 55 45 60 81 50 87 57 58 31 32 50 67 73 67 33 55 30 54 14 3 87 21 85 77 42 1 24 52 10 7 58 28 25 2 43 28 39 35 25 46 18 63 62 35 33 94 35 14 26 70 20 77 11 30 5 98 16 96 73 60 81 41 88 26 1 23 62 27 3 35 98 31 0 73 89 53 78 28 0 33 67 22 30 32 33 88 54 46 85 62 3 34 33 21 73 36 82 37 21 23 66 81 24 98 86 88 65 97 3 41 35 8 70 95 4 67 14 71 63 78 57 1 67 55 85 53 57 14 60 22 44 68 26 95 19 55 47 58 50 52 49 37 57 86 74 91 62 55 25 51 1 17 1 67 96 10 98 8 24 39 24 3 6 89 29 3 38 29 83 37 22 42 67 20 82 44 
48 95 7 11 18 36 8 36 80 59 80 28 79 53 89 79 25 93 41 87 31 28 2 44 23 39 47 66 53 23 30 77 54 44 28 88 89 98 91 70 86 28 93 44 16 90 77 63 72 46 63 69 98 89 76 46 86 87 7 61 83 80 56 10 18 16 37 82 43 42 28 41 71 8 29 99 38 86 44 75 3 40 8 52 12 76 17 68 24 21 8 42 10 24 90 86 96 13 62 28 67 38 1 33 84 78 2 13 88 73 18 54 56 61 70 23 96 76 28 41 49 97 71 94 97 88 58 46 66 14 54 35 21 88 95 15 68 38 44 5 18 83 98 69 58 51 88 47 19 37 44 11 2 87 75 80 88 2 93 14 74 82 83 54 50 94 62 19 60 32 45 44 60 44 18 39 98 61 25 28 60 47 4 54 50 11 18 33 4 64 98 9 87 63 3 42 5 22 94 96 
91 88 43 33 59 88 80 13 63 62 98 9 79 54 85 3 90 5 14 29 8 33 47 40 42 84 23 30 82 6 19 91 89 18 32 85 66 75 93 94 65 8 43 43 44 74 63 14 13 21 0 51 80 72 79 6 30 89 7 59 26 76 32 71 42 14 90 51 18 33 33 43 13 30 80 53 72 56 22 98 3 59 32 55 72 7 73 96 7 2 35 5 88 31 34 29 67 52 18 28 53 55 79 48 42 80 84 76 54 10 78 59 76 71 54 6 85 65 78 25 89 31 10 23 68 99 61 13 75 89 67 48 33 99 49 80 84 22 53 15 62 17 54 27 41 53 94 8 99 2 46 98 89 68 85 73 42 75 53 62 7 99 11 54 54 54 29 76 63 40 33 55 45 22 75 83 33 22 67 73 0 10 28 74 14 17 4 25 99 89 86 72 29 35 40 58 30 13 40 91 
68 94 57 80 62 35 33 74 52 72 74 19 58 9 86 42 97 66 59 84 38 64 39 69 3 38 35 21 83 94 10 74 14 33 49 89 85 66 28 62 91 85 7 41 84 23 78 10 69 19 66 69 4 29 61 58 89 26 92 71 49 55 67 28 77 83 80 82 67 21 60 39 37 51 38 5 35 72 1 77 86 29 57 2 52 38 4 78 69 69 31 11 38 15 42 18 62 21 80 36 99 42 96 18 74 84 95 51 13 40 23 4 0 30 87 11 82 16 56 54 25 49 55 54 44 57 73 95 36 8 95 71 57 68 14 39 79 75 93 97 32 47 48 70 92 40 97 69 6 51 77 37 64 36 22 52 35 3 62 36 60 18 58 42 90 71 88 97 23 31 2 96 84 78 48 80 5 57 11 56 49 99 27 1 59 45 10 96 25 32 18 9 56 41 89 50 29 55 99 9 
42 10 72 79 4 79 98 65 7 31 13 55 78 13 37 42 37 8 16 86 72 96 85 5 42 83 28 99 46 55 94 54 97 19 11 15 40 35 79 78 31 92 98 27 41 11 8 18 26 37 24 31 79 43 78 73 29 2 34 4 61 41 95 65 10 78 81 83 84 27 7 31 36 86 88 3 27 79 80 38 47 96 69 11 63 17 15 20 58 65 20 49 39 80 24 66 36 91 61 33 41 33 2 55 42 76 89 60 7 67 57 8 14 29 45 81 82 34 82 7 32 28 19 31 19 73 38 40 84 78 18 57 25 99 83 78 33 6 26 45 61 57 18 88 6 64 90 38 75 38 4 90 79 90 49 18 22 18 1 91 64 75 5 56 99 36 12 18 86 67 11 47 82 32 9 30 60 45 37 49 23 5 41 12 92 5 82 85 46 44 77 16 11 30 94 2 64 88 15 76 
40 37 76 62 73 72 48 72 10 28 2 27 88 12 20 9 21 72 44 17 2 51 2 71 89 80 45 10 6 30 25 87 28 7 72 25 82 88 20 17 83 89 52 56 9 1 79 74 17 39 45 2 7 0 11 31 91 3 69 33 20 36 42 37 77 49 72 48 37 94 81 87 3 85 45 59 2 45 16 23 53 38 18 71 31 85 49 97 36 32 68 34 43 81 38 38 79 20 0 17 75 1 58 27 55 86 55 36 96 85 40 95 35 18 47 96 81 68 92 64 41 48 56 50 62 69 20 59 50 90 0 21 79 17 13 76 50 50 11 93 30 91 27 23 94 37 36 90 81 71 20 13 80 77 42 89 37 72 66 60 71 80 36 95 78 18 12 94 28 75 93 43 24 37 21 94 22 8 9 37 32 24 85 52 59 65 50 34 8 62 22 24 49 58 60 9 75 12 24 3 
94 51 5 9 39 58 5 21 44 60 77 0 8 13 38 76 78 38 24 77 96 8 73 92 52 13 7 79 90 40 53 77 75 44 35 16 50 21 97 8 39 67 38 44 4 64 73 42 95 74 95 51 96 76 38 63 45 7 2 26 51 72 43 48 63 72 54 35 77 96 51 46 87 22 6 44 49 64 80 61 36 96 80 60 17 35 7 58 87 26 21 10 63 13 69 9 79 34 91 40 48 50 28 87 29 98 85 49 61 1 24 70 16 12 51 51 9 18 74 24 62 0 28 2 81 68 81 8 70 10 62 15 40 47 52 73 28 18 33 14 59 59 68 60 48 41 64 77 74 23 0 30 87 11 38 11 97 71 97 48 80 32 99 18 40 19 90 1 16 53 93 4 16 26 86 52 39 93 31 34 20 47 85 40 5 54 89 52 24 24 2 93 77 12 21 46 13 98 76 30 
50 93 92 23 11 18 80 49 21 19 47 52 33 55 33 1 52 8 35 50 77 61 55 97 62 78 70 37 2 44 80 69 13 73 47 46 0 19 28 20 26 23 30 46 79 74 80 89 61 35 53 4 56 48 18 1 62 42 72 71 27 53 75 93 53 77 62 26 55 77 72 53 11 22 82 94 2 31 69 73 95 78 3 87 2 84 85 8 66 96 40 68 20 85 5 28 11 41 89 90 57 40 64 27 63 18 92 89 56 56 46 73 6 61 37 75 2 96 57 44 21 48 6 86 62 1 49 58 89 81 71 3 65 89 54 47 95 60 4 26 75 72 25 5 78 60 86 91 88 18 38 89 75 90 22 28 72 91 93 61 54 29 38 4 51 2 28 72 81 80 45 78 2 3 22 39 92 63 75 27 5 77 0 84 32 95 95 36 50 80 87 2 95 33 36 10 64 56 16 55 
95 27 33 88 30 41 63 70 19 78 76 85 71 33 19 93 61 17 82 91 77 25 56 71 2 25 66 8 63 64 40 71 33 95 34 45 22 74 35 84 60 25 85 6 57 46 42 3 57 62 64 16 8 12 56 84 54 81 84 60 20 32 32 53 53 66 5 72 94 58 65 58 45 9 82 41 68 8 83 91 44 16 71 8 11 99 19 45 63 97 29 35 20 38 62 93 13 98 54 6 34 45 86 91 33 48 3 12 98 43 28 60 75 49 87 70 67 37 8 17 2 86 31 43 90 53 97 34 61 37 40 87 79 55 30 7 73 43 31 15 46 75 66 3 61 43 18 15 31 77 93 84 34 70 0 36 70 84 12 84 75 73 49 94 40 8 1 56 15 79 43 55 56 61 88 3 46 68 54 94 7 5 12 59 55 59 5 5 45 37 84 72 93 16 43 20 77 53 38 76 
66 54 31 12 53 51 56 69 66 71 40 0 76 72 6 42 54 11 98 47 42 15 25 82 82 57 47 92 27 72 19 95 62 86 43 69 72 2 68 97 18 52 40 33 29 26 18 56 50 64 87 70 37 22 51 93 39 0 65 15 69 14 54 2 36 2 42 87 25 67 57 74 62 23 70 0 2 47 66 18 19 40 31 85 82 26 49 70 19 33 61 64 64 96 28 40 46 17 18 33 5 28 95 16 52 80 34 81 11 51 32 67 38 45 7 48 74 27 40 5 74 28 10 60 14 61 93 10 83 93 41 80 47 71 90 25 70 3 23 34 49 82 70 0 6 98 52 84 88 25 85 13 85 37 50 95 69 56 36 4 92 41 36 43 31 11 18 94 59 84 78 84 55 20 70 4 19 67 48 65 77 20 10 66 22 28 31 32 88 91 51 73 19 21 51 11 18 95 26 74 
91 67 63 38 10 41 92 24 38 36 99 30 72 9 47 62 27 53 94 47 12 45 32 54 35 73 50 80 75 73 31 75 35 44 62 38 8 22 66 28 13 5 35 64 49 22 34 18 60 12 30 22 56 89 44 46 9 57 84 53 54 56 85 61 82 23 75 0 55 37 27 7 95 90 30 91 28 88 73 48 48 86 53 6 80 69 55 70 68 45 26 74 80 24 12 21 25 93 25 85 35 27 42 14 89 23 17 5 78 36 6 20 43 5 61 34 25 24 37 38 68 61 32 29 23 85 72 39 78 60 90 57 42 65 52 20 1 16 48 49 6 24 43 94 61 50 40 4 73 58 29 85 93 41 82 7 2 51 92 14 23 77 28 55 50 57 65 58 62 33 59 65 36 14 33 49 79 18 60 28 23 11 76 3 92 41 72 11 10 30 73 11 68 49 56 28 79 73 61 47 
0 18 42 42 33 28 23 61 0 52 81 23 80 19 26 46 68 62 86 43 85 30 83 81 11 27 42 27 87 84 87 36 36 64 40 3 44 92 39 27 92 43 81 45 62 19 27 83 61 22 27 19 14 23 94 1 18 46 73 49 20 25 96 24 53 81 51 85 57 61 99 35 16 5 23 61 0 77 35 17 32 23 20 60 89 49 14 2 49 24 90 61 94 30 77 8 27 63 57 27 40 23 0 64 58 93 26 75 2 30 6 33 40 11 9 94 19 81 54 77 86 92 90 8 7 66 20 72 35 12 94 46 6 33 70 83 5 46 59 1 89 43 63 46 5 56 22 56 87 85 64 74 47 66 83 38 1 65 53 55 40 22 88 65 79 77 41 51 34 90 14 93 56 46 7 26 44 0 42 91 25 67 26 64 7 41 37 42 95 59 74 90 6 96 14 45 61 6 84 21 
19 96 34 43 47 41 66 33 96 77 75 46 6 25 61 75 3 99 74 17 90 44 17 0 90 89 67 26 66 72 37 64 95 16 17 88 83 86 80 52 1 98 71 14 17 97 61 29 2 67 0 70 60 84 87 66 43 71 64 83 17 91 10 49 91 86 77 3 95 47 85 91 92 23 11 58 22 45 85 67 28 58 41 78 28 7 57 24 13 93 5 69 54 80 80 96 98 94 19 70 27 82 56 17 28 27 55 19 62 3 99 28 5 94 75 28 91 73 36 1 72 23 14 43 22 85 63 52 36 5 31 46 68 53 6 19 65 72 51 9 60 34 1 66 50 52 71 81 27 75 71 17 93 45 66 38 48 51 10 54 17 69 25 61 17 51 83 12 87 97 34 47 44 2 60 65 74 56 12 36 59 3 12 81 71 23 23 61 5 95 11 29 86 19 61 55 18 36 39 33 
71 94 93 93 27 67 84 98 81 15 72 38 87 50 81 25 67 41 31 25 71 91 88 30 78 67 54 3 95 96 26 10 92 0 36 17 96 57 80 29 76 15 77 67 24 73 96 8 32 59 59 53 44 16 2 64 25 14 73 94 81 55 3 62 51 37 23 92 83 32 98 45 18 93 36 46 25 58 86 43 18 93 95 7 28 83 85 32 88 66 42 88 23 33 0 65 74 42 70 69 68 84 16 23 99 6 17 72 58 95 46 1 65 36 78 56 37 63 4 58 86 57 33 16 78 50 75 88 23 67 77 70 4 5 55 34 4 52 36 48 36 35 74 79 14 30 6 10 69 31 29 21 3 94 42 86 13 94 33 87 82 49 95 91 94 15 3 35 48 53 32 19 50 65 72 97 96 36 21 53 63 93 34 25 84 68 84 16 76 17 42 77 97 70 1 5 82 74 20 45 
3 40 63 73 4 35 45 30 39 31 60 76 4 88 28 36 0 89 25 59 91 68 9 31 78 96 55 24 25 67 97 37 74 97 39 33 42 64 69 46 68 69 75 12 19 20 91 35 19 48 87 45 95 29 43 77 61 41 1 31 26 48 67 75 92 19 57 99 25 32 20 71 98 92 38 33 84 57 39 69 1 17 43 46 3 18 25 2 76 39 74 87 30 2 67 82 81 56 69 12 56 55 14 18 9 19 44 18 52 3 91 4 7 16 20 70 71 13 37 18 85 1 92 59 27 82 30 3 65 71 42 88 84 45 66 30 74 57 70 55 49 90 5 64 84 85 32 4 40 96 95 58 8 54 29 20 55 39 67 41 25 8 70 46 0 50 65 33 60 24 17 5 22 86 3 98 81 40 45 72 57 77 93 82 27 12 42 53 61 52 21 57 36 27 59 51 76 14 35 83 
67 23 3 4 20 23 50 78 37 53 80 7 50 70 53 73 20 66 79 79 70 39 3 2 7 73 42 70 28 13 36 25 83 70 0 59 77 33 42 35 56 72 41 17 56 82 37 68 26 60 4 62 21 47 66 85 69 36 99 16 85 60 64 27 29 1 34 55 68 44 82 53 34 65 88 81 57 57 43 34 78 50 0 37 26 88 62 37 82 57 65 73 18 25 18 48 52 96 47 47 13 53 8 46 32 80 0 88 84 34 40 24 2 76 8 48 14 73 47 15 70 92 34 64 75 53 36 36 97 87 8 0 13 54 94 15 69 82 11 65 74 23 99 49 93 62 52 81 56 48 13 99 86 82 76 89 89 49 56 69 31 54 65 86 11 41 17 51 93 49 3 49 13 95 26 47 64 12 76 25 68 56 91 60 73 45 88 53 63 83 87 40 54 94 90 84 95 72 93 72 
81 47 17 84 96 22 67 75 97 79 44 15 42 37 79 27 39 55 86 72 49 29 8 40 58 17 7 79 66 41 69 82 4 82 77 85 96 41 67 19 99 33 8 57 55 68 79 51 21 26 38 66 44 22 37 15 68 16 27 98 35 71 3 14 94 52 27 44 31 86 78 19 38 91 35 31 54 87 96 41 14 64 64 93 55 97 88 65 63 36 80 10 90 49 49 24 48 64 98 94 68 94 88 38 79 22 18 58 4 99 37 64 42 84 71 92 2 24 86 87 91 99 16 86 36 65 68 87 85 41 43 39 76 65 16 1 13 40 1 66 75 76 84 45 94 50 56 5 82 34 55 97 89 83 3 79 15 74 56 8 89 61 30 58 13 32 92 87 60 79 12 58 21 91 15 32 16 45 63 80 2 27 55 2 92 6 35 40 54 28 45 46 9 43 19 40 74 61 10 97 
69 18 34 43 38 74 15 96 19 67 96 10 50 67 18 3 60 78 19 70 86 79 7 86 47 27 18 44 3 82 3 95 15 52 5 4 32 99 40 66 4 95 71 91 58 86 11 87 54 50 50 5 93 11 77 68 74 33 58 39 53 57 7 64 70 63 79 66 93 28 78 61 73 57 31 62 35 12 71 35 89 57 45 88 66 8 32 91 19 29 89 1 23 84 61 45 99 10 65 60 49 31 56 94 85 29 1 4 68 73 6 18 13 89 40 72 42 50 20 11 72 3 13 45 89 21 7 5 96 37 59 91 42 3 40 64 97 40 29 32 26 29 92 97 34 77 23 48 67 53 53 73 88 87 87 28 7 98 55 1 52 68 77 39 26 43 96 64 55 96 79 11 83 9 77 24 21 73 69 17 71 66 82 49 11 66 19 13 78 38 90 80 80 79 18 91 0 81 25 41 
73 90 71 41 29 35 8 74 37 41 40 18 22 63 65 66 86 70 40 73 78 1 60 11 62 26 7 39 9 44 3 4 91 26 76 61 32 33 74 80 11 29 50 0 34 26 24 9 48 12 32 51 97 75 21 25 1 81 16 53 4 60 69 49 75 61 56 56 2 57 96 1 62 33 0 82 5 29 88 53 98 93 61 68 69 16 28 7 1 0 73 74 53 89 73 95 55 33 53 13 65 33 67 82 70 2 46 97 39 18 53 99 58 55 52 51 73 80 46 1 23 51 94 85 68 23 93 23 55 28 32 96 53 43 82 30 47 62 27 77 18 63 87 3 54 28 77 65 33 87 36 38 26 23 79 40 70 86 18 32 93 48 12 79 12 45 8 74 98 22 5 1 4 10 93 44 66 86 99 86 18 57 0 11 27 82 47 39 94 35 68 51 83 79 99 36 68 89 44 65 
90 43 26 86 5 94 12 63 72 91 0 61 7 75 38 67 8 45 39 51 85 92 3 28 1 20 15 87 56 93 31 49 47 67 23 23 35 22 20 19 78 82 46 15 25 23 60 47 43 45 15 56 65 78 82 37 81 54 73 93 25 8 9 23 30 84 84 77 60 64 97 1 51 19 58 7 42 18 40 10 4 33 55 5 72 14 71 45 89 11 1 18 30 50 90 49 86 0 81 56 87 91 59 16 20 37 76 10 72 77 59 13 53 68 58 59 50 50 4 38 84 74 19 37 43 31 54 75 95 37 73 3 33 71 26 1 8 94 28 99 75 78 33 32 84 68 46 49 57 8 86 97 87 71 27 30 13 67 52 72 66 66 74 6 97 36 85 11 99 61 93 63 53 71 46 34 52 92 21 84 31 34 57 57 81 14 84 87 98 70 37 5 30 39 82 94 19 22 97 95 
73 22 73 90 24 98 22 12 74 83 44 11 84 14 60 79 74 63 67 69 4 84 69 94 87 59 18 3 19 94 22 61 71 14 18 15 80 5 84 49 57 39 27 87 42 62 76 14 6 94 4 15 47 22 72 50 25 44 17 72 62 82 60 36 64 19 69 10 59 35 29 17 9 31 2 8 75 24 22 3 10 68 11 99 54 58 78 73 1 61 73 54 59 83 79 9 81 38 85 57 79 64 90 82 31 19 20 9 66 15 84 14 81 23 92 73 29 33 18 60 26 90 64 4 62 25 50 23 80 19 12 41 67 31 96 62 81 75 86 34 76 11 50 34 75 16 34 62 24 24 29 23 45 99 23 87 4 5 14 47 83 95 16 29 28 14 90 5 86 24 92 37 40 92 82 11 9 20 15 66 68 1 51 5 93 65 98 75 96 49 15 72 38 44 15 19 49 48 79 44 
95 68 82 39 42 66 43 82 30 89 93 56 32 38 60 3 2 18 29 79 26 83 1 15 87 28 47 55 22 73 70 75 22 60 88 75 10 41 28 43 79 61 53 13 68 37 0 72 32 3 72 52 95 29 56 84 36 25 36 22 23 94 48 45 6 72 58 19 17 93 10 45 22 18 95 56 41 4 87 57 40 49 38 53 14 49 67 74 85 97 28 44 5 77 93 31 83 21 63 15 46 62 25 65 25 98 6 82 90 74 40 62 73 94 93 18 71 62 24 41 92 50 22 52 95 59 61 64 86 73 96 52 94 53 48 35 11 84 95 58 35 78 80 46 43 67 83 89 3 92 53 98 15 78 33 18 70 40 7 65 38 46 97 94 99 36 25 14 69 7 91 29 72 54 99 94 91 41 13 12 89 91 83 13 69 20 34 24 48 21 25 13 91 70 98 40 47 16 70 82 
10 17 72 43 10 33 57 81 16 39 6 43 17 46 81 45 3 32 81 19 95 32 9 13 30 27 46 67 34 30 0 44 46 77 38 23 36 79 53 3 46 64 40 47 91 43 85 47 20 86 49 70 87 71 60 93 62 12 15 58 2 76 71 64 82 99 11 70 83 88 21 54 74 6 41 60 92 34 97 59 24 70 72 7 42 68 14 36 91 72 23 6 69 56 71 61 12 79 97 51 58 24 31 44 83 68 94 61 11 65 62 12 76 84 64 6 62 53 42 50 17 33 47 74 35 37 64 12 34 93 90 83 85 15 24 77 53 34 67 66 85 21 24 62 34 16 62 84 54 85 54 37 1 6 51 67 38 82 77 84 4 69 68 17 60 90 76 82 92 72 48 37 60 82 99 91 52 98 54 65 43 91 60 18 67 15 15 33 36 57 11 70 1 16 64 46 96 71 67 11 
37 65 12 4 99 96 71 32 10 82 52 12 60 65 9 8 93 4 74 91 24 89 2 18 73 88 97 5 16 19 80 39 19 48 57 43 35 40 27 15 83 65 84 30 17 30 85 9 29 93 49 65 83 10 58 3 24 62 41 3 84 59 68 66 63 98 61 99 54 60 60 92 7 61 65 30 3 10 43 53 46 22 16 29 64 44 87 85 91 91 86 88 81 77 55 50 56 48 25 63 15 34 98 39 82 68 96 65 85 93 41 89 12 47 3 52 67 51 0 21 1 81 45 83 62 67 65 36 46 42 73 96 90 68 69 87 69 64 33 63 43 35 73 97 24 5 90 89 36 59 82 55 10 50 82 17 63 11 94 99 45 76 76 34 64 40 77 92 19 11 52 55 33 56 68 40 5 46 77 58 96 56 18 22 7 68 49 29 97 99 41 33 90 95 96 20 27 88 89 71 
84 83 13 17 92 76 94 79 8 7 19 59 78 34 61 83 71 21 17 64 87 50 8 90 48 89 79 71 26 54 15 28 41 42 31 30 99 80 55 93 79 5 89 61 31 81 6 86 74 8 12 5 1 79 33 47 79 68 94 46 6 41 29 90 60 63 40 18 78 18 91 23 60 6 79 44 73 86 12 6 89 44 76 81 56 72 57 8 40 54 25 78 65 53 12 78 80 33 26 8 66 39 9 96 91 24 5 27 78 67 10 7 47 95 6 56 43 44 92 60 14 89 48 71 10 94 11 67 58 94 66 5 78 60 90 1 98 58 98 35 90 46 37 78 72 8 54 5 30 43 85 88 81 59 18 4 62 32 16 26 20 1 83 21 6 59 18 13 11 19 12 35 31 37 61 99 84 79 55 9 33 49 54 63 14 38 53 33 16 67 13 78 17 58 27 71 87 86 77 70 
49 5 17 68 7 94 90 73 36 52 35 23 13 42 85 50 47 77 47 51 12 35 63 72 62 49 96 15 36 83 23 93 97 91 42 49 66 31 35 25 35 55 36 76 41 66 3 68 47 44 89 94 6 64 26 48 94 10 11 54 13 96 47 36 30 5 63 99 30 98 10 74 22 32 19 71 98 66 68 62 67 59 50 37 95 22 2 1 85 94 44 60 59 36 78 35 88 55 80 50 73 74 97 97 27 7 68 85 46 16 43 36 29 86 88 97 22 38 91 52 31 31 55 80 21 11 48 90 35 65 44 69 42 39 49 90 80 21 87 70 23 93 94 45 48 9 81 97 7 74 32 12 25 38 56 3 95 61 25 19 4 11 60 0 30 5 58 44 5 64 95 49 13 38 91 42 33 92 62 34 51 91 98 82 86 12 78 24 86 93 13 37 14 45 20 97 8 48 79 71 
85 41 37 54 78 89 39 66 18 15 15 48 29 50 70 21 30 67 6 44 12 49 51 10 86 7 68 49 60 80 14 13 64 73 73 26 24 52 50 82 6 74 76 82 29 9 25 46 66 96 48 74 35 65 21 66 31 17 68 91 47 9 89 59 18 98 87 13 71 65 0 77 54 13 37 25 88 94 50 97 33 48 60 99 63 11 33 91 57 80 4 93 39 75 77 32 16 34 11 66 45 30 4 32 84 61 9 68 81 28 95 37 95 46 54 7 15 24 4 54 32 10 79 3 90 18 14 5 20 16 1 82 24 18 84 15 47 92 22 79 32 34 54 54 17 33 93 33 19 72 89 90 21 8 18 78 28 78 44 81 89 59 64 29 91 28 58 53 19 0 58 0 10 2 85 30 50 35 30 46 83 55 10 20 15 27 97 10 92 60 10 82 76 97 93 82 11 94 19 98 
9 55 22 45 58 83 17 62 14 91 1 61 96 74 61 59 34 30 12 34 66 98 94 56 63 13 72 57 59 83 27 23 80 51 69 38 36 65 18 49 85 25 30 99 53 59 72 73 59 96 46 62 82 97 46 76 25 35 33 47 23 59 81 28 64 91 77 40 44 0 87 37 40 41 29 51 98 76 73 26 1 23 37 44 81 58 55 38 99 11 28 16 32 18 83 68 18 94 40 91 31 72 33 70 78 27 26 22 52 87 0 35 64 90 71 2 14 48 44 93 52 1 32 67 64 56 67 92 24 66 75 34 20 97 33 45 96 51 4 52 46 54 95 8 12 24 93 68 13 98 7 54 76 49 38 49 41 69 42 68 33 58 18 53 84 91 29 18 85 65 0 24 24 72 96 12 42 35 63 83 86 74 74 20 27 15 58 77 27 18 84 91 82 38 89 10 34 3 69 36 
29 5 38 95 7 0 85 36 73 14 65 91 22 75 79 84 22 75 92 16 1 61 40 13 77 22 31 34 98 43 7 35 12 19 26 28 62 32 8 95 58 37 66 11 85 28 24 62 72 54 60 98 51 55 60 11 81 42 74 68 12 60 29 45 75 40 59 95 1 91 82 58 40 28 87 39 17 95 49 25 50 22 65 98 77 29 30 17 87 14 96 26 29 63 29 47 53 14 55 42 44 1 30 57 27 24 4 8 40 39 64 37 90 36 69 32 92 33 39 54 81 66 34 28 4 30 65 20 46 38 12 87 96 18 10 7 51 47 77 62 89 84 47 56 54 69 14 22 51 61 47 71 45 46 40 71 13 71 1 62 15 93 55 90 32 30 80 52 77 34 22 81 73 90 16 87 34 71 1 65 90 31 82 7 91 15 57 91 5 24 7 29 79 37 92 52 13 57 73 61 
28 37 71 56 14 82 53 5 80 80 45 0 22 97 43 55 22 15 11 63 7 35 18 70 22 84 82 81 38 19 21 90 56 93 11 83 14 14 83 32 74 47 88 36 70 46 32 71 38 39 16 8 27 39 41 89 21 89 43 24 87 1 28 54 10 84 83 35 85 43 61 52 23 3 84 60 70 25 87 62 99 64 73 13 81 76 53 49 15 95 5 38 52 53 1 58 97 76 15 88 50 89 53 74 64 34 46 98 70 88 49 65 98 80 34 79 34 49 66 35 4 60 25 50 70 24 82 34 21 51 51 29 77 9 53 61 28 3 70 14 95 50 29 35 82 25 39 78 58 96 64 22 85 23 43 1 88 99 85 65 79 7 58 82 46 53 62 3 75 58 40 86 48 59 9 24 31 22 47 57 71 84 30 47 12 4 19 30 66 88 91 31 98 91 90 85 82 39 20 77 
58 27 28 91 78 27 7 70 85 74 72 68 7 81 58 34 40 75 0 94 73 73 20 65 66 94 17 8 20 49 67 21 59 90 21 19 44 34 9 35 13 3 12 8 37 55 70 62 46 88 52 49 60 32 27 95 32 66 68 67 8 69 47 63 57 7 96 34 18 92 5 75 79 76 20 45 49 3 63 39 4 79 29 26 51 11 38 0 39 30 19 51 38 14 71 87 21 86 85 72 48 46 56 99 73 77 99 86 8 23 0 94 85 64 68 1 87 85 47 89 59 62 70 55 47 27 24 31 53 87 68 40 95 70 25 79 81 74 11 48 57 44 51 83 85 12 64 87 82 98 87 57 60 54 72 85 19 58 26 66 48 19 49 26 66 73 46 70 18 15 98 22 17 31 55 13 65 1 63 72 67 22 58 61 71 46 30 14 76 18 33 78 26 36 84 87 9 96 53 24 
93 64 93 73 86 10 83 21 76 32 27 52 79 65 64 13 79 26 69 96 28 83 5 84 8 11 12 55 89 13 87 83 76 69 80 5 74 42 16 66 67 18 14 61 4 99 80 12 5 98 66 23 54 65 37 51 5 33 98 1 9 94 24 40 65 27 31 29 73 52 66 65 48 85 90 10 1 64 83 86 27 19 52 27 83 4 94 7 57 36 90 42 89 77 76 22 56 12 2 65 45 67 16 90 57 15 47 17 15 28 22 20 52 55 46 14 21 76 80 42 1 74 88 97 58 68 90 71 36 21 36 75 72 74 24 4 61 30 67 70 60 95 78 54 49 91 15 31 19 54 99 62 32 82 79 27 91 66 19 23 53 63 67 56 41 99 8 32 53 44 45 71 70 33 6 19 16 64 52 32 38 8 27 35 42 75 40 35 72 38 20 75 19 96 41 87 21 29 65 49 
56 12 32 57 17 11 61 4 44 52 33 14 52 11 40 50 52 87 32 62 34 54 47 7 7 26 63 14 59 84 91 60 86 42 33 75 56 59 70 89 53 57 22 76 12 68 21 23 41 33 1 60 84 45 64 30 84 11 56 25 43 52 18 56 56 22 4 42 15 10 30 77 92 26 67 62 14 45 87 25 21 77 11 84 74 75 69 9 46 89 30 85 78 17 13 90 73 91 89 25 6 29 73 28 35 86 71 58 35 12 58 52 92 63 88 66 72 8 60 31 17 47 47 66 74 63 86 1 37 3 51 86 82 78 67 95 89 19 23 86 26 67 94 26 91 55 34 12 87 8 11 13 14 20 56 75 94 6 43 90 44 30 7 37 41 87 20 18 19 84 99 10 51 80 86 20 9 29 79 67 38 67 60 22 53 30 93 0 71 30 97 45 55 86 62 27 62 83 3 32 
51 57 63 3 19 13 0 73 35 77 1 18 94 50 51 55 4 76 14 67 87 15 96 45 53 40 1 80 98 57 65 58 76 66 95 44 84 64 66 7 19 43 65 23 29 11 98 64 41 42 58 73 69 41 91 27 19 76 71 59 83 39 86 43 43 15 62 55 45 96 57 38 40 51 90 86 1 11 84 56 59 60 23 29 21 21 72 18 63 58 99 1 28 84 50 60 63 64 21 25 43 37 77 39 67 74 50 80 78 43 60 32 51 10 23 45 24 65 29 39 87 3 32 53 90 16 13 36 76 85 13 60 36 15 69 74 6 98 3 21 34 25 83 83 71 24 91 77 41 19 55 29 91 37 75 32 68 91 98 92 50 30 31 68 87 22 15 98 84 65 26 32 31 51 13 22 1 47 83 22 8 89 50 57 33 42 16 34 42 65 67 36 82 39 58 29 77 18 93 20 
57 25 87 42 33 71 45 88 85 41 38 16 10 85 77 11 35 44 95 58 36 22 82 67 95 97 61 33 93 27 92 11 78 16 2 90 54 7 45 10 25 15 18 34 42 82 78 6 81 21 8 76 51 18 44 78 41 38 91 47 35 5 32 64 94 20 42 21 52 78 47 8 92 30 37 61 76 83 91 46 13 32 34 41 2 70 89 84 69 47 57 5 83 41 5 94 13 7 1 18 30 0 56 25 43 92 60 88 97 94 57 28 73 16 11 5 46 28 24 22 86 89 87 20 94 57 38 42 39 24 85 42 1 24 48 93 4 95 75 48 99 22 60 36 24 67 89 99 17 9 26 23 28 47 25 11 3 6 64 40 1 3 95 93 56 0 67 41 21 41 22 44 93 99 80 81 99 88 45 60 1 62 76 40 96 16 39 2 54 73 84 43 95 24 47 10 67 43 93 49 
45 56 92 93 28 29 68 64 85 35 70 32 54 65 20 17 13 78 80 31 8 44 68 63 39 51 76 10 46 97 77 56 13 75 67 47 2 80 18 9 34 80 46 65 46 68 10 89 67 28 21 36 0 69 56 38 15 28 8 12 90 78 40 59 27 86 77 33 58 84 84 31 26 39 71 54 27 82 4 81 43 9 22 65 42 63 94 93 2 15 85 13 2 63 74 78 18 88 7 88 81 41 31 34 2 84 34 97 25 50 93 8 16 15 95 7 63 41 92 47 4 56 4 16 31 62 3 92 43 35 32 19 69 47 23 52 65 63 39 99 42 50 72 11 58 89 72 57 98 85 71 42 54 43 45 98 36 84 91 69 89 26 42 43 64 35 27 34 12 13 46 43 64 57 6 53 37 87 36 89 63 74 47 42 47 16 48 10 25 5 5 34 36 77 15 83 90 63 17 26 
2 44 67 82 18 47 95 23 14 49 28 8 50 20 12 72 40 0 64 78 14 66 83 39 60 84 16 72 9 97 99 32 87 57 1 79 77 24 78 64 80 0 5 68 32 99 58 44 83 65 38 99 32 5 27 55 98 64 29 46 35 27 18 8 51 65 33 35 24 64 97 81 52 42 8 61 24 55 80 97 22 33 66 79 18 64 82 47 49 43 94 52 20 47 54 5 35 62 3 61 55 35 94 66 8 96 40 19 55 64 12 24 97 6 60 66 56 77 59 39 74 66 99 74 66 15 91 27 46 94 67 74 78 9 50 2 90 98 16 48 96 66 20 12 78 38 24 47 11 82 76 73 59 29 55 42 83 21 16 75 48 87 37 66 10 90 49 98 2 1 39 63 99 1 13 2 27 63 78 83 89 82 47 56 22 73 28 85 63 56 86 37 69 51 44 0 50 10 11 49 
38 35 66 18 24 9 62 29 4 99 29 78 77 77 65 10 7 88 32 50 72 39 29 88 66 9 73 17 70 6 92 48 24 54 41 6 12 27 81 50 27 77 38 71 4 66 18 24 20 52 4 83 56 60 5 1 55 37 28 60 59 76 51 70 16 20 60 98 50 57 84 81 78 45 21 14 80 83 2 69 27 52 35 72 6 38 50 67 14 54 65 86 12 17 53 56 92 47 7 2 98 5 88 57 32 67 10 64 92 27 49 46 60 59 67 14 91 57 64 71 17 70 96 54 42 98 62 98 30 34 17 4 33 69 81 42 62 23 25 53 37 94 90 42 73 95 62 49 58 69 86 88 99 68 17 33 31 9 14 15 34 56 79 58 6 51 55 58 31 9 73 84 58 12 98 74 52 31 37 84 31 90 93 15 57 52 43 31 49 84 48 79 2 11 69 32 49 17 2 47 
35 33 47 6 43 78 13 9 44 83 60 39 46 69 97 8 13 42 79 31 71 82 74 28 96 6 83 95 3 65 85 9 26 55 27 34 92 50 11 76 58 54 87 76 88 20 46 82 22 3 13 57 86 63 34 47 39 33 69 62 23 58 73 37 25 19 13 33 82 89 40 95 93 26 93 56 12 56 91 38 97 53 89 39 25 86 45 19 12 36 62 19 73 60 66 46 39 81 89 35 68 19 15 73 17 67 40 90 26 25 22 71 80 57 2 14 36 9 91 14 61 35 83 59 29 67 40 77 76 82 94 15 18 1 90 78 54 55 74 56 43 36 93 34 42 96 34 29 72 55 60 28 61 38 9 84 16 70 3 94 5 76 22 21 77 53 19 0 25 55 32 78 58 99 69 2 47 32 87 2 35 80 43 46 77 33 97 70 29 31 34 48 21 69 83 11 68 1 31 53 
13 79 66 49 75 92 78 40 88 79 50 93 72 40 34 12 39 89 98 65 49 10 82 20 12 79 10 46 91 63 85 9 59 23 19 41 79 21 56 72 88 63 63 3 72 87 95 25 6 92 79 91 31 61 99 9 67 76 18 1 95 93 15 29 69 96 17 97 65 28 70 13 95 62 89 72 37 42 63 78 62 43 91 15 7 77 41 12 65 10 17 49 35 78 55 0 77 92 6 66 37 52 97 99 86 2 42 15 46 55 37 82 56 95 43 71 57 78 32 76 46 51 93 45 47 2 78 67 11 85 55 39 16 65 46 96 36 57 88 88 59 43 95 46 27 78 63 40 6 21 67 10 15 46 59 15 80 12 24 30 57 65 16 17 29 3 94 85 41 18 84 89 45 59 43 65 47 10 95 73 53 24 12 10 35 59 79 23 56 94 5 12 69 6 29 71 16 69 28 13 
33 57 34 20 51 81 62 92 81 86 39 94 46 40 33 67 66 6 37 46 50 63 69 98 91 30 53 14 65 33 31 78 69 62 2 57 69 58 68 39 88 85 82 9 10 54 67 58 28 14 69 64 7 63 99 91 97 7 2 2 37 63 26 72 32 37 63 21 72 3 13 73 88 5 29 19 80 16 90 54 38 97 30 64 53 42 16 56 89 56 74 26 43 89 38 44 3 2 23 67 7 63 53 18 98 21 72 43 36 76 77 48 39 15 33 11 27 45 76 80 30 81 54 23 68 80 31 34 21 93 96 33 2 45 11 92 28 61 59 35 39 49 10 91 4 42 7 73 45 46 75 8 13 66 13 36 42 32 1 37 58 58 91 88 94 63 85 0 85 33 86 23 92 15 71 60 64 39 65 60 0 26 9 8 21 43 81 46 12 41 52 5 42 33 67 46 34 24 5 9 
66 29 72 80 75 53 81 18 15 46 14 91 99 89 9 39 2 28 64 12 27 72 87 20 34 31 70 31 14 4 71 69 69 89 54 14 16 9 28 90 45 88 73 56 59 80 12 18 0 53 64 63 57 83 47 79 85 18 30 70 10 75 57 28 49 1 93 44 20 94 39 88 75 67 17 88 6 1 27 84 52 30 63 39 9 4 76 45 79 39 69 32 71 9 2 87 59 37 30 95 70 16 76 51 80 40 11 26 82 94 91 70 57 23 65 83 7 25 90 64 93 91 89 29 28 46 17 74 41 49 32 66 27 19 73 40 4 76 67 18 39 61 87 95 40 76 96 83 84 72 5 44 30 84 51 40 86 22 83 4 73 10 82 30 30 43 63 6 80 94 21 50 71 8 62 8 23 18 66 1 18 35 8 50 22 80 62 93 64 41 16 17 91 2 15 35 95 97 86 26 
