4 35 5 8 1 37 62 57 77 99 23 33 57 7 11 22 12 98 18 53 33 39 39 80 7 24 64 86 26 22 15 21 76 93 33 67 35 58 26 35 17 53 20 38 46 49 31 53 48 30 56 90 53 25 92 99 68 33 20 70 13 53 23 78 18 85 12 52 66 75 92 1 94 51 89 3 1 16 16 26 40 4 1 78 69 97 17 38 18 70 12 46 14 38 31 89 93 55 0 8 81 14 37 91 92 48 98 45 26 60 10 93 46 4 55 68 25 53 52 96 50 79 4 87 38 40 41 17 22 63 10 22 45 36 69 0 83 10 3 91 38 61 29 33 20 66 7 48 42 52 79 30 88 52 76 73 4 86 51 23 87 17 10 87 69 69 35 12 4 88 12 6 60 32 56 87 74 38 68 51 54 86 44 51 78 61 31 23 44 78 30 22 35 42 84 38 41 70 21 72 86 46 20 65 32 19 49 78 19 53 0 13 72 78 64 0 2 66 23 97 2 75 18 55 70 44 71 85 29 29 9 12 22 69 8 49 35 68 62 27 23 57 17 82 85 54 62 73 31 71 26 97 67 37 91 18 61 44 96 5 78 71 24 55 31 15 44 78 96 53 24 9 18 15 57 72 95 69 28 85 33 32 69 64 70 24 28 30 3 83 39 92 11 17 58 82 29 33 16 15 87 52 67 57 65 40 6 82 13 11 56 80 73 18 99 49 56 96 78 72 20 43 32 42 96 22 7 32 92 51 32 96 25 71 91 95 19 90 72 42 96 1 43 27 6 15 50 6 48 77 93 43 65 30 91 58 13 69 2 34 61 46 83 98 73 88 31 70 60 11 85 60 46 57 57 50 53 24 76 67 46 24 97 40 85 95 88 53 19 48 13 8 99 44 86 37 67 38 96 18 
69 62 92 54 46 32 34 96 92 30 50 69 94 23 78 42 52 1 14 11 18 42 10 97 2 18 73 40 96 28 63 37 48 83 60 9 49 42 13 70 33 99 32 24 85 99 67 26 39 2 14 23 88 67 34 34 27 29 32 4 19 28 41 12 68 65 42 24 61 4 72 4 80 45 70 51 86 69 94 88 9 61 84 25 23 39 64 46 89 80 67 69 44 9 85 86 54 14 82 0 29 0 21 49 63 66 28 75 9 55 61 51 54 58 76 90 58 5 82 45 0 26 5 14 91 39 78 61 0 85 4 84 13 44 13 49 8 76 93 31 15 39 37 28 62 57 58 66 10 16 70 41 37 41 60 59 89 18 75 25 53 82 87 26 50 82 64 41 38 70 38 92 3 39 30 54 50 34 21 40 38 13 50 28 98 76 62 33 81 46 69 63 30 57 0 50 87 60 97 81 34 56 55 73 89 73 51 58 93 85 42 9 78 77 12 94 82 99 32 4 20 55 56 47 2 46 64 25 20 57 38 20 39 98 24 31 98 19 14 55 32 18 17 76 14 84 49 84 46 30 42 15 37 78 68 4 41 34 48 23 85 12 81 63 93 36 41 26 1 27 1 22 29 93 94 18 7 10 92 66 44 33 15 47 40 77 5 90 75 51 47 91 67 39 91 41 64 94 25 29 78 8 33 58 51 51 45 87 96 32 39 99 55 24 65 60 17 13 38 51 65 14 72 50 62 9 4 43 45 12 50 84 26 42 66 52 83 14 89 38 97 88 28 99 56 3 22 48 37 83 44 85 30 55 90 63 4 30 56 81 59 14 38 77 79 73 23 52 79 87 4 39 7 20 64 8 49 14 3 86 7 45 99 52 86 19 18 31 83 42 22 22 27 36 34 97 56 9 6 93 
50 27 16 96 97 98 23 55 69 89 48 16 15 61 83 69 42 36 96 66 58 49 11 58 24 34 1 79 50 94 41 40 36 0 42 22 19 96 17 31 41 36 12 27 98 85 16 75 69 16 48 83 69 55 8 10 94 9 93 61 67 68 1 8 74 96 49 72 70 80 61 46 19 20 9 78 31 79 81 3 35 54 18 6 5 96 58 50 37 79 44 23 58 71 90 42 59 14 59 71 57 88 8 4 54 79 65 2 38 62 72 5 65 57 5 68 25 41 84 9 86 45 11 54 51 76 48 9 83 37 46 58 32 87 47 30 90 75 65 42 87 58 79 28 50 19 27 9 74 88 9 76 64 56 6 50 87 53 22 98 34 99 71 7 60 77 0 44 68 46 81 11 91 87 67 73 38 79 86 40 34 38 24 99 59 78 25 78 49 39 25 93 25 47 14 2 47 58 95 53 19 82 0 68 73 0 67 35 77 25 7 14 7 92 94 12 84 25 84 47 37 71 9 29 99 45 43 32 84 26 66 22 7 89 0 6 70 51 17 31 72 97 33 94 1 44 51 78 18 92 18 76 56 15 62 39 93 73 10 65 32 13 11 74 21 21 43 33 93 91 55 69 26 15 62 81 34 92 63 47 29 91 16 54 93 41 40 6 74 91 90 68 37 15 36 90 47 81 10 56 70 37 90 12 68 47 76 83 8 98 70 28 17 17 22 12 44 12 71 75 34 79 8 90 18 92 47 5 0 21 73 96 1 35 2 84 21 81 12 83 99 56 47 20 11 80 32 91 54 27 18 81 61 61 45 51 75 40 52 48 85 41 84 44 71 2 3 66 5 49 26 70 61 61 71 80 98 39 58 3 42 84 14 49 8 13 98 41 53 83 1 39 72 93 87 33 3 50 81 26 
68 35 94 43 28 69 26 55 63 2 71 99 72 46 63 26 50 60 90 99 39 82 77 85 60 73 9 38 70 60 55 59 19 3 44 39 11 39 28 50 17 57 93 75 89 41 5 90 96 40 56 63 2 91 63 87 74 65 99 72 18 74 50 18 93 70 27 69 67 29 65 24 32 12 62 33 79 29 48 98 76 42 23 18 52 36 84 0 0 65 25 22 45 70 62 11 90 30 8 54 95 94 96 66 76 88 43 78 77 70 71 8 56 39 36 51 47 3 0 9 57 85 7 54 87 90 87 68 3 29 79 85 75 22 47 52 46 87 79 97 60 24 24 32 60 17 95 58 87 50 71 81 50 54 53 33 94 44 25 84 19 61 48 99 63 2 48 81 33 62 76 76 18 15 93 37 70 10 48 81 86 59 96 49 21 14 22 5 28 70 47 37 22 72 7 0 64 16 0 10 89 50 16 47 82 31 30 16 4 5 2 94 34 52 44 97 1 58 63 54 28 10 27 0 57 53 39 39 21 85 7 22 27 65 76 47 0 96 97 53 33 33 15 49 34 80 88 68 18 31 76 3 15 67 7 32 27 43 77 5 95 93 40 90 90 9 48 56 29 99 21 55 30 44 29 7 67 91 33 98 29 19 13 85 80 13 68 22 0 36 77 25 20 57 45 73 14 28 80 57 36 90 33 54 90 5 77 68 24 37 26 44 85 64 82 40 67 16 57 45 73 3 79 4 78 55 0 96 64 56 36 79 2 91 66 3 73 60 6 71 41 30 82 22 62 21 75 47 61 12 96 2 32 32 75 53 29 73 86 99 99 3 3 53 49 52 60 50 68 41 90 64 2 18 48 3 36 25 3 58 56 37 7 16 68 59 13 57 7 53 90 85 7 99 86 20 83 91 87 98 
89 24 51 5 32 13 49 52 76 66 67 70 98 87 48 72 54 40 92 76 66 77 2 47 5 87 13 63 15 22 58 40 47 37 31 19 2 27 5 57 78 79 19 51 39 98 80 74 36 75 33 73 29 88 81 32 68 63 28 3 6 63 55 27 47 24 28 45 61 72 12 61 64 12 31 76 42 98 70 85 81 80 8 56 69 61 18 49 36 99 63 4 59 93 92 68 55 9 23 25 71 88 66 32 24 69 94 62 51 88 53 58 53 92 9 7 69 42 14 25 41 55 1 33 90 24 22 63 34 0 51 11 71 20 66 63 69 62 22 32 54 58 32 72 13 21 15 11 89 2 37 85 48 3 84 2 24 36 37 99 4 22 38 60 42 38 82 6 12 23 9 51 48 73 49 28 44 36 60 67 38 17 58 4 44 67 34 65 0 4 28 24 86 77 22 40 14 52 20 32 19 0 76 23 12 26 82 17 31 14 94 41 31 59 51 55 82 51 96 43 2 75 25 43 23 55 68 22 62 32 89 6 24 89 27 59 34 75 11 24 48 85 90 77 64 64 26 94 40 8 33 71 54 54 26 16 91 90 56 19 34 84 0 83 55 67 17 48 15 46 54 21 69 27 72 92 77 72 64 72 93 40 99 87 33 50 0 30 91 72 54 86 62 42 39 8 99 28 60 81 98 30 30 7 58 66 51 78 23 83 49 66 42 0 28 39 54 3 87 94 86 31 49 84 19 76 20 53 72 81 50 27 7 14 30 34 9 12 93 66 33 2 1 3 85 89 77 48 45 85 27 8 36 89 19 48 93 21 0 9 18 19 72 25 43 56 47 83 80 56 48 28 79 59 76 76 81 21 58 10 15 1 31 95 58 73 54 55 78 45 3 29 78 81 62 60 84 75 45 22 
18 6 53 78 82 23 1 28 14 62 67 24 79 21 49 3 3 35 3 21 52 44 25 84 19 90 12 51 25 23 56 79 72 81 32 2 41 59 37 64 37 26 52 3 38 14 63 73 43 71 34 37 66 50 62 10 1 52 93 31 63 88 15 36 13 23 29 60 96 97 52 12 88 43 16 62 62 81 62 65 86 61 98 0 53 95 49 61 16 22 6 4 80 18 95 4 9 51 7 89 36 67 14 23 74 92 16 26 73 56 69 66 29 97 37 81 56 7 55 51 49 99 31 77 35 65 73 77 24 69 16 28 60 63 94 37 60 33 28 26 34 73 14 53 99 27 77 61 63 82 56 84 48 73 72 7 33 77 59 47 15 94 26 62 76 83 70 88 40 10 12 67 54 95 23 61 53 75 31 91 6 12 28 53 51 11 49 81 84 3 1 28 69 28 26 15 9 50 52 33 37 47 20 29 88 86 98 15 38 49 99 0 62 25 51 46 64 93 38 4 50 53 53 53 67 52 92 82 22 92 89 19 68 52 15 31 0 9 9 31 34 9 65 87 54 46 8 70 82 55 66 11 71 8 69 21 47 66 19 36 95 33 97 84 76 17 91 33 67 94 28 48 45 60 68 29 82 97 85 25 34 9 50 87 57 81 39 45 51 19 24 88 84 61 0 88 1 46 86 73 76 0 33 62 8 56 1 74 59 36 4 69 70 87 22 51 74 46 57 40 75 5 8 91 22 68 85 84 79 27 61 56 95 87 35 63 18 71 76 77 40 17 58 15 40 34 6 68 58 81 56 68 45 6 93 5 56 74 18 84 39 64 31 33 32 47 81 92 31 23 25 3 93 98 42 70 56 44 74 38 59 92 67 53 83 12 88 29 43 67 57 19 4 78 30 26 80 73 60 56 
68 14 32 55 99 93 90 60 21 62 53 72 39 21 96 76 73 37 84 39 18 99 7 14 94 67 44 99 38 19 92 76 40 30 69 78 81 92 68 41 67 13 56 87 38 75 81 9 57 71 35 48 93 54 67 84 90 84 82 89 51 74 68 39 23 5 91 24 75 78 17 54 58 39 19 74 38 58 67 47 9 24 3 48 60 52 15 2 99 94 36 76 41 94 86 51 53 86 79 20 93 35 9 35 47 98 94 34 5 5 66 43 28 19 77 66 24 74 57 95 25 79 86 11 46 32 40 76 63 73 61 30 64 11 56 7 21 28 21 71 78 22 62 40 11 28 33 7 96 2 74 20 1 37 64 87 78 74 67 71 77 78 89 63 24 22 74 87 56 19 60 64 10 44 38 71 13 39 95 15 72 50 14 85 50 47 25 71 27 70 3 48 81 65 67 35 51 80 78 14 60 74 54 33 64 71 88 95 86 24 78 73 53 64 65 25 96 5 6 4 63 38 56 42 61 46 82 97 43 65 57 17 2 80 4 75 80 71 66 93 43 35 47 41 90 26 47 64 20 86 99 33 2 28 70 14 92 81 47 82 67 89 67 51 45 39 98 58 14 41 37 5 58 40 91 52 75 43 51 55 65 20 52 15 66 55 56 83 78 46 90 57 7 96 68 93 14 2 4 57 63 11 97 94 69 23 47 14 81 26 43 2 71 14 29 78 61 30 35 90 88 33 27 67 92 94 92 47 60 1 49 21 2 14 17 45 4 84 42 38 23 85 17 37 38 60 81 25 2 35 23 67 49 50 94 64 93 60 2 36 99 88 11 73 19 11 67 5 90 40 23 13 29 95 41 78 63 30 14 68 82 49 12 37 18 54 46 3 27 32 3 77 7 91 88 46 15 96 53 7 
47 53 85 2 7 60 89 40 65 80 18 25 40 48 94 12 9 15 61 52 20 20 36 45 53 59 65 44 65 30 56 78 55 5 17 74 6 56 68 57 65 51 38 85 56 76 64 34 72 23 97 16 50 94 38 37 36 54 46 46 25 6 88 99 27 22 55 36 21 19 53 90 41 25 37 51 94 41 55 60 47 80 71 43 32 24 28 40 85 53 54 37 28 15 32 46 98 50 27 10 29 53 93 54 35 7 1 93 59 51 3 45 0 72 50 20 63 48 17 3 18 16 35 44 53 80 78 14 36 83 41 49 13 94 4 57 15 82 0 27 34 47 12 62 97 33 92 8 50 68 24 26 53 88 51 36 88 91 80 59 34 63 28 87 69 79 6 33 44 84 23 38 16 99 58 14 30 81 67 75 45 51 38 36 2 59 87 52 70 71 31 59 14 81 42 64 5 38 90 68 81 95 14 90 43 12 85 91 49 15 4 32 13 65 83 85 3 71 11 9 42 72 31 83 95 44 85 23 42 40 82 10 81 81 37 18 69 91 8 73 4 83 51 27 97 74 55 46 90 78 47 62 64 14 76 94 54 42 14 21 11 50 76 60 57 88 8 31 90 70 44 65 38 80 8 85 81 78 17 87 27 54 70 40 36 17 69 38 65 46 72 49 20 98 41 81 19 14 94 12 44 18 81 99 88 88 63 70 97 5 3 95 0 18 45 83 39 97 84 59 63 76 25 44 26 82 45 90 39 69 20 54 21 36 11 26 85 2 19 21 58 19 51 51 99 74 52 66 32 70 95 22 77 36 87 14 56 29 91 31 47 16 62 52 17 23 25 23 57 99 74 83 15 16 2 27 35 41 95 41 52 20 47 15 66 78 95 42 58 66 25 99 73 31 48 47 6 42 89 26 
60 5 70 43 69 88 64 82 17 85 62 70 77 27 24 85 14 35 73 85 85 23 21 55 4 38 26 51 78 59 1 57 75 61 7 94 62 27 53 0 12 25 29 83 37 71 41 68 1 57 29 6 3 55 64 10 57 45 31 51 96 69 66 35 49 91 7 4 84 62 48 94 20 93 55 52 68 33 56 94 40 9 59 42 91 90 38 69 11 44 85 39 5 36 56 98 54 4 73 48 71 79 6 28 65 2 57 62 53 87 59 45 30 71 78 8 38 16 63 28 6 39 30 53 24 84 46 43 91 86 32 74 66 72 15 93 36 82 3 32 52 47 43 65 39 76 55 53 46 57 30 38 42 18 59 30 21 9 50 57 55 10 61 8 25 59 99 70 80 14 13 91 69 87 40 87 92 34 46 40 58 33 0 75 16 54 19 25 72 35 50 52 70 61 92 75 16 98 90 31 10 58 27 11 88 49 49 66 44 7 91 34 35 64 37 77 19 61 80 56 2 86 31 98 57 10 77 82 19 71 52 2 92 91 40 31 38 40 76 19 11 38 86 43 7 38 9 61 35 12 60 55 78 86 81 53 27 72 19 75 59 68 52 74 64 7 33 72 27 31 59 82 38 18 10 82 92 39 84 82 13 88 0 95 77 24 60 33 88 17 12 2 72 72 63 21 86 79 38 89 1 64 75 50 96 25 32 8 46 84 2 41 60 23 60 52 21 54 95 47 45 60 98 60 4 31 93 12 12 0 75 83 94 74 72 44 53 14 40 16 72 23 74 37 48 99 20 45 16 29 52 58 61 65 74 13 13 97 54 2 28 41 52 94 45 97 98 39 69 57 74 43 86 37 45 88 6 46 80 35 6 70 29 24 96 11 91 68 38 50 25 76 14 57 61 65 7 69 5 4 
5 10 62 32 44 75 31 38 29 10 59 53 81 59 99 86 70 64 19 73 92 70 92 73 72 86 13 84 75 58 84 95 8 9 48 36 19 83 52 56 69 54 62 76 79 50 1 18 0 67 49 18 1 37 73 22 76 83 9 48 25 96 92 95 27 42 67 15 25 39 96 2 11 22 81 83 80 21 49 80 29 48 56 64 40 95 29 10 85 80 33 57 77 83 25 8 69 9 72 32 25 54 54 55 97 6 64 31 10 58 53 56 62 84 37 82 86 88 16 50 28 97 93 54 96 83 15 31 2 62 35 95 20 39 55 92 2 82 75 16 39 72 30 53 98 65 8 14 5 61 33 42 20 66 44 88 25 93 29 20 58 33 16 18 96 68 99 40 55 42 65 73 82 11 69 71 33 32 4 44 32 52 14 13 77 71 0 14 16 7 73 50 30 39 94 22 80 84 18 56 54 26 72 46 0 19 23 99 55 9 15 65 51 38 25 79 75 40 59 1 38 55 89 58 69 42 67 38 13 27 52 52 22 54 22 57 96 40 55 53 17 37 83 9 27 24 75 14 19 57 38 17 98 95 86 68 59 23 21 63 10 69 72 95 76 34 24 91 54 50 23 0 98 98 1 15 63 16 40 16 72 82 41 41 88 89 12 62 9 11 61 80 67 14 60 45 62 18 77 87 2 93 97 37 70 2 21 64 79 84 64 5 63 27 91 94 5 59 51 83 22 84 79 35 92 66 26 19 54 75 99 47 45 9 75 83 70 95 75 75 4 99 94 94 10 53 70 67 96 99 90 25 34 36 18 53 70 62 55 93 56 23 92 19 66 70 66 47 93 83 18 77 45 28 20 54 67 34 36 28 17 28 86 13 70 74 12 33 32 36 67 30 30 63 13 92 30 16 9 96 
99 81 92 5 22 41 60 10 10 32 42 55 69 69 31 90 53 25 75 47 51 89 17 87 2 80 74 94 7 20 50 19 41 89 91 36 31 37 39 14 9 17 24 26 63 44 89 25 67 27 80 77 13 21 34 76 92 0 3 92 52 48 3 0 65 86 60 86 49 48 53 73 2 47 6 65 91 72 28 45 25 39 51 72 84 65 79 0 14 77 16 31 26 6 53 10 50 38 3 78 27 74 97 20 17 28 63 1 89 37 48 35 97 97 64 63 40 47 86 19 78 70 84 26 3 60 20 9 97 92 3 45 34 43 9 78 8 46 24 6 70 91 20 2 22 21 14 16 67 69 87 86 56 91 28 70 37 12 96 87 8 40 70 22 9 51 23 92 97 4 73 23 25 50 57 11 93 15 55 7 31 58 92 77 78 35 92 26 59 92 73 85 74 62 62 26 8 94 80 1 63 22 10 4 59 31 35 86 36 31 21 53 76 73 7 55 74 12 36 99 10 2 82 6 84 51 92 40 63 32 92 98 79 0 59 43 19 12 2 70 70 37 1 78 88 76 46 45 63 81 44 37 44 37 24 8 88 13 60 25 19 26 70 71 84 22 28 38 97 42 46 4 75 14 39 9 37 26 87 94 66 82 83 59 61 93 67 39 32 73 86 48 31 98 32 59 6 20 44 61 97 65 18 79 60 96 62 55 98 47 51 7 57 39 75 25 35 97 51 40 88 39 5 86 67 73 96 63 37 74 24 97 36 62 43 48 64 28 88 91 96 95 89 12 47 92 94 36 56 47 20 7 90 32 46 87 4 44 19 74 34 16 0 97 41 7 85 86 16 43 83 6 98 94 63 60 33 62 1 68 23 34 85 27 0 90 53 6 33 29 93 73 44 90 28 58 84 78 72 94 
42 51 4 24 48 64 31 95 13 51 11 5 81 51 95 13 10 99 26 8 54 50 14 31 12 61 48 84 14 13 72 60 0 14 59 12 70 93 90 18 10 80 58 66 84 20 70 0 70 29 81 96 48 62 13 77 72 67 87 50 94 90 20 67 70 42 75 46 1 33 8 53 44 50 28 51 2 66 98 13 30 98 22 15 38 80 28 31 94 5 26 41 96 80 93 51 30 61 34 39 20 4 21 47 64 11 30 97 11 77 71 35 62 5 8 16 60 26 61 36 38 16 97 80 36 55 0 41 54 46 2 83 51 23 36 41 41 29 88 16 70 9 48 43 36 34 84 28 63 47 53 60 26 90 56 68 47 51 19 25 73 21 36 5 99 4 95 62 47 86 50 59 79 47 31 65 18 80 46 47 70 27 52 61 44 33 75 9 68 71 66 11 84 22 40 42 43 96 12 31 15 48 16 86 50 45 18 92 99 61 10 16 85 14 1 20 36 68 78 50 84 85 95 65 10 40 10 74 44 16 36 60 68 57 5 99 12 53 14 0 68 72 16 16 56 88 22 12 76 62 80 79 58 29 28 82 35 13 25 16 4 75 19 16 62 79 54 36 96 89 59 63 40 89 51 34 44 61 33 98 98 73 46 89 34 65 90 8 7 93 18 28 73 84 48 24 14 57 59 13 86 3 64 38 91 8 92 67 52 45 91 1 33 68 28 16 96 94 77 47 99 14 42 75 10 89 85 99 66 83 64 19 38 74 11 12 93 37 3 50 65 84 24 95 6 31 98 35 77 80 21 33 82 61 71 33 56 1 24 50 25 1 33 50 93 86 46 91 15 37 32 28 73 55 27 52 36 94 47 31 52 87 90 83 85 34 29 81 58 59 94 72 56 67 85 9 31 14 26 75 
16 14 83 53 86 64 2 98 3 41 89 91 10 44 55 76 66 81 30 40 44 73 99 54 89 21 26 72 10 8 71 53 52 57 43 80 52 20 15 46 51 36 54 48 49 45 89 13 79 67 4 37 23 50 43 7 47 87 46 92 4 43 76 41 8 7 90 77 65 64 43 6 49 27 59 74 79 52 40 53 76 70 40 45 41 30 33 0 46 69 90 61 28 95 35 74 63 50 18 49 99 98 58 42 64 74 76 12 56 87 52 14 95 88 6 71 33 81 46 61 67 88 21 11 11 40 82 81 25 56 40 44 42 96 8 42 89 58 28 50 14 80 77 32 10 31 62 0 68 11 31 5 85 78 25 81 23 86 50 13 63 11 59 81 52 93 8 85 10 69 61 82 63 49 34 8 21 93 20 88 32 53 2 73 1 24 4 83 50 74 47 15 4 17 97 57 39 24 76 39 45 20 37 73 26 56 49 62 86 49 75 2 24 77 15 64 77 63 15 42 20 6 13 18 76 89 28 72 23 59 66 65 6 68 73 34 40 52 80 73 63 22 81 15 16 48 92 67 75 73 70 18 40 23 59 15 32 94 45 69 98 29 71 83 31 51 5 11 48 93 56 78 35 90 40 2 29 35 91 61 47 56 97 46 94 94 34 86 19 82 96 64 42 34 50 32 54 63 25 60 42 63 12 68 15 40 77 56 62 68 45 83 39 58 80 34 46 21 23 2 45 80 81 82 74 6 37 77 39 75 72 46 91 50 82 28 42 76 35 32 87 12 50 93 97 9 86 4 5 6 11 28 83 36 88 55 27 41 98 9 40 70 79 5 73 70 72 33 84 86 44 3 29 64 78 10 24 88 40 74 22 83 25 47 63 78 56 18 75 35 3 73 11 90 26 80 82 39 59 80 
38 74 54 41 51 19 65 75 53 55 50 12 61 18 24 72 15 50 79 88 9 16 94 40 63 50 17 59 22 73 87 61 94 56 2 97 29 36 54 55 43 86 12 23 31 42 3 70 91 12 35 80 58 12 11 39 41 54 72 0 40 88 72 19 38 68 76 27 88 45 90 71 18 9 42 86 86 18 99 34 10 73 56 91 68 16 72 22 44 82 3 68 60 29 98 59 86 58 88 97 91 69 22 6 27 96 39 23 93 12 12 43 16 55 32 21 94 86 24 96 72 2 33 38 22 74 52 76 45 95 30 8 18 68 67 97 48 71 93 23 25 15 50 6 13 99 98 45 4 79 86 30 49 94 47 56 75 36 27 55 19 21 53 75 57 30 80 39 55 6 46 92 40 91 89 87 6 94 13 11 75 52 15 11 64 22 13 46 46 60 83 3 72 38 58 16 77 79 84 17 84 57 23 70 69 32 40 73 54 78 58 77 66 59 3 24 64 99 51 1 71 52 52 21 65 88 1 23 89 35 74 75 62 92 7 73 57 30 53 73 49 37 29 36 41 22 14 4 93 51 1 25 71 22 34 33 53 1 90 97 18 54 47 12 13 68 32 55 26 9 14 26 44 73 78 31 17 28 43 16 24 91 58 61 37 77 64 18 84 51 53 82 31 20 71 21 57 47 84 51 11 25 44 89 50 72 76 67 49 28 95 43 88 44 35 94 45 88 52 48 2 0 37 21 76 85 14 49 75 18 72 95 89 3 34 13 11 1 49 35 73 40 75 98 14 84 33 47 44 29 72 53 48 55 11 75 77 34 83 1 74 78 20 68 86 61 14 71 28 39 39 57 37 15 57 49 88 37 37 53 64 3 5 50 90 71 28 35 71 49 56 40 90 9 76 53 1 20 14 63 
0 88 11 69 66 1 49 51 32 73 54 84 80 46 99 18 18 58 61 10 5 80 43 87 24 9 40 10 14 33 35 76 87 27 49 77 63 14 37 89 57 50 79 87 41 94 41 23 94 35 5 39 39 5 29 18 35 57 63 41 18 18 81 23 41 20 88 94 45 66 3 66 68 3 55 82 81 15 88 89 33 38 7 11 10 6 66 36 75 49 18 52 48 93 28 39 79 43 54 10 35 5 1 15 68 87 15 30 39 41 97 33 84 23 66 81 65 61 41 97 60 60 65 23 84 5 83 21 12 24 21 21 73 39 21 56 21 36 79 67 3 4 30 59 85 90 35 19 0 48 48 87 3 20 16 79 19 37 96 84 77 7 54 31 75 16 23 64 16 69 19 68 38 69 19 30 7 24 54 62 52 10 13 43 75 4 3 47 23 3 81 37 40 85 1 46 34 77 37 11 76 86 26 50 19 66 66 66 47 55 15 92 72 22 37 64 77 68 9 33 47 82 27 79 99 28 97 89 89 96 97 54 45 35 78 68 35 24 9 13 31 36 29 29 20 94 52 4 36 52 76 78 80 86 22 99 74 29 0 82 24 14 73 45 99 80 73 87 48 4 90 73 78 28 98 37 68 97 65 39 8 80 58 68 64 27 25 13 16 61 16 90 36 40 35 55 79 70 64 15 40 0 51 2 4 13 72 50 69 39 82 42 77 57 68 27 78 45 66 56 73 42 42 20 28 76 28 17 12 31 87 59 63 38 40 85 86 84 24 79 18 56 13 37 60 1 69 23 87 52 11 25 49 10 94 53 20 28 95 18 62 76 65 75 51 8 43 61 27 22 10 6 88 20 7 75 92 81 47 26 62 20 61 35 49 51 4 8 41 99 54 71 82 33 44 89 50 36 79 95 
27 86 9 23 97 68 12 97 13 86 4 87 51 89 56 67 99 99 27 82 66 56 23 80 55 11 54 2 84 77 3 75 15 83 87 96 44 98 84 34 52 78 98 56 86 0 36 16 30 4 73 74 47 37 55 36 26 0 44 21 83 19 76 12 78 7 26 62 2 47 79 75 0 11 70 98 40 23 80 11 23 0 68 29 81 73 10 91 33 10 86 96 29 49 30 43 0 65 31 4 25 80 20 99 45 79 87 80 96 27 2 96 96 2 25 63 43 64 16 55 46 27 0 15 13 21 61 95 93 77 26 71 76 63 40 43 68 0 96 78 18 49 88 78 24 38 12 31 53 74 69 89 24 93 97 7 4 54 40 17 66 51 55 94 31 26 71 35 44 0 0 78 83 23 23 54 76 88 16 1 43 99 4 20 60 27 74 12 48 64 41 85 50 39 13 39 11 99 81 26 45 61 56 34 74 51 67 7 87 16 11 43 58 71 26 25 5 65 80 73 4 3 2 30 78 77 18 82 83 12 10 24 72 42 5 46 55 31 43 50 81 30 55 2 49 82 7 11 71 26 48 6 41 84 72 40 73 17 40 40 87 23 97 30 16 87 76 19 3 61 52 50 82 90 61 33 85 28 91 36 67 12 69 41 41 89 30 96 87 27 0 69 15 62 91 32 33 88 84 0 5 72 27 0 7 40 97 62 40 2 58 20 95 6 18 75 63 99 98 70 68 23 10 32 32 20 4 78 39 85 99 75 93 60 2 48 99 69 47 89 72 94 91 73 54 40 22 15 11 59 26 53 25 6 29 2 82 21 56 38 83 2 7 69 75 21 85 33 99 83 50 23 81 61 76 92 1 95 30 43 70 79 44 66 61 86 75 90 55 21 99 43 68 79 18 20 8 15 18 51 
5 39 99 80 45 28 3 71 26 1 42 79 63 4 74 49 40 28 82 49 85 12 60 43 63 36 57 68 91 34 48 59 83 74 39 15 22 49 65 22 8 3 82 52 98 43 49 36 91 45 39 71 51 46 65 15 63 78 7 29 1 6 22 33 57 6 67 93 44 46 21 17 59 65 54 34 24 39 36 50 1 31 54 91 77 79 76 26 60 55 2 93 61 19 93 76 41 9 2 17 93 6 41 19 16 96 53 32 36 95 41 73 18 96 54 81 64 95 30 32 38 72 28 23 71 65 17 81 21 30 83 32 91 44 23 12 46 54 60 31 74 21 34 42 55 67 57 26 27 14 94 19 46 10 27 25 43 32 17 32 68 36 33 89 10 82 40 9 77 16 76 22 23 20 60 52 15 16 93 14 23 53 10 20 91 3 56 76 2 9 23 68 87 45 29 81 28 3 0 10 66 71 50 6 78 64 31 56 2 2 51 72 54 94 20 70 45 33 30 27 15 14 33 53 41 20 3 44 71 87 15 6 28 94 93 18 79 89 31 97 41 31 39 41 70 19 38 19 37 30 84 6 62 68 80 44 90 77 39 81 42 50 33 46 75 4 96 7 46 63 79 76 90 90 49 28 63 42 78 11 61 8 33 47 0 88 68 53 23 76 5 9 58 72 69 69 84 7 38 61 8 86 97 84 36 51 96 54 67 45 92 15 72 94 86 56 0 93 73 83 18 97 92 83 9 33 44 4 54 90 52 39 76 26 43 70 56 66 45 43 68 70 70 23 51 0 68 81 74 62 71 95 58 0 77 64 1 45 18 74 81 53 90 78 67 15 14 6 92 3 17 94 26 63 38 18 44 86 56 11 51 13 9 72 76 61 56 55 18 16 15 88 58 16 24 85 47 17 74 55 
79 46 18 48 43 35 58 5 54 60 85 9 98 93 36 91 42 72 45 69 19 59 99 50 3 43 45 45 58 28 58 70 81 64 72 52 5 94 92 15 50 46 5 13 31 46 72 16 83 42 80 53 76 12 69 51 67 18 67 45 56 45 72 30 59 3 61 27 39 79 77 37 59 52 54 64 10 19 41 38 87 93 48 36 73 53 31 8 55 5 84 54 4 62 22 36 64 60 47 68 18 68 16 83 37 34 90 48 8 22 35 69 7 30 95 14 39 84 87 60 5 84 85 40 82 41 85 79 13 84 19 12 25 96 19 52 36 28 58 57 72 66 17 14 22 74 79 94 13 47 14 72 84 51 38 82 42 4 45 76 48 69 14 34 56 71 60 40 37 90 21 91 99 91 84 1 72 63 49 57 47 12 91 67 84 18 34 68 20 45 49 35 7 93 21 19 19 62 88 65 11 21 65 20 92 74 9 49 58 15 8 22 38 81 36 90 94 78 19 56 61 55 87 19 89 82 55 23 99 39 87 64 62 39 24 95 71 85 25 67 79 65 10 18 93 24 63 76 29 41 87 15 53 89 13 16 23 14 46 13 59 35 9 72 87 13 92 34 28 65 11 91 91 28 29 13 96 43 29 86 69 65 91 52 98 69 88 71 96 80 44 94 8 18 45 74 45 24 42 65 40 18 78 40 83 6 59 18 79 37 26 72 51 56 99 49 42 82 76 88 60 52 87 77 64 57 21 21 88 70 73 94 90 49 73 98 34 46 13 13 51 38 82 41 78 72 67 62 8 48 9 59 60 86 32 19 25 14 99 47 65 1 0 26 42 56 13 38 20 44 94 59 31 10 61 58 42 83 6 20 33 51 22 34 3 54 22 11 35 55 80 12 51 44 94 48 37 13 86 88 
45 48 21 84 52 53 62 46 4 79 45 62 96 11 57 24 89 44 55 90 12 74 64 69 86 79 8 81 26 82 84 67 10 86 33 95 57 59 58 18 47 95 33 66 89 76 52 23 82 92 13 64 58 69 58 94 67 65 55 60 9 65 66 20 6 34 24 37 98 60 21 46 51 83 3 13 48 62 88 23 7 82 33 48 48 67 4 50 57 48 92 87 27 61 30 14 58 52 40 97 43 81 95 89 25 11 82 34 90 49 81 38 15 82 71 66 71 27 12 62 8 51 6 10 67 97 74 42 12 48 13 68 37 48 28 67 35 95 41 90 38 54 14 1 55 76 3 84 26 43 99 77 72 50 95 14 61 39 3 52 83 83 97 18 99 86 67 89 84 67 43 60 64 51 9 43 1 60 25 3 57 38 49 32 62 69 17 95 85 14 57 83 8 59 63 54 33 88 1 87 93 43 37 22 53 22 24 81 23 19 52 38 89 36 50 91 49 44 10 52 28 50 75 31 89 33 2 60 48 8 50 20 52 51 55 96 28 41 20 58 89 47 85 7 89 61 57 5 2 0 3 30 89 7 75 54 21 10 63 57 3 68 42 1 8 39 21 47 29 86 61 72 21 22 48 34 33 65 67 14 15 39 11 40 13 77 67 93 96 76 74 77 30 90 5 69 5 68 7 11 41 63 47 47 45 74 81 24 81 36 77 23 82 78 0 43 55 16 8 87 99 69 87 24 10 60 39 85 48 48 40 95 91 82 49 32 41 45 12 49 2 62 84 88 55 90 92 67 83 17 50 25 9 35 41 40 34 65 43 5 4 36 1 20 51 46 40 31 19 62 56 56 7 92 63 24 45 21 93 51 41 66 53 26 34 80 94 80 70 52 90 68 65 45 59 41 74 62 96 71 
53 64 46 69 88 12 17 68 28 5 28 3 54 52 44 96 78 83 56 34 67 75 88 78 24 29 63 59 55 0 65 73 10 45 39 18 50 3 57 52 76 92 80 81 89 96 89 67 6 44 56 38 16 49 49 93 96 62 56 45 34 31 95 80 51 8 4 5 72 82 28 95 85 12 48 6 94 16 86 28 77 75 14 97 53 22 20 26 93 99 29 12 31 55 6 25 67 41 40 42 14 95 46 73 48 43 15 49 26 30 76 91 12 40 65 27 94 6 51 52 56 75 29 16 75 40 53 67 10 84 90 14 13 56 31 55 89 15 90 47 20 88 30 59 26 83 67 15 32 49 64 1 20 48 21 16 9 86 29 87 24 53 89 44 84 43 39 1 86 7 66 51 92 8 62 93 95 32 94 58 38 27 16 57 81 17 57 81 86 26 30 25 18 20 22 1 55 2 93 26 53 43 84 15 67 69 82 44 59 63 11 91 61 21 99 69 31 66 45 86 69 90 52 76 63 33 29 25 63 8 90 3 93 99 47 67 80 86 76 53 51 68 34 59 27 69 45 37 23 63 72 48 70 75 98 29 20 93 70 27 59 37 26 95 75 67 38 80 83 73 62 20 66 55 30 14 10 16 17 20 36 56 88 58 41 9 74 59 84 14 88 32 71 96 73 91 26 19 28 30 33 73 96 0 93 81 25 11 62 35 88 34 83 9 87 45 15 89 18 3 39 29 53 99 4 27 31 2 70 79 10 0 36 98 40 73 82 48 57 51 41 32 30 21 31 70 22 49 3 73 43 84 1 51 47 65 8 69 43 97 23 51 60 51 75 92 20 13 47 82 91 5 89 13 51 42 12 35 65 49 93 55 97 55 15 6 43 6 81 27 87 4 66 56 78 46 11 95 70 77 
96 49 39 21 58 48 63 56 54 49 3 61 54 26 96 56 16 8 65 73 63 3 41 38 74 28 11 94 50 15 92 88 27 3 73 21 42 75 50 73 46 70 18 83 61 41 27 14 72 83 24 22 5 66 58 8 47 20 32 75 7 60 91 19 74 78 44 99 51 29 95 29 35 43 4 12 70 94 47 53 43 41 86 54 3 20 90 77 50 33 98 8 14 35 74 5 29 92 94 55 68 77 87 53 1 25 78 59 85 36 17 51 86 5 1 73 33 97 92 2 74 81 51 89 76 78 87 36 74 44 85 34 26 53 18 93 17 58 12 69 51 23 30 45 17 83 6 26 48 66 93 62 7 30 87 88 44 90 12 92 95 14 30 84 0 56 16 92 82 64 26 69 91 6 89 94 14 30 25 66 79 21 22 94 30 62 92 46 50 44 66 15 31 34 29 64 42 50 44 83 92 14 31 85 74 7 29 16 19 52 70 21 34 64 77 58 86 71 32 82 67 6 69 30 23 16 69 70 85 67 4 53 72 63 56 89 15 74 21 83 31 36 68 58 2 89 94 73 79 72 33 85 14 10 81 27 34 88 24 76 3 67 98 83 5 81 18 59 70 25 42 96 15 18 5 53 46 26 79 48 74 57 33 54 23 55 26 82 24 62 20 59 54 14 3 44 71 87 50 12 11 41 4 11 61 51 83 55 46 34 7 46 65 2 64 27 35 72 35 95 49 62 70 6 2 69 59 97 46 81 11 11 51 2 87 7 56 33 23 56 55 8 89 60 11 67 40 16 5 59 41 92 26 32 6 11 58 22 81 94 99 47 40 49 85 24 79 52 45 81 37 51 40 6 42 69 57 60 64 10 29 47 48 88 66 28 48 74 10 66 87 78 61 49 64 73 82 20 31 12 
6 95 52 45 45 55 14 46 17 37 55 1 88 96 64 57 9 59 35 72 26 26 59 14 57 71 68 93 24 64 4 1 42 24 86 85 26 75 28 82 98 38 90 24 32 66 61 96 88 43 24 85 51 56 90 93 42 41 84 65 73 70 90 95 49 94 37 88 20 58 10 34 1 83 29 88 64 85 54 24 34 22 64 36 8 14 72 96 64 40 68 18 1 44 21 95 24 87 30 13 2 56 50 42 88 76 52 8 93 45 92 53 35 46 48 90 65 86 65 94 99 26 60 88 22 64 97 24 86 29 73 97 65 25 81 41 17 70 94 41 9 70 59 21 80 53 31 50 35 26 36 84 20 80 19 18 34 68 21 95 83 98 25 80 76 17 3 88 40 67 76 83 79 16 11 18 12 25 52 93 9 53 55 85 58 59 26 93 76 30 3 16 96 52 36 9 15 85 20 98 3 48 39 73 47 71 8 28 75 32 98 6 23 50 56 75 77 5 18 36 65 21 49 78 28 33 40 73 74 43 4 76 84 50 73 55 6 60 42 92 38 21 82 14 89 35 84 19 30 76 76 80 96 13 40 70 15 32 90 3 58 44 98 85 51 19 26 83 23 33 80 74 64 92 68 85 68 23 83 75 4 10 43 64 45 74 91 67 49 21 94 68 78 1 15 46 2 85 32 46 10 76 87 97 49 89 40 58 63 62 0 95 75 65 46 69 97 40 24 70 23 88 12 79 94 28 71 3 63 63 77 15 60 75 35 5 77 44 2 82 55 68 85 82 84 8 28 47 14 79 93 71 20 69 23 21 79 7 18 23 58 81 67 95 8 80 0 3 65 69 41 76 71 17 60 1 34 62 90 93 6 23 23 17 89 20 96 54 12 48 11 99 65 14 92 1 2 73 89 51 
24 56 70 73 47 21 82 40 21 61 84 44 93 4 10 48 1 73 16 9 21 97 44 78 30 92 32 23 67 4 52 33 27 81 17 40 35 93 43 74 69 56 82 39 38 22 54 93 60 80 21 59 79 29 11 68 92 90 53 89 6 84 3 92 37 72 98 54 60 7 74 39 31 79 7 95 53 38 87 40 30 41 39 19 0 20 9 35 52 64 74 36 35 29 63 24 50 1 17 34 29 4 41 28 22 82 9 71 22 82 16 0 36 5 48 78 15 46 74 97 36 22 98 76 15 15 56 54 90 93 93 37 58 61 14 93 51 61 14 96 14 15 14 74 33 2 14 95 93 79 42 66 71 52 50 24 17 54 5 30 74 50 72 31 76 48 66 37 53 96 43 10 72 98 25 54 1 45 23 75 88 91 56 79 70 27 42 41 21 22 76 87 81 29 80 51 90 39 5 61 96 84 32 24 84 89 65 22 85 31 45 93 27 22 26 28 15 65 70 58 91 95 99 22 19 67 66 82 84 4 11 84 72 35 72 22 83 46 50 21 20 3 4 66 19 40 66 32 13 3 85 48 0 13 11 18 89 83 97 7 87 13 99 87 70 42 9 1 48 96 99 13 42 88 82 54 46 17 25 96 0 94 92 27 95 16 16 20 54 76 63 91 42 69 87 6 73 18 37 93 35 90 38 19 44 96 73 52 42 53 90 19 73 36 16 46 8 76 22 27 74 32 70 33 65 71 97 0 57 17 41 74 45 86 93 86 13 18 31 69 79 16 19 90 23 15 63 1 12 66 8 64 33 82 80 78 57 21 86 53 31 49 57 58 24 39 25 15 69 93 90 48 12 39 70 56 38 25 97 30 58 88 55 11 48 74 39 42 57 18 17 75 94 36 9 68 63 33 1 33 
57 79 43 78 69 52 40 18 99 16 4 38 43 11 48 7 95 39 15 80 85 26 20 63 6 16 72 66 63 88 91 25 47 79 65 86 62 89 61 40 81 50 50 80 73 4 73 48 8 91 94 93 41 41 29 8 28 44 43 24 6 88 1 30 78 49 22 73 44 44 37 5 24 41 93 77 70 34 54 88 57 89 50 84 34 95 82 88 43 24 71 88 83 81 72 49 11 57 28 15 14 47 4 53 25 16 7 28 29 64 21 68 33 14 77 66 51 80 85 75 31 71 89 71 62 19 84 70 4 55 20 95 80 25 73 54 78 15 88 71 95 64 0 59 24 88 53 26 93 93 83 62 32 23 56 71 28 15 17 4 76 44 22 1 34 37 54 61 74 34 86 86 19 61 60 51 15 56 43 57 2 56 87 37 19 95 79 84 4 47 59 92 7 74 10 67 73 77 97 89 94 13 68 94 33 18 5 92 17 74 2 27 68 98 15 7 87 87 85 54 63 96 93 25 74 42 44 94 44 36 50 44 84 40 89 87 50 65 7 91 3 83 68 43 59 8 53 4 29 79 91 24 51 75 49 24 80 64 7 97 68 70 71 18 51 23 90 0 21 61 74 76 71 69 99 21 85 8 90 54 64 4 29 18 98 90 17 28 90 37 36 25 80 3 51 32 27 50 99 10 14 34 53 2 55 73 40 18 36 88 18 70 76 36 23 97 44 87 29 6 30 71 51 9 24 55 13 30 13 90 64 96 73 76 94 14 43 48 59 30 16 2 1 59 41 40 45 33 67 40 87 46 22 96 28 79 24 46 58 43 28 29 84 51 55 44 47 47 53 61 4 28 67 36 2 15 64 93 22 33 33 55 94 31 81 87 95 44 85 64 86 63 61 36 48 71 59 28 69 94 
99 31 46 57 83 77 58 90 12 53 68 50 14 7 89 29 52 71 31 19 50 26 33 40 90 96 29 59 98 49 15 38 25 92 79 37 31 8 74 29 77 61 17 7 60 32 49 5 74 22 5 92 80 82 70 44 25 71 53 27 94 63 19 20 29 59 45 91 28 79 24 32 52 78 21 69 1 33 54 79 15 99 6 29 9 49 11 39 70 47 0 97 17 91 7 72 81 63 41 19 29 41 84 58 52 7 22 43 44 84 20 59 68 38 71 63 19 44 98 10 87 86 4 90 79 83 48 81 36 86 19 30 6 6 72 88 21 3 79 10 42 84 98 43 92 63 31 41 70 77 84 68 6 2 83 45 38 93 14 27 51 23 14 72 8 90 2 61 36 4 35 54 57 1 13 62 3 42 97 45 96 66 85 51 78 22 79 31 64 35 13 80 73 86 52 32 25 37 32 10 64 65 59 6 0 68 58 26 49 31 68 3 83 86 56 80 20 58 14 99 5 95 53 33 46 3 7 7 31 59 48 18 1 86 35 99 88 51 91 75 3 30 65 80 91 16 59 73 43 70 0 71 51 52 81 5 10 83 8 32 42 1 78 66 71 51 35 8 55 79 12 7 36 23 28 84 22 66 20 70 19 66 39 75 8 21 82 70 30 84 7 84 17 5 20 22 63 28 18 18 8 52 91 7 45 10 81 26 94 11 4 35 49 38 14 48 23 48 76 60 1 47 71 83 96 12 41 77 88 65 30 52 35 31 98 54 52 8 71 63 2 27 79 86 91 26 96 2 57 44 51 0 79 28 90 52 95 31 8 16 91 94 33 7 69 42 75 49 15 11 32 90 19 86 17 6 39 18 10 20 81 89 67 2 49 68 38 55 11 0 62 10 74 95 80 55 21 14 32 19 
82 68 46 8 28 28 57 29 77 86 68 95 43 23 19 69 90 85 12 2 15 93 11 60 4 96 75 75 79 40 82 10 59 8 18 29 93 57 12 79 16 50 34 58 39 90 40 98 42 53 60 2 59 12 35 85 6 9 41 51 76 11 44 66 88 41 76 68 18 77 94 10 96 15 23 82 42 30 66 40 74 86 82 14 40 95 81 66 2 63 24 12 91 82 4 16 1 29 96 17 92 92 87 27 89 95 8 83 35 84 69 72 17 90 34 28 33 45 70 39 75 64 86 26 12 79 20 48 56 79 9 41 42 2 79 29 56 59 46 80 47 22 57 25 27 12 23 48 54 94 23 95 37 6 12 32 76 89 17 73 11 50 32 12 44 76 26 5 24 24 79 1 84 17 73 92 93 52 10 51 35 9 29 86 93 95 70 47 94 32 59 96 17 48 37 77 19 44 19 34 13 20 3 84 32 74 67 89 94 57 75 84 53 24 19 89 78 89 84 27 90 28 78 76 19 64 48 89 62 7 55 54 36 97 36 2 87 91 57 83 74 61 86 9 27 70 88 68 52 90 29 99 32 29 77 30 56 2 9 76 18 62 2 57 4 82 12 42 23 74 28 75 69 7 62 19 22 11 39 10 8 56 70 3 69 19 30 97 96 82 47 5 5 39 60 28 21 55 57 57 26 53 40 48 80 91 45 20 13 75 73 32 96 54 56 16 92 14 43 46 35 8 16 52 57 0 69 11 19 43 77 82 96 30 52 47 66 57 93 60 56 91 34 70 31 4 53 90 70 98 97 65 66 64 82 66 17 72 36 37 59 56 0 55 71 35 94 39 16 98 19 91 15 53 30 51 18 6 17 16 17 51 72 65 8 18 70 71 42 15 74 63 64 53 44 20 9 66 0 17 
13 88 23 40 71 86 9 27 95 76 26 95 95 86 87 19 74 87 88 98 95 20 31 36 83 74 44 66 5 18 7 96 1 52 57 39 43 82 18 7 61 82 6 35 40 49 64 18 39 1 99 84 88 49 59 93 95 11 51 21 4 55 87 49 20 30 60 33 99 34 47 59 73 4 38 47 35 85 93 51 7 9 53 8 46 89 78 98 72 68 10 16 61 37 15 40 39 79 57 2 52 28 82 38 17 38 58 55 72 71 35 57 10 8 16 55 67 96 79 34 82 2 49 28 8 88 73 88 85 33 29 69 57 22 16 61 12 64 86 20 91 81 54 37 41 76 13 52 66 26 56 77 22 47 12 40 89 4 7 74 50 82 70 99 82 70 12 63 99 43 30 46 8 25 85 47 55 75 16 0 64 99 7 64 83 24 2 9 61 5 70 97 19 60 68 95 40 58 36 9 16 53 49 8 20 10 98 2 0 47 52 7 99 0 65 51 17 34 40 31 91 51 86 86 71 85 93 34 90 37 22 83 30 19 93 91 99 7 99 6 88 86 7 20 82 15 65 85 37 27 99 9 24 31 11 56 82 92 3 3 32 27 75 64 1 50 92 86 27 58 97 21 24 99 11 28 5 61 17 39 86 37 5 55 82 63 72 48 89 28 75 27 15 43 71 85 22 36 34 26 2 30 8 0 12 10 53 62 73 54 95 77 32 10 70 90 3 36 70 94 22 59 73 6 29 3 86 37 72 83 93 82 99 95 12 54 74 59 73 91 65 43 13 50 76 80 64 74 99 3 38 49 8 32 49 15 81 86 36 36 99 14 28 67 35 53 96 81 72 65 99 58 73 42 85 70 9 25 69 70 92 14 13 90 32 43 39 66 16 72 4 56 44 32 50 37 41 40 50 73 
89 2 42 84 2 97 63 38 51 7 95 55 88 87 70 56 80 4 30 17 96 9 11 91 41 23 60 19 25 88 32 79 6 21 4 61 67 55 73 14 87 69 64 77 35 37 52 8 59 75 3 93 56 42 81 29 53 58 10 46 39 29 3 39 93 91 71 52 96 91 69 13 92 7 56 23 87 79 6 93 10 32 18 69 48 13 6 15 5 85 72 29 84 96 95 48 25 62 16 65 94 83 17 40 74 61 37 57 86 95 81 24 31 36 91 19 65 31 18 53 51 40 69 17 35 83 11 94 63 67 30 82 8 74 79 94 97 55 58 48 79 64 65 64 84 25 94 27 78 40 48 98 70 71 83 33 44 87 89 87 65 22 27 56 2 72 24 96 90 97 90 8 91 30 14 70 61 56 78 18 40 13 2 2 39 74 76 10 80 37 35 29 86 24 5 50 48 49 87 58 12 43 58 88 29 37 88 90 9 2 57 92 77 56 82 7 60 65 33 84 50 23 94 12 74 87 50 66 63 45 14 47 12 97 74 45 41 97 14 59 8 49 89 88 63 75 1 6 67 72 58 2 46 43 14 85 6 73 0 80 10 32 11 91 69 80 34 46 55 82 26 74 66 71 23 19 50 40 34 26 20 8 42 48 33 83 78 23 85 60 11 77 30 46 95 7 91 26 89 64 44 36 58 86 19 82 26 72 0 89 99 9 6 63 31 83 22 37 8 55 79 74 65 13 74 23 82 35 46 88 76 79 59 31 50 72 96 52 56 76 55 89 46 59 9 50 19 43 37 60 58 5 49 57 24 87 38 99 24 74 67 99 88 78 61 39 76 32 57 0 19 66 66 76 32 37 73 26 23 67 47 7 57 16 82 35 74 40 30 7 12 13 45 77 31 57 56 33 83 88 
52 21 9 51 98 49 81 59 3 97 15 4 95 32 33 57 62 83 17 47 39 81 72 32 64 52 37 85 98 47 82 23 31 33 72 15 58 42 21 68 2 89 83 78 5 54 54 23 69 53 78 33 92 18 34 66 9 70 88 38 15 51 26 43 37 99 8 81 2 18 16 61 30 5 70 16 49 93 88 63 76 53 32 89 1 51 63 75 86 97 54 99 82 47 3 9 39 31 75 14 26 41 65 61 11 64 73 90 4 33 74 53 18 35 13 52 87 75 63 80 70 44 25 25 18 69 69 40 72 25 75 85 7 7 9 17 30 40 41 13 97 22 21 24 24 71 67 29 81 17 37 89 90 39 75 16 22 15 19 49 92 25 70 75 0 45 52 96 3 16 8 33 65 45 41 64 85 9 99 70 59 75 95 65 76 90 32 43 67 19 83 35 91 55 38 67 38 81 38 27 68 92 62 45 55 80 50 22 53 53 97 32 78 40 15 1 15 57 82 18 75 76 59 91 86 28 80 58 32 8 15 98 95 20 49 82 59 76 31 66 44 19 73 45 69 71 46 76 24 80 56 94 77 82 52 33 52 30 47 79 34 18 98 48 83 64 59 84 81 77 74 91 99 4 87 81 44 94 72 95 82 51 77 67 18 1 2 32 98 70 13 76 48 4 40 46 57 40 77 29 6 96 1 82 21 90 54 83 59 64 81 53 61 74 18 36 85 24 16 52 90 37 68 94 19 84 66 79 35 44 3 76 25 75 9 83 42 75 11 8 83 5 96 35 97 5 43 78 78 14 44 82 90 1 93 23 34 84 97 32 3 89 57 19 78 24 94 88 55 1 78 12 27 5 78 53 19 80 32 40 6 28 64 34 58 16 84 95 97 90 32 40 37 69 15 59 82 86 56 28 
83 98 99 30 16 16 60 70 50 20 16 47 27 23 97 7 76 84 93 13 21 56 70 68 40 61 68 75 64 64 66 45 6 76 34 2 48 27 40 15 42 23 52 95 7 23 31 62 26 23 91 54 28 33 78 0 12 58 66 84 64 68 65 12 37 29 30 78 42 20 54 31 12 42 81 55 26 16 90 51 15 0 4 6 89 41 61 15 49 2 7 9 66 69 61 24 47 28 89 79 51 80 44 95 99 78 93 39 39 59 37 45 48 30 74 92 17 27 27 77 72 83 79 83 35 3 2 34 4 32 97 36 49 24 84 66 39 41 36 32 50 70 70 8 56 47 34 12 38 9 56 47 0 7 88 13 42 6 4 53 69 15 62 50 47 66 55 33 33 1 44 62 3 2 55 33 95 62 32 43 55 34 59 41 9 64 93 44 8 82 19 46 32 64 46 68 5 87 73 40 72 33 67 60 91 40 65 96 90 71 71 29 17 50 90 30 75 57 73 64 96 63 2 72 48 15 60 40 28 36 90 54 76 1 15 35 81 34 71 0 87 22 45 61 15 1 67 43 99 37 61 32 46 17 46 80 58 56 71 58 63 88 94 68 98 48 10 35 57 34 87 6 65 39 60 68 89 68 15 4 13 10 77 53 46 76 79 74 72 87 32 55 6 22 44 29 77 36 32 47 75 87 91 65 61 66 13 17 87 93 94 88 71 59 25 34 61 4 1 53 93 29 83 71 93 16 69 46 21 72 79 3 8 41 33 86 9 95 20 89 70 85 0 31 95 16 96 92 34 97 80 2 85 76 84 53 41 45 33 82 30 48 38 4 36 75 67 1 36 3 84 32 77 52 0 58 32 97 36 50 18 20 51 32 73 81 78 90 14 49 72 58 33 4 12 62 85 35 81 33 
66 8 95 5 92 39 63 21 58 2 43 73 79 31 59 12 44 41 67 9 14 36 22 85 53 28 26 60 29 64 37 62 84 51 27 40 76 80 29 91 78 7 2 64 27 92 80 1 46 2 1 47 27 78 59 0 7 93 24 59 83 74 62 25 1 21 41 11 36 17 6 1 87 13 17 5 86 61 94 48 56 25 85 48 16 47 58 63 73 85 38 22 40 37 55 18 57 20 53 95 56 20 42 7 50 94 11 45 54 32 53 93 45 23 11 59 54 79 68 89 61 5 51 58 6 30 53 24 89 34 99 51 1 59 17 83 49 11 62 14 9 91 76 67 45 23 91 40 91 10 5 55 7 42 0 79 67 59 60 56 60 98 31 36 10 37 82 4 7 9 0 44 10 0 20 58 53 64 88 24 61 44 57 56 6 58 10 40 51 61 83 46 94 27 92 21 35 54 94 28 65 10 10 10 22 42 46 79 88 76 55 47 36 46 11 49 50 7 55 1 97 76 36 17 12 23 75 80 9 10 9 72 61 56 60 29 92 41 16 30 2 62 60 24 2 50 65 81 27 83 67 67 57 41 33 17 61 33 60 65 70 36 91 11 65 37 74 21 76 49 62 75 8 46 95 8 25 54 9 21 49 4 28 78 95 90 91 51 17 53 83 65 9 34 35 78 72 91 27 17 79 18 22 60 77 32 4 26 81 88 80 97 97 64 8 53 84 93 30 51 84 63 63 12 55 31 43 60 3 5 16 21 79 64 66 96 45 76 50 47 88 50 46 92 39 77 97 49 11 48 10 0 95 59 6 77 18 60 53 74 80 83 58 10 34 39 39 13 40 78 83 47 48 34 10 50 73 2 69 98 40 57 23 11 77 17 6 41 53 11 70 87 82 8 87 4 16 91 17 35 
23 26 5 73 37 2 18 37 61 83 52 3 80 83 32 15 51 97 8 88 60 13 38 28 82 18 23 26 72 68 84 8 45 84 73 50 41 81 12 74 26 44 64 12 17 57 70 41 67 75 80 12 48 26 72 17 51 28 12 45 94 83 24 1 19 72 63 41 62 62 41 44 85 29 72 10 86 9 9 37 4 8 6 16 40 75 54 29 53 70 12 1 86 14 56 77 55 87 70 19 11 3 57 49 81 58 63 93 92 34 53 74 67 34 25 6 37 18 2 96 80 24 40 4 33 74 41 85 55 75 44 59 77 63 79 53 54 39 14 28 61 92 14 16 58 78 31 31 17 76 41 44 85 91 64 49 58 72 7 36 87 69 19 18 95 62 1 41 72 60 17 56 56 43 35 53 4 77 34 82 2 74 95 51 19 45 36 26 37 18 82 96 41 46 52 87 9 56 81 21 0 58 88 28 58 47 65 26 65 49 99 19 96 31 28 57 91 83 32 8 51 54 34 53 7 0 15 99 11 65 84 96 93 51 26 65 85 60 92 42 58 32 77 52 9 98 71 91 3 50 11 2 95 87 34 24 33 77 71 30 2 10 78 55 71 40 52 31 8 7 36 54 98 77 42 87 99 65 26 72 93 36 23 93 9 21 56 13 97 0 34 59 29 5 31 81 47 78 75 65 4 74 57 85 57 83 48 44 37 15 31 45 53 50 98 40 46 63 42 47 73 44 6 79 17 39 83 11 64 95 85 11 31 18 47 73 7 0 8 84 36 64 27 42 37 85 56 8 64 83 5 47 92 35 72 49 68 25 45 8 90 9 30 54 88 92 73 14 13 59 86 39 55 59 26 90 99 12 7 36 42 84 28 56 51 76 76 42 64 45 62 61 26 14 44 22 91 82 0 33 
66 40 98 16 62 18 75 2 83 86 74 37 61 2 97 7 73 91 42 33 65 49 50 46 63 92 77 46 97 37 36 42 23 7 16 63 41 88 60 85 63 45 4 99 55 37 2 91 42 16 17 43 5 47 29 30 21 6 39 3 41 78 85 76 95 72 27 2 17 46 99 4 73 8 62 81 31 89 0 26 6 3 3 96 70 21 87 5 85 64 52 73 39 52 58 96 62 27 76 94 61 38 17 10 44 11 68 20 41 90 55 81 38 88 50 91 52 45 15 89 98 94 28 43 48 74 5 53 28 16 59 78 58 9 74 16 1 38 94 91 18 5 31 86 41 23 67 0 21 65 42 19 64 3 1 45 38 58 4 56 94 31 92 96 67 99 65 90 63 56 63 43 5 96 96 97 12 73 77 41 63 56 68 30 51 86 90 48 28 83 12 5 87 13 11 32 92 53 60 59 10 48 89 67 55 60 21 57 77 20 62 31 37 58 25 4 88 80 30 28 39 29 85 87 32 84 71 11 85 41 25 4 18 43 2 28 66 26 15 67 23 61 52 1 84 47 53 57 30 74 14 72 81 72 14 50 43 17 82 33 75 40 1 0 60 90 55 29 84 84 22 86 31 77 1 53 87 59 91 90 30 40 54 37 33 56 29 32 34 1 38 69 33 87 64 12 31 17 16 83 65 64 90 31 11 30 11 63 42 2 17 95 98 66 46 54 92 89 96 94 81 70 20 68 79 53 26 59 60 36 44 10 71 88 67 42 34 98 42 16 21 44 45 91 44 20 41 32 29 79 16 55 50 78 64 49 10 41 34 90 33 40 85 37 52 14 76 50 0 7 72 68 13 89 92 50 36 87 76 19 28 98 29 24 39 60 57 41 64 53 10 5 36 39 65 97 96 65 39 8 
37 67 0 18 13 37 77 6 4 1 76 98 17 55 43 68 39 31 40 11 96 92 72 67 13 91 37 97 69 29 50 63 66 69 41 38 61 25 58 45 74 12 83 33 5 84 1 45 71 25 10 4 35 22 13 56 34 70 5 54 53 93 38 83 39 53 68 42 46 83 93 83 66 50 25 61 43 90 21 35 82 57 77 68 23 42 29 85 1 66 89 92 3 11 3 30 66 75 37 84 63 45 47 53 94 97 56 58 59 10 17 12 80 23 9 94 15 86 47 82 78 49 0 70 56 34 12 86 89 7 23 88 88 73 84 86 68 84 74 71 62 42 78 1 38 3 28 47 8 18 5 7 19 41 35 60 58 46 74 59 75 36 60 59 78 65 40 32 60 87 73 61 39 24 95 60 86 25 72 66 45 64 5 2 78 13 43 75 36 32 98 82 21 65 62 4 28 15 55 64 32 33 91 92 18 18 62 97 87 1 3 28 14 53 88 42 34 49 90 67 23 6 26 43 49 79 34 40 50 53 36 52 50 68 92 35 12 26 41 80 26 55 31 20 47 13 98 85 28 17 0 91 69 81 42 89 82 11 96 91 33 70 97 16 65 51 26 2 4 43 2 99 57 63 57 71 57 4 46 51 31 1 83 84 1 73 64 57 65 45 60 52 76 26 16 71 30 86 92 82 94 65 11 73 55 17 0 12 63 51 18 81 71 65 65 17 55 27 14 74 40 13 86 96 23 12 46 22 55 1 13 67 26 88 8 40 60 90 66 88 33 76 64 11 76 57 95 39 48 53 82 25 78 64 57 34 99 18 42 97 15 64 62 92 21 72 71 97 41 36 45 79 48 4 9 96 67 41 41 6 39 29 62 85 11 92 42 19 34 67 94 47 75 68 3 66 78 45 78 31 
93 93 18 8 95 24 45 17 91 97 23 77 68 97 18 23 32 79 29 11 79 15 64 16 1 11 48 4 10 63 79 86 72 15 49 40 42 23 0 14 25 85 49 57 84 99 52 58 28 15 94 9 19 47 81 74 80 82 64 63 4 86 92 0 99 72 90 10 38 52 73 46 7 18 46 21 82 41 35 75 15 14 97 89 92 49 13 6 68 50 72 7 60 2 38 31 53 46 44 63 70 33 34 1 71 18 96 22 2 65 70 10 38 67 85 32 45 74 96 31 10 97 81 39 58 35 76 95 74 7 37 87 10 17 85 24 13 31 97 15 29 74 70 58 4 81 96 94 2 70 69 86 81 57 81 71 23 74 68 1 35 34 11 4 71 52 35 47 51 43 2 1 58 72 47 72 77 82 12 70 0 58 78 70 85 76 20 56 54 1 44 13 31 95 99 85 11 54 63 29 39 64 18 19 29 63 17 63 21 41 78 65 86 48 65 65 55 88 64 54 31 74 73 18 22 2 85 0 69 39 51 87 89 81 39 82 62 15 67 64 25 14 85 91 20 58 83 19 14 3 99 96 47 7 59 96 96 51 36 66 22 87 13 56 7 97 43 10 54 28 51 99 8 69 47 63 71 66 48 65 18 19 67 59 69 86 42 53 2 54 78 70 68 10 39 37 95 66 63 30 80 2 63 51 51 62 98 41 22 18 83 95 84 79 22 91 13 25 34 78 51 39 53 41 42 20 19 81 16 91 51 79 93 37 64 24 25 93 23 58 1 57 82 92 86 43 12 11 4 74 78 26 80 14 58 82 28 93 45 1 63 56 79 64 23 97 17 15 2 14 30 54 45 94 71 29 67 19 3 51 13 80 95 3 56 39 41 38 19 41 15 65 87 61 38 70 48 79 28 80 
10 90 43 76 37 39 83 37 56 99 78 80 20 55 69 41 39 22 5 93 22 37 28 32 36 86 42 52 56 77 99 26 78 3 10 13 5 99 18 69 51 23 44 42 53 10 24 65 21 52 8 38 86 55 55 19 86 99 53 75 10 88 72 58 89 18 26 92 89 14 80 73 75 79 90 88 17 59 52 55 19 99 88 37 5 37 33 65 6 44 24 10 22 37 57 68 95 16 80 82 6 56 12 48 12 39 96 11 27 9 16 14 12 21 10 31 21 85 6 3 31 85 91 38 48 50 35 3 37 23 8 94 19 97 55 54 7 92 58 42 12 37 81 71 72 52 54 68 18 5 86 52 86 67 45 43 20 21 89 3 86 85 70 45 69 41 93 76 3 4 27 54 43 49 83 77 4 14 88 67 58 67 20 93 57 16 32 52 83 37 9 69 42 96 10 27 39 56 74 90 1 60 40 63 72 18 94 9 3 37 36 89 51 73 29 29 98 41 46 66 29 89 81 53 34 98 59 35 93 47 86 23 63 97 22 20 27 52 22 66 61 75 1 38 80 90 2 85 85 3 40 60 56 99 2 34 49 50 34 78 7 44 17 68 51 61 47 21 49 87 78 73 98 27 80 89 78 86 93 81 88 72 82 15 78 54 0 49 71 56 39 67 34 48 62 69 17 86 79 3 21 60 44 46 27 5 53 90 84 93 66 24 45 74 96 87 18 6 7 89 81 7 66 23 69 92 82 97 7 50 36 42 7 41 70 20 28 9 88 34 54 75 19 11 16 80 57 7 81 43 26 7 81 77 91 73 24 6 77 44 99 87 20 53 16 64 45 27 99 51 5 85 52 64 50 1 59 9 95 43 10 13 31 10 10 49 10 86 20 20 83 63 32 72 53 29 67 95 25 53 
78 91 75 14 87 20 1 71 24 67 60 8 33 0 96 63 29 63 74 70 20 28 72 98 3 1 77 34 56 36 5 7 88 9 59 34 14 39 74 29 26 37 85 22 18 52 66 22 64 68 52 8 68 60 19 44 7 82 20 39 60 50 47 60 53 29 5 64 34 49 49 98 6 55 61 40 14 54 25 66 66 66 68 57 21 7 1 94 32 74 32 56 66 1 85 66 22 59 77 65 21 10 4 66 67 37 30 99 80 80 20 0 15 6 62 12 77 97 2 59 95 56 16 42 38 84 56 77 6 27 63 5 2 79 57 74 5 47 18 2 88 47 45 83 88 20 65 82 15 86 6 80 42 45 91 21 52 97 32 98 14 70 98 91 38 46 94 58 80 69 74 66 19 32 86 68 56 57 27 74 56 97 1 17 11 50 98 28 33 99 56 93 76 42 12 39 79 69 37 5 13 31 34 47 0 77 40 98 47 11 46 77 2 88 42 57 6 59 1 72 44 50 42 17 90 85 47 39 12 2 79 32 19 82 18 36 3 92 71 70 26 64 47 50 0 47 27 40 86 40 12 68 30 42 36 47 48 81 68 20 5 67 47 42 74 12 66 6 81 19 78 76 44 74 38 26 71 60 82 35 79 49 98 41 82 99 59 18 32 36 94 21 6 50 43 64 51 34 73 32 25 32 99 63 17 55 78 81 85 12 44 34 33 19 80 87 64 46 99 23 24 32 31 52 40 37 65 54 49 41 85 66 75 2 8 3 58 61 85 62 56 23 49 84 33 0 99 9 56 69 48 13 0 71 1 65 7 79 22 51 29 7 36 66 84 36 46 90 38 38 57 58 8 9 68 90 18 94 81 19 83 25 33 29 94 36 49 21 21 92 86 91 13 58 79 62 15 4 29 77 
57 41 83 32 44 23 14 16 24 11 38 38 12 67 19 35 40 23 39 83 76 60 69 68 19 96 21 94 72 41 5 75 12 10 35 89 12 75 32 80 52 21 72 90 55 45 75 86 61 80 55 97 39 63 51 59 26 47 20 43 43 19 25 49 58 65 9 4 36 83 36 61 93 67 1 10 5 81 3 26 46 2 33 72 95 81 51 75 7 14 90 97 25 2 15 94 47 10 16 30 57 57 46 61 67 76 31 71 65 21 11 29 78 36 96 99 3 26 22 41 65 48 96 47 93 90 65 88 91 33 58 27 54 47 20 5 58 30 88 89 47 19 77 85 65 43 89 7 31 46 88 16 28 19 58 29 32 52 36 71 99 2 53 58 87 60 12 40 11 52 16 51 12 54 47 14 47 96 40 99 31 81 9 42 57 46 48 89 9 82 28 41 74 33 42 31 96 39 88 75 29 86 49 53 63 5 38 57 25 23 33 85 64 43 49 87 35 61 89 73 64 45 8 83 13 26 48 27 30 30 10 5 81 88 38 0 80 22 70 45 58 64 36 49 1 41 39 45 10 80 95 37 53 69 50 76 6 66 21 34 84 4 15 87 26 34 86 36 60 80 99 3 2 44 4 16 26 13 85 97 58 35 28 82 9 51 92 21 43 79 23 48 99 37 70 64 56 44 54 76 37 59 85 43 78 97 47 86 68 69 57 85 52 70 9 11 7 81 47 77 72 14 8 35 22 33 21 73 55 91 50 49 30 67 55 4 29 16 27 30 66 43 32 73 87 18 6 69 3 21 27 94 99 68 46 42 85 32 74 74 36 93 74 50 0 80 11 47 63 34 57 97 72 9 53 17 59 21 46 44 66 62 52 44 34 84 29 83 60 2 14 82 6 87 9 56 17 6 87 23 
49 6 41 38 15 37 74 28 21 72 71 27 71 59 73 92 73 89 3 19 0 47 21 6 34 94 24 78 68 17 20 9 50 31 98 50 70 61 9 42 24 84 11 87 42 38 47 94 10 25 99 77 68 4 83 77 50 76 80 38 13 54 53 72 90 27 37 68 89 16 47 20 13 11 51 31 47 86 70 93 3 83 32 33 73 3 23 52 80 86 15 97 93 87 32 69 58 61 19 1 69 70 48 46 58 31 59 76 67 23 2 26 67 70 75 33 65 45 35 74 43 89 29 25 59 85 3 48 33 45 90 33 52 87 4 27 61 30 27 42 89 69 11 20 15 44 52 62 46 31 13 16 88 64 4 98 7 53 51 80 91 78 18 19 93 67 15 96 85 82 62 28 18 44 65 24 86 76 39 83 56 87 58 38 58 42 10 99 14 89 64 62 36 38 89 59 53 70 80 76 87 74 30 2 1 96 3 82 16 50 99 62 81 15 6 23 57 1 69 85 63 63 66 13 69 56 77 91 46 96 4 80 18 10 9 9 94 77 2 57 1 6 49 43 55 73 60 16 50 68 23 56 86 74 16 78 81 41 44 61 23 37 27 79 58 5 72 37 1 35 38 5 98 28 93 7 90 23 98 80 32 55 0 14 60 85 80 56 29 51 32 53 20 89 93 66 48 65 38 41 39 50 63 39 94 49 19 46 36 60 30 40 59 18 18 74 4 62 88 40 96 31 42 96 78 76 14 29 58 69 17 90 99 38 92 31 70 87 3 55 31 40 37 75 79 33 44 90 82 0 13 13 26 69 93 25 88 59 73 7 19 53 3 55 18 44 15 72 32 71 9 7 50 91 39 90 5 24 97 87 39 27 59 80 91 73 59 13 83 92 92 69 56 29 45 53 78 78 90 83 
86 85 84 45 50 33 56 48 44 95 22 68 29 39 70 73 60 32 62 44 41 69 57 38 23 62 11 72 41 50 42 39 64 26 97 58 66 58 79 66 29 34 11 74 19 60 25 11 96 16 51 5 52 40 97 95 3 62 21 39 79 38 71 5 25 36 4 38 42 86 2 56 59 13 80 88 86 18 5 39 55 79 22 29 51 31 71 11 72 26 83 90 74 48 77 73 57 13 45 84 2 37 55 17 54 85 60 99 52 1 30 60 90 23 27 19 51 92 13 15 35 99 24 71 56 55 63 22 8 32 84 4 83 31 39 6 2 48 40 38 52 1 56 99 80 34 69 52 75 77 25 94 91 3 58 95 28 98 2 25 90 52 32 15 96 20 89 38 84 56 29 43 30 75 39 7 1 11 42 47 27 69 44 25 68 15 51 25 79 15 39 9 76 83 59 5 34 88 15 54 39 7 85 23 11 73 42 57 22 2 88 97 88 20 78 76 23 60 56 23 68 77 51 94 34 12 51 1 99 52 23 13 7 83 52 0 62 52 63 49 73 6 72 70 81 10 7 2 39 77 80 29 71 88 25 58 90 15 49 44 73 58 94 72 85 14 0 66 31 97 36 70 17 5 78 37 78 55 11 56 28 53 85 56 5 16 76 99 2 44 80 42 48 56 44 7 31 14 47 20 7 58 98 65 71 94 73 15 91 67 73 73 31 94 45 60 68 93 95 9 21 39 58 82 94 56 25 85 68 78 67 71 29 21 25 5 85 17 51 23 85 62 14 54 83 51 97 32 2 55 7 37 28 16 49 20 61 40 61 98 45 82 82 66 41 0 24 51 38 2 86 26 59 48 58 83 80 96 57 40 27 34 8 23 61 47 38 57 76 19 39 64 4 22 40 62 4 45 76 18 
99 94 43 59 34 5 33 39 15 77 33 98 74 58 62 62 27 80 33 33 76 32 92 88 52 37 7 19 89 3 2 51 2 15 2 67 32 41 67 90 38 93 80 83 51 28 5 75 87 51 26 95 44 61 85 1 90 21 34 76 8 86 16 81 9 6 35 66 95 65 59 29 32 31 80 58 14 70 8 5 99 72 97 64 76 9 15 57 45 14 24 10 26 38 11 65 44 59 61 15 75 83 82 40 38 52 95 49 96 13 12 21 86 44 9 3 45 84 57 0 73 2 70 36 10 39 78 15 21 79 57 46 31 69 72 62 62 37 10 28 72 18 61 50 28 9 83 13 65 94 18 35 26 26 16 83 76 97 15 2 22 52 19 64 3 29 73 60 67 14 97 76 98 76 35 73 34 1 55 37 3 7 41 54 17 70 94 14 88 88 52 23 55 16 95 85 43 33 65 89 13 63 79 45 75 78 54 29 11 94 53 28 64 63 39 40 53 6 19 38 51 52 58 61 86 89 53 28 79 51 28 94 25 77 34 94 46 50 69 19 23 18 53 42 66 62 64 34 70 19 97 98 48 97 73 93 81 41 13 22 88 85 13 11 82 98 92 92 3 47 38 63 99 80 86 42 72 9 36 67 97 7 82 19 7 27 5 87 96 87 50 35 22 70 45 35 96 52 2 46 79 56 87 72 94 3 69 5 58 2 42 96 61 56 55 29 5 83 97 97 85 27 25 10 43 6 12 82 8 45 36 37 52 67 45 15 92 65 42 6 77 74 80 32 14 60 7 27 89 31 98 74 62 8 86 95 61 93 78 62 17 35 50 57 49 99 79 87 37 85 93 34 60 58 8 80 73 37 60 26 92 76 60 88 38 96 33 15 95 59 38 4 19 24 51 33 3 36 27 37 
70 3 34 16 47 84 95 0 45 82 12 41 20 87 3 4 82 2 86 70 46 72 62 67 39 70 5 69 96 62 23 41 26 39 61 53 63 50 41 11 34 6 57 29 27 95 51 5 61 54 16 95 52 24 84 29 60 8 26 78 19 61 80 30 70 29 89 57 71 83 53 85 9 71 33 57 76 99 32 72 67 96 20 39 40 79 81 94 30 22 83 44 8 49 42 92 89 25 23 39 47 10 73 59 61 20 37 94 12 1 73 36 56 56 42 85 71 97 29 91 22 48 31 58 44 7 25 8 71 27 51 91 80 61 79 53 46 45 16 56 18 28 11 90 77 75 82 30 59 70 8 39 6 34 12 89 22 81 13 82 96 20 85 47 5 91 52 51 48 54 8 26 94 12 14 50 77 11 92 6 91 91 65 12 49 48 88 76 11 48 93 73 73 2 84 72 98 60 44 19 12 3 67 1 85 12 22 55 60 1 11 88 35 50 89 11 72 70 8 32 93 25 58 2 73 18 98 17 47 92 74 56 45 32 66 48 10 58 11 69 95 38 33 92 36 37 36 27 33 96 4 81 30 82 68 9 60 69 97 32 57 75 4 80 48 30 33 8 37 41 60 13 77 56 0 76 17 74 98 37 11 74 32 50 26 1 87 29 95 29 34 41 3 97 24 0 15 63 84 96 42 89 18 99 30 77 45 33 46 15 3 52 18 96 0 75 31 52 83 82 65 64 85 49 78 46 99 83 72 88 18 37 82 91 38 26 39 3 51 70 36 79 51 30 91 43 99 34 75 45 91 85 86 80 77 28 49 74 29 21 39 38 57 94 24 37 73 91 19 52 60 96 10 53 9 59 97 69 47 76 30 19 21 42 3 71 60 93 64 33 86 96 95 63 39 72 81 16 50 42 
10 91 94 98 72 87 50 48 64 88 74 28 46 78 47 16 87 80 32 33 79 8 74 78 80 64 25 15 7 16 64 86 49 35 30 70 2 32 14 33 81 18 33 52 53 93 82 24 6 95 50 11 99 13 4 63 34 22 62 42 40 26 10 55 67 50 32 8 93 36 81 69 31 37 99 24 58 34 9 77 56 23 86 32 39 97 21 8 53 0 16 46 92 60 25 70 56 15 84 90 81 15 30 41 94 32 98 21 14 4 82 76 26 18 0 71 55 77 41 52 30 45 73 94 53 8 13 11 5 94 58 93 80 49 79 88 11 38 8 99 83 35 23 12 68 19 39 81 20 95 84 0 89 87 39 27 93 16 82 81 60 31 73 75 84 50 82 71 49 77 30 17 76 96 89 66 60 10 37 53 49 33 6 44 8 69 40 92 28 38 39 41 35 22 10 32 96 62 96 13 72 52 48 11 78 49 44 46 12 96 80 21 2 34 30 31 33 51 53 78 48 85 2 6 34 7 30 32 0 97 49 91 36 11 34 91 19 95 20 79 59 91 73 58 84 42 53 70 71 41 45 49 91 4 17 89 56 47 14 85 25 32 68 41 98 90 79 38 78 62 17 86 97 28 43 10 46 64 39 56 19 31 34 40 72 45 73 18 29 48 1 78 74 73 23 54 1 37 65 79 39 47 6 46 87 91 4 33 80 78 56 78 8 61 58 64 84 83 26 52 9 99 78 33 31 29 80 15 58 16 86 8 39 44 96 92 48 45 18 22 26 55 8 80 26 19 74 68 66 30 67 3 81 9 20 51 25 73 48 95 36 7 95 97 17 79 32 51 96 0 39 14 5 35 70 33 25 45 62 81 66 30 94 76 92 96 56 3 63 75 67 95 3 74 96 59 97 46 59 72 
40 54 5 49 8 22 20 93 18 91 18 34 12 23 37 99 14 30 2 70 61 9 85 66 83 62 12 14 80 3 64 63 51 17 40 14 12 88 36 82 44 94 25 0 77 85 33 23 16 65 58 39 84 10 81 57 1 61 89 21 77 40 98 19 61 51 58 97 67 34 3 37 75 4 89 58 12 89 54 93 29 67 79 39 7 45 77 3 4 84 89 49 76 47 52 28 67 62 54 32 4 30 8 25 72 91 32 65 46 73 76 9 9 55 6 5 46 52 59 98 4 56 29 69 14 11 19 40 56 44 47 24 64 41 9 99 62 33 31 49 17 42 6 26 13 60 68 78 34 62 52 59 74 47 13 34 2 88 95 84 12 4 74 20 33 67 28 42 97 0 81 77 79 33 98 92 51 64 43 10 78 75 84 60 13 19 97 63 64 30 48 59 80 62 91 37 10 77 99 88 26 70 36 26 28 48 98 80 2 30 99 24 66 55 86 1 85 39 56 21 36 21 45 46 35 58 78 6 35 29 52 97 24 73 94 47 70 89 95 54 3 6 58 16 94 34 60 37 47 30 56 80 31 13 59 88 9 80 94 61 65 25 23 90 31 88 81 29 59 22 80 65 52 84 90 96 43 72 40 49 50 94 75 47 8 90 67 15 66 96 92 10 31 24 18 75 44 43 71 71 27 81 15 90 44 44 57 37 96 65 3 41 74 18 86 43 36 32 79 83 99 58 9 2 41 21 11 15 58 46 25 14 80 97 94 32 0 78 5 98 22 41 25 40 27 2 40 27 97 55 11 6 91 34 98 29 19 10 16 71 61 24 26 34 8 33 87 48 34 95 67 1 63 93 17 30 78 62 83 32 17 40 49 53 59 8 38 86 98 82 79 86 37 51 44 18 74 19 60 54 
96 85 26 82 77 43 33 56 58 98 73 97 68 97 11 87 9 77 56 46 90 29 53 33 31 19 97 95 23 18 21 21 22 21 92 50 96 52 55 18 28 90 28 71 97 71 59 57 79 55 35 20 49 75 57 8 82 30 30 32 42 90 80 49 47 60 87 53 30 9 8 3 7 70 14 42 0 7 51 42 69 40 76 61 77 8 17 94 59 41 35 38 63 95 15 24 67 4 24 82 5 68 16 96 75 83 51 5 45 47 52 72 69 42 35 61 85 16 59 3 24 56 60 60 66 57 76 91 6 75 35 98 57 83 11 32 12 23 49 28 20 65 29 3 69 59 88 55 66 87 48 68 35 59 72 23 72 68 81 53 49 7 4 40 60 77 88 76 87 67 66 57 50 36 20 52 85 97 27 83 86 41 84 13 12 87 25 90 48 52 19 67 74 86 2 85 44 97 53 12 35 76 52 41 11 31 63 23 27 86 35 94 59 62 71 53 65 22 93 66 7 30 13 52 28 78 55 52 9 65 40 19 16 56 37 39 17 24 3 43 1 65 46 44 45 67 12 61 40 98 37 63 71 24 61 14 76 1 73 2 1 64 26 61 87 33 10 49 34 18 52 65 42 89 14 28 78 6 89 33 5 29 0 64 42 87 93 85 84 50 85 67 14 74 55 68 31 45 42 43 33 49 94 0 43 68 12 51 41 60 44 20 90 13 52 66 36 4 10 54 11 41 11 86 83 79 74 49 60 82 95 2 3 85 12 49 63 89 99 56 23 46 26 34 25 97 43 64 7 61 48 65 46 2 18 76 25 91 68 83 15 47 79 14 71 94 0 36 18 20 93 28 65 7 23 12 62 40 83 71 93 76 83 57 36 45 32 56 30 90 26 96 31 59 95 70 13 44 80 8 
88 17 56 27 80 90 22 10 15 24 58 30 74 96 59 55 25 98 27 91 41 20 2 76 36 88 95 74 17 31 81 5 82 80 77 84 64 73 17 43 98 40 85 66 76 36 87 78 85 37 68 16 35 93 57 68 58 85 51 36 12 56 35 24 3 62 60 40 87 99 34 88 82 96 27 43 69 78 52 67 17 86 71 8 42 18 54 8 14 50 54 69 9 13 9 85 80 93 33 42 99 75 6 72 68 84 38 60 36 1 74 22 80 22 36 18 1 69 95 19 19 31 50 0 28 31 45 99 71 22 8 11 27 79 33 84 14 76 20 98 2 17 9 30 67 31 54 71 28 87 46 53 50 60 1 59 70 75 13 67 66 50 16 42 80 82 55 4 47 64 66 72 6 70 17 7 92 54 66 67 52 13 16 52 42 17 96 82 42 99 26 48 45 19 42 72 5 24 43 99 84 17 52 43 64 36 25 91 69 80 36 77 80 49 45 9 95 99 35 18 36 69 32 59 83 94 26 76 34 77 10 61 3 89 78 74 36 23 66 75 6 43 76 82 96 5 81 51 1 48 77 51 17 71 46 40 19 52 60 39 71 45 37 43 79 49 59 42 63 7 44 46 37 97 90 69 97 12 71 20 17 93 68 40 96 31 58 54 88 88 20 85 5 29 5 85 48 18 1 90 28 60 63 78 92 77 98 67 90 41 0 52 58 43 2 22 65 40 22 90 15 41 37 45 31 31 37 50 7 58 26 7 28 22 99 39 98 30 7 44 27 94 25 76 68 56 96 36 89 49 99 27 22 5 96 60 90 20 88 63 15 22 11 57 65 30 28 54 40 58 78 75 72 70 68 8 20 74 22 31 15 16 85 65 29 87 69 73 0 61 49 35 56 75 51 39 29 54 65 2 
65 76 59 44 34 69 25 23 49 83 36 30 35 60 80 2 78 43 44 73 63 84 53 71 15 96 32 98 48 32 95 57 17 48 18 76 0 87 94 54 83 25 45 62 81 97 87 52 11 77 1 87 51 90 64 31 99 16 88 49 96 94 6 12 33 50 7 67 35 56 41 56 79 87 15 99 70 47 44 55 95 9 68 84 86 40 18 98 80 13 9 17 59 46 22 57 11 14 65 56 82 72 72 10 56 37 92 84 93 58 93 12 27 43 28 4 34 97 87 49 23 82 37 1 37 82 2 68 46 16 21 56 61 95 25 51 26 62 13 70 87 15 47 79 97 63 50 66 39 88 46 83 90 31 1 38 68 4 12 45 59 16 19 86 72 21 12 76 97 28 33 80 31 96 22 67 59 37 26 90 87 7 8 89 36 88 48 76 42 75 82 46 68 22 27 7 92 75 79 37 6 54 94 51 53 82 33 13 93 49 64 10 12 13 53 82 10 93 16 66 22 91 17 90 48 59 29 87 12 15 9 41 84 4 58 86 89 85 38 80 42 64 59 27 93 62 33 99 26 2 91 37 21 80 57 79 75 65 64 65 96 98 21 89 24 26 7 2 56 86 59 85 42 28 61 56 87 46 68 35 55 55 14 88 58 2 9 46 82 97 94 25 57 49 72 4 45 17 7 87 49 23 57 71 57 6 4 15 25 21 18 11 65 72 81 64 33 53 23 10 32 92 93 24 86 22 86 35 63 23 78 68 4 10 32 35 48 43 77 96 87 75 74 67 53 25 72 12 58 89 45 83 81 4 94 90 15 39 95 53 54 37 98 81 6 54 15 4 70 65 56 68 65 60 69 6 42 99 54 21 54 34 60 3 82 35 16 62 93 51 94 87 23 39 25 40 82 94 12 23 
39 86 0 71 92 64 35 17 53 96 49 90 56 80 24 60 14 4 97 85 11 77 88 89 5 54 73 90 72 4 61 32 32 29 59 20 51 71 76 15 64 66 27 56 9 15 97 70 21 74 27 11 1 71 14 70 92 56 76 94 28 55 7 90 87 69 99 3 30 66 99 73 85 7 85 99 36 28 38 42 4 99 51 63 48 48 45 30 41 3 19 13 79 19 62 86 7 96 41 86 2 31 46 86 20 37 34 34 73 37 12 8 94 42 65 77 75 24 28 62 3 34 9 90 32 96 42 95 85 17 93 3 78 48 63 75 63 18 8 90 32 27 88 55 51 83 21 94 18 79 78 14 22 4 8 35 72 58 67 18 11 20 47 66 86 63 67 52 12 32 93 66 38 87 36 95 63 18 23 26 93 61 42 25 75 19 58 4 30 5 92 47 72 9 18 92 63 26 42 16 86 38 63 3 94 64 96 34 11 59 58 64 61 50 77 92 93 30 28 91 14 1 42 29 13 36 40 8 24 79 11 60 34 48 40 16 80 41 14 29 6 66 71 69 25 90 7 3 8 73 2 29 44 82 81 36 9 37 63 79 97 68 68 99 99 22 5 94 56 68 0 67 21 83 59 76 34 57 24 33 44 31 52 97 85 76 73 65 60 28 96 13 19 4 71 74 21 35 89 33 91 56 7 54 86 34 3 66 82 64 24 54 54 74 69 76 80 47 85 72 66 78 63 89 73 26 53 48 1 45 46 68 69 20 19 58 0 96 6 19 43 49 74 23 53 82 67 57 82 92 23 64 52 33 43 28 87 44 50 10 65 28 78 12 80 38 96 0 16 87 91 30 33 21 12 24 82 53 76 70 57 5 61 46 5 90 69 93 2 33 65 71 71 2 10 48 98 21 94 96 
52 84 33 28 78 21 76 96 80 0 13 87 15 80 44 42 5 66 94 21 0 29 72 32 3 40 22 1 6 45 8 81 55 40 93 88 88 51 7 40 11 87 50 53 48 7 20 67 97 87 88 20 12 40 49 89 8 30 42 70 97 18 8 52 65 89 87 22 47 85 52 7 67 58 10 88 50 80 37 97 52 99 76 73 43 66 77 89 26 40 89 64 9 17 92 92 83 21 83 20 17 26 93 78 73 6 39 19 71 90 50 61 2 60 69 72 47 80 72 9 25 23 1 26 96 12 1 78 8 35 0 40 72 73 48 57 76 41 31 47 66 24 16 47 76 48 1 82 19 48 54 12 70 77 32 13 18 76 74 45 96 46 84 86 0 64 6 35 88 89 39 11 36 72 27 2 61 54 86 43 35 39 47 55 20 20 27 53 82 81 93 82 67 24 57 67 27 98 59 97 82 88 99 96 92 21 15 27 41 50 29 34 80 18 42 49 59 50 49 81 40 32 36 37 70 80 4 99 99 39 99 18 25 96 99 89 26 91 12 49 96 60 54 40 53 83 4 99 72 49 16 74 20 95 88 49 48 14 88 73 35 55 94 30 45 51 50 87 75 66 86 85 99 55 73 25 62 32 65 33 34 44 94 15 99 72 37 46 70 70 99 53 0 6 7 23 67 75 14 94 49 66 44 10 85 89 13 56 28 63 93 66 81 14 41 61 28 65 7 18 3 44 76 13 36 24 11 43 41 35 41 89 42 71 27 89 83 34 59 73 18 2 96 74 13 89 67 43 39 72 26 70 7 80 78 94 66 37 14 94 50 87 64 21 58 65 47 78 16 4 16 93 72 79 45 27 91 44 97 34 72 92 21 41 2 70 86 87 55 37 92 37 31 95 74 85 44 28 88 56 
40 68 2 8 83 20 21 42 38 3 50 14 84 88 29 89 41 90 32 18 13 85 57 92 58 11 81 46 92 9 66 60 99 10 29 81 14 16 40 6 3 10 60 34 39 58 18 26 67 64 67 51 63 39 60 98 58 99 75 43 6 18 36 85 70 62 27 49 9 27 18 85 65 53 13 91 79 61 28 61 21 33 65 99 37 56 55 91 60 75 10 93 71 1 23 16 56 5 42 23 60 9 11 75 96 72 86 16 26 93 35 26 1 51 84 42 84 93 28 29 14 35 48 16 78 32 87 28 57 1 79 92 0 50 74 29 64 88 7 54 47 14 50 4 5 56 37 3 23 4 40 89 39 59 13 7 67 25 60 54 98 96 58 79 8 6 37 59 34 71 56 52 19 48 90 44 57 66 88 79 58 79 54 46 44 75 47 70 87 18 10 18 66 52 87 21 9 65 62 28 93 6 32 67 96 87 75 45 7 55 89 73 34 37 68 62 99 60 8 14 1 53 4 99 13 11 62 90 70 11 50 97 30 98 25 30 49 88 25 68 37 69 75 98 10 61 16 21 39 4 78 91 81 1 51 37 48 68 62 69 71 96 36 45 23 93 73 78 55 5 0 96 23 78 76 37 86 5 71 36 24 53 55 57 12 69 28 26 10 94 57 79 36 5 98 45 82 60 37 23 36 27 91 70 31 97 98 19 10 52 41 39 11 61 28 78 88 27 12 19 67 15 33 51 70 20 74 92 11 48 64 16 95 7 68 22 95 58 6 76 43 50 38 89 15 70 68 61 52 78 90 95 48 70 31 54 20 91 45 43 72 52 52 86 12 31 61 39 74 41 84 47 52 15 74 35 84 67 37 52 89 90 45 83 8 15 42 99 78 96 27 38 27 51 55 96 12 17 43 34 
89 74 3 49 54 59 68 16 91 55 13 3 61 31 32 78 99 18 84 71 49 85 40 48 63 11 47 23 30 15 54 10 87 5 53 1 8 62 73 29 2 56 93 12 79 1 12 94 33 67 87 30 80 0 72 61 29 39 50 14 46 75 5 28 80 58 8 68 18 36 13 93 52 37 33 44 27 64 13 3 55 30 72 7 99 87 14 98 36 31 45 26 53 11 42 71 40 45 1 17 32 25 16 21 94 18 69 9 6 21 67 3 96 23 11 43 79 57 96 95 88 27 63 19 89 5 15 16 32 90 12 61 15 38 78 49 50 63 60 59 55 66 42 79 24 82 64 85 66 18 48 52 53 19 58 64 69 36 77 94 19 1 45 15 2 49 98 0 67 88 84 14 31 28 9 10 28 88 43 54 59 9 70 87 92 79 64 6 50 48 52 62 57 35 55 40 77 68 45 59 54 93 7 73 32 4 9 29 31 3 79 45 27 40 4 15 96 99 42 28 42 53 31 0 63 62 83 0 37 65 28 65 81 22 46 8 68 84 86 31 46 9 93 27 24 82 89 2 50 15 4 23 56 27 80 79 16 40 93 2 21 82 52 51 82 39 5 64 63 30 56 30 15 68 21 11 77 75 68 77 65 47 78 22 57 78 93 28 56 35 65 91 13 53 32 36 49 57 75 61 47 32 67 66 80 58 23 46 27 88 22 55 49 32 15 66 15 14 43 62 88 69 35 22 78 16 83 69 69 66 34 58 2 48 74 4 5 37 43 92 92 55 67 44 70 88 21 34 49 75 66 62 39 8 23 24 87 42 56 18 26 11 44 56 16 1 67 0 48 51 44 44 2 81 59 10 93 81 18 83 52 2 38 91 1 70 4 64 28 94 40 42 32 17 90 30 87 79 72 97 
3 23 79 43 1 98 85 6 77 61 15 5 66 97 2 42 95 22 71 87 98 78 59 25 92 90 8 29 33 2 54 0 17 24 52 36 72 7 7 15 6 62 43 71 42 29 75 63 68 76 40 73 72 21 9 44 41 56 54 40 41 89 8 32 3 48 19 8 47 38 19 71 65 94 20 90 76 71 42 57 96 64 43 49 2 91 86 63 39 50 71 96 48 94 76 14 68 30 92 54 34 89 54 2 29 23 12 77 77 21 20 89 83 98 36 44 88 84 57 37 10 59 89 33 0 0 92 86 80 58 99 75 58 58 16 93 34 60 77 25 64 81 4 10 62 6 22 29 7 96 95 83 43 89 22 94 56 92 33 79 67 36 23 15 46 39 40 20 80 65 57 65 1 50 85 65 92 68 62 53 78 55 72 1 14 91 75 0 53 48 79 81 90 48 69 21 10 27 40 14 96 82 81 2 97 59 26 21 30 40 4 99 70 22 64 54 97 33 99 6 5 53 78 41 32 95 25 17 6 81 90 32 1 70 96 16 71 74 96 71 59 66 12 96 89 23 87 26 98 31 8 49 71 19 14 95 42 59 67 0 67 27 7 21 16 3 40 58 23 22 63 62 87 70 6 12 61 15 88 94 80 49 60 68 55 91 42 70 94 73 58 10 37 24 75 54 48 73 31 25 29 99 35 35 58 93 25 54 54 91 88 58 68 71 37 76 74 15 19 51 26 86 80 91 38 28 82 91 73 50 46 16 78 65 20 22 37 21 95 70 42 5 75 41 16 93 41 97 55 1 41 81 70 24 35 93 72 95 51 51 91 55 45 8 69 48 97 6 87 59 26 85 51 15 77 24 6 27 56 90 2 23 4 93 84 37 44 79 50 45 11 10 67 60 76 80 79 72 16 36 
32 96 51 27 49 39 22 78 82 2 96 59 0 91 76 43 26 83 83 15 64 34 58 70 88 49 38 93 99 29 27 11 25 99 21 35 82 99 42 68 15 60 15 81 76 11 60 78 76 40 79 42 83 14 60 20 42 59 89 74 93 75 55 60 77 51 74 54 40 14 36 10 5 95 99 8 70 57 98 71 44 34 14 75 18 70 53 42 10 40 31 28 9 66 55 30 32 90 0 68 94 99 13 83 12 81 10 63 99 0 96 49 4 39 54 70 62 84 77 76 99 90 61 35 4 23 57 98 58 95 12 4 89 8 13 88 61 76 37 11 94 44 71 32 24 46 88 89 17 41 7 18 13 59 22 46 77 32 59 60 88 66 6 26 52 20 80 48 67 86 19 60 95 93 2 30 98 27 56 69 65 58 24 19 17 77 16 54 44 47 62 39 14 14 66 11 19 19 61 80 10 1 50 53 18 47 79 77 48 70 86 57 98 77 44 59 70 23 29 58 62 18 70 80 22 5 28 39 39 17 10 55 62 56 8 46 32 42 88 97 29 47 89 67 86 84 19 71 92 60 35 99 66 63 23 18 62 82 15 65 2 94 77 38 28 70 58 68 8 42 91 39 18 10 67 59 47 85 37 83 68 98 56 60 4 64 32 50 45 42 73 18 50 94 55 16 36 49 88 19 67 15 46 43 89 59 38 34 5 30 57 74 41 32 73 30 69 3 11 59 75 23 28 1 31 62 36 66 76 8 2 74 39 25 53 36 12 14 75 64 66 26 8 53 15 2 49 69 64 59 42 86 85 86 64 91 4 72 16 92 70 47 91 50 70 69 82 7 19 7 6 96 80 81 54 15 90 0 6 16 37 48 78 30 38 7 19 40 9 69 30 49 29 50 69 39 12 73 35 67 
1 55 6 19 42 39 63 17 31 66 46 48 48 46 11 48 23 7 12 71 30 58 47 57 66 45 30 36 64 2 22 17 78 52 45 60 57 71 75 3 25 56 62 80 2 96 64 88 90 24 86 84 96 13 39 90 15 16 63 13 70 81 85 48 98 47 73 56 76 51 93 8 57 75 30 41 50 12 3 85 85 47 70 53 46 72 82 9 10 56 36 51 18 36 40 45 6 69 95 51 63 51 67 92 73 41 50 62 85 66 90 36 16 81 12 87 96 5 56 73 11 11 40 34 8 93 37 47 5 28 35 28 22 73 71 72 15 59 69 48 14 0 62 92 17 9 80 13 47 18 40 24 5 6 21 21 21 75 31 20 27 18 72 75 74 54 94 56 83 46 61 14 85 87 91 62 86 66 29 20 2 78 56 34 8 54 73 49 45 69 9 49 1 82 4 29 14 94 52 75 44 36 48 49 94 99 53 14 83 2 1 47 49 20 58 28 32 77 81 57 78 1 32 80 49 44 81 58 87 97 4 86 86 46 7 13 50 41 23 71 22 52 54 68 84 10 35 26 50 17 49 62 70 90 64 85 22 11 8 77 7 60 75 33 65 41 33 41 4 83 19 81 57 28 37 67 84 47 19 67 28 96 33 51 44 88 5 87 97 73 41 7 76 49 30 87 93 0 44 10 16 26 23 49 27 61 18 2 68 31 69 52 97 20 8 89 69 47 22 39 16 33 92 40 2 62 31 8 51 86 42 3 99 75 24 39 5 65 48 2 69 90 59 0 78 76 4 80 56 19 89 49 78 15 56 79 39 93 50 49 39 13 17 13 68 60 45 2 22 67 69 41 94 20 87 28 25 0 71 67 33 20 48 80 16 51 50 64 85 40 25 50 91 8 11 67 55 83 80 51 
38 79 7 63 99 85 62 71 17 43 42 3 36 66 44 88 85 29 79 80 51 98 98 78 69 47 85 42 37 7 59 17 41 26 7 56 16 10 96 26 95 43 8 79 78 70 92 54 5 49 29 83 58 90 47 90 92 22 22 14 33 64 84 61 16 50 37 79 58 21 0 9 62 47 43 96 54 46 78 50 56 28 44 4 41 78 54 33 13 41 24 38 75 81 21 99 74 76 80 0 44 11 92 31 50 55 9 93 0 7 88 99 15 96 54 80 8 53 4 76 43 60 77 6 39 56 78 2 19 76 46 60 42 37 90 57 15 15 56 19 33 98 48 90 85 2 41 22 52 3 16 50 86 19 58 88 82 48 33 34 56 7 89 43 33 53 83 10 82 24 82 94 12 93 52 31 62 43 38 51 71 20 84 40 46 6 95 57 67 85 97 84 44 71 58 4 4 85 99 7 62 92 75 81 9 38 97 53 11 97 37 94 12 24 66 22 52 57 0 64 75 91 17 28 7 90 81 72 23 51 66 51 68 16 77 16 9 39 50 48 15 26 10 16 32 35 27 63 27 61 8 99 93 59 82 37 34 66 46 18 71 73 15 39 70 40 14 8 39 70 49 61 58 73 53 93 33 73 67 20 91 48 73 90 89 43 44 68 0 17 56 23 71 2 16 55 34 57 36 77 39 6 0 68 53 29 13 72 94 91 90 76 25 72 1 10 7 32 62 41 17 42 69 34 59 21 39 78 24 5 73 78 26 83 80 60 3 4 92 10 7 3 67 68 68 63 21 3 72 82 34 27 54 25 63 48 84 16 61 8 58 46 46 12 31 4 1 58 44 89 76 2 9 94 12 27 60 39 76 56 19 46 54 58 74 29 67 97 69 2 90 70 58 51 94 83 58 75 15 37 
68 20 6 85 47 81 99 6 30 62 68 26 60 42 91 55 37 4 65 20 18 27 9 12 0 7 79 6 63 63 37 34 36 21 9 70 13 74 81 49 73 46 83 48 88 24 49 34 31 77 28 33 79 3 36 42 58 20 11 65 7 68 93 4 63 96 99 10 12 55 10 91 41 86 59 31 70 6 36 94 5 60 14 58 13 78 57 86 34 9 23 25 33 26 41 64 30 97 42 29 59 70 73 89 51 94 90 86 22 74 96 32 2 81 97 88 91 28 29 3 59 42 35 18 94 34 42 86 44 60 91 26 14 29 64 94 82 94 53 38 69 39 40 63 95 17 74 98 94 34 80 67 22 38 51 55 21 22 96 65 41 33 86 41 50 75 9 79 2 29 47 83 14 84 21 64 15 58 61 26 84 2 5 14 78 63 31 85 90 87 2 90 85 20 19 56 14 52 41 39 47 25 26 56 5 55 91 67 26 45 94 92 99 41 38 5 7 0 18 32 89 94 2 36 69 33 2 24 70 0 28 99 14 22 24 1 39 31 6 27 48 2 28 21 91 92 49 88 17 14 45 58 83 1 66 8 12 37 34 76 22 59 74 34 22 74 2 72 82 88 26 92 34 2 40 13 86 29 43 70 81 83 96 70 83 69 75 61 30 46 0 78 23 69 54 81 92 18 36 22 21 2 78 67 63 63 91 39 26 90 96 16 62 36 75 14 45 27 41 48 0 90 72 74 0 66 77 0 34 78 26 90 49 17 31 12 75 59 94 12 95 77 88 82 21 53 6 7 34 62 15 9 57 43 10 49 62 90 60 74 58 86 19 78 4 73 18 46 39 72 52 55 55 64 98 10 12 95 32 12 97 33 19 39 37 3 90 59 92 9 49 12 0 31 89 66 5 11 44 46 
86 72 88 61 48 18 16 7 53 68 18 94 54 98 7 26 33 9 43 71 22 23 0 77 54 43 58 79 80 33 20 44 72 42 41 65 93 38 92 31 88 34 48 28 41 8 40 52 0 52 54 90 24 36 3 58 14 8 35 41 70 48 89 99 18 81 4 44 87 62 55 67 55 31 58 63 39 55 82 82 22 10 60 27 55 13 16 2 0 20 52 23 58 56 98 23 38 71 61 14 5 85 28 22 56 17 4 22 3 87 65 47 12 34 18 39 10 84 36 46 58 65 56 2 8 62 32 57 43 43 76 66 67 39 13 97 87 62 61 34 2 60 92 60 76 32 39 49 97 15 63 50 34 2 85 93 29 32 79 97 2 41 5 65 6 56 76 11 2 88 95 71 51 90 1 32 49 24 86 30 41 68 65 97 64 78 61 21 40 36 31 94 81 29 51 14 96 64 55 81 23 98 52 8 74 93 2 93 60 78 42 53 69 41 14 99 46 87 93 17 69 37 11 61 7 15 43 62 59 59 88 74 61 44 1 66 7 17 40 0 67 14 44 72 29 25 53 54 10 72 77 86 29 66 53 29 69 95 61 24 63 34 20 55 25 94 65 36 67 46 63 32 89 32 80 40 6 47 59 83 43 25 60 76 71 57 23 27 49 42 37 65 83 47 30 40 50 96 54 19 77 24 22 25 74 17 94 55 35 69 81 37 30 54 12 38 95 37 22 35 93 14 91 16 43 59 4 40 68 18 26 86 10 32 75 9 31 31 81 89 60 46 36 18 13 83 19 0 10 2 26 60 41 84 26 55 7 59 92 19 71 40 99 54 80 80 8 33 63 23 91 53 69 2 15 54 35 16 58 64 70 80 74 30 91 9 4 27 56 5 83 3 12 26 39 42 49 78 86 76 
35 58 90 0 99 61 5 98 61 10 57 71 10 95 16 3 10 91 67 58 13 51 5 38 42 88 34 16 89 36 5 0 73 78 35 58 61 43 1 94 89 67 28 4 39 75 30 20 51 52 48 44 46 83 86 96 70 54 58 73 82 96 65 97 99 81 2 58 12 68 0 41 10 72 38 85 47 76 5 88 67 58 98 20 0 91 57 74 98 69 5 95 58 97 37 16 97 41 82 8 87 56 38 32 8 29 45 78 69 22 61 60 7 31 91 35 34 26 87 23 96 91 89 30 88 46 94 93 41 20 93 26 98 28 15 78 32 87 51 88 81 70 58 59 11 70 81 5 16 71 17 88 92 62 76 37 25 81 12 23 73 57 1 65 73 62 6 88 89 12 17 27 76 70 87 55 81 54 82 89 94 44 17 69 72 72 87 13 64 73 39 95 92 76 27 88 13 79 21 89 83 86 59 78 21 47 18 12 51 53 87 87 93 28 67 57 22 95 61 34 45 58 91 48 95 16 11 32 65 60 38 70 79 8 40 38 28 18 81 55 44 10 83 40 16 3 49 69 22 86 24 43 21 4 20 19 69 67 81 76 89 51 74 75 36 21 82 70 90 1 49 96 49 57 73 64 12 49 13 76 10 48 22 60 54 47 13 32 2 32 16 70 58 34 49 3 42 55 55 83 42 14 93 70 49 38 80 78 8 14 13 75 56 35 88 82 22 19 99 34 38 63 50 6 83 20 14 14 46 89 20 92 32 71 95 38 52 13 82 47 72 74 71 54 55 82 6 45 77 84 38 65 86 97 69 17 60 84 67 58 90 15 89 86 53 22 65 51 30 26 5 38 56 42 83 23 68 41 84 88 82 10 62 22 49 48 78 43 62 8 98 72 17 9 25 61 40 14 21 50 
52 70 33 96 21 24 11 53 10 44 46 96 49 58 38 25 24 85 5 99 35 63 8 91 24 27 82 84 9 27 49 3 45 83 4 73 6 65 21 34 33 7 35 25 30 22 8 85 33 56 93 38 10 93 97 33 73 45 30 3 21 37 37 97 97 22 73 92 91 38 51 83 9 62 84 5 58 68 42 3 2 94 12 55 92 70 4 42 55 83 62 68 78 92 47 81 29 28 79 53 9 81 39 7 11 21 45 11 44 18 53 38 43 9 8 55 99 34 35 91 86 81 22 68 67 64 73 90 16 87 87 62 31 68 94 71 70 80 54 85 44 34 89 39 98 31 58 46 26 89 68 36 15 91 6 6 13 65 17 88 35 69 77 32 9 69 95 62 47 20 3 16 23 6 34 82 73 38 50 11 14 39 52 96 13 50 65 20 22 35 77 93 20 60 53 18 72 54 24 61 28 63 35 27 60 60 71 62 36 24 31 42 13 20 67 11 85 76 5 90 77 46 94 47 1 94 98 45 95 94 67 4 31 22 47 55 43 51 61 0 77 63 31 4 89 68 69 47 25 3 80 5 42 6 7 50 69 90 58 20 62 53 77 82 68 22 23 7 76 66 65 43 22 49 0 69 50 16 14 58 27 45 67 25 90 84 98 27 13 11 91 49 6 66 14 47 9 1 99 32 4 27 40 59 86 53 43 84 15 30 61 24 79 36 98 53 72 18 13 25 12 39 78 48 33 99 6 9 24 85 99 85 51 53 25 10 82 67 52 2 80 75 7 82 91 90 88 66 53 78 69 50 42 73 87 42 66 51 49 97 41 77 98 63 83 64 19 78 49 27 35 50 89 84 16 59 77 69 7 79 3 62 54 31 8 25 37 63 66 50 78 70 82 32 26 70 18 76 29 3 
23 53 55 97 63 51 60 41 40 52 9 85 12 8 60 54 40 23 2 82 47 60 30 5 1 52 33 17 79 5 64 86 33 17 65 51 32 6 75 33 13 67 71 79 43 78 79 63 69 43 8 12 28 10 13 9 77 24 52 89 34 35 68 83 37 3 66 95 43 76 4 5 55 89 89 70 73 6 42 26 80 13 68 5 41 26 35 40 19 48 6 45 68 47 57 5 53 11 80 54 81 21 92 45 22 80 42 2 53 23 82 1 91 42 82 87 99 1 12 86 94 8 5 50 4 19 51 89 65 25 83 55 48 0 87 69 99 11 4 94 15 57 35 71 81 52 69 61 89 59 91 89 34 68 43 47 83 32 1 98 44 78 5 39 55 71 9 43 28 7 57 42 72 35 41 42 86 84 67 1 12 93 62 46 99 12 34 81 83 63 68 81 30 48 96 17 23 25 42 34 51 74 46 80 43 55 44 43 11 27 2 24 78 25 43 51 42 0 80 75 34 22 44 49 19 0 22 74 55 50 13 92 4 65 31 81 28 8 87 97 51 51 51 49 13 9 95 16 78 80 1 58 8 19 61 35 40 79 73 37 63 2 16 93 46 52 60 64 71 87 55 80 94 78 82 76 85 67 81 81 52 81 39 66 19 28 87 94 80 48 89 7 35 33 13 39 37 19 32 51 61 82 32 62 61 42 79 43 4 21 67 41 34 45 20 74 65 23 89 8 55 14 68 24 76 64 5 19 61 71 37 38 33 82 6 37 31 29 77 60 96 86 19 80 90 98 26 67 85 79 45 14 42 39 20 71 97 45 95 16 35 54 45 62 31 11 5 85 80 37 70 11 96 82 10 79 16 14 55 4 96 64 61 42 79 30 83 69 59 29 25 67 30 38 85 71 80 21 21 15 
77 16 68 57 53 92 48 2 34 87 28 50 61 50 86 44 37 42 43 49 60 96 69 71 18 69 37 48 15 37 17 27 53 33 68 98 58 98 45 76 94 87 52 9 20 40 99 63 41 17 73 12 86 31 41 46 64 13 32 54 81 73 98 40 68 32 86 73 47 15 81 82 75 4 85 96 26 4 58 0 49 42 0 5 61 44 23 68 27 81 92 88 68 83 0 34 42 45 61 30 68 91 7 91 86 41 41 31 41 9 81 47 12 21 38 45 55 53 99 42 27 68 55 91 82 49 63 79 24 48 15 27 50 70 76 36 26 17 85 75 76 20 97 51 43 74 21 24 18 1 27 24 16 20 46 78 3 57 30 36 25 37 58 57 28 65 80 36 59 70 69 64 48 3 98 16 85 69 34 41 10 63 65 97 35 96 77 38 21 86 51 56 50 20 87 23 19 86 79 4 10 15 33 5 91 91 84 43 70 91 17 36 1 21 75 2 91 72 47 35 42 16 72 13 65 89 50 3 50 42 1 72 66 88 1 15 80 44 91 16 98 38 30 91 9 14 55 2 85 72 42 68 81 26 50 39 32 53 51 81 61 41 81 35 39 69 84 85 67 27 54 46 94 59 17 91 61 50 38 18 44 36 32 17 63 98 5 59 7 34 9 82 0 60 89 10 73 90 15 80 89 34 50 2 13 86 45 35 98 37 63 62 24 20 10 68 95 7 96 85 41 37 37 38 32 69 95 0 5 31 10 36 53 91 23 44 99 32 31 57 3 47 72 69 9 29 52 10 57 97 89 88 78 51 28 88 28 74 76 74 34 89 9 0 47 92 53 19 1 91 15 33 4 84 7 99 48 81 90 78 45 8 46 97 62 78 63 13 72 13 11 51 52 74 0 25 8 27 24 67 
86 77 21 80 77 52 49 69 12 81 39 10 32 16 4 63 26 72 45 32 97 56 18 44 16 79 62 70 11 54 23 89 54 49 61 90 39 55 50 87 6 13 73 86 1 62 3 63 33 0 61 42 5 38 11 88 73 49 92 68 80 95 8 69 34 46 98 94 53 93 94 52 24 78 14 95 49 16 15 96 43 77 18 10 55 27 47 12 4 74 38 30 84 41 37 22 81 98 85 64 95 35 72 17 60 58 71 65 46 83 19 87 8 73 45 13 72 22 18 0 11 28 40 1 34 76 39 49 79 76 91 82 18 79 78 98 2 19 8 63 46 68 64 52 9 99 22 35 2 57 52 59 32 1 86 40 86 20 49 77 72 36 73 98 53 90 74 62 60 8 40 2 13 5 35 58 57 87 49 63 28 31 45 54 26 31 51 76 12 61 37 23 1 82 10 8 41 1 25 37 48 20 73 29 53 64 50 5 21 17 14 66 19 4 32 8 86 73 33 45 57 47 5 62 1 70 65 13 4 7 67 76 69 69 93 37 20 75 1 47 0 49 88 79 82 76 50 2 95 63 46 26 80 62 98 91 69 68 85 88 40 35 7 87 56 82 77 89 78 8 50 57 22 95 32 15 5 40 39 40 33 52 27 4 18 54 28 2 28 96 43 18 60 83 19 1 68 35 21 58 33 26 91 6 7 47 26 29 20 54 11 49 77 42 63 70 17 7 75 6 98 86 59 91 85 42 81 43 61 20 4 24 43 92 93 84 8 81 70 46 40 15 78 13 94 84 32 25 71 98 27 40 91 22 45 38 82 71 74 92 19 45 32 6 71 72 92 7 0 22 16 33 52 79 23 9 48 42 92 8 52 41 35 31 52 37 60 96 95 28 18 21 87 66 23 64 94 25 60 16 
92 40 67 67 24 71 31 5 99 64 61 36 74 13 92 0 84 9 90 12 81 4 1 58 4 23 54 0 67 79 73 39 14 60 85 96 1 13 95 88 36 15 37 60 99 91 59 86 83 71 69 3 6 55 10 54 39 4 17 55 22 94 78 99 0 87 48 43 38 63 36 43 38 5 76 77 31 85 33 90 78 68 50 65 85 1 10 53 55 13 96 48 3 62 57 73 38 71 53 5 39 71 53 5 49 63 20 59 20 69 81 36 24 26 77 97 71 62 30 88 8 35 54 97 35 75 28 96 78 50 51 85 49 27 77 71 42 33 59 45 28 18 74 71 1 91 10 71 2 27 35 51 50 72 49 2 49 21 80 61 38 75 48 28 91 82 43 61 48 76 79 56 63 3 19 31 22 54 96 72 25 46 64 21 30 74 19 68 58 57 4 19 57 45 2 53 69 20 88 18 63 98 42 47 39 30 57 82 58 22 4 88 96 68 24 7 55 7 57 71 20 37 30 43 72 78 23 85 96 24 56 74 76 57 69 87 22 70 4 73 45 53 22 82 88 78 22 37 29 21 11 98 1 46 20 65 14 5 9 60 30 12 91 59 38 59 67 12 83 91 8 83 76 54 90 91 12 90 39 97 17 10 12 10 17 41 43 40 75 38 8 49 10 63 72 82 61 26 30 69 11 97 20 77 41 45 0 91 28 53 91 98 78 24 82 70 90 36 71 13 44 41 26 1 49 25 85 22 18 97 68 78 33 88 65 82 27 98 67 69 41 12 30 42 0 90 91 55 90 49 76 55 67 58 85 71 9 78 84 36 44 56 82 68 93 96 36 12 11 65 57 81 98 46 12 54 31 20 0 12 33 31 69 59 59 17 63 20 57 99 90 51 35 39 24 75 75 89 91 72 
35 14 56 96 95 66 28 49 16 37 53 30 9 61 64 76 53 62 22 87 13 66 67 73 52 29 98 6 80 64 98 93 70 29 5 86 69 50 7 68 94 87 49 5 88 21 11 15 87 17 10 13 2 20 43 6 77 96 32 78 15 15 91 27 44 11 28 30 3 5 81 74 66 93 6 40 53 90 95 75 52 23 97 18 31 38 49 44 61 87 33 14 36 7 8 20 18 74 4 53 57 7 50 56 91 96 30 79 65 48 8 45 40 70 74 25 17 94 58 32 77 67 70 47 8 1 91 5 43 83 67 46 7 28 86 57 61 50 78 8 27 71 74 73 68 63 80 66 86 93 42 16 99 82 59 13 74 23 50 45 4 51 35 82 34 8 96 14 92 60 94 16 23 35 56 94 15 91 12 50 80 8 41 24 22 61 4 91 90 67 34 18 7 40 45 68 69 19 58 55 33 14 10 38 45 16 87 73 21 88 50 21 19 10 71 12 74 84 97 2 57 55 90 32 94 96 57 89 85 65 18 95 55 80 9 80 2 54 35 93 23 76 98 34 61 34 12 91 44 76 81 37 86 81 8 20 61 9 46 37 1 46 61 75 62 11 29 86 9 25 72 63 48 21 7 50 84 18 47 97 47 47 53 32 65 0 10 34 70 25 14 7 45 34 7 26 51 73 60 81 63 66 74 18 24 41 23 5 71 29 1 59 63 23 29 61 63 32 57 21 11 35 43 76 61 94 11 37 13 16 11 25 2 47 84 15 4 67 68 74 23 99 30 93 29 42 81 6 59 32 45 18 67 43 70 19 2 60 67 23 68 38 46 53 80 73 52 2 67 83 59 41 11 27 98 74 80 30 97 55 45 54 6 48 51 41 19 25 63 30 37 85 65 53 80 10 93 13 60 50 
89 17 64 95 91 47 32 35 44 57 20 73 53 49 11 64 34 0 2 89 88 66 22 51 47 24 19 43 79 1 97 56 10 49 66 4 95 54 2 63 46 45 48 64 68 33 30 42 52 6 46 44 66 2 21 72 50 30 49 45 28 7 87 39 27 75 43 3 64 45 78 7 37 61 27 3 45 26 41 77 1 30 37 34 60 64 44 25 43 65 79 79 4 25 89 76 67 71 17 5 21 46 33 2 97 61 94 78 89 41 21 93 6 25 9 6 14 14 30 41 17 72 41 86 13 25 69 2 87 65 37 97 31 86 79 45 67 9 37 47 46 92 18 3 54 21 87 53 85 79 90 9 60 43 46 10 77 34 25 74 34 29 35 40 5 57 27 20 49 25 99 76 11 60 51 11 90 71 78 2 36 82 41 12 92 54 32 6 95 84 94 43 88 91 30 34 31 52 95 70 78 5 41 5 53 26 10 44 56 39 48 94 15 17 67 19 90 93 85 98 76 35 48 14 21 56 28 54 77 61 69 28 7 97 12 15 22 64 49 55 58 74 7 40 42 7 87 25 93 32 82 92 75 15 98 19 2 78 87 48 56 5 38 49 94 33 10 61 45 19 97 51 60 38 29 25 86 40 63 51 70 96 83 93 92 84 90 9 58 63 20 74 55 77 94 50 86 25 59 40 94 36 54 33 20 77 0 76 26 72 17 73 15 51 68 52 71 34 70 65 81 97 23 61 10 28 33 2 27 1 33 20 86 86 83 57 96 17 60 26 19 92 50 90 22 18 72 91 1 89 27 54 56 50 84 80 34 45 54 34 90 38 91 76 48 12 58 70 68 4 7 51 99 14 62 59 75 65 49 6 49 73 81 69 30 4 39 9 17 14 59 97 38 94 48 29 20 20 49 45 
14 97 19 66 81 27 21 63 53 77 37 2 28 74 24 61 43 29 11 32 98 86 18 4 67 47 69 34 54 13 69 9 8 35 66 24 22 47 35 75 0 52 65 27 60 81 51 71 67 40 13 10 86 77 40 87 34 83 10 24 79 31 30 14 81 44 66 24 60 91 79 22 52 40 13 96 16 12 59 95 99 1 9 42 11 70 37 5 22 80 74 39 2 42 80 6 98 95 96 35 74 41 34 25 5 36 12 70 5 88 16 56 67 92 15 38 72 47 56 7 43 56 91 58 76 82 6 51 46 44 47 68 56 43 48 96 56 87 84 48 89 94 94 67 53 77 34 7 22 55 15 32 6 17 3 1 64 51 98 5 45 95 1 8 79 11 41 2 57 23 99 7 67 45 33 31 11 0 24 75 16 7 0 77 10 82 79 29 6 49 14 53 8 0 56 47 58 91 68 67 90 87 50 58 23 92 77 73 16 89 27 70 62 45 68 62 51 87 3 46 90 76 83 31 41 95 1 84 17 25 55 77 33 39 49 26 13 17 5 80 40 88 40 28 40 14 47 66 58 16 47 91 49 28 69 38 82 96 72 59 64 27 28 1 57 55 95 39 10 99 34 93 16 85 79 60 79 26 0 21 45 1 3 17 90 69 7 59 95 3 65 53 16 36 20 6 99 59 74 68 62 18 52 11 39 92 80 82 18 54 61 56 31 94 82 11 2 96 3 73 71 1 56 54 33 28 67 78 50 91 56 21 27 85 47 24 66 30 98 87 73 72 96 55 21 23 17 6 83 35 31 81 30 16 12 58 53 75 5 97 34 39 66 19 11 46 79 77 79 5 74 75 73 85 82 21 89 4 24 74 43 48 0 74 20 66 18 31 62 85 9 64 3 11 16 86 97 76 43 76 
60 71 73 49 25 2 59 55 66 97 75 58 6 25 94 37 86 9 14 20 87 62 89 39 70 23 2 54 14 51 73 81 49 30 72 58 13 26 39 44 76 83 94 46 70 60 28 9 31 59 56 7 4 42 59 5 42 48 75 30 64 80 3 79 44 4 10 89 34 24 5 1 12 20 24 64 81 44 24 56 23 74 56 49 98 61 4 39 87 36 73 26 1 33 37 47 47 91 74 3 27 34 43 62 53 17 30 13 62 96 36 95 87 0 77 13 32 23 7 68 38 53 18 31 21 51 53 49 82 45 3 35 12 91 39 86 11 3 28 68 14 74 93 8 13 24 72 35 47 61 62 85 50 17 55 41 27 38 62 44 99 29 26 62 22 27 86 25 27 80 54 11 16 65 91 31 20 89 46 65 61 5 59 1 79 58 80 91 7 99 75 44 48 91 23 0 95 42 44 21 0 74 0 62 24 89 62 23 49 17 20 52 76 25 63 85 6 58 8 21 89 0 81 58 72 63 62 40 54 99 12 3 26 56 73 22 42 30 41 69 78 79 5 95 64 47 6 1 6 79 77 53 50 79 64 14 8 57 63 78 28 97 55 98 62 13 3 91 51 72 70 41 6 63 0 92 47 5 56 96 51 68 41 41 73 66 84 31 87 1 65 88 63 65 82 84 27 83 40 48 74 99 23 74 30 5 52 19 91 57 53 82 74 17 77 49 90 31 32 86 5 39 61 48 78 96 95 29 33 49 85 45 16 27 77 20 72 57 98 93 72 1 36 57 34 69 81 18 9 37 74 14 14 31 99 78 73 86 39 66 88 15 94 8 56 36 16 96 23 20 62 38 44 96 55 10 87 86 32 60 87 79 8 40 35 85 43 71 93 59 61 43 29 61 74 34 22 7 91 70 
92 8 52 49 9 34 88 24 17 39 68 94 20 91 39 80 75 93 81 62 25 44 11 71 87 55 22 2 50 18 24 37 25 22 31 99 78 70 19 1 37 89 43 80 50 32 39 5 42 28 48 92 38 27 7 14 55 77 87 54 25 15 37 82 21 43 81 99 72 66 38 37 50 70 98 55 35 30 83 47 5 44 42 45 42 34 74 66 84 91 67 14 38 40 59 13 16 33 4 2 94 41 36 85 61 39 93 27 38 45 53 27 91 46 69 8 27 19 36 72 26 77 50 11 61 3 22 97 35 5 21 36 88 51 72 53 28 32 12 12 40 69 95 57 24 55 30 78 29 36 89 39 21 28 46 81 47 78 26 90 65 20 8 64 10 85 11 76 13 69 18 96 59 58 62 4 57 6 76 94 26 39 32 61 10 22 14 67 55 7 6 41 90 21 93 30 65 57 85 78 68 87 69 14 34 5 10 61 37 50 13 33 44 14 67 90 92 85 33 86 25 29 71 54 87 67 23 15 32 24 66 41 3 0 35 68 74 96 63 80 4 21 63 14 50 12 64 71 95 91 72 29 41 47 29 56 95 68 31 75 68 66 25 3 96 42 45 3 69 88 16 32 63 34 40 62 93 49 0 72 40 66 83 97 68 35 28 68 14 79 41 5 43 36 8 92 51 59 11 6 22 66 35 17 45 21 70 45 32 41 50 84 46 80 73 26 78 60 84 33 40 40 25 78 71 80 93 65 30 53 0 1 77 16 18 56 74 29 73 70 67 68 32 56 25 91 68 99 89 58 17 52 30 39 43 2 80 48 61 29 95 35 98 90 63 56 38 29 38 20 19 50 50 46 60 91 50 2 46 0 99 97 46 16 67 12 74 96 4 50 32 22 34 64 43 47 11 4 2 39 
54 41 98 8 6 87 92 90 24 64 8 58 83 77 0 6 0 47 88 52 61 0 29 1 93 22 28 84 5 42 88 79 65 53 52 73 6 67 14 4 7 83 6 9 61 63 39 62 36 12 35 3 10 9 10 48 18 32 33 94 70 85 74 68 44 62 79 48 99 66 86 46 27 74 44 28 66 85 95 79 75 91 88 57 56 52 37 3 48 6 21 36 8 80 46 79 22 29 60 42 79 92 42 84 69 37 82 64 37 8 72 78 49 84 75 25 50 7 7 65 84 32 46 84 70 73 54 48 27 94 98 74 21 22 81 77 48 56 31 8 31 60 37 38 19 72 39 96 52 81 56 19 84 86 78 43 81 43 22 26 83 82 15 70 38 94 2 74 5 27 88 25 46 70 35 92 36 53 14 33 35 46 88 13 43 88 42 35 47 2 12 97 75 63 21 27 60 82 14 50 79 98 5 19 92 64 74 67 48 8 18 5 50 10 10 14 74 79 82 52 15 90 51 98 14 58 9 51 94 24 93 2 66 98 54 1 93 68 38 44 68 98 56 87 93 77 99 82 59 77 30 58 50 51 70 57 8 72 63 22 24 94 83 17 94 37 91 91 47 40 75 99 31 33 20 64 36 51 71 35 73 51 69 59 86 93 6 25 26 55 83 63 46 58 67 44 52 44 59 51 0 38 4 95 37 43 53 60 0 0 74 78 48 53 37 70 46 88 31 79 31 45 24 67 69 54 30 82 23 28 23 46 7 17 86 52 15 35 89 74 80 61 96 14 85 84 88 45 87 9 52 87 47 57 60 2 45 81 61 61 83 79 67 19 37 1 78 84 52 0 42 11 52 0 93 92 7 26 3 13 19 94 15 4 95 55 53 79 36 75 49 30 41 7 95 84 69 74 77 24 
0 80 53 50 1 50 92 63 34 13 42 41 93 12 2 78 21 90 48 46 20 0 57 31 28 98 27 29 27 23 82 3 4 30 10 12 26 76 54 97 15 56 88 73 37 68 62 50 72 24 81 28 48 88 84 96 40 94 74 87 80 2 64 35 2 54 25 24 35 76 79 18 25 18 47 27 28 92 83 80 13 4 3 89 53 35 61 80 2 14 34 94 6 27 26 96 65 40 93 87 49 80 3 79 4 81 37 25 17 90 25 23 14 58 56 68 78 5 61 32 65 94 53 61 68 48 45 83 54 92 32 13 67 82 66 24 49 36 3 99 68 25 44 88 34 30 66 78 11 58 56 88 9 53 68 4 31 14 33 20 27 26 44 13 65 12 7 16 86 27 41 22 26 28 7 42 94 81 46 70 16 22 58 43 74 93 67 53 13 73 6 86 71 78 18 47 0 29 7 80 42 14 30 5 74 97 79 46 44 49 28 5 6 57 79 13 65 29 25 37 5 37 80 49 66 65 65 45 71 25 46 63 62 69 76 70 12 63 96 48 62 95 99 19 36 88 34 43 45 29 71 99 11 87 78 75 21 17 79 44 54 24 44 2 28 52 29 10 84 18 66 87 56 91 97 19 6 37 13 33 75 5 54 53 16 33 57 45 39 15 10 59 74 49 53 93 43 99 34 91 79 26 97 59 24 94 80 53 61 98 70 6 6 90 40 51 43 53 45 70 85 24 60 72 29 90 64 87 11 66 83 25 28 11 36 22 32 38 61 11 24 21 62 75 54 26 49 58 68 53 6 48 53 54 83 43 69 71 39 60 61 89 92 60 76 33 96 49 68 13 72 90 31 64 20 47 63 78 59 10 72 79 8 3 97 35 87 41 82 42 8 81 16 57 60 50 46 16 33 79 
50 53 97 29 27 45 78 51 38 86 61 50 18 69 86 16 32 41 2 74 3 24 72 74 97 0 9 94 70 16 99 69 28 12 40 69 3 18 66 39 78 47 2 27 10 29 50 91 71 34 75 89 12 69 98 86 14 40 45 30 96 89 54 38 42 53 60 33 95 66 61 54 11 67 83 68 1 98 6 91 53 89 5 75 33 93 64 90 13 39 61 3 45 24 26 60 26 60 66 43 84 73 67 97 94 36 56 70 54 48 35 1 10 26 81 95 71 13 8 82 62 83 5 96 20 39 78 63 14 32 90 67 92 87 64 27 10 28 96 72 41 79 88 32 71 21 43 54 73 11 48 81 91 98 40 5 1 56 47 72 65 15 84 46 62 24 0 92 71 65 61 23 82 27 83 17 27 94 18 27 31 1 62 31 62 66 24 96 13 89 1 67 32 72 47 96 3 64 58 66 18 50 97 7 74 28 42 48 62 17 88 67 82 29 70 69 62 50 91 75 23 92 16 15 66 83 73 68 45 19 91 43 86 3 5 87 92 46 58 72 56 74 83 65 9 41 62 19 40 26 2 58 47 79 35 77 75 72 4 95 91 1 91 79 3 60 1 32 89 49 27 29 50 1 24 23 72 48 96 96 39 53 37 34 10 32 72 72 31 20 1 45 57 54 18 51 29 4 25 49 95 33 13 48 79 82 51 78 76 25 34 41 99 9 59 98 83 66 9 41 35 13 16 28 72 86 36 63 17 37 37 55 56 63 84 85 76 17 56 44 4 18 74 85 21 17 22 88 14 93 67 16 14 96 17 95 39 42 8 70 14 74 12 73 24 33 79 15 63 22 19 45 84 98 17 13 31 18 96 45 95 57 2 88 92 57 59 72 43 60 8 24 29 12 83 36 65 4 71 75 
30 94 71 8 20 41 66 41 19 98 38 91 99 70 73 2 54 37 19 24 78 14 6 35 33 65 2 48 89 5 72 88 57 79 97 2 33 51 99 0 73 66 28 14 9 8 10 97 43 54 58 22 86 74 11 28 90 62 73 20 20 94 62 39 54 7 69 3 50 0 90 86 68 6 30 50 54 47 11 65 35 46 90 83 50 14 2 30 60 15 20 4 88 29 93 68 27 88 47 62 80 24 88 16 80 54 59 69 69 27 45 96 99 99 83 58 67 36 29 51 0 17 18 30 7 1 84 38 8 16 7 3 6 95 9 30 45 31 21 86 74 56 84 64 30 15 27 76 44 42 10 59 25 10 0 63 33 97 93 38 23 34 80 60 24 14 41 59 60 67 38 55 97 38 4 1 20 9 28 72 1 99 66 83 79 87 82 78 32 43 78 79 62 97 52 34 78 79 71 60 16 80 87 73 47 46 80 32 58 48 47 23 67 75 21 75 35 21 68 57 86 90 4 98 76 83 25 76 53 59 61 44 33 68 0 71 71 14 98 4 55 46 32 45 85 2 39 6 28 3 46 56 18 58 34 54 78 47 23 3 80 51 73 84 60 13 56 29 37 47 72 59 55 2 83 61 75 12 48 45 18 36 59 4 29 67 42 64 39 25 24 10 67 53 40 4 72 10 29 97 50 46 23 22 95 60 20 3 1 33 51 11 98 10 73 41 34 33 30 71 27 5 59 99 71 63 98 91 9 70 37 97 29 10 10 15 41 16 82 77 8 97 49 21 50 60 66 74 57 72 8 4 74 91 75 78 55 39 50 86 67 23 25 29 74 6 59 14 87 46 30 60 83 64 86 10 57 70 75 23 2 68 22 23 69 67 45 64 63 47 42 20 75 44 89 98 58 32 0 23 
89 78 44 7 91 94 70 7 92 76 56 82 50 2 84 3 99 33 89 81 84 10 48 86 56 25 8 15 36 19 35 29 62 21 56 76 10 15 81 64 25 62 16 16 60 52 84 17 77 42 83 56 84 56 53 63 59 42 20 2 40 62 98 84 50 97 86 3 62 84 2 56 19 92 52 32 36 31 72 92 14 56 58 98 74 41 73 88 95 83 11 52 78 91 29 61 61 79 37 97 15 59 86 16 35 14 45 44 95 52 10 81 10 24 96 82 11 89 64 24 72 88 90 99 75 33 38 56 96 92 71 6 80 30 90 35 91 92 29 72 64 57 88 23 33 43 63 97 61 56 81 56 90 78 85 87 94 48 71 24 82 38 30 17 13 51 39 94 6 6 56 49 79 56 6 87 76 23 16 67 71 30 53 28 46 91 76 95 48 60 10 42 79 71 15 31 82 44 28 96 53 16 4 7 61 55 98 28 58 94 31 27 98 99 45 39 63 44 98 16 24 62 41 45 4 93 10 83 67 95 24 74 38 99 0 25 69 32 99 28 63 66 68 17 8 15 55 14 94 41 37 46 58 8 17 62 36 22 18 18 93 90 26 44 96 49 87 20 75 90 84 24 35 97 6 86 51 62 87 0 53 31 67 56 94 55 65 72 19 93 32 87 96 80 75 17 51 40 34 15 32 1 30 46 15 62 82 90 19 92 15 38 14 48 81 22 89 23 47 20 22 53 29 51 54 49 11 61 96 62 29 11 3 68 49 46 35 53 84 24 79 22 81 55 49 6 27 34 46 69 25 2 75 68 39 10 29 45 46 1 14 57 43 11 60 97 57 67 89 5 84 61 11 30 98 40 20 36 36 13 9 75 36 73 73 85 78 3 88 16 28 85 49 43 38 32 55 87 73 10 
3 12 42 8 11 2 50 69 89 49 62 98 39 95 16 45 1 32 52 79 48 42 72 20 42 62 24 58 53 42 55 99 60 73 73 86 48 48 53 77 43 11 43 58 3 43 41 24 9 57 83 25 67 71 35 35 95 97 34 84 29 58 25 17 41 44 43 19 36 14 99 57 31 97 72 12 81 5 51 99 8 84 49 38 52 79 5 18 39 84 20 47 4 4 48 0 52 26 70 74 38 11 11 56 96 67 29 46 2 60 29 93 35 25 76 21 16 10 10 12 63 75 90 54 72 42 87 81 64 1 63 56 23 14 18 15 78 97 9 56 33 23 24 44 56 5 17 51 21 8 46 21 21 2 32 54 48 69 12 12 6 38 46 48 77 69 53 65 77 11 2 79 58 40 24 52 69 30 71 11 6 82 80 2 28 81 93 6 81 82 93 72 4 17 30 3 59 15 81 59 54 49 42 95 1 58 49 74 94 57 64 94 55 70 81 7 93 44 38 7 73 7 40 94 13 39 85 16 10 92 9 44 0 67 22 51 71 17 95 22 50 27 2 32 97 14 89 75 50 71 83 61 67 5 27 6 45 46 25 56 13 72 44 21 32 37 86 8 47 97 21 35 49 90 14 64 3 52 12 3 70 90 68 47 51 37 71 55 13 36 23 34 96 95 61 18 29 11 66 97 58 6 96 42 63 20 84 3 93 54 98 82 74 14 49 85 26 94 87 49 20 87 39 67 67 97 77 50 99 94 77 59 11 16 20 58 97 67 76 4 96 58 27 21 20 69 69 69 3 63 97 85 98 25 16 47 47 14 8 58 10 0 25 74 54 4 65 64 13 1 81 96 19 98 82 92 91 64 93 64 38 70 23 19 44 92 20 69 95 15 6 41 95 35 32 29 83 72 7 55 
70 37 73 79 14 77 56 54 63 92 5 13 67 70 94 62 45 82 33 42 56 98 62 56 77 77 43 20 75 93 57 92 53 74 10 96 13 95 37 92 45 59 73 97 67 83 70 83 17 66 60 9 48 0 70 78 8 60 86 49 77 4 97 23 12 62 77 63 57 48 21 13 68 55 89 75 97 61 87 41 40 0 25 27 69 50 24 48 73 30 12 57 53 7 9 83 54 96 38 5 2 4 71 49 28 19 28 5 26 24 44 89 87 24 72 87 95 46 57 26 47 53 23 31 48 36 82 4 52 24 80 54 74 59 57 90 49 38 52 95 33 56 83 66 61 90 64 26 12 18 5 95 66 4 41 24 77 93 40 40 69 6 77 13 55 41 81 50 84 14 11 55 10 5 78 5 23 34 51 20 54 29 7 31 30 79 43 39 72 76 10 32 1 54 23 95 96 46 16 65 13 34 74 2 61 23 74 30 32 44 35 16 97 38 73 68 0 21 57 78 42 83 90 51 68 60 95 87 65 2 74 64 74 66 61 63 67 22 55 84 40 84 73 70 63 7 45 27 31 56 30 21 42 12 78 19 87 32 29 50 71 34 67 31 41 58 83 3 87 82 36 72 59 6 8 84 18 27 72 23 8 91 68 21 68 26 11 20 5 31 40 84 5 0 78 9 41 10 34 65 58 84 75 89 2 75 2 91 73 22 74 94 74 82 21 74 33 53 29 59 59 59 38 96 31 25 60 30 35 70 28 27 30 70 94 52 36 37 69 6 85 52 70 0 37 38 34 79 55 21 7 68 83 73 13 2 30 66 37 88 9 34 34 45 97 54 54 4 93 89 15 47 21 69 86 62 29 9 99 45 37 90 27 66 7 78 10 27 25 9 33 92 13 82 40 48 31 74 55 46 
2 12 90 6 93 29 80 56 83 68 64 87 20 84 35 34 23 60 93 99 16 44 12 85 91 43 17 72 14 8 60 66 14 33 38 52 25 20 85 49 86 67 64 30 62 27 84 3 81 89 50 89 16 90 37 61 46 59 63 60 76 95 11 11 81 27 21 93 18 94 1 98 94 75 85 70 30 11 30 70 27 16 49 10 84 66 78 4 78 24 88 29 88 74 10 53 80 88 86 8 55 3 96 50 52 74 1 78 68 57 97 82 72 40 81 78 88 90 41 95 15 44 61 38 3 19 70 90 82 23 68 21 24 32 46 46 35 66 5 98 1 87 12 48 85 11 59 88 9 45 31 98 14 45 2 52 16 65 35 71 23 23 52 62 30 95 58 49 79 97 45 84 64 86 76 32 29 28 79 4 6 47 96 40 90 33 82 10 67 16 57 7 96 94 14 1 52 41 13 44 85 33 84 61 69 75 22 89 64 3 25 3 47 44 47 2 91 62 31 25 8 8 87 0 59 91 13 14 19 19 27 43 44 85 12 64 41 4 51 0 79 0 1 97 16 48 38 23 89 39 91 85 72 73 15 6 63 18 31 54 65 7 84 45 76 16 99 30 51 91 42 32 20 63 62 41 38 75 87 0 53 79 95 49 98 79 99 74 21 27 66 80 8 51 8 78 66 36 38 78 43 19 70 14 34 88 53 0 52 1 19 20 47 88 31 22 75 58 0 76 75 54 71 89 7 30 90 91 89 40 73 62 78 67 82 97 22 15 2 41 39 2 94 28 61 49 3 43 98 74 86 43 60 16 54 25 67 52 59 56 17 36 71 10 27 85 59 22 54 4 93 9 61 91 7 60 49 30 3 97 11 92 56 27 40 79 39 99 71 60 79 5 18 48 18 27 70 20 25 88 
57 64 94 88 56 74 28 7 90 11 74 7 34 38 16 42 40 92 6 32 47 96 18 56 21 16 84 57 36 80 0 84 87 49 28 69 76 24 55 54 29 24 49 70 36 10 40 85 15 19 86 55 36 99 48 92 81 96 26 83 59 45 44 26 29 32 37 85 47 18 65 72 0 49 80 26 24 66 5 19 46 41 32 1 52 9 8 11 51 60 56 98 94 91 20 49 94 2 83 75 43 90 66 94 5 83 3 18 54 32 59 58 75 52 16 82 94 98 12 10 41 61 6 33 98 94 26 50 90 93 47 19 84 14 2 7 36 36 78 66 27 66 54 42 8 98 62 81 67 34 38 68 61 33 91 29 45 94 32 12 54 27 96 39 64 25 56 24 48 69 44 99 54 26 41 4 44 38 82 54 25 90 3 29 11 97 17 34 18 31 75 80 13 3 20 61 25 58 14 49 89 59 2 49 91 35 77 96 44 47 39 2 63 64 26 59 58 86 6 67 13 77 98 85 27 4 93 21 19 83 30 73 71 28 36 92 6 80 58 65 63 19 87 97 21 25 33 44 90 82 3 56 3 37 79 20 17 32 8 96 76 67 61 48 3 86 46 6 12 83 44 80 85 93 60 82 56 5 82 64 95 19 36 7 75 81 64 65 62 34 81 2 38 6 71 83 48 55 24 86 33 63 3 32 91 57 83 82 95 5 3 24 89 8 20 57 90 79 74 91 38 6 76 62 60 0 87 10 70 41 45 58 3 72 3 42 84 51 67 89 50 87 94 83 81 80 29 29 22 65 93 63 49 28 17 40 39 45 15 16 25 63 7 26 72 62 51 50 0 27 42 70 74 81 59 26 75 13 49 8 25 5 81 32 96 96 7 78 17 5 21 18 34 24 56 4 95 13 88 19 
35 57 90 33 98 82 36 97 69 70 89 97 62 33 97 43 38 86 7 17 17 40 14 84 40 46 97 73 76 78 26 73 82 57 48 31 34 85 99 59 93 59 45 98 78 47 39 63 64 90 97 48 4 46 70 9 88 60 50 27 64 35 81 93 92 63 72 52 3 84 62 69 34 72 32 91 56 10 73 85 56 20 77 61 24 80 36 77 13 18 90 34 86 97 4 47 14 23 38 59 72 38 39 10 9 17 20 97 64 86 68 56 93 97 31 24 96 68 62 33 43 84 15 66 11 12 17 30 86 37 10 93 17 3 47 83 97 50 95 76 79 71 64 49 48 95 66 14 88 35 2 9 74 6 3 70 21 57 10 95 82 86 67 61 62 71 41 20 70 79 98 63 20 88 5 64 87 3 8 11 81 70 9 28 91 49 23 2 78 42 44 49 34 32 46 20 8 30 79 36 96 24 25 67 55 35 2 52 9 94 99 6 94 27 11 39 45 91 63 23 54 77 51 25 32 89 35 61 34 68 55 11 72 21 56 67 60 4 4 58 34 50 8 96 99 96 4 14 77 93 62 37 31 69 31 15 34 83 10 85 97 73 98 43 21 59 26 24 92 49 63 53 83 77 83 84 73 96 51 11 25 99 50 87 71 25 87 98 20 24 99 0 32 65 44 57 63 68 21 66 86 95 3 94 3 26 63 47 7 10 90 89 23 70 5 90 81 19 92 79 36 7 13 53 19 60 61 36 11 70 15 64 18 98 80 32 2 96 41 72 5 60 23 54 67 44 96 5 78 22 59 21 20 3 57 1 82 11 56 81 8 27 33 62 81 79 89 8 48 37 26 52 79 93 27 75 11 83 7 29 25 38 29 41 39 6 83 39 26 0 7 27 22 57 91 82 42 24 96 54 
74 80 48 19 22 93 45 43 5 89 13 1 30 3 89 18 90 87 99 72 98 8 24 24 86 90 20 13 14 86 67 89 39 5 91 48 5 40 59 75 65 20 40 70 10 52 58 85 28 66 33 43 22 84 92 16 59 4 74 26 87 18 7 62 32 76 93 52 41 82 87 74 25 79 66 88 63 88 91 65 37 83 29 37 71 7 95 40 61 98 59 58 99 34 56 8 32 37 76 54 25 99 15 5 59 18 24 82 32 76 45 43 65 22 54 14 92 88 88 20 77 12 32 92 98 20 25 20 83 48 18 15 93 67 33 55 62 41 34 89 34 81 52 23 53 19 29 73 13 73 33 71 50 73 73 18 6 87 95 17 93 21 81 6 61 98 70 69 91 31 0 16 3 67 8 0 36 58 94 19 39 5 20 34 84 27 13 96 97 19 15 8 27 12 14 4 58 1 53 15 33 22 14 16 46 98 49 31 79 40 73 99 85 91 18 72 79 61 6 31 50 27 71 56 12 29 52 92 55 18 84 20 0 29 55 8 19 39 78 23 41 11 45 38 47 9 59 6 0 51 54 99 62 57 87 55 73 65 53 63 36 90 97 64 4 17 20 93 87 80 72 81 6 4 12 27 97 30 83 84 66 86 50 87 68 52 21 14 24 54 91 49 30 90 1 25 82 0 93 75 61 51 7 28 26 32 88 71 88 62 29 37 98 68 38 84 84 56 72 39 15 54 27 89 76 88 36 65 65 39 14 65 29 42 31 49 42 89 82 45 79 73 42 61 6 86 50 57 38 45 67 58 86 99 77 96 58 58 82 4 46 46 39 83 92 15 60 15 93 21 50 34 79 3 3 5 0 8 1 47 39 92 79 58 35 43 9 25 41 35 54 91 47 50 11 90 61 56 49 60 
11 54 3 62 6 89 93 45 48 55 97 66 66 71 12 12 96 20 78 37 64 54 37 93 50 57 95 86 24 91 56 69 56 98 75 60 91 61 35 44 80 57 92 1 52 87 41 24 61 80 58 99 47 17 88 39 3 60 7 79 18 75 71 56 53 44 80 1 7 24 84 59 54 0 99 48 67 44 44 81 80 90 75 24 87 91 61 45 40 68 51 83 53 60 59 89 18 32 91 64 8 11 67 2 26 46 46 77 65 47 35 99 3 98 46 92 27 40 20 86 99 36 51 57 24 34 51 95 61 17 64 70 93 84 45 44 74 45 84 29 10 98 99 83 5 32 35 62 51 64 63 27 76 67 46 95 28 81 53 59 24 73 43 46 34 77 86 9 76 92 15 23 72 31 24 29 23 8 97 31 59 59 88 91 57 51 70 33 15 85 67 21 42 51 91 61 56 16 26 18 4 66 61 80 41 80 34 24 92 18 38 70 28 21 37 59 64 91 1 52 76 98 38 12 44 23 94 23 22 35 69 47 20 61 31 67 13 11 21 45 68 42 52 92 45 46 12 66 76 39 44 36 80 0 10 88 20 42 50 47 8 56 22 27 22 88 21 22 30 23 16 59 43 4 52 84 11 58 25 9 34 95 55 76 9 39 31 98 25 70 52 57 38 77 34 15 97 71 46 57 14 79 20 91 66 48 2 7 32 54 90 72 41 75 73 73 57 96 21 10 4 28 75 50 45 89 17 90 30 18 76 61 28 9 69 25 48 62 58 93 2 56 90 98 61 47 28 35 60 49 99 51 35 12 81 66 73 48 23 93 63 53 29 26 85 8 35 32 61 23 55 85 53 89 44 20 54 23 2 73 0 43 58 42 85 39 52 17 76 14 8 15 39 48 82 87 36 36 30 76 
42 17 86 31 63 10 41 93 5 35 28 43 39 23 58 23 54 71 26 17 24 39 59 46 23 91 63 85 49 53 29 78 50 50 99 88 54 73 41 34 65 95 94 74 49 95 63 61 35 86 21 65 96 47 42 59 13 19 52 3 68 19 17 50 45 72 22 20 98 0 71 14 11 31 7 38 44 37 41 44 83 78 13 59 81 58 83 56 0 50 16 98 50 90 47 27 44 57 43 30 69 78 33 94 45 20 29 74 22 56 95 89 14 93 64 39 81 92 83 61 0 21 77 66 94 58 4 2 62 51 98 95 29 90 93 30 69 88 6 3 55 87 99 0 5 21 89 23 78 65 14 89 98 49 73 46 13 76 15 91 71 92 10 3 46 90 56 61 11 77 39 80 25 8 95 72 63 72 87 96 28 98 47 77 33 64 65 82 29 34 11 69 12 27 60 45 98 93 98 91 57 9 80 6 66 18 64 90 20 1 47 25 1 37 27 24 41 52 1 60 12 17 51 0 12 88 8 53 15 83 95 77 29 94 68 52 81 89 21 33 4 16 9 43 79 32 99 47 55 40 44 5 42 46 40 5 99 23 42 4 96 40 31 35 3 82 65 31 91 57 20 66 8 37 33 97 54 97 45 94 34 43 16 52 9 3 14 32 25 92 62 10 58 44 53 5 53 83 49 99 27 54 15 80 15 68 98 37 28 46 85 96 66 55 55 74 83 42 81 16 43 75 59 26 27 75 18 81 81 12 85 15 61 80 99 92 38 29 73 23 87 89 41 46 0 87 54 86 44 42 16 18 92 0 10 17 42 77 14 54 50 73 61 16 49 35 68 6 52 88 42 20 55 72 4 27 46 67 25 78 18 54 37 21 81 75 11 82 84 62 37 98 85 18 13 41 88 52 86 53 
25 97 13 68 38 38 37 80 11 3 99 78 43 24 90 2 41 60 10 2 47 39 15 17 73 11 1 43 53 89 89 54 89 20 78 82 18 62 37 0 92 19 30 55 98 31 28 93 68 95 79 93 38 82 15 36 26 36 68 77 0 79 80 84 69 10 17 15 58 54 40 8 55 55 20 89 80 55 43 49 82 5 37 78 5 0 7 7 20 25 47 8 94 83 36 80 84 25 25 30 63 85 81 51 19 67 62 95 92 72 26 50 4 92 30 25 13 98 29 33 28 22 90 8 46 27 66 33 18 51 91 96 52 95 38 30 4 27 0 34 50 26 75 69 13 14 48 40 65 82 58 83 81 59 33 88 76 37 83 60 12 46 19 57 17 56 85 73 91 87 98 37 14 93 20 34 13 37 44 68 81 22 5 9 4 13 0 0 21 71 74 1 73 56 1 28 2 5 39 95 51 52 39 77 25 45 30 29 9 51 49 32 58 57 20 90 19 78 70 73 56 87 58 87 97 7 81 33 24 44 80 5 21 4 29 2 66 90 77 28 64 54 21 57 3 86 21 62 44 95 4 39 37 8 90 38 49 77 90 41 14 74 32 66 63 13 90 99 34 1 37 70 2 64 98 82 0 11 29 86 91 25 54 41 69 54 99 68 48 89 46 20 13 31 14 35 39 25 99 28 99 48 53 41 43 48 77 81 81 35 36 14 94 6 56 28 27 12 13 78 78 82 19 85 39 80 56 91 1 42 20 94 83 0 43 57 68 86 70 70 55 86 38 53 59 96 34 20 3 4 32 63 20 14 34 57 58 19 52 39 95 42 0 73 14 30 21 91 89 42 45 7 41 32 63 0 46 34 63 16 33 13 59 5 12 24 66 96 14 14 67 71 99 23 45 80 98 68 8 3 
72 27 54 57 72 1 14 14 45 71 73 84 30 59 99 12 57 64 81 68 57 59 73 38 16 96 9 40 25 52 63 16 19 40 72 90 23 57 60 40 42 13 46 69 53 91 29 17 48 70 61 84 89 52 5 17 15 89 1 85 23 44 80 71 57 22 24 54 82 28 77 81 84 79 51 59 39 23 59 8 47 62 75 94 86 51 9 39 87 77 85 18 2 46 21 71 6 34 91 1 81 74 73 34 44 1 76 77 34 36 5 0 37 73 79 19 2 86 95 29 88 22 72 55 48 53 88 73 51 84 38 90 33 56 28 15 93 63 96 56 1 78 53 93 66 53 17 58 39 80 76 98 3 63 36 13 60 61 83 61 3 28 84 57 25 96 25 35 27 65 9 4 73 62 21 53 11 67 85 16 72 93 72 87 6 24 27 56 83 34 10 38 35 43 36 43 25 87 86 27 6 55 25 68 36 98 39 93 7 96 62 36 94 13 71 23 43 10 54 15 36 96 15 4 13 47 85 64 78 86 65 14 51 61 49 68 81 96 29 92 18 70 53 39 36 64 96 91 78 43 81 67 19 43 76 13 67 13 8 75 39 48 87 77 77 31 33 69 16 66 92 48 41 2 78 84 78 66 9 35 74 92 52 27 44 99 75 42 57 94 73 73 44 24 15 87 93 26 52 71 22 50 59 85 95 53 13 72 76 75 72 22 55 77 2 52 32 88 98 94 97 93 96 29 74 72 15 9 5 88 0 53 62 86 36 84 28 98 54 11 35 75 86 9 41 35 53 6 86 34 66 26 37 93 16 56 84 6 89 58 79 78 23 32 8 16 29 17 53 64 44 48 66 86 54 11 45 80 11 92 83 93 38 25 85 64 90 37 10 48 6 15 43 5 22 31 12 11 47 43 
9 93 56 40 93 57 18 1 10 46 1 22 45 86 76 97 75 85 63 65 1 13 78 80 19 92 85 51 3 75 38 19 28 8 74 50 21 38 52 6 4 15 71 17 43 31 42 38 41 56 97 8 80 17 13 76 25 78 15 95 88 44 18 84 7 49 6 79 97 79 69 15 60 17 20 1 22 18 41 5 74 88 44 5 19 8 95 20 73 85 74 44 20 86 38 75 69 36 80 74 13 58 53 40 37 99 70 41 8 93 41 10 63 15 74 4 98 66 71 51 69 52 40 54 94 37 88 16 98 73 8 52 74 25 88 12 23 56 23 78 67 78 50 24 55 80 9 95 46 3 30 98 83 62 46 16 54 61 94 54 74 48 89 73 27 22 98 91 66 98 72 28 18 19 12 40 94 76 95 71 98 31 64 17 78 53 12 35 52 26 17 61 38 61 12 0 0 95 6 95 11 20 65 10 14 66 6 42 52 13 26 71 71 63 97 51 11 76 42 50 53 60 89 2 93 64 49 9 66 87 42 93 97 30 65 56 65 34 17 4 30 84 51 37 59 37 29 0 69 31 28 14 32 64 45 97 4 89 24 14 72 74 36 88 25 52 58 35 15 99 97 61 55 61 73 53 68 98 55 61 32 66 81 14 45 96 91 57 93 53 84 0 82 63 24 62 54 26 82 59 26 8 2 35 51 36 82 12 14 87 16 14 76 13 66 83 57 21 65 83 50 18 63 34 33 96 76 63 8 76 94 43 68 39 60 71 67 14 52 46 27 42 49 66 6 84 35 24 11 96 48 66 23 97 43 46 43 44 35 60 39 70 6 48 92 67 98 76 50 81 12 26 45 37 95 82 53 44 92 19 64 15 52 91 54 23 97 84 43 11 76 13 60 33 50 5 91 37 49 42 
8 43 78 1 88 6 69 85 77 35 61 85 46 4 28 98 49 2 17 61 70 38 80 37 78 63 73 55 71 19 49 23 42 82 50 58 50 23 86 52 99 86 85 48 39 86 30 50 40 64 14 5 46 55 99 41 62 13 49 78 18 90 70 29 15 4 15 90 73 87 29 87 70 6 29 44 98 48 48 36 53 84 86 79 66 35 17 56 42 52 0 93 92 86 52 24 51 56 51 0 76 1 55 49 35 85 9 80 24 48 75 67 46 53 51 56 38 10 25 39 76 94 3 64 0 47 75 1 7 38 48 65 24 31 88 22 96 33 61 73 96 73 7 80 2 45 78 15 15 81 17 33 52 5 22 92 94 42 86 7 94 97 55 1 24 76 56 84 91 4 77 43 38 75 44 66 66 83 59 77 28 78 87 79 84 32 4 21 2 41 2 16 56 99 40 31 64 68 22 96 15 72 96 21 18 6 89 46 45 3 38 1 53 99 36 0 82 38 55 34 69 78 11 53 29 55 54 20 41 71 24 17 57 88 52 43 85 50 80 91 7 29 10 24 79 42 0 18 49 1 29 88 78 19 5 40 14 61 7 39 65 45 28 92 36 91 23 54 62 59 27 34 48 61 93 53 69 33 82 70 54 84 35 15 93 66 43 89 70 93 89 69 58 54 43 60 32 99 14 74 54 45 7 99 93 19 89 74 67 3 60 94 88 95 1 54 90 82 55 0 86 80 49 93 52 59 13 47 86 79 13 94 8 25 36 29 61 3 55 72 62 75 44 10 39 26 10 81 58 99 75 64 45 60 83 76 58 18 50 5 1 15 95 47 16 45 33 65 33 98 98 13 53 11 15 34 27 85 32 21 61 76 40 29 59 94 47 81 32 56 5 80 41 39 22 41 50 50 52 98 
83 66 84 37 52 2 93 0 61 96 53 98 41 79 54 4 32 18 44 53 38 98 63 33 98 99 40 54 59 53 51 49 50 56 59 55 47 36 98 7 16 31 14 15 88 35 28 17 1 93 67 72 93 98 80 90 61 60 86 77 70 28 23 57 31 33 61 84 75 37 21 5 93 46 43 45 33 36 76 23 61 17 28 29 48 82 84 67 77 64 80 72 87 53 0 91 52 39 76 20 79 93 55 39 87 41 56 39 89 6 44 67 68 16 91 53 75 0 35 68 22 76 29 40 63 70 49 6 36 72 45 94 84 24 32 40 22 73 84 86 42 5 53 52 75 20 76 15 19 42 65 20 37 4 95 92 57 85 8 84 31 6 31 82 25 82 52 0 50 8 17 50 62 90 23 35 97 19 87 60 71 59 77 11 53 9 56 13 9 37 15 62 81 3 48 66 82 88 51 69 20 96 93 2 29 47 14 67 38 76 79 8 99 34 8 18 99 65 81 58 3 65 15 70 59 2 98 67 79 24 69 16 39 3 41 86 62 33 85 57 39 75 33 14 51 53 34 9 61 30 22 96 4 7 20 92 1 27 66 16 53 39 49 8 11 79 5 55 33 1 37 1 94 79 45 82 20 63 99 7 93 10 87 30 84 98 46 7 97 18 60 14 19 50 4 27 1 54 84 69 54 1 3 22 34 38 31 17 41 12 50 61 74 59 99 9 29 74 12 80 9 62 8 76 1 35 50 53 68 6 68 27 82 55 21 64 40 47 63 35 31 48 73 78 9 84 39 85 1 3 76 71 84 65 89 16 72 44 39 87 32 34 27 70 20 77 63 33 66 50 96 23 81 51 86 55 1 1 7 85 11 17 28 27 39 79 36 62 79 19 27 89 77 78 86 82 84 85 75 54 
19 43 7 46 95 97 14 11 46 81 55 14 11 49 97 20 12 38 38 79 50 74 37 38 80 33 93 14 63 26 3 46 8 66 92 3 57 99 17 91 69 74 55 43 98 29 15 47 42 59 64 7 22 52 34 11 12 9 43 98 63 47 96 83 95 48 35 7 96 63 58 99 88 15 31 93 83 22 49 28 22 78 41 93 45 93 14 35 42 61 90 71 99 62 42 97 10 59 4 42 15 34 39 58 54 84 94 51 55 88 41 42 14 7 84 94 50 73 13 67 97 33 72 9 64 82 97 45 45 24 54 99 98 85 26 85 72 82 77 50 8 92 93 90 5 47 88 1 38 31 35 19 33 78 46 63 28 51 21 75 14 84 95 10 74 22 60 55 16 19 64 93 56 24 54 96 75 40 74 87 63 41 19 58 2 34 92 58 10 13 41 90 32 89 21 16 82 51 85 97 49 92 27 93 55 78 36 11 1 20 46 60 20 75 47 12 49 54 38 29 3 76 91 51 36 13 81 29 42 42 77 34 31 13 22 70 3 13 23 75 22 61 64 3 50 35 93 31 17 42 3 13 77 48 73 77 99 6 10 37 15 65 19 79 19 43 60 83 46 84 2 85 2 25 4 76 71 58 46 20 38 83 57 58 55 1 24 45 82 70 62 34 76 91 97 67 60 88 70 1 39 81 30 97 38 87 97 8 45 44 89 81 13 43 90 51 26 76 87 54 77 56 11 23 77 83 65 91 34 77 4 63 19 95 67 54 17 38 29 7 16 29 16 2 65 40 11 88 68 43 8 29 70 27 86 78 83 79 16 71 46 83 66 86 29 10 9 93 55 20 2 84 3 14 49 27 14 36 20 70 96 71 65 50 11 1 99 51 1 10 42 46 31 61 44 58 61 46 56 41 
0 20 41 28 2 93 54 95 9 49 28 9 42 65 11 24 39 73 86 31 19 40 42 49 49 82 14 10 84 91 76 15 25 46 89 30 89 0 61 98 93 38 77 52 15 91 34 11 95 91 99 18 1 1 50 35 25 36 39 78 44 93 76 90 29 82 12 95 21 97 6 57 2 50 85 92 30 51 58 33 10 15 77 15 24 53 4 85 78 58 68 7 68 36 97 63 45 32 88 31 93 14 63 44 69 47 29 93 55 76 75 99 76 89 81 35 75 92 77 71 52 0 37 49 57 36 19 26 96 48 58 85 17 78 6 26 57 4 5 94 99 97 16 12 49 41 92 65 55 47 45 84 92 30 34 63 61 73 58 22 66 30 10 82 81 80 81 28 18 13 28 39 13 48 14 62 14 12 39 98 6 8 55 44 32 32 34 82 3 95 62 56 71 62 20 53 86 50 34 61 4 50 0 17 29 88 41 65 14 24 77 2 18 68 93 28 3 70 67 45 91 47 22 23 52 77 16 35 75 75 86 98 60 3 7 88 59 81 1 26 21 86 13 84 59 84 73 36 98 92 47 1 38 7 27 8 48 53 81 39 5 15 88 35 25 80 26 87 24 55 70 45 72 55 2 61 39 46 56 23 3 30 7 38 39 85 41 18 55 56 16 54 43 58 34 87 68 33 85 87 23 34 95 41 62 97 25 88 48 44 98 6 1 28 35 51 98 91 92 54 34 96 45 3 1 92 82 34 51 35 96 7 1 78 57 59 80 70 46 61 22 96 63 20 68 14 6 9 68 99 48 72 40 3 40 55 3 37 97 9 65 4 94 0 45 79 76 34 12 72 17 22 71 24 82 62 77 1 82 23 8 83 12 87 53 19 65 86 18 13 47 36 95 73 1 66 91 25 40 59 
72 93 9 77 57 47 57 20 59 11 73 78 90 49 25 3 22 70 99 7 25 5 68 62 55 63 55 8 51 73 41 17 67 96 80 14 79 48 94 69 10 90 48 29 35 36 32 18 82 31 11 43 85 63 99 60 88 4 17 70 14 77 6 17 70 96 40 58 18 77 66 9 19 24 27 9 69 48 74 45 1 58 21 89 96 4 50 94 62 78 67 73 83 90 1 55 8 95 54 9 1 85 85 2 69 23 82 25 35 53 6 35 76 90 69 82 76 77 35 83 9 84 36 9 2 33 60 54 9 4 37 42 96 52 98 25 40 73 40 90 18 55 79 82 61 85 83 1 85 60 35 3 58 65 46 77 32 20 20 27 94 87 95 69 20 26 91 21 5 80 46 24 80 86 80 14 43 10 11 95 57 3 2 91 93 87 35 18 8 73 21 41 77 88 51 48 63 51 50 84 67 95 68 22 32 82 2 12 67 21 48 92 42 16 59 71 64 25 96 16 42 38 74 93 5 67 12 72 99 7 32 70 86 22 90 85 59 39 9 16 75 50 19 23 36 77 32 26 17 39 73 90 63 97 61 66 79 36 11 48 44 71 29 56 91 45 16 88 91 89 97 21 2 50 60 28 73 97 15 29 55 73 33 4 38 33 96 1 69 20 96 82 57 17 40 77 64 64 74 16 74 97 70 47 12 87 99 57 39 84 73 11 79 15 26 27 51 22 0 65 34 57 2 26 78 22 31 27 56 59 7 56 60 57 63 8 98 74 47 59 29 46 74 25 84 41 58 71 94 44 97 47 30 72 19 73 55 95 4 87 8 98 12 9 15 30 53 1 79 12 70 69 80 23 90 18 94 39 86 87 40 11 10 95 78 70 21 55 21 38 32 32 90 25 77 78 49 77 84 21 
71 79 54 85 79 87 60 91 57 13 22 32 4 31 37 12 53 73 5 43 11 61 91 59 1 4 70 44 86 24 68 18 51 37 36 51 86 78 29 72 90 19 98 73 15 80 44 59 31 51 19 86 13 30 93 91 33 80 83 23 56 29 25 64 90 32 8 52 41 64 78 76 32 90 61 83 44 98 32 55 49 54 31 3 56 19 53 38 11 79 59 78 73 83 6 24 52 22 49 12 65 49 56 44 51 12 85 10 75 93 73 77 66 52 60 23 79 63 57 4 82 10 95 74 61 74 69 86 34 17 89 94 21 69 18 75 12 87 24 73 36 37 75 92 78 95 84 13 70 93 59 50 58 34 75 54 18 57 8 61 23 43 78 6 81 56 19 26 6 29 23 0 36 35 17 89 2 49 93 86 57 47 52 92 44 21 3 99 26 54 84 86 71 7 89 62 2 11 86 40 21 4 46 28 26 89 80 84 53 29 72 22 85 88 27 73 43 97 35 33 40 84 32 20 23 29 78 12 11 32 48 22 70 58 40 1 34 68 49 48 75 31 85 12 73 16 86 58 47 65 47 51 97 67 86 48 18 49 89 52 21 49 5 0 64 57 11 34 69 9 9 10 36 35 19 21 86 91 27 34 49 80 66 89 76 51 20 78 24 87 85 83 82 60 93 57 39 76 45 84 18 11 87 25 5 69 16 20 99 13 56 18 0 80 45 60 37 88 75 73 37 47 16 80 96 59 16 70 96 79 87 51 77 5 42 34 73 77 66 90 68 74 11 77 80 48 16 84 16 26 31 57 18 13 52 28 38 9 49 70 62 73 97 38 23 93 37 40 97 19 86 82 57 3 36 76 29 20 71 16 94 46 36 43 82 85 14 15 97 33 5 14 57 52 90 93 75 2 73 68 
91 3 72 57 79 58 13 31 52 12 49 25 30 62 74 35 46 15 14 72 40 61 32 17 33 91 4 1 65 96 54 33 69 22 44 82 89 32 89 85 12 88 80 50 28 19 32 60 84 0 11 4 11 48 82 16 35 78 57 58 37 70 84 8 71 46 73 66 87 82 19 71 70 32 78 40 5 62 3 71 66 54 90 22 99 18 7 38 70 22 26 63 44 86 39 57 28 64 88 93 18 30 24 80 9 72 44 83 88 1 15 7 92 74 20 47 38 27 35 72 71 73 39 93 89 3 34 67 72 17 97 82 5 34 64 25 81 88 66 6 81 46 32 37 20 41 87 3 43 31 89 58 68 72 8 63 13 13 83 51 59 55 68 66 16 44 67 45 94 9 83 14 69 3 86 85 72 13 68 25 67 82 2 31 51 35 0 62 7 73 4 8 74 16 17 80 32 50 0 37 89 77 93 14 47 82 48 62 32 68 22 53 48 0 6 48 8 67 73 22 71 41 53 67 31 83 16 37 76 71 96 84 97 85 38 26 51 54 60 41 74 65 99 4 65 70 41 24 17 82 29 78 49 70 88 43 73 55 56 56 16 22 96 68 78 10 23 8 70 91 96 85 8 80 65 66 42 10 42 64 88 82 97 10 34 84 72 77 33 18 14 62 1 89 74 18 57 7 64 90 31 96 37 79 65 0 41 2 52 1 91 99 57 45 57 71 25 68 68 1 45 35 54 55 89 19 38 60 17 15 69 80 42 75 98 66 74 67 35 81 38 60 62 14 22 73 8 53 2 76 77 70 68 86 28 10 51 96 6 78 70 92 97 23 87 27 1 79 26 36 7 83 96 33 8 21 9 77 36 23 26 58 71 97 23 67 4 40 32 64 60 43 25 41 29 7 31 20 32 45 
5 43 4 91 95 2 13 55 74 84 47 22 96 64 90 49 57 58 73 0 30 71 89 52 13 45 61 59 49 55 85 77 23 8 91 29 18 78 64 72 63 40 34 30 60 12 77 23 14 51 44 87 12 62 50 61 34 78 49 47 62 30 54 83 57 67 57 66 57 4 91 58 22 72 9 38 47 49 14 2 34 22 81 36 63 11 0 77 44 55 61 17 32 42 71 90 74 36 72 42 53 58 52 82 90 88 35 6 56 22 15 95 50 31 0 92 41 31 6 4 64 8 93 47 70 23 38 87 39 16 28 68 53 15 12 47 68 44 66 39 71 77 69 2 89 87 69 71 88 30 98 3 73 89 52 29 29 34 61 85 10 53 75 1 53 51 7 35 14 84 40 81 52 61 64 42 8 76 43 0 88 81 50 54 16 94 39 96 11 69 46 17 42 80 75 68 25 70 8 94 23 60 14 83 4 82 59 99 57 39 68 75 99 90 96 32 28 3 38 83 23 90 71 42 48 46 81 6 22 48 89 93 8 12 32 70 42 52 52 42 50 97 34 5 63 63 49 2 9 81 53 3 21 87 16 13 74 41 97 58 3 53 92 92 51 93 94 73 95 79 73 67 27 52 26 2 0 38 84 19 51 2 76 44 74 22 99 65 55 47 83 41 45 25 34 74 91 73 15 1 2 3 59 25 22 26 43 21 36 85 55 60 43 63 82 65 25 81 75 68 91 23 83 79 31 32 63 12 32 1 33 34 79 65 82 93 1 18 43 55 13 71 76 97 36 5 36 99 30 90 31 71 10 44 28 71 25 42 35 5 39 82 38 91 22 71 82 39 19 43 64 8 18 32 4 89 38 86 54 21 57 4 64 88 69 36 68 22 67 56 70 10 67 94 39 68 40 90 38 50 
65 71 35 55 48 35 63 52 58 48 40 48 19 75 66 91 84 38 9 11 46 8 95 38 4 39 68 34 48 95 32 42 54 81 36 44 78 78 81 64 27 13 18 0 7 91 41 3 65 74 72 27 25 27 7 26 67 28 72 65 10 52 14 88 58 37 67 36 60 60 90 54 77 87 96 76 90 36 20 9 22 48 36 29 12 14 6 2 95 92 57 12 35 99 5 84 86 19 16 59 94 77 89 81 97 57 69 76 47 94 81 85 54 80 99 18 64 63 60 17 96 45 9 64 74 34 28 49 0 55 22 20 89 25 83 23 38 58 54 49 70 49 62 94 26 74 7 6 44 4 73 79 67 78 73 89 59 91 13 60 63 89 79 96 32 1 12 84 80 44 87 11 63 17 76 92 60 82 33 4 28 64 56 90 34 3 9 22 99 0 54 52 60 13 65 42 92 95 20 25 99 82 24 53 7 78 70 60 79 36 65 73 41 3 86 35 24 44 32 43 81 27 53 50 77 3 80 51 44 36 87 66 64 88 4 12 61 13 66 2 92 20 79 76 14 12 11 33 82 9 12 41 69 67 12 2 25 52 78 59 76 16 28 14 38 62 25 91 29 0 82 77 45 34 71 82 91 85 83 18 22 22 3 8 8 48 35 15 44 62 62 37 56 24 97 37 14 52 33 39 28 84 12 38 73 59 56 38 96 45 58 54 83 23 14 79 16 98 36 53 67 58 59 69 97 50 84 25 47 55 97 12 85 10 14 93 8 89 3 97 30 12 23 58 1 64 5 63 32 77 26 69 57 45 14 13 54 84 46 59 85 81 37 37 37 84 21 9 11 6 68 18 4 10 8 42 37 17 56 7 61 77 52 75 70 41 59 30 95 12 46 78 36 59 60 51 2 84 64 42 
69 68 91 34 43 59 43 37 50 35 2 36 29 22 67 74 95 84 78 59 33 88 18 76 41 1 28 97 74 49 17 73 30 21 68 21 13 44 29 3 25 52 65 13 35 68 27 91 75 89 42 10 26 31 28 73 99 0 87 59 60 50 18 74 75 56 78 94 33 51 33 54 40 86 15 12 91 72 55 10 86 91 77 35 77 25 49 46 70 62 38 63 45 29 76 40 39 48 90 74 88 29 33 96 41 35 49 6 54 20 49 38 65 40 57 95 99 85 89 31 11 45 1 39 24 89 39 24 58 55 92 56 52 30 35 89 96 81 11 49 27 1 71 39 43 99 83 21 18 97 92 51 73 23 48 27 37 30 23 1 28 48 56 81 4 67 52 90 3 22 0 37 54 0 90 70 12 84 71 23 69 8 6 55 0 50 38 40 4 92 47 72 70 83 78 56 36 22 68 74 88 72 6 33 96 99 42 75 92 23 56 46 37 30 14 14 33 97 52 66 54 71 33 96 71 96 70 34 21 9 35 79 38 58 31 46 52 20 3 57 68 60 64 80 45 43 5 61 75 52 54 64 98 71 7 22 44 75 31 75 38 71 41 58 38 24 68 92 38 42 17 45 83 91 37 53 65 60 67 15 54 14 32 70 53 88 30 54 28 88 82 42 83 87 45 65 31 97 97 57 15 80 27 22 74 24 4 69 13 55 64 53 62 69 90 30 86 87 2 23 27 83 63 11 60 67 9 72 21 87 49 72 50 84 86 97 8 19 81 39 18 73 56 79 52 84 52 53 37 66 22 14 37 65 98 27 86 86 31 43 9 17 10 7 59 97 14 70 45 16 3 11 83 90 42 84 39 75 97 70 30 86 32 74 19 44 66 14 57 20 11 64 89 27 50 39 3 99 67 28 
77 72 96 46 60 11 95 53 64 39 90 7 94 8 70 36 92 53 69 0 75 9 55 82 87 42 94 51 84 34 37 19 89 57 98 8 10 78 20 89 66 22 83 4 76 94 81 59 4 41 89 51 94 57 38 31 51 96 54 4 57 46 87 81 24 29 6 72 40 61 22 61 41 21 12 6 96 2 13 60 0 66 99 14 9 36 35 39 96 78 94 29 43 75 14 75 90 22 0 15 2 98 52 20 17 80 69 33 55 22 81 47 15 42 23 71 93 18 95 56 62 56 97 99 20 29 91 88 56 22 52 60 57 27 57 15 15 28 97 44 64 48 43 15 49 27 40 46 32 71 34 55 17 51 1 29 35 16 19 93 53 31 45 0 48 15 88 14 86 71 93 8 79 67 17 84 99 99 48 5 88 63 72 71 26 61 96 72 52 40 9 93 37 99 57 38 59 98 66 76 74 70 41 64 0 34 68 72 52 49 97 53 73 63 32 53 80 36 59 24 44 42 4 10 96 25 46 51 55 7 51 53 52 98 77 97 76 71 56 8 24 49 24 37 1 69 76 88 99 74 86 52 62 88 87 92 79 25 61 55 10 44 3 86 19 78 25 27 31 29 81 91 95 22 21 42 75 46 30 74 32 57 92 1 70 16 7 12 94 27 70 5 47 40 86 43 39 81 61 85 63 96 78 67 6 74 32 31 0 27 95 39 54 48 15 54 9 60 52 34 11 11 24 33 27 23 35 43 1 29 80 39 90 20 89 80 57 92 84 70 65 39 39 4 37 90 77 0 98 54 82 41 96 41 65 81 96 57 87 67 24 25 31 38 67 85 20 95 10 12 63 3 35 45 1 9 13 45 87 6 33 64 20 78 76 25 51 90 73 71 82 87 88 21 50 30 66 76 84 0 
59 87 71 79 90 75 59 53 11 24 41 77 59 88 32 80 7 23 63 15 58 91 96 30 33 17 93 42 68 3 97 74 87 15 97 22 12 52 87 93 51 19 18 25 63 57 84 72 38 11 33 50 64 42 45 80 64 97 35 7 64 47 74 89 42 13 85 27 7 3 70 8 15 70 24 69 73 35 13 38 48 13 81 95 10 52 76 82 44 93 70 32 95 56 41 7 1 81 62 67 82 54 24 39 85 1 45 38 38 14 91 13 10 70 10 59 33 10 10 0 66 53 80 98 7 7 52 9 67 0 46 85 30 28 37 46 32 16 22 99 41 90 61 97 22 36 49 58 7 6 35 93 16 41 66 93 62 42 36 42 4 32 3 38 82 45 0 80 92 39 83 29 50 23 37 12 50 81 75 47 58 62 79 74 77 69 16 44 32 7 25 68 5 91 22 82 86 29 74 85 26 7 8 7 77 5 65 67 50 27 17 23 22 64 2 14 26 65 69 23 31 73 50 79 93 35 47 52 62 0 23 62 25 70 32 58 43 92 66 65 40 76 98 57 41 2 4 78 33 74 55 40 57 15 17 56 16 10 69 88 51 11 47 3 10 97 77 45 83 76 28 99 34 78 53 94 77 59 20 50 33 86 20 44 49 39 32 3 19 74 6 39 28 80 82 19 91 41 13 41 41 45 75 52 8 67 73 17 29 87 87 41 18 11 29 94 92 52 4 83 41 37 56 29 54 56 36 19 46 64 37 22 10 20 70 98 96 94 35 23 14 2 81 52 13 39 38 56 13 22 49 81 14 54 40 17 63 24 84 99 79 52 93 75 21 55 11 1 64 55 71 8 55 19 14 6 1 44 51 66 88 21 79 40 3 65 34 44 37 98 39 10 52 32 80 25 91 35 64 18 
71 98 65 47 56 88 97 19 94 80 95 41 2 49 50 61 95 58 30 86 4 60 17 64 27 19 20 7 74 13 34 61 6 19 53 89 97 56 52 33 33 85 83 33 17 74 49 36 10 37 75 93 98 88 38 62 23 75 83 26 76 4 28 65 48 62 90 21 75 68 29 42 84 46 48 37 44 28 69 12 92 54 2 60 37 96 90 64 25 43 30 33 76 59 24 59 77 23 89 40 25 2 21 34 14 31 7 53 68 79 38 29 86 45 32 17 13 26 96 17 8 83 73 81 67 92 68 27 29 42 10 81 64 35 20 86 12 24 67 27 87 91 88 16 59 94 35 5 64 24 21 30 12 39 76 34 20 50 78 75 73 47 5 21 51 43 90 2 32 25 87 4 44 92 22 29 8 33 39 71 40 65 29 98 69 67 90 95 47 12 72 38 68 78 74 79 26 3 62 73 53 50 42 11 59 47 10 75 91 47 90 4 4 89 20 78 8 7 56 9 45 24 6 38 38 92 40 13 73 53 41 15 52 63 33 78 1 14 26 59 30 30 18 63 61 36 34 46 20 83 62 91 17 65 42 56 36 59 81 52 21 34 67 70 99 12 44 9 77 91 15 72 73 31 44 21 94 14 42 5 22 31 88 2 79 43 74 95 37 68 87 6 41 19 48 99 29 25 79 17 75 32 57 63 30 11 72 85 67 59 26 47 61 71 98 73 59 66 68 83 85 24 11 55 53 79 96 61 63 15 62 22 32 99 4 40 71 49 26 8 52 75 28 57 9 76 76 45 98 11 58 74 81 10 52 50 86 13 26 34 27 40 36 83 91 15 75 66 64 36 54 46 70 66 1 11 2 60 57 97 43 80 85 42 20 61 32 56 14 95 92 18 36 9 66 1 8 35 27 62 
67 50 15 30 16 32 65 36 73 25 34 50 59 50 88 55 30 63 25 73 24 24 12 10 34 51 69 51 84 49 20 75 6 82 99 33 30 10 43 25 45 21 15 68 16 89 81 70 28 79 92 44 77 0 47 26 94 36 14 14 65 76 18 6 28 71 72 34 69 62 60 90 70 46 32 18 4 70 10 34 97 25 13 17 51 22 25 41 51 90 24 45 42 36 53 82 14 75 27 22 60 22 49 65 33 46 32 9 83 91 60 21 45 64 56 85 97 88 41 20 65 48 42 77 84 49 61 88 3 97 7 56 15 88 72 13 41 87 53 92 59 26 19 24 76 10 9 12 84 29 65 86 60 33 31 78 37 63 13 63 63 93 42 37 87 22 65 52 98 12 49 24 22 37 11 65 91 58 75 69 51 42 99 52 57 15 40 27 28 98 86 8 90 63 82 9 7 86 2 91 72 49 97 4 68 58 96 88 49 85 84 37 54 85 52 21 68 45 37 9 58 34 24 43 77 95 64 87 19 10 57 93 56 73 93 37 71 56 37 93 71 49 46 99 25 55 32 90 99 91 46 15 9 51 79 83 75 22 76 27 80 17 44 19 37 46 85 35 21 58 35 71 76 27 29 84 77 76 54 11 88 69 6 46 7 66 99 65 65 26 62 27 21 3 41 12 68 7 40 53 13 30 26 6 72 75 51 28 29 41 0 23 98 79 15 41 24 89 39 48 21 40 50 24 86 55 69 13 60 80 15 16 60 67 82 3 67 70 19 2 49 40 24 95 58 69 19 81 74 97 24 85 49 44 23 33 68 67 79 81 17 38 50 59 49 61 47 26 62 62 24 58 50 30 47 18 50 67 19 90 19 35 82 19 13 3 14 36 29 94 33 37 43 67 73 91 12 72 0 30 
52 24 11 18 55 0 97 37 60 89 3 27 31 46 77 47 72 95 15 61 20 56 21 57 67 72 64 95 93 28 22 92 29 45 12 43 64 5 34 59 96 60 78 96 24 37 9 28 81 14 66 9 62 42 8 40 44 73 59 60 17 49 1 47 78 92 79 76 58 28 57 13 65 26 74 75 96 82 49 76 91 71 27 20 57 2 62 79 62 3 77 49 83 64 89 24 78 16 15 22 60 91 4 51 31 44 1 13 19 88 71 28 43 89 13 9 52 57 87 21 2 80 91 67 36 23 14 2 37 19 46 4 6 77 9 16 22 91 28 1 43 58 49 46 79 14 93 33 39 55 86 71 71 38 29 94 66 83 35 58 28 48 82 12 77 70 49 44 63 89 7 73 66 98 32 50 67 33 20 87 19 49 5 92 5 23 3 13 75 97 86 24 77 34 20 14 31 53 36 24 69 80 46 65 27 43 67 83 97 86 67 8 43 85 90 73 5 1 80 53 79 51 65 19 15 27 12 83 7 72 49 8 52 83 68 26 79 97 76 78 31 61 29 7 67 45 22 22 94 51 46 77 96 31 77 23 59 22 25 35 50 10 74 99 20 37 22 44 85 92 13 95 84 30 53 69 96 7 21 74 60 0 7 62 68 51 98 74 27 63 85 57 22 12 29 62 42 96 41 10 53 28 71 81 5 77 38 85 13 85 42 22 56 62 88 87 75 97 35 97 62 78 2 46 26 88 7 85 14 95 74 28 3 5 78 8 32 6 69 57 78 89 11 81 21 28 69 77 71 15 38 47 69 44 69 38 78 83 68 43 26 50 28 8 68 20 66 73 3 65 22 22 28 97 22 24 63 42 14 28 66 19 89 94 46 83 6 7 75 73 39 72 0 29 62 63 55 3 3 64 
14 90 53 62 14 16 40 82 14 92 42 7 71 24 41 6 91 40 12 8 52 35 58 33 15 80 87 20 20 83 60 56 92 62 77 65 64 22 1 44 71 54 90 59 15 6 50 40 92 35 13 31 94 39 23 42 80 35 0 9 96 21 46 54 89 43 24 26 82 55 41 53 89 16 18 3 1 9 75 76 99 77 47 9 63 94 75 38 33 74 21 66 90 11 5 14 21 50 48 14 89 19 35 78 21 50 2 96 13 45 14 17 94 16 79 45 33 5 58 86 72 94 54 72 94 47 17 87 65 76 18 73 12 22 29 15 77 9 6 5 43 54 65 92 81 58 89 23 88 11 16 42 25 37 55 47 41 51 34 45 24 99 62 86 24 32 33 11 0 63 50 3 68 12 61 52 30 21 13 29 22 11 64 16 79 32 67 82 74 49 39 21 98 81 55 77 12 85 32 43 91 61 1 69 35 91 78 42 39 75 70 57 13 11 88 47 50 88 23 46 17 96 94 35 16 29 31 12 4 17 13 6 48 8 84 92 41 64 88 93 64 35 70 43 44 78 10 93 50 63 72 46 39 80 89 98 97 34 72 28 76 29 66 57 62 82 43 68 24 33 2 30 59 33 39 96 48 12 87 39 52 31 83 31 83 88 89 15 29 38 83 7 49 19 17 43 53 85 74 96 38 71 69 1 6 84 26 0 32 45 46 92 55 82 47 24 9 42 57 77 20 64 88 1 18 21 63 33 69 96 92 89 79 15 10 45 80 86 95 10 16 40 21 53 23 54 7 54 85 93 99 69 79 48 31 6 59 97 36 55 87 78 35 94 53 95 7 90 86 18 69 26 64 32 78 9 44 34 58 61 24 57 85 66 73 46 7 21 29 45 4 60 79 9 25 4 82 49 52 58 
55 76 54 54 89 78 87 9 39 93 49 84 85 19 24 33 67 26 34 22 23 59 75 56 7 52 3 82 62 8 75 22 47 36 76 35 42 11 22 88 88 49 16 80 5 93 64 58 84 8 14 26 53 1 20 45 69 83 33 69 35 3 70 21 86 91 80 28 24 55 60 75 29 69 15 72 30 60 17 88 76 24 4 57 76 98 88 12 52 58 63 77 55 32 38 77 53 51 2 23 45 70 80 22 68 5 53 93 55 68 71 60 91 59 80 10 54 74 60 76 41 21 60 57 21 58 83 74 95 37 58 88 96 49 0 4 68 53 60 50 17 30 9 69 70 11 69 58 2 88 85 71 11 28 81 6 42 41 9 17 48 25 55 64 74 82 38 21 21 97 14 92 98 88 60 32 52 93 57 44 41 30 86 93 38 19 98 23 41 45 28 38 17 4 50 3 93 59 51 31 48 34 88 39 57 20 85 24 33 70 42 25 73 23 86 63 22 46 75 17 82 94 83 56 29 76 92 24 76 34 31 47 32 6 98 86 2 36 45 14 42 20 81 57 41 55 80 89 60 81 24 71 45 48 92 16 8 63 74 60 23 29 74 76 82 78 87 37 82 10 75 90 98 5 50 7 6 47 65 70 75 45 81 74 51 63 73 21 7 99 19 46 14 30 11 12 68 58 17 70 23 16 14 67 85 67 40 83 66 49 41 67 19 68 97 57 67 63 47 64 5 38 30 95 74 91 79 7 61 75 66 66 36 60 33 81 48 0 69 2 71 82 12 91 41 40 13 25 6 4 73 60 42 11 30 58 7 95 15 6 50 67 35 84 34 81 9 30 58 11 3 52 77 62 49 83 48 55 25 22 90 75 13 18 59 33 64 28 23 58 93 9 60 28 76 57 83 83 22 99 
47 56 63 96 55 6 98 6 76 31 9 99 90 94 97 2 83 6 96 73 16 64 25 75 76 28 65 24 22 34 88 31 47 11 57 3 85 96 37 13 26 30 0 85 83 47 94 67 42 41 42 64 57 93 93 53 42 25 25 63 36 38 26 60 47 59 77 84 59 78 15 48 21 34 52 11 63 20 40 26 88 34 42 18 27 93 79 14 32 54 69 62 24 95 93 42 30 10 70 92 82 66 84 46 17 38 35 18 28 63 11 82 6 97 15 22 85 8 73 23 48 3 66 19 26 37 14 30 13 80 37 19 69 74 99 63 63 18 42 89 65 90 82 28 39 58 6 73 35 86 29 99 53 39 65 63 94 64 51 92 99 3 31 96 80 77 22 53 70 33 53 13 27 19 35 83 24 93 79 38 61 35 75 87 40 48 5 41 29 40 0 27 60 32 90 64 87 18 11 85 74 29 32 50 88 61 52 88 96 27 50 30 56 31 41 91 92 97 13 66 6 98 67 19 92 67 6 70 7 7 99 26 79 61 30 39 96 32 86 42 15 34 87 32 27 19 62 34 25 66 64 97 45 28 86 18 56 88 61 35 35 87 86 62 78 69 20 57 77 8 29 34 37 71 77 69 22 69 37 1 47 88 59 32 79 95 67 85 3 28 85 22 8 62 79 37 94 78 26 19 69 0 37 12 15 43 34 41 6 23 75 63 31 77 82 7 19 92 20 51 49 97 32 32 13 40 84 56 80 22 60 54 55 18 41 47 92 4 48 87 82 19 84 21 40 26 69 3 85 45 93 98 3 61 4 76 10 25 43 11 46 90 18 93 96 6 6 0 44 92 36 20 70 95 43 62 35 15 80 4 46 12 36 30 72 30 61 71 7 53 41 17 34 18 52 41 98 2 0 22 
40 25 33 59 67 53 34 31 2 5 22 73 13 84 4 80 20 30 81 41 89 60 58 50 48 91 65 13 11 47 31 90 75 37 61 69 12 63 43 32 95 38 96 7 74 48 52 36 8 36 94 17 87 51 82 44 82 75 46 98 99 81 39 71 41 47 58 50 57 60 23 56 22 71 83 17 66 62 73 9 27 7 86 40 42 56 69 17 30 88 7 56 33 41 67 90 91 18 22 76 3 76 34 23 89 81 52 16 32 45 99 36 57 85 59 53 72 76 46 49 12 92 44 22 65 29 33 59 7 0 31 2 20 11 36 74 98 55 62 95 32 17 94 76 47 57 6 13 43 44 42 45 74 5 72 73 59 82 19 85 32 24 85 46 99 29 61 9 45 64 88 83 66 30 61 14 68 95 34 11 31 54 89 32 94 54 97 60 24 37 46 65 35 34 74 77 37 94 76 48 84 66 93 52 83 68 6 58 56 87 77 52 22 8 91 96 44 50 37 72 43 24 6 82 50 26 68 98 76 34 50 5 69 60 58 77 6 15 39 71 7 1 49 76 50 96 52 42 54 91 5 8 48 77 90 49 4 12 29 22 71 13 59 19 79 34 19 11 40 19 69 77 78 57 19 98 91 16 47 72 86 84 61 73 15 63 31 33 50 16 67 68 22 23 79 48 91 88 0 13 32 61 47 21 56 55 11 42 99 59 21 42 95 21 53 15 65 10 62 59 6 15 50 29 6 24 90 80 4 38 40 16 42 55 91 43 21 79 69 42 8 85 90 99 98 78 84 85 30 13 85 42 18 31 32 9 78 9 75 24 18 52 37 27 6 78 56 2 82 94 53 63 29 86 6 48 73 11 75 44 84 70 73 23 90 73 84 47 7 0 20 12 25 74 69 27 9 79 97 15 
42 78 46 56 19 17 21 17 27 92 34 59 85 8 69 66 57 62 29 59 67 55 47 35 46 4 73 72 42 96 11 93 34 33 49 71 77 68 94 57 61 9 89 7 96 19 87 90 83 68 48 34 20 28 17 6 28 86 1 89 45 43 62 1 16 65 86 0 83 95 87 80 5 67 88 3 98 63 73 8 88 13 73 36 30 73 57 33 16 84 96 46 35 58 49 31 78 8 97 12 61 84 94 52 82 84 31 36 77 96 80 87 29 31 88 36 79 44 33 74 80 39 52 57 7 51 10 94 36 0 10 47 80 20 16 30 44 93 37 5 35 43 32 88 48 8 96 79 89 27 47 20 54 77 47 3 33 93 51 31 64 71 72 88 19 23 24 97 40 15 15 79 52 58 85 26 24 11 91 17 31 73 4 77 34 76 82 11 97 56 49 69 72 60 52 87 3 9 92 22 77 80 57 70 83 30 34 78 90 19 47 41 18 98 12 82 6 22 45 42 64 75 52 61 91 58 39 46 34 95 62 72 91 38 11 65 64 12 44 40 80 34 65 51 9 18 15 58 56 93 8 7 6 92 40 82 18 71 2 31 62 63 80 97 15 20 8 89 7 22 83 99 85 3 93 56 40 49 29 54 64 39 30 84 41 70 0 69 76 54 72 86 79 27 28 9 76 69 70 41 37 14 23 4 94 86 34 4 27 35 69 77 0 34 92 25 35 13 22 77 49 43 60 32 19 33 26 77 58 83 99 98 57 2 36 90 86 31 14 14 63 24 56 56 2 65 91 60 95 21 64 23 49 26 1 92 68 27 96 25 14 41 24 71 47 4 66 50 41 30 39 51 51 60 50 78 33 32 80 90 41 91 55 79 53 71 80 99 85 20 28 36 86 99 57 53 68 35 60 3 
63 59 42 50 8 55 7 56 50 87 98 57 38 21 59 8 96 95 5 29 75 87 88 83 81 69 62 4 54 74 35 90 53 78 71 88 28 17 27 58 40 62 4 77 29 8 11 31 75 64 0 25 21 6 70 29 96 7 22 27 56 35 11 11 38 28 61 85 17 55 41 7 83 41 41 42 67 49 85 23 48 59 44 44 51 84 11 31 29 53 46 67 99 97 76 53 75 31 70 28 59 43 87 23 55 88 42 47 18 70 19 89 37 81 3 81 38 61 46 33 35 31 22 75 21 36 26 32 46 93 4 53 13 55 35 12 93 83 91 32 60 32 58 84 22 40 63 73 64 9 53 2 66 77 30 76 73 64 20 85 65 68 60 66 55 93 62 4 64 22 60 42 49 28 18 29 13 33 29 28 28 0 6 98 67 47 34 69 16 53 91 8 8 25 18 44 69 99 47 55 93 50 5 97 15 49 46 27 16 5 57 97 35 38 22 74 81 42 50 27 20 79 44 16 73 53 14 78 51 39 40 10 34 93 69 56 40 18 32 44 31 15 95 36 71 59 81 70 41 12 49 97 40 50 80 90 26 83 36 26 42 51 91 72 5 60 85 20 11 93 98 33 48 38 38 46 99 32 39 49 45 27 20 0 33 3 10 26 58 66 91 92 94 2 89 34 18 12 2 64 97 61 5 8 93 68 71 99 27 55 19 68 19 1 75 32 9 44 45 51 90 4 40 53 5 92 58 48 43 19 21 69 45 10 49 37 50 76 66 6 8 97 79 7 15 68 10 28 19 74 32 9 1 8 63 56 49 21 94 89 82 75 69 26 43 92 62 79 61 54 79 56 73 23 17 1 15 6 40 97 91 98 56 9 67 78 28 95 81 85 61 54 99 15 53 96 28 59 79 55 
36 70 54 9 98 27 98 78 29 81 71 22 70 82 5 47 29 58 54 31 66 16 58 34 80 94 68 19 14 31 42 69 42 48 86 0 4 11 90 91 28 36 21 28 71 96 3 6 13 76 51 71 78 10 90 74 47 50 99 2 92 20 25 88 76 88 61 69 90 65 0 80 77 99 35 46 94 3 41 67 86 12 41 60 8 27 65 14 79 66 14 34 31 46 73 32 60 78 81 1 64 87 2 44 71 45 41 49 48 2 21 61 65 90 5 53 53 95 59 45 17 78 69 38 81 53 34 18 48 82 35 20 51 36 42 8 30 36 23 17 19 91 5 81 36 86 11 40 91 74 52 87 64 2 3 83 1 57 27 14 56 52 99 21 82 4 69 83 75 79 12 33 6 65 98 11 42 25 43 25 77 89 59 17 84 70 14 72 59 71 74 47 23 21 0 77 1 15 99 10 12 62 65 94 86 88 40 22 23 45 72 49 79 30 69 67 69 98 48 90 76 69 65 70 21 67 92 99 32 61 88 17 51 26 58 67 13 52 38 78 80 35 59 60 42 87 3 28 8 14 74 89 7 65 61 59 14 55 5 40 76 62 91 55 28 25 83 61 86 17 42 32 76 36 49 81 89 82 86 13 80 98 80 0 28 33 94 77 63 98 64 59 44 42 5 32 2 96 56 23 18 75 30 32 35 62 39 9 20 37 49 61 98 79 37 23 20 83 96 84 55 22 9 57 29 85 27 85 33 91 77 78 64 18 23 77 74 55 48 47 84 2 55 69 64 99 11 3 78 86 38 93 6 5 35 42 30 47 54 38 5 79 65 57 56 2 77 28 76 62 47 76 36 67 7 89 80 19 44 24 10 49 93 76 61 38 24 29 95 44 93 70 99 10 29 29 42 84 16 69 
13 50 27 11 80 79 78 96 74 80 5 46 33 46 73 28 90 64 42 39 48 29 15 22 58 50 61 74 43 14 99 39 90 37 65 13 28 58 40 26 0 72 14 63 41 12 22 34 32 5 10 3 26 16 31 21 50 81 9 11 30 17 28 2 70 54 93 50 9 84 73 37 44 69 11 18 45 83 24 37 76 36 36 90 44 54 86 24 8 1 36 65 47 10 69 15 13 81 27 61 23 73 56 10 50 26 19 89 26 63 99 74 84 77 48 79 26 24 64 7 91 89 0 35 55 11 59 58 39 14 71 59 52 5 43 20 92 78 55 64 86 84 66 32 3 64 89 87 45 72 49 69 19 40 35 98 53 38 5 98 33 97 80 35 90 92 84 28 72 15 16 37 96 14 54 96 50 53 97 6 80 12 97 39 76 64 2 33 57 73 85 64 2 26 99 50 8 46 72 89 85 4 88 9 77 17 91 38 96 76 54 3 95 19 99 96 39 24 81 65 92 30 45 39 87 9 56 7 54 11 67 81 92 97 75 58 27 93 41 85 13 85 1 51 59 4 52 49 80 92 36 54 29 92 71 0 86 38 3 51 25 63 97 4 44 58 71 64 56 71 71 94 29 81 65 97 55 77 20 61 65 28 86 3 16 3 13 79 62 22 40 97 24 11 97 88 89 39 18 87 52 45 23 8 5 10 24 61 79 45 39 53 24 72 0 25 13 75 27 63 36 15 22 6 36 61 68 10 35 36 17 22 45 45 35 28 60 5 76 41 3 16 77 4 44 44 6 35 25 20 75 68 94 58 27 10 87 55 18 16 87 29 84 9 49 97 20 13 42 79 43 71 44 26 78 15 13 84 80 94 35 46 52 0 15 72 49 80 19 95 23 34 44 83 59 25 84 27 90 48 
28 26 59 95 33 83 49 14 8 81 54 33 4 97 89 48 71 91 69 97 83 55 27 20 98 72 30 90 48 93 97 37 57 92 84 62 75 23 7 84 4 33 44 25 71 13 55 3 99 5 22 80 76 70 46 53 38 93 8 99 55 53 60 11 61 3 64 64 89 82 68 66 70 93 53 85 52 66 90 38 62 45 30 94 5 75 31 69 47 55 91 17 29 30 36 26 1 37 29 0 39 29 52 91 68 98 74 66 11 64 33 56 52 94 99 38 22 72 71 61 70 48 61 87 68 43 54 28 32 49 97 75 65 62 82 48 92 26 47 64 53 76 66 43 21 22 59 89 24 28 58 13 45 82 90 90 54 82 39 50 38 47 70 68 56 50 84 16 30 79 72 14 65 40 67 51 86 40 56 31 54 75 52 68 6 75 32 49 10 66 62 55 63 87 41 32 7 58 56 0 92 36 96 25 75 26 21 17 86 80 22 87 64 45 84 23 16 5 66 93 37 47 22 25 84 41 53 30 94 48 27 60 24 92 57 48 92 0 16 37 62 22 47 22 86 34 24 1 0 55 19 62 50 9 94 68 32 29 68 95 6 86 68 47 65 97 41 40 35 64 44 30 77 26 1 39 97 38 6 51 41 28 8 63 41 0 51 17 40 87 4 71 74 67 53 2 44 74 61 32 0 48 29 9 59 4 14 19 52 85 71 72 51 46 33 17 78 72 41 60 63 67 98 5 42 82 89 60 92 67 77 97 32 54 70 5 96 48 96 49 16 3 31 97 75 8 86 15 10 6 44 44 21 37 38 21 98 61 19 42 61 36 37 15 50 45 0 79 73 66 48 54 99 85 29 42 80 30 6 58 64 12 12 5 94 13 0 84 75 95 60 95 35 89 76 37 18 81 55 79 
65 19 53 70 91 21 19 50 98 12 91 85 76 71 0 5 27 27 80 98 85 76 64 92 95 82 51 91 80 93 75 12 81 9 21 4 60 4 19 54 53 2 19 45 31 28 65 29 87 60 93 75 50 60 82 60 12 87 34 47 25 7 36 6 87 93 74 4 48 23 50 77 34 96 59 58 20 93 35 52 6 74 8 33 4 71 76 52 55 92 89 10 52 18 17 51 45 44 93 63 81 64 40 68 56 7 99 87 15 8 74 40 13 51 81 67 26 61 4 12 19 1 28 31 74 51 99 56 15 12 74 41 27 53 49 30 27 97 46 0 1 15 50 17 59 49 52 11 41 86 31 71 28 67 51 68 42 96 70 60 79 35 69 77 96 5 44 28 88 7 94 42 5 88 98 96 96 46 17 69 15 98 89 22 34 24 13 81 28 42 50 52 19 31 17 16 82 75 27 13 38 34 25 97 35 66 60 17 69 1 55 27 98 49 50 12 86 90 55 43 40 45 99 19 10 66 8 42 53 13 36 62 38 16 36 56 40 21 46 7 81 21 4 38 46 56 18 82 91 63 1 34 39 29 77 99 21 55 20 82 55 70 44 43 42 79 83 84 83 89 33 19 68 32 14 1 30 1 72 91 53 93 35 37 56 11 15 56 51 66 82 68 50 94 99 47 4 93 70 21 72 41 40 64 23 5 93 49 62 1 89 96 69 10 52 45 7 45 14 48 56 75 14 41 37 1 44 91 67 84 92 78 59 79 53 7 4 28 3 29 2 69 21 73 66 60 42 93 81 81 46 52 29 82 83 17 1 35 1 78 72 87 26 11 41 70 58 76 30 5 91 91 23 19 84 89 32 6 7 54 17 37 19 38 12 63 15 83 0 12 88 73 22 22 41 81 93 83 84 82 
46 24 88 27 3 61 69 4 15 24 76 43 59 63 40 2 56 46 52 68 73 76 62 32 45 24 87 88 68 12 91 33 26 17 15 38 41 42 34 0 28 41 93 81 68 6 27 60 94 7 23 75 1 3 51 62 66 79 68 43 96 90 79 58 41 4 44 64 2 38 73 50 6 35 90 0 47 82 26 18 28 38 44 49 46 38 50 67 71 18 78 95 24 49 48 13 19 18 3 84 8 56 19 53 54 93 86 35 44 66 26 47 85 47 18 6 79 19 61 72 43 25 95 0 1 50 69 5 89 73 67 19 18 6 72 27 63 91 50 62 87 40 15 65 57 91 35 5 52 91 86 29 55 96 16 57 97 87 51 39 2 66 6 0 5 27 4 52 57 18 10 67 13 15 20 89 25 40 1 10 26 91 62 77 13 48 61 2 19 54 38 38 75 46 2 60 20 59 22 65 20 44 42 75 73 67 3 54 4 84 81 31 8 57 69 13 48 7 98 16 23 77 78 87 14 39 96 11 91 6 72 58 1 90 10 53 60 36 30 56 34 57 87 77 14 63 83 92 52 18 87 19 78 14 87 58 61 59 44 36 26 72 64 46 71 92 66 71 13 66 70 81 16 81 23 71 77 44 19 27 82 10 3 34 94 55 52 50 80 96 58 91 10 62 51 6 66 35 45 45 16 62 27 71 81 54 9 74 68 67 31 22 21 89 80 66 94 58 31 16 65 96 1 77 6 6 52 1 19 85 72 28 97 62 77 26 21 30 52 21 7 70 5 68 45 16 96 86 11 10 50 67 74 50 94 98 91 9 25 88 85 60 23 84 65 39 31 3 21 40 13 22 58 16 66 17 27 32 91 79 27 31 38 76 54 62 5 1 47 36 60 78 20 90 62 80 71 62 39 18 
96 64 8 93 30 41 78 11 70 24 55 32 65 9 94 66 54 23 26 7 76 17 22 44 37 57 4 25 43 33 15 42 90 66 1 92 10 73 68 47 34 99 63 42 26 28 56 90 45 39 33 8 18 85 11 10 47 24 55 70 90 22 48 35 71 94 47 48 63 12 74 84 76 11 78 81 25 4 94 55 95 29 89 6 27 69 27 63 54 34 33 40 99 27 29 23 40 8 88 67 32 18 30 31 15 63 49 24 86 57 86 58 0 97 80 12 37 32 78 43 23 17 15 98 98 50 20 43 24 20 46 97 37 87 45 63 31 7 44 92 13 67 42 91 53 28 72 40 56 33 3 51 81 48 65 17 0 54 15 34 12 54 70 90 10 79 95 6 65 43 87 76 87 82 78 65 5 88 22 47 6 34 84 43 52 87 63 77 56 2 15 86 19 54 60 36 32 23 59 44 19 23 85 9 67 83 12 17 5 94 74 96 89 94 31 67 16 42 12 29 30 92 56 47 89 76 0 42 22 73 55 23 60 11 0 98 57 80 66 42 59 78 55 60 80 69 32 25 90 69 65 69 35 19 46 26 98 29 97 78 80 22 69 4 77 87 14 92 42 86 30 25 73 57 51 82 4 51 41 48 9 40 98 31 89 43 61 51 11 99 8 29 87 27 90 81 92 51 60 10 45 46 66 41 79 89 92 51 60 60 17 86 10 43 7 56 63 92 44 77 91 92 14 82 98 74 10 70 20 47 26 50 74 66 2 23 67 24 3 58 28 20 83 52 87 83 36 95 30 22 13 81 62 94 77 70 81 21 93 39 5 3 87 45 46 24 76 95 27 20 60 4 64 51 40 9 67 10 21 70 48 93 86 34 77 7 17 28 49 19 34 19 52 64 37 41 88 91 91 4 
43 23 86 29 5 5 20 17 67 61 49 77 16 93 52 93 47 49 72 1 61 19 7 94 60 20 54 54 72 74 50 54 57 91 35 16 98 34 27 90 1 53 93 21 82 47 2 77 16 22 32 76 17 7 78 77 57 49 75 43 19 79 66 74 75 98 37 54 31 23 0 2 44 52 13 82 35 73 98 91 20 73 74 78 98 34 24 0 0 73 84 73 88 9 51 84 32 3 81 38 77 18 17 13 32 72 89 43 42 92 70 35 56 34 98 39 31 48 56 90 4 66 21 16 55 0 89 27 57 10 7 73 83 72 56 44 66 12 88 65 83 25 55 64 52 53 52 2 84 97 24 60 49 82 13 19 72 56 31 4 5 75 75 2 74 30 66 6 68 83 96 47 51 22 21 54 58 58 40 79 73 61 42 17 44 59 5 2 68 9 66 39 60 34 32 10 20 39 67 68 97 15 83 98 81 33 44 47 60 61 85 60 59 52 0 58 20 84 98 26 54 59 23 47 71 7 12 57 39 10 46 54 98 19 78 65 53 9 0 32 33 58 64 6 77 50 52 70 77 25 10 27 47 6 92 32 44 30 33 74 22 89 65 47 85 87 25 37 28 61 68 96 17 89 73 56 80 31 94 98 72 34 77 12 14 47 41 28 81 19 36 1 42 19 82 20 61 95 56 10 41 7 1 13 77 46 28 84 90 72 88 10 55 43 61 34 63 12 72 52 82 42 12 20 82 7 30 4 27 35 22 55 8 26 83 15 76 73 33 42 17 47 69 65 13 68 4 81 14 30 55 82 38 80 43 84 70 31 77 52 78 47 96 12 22 62 38 59 3 91 7 23 77 97 36 80 15 73 7 83 68 62 0 54 33 31 91 24 11 62 95 12 70 51 34 71 53 91 26 25 
40 38 28 23 64 63 66 94 3 6 86 47 68 2 81 60 19 40 10 74 23 40 23 83 55 55 16 53 88 93 74 84 37 3 90 17 20 15 99 72 8 95 13 51 2 44 15 15 5 72 38 42 69 69 6 93 46 43 38 61 16 40 15 65 98 55 42 86 61 91 47 37 54 52 12 80 39 10 17 59 94 70 99 49 22 21 92 60 82 20 84 97 47 8 53 51 25 49 52 81 49 62 93 66 66 38 58 29 54 26 77 25 86 93 39 51 68 97 97 89 99 36 57 77 64 37 92 87 84 48 39 31 62 63 54 30 59 95 17 31 39 47 49 33 10 51 89 79 70 67 41 47 30 93 50 22 27 31 40 4 31 74 80 39 16 28 55 22 9 81 39 61 26 61 94 62 20 71 32 5 36 96 48 55 98 37 3 60 45 31 8 63 20 90 4 82 9 24 18 94 25 70 92 68 64 55 8 81 35 88 5 11 19 85 9 60 55 38 48 26 69 71 46 76 65 44 21 8 83 83 3 85 6 20 2 7 77 51 91 49 32 64 68 47 82 0 21 64 86 38 68 97 95 21 68 82 9 67 99 40 57 37 44 28 48 34 76 75 63 32 78 51 17 66 28 77 37 3 84 95 98 39 65 56 32 15 99 9 89 73 92 11 32 50 7 46 8 99 45 76 72 50 43 62 93 18 51 34 69 92 34 6 95 48 61 28 31 55 27 47 72 89 74 92 82 50 29 20 5 53 22 53 63 21 60 79 57 20 51 61 77 97 75 37 78 29 65 44 24 71 79 69 82 60 39 96 30 33 19 86 83 15 79 27 4 62 42 26 32 24 33 40 73 8 82 87 74 89 41 41 52 65 21 78 43 44 65 42 5 59 50 71 18 17 4 21 44 51 69 82 
70 67 53 28 10 23 68 81 3 90 69 35 38 64 83 0 72 50 17 23 89 21 5 95 15 79 4 4 42 37 28 84 19 95 87 23 23 65 81 98 17 71 84 77 10 0 70 15 80 2 82 42 1 77 66 67 69 97 77 47 3 65 73 59 56 9 63 61 20 26 73 43 61 24 75 27 49 1 22 32 39 41 66 72 9 84 87 87 73 19 33 99 41 13 94 92 48 89 96 89 93 30 64 12 74 86 50 55 6 59 46 79 50 89 27 97 26 67 90 10 82 45 77 47 18 90 20 26 63 32 23 92 43 65 77 56 25 79 37 66 81 70 92 11 44 15 10 4 39 12 32 53 76 83 61 89 74 9 47 94 26 16 32 98 49 87 42 51 8 40 48 47 54 90 38 73 9 8 15 58 52 9 44 19 31 66 60 90 55 41 10 52 92 71 31 38 0 48 21 98 49 89 87 52 46 79 5 32 98 70 58 30 78 9 92 73 56 0 36 32 59 93 47 15 9 72 80 88 99 36 15 89 68 59 5 45 24 25 81 17 58 51 78 65 72 99 10 31 14 46 67 95 57 75 96 19 58 10 62 30 58 35 28 3 75 36 43 63 0 52 58 43 97 86 33 47 38 97 3 72 1 13 54 6 70 54 2 30 42 63 11 85 37 30 63 81 48 18 61 18 31 13 63 51 20 23 65 35 56 18 79 96 38 23 85 62 57 38 9 29 61 86 13 83 37 67 1 19 23 19 7 29 20 62 29 73 22 93 7 97 19 46 50 97 44 18 64 71 94 27 69 63 11 19 9 96 41 0 19 36 98 73 44 89 12 52 57 96 63 78 75 6 30 29 96 52 63 53 18 44 66 25 65 30 17 50 26 0 73 39 67 76 99 91 62 65 97 68 48 33 
63 41 40 10 38 47 68 72 4 95 92 1 35 64 23 90 62 15 46 46 6 98 61 8 82 0 63 98 81 25 13 55 7 58 24 64 34 12 87 83 34 2 23 39 12 12 33 24 59 2 99 26 19 23 95 24 93 14 76 67 75 74 27 87 70 25 37 65 90 68 9 41 49 73 57 58 82 1 24 4 83 79 74 73 8 92 91 39 78 24 45 97 40 97 37 16 25 19 76 80 90 95 30 91 41 60 2 33 11 95 28 93 70 62 75 95 10 48 11 26 76 74 2 84 11 73 28 15 3 62 57 22 59 2 10 1 63 63 84 49 6 58 12 11 16 87 30 71 75 67 21 16 20 20 30 63 72 82 84 83 68 31 15 7 72 27 84 30 62 98 81 29 91 19 82 72 14 66 82 90 66 88 54 98 4 2 70 10 48 3 97 77 40 14 40 94 9 15 22 26 15 29 22 2 95 72 12 5 51 32 33 79 52 53 81 47 87 44 46 47 78 46 59 45 40 52 6 47 3 71 94 67 25 68 95 76 65 11 47 9 43 31 65 43 55 69 12 37 50 50 2 95 78 22 97 22 11 63 42 7 57 65 13 46 24 48 36 94 53 94 67 62 31 25 19 90 34 72 89 57 43 73 2 57 8 39 13 5 61 53 64 22 23 39 86 22 4 43 69 77 96 15 55 72 22 92 87 71 98 35 93 25 37 83 30 3 9 38 41 45 27 40 72 44 98 92 67 37 90 14 37 16 37 29 1 72 80 26 77 42 29 56 40 49 68 97 57 13 96 25 86 19 4 58 22 67 89 27 38 63 61 74 6 48 64 59 91 14 34 2 56 36 62 8 18 28 69 84 72 44 34 73 55 58 84 58 53 62 16 14 56 25 97 77 90 12 14 27 54 77 
39 11 41 61 34 55 82 15 95 58 87 24 93 86 30 23 20 40 94 3 8 84 77 43 71 33 93 25 65 88 86 98 11 95 68 92 35 34 62 25 34 85 30 52 27 1 89 26 58 83 93 74 76 37 97 24 50 96 73 74 76 94 87 68 31 41 97 86 92 39 16 27 3 80 84 41 0 20 17 38 45 85 82 0 4 5 80 65 62 40 73 92 80 97 93 8 69 89 4 2 17 36 45 49 41 38 87 6 82 13 2 92 82 61 81 77 24 16 25 57 64 84 52 47 91 81 7 90 64 59 16 77 31 55 53 10 88 5 93 72 31 78 68 71 35 3 65 44 81 2 5 81 75 31 63 50 36 62 74 13 77 87 55 51 97 26 75 83 77 8 11 70 75 49 42 20 31 23 59 46 62 23 60 72 75 3 6 54 84 56 6 65 98 25 19 39 27 7 25 67 34 91 37 5 56 57 54 6 59 82 43 38 0 7 66 59 4 63 5 18 81 79 83 27 14 41 33 2 41 60 9 55 82 78 87 57 96 65 70 22 1 86 17 45 69 47 3 94 67 31 99 7 89 76 24 3 5 84 73 99 8 44 12 58 2 45 60 13 58 71 27 83 71 60 33 71 63 33 54 52 27 39 86 28 44 25 19 20 80 84 34 71 72 83 86 81 76 48 81 65 55 2 33 62 73 44 62 87 46 91 72 66 9 99 44 98 96 40 22 63 10 26 66 29 87 33 83 87 75 59 22 83 6 54 27 23 41 27 98 10 96 43 14 95 36 43 10 68 39 95 30 7 60 71 3 58 23 86 94 93 99 34 79 40 43 51 91 53 5 47 19 63 71 11 37 52 20 52 72 3 77 68 7 85 88 97 34 85 91 26 80 11 81 41 32 55 46 21 7 97 
57 90 22 42 39 49 72 40 73 16 1 71 28 33 53 89 84 34 67 79 47 77 74 40 76 69 81 82 36 52 60 22 11 90 26 53 78 11 18 92 0 16 27 15 18 64 3 30 32 56 29 12 28 23 6 5 37 84 81 17 48 37 38 57 53 69 37 6 82 15 74 91 0 77 64 88 91 68 66 49 38 25 70 67 13 85 48 85 10 35 5 33 95 62 33 18 55 58 9 53 50 79 13 83 33 73 9 45 93 80 86 5 44 48 56 65 95 9 6 89 5 59 13 42 63 16 40 11 19 72 91 87 31 54 11 33 92 30 86 87 90 74 7 19 85 81 8 37 8 48 22 44 58 35 53 95 58 20 25 35 11 77 43 8 16 56 44 67 24 18 31 18 21 53 81 34 54 31 34 52 2 51 45 71 99 94 88 53 92 92 86 44 90 88 17 55 9 97 28 1 9 95 39 53 39 17 92 19 10 52 26 21 1 96 87 82 90 82 40 79 87 18 28 19 77 33 17 44 59 93 78 6 88 96 56 44 7 2 95 61 1 83 31 29 43 65 4 76 50 62 47 18 81 80 27 95 55 56 30 97 24 56 51 47 28 9 12 52 1 40 51 13 43 8 51 36 10 68 16 46 64 77 70 17 90 28 58 1 32 53 37 75 10 98 35 44 61 69 96 81 73 64 88 79 9 32 4 73 30 19 14 7 7 21 85 97 36 44 34 52 48 32 30 17 33 96 58 40 75 26 11 38 88 36 70 54 2 1 95 80 73 93 63 99 51 37 92 54 25 42 76 57 36 86 29 97 20 24 16 39 27 15 83 8 89 89 1 59 87 84 51 39 89 98 92 56 65 81 42 59 4 1 98 52 91 89 66 99 75 27 76 66 28 84 90 78 64 83 16 73 
54 97 86 3 73 9 2 28 75 93 40 88 34 33 92 88 69 30 32 84 50 78 7 5 55 65 29 81 78 15 24 29 57 37 30 35 98 68 32 95 72 98 78 95 54 82 20 81 55 82 69 16 6 15 81 95 79 71 20 57 42 43 37 54 80 50 69 37 15 46 57 26 73 30 0 1 44 24 41 68 60 31 71 2 18 12 42 1 64 64 67 81 76 29 67 97 97 66 41 53 52 15 84 81 92 46 70 9 0 35 54 13 93 51 55 87 34 71 2 78 70 21 26 74 17 95 34 66 46 27 70 32 17 12 98 43 36 46 40 89 63 55 64 31 20 56 21 26 87 66 77 71 86 39 40 63 40 99 89 56 95 63 70 66 27 39 79 21 73 51 77 89 80 92 7 67 7 84 56 48 16 28 82 84 63 24 43 48 37 64 90 23 70 80 72 86 81 97 83 10 68 59 74 30 16 19 90 21 77 18 69 20 73 60 74 76 9 69 49 39 41 46 63 12 93 72 23 64 20 22 65 3 12 88 7 76 9 70 95 16 19 21 21 19 90 96 13 0 65 83 95 50 31 97 73 27 83 46 64 82 94 47 19 43 57 68 40 58 45 86 68 0 12 79 26 29 8 35 91 27 66 53 36 1 31 4 15 59 17 22 51 57 5 34 7 35 88 81 88 57 88 0 26 46 32 19 48 5 82 41 7 25 72 18 18 93 77 53 63 61 2 40 59 20 93 85 94 39 12 90 21 52 76 82 25 82 84 89 13 80 41 10 27 84 76 0 35 94 82 28 87 5 6 88 90 69 12 58 84 74 1 38 29 4 99 98 21 95 66 17 55 57 64 74 57 82 61 34 36 47 73 11 96 58 26 34 22 80 28 87 48 12 87 23 85 76 53 47 74 62 
72 79 72 85 3 25 2 23 7 72 25 40 51 19 2 8 84 30 60 38 84 63 96 91 63 84 21 73 44 60 15 18 58 3 74 47 58 92 74 36 54 50 22 31 98 32 21 37 70 76 60 31 69 45 38 96 21 17 17 43 30 3 9 20 7 30 94 72 42 1 85 73 75 15 34 86 9 30 5 78 28 24 98 90 82 95 23 10 7 94 40 37 74 71 96 52 63 18 51 27 74 9 50 9 33 70 27 45 17 94 5 61 69 39 70 20 35 4 3 71 35 39 15 83 21 60 12 85 98 72 51 53 22 9 58 44 53 60 47 89 8 66 50 38 61 99 91 32 85 60 97 39 44 92 14 83 90 62 69 51 49 49 20 34 99 87 97 36 54 82 27 73 73 92 32 17 36 38 62 47 31 87 99 67 70 73 33 78 81 5 78 3 43 19 35 57 28 37 27 30 88 16 23 94 20 78 15 65 23 30 7 57 85 73 99 99 74 87 52 51 6 81 20 21 4 36 96 55 41 41 76 1 95 90 74 52 98 34 67 70 41 41 66 61 39 38 98 34 47 84 71 24 54 14 52 4 85 2 55 95 55 57 43 43 16 81 10 58 1 34 91 49 6 45 35 35 62 34 60 97 10 1 45 29 92 60 23 81 65 3 79 26 25 0 30 8 50 47 9 65 4 52 61 6 31 68 25 60 65 82 57 3 73 55 47 35 65 43 28 68 20 38 98 63 19 57 7 41 89 66 72 60 88 23 19 68 18 53 42 60 40 96 29 57 14 44 69 22 63 16 62 4 19 54 18 67 54 10 51 42 26 92 19 12 19 55 46 88 6 55 68 62 92 61 83 22 69 86 27 9 56 65 88 21 93 53 72 38 21 42 6 2 44 99 90 25 36 80 57 77 
84 80 48 39 0 58 0 51 36 76 52 21 88 12 75 76 2 14 44 15 88 1 51 6 19 9 76 46 60 70 74 36 14 51 73 99 24 1 64 55 41 93 98 25 85 39 27 13 66 65 69 15 71 35 40 89 28 60 59 95 18 25 15 20 11 72 57 29 1 4 59 36 39 67 35 62 17 64 52 3 2 86 73 25 31 20 23 84 37 71 69 1 86 77 9 14 24 27 34 85 14 45 41 19 79 77 92 79 64 37 57 39 85 37 30 6 39 4 61 10 45 78 27 64 52 58 16 90 24 20 89 36 55 2 1 18 4 79 45 1 16 72 60 4 56 62 37 97 76 32 46 12 41 65 68 95 13 68 4 43 15 68 62 22 97 86 36 9 54 85 94 88 47 16 75 43 45 17 10 7 36 42 73 26 47 32 22 75 44 36 37 94 29 37 13 54 23 37 42 56 61 19 90 11 4 17 55 52 82 79 53 20 93 79 44 11 74 27 31 95 1 24 22 86 23 40 54 89 93 31 55 9 22 53 38 14 80 51 92 90 91 70 85 95 31 84 93 16 35 50 60 20 49 25 0 56 52 46 16 22 48 7 79 19 92 43 30 15 14 30 41 33 55 27 83 96 8 95 29 48 96 45 61 54 99 36 84 95 96 65 52 22 70 39 21 84 56 29 10 3 54 30 36 91 86 75 43 64 2 18 24 72 60 44 38 76 39 47 83 20 0 58 34 64 57 99 27 64 61 95 42 49 29 27 7 53 24 80 13 79 29 91 94 75 16 23 15 39 2 84 52 71 35 74 86 33 81 89 75 13 79 46 10 55 9 61 23 10 6 96 61 28 83 84 18 38 90 43 35 70 67 70 9 11 65 36 20 21 29 78 82 68 46 32 17 69 16 40 88 99 
26 26 75 40 74 32 50 29 61 14 64 1 90 28 80 28 19 55 67 59 97 2 3 96 27 54 88 80 42 68 46 91 47 17 62 15 21 34 44 75 9 94 48 42 72 80 87 36 20 21 44 52 25 29 28 50 13 29 99 16 94 18 72 76 18 3 15 64 21 28 25 28 75 89 28 75 92 81 31 68 52 9 55 79 34 92 15 13 92 20 46 12 56 92 84 66 89 67 18 35 17 77 53 61 22 57 23 88 74 15 76 55 91 7 92 61 55 53 94 87 77 42 12 76 60 59 32 2 35 37 35 21 93 13 27 74 82 69 47 78 54 2 57 43 46 87 31 93 96 14 99 64 11 93 35 62 47 56 1 80 93 93 22 18 50 32 81 90 44 12 26 17 45 58 15 8 84 37 68 76 46 1 62 97 66 16 1 24 36 14 18 19 30 63 82 65 94 30 17 54 26 24 9 80 74 35 91 83 70 25 54 18 4 12 93 62 74 38 55 62 23 32 9 96 6 59 12 75 51 3 12 38 11 88 0 19 42 81 31 56 59 71 90 2 78 74 98 58 96 5 25 13 84 44 36 78 41 41 88 99 17 80 74 37 36 40 87 96 64 45 83 74 39 75 68 85 25 46 23 6 19 8 59 25 8 13 37 26 20 81 46 34 71 15 82 67 7 64 45 8 32 37 33 73 22 53 96 98 76 54 14 89 64 87 24 17 59 34 10 20 54 8 38 12 1 37 22 5 87 24 36 62 86 38 99 15 85 38 37 77 11 57 92 12 38 66 45 81 79 37 95 99 16 24 67 40 7 3 12 19 69 68 74 8 7 61 43 17 31 76 5 36 18 43 76 67 17 18 94 54 58 49 38 95 72 86 95 2 2 35 41 32 71 60 60 30 54 12 91 90 
92 32 70 61 66 4 92 9 33 97 99 12 95 30 49 30 88 99 64 56 41 23 1 57 11 12 82 61 35 5 39 64 61 51 21 76 66 92 98 46 51 40 76 35 35 4 46 45 52 49 7 27 60 53 56 33 33 53 47 1 31 10 89 31 93 27 98 50 43 63 27 79 62 67 57 14 64 64 79 79 82 6 75 58 72 47 69 57 40 93 17 61 5 73 12 72 36 70 28 91 32 69 11 0 50 79 29 45 52 64 69 22 60 53 42 90 0 88 78 81 64 57 38 58 97 29 79 59 3 7 29 46 77 95 22 88 96 58 33 33 79 29 75 26 93 57 62 10 80 95 85 80 69 54 43 51 55 18 35 51 65 77 99 72 6 23 63 84 75 74 29 58 32 11 95 64 18 36 80 76 60 18 67 91 76 42 52 5 80 75 92 37 22 74 59 64 20 38 48 84 91 37 97 35 47 99 55 67 66 53 28 88 65 40 67 69 36 27 73 24 76 74 34 24 3 33 17 59 2 89 87 7 9 17 36 60 4 11 60 25 97 88 22 88 98 41 67 66 61 64 29 91 61 14 80 49 98 46 1 68 76 22 29 97 20 89 0 99 28 65 46 83 64 5 34 89 8 69 17 20 91 88 70 22 1 63 52 68 26 81 22 44 47 51 62 23 80 16 27 26 54 11 21 43 49 16 83 13 54 4 39 93 95 89 26 50 3 89 8 96 32 58 14 11 30 54 37 77 38 76 42 89 30 67 61 1 31 13 50 56 40 22 55 41 37 2 82 7 19 89 45 73 26 13 31 0 85 9 52 74 5 96 93 77 48 12 13 41 47 40 95 90 50 36 26 41 39 43 77 68 18 93 26 28 7 30 78 87 17 27 97 55 85 52 76 85 13 61 94 69 
63 89 2 54 45 20 47 61 23 12 37 18 71 34 89 49 75 42 14 85 76 16 73 15 78 0 10 19 73 60 24 20 42 69 7 68 28 83 20 28 36 25 40 80 3 73 37 79 55 63 53 50 57 16 80 43 81 80 0 52 86 56 59 16 4 34 98 57 19 34 47 90 87 14 83 51 76 36 77 87 66 58 25 42 33 3 22 19 49 16 71 38 58 57 59 70 70 89 50 21 11 43 1 89 78 59 86 3 4 20 54 32 93 8 84 63 54 81 74 10 67 12 0 69 72 7 19 21 51 59 60 31 11 52 90 22 11 89 85 15 7 82 48 63 74 39 0 92 15 22 81 76 81 21 18 77 57 14 4 61 87 42 8 0 71 95 62 44 78 14 72 71 51 49 10 88 51 33 65 43 25 30 56 34 66 13 44 0 83 54 18 12 15 28 30 51 20 46 28 1 66 95 22 1 82 8 62 70 55 80 25 76 66 41 48 60 55 5 45 89 69 68 97 48 30 84 13 77 33 4 77 29 59 77 1 70 23 85 58 30 15 58 11 89 72 23 12 49 14 34 14 94 76 90 53 37 92 25 30 13 94 36 98 21 1 14 23 21 75 99 27 47 18 90 38 87 83 77 3 26 34 78 27 12 78 29 94 68 18 85 46 36 36 12 45 29 65 52 61 68 17 74 97 90 48 84 79 17 18 1 16 35 3 39 48 46 94 54 3 25 59 79 71 62 66 63 14 60 18 9 2 67 73 26 68 54 86 28 90 64 41 96 44 15 34 64 25 36 84 99 97 43 55 3 73 82 36 21 39 47 56 59 92 15 80 43 75 20 71 61 83 91 96 59 23 90 69 80 61 36 61 34 96 54 78 37 6 60 14 14 50 77 35 89 57 16 48 41 92 99 
35 5 85 32 68 84 21 49 83 69 45 0 40 25 60 44 61 9 76 2 41 74 21 67 8 2 82 13 72 36 93 20 10 96 49 95 91 37 42 64 5 90 21 28 53 74 80 54 63 31 45 85 40 93 22 84 23 52 35 58 21 12 59 75 21 16 44 65 8 9 29 2 97 19 49 25 9 7 54 23 41 27 23 64 76 36 65 25 50 70 4 45 9 49 2 7 87 2 23 30 8 27 27 20 14 84 13 70 62 94 48 41 41 41 11 33 91 57 32 42 95 76 64 39 95 59 9 89 21 2 33 53 89 53 84 97 73 89 12 85 11 94 67 20 46 29 60 24 43 85 70 42 89 66 77 15 19 59 34 48 65 48 1 75 98 74 52 38 85 94 3 59 65 71 15 5 25 0 44 46 0 9 66 26 57 56 25 51 94 55 35 1 57 57 42 71 56 50 51 6 58 71 95 98 46 17 35 24 48 72 53 83 36 19 9 85 53 42 9 71 15 93 73 91 61 23 25 30 98 69 72 86 24 40 45 42 85 60 9 96 42 87 68 90 45 37 59 32 59 5 49 36 54 15 12 19 71 92 6 44 68 19 77 54 48 37 4 75 63 24 15 70 99 95 85 96 95 17 43 6 51 71 20 18 28 63 51 73 41 58 25 80 58 20 28 77 21 19 71 83 35 1 42 77 72 66 24 40 96 81 63 36 35 17 16 56 32 44 96 68 55 99 46 78 37 60 26 80 59 48 33 33 65 47 42 46 72 18 88 99 74 44 85 10 10 72 83 71 70 97 53 40 87 74 12 87 84 88 7 10 47 13 99 95 1 87 43 92 75 85 3 92 64 94 14 67 5 74 22 18 63 28 31 22 47 90 29 31 24 90 46 40 56 11 93 14 0 3 4 56 
85 50 11 44 15 78 58 11 74 49 85 98 37 40 78 30 66 5 15 37 59 47 84 65 90 25 63 9 97 20 58 38 99 77 45 91 50 82 29 67 67 35 48 82 35 69 42 75 9 90 11 10 39 44 70 74 50 50 9 72 36 23 6 57 9 46 53 4 41 17 75 83 67 22 66 51 42 51 42 90 95 69 76 62 56 91 82 43 59 68 82 5 46 62 18 93 37 21 6 32 68 99 79 98 43 81 89 93 88 54 36 35 12 10 92 7 44 38 76 39 73 74 23 46 58 55 34 52 65 78 30 30 92 40 62 9 1 64 15 99 16 10 14 57 4 1 25 8 89 28 6 55 41 11 56 79 56 85 0 23 68 13 63 27 16 85 48 36 0 38 61 74 43 51 5 60 48 10 28 95 83 72 99 74 74 73 61 25 33 99 26 93 54 2 38 26 25 44 97 58 1 25 34 93 3 77 41 10 11 21 73 77 64 16 14 1 8 3 70 79 56 11 65 4 88 37 71 4 10 26 5 43 23 56 60 37 70 49 57 92 26 67 88 33 50 67 16 35 79 57 66 47 9 36 37 88 33 58 30 44 79 7 39 16 46 79 81 65 68 97 91 84 84 30 49 52 0 33 9 97 16 75 22 70 84 50 30 34 10 22 70 8 48 28 69 29 78 26 98 74 59 15 85 90 37 7 23 93 55 54 28 30 74 82 31 34 54 97 36 90 69 35 68 57 46 95 33 53 60 78 27 36 21 97 48 66 1 79 63 29 66 70 83 71 38 80 34 99 34 89 86 91 92 83 52 33 12 46 8 21 87 29 40 62 46 69 28 95 53 40 5 67 93 85 16 48 54 90 98 61 53 66 46 2 19 4 70 16 30 19 37 21 20 92 61 72 96 21 77 85 
64 4 77 60 12 3 8 8 28 48 6 94 50 36 50 6 84 52 58 25 65 52 6 63 81 27 65 60 85 47 46 65 34 61 87 96 8 60 43 28 32 7 93 13 73 7 3 80 17 57 36 57 23 12 65 86 20 11 54 91 37 34 28 27 55 89 2 10 44 24 41 71 28 97 20 4 54 83 80 23 78 73 11 80 91 67 35 16 81 66 6 76 50 1 15 78 52 79 71 71 28 64 26 94 74 72 27 64 98 69 27 28 85 99 44 37 98 16 40 38 2 2 94 29 6 74 3 91 9 71 66 94 13 10 21 76 58 26 78 92 56 35 90 7 20 15 83 8 54 61 44 91 53 74 73 38 28 4 24 57 36 20 11 32 30 95 59 86 26 77 57 0 60 51 22 67 26 85 96 54 78 97 43 76 94 21 21 36 17 75 50 61 7 32 82 12 56 52 4 20 56 20 99 6 83 83 11 68 40 89 35 39 3 24 4 80 83 97 64 23 56 71 84 10 89 94 43 3 9 7 60 61 52 98 93 64 44 1 45 68 93 55 7 66 72 2 32 20 38 5 55 46 1 44 35 37 15 10 9 81 23 26 30 17 80 9 15 74 75 35 20 73 81 27 5 16 37 28 99 63 6 97 26 89 88 43 51 30 71 64 85 93 41 68 24 90 34 60 61 9 85 51 31 51 56 97 41 40 98 28 17 38 28 40 69 46 34 78 44 36 48 57 27 31 20 25 88 33 1 43 79 80 93 80 47 63 39 9 51 67 36 27 66 65 7 84 23 46 30 34 33 92 91 71 43 25 23 24 35 97 34 2 4 41 31 18 68 88 37 19 51 65 2 17 93 51 39 65 18 0 48 87 8 25 42 71 96 12 30 91 17 84 75 57 57 85 43 25 70 35 
26 68 12 73 32 59 88 64 52 25 68 54 37 50 59 88 4 42 36 7 30 81 22 22 67 16 15 14 50 96 61 68 39 42 64 75 71 71 37 94 99 65 74 96 24 65 11 88 9 42 29 92 89 82 41 32 75 99 35 4 19 93 20 38 71 83 49 61 74 79 1 55 95 29 92 55 13 10 32 26 18 53 32 95 90 86 68 90 97 79 68 3 27 40 96 26 14 73 32 92 77 1 75 19 85 45 25 35 89 91 54 26 86 1 85 17 86 9 33 27 24 38 81 33 97 27 41 67 53 18 32 75 61 59 25 47 71 58 39 43 79 50 80 99 93 32 51 98 47 8 37 4 72 45 25 93 61 11 11 86 67 0 87 19 81 4 85 94 87 26 44 0 23 58 51 85 52 36 44 21 20 65 47 0 58 53 77 53 67 48 30 66 32 89 87 11 73 20 60 1 97 91 41 61 74 23 44 14 2 55 98 6 29 97 41 56 89 92 61 26 4 59 93 16 85 64 77 9 86 58 26 72 19 11 18 59 91 13 4 3 75 80 34 19 11 89 25 99 1 80 25 63 39 30 98 0 57 25 21 13 10 68 27 30 39 92 47 33 18 63 82 31 35 51 92 62 81 87 48 18 27 12 1 88 88 14 47 5 72 20 35 32 16 29 43 56 5 20 19 64 71 79 29 96 71 20 0 11 63 8 90 89 26 67 76 39 40 64 9 80 18 8 91 78 53 89 25 57 87 37 84 72 15 61 36 90 34 27 69 87 62 97 71 47 86 75 55 21 98 62 60 92 12 39 76 74 79 28 62 98 55 26 4 84 25 7 60 62 73 56 1 13 61 33 47 84 88 15 98 49 42 90 75 70 97 5 3 17 33 91 10 62 4 91 32 69 22 82 97 52 
59 11 82 91 52 59 41 50 10 11 49 45 33 99 36 29 46 80 1 75 31 20 61 98 95 48 7 2 68 86 79 87 96 40 17 90 40 21 51 50 27 39 8 37 74 33 25 14 90 25 83 90 66 92 47 74 79 97 23 0 42 47 74 55 48 79 33 28 76 26 7 83 0 91 26 30 45 39 95 56 25 80 88 49 45 83 67 45 4 22 22 18 29 30 53 70 40 9 76 93 88 82 9 35 63 39 8 36 42 31 70 44 7 2 71 10 85 34 90 32 78 19 70 57 63 93 57 29 27 60 44 44 80 97 31 18 35 7 79 70 34 84 9 26 53 29 39 38 12 15 57 74 38 36 85 53 55 66 98 27 21 45 23 18 5 75 80 69 37 99 48 25 72 42 42 37 10 82 89 72 68 68 41 68 19 1 3 85 57 71 56 14 35 29 51 59 90 88 31 80 79 35 82 32 85 13 99 10 50 66 69 92 5 63 89 1 78 94 50 73 6 38 83 94 72 86 85 50 12 8 33 34 3 52 96 0 76 5 17 92 78 32 47 88 17 2 52 22 37 8 68 43 44 85 30 32 32 78 4 15 86 3 2 7 13 0 29 9 29 27 68 28 89 47 10 18 46 56 77 99 46 17 23 96 98 6 55 52 76 16 74 88 44 41 26 29 35 12 70 78 8 81 60 85 39 97 0 18 11 57 89 59 85 15 97 7 65 88 52 97 59 88 77 38 94 91 60 90 99 41 63 35 18 72 4 20 53 13 11 65 77 72 80 50 56 8 27 57 59 19 50 36 65 69 18 79 21 83 66 2 57 50 4 86 46 73 81 81 73 43 24 75 51 35 42 86 61 54 68 69 71 83 80 64 7 81 21 99 24 18 70 2 87 18 9 36 20 82 43 7 
46 82 70 39 21 77 6 92 32 56 98 41 70 0 48 30 55 31 62 58 11 93 73 17 3 11 49 40 49 5 78 59 41 48 7 53 83 94 10 31 87 1 79 73 35 54 24 42 16 71 72 91 71 39 11 33 40 72 77 83 84 72 42 92 24 32 6 59 50 50 20 44 16 95 60 15 26 29 85 99 47 37 0 6 35 47 55 23 99 28 5 68 57 85 63 15 22 46 58 98 73 6 45 38 30 21 77 12 11 73 75 57 10 49 51 20 79 83 83 21 39 93 93 65 45 75 4 95 24 83 80 61 89 88 61 7 38 15 18 63 7 66 10 61 88 39 10 57 60 38 69 83 16 22 25 86 99 69 98 93 44 17 68 6 5 57 84 35 75 25 58 29 5 25 42 83 97 60 92 12 77 3 98 24 15 23 0 52 19 69 81 56 96 41 9 33 77 37 93 0 5 51 59 21 9 24 90 50 46 74 56 58 74 72 54 81 10 88 7 23 14 34 61 57 52 59 9 19 5 53 9 67 88 41 3 17 36 44 47 79 38 62 17 6 7 0 57 82 80 22 23 2 6 24 14 28 46 28 26 12 70 27 56 26 77 59 23 73 13 30 41 81 70 57 12 9 77 11 98 14 54 79 5 94 30 99 83 56 8 18 73 35 27 49 26 25 23 49 75 50 44 20 68 21 36 1 29 95 31 25 6 17 66 96 4 18 59 19 54 50 62 51 14 17 44 38 15 4 67 8 98 20 14 60 96 91 58 24 76 95 58 30 9 29 3 25 19 63 19 40 77 81 26 93 1 29 34 81 87 90 79 78 54 90 50 89 96 34 19 69 13 17 60 79 43 71 53 3 5 25 9 86 40 42 46 98 37 84 19 32 77 35 97 52 89 81 24 78 74 27 
96 27 23 10 84 22 76 26 29 44 67 75 9 14 69 49 66 65 16 33 6 74 90 52 45 39 36 80 57 33 72 93 60 8 8 98 55 44 84 31 74 18 65 93 8 10 59 9 52 78 12 1 72 91 2 73 13 61 51 88 76 93 71 89 79 35 18 8 75 62 6 85 88 3 15 29 9 27 73 86 38 64 90 24 11 98 57 57 51 28 38 44 89 26 86 90 50 48 30 45 59 22 23 6 40 65 81 44 56 86 48 37 83 9 70 5 90 9 2 53 7 59 88 29 80 68 39 29 60 67 3 52 99 74 19 70 53 51 82 5 10 37 20 74 8 72 51 29 62 7 23 32 19 57 19 95 14 51 84 65 29 96 51 82 68 64 46 82 83 20 91 17 38 98 29 32 28 33 59 15 50 37 38 59 57 44 25 69 66 11 79 47 37 23 40 59 45 70 92 66 78 86 68 99 88 52 86 40 19 52 36 60 58 41 72 21 48 23 95 56 89 80 53 47 57 48 91 50 58 70 48 69 51 40 25 69 85 10 5 49 21 74 47 67 70 32 85 95 21 42 64 95 82 87 73 60 92 55 8 28 11 74 43 68 38 26 26 91 68 58 68 32 67 21 72 13 47 54 40 85 59 69 62 71 85 30 38 7 75 12 19 8 89 25 77 90 73 68 90 70 17 7 64 57 84 34 15 49 28 80 71 14 10 20 63 39 22 38 87 67 60 99 68 75 88 63 82 24 86 38 22 14 93 33 13 79 28 5 63 32 61 16 12 67 82 59 1 32 90 72 62 73 37 49 54 60 42 28 98 50 32 60 47 10 66 84 42 78 20 39 61 30 11 39 72 51 16 66 58 22 0 26 73 52 22 40 30 32 73 28 64 35 95 70 74 47 55 0 81 59 
35 90 1 14 17 18 59 63 7 38 6 52 8 58 0 85 89 70 68 66 76 31 26 71 56 25 2 60 17 57 96 50 49 60 35 65 95 92 17 90 84 85 71 42 79 94 29 16 44 13 24 15 24 45 62 11 22 23 50 54 94 63 20 2 63 3 95 2 10 64 29 13 33 68 95 54 60 92 79 4 87 67 78 67 67 2 25 63 62 53 85 77 69 58 61 60 76 53 37 54 69 68 49 35 4 64 76 85 39 39 5 73 76 71 93 89 39 6 98 22 38 80 32 48 38 83 59 56 76 61 0 24 56 75 95 81 45 95 96 14 84 59 4 36 37 16 22 54 12 58 75 13 44 54 3 63 74 72 25 13 52 59 13 53 72 81 60 71 90 71 92 86 8 3 36 61 17 12 33 5 72 88 14 80 0 73 58 60 28 30 9 47 19 94 56 93 55 21 40 44 77 14 87 60 3 61 69 75 65 14 86 99 53 98 77 62 84 52 49 44 64 94 93 63 17 64 97 67 28 93 62 1 65 62 59 30 35 16 70 27 84 26 89 27 95 50 30 83 10 86 11 70 23 30 66 57 18 48 56 4 88 60 32 61 15 38 2 0 86 20 80 61 78 68 74 94 52 42 9 64 81 21 65 91 92 40 51 48 55 10 72 11 77 19 16 9 42 41 65 84 15 22 8 40 75 44 56 40 90 0 20 13 62 84 23 42 99 22 42 81 55 90 38 1 18 96 91 45 94 93 52 63 22 4 32 20 68 38 4 80 53 54 37 29 80 87 13 25 89 10 37 23 39 84 2 93 43 52 65 32 12 29 83 31 60 47 0 15 8 86 42 6 95 31 6 69 59 86 15 88 81 31 2 31 58 1 28 80 97 15 17 54 99 29 33 88 84 99 30 94 
76 69 14 48 50 23 9 12 79 89 32 52 7 85 7 57 88 95 36 30 99 10 1 88 51 61 0 42 67 37 12 19 15 21 79 43 61 85 63 31 89 88 85 9 12 64 56 72 37 75 65 18 54 91 99 34 96 5 62 72 23 7 68 42 93 87 55 6 21 11 55 86 60 87 51 94 47 64 95 40 38 30 41 60 36 51 36 47 87 25 88 66 82 86 28 71 10 0 44 19 93 88 11 64 61 42 87 16 48 9 35 14 22 62 42 77 3 79 4 44 39 34 66 21 48 83 53 5 27 2 99 42 93 72 57 73 19 89 44 90 91 27 23 74 77 61 65 69 59 94 31 28 28 26 3 73 35 73 46 68 95 91 64 12 41 84 58 82 94 81 21 73 1 42 48 55 24 61 29 3 46 15 48 28 95 78 93 97 9 95 77 41 34 41 98 1 42 74 14 15 70 52 37 29 9 42 30 82 42 80 40 60 58 64 61 32 71 51 82 78 73 23 52 96 84 46 51 24 43 95 61 19 96 87 69 61 27 51 28 7 39 17 20 92 30 56 4 15 17 83 39 75 80 96 48 60 22 81 89 37 33 31 38 67 11 51 41 81 48 58 36 1 20 23 14 22 75 43 54 45 55 36 16 85 25 50 45 54 80 2 33 38 82 99 23 23 87 95 1 43 71 13 52 64 79 28 86 18 52 73 23 48 3 12 53 47 48 89 91 53 52 48 23 60 40 13 62 69 89 78 81 4 77 38 77 85 47 15 88 89 65 93 54 37 8 1 41 10 70 81 73 26 28 41 55 50 31 55 4 88 8 18 0 67 56 15 83 76 73 44 88 47 94 54 37 87 75 42 62 26 85 26 81 28 95 52 72 26 25 3 1 78 0 74 99 69 46 98 42 40 
43 27 9 15 68 97 22 59 7 19 14 22 4 60 73 44 98 1 12 12 72 39 40 0 13 25 2 29 26 33 34 70 32 92 97 22 22 3 2 44 32 35 82 35 12 11 10 46 43 89 57 9 0 69 51 33 60 97 21 33 89 70 2 17 13 83 46 71 9 48 1 16 11 8 37 72 75 47 92 61 69 66 48 89 11 75 24 54 44 65 24 9 6 56 99 58 84 57 4 39 51 8 50 43 95 5 41 18 68 97 18 46 5 65 77 67 23 96 60 58 66 21 58 98 57 3 9 25 75 88 9 10 59 28 51 23 64 74 36 28 11 55 30 76 77 2 23 64 31 8 27 66 21 37 64 40 3 90 92 5 10 1 84 75 14 10 70 33 94 79 88 67 5 18 66 20 4 10 87 75 8 83 61 25 97 38 35 22 83 95 4 14 4 33 68 34 10 31 48 83 58 37 15 75 93 79 71 5 2 31 86 69 37 29 37 68 82 26 12 1 45 61 8 22 69 38 58 93 22 96 61 37 19 38 85 27 63 28 93 12 48 99 58 90 14 82 0 91 53 90 94 76 17 97 37 90 81 54 70 97 2 8 21 51 37 31 60 11 16 27 15 49 45 20 28 53 79 46 31 41 85 30 32 20 72 9 59 5 8 99 4 37 10 2 43 36 1 76 46 88 63 99 59 79 61 92 7 50 85 25 44 63 46 67 61 49 61 38 82 8 79 43 47 71 23 84 13 60 94 82 45 26 60 63 79 58 89 21 61 14 95 20 27 84 1 99 74 82 45 56 10 34 22 33 77 35 93 53 85 20 60 71 3 97 76 13 4 64 52 33 40 17 17 65 38 29 41 44 47 47 30 67 91 73 19 4 84 6 82 9 84 64 40 89 57 83 89 32 30 98 
66 35 81 38 4 25 67 77 18 32 8 14 70 76 72 5 56 70 17 99 0 52 37 35 65 55 98 43 90 8 21 91 43 83 8 30 19 1 47 97 17 45 9 24 61 17 2 3 4 94 75 40 34 78 78 98 99 8 36 71 48 93 16 89 92 81 65 21 6 55 74 85 45 14 85 64 41 60 5 31 72 24 48 58 49 87 37 8 99 70 33 3 77 3 85 68 12 85 15 46 54 85 20 24 74 46 25 87 0 71 37 72 55 20 7 59 88 71 56 46 16 44 70 21 68 90 38 61 68 95 75 13 58 85 89 23 69 75 37 28 2 48 25 39 81 26 79 23 71 62 37 83 98 14 51 38 58 2 20 56 15 31 14 71 30 17 88 49 57 72 53 25 85 58 99 67 6 2 9 70 98 52 92 12 18 47 64 84 93 19 47 32 41 93 22 80 59 40 30 23 94 33 85 22 7 65 25 45 47 25 33 91 14 1 3 21 78 97 84 91 35 90 2 93 26 65 7 99 44 14 31 60 64 98 68 40 31 96 8 25 47 49 98 22 6 34 85 49 13 59 73 31 88 25 7 69 79 80 67 37 29 30 75 65 12 55 59 75 2 81 20 78 47 15 82 4 42 41 57 65 44 50 45 87 66 38 88 41 3 16 16 69 71 78 50 33 77 12 99 58 39 15 36 0 13 48 7 53 67 12 8 92 61 32 69 11 31 35 70 88 62 71 55 84 4 13 12 49 60 57 81 34 10 90 70 81 43 82 86 24 72 69 98 11 79 50 65 68 55 62 53 8 53 91 8 73 7 59 56 57 91 59 20 50 59 98 4 98 93 39 83 50 89 34 55 25 6 0 40 26 20 93 36 25 27 70 15 37 37 1 11 56 29 4 83 63 75 31 23 54 
81 85 18 98 67 93 46 99 51 27 24 96 56 2 57 52 68 18 72 84 96 25 81 71 23 61 57 37 25 78 15 39 21 10 26 49 29 64 4 52 9 21 27 95 35 28 54 61 21 61 58 61 63 16 66 49 55 15 83 43 22 61 40 73 56 76 1 86 11 98 70 93 44 60 50 46 7 42 72 47 57 74 43 93 98 58 73 31 0 96 53 25 88 1 57 61 87 1 85 70 94 47 50 58 45 98 81 50 70 82 91 31 76 80 45 7 2 68 80 44 62 54 15 37 93 87 0 34 13 84 43 1 0 91 20 70 95 77 92 10 63 19 27 20 75 85 73 8 58 28 65 77 6 52 1 4 49 1 35 18 26 37 59 18 4 46 66 46 6 83 10 43 39 85 32 51 76 12 54 39 90 84 77 74 22 37 30 93 46 65 99 86 47 56 68 69 51 60 2 57 87 90 81 33 29 84 93 80 98 29 34 85 3 50 36 34 69 39 43 77 22 93 67 80 58 21 96 12 3 9 49 0 5 49 35 43 5 48 39 22 54 24 79 6 12 72 29 17 92 33 64 39 25 3 17 24 70 24 17 5 95 41 32 31 56 96 93 74 23 10 30 49 50 65 10 1 45 61 50 41 5 47 5 1 77 42 27 38 88 9 28 20 79 32 8 25 33 15 94 1 48 32 66 58 25 37 67 75 39 92 93 75 43 89 66 91 52 57 83 60 78 68 13 2 80 58 44 18 86 6 96 41 55 47 14 5 39 38 74 11 77 75 23 86 43 51 30 14 97 62 35 25 35 42 40 98 73 28 38 3 66 17 9 17 64 47 12 97 21 17 11 61 87 85 76 28 32 73 70 46 73 36 7 23 15 53 96 37 39 48 60 64 46 48 35 62 76 65 34 39 
90 6 9 23 9 62 87 77 66 43 11 38 51 55 93 67 3 74 26 83 8 60 16 72 64 11 88 12 66 23 93 54 95 50 21 31 28 78 66 38 29 33 62 83 11 95 87 60 78 94 58 7 18 34 47 28 87 2 72 46 90 83 1 59 10 79 19 61 71 5 55 71 2 31 22 80 85 0 91 30 80 47 72 58 57 8 0 51 39 33 81 16 17 36 10 62 9 39 95 98 47 79 35 91 24 38 42 34 10 42 3 99 78 87 72 23 51 52 57 54 9 65 89 51 22 5 71 26 23 21 93 34 7 4 58 39 99 72 25 61 37 29 64 41 35 81 78 63 10 36 68 9 48 72 30 83 29 48 77 72 81 0 76 64 47 49 76 14 24 2 28 12 27 34 81 88 75 12 29 81 85 59 58 39 0 80 50 55 7 84 20 79 38 70 97 65 75 12 13 73 90 9 27 51 54 59 68 65 55 82 22 18 41 89 83 96 70 95 22 48 67 69 96 16 10 70 92 12 80 94 60 59 49 92 54 47 4 9 3 88 18 70 69 58 53 26 3 90 93 43 1 18 33 55 73 10 78 56 85 94 89 60 14 77 86 98 57 76 41 21 7 60 76 8 6 24 41 66 86 50 97 27 97 28 41 94 19 78 13 0 88 38 14 8 75 55 8 25 71 53 35 61 64 45 33 40 17 49 1 73 95 35 39 34 4 82 72 38 5 95 51 22 29 13 8 68 11 44 19 16 21 39 44 31 34 97 86 30 77 36 14 11 3 23 6 34 7 57 17 35 8 26 88 58 59 27 70 34 62 84 20 66 47 62 96 62 77 57 98 86 79 66 63 40 50 86 74 14 42 73 13 1 40 27 49 60 47 63 44 68 3 45 70 85 13 29 65 53 88 28 
90 36 35 58 85 88 80 17 88 74 29 21 6 84 17 77 53 96 49 9 51 97 11 12 25 32 67 52 9 2 68 68 44 56 13 5 54 47 73 35 82 62 76 2 58 32 55 13 13 82 41 66 89 13 2 36 1 15 76 84 55 4 21 93 7 35 97 75 61 10 44 50 22 14 46 88 73 90 77 30 71 51 86 70 41 40 60 19 79 90 29 21 84 55 87 8 16 47 58 43 71 67 15 27 32 42 88 94 98 0 72 13 33 81 66 33 24 1 41 57 62 98 35 62 83 47 6 45 73 81 26 57 98 8 72 93 67 42 34 40 29 76 4 69 95 37 83 73 76 54 0 3 55 57 87 16 48 76 93 23 73 42 75 74 97 55 76 57 75 62 40 91 2 92 69 99 51 0 58 53 8 19 67 33 16 72 0 98 27 66 29 23 8 80 38 58 36 62 22 62 32 31 46 15 70 90 67 95 55 60 99 3 77 50 4 14 39 63 9 33 9 9 66 76 63 69 66 12 95 47 76 2 79 23 79 87 59 8 1 0 91 31 1 99 85 32 44 2 44 99 65 85 93 93 28 79 85 56 33 81 99 0 40 29 79 31 20 28 44 24 81 22 69 72 14 91 78 85 58 47 41 94 9 89 60 74 71 79 14 76 93 85 16 68 51 20 28 32 69 93 74 5 13 22 95 54 36 64 16 25 88 55 8 50 69 25 96 9 90 53 54 79 91 47 60 3 85 11 83 16 46 15 79 23 46 20 68 3 88 85 34 69 40 86 49 81 25 78 7 48 51 97 70 96 27 3 57 21 54 25 59 21 91 65 66 82 27 92 53 26 46 87 80 99 96 29 58 85 9 8 37 45 20 66 21 75 81 58 42 2 70 11 36 38 95 60 56 50 46 4 
37 11 34 85 78 29 37 95 65 9 40 14 44 18 2 72 96 76 93 96 0 26 84 8 23 2 40 84 44 27 21 51 72 26 67 61 69 37 82 17 90 12 91 5 66 85 37 21 74 47 50 68 53 41 85 81 51 67 56 64 70 81 13 43 38 27 79 7 64 37 22 55 15 8 54 97 15 60 36 70 67 80 98 7 76 91 29 81 52 36 64 5 90 76 50 56 12 14 88 24 27 8 12 24 18 56 9 41 17 93 81 6 79 51 31 80 82 52 76 89 18 25 99 14 69 76 64 20 25 3 67 84 94 89 18 65 70 64 20 69 42 31 18 3 47 20 65 0 1 68 90 73 34 2 91 40 14 14 91 52 46 31 44 2 50 94 34 41 40 24 6 18 73 86 36 93 94 96 38 15 36 48 2 24 15 83 82 74 81 16 34 98 29 44 94 31 54 94 97 73 87 76 5 32 3 70 59 65 13 97 37 52 39 30 86 59 70 96 6 81 35 11 2 94 65 39 87 2 15 97 10 73 3 8 7 94 35 27 42 35 54 0 37 75 71 24 76 85 70 25 77 32 19 60 71 0 99 65 5 48 48 43 15 44 36 92 25 97 21 1 87 6 95 58 35 26 39 32 16 99 11 30 67 73 57 21 57 95 77 48 89 49 17 68 90 10 3 49 54 72 21 32 88 71 12 5 11 14 95 28 88 24 89 92 2 21 14 20 76 87 2 2 27 52 26 44 80 25 75 81 48 28 40 64 82 85 39 31 1 98 0 46 71 73 25 1 24 38 69 80 15 9 6 85 34 81 64 7 37 26 88 5 9 77 97 1 41 89 6 35 92 35 97 56 84 45 34 35 31 92 78 57 32 81 85 7 72 5 26 26 81 80 75 90 94 74 53 83 73 82 
4 0 26 64 70 93 16 6 96 84 73 90 42 38 85 14 28 27 27 60 21 99 67 76 91 18 79 11 15 15 89 57 22 60 29 59 83 89 91 1 16 26 87 81 8 13 71 45 51 17 68 25 99 27 57 93 24 87 28 61 67 99 6 62 39 62 50 36 13 44 37 8 61 79 28 53 64 1 57 33 32 33 19 89 62 43 77 1 23 12 25 32 5 4 73 0 31 70 21 20 12 22 86 59 59 17 6 37 82 54 45 31 13 46 92 12 50 77 96 60 63 88 37 7 74 35 44 36 3 64 29 75 78 87 69 9 3 95 51 37 7 88 73 10 61 78 82 28 49 91 82 23 16 61 21 11 89 55 75 53 85 72 16 40 89 35 27 39 76 48 12 30 30 87 18 71 73 33 6 48 61 15 74 98 15 26 85 76 50 63 64 32 8 70 40 28 64 94 32 53 58 62 57 68 24 67 92 70 71 93 69 18 94 11 14 16 50 59 93 5 97 61 37 72 57 86 14 91 71 92 28 10 89 4 42 10 68 9 43 18 78 27 57 31 70 70 12 70 16 84 61 78 19 44 63 98 18 28 70 87 19 21 27 30 42 58 43 89 22 91 23 20 71 19 14 50 23 52 85 71 58 77 20 16 16 7 78 93 66 20 95 55 31 6 80 90 12 56 19 13 22 62 19 3 28 65 70 12 64 49 17 24 90 62 28 47 94 48 22 30 9 3 95 33 76 5 72 22 60 14 87 92 85 31 56 20 52 50 71 96 82 49 28 25 51 43 59 70 43 26 3 5 48 31 28 6 28 8 27 49 5 92 47 21 6 76 94 78 7 0 90 55 44 44 77 93 42 8 6 94 30 33 68 73 78 42 39 93 13 1 37 20 95 7 55 90 21 39 33 78 
54 29 12 48 30 86 57 36 93 29 84 2 32 97 99 79 91 22 60 95 98 42 98 38 6 49 83 4 83 94 37 76 80 63 46 76 96 31 32 23 62 91 63 51 3 7 14 58 4 9 75 79 64 13 42 68 47 99 26 38 19 83 45 19 69 16 87 47 11 63 70 10 1 28 25 37 13 21 2 35 64 85 23 26 2 72 68 94 81 14 29 45 33 45 31 79 30 43 17 8 90 2 7 80 56 57 15 99 74 92 54 29 47 84 94 19 12 66 85 95 36 36 96 16 45 52 69 18 38 87 2 84 21 33 83 38 69 47 89 45 73 44 0 45 22 57 66 51 11 79 65 35 69 23 43 48 52 39 40 89 57 6 96 2 77 2 73 80 12 77 31 32 82 30 70 83 88 68 4 58 54 95 88 76 31 81 46 80 25 12 28 35 51 71 40 99 37 26 58 25 47 78 37 84 45 68 65 30 69 29 56 43 81 26 65 31 98 64 96 61 53 6 84 22 9 38 61 54 62 54 86 85 68 64 94 0 87 44 57 67 53 4 93 90 4 88 18 7 47 79 7 43 31 53 97 42 50 11 73 84 86 64 77 61 30 30 43 57 79 72 18 61 89 5 73 21 20 93 97 34 13 42 77 21 99 54 28 12 87 74 42 49 27 2 19 45 82 19 40 67 65 6 59 41 88 60 38 29 96 85 27 64 56 24 91 96 13 75 3 68 95 31 21 80 12 11 71 20 67 25 33 53 41 25 94 58 23 9 17 53 85 8 36 78 36 75 88 11 70 13 54 9 74 66 82 17 46 2 62 91 25 91 54 11 8 8 73 21 57 80 94 35 77 7 52 76 6 30 62 15 45 32 51 19 56 11 85 42 44 53 56 57 89 73 18 78 50 37 49 93 
54 13 5 27 14 20 42 17 13 37 55 99 95 93 64 12 34 83 10 76 34 35 21 71 53 47 67 98 25 91 46 67 70 33 69 86 80 24 43 17 34 92 1 28 82 26 35 22 27 44 20 14 57 56 29 13 8 33 23 54 39 78 88 55 22 74 99 80 34 24 27 86 72 12 82 37 20 57 74 73 83 8 36 58 63 56 19 18 71 36 99 7 7 10 38 60 89 62 88 12 83 26 38 85 59 23 2 76 29 76 29 50 15 5 62 84 15 71 37 10 56 10 90 20 26 27 29 79 11 31 17 99 82 68 52 37 87 38 55 94 75 13 50 92 90 45 90 77 18 41 29 10 70 92 50 2 30 73 29 95 25 67 89 24 56 85 52 88 13 17 83 85 72 54 92 96 44 54 64 29 26 66 12 90 13 99 13 65 10 85 78 53 94 72 59 52 15 80 92 6 52 69 16 85 7 57 10 18 70 10 15 35 34 51 74 81 86 97 72 64 55 37 16 52 42 96 66 82 11 87 58 20 48 20 4 1 17 77 65 69 23 4 28 3 18 26 2 40 44 4 35 27 75 66 22 49 89 38 71 27 74 41 75 46 10 44 84 14 13 2 53 86 87 7 8 47 99 92 57 78 43 50 98 23 21 9 78 28 84 78 22 67 14 6 71 59 69 96 79 48 51 16 6 28 75 45 8 85 72 50 4 68 96 85 13 28 21 68 66 56 3 16 87 61 82 14 77 92 53 47 99 98 36 39 95 12 25 21 43 77 13 26 73 2 14 4 47 25 20 45 75 34 80 96 86 6 79 29 95 0 23 87 6 68 46 23 58 46 8 23 8 60 11 22 0 31 33 50 57 7 1 74 29 77 85 14 90 73 79 79 27 96 94 51 49 3 76 16 37 97 
85 19 86 9 97 29 91 64 85 21 19 70 96 21 55 66 9 46 60 43 73 60 14 51 14 91 64 55 91 66 77 17 14 29 46 74 47 42 20 0 67 24 29 53 14 48 82 32 8 20 76 35 90 32 0 26 23 74 39 15 9 57 61 55 14 54 12 76 86 23 69 64 67 87 67 68 41 57 79 4 99 76 38 42 76 56 64 41 26 18 18 52 89 2 7 15 33 76 92 81 77 31 48 67 99 82 68 4 76 75 48 93 25 6 30 31 18 22 24 3 18 22 92 37 67 43 1 56 80 60 49 93 32 22 78 82 77 33 22 53 96 30 62 77 95 51 59 11 52 87 98 81 28 67 78 51 28 29 5 99 90 55 1 23 75 20 78 36 8 80 35 82 55 50 28 49 7 97 83 66 23 8 43 62 7 15 44 18 63 1 9 83 31 23 78 92 39 81 42 50 24 11 4 36 20 95 96 31 59 17 48 15 86 75 51 63 3 47 78 97 12 69 46 77 60 77 73 92 71 93 28 0 90 95 72 94 36 57 12 3 7 64 51 59 77 74 50 87 96 23 20 93 60 75 15 37 0 78 58 90 60 76 1 85 29 86 45 81 89 60 97 64 69 41 11 65 41 92 39 99 55 56 97 49 66 58 54 42 99 37 96 26 41 18 61 30 94 17 73 29 18 28 3 75 27 63 66 14 37 80 56 83 47 68 22 14 70 25 37 65 70 9 1 18 62 35 44 82 63 73 65 5 96 82 57 20 89 0 6 90 33 24 35 50 0 37 31 47 57 82 73 1 84 8 7 19 47 80 57 82 82 20 13 21 85 44 89 38 57 67 77 52 9 7 53 0 71 53 8 81 89 32 42 3 41 21 67 59 65 67 10 25 19 8 65 66 16 67 93 61 
29 96 41 32 58 45 22 58 75 54 61 87 41 11 60 14 38 20 57 10 99 77 49 64 4 31 53 32 69 4 6 78 32 98 82 39 51 86 21 8 92 30 81 46 98 87 78 35 62 61 37 48 5 95 23 11 99 71 28 50 5 73 64 69 19 39 38 89 1 10 68 53 63 19 82 78 90 96 22 21 1 48 18 24 24 63 84 65 23 23 31 29 91 24 43 1 73 62 31 33 3 29 17 26 54 72 30 78 92 70 82 25 31 1 70 30 3 63 55 87 93 31 22 85 75 40 51 71 70 64 39 4 25 23 93 79 32 93 10 79 25 41 19 51 97 20 43 67 34 38 94 92 52 55 45 37 50 68 3 94 82 51 56 69 19 0 88 23 18 66 93 92 51 42 33 26 34 57 78 7 58 32 63 53 40 3 32 17 51 90 48 47 10 48 66 73 46 5 65 26 34 23 41 66 16 67 59 75 71 12 67 65 58 84 59 33 89 67 2 26 94 53 74 62 81 99 39 0 9 12 58 49 27 80 28 92 40 45 67 5 66 34 89 94 26 40 18 89 96 87 25 44 7 33 69 94 51 25 30 41 60 94 37 8 6 69 88 99 53 41 99 53 9 85 78 57 2 71 12 96 16 51 27 54 27 10 93 23 5 32 46 96 96 60 39 10 73 70 71 94 1 77 0 10 48 46 16 91 7 17 12 59 34 31 53 81 69 24 9 22 90 41 52 70 20 80 76 52 63 79 13 54 40 83 50 93 57 14 76 36 32 82 32 38 29 15 30 24 30 19 82 19 10 89 60 43 84 92 92 89 33 40 76 67 0 81 64 42 42 31 18 79 54 2 50 48 41 4 48 56 81 3 81 97 70 95 6 70 53 67 2 34 41 14 66 92 63 29 0 88 
3 27 17 8 23 50 51 98 74 84 5 93 6 16 43 1 33 58 77 12 66 72 92 23 34 43 17 30 85 18 12 19 66 9 7 56 38 24 86 51 57 88 62 86 33 62 79 31 55 32 83 5 43 9 84 83 24 53 43 88 64 99 93 12 21 1 70 31 4 93 49 32 17 65 27 31 3 14 0 10 25 48 82 24 81 45 35 31 52 50 49 15 14 30 7 7 19 78 11 8 43 90 30 84 6 82 64 97 67 6 85 18 22 85 23 85 23 80 72 42 49 92 22 35 94 30 54 60 5 62 54 44 18 45 26 12 5 18 89 28 89 44 87 96 58 77 6 13 53 42 29 80 79 81 8 75 37 83 1 89 18 92 43 66 5 91 37 12 25 3 37 7 10 94 26 40 33 35 18 72 71 31 4 71 99 75 69 7 26 41 90 69 26 20 73 7 93 25 31 31 2 16 65 23 49 90 26 1 84 87 65 1 86 43 35 25 27 41 86 76 17 52 95 66 93 18 61 79 45 74 12 81 68 16 49 44 2 98 14 24 2 45 41 45 21 70 64 14 10 99 95 34 46 1 93 68 44 70 80 61 5 65 91 28 20 17 17 73 82 16 88 76 76 2 91 23 41 76 32 99 21 17 20 72 98 66 36 89 30 76 48 78 29 92 46 25 45 74 85 22 72 75 14 50 89 64 15 64 88 18 86 32 66 43 33 91 28 28 39 30 0 53 77 61 50 50 91 23 60 63 20 80 72 39 61 62 53 24 32 68 20 22 44 56 72 77 97 30 76 67 92 21 28 67 29 15 80 59 10 92 76 40 44 39 58 0 69 83 72 22 16 10 5 13 92 3 68 67 61 70 59 60 85 82 85 31 18 83 5 47 93 92 33 77 99 34 19 22 81 9 
83 79 89 71 17 12 51 31 72 77 25 67 68 85 47 85 68 10 82 54 31 66 63 44 99 99 46 74 54 29 11 65 81 33 32 42 50 9 81 53 2 19 77 48 43 84 74 97 39 46 39 51 65 40 79 24 71 4 64 42 8 81 37 59 90 38 77 51 72 58 78 76 66 54 57 18 33 64 34 42 17 5 33 43 36 21 74 99 72 81 91 59 4 2 48 62 27 96 40 72 25 46 73 62 3 60 60 52 1 0 62 69 86 93 94 6 74 29 80 26 54 99 9 25 6 48 32 31 75 25 61 15 71 56 35 27 45 62 31 66 19 98 67 14 90 72 32 51 29 16 69 20 66 40 95 7 62 43 81 86 6 24 95 96 78 10 37 20 20 69 6 22 40 97 25 72 2 49 85 71 25 67 12 54 47 38 41 53 97 40 54 30 93 77 55 12 24 55 85 5 53 71 5 50 23 33 16 64 22 80 71 25 64 96 19 23 69 39 95 48 42 93 53 31 62 15 37 27 71 75 23 73 59 74 32 54 44 42 56 65 44 5 31 54 96 52 4 80 97 45 89 84 13 87 8 10 12 84 93 48 54 82 1 41 50 69 14 83 55 28 65 76 94 80 60 65 45 84 16 5 90 31 74 96 67 7 92 79 60 83 58 23 22 60 69 48 66 23 33 57 21 23 62 88 87 73 4 79 81 71 39 29 0 60 91 57 39 71 12 41 88 20 58 42 33 85 81 91 44 58 83 35 81 95 76 18 72 72 29 20 22 24 96 80 48 78 0 15 45 61 46 25 75 59 99 98 62 5 59 89 48 9 21 21 24 76 35 70 55 45 88 87 60 89 13 39 73 44 77 93 10 92 72 46 58 41 46 98 54 60 31 23 32 60 82 25 80 62 3 7 
7 44 21 88 65 41 84 82 15 66 90 19 69 44 76 81 3 24 83 48 71 31 95 25 86 79 60 61 91 85 15 50 89 33 88 37 23 23 42 37 42 36 22 30 74 64 76 62 40 17 10 68 20 56 50 22 21 46 33 85 81 74 77 42 63 28 33 19 61 77 87 90 83 94 79 70 81 30 28 44 25 8 50 15 17 76 63 31 50 93 99 98 45 55 63 20 48 62 23 1 52 10 90 24 93 28 19 58 99 53 94 75 40 6 12 57 23 32 43 91 71 68 8 35 63 58 82 75 24 13 75 81 11 26 93 37 57 78 51 51 75 9 32 61 99 61 25 97 13 62 98 67 22 99 32 77 23 5 18 56 4 43 29 3 70 65 38 26 85 97 74 48 70 74 80 59 10 47 2 84 3 4 7 14 27 99 29 76 90 58 87 39 23 98 9 52 1 63 74 38 24 51 74 90 91 89 68 92 7 46 14 37 58 61 52 45 41 26 41 91 10 72 40 51 49 36 59 20 25 57 85 81 3 29 85 25 86 60 37 65 20 28 48 85 17 0 51 64 48 90 34 91 42 2 70 48 43 36 78 2 69 13 23 57 24 64 64 4 87 92 62 17 77 76 43 63 0 59 94 94 56 17 90 83 15 6 38 44 92 85 83 6 10 0 44 15 42 70 23 23 99 57 21 2 92 89 28 48 71 69 2 87 42 81 78 84 47 3 69 72 48 93 79 78 98 19 75 74 45 81 58 19 73 92 28 0 19 17 83 56 71 30 74 20 37 36 89 14 25 13 66 63 55 15 55 3 67 32 13 68 82 43 85 0 41 99 68 52 29 55 76 10 55 6 5 25 69 56 1 4 86 20 32 95 22 91 22 12 93 73 90 89 95 54 39 85 76 48 29 54 
63 15 27 75 20 61 30 21 98 28 72 90 77 76 38 80 16 5 11 71 26 68 42 58 23 57 77 95 97 1 35 57 84 61 75 90 9 91 86 93 41 55 55 85 54 65 25 15 66 29 69 88 36 83 73 51 95 48 7 98 68 64 78 74 20 69 81 0 78 24 13 41 46 55 18 73 57 67 41 24 63 47 69 80 99 76 58 31 9 3 93 65 34 96 89 36 27 99 57 24 91 88 55 28 51 31 49 81 99 98 34 50 27 59 99 71 1 77 78 23 84 46 15 72 78 64 1 72 54 60 3 91 93 8 92 38 62 63 24 6 7 39 20 33 38 18 67 24 44 9 13 6 73 21 8 44 68 98 18 62 12 42 71 0 39 10 7 48 74 87 2 23 17 32 22 67 5 86 4 44 71 96 15 53 19 48 30 5 12 57 80 13 41 18 32 60 97 83 86 90 16 15 68 81 78 58 65 2 99 44 92 42 7 30 4 24 62 3 51 58 67 5 63 54 42 45 48 87 12 52 51 23 70 11 54 0 53 94 41 82 84 57 65 39 83 67 3 6 2 38 68 44 65 66 10 40 78 57 61 36 39 71 95 92 90 88 16 75 78 15 50 72 53 3 12 27 47 59 10 75 72 57 60 78 16 0 6 83 6 12 72 72 14 62 13 5 84 40 94 43 38 28 24 95 29 44 41 5 55 30 19 65 27 13 97 17 42 31 3 85 44 76 28 98 50 44 7 88 23 44 47 47 60 43 34 0 92 22 48 49 44 64 31 65 51 8 65 25 46 16 89 72 38 35 39 59 38 36 7 96 7 61 24 3 16 63 22 91 23 63 12 8 25 45 81 94 29 91 37 41 72 9 56 92 31 56 59 6 46 56 54 71 64 97 57 73 27 95 94 63 
25 10 34 70 90 94 79 85 32 31 73 73 77 31 32 22 60 86 2 0 55 55 24 82 51 78 2 19 20 9 99 69 98 51 70 98 76 57 99 5 64 7 53 42 28 39 48 25 56 91 62 41 24 81 25 52 82 42 95 13 3 8 52 52 7 93 60 29 30 84 23 40 26 50 45 76 73 15 37 91 43 54 55 0 89 14 41 98 72 79 31 4 60 60 7 13 38 58 64 7 12 89 29 34 41 74 32 6 37 12 39 97 10 67 23 94 66 70 87 91 94 92 24 44 24 33 50 44 46 17 61 83 27 18 5 20 65 74 55 73 55 15 26 81 71 10 52 78 48 61 52 96 50 33 36 28 34 95 10 24 8 22 85 49 54 49 9 26 79 93 6 93 7 71 9 3 72 11 20 13 38 31 92 0 3 5 56 56 79 42 15 93 34 74 22 6 21 96 95 99 62 25 97 20 54 95 70 15 17 46 89 70 53 24 35 80 78 94 20 42 90 75 29 16 59 59 13 26 69 66 61 80 18 81 60 17 31 69 23 23 73 8 76 58 87 85 77 72 94 31 55 64 7 88 88 13 79 74 82 24 77 3 5 32 15 81 46 22 54 72 89 62 68 67 48 97 46 52 49 67 31 0 38 46 86 10 27 27 55 3 8 53 9 14 28 44 14 69 29 44 84 16 92 54 90 84 31 10 46 34 25 49 65 65 2 21 60 38 91 59 6 11 25 76 70 5 65 28 38 33 63 34 23 77 55 12 92 96 63 29 49 40 7 28 69 39 97 60 72 62 56 36 80 8 83 94 78 51 62 51 40 10 29 85 90 99 76 39 85 89 9 27 29 4 72 29 6 84 59 8 10 12 2 7 54 60 87 86 96 88 25 73 62 54 22 28 78 58 21 99 
9 37 81 52 38 0 31 79 37 45 82 85 43 10 81 80 67 9 65 1 61 89 71 79 82 34 96 72 93 62 91 10 69 22 51 23 70 31 70 88 48 50 9 50 14 14 12 50 83 17 24 63 63 20 16 77 68 35 17 60 18 15 58 14 60 14 2 69 99 64 3 92 25 76 35 4 79 47 53 74 31 90 98 71 29 50 80 30 82 91 46 18 17 26 98 11 6 28 80 26 80 69 87 52 12 77 45 22 6 97 30 63 66 22 37 30 67 47 18 27 18 52 23 3 63 97 54 94 28 31 75 1 42 45 14 84 79 99 75 53 76 83 72 86 72 20 78 87 66 12 92 84 96 16 48 53 39 65 75 75 41 73 4 46 28 92 44 31 96 60 48 53 44 27 78 2 62 40 13 95 53 75 96 0 62 97 1 44 77 35 46 93 85 81 99 18 90 6 9 26 91 2 42 17 15 48 86 64 7 18 50 81 40 34 31 3 26 90 53 59 18 5 53 76 0 71 47 81 93 19 8 88 54 12 51 49 32 62 34 11 43 10 20 82 48 19 65 14 96 42 25 23 13 77 20 82 51 35 22 6 47 27 46 34 71 58 92 94 23 86 32 76 66 52 9 38 8 24 37 73 66 47 61 0 94 50 77 48 97 85 82 74 74 90 31 99 21 60 65 72 56 2 21 83 69 28 15 32 96 79 89 79 66 48 89 60 70 23 50 81 95 81 76 68 74 36 39 12 45 17 62 6 48 91 88 75 35 38 31 21 1 42 99 89 51 37 25 86 28 58 8 3 27 63 68 53 22 26 82 25 14 15 55 97 90 33 16 57 81 2 96 36 58 40 16 50 38 54 68 96 32 54 87 62 39 92 77 93 74 82 11 13 24 85 7 52 87 41 92 24 
45 49 44 13 75 65 24 99 38 91 76 19 27 3 27 67 3 38 77 31 98 98 79 9 35 44 67 84 21 25 10 93 1 61 21 34 76 37 11 67 59 20 23 86 99 69 4 14 86 59 58 47 71 28 43 4 0 18 67 17 18 63 60 7 13 99 29 81 30 16 0 4 33 61 2 42 51 76 97 90 52 89 33 35 52 62 60 79 2 88 63 78 86 97 42 99 7 80 90 50 48 86 20 87 25 19 60 2 24 16 88 40 89 85 34 88 73 18 93 5 18 14 63 35 39 69 90 93 37 95 12 74 87 71 68 82 58 80 67 55 8 81 95 99 86 48 45 45 83 54 41 79 50 77 58 2 39 85 7 36 55 87 57 93 50 55 9 49 84 77 41 64 70 95 75 28 85 29 38 15 37 53 71 53 0 99 65 92 61 19 32 64 67 50 71 90 49 91 50 67 52 95 91 2 90 78 51 74 33 27 68 53 39 98 24 70 64 58 16 0 54 10 10 42 51 91 24 86 8 61 94 77 69 0 9 81 57 87 21 14 95 28 16 17 1 75 72 98 28 8 31 56 81 94 21 54 70 1 2 12 32 50 52 6 71 42 75 84 74 40 79 12 73 27 78 7 84 31 95 94 78 91 50 32 50 7 13 12 89 86 46 37 36 39 69 43 23 15 89 72 86 91 94 23 90 72 38 65 23 82 40 42 26 61 32 9 14 85 5 46 95 1 15 72 76 74 97 32 20 69 2 12 51 90 38 91 67 59 31 68 35 8 57 82 78 56 23 7 99 28 54 19 8 82 91 2 25 5 20 72 14 63 55 45 71 55 51 22 55 0 15 42 11 89 0 40 4 63 89 21 52 4 53 41 40 17 72 87 98 74 26 24 22 77 40 50 29 68 77 41 
62 23 68 47 55 1 94 7 31 50 83 51 90 77 28 88 0 6 79 58 87 27 74 35 86 35 37 52 82 11 95 67 60 36 83 55 19 25 31 93 88 1 41 43 79 79 79 90 23 2 84 55 33 7 93 14 49 81 42 47 69 99 90 42 18 31 12 73 28 99 75 98 58 16 58 42 26 7 8 64 74 35 47 59 50 22 47 56 40 71 74 2 2 76 14 62 27 17 23 21 21 68 93 51 21 11 43 75 55 23 85 57 43 22 80 26 69 47 72 18 89 81 7 30 78 21 23 88 80 16 71 56 50 5 86 68 89 50 29 72 63 20 52 2 52 95 82 16 59 24 4 75 87 31 95 82 32 80 45 96 59 1 65 46 76 16 94 20 31 81 34 69 61 27 87 94 49 99 70 99 6 24 19 32 51 93 19 83 48 60 39 93 78 25 2 94 38 75 61 40 46 32 94 15 37 2 3 47 77 96 52 18 73 19 60 49 91 87 74 64 86 6 74 40 77 26 96 81 88 16 31 84 27 15 35 62 92 71 83 1 39 32 84 23 33 46 40 41 85 18 46 66 55 56 50 20 90 22 79 62 23 13 88 94 28 23 0 1 5 57 17 21 38 66 78 38 4 39 11 49 69 0 37 36 2 19 7 46 15 48 77 98 82 65 47 77 35 66 84 1 96 15 59 95 99 41 65 97 16 35 25 72 69 70 72 95 91 31 53 81 11 87 60 24 85 7 65 91 56 70 8 37 70 3 70 2 12 47 63 37 13 34 5 67 47 77 95 39 95 0 31 86 63 73 57 49 97 41 34 21 65 73 72 90 69 72 14 43 93 27 42 5 78 5 13 77 91 52 66 35 65 95 91 73 54 53 84 57 93 98 14 74 96 33 99 84 20 10 55 13 
88 1 58 18 43 74 43 7 11 42 5 60 66 82 83 49 24 91 5 71 57 42 36 83 45 88 67 14 56 69 64 61 3 41 25 43 84 11 28 53 53 45 79 97 36 67 96 75 46 67 76 23 57 5 2 3 66 92 38 84 27 65 47 30 41 35 70 10 90 42 36 62 20 4 45 71 97 48 18 38 50 41 68 51 2 47 82 15 49 16 61 71 56 82 10 17 31 19 44 95 24 65 74 47 13 14 43 13 13 91 44 15 99 25 42 0 79 32 49 22 69 44 4 63 12 36 34 46 63 45 16 83 30 39 16 3 59 53 73 96 58 95 40 41 46 11 78 25 89 21 47 53 71 44 91 83 45 8 35 28 23 13 42 62 96 23 8 22 78 12 79 64 54 24 68 41 77 75 8 52 74 4 55 60 90 32 62 64 13 44 28 68 27 7 66 63 23 79 99 54 55 31 32 4 64 5 1 30 99 42 52 81 56 74 59 18 22 8 12 81 88 57 71 93 82 92 15 91 22 98 5 65 68 2 86 45 1 4 11 81 88 50 13 21 39 24 9 60 95 52 90 47 84 24 86 88 92 14 7 57 50 68 13 87 92 97 15 54 84 44 41 58 13 88 53 20 97 72 94 9 62 96 96 86 31 23 2 96 21 38 8 14 6 13 85 37 24 37 48 72 13 89 37 48 65 29 82 69 88 12 42 14 70 84 18 89 65 96 83 82 98 77 7 90 70 53 43 59 30 92 96 14 0 95 13 64 72 91 65 65 16 94 81 46 32 13 32 96 36 17 28 70 42 89 48 16 30 44 88 20 33 47 65 73 66 86 90 5 51 44 54 43 55 8 42 2 50 57 29 49 42 96 43 75 37 88 55 68 59 70 52 77 53 39 5 76 46 55 88 0 
17 39 20 16 35 37 95 33 26 77 90 65 19 36 34 33 60 65 79 27 0 84 39 45 3 50 57 96 53 20 67 32 42 7 20 3 55 0 10 16 88 14 83 3 53 8 42 42 82 59 53 17 14 36 21 97 58 14 81 77 73 38 86 6 31 2 67 29 64 79 64 87 22 26 28 93 6 54 83 51 39 96 97 65 67 7 9 60 54 45 57 6 12 62 46 90 83 19 23 94 85 93 33 69 82 87 29 43 53 73 73 7 59 15 87 76 9 50 48 91 24 9 53 8 50 78 80 71 54 6 4 73 90 86 64 11 12 84 81 98 79 1 95 76 31 4 47 62 0 75 54 66 59 49 84 82 73 72 57 94 0 59 16 79 28 74 11 52 86 52 98 46 15 6 75 14 42 67 92 37 42 32 47 84 15 96 59 37 23 58 20 62 38 90 13 67 89 69 24 57 6 49 42 82 33 88 35 38 69 24 24 64 85 95 15 73 8 28 38 88 44 54 80 4 43 91 9 2 47 83 96 46 67 74 34 38 89 80 40 88 55 75 25 41 89 14 49 15 47 36 97 56 62 75 48 3 88 74 62 83 50 93 87 62 30 79 46 28 48 76 54 91 68 40 4 41 92 28 46 83 40 64 36 5 83 32 9 0 3 63 25 23 93 41 24 41 78 64 1 97 85 77 44 35 72 84 53 11 44 81 70 8 17 36 6 38 18 43 15 30 55 67 65 5 80 36 45 76 27 77 80 72 20 43 16 66 28 21 83 40 72 81 21 76 8 92 13 64 64 83 58 46 29 40 72 90 95 19 48 83 85 50 48 47 54 3 44 50 19 84 96 23 17 68 7 67 4 88 15 2 24 96 94 32 11 55 20 74 35 96 42 69 25 95 55 30 30 83 73 47 
97 18 74 61 30 46 31 50 21 60 21 77 82 94 54 55 80 69 6 96 71 73 3 99 42 44 69 98 36 77 51 6 3 53 90 65 71 23 7 17 40 65 62 20 30 49 72 12 76 48 10 5 87 52 7 60 33 74 20 39 73 8 25 34 76 67 68 52 48 67 81 87 0 69 92 8 9 5 46 22 36 14 36 20 16 39 5 33 16 43 15 12 84 67 53 96 48 86 55 14 82 82 2 64 38 25 77 84 70 34 16 26 55 65 35 38 97 1 83 86 9 97 17 50 61 44 89 12 80 20 13 14 0 36 25 18 84 34 78 37 74 9 60 59 25 55 17 59 82 73 27 46 24 58 11 28 5 94 26 61 95 92 28 93 11 29 40 99 96 78 35 63 27 0 53 78 98 47 76 58 67 89 30 29 99 4 1 95 27 5 96 80 9 78 69 94 1 62 5 23 62 23 48 97 83 44 10 63 59 25 25 87 97 48 52 81 36 53 74 74 51 61 31 28 2 97 28 42 36 97 85 27 28 47 97 48 38 78 16 21 79 17 32 35 23 14 24 95 62 79 76 94 13 82 99 22 79 59 81 60 24 36 44 70 72 16 17 99 30 68 91 81 67 71 16 2 46 51 48 98 2 5 33 27 94 52 7 70 44 47 59 85 83 5 86 38 65 9 1 43 49 16 27 94 18 47 51 91 73 87 94 35 7 30 30 16 85 55 96 71 91 65 44 93 83 2 15 72 72 50 89 75 91 21 15 73 60 89 31 15 92 86 35 77 25 8 35 46 23 39 78 13 78 66 74 99 99 54 6 38 20 19 77 36 30 14 57 85 81 25 1 93 3 41 15 18 29 42 36 76 54 84 37 77 24 16 70 59 20 52 73 60 65 72 13 38 56 93 47 87 
34 95 93 54 51 10 81 42 22 12 77 7 40 6 88 99 77 32 7 39 77 58 94 18 91 53 32 68 64 21 26 30 26 91 94 30 23 86 15 95 36 18 49 78 53 82 89 74 14 78 51 8 50 63 89 82 43 82 24 19 67 26 98 20 34 86 78 64 87 26 71 6 95 8 37 70 72 90 94 87 2 71 48 13 28 55 48 83 92 35 27 26 52 68 38 18 56 2 67 4 88 20 38 69 20 46 41 71 25 76 68 14 9 5 68 72 9 58 58 39 75 64 6 98 19 7 28 14 22 77 74 7 49 90 76 96 62 45 49 44 84 78 39 85 60 94 65 45 44 60 14 90 55 73 4 82 44 3 82 20 56 29 31 69 6 22 45 27 61 99 1 57 66 42 75 27 42 64 47 65 86 81 81 42 20 83 59 71 84 80 53 3 76 64 90 62 36 6 44 89 90 17 56 56 65 39 79 18 39 61 76 76 5 41 59 80 90 60 89 92 6 26 61 56 64 96 55 28 66 25 11 2 16 60 31 22 24 76 24 99 96 7 35 57 48 25 84 91 14 89 35 86 23 66 34 31 60 95 49 22 96 62 48 11 0 2 58 14 24 59 90 29 84 80 55 96 71 83 95 8 99 3 57 29 57 86 63 99 34 76 85 2 75 71 64 16 64 1 57 65 95 23 53 29 3 3 57 59 47 64 38 66 81 16 3 8 10 39 50 60 16 3 59 0 94 31 70 8 58 63 0 46 44 40 97 74 18 48 17 48 87 85 55 15 93 94 37 48 30 46 93 35 1 24 55 25 57 26 48 36 29 10 14 71 92 10 42 1 48 3 94 7 19 92 99 67 26 48 78 16 39 57 29 4 10 67 76 25 44 68 48 39 50 13 13 28 34 69 75 97 
13 40 2 21 80 99 54 23 36 6 35 53 75 90 1 2 22 12 80 87 84 69 24 14 88 91 27 43 78 81 57 47 93 43 39 49 85 17 75 75 71 47 64 6 86 27 19 58 49 51 9 8 80 9 66 48 75 46 9 85 44 14 16 23 97 48 26 56 94 57 88 38 44 65 45 0 94 50 29 87 31 96 60 23 81 65 66 86 36 97 99 97 65 32 84 88 92 7 71 50 80 65 87 21 90 67 42 95 73 38 49 34 65 3 81 9 81 11 58 64 22 76 20 28 16 64 29 27 42 84 30 78 90 80 5 51 46 45 42 62 2 7 97 31 82 48 76 86 86 56 5 73 81 31 85 69 17 40 54 87 8 64 51 61 88 78 10 53 71 39 83 78 10 65 61 65 70 88 32 77 48 77 78 30 89 62 59 50 1 53 36 1 41 9 65 94 46 99 38 3 57 37 87 26 68 92 39 84 46 93 27 47 25 44 82 74 83 50 24 75 79 32 51 28 58 33 57 46 81 83 64 36 20 80 35 67 92 64 90 25 57 53 87 3 59 31 61 6 62 21 20 25 7 68 47 53 33 98 99 61 88 66 33 12 73 18 22 0 74 89 13 52 43 70 61 57 70 40 59 77 18 20 5 52 50 20 8 80 8 82 83 22 76 88 25 84 91 56 66 62 23 43 77 48 73 62 84 99 84 9 59 36 76 43 22 15 87 78 21 8 79 43 21 21 96 49 56 24 42 11 5 36 22 30 22 90 78 99 46 23 43 73 78 50 15 99 34 15 6 65 76 25 40 27 8 88 44 17 14 63 59 49 96 75 0 90 87 46 46 63 17 29 34 99 73 80 15 78 90 95 12 68 99 8 49 25 66 96 96 97 87 58 97 56 47 43 95 96 86 3 
2 21 62 62 54 57 2 78 81 22 30 68 80 77 87 29 89 40 61 59 37 83 70 89 44 94 90 39 62 82 65 45 89 21 25 70 10 42 89 51 48 53 73 57 70 11 71 80 37 66 54 29 98 44 24 23 81 13 41 40 94 17 9 77 19 59 42 12 90 22 4 32 44 9 33 27 82 86 57 11 36 38 52 2 23 77 17 56 19 7 35 97 69 6 6 95 96 14 33 16 58 57 77 8 94 13 36 14 33 22 15 97 50 12 21 45 65 76 49 73 62 22 61 35 70 80 12 18 17 85 69 92 91 47 14 28 81 33 31 61 78 35 54 36 79 24 75 98 23 39 28 50 75 53 95 49 29 38 23 23 45 45 11 81 44 85 21 96 53 21 90 89 22 41 54 84 80 90 19 14 73 93 93 50 85 76 1 48 54 46 34 45 1 87 7 6 50 97 74 71 51 12 65 89 12 53 95 23 4 15 77 81 72 97 57 66 48 83 59 76 34 35 46 9 0 55 21 25 52 76 23 73 77 88 32 26 8 85 97 18 0 77 21 30 51 77 36 9 80 82 36 52 33 33 27 31 54 73 73 74 38 82 14 11 30 84 54 75 14 82 79 36 42 45 51 66 22 60 14 52 94 97 90 73 93 35 53 50 71 14 34 94 76 40 69 85 67 13 76 85 79 25 34 90 68 32 78 0 41 66 11 91 29 64 27 70 72 3 64 62 16 64 66 33 79 36 42 86 78 37 70 8 98 20 90 27 10 68 75 53 9 19 18 9 54 75 76 20 33 96 39 56 20 64 43 82 2 96 26 27 42 37 20 75 7 45 43 9 26 30 94 48 5 7 65 50 63 99 48 38 89 74 63 76 39 35 66 70 13 70 84 79 71 73 2 86 59 74 61 28 
38 51 11 23 54 50 78 15 83 54 81 49 94 94 53 25 94 76 87 0 25 48 14 7 70 58 43 55 13 17 79 65 98 70 54 15 54 37 94 28 63 9 93 48 18 78 30 96 96 38 41 53 96 81 86 95 38 82 56 63 9 9 7 92 12 46 70 42 24 82 49 4 53 81 93 40 37 83 21 5 53 91 21 44 29 53 69 54 35 86 41 69 67 26 19 36 90 89 28 92 17 70 82 48 92 36 5 37 10 29 85 91 69 50 72 70 69 47 39 84 86 31 86 38 80 68 96 50 32 22 48 28 39 85 70 24 52 56 77 90 69 5 89 54 9 11 24 27 10 81 76 11 74 88 95 9 91 6 21 45 96 85 70 19 69 76 26 83 30 39 9 60 30 93 66 15 33 89 25 58 55 34 24 16 43 76 63 96 85 10 12 54 76 98 22 44 67 89 32 5 20 63 52 46 50 15 88 22 59 82 81 76 53 22 2 6 70 37 36 19 25 47 59 68 55 33 15 20 38 6 40 55 9 59 47 89 64 85 27 42 5 65 82 36 95 21 31 10 86 22 12 40 19 50 87 36 82 74 19 75 97 70 40 29 46 35 18 4 20 21 94 36 14 35 38 35 53 80 35 83 91 99 76 24 87 17 92 30 59 25 52 4 36 92 22 6 9 87 13 48 10 38 71 23 91 66 43 8 11 5 6 35 74 20 36 18 62 13 38 13 28 70 19 52 95 50 84 27 69 55 28 81 39 16 40 44 2 51 14 0 94 41 76 2 21 85 79 35 51 2 61 74 17 73 48 94 23 19 88 23 27 31 82 74 55 66 54 31 9 30 54 94 9 64 8 10 83 10 23 34 11 45 32 20 85 87 82 23 16 7 3 15 78 55 81 4 16 2 69 7 
36 27 53 15 40 47 76 40 65 91 26 77 4 4 92 56 84 38 23 98 44 22 0 14 78 15 47 90 64 67 12 52 65 15 17 31 48 96 82 3 73 76 45 4 76 73 85 73 98 75 21 56 61 68 53 57 79 51 61 89 78 73 45 72 10 12 43 45 40 17 71 92 38 61 80 60 83 10 59 20 36 95 49 40 26 17 40 36 26 15 18 0 87 92 66 92 11 24 47 38 0 80 86 34 20 90 90 65 91 41 98 5 69 40 63 99 16 73 74 34 94 44 4 64 97 0 12 67 70 69 61 97 93 23 45 3 8 92 21 10 10 88 21 91 97 4 42 93 13 72 7 60 83 88 53 60 26 38 87 38 17 49 8 19 90 81 66 3 53 73 99 32 99 77 86 66 81 30 52 53 83 82 23 45 94 16 26 77 2 44 67 40 44 47 62 3 11 54 70 63 63 95 77 70 91 27 19 44 7 9 75 84 34 4 81 78 50 77 63 11 32 87 63 95 37 95 17 26 89 77 81 67 79 96 59 41 65 94 17 58 98 15 84 65 85 4 39 38 3 1 96 61 0 8 89 19 78 40 86 72 62 48 95 54 68 34 64 0 45 62 12 3 27 71 67 17 32 47 27 62 70 38 73 72 2 5 31 49 42 16 5 32 21 98 76 57 26 79 74 44 0 51 39 97 4 81 36 67 19 98 78 78 94 83 97 27 83 16 74 17 34 34 25 35 95 59 91 99 42 53 47 77 44 77 39 44 28 65 54 84 67 19 60 69 11 48 25 83 58 7 77 74 85 22 88 20 94 59 77 61 3 91 0 42 36 92 21 81 32 27 71 44 6 40 12 80 54 92 65 71 59 44 34 97 23 56 20 68 5 27 74 78 21 81 69 92 9 44 63 28 
71 19 89 62 51 88 76 6 18 61 13 32 63 58 7 21 36 33 66 30 96 89 94 47 5 55 10 18 49 13 45 96 97 73 65 26 51 23 98 40 23 46 17 10 88 80 98 39 41 23 26 67 76 38 49 52 21 97 63 21 47 48 21 25 26 10 74 38 44 36 59 61 21 55 44 92 69 40 41 31 49 87 20 47 68 66 22 68 72 39 23 8 39 59 45 9 67 56 14 31 5 21 43 74 57 12 20 7 79 33 44 4 32 97 19 77 73 98 99 96 47 97 7 92 10 91 75 98 55 28 31 88 91 33 38 74 2 21 15 86 76 19 17 23 27 10 16 73 1 88 70 59 0 99 47 97 51 57 37 36 22 91 63 90 37 28 35 14 61 39 58 6 91 58 70 39 93 28 55 92 10 62 27 38 14 25 99 82 2 95 95 20 97 55 96 68 87 94 28 70 92 0 96 50 69 42 89 0 90 5 36 30 68 70 32 72 97 72 71 83 48 83 87 9 31 82 38 20 65 19 47 41 89 25 99 7 32 63 56 40 35 11 75 58 53 34 52 90 90 46 86 13 48 28 12 84 76 14 87 55 40 88 61 20 72 51 85 8 15 9 60 53 43 96 80 21 91 73 86 43 24 76 29 88 42 1 13 49 9 13 54 52 27 19 69 54 51 56 95 90 27 5 60 19 54 95 70 71 17 71 75 44 95 3 32 0 83 76 31 31 1 18 42 3 15 97 17 16 4 46 89 65 62 69 18 83 5 56 94 99 12 43 91 25 24 17 47 11 97 88 46 19 88 53 36 70 74 39 75 33 67 31 47 52 87 90 64 40 95 10 80 73 67 75 82 45 30 92 82 32 95 41 10 20 62 58 12 22 86 91 60 94 70 77 1 44 46 21 67 80 
48 39 80 66 86 46 60 53 57 83 96 5 26 71 6 3 84 20 29 38 11 2 20 11 7 98 38 40 68 76 31 48 84 38 30 62 17 36 8 88 46 25 35 86 56 10 24 60 69 77 69 36 83 53 7 15 34 88 63 81 52 77 96 14 56 19 53 12 21 93 15 79 32 8 97 37 92 94 90 38 98 17 30 40 20 87 77 34 97 58 68 50 46 71 6 6 71 10 58 81 33 94 5 82 79 99 35 23 87 87 33 41 78 6 65 51 82 15 21 50 10 68 1 68 11 73 8 8 2 20 77 4 6 81 38 40 75 82 89 22 39 54 16 2 77 61 14 9 39 83 68 68 8 26 58 31 82 29 51 95 48 7 90 26 99 99 10 21 45 25 14 18 26 57 9 41 95 82 37 93 77 98 83 55 28 92 58 42 75 22 23 31 5 44 69 31 16 56 20 18 32 76 92 99 68 25 50 33 89 53 46 92 55 68 67 29 29 70 7 78 82 60 12 41 93 91 33 42 41 93 73 83 81 31 53 64 95 55 81 15 14 71 4 1 14 1 91 70 3 52 95 58 76 23 46 5 1 85 28 59 71 16 73 87 27 74 14 17 53 5 44 47 50 14 0 89 69 1 30 47 98 6 99 7 40 19 52 26 4 12 12 24 45 63 96 95 70 65 47 71 98 69 20 75 42 80 70 68 52 40 27 52 31 89 18 56 35 92 63 33 78 78 34 46 15 40 22 62 70 49 75 78 28 37 60 42 93 11 6 17 67 90 63 36 73 67 70 46 32 14 15 77 92 33 97 16 42 81 67 1 48 20 44 65 57 67 86 78 35 69 20 64 35 51 54 8 60 93 89 56 15 93 80 3 41 15 55 60 68 25 46 80 55 88 48 33 5 82 20 4 
65 29 43 74 19 27 56 63 57 68 68 43 80 33 66 42 17 71 82 46 80 36 84 62 67 43 72 89 42 70 87 99 38 82 25 19 59 51 88 26 55 74 83 67 68 43 84 87 41 0 39 87 39 49 37 27 57 27 20 50 46 18 87 32 2 2 4 10 76 89 80 8 74 77 30 63 30 21 16 18 59 52 6 94 23 30 69 21 60 62 47 35 8 12 16 30 38 80 5 36 1 75 26 46 95 23 25 8 62 5 12 6 82 90 19 97 51 78 7 5 4 54 31 45 97 39 45 10 85 84 35 57 42 35 27 36 29 10 39 85 5 97 61 15 47 94 62 89 56 21 89 38 14 90 98 48 28 15 80 79 11 38 28 8 88 71 83 93 12 81 93 19 46 31 19 31 52 92 42 44 45 24 49 66 73 5 1 23 89 24 95 38 12 10 30 97 2 73 1 61 45 32 63 73 49 37 13 63 92 28 20 74 74 13 96 93 29 21 40 87 20 47 3 7 81 84 14 41 64 7 23 6 18 39 45 88 55 49 41 82 88 94 76 99 7 49 6 12 22 37 71 99 34 66 52 33 69 96 68 96 27 64 27 49 26 62 87 8 19 30 69 10 90 99 74 78 25 92 59 11 57 69 2 92 58 94 93 53 56 95 68 93 90 35 94 73 14 73 56 88 73 44 66 31 76 1 2 79 15 35 38 97 29 17 60 41 28 44 84 94 87 79 10 37 33 14 76 48 96 96 78 21 25 19 40 50 86 73 64 79 77 0 64 70 99 61 62 59 29 26 79 77 29 97 41 39 45 24 60 2 11 39 55 74 32 47 98 99 55 72 51 58 24 44 57 88 54 33 8 2 52 85 7 73 15 78 98 20 92 85 72 88 28 54 52 56 25 24 22 97 
43 32 44 39 11 56 45 64 74 46 54 97 37 30 32 19 71 0 37 3 21 21 38 50 73 45 16 50 17 6 58 57 74 43 7 19 6 23 56 37 71 58 72 48 1 68 53 3 19 93 98 25 89 84 87 87 8 33 13 13 63 53 27 46 36 71 92 69 90 32 89 37 50 14 89 64 71 6 44 40 43 31 9 58 30 63 55 55 49 52 97 40 95 21 17 25 74 70 2 34 54 1 46 48 42 43 86 65 55 86 75 34 17 76 85 53 59 72 46 72 10 51 77 4 61 98 20 9 32 39 62 65 98 49 97 15 11 15 31 6 70 43 23 14 83 67 27 63 0 32 64 76 1 31 77 49 50 73 95 75 8 61 85 23 71 60 19 6 10 92 8 20 11 17 4 32 40 96 55 19 22 24 52 95 26 6 45 94 97 64 43 51 4 34 65 72 31 13 56 44 26 44 93 47 86 76 30 0 17 34 77 58 8 62 91 50 79 42 81 32 82 60 65 28 79 5 86 55 17 26 87 46 35 93 77 98 47 56 56 48 5 71 53 23 14 64 29 52 22 18 68 30 62 10 95 50 86 2 22 84 74 46 98 51 46 78 74 29 91 25 72 39 20 78 63 99 81 40 54 3 78 94 15 29 8 33 77 55 40 73 91 17 96 18 75 88 26 50 14 33 61 47 0 51 10 71 38 14 88 36 86 92 60 81 14 8 0 8 21 68 53 10 7 47 22 52 11 44 39 79 18 14 42 58 5 56 16 22 35 31 63 30 16 37 79 9 77 92 63 21 5 44 29 89 64 45 0 93 30 0 77 84 58 11 64 18 51 20 5 80 58 90 79 32 41 46 75 17 68 77 68 83 82 53 1 3 11 89 59 85 95 88 57 29 57 77 73 95 73 28 
78 79 67 73 51 17 25 46 81 97 6 98 63 73 36 31 32 58 51 27 2 69 76 35 30 30 29 0 89 82 77 59 57 32 5 1 39 61 36 62 23 21 97 31 40 73 91 99 11 79 42 20 50 51 71 90 69 87 4 11 43 73 1 46 32 40 42 37 51 36 46 70 96 81 63 98 8 90 7 73 20 71 22 0 93 72 57 28 13 45 67 82 79 30 58 16 83 81 60 47 72 82 94 5 45 14 17 20 46 36 79 20 73 20 88 38 73 5 74 78 26 34 22 58 85 11 96 51 52 17 64 43 29 71 94 95 88 38 22 0 83 19 73 5 46 32 56 83 78 53 2 31 68 63 92 27 97 42 31 59 45 26 14 42 63 39 56 58 96 58 64 8 58 48 23 79 5 89 94 86 98 51 88 64 28 96 91 80 24 46 50 69 30 70 53 36 93 54 65 31 5 91 45 24 55 61 2 51 80 97 21 12 79 37 86 80 21 74 13 18 58 78 10 37 97 55 15 20 15 88 8 49 80 71 22 5 2 63 85 20 30 2 47 60 72 78 82 41 27 87 75 84 65 96 71 42 4 7 14 3 37 6 75 65 12 16 39 79 40 26 18 79 44 38 98 7 6 74 37 28 51 13 81 91 91 51 97 53 2 1 55 96 80 74 92 62 21 20 92 45 20 23 79 8 65 88 55 37 92 24 43 51 60 70 54 30 27 31 20 61 36 25 30 88 7 58 89 74 56 69 65 16 6 84 89 46 5 48 18 73 82 26 31 10 82 68 4 30 42 20 8 87 45 83 15 70 94 88 64 61 24 21 93 7 39 83 68 54 69 62 42 80 40 11 3 92 42 90 25 63 83 70 68 2 97 31 73 79 62 94 53 76 65 58 97 43 70 82 72 87 
19 62 33 29 11 8 97 78 59 76 2 4 74 65 41 7 57 37 54 91 10 38 62 95 11 7 89 55 31 51 28 22 54 56 49 33 82 43 18 72 77 41 35 74 51 17 75 90 47 53 28 53 14 50 65 81 23 44 97 48 99 53 2 26 91 4 71 79 86 13 10 1 72 91 48 96 99 10 82 98 53 47 52 89 63 53 44 27 89 61 69 70 93 51 92 24 48 82 99 92 66 42 20 85 81 5 81 39 73 25 81 68 59 67 65 32 23 43 9 44 59 66 72 72 77 11 35 31 72 15 85 7 78 23 98 65 35 83 97 42 81 4 62 59 4 14 1 50 73 7 49 73 79 15 64 14 63 24 3 88 99 41 68 2 22 46 30 9 91 74 9 18 36 29 15 92 24 34 6 91 34 71 47 74 88 48 83 66 72 54 40 59 98 81 5 54 79 68 37 72 72 8 53 59 33 6 33 74 87 24 82 5 76 58 65 98 54 53 26 1 35 93 25 63 32 44 76 89 68 10 15 71 58 62 49 56 76 81 48 38 18 65 51 87 42 88 61 89 6 67 72 38 33 33 39 13 25 44 81 3 61 95 24 9 93 0 73 13 18 60 28 76 72 47 21 3 57 50 0 16 3 8 55 31 85 98 2 76 62 55 68 67 34 6 95 15 82 31 16 75 50 85 40 67 97 84 54 61 23 94 82 67 62 45 97 44 27 45 2 81 90 60 45 58 80 65 98 9 92 81 59 26 48 95 61 15 6 67 65 11 87 41 43 25 97 63 3 14 3 96 31 75 49 58 99 64 3 23 71 2 83 59 38 21 29 61 0 18 69 4 85 38 38 39 90 63 18 60 69 89 38 72 84 99 12 99 43 8 45 28 23 27 12 22 37 29 88 21 34 25 
89 50 39 9 82 73 33 9 61 18 39 84 67 94 91 21 74 82 9 58 4 96 29 75 62 77 96 54 65 78 50 83 59 15 31 25 66 57 18 50 24 67 81 60 34 80 22 92 95 19 45 87 79 10 7 62 45 43 42 43 48 0 31 90 5 18 57 65 14 41 94 62 65 21 78 84 0 48 78 61 95 74 23 43 55 17 71 62 2 94 21 48 66 55 0 38 42 31 60 79 99 67 81 82 7 43 39 97 32 16 3 95 91 59 98 49 55 94 11 37 35 49 99 66 26 75 50 76 19 38 77 27 68 17 98 2 99 41 56 14 46 34 4 23 26 34 47 66 19 54 49 39 7 8 93 65 85 28 77 76 75 43 61 74 49 34 7 69 52 43 73 56 99 80 31 28 73 7 34 97 95 41 46 17 75 91 43 52 70 43 77 1 14 95 81 28 46 29 2 92 2 93 90 87 62 40 66 87 30 6 7 87 44 31 65 3 61 98 40 12 93 50 86 3 32 28 68 36 76 76 80 66 85 79 90 42 51 89 94 31 28 72 70 20 73 33 40 56 76 9 98 1 6 46 75 96 22 91 97 51 35 86 77 80 62 9 47 65 59 7 7 17 52 91 42 87 98 53 37 60 65 24 79 49 78 92 53 14 71 80 67 36 61 95 65 14 56 71 51 10 56 38 96 57 56 72 69 52 80 65 33 57 30 55 36 31 16 14 64 81 27 76 99 28 4 79 15 67 20 5 47 98 61 26 59 90 19 36 77 57 94 7 68 76 38 98 5 21 12 38 20 14 67 9 97 35 27 74 40 99 97 31 30 32 99 79 58 45 13 17 15 47 56 17 90 72 14 33 77 76 63 22 9 20 62 21 53 8 70 52 21 63 63 18 54 50 44 37 66 5 
43 69 50 77 63 97 10 91 80 53 30 87 16 92 46 64 44 75 43 71 54 81 71 99 86 16 21 64 79 40 51 15 4 95 72 8 90 53 17 69 87 32 94 55 59 35 25 66 42 10 34 89 6 98 49 70 31 26 88 31 32 97 57 6 88 74 87 43 89 48 32 67 11 64 86 87 60 39 72 5 43 20 76 70 3 33 42 33 89 65 99 79 12 74 95 3 79 76 24 24 89 86 77 1 93 87 42 68 0 60 48 18 99 12 71 57 95 55 9 68 12 31 18 75 70 44 78 90 62 48 95 99 0 63 16 14 32 27 85 17 34 49 88 96 22 74 80 71 16 97 47 77 85 6 25 96 34 44 94 34 12 54 36 61 77 11 47 71 24 86 93 67 67 60 94 92 17 78 42 7 74 21 88 55 47 85 59 93 81 72 27 68 66 38 99 74 49 62 68 27 26 22 60 54 10 76 4 46 55 44 91 66 23 25 36 20 38 12 73 23 62 66 69 43 55 64 23 9 94 44 53 63 24 2 35 21 55 14 95 57 97 76 9 24 29 35 95 81 22 50 79 17 41 21 48 4 7 76 37 79 31 85 40 82 97 78 22 21 6 56 11 45 34 26 65 96 68 49 72 1 96 41 37 48 95 4 91 18 10 98 86 4 28 45 5 45 86 18 41 45 44 15 36 59 18 26 83 7 94 58 48 41 79 44 63 28 43 45 35 78 81 74 67 42 30 52 98 40 29 38 36 62 28 39 86 3 65 60 71 52 77 22 71 44 24 35 92 44 17 7 48 31 99 61 3 64 56 31 66 74 21 6 66 43 31 41 48 36 16 28 25 4 24 96 57 51 74 2 46 88 62 86 70 19 37 65 65 76 75 4 96 80 23 34 80 37 99 31 83 11 
74 43 60 74 28 42 30 21 1 17 99 98 96 42 77 35 93 75 44 95 65 29 77 81 21 86 46 99 94 19 83 4 71 35 13 15 88 79 45 43 9 5 12 11 22 35 80 37 65 96 53 8 16 60 69 26 98 10 52 23 56 83 80 45 68 50 4 86 84 95 64 57 59 64 64 82 49 57 65 69 77 14 56 47 64 19 32 86 63 31 6 46 31 29 74 61 52 14 9 56 4 79 17 98 42 51 93 97 67 64 46 98 47 31 5 18 19 92 1 58 22 95 67 78 85 31 68 30 71 41 56 97 85 49 37 91 10 67 17 20 43 48 15 53 21 66 71 95 7 65 9 94 6 59 48 71 21 63 4 93 6 86 24 92 42 90 28 15 12 94 9 88 89 65 62 82 10 18 12 98 63 89 29 69 11 0 85 80 60 96 56 41 60 92 50 30 64 86 97 11 87 66 65 49 62 68 50 92 15 37 38 88 36 48 34 19 94 8 30 6 29 34 73 31 33 17 86 6 53 22 54 74 7 97 29 86 29 43 42 15 67 54 14 97 17 90 71 69 70 89 91 21 68 13 34 70 90 0 40 25 59 76 9 25 37 85 1 92 39 12 7 72 26 17 55 64 74 63 19 67 19 66 24 72 30 69 29 27 17 61 40 30 42 98 47 8 68 76 0 2 14 57 81 11 13 54 35 5 91 47 29 20 81 74 44 43 45 2 12 25 69 4 66 74 36 34 19 90 56 68 67 21 24 64 72 67 42 45 40 10 61 90 22 57 25 35 16 99 23 80 9 81 23 17 81 49 59 62 83 64 50 68 26 32 84 79 91 1 60 82 16 72 55 68 22 66 15 16 92 8 16 99 13 99 89 0 42 18 70 29 62 45 93 4 57 24 87 88 84 96 
68 9 57 62 54 25 89 90 73 37 12 9 55 59 59 10 34 5 21 57 42 74 51 6 57 52 24 93 0 2 1 29 68 18 48 90 20 5 19 65 53 62 99 23 84 57 14 67 90 65 42 48 90 43 15 46 42 36 78 42 75 1 63 32 55 17 88 40 60 17 11 84 70 75 67 69 55 87 81 13 82 94 52 8 42 75 90 18 45 96 61 47 37 29 26 92 85 95 3 5 55 99 71 63 33 40 46 48 69 10 38 85 65 89 17 4 39 78 11 33 21 88 27 94 57 65 13 25 75 90 67 49 67 93 69 77 12 37 21 64 1 23 27 42 52 67 55 34 64 24 56 28 55 48 21 40 19 20 58 36 72 92 73 11 71 69 14 55 5 94 96 60 43 48 60 65 53 54 71 42 45 85 99 31 25 1 42 20 83 67 23 85 48 35 73 40 51 1 85 52 8 60 94 93 92 79 59 30 74 28 89 81 90 97 89 21 74 45 40 72 22 47 77 23 40 41 67 87 35 55 0 49 72 57 61 86 95 71 75 64 47 83 56 7 52 64 42 43 3 33 85 76 87 68 28 95 11 8 74 17 32 37 41 14 17 62 59 76 72 15 63 91 98 61 34 51 26 55 46 60 42 66 34 21 6 34 48 1 85 22 72 29 62 46 97 74 51 36 5 34 28 33 20 56 53 21 9 85 20 68 89 61 18 26 31 67 20 18 16 96 83 14 19 0 87 82 60 14 15 18 3 45 5 44 6 63 91 35 18 91 55 36 98 93 15 79 72 17 12 22 82 96 20 0 64 14 17 45 58 41 44 31 9 64 98 36 89 4 29 26 17 87 62 28 2 25 50 3 73 48 15 83 60 6 36 76 39 94 71 31 55 87 30 13 66 88 72 93 4 93 
70 0 18 69 49 70 69 85 97 32 37 43 99 34 7 90 71 22 99 5 82 40 18 42 33 51 3 53 9 99 56 77 50 44 48 70 5 28 99 24 63 9 53 91 54 77 78 99 22 66 50 50 93 32 52 20 38 16 36 38 0 38 90 18 65 94 29 65 93 64 31 18 45 94 97 59 43 78 35 46 84 20 18 78 56 3 29 89 25 26 33 60 82 26 48 4 8 35 59 39 57 4 75 65 5 99 97 52 75 0 8 62 46 8 84 40 71 81 61 14 32 16 18 46 69 44 46 17 62 33 95 48 22 11 41 22 98 48 37 50 69 43 31 40 91 6 80 29 51 90 60 11 33 2 99 61 55 70 70 26 76 73 81 55 83 41 46 4 41 81 16 4 25 66 6 32 95 6 58 48 83 91 9 55 23 16 35 80 44 85 74 94 24 87 12 65 88 86 6 81 45 90 24 42 52 35 73 73 66 81 89 38 35 38 30 14 95 74 43 16 18 34 84 2 44 88 37 89 25 70 77 81 50 47 35 34 73 9 74 95 37 85 2 47 52 25 9 46 35 4 23 24 3 91 58 29 36 6 25 48 95 49 14 57 24 40 10 85 52 80 56 20 39 24 5 98 89 70 39 28 61 55 31 33 7 2 29 73 22 55 30 2 77 43 47 85 64 5 28 14 1 76 34 25 28 16 66 88 82 63 83 71 81 85 7 47 76 5 28 58 28 61 61 82 96 8 38 32 25 63 27 43 9 86 93 13 57 31 1 88 12 22 7 65 34 39 10 41 8 78 29 65 2 34 45 64 19 28 56 91 95 48 57 0 11 32 89 41 5 87 50 75 66 1 45 66 52 10 21 0 43 24 70 98 86 0 32 97 26 55 68 73 87 9 27 26 52 39 13 96 
12 86 68 37 16 51 70 83 63 72 8 15 63 15 28 20 54 69 20 69 41 41 84 19 76 47 97 65 86 59 27 84 18 7 0 29 42 88 22 52 24 51 91 51 66 22 83 16 41 96 98 43 69 35 10 92 98 76 47 36 51 49 29 33 52 18 78 87 37 60 13 28 18 17 42 48 91 83 51 61 40 21 74 24 57 51 95 45 86 30 9 64 95 91 52 36 42 31 18 52 69 51 23 96 25 60 21 85 59 97 51 60 10 64 40 88 97 71 87 22 99 84 34 16 4 71 36 5 6 42 24 4 20 73 71 27 17 19 7 14 65 0 5 0 99 65 43 86 94 41 6 58 57 70 31 1 84 7 53 7 94 63 51 98 52 38 42 50 63 77 65 0 17 92 39 98 24 8 16 10 63 7 40 77 77 63 24 98 51 81 47 71 17 22 44 31 32 58 96 88 94 72 83 43 3 38 82 26 23 61 80 61 96 12 12 96 2 25 93 32 59 8 65 48 79 27 99 70 80 45 57 18 67 55 97 18 88 68 98 15 34 44 72 11 66 67 88 23 72 63 70 31 82 67 24 79 81 38 64 28 21 39 57 8 69 58 66 10 47 79 90 50 53 21 55 75 24 82 30 86 51 37 38 30 99 8 76 32 50 95 43 89 94 53 27 85 12 97 36 6 0 36 28 42 39 9 72 6 62 96 6 39 72 51 3 41 7 6 13 26 11 23 91 76 52 89 4 98 8 4 37 39 48 97 54 28 80 70 22 35 20 17 90 97 54 97 23 50 9 73 59 77 78 92 50 89 53 57 97 86 58 92 22 81 34 23 45 31 88 54 90 95 51 17 53 94 50 44 75 46 53 85 9 23 33 24 82 1 39 27 43 82 97 55 27 43 46 75 17 36 
44 19 16 65 82 36 6 55 6 46 90 64 35 50 64 57 16 21 68 60 93 37 25 73 50 74 43 78 85 44 49 83 15 47 56 95 22 74 30 99 28 40 54 74 28 12 92 34 29 37 43 17 48 57 90 72 3 41 16 45 62 17 67 67 37 28 90 6 86 71 9 98 88 11 69 60 47 8 65 59 34 38 29 37 75 57 57 83 10 33 72 81 33 88 25 12 35 40 49 0 74 60 63 86 81 57 24 7 57 44 59 3 59 10 32 52 94 4 47 97 47 40 32 57 67 44 16 96 99 74 83 49 26 75 15 17 98 96 99 11 28 25 50 88 54 84 49 73 2 98 20 66 52 4 64 90 43 37 4 20 48 69 62 32 95 49 59 3 94 26 54 7 14 88 53 94 1 76 24 16 42 71 68 99 27 47 24 3 49 55 21 47 23 15 11 2 12 47 21 17 82 29 41 72 79 35 53 62 43 81 93 38 66 87 22 60 68 43 55 93 57 50 70 91 2 19 73 86 53 67 70 50 40 31 27 89 61 67 38 88 85 13 76 71 6 46 52 72 97 11 54 96 80 6 57 28 16 65 46 21 39 39 42 55 40 82 69 15 82 53 64 55 58 67 44 86 39 40 60 16 0 87 69 23 9 39 24 91 98 57 12 47 69 58 40 8 44 73 43 49 38 56 26 44 22 88 27 96 20 33 87 96 24 22 36 58 81 65 16 0 3 47 40 15 51 51 42 72 50 16 45 96 39 43 54 55 33 34 35 20 14 85 9 71 10 54 11 63 42 32 81 70 51 36 54 14 10 12 90 40 77 35 23 68 71 44 14 78 8 14 68 19 63 88 74 61 61 30 2 36 54 52 38 69 90 74 98 7 76 0 1 23 10 70 76 20 33 90 75 64 
90 52 80 61 93 3 29 75 73 50 36 17 89 6 9 95 29 58 64 67 64 7 59 62 60 13 98 76 2 73 45 19 87 21 74 53 36 84 63 13 6 63 30 19 26 36 16 30 3 36 3 5 59 21 20 17 35 36 91 42 33 89 99 72 32 11 45 43 71 89 32 98 81 63 16 33 93 88 56 50 12 73 84 74 31 66 71 39 67 27 20 55 90 98 51 78 88 91 2 57 86 40 60 79 81 63 50 20 62 4 25 88 49 47 95 65 59 30 9 72 53 23 96 2 53 92 15 81 79 50 45 56 17 59 11 28 47 27 40 16 17 58 90 35 1 52 44 15 0 1 98 86 52 10 89 1 11 27 76 19 58 23 58 11 44 96 49 3 85 64 77 96 87 25 89 4 52 31 59 32 88 63 70 66 48 21 85 20 63 95 58 82 36 93 80 68 24 73 9 63 61 32 10 81 44 76 60 67 79 11 19 27 37 68 97 99 22 9 25 28 90 17 17 86 57 94 1 43 61 73 96 14 71 40 39 58 38 85 16 51 21 66 29 25 7 69 51 54 49 72 1 37 78 15 16 8 22 77 31 65 65 80 86 25 1 81 52 96 67 87 1 45 78 87 41 89 65 80 7 62 33 92 61 98 33 74 53 11 30 6 3 66 98 42 23 19 5 58 53 67 38 86 67 24 78 46 95 88 59 82 46 9 71 67 37 40 67 83 94 85 41 60 64 53 95 75 86 81 95 94 2 82 68 18 30 21 14 31 19 1 49 92 16 71 90 43 80 94 70 56 12 39 7 37 88 38 73 59 97 14 9 27 78 61 56 83 13 96 1 46 93 45 72 88 5 85 10 15 99 1 12 47 78 79 45 80 98 15 90 38 38 51 17 76 82 69 42 13 77 28 
88 43 48 12 10 16 1 43 48 27 86 44 9 70 6 33 66 85 33 9 85 60 70 43 14 77 98 38 46 76 82 25 46 26 73 69 58 87 27 92 14 39 85 44 15 7 74 17 7 61 26 91 71 33 17 3 61 46 98 11 1 68 28 48 47 11 40 88 85 76 80 41 47 27 28 97 72 73 99 6 3 66 25 3 46 70 78 67 41 19 73 5 82 54 14 21 87 98 41 51 77 61 92 85 80 15 34 74 59 12 2 64 46 41 33 65 13 41 51 26 70 76 5 43 9 60 82 51 91 36 55 11 25 49 63 81 43 43 41 15 37 4 36 84 28 42 72 34 56 23 6 28 56 49 20 22 83 84 2 75 82 87 16 99 6 80 97 5 23 67 39 78 45 93 64 46 98 42 52 42 4 57 16 51 4 18 7 82 79 84 55 85 4 0 74 48 35 26 37 60 73 91 41 48 63 55 80 85 71 95 66 96 64 77 57 57 45 79 34 34 21 54 53 95 38 72 34 37 40 59 25 6 39 35 10 28 55 98 18 98 51 71 30 9 20 93 73 66 40 44 60 63 42 84 48 16 19 77 88 48 97 83 43 60 27 4 64 24 26 98 44 68 43 56 80 68 1 4 47 27 75 6 95 64 85 32 59 42 47 77 47 6 23 35 40 30 9 80 73 48 91 27 99 40 42 84 35 2 50 13 33 7 36 75 69 69 74 21 43 62 51 15 45 42 49 81 36 79 79 32 94 89 83 57 22 13 40 6 37 78 83 90 49 67 67 41 67 88 46 38 28 55 18 14 28 96 84 22 22 32 31 9 71 43 4 61 27 12 58 54 80 73 32 66 88 91 38 46 57 3 76 5 42 90 32 48 37 14 78 26 23 33 17 9 32 77 77 41 60 85 
74 75 13 71 6 41 78 22 19 80 63 2 56 9 53 94 6 76 60 49 97 58 36 53 51 46 29 68 27 67 74 35 35 35 0 27 92 79 82 89 38 13 60 82 90 66 61 84 46 98 77 96 85 12 27 84 79 83 29 31 0 5 89 26 74 45 96 42 55 12 70 51 85 67 13 47 23 96 73 67 55 6 15 89 60 90 64 47 69 0 89 27 10 57 29 12 93 1 75 51 70 0 44 53 78 45 2 8 14 15 98 76 26 32 60 36 88 83 21 50 87 88 85 51 60 89 54 2 51 47 95 35 25 7 45 98 64 67 31 49 68 4 48 67 53 64 78 22 49 86 36 24 63 93 13 44 55 99 27 99 37 76 37 13 20 25 49 83 52 65 88 32 96 45 39 19 87 34 62 35 93 61 27 26 16 6 53 50 17 18 81 25 33 62 1 46 0 15 3 60 77 23 81 87 26 51 87 1 76 27 20 74 90 99 36 71 31 35 8 24 78 42 88 64 85 62 71 1 52 67 25 68 71 73 5 54 30 34 15 76 29 41 47 8 83 92 84 96 86 4 0 58 12 98 20 57 33 52 86 87 44 74 65 44 90 31 41 50 21 7 80 29 49 89 93 84 29 28 58 97 88 85 35 21 45 48 53 32 43 53 71 52 21 57 48 75 59 25 25 94 62 44 10 67 1 36 92 55 95 99 16 57 70 67 42 89 72 19 66 44 13 67 74 19 6 38 66 78 57 3 45 15 57 91 69 91 79 92 33 45 61 57 52 88 30 84 0 10 74 4 40 38 99 84 91 85 67 7 47 56 61 26 73 85 23 86 25 25 69 55 24 57 15 58 63 23 23 57 47 7 5 57 95 49 51 38 74 21 85 15 22 74 77 36 36 11 55 39 13 80 
91 31 60 63 94 54 49 54 37 55 33 44 99 71 87 70 19 47 95 4 15 13 97 48 3 26 15 46 93 21 74 64 51 50 23 80 77 97 14 60 85 60 67 58 4 66 40 84 43 78 77 53 61 23 6 25 35 41 78 45 53 4 53 38 91 83 11 96 24 4 29 50 42 74 41 29 39 98 49 0 93 47 97 29 36 24 26 69 95 67 45 9 32 60 28 54 10 90 81 74 4 89 8 83 12 43 3 8 76 88 12 14 99 85 87 96 67 68 33 74 33 46 20 78 5 56 47 24 5 7 73 51 96 37 93 48 92 65 85 87 59 86 63 49 56 6 31 97 22 35 10 21 97 1 99 63 57 30 32 78 99 57 47 39 29 29 1 89 41 86 6 68 13 46 39 49 17 73 65 77 17 5 7 17 57 99 25 52 51 82 37 79 8 46 14 53 69 76 52 41 15 36 39 25 9 82 48 20 65 98 44 59 45 58 10 23 51 62 31 38 63 10 55 37 80 58 11 21 70 57 33 61 31 58 76 70 59 80 1 19 8 73 81 40 9 6 12 30 74 93 37 93 77 15 14 60 56 95 23 8 23 18 38 32 95 12 29 28 23 87 44 1 86 10 4 55 62 25 37 12 19 76 15 56 94 61 14 46 71 74 88 22 33 34 61 95 50 74 98 95 38 15 27 72 32 34 61 81 94 60 84 73 37 75 56 44 89 44 55 12 58 95 66 42 83 80 67 13 61 68 66 38 20 79 71 64 41 51 24 70 79 49 51 39 8 42 6 48 83 61 8 5 39 74 71 57 1 66 56 7 90 34 7 37 27 89 64 34 69 18 80 45 69 1 8 91 44 41 95 33 6 38 82 58 4 8 65 62 28 99 68 56 60 28 43 9 65 92 65 30 
1 76 39 6 22 25 28 39 14 84 8 35 72 37 21 66 1 11 37 58 46 83 10 29 23 22 19 46 17 28 72 55 16 75 27 26 80 23 87 79 49 67 49 1 69 48 73 75 36 45 91 24 18 90 91 18 24 1 66 48 44 41 15 70 86 89 29 85 95 1 97 99 78 71 9 15 95 33 86 61 19 52 83 9 85 24 60 74 70 3 70 86 16 71 31 94 16 0 76 70 29 62 73 46 87 18 66 7 64 46 83 53 46 30 61 37 65 22 67 6 66 77 65 8 87 59 92 4 33 46 26 10 56 73 1 20 94 89 50 42 63 77 54 7 79 18 20 7 21 50 96 9 6 60 76 35 85 43 38 99 97 10 85 73 96 4 67 18 43 73 10 63 29 17 89 2 40 7 14 92 61 77 41 8 16 98 79 63 49 60 16 4 61 55 14 34 11 54 32 56 72 76 50 84 73 50 89 39 12 7 9 3 74 36 60 46 84 93 6 59 31 83 71 99 40 67 93 77 79 23 55 9 83 92 94 93 19 96 49 13 76 5 34 29 87 57 14 64 56 23 5 67 27 10 24 91 42 5 58 27 51 7 2 42 72 56 49 23 4 75 75 73 3 41 28 61 44 73 71 54 10 86 11 5 14 47 60 41 72 85 93 80 60 6 71 10 61 87 80 42 38 71 5 94 29 67 57 4 34 13 67 99 17 25 13 27 7 24 70 68 28 35 73 75 48 80 4 62 36 27 35 29 51 0 80 41 83 19 71 66 88 40 6 44 42 4 23 1 74 11 49 85 4 31 24 93 38 25 71 1 44 91 50 0 43 10 80 38 23 17 39 62 82 45 63 52 12 63 1 64 56 35 60 91 56 33 92 49 27 1 48 20 26 47 13 85 29 17 53 96 
35 61 17 48 5 26 83 48 83 30 63 95 71 63 36 79 67 18 9 8 61 69 85 7 85 11 68 13 69 34 19 20 67 67 81 90 24 38 51 79 72 45 76 84 22 57 13 64 81 40 29 70 27 51 97 69 17 51 6 27 67 39 29 37 26 36 27 57 15 9 80 82 89 32 30 20 82 12 31 19 38 8 91 74 61 8 35 39 82 79 12 73 40 77 76 32 16 78 70 64 2 59 61 52 76 95 99 73 41 88 34 8 39 11 18 4 72 61 24 8 1 27 18 71 79 93 88 80 69 27 79 61 54 80 17 10 33 90 76 19 30 13 33 18 79 51 91 18 19 64 56 25 89 40 80 54 24 93 29 14 14 25 42 40 14 92 75 64 91 21 76 74 30 79 10 94 50 18 74 9 34 75 59 93 90 12 38 22 92 23 67 26 2 70 35 38 75 15 0 13 38 41 33 92 59 42 51 71 37 78 19 84 34 77 32 41 41 88 19 18 78 54 69 27 49 36 18 95 4 69 24 18 62 48 69 40 88 26 45 42 19 17 29 52 6 57 76 56 9 61 4 95 54 57 13 57 35 17 6 58 13 6 19 58 76 63 21 20 94 88 83 90 4 2 30 68 86 33 0 83 23 37 26 8 73 74 5 46 65 88 32 16 62 11 56 6 87 19 53 45 35 46 27 24 97 48 32 22 90 88 74 54 69 10 38 90 61 8 26 43 7 36 53 0 88 98 13 57 67 94 41 98 10 89 7 8 61 21 32 14 43 38 10 60 1 82 47 49 97 27 60 95 19 71 6 47 70 17 36 32 81 22 21 7 67 38 92 29 56 68 82 86 80 31 58 18 30 79 12 96 94 35 58 32 95 80 54 0 36 14 6 43 20 82 76 6 99 7 86 0 
2 17 49 51 18 47 0 99 29 36 12 51 86 64 9 82 18 67 44 44 55 3 11 57 40 34 15 69 73 82 29 92 16 48 27 99 48 98 58 36 1 72 80 43 80 82 74 58 69 16 39 70 42 30 70 30 89 57 94 76 37 46 32 98 41 53 90 58 10 96 54 13 74 25 36 40 64 21 47 0 54 99 28 48 25 5 13 16 12 45 29 84 16 78 9 69 82 76 67 32 84 53 16 77 41 10 16 17 35 46 24 71 44 65 83 47 9 39 30 84 80 73 48 88 48 28 74 14 37 78 42 95 67 10 74 60 21 63 47 59 68 19 11 91 0 12 64 49 77 39 54 1 94 65 70 26 16 75 84 64 4 29 50 2 62 9 26 91 62 32 7 21 52 69 42 38 52 57 82 10 89 83 89 53 49 61 69 39 77 31 59 76 71 86 49 75 21 91 78 86 72 13 94 68 85 25 95 14 83 33 39 58 53 42 2 84 1 17 67 13 37 4 26 98 89 58 77 15 5 97 0 16 88 55 25 72 13 13 12 43 9 82 49 59 86 88 71 99 34 38 77 8 47 74 15 33 70 63 99 93 21 29 69 82 77 20 72 44 56 27 73 42 7 69 21 60 83 61 70 90 61 10 94 56 0 81 24 42 22 39 95 58 53 61 96 71 31 85 58 36 12 57 32 18 16 7 11 11 85 29 48 8 57 2 4 95 67 1 54 12 14 36 33 61 98 96 99 28 39 78 29 78 31 61 40 68 32 19 30 0 42 65 89 58 58 35 77 40 68 38 13 84 40 92 36 31 95 33 60 57 16 76 79 67 33 94 52 16 20 48 12 97 21 67 13 7 93 39 71 45 31 33 41 93 63 21 10 71 32 78 36 85 75 1 61 14 84 12 65 69 
67 88 71 3 27 4 8 44 21 32 59 39 61 56 81 28 32 57 49 90 74 94 51 60 54 31 43 65 34 2 7 0 57 78 12 33 14 77 1 80 94 12 8 89 45 44 19 73 97 15 2 72 92 81 33 28 87 84 49 44 70 50 78 68 34 6 95 40 13 48 89 20 97 61 1 39 79 2 1 63 33 59 1 72 10 71 46 50 37 70 54 80 97 75 13 90 39 12 60 19 0 83 4 92 37 73 37 7 4 60 84 63 45 1 33 22 56 60 57 85 61 40 87 13 93 29 18 42 75 48 38 4 96 44 50 79 50 62 9 83 39 56 24 24 64 1 40 96 43 12 39 10 10 98 1 50 85 92 3 19 3 18 47 3 32 61 63 89 73 87 58 63 48 52 48 59 50 39 12 3 58 87 96 0 64 95 93 43 74 17 45 13 82 74 89 33 52 28 18 23 97 60 77 56 40 50 21 67 27 7 30 98 34 13 40 13 32 1 22 22 10 14 59 69 96 16 53 18 44 39 96 5 10 5 85 37 70 45 44 9 76 13 62 75 45 83 83 1 80 31 95 16 52 0 31 59 61 28 83 21 9 85 45 47 96 30 48 64 34 1 83 65 44 50 24 66 85 55 76 74 11 17 7 0 36 52 83 42 18 75 38 47 59 58 81 19 36 59 24 94 44 46 46 74 36 88 55 48 18 86 5 65 46 76 39 88 79 48 5 71 70 71 72 75 80 14 60 52 33 64 83 97 21 8 43 68 18 84 16 69 54 33 92 64 75 2 27 0 76 33 91 22 17 45 15 22 42 9 5 32 24 65 22 13 32 11 53 0 88 43 84 20 87 18 62 19 45 8 23 1 63 48 6 25 52 78 92 52 56 99 78 0 4 35 88 94 86 83 91 50 
70 83 24 62 17 95 46 2 0 22 71 27 25 36 81 39 62 96 11 60 46 36 41 23 97 24 83 26 74 48 10 17 46 42 55 66 22 51 42 40 13 89 94 85 57 68 58 78 63 77 99 90 49 8 63 25 55 1 57 8 28 94 30 98 34 71 48 45 60 69 16 21 47 67 41 28 63 86 7 47 0 80 38 91 76 31 11 24 59 19 56 78 28 13 78 73 73 1 26 50 3 71 77 22 66 65 81 79 32 29 5 41 44 45 94 51 88 26 63 21 52 72 1 81 31 90 48 17 68 50 34 74 93 4 97 11 59 40 63 39 55 65 32 45 31 63 88 33 51 71 57 83 34 14 75 68 4 47 38 26 14 49 4 85 60 52 56 11 9 99 30 11 76 66 4 2 54 40 96 74 15 52 43 60 6 39 77 31 95 1 49 25 39 46 84 86 71 95 66 71 28 29 41 12 11 32 40 81 71 99 78 85 72 47 67 32 26 61 26 8 61 73 85 26 64 69 46 62 43 81 78 98 57 68 75 26 93 31 98 73 33 8 77 83 92 38 49 32 17 75 95 69 5 78 54 64 35 30 45 0 34 90 81 21 31 71 29 48 29 31 0 91 53 55 30 28 57 67 47 52 92 93 77 62 7 31 0 68 99 57 58 29 50 30 63 95 14 70 91 79 40 28 43 11 73 8 22 19 63 16 15 75 97 39 81 12 60 50 34 53 93 58 49 52 7 49 20 97 63 85 33 30 88 90 59 92 60 83 27 29 12 60 87 42 71 25 42 78 35 14 41 64 51 61 66 46 64 88 48 95 96 16 78 50 19 77 15 91 14 17 1 73 90 7 89 48 79 39 78 34 12 35 41 97 0 71 13 62 61 89 78 84 64 43 8 62 53 54 17 51 
92 20 26 4 88 64 26 82 52 57 27 53 19 92 58 11 64 46 9 25 82 26 48 77 72 34 17 63 21 47 39 73 81 93 0 17 15 41 33 24 10 67 79 57 93 63 16 50 92 23 68 35 88 37 64 17 94 33 58 93 67 50 26 16 30 49 8 17 54 41 20 73 5 5 79 34 85 91 78 19 99 91 80 63 86 64 35 1 61 36 3 63 47 89 90 97 81 50 91 79 1 4 29 89 18 95 58 20 56 84 77 82 57 20 30 90 60 41 72 16 65 55 7 25 61 90 50 56 40 6 2 52 28 35 9 26 88 38 34 85 77 51 82 54 3 96 17 3 7 42 93 43 63 19 16 41 86 76 60 56 6 11 56 64 24 32 76 21 19 84 77 44 0 30 62 48 32 86 31 63 34 97 80 49 70 34 92 76 82 2 42 85 40 75 83 10 48 0 50 41 40 2 77 19 85 94 96 96 4 73 78 6 61 80 22 31 30 62 20 73 79 58 57 24 65 89 1 63 45 39 54 39 78 41 43 2 41 47 59 21 4 59 20 75 84 86 79 37 84 73 68 14 91 63 33 41 29 93 48 70 65 82 14 66 17 99 74 99 19 62 34 3 47 23 70 18 12 51 79 10 99 25 28 87 77 5 38 96 13 43 13 84 42 95 28 20 6 58 17 83 15 5 38 51 41 29 63 28 32 71 50 47 35 56 75 89 38 68 7 71 56 11 39 32 84 40 93 65 56 45 43 41 70 78 59 93 26 89 18 69 77 10 95 39 85 88 70 91 53 4 14 9 26 49 92 83 77 15 45 50 3 8 73 26 71 15 21 80 99 67 74 44 22 96 83 99 32 24 66 71 82 61 65 76 19 29 54 81 87 82 23 87 48 6 20 73 14 50 83 25 
87 39 61 34 87 93 22 31 24 48 28 46 61 23 73 92 28 35 94 5 25 68 5 39 50 49 73 52 76 46 11 27 47 97 89 58 72 62 24 62 2 96 47 11 71 70 22 39 36 67 36 79 80 0 65 63 97 64 19 43 44 66 3 79 61 85 90 77 22 25 33 76 0 16 98 27 39 51 27 86 60 9 88 69 83 4 20 74 41 59 92 67 82 8 96 97 40 60 86 91 24 11 32 86 53 8 8 41 1 40 78 28 6 93 14 44 46 71 54 9 27 54 46 16 66 35 30 20 57 92 80 75 14 9 42 56 50 20 58 63 42 87 65 82 12 68 61 19 26 25 23 64 94 25 55 25 53 39 12 44 14 74 99 45 37 9 51 9 13 48 52 81 53 66 49 59 78 60 98 76 90 54 82 22 43 93 48 71 42 80 92 91 38 75 20 90 48 33 19 94 57 72 42 92 74 19 30 57 62 51 81 11 50 46 92 95 36 92 4 1 10 50 16 6 21 49 43 42 15 35 42 82 26 21 36 32 54 56 72 32 18 35 50 89 30 89 54 16 99 43 93 72 80 41 37 24 16 98 52 69 19 1 52 70 57 69 93 44 24 51 78 33 98 22 69 86 99 3 97 77 84 15 1 48 52 10 43 70 2 72 18 49 15 86 16 10 17 45 62 45 20 75 25 32 76 71 49 17 36 73 60 57 38 58 2 0 70 43 26 95 19 73 99 37 75 37 39 77 34 90 44 94 95 99 53 56 94 89 59 2 65 13 82 65 1 38 53 72 27 97 81 41 39 84 73 23 12 40 97 7 97 94 56 88 12 97 78 58 51 34 56 75 59 76 6 61 77 69 37 18 90 25 6 4 59 69 69 7 85 78 2 26 89 63 73 34 43 4 80 81 
44 13 41 2 29 11 45 32 66 49 21 95 39 45 35 73 38 40 39 98 62 63 65 47 58 52 54 13 8 20 47 26 60 46 13 27 35 28 15 90 93 92 88 6 99 43 5 28 65 29 18 76 59 11 40 77 9 32 78 77 72 81 34 84 19 37 51 39 50 45 68 68 46 92 79 56 37 69 91 4 55 12 64 28 37 34 13 46 77 25 78 53 42 87 98 4 1 38 86 25 53 36 28 26 39 28 87 96 69 73 3 30 16 85 87 19 99 76 41 74 26 30 6 78 71 3 71 58 79 53 39 22 72 51 50 47 86 92 21 44 88 2 87 21 88 24 16 84 62 82 84 6 80 99 66 27 90 59 49 9 24 98 50 2 12 61 31 36 22 60 16 32 97 3 29 22 40 53 67 0 52 94 6 46 60 32 85 17 43 52 67 78 65 74 11 44 56 46 3 24 84 56 23 97 76 90 11 97 63 80 75 51 75 21 38 49 45 77 9 3 50 46 31 8 29 95 33 37 32 77 66 32 31 20 13 15 54 42 93 69 82 62 98 96 83 4 85 67 80 34 32 18 44 2 15 36 68 58 18 44 81 96 60 39 87 8 11 5 1 35 33 50 79 37 10 0 2 81 87 74 32 15 75 98 68 78 96 17 30 12 16 66 17 10 56 46 4 24 61 24 68 13 61 82 4 95 4 70 74 58 84 99 1 16 42 58 10 36 22 72 60 83 32 47 38 56 68 49 27 57 27 71 48 16 75 54 61 2 32 50 83 41 56 1 15 82 88 14 39 67 77 5 29 85 90 2 84 4 74 95 63 41 60 87 47 88 77 57 84 80 94 98 23 64 87 22 27 7 27 96 66 58 80 47 69 8 69 91 42 55 59 61 16 61 97 20 16 1 40 28 
7 63 77 40 72 98 24 66 88 32 21 69 11 3 88 18 40 98 35 79 72 81 75 42 15 18 95 89 83 60 3 6 86 1 23 44 13 42 60 26 42 18 19 76 78 21 30 0 67 78 70 38 50 14 13 63 87 94 64 22 89 3 48 45 75 93 58 87 11 98 51 54 62 3 61 30 80 68 99 94 98 88 79 47 97 87 98 35 16 55 0 57 85 67 53 93 20 87 99 53 41 65 25 57 15 45 99 90 72 27 98 59 79 83 86 59 8 98 63 63 19 47 21 99 35 21 71 24 32 47 10 97 23 39 45 68 97 83 12 50 59 20 26 81 84 37 67 70 95 13 2 7 3 36 61 71 80 67 22 31 16 53 78 83 22 20 49 42 97 68 61 14 52 63 58 32 80 37 85 47 11 26 87 50 8 97 10 58 71 39 30 36 35 33 45 21 48 0 3 60 2 6 31 28 43 6 67 45 32 51 26 98 55 67 24 37 67 26 10 63 40 68 23 15 17 63 69 84 55 11 84 25 56 48 55 41 36 98 1 76 94 32 56 40 35 31 20 99 38 67 57 88 64 53 28 4 18 71 31 63 43 46 0 66 35 94 56 16 12 19 40 4 57 46 68 97 76 9 54 25 80 76 33 13 94 92 82 25 87 97 63 16 55 95 98 67 76 96 9 82 98 17 4 33 30 78 2 32 77 63 7 30 38 97 73 91 30 80 21 97 3 1 17 43 47 19 64 71 42 86 41 50 31 5 12 93 91 24 53 82 46 16 31 51 62 86 96 18 49 13 49 90 70 88 32 89 87 43 80 11 94 44 69 30 25 25 57 98 43 1 7 94 43 92 81 83 23 47 47 93 37 51 78 37 93 80 33 66 52 53 3 10 83 66 93 78 10 91 99 92 
18 3 62 53 1 79 47 47 22 4 18 25 29 54 51 57 63 83 1 65 65 75 61 85 93 1 1 91 90 41 2 76 77 12 75 18 31 33 55 51 21 25 25 97 2 82 53 94 40 47 97 83 62 27 82 3 32 75 1 5 15 53 34 37 71 86 22 58 26 74 38 62 46 31 67 98 46 23 0 54 77 78 76 91 56 63 29 65 41 97 84 63 79 33 30 60 20 71 94 81 85 22 28 5 49 88 97 60 60 37 84 59 17 58 41 66 70 70 40 86 51 64 99 14 89 87 0 13 33 57 9 98 56 94 29 27 8 81 92 18 56 44 61 93 72 21 15 27 40 63 85 80 90 46 15 17 98 22 18 91 49 54 33 70 31 8 81 69 69 11 10 52 59 33 59 65 11 18 79 99 46 28 73 44 83 37 81 5 65 6 65 83 36 85 19 88 79 13 27 90 32 24 95 48 4 90 77 39 97 45 93 18 49 80 48 72 77 7 40 17 66 43 56 96 54 22 43 93 47 26 12 47 95 86 85 31 35 69 48 70 22 50 77 55 84 67 57 12 52 14 83 98 54 1 77 67 28 21 65 60 95 25 52 16 20 8 62 68 13 84 44 70 42 29 67 27 32 1 86 3 17 61 89 4 23 16 18 84 9 18 64 42 28 92 35 32 27 54 0 0 5 57 5 76 74 94 18 53 88 30 21 10 71 67 59 94 51 52 4 30 78 1 73 31 93 5 12 52 30 99 25 42 59 34 42 16 25 5 75 30 88 98 19 85 46 2 77 37 90 77 31 77 74 70 13 58 50 42 81 95 43 5 81 16 68 33 69 6 68 38 34 61 48 18 40 7 98 17 83 76 39 19 63 22 33 9 22 32 40 46 64 97 1 47 2 50 35 97 0 89 
38 85 11 23 97 28 47 76 48 44 0 60 38 79 36 53 87 18 60 32 9 25 98 92 41 49 39 49 8 10 92 97 27 22 74 67 6 5 74 53 43 67 42 12 11 15 53 45 61 82 73 79 88 23 47 66 21 51 95 57 16 80 65 19 91 70 46 86 91 26 91 54 60 82 39 65 23 24 23 3 74 27 59 36 82 44 51 31 68 9 63 57 94 87 78 3 51 35 37 76 17 93 35 86 34 69 8 55 49 99 90 83 10 2 4 72 41 28 49 24 63 96 87 10 26 39 97 84 50 38 73 12 87 48 18 14 65 61 89 29 13 66 2 67 10 36 46 62 96 47 87 69 88 62 99 11 40 12 84 27 96 84 71 7 21 25 84 25 45 64 37 71 48 83 43 66 13 8 9 59 52 37 11 85 82 12 14 37 9 14 76 15 58 56 98 80 48 98 80 32 31 75 30 10 65 41 64 74 51 41 7 19 95 2 6 45 49 31 37 68 16 85 77 93 99 89 76 28 75 34 96 71 38 3 66 46 88 95 59 48 53 49 2 41 55 10 55 80 18 17 93 55 57 97 31 24 11 69 11 18 22 32 82 69 78 6 94 87 18 67 86 63 74 19 80 30 8 61 52 47 48 56 56 30 5 55 81 69 46 59 33 27 54 30 31 10 56 58 86 47 65 12 74 60 30 26 43 65 5 56 55 25 59 78 90 27 11 93 8 8 53 43 88 39 10 23 38 36 39 13 62 85 24 50 22 94 34 28 16 35 78 25 93 83 32 65 45 87 8 84 65 12 8 48 8 9 78 11 1 12 23 81 65 27 60 97 68 86 92 60 74 99 35 66 66 17 78 43 91 65 98 61 38 77 81 56 83 2 90 90 86 61 33 45 60 45 55 5 50 7 
7 46 51 58 33 9 42 78 33 62 50 46 39 59 83 93 38 30 83 25 23 24 99 61 20 77 96 85 0 26 77 26 40 86 61 24 67 84 29 38 30 81 64 33 26 41 30 97 38 11 6 55 64 73 46 52 28 28 38 96 99 72 61 63 49 32 73 76 49 50 98 35 63 76 61 28 68 41 73 96 5 93 26 79 46 98 36 27 1 0 13 72 1 60 50 65 89 21 79 38 67 34 31 54 55 39 91 79 20 22 81 80 88 17 12 90 79 25 16 6 76 8 28 13 29 36 96 69 4 99 87 44 22 30 42 78 55 78 89 71 46 79 90 29 66 43 83 92 85 47 4 96 48 20 42 59 24 77 54 2 71 99 25 27 57 61 47 45 41 85 42 0 23 10 72 20 44 8 77 88 32 53 18 97 78 48 4 57 32 32 82 17 61 37 8 2 97 83 36 15 20 96 59 65 38 42 3 13 88 2 20 98 98 33 15 35 85 25 18 27 15 7 6 21 71 42 73 54 73 88 0 9 60 67 68 43 59 99 62 31 64 30 57 43 73 77 87 55 85 61 68 34 45 80 90 15 95 92 76 10 33 28 98 35 58 35 49 49 62 41 67 51 60 45 20 19 25 71 30 64 54 17 98 46 72 57 4 23 87 49 89 36 65 91 27 28 37 86 69 72 72 61 68 8 62 82 93 65 0 69 7 24 65 74 99 74 90 16 15 24 30 56 76 41 74 97 23 44 50 21 81 44 20 45 86 31 84 92 15 26 56 90 23 19 17 86 21 67 7 60 66 22 1 72 16 72 71 31 54 33 75 25 62 0 19 50 48 99 2 77 76 86 28 17 15 62 70 98 94 84 5 61 98 82 7 39 10 85 49 75 27 33 22 28 70 88 59 32 48 57 
82 84 54 4 97 36 25 53 49 67 6 90 82 22 91 88 48 80 15 10 42 14 52 72 31 16 49 58 10 44 16 33 58 12 46 80 22 94 61 83 37 0 31 92 45 81 97 84 85 35 0 84 68 97 75 39 60 15 69 71 16 4 89 50 89 43 36 23 39 39 9 1 78 48 28 35 79 41 31 36 9 92 96 18 83 70 77 77 75 43 48 94 3 98 35 88 96 4 59 13 97 19 83 78 81 53 76 7 46 66 18 71 4 87 82 62 25 79 14 88 27 91 92 32 73 8 98 49 94 7 9 37 54 46 5 47 13 34 40 35 25 93 51 67 50 8 57 76 44 71 37 97 65 39 59 36 42 52 18 94 59 48 92 60 84 32 97 59 38 91 40 88 65 52 24 0 56 23 74 25 32 89 8 18 68 79 29 92 32 77 78 74 31 68 5 49 35 22 87 95 80 76 16 41 68 40 1 32 89 48 41 85 95 11 53 95 40 19 0 32 49 62 59 31 43 93 32 17 34 22 73 55 92 89 23 11 73 21 52 48 14 83 82 67 15 12 5 88 82 19 91 57 8 57 49 29 22 96 8 80 85 9 86 30 89 46 75 89 36 60 15 63 89 13 8 60 55 32 32 19 88 51 73 79 70 5 72 93 60 69 55 29 8 92 97 73 80 11 2 4 90 47 64 74 36 32 89 59 20 47 38 35 16 71 3 49 38 50 52 3 38 49 15 64 64 41 43 55 67 64 57 96 10 11 9 76 3 21 39 1 61 93 30 2 82 51 93 92 28 36 84 62 71 90 85 91 24 30 36 9 85 69 44 76 20 13 99 19 64 77 99 94 74 78 85 16 1 43 75 7 68 3 37 99 99 98 77 23 8 29 20 22 91 2 18 96 21 44 49 7 
93 42 61 57 31 70 19 59 45 52 64 67 31 27 43 33 23 55 95 15 13 76 10 7 75 92 25 17 88 91 49 73 22 78 1 78 53 73 48 4 50 60 65 20 68 49 10 73 74 99 59 61 78 6 91 0 20 13 95 75 45 80 53 5 45 28 50 58 35 55 24 86 81 68 35 53 8 39 78 18 76 45 76 29 23 51 20 60 2 91 77 41 61 66 22 14 84 47 93 69 85 17 39 90 61 29 84 26 89 34 58 93 18 93 75 96 12 46 86 39 30 0 43 0 15 1 20 37 90 77 2 90 92 57 16 99 46 69 40 77 97 75 0 14 11 22 36 77 86 25 52 46 3 30 49 72 63 73 79 33 76 9 33 42 83 8 88 15 49 74 57 47 64 60 86 84 67 66 59 66 32 51 81 45 49 51 2 56 41 66 66 19 13 79 30 85 71 35 19 30 13 71 33 55 60 27 5 0 54 36 63 24 51 88 8 59 93 53 67 20 98 32 91 38 37 75 56 86 6 0 45 97 42 72 26 22 75 74 81 81 73 60 58 57 82 32 70 1 85 3 93 9 89 55 60 19 44 33 61 89 90 33 38 92 36 4 46 83 5 35 73 72 51 50 34 77 81 12 7 43 40 89 82 43 87 47 86 22 59 37 15 43 66 93 73 14 56 45 85 8 92 40 47 72 77 31 72 40 48 54 63 44 99 11 54 13 70 92 17 22 33 23 39 4 55 8 63 52 57 86 29 41 22 55 33 42 66 45 4 69 60 83 18 24 64 85 87 20 0 71 4 92 83 8 45 3 56 69 88 21 56 3 77 7 30 43 4 29 30 17 50 0 72 27 87 92 34 43 75 36 81 26 37 91 48 54 92 13 81 2 68 90 64 84 84 62 57 64 64 6 
41 19 49 74 52 75 92 48 34 1 31 76 28 38 70 40 0 78 66 9 87 98 55 91 21 37 59 9 58 46 56 73 68 8 58 75 45 49 19 15 50 55 59 60 1 16 68 46 3 9 33 12 40 77 40 39 27 15 30 25 65 49 94 13 6 86 58 90 6 7 97 74 33 17 11 85 40 2 27 42 18 25 82 49 87 95 53 78 47 88 77 21 90 65 92 7 79 75 11 84 71 35 53 64 24 84 63 55 93 6 46 20 32 56 89 53 17 72 88 77 72 9 99 58 90 18 3 22 40 77 37 28 53 19 53 14 29 30 6 77 57 67 99 91 61 44 13 32 0 29 14 60 18 47 53 32 64 64 83 19 68 10 74 31 75 46 99 76 47 48 90 4 4 56 88 27 49 15 4 1 15 16 66 6 34 52 44 46 57 28 88 13 71 73 12 48 41 0 28 61 74 83 81 59 52 83 26 94 37 44 28 49 86 50 86 56 63 90 66 44 27 28 81 81 54 49 96 36 64 96 84 2 31 21 63 43 63 15 25 5 57 87 74 39 86 15 48 6 5 75 31 15 8 85 59 51 11 4 90 31 2 52 43 58 37 72 14 59 12 88 69 75 71 52 14 40 26 60 34 75 61 73 41 83 48 20 91 14 73 85 78 36 94 15 53 45 68 55 89 88 84 6 41 2 69 90 76 31 98 63 58 7 90 94 46 15 69 15 46 47 57 20 96 35 85 65 97 1 1 9 3 86 42 69 35 78 70 75 7 97 43 74 4 39 12 4 20 52 77 56 67 21 13 21 99 50 5 82 96 24 2 88 21 44 62 9 5 84 87 26 73 62 40 36 66 27 44 46 89 42 84 90 97 97 84 16 0 42 89 11 42 66 70 91 95 31 96 26 48 28 
58 12 60 93 17 60 30 54 97 44 97 40 80 0 47 58 11 81 27 82 53 62 95 40 26 6 65 58 77 53 96 69 90 15 41 62 79 92 30 61 7 42 10 10 7 0 70 81 24 41 96 80 26 44 83 82 60 97 86 6 12 48 84 31 44 36 75 19 9 71 92 43 10 32 47 53 76 69 18 29 53 70 43 52 47 65 73 47 83 80 8 66 57 12 18 24 14 23 76 49 35 73 89 25 67 86 79 49 84 19 15 59 54 25 23 91 65 2 3 55 40 87 25 3 45 70 36 50 19 41 74 83 29 6 88 15 33 92 63 13 66 62 85 87 10 79 14 97 42 25 43 48 65 30 90 21 19 84 51 65 7 36 23 55 76 74 99 84 97 58 11 6 38 38 59 48 69 50 74 73 52 8 38 51 60 41 39 99 67 12 43 22 23 38 93 41 71 49 64 56 66 69 55 91 96 59 35 39 35 12 20 68 79 53 31 59 85 29 31 21 90 44 95 60 70 89 8 94 23 67 32 84 52 59 42 45 13 97 15 75 80 79 19 69 85 98 72 46 59 88 44 84 99 42 97 76 80 19 82 70 15 0 87 76 87 49 13 12 72 92 3 69 33 25 61 5 80 46 47 16 66 27 40 88 82 57 3 58 50 34 45 0 43 80 81 27 4 72 57 47 34 84 77 21 86 29 84 43 47 97 9 98 18 7 68 4 44 12 42 85 67 96 15 25 51 44 37 62 94 10 16 10 41 46 48 85 89 90 86 92 19 82 18 8 20 98 68 85 28 97 74 94 15 8 94 56 24 90 49 93 77 97 54 74 43 44 27 12 28 26 45 4 3 39 34 53 39 26 60 19 58 95 67 76 38 94 75 14 93 15 79 23 34 43 89 79 4 16 35 72 
42 0 93 34 87 95 89 34 71 94 55 69 70 94 57 16 13 26 33 94 34 20 60 44 7 82 87 8 99 96 60 30 36 56 88 15 67 14 14 38 40 57 82 3 45 42 15 90 71 24 34 29 68 32 60 45 71 57 74 54 79 86 90 37 77 90 0 18 56 60 50 14 99 85 58 2 74 91 50 93 77 24 92 62 26 46 86 66 87 96 56 13 43 16 20 70 57 14 23 88 5 62 37 97 92 97 49 50 94 90 10 17 22 46 44 43 52 92 12 38 53 75 97 92 32 88 80 32 32 52 71 12 83 78 83 84 61 93 11 6 20 85 7 7 58 22 46 93 3 29 84 86 88 86 11 35 68 29 4 12 51 81 41 83 33 69 36 91 44 25 22 3 76 89 60 35 65 36 74 46 42 16 83 57 77 5 69 63 82 3 29 62 93 91 20 36 43 59 79 29 36 89 40 81 34 50 59 60 88 21 92 38 49 43 93 88 31 20 22 4 83 38 59 53 31 87 14 81 13 41 97 63 30 1 82 86 11 45 58 67 26 55 79 48 80 69 70 42 90 39 47 93 94 29 37 81 31 62 81 63 24 1 83 52 48 57 16 77 34 16 22 68 47 72 40 61 36 82 37 36 22 14 4 3 47 3 45 3 91 50 34 40 63 65 90 41 36 6 94 80 39 9 79 57 12 46 95 5 28 2 87 50 56 17 41 17 87 85 29 95 67 5 37 76 66 51 53 37 74 38 60 64 11 95 97 29 40 43 52 11 81 53 21 47 83 1 25 92 68 64 42 60 77 97 42 42 46 81 67 69 33 66 37 40 13 17 47 62 79 37 7 23 29 52 69 20 23 0 77 92 92 32 40 91 35 76 52 15 93 38 67 89 9 83 43 93 49 13 34 97 
78 54 39 23 87 49 67 16 21 63 6 88 39 9 47 4 84 77 93 47 78 42 94 40 34 63 76 78 3 90 2 25 72 69 86 96 12 65 25 8 88 59 34 24 64 20 58 6 25 15 75 97 46 8 20 90 61 64 88 96 8 16 99 35 29 73 98 9 74 81 17 91 24 2 9 85 35 15 71 61 25 88 63 33 23 86 25 64 77 24 21 86 67 95 73 70 78 4 83 95 20 11 56 54 98 22 33 67 32 15 88 94 40 43 73 60 80 59 88 78 58 1 34 93 69 31 76 63 9 85 3 37 10 4 58 73 33 66 56 33 80 37 78 81 27 44 8 62 98 71 95 71 44 30 6 41 9 88 99 5 41 52 37 81 81 41 43 83 17 62 20 60 82 31 48 93 32 67 26 58 4 70 32 40 40 30 2 53 95 34 31 13 51 57 52 55 48 65 99 9 67 21 47 96 18 15 44 59 70 8 69 45 34 33 56 37 42 7 74 34 15 69 4 91 49 72 33 92 39 55 17 66 94 69 85 60 80 36 12 26 74 43 34 26 4 38 95 9 4 8 30 59 66 89 82 70 38 78 88 64 58 21 94 63 34 17 32 84 73 42 2 39 14 96 37 46 11 26 77 88 16 1 25 77 91 26 65 35 46 41 9 86 22 38 26 27 23 21 7 37 13 76 0 62 17 44 13 53 58 41 37 3 25 70 41 11 11 41 60 65 34 78 7 79 59 46 49 15 22 21 81 31 90 20 94 18 39 73 52 74 29 24 76 70 39 43 72 94 24 60 72 29 89 54 16 38 7 89 67 38 54 73 43 81 78 17 14 55 65 24 96 73 21 45 2 28 95 36 71 29 8 81 49 50 91 79 86 32 52 35 56 33 4 50 41 16 92 11 19 10 
74 18 38 92 37 46 23 42 60 10 10 98 87 26 35 81 85 18 90 5 89 92 23 24 50 2 71 31 61 42 44 11 38 57 62 8 65 29 51 68 27 11 12 82 23 89 50 26 42 16 20 40 59 96 17 30 34 34 16 35 87 87 22 9 30 95 36 44 66 32 70 16 82 64 55 43 98 92 45 84 26 64 88 93 12 83 90 24 60 99 81 8 92 16 25 49 9 99 48 93 15 22 95 57 44 82 1 85 67 25 45 7 34 5 21 33 46 21 26 37 55 27 91 37 4 2 96 31 35 52 37 26 96 3 83 85 22 19 67 11 99 11 43 44 53 65 8 96 69 79 16 94 79 36 52 50 94 85 81 10 29 56 32 17 10 39 58 49 90 85 25 6 5 70 69 63 67 83 49 29 67 87 54 38 52 24 96 84 82 34 90 34 70 22 13 82 95 29 16 92 14 2 31 26 9 86 87 24 89 83 72 53 38 47 66 6 54 73 41 15 96 51 12 44 34 50 48 14 74 7 20 47 93 76 24 66 80 47 3 9 26 1 85 27 26 85 89 62 30 45 53 58 13 38 99 68 93 84 88 9 76 68 72 33 12 26 5 62 32 37 19 61 10 93 83 20 81 3 55 53 52 18 58 6 52 61 43 25 80 20 11 6 79 9 74 67 61 24 55 95 23 4 80 78 73 95 20 76 73 59 39 23 82 55 30 23 41 54 36 28 54 2 39 50 38 56 67 84 83 53 40 49 25 32 98 16 40 91 62 74 10 15 47 6 18 64 29 48 25 48 9 40 4 22 53 29 17 6 63 13 55 15 52 15 49 1 21 89 62 49 34 7 46 66 93 55 79 37 73 25 90 38 95 58 44 24 53 33 29 15 5 6 12 61 65 94 91 92 65 98 
20 85 12 38 15 35 90 21 50 82 97 75 3 58 98 62 57 97 91 1 61 12 47 6 18 23 73 94 19 83 21 74 56 32 55 72 96 16 90 38 42 23 88 94 37 67 90 23 12 15 6 39 82 51 39 9 33 81 25 25 18 51 78 66 40 36 49 52 10 96 48 38 95 32 87 13 82 93 47 41 11 31 24 96 34 89 70 45 10 0 89 46 79 9 32 17 72 62 28 67 60 67 54 38 9 65 90 77 5 28 48 2 17 54 55 27 43 51 68 56 64 90 53 83 10 31 79 93 10 87 13 8 22 17 2 14 17 91 77 33 51 0 10 51 86 34 32 96 77 88 61 50 40 48 57 41 60 27 55 50 76 41 80 76 88 98 57 1 6 28 47 6 6 97 17 91 39 41 38 77 46 19 80 88 8 51 60 63 24 68 27 5 54 66 56 47 95 63 19 56 96 45 57 92 73 44 25 79 87 26 15 76 44 66 95 57 2 57 80 98 74 62 37 26 18 21 23 0 54 98 56 94 36 27 12 94 29 63 26 34 38 88 49 81 38 12 76 66 50 75 79 5 95 12 95 44 10 81 15 92 90 52 44 20 65 40 38 24 0 75 80 30 64 13 21 85 77 41 32 51 6 62 45 17 49 92 14 44 29 4 85 18 73 78 90 29 55 98 83 3 53 33 86 63 62 96 27 88 52 0 75 3 88 25 20 5 47 69 9 69 72 61 9 51 17 86 75 78 3 31 45 23 32 23 45 90 91 85 19 97 99 39 16 3 44 19 95 50 2 79 34 20 62 8 11 98 82 62 15 75 36 21 46 83 66 30 61 91 72 76 97 24 34 5 77 90 44 14 49 4 48 90 11 88 15 81 74 80 38 48 62 55 74 95 56 24 54 39 74 33 
20 13 20 95 18 11 76 29 26 97 15 30 60 34 65 55 11 68 96 89 67 94 4 42 34 65 69 30 12 97 95 45 79 92 65 67 86 99 70 39 85 36 45 97 22 11 92 26 27 69 31 24 65 6 68 22 27 23 61 52 33 19 38 10 53 89 60 83 55 50 87 65 14 83 11 44 35 86 24 99 98 68 84 89 66 98 47 32 89 76 34 22 83 87 85 5 11 60 21 49 20 36 22 11 64 37 72 24 74 53 61 26 53 34 14 2 88 77 73 71 88 87 71 77 17 80 57 94 80 50 52 49 85 70 9 0 15 49 6 24 60 77 42 86 18 13 3 48 94 51 82 25 21 93 11 93 56 10 10 68 17 45 8 76 2 22 18 49 11 48 43 45 91 51 8 12 48 2 13 26 89 28 78 6 43 15 11 89 42 21 3 39 36 86 63 62 32 1 54 33 57 47 36 90 45 69 71 31 56 18 98 34 24 80 0 51 39 93 83 22 22 89 66 13 87 26 47 46 14 12 93 81 16 10 89 72 10 25 43 60 20 19 96 16 27 43 62 20 87 47 59 59 25 90 97 83 42 3 9 77 0 58 15 16 17 49 25 43 20 41 44 71 11 87 63 25 6 57 74 60 29 45 86 5 22 64 97 36 3 35 81 38 87 42 99 51 78 57 90 62 53 43 57 95 93 44 81 17 46 90 89 15 1 40 37 76 33 51 74 13 68 57 86 94 81 2 35 54 85 8 78 66 33 54 44 53 30 36 45 23 10 78 26 83 65 66 37 91 50 92 36 49 60 52 65 12 69 37 73 52 50 64 74 26 26 94 59 24 43 54 74 15 74 54 75 86 15 37 92 46 82 21 58 34 0 86 79 69 48 47 42 97 75 95 82 95 78 50 3 44 
84 70 37 43 23 84 62 68 3 87 34 42 80 79 58 48 3 42 42 49 60 31 66 62 30 27 58 25 48 44 40 75 27 8 26 57 88 34 16 2 11 62 81 23 40 99 18 33 77 16 86 39 92 55 12 47 79 30 77 47 37 59 5 31 50 72 16 17 45 66 5 79 81 93 99 40 71 83 27 14 27 52 33 40 41 83 46 76 8 26 36 65 91 47 39 20 20 49 73 28 83 14 97 21 85 24 46 14 24 65 40 81 83 82 89 23 86 9 6 59 71 50 84 56 37 93 19 43 66 10 79 29 65 36 96 33 21 82 64 81 31 11 55 42 76 14 48 33 11 62 65 35 15 90 23 8 44 75 87 88 78 40 3 5 3 62 45 49 51 45 81 76 69 19 98 1 91 76 88 57 84 2 35 66 81 10 41 76 26 10 91 66 79 4 69 44 18 51 90 93 30 72 47 11 89 20 39 12 14 8 10 88 50 89 59 36 4 30 48 29 10 78 53 18 78 54 53 45 9 95 77 76 75 3 97 43 23 10 12 94 88 2 97 61 96 16 91 54 16 14 38 6 0 24 23 67 21 54 83 45 88 53 59 7 96 94 50 96 83 17 89 85 85 99 59 17 90 5 81 88 9 42 92 88 45 26 31 2 43 21 74 55 44 15 23 10 68 53 15 73 22 69 84 50 74 85 50 40 45 13 18 93 4 46 46 31 72 62 67 62 76 81 63 64 11 36 27 40 92 1 88 83 7 26 71 76 18 34 51 17 48 97 30 18 48 38 52 30 53 6 95 16 13 16 70 28 4 4 65 5 30 72 49 5 83 12 36 39 73 96 94 45 35 76 45 35 54 46 86 86 5 0 85 51 9 84 39 50 76 8 66 75 73 55 65 0 37 19 29 45 
92 77 63 63 87 1 94 39 24 15 75 78 23 86 72 84 80 99 62 2 65 66 66 3 73 51 89 96 5 3 39 52 54 91 29 48 27 30 15 82 60 35 65 55 79 2 31 19 71 84 54 1 82 95 1 40 11 42 30 96 63 20 57 40 67 8 50 20 23 10 42 41 22 84 90 76 58 87 3 51 53 14 17 3 87 47 42 91 62 30 14 80 72 59 13 54 4 43 4 69 24 25 20 52 32 16 3 6 23 77 68 65 94 47 5 35 17 39 35 87 62 61 85 1 63 38 37 58 92 28 20 30 20 91 24 38 8 73 43 84 46 44 78 72 54 22 23 70 51 85 58 78 44 1 45 51 84 11 30 71 59 75 50 77 18 56 4 16 62 10 72 23 15 88 16 73 26 59 34 84 49 67 60 44 67 28 80 29 28 28 96 41 25 48 97 23 95 0 10 89 68 62 0 11 27 77 40 92 93 98 16 96 16 63 61 86 83 72 96 44 94 75 11 6 39 59 51 91 81 3 96 58 28 51 28 75 21 11 40 76 36 23 71 30 99 87 80 28 45 76 51 44 66 98 15 55 80 0 54 10 79 77 52 6 37 80 40 52 54 22 13 65 94 2 16 87 26 82 47 21 27 68 57 16 1 15 91 11 17 83 71 83 37 30 38 46 88 97 76 13 52 74 22 24 71 55 59 39 2 23 88 38 4 88 80 24 70 5 88 80 85 32 50 87 52 74 84 14 0 38 27 79 97 32 5 5 63 47 60 1 42 56 0 74 73 96 39 5 89 48 26 94 12 55 26 6 27 18 25 69 53 83 71 5 73 90 32 51 31 92 63 26 42 88 87 86 32 32 37 3 82 87 29 42 18 9 57 31 15 32 60 60 91 32 6 56 47 9 77 67 
26 55 67 45 74 91 85 18 68 16 67 1 90 4 21 40 92 64 49 62 74 94 98 26 83 97 85 35 95 18 18 9 32 85 57 59 23 5 33 5 1 88 5 92 28 38 65 91 77 10 99 4 14 38 47 68 28 74 76 55 73 7 68 60 58 8 73 43 84 34 12 7 76 1 83 75 57 34 94 56 13 81 55 5 51 6 87 5 55 76 38 4 81 70 78 28 7 70 71 50 98 50 34 9 68 57 84 23 16 30 76 86 37 99 85 52 15 64 65 50 14 61 49 73 64 62 70 10 15 29 31 4 84 21 51 51 78 9 13 16 89 67 51 26 44 30 77 6 80 50 34 6 59 6 39 31 78 6 98 94 7 63 16 36 70 16 47 64 4 90 95 9 4 85 27 75 94 92 38 3 33 31 15 34 34 4 89 85 57 92 91 91 6 63 11 51 32 69 14 37 4 82 36 62 70 20 79 58 39 84 61 50 3 7 34 50 9 93 39 84 15 7 77 6 28 69 20 96 23 45 43 18 66 19 68 80 70 45 93 55 28 86 30 67 1 78 83 97 86 31 77 16 75 35 24 30 54 36 67 92 74 77 31 74 36 11 41 71 0 26 83 5 37 98 77 75 43 40 28 72 29 57 46 80 6 64 99 48 22 70 96 98 61 95 78 1 92 92 89 50 37 33 6 36 0 96 22 74 97 25 3 98 92 22 76 76 55 10 76 67 35 26 3 51 5 65 52 16 37 5 6 78 32 32 50 70 87 44 4 67 40 61 14 24 29 0 81 85 14 89 97 20 54 4 3 91 69 45 25 95 4 78 62 51 49 57 10 16 57 18 84 35 91 44 31 18 19 6 98 59 51 85 39 95 73 25 1 1 33 65 40 37 88 55 21 8 97 39 16 9 
30 78 74 29 83 34 98 75 71 44 14 21 83 79 86 39 7 55 53 6 18 84 74 99 9 59 33 61 63 74 2 75 91 0 42 78 94 91 97 47 52 62 7 40 69 81 21 89 8 43 35 1 54 62 43 28 52 1 33 31 79 25 37 26 51 8 72 82 47 40 42 43 62 92 3 87 45 40 34 40 81 57 42 27 24 23 99 61 95 2 40 46 21 22 93 39 51 75 3 16 7 71 23 63 25 50 51 11 28 1 15 41 65 42 56 59 13 22 94 94 44 35 31 5 46 92 81 10 21 55 29 28 88 74 26 98 62 32 51 68 45 38 57 3 92 96 79 18 59 85 87 78 67 88 66 17 17 27 47 58 27 54 92 76 77 3 44 29 56 19 27 85 68 97 60 59 87 97 68 63 37 0 40 57 95 65 93 33 15 87 73 96 61 58 93 89 78 16 72 59 83 69 83 99 14 16 23 65 5 7 95 95 8 17 47 32 16 18 11 74 27 28 76 59 37 69 47 38 35 95 44 53 48 27 46 85 78 5 16 36 62 36 23 90 70 57 77 27 18 16 9 72 53 43 80 40 5 73 96 33 9 62 26 63 50 54 34 95 64 35 81 8 3 74 66 27 5 40 66 21 46 9 28 62 73 50 9 54 73 36 94 94 0 68 59 64 18 56 9 55 93 77 91 79 67 67 58 63 73 82 21 23 11 63 26 92 44 6 58 78 43 41 54 14 54 61 15 92 6 27 60 95 92 5 30 66 86 2 20 93 41 0 51 29 81 92 83 79 33 32 24 76 13 84 72 24 65 25 42 5 0 1 58 55 69 18 78 80 25 19 60 22 89 8 37 21 21 30 33 83 88 78 44 67 10 49 0 2 68 8 84 84 11 72 33 48 8 88 54 54 
71 6 70 61 13 20 93 82 58 20 94 71 66 98 20 67 87 95 74 25 48 90 60 4 48 75 27 94 10 47 16 15 44 35 97 27 14 50 71 78 12 57 40 84 70 74 24 10 27 37 49 84 28 15 91 58 10 61 41 88 46 95 54 9 88 90 43 12 43 44 29 34 99 55 29 38 12 88 38 26 74 0 70 72 80 31 33 37 61 36 27 98 5 33 65 76 48 7 58 83 24 13 57 65 64 73 73 52 21 91 72 95 64 61 33 96 20 14 14 83 94 83 57 34 18 55 13 46 23 70 51 12 65 64 17 12 46 51 6 90 0 26 11 30 34 12 54 62 9 40 30 32 60 2 22 78 25 94 65 4 46 79 77 80 15 43 7 38 10 49 11 21 61 43 7 26 75 93 69 90 86 50 80 78 7 73 36 54 50 10 63 97 39 83 54 11 33 89 96 32 19 71 59 25 1 53 16 8 79 29 65 73 35 86 70 34 43 64 61 59 58 68 77 58 60 12 76 97 96 10 87 5 29 9 75 85 90 0 66 24 63 58 20 7 17 22 34 42 41 19 82 64 92 90 20 14 89 47 97 40 51 46 22 26 24 68 71 26 11 92 84 77 74 33 28 99 71 92 85 2 64 3 71 82 8 74 40 47 0 49 23 87 62 65 11 23 17 98 11 79 57 73 4 28 16 59 38 30 17 6 34 66 40 58 51 1 39 7 53 97 67 65 42 84 69 7 35 43 83 4 78 53 70 83 92 28 94 55 50 19 84 30 31 81 90 13 0 44 64 80 46 29 58 50 4 92 57 8 10 63 91 71 77 27 97 62 57 90 3 20 19 63 79 34 58 15 65 45 48 48 71 19 44 63 95 86 36 74 57 69 24 14 3 65 65 23 2 83 70 77 
3 40 86 61 54 53 40 97 74 8 12 52 28 75 71 46 4 60 89 2 10 56 32 17 13 3 84 34 94 16 13 82 79 14 80 26 42 87 1 11 91 48 96 41 16 72 59 79 36 79 36 58 34 70 28 51 72 18 30 98 20 66 32 53 46 22 47 38 13 68 1 96 82 83 88 67 58 94 40 89 68 69 33 27 63 44 42 89 97 21 21 23 80 34 44 93 12 95 19 56 94 60 72 53 10 55 31 97 23 61 50 61 39 65 24 4 5 40 71 23 63 43 59 92 47 22 37 67 17 79 86 76 78 27 13 37 0 83 23 31 58 89 60 35 53 55 4 23 78 56 87 72 74 30 2 30 8 64 3 26 58 37 86 40 11 33 97 61 3 39 10 82 87 62 47 10 38 43 90 92 84 18 25 9 31 9 88 69 91 91 33 15 62 46 13 90 12 38 96 64 63 70 97 70 14 96 23 74 19 13 54 96 67 24 31 69 93 56 81 79 9 70 61 69 86 64 13 14 81 2 54 39 25 82 3 50 88 71 4 8 83 34 84 91 45 65 15 41 48 31 31 75 13 31 17 45 45 0 19 5 63 53 19 38 23 90 74 59 32 35 5 16 75 20 56 40 88 1 90 72 48 74 73 75 3 37 6 26 83 46 82 98 13 16 38 4 88 94 68 36 55 33 84 57 5 4 98 48 39 24 44 67 70 9 26 76 88 48 32 17 40 6 76 34 32 13 33 38 13 6 34 94 67 43 63 52 43 66 93 26 87 54 29 53 89 8 67 41 54 28 7 18 85 73 59 29 62 70 58 27 52 91 8 89 66 75 39 40 21 39 10 95 35 51 36 51 38 59 88 83 72 33 42 48 13 81 76 38 97 5 74 88 20 95 42 16 24 71 40 90 
98 65 37 47 59 67 95 37 12 66 73 81 83 91 86 84 48 52 91 94 36 76 40 24 93 79 12 11 87 41 2 58 30 74 82 17 51 90 32 42 71 82 53 28 77 26 59 97 75 20 92 64 92 33 26 0 44 88 77 52 21 24 92 23 65 9 73 9 80 40 84 95 31 41 49 51 21 94 49 44 73 71 46 61 24 98 98 99 4 44 19 88 97 59 87 26 15 61 25 76 25 1 86 39 9 61 38 92 59 84 80 76 86 4 15 4 32 54 93 34 69 60 36 78 0 52 64 94 85 40 72 38 11 57 80 83 12 72 42 24 52 50 79 2 83 3 73 86 33 17 55 5 28 25 49 20 25 74 32 11 43 69 68 58 8 25 72 22 76 60 9 37 63 13 48 86 26 31 85 39 82 71 60 3 32 78 97 86 80 61 10 91 15 20 86 73 30 19 79 9 66 51 73 55 76 26 85 47 78 70 35 38 19 96 24 77 93 6 42 57 50 81 17 0 95 49 21 95 37 89 13 56 8 63 20 77 80 71 95 34 24 83 26 64 56 72 62 98 84 51 94 53 65 34 8 26 98 92 19 7 31 45 30 30 93 55 88 80 46 2 18 82 14 14 16 36 22 47 63 99 8 28 86 69 35 56 76 54 5 1 46 1 30 1 82 23 98 71 3 11 86 33 97 20 91 23 47 87 88 97 83 0 25 9 38 5 12 43 49 24 22 48 23 10 25 0 96 85 37 39 77 91 93 78 81 63 28 55 48 52 35 66 50 76 64 42 54 39 95 27 59 95 88 13 22 42 57 53 1 21 49 98 44 52 38 20 87 20 23 32 3 40 57 66 28 31 75 62 93 52 92 73 74 92 64 32 35 44 41 70 94 30 99 10 19 93 69 3 65 58 
6 31 80 71 60 70 80 58 41 20 1 3 91 7 33 22 44 85 42 69 5 90 76 98 50 47 9 95 47 7 8 66 33 8 34 68 96 84 79 73 35 77 40 54 25 26 41 54 15 73 74 80 54 53 86 37 58 31 71 41 75 8 39 92 86 68 10 63 92 18 29 15 63 14 63 77 69 23 46 83 57 38 52 14 74 67 99 84 7 99 17 56 69 18 56 71 79 65 0 29 20 74 74 17 56 95 74 85 15 57 60 22 47 78 44 78 60 36 22 99 78 71 43 39 25 9 57 0 20 69 88 14 0 58 58 66 74 96 64 98 60 19 35 46 24 71 46 25 85 64 72 97 10 19 68 31 16 25 11 62 43 34 74 5 60 40 97 75 6 14 43 7 51 67 22 52 20 43 66 11 35 51 65 87 39 60 62 11 57 70 90 70 46 26 46 63 9 54 10 48 35 87 41 49 44 56 47 96 64 37 35 35 73 70 21 32 30 92 47 0 44 52 2 88 21 96 79 24 67 3 50 8 37 45 43 63 72 9 68 21 75 76 6 70 75 51 63 57 6 69 68 62 18 8 58 6 18 76 66 63 28 19 77 43 53 90 85 98 81 12 82 64 73 2 15 27 58 95 85 5 23 85 20 96 30 8 39 75 55 81 55 96 2 2 19 27 18 16 23 78 98 52 88 52 2 38 86 95 89 35 49 49 94 90 89 79 77 53 65 97 39 9 14 48 76 16 39 89 24 93 32 98 88 49 24 70 3 88 31 65 76 33 20 49 62 79 41 30 33 48 88 5 75 71 95 83 83 25 39 56 32 75 78 94 33 51 60 90 43 40 78 10 40 87 2 88 31 31 34 70 84 24 0 14 62 31 37 40 97 57 89 6 57 65 39 79 24 10 5 11 
19 62 10 2 12 92 98 42 2 8 10 66 61 80 61 5 60 65 69 32 41 76 62 75 15 83 20 73 33 6 7 57 22 6 64 24 36 7 86 44 34 85 30 55 73 82 34 77 25 65 3 42 12 6 70 60 79 61 76 31 5 24 78 73 4 8 96 0 69 62 76 18 15 54 9 85 7 93 52 23 6 8 39 35 24 43 25 44 83 51 49 22 35 6 38 63 13 17 82 60 74 48 17 44 97 91 17 75 27 45 19 59 14 16 61 75 96 12 42 73 30 85 65 85 60 1 74 54 58 63 85 9 99 89 61 24 57 52 8 18 46 29 75 56 89 98 8 5 96 67 42 8 9 43 9 69 94 86 11 99 42 95 87 94 64 9 27 57 2 9 23 17 15 75 28 10 32 75 74 73 37 34 49 44 74 89 13 62 67 3 77 74 29 78 22 97 38 64 41 93 1 51 90 45 2 10 57 46 6 17 37 5 74 67 87 26 40 3 65 91 83 30 68 42 48 54 79 46 32 42 29 9 48 12 57 85 51 58 79 40 35 46 94 26 43 88 52 61 51 45 41 92 24 41 20 63 18 21 34 10 39 95 88 72 1 81 23 62 19 12 79 59 36 28 96 11 89 16 76 11 12 60 32 79 20 10 0 82 55 85 46 29 26 79 54 38 48 27 78 71 5 26 78 32 24 85 17 1 71 2 94 92 90 74 20 97 11 76 86 39 40 76 33 50 5 42 95 25 0 96 60 17 90 89 3 75 7 48 11 19 57 0 11 53 77 61 71 9 79 11 84 29 8 33 25 30 68 73 51 3 65 25 62 12 60 57 13 27 22 32 59 87 27 93 3 58 66 79 38 45 22 86 75 37 27 48 79 64 20 82 65 68 15 27 31 75 53 83 7 20 
32 3 57 73 74 61 46 66 4 34 28 9 79 3 74 74 93 24 35 57 8 22 50 41 46 1 1 31 49 85 54 43 29 76 21 87 2 20 87 58 39 81 35 50 71 65 3 73 31 51 53 52 56 6 90 65 87 90 58 47 38 17 22 76 70 79 23 38 57 50 80 9 44 23 37 88 60 72 48 25 57 68 12 34 69 12 1 9 26 60 40 32 90 93 87 54 1 24 18 84 1 31 43 80 86 50 99 50 89 25 70 79 49 91 14 62 30 22 7 65 41 54 73 65 85 99 92 6 68 71 15 89 37 7 33 26 97 93 41 4 75 54 65 75 85 25 77 38 31 79 99 48 46 96 70 71 49 14 19 79 75 96 47 21 81 22 46 24 33 40 35 28 20 92 29 8 32 52 74 63 45 91 6 99 12 98 94 10 20 17 82 86 89 60 27 54 62 53 41 78 15 55 72 35 31 35 98 99 54 5 64 55 55 69 60 13 8 16 99 53 77 58 34 91 38 1 58 79 51 74 56 79 90 54 98 20 28 80 43 91 12 68 61 2 21 55 29 15 93 90 55 45 17 48 35 17 10 44 31 82 64 94 57 44 67 37 43 9 80 53 5 21 57 70 95 63 83 20 49 13 23 44 55 69 43 63 72 76 58 94 85 64 98 18 17 44 17 48 60 42 94 48 97 80 37 57 20 43 58 72 63 78 18 14 75 50 71 47 47 73 61 37 49 64 60 16 80 48 4 51 85 64 94 91 96 17 65 27 74 86 77 47 81 34 91 88 79 87 61 8 54 4 91 47 7 95 98 30 90 7 56 91 9 63 13 40 57 8 76 22 45 39 13 85 49 35 13 3 86 89 54 54 98 88 85 38 59 12 45 95 30 2 62 94 10 30 62 53 63 80 
38 72 83 62 16 87 84 86 56 41 66 99 33 58 83 66 74 48 92 76 40 10 86 68 69 37 18 34 97 52 5 57 44 15 83 21 85 87 73 86 17 72 41 42 95 26 85 6 46 60 47 22 3 13 44 35 57 77 82 82 87 60 12 17 17 13 96 85 93 86 42 56 19 42 24 10 10 63 79 31 58 37 21 27 63 71 97 48 31 56 74 23 11 29 44 29 73 37 59 37 94 52 13 11 50 21 74 74 0 38 51 89 88 65 24 7 31 80 5 21 26 96 50 80 25 79 69 88 25 11 64 26 19 82 52 85 59 51 77 75 93 21 15 85 83 39 92 85 59 8 67 82 2 4 17 82 65 30 54 7 80 7 87 19 76 74 57 74 21 66 35 64 95 46 60 51 8 71 79 93 11 15 17 22 52 63 73 33 80 98 8 65 38 77 91 46 54 58 28 63 40 9 38 66 28 47 9 70 33 57 23 69 32 1 57 22 27 15 68 12 93 67 72 92 95 25 25 51 84 29 75 60 17 8 60 76 24 90 24 87 49 41 86 26 9 90 96 18 71 75 35 68 41 85 56 76 12 3 62 83 10 14 36 96 43 7 98 3 21 6 35 69 81 15 46 83 43 46 78 37 28 11 97 96 70 68 44 67 4 11 55 66 20 7 93 64 42 29 31 59 77 26 8 77 75 24 36 34 40 62 14 99 35 75 64 61 10 61 86 30 56 33 15 63 47 35 24 75 98 84 65 63 87 48 45 91 45 54 7 47 26 92 22 45 19 63 30 70 97 78 72 64 6 34 37 79 71 54 82 34 88 96 18 8 96 31 86 50 63 46 1 63 69 65 20 11 77 59 9 4 78 28 92 18 60 28 68 25 10 20 54 5 19 3 99 97 59 71 9 86 
64 93 8 30 43 2 33 84 60 59 3 51 49 24 72 35 50 45 13 22 70 25 66 71 92 58 4 71 8 92 24 53 76 93 73 39 42 57 85 81 84 8 64 74 14 72 13 81 34 63 60 62 94 89 76 8 37 1 45 45 55 22 49 28 23 72 96 87 66 20 40 37 57 0 70 41 57 50 78 80 34 12 49 12 39 32 17 85 44 48 89 44 21 85 2 82 58 28 61 77 93 42 93 85 88 48 11 98 7 97 41 45 34 66 76 80 7 74 21 94 33 4 26 63 41 69 36 4 59 15 71 54 17 10 50 9 40 77 37 58 4 84 40 16 76 87 20 47 80 67 92 46 50 51 94 7 28 99 78 81 5 31 20 69 38 42 81 52 9 93 14 84 30 53 52 52 34 14 51 69 14 60 69 82 37 55 86 56 36 93 58 51 61 26 82 83 70 53 27 82 84 90 27 70 15 39 57 42 75 38 55 9 11 71 30 66 98 30 49 93 35 40 70 46 61 67 90 28 7 95 32 93 16 38 51 92 34 46 71 93 60 65 73 72 22 81 53 49 63 42 17 79 73 25 83 23 64 98 60 79 16 12 11 62 49 27 44 27 72 42 45 42 80 18 32 33 4 71 87 43 94 38 8 13 72 66 69 94 91 83 63 49 14 88 49 0 92 28 20 99 60 27 5 45 19 65 78 45 26 88 52 49 11 9 96 72 2 49 68 26 57 66 21 61 27 67 99 33 80 60 44 99 38 69 73 17 57 94 45 0 41 75 3 59 60 37 71 67 11 53 24 16 38 43 12 44 94 61 51 17 73 93 68 63 94 32 14 30 35 73 86 29 73 14 66 56 23 81 14 55 57 61 16 47 6 22 65 33 28 46 66 97 99 10 32 69 25 17 56 49 
88 87 73 9 60 44 67 13 3 81 56 32 10 87 29 60 30 95 96 73 59 35 7 73 43 11 59 62 74 82 70 94 17 66 34 83 20 76 7 25 1 97 15 69 21 78 15 23 69 71 73 47 90 66 40 40 20 12 95 37 29 60 94 40 8 95 45 8 80 84 86 17 11 69 97 75 15 78 30 91 48 72 19 48 41 80 35 78 39 77 38 56 23 12 2 92 19 71 73 79 81 43 76 33 24 17 91 1 63 31 2 76 81 35 11 76 5 86 97 97 3 54 73 23 99 64 71 73 66 72 3 65 38 57 16 40 89 82 77 40 49 81 90 52 50 85 41 66 57 54 70 58 76 72 4 19 45 42 49 0 88 95 7 9 15 98 51 98 88 82 19 91 65 36 63 76 63 88 61 3 13 22 66 20 54 41 54 96 62 36 51 81 24 53 77 28 52 70 30 92 28 54 0 27 20 72 21 39 86 66 3 38 70 93 32 93 58 22 69 45 93 40 35 79 77 37 57 46 34 10 98 62 9 83 58 27 29 25 4 79 17 86 23 0 3 2 21 13 3 92 43 71 30 41 55 15 4 90 78 30 24 84 82 7 32 35 15 80 89 71 20 32 47 63 60 25 96 51 22 41 1 41 29 45 74 26 4 68 95 70 57 49 31 61 33 16 52 27 16 14 70 47 13 55 65 99 43 88 81 75 25 61 25 11 63 84 36 53 46 6 2 84 34 86 73 74 14 0 89 24 56 32 62 23 98 27 82 41 20 37 67 70 58 80 74 24 1 75 8 5 81 59 35 88 29 26 84 53 18 32 60 41 53 43 25 1 92 58 42 85 23 33 73 68 87 99 12 86 18 51 90 2 76 9 68 54 90 28 4 63 81 4 8 37 41 62 33 47 51 5 
50 79 8 72 32 1 10 5 64 84 44 16 99 28 5 28 36 34 77 65 55 69 3 67 1 30 46 50 8 99 63 58 4 51 78 93 51 97 1 79 77 54 29 77 90 31 10 85 68 0 73 9 67 98 24 30 8 43 6 34 46 87 91 93 99 9 62 41 54 16 98 24 35 47 42 23 36 64 4 68 22 36 83 43 20 77 51 60 87 88 86 91 21 77 97 46 20 49 72 35 37 22 77 37 78 1 2 45 16 37 99 56 84 10 95 23 0 0 97 78 97 89 33 97 55 32 15 39 21 79 8 4 49 40 88 34 75 63 55 8 58 99 50 86 70 70 53 15 41 94 10 67 51 22 17 39 47 48 14 23 77 56 22 80 41 60 78 26 25 65 27 55 30 62 43 53 51 17 52 88 86 83 42 96 95 75 24 78 74 21 34 4 28 86 53 74 81 7 66 78 85 23 0 31 17 71 36 42 35 97 74 57 28 55 45 28 4 56 63 49 55 79 18 79 11 58 27 98 50 38 9 81 78 34 40 92 78 68 58 60 50 7 21 72 98 2 47 16 10 85 30 93 58 46 12 35 53 45 22 77 35 7 67 16 16 76 3 33 85 99 5 8 93 92 14 93 8 44 71 68 78 98 37 93 59 50 30 16 10 97 35 43 4 4 36 54 79 78 31 58 23 35 44 9 15 14 29 21 50 1 50 19 63 84 51 38 83 47 93 28 3 52 85 95 6 80 11 92 36 16 82 9 51 83 13 12 0 83 93 96 61 93 84 26 54 9 62 59 29 93 89 25 79 61 78 50 96 86 65 82 22 83 38 3 45 53 18 53 93 26 56 1 84 72 77 36 61 91 40 93 10 12 42 27 10 23 36 56 10 44 67 67 97 21 65 67 53 80 36 95 
32 14 16 24 11 55 0 90 62 60 14 20 81 93 79 75 1 88 72 40 97 33 58 47 18 88 16 30 72 36 79 91 20 73 62 63 47 92 99 15 25 2 95 91 78 86 1 65 51 87 82 2 80 73 85 83 68 23 98 67 45 57 99 84 14 10 34 20 39 97 52 68 16 11 53 99 81 44 41 20 16 36 50 15 31 8 27 23 59 45 37 56 21 11 12 7 8 45 92 39 79 84 40 57 61 1 70 43 15 88 37 52 20 27 80 63 62 54 35 38 32 96 79 85 31 66 9 52 53 50 83 5 4 35 83 49 47 3 88 0 15 33 61 99 44 76 27 65 70 23 30 25 54 27 89 16 51 22 83 66 94 9 9 77 97 60 4 73 91 57 65 81 29 94 91 18 31 7 68 18 90 59 36 40 57 6 87 14 1 79 26 57 74 58 52 20 18 5 29 40 36 59 46 11 81 21 9 64 54 64 68 57 7 74 45 58 97 52 45 26 10 65 74 86 25 81 21 10 4 45 16 95 22 84 30 18 44 61 96 11 79 39 40 27 11 77 89 15 63 63 86 65 57 12 58 9 15 47 76 58 74 55 34 65 14 22 35 73 66 25 40 55 1 41 55 12 12 42 99 72 66 59 92 90 95 17 52 1 1 34 92 21 20 13 15 39 74 49 67 85 5 95 29 57 9 24 36 3 58 78 81 77 83 66 25 63 22 6 62 99 38 7 38 26 83 90 98 28 92 51 15 73 35 78 91 61 21 61 22 33 43 90 37 37 53 33 70 56 84 73 1 95 38 15 67 42 13 58 57 69 88 1 59 62 35 86 53 70 16 73 78 41 77 84 44 85 4 56 31 50 69 76 49 4 14 52 81 81 73 89 2 54 73 19 63 83 38 27 17 49 
34 30 84 39 76 98 49 72 32 79 99 29 7 9 22 34 69 96 73 90 36 55 14 34 19 73 42 45 78 10 49 81 12 86 8 17 2 35 34 15 26 31 52 20 48 95 7 14 3 73 86 29 88 57 77 50 98 84 70 59 9 73 54 43 77 40 5 69 97 30 49 14 33 18 52 24 11 21 61 68 77 93 54 95 92 97 11 65 7 50 1 82 91 21 75 66 57 75 49 63 81 17 83 96 33 2 84 16 33 45 12 71 46 47 59 96 88 76 72 4 69 21 12 74 99 94 58 11 4 93 2 8 16 31 28 46 99 21 52 77 93 54 56 96 94 43 6 75 33 27 19 10 72 95 66 70 85 29 81 58 67 41 77 88 44 36 12 71 62 33 76 30 79 32 25 2 65 1 19 89 54 80 49 56 97 22 49 15 9 92 97 46 53 15 73 94 20 32 99 3 54 40 35 72 96 67 55 38 36 28 74 30 27 1 94 2 55 29 59 24 16 21 94 67 67 95 12 54 9 47 56 0 64 0 23 7 90 75 17 79 38 78 34 33 9 20 58 31 82 27 90 22 89 14 28 47 76 9 1 78 85 45 20 8 42 48 58 78 19 40 56 58 36 87 84 6 63 31 45 51 10 46 48 72 60 73 27 91 4 69 99 7 71 54 99 63 39 68 73 38 87 10 16 63 21 73 93 66 33 96 62 0 68 29 62 83 5 61 86 38 43 99 51 32 0 34 37 26 92 96 23 78 9 65 45 41 77 37 51 37 8 9 90 27 11 0 47 31 77 41 74 42 74 43 25 43 14 46 46 85 39 48 54 99 9 22 63 29 20 27 98 82 87 61 77 19 56 35 5 3 44 11 27 55 8 25 72 8 4 12 41 79 11 56 56 40 27 23 21 54 
59 11 32 6 82 44 39 78 14 22 58 28 44 66 85 82 54 50 66 4 2 93 12 76 33 36 15 50 44 82 80 1 29 70 35 20 13 14 0 64 25 69 15 73 35 66 88 87 42 8 97 11 89 10 45 34 59 16 29 17 19 73 0 13 30 98 8 45 85 27 15 98 89 97 68 79 16 71 51 25 38 37 78 20 52 85 1 98 40 76 18 36 60 42 13 55 87 9 7 72 9 71 46 56 71 8 65 29 32 5 23 5 66 55 41 60 59 40 7 43 81 44 92 75 84 27 83 19 23 29 40 2 74 34 55 37 94 55 41 80 37 96 88 98 8 68 70 2 59 94 97 63 92 65 77 79 50 38 17 84 54 72 35 11 83 68 11 2 11 7 50 27 2 97 2 97 14 22 36 91 75 98 5 10 36 97 55 32 66 46 52 54 89 93 39 46 16 25 17 62 0 14 98 11 68 98 57 49 24 55 65 78 7 6 4 61 9 82 24 26 49 22 69 95 35 35 54 96 29 90 79 58 71 9 78 8 93 88 12 99 8 82 31 24 71 33 34 52 0 42 5 91 61 40 9 20 92 88 66 24 95 77 39 85 96 41 37 37 80 52 69 75 64 99 35 29 60 95 7 6 92 87 69 2 45 67 59 12 57 59 84 99 93 36 46 64 37 73 9 91 41 44 94 0 19 90 25 32 77 72 3 40 65 4 46 69 50 71 2 0 17 36 67 68 83 13 80 39 88 84 44 37 1 14 56 19 58 47 72 14 35 80 73 25 60 28 78 80 42 88 29 79 92 87 29 80 2 90 93 77 36 4 52 16 63 80 31 71 32 18 34 98 29 31 38 58 43 49 66 33 28 18 65 95 94 68 68 95 65 77 77 70 66 44 87 43 7 24 62 13 
85 95 85 45 95 1 22 26 81 34 30 25 96 57 38 20 32 47 73 44 0 20 87 35 85 64 66 39 26 28 63 32 85 22 22 26 17 70 85 42 27 67 74 34 43 74 48 20 41 40 16 4 44 94 53 12 33 4 16 68 22 6 16 1 37 91 29 18 56 47 23 6 71 48 89 76 12 27 95 12 85 47 89 18 79 43 41 97 78 24 27 65 46 37 10 55 0 42 74 36 83 38 35 45 92 93 89 43 24 49 50 43 57 85 72 43 4 6 15 12 81 96 33 75 55 33 65 47 62 0 12 9 82 53 26 8 35 34 36 62 77 33 22 78 76 48 28 6 88 93 17 68 65 44 27 49 23 6 8 61 44 35 52 1 82 98 69 2 66 83 15 73 49 73 55 80 91 54 78 12 49 7 86 35 47 4 21 12 33 64 37 64 89 69 90 83 22 11 69 92 55 4 66 57 64 95 97 95 12 61 26 68 50 20 33 6 42 64 11 63 78 83 82 21 5 72 74 4 22 62 9 65 26 74 76 30 84 89 64 99 77 83 32 59 32 5 71 96 22 61 80 43 96 3 44 47 61 30 72 83 43 89 36 34 34 19 27 87 91 81 43 53 18 46 72 77 45 28 52 13 23 45 70 63 74 32 31 55 88 9 40 49 92 27 69 71 63 84 77 29 73 94 92 49 29 24 77 53 87 58 28 59 42 50 99 80 37 43 51 76 42 95 49 37 89 11 29 31 89 94 47 63 64 80 37 30 0 12 32 92 34 31 22 51 38 58 12 22 63 38 79 35 12 87 28 56 99 7 8 2 21 87 73 6 46 63 7 65 82 45 9 73 37 44 96 72 31 3 40 56 99 22 0 80 77 65 25 58 29 14 34 25 90 21 43 45 6 26 33 81 
52 17 96 85 60 31 76 24 70 63 65 59 77 32 31 50 13 93 8 98 67 64 71 32 60 35 68 77 49 23 89 63 17 99 5 87 79 54 63 67 30 36 57 82 6 66 89 6 92 51 61 73 9 21 86 10 87 80 10 74 53 73 45 51 45 43 32 48 51 11 25 54 47 1 6 50 37 94 37 35 47 67 59 90 68 13 16 76 56 30 19 79 13 57 42 44 0 53 60 44 71 64 69 93 57 18 18 58 2 47 98 82 69 85 95 62 63 68 69 66 15 36 28 45 94 89 60 62 7 13 26 90 83 40 37 15 85 63 58 79 42 24 71 46 83 65 81 40 27 15 89 39 70 30 28 95 82 86 15 22 49 92 86 74 11 66 71 13 54 95 5 29 44 55 21 88 36 15 85 85 70 12 88 15 59 64 61 66 0 28 23 92 43 72 48 97 20 68 56 98 81 24 65 23 40 71 52 87 8 27 91 65 82 52 81 71 45 2 53 61 20 60 39 67 95 18 43 63 22 69 76 43 77 38 56 26 6 32 4 52 3 6 38 87 31 24 25 39 21 28 22 29 59 92 56 32 11 79 85 16 71 61 51 76 14 43 19 69 67 66 53 79 58 74 20 35 59 18 72 42 73 2 66 94 76 38 66 62 23 17 44 42 37 0 4 48 28 92 18 61 18 33 10 23 0 36 47 30 92 92 50 29 51 72 73 47 75 68 69 90 21 78 73 68 63 6 32 3 16 25 65 53 40 25 93 61 53 13 84 4 30 96 55 71 99 67 53 60 9 96 97 40 95 56 16 60 9 67 31 75 1 26 27 34 52 66 52 28 38 40 14 60 19 20 51 97 20 61 64 42 37 92 53 59 29 29 64 27 8 67 1 53 35 64 94 67 58 80 44 85 
66 0 47 43 17 47 5 95 14 16 88 13 67 98 79 52 97 55 3 16 75 95 78 55 99 89 68 57 2 55 24 47 13 63 1 5 27 96 58 4 9 38 91 28 16 17 17 46 41 76 31 83 35 65 70 85 68 35 14 16 73 80 58 55 15 8 25 5 30 85 18 97 30 53 26 20 47 21 80 29 29 15 1 58 54 94 52 39 10 48 7 95 42 73 40 9 37 3 47 75 49 61 29 61 24 99 32 29 32 78 83 11 19 12 89 78 50 99 37 36 94 94 85 55 85 56 7 96 71 91 19 24 56 40 70 13 71 34 71 66 59 92 16 58 37 87 55 54 83 90 9 88 43 52 98 27 31 11 95 61 71 6 77 0 32 34 27 60 11 25 85 19 25 95 97 94 34 12 78 4 19 85 52 96 45 49 52 88 79 24 12 75 87 91 76 58 3 91 54 63 81 59 11 17 69 55 88 36 23 7 60 52 44 58 54 20 17 99 73 17 77 41 1 99 62 7 62 59 7 55 8 45 77 74 65 28 48 4 83 56 78 72 51 67 18 91 42 7 70 61 38 39 86 48 44 48 0 96 29 6 28 3 49 83 21 53 87 27 56 6 46 49 69 59 92 53 11 59 45 98 40 43 14 14 9 56 23 67 70 83 61 44 25 77 73 45 3 96 0 31 39 26 79 36 60 68 43 57 73 70 59 56 95 69 55 45 26 45 23 19 31 44 60 57 70 86 47 90 34 51 18 64 17 90 88 96 42 48 47 4 99 32 20 70 32 79 27 45 65 27 36 29 8 68 81 36 47 39 40 2 59 50 71 21 21 27 15 62 3 93 74 17 30 52 0 52 38 97 59 97 31 45 53 77 83 25 67 13 53 74 92 23 80 73 44 42 63 66 34 93 
23 20 38 37 81 4 70 69 34 60 27 94 39 45 72 66 70 72 47 30 59 97 11 46 95 49 9 72 31 97 61 74 15 58 12 4 48 60 44 49 62 22 95 99 18 67 23 25 77 46 1 96 17 10 45 30 0 24 21 99 57 46 14 76 14 49 56 37 39 86 0 41 0 84 14 21 7 85 43 73 70 98 65 2 24 87 5 53 82 23 26 14 22 4 12 65 20 55 13 24 39 55 91 21 16 99 22 39 22 72 36 51 15 95 58 73 19 27 49 83 57 23 86 18 14 58 46 94 94 51 49 66 79 35 1 20 5 1 9 42 59 68 78 95 36 23 58 48 22 65 59 81 69 82 18 54 67 66 9 9 26 29 46 3 32 26 21 59 27 71 16 58 27 46 12 60 19 13 23 1 65 35 64 67 91 42 94 35 95 47 97 46 99 28 77 78 84 61 76 86 2 10 42 54 73 4 56 94 78 13 2 48 21 36 56 12 57 57 2 52 21 21 42 32 58 38 30 80 1 38 99 68 10 65 69 43 97 83 24 38 24 54 27 47 45 0 34 49 98 1 85 66 82 40 15 84 77 98 85 69 59 55 52 69 64 63 99 4 40 16 5 52 94 14 53 95 2 55 32 69 67 93 5 85 89 88 22 10 23 28 69 48 44 42 39 38 32 18 58 66 21 1 90 23 19 24 86 98 67 33 20 85 18 37 12 48 2 81 69 41 61 64 67 89 22 61 66 19 80 57 84 56 68 8 73 96 27 92 52 68 96 94 39 32 98 84 75 44 57 35 37 65 14 90 48 77 36 7 39 43 70 24 74 15 94 0 16 38 6 47 64 93 53 99 33 7 80 36 49 64 35 67 41 99 34 42 2 4 75 71 8 67 57 11 43 23 18 41 21 74 
73 95 22 64 51 74 13 94 3 44 8 41 63 51 99 43 69 37 37 97 6 47 83 38 90 90 61 99 4 26 22 20 39 61 45 49 77 76 97 36 27 4 82 82 45 4 97 60 96 37 51 29 5 94 17 61 16 21 14 35 96 85 27 15 44 85 39 57 99 66 39 66 48 0 53 68 30 71 97 67 82 59 58 11 97 0 97 31 39 8 11 69 15 45 78 55 89 56 94 4 30 30 92 7 19 29 87 87 45 26 57 8 27 32 59 96 48 21 17 33 95 7 80 74 96 66 90 29 69 44 91 45 57 58 52 8 87 33 4 34 62 47 74 46 92 34 78 11 5 81 67 11 81 86 69 33 48 40 74 49 8 71 26 45 16 4 11 40 65 77 14 13 98 40 83 41 64 95 87 89 89 64 12 64 20 34 9 36 26 92 19 82 59 3 87 39 20 90 4 64 87 37 75 65 80 47 54 38 91 58 18 6 38 90 20 17 96 49 90 79 66 76 45 89 69 62 41 8 28 31 65 36 23 74 5 78 48 75 61 77 86 46 14 41 31 12 95 85 26 17 18 67 12 17 11 86 10 11 50 67 72 14 64 63 33 26 66 39 55 28 13 85 20 37 13 19 92 80 8 73 49 36 86 80 21 67 79 80 23 34 88 45 37 89 78 13 39 19 47 17 28 9 90 83 93 86 1 67 26 43 69 44 37 24 41 1 96 83 47 35 35 62 20 42 46 39 51 79 27 60 19 48 75 56 8 46 69 1 19 90 12 18 92 19 87 75 49 23 81 47 48 8 74 77 98 97 35 76 30 9 41 36 12 47 16 36 86 43 37 34 58 31 10 15 26 74 58 71 96 81 69 13 86 11 92 74 89 90 52 16 33 75 19 85 68 34 12 85 82 29 
48 25 36 43 57 52 55 12 6 39 56 48 95 63 37 47 42 65 87 47 26 71 14 7 67 94 88 70 74 67 18 89 15 58 15 18 36 71 70 22 80 91 19 39 75 47 45 9 31 10 98 25 60 85 62 28 12 31 24 91 55 51 59 27 13 69 84 55 39 86 29 23 23 19 66 43 66 48 53 48 32 86 87 31 71 71 73 80 47 79 48 4 18 99 1 6 10 42 15 26 39 4 58 20 7 66 92 56 71 9 14 41 12 51 70 75 17 35 74 31 91 40 20 62 39 40 47 15 38 9 68 81 19 69 26 76 32 22 19 81 74 48 48 52 31 78 15 5 72 54 67 42 24 97 47 85 6 39 35 61 90 54 55 5 7 89 97 48 27 31 17 62 68 8 43 4 45 59 77 82 20 69 54 29 22 47 98 71 20 22 71 49 17 42 7 29 7 36 79 79 15 43 11 17 55 65 27 77 7 99 33 38 55 86 8 31 90 68 57 27 56 50 36 70 67 83 77 87 40 18 43 38 81 67 45 71 22 31 27 44 28 84 80 12 19 43 5 49 59 25 60 31 70 16 74 73 21 75 37 23 65 71 34 53 3 87 51 23 94 14 44 97 48 20 95 17 28 78 89 35 90 62 99 36 95 11 4 66 46 28 11 54 59 99 1 7 23 7 44 79 77 54 79 23 72 57 49 40 44 29 43 67 69 40 49 33 10 58 80 80 42 36 11 4 37 6 26 73 45 80 30 87 22 92 69 31 27 65 97 10 77 95 53 52 14 33 43 59 3 15 56 67 38 74 0 72 31 60 61 50 95 4 31 68 25 66 25 21 5 59 10 62 46 79 73 80 5 3 97 53 10 69 29 9 89 33 31 63 49 61 32 27 67 29 24 82 91 81 58 84 
27 38 53 5 80 15 28 36 76 52 15 32 76 40 27 39 79 55 9 24 12 42 29 83 49 53 73 0 7 41 47 0 71 52 38 91 54 2 45 63 65 74 85 51 92 16 82 20 53 63 87 8 15 69 85 23 87 26 93 31 69 15 45 42 52 64 65 7 56 4 90 90 0 39 50 7 95 81 97 33 49 93 44 42 34 72 96 39 59 75 22 90 50 69 40 6 3 86 22 54 19 17 29 76 3 1 8 4 96 87 46 89 6 33 79 27 58 13 66 50 69 11 14 70 5 73 88 11 58 14 80 67 81 5 68 66 28 31 73 85 55 82 3 50 17 87 71 74 86 90 67 96 15 32 78 34 62 58 16 70 76 92 68 95 68 96 77 31 54 13 14 3 40 50 13 41 76 71 93 65 26 30 74 47 91 45 78 23 66 55 22 46 46 44 98 89 12 51 69 32 22 15 18 17 36 71 92 5 98 89 33 89 3 24 64 56 20 42 93 81 36 30 72 36 18 83 2 78 56 28 23 21 35 21 31 60 98 25 23 82 67 22 67 44 80 34 22 38 19 99 29 95 36 78 3 52 38 95 68 93 88 20 89 41 25 63 11 71 67 25 64 66 24 68 90 34 69 83 29 31 66 40 36 25 79 27 87 1 78 89 31 80 76 84 53 24 48 21 76 99 57 49 37 6 40 76 20 70 94 95 8 63 0 1 91 9 83 5 99 47 4 54 21 84 33 10 72 96 29 27 24 31 62 7 3 81 12 75 23 41 88 58 50 87 90 7 22 16 51 72 21 44 15 60 12 95 46 52 70 35 79 25 75 65 54 41 94 89 34 11 56 71 98 28 14 79 98 24 9 1 24 20 67 37 64 61 5 45 51 32 11 81 11 11 7 66 83 93 10 86 
60 46 59 27 81 25 65 38 15 41 19 18 60 5 22 29 72 59 51 37 29 4 58 95 95 62 78 48 11 70 54 21 42 22 59 17 4 69 71 57 93 26 74 63 58 19 42 9 88 72 56 16 3 51 48 32 97 36 38 27 77 11 67 98 86 33 74 59 15 45 0 83 13 28 80 41 98 83 19 0 84 67 74 34 9 60 54 1 81 11 49 26 66 22 57 12 2 18 2 2 70 35 59 89 50 81 62 32 37 19 12 4 30 59 19 82 59 13 14 2 65 41 68 14 41 74 40 16 21 37 64 49 42 24 58 2 72 67 4 19 42 80 23 53 24 14 20 28 82 93 40 62 71 0 98 27 74 35 64 53 8 93 36 33 10 93 11 79 48 17 1 31 61 19 50 4 93 79 28 13 45 48 82 94 75 11 69 80 86 41 81 24 50 76 42 33 66 56 31 96 1 74 75 31 51 18 98 37 90 50 14 17 65 58 22 5 51 9 91 25 39 92 14 53 99 89 97 99 15 27 6 20 19 4 64 64 47 99 74 51 98 39 65 63 33 3 82 92 1 16 65 91 43 56 88 23 3 52 35 91 72 17 91 43 87 82 29 41 97 40 56 11 93 38 95 12 21 27 84 75 88 99 75 46 50 65 99 70 35 34 74 42 65 37 44 83 11 36 46 87 62 59 90 32 47 91 98 67 45 75 88 32 5 78 61 33 91 15 79 27 98 85 87 24 31 65 27 9 34 74 82 30 77 35 94 23 61 59 54 73 34 21 60 98 3 17 79 1 10 39 95 46 89 38 34 52 52 76 5 24 53 88 55 73 90 16 18 84 30 12 37 82 91 74 30 67 62 0 76 74 27 31 53 6 66 41 26 47 59 78 46 78 66 50 3 92 30 78 54 70 
74 75 34 49 0 11 36 20 26 91 17 82 75 85 27 40 51 27 97 4 89 43 53 83 60 16 51 9 31 65 28 62 14 89 52 74 58 34 84 64 0 2 18 64 97 27 94 75 92 74 65 60 28 79 4 44 55 58 43 45 48 89 2 63 93 4 56 31 4 85 15 32 47 65 19 66 81 87 2 60 31 12 67 91 3 22 5 85 96 96 43 35 70 58 42 1 88 94 58 65 54 98 8 11 28 57 76 73 96 51 35 35 74 51 31 12 23 44 5 57 58 67 2 85 7 44 50 98 97 41 94 31 41 15 81 14 97 4 32 12 85 81 12 31 53 53 64 15 38 13 56 68 42 53 90 7 74 91 63 60 54 83 19 90 36 67 84 77 72 83 84 16 72 64 58 37 62 24 68 33 78 33 10 16 78 92 65 90 99 67 24 55 14 3 7 13 27 90 70 59 97 19 84 28 57 55 66 96 23 58 57 38 55 37 23 23 60 62 36 62 91 81 47 40 34 64 52 6 11 15 67 12 42 18 36 97 21 76 97 12 55 62 4 9 84 55 54 1 8 65 99 26 1 99 74 30 25 16 35 53 94 12 35 78 45 38 60 10 20 78 54 79 35 24 33 67 97 56 68 55 0 79 5 23 58 59 62 63 63 58 88 79 67 44 6 86 34 50 99 32 88 81 4 47 2 16 52 71 38 37 29 44 82 70 56 72 36 95 27 68 21 66 66 48 91 7 11 63 63 41 19 99 75 69 86 56 60 26 60 90 60 24 41 22 57 49 74 30 57 41 97 67 29 4 11 31 12 97 23 86 86 81 66 90 72 58 9 39 38 22 6 68 61 51 8 94 26 8 36 60 48 95 64 0 50 48 45 41 17 11 14 94 50 89 77 22 47 64 53 52 
58 56 27 52 20 77 37 94 48 58 2 35 22 91 23 39 37 58 17 66 70 7 64 13 96 33 39 54 49 68 98 6 74 96 45 99 90 94 77 14 11 93 23 3 62 92 43 38 40 11 27 28 84 78 17 95 59 29 62 87 5 16 64 42 70 26 68 40 5 61 8 66 68 52 33 47 36 94 60 84 38 29 58 34 14 16 56 86 3 9 40 28 20 21 70 83 17 11 94 80 76 4 46 20 93 60 86 63 21 24 14 79 3 17 84 22 61 14 3 47 56 89 23 22 72 28 41 50 19 29 5 30 60 46 15 39 96 87 91 53 36 44 81 56 36 68 31 9 67 58 44 72 3 97 77 60 59 79 73 18 76 13 35 43 24 43 70 77 45 90 8 90 81 81 72 34 0 16 76 50 58 74 40 9 95 13 22 3 85 20 30 20 81 8 6 46 80 83 41 6 67 5 53 25 68 28 36 25 19 51 19 41 70 12 18 62 73 34 68 87 32 21 44 11 21 9 26 72 84 86 90 32 54 84 25 80 86 7 61 99 78 71 44 56 45 62 80 58 75 66 73 23 98 92 86 9 12 91 57 29 73 73 50 40 58 96 78 51 2 7 99 82 24 98 54 69 77 7 92 85 3 7 87 60 86 40 30 15 67 48 13 32 26 26 92 17 60 91 86 79 28 20 78 54 65 30 75 68 1 67 59 88 85 59 40 57 17 1 86 27 88 87 64 70 68 30 90 64 35 3 10 40 21 66 58 60 38 17 85 46 98 89 57 99 39 52 21 79 50 47 99 29 46 31 60 38 69 69 18 80 19 46 94 85 16 98 2 96 6 58 13 67 59 59 98 9 55 88 69 66 61 13 52 64 66 22 10 9 43 92 58 83 45 50 5 43 26 2 47 85 
29 65 11 74 88 56 94 3 40 57 10 97 3 69 99 1 42 79 73 90 50 45 92 85 4 30 65 45 41 96 29 3 95 34 14 79 33 96 96 16 39 98 90 92 38 50 62 64 21 74 99 70 92 42 36 87 52 45 76 68 99 98 56 24 53 45 80 8 87 55 25 49 83 94 42 12 9 21 66 68 20 59 18 5 19 94 16 49 69 9 67 23 48 22 71 5 46 90 19 18 89 14 5 53 4 83 50 61 33 80 39 17 78 70 19 94 27 12 22 18 68 13 14 35 10 51 56 33 47 13 92 16 20 47 96 41 27 48 22 46 12 92 81 76 31 24 38 45 82 42 84 35 88 33 84 0 59 33 25 82 86 74 83 44 75 67 62 81 71 57 14 84 53 89 60 33 43 87 71 40 38 23 64 63 94 61 95 85 74 11 99 16 29 78 96 86 26 14 2 64 48 58 5 30 44 64 79 63 39 40 62 64 22 31 99 59 49 37 17 70 84 67 34 60 96 83 50 67 21 29 86 75 70 15 60 85 18 47 47 35 74 15 10 80 75 6 92 99 41 81 11 73 60 44 57 62 38 26 22 55 93 18 52 21 74 76 63 85 50 64 76 77 96 61 0 58 44 88 53 18 90 2 85 83 50 18 30 57 35 64 9 85 45 87 77 31 23 70 86 77 64 73 78 68 14 68 4 6 61 13 56 76 41 82 39 3 82 97 51 74 27 99 56 42 97 38 4 28 13 7 85 78 61 68 5 84 99 86 46 77 98 53 82 26 69 94 88 3 29 89 57 32 83 49 66 9 78 45 87 93 97 16 71 83 16 71 76 54 51 6 74 59 8 44 51 40 75 54 38 31 10 3 52 40 66 85 94 83 26 7 40 25 26 6 41 25 21 72 49 2 
99 3 47 87 22 54 47 17 57 31 11 76 18 41 12 97 68 86 47 99 32 60 20 53 45 99 47 47 77 26 50 71 62 3 54 29 12 52 93 78 73 71 84 30 59 76 80 64 41 22 18 34 57 35 83 61 24 41 89 62 63 53 76 98 60 13 32 3 67 0 51 71 43 44 21 32 87 45 5 85 2 72 91 36 43 34 93 24 65 82 59 61 35 41 58 42 37 89 34 59 82 67 47 31 49 61 69 55 98 82 40 35 58 0 30 96 9 20 46 7 31 0 32 73 29 74 34 88 34 35 7 25 70 50 50 18 33 85 2 18 66 25 35 6 14 54 23 79 56 57 9 65 79 78 38 70 94 36 74 43 18 71 82 2 13 44 28 53 66 62 38 78 77 4 50 88 69 26 9 56 59 9 87 79 92 88 59 95 85 43 23 40 86 1 6 1 81 44 84 76 49 19 54 98 95 21 47 90 83 96 81 8 6 69 20 21 18 13 64 33 43 79 25 67 29 77 16 3 49 80 32 86 41 32 14 19 62 7 52 47 44 56 55 18 61 31 52 50 66 23 8 43 78 56 28 71 31 67 4 32 6 11 78 40 30 29 97 21 32 57 34 17 69 14 27 83 37 88 95 18 71 1 1 58 84 91 52 21 76 51 42 51 19 28 7 53 0 82 41 87 4 37 97 48 37 95 17 2 57 32 32 2 97 11 69 85 1 26 16 12 37 98 29 33 96 57 3 94 64 15 32 81 55 42 45 49 53 37 64 84 85 88 84 2 36 37 62 5 43 74 45 97 85 86 79 21 98 21 86 27 61 0 11 69 72 64 90 48 51 97 94 45 2 10 8 73 77 40 46 73 36 12 68 83 52 80 94 36 87 76 47 35 60 25 74 60 87 63 75 32 
29 48 85 72 63 56 25 32 67 34 9 18 88 14 14 71 31 93 95 70 14 78 47 62 88 62 1 37 80 99 18 14 75 72 2 98 36 44 2 14 82 12 61 76 13 58 18 17 9 83 58 58 32 11 19 9 37 96 59 22 72 28 37 61 75 75 28 26 2 64 2 84 63 18 92 90 73 83 83 68 70 64 79 72 79 32 92 68 59 93 70 79 30 42 53 2 11 8 5 1 52 99 28 62 41 81 52 77 44 60 16 28 59 59 69 29 66 55 73 18 35 7 72 13 67 30 57 84 54 2 87 6 86 1 17 55 44 39 39 96 72 63 94 63 79 75 97 85 53 65 1 0 40 68 94 36 73 10 47 84 45 75 20 70 53 85 45 67 29 18 74 12 23 95 29 86 66 6 51 35 9 47 83 42 10 26 80 31 82 71 17 98 79 58 34 93 11 69 56 88 11 56 96 97 4 60 73 80 81 55 39 16 81 15 36 30 78 11 97 27 42 66 4 13 16 99 45 46 31 0 97 99 38 43 67 98 68 58 41 74 46 46 53 40 29 82 72 11 35 69 67 23 75 45 12 46 77 26 91 46 94 26 86 43 83 82 29 67 10 25 58 95 16 47 40 90 90 29 47 83 69 63 92 60 87 26 49 28 8 83 62 80 26 59 77 45 13 61 51 1 38 93 17 25 0 46 34 58 79 3 13 7 96 37 33 85 90 92 22 24 92 34 36 77 98 44 95 96 60 80 17 68 40 94 12 69 8 43 53 45 24 11 97 98 29 50 2 55 10 22 81 49 62 19 39 8 26 23 64 6 81 90 99 43 13 61 7 22 43 58 38 91 30 99 28 97 3 44 30 66 17 34 8 80 88 30 55 82 39 41 16 43 94 93 57 75 68 56 40 72 
1 88 49 43 12 10 2 31 87 78 71 53 26 71 24 48 29 44 22 19 8 7 82 1 82 4 66 55 25 40 45 33 75 83 29 54 98 16 23 25 76 93 27 28 66 13 17 10 41 15 27 6 50 91 35 61 54 88 27 48 49 10 68 34 84 8 12 87 96 93 27 90 58 75 91 9 72 36 47 78 45 48 45 79 27 70 11 65 12 55 24 58 51 24 15 6 45 8 16 79 55 45 89 59 53 29 7 85 28 84 9 59 84 0 5 43 77 49 54 77 23 38 61 96 87 44 71 63 0 13 46 5 38 44 19 96 6 11 39 59 94 33 4 78 98 37 55 46 56 31 76 85 47 13 62 51 22 92 83 77 19 1 62 82 86 62 31 48 24 89 70 69 79 23 0 90 92 49 31 39 54 19 93 68 5 9 2 46 3 94 73 81 38 30 71 2 50 99 42 56 43 48 74 95 30 94 1 36 93 34 20 87 17 83 56 62 80 0 82 17 18 5 31 63 47 78 43 96 26 91 72 87 96 54 37 58 12 19 83 15 61 78 64 90 28 90 86 28 16 12 50 74 36 13 50 66 72 36 92 69 90 7 44 94 70 25 4 54 95 68 57 20 49 12 21 23 52 8 75 50 86 51 42 95 68 73 94 95 28 44 55 36 95 77 52 92 89 91 71 18 33 78 5 99 4 84 8 38 32 32 19 35 25 75 50 72 6 3 27 9 28 90 92 82 72 35 90 50 66 2 89 59 90 86 45 55 70 26 57 24 52 32 45 16 61 54 13 34 50 90 20 25 79 81 11 34 29 11 59 28 44 17 60 60 4 26 62 53 15 82 55 13 44 35 59 48 51 78 65 17 17 18 79 19 81 3 75 29 55 35 94 45 27 51 6 14 97 64 16 76 
8 48 76 76 21 6 95 80 46 82 52 68 30 3 78 54 30 59 70 75 81 1 1 10 48 30 36 84 1 34 98 5 40 68 46 26 34 71 94 79 94 18 43 35 26 94 30 54 19 2 30 87 83 7 55 22 2 33 46 43 54 34 42 39 68 2 78 50 84 91 32 10 36 86 62 48 19 5 51 64 67 98 44 90 18 76 67 70 9 48 51 3 78 95 78 3 75 58 4 73 82 26 56 89 6 70 48 37 4 49 56 88 87 64 55 79 85 67 86 1 53 87 53 83 40 45 11 80 37 92 11 99 48 1 52 59 39 70 30 10 14 7 3 21 53 64 61 27 28 74 96 20 47 70 6 11 49 48 13 43 62 81 37 67 50 6 2 21 56 66 25 48 3 21 14 48 39 47 8 45 3 20 52 22 30 5 19 57 92 96 27 56 51 11 8 25 69 98 63 30 15 22 99 38 62 68 86 44 41 43 34 86 79 25 12 28 3 13 52 26 37 49 99 38 67 20 69 99 24 66 63 35 95 50 72 9 63 61 47 42 85 30 57 77 67 45 2 78 28 96 53 37 92 67 11 2 98 94 52 50 19 97 62 7 40 78 86 33 23 71 32 34 61 70 21 83 92 69 19 7 63 75 89 44 50 6 48 15 65 71 41 17 67 10 59 43 23 19 36 17 5 73 79 63 17 73 88 48 20 47 99 72 96 50 82 11 42 90 66 6 15 65 8 10 90 27 56 94 43 95 33 46 13 73 26 38 31 98 36 51 2 32 42 56 38 6 70 11 49 75 89 90 20 14 8 81 27 95 59 37 60 16 46 11 99 10 18 18 41 84 71 17 91 40 92 96 65 9 82 20 25 50 80 40 20 65 22 91 23 34 41 8 99 40 27 45 60 20 67 23 
14 25 75 5 93 56 20 55 45 41 62 57 9 65 68 56 44 50 46 71 4 23 82 30 75 73 83 88 3 7 57 99 15 92 25 56 55 94 43 22 46 65 77 83 42 9 57 93 20 49 64 63 5 80 93 20 0 1 40 83 45 39 39 76 31 41 80 45 69 68 9 5 25 28 81 97 86 99 15 28 98 58 11 48 11 52 28 49 83 98 44 86 85 84 3 14 46 40 54 57 8 24 70 39 6 24 12 40 76 18 18 0 32 89 81 80 13 16 73 14 59 83 60 58 31 74 75 94 77 77 13 20 51 76 81 84 35 0 95 27 92 49 10 34 29 34 12 23 15 18 85 71 88 92 8 35 67 77 48 24 94 20 10 29 26 66 36 22 58 80 78 47 94 74 34 49 61 73 37 45 33 35 24 95 99 73 60 24 62 21 90 63 35 53 85 60 5 72 61 26 78 8 24 96 51 40 11 54 29 62 72 25 96 43 53 54 74 62 8 10 55 38 0 68 64 44 98 94 37 37 89 27 32 72 19 77 47 27 93 80 28 9 17 11 75 51 6 77 32 7 95 48 3 25 20 14 40 6 93 51 86 33 20 11 47 16 33 98 40 78 68 17 47 71 63 32 86 65 85 12 10 40 86 3 36 40 52 6 83 37 69 27 54 36 26 58 11 60 59 48 68 7 64 78 36 86 51 16 26 26 63 66 82 73 1 47 0 45 45 99 41 19 79 24 95 18 14 37 76 8 41 83 82 89 76 69 41 76 78 38 2 7 84 4 47 70 44 59 15 98 11 78 91 78 27 53 36 83 30 76 55 16 43 71 43 32 70 50 38 75 57 79 62 43 24 81 29 76 71 23 15 93 33 50 36 60 73 28 17 35 84 54 23 53 48 15 53 77 80 40 
93 73 23 90 39 5 66 74 85 49 25 69 78 85 1 13 44 91 93 78 27 10 97 16 48 1 30 63 2 98 78 48 72 68 99 36 40 95 64 23 98 66 71 62 95 97 69 52 76 81 18 30 25 76 52 25 95 30 7 4 82 68 42 42 31 78 56 16 49 16 36 51 44 20 61 77 99 51 98 49 86 89 1 92 88 2 75 38 87 54 60 66 32 55 47 45 24 2 91 7 31 32 43 10 64 17 95 96 37 2 52 72 93 18 11 10 2 18 24 66 12 7 17 84 40 0 8 37 65 56 84 93 60 43 45 10 25 15 65 75 65 34 95 80 6 62 5 37 97 26 96 46 19 35 61 66 66 69 10 59 97 68 35 97 27 80 5 80 55 17 78 11 19 67 30 58 35 56 94 36 17 20 23 74 15 68 30 66 87 32 41 7 93 18 64 83 25 42 92 79 47 10 0 8 12 53 99 82 47 56 9 73 48 66 41 65 40 17 10 6 54 87 25 64 48 70 10 25 32 90 11 85 16 32 45 41 71 72 40 47 71 30 97 56 24 58 22 63 59 78 46 50 99 36 53 11 90 32 2 33 71 17 68 2 10 2 14 98 65 76 66 77 65 30 31 70 53 90 41 34 99 26 98 71 30 42 27 47 75 64 52 27 6 87 72 59 69 20 31 5 9 77 61 85 16 25 31 71 57 89 44 99 48 87 49 81 68 36 41 65 20 10 24 68 82 24 70 8 98 70 35 59 27 92 8 43 1 29 9 22 38 15 45 9 58 68 69 67 45 16 36 13 36 58 74 23 54 89 80 56 60 84 91 3 91 95 29 10 34 75 24 28 71 91 28 66 6 62 76 89 3 41 16 30 95 17 37 1 91 68 52 3 16 42 80 83 18 68 82 71 
82 12 94 0 81 75 15 30 99 71 47 16 32 7 92 80 34 73 75 18 67 55 79 43 17 76 68 19 67 85 60 2 77 34 21 27 67 22 65 90 6 84 42 56 63 6 42 52 12 99 98 29 76 4 17 53 79 30 75 76 10 24 95 70 12 54 58 65 9 20 69 54 53 73 9 93 41 30 80 90 53 48 71 31 18 1 30 40 46 69 79 90 64 59 87 63 10 69 49 17 63 58 92 57 2 22 15 13 88 71 95 61 46 23 45 27 39 68 49 66 23 99 71 36 92 64 7 30 51 86 54 55 66 86 34 87 69 0 82 15 7 18 7 94 34 7 94 98 29 23 44 15 77 82 98 99 30 78 60 75 16 64 20 96 65 25 67 62 0 57 80 5 7 61 8 37 93 2 40 59 59 17 85 68 0 24 61 70 66 72 58 61 8 13 16 96 49 55 94 20 73 27 6 92 14 85 57 65 28 55 61 39 42 34 13 57 17 51 80 14 61 52 13 41 27 56 62 50 88 97 29 89 24 24 72 63 27 15 56 74 2 66 87 70 37 90 7 5 11 69 94 71 91 53 41 22 37 33 66 95 32 97 14 90 83 78 77 10 94 65 71 21 39 14 34 91 80 97 81 97 94 32 97 20 38 11 62 41 27 64 88 75 5 69 34 34 44 4 7 35 40 57 39 86 63 97 76 87 19 39 53 4 7 79 99 81 0 26 63 53 48 53 39 9 45 59 41 23 95 29 68 76 32 5 99 4 87 58 99 9 15 92 77 91 85 61 69 83 20 98 73 43 81 20 57 21 66 81 22 46 50 31 53 17 54 95 33 36 90 94 17 22 71 36 75 9 24 16 91 94 18 60 84 83 33 1 24 12 63 78 71 89 55 37 74 11 63 6 83 33 
77 43 88 61 72 15 75 71 48 27 37 57 91 74 96 0 40 12 81 54 9 93 82 24 49 55 62 89 61 17 35 36 47 34 65 3 8 5 75 13 78 94 67 53 82 73 45 83 98 53 20 62 51 36 88 14 97 9 3 21 35 78 7 45 28 7 47 99 90 15 6 26 61 65 56 41 12 17 66 75 68 41 88 89 17 82 21 48 93 7 67 16 6 0 23 83 76 51 60 43 63 83 3 95 6 40 37 18 79 71 36 13 69 70 83 66 16 3 21 38 32 5 47 60 16 59 9 62 44 72 78 64 25 19 75 91 84 63 62 88 61 57 31 20 49 57 91 94 63 39 95 51 59 40 87 45 12 31 96 87 75 91 94 36 83 57 30 47 59 67 35 98 14 37 67 81 85 95 49 48 54 94 52 47 24 98 51 3 91 60 79 54 45 13 60 39 53 7 80 50 59 26 80 32 4 1 92 36 16 30 49 81 29 72 8 80 66 84 22 40 55 86 95 14 87 20 76 60 31 67 40 13 5 69 72 52 9 75 61 48 6 56 70 17 41 77 47 19 89 14 6 3 59 49 84 44 68 50 61 28 94 43 63 39 80 5 44 23 52 14 31 5 84 80 42 87 53 10 53 99 22 57 57 14 28 22 85 76 76 86 93 79 94 2 70 22 28 60 80 56 2 6 63 53 5 93 83 96 73 37 86 41 56 27 20 66 4 7 80 1 0 92 30 20 25 8 18 11 90 40 48 65 70 39 50 61 53 5 30 91 54 91 1 24 79 58 59 30 38 9 47 67 18 83 21 67 65 97 70 16 65 67 72 38 12 64 95 56 73 71 75 93 27 73 31 86 40 29 21 14 26 65 71 47 77 25 98 81 33 65 89 69 49 83 59 40 1 35 65 88 
71 27 26 61 0 45 8 87 14 3 12 36 45 41 40 69 10 29 16 90 62 8 10 57 99 39 43 7 47 4 99 65 18 29 14 64 30 5 68 44 5 26 86 86 78 7 78 52 87 23 81 33 27 58 2 97 66 39 70 50 77 17 74 52 7 13 57 46 12 79 15 1 46 93 52 96 57 26 45 9 31 19 87 91 16 75 41 57 98 34 9 21 60 59 34 73 32 63 89 86 26 97 24 89 63 12 38 3 91 29 72 39 67 10 11 47 61 19 3 32 35 94 16 46 78 10 63 71 76 47 67 76 93 18 76 33 15 43 27 22 67 50 24 67 9 2 89 98 75 50 0 6 14 34 98 90 22 50 77 18 87 82 66 14 44 2 83 44 15 94 21 39 17 16 5 45 3 56 4 76 45 29 83 24 98 86 52 64 64 60 63 44 10 66 52 69 59 73 65 95 9 21 74 47 49 23 23 8 89 8 98 56 71 42 38 18 16 66 59 10 21 82 14 30 44 12 35 56 27 86 42 14 72 96 95 48 88 31 18 88 33 51 93 54 66 15 87 11 51 3 53 52 52 94 58 55 58 21 89 25 82 67 5 88 36 7 44 50 65 68 37 75 65 87 2 28 53 2 23 52 87 43 54 87 29 38 91 17 42 99 32 36 2 36 16 57 98 26 69 37 57 90 61 10 77 2 25 71 32 25 41 44 0 47 4 15 69 56 49 4 54 12 40 90 47 79 69 90 17 38 69 95 87 57 78 32 51 66 78 58 52 70 7 52 63 59 30 15 67 54 99 33 73 34 75 63 16 49 1 79 10 77 2 59 23 25 76 98 37 65 1 62 68 23 23 60 75 40 79 36 95 74 51 76 80 27 84 66 57 98 79 3 23 61 70 63 9 82 11 59 
43 30 81 74 16 67 26 79 96 28 84 37 38 19 47 92 78 30 2 92 26 78 45 3 2 88 2 20 2 85 47 21 3 45 67 48 45 54 60 10 83 17 33 83 27 61 32 2 35 67 14 68 96 70 41 7 47 76 78 49 5 84 47 16 83 73 87 20 77 32 33 44 87 45 29 45 66 68 57 49 80 10 64 99 46 56 49 2 56 19 97 10 30 69 12 1 42 64 25 31 87 49 29 29 52 2 2 72 43 76 8 34 4 15 75 28 36 18 47 32 23 99 13 69 2 86 14 20 69 45 16 61 52 85 63 7 87 23 30 84 87 85 39 81 55 86 65 8 3 34 23 98 35 43 96 68 24 57 93 8 11 96 54 65 34 20 56 72 59 96 78 8 41 63 11 73 49 75 64 62 94 18 67 28 77 31 7 19 8 28 92 30 12 9 13 40 36 66 0 12 32 57 98 13 58 42 52 46 27 18 25 60 5 13 69 33 56 86 58 47 83 49 93 65 76 97 90 54 42 99 87 72 62 53 98 6 0 86 26 65 24 31 56 71 41 30 59 58 12 86 12 79 16 67 10 26 40 14 33 85 13 95 13 20 38 90 66 40 13 92 37 18 37 82 81 77 17 43 67 30 46 22 91 21 91 94 32 77 95 37 46 84 20 31 13 15 39 79 49 2 17 54 20 48 92 19 48 34 29 63 94 38 52 35 97 14 32 42 15 73 65 22 16 41 48 45 89 41 10 21 12 25 10 1 84 24 75 7 20 69 13 26 79 94 88 11 23 12 48 23 82 95 35 42 88 57 23 79 79 4 18 26 39 13 70 94 41 5 70 24 82 19 58 8 96 33 70 55 45 71 86 13 67 82 16 83 55 71 87 3 28 69 95 27 34 45 53 59 71 72 
51 0 42 60 91 45 23 15 45 23 63 59 7 52 32 58 84 83 99 28 91 23 79 91 37 32 21 73 57 86 58 1 24 13 56 43 85 9 5 57 53 83 24 46 50 84 14 81 40 60 88 51 32 41 82 16 65 70 11 27 28 34 53 87 89 57 36 56 59 68 94 99 98 88 2 15 99 13 17 57 79 16 44 33 49 27 23 12 94 83 1 36 90 90 18 87 4 7 13 69 9 91 10 8 9 68 19 20 50 79 17 18 29 34 73 77 62 48 55 40 36 96 7 79 9 12 75 44 27 86 5 83 11 12 8 5 77 77 84 22 76 55 25 57 7 13 4 60 68 4 70 52 64 18 33 34 99 51 57 63 41 4 14 81 50 96 50 1 58 9 29 56 96 7 23 89 96 3 17 30 10 95 64 87 45 36 3 93 83 95 59 35 27 16 32 80 93 44 30 69 97 82 69 66 38 40 93 84 72 31 80 10 40 17 33 14 39 89 24 53 30 96 23 13 88 26 5 11 12 18 49 69 73 91 74 2 79 91 92 39 72 13 45 0 22 2 12 84 7 31 94 82 87 38 83 36 60 22 60 72 64 16 75 84 22 79 98 22 70 23 43 40 26 77 87 38 69 46 70 82 31 1 95 59 46 37 17 69 7 40 80 7 80 64 79 59 76 76 86 22 7 3 40 31 64 31 63 69 0 9 83 75 26 15 96 36 43 9 3 4 86 32 2 33 36 60 71 89 64 25 98 75 3 97 45 48 42 3 89 80 16 87 27 60 65 41 17 39 27 35 21 84 16 98 50 38 89 95 29 67 41 18 17 28 9 68 60 46 39 70 29 65 91 4 14 21 86 95 69 65 89 61 93 82 78 55 32 21 37 29 2 72 24 95 45 67 89 79 87 9 
3 86 71 56 83 21 95 33 84 45 13 25 1 0 37 57 15 1 43 51 59 86 74 77 24 48 36 85 55 92 98 78 6 92 50 30 92 92 23 97 88 71 30 97 80 97 47 62 95 17 1 75 44 22 65 9 13 81 31 52 96 34 71 81 49 13 96 3 97 43 87 36 16 1 54 69 17 94 81 4 18 68 72 46 26 61 34 53 27 83 58 8 43 33 52 73 95 15 51 30 54 28 12 99 51 51 73 6 20 69 3 84 45 64 45 56 84 91 74 21 95 56 33 68 41 13 55 99 0 56 48 8 63 1 61 89 70 81 29 8 70 28 51 25 27 35 96 72 75 64 18 44 76 21 19 57 45 99 66 94 17 34 71 40 72 16 33 3 43 68 81 86 30 13 92 9 16 55 53 34 1 68 96 15 87 46 42 39 23 45 6 19 25 71 91 7 38 91 95 61 5 70 76 25 72 63 33 5 56 18 95 59 76 87 12 13 74 48 4 17 19 44 34 21 0 66 33 24 97 45 20 6 48 65 15 80 49 50 83 43 52 99 59 3 92 73 76 47 15 25 2 3 26 80 80 77 79 66 42 52 95 26 16 70 65 39 18 52 88 77 58 43 40 22 97 93 16 7 26 76 46 95 80 83 43 10 6 51 24 5 80 59 26 86 95 14 3 70 56 80 97 82 38 80 78 90 17 2 64 71 79 57 97 53 37 14 18 84 81 30 30 62 31 16 25 37 69 86 42 76 91 77 28 32 10 23 92 61 79 73 28 15 15 98 62 78 63 67 8 88 41 94 50 1 1 40 9 27 57 57 91 31 1 31 46 95 64 96 33 6 62 23 81 49 86 2 96 68 60 79 16 36 30 81 34 66 44 50 0 68 12 60 48 86 19 1 58 71 90 46 
14 41 36 12 33 87 84 94 80 98 89 69 22 82 88 48 57 17 38 79 9 40 58 47 80 9 97 24 85 93 85 13 41 39 51 7 51 72 64 89 25 96 94 55 87 73 30 50 60 98 77 26 13 51 23 29 8 20 7 7 89 23 80 94 21 14 80 45 68 47 55 60 3 38 42 33 46 20 5 93 41 2 46 36 42 45 3 74 22 83 41 35 17 26 77 9 79 99 83 9 70 90 58 6 14 80 83 76 47 5 1 41 62 67 12 28 67 99 97 43 33 82 10 31 86 31 14 1 45 10 71 20 16 8 38 80 55 62 23 60 18 39 42 55 79 18 1 91 72 51 74 52 18 49 79 24 98 0 65 7 70 80 46 73 15 73 34 93 13 8 19 68 32 66 84 79 43 28 83 61 54 75 42 40 47 28 32 90 60 90 8 19 70 19 22 37 50 93 53 50 41 22 83 93 68 30 58 16 34 83 91 41 84 9 9 40 55 83 41 36 96 98 24 84 22 93 8 87 81 4 6 75 18 24 11 34 91 39 97 31 24 53 5 12 46 59 87 39 31 27 30 50 75 47 96 78 29 8 28 44 52 10 6 19 52 19 22 32 4 1 1 39 50 24 93 93 73 59 92 82 65 18 74 94 4 92 46 30 91 62 25 28 12 15 5 91 43 53 86 99 91 57 10 85 74 98 10 49 36 47 7 41 40 33 6 33 75 59 28 64 37 61 65 74 60 88 55 86 56 32 93 90 16 9 0 36 91 58 30 80 55 22 57 7 0 65 42 10 56 35 3 23 22 67 98 19 69 27 79 29 18 2 52 65 84 98 46 81 82 35 47 61 26 20 98 65 86 84 18 38 92 40 35 44 94 83 29 10 25 33 71 31 13 97 95 30 14 93 66 36 
33 47 74 76 94 37 26 90 97 84 58 8 42 94 24 86 1 33 14 0 94 39 93 97 90 95 37 90 34 96 10 72 51 21 47 50 11 73 36 46 29 0 37 50 39 49 37 66 16 21 65 16 52 39 78 87 60 62 80 32 89 77 63 17 73 73 17 47 75 24 98 59 38 55 53 32 66 57 48 27 6 3 77 95 17 67 94 52 91 9 82 77 62 34 53 29 34 63 94 70 28 86 14 7 77 51 20 36 79 66 99 66 36 47 0 45 91 50 48 0 19 28 16 28 85 1 3 45 90 67 68 0 93 55 93 58 94 75 7 43 82 92 35 7 61 5 72 13 50 47 14 33 1 98 46 19 99 76 47 72 33 81 52 24 34 91 43 77 27 59 2 48 24 51 4 61 69 77 14 91 80 88 38 36 96 77 19 30 27 89 15 32 44 77 14 67 64 87 80 16 14 87 48 48 96 87 57 33 40 47 1 77 83 96 1 96 85 40 5 82 97 71 12 41 70 16 5 65 38 33 51 14 18 59 7 54 3 49 52 82 83 16 99 40 70 31 87 79 15 43 58 3 22 50 78 72 16 68 31 25 88 54 9 7 68 55 25 76 27 11 43 29 33 26 54 95 30 81 51 81 90 59 87 60 88 18 20 89 16 22 50 63 27 75 46 85 46 39 39 38 30 87 59 81 58 78 36 92 98 70 19 55 46 42 52 62 98 71 20 79 32 19 43 68 78 14 18 93 38 23 69 1 84 83 32 39 83 17 31 91 18 86 81 45 12 29 33 56 25 65 92 87 24 41 38 72 9 97 57 74 20 4 54 69 35 9 93 59 63 2 83 93 82 49 38 50 79 40 65 67 95 60 21 48 6 94 23 10 33 7 58 86 63 56 24 17 49 72 48 88 
46 12 86 6 91 11 54 27 99 76 2 59 7 12 31 23 96 61 34 95 41 95 27 85 99 41 57 30 97 11 3 30 13 5 55 77 92 92 1 59 53 87 18 35 73 42 78 27 33 9 62 11 1 83 98 12 24 97 54 99 32 64 35 83 99 56 89 30 9 9 19 51 48 7 38 7 50 72 25 1 54 20 52 85 62 18 16 3 27 18 3 57 13 70 24 96 40 88 77 27 79 76 83 66 56 82 10 29 41 55 69 77 90 61 0 49 15 16 57 49 59 42 75 75 84 97 18 84 97 75 59 38 17 78 6 89 42 46 65 58 90 12 79 42 1 44 58 12 64 93 68 31 64 91 64 66 61 81 36 9 60 4 62 75 16 28 4 68 29 42 93 29 90 25 56 45 8 97 62 54 89 29 35 56 50 4 48 54 77 22 36 31 48 79 0 87 10 4 97 66 41 1 28 15 76 80 11 85 57 68 35 30 51 68 44 21 86 64 60 62 39 88 76 99 74 20 39 69 85 20 5 11 27 33 67 31 96 92 19 59 63 49 54 69 21 90 52 45 68 9 88 27 68 43 17 85 44 63 64 18 32 87 55 20 30 65 86 67 75 8 27 82 27 84 15 74 16 39 19 41 86 90 0 92 27 51 91 52 29 57 83 10 24 81 8 97 22 73 16 51 52 78 20 99 51 97 2 90 94 92 76 77 62 7 24 74 60 45 33 52 93 36 56 56 76 77 96 42 35 45 79 20 39 13 82 73 62 97 15 1 29 87 57 44 7 8 3 60 19 51 49 67 61 81 59 13 84 85 87 73 2 25 77 18 65 57 5 61 84 6 77 30 5 1 28 95 34 57 70 51 73 99 45 26 52 56 27 8 21 44 85 37 74 33 35 96 0 90 13 11 
2 29 98 10 16 75 30 33 77 2 41 83 97 79 66 60 83 78 9 10 69 58 97 36 40 41 65 79 95 88 69 26 59 23 72 48 36 43 7 59 70 72 56 3 79 89 92 83 96 37 13 31 59 35 69 63 10 70 31 66 43 91 39 35 31 54 48 56 17 47 71 60 5 45 71 95 88 15 43 67 29 15 63 86 64 43 79 1 58 54 48 98 18 75 93 89 19 12 25 24 53 22 1 81 37 14 29 20 67 51 2 45 49 71 3 99 70 87 12 58 56 46 58 55 35 12 0 97 54 96 29 10 54 3 19 26 50 56 95 14 40 20 94 37 49 12 64 3 72 33 87 0 31 47 79 56 90 42 3 94 60 21 30 18 72 24 11 22 88 29 85 17 7 41 79 22 52 0 32 70 46 50 62 13 43 71 24 97 92 38 48 37 58 89 57 57 1 20 2 17 56 7 3 75 49 36 21 37 42 6 41 79 45 2 63 13 12 52 57 16 24 66 13 74 95 15 58 11 87 23 88 56 89 12 73 15 90 92 20 73 64 86 52 51 0 90 52 1 18 69 25 86 83 32 87 76 47 27 65 3 49 97 64 71 83 50 34 31 96 61 76 83 57 44 72 14 19 76 95 72 6 85 66 58 75 34 54 72 18 41 34 29 84 6 68 81 26 76 20 59 17 59 96 7 57 4 67 67 59 26 60 79 80 14 2 57 90 42 6 49 73 81 36 31 2 46 34 3 39 57 77 81 8 70 21 76 60 98 19 54 15 99 89 94 38 15 74 14 55 54 2 52 7 95 64 18 94 45 3 73 1 15 42 10 9 11 99 14 91 14 97 24 99 90 20 52 74 64 14 67 47 36 8 80 41 7 34 13 21 63 19 86 53 49 3 8 33 60 10 66 
1 52 25 1 0 61 35 42 11 89 33 96 21 51 22 26 25 93 42 74 29 29 61 58 98 43 35 75 7 98 37 4 39 28 11 48 49 3 80 11 66 62 37 54 73 27 81 5 38 78 8 1 9 97 15 34 0 61 0 51 68 5 6 87 79 74 19 38 26 40 72 64 50 7 44 69 48 96 25 58 17 0 71 39 57 60 63 82 19 87 12 15 30 94 71 68 59 39 64 46 19 96 34 29 3 64 63 40 33 81 30 13 0 16 25 68 90 75 30 21 8 50 40 23 23 71 61 54 11 17 79 61 97 27 24 25 25 53 90 12 28 12 7 93 46 63 12 11 27 96 76 36 82 28 4 72 19 14 8 14 93 22 56 74 71 21 68 28 13 46 37 32 45 81 73 75 47 27 65 65 4 45 61 31 18 50 11 30 64 66 76 4 95 48 67 54 66 98 63 40 26 60 39 57 5 78 80 94 56 78 36 33 2 41 52 0 54 92 91 40 24 98 4 3 65 5 76 9 17 10 77 50 80 65 50 51 75 24 16 43 84 67 28 28 76 35 83 98 24 83 54 87 2 84 65 52 81 20 94 18 68 45 46 73 92 11 44 17 35 11 41 73 7 93 66 1 30 81 60 67 56 93 1 94 19 63 4 42 49 32 58 6 47 84 9 82 1 96 78 67 42 28 14 57 29 42 63 45 44 62 24 76 4 52 88 62 2 39 30 30 68 67 88 0 23 77 44 40 11 38 36 23 31 57 1 27 47 41 81 60 11 58 18 48 54 94 50 62 59 80 62 23 3 96 24 73 75 41 97 33 55 31 81 6 47 87 36 38 88 74 36 53 34 53 92 0 50 45 85 7 43 21 87 90 41 75 94 0 31 21 49 37 24 25 35 87 48 3 24 35 
5 69 66 5 94 91 96 3 66 40 35 85 48 1 24 54 34 40 10 34 28 0 20 57 6 79 68 71 4 19 37 89 81 70 61 71 50 88 84 54 4 99 1 23 85 13 2 64 62 11 39 67 81 85 65 49 18 5 73 41 63 89 54 93 92 5 99 48 42 52 46 8 95 58 35 58 7 94 13 60 34 24 2 30 50 26 10 96 3 94 30 51 15 92 20 66 10 18 74 3 50 63 75 10 28 0 9 29 44 40 25 5 85 95 3 32 8 30 49 71 1 92 70 65 34 8 88 81 36 33 35 81 71 98 34 60 58 95 15 21 7 47 38 52 12 93 2 20 70 4 15 37 76 22 79 52 31 16 8 37 29 58 85 1 8 95 25 85 97 54 96 57 16 80 23 44 6 96 78 47 96 94 8 51 25 56 27 56 3 30 4 28 82 18 14 20 45 63 82 1 89 14 85 2 4 97 89 18 23 37 65 76 62 3 0 57 71 51 39 28 53 93 2 95 9 47 64 70 79 43 78 82 71 49 34 28 46 60 80 65 75 97 45 76 17 7 30 90 67 45 27 61 97 81 33 44 92 71 28 58 81 5 57 26 42 24 79 78 34 95 76 2 43 70 91 22 56 74 11 10 87 91 87 86 63 70 60 39 71 56 58 29 3 55 63 53 27 51 12 40 33 60 29 68 94 34 63 67 88 8 24 34 77 25 70 44 24 69 52 63 80 24 18 6 10 28 11 44 16 91 8 7 86 77 90 97 28 83 36 35 63 82 82 2 5 32 82 15 63 48 49 93 17 41 99 82 73 27 54 34 91 18 0 47 53 72 85 6 41 59 12 89 80 94 8 81 33 46 77 86 9 48 58 29 6 93 7 60 12 54 81 16 64 57 36 0 99 64 72 9 
22 53 37 70 44 45 93 24 87 17 0 85 68 73 25 94 1 43 36 81 92 8 14 10 73 85 88 48 70 9 16 42 87 41 84 89 77 36 60 47 55 7 47 50 94 28 64 4 16 7 35 65 88 21 49 55 20 89 44 82 93 59 80 64 14 74 45 35 10 97 6 17 15 2 33 86 15 79 92 96 26 17 36 99 20 25 52 84 1 40 47 96 33 98 38 28 77 62 28 67 83 62 99 94 81 61 64 16 5 64 97 34 4 49 26 48 84 16 21 52 70 28 95 62 72 78 24 6 79 24 96 54 53 57 7 67 21 95 26 57 18 13 71 37 81 67 47 19 93 58 62 40 49 20 2 25 69 83 51 65 81 28 35 72 51 80 34 8 1 2 96 80 18 96 6 50 17 47 89 89 34 79 13 51 81 4 69 69 93 61 95 57 41 27 79 36 53 57 23 16 83 57 2 87 79 8 65 72 0 17 1 45 72 39 86 82 11 80 20 53 58 60 72 67 14 55 17 2 47 50 19 16 54 84 59 58 91 48 49 96 15 17 47 16 17 31 95 49 6 96 30 10 58 93 34 95 9 61 60 35 2 50 70 55 99 59 5 14 49 46 62 38 5 39 47 34 27 13 55 95 98 88 93 48 97 6 68 4 40 45 70 7 62 81 28 2 28 6 58 47 66 29 76 69 10 24 72 6 2 10 85 21 11 0 91 14 89 76 99 43 74 88 61 30 13 35 81 88 84 61 27 60 61 25 67 21 67 58 83 84 84 11 42 82 34 32 57 60 64 48 87 24 43 84 39 54 93 32 84 31 64 16 8 26 2 26 46 15 67 15 56 89 99 38 18 27 82 28 15 19 26 96 32 78 8 15 54 74 13 96 67 40 34 72 13 96 65 60 98 95 
70 45 59 85 83 45 8 27 32 84 36 59 57 30 66 29 24 39 82 24 30 11 60 49 17 15 9 27 7 15 76 64 29 86 8 75 10 19 46 79 54 9 82 23 87 25 24 90 71 70 21 44 78 33 96 50 97 14 86 47 63 83 97 47 55 88 75 72 10 11 66 35 82 97 67 28 56 16 84 1 30 30 82 84 39 78 11 22 91 86 14 63 42 53 56 28 24 53 83 28 51 75 5 70 12 22 24 33 46 45 20 89 4 29 0 29 5 99 12 74 38 97 90 83 70 11 48 14 5 28 77 34 43 58 7 20 30 74 5 35 55 15 77 75 61 58 64 14 10 10 76 65 42 29 90 97 81 78 36 69 65 13 21 90 16 44 48 78 22 95 85 41 90 62 6 66 97 21 46 72 36 61 84 52 36 45 17 26 55 75 89 50 60 88 99 5 37 81 76 56 68 3 90 32 36 22 61 99 1 74 6 82 75 30 14 11 79 92 21 9 82 16 43 1 46 81 15 59 23 49 42 30 6 40 98 60 24 95 28 97 24 21 59 62 65 67 22 41 23 32 44 83 0 23 74 93 4 72 24 7 32 60 99 94 38 89 42 20 94 81 68 9 15 14 70 4 88 82 62 71 21 76 75 31 89 75 57 87 13 53 3 78 3 26 39 3 95 86 42 13 34 12 9 7 13 89 27 73 72 21 61 48 79 84 62 75 7 87 74 98 10 36 16 75 85 23 22 35 2 51 2 82 9 53 83 54 86 30 2 45 19 59 78 13 40 64 36 43 92 41 75 71 30 45 11 75 72 64 76 58 10 80 14 44 94 34 58 3 34 69 87 31 15 71 46 61 1 8 83 72 59 16 77 70 97 20 24 30 35 87 68 65 35 25 89 22 9 16 5 33 
14 23 62 88 87 35 1 49 60 56 5 42 1 24 40 18 71 54 78 31 26 1 4 72 17 50 92 13 23 64 65 13 13 22 90 75 40 54 10 88 4 96 63 0 57 9 87 27 69 81 15 42 74 47 86 54 97 67 43 57 11 0 19 66 47 12 60 97 93 36 19 79 85 0 33 7 75 47 16 38 2 27 29 5 50 27 91 40 70 40 10 97 93 86 8 9 25 55 8 30 74 85 34 18 84 88 47 62 51 14 57 43 78 58 37 97 6 15 98 54 65 14 85 53 74 12 55 50 86 65 94 25 23 6 72 52 40 65 88 38 90 18 15 30 34 28 70 9 39 46 89 39 68 15 79 86 61 4 11 52 94 32 94 70 61 33 49 58 90 45 94 15 75 63 26 5 97 71 54 98 24 55 50 31 97 52 21 96 78 17 99 3 46 34 39 66 15 35 85 31 96 98 55 80 3 26 34 71 27 73 27 71 77 44 34 27 64 18 95 58 62 39 12 17 29 94 83 85 62 80 35 96 84 38 80 61 12 73 14 50 76 97 50 34 98 80 69 75 7 19 5 21 56 89 82 27 27 19 92 74 20 1 29 32 42 99 33 95 24 77 84 58 61 91 39 71 96 95 79 18 92 45 7 41 84 57 41 28 85 35 27 18 55 96 25 8 16 27 29 26 99 7 26 0 90 55 58 40 22 21 32 53 51 35 44 13 50 26 56 70 77 9 63 45 75 95 60 52 16 20 74 1 11 97 61 4 65 64 63 70 9 54 59 3 38 76 78 41 67 48 68 93 6 65 98 57 66 96 66 15 13 21 54 13 14 81 80 25 88 85 93 35 0 90 65 17 7 38 59 38 26 72 54 98 65 3 14 97 30 93 50 6 8 26 46 94 8 57 77 72 
50 91 73 79 83 57 58 62 69 72 88 88 64 80 24 73 80 43 48 79 43 48 22 24 60 42 78 79 63 27 82 12 75 43 52 58 22 83 46 35 1 14 21 82 95 53 58 65 38 54 24 60 23 87 92 26 57 31 65 84 37 18 97 6 12 49 27 95 98 29 45 88 70 80 65 89 14 71 78 74 51 82 82 39 8 37 9 59 84 0 77 62 61 94 88 2 72 1 53 26 30 49 2 96 76 2 86 13 22 47 2 34 96 28 86 53 73 54 57 60 51 5 68 73 44 83 95 39 96 72 33 60 86 4 7 92 43 60 26 37 37 59 92 90 8 41 83 45 43 30 24 24 0 87 79 84 41 81 32 13 50 84 26 45 79 83 78 99 92 54 58 81 86 17 38 89 87 47 78 72 17 53 33 4 31 64 70 4 52 12 73 46 64 74 45 4 64 41 44 66 38 60 66 42 5 95 73 29 94 27 23 89 7 11 14 12 7 41 25 16 53 68 36 83 62 95 22 34 9 65 64 64 94 7 93 56 15 39 28 66 80 10 62 33 37 24 61 11 52 38 7 77 37 9 39 27 94 18 41 38 95 9 8 22 26 73 65 98 7 51 45 81 65 71 23 12 44 80 11 94 50 24 42 83 67 55 39 67 42 26 5 29 45 23 74 59 4 83 96 53 89 73 26 14 90 69 17 5 7 95 63 8 18 13 64 37 92 98 91 58 82 53 7 90 27 29 35 20 24 46 87 80 45 44 84 24 30 46 81 37 82 22 95 26 95 7 38 87 98 59 25 70 48 82 92 50 58 74 99 5 4 53 90 76 72 68 31 32 49 61 3 35 42 75 81 11 85 20 8 82 24 56 7 3 6 9 22 41 61 74 78 73 30 75 44 80 9 45 83 81 
12 50 55 4 66 4 66 16 21 18 73 18 47 43 2 78 47 49 13 2 40 45 52 37 50 2 11 73 77 47 91 72 74 69 33 55 14 55 34 85 94 44 87 94 93 70 82 43 28 0 39 49 43 67 72 72 34 37 1 43 71 74 81 29 87 22 81 73 23 42 5 53 92 29 56 83 64 55 55 97 96 5 86 4 63 84 91 7 20 67 83 17 99 90 75 67 63 29 66 82 8 11 99 12 99 83 73 1 75 80 65 5 27 25 68 28 71 76 1 30 35 62 73 28 49 31 70 90 11 58 9 17 29 40 75 44 24 33 82 3 83 95 23 15 61 70 43 92 52 20 94 84 40 5 43 87 86 25 98 31 34 93 82 14 27 4 63 22 6 87 14 17 26 47 14 69 31 97 64 6 96 58 2 37 86 96 21 11 85 5 26 10 61 66 45 59 81 79 25 45 46 37 23 48 88 80 58 34 32 82 98 86 45 99 56 18 21 51 14 55 34 97 28 2 18 62 9 1 55 40 97 99 71 23 79 40 59 5 11 32 52 13 35 93 15 52 25 75 53 66 91 84 98 30 42 12 91 43 40 7 22 61 85 96 5 33 7 76 13 4 33 44 44 99 17 91 0 87 18 15 87 25 68 69 88 65 13 95 32 22 24 43 64 81 28 5 0 39 19 17 97 84 51 73 19 90 73 87 42 78 8 3 22 21 49 24 93 60 57 4 79 28 98 53 12 36 37 54 33 30 11 26 8 54 66 47 85 92 83 26 25 27 42 58 50 32 26 66 79 41 21 11 74 7 22 54 71 35 93 90 47 4 34 44 48 88 14 88 11 55 83 63 43 40 35 29 60 19 74 57 24 31 63 79 49 85 39 38 95 8 12 90 11 50 94 19 39 59 31 34 
60 17 28 27 6 52 38 52 35 59 58 97 51 53 69 65 30 37 15 68 47 92 82 17 19 33 77 70 73 39 61 21 56 93 24 85 33 62 40 18 88 74 62 93 97 29 68 12 7 54 0 17 67 55 58 96 1 3 96 93 93 68 48 74 20 83 33 14 21 72 33 79 21 42 22 62 37 14 56 57 63 78 31 32 76 98 2 70 73 26 47 89 47 15 39 4 99 66 36 98 45 81 77 45 4 49 62 60 99 24 65 27 11 32 32 66 37 83 40 76 17 81 13 70 67 14 19 21 69 8 33 92 57 53 3 77 32 69 57 14 15 15 98 7 90 52 47 14 94 44 41 77 11 31 96 51 94 35 76 50 34 88 43 29 58 52 81 70 62 89 69 64 34 35 29 68 36 26 39 9 68 7 73 91 26 22 86 25 47 44 34 45 95 34 40 80 22 74 45 65 45 44 16 19 47 36 64 11 77 90 26 94 22 38 39 23 59 49 24 20 90 75 52 86 43 90 18 90 71 47 36 37 29 88 31 99 91 98 84 92 6 64 42 87 68 96 85 75 73 88 74 43 31 59 28 5 35 17 22 46 5 32 66 12 55 88 38 63 81 38 69 90 74 80 12 9 95 40 21 3 88 31 15 74 27 92 96 93 86 89 52 9 35 87 47 74 58 28 76 76 9 34 70 42 30 23 75 90 2 64 60 23 20 18 53 98 74 5 57 66 8 95 28 46 81 5 94 69 2 72 11 46 11 31 45 75 80 23 65 70 65 59 90 1 18 41 6 11 14 92 19 33 73 11 53 66 79 43 28 26 47 68 21 87 40 10 16 42 31 29 60 60 76 49 63 4 53 4 83 80 5 16 57 54 18 26 88 17 6 91 73 71 82 81 7 54 87 77 44 50 
12 38 98 45 68 54 70 14 26 63 12 46 78 33 85 52 70 74 77 54 85 71 85 84 18 89 93 41 56 46 61 0 17 60 33 21 20 66 72 44 32 86 41 24 78 39 17 4 85 13 20 10 52 37 96 73 35 53 82 53 68 87 98 15 1 25 6 51 25 1 1 57 63 30 69 7 59 22 6 13 52 41 33 52 52 75 70 29 38 17 40 33 14 78 29 77 80 75 12 11 14 15 21 13 71 25 18 23 23 7 8 72 14 80 56 29 44 72 42 8 58 10 9 30 2 90 92 55 30 36 33 19 35 93 72 62 5 25 26 43 50 16 79 96 15 61 44 57 96 11 49 19 92 2 58 3 16 94 64 79 92 51 3 92 80 17 26 5 4 60 90 79 95 2 14 26 92 0 42 95 88 42 35 30 58 87 7 17 85 28 25 69 34 8 7 97 54 4 90 41 72 48 86 16 26 54 46 62 39 96 82 43 13 16 76 32 46 35 28 11 85 95 23 0 14 15 89 35 68 3 13 24 74 83 49 82 91 22 44 91 87 95 80 10 74 45 87 74 63 72 48 34 98 31 45 73 26 91 41 53 82 60 11 62 37 47 33 76 47 60 42 25 85 28 8 76 20 45 86 95 54 65 80 70 90 68 81 80 53 10 42 33 1 57 68 92 81 35 40 71 29 50 48 2 19 71 85 28 10 28 59 92 50 70 56 14 36 42 89 36 8 56 93 35 40 72 40 38 22 91 99 51 53 42 40 15 32 88 92 31 48 70 63 52 83 18 28 3 88 50 30 45 65 63 47 24 91 15 86 83 37 74 54 3 44 51 32 15 29 51 89 20 50 52 94 20 10 99 68 76 11 90 4 72 27 84 77 76 63 97 67 68 33 94 4 55 4 56 73 76 
8 57 60 72 45 80 11 32 17 76 68 86 16 91 10 37 59 51 42 34 34 26 15 56 43 42 35 12 52 71 83 66 99 76 41 39 4 31 84 11 55 65 7 88 56 17 90 83 51 12 21 91 3 78 66 0 94 58 49 86 9 43 86 6 26 65 19 44 43 46 15 10 61 99 14 47 61 97 82 47 58 0 45 38 39 24 56 48 10 31 39 92 85 80 6 44 3 65 72 19 27 63 9 0 9 88 9 66 13 21 31 21 28 93 35 80 96 6 92 99 7 31 17 23 27 26 6 83 13 94 94 5 59 88 10 46 30 65 96 94 64 51 53 20 6 89 27 25 69 96 20 81 2 47 79 78 64 57 88 52 93 58 66 50 91 59 62 71 16 38 99 15 80 46 96 16 27 62 81 92 31 28 86 80 98 79 76 98 34 45 50 70 48 75 23 6 88 46 80 20 92 4 61 88 43 25 47 42 91 74 41 37 32 39 39 65 99 16 14 95 88 66 65 46 39 79 87 67 89 84 18 28 5 37 79 82 72 82 63 54 27 36 38 25 38 97 34 38 70 20 79 24 87 93 8 47 94 89 64 36 14 8 30 56 67 62 37 72 4 72 72 27 22 35 90 64 25 38 61 87 2 45 84 45 73 60 93 30 95 0 51 23 92 84 73 24 83 20 39 71 50 79 70 34 96 49 67 97 76 27 46 92 47 53 57 63 29 72 98 43 28 98 60 44 34 11 75 35 56 34 41 71 34 59 89 98 57 65 26 13 23 94 19 56 22 26 49 54 19 34 8 57 32 78 91 56 92 21 35 26 78 75 19 67 93 96 65 72 82 23 78 39 42 73 78 71 2 27 30 65 52 44 11 36 80 20 32 23 30 78 87 16 42 33 68 95 5 74 37 63 
70 7 53 76 22 26 91 58 23 67 54 57 79 4 99 34 3 84 22 52 93 10 33 54 99 7 5 0 33 9 14 4 86 57 1 68 26 47 0 25 54 8 98 94 64 81 96 24 61 82 22 20 68 13 50 76 29 53 98 70 74 85 76 15 21 21 91 94 66 99 43 3 54 93 90 79 52 70 1 45 10 74 45 14 88 48 78 77 41 3 71 60 46 14 35 79 91 3 79 15 94 73 70 17 79 14 45 60 26 37 47 87 67 69 20 27 95 73 64 9 1 73 95 39 8 12 79 29 80 83 9 58 47 31 59 46 77 79 33 90 54 13 38 98 75 89 70 95 15 45 94 13 44 31 36 46 64 24 95 96 29 30 9 96 68 96 27 95 29 44 40 97 12 90 78 51 42 75 34 25 12 93 18 25 59 57 40 62 31 60 72 97 41 22 94 40 46 24 65 28 74 81 75 80 21 64 79 46 1 16 35 34 64 35 61 0 36 47 40 43 68 98 74 7 48 57 33 11 16 39 95 60 81 46 66 84 80 95 84 66 83 50 54 9 97 29 79 19 22 81 60 16 47 12 65 59 11 13 82 0 22 61 11 35 76 76 61 88 2 7 10 92 77 63 87 14 11 61 4 21 93 87 39 86 85 80 77 45 17 52 81 8 88 78 46 22 86 89 91 17 74 24 9 91 1 89 86 55 84 53 99 67 90 10 39 60 77 72 13 76 82 16 26 11 19 42 64 45 96 54 14 35 64 38 37 92 69 50 90 74 42 56 2 13 76 40 38 91 95 98 82 92 51 99 64 88 58 6 69 83 52 88 68 45 84 38 86 42 24 77 89 59 20 53 47 66 15 55 37 2 60 61 93 23 95 76 28 64 66 52 68 77 65 57 78 59 59 42 15 82 
67 85 61 67 67 30 79 94 28 9 24 26 62 65 59 18 14 35 42 66 9 65 71 91 35 43 28 30 88 39 90 80 65 40 3 34 6 34 42 23 34 44 3 2 48 46 63 56 73 83 10 99 37 26 56 8 62 9 13 18 19 82 13 19 74 57 98 63 41 81 15 66 9 14 69 11 99 40 24 71 58 10 28 74 78 81 8 40 39 2 23 54 9 21 53 84 19 96 52 38 89 51 84 66 62 57 67 5 49 15 97 19 24 51 76 8 98 80 43 24 22 52 28 15 29 42 86 6 10 5 20 49 72 24 35 85 28 60 29 47 69 3 75 17 48 26 17 61 15 97 52 84 89 34 21 81 91 23 19 50 30 8 77 21 32 76 93 7 3 23 75 70 48 36 54 37 72 71 8 32 57 14 93 67 54 44 14 7 56 18 70 31 80 17 20 61 49 20 18 81 12 66 9 17 84 46 98 42 67 71 53 93 26 38 28 50 88 54 6 89 59 70 85 58 94 25 33 43 86 30 5 6 73 53 91 5 51 30 43 52 61 56 12 94 40 13 54 60 92 92 83 32 16 27 53 30 35 2 51 51 79 15 56 44 37 36 32 89 41 82 92 45 47 75 96 52 94 47 7 54 93 62 47 12 87 1 30 4 23 41 64 46 48 84 5 40 9 43 29 2 80 31 54 54 12 29 7 2 61 12 23 75 15 88 91 12 77 68 7 60 79 47 78 92 86 7 93 73 95 90 34 15 18 38 73 42 72 28 27 74 92 16 45 28 42 74 27 93 1 72 82 1 14 6 90 28 0 94 28 4 94 73 51 73 7 93 97 55 68 2 29 12 47 95 82 37 55 40 51 86 56 89 53 56 68 92 16 35 42 43 90 56 98 1 72 64 13 58 42 1 
7 61 5 69 34 53 83 53 93 91 14 64 45 59 21 44 10 19 56 0 41 96 94 7 64 36 72 11 50 20 95 77 53 35 98 69 6 26 29 85 24 41 54 43 20 54 26 42 3 25 97 84 4 20 58 61 39 87 16 19 6 71 82 39 3 62 42 7 26 18 75 28 49 60 93 74 9 50 76 13 39 24 49 90 51 14 36 11 3 47 20 59 83 30 93 30 76 4 19 59 2 93 44 7 23 30 8 53 21 48 82 86 39 86 38 59 46 48 21 41 61 54 56 48 59 19 25 55 24 32 34 3 87 20 63 33 66 49 63 17 71 86 25 5 50 22 77 11 30 85 40 58 80 66 12 42 25 93 77 73 92 70 43 93 12 29 93 11 95 31 73 42 23 33 58 77 80 64 2 65 58 25 59 31 56 22 32 36 18 0 55 1 87 22 90 89 86 18 2 69 85 74 44 43 86 58 66 99 33 92 32 22 27 32 76 11 46 73 75 2 17 28 61 47 77 76 6 60 95 17 90 54 40 89 94 45 79 28 8 54 10 34 41 53 48 66 65 15 69 25 62 17 14 57 72 42 58 68 41 13 41 56 65 47 93 36 68 48 66 6 43 23 70 66 87 3 73 91 96 46 69 97 25 33 45 71 32 10 55 82 29 1 31 26 66 43 71 58 94 87 56 94 2 37 70 48 51 59 2 0 81 65 90 21 20 9 59 51 93 96 87 54 63 44 22 22 74 99 30 49 87 10 68 55 86 89 56 56 65 82 48 19 34 24 1 49 22 46 47 75 3 4 35 32 15 41 13 38 69 98 86 48 17 70 2 17 63 62 10 15 49 39 98 73 70 66 65 45 61 15 81 92 17 29 73 49 16 29 16 97 3 9 84 47 70 63 34 75 73 29 
36 63 74 71 52 19 76 56 43 25 83 65 78 11 28 56 39 19 83 19 20 23 64 27 31 19 55 20 53 91 60 86 37 89 1 62 23 15 41 85 54 85 57 84 97 42 28 92 65 71 49 0 23 4 76 73 96 82 32 18 58 92 35 88 5 66 38 99 66 15 57 34 14 5 3 67 42 63 17 6 77 86 36 96 76 96 98 55 5 41 85 40 94 70 48 12 68 44 21 47 85 5 88 42 99 78 28 19 66 80 27 86 29 90 21 74 32 51 95 40 52 16 77 7 48 82 49 61 75 29 66 9 57 75 29 38 14 50 62 79 28 67 61 47 73 61 95 42 61 25 35 53 89 76 98 19 56 50 62 28 40 36 77 98 41 76 53 73 26 78 83 35 36 99 29 26 83 58 8 49 10 67 54 41 94 35 54 11 62 63 45 96 74 0 45 97 37 23 29 93 63 39 24 77 75 12 37 86 33 21 94 83 3 95 91 77 77 63 38 95 91 77 93 38 10 3 15 67 30 70 99 31 14 88 73 3 4 9 34 80 90 73 74 75 77 58 24 24 42 38 98 24 10 13 69 54 82 76 83 76 6 64 7 77 94 0 70 53 67 64 67 83 83 56 56 94 79 5 63 35 87 94 97 26 31 21 10 31 13 35 69 27 8 53 35 83 19 29 6 40 48 8 58 64 3 57 32 52 1 50 93 22 70 10 25 64 15 55 84 82 92 40 41 5 81 85 65 52 94 14 94 84 12 77 61 46 98 80 81 32 48 75 66 84 47 77 52 47 97 29 67 10 2 71 54 97 51 72 54 81 54 38 2 80 66 72 70 78 84 77 72 94 3 55 69 13 0 45 39 59 89 61 34 76 19 20 21 64 89 27 91 94 63 7 46 28 31 23 79 0 
34 84 58 3 58 69 64 95 39 5 62 51 52 66 35 63 47 99 2 45 80 24 1 98 77 4 34 74 69 95 84 7 19 85 9 35 18 95 9 99 3 65 88 55 89 55 16 48 55 32 49 81 82 40 83 29 85 61 22 32 27 84 91 88 68 81 53 1 34 8 5 92 93 17 35 40 48 46 34 95 2 28 98 92 69 51 3 48 66 94 89 58 22 55 2 18 39 50 4 90 98 48 52 60 3 1 41 50 89 46 77 95 81 41 0 69 25 66 63 3 97 3 68 17 56 66 59 66 55 93 56 29 86 23 53 15 24 5 31 4 85 35 36 92 38 44 37 76 76 55 37 69 13 32 7 48 4 79 40 59 61 23 66 91 47 5 86 26 5 1 49 59 51 89 9 27 23 94 99 86 64 92 98 43 82 78 14 96 22 52 57 78 3 34 70 15 76 66 57 21 28 78 27 82 16 84 62 60 76 89 35 15 41 47 61 80 28 19 77 81 43 79 96 98 84 40 92 54 50 10 51 47 32 2 80 78 83 92 28 10 63 87 48 14 33 90 8 25 8 16 7 94 46 82 44 17 4 32 12 32 84 5 48 81 85 58 14 63 4 22 15 86 50 19 60 80 18 24 89 50 5 78 69 72 87 83 56 20 91 17 93 80 42 19 4 54 88 83 19 88 75 12 95 56 60 68 9 81 79 49 93 46 95 63 79 22 34 73 61 21 66 25 21 71 0 89 7 87 96 23 36 17 69 99 15 43 82 36 92 92 49 64 12 97 19 45 73 25 32 36 19 56 81 59 98 16 11 45 84 27 29 80 65 51 5 88 57 27 95 70 21 29 35 3 6 13 44 46 7 5 72 28 66 52 14 11 49 4 38 20 32 11 4 97 85 2 11 13 35 81 
43 34 32 85 25 65 75 23 98 72 93 57 91 65 1 58 71 17 17 62 57 79 15 67 96 73 2 17 64 44 74 69 95 72 9 56 15 46 50 54 6 78 58 85 0 99 34 50 87 65 32 91 57 16 69 78 9 86 70 89 47 47 61 42 85 16 27 81 50 74 4 84 19 99 51 34 59 14 3 59 59 91 44 35 1 29 2 52 76 31 66 14 60 88 26 45 40 6 12 5 17 14 77 81 49 21 8 56 4 58 89 41 77 47 90 73 1 77 85 59 23 84 18 67 44 97 31 77 13 38 10 83 49 88 77 10 72 79 85 42 84 11 7 9 96 33 26 98 46 88 67 16 9 69 41 56 86 76 78 67 22 52 53 40 25 93 88 55 57 89 57 61 58 22 75 67 93 33 60 73 67 85 60 10 47 30 37 6 18 16 33 27 46 41 63 44 97 85 21 91 3 15 86 84 62 69 47 42 46 79 56 35 76 30 84 7 83 87 28 9 85 49 4 32 89 43 43 70 33 57 34 50 67 41 18 92 13 29 49 19 58 20 61 31 29 78 59 71 24 16 55 64 5 99 69 10 88 79 52 34 14 63 13 26 72 64 22 9 6 47 7 74 93 82 12 46 27 85 76 55 38 69 78 16 81 30 39 18 70 90 35 26 27 61 19 64 30 26 86 94 78 97 86 74 80 47 97 39 49 71 97 35 54 50 45 80 54 30 29 0 59 26 24 7 8 1 79 3 53 24 17 52 11 89 85 39 38 41 56 79 20 24 16 10 63 80 91 45 82 59 92 23 8 25 39 84 38 41 27 5 46 2 77 58 35 30 10 54 83 10 53 6 6 65 70 4 50 57 2 74 32 73 48 48 64 38 15 99 3 64 97 90 8 21 44 64 57 91 99 55 
28 77 67 67 90 76 26 67 29 3 52 73 16 61 24 59 67 64 78 72 78 22 94 35 67 19 19 28 62 46 29 37 76 85 99 87 61 10 94 5 42 12 2 19 91 77 82 95 54 53 70 96 40 62 94 40 80 22 22 48 9 98 48 53 63 24 37 25 89 15 80 10 61 38 96 66 24 42 52 88 24 4 92 70 15 38 73 64 62 36 61 96 42 83 4 14 49 65 89 22 89 8 65 7 80 39 69 38 95 41 67 27 69 29 24 4 74 61 47 88 61 83 59 85 77 69 16 85 59 0 15 21 53 35 33 71 61 1 7 70 97 92 67 56 41 24 5 7 30 47 99 19 82 34 97 39 47 92 42 93 44 29 27 71 86 10 68 4 91 15 48 35 65 13 92 14 93 69 25 5 78 40 82 86 28 41 7 81 27 16 4 51 17 40 92 68 3 44 26 63 55 25 85 49 79 87 86 94 32 24 26 26 22 21 88 44 95 39 9 47 2 9 67 67 85 1 63 75 96 48 30 98 60 26 30 66 32 25 60 79 99 97 37 74 10 96 77 70 75 14 7 83 3 36 27 68 84 96 80 0 5 0 46 17 46 60 14 49 95 13 67 46 25 16 10 24 71 78 45 0 53 33 61 34 74 23 87 11 78 26 35 56 79 75 36 84 14 18 91 36 48 94 59 59 38 53 44 28 76 7 59 25 44 76 14 27 35 35 53 3 60 37 7 99 14 13 68 17 90 40 31 36 20 48 92 9 62 33 65 11 77 60 88 98 57 76 31 92 19 1 63 81 17 62 30 57 48 90 80 31 0 83 91 68 45 83 26 8 82 26 79 5 67 39 5 22 63 79 32 65 37 79 62 72 29 82 54 32 31 10 15 60 28 81 51 89 78 79 56 62 
9 22 15 49 21 86 51 30 26 14 85 27 9 63 66 89 41 55 84 67 94 45 80 96 53 91 7 66 76 76 15 64 51 55 89 56 55 3 41 77 6 93 50 98 36 43 58 76 24 63 12 80 78 31 24 93 47 81 42 72 13 14 72 1 9 79 69 49 34 28 22 76 60 77 2 37 65 77 24 60 42 64 49 95 97 72 31 88 82 4 62 54 40 69 64 82 14 28 74 21 65 64 13 95 35 40 38 77 48 56 22 29 92 68 93 10 53 36 21 48 87 58 57 65 17 77 34 6 58 20 14 7 32 43 67 29 11 75 78 61 57 31 77 33 29 34 62 30 18 92 49 94 21 29 68 69 53 79 61 99 25 54 15 84 68 32 12 26 93 23 22 70 1 28 21 69 1 66 93 70 78 2 77 73 36 11 95 33 99 77 56 5 0 10 26 68 47 33 40 31 48 39 94 60 8 62 18 68 56 55 78 15 0 35 99 55 49 22 17 34 51 73 8 1 91 52 79 50 56 41 51 40 72 62 38 62 76 21 71 12 67 39 25 60 57 20 16 0 67 57 40 55 50 33 1 47 32 28 29 26 60 88 76 44 22 14 81 44 55 21 54 41 2 73 97 39 70 88 28 93 30 27 18 53 83 63 27 62 93 30 82 38 69 2 20 24 17 62 40 19 68 46 41 56 23 25 80 28 72 66 42 78 2 94 60 27 46 89 45 91 33 38 96 27 70 80 91 48 69 94 83 71 19 45 77 77 88 48 8 44 75 84 68 50 12 1 30 50 84 81 89 1 72 44 20 52 95 12 33 11 18 10 34 27 57 32 78 19 84 8 70 75 29 33 48 70 48 40 7 34 48 2 21 85 95 56 18 67 57 95 58 65 37 26 0 52 73 52 95 50 
23 22 78 20 72 40 31 81 60 19 29 30 70 80 14 91 81 66 78 44 11 17 49 87 89 42 43 21 40 21 18 0 82 22 59 16 79 95 37 24 26 62 82 35 27 43 40 26 67 79 3 56 22 39 59 77 99 6 77 47 4 48 1 86 64 57 63 74 75 57 18 59 53 5 75 48 42 87 6 18 55 85 86 19 36 15 44 90 53 46 71 18 95 75 41 51 1 21 24 83 59 46 33 73 41 40 68 78 11 4 62 57 75 22 8 88 11 35 64 75 2 10 45 97 17 48 2 61 54 28 63 99 11 86 75 74 55 36 77 8 82 54 22 20 51 8 62 96 15 17 47 3 55 26 6 20 52 74 15 72 42 4 24 25 19 29 8 63 50 43 33 95 76 25 3 10 33 13 71 78 58 51 93 71 50 71 84 97 98 92 22 65 49 95 34 1 56 28 0 32 15 98 94 34 60 77 29 52 35 23 38 79 66 56 1 63 54 3 89 77 26 76 25 12 52 59 7 8 65 1 87 28 92 86 30 98 46 30 24 97 1 36 86 50 42 80 12 58 27 64 22 55 21 65 37 8 90 70 77 70 39 33 77 24 27 5 2 99 91 73 83 51 65 3 28 20 67 75 66 89 94 12 39 93 78 27 70 6 31 19 65 82 80 73 9 16 56 37 58 20 98 92 4 46 25 88 92 53 64 56 7 15 70 21 76 31 5 2 40 49 36 46 79 49 70 35 32 23 9 45 61 22 12 40 21 71 40 39 98 24 5 5 18 16 67 9 28 82 55 22 99 70 96 71 79 47 1 69 62 89 80 76 1 72 23 2 39 6 67 16 14 14 70 69 49 34 94 18 40 2 22 23 70 61 27 98 44 26 43 85 83 83 56 60 80 11 69 61 29 18 
85 67 63 10 88 61 86 63 17 31 13 82 85 37 46 5 45 47 75 49 46 65 19 97 54 40 27 86 29 32 73 36 6 84 90 9 94 59 54 59 35 52 96 26 61 64 87 38 55 54 25 78 38 83 61 46 49 8 18 86 64 33 81 12 66 11 23 14 73 72 13 99 37 65 64 76 16 68 61 25 28 35 32 90 53 53 70 39 49 8 21 75 77 75 39 52 2 40 46 70 84 76 59 19 77 2 8 13 93 45 99 54 61 90 56 28 45 82 46 35 86 64 51 88 16 5 97 23 73 11 95 24 99 16 91 10 70 47 71 32 44 92 43 0 44 36 43 17 41 78 89 27 89 16 49 70 42 69 11 15 3 49 89 6 70 30 14 56 25 64 86 59 38 3 31 68 67 35 59 84 46 81 71 91 13 52 71 4 58 10 11 41 9 56 74 77 90 91 32 31 76 65 5 34 82 4 8 13 78 0 21 98 11 63 31 62 79 12 97 83 48 72 23 72 2 89 44 79 34 40 89 32 26 14 64 2 68 89 90 88 51 96 69 34 32 96 15 0 30 48 23 6 72 63 81 68 58 85 12 92 86 12 97 14 32 24 55 51 93 48 93 97 92 66 27 13 49 52 37 90 74 97 33 46 3 92 19 51 46 63 81 3 43 78 71 91 84 85 53 72 4 40 36 39 69 69 75 23 15 31 78 72 47 9 98 50 60 29 42 27 61 54 73 5 43 40 29 63 97 74 91 66 57 52 44 3 40 15 40 63 25 69 94 77 14 86 7 39 36 83 93 64 63 80 94 70 9 65 93 91 83 52 86 76 53 42 9 32 95 63 44 6 55 67 72 94 98 42 4 9 5 22 50 87 37 36 73 5 2 21 88 95 15 57 71 83 2 29 63 63 
17 84 21 31 58 91 41 71 87 79 53 27 53 87 59 43 98 6 90 26 0 39 42 14 92 47 5 74 99 65 70 55 87 36 96 91 65 7 98 42 62 7 69 70 76 44 73 38 54 53 45 26 54 53 18 81 78 25 99 50 9 70 66 61 44 58 12 81 84 77 5 70 66 92 90 89 80 95 80 33 45 23 26 1 97 90 18 83 61 46 12 79 82 28 90 20 88 2 35 2 4 67 66 37 71 45 2 73 87 74 36 82 68 11 4 22 4 83 12 37 62 80 61 4 41 55 19 97 15 72 11 30 56 3 55 88 73 94 50 21 61 47 1 97 18 94 41 70 63 90 41 78 61 14 50 46 91 99 97 84 86 52 13 80 84 15 46 54 37 46 62 6 8 45 6 10 16 66 83 64 74 72 81 67 96 12 99 96 78 76 40 56 84 11 29 76 9 94 17 24 14 63 86 40 18 99 84 80 45 68 26 97 82 57 79 92 73 94 51 87 28 67 32 54 90 31 35 16 66 68 82 13 25 52 57 42 54 71 39 23 17 24 28 5 74 70 85 92 55 24 0 58 81 82 28 5 14 77 27 69 63 92 94 26 13 37 64 41 29 92 43 44 4 7 92 95 18 65 85 68 35 50 28 26 51 66 85 58 58 97 52 18 25 92 40 90 50 23 15 36 62 54 72 43 7 7 41 47 59 35 68 43 99 68 36 79 64 64 99 24 90 88 15 77 86 91 78 26 72 64 38 4 85 49 5 71 57 93 56 55 20 69 94 34 97 26 12 76 96 51 66 36 33 28 68 74 25 41 34 74 8 97 45 92 78 5 59 41 42 22 37 12 69 86 91 76 5 17 95 89 25 34 54 17 42 79 23 78 31 99 73 37 49 42 40 93 62 78 50 88 
83 93 32 25 87 73 58 34 94 19 47 28 49 55 66 49 36 52 4 29 42 15 95 72 47 0 6 34 72 93 70 73 59 57 80 35 29 16 97 60 32 89 82 42 8 53 44 33 56 2 94 74 1 74 4 26 83 89 20 88 53 36 75 43 10 16 39 65 31 66 46 29 11 40 33 58 52 99 94 67 8 75 94 38 36 28 71 72 64 75 74 67 27 64 60 7 9 53 87 5 10 39 46 77 56 58 20 6 43 99 33 71 96 94 25 48 16 94 42 5 62 4 48 54 64 30 91 97 50 63 21 55 20 18 9 29 50 85 83 26 56 20 40 88 10 95 92 41 20 18 95 14 74 10 73 78 44 52 34 0 64 64 57 88 36 85 82 33 5 8 81 31 44 66 5 83 44 70 58 96 76 50 79 43 59 4 39 38 57 16 94 96 0 15 98 88 35 19 83 28 61 66 59 41 2 37 14 84 49 87 2 98 21 0 46 91 5 49 16 75 73 4 79 23 44 96 38 42 47 1 66 79 87 77 18 19 6 65 60 2 70 34 23 70 70 50 51 51 97 55 97 36 40 34 96 38 3 35 15 11 75 41 20 38 47 12 75 97 76 18 7 13 13 11 42 82 15 42 88 38 42 49 94 78 48 52 63 28 86 41 62 67 67 16 73 84 31 87 37 53 77 93 83 78 84 2 31 3 97 22 51 61 80 7 39 97 3 8 94 67 55 72 27 84 20 2 88 85 25 2 63 36 84 52 60 85 47 43 82 15 99 29 37 15 11 85 15 28 52 13 10 55 8 69 45 17 37 44 99 66 44 73 28 37 17 24 73 77 25 47 42 42 13 7 50 89 64 59 63 16 56 79 67 13 69 88 74 88 3 12 40 79 65 64 33 18 45 6 31 91 
6 44 77 75 47 28 58 94 62 49 39 44 54 50 56 57 52 70 20 30 12 47 20 95 22 23 62 19 43 88 78 51 38 15 37 19 18 64 4 99 90 27 23 73 26 70 43 22 71 33 48 14 38 22 79 15 49 79 51 85 99 0 30 40 98 57 95 18 89 55 98 64 58 82 11 34 68 47 90 73 34 83 70 56 33 40 29 91 6 42 60 4 14 96 35 98 25 12 75 87 33 37 86 40 45 12 87 0 53 89 34 25 75 70 22 10 91 4 21 69 48 73 64 99 67 70 80 90 83 10 88 50 69 78 21 0 48 6 86 86 64 68 47 55 92 64 91 70 22 84 5 20 91 49 60 7 46 9 91 4 33 90 68 41 93 82 86 75 1 97 69 77 98 25 5 98 77 80 19 36 77 15 3 70 79 60 1 67 20 37 58 51 66 11 29 97 13 50 75 22 95 99 44 5 25 30 83 43 80 86 0 53 53 29 40 4 85 48 52 96 0 37 46 68 98 47 44 32 50 12 78 20 82 14 7 69 99 52 98 6 19 61 15 5 61 58 43 61 76 35 8 49 78 67 86 46 5 21 69 66 35 2 24 6 10 53 41 46 84 96 35 58 1 3 64 47 17 1 78 10 48 59 76 23 90 10 84 6 32 5 48 27 8 82 49 8 92 79 84 87 86 28 80 95 99 59 66 11 89 89 43 70 57 43 51 90 81 50 42 19 10 51 44 14 26 86 85 9 96 6 90 49 59 82 89 71 44 57 63 35 54 15 80 90 24 54 50 57 78 72 37 18 72 31 75 71 52 4 40 17 88 93 68 63 67 25 60 27 28 41 13 32 63 44 91 73 93 14 41 13 50 54 49 27 5 61 75 15 98 2 21 34 30 84 14 34 84 88 19 34 
75 4 29 89 53 68 89 48 6 54 48 81 11 81 58 57 97 9 69 2 85 3 73 81 9 39 44 78 32 1 67 82 2 20 79 32 30 47 85 99 33 26 10 30 56 65 16 13 96 60 65 27 11 35 13 73 10 30 57 10 74 27 8 87 52 14 47 61 21 6 65 1 37 94 57 31 86 19 78 54 43 76 58 99 91 21 22 48 44 81 10 27 91 30 82 22 65 26 72 85 55 3 79 22 78 74 3 33 87 53 1 1 41 74 66 25 78 51 91 66 83 32 43 96 66 34 65 83 42 45 47 88 82 60 52 20 77 63 17 24 82 45 82 93 90 51 55 94 74 16 11 80 63 71 52 26 35 67 68 93 46 41 17 57 21 31 8 40 49 39 19 31 79 69 46 99 15 49 14 66 58 36 73 2 13 34 85 32 42 21 41 29 1 68 11 57 8 74 11 89 3 63 16 26 95 3 0 75 39 66 19 72 55 0 42 63 92 42 74 3 8 88 2 58 24 28 84 91 55 71 92 29 77 47 70 19 56 85 11 68 10 76 97 88 63 58 86 88 16 61 6 38 36 56 40 9 98 7 7 72 23 12 52 12 74 84 59 91 37 21 18 82 73 41 62 63 32 95 9 92 34 77 22 74 3 81 46 97 95 4 35 83 12 80 64 15 51 12 52 37 55 18 66 15 99 68 84 53 54 31 14 80 53 20 82 23 31 52 50 63 52 34 81 17 68 23 2 6 33 93 69 86 72 80 35 16 56 13 80 85 64 47 15 15 45 40 66 36 59 55 82 39 36 63 41 10 85 25 10 76 69 29 82 13 63 7 41 32 72 16 94 32 74 57 54 18 7 35 73 6 96 76 75 12 3 6 67 33 98 34 38 74 7 46 82 96 81 3 67 93 
40 64 18 37 80 79 84 65 66 83 57 68 36 33 69 63 41 23 27 67 92 98 0 39 85 11 18 23 21 36 6 27 7 63 31 17 19 55 21 91 74 15 56 95 45 44 4 59 35 26 80 35 90 93 54 68 5 80 23 56 59 70 83 47 90 65 34 0 38 67 88 88 16 7 63 34 42 55 23 65 92 11 67 34 96 67 54 48 98 52 46 60 47 73 92 93 60 4 48 49 97 26 79 74 3 50 90 42 16 84 40 60 21 86 84 63 62 96 92 92 89 81 94 82 50 9 97 60 21 65 11 73 36 71 52 18 71 90 1 15 37 46 37 57 17 12 83 3 81 56 2 32 29 66 26 67 79 75 36 36 37 48 15 19 4 16 8 55 88 50 83 56 57 17 35 19 12 59 32 37 24 24 83 63 34 55 85 42 54 65 43 67 1 1 6 40 96 68 47 3 83 70 5 42 98 77 58 3 26 20 18 22 43 38 34 66 44 13 4 37 8 8 64 18 32 57 50 67 85 99 8 74 79 39 27 24 34 69 30 89 12 32 19 58 67 72 32 84 32 54 67 56 16 65 73 84 78 26 1 33 54 81 97 5 61 95 61 27 48 39 14 48 49 17 29 52 67 64 85 46 29 7 46 12 2 26 50 47 16 38 93 49 67 54 92 88 7 91 35 18 33 95 43 9 9 13 29 49 95 20 36 39 96 16 65 57 99 53 17 79 85 39 86 0 28 54 74 74 91 63 1 2 95 75 53 23 97 2 54 36 48 42 71 80 51 42 31 86 18 1 57 45 17 87 26 10 26 17 59 3 85 64 30 26 20 88 80 67 40 22 94 10 33 32 72 1 48 95 45 64 15 57 93 1 73 93 43 42 88 12 35 9 15 60 11 79 68 38 68 40 
98 88 87 39 2 25 96 97 63 64 24 34 59 47 54 58 8 80 55 5 91 5 90 78 75 1 88 89 46 66 28 99 92 67 63 97 20 89 99 84 2 94 1 77 61 22 68 85 6 22 0 74 53 97 19 22 53 17 57 23 6 6 74 60 32 73 0 3 61 20 45 39 99 4 35 16 13 38 35 41 12 10 99 74 40 53 15 14 95 90 1 94 44 27 24 62 33 37 66 79 80 18 30 94 50 33 69 48 83 43 58 79 1 80 31 28 60 3 14 13 11 51 58 81 69 98 99 98 28 71 83 58 74 47 21 5 77 71 98 77 52 57 43 39 5 88 94 41 99 77 84 73 41 43 82 13 0 53 55 91 19 71 89 43 53 67 55 82 66 85 71 78 79 96 64 20 56 34 2 21 91 37 97 31 47 28 82 17 33 58 87 82 97 13 78 47 72 10 40 0 64 95 24 40 65 76 34 42 11 6 60 83 48 45 60 57 91 49 54 34 44 44 92 74 87 57 96 57 63 0 20 17 80 69 45 86 93 78 0 86 89 36 56 51 20 28 86 7 96 30 46 44 54 75 3 92 67 80 7 34 3 65 7 53 49 55 9 49 55 48 16 24 38 8 34 55 77 42 23 92 47 15 93 66 63 46 90 51 87 4 1 78 15 30 52 17 67 21 14 4 55 31 37 83 99 55 54 0 30 15 23 53 50 60 16 61 45 87 26 56 19 70 81 64 0 17 73 9 62 47 70 64 10 40 50 80 11 55 67 33 68 34 74 18 52 69 59 28 90 93 86 7 62 99 38 40 68 52 28 52 87 97 82 85 79 17 20 58 3 42 74 36 58 57 31 38 82 30 46 12 29 88 84 23 12 29 85 63 77 21 6 95 57 15 2 62 2 72 43 82 
69 90 31 5 80 72 24 89 38 16 61 92 75 32 66 49 93 82 22 97 95 14 6 42 49 65 37 63 28 47 18 12 31 65 46 73 22 33 83 41 11 77 36 61 14 17 89 20 26 56 65 77 32 81 26 87 1 24 17 2 52 16 19 59 5 73 79 48 89 57 41 47 53 82 58 14 84 32 37 29 53 41 85 52 50 44 32 53 47 82 20 24 14 50 16 28 1 76 45 77 60 32 33 26 45 48 36 24 61 31 38 59 21 0 8 70 48 54 65 82 15 17 47 92 30 89 86 82 93 81 45 84 92 6 37 47 62 41 94 35 36 3 51 19 63 16 44 26 75 59 33 7 91 83 50 35 65 68 77 74 12 43 68 31 55 64 91 9 72 11 80 30 45 69 41 5 45 55 90 84 90 43 80 87 29 22 5 60 27 93 5 79 23 72 51 56 31 20 77 98 76 53 93 6 64 47 12 40 26 64 30 53 61 86 54 71 41 88 67 13 98 31 21 98 81 87 25 35 80 56 77 22 33 14 55 94 22 23 64 37 59 71 99 49 4 36 70 98 65 87 53 14 12 50 15 90 38 92 1 53 68 50 75 18 95 56 0 3 86 79 41 63 95 56 91 23 80 5 17 97 39 70 28 61 40 50 45 36 6 7 78 69 49 16 97 46 47 58 25 12 4 65 19 15 42 79 12 8 24 5 87 91 90 41 73 83 6 96 8 76 26 0 77 16 14 97 65 85 31 12 6 78 69 64 77 76 72 16 27 71 89 12 4 89 79 48 99 94 39 86 68 37 69 24 38 34 36 36 9 12 22 26 43 65 15 87 32 55 54 59 84 25 65 38 68 95 57 27 97 74 14 49 60 76 32 41 53 70 30 11 59 54 17 92 87 40 29 16 72 84 
47 49 86 18 94 56 74 32 4 26 42 83 56 82 22 36 73 36 1 13 92 93 84 68 46 50 43 48 32 62 85 18 76 76 23 77 92 8 96 84 64 9 67 16 59 79 28 18 78 6 48 22 27 26 55 98 32 88 3 8 66 69 31 5 23 78 69 66 54 32 4 61 74 24 24 77 37 33 23 13 31 97 44 70 85 46 46 47 59 46 43 45 78 13 73 50 34 77 53 59 52 34 75 57 65 99 49 47 78 5 55 74 6 6 30 97 97 25 67 39 40 44 63 22 33 70 8 13 85 74 23 1 6 20 52 28 66 79 2 46 80 86 39 72 9 10 62 22 36 35 67 27 50 83 79 16 97 48 41 81 42 26 15 83 44 24 89 87 95 58 58 65 57 31 97 73 40 36 20 1 20 44 62 19 90 49 26 38 61 19 41 95 71 64 49 63 75 16 32 37 38 13 14 73 64 98 19 94 25 91 67 67 80 89 72 10 90 8 97 77 82 24 19 23 95 71 32 77 51 31 74 3 71 1 55 77 70 42 98 85 54 69 20 60 56 68 52 25 76 10 68 61 2 65 18 56 35 81 25 2 2 1 3 5 68 28 82 26 86 83 30 82 11 77 51 23 69 14 64 76 36 89 3 25 72 79 85 6 6 77 44 53 70 26 15 50 95 20 54 43 4 41 83 8 6 3 84 13 82 28 70 66 16 55 49 46 56 71 73 14 48 19 21 56 42 38 42 3 16 80 46 57 25 68 56 16 81 51 63 22 39 72 35 23 26 74 12 39 95 39 70 76 34 23 43 40 83 65 15 19 85 95 53 72 63 48 91 14 71 45 15 85 93 76 63 64 37 57 78 65 40 21 64 11 94 17 84 12 35 39 7 47 24 3 92 67 77 65 62 65 
5 17 94 10 43 2 57 65 50 64 92 51 91 12 50 96 59 9 2 49 21 52 58 91 76 23 31 59 36 99 82 93 5 55 34 82 33 80 95 25 56 6 14 6 89 11 94 98 46 95 46 6 6 0 12 10 86 55 26 7 54 66 67 11 61 59 24 57 52 33 19 1 79 41 28 42 20 52 58 78 9 47 80 41 0 43 81 56 21 15 84 44 26 46 32 91 53 45 76 98 31 57 14 72 36 44 33 10 19 94 15 16 91 94 56 90 94 38 16 6 45 3 3 45 88 52 67 24 20 46 81 10 82 40 28 79 69 39 86 7 59 1 5 51 64 38 81 94 52 75 34 60 18 67 29 55 89 26 30 63 2 40 93 4 61 74 85 14 88 99 27 32 30 65 67 15 97 68 80 37 55 80 28 41 61 35 95 66 24 82 82 52 95 60 10 1 69 47 40 64 61 42 52 94 31 82 51 61 85 25 66 6 58 71 55 98 21 23 25 69 29 58 87 54 28 19 21 60 53 15 22 37 15 41 41 8 7 8 3 69 52 59 0 98 97 6 10 66 11 24 58 36 25 0 45 61 20 75 70 14 2 30 96 70 42 80 94 99 13 35 44 6 51 76 5 84 17 35 60 78 65 80 56 76 3 47 59 86 55 6 16 39 19 80 91 51 26 96 66 62 17 19 62 65 93 23 16 77 9 80 72 18 53 52 29 9 3 2 70 69 10 39 9 14 48 49 14 95 84 39 62 70 63 85 81 30 22 35 24 60 77 56 19 97 67 17 82 23 78 75 22 37 91 13 47 64 49 90 72 43 55 7 10 35 76 51 28 8 75 30 74 94 65 47 41 47 65 29 31 84 22 33 27 43 65 54 19 84 27 81 72 22 43 50 90 72 23 70 5 63 
47 71 30 79 2 37 50 30 29 62 52 99 78 48 1 30 61 33 65 11 25 7 95 53 81 98 1 78 52 31 42 52 66 38 76 86 56 6 93 23 7 71 36 14 63 20 64 99 1 6 13 56 39 49 57 48 60 30 97 84 52 16 80 19 84 95 48 0 9 2 56 37 69 27 96 49 7 17 71 41 72 9 42 36 6 53 10 74 68 41 48 99 62 11 90 67 86 18 69 40 87 69 57 65 21 84 65 66 53 39 15 5 19 62 86 79 41 97 10 88 21 45 15 70 26 30 50 25 15 71 16 3 61 19 89 98 22 9 61 98 54 18 56 63 49 1 63 16 36 60 48 9 64 65 10 86 73 55 42 8 8 94 53 92 47 64 76 10 1 54 88 91 40 86 62 78 98 10 14 20 32 17 85 74 1 45 65 43 70 1 48 61 99 47 28 16 74 80 50 37 41 19 76 25 21 40 32 3 98 54 98 38 44 78 89 14 66 9 63 12 1 80 54 48 51 39 77 94 13 8 42 41 90 52 31 24 53 74 40 49 74 15 61 58 32 18 24 86 21 97 77 2 26 36 48 24 17 56 87 51 81 22 57 35 24 85 54 87 66 50 24 53 13 26 33 78 4 9 98 65 21 65 99 64 82 81 60 37 51 39 72 51 40 28 67 61 48 98 29 82 38 94 97 38 63 32 36 64 45 59 83 56 18 49 5 59 52 59 85 93 96 77 22 69 28 32 48 83 25 88 60 26 25 68 7 89 33 95 40 60 14 4 90 51 93 74 95 50 33 10 18 17 28 36 54 50 0 72 12 57 83 65 39 35 25 26 2 78 62 93 69 83 88 16 32 33 85 70 85 78 60 10 32 64 48 74 35 49 49 51 7 94 11 22 41 4 52 62 37 36 
50 20 69 93 18 63 61 11 31 26 10 22 85 31 31 39 87 54 55 27 18 68 52 30 92 4 0 66 62 31 69 83 90 18 70 17 32 82 97 48 25 7 63 39 72 13 22 81 69 95 52 19 91 29 68 26 3 33 94 96 53 20 59 1 5 46 58 32 74 3 27 1 29 31 20 89 58 93 51 44 46 95 24 2 33 33 15 66 82 19 63 43 75 19 0 23 11 76 35 13 29 63 49 81 63 28 77 7 98 9 32 44 3 5 49 24 19 76 53 57 31 16 97 62 83 79 95 12 20 32 26 85 28 59 21 61 5 13 17 70 52 95 18 18 79 85 27 44 69 26 45 0 13 98 39 50 46 52 11 82 41 18 74 71 47 89 44 33 33 81 10 61 29 53 93 62 47 51 80 27 15 11 93 50 17 84 16 11 79 22 55 41 73 22 77 76 7 15 53 16 86 46 78 5 16 85 85 31 70 95 14 8 66 95 35 52 62 45 45 56 38 41 68 90 81 12 17 8 7 0 90 51 29 35 30 33 9 53 18 34 44 97 55 4 77 6 44 45 28 99 62 38 95 21 30 17 88 8 63 82 23 3 26 69 89 24 94 50 85 27 23 6 57 81 49 30 81 4 96 90 56 13 23 12 63 47 89 1 46 10 7 54 43 54 8 31 54 37 54 36 63 34 33 4 58 23 29 83 88 50 38 7 49 39 67 83 69 29 29 78 71 34 89 89 36 44 17 80 76 18 77 10 43 6 52 12 26 16 14 31 20 66 88 35 71 41 92 86 17 48 5 78 36 80 73 59 78 97 73 89 32 55 84 0 33 34 52 69 2 30 10 13 45 45 64 43 14 99 12 6 24 81 42 18 80 29 6 76 91 69 59 53 61 88 83 40 22 84 77 39 
16 22 75 77 73 44 55 86 67 13 92 63 49 38 68 41 99 43 25 90 77 84 5 57 0 37 70 39 77 79 38 76 66 29 22 84 30 49 21 81 9 28 24 52 96 29 47 13 90 68 50 64 47 30 1 13 44 74 25 80 75 12 52 89 12 5 15 26 16 18 90 31 52 70 11 9 18 28 11 22 4 30 25 96 94 27 12 84 49 52 48 17 71 41 3 85 68 52 38 10 41 34 61 33 1 84 19 11 42 77 31 85 25 43 10 62 84 27 38 31 35 37 26 82 1 55 47 85 16 88 98 13 67 84 4 38 23 63 22 10 40 15 17 6 98 30 52 76 31 82 83 1 83 47 0 80 41 10 76 76 99 47 17 87 62 18 89 91 11 81 25 29 65 46 7 12 94 66 21 59 27 45 87 99 68 16 30 23 16 26 18 64 86 44 41 59 4 55 25 60 19 64 12 1 44 74 18 92 13 9 35 78 43 62 25 20 58 90 96 94 61 60 4 13 40 11 99 25 55 43 88 68 69 82 91 98 85 34 97 85 20 98 34 98 23 50 78 21 22 35 29 22 56 94 67 13 89 28 43 30 82 62 93 32 36 93 53 99 8 32 98 96 1 53 48 2 95 90 94 10 15 97 51 38 58 82 47 9 86 59 40 54 70 28 94 91 29 32 79 92 42 99 43 81 11 46 56 4 64 28 93 22 93 71 0 51 38 6 16 3 45 80 84 84 9 85 73 74 83 87 2 38 30 4 57 87 27 97 57 96 76 10 94 49 40 1 1 8 40 16 85 59 81 87 49 17 38 45 91 69 94 25 72 73 57 9 4 54 91 6 4 47 94 79 95 9 65 46 34 66 61 27 36 25 27 88 32 88 6 52 40 87 87 32 61 72 89 47 80 79 
6 25 37 61 55 79 18 71 7 16 31 53 68 19 15 75 53 43 49 10 75 51 15 28 80 75 95 84 69 14 21 50 68 87 48 21 9 85 32 2 67 70 75 72 9 71 79 44 54 60 67 99 48 12 86 89 24 34 20 33 82 75 98 42 38 74 16 12 51 7 37 56 72 12 39 35 12 97 16 22 50 60 80 78 77 80 87 50 56 9 33 50 62 20 52 60 35 83 75 65 86 84 5 77 78 35 15 92 50 40 17 54 94 17 58 15 59 60 91 50 86 13 18 39 20 47 95 59 8 95 75 49 33 20 7 2 5 5 47 68 70 8 48 43 65 17 66 16 97 90 6 58 41 8 47 13 44 46 7 24 31 36 89 72 52 23 25 23 98 79 31 98 1 13 39 53 3 98 84 26 43 76 80 57 17 39 76 92 35 43 72 95 78 88 73 53 51 61 69 91 32 25 19 52 14 59 59 70 45 46 48 36 62 21 92 64 35 67 84 35 3 60 9 3 81 41 75 48 51 39 24 47 7 96 14 78 61 23 80 68 18 27 46 35 93 24 64 79 78 66 1 43 39 55 44 69 34 41 22 90 79 55 9 54 88 58 41 97 38 7 78 15 82 59 17 98 56 23 14 29 90 29 9 91 76 83 67 4 59 43 35 51 12 46 50 37 2 61 8 5 50 52 96 0 58 9 58 63 47 17 3 98 44 65 44 60 28 64 11 13 7 87 82 10 0 45 37 39 65 35 47 69 16 59 84 7 93 57 81 14 43 38 91 64 7 61 32 73 50 50 39 19 23 64 23 88 9 14 67 33 30 30 5 66 32 98 24 71 95 67 86 45 95 50 41 20 75 88 48 27 15 61 57 43 14 12 34 13 51 54 40 79 36 41 20 47 7 71 5 24 
68 19 60 49 72 85 23 61 73 4 87 26 66 81 67 24 48 18 78 83 8 94 92 28 55 79 14 1 60 44 50 52 13 73 13 0 81 71 39 96 16 8 66 13 63 26 15 27 21 18 5 45 82 61 27 20 20 74 96 27 87 51 21 64 89 41 67 10 42 4 30 32 20 88 53 9 42 12 11 44 58 97 17 45 17 18 20 24 58 33 62 66 33 55 12 63 85 83 3 67 55 76 40 95 58 12 36 69 52 19 35 50 10 89 71 8 99 91 85 28 25 84 60 94 49 87 60 7 84 7 21 29 33 16 80 37 0 60 58 30 84 96 9 86 94 11 43 97 62 71 68 48 69 67 25 98 67 13 33 76 30 37 73 31 63 14 4 36 45 68 81 63 78 53 51 11 48 95 28 17 85 18 53 18 71 38 10 6 0 24 3 79 63 14 98 15 45 59 94 89 50 48 19 49 47 35 87 10 46 54 76 47 57 88 98 37 70 37 27 88 98 16 14 80 52 24 21 98 92 44 7 54 37 64 73 11 54 87 79 26 84 86 21 4 45 37 58 55 67 84 0 81 32 81 45 30 24 41 55 99 59 55 71 79 53 96 31 11 35 83 55 92 56 37 20 51 61 85 92 49 24 52 13 72 43 79 46 10 71 83 30 51 82 82 46 36 10 72 32 50 43 33 17 64 84 65 45 85 29 88 1 18 68 91 98 15 89 34 99 87 78 20 98 57 74 76 31 20 45 69 6 6 37 76 4 89 84 84 27 18 86 30 49 22 80 70 74 74 69 2 29 22 24 2 65 62 26 56 96 15 57 45 31 63 57 19 19 71 98 16 12 61 43 31 8 75 10 74 18 54 95 40 59 30 85 99 53 17 38 76 11 2 42 78 76 12 56 32 7 75 
0 39 34 71 24 8 49 15 33 33 54 67 92 34 19 20 97 90 75 83 27 83 17 13 89 54 93 86 61 22 48 85 57 76 14 11 2 75 50 38 85 65 30 96 59 37 39 88 25 43 27 60 16 93 25 7 81 51 22 89 48 57 58 12 66 99 60 86 56 17 57 65 31 33 77 70 12 38 20 25 29 2 93 19 9 22 53 65 98 19 54 36 33 37 88 21 14 96 32 71 79 47 19 7 29 48 85 88 8 19 34 7 95 31 9 44 22 82 47 26 13 0 38 79 49 66 63 40 53 3 9 51 41 44 88 97 38 8 88 91 82 98 53 8 5 74 66 57 80 21 65 55 61 77 39 79 3 76 8 80 32 76 93 54 24 87 51 63 35 24 83 26 82 90 57 17 38 27 41 51 22 15 61 3 6 22 7 8 16 99 17 49 21 47 34 11 55 54 38 84 34 20 46 50 33 78 89 57 30 66 62 65 97 76 95 19 5 83 82 37 19 32 54 45 26 36 41 94 7 56 39 37 74 40 9 59 74 8 2 98 82 47 45 41 31 81 33 35 76 28 90 19 20 73 25 85 11 7 37 53 95 0 23 49 20 8 91 88 85 27 48 8 89 14 94 63 98 36 6 10 38 73 9 10 7 83 96 15 99 77 72 73 15 28 22 77 67 64 97 81 59 47 51 44 8 56 64 92 82 82 17 29 96 14 36 72 13 59 13 3 46 76 40 85 4 15 8 65 39 96 19 92 2 12 3 86 21 43 97 24 9 28 39 63 88 67 23 80 49 91 50 9 32 85 63 91 48 97 20 16 52 44 33 10 97 30 31 69 10 32 87 66 21 44 48 13 13 92 74 44 3 9 24 48 34 65 11 99 10 82 39 54 23 28 71 2 37 45 4 58 
47 92 51 31 2 0 24 98 31 69 13 17 8 67 82 92 23 95 8 62 27 38 9 1 55 49 49 74 28 97 22 36 66 42 89 74 14 35 46 99 31 59 83 26 43 59 14 74 67 34 68 4 89 70 82 58 52 93 6 38 89 94 25 80 33 49 56 56 99 48 67 83 28 68 18 72 96 72 74 82 91 92 22 88 55 44 10 96 79 94 31 19 80 72 53 89 40 99 25 12 77 77 44 79 34 58 64 62 3 30 91 27 85 60 85 86 69 29 85 32 59 34 0 9 42 40 85 56 37 55 93 19 10 53 67 71 54 99 57 45 77 16 61 46 0 9 62 48 16 90 98 49 80 79 45 11 94 64 3 93 74 1 6 25 40 76 28 66 23 85 91 44 42 88 16 98 13 33 77 92 95 93 78 17 23 7 13 34 64 82 57 7 26 64 96 89 22 10 29 97 69 19 41 56 64 29 59 0 66 35 41 10 14 68 93 60 31 52 10 61 61 60 68 26 66 26 85 8 53 19 68 19 17 20 66 17 25 23 96 27 26 35 84 7 62 45 43 99 8 57 22 85 4 0 60 72 57 50 79 53 43 67 50 13 18 94 19 38 52 86 69 44 90 69 88 90 2 22 36 10 55 82 26 69 57 68 92 86 59 45 72 5 47 46 16 83 84 92 0 72 45 3 23 75 49 89 58 9 46 21 79 56 63 70 18 86 97 62 98 71 96 69 42 15 30 52 7 56 91 14 33 10 21 84 6 63 87 64 14 53 15 8 49 62 88 83 78 48 43 13 8 17 17 99 90 12 70 78 6 84 76 12 57 53 71 46 69 81 20 8 68 20 76 6 98 75 82 92 9 42 27 17 59 40 33 91 67 27 22 46 27 76 34 50 70 40 36 34 70 56 
57 54 48 14 5 39 74 32 22 89 0 60 26 34 91 81 84 22 79 5 86 17 24 0 26 76 18 52 26 90 63 73 33 82 1 82 26 31 33 97 15 47 91 40 27 60 79 4 71 42 52 94 43 80 19 11 39 54 2 44 39 27 45 7 48 25 32 41 8 38 30 53 62 84 10 87 30 55 5 60 89 92 31 49 80 89 5 58 21 96 78 46 47 22 12 91 95 25 61 19 62 48 31 44 25 73 5 20 47 43 83 30 30 93 80 35 33 98 77 12 48 31 85 91 64 46 31 17 61 44 96 83 45 81 94 3 62 66 76 61 99 16 30 81 11 11 19 55 15 30 1 2 61 1 85 93 20 42 40 96 30 61 33 5 92 57 56 90 93 64 42 38 89 30 70 42 47 0 51 54 49 32 79 16 23 67 24 0 22 48 77 0 79 31 51 3 83 60 53 16 96 85 80 24 25 41 95 92 78 59 34 84 39 94 48 61 98 70 35 71 19 71 55 27 79 0 20 98 10 43 24 90 49 95 14 99 68 70 64 8 9 36 78 4 97 95 84 5 7 0 6 71 10 47 18 26 66 55 26 52 42 20 46 8 88 8 92 78 17 3 10 22 3 30 16 46 84 87 31 10 1 99 77 40 31 12 50 76 0 4 42 37 94 41 32 53 75 90 13 90 53 93 34 53 20 23 96 19 67 50 5 85 24 86 71 89 39 2 2 11 6 67 63 97 58 84 32 73 72 52 63 2 66 93 73 82 12 42 21 39 99 64 53 9 53 32 37 74 28 17 0 87 67 48 3 83 71 67 94 33 35 89 48 19 94 86 2 44 32 67 85 57 35 9 64 8 87 91 8 88 41 25 98 53 32 67 92 19 84 96 80 61 42 15 93 24 48 19 64 36 
19 58 26 38 15 29 30 70 90 66 34 35 63 90 61 17 40 92 87 6 21 21 76 72 7 53 78 6 57 42 38 5 50 92 77 85 87 36 43 8 86 73 87 54 28 76 21 6 59 75 92 84 55 81 16 71 1 47 67 29 56 2 9 96 20 59 86 7 80 39 67 22 96 12 93 30 43 15 77 40 89 80 67 0 68 88 26 57 25 21 11 92 61 79 29 72 93 68 56 24 65 12 1 71 67 99 30 86 96 36 3 1 55 59 23 75 23 81 11 51 5 15 51 75 65 84 22 58 25 75 9 59 26 96 15 71 8 66 63 87 20 97 5 18 76 41 94 4 25 2 6 64 68 85 43 64 39 95 48 34 33 53 87 76 60 32 47 32 90 25 44 5 58 96 96 54 68 4 30 56 92 22 89 66 27 35 31 48 67 55 34 3 64 88 19 84 70 90 42 83 9 41 9 83 66 55 88 91 40 82 4 43 19 81 66 14 32 54 47 94 41 40 14 94 22 86 85 63 76 76 75 79 61 56 82 42 45 68 32 1 31 13 8 80 15 48 22 62 22 8 75 76 2 23 22 26 80 29 89 33 75 93 0 98 67 31 42 9 38 58 82 17 73 63 86 91 62 25 37 82 33 50 18 38 1 78 31 8 33 55 51 88 6 8 63 44 10 43 51 17 1 48 28 59 27 71 1 41 59 81 67 5 30 81 33 37 99 10 48 39 37 79 78 63 89 59 57 78 34 82 27 9 71 92 31 38 16 96 6 38 47 84 99 88 36 83 96 69 2 23 19 44 49 1 63 36 89 9 38 84 80 58 38 98 90 45 19 59 88 12 37 93 12 67 63 10 39 22 39 33 64 90 26 39 47 68 90 55 13 26 34 1 79 57 42 75 53 27 92 13 
92 74 86 59 85 28 85 8 20 45 9 74 81 77 18 27 42 78 91 45 81 6 77 30 95 21 82 69 93 22 86 53 98 54 29 31 74 97 66 10 54 47 12 7 91 54 83 5 71 10 86 70 25 49 66 26 85 1 53 84 24 82 40 51 77 72 29 78 36 4 42 99 81 42 66 25 84 19 13 92 32 60 82 1 22 15 6 70 68 68 72 31 37 23 95 74 22 0 4 8 34 47 16 84 66 57 84 91 56 74 67 33 20 4 4 51 59 32 37 65 56 76 39 95 5 93 99 42 27 86 56 4 12 16 66 32 35 68 26 78 81 50 43 27 24 3 0 7 69 96 35 72 89 56 46 3 70 8 32 72 43 34 74 55 26 41 70 32 79 67 8 66 81 42 7 35 58 31 2 30 30 0 16 79 40 28 64 52 98 81 13 64 18 25 34 92 41 13 41 63 47 62 65 74 87 16 28 4 36 45 30 52 96 66 27 57 4 88 91 17 89 22 96 81 61 25 31 20 37 24 99 66 17 9 18 94 44 99 14 75 98 53 87 16 3 20 21 43 42 84 41 47 93 13 71 40 75 15 83 50 0 30 64 0 28 48 75 64 39 51 72 44 74 44 3 71 25 52 23 92 73 48 15 61 72 28 35 84 25 92 24 3 0 87 59 86 16 67 64 57 4 32 84 98 30 20 52 4 24 84 90 53 45 93 1 56 30 77 84 78 37 34 75 70 16 83 81 0 10 70 33 24 51 2 64 50 90 3 67 15 32 34 17 29 2 77 38 68 49 34 18 82 33 3 44 52 4 38 59 41 1 42 82 19 69 85 97 67 4 95 99 74 95 60 39 85 17 13 56 72 59 41 8 7 97 41 94 25 33 40 27 34 42 17 98 6 93 38 39 78 
54 14 22 91 71 44 55 4 21 94 65 89 0 37 27 58 71 42 39 36 50 6 53 94 11 48 22 58 0 47 82 63 48 27 90 86 63 72 38 0 10 94 2 6 22 93 51 98 61 81 77 74 48 86 79 94 18 0 46 19 12 69 53 64 88 81 16 84 84 27 28 38 73 3 19 24 55 79 96 12 2 46 33 34 25 97 47 61 35 20 18 40 67 57 18 12 72 10 64 53 93 25 5 76 93 27 56 83 38 34 74 11 55 44 79 89 67 88 70 84 56 7 69 50 45 97 43 97 59 61 50 32 26 14 81 30 82 24 72 94 92 58 41 28 11 65 75 14 98 37 32 7 43 7 21 12 68 7 33 64 6 30 78 1 32 6 75 39 49 61 13 45 80 51 84 54 86 44 0 62 88 62 49 97 83 15 44 3 74 69 28 48 92 61 3 86 37 49 8 0 61 94 77 65 42 81 28 38 28 69 24 25 87 37 13 79 93 74 99 70 43 69 39 78 61 14 38 12 47 55 68 69 14 90 85 54 66 81 37 20 78 41 97 2 55 76 79 36 48 46 30 2 33 85 47 37 53 1 11 50 10 33 51 53 0 67 8 55 85 13 75 95 71 42 92 97 62 22 12 8 56 6 37 95 82 67 69 2 33 79 70 78 53 25 53 56 40 92 4 17 38 42 78 84 40 41 68 96 94 83 77 93 82 78 35 52 73 94 55 37 64 22 87 12 48 40 5 3 45 81 19 31 81 28 49 98 7 86 39 16 10 98 71 77 88 2 33 49 31 10 97 65 34 87 81 45 79 55 12 46 60 98 82 62 15 4 29 38 94 42 3 88 83 13 69 40 65 35 87 8 27 59 21 66 28 79 30 41 43 72 46 24 88 24 81 14 15 24 98 95 
85 19 46 14 32 95 78 83 62 79 9 82 45 53 90 45 25 20 28 7 43 33 51 34 61 53 52 98 69 86 0 22 18 51 38 2 17 52 41 34 61 55 95 42 13 32 67 98 66 12 56 24 67 72 71 31 39 30 19 35 78 44 23 91 35 44 71 37 46 89 39 8 1 67 97 58 36 36 57 8 85 41 50 11 76 63 54 28 43 84 25 52 21 24 50 97 68 96 91 11 72 4 56 82 50 0 50 42 97 41 64 52 48 77 97 97 45 73 19 29 24 89 68 13 86 49 7 64 75 45 29 87 58 34 12 51 41 20 47 19 61 52 95 98 10 67 38 17 26 1 55 25 58 38 98 32 42 39 52 69 50 53 68 5 45 47 94 72 65 77 96 17 30 71 64 1 60 78 70 48 83 17 54 69 86 4 52 19 68 50 50 84 72 59 45 79 51 76 0 92 74 1 29 35 94 3 17 9 45 60 3 38 25 52 8 0 75 10 17 98 20 33 32 0 90 51 52 26 10 19 56 12 85 42 25 18 81 53 7 63 41 8 37 46 71 38 16 18 85 95 7 66 2 74 36 34 43 1 32 45 30 74 95 96 5 95 58 49 97 51 86 91 85 2 30 1 54 71 48 81 77 13 48 27 27 25 64 62 63 97 15 66 29 3 53 59 6 39 14 53 64 35 78 12 75 70 84 10 17 15 70 67 66 67 57 24 54 68 29 15 51 75 51 1 77 36 1 77 88 0 38 93 78 68 79 71 41 56 97 86 12 30 91 12 0 41 70 77 52 52 75 81 93 87 9 31 81 68 85 84 44 57 22 42 81 49 84 67 35 20 43 12 7 77 23 13 19 39 75 12 67 57 50 10 11 65 13 80 98 22 11 69 98 34 18 48 95 44 26 61 
76 71 59 85 47 82 10 54 28 40 79 27 30 31 38 67 21 29 71 79 27 28 64 79 64 7 57 94 83 12 9 69 8 99 60 4 19 70 35 10 90 15 80 30 74 55 62 50 62 76 47 65 12 41 28 52 88 96 64 8 90 85 73 94 35 9 56 78 91 34 87 49 30 41 56 34 17 35 11 11 38 84 20 17 10 85 58 48 77 77 47 60 3 55 94 0 94 94 37 23 8 92 86 29 71 83 44 62 86 53 49 90 81 55 63 88 20 84 44 56 31 2 98 23 22 82 83 44 80 88 48 62 93 38 92 27 25 53 64 75 85 15 4 54 84 63 60 70 90 58 12 84 15 44 33 16 91 26 57 70 17 13 21 56 14 90 1 86 4 47 23 45 99 31 12 59 2 6 23 98 8 95 95 31 52 53 52 57 99 43 1 45 90 3 40 12 84 2 76 64 13 74 51 11 54 7 8 22 51 26 12 44 79 47 93 90 27 30 74 14 81 57 36 30 46 44 44 7 94 93 23 17 51 60 90 94 25 17 34 11 76 81 6 93 14 99 42 8 86 96 76 56 82 56 89 9 25 35 91 24 12 78 44 54 78 15 45 17 29 32 64 89 47 82 43 65 5 69 14 58 7 81 14 95 24 97 87 53 0 59 23 60 87 79 48 43 87 93 32 45 96 88 47 77 35 48 73 23 21 38 20 35 26 67 72 50 77 98 61 62 34 82 73 79 10 75 79 7 25 4 27 86 33 57 30 82 97 57 73 72 45 91 73 60 5 85 45 14 21 45 12 25 51 83 89 88 17 14 84 31 72 34 21 51 25 39 35 41 27 60 34 56 33 6 21 76 6 46 91 86 46 56 44 54 7 58 10 68 56 44 49 18 69 21 96 60 3 70 16 9 
8 29 6 58 26 97 84 53 84 16 44 75 54 17 65 84 51 87 26 42 24 9 60 33 82 52 14 42 7 14 66 3 21 84 19 38 3 10 18 48 20 2 33 28 29 6 18 12 94 62 11 39 20 57 6 63 78 95 28 33 25 39 45 95 5 25 94 61 60 55 46 43 25 0 70 2 93 9 85 85 73 59 30 26 65 97 51 53 46 2 45 40 54 41 21 80 64 5 71 3 66 43 65 46 71 18 51 25 84 37 48 16 54 6 31 84 81 71 54 39 72 5 23 80 5 85 94 15 94 22 42 75 40 50 39 21 58 12 63 0 85 38 92 1 67 8 86 29 46 88 85 44 71 20 40 44 98 65 35 7 56 25 87 66 42 16 36 54 15 58 11 3 89 24 9 95 68 55 46 84 40 57 78 53 52 79 93 29 66 42 85 61 1 79 69 71 45 80 96 92 97 76 19 56 67 71 22 14 40 20 24 17 57 80 6 5 85 94 2 7 84 13 57 32 13 30 9 27 99 84 22 37 25 6 31 80 67 55 65 64 63 92 12 33 7 35 45 33 37 29 3 57 76 32 96 41 1 39 11 9 34 32 96 13 42 0 79 78 86 20 32 34 9 37 94 12 74 20 75 24 65 60 88 96 75 29 53 24 68 87 99 34 90 94 28 74 56 63 47 20 62 38 28 15 83 45 70 9 52 77 75 91 59 84 32 87 60 91 82 48 82 65 21 62 54 39 71 25 3 77 70 86 45 85 25 80 47 15 96 85 83 5 67 70 2 75 1 62 51 41 9 65 4 16 4 88 86 35 76 65 80 43 73 65 31 97 63 64 60 62 11 8 86 71 37 20 38 91 77 63 53 37 56 89 89 98 1 21 62 50 69 15 46 46 0 53 95 15 53 89 
39 56 76 21 94 45 78 93 8 6 97 40 9 62 88 21 21 50 16 4 3 17 8 58 21 49 47 17 85 73 13 71 2 76 7 40 78 90 82 30 43 10 84 13 43 40 5 24 44 64 73 26 72 34 23 60 18 99 29 1 33 8 57 15 56 54 36 90 94 6 16 31 7 42 16 47 59 19 42 12 99 44 48 14 45 67 12 49 16 94 84 55 48 21 74 85 74 34 51 3 75 89 46 83 25 21 19 46 70 19 72 61 21 42 73 69 11 42 43 78 83 45 34 69 13 47 55 32 19 12 91 14 59 67 10 35 11 85 10 85 67 88 4 36 7 62 95 35 33 25 26 23 87 79 20 75 28 17 26 1 87 32 81 72 72 4 81 23 84 53 25 52 87 10 16 25 80 24 19 91 55 75 31 47 89 74 6 78 33 29 85 91 30 86 37 60 46 93 35 42 13 25 20 73 45 66 24 43 60 60 33 98 66 51 8 75 76 21 72 26 85 50 98 63 1 18 91 43 56 92 87 76 72 85 2 77 33 34 78 58 27 86 49 83 33 15 67 54 33 28 21 2 80 71 35 65 11 85 27 85 26 94 87 2 56 97 1 43 55 27 68 0 58 71 58 18 0 90 97 21 3 19 6 2 28 58 68 4 65 57 84 61 88 24 53 88 26 45 63 81 96 26 84 86 88 25 14 17 55 32 49 40 62 99 71 27 51 38 43 8 97 27 24 55 23 36 74 21 32 89 89 15 79 37 20 91 49 45 83 30 35 97 49 94 74 22 76 53 48 3 34 67 5 64 21 89 86 88 78 50 28 45 3 38 12 38 40 49 2 80 54 85 83 41 23 59 72 93 69 96 32 45 95 90 77 54 44 92 45 98 93 14 54 6 76 22 44 3 46 16 
34 88 67 15 92 16 4 72 79 64 50 43 89 89 8 48 99 35 40 71 13 88 82 74 81 82 70 10 38 42 41 41 93 47 85 96 29 10 56 21 79 4 38 26 21 57 62 67 53 90 19 99 81 9 51 18 45 98 31 51 98 90 64 60 28 16 22 7 6 8 51 89 89 95 74 50 8 38 16 95 78 18 67 67 85 12 2 89 70 99 28 4 76 55 92 68 6 2 12 5 83 92 28 81 48 39 54 59 5 88 32 9 79 37 97 65 5 83 76 20 49 7 45 34 69 72 5 54 63 63 76 53 29 11 65 93 60 14 54 72 48 28 40 36 19 78 41 57 66 1 52 70 97 28 90 81 17 47 87 25 96 6 22 88 59 18 4 12 90 54 9 81 49 40 9 70 58 53 47 89 39 50 12 87 26 17 54 24 38 79 21 82 91 83 42 53 97 55 98 14 65 38 73 56 1 46 75 52 85 94 19 38 73 74 38 45 44 45 19 83 98 4 65 85 3 34 15 69 84 40 99 36 37 93 48 35 71 92 14 88 78 45 48 26 59 89 20 6 52 66 15 87 68 22 77 13 9 11 79 92 31 47 26 2 59 65 63 34 75 32 34 70 52 66 43 85 69 71 12 90 82 15 63 4 72 98 86 6 19 14 16 21 34 58 9 95 38 13 30 74 37 45 50 18 76 1 0 15 51 65 43 78 56 8 98 9 39 62 23 29 68 63 99 64 66 80 38 88 14 13 45 50 62 78 79 38 84 74 35 27 2 45 8 2 28 81 50 87 12 11 58 66 20 23 55 2 5 25 82 76 87 89 95 36 66 45 73 97 71 94 52 73 93 88 41 89 45 14 61 25 12 10 62 96 0 76 98 55 86 97 41 84 86 81 85 37 7 25 56 85 
93 15 39 10 40 3 44 55 84 39 28 56 5 17 74 88 95 87 90 87 42 72 51 56 66 45 72 43 23 26 52 47 35 78 3 38 72 92 58 42 47 36 39 52 1 25 7 65 22 69 53 64 95 22 55 59 48 85 33 42 65 28 92 22 8 72 41 28 96 97 91 79 0 2 62 24 24 31 73 80 87 16 89 65 4 51 30 21 74 22 35 2 94 3 9 70 20 63 1 29 28 88 55 89 71 47 89 24 36 90 91 37 64 42 58 40 46 31 89 91 55 26 93 61 80 27 3 13 72 73 51 28 1 35 65 50 47 32 31 82 87 25 15 35 52 5 38 45 3 30 49 13 24 46 10 34 78 41 14 25 63 69 46 18 54 73 74 98 12 66 50 27 64 94 67 95 12 47 60 82 41 84 97 14 47 19 79 75 45 15 82 38 49 66 59 2 39 69 3 62 74 7 64 38 68 52 40 96 99 95 75 52 0 26 24 87 47 91 8 45 59 54 55 45 19 34 19 89 53 25 78 90 10 97 10 29 46 51 66 39 97 21 52 38 67 90 21 76 44 64 61 47 35 63 44 26 84 84 40 63 7 72 23 25 51 90 43 88 22 47 9 19 19 49 51 57 38 73 85 84 55 49 54 89 69 76 2 52 56 16 86 15 17 10 40 32 61 28 73 12 97 56 72 53 36 14 80 8 57 40 16 39 86 77 22 57 6 63 49 87 71 74 15 73 51 67 95 34 28 94 30 73 17 62 61 80 84 6 2 21 45 21 14 26 80 94 90 41 29 54 9 53 30 54 97 47 86 39 58 44 5 27 95 14 45 17 86 69 27 29 2 8 32 78 87 53 98 59 98 37 70 87 9 55 24 32 94 10 41 90 3 65 40 13 72 87 46 69 56 40 
22 65 85 50 65 6 42 87 2 84 42 86 38 88 15 32 10 36 84 21 17 45 6 94 39 51 49 18 70 98 55 72 88 15 68 71 29 96 92 17 15 93 6 67 51 59 57 74 2 74 0 38 88 30 49 47 40 93 33 72 76 52 34 70 6 31 98 34 26 10 17 90 54 94 21 66 44 27 72 29 83 2 61 93 80 38 47 35 38 35 54 24 68 44 15 29 50 77 2 12 99 3 69 11 30 43 44 76 58 88 68 38 54 97 73 63 93 26 19 91 94 29 26 88 63 16 88 66 58 34 63 48 5 67 36 7 15 80 52 67 83 2 52 65 85 9 62 32 37 16 22 70 94 35 18 84 20 14 82 56 30 32 50 63 79 58 41 99 45 61 34 47 18 29 6 29 71 48 5 19 2 98 16 21 20 34 50 77 11 44 93 32 56 17 51 17 97 96 82 63 49 86 9 64 40 93 76 11 4 96 34 57 92 58 60 15 52 20 61 35 21 52 88 54 94 15 74 41 19 69 17 66 50 12 76 8 72 22 83 10 69 91 1 81 49 18 56 17 56 2 81 1 9 9 5 65 24 72 15 79 46 97 83 97 68 37 22 10 46 36 15 87 45 51 77 72 67 61 70 43 3 77 56 92 51 54 18 5 24 79 85 44 25 65 84 7 52 46 52 40 10 92 96 57 40 42 88 45 81 75 75 72 18 15 19 67 96 61 68 35 68 43 22 28 81 87 23 65 41 72 30 11 53 44 21 97 58 47 8 29 72 39 47 4 59 10 90 23 38 65 3 43 87 90 44 90 80 16 13 70 39 98 0 42 10 45 55 3 64 98 70 24 31 39 94 96 40 32 77 35 24 38 7 72 46 91 60 3 8 1 99 7 11 51 94 89 61 48 35 98 
50 7 90 1 62 54 0 0 44 39 3 48 99 12 63 87 0 2 29 43 57 20 31 88 16 13 67 58 31 71 27 58 70 38 39 77 45 0 80 19 76 34 18 82 65 91 29 48 1 59 33 28 93 55 25 80 10 47 56 51 55 32 7 25 6 3 7 39 9 21 23 50 70 69 84 0 61 39 95 2 93 82 2 85 70 17 7 76 74 28 89 52 13 46 53 88 69 62 36 84 57 62 85 49 25 47 22 35 8 24 58 89 21 7 25 12 80 17 68 23 19 86 10 50 34 60 43 34 63 59 23 47 38 1 94 91 98 54 35 30 36 74 50 39 52 50 74 50 25 33 67 30 17 60 51 40 85 24 30 69 89 50 84 73 15 47 78 80 40 53 85 2 23 90 38 5 83 12 41 78 59 72 5 60 68 42 31 60 14 49 98 61 42 11 55 45 56 8 72 41 67 96 14 6 89 30 28 97 41 39 74 53 41 10 50 66 1 72 87 19 17 47 71 31 11 67 23 89 81 93 78 90 55 47 55 75 0 24 94 19 78 32 68 34 44 19 37 95 71 7 12 35 31 30 9 95 46 20 33 70 19 72 2 2 73 19 92 81 98 98 13 95 42 36 44 26 19 7 76 16 99 49 47 0 39 6 39 56 61 92 13 26 41 55 53 74 88 6 29 67 75 46 65 40 78 13 74 4 62 10 77 21 27 87 27 82 70 83 63 75 64 21 43 41 67 8 10 94 93 89 58 53 61 58 70 30 57 9 82 85 13 0 21 61 97 57 67 83 27 5 47 3 53 25 59 98 26 37 55 40 42 60 54 69 70 60 79 94 43 14 80 29 57 45 24 77 81 76 38 54 94 76 64 85 62 38 81 94 56 77 6 51 85 96 83 44 90 39 49 88 
32 42 31 31 25 81 74 32 5 78 29 81 35 36 89 20 15 78 84 65 48 28 52 85 34 55 27 89 23 50 8 23 13 80 20 32 57 9 59 51 31 81 20 25 91 90 0 33 98 44 97 86 95 57 85 27 27 11 55 86 15 15 84 68 70 4 51 11 74 27 6 45 11 47 3 89 77 40 11 4 25 84 64 5 7 66 65 52 98 19 58 55 21 53 45 18 13 69 16 89 39 68 12 51 59 26 98 49 57 24 7 72 39 94 89 15 39 50 24 57 79 18 14 29 14 84 27 22 84 13 91 25 97 29 9 97 85 13 40 23 8 8 76 65 45 22 24 48 20 73 61 33 88 98 49 44 5 56 33 87 18 91 72 56 98 40 65 34 29 19 50 1 81 26 74 5 74 28 40 39 61 31 49 25 15 58 80 11 86 21 40 14 44 39 42 22 44 63 87 2 85 74 4 79 72 44 97 2 86 24 66 37 50 21 60 72 3 54 43 14 25 96 28 91 84 41 38 74 10 93 17 71 19 53 66 66 26 28 72 56 5 2 82 93 19 33 70 3 97 49 26 47 7 91 77 97 61 66 84 68 53 90 65 26 82 48 84 5 94 41 0 92 12 70 20 68 45 96 95 34 96 97 72 75 23 55 38 69 88 96 20 2 72 77 80 86 95 35 25 18 44 79 53 93 86 20 64 30 19 66 50 40 0 30 75 73 77 68 69 2 39 96 77 45 43 48 14 85 32 2 78 98 16 38 35 64 67 93 89 86 5 4 21 57 1 94 49 87 18 7 24 49 85 15 69 12 59 26 87 19 4 89 52 79 67 77 90 5 88 75 85 52 84 64 30 75 20 86 63 73 73 14 0 81 90 47 66 53 50 67 90 41 8 16 4 37 64 58 29 67 
80 72 66 86 11 68 70 40 4 86 37 92 82 35 25 3 83 74 89 96 99 59 85 95 10 24 53 88 16 73 69 63 31 70 61 81 54 70 36 24 98 22 46 48 94 8 3 35 51 54 14 74 59 54 2 12 65 27 66 86 46 44 62 28 62 39 89 12 94 92 30 56 4 39 84 84 36 43 1 92 42 1 32 95 36 41 6 17 93 30 26 66 22 28 28 55 52 29 56 20 54 17 82 23 92 59 97 17 84 11 28 78 69 69 29 74 73 2 36 93 75 82 10 62 88 49 95 27 9 74 84 60 70 97 1 2 90 28 18 38 19 52 93 91 35 72 3 31 98 90 98 77 86 49 10 19 69 28 22 85 38 57 86 90 23 15 27 93 16 0 3 80 40 34 9 12 76 29 43 68 12 54 34 0 94 81 6 24 32 83 75 61 34 42 58 42 3 21 4 55 92 17 56 82 51 28 59 56 52 48 21 83 62 8 57 47 0 41 66 69 25 35 20 42 25 77 84 25 17 62 80 69 62 33 36 89 40 36 62 21 56 49 65 88 76 33 83 98 63 8 73 88 37 69 30 41 63 89 68 19 42 86 6 74 64 86 57 57 4 94 41 99 3 4 54 4 91 78 0 52 35 44 68 22 39 67 45 61 33 60 33 79 76 5 35 35 4 95 85 13 50 32 53 71 42 33 90 86 54 18 60 1 33 28 11 18 79 47 40 63 10 50 88 70 86 64 59 71 41 28 5 58 99 83 62 77 12 36 91 36 93 0 22 63 35 52 78 66 14 56 65 98 67 65 30 92 24 73 38 27 4 5 88 35 81 79 0 12 49 65 30 59 81 66 84 75 48 92 37 94 15 42 34 75 3 34 8 55 83 9 0 39 76 58 28 93 75 84 35 64 
17 52 66 69 65 27 8 36 1 72 3 39 98 16 36 57 14 29 25 46 2 80 12 66 37 35 67 55 30 59 2 11 77 14 13 90 41 55 62 68 60 32 17 13 87 24 91 37 20 75 36 87 98 27 79 57 99 36 7 54 84 98 46 54 80 81 1 13 81 90 52 79 12 28 72 99 91 45 94 27 10 10 16 47 65 56 38 19 99 5 62 94 44 63 75 52 42 98 84 11 38 40 85 42 10 64 73 22 57 87 7 98 91 87 62 29 77 73 66 17 0 74 4 86 66 12 73 55 40 30 64 92 39 9 72 49 64 28 23 49 46 26 28 11 7 11 54 13 54 80 74 38 63 19 59 50 51 3 88 35 77 87 70 39 25 1 58 83 52 57 37 85 65 70 94 85 27 1 60 89 90 83 13 63 10 69 69 48 41 94 7 57 21 95 9 76 15 84 95 84 74 65 86 46 62 92 9 97 46 24 35 51 59 49 98 60 91 66 32 45 31 7 56 9 65 97 15 5 37 94 71 86 60 89 59 83 69 30 81 78 56 30 21 31 80 14 54 24 50 0 30 16 50 65 57 70 32 85 38 27 35 32 73 43 36 46 68 60 23 89 89 21 78 86 76 10 86 9 37 3 93 13 0 42 80 88 11 77 38 98 83 92 94 96 63 67 90 99 9 79 79 74 14 74 90 40 17 68 84 36 75 75 86 95 33 82 44 28 13 21 64 26 6 84 45 19 35 63 0 95 30 81 97 51 40 8 39 87 43 96 26 58 67 37 61 49 71 30 79 5 37 87 12 8 51 67 64 66 90 90 12 32 2 53 86 58 55 52 26 77 8 58 12 39 79 12 72 98 76 90 64 35 85 83 57 64 81 72 72 0 96 2 29 89 46 48 33 93 83 25 
17 1 51 28 19 75 49 13 5 12 65 8 23 2 2 72 88 62 45 43 68 80 92 4 84 57 74 69 66 90 52 40 7 39 99 15 66 95 50 11 7 74 6 33 28 22 64 46 35 22 16 97 60 4 20 98 4 82 78 18 98 80 89 96 17 16 33 10 54 57 94 0 19 20 55 60 92 75 55 50 81 12 47 90 73 31 26 72 77 55 42 7 80 26 31 18 29 42 49 35 94 22 25 0 44 34 19 54 10 42 59 56 74 81 81 17 38 52 23 9 88 52 33 25 44 94 78 89 57 38 2 94 6 82 94 85 78 80 28 22 50 1 63 55 23 27 49 87 67 25 63 78 47 61 40 32 67 75 6 82 73 80 98 28 58 94 54 56 49 6 96 46 29 97 92 36 31 31 30 7 48 9 34 75 29 91 72 95 3 33 55 29 75 57 27 85 63 48 61 35 10 76 24 78 42 75 74 70 31 58 29 34 50 92 27 19 67 92 86 91 87 60 72 13 29 71 2 88 76 34 75 6 76 70 0 83 25 9 41 94 81 50 66 92 52 94 35 18 91 69 1 99 60 80 7 83 59 44 55 2 33 3 56 5 92 81 63 29 31 41 25 96 3 5 49 48 11 71 90 10 24 10 16 12 48 85 10 6 47 10 70 62 79 10 4 95 92 87 11 27 19 46 29 23 80 66 74 42 61 8 92 80 54 16 18 94 82 99 37 75 43 23 18 49 72 41 54 60 14 81 86 94 97 27 63 48 57 56 88 59 17 23 77 47 26 69 12 12 10 79 46 6 55 14 25 78 15 47 11 81 50 72 25 53 82 58 33 66 5 53 25 19 36 33 85 48 83 3 94 14 53 75 68 42 17 99 33 78 21 44 15 90 22 14 48 5 37 78 88 94 
92 80 39 85 88 23 59 14 61 0 76 54 14 76 62 43 95 77 7 81 16 47 14 78 16 17 59 21 34 19 43 11 79 41 71 62 20 71 12 31 93 90 58 53 73 3 1 2 16 62 31 94 3 38 19 94 44 0 17 82 61 53 52 18 57 92 48 25 92 95 92 75 2 20 59 50 87 38 53 31 33 49 8 98 31 0 16 45 76 2 72 76 15 80 1 70 10 37 16 27 9 73 87 15 12 17 84 14 59 67 26 97 61 50 28 16 91 42 23 92 18 9 86 94 3 32 20 52 18 96 9 28 50 51 17 11 3 95 61 64 69 37 63 97 44 93 1 9 23 10 1 58 65 56 80 41 46 77 98 68 22 69 12 91 11 39 41 78 88 45 66 86 78 31 14 46 54 55 56 80 75 49 74 20 42 95 57 24 7 44 74 81 57 76 33 93 64 15 56 21 39 75 67 44 89 63 57 89 92 26 9 74 76 99 5 14 0 26 79 60 30 63 11 12 56 81 64 77 90 54 90 39 86 77 47 75 82 12 17 22 85 47 64 74 97 5 96 31 23 29 88 72 35 63 16 4 9 0 17 68 53 64 47 53 95 59 11 55 18 90 46 68 21 74 8 5 54 73 81 88 83 72 50 25 23 73 31 94 70 66 91 93 23 85 31 7 21 9 52 35 35 41 39 75 21 16 50 35 44 8 33 92 21 31 15 59 69 19 30 5 55 89 3 21 86 89 49 4 80 31 11 8 84 41 26 48 96 23 86 99 38 51 96 40 0 7 55 49 29 95 29 22 6 35 61 27 37 48 79 4 21 46 23 5 58 66 5 47 18 1 32 14 24 5 14 55 49 74 60 15 36 23 14 53 61 10 21 32 49 66 67 56 83 24 3 35 63 24 9 91 
92 68 20 99 95 73 70 50 18 93 8 87 69 29 36 25 88 12 95 24 8 79 30 36 35 14 54 42 82 19 14 57 45 26 74 83 94 25 82 92 29 41 97 30 84 36 18 94 77 48 14 2 44 55 55 75 7 53 1 49 11 28 60 45 5 90 65 1 5 28 72 42 90 8 41 19 81 32 89 73 22 77 95 39 33 95 68 94 93 87 20 84 91 85 22 10 57 28 90 94 61 82 97 52 39 72 45 35 9 36 77 98 70 5 78 14 25 97 23 41 45 18 75 49 73 27 54 36 48 87 29 82 0 18 53 97 14 83 64 69 56 2 14 28 34 55 83 80 86 95 22 51 9 25 82 85 53 59 2 60 22 65 82 20 13 70 35 74 74 19 44 15 24 17 71 80 21 31 90 32 60 19 59 52 99 3 76 79 40 79 55 46 15 73 69 5 29 33 81 6 12 63 11 13 27 29 21 98 99 89 95 71 65 99 6 29 82 34 14 52 53 57 4 45 28 75 97 44 26 72 25 6 43 86 82 73 24 91 5 9 96 97 13 73 35 29 69 90 59 9 4 71 88 23 43 2 20 79 59 14 23 13 76 14 83 42 93 12 19 49 1 73 73 7 49 53 14 39 54 2 57 72 10 74 22 11 2 52 80 13 67 70 88 49 10 21 5 30 32 24 25 52 57 68 13 87 91 67 20 88 75 54 32 15 12 73 42 84 15 52 23 54 89 5 98 76 6 47 80 66 74 9 1 12 27 63 65 86 83 17 23 0 46 93 32 14 45 21 12 38 16 54 29 88 9 87 8 83 82 69 4 18 81 39 20 10 97 88 4 70 84 68 34 34 84 24 38 57 98 14 77 1 45 93 70 92 66 23 19 96 24 19 37 98 67 97 96 56 93 27 
66 52 48 3 74 48 44 75 21 84 12 51 56 69 48 1 47 55 54 29 41 68 53 20 32 38 1 67 23 27 41 56 83 97 73 72 46 65 52 65 18 51 48 41 85 66 36 67 55 11 83 94 32 60 97 53 72 51 3 82 41 0 6 6 16 15 48 35 26 37 66 70 24 58 53 67 72 84 56 3 86 50 18 50 60 55 84 25 33 63 48 78 32 82 87 69 52 36 17 61 6 53 19 59 95 62 30 18 42 83 61 8 25 6 10 32 71 72 45 29 88 51 62 62 90 80 90 26 7 34 71 90 23 31 75 20 83 61 30 26 94 51 7 43 19 33 33 21 23 1 18 21 0 76 27 87 90 68 21 81 93 39 60 69 88 24 74 36 5 40 26 94 40 44 17 60 8 94 41 33 51 57 37 8 2 12 8 44 17 17 89 61 47 22 18 54 94 16 19 80 0 0 82 66 5 19 57 30 97 40 15 95 36 24 47 58 44 17 25 98 98 31 74 55 5 75 66 11 7 56 56 48 72 88 74 64 56 58 53 17 48 37 83 39 37 18 92 65 80 29 86 88 73 78 60 70 61 69 44 5 13 58 63 90 54 99 70 77 6 51 42 46 24 96 29 6 90 18 83 42 89 38 82 27 31 30 98 43 5 62 12 19 36 72 89 21 69 51 89 8 13 12 28 29 10 49 57 80 75 75 42 96 44 15 95 3 98 51 78 29 88 89 17 67 78 76 54 7 41 35 4 62 79 95 19 33 88 40 58 12 89 98 87 56 48 12 87 43 21 9 58 45 91 2 93 77 57 16 13 41 50 30 39 90 87 14 91 55 69 29 74 67 67 68 43 77 61 64 79 16 81 4 67 63 20 6 58 46 33 2 24 70 9 30 42 46 94 19 23 78 
26 60 67 80 26 93 2 69 44 57 10 97 80 32 5 78 14 15 85 50 76 12 49 71 89 10 77 58 71 57 0 11 89 58 53 96 92 17 27 68 16 90 38 3 25 58 71 79 66 30 2 0 36 89 53 3 91 26 27 31 34 72 42 18 56 97 38 31 8 49 88 68 89 79 73 89 4 76 71 9 38 99 52 53 76 5 4 91 42 22 33 9 8 43 5 90 15 66 41 44 51 63 83 82 75 88 17 56 50 47 79 37 49 55 68 36 1 36 74 78 66 51 20 43 32 16 81 7 85 38 37 67 55 96 21 20 43 98 84 40 74 68 40 54 47 76 71 86 62 86 34 1 79 83 29 90 54 66 65 7 42 67 23 74 91 25 78 78 24 3 46 20 96 93 2 45 77 92 63 47 87 27 65 52 30 7 27 17 70 2 58 83 30 91 79 42 43 17 98 12 14 48 61 48 85 52 12 82 42 13 37 66 84 63 80 82 58 59 97 97 53 98 28 90 81 60 9 30 7 75 96 1 66 29 39 85 52 32 28 96 74 33 36 3 6 98 29 32 31 24 10 78 86 95 47 1 28 44 64 28 60 37 26 13 31 55 78 99 85 56 4 7 70 94 94 23 80 65 96 33 50 0 55 79 98 97 23 19 63 58 22 40 54 2 74 9 85 48 60 98 53 14 1 97 17 22 93 66 50 98 75 6 2 73 44 96 27 76 68 66 36 69 73 75 83 38 33 41 1 18 90 60 34 93 15 31 31 56 38 75 1 30 56 66 43 73 5 99 27 69 29 22 97 59 2 16 25 77 30 16 82 88 55 80 55 45 14 40 92 20 85 7 32 94 4 50 22 14 22 61 62 78 91 96 89 91 72 89 99 51 63 67 20 93 1 52 49 22 29 38 
41 50 46 54 51 20 83 50 46 27 30 69 70 5 74 48 81 77 73 55 70 56 66 81 8 59 54 44 30 76 38 33 45 2 16 19 47 38 97 17 87 55 86 44 41 16 70 97 40 81 12 88 49 88 77 7 97 85 99 6 57 55 47 26 1 44 12 42 83 10 50 96 78 28 98 21 35 45 38 24 58 11 12 32 56 75 2 80 99 91 72 51 99 43 1 37 32 96 39 40 3 30 17 50 46 21 62 2 30 23 76 92 59 27 54 43 55 45 17 65 91 12 93 73 70 20 16 13 58 90 83 37 96 25 11 4 47 26 94 35 12 46 50 62 24 74 6 12 27 90 4 10 39 30 37 40 32 67 43 58 27 78 88 64 97 55 80 37 29 51 61 5 48 45 97 50 0 38 83 7 27 3 46 26 78 12 34 24 21 94 72 34 80 25 52 90 46 75 76 54 73 20 84 8 79 82 89 27 92 96 63 37 19 74 26 46 97 39 30 40 51 15 57 22 88 9 21 62 4 11 51 18 18 5 40 11 28 16 69 25 34 1 32 18 52 93 37 93 86 41 62 8 52 72 63 69 15 64 64 33 1 86 65 46 65 94 54 55 59 75 51 98 56 59 7 37 13 46 71 16 24 95 82 25 96 75 18 73 22 32 37 94 20 52 77 82 8 92 9 23 52 51 81 55 82 56 16 27 70 91 88 18 23 65 65 27 29 98 89 22 64 11 48 14 82 66 84 61 42 49 72 4 96 68 48 3 94 94 79 23 72 46 55 96 88 96 5 57 17 83 82 65 21 7 57 1 89 78 22 4 48 66 62 98 90 83 4 64 10 59 99 38 74 97 73 69 18 42 16 32 32 69 35 74 74 82 47 2 88 41 59 62 44 64 20 72 15 50 9 22 
37 49 70 23 12 95 15 82 41 17 31 11 24 91 93 44 94 11 52 6 71 39 34 40 69 73 6 6 25 58 90 18 76 82 66 39 67 24 55 67 46 75 70 91 55 91 0 28 81 49 58 76 7 21 25 65 27 43 68 54 90 28 81 83 94 21 52 50 97 32 69 83 84 90 5 79 68 4 8 33 64 70 6 49 11 69 78 94 83 69 70 5 90 10 80 75 83 14 80 99 9 67 7 79 67 16 63 88 80 30 1 64 97 61 23 36 7 97 42 3 63 66 99 62 15 58 24 35 96 57 17 98 12 77 19 94 36 59 58 6 22 5 2 9 71 62 91 22 36 51 1 59 22 28 60 98 35 86 56 37 15 62 57 37 4 74 26 25 58 38 88 60 34 61 4 51 59 89 40 67 77 45 46 22 9 34 13 96 98 80 86 5 87 89 6 46 20 2 53 60 97 21 70 51 72 99 67 62 7 78 91 34 90 22 3 74 34 76 38 10 62 87 60 27 13 82 29 25 76 73 89 74 78 60 11 54 65 81 59 71 14 50 84 64 16 25 30 20 68 30 31 36 97 54 96 41 95 65 42 87 1 95 1 71 19 87 5 22 24 4 11 34 80 99 11 72 70 96 96 27 48 20 11 43 54 27 80 82 28 79 81 15 66 13 55 44 71 18 26 42 69 64 33 26 62 10 52 78 12 78 33 81 33 86 51 11 90 17 32 4 0 14 33 2 56 29 53 9 39 85 76 79 33 90 27 84 15 47 70 80 82 43 12 26 79 84 8 55 12 4 82 56 64 43 7 12 65 21 1 5 29 68 69 73 59 8 74 99 20 91 86 44 65 31 75 67 6 86 91 36 0 28 24 41 63 19 35 84 99 91 76 65 72 63 45 67 3 44 22 88 
19 36 4 14 24 46 32 28 91 44 67 17 18 1 24 19 41 12 61 67 78 13 89 8 28 46 62 81 98 57 19 91 18 60 84 7 32 60 32 60 77 63 87 7 3 27 84 80 31 76 89 12 28 53 22 83 54 14 94 76 23 34 20 71 16 58 34 15 40 73 55 72 64 25 86 18 74 82 9 62 96 78 7 84 27 17 61 90 97 41 43 20 66 69 14 17 74 69 21 69 44 22 25 59 85 99 21 73 92 71 74 1 96 33 86 82 26 4 59 92 37 85 87 84 96 49 29 40 15 55 62 42 88 41 30 46 31 2 4 96 31 64 25 54 84 43 91 83 22 14 44 69 11 20 67 21 92 26 29 77 87 87 61 45 57 27 61 44 54 29 63 28 41 98 40 1 39 55 34 71 90 47 8 67 22 4 70 19 78 88 78 55 39 89 74 67 82 49 83 26 3 63 82 41 22 78 40 49 73 33 15 69 50 67 83 15 30 8 6 5 54 87 12 23 42 65 81 67 71 69 96 16 21 34 96 54 44 2 45 58 54 89 22 42 2 38 36 4 28 51 5 19 5 39 70 56 96 35 42 14 81 17 0 33 12 21 94 92 29 72 79 18 51 19 94 93 87 56 4 80 31 71 16 38 86 28 29 87 1 3 8 52 75 55 3 53 9 15 20 51 9 55 2 2 55 67 24 71 60 81 27 79 55 87 75 82 34 38 1 72 78 21 16 60 29 77 44 42 39 62 2 2 90 46 77 49 55 57 92 27 22 9 17 98 41 67 2 6 63 81 66 54 82 89 22 30 68 78 4 89 90 21 88 61 94 79 5 81 1 33 98 22 47 32 86 20 55 59 9 47 67 37 76 74 26 91 2 59 22 82 63 41 46 32 13 45 52 49 22 46 
72 88 94 56 94 43 17 23 99 63 19 77 18 87 86 91 52 24 83 19 38 81 73 4 52 51 66 50 41 84 68 53 73 56 51 72 28 96 64 4 65 27 85 43 63 41 21 90 30 70 83 22 37 98 22 38 83 87 88 43 16 44 19 66 6 30 63 50 95 85 81 90 4 47 39 33 62 9 9 46 60 26 36 18 53 55 65 96 4 90 40 65 77 25 86 36 66 15 8 15 50 60 61 58 0 71 69 44 55 1 46 92 32 37 99 70 33 76 68 22 45 1 69 67 0 15 86 76 9 61 83 31 29 15 67 51 29 92 83 44 59 91 0 88 4 97 44 44 34 11 89 15 32 36 10 38 42 42 71 21 56 6 39 65 12 64 65 95 96 20 40 44 0 53 6 77 24 16 66 12 90 49 65 31 49 0 82 74 38 26 29 32 86 1 18 66 56 29 21 42 68 48 89 29 21 93 42 31 2 89 15 60 15 6 63 56 42 39 26 14 65 59 52 24 7 45 6 18 97 61 76 37 5 53 62 54 3 50 46 15 44 19 57 73 69 34 61 60 89 91 2 34 45 94 35 6 23 56 84 12 13 76 70 16 64 89 47 52 44 28 35 13 85 68 13 50 51 18 65 3 58 66 90 23 16 17 44 42 31 29 80 48 66 90 47 66 28 98 16 30 83 63 88 1 86 7 91 24 45 68 89 42 15 98 90 5 58 50 77 19 58 48 14 67 59 51 23 40 77 67 28 1 9 23 95 13 38 56 83 78 75 70 14 20 18 66 21 47 93 7 39 17 57 73 54 53 73 7 81 41 84 67 97 85 49 76 42 76 57 55 36 94 14 34 95 38 23 65 88 90 91 74 6 74 11 84 23 57 66 34 42 2 84 52 21 77 79 22 90 36 
91 20 52 96 41 6 19 56 44 5 83 50 68 33 85 47 96 41 99 44 13 48 62 6 73 57 53 78 51 93 99 65 13 23 81 85 52 65 77 53 59 81 54 46 14 34 26 59 84 20 44 81 59 89 69 2 43 66 96 63 98 53 37 61 62 12 64 69 51 18 67 74 75 1 65 10 67 56 11 80 76 13 6 81 34 1 59 22 47 47 80 17 63 67 36 77 99 88 93 59 55 11 51 78 57 89 99 11 74 79 61 78 99 29 91 28 9 61 31 61 32 12 11 95 98 29 67 23 82 33 15 12 91 83 66 22 68 85 98 93 32 47 96 42 78 54 86 13 68 7 91 0 75 97 59 62 72 32 7 3 2 44 28 55 0 42 47 18 96 45 16 7 76 72 11 88 27 97 98 0 8 81 41 46 79 78 38 89 92 41 32 41 4 2 82 25 65 92 4 1 25 73 34 78 22 30 36 15 60 79 24 99 32 53 25 32 76 19 52 90 82 78 90 52 98 1 86 98 82 5 79 63 72 26 79 73 66 29 1 56 53 34 12 51 60 29 89 77 58 1 95 82 75 69 65 12 23 87 28 57 23 53 21 90 40 2 73 97 13 45 75 94 4 84 98 83 57 43 16 30 82 46 41 27 50 5 76 50 79 18 55 26 9 4 14 87 33 54 82 98 14 82 98 6 47 28 33 84 26 33 89 90 63 0 56 57 27 74 49 54 58 72 97 38 3 95 42 21 48 51 67 63 30 16 78 59 37 17 63 61 23 34 97 55 45 53 90 15 11 99 74 71 17 40 4 33 46 56 96 45 44 39 68 52 36 48 58 42 63 17 78 20 76 10 64 70 37 47 44 50 45 66 16 2 8 62 49 54 56 24 70 42 41 20 17 38 16 16 55 71 
72 43 27 45 62 61 54 49 2 36 9 50 21 30 74 74 73 94 88 58 99 28 26 78 52 73 62 61 66 57 86 17 40 59 10 61 1 87 95 20 72 94 95 10 7 75 50 4 54 39 97 5 19 66 97 17 56 93 74 4 95 4 37 45 4 9 46 64 91 48 22 74 4 8 32 70 52 85 18 67 18 87 7 93 34 36 51 8 21 62 6 60 54 92 0 38 62 57 45 93 42 76 40 92 81 13 33 7 11 76 19 28 30 74 35 1 10 32 27 63 16 71 38 93 75 52 69 41 77 47 97 29 41 99 21 42 51 31 70 5 57 32 65 43 12 50 18 79 59 16 35 77 31 32 62 74 34 50 74 89 2 3 83 56 20 77 77 87 54 93 63 91 37 34 72 91 87 84 10 48 67 47 85 43 93 69 94 83 84 17 80 7 87 69 35 0 92 2 20 11 95 83 88 30 43 92 24 77 64 24 19 71 68 17 26 72 47 90 37 73 57 48 59 10 11 69 72 0 44 35 65 91 69 1 72 30 79 55 8 60 21 2 79 57 73 18 42 5 43 51 45 72 63 73 83 71 46 8 68 26 45 30 1 27 5 95 64 37 62 68 17 93 61 35 68 13 7 74 89 2 16 60 24 47 56 51 28 22 93 76 45 95 37 13 48 42 54 93 32 42 51 37 11 51 84 17 23 28 1 41 22 82 71 37 71 7 71 10 73 14 83 11 84 98 78 2 2 17 32 44 96 39 86 44 22 67 15 62 33 61 67 71 70 21 2 86 65 67 17 74 68 28 4 99 17 64 71 23 23 23 15 6 32 29 84 91 82 65 41 96 3 45 65 88 97 20 67 60 76 84 48 36 31 99 9 42 28 96 93 26 75 89 44 92 99 91 72 56 62 24 
46 97 32 56 96 76 3 3 18 57 22 22 2 50 83 84 45 58 20 7 71 97 29 3 82 27 78 42 22 78 4 84 43 56 30 41 39 87 24 85 69 66 44 52 91 73 15 2 20 49 87 80 5 55 22 8 25 85 1 5 86 93 14 7 67 16 3 89 18 38 68 39 62 16 34 18 2 93 25 94 71 62 71 12 76 48 62 36 62 92 24 81 29 40 41 10 86 67 1 63 6 79 10 93 1 58 8 73 71 63 43 24 61 29 37 99 43 60 61 81 12 86 51 41 22 89 1 40 64 48 65 0 14 59 63 34 16 87 98 77 78 1 2 79 18 98 1 16 10 39 98 56 51 89 41 98 18 75 45 27 90 47 90 43 71 59 75 6 33 85 87 61 48 61 6 40 94 97 34 43 57 97 27 36 88 40 44 8 48 98 98 31 47 68 22 13 43 89 2 78 75 11 52 70 16 25 99 10 6 6 26 38 45 82 66 51 90 23 54 62 20 59 17 33 52 31 27 34 16 99 96 74 23 44 49 16 98 75 20 82 97 17 19 94 45 70 72 85 89 41 60 65 86 56 64 73 76 36 26 37 49 64 16 45 88 46 58 54 50 62 19 7 40 74 10 50 74 41 41 19 73 12 65 56 79 86 71 46 55 3 91 98 15 27 91 28 42 56 11 80 45 29 46 94 66 69 15 80 22 36 1 21 31 3 63 88 74 13 40 40 21 64 14 63 61 66 53 90 18 34 91 99 31 26 86 74 39 42 38 36 99 29 51 50 10 62 64 48 92 2 9 33 99 68 43 85 83 20 70 16 78 52 40 55 34 64 63 40 79 86 98 43 89 29 28 54 19 21 34 37 99 43 20 59 76 77 73 63 22 29 46 54 81 98 12 63 92 19 69 68 
7 35 72 1 83 77 72 11 61 61 55 90 5 66 47 10 0 41 93 63 92 1 20 71 40 81 20 84 88 35 99 65 66 79 57 81 56 75 91 46 36 8 67 57 34 29 74 71 48 86 39 29 92 72 6 59 37 83 95 49 83 20 54 92 64 88 98 32 27 97 33 86 68 43 28 51 16 58 51 45 91 58 3 78 27 46 50 71 47 41 87 67 83 82 2 0 70 16 98 5 25 78 9 41 82 58 12 70 65 75 65 33 61 83 65 2 83 27 1 47 70 76 66 82 39 30 15 34 15 61 80 97 24 53 9 47 25 30 21 46 36 38 39 55 55 71 52 32 23 16 47 50 39 86 57 49 12 66 1 57 55 41 15 43 44 24 51 65 77 17 33 22 98 34 66 22 92 13 85 72 23 79 43 5 77 21 36 64 76 95 3 30 10 91 32 84 79 58 28 11 43 93 21 79 30 83 10 39 56 16 1 72 68 85 50 23 72 79 99 28 82 90 39 33 97 55 79 40 75 19 0 28 22 49 40 73 20 41 3 97 28 2 89 82 89 63 65 41 5 42 30 85 94 49 91 37 24 33 56 98 51 75 66 49 46 52 68 99 41 24 80 81 78 10 28 98 62 79 86 87 19 5 96 18 53 78 48 71 61 37 15 91 4 86 60 93 36 96 99 97 71 16 15 99 45 28 13 21 8 95 13 12 50 79 90 84 46 7 66 90 74 95 31 22 44 16 52 77 79 12 82 8 69 1 50 82 22 56 27 26 26 42 56 57 66 94 84 83 1 38 72 3 90 51 97 40 94 61 83 36 19 56 89 88 4 95 62 86 35 82 7 63 92 43 21 89 28 93 42 18 63 33 63 45 97 65 25 96 51 13 29 99 0 91 72 92 58 78 34 24 
3 39 77 21 95 96 54 65 24 0 80 69 50 26 8 41 80 13 15 83 61 33 69 18 91 39 7 89 90 31 20 0 38 77 45 98 34 92 1 64 68 23 97 89 97 12 41 6 82 83 19 4 43 79 89 0 55 63 57 50 4 0 70 9 85 93 38 34 21 87 83 91 10 86 51 74 77 51 35 82 44 52 76 32 1 40 39 82 85 44 67 92 17 94 46 0 47 4 10 36 12 41 51 9 53 61 80 55 48 39 33 62 32 38 80 51 12 9 76 51 68 12 41 3 88 26 6 52 20 4 91 61 8 74 67 35 65 36 81 77 73 68 81 68 8 82 73 16 31 72 28 56 20 80 99 42 57 2 15 62 33 6 38 1 88 74 21 13 43 48 33 55 33 98 61 48 32 37 88 24 62 51 87 68 17 76 49 82 73 68 72 54 41 39 95 55 9 29 78 78 46 83 38 10 14 85 26 1 54 70 76 78 50 33 20 16 64 45 50 30 31 27 51 43 24 46 85 31 38 59 6 51 23 42 82 42 87 53 96 20 20 0 43 91 18 1 29 88 60 77 83 7 71 54 22 66 95 18 94 79 91 48 41 83 56 78 74 54 93 59 98 57 42 61 11 15 38 9 52 59 1 82 48 0 10 19 30 86 93 65 20 20 56 81 22 79 55 53 38 90 58 21 26 83 18 68 94 41 54 72 30 29 76 50 33 78 78 61 55 88 50 10 84 16 74 40 27 34 88 85 22 3 17 28 78 98 82 21 86 69 27 74 7 59 68 55 10 44 50 16 45 15 63 25 94 39 88 6 34 1 85 36 26 53 82 1 87 23 93 63 39 8 92 95 66 29 57 51 38 79 75 52 19 68 55 66 78 33 94 28 92 28 76 20 1 7 78 86 93 38 
72 28 91 38 66 15 57 78 16 76 31 39 87 37 35 6 10 1 79 49 61 52 89 78 80 0 20 38 76 5 36 46 34 59 96 14 40 14 66 71 11 49 87 15 25 3 51 42 8 86 35 11 4 24 44 12 46 20 43 62 20 5 92 40 23 17 32 65 86 4 18 28 77 6 91 44 10 18 60 84 58 21 28 88 51 87 51 45 85 72 82 34 39 1 40 71 11 44 61 62 20 61 73 60 35 31 82 33 72 11 30 27 95 90 99 84 7 85 4 86 69 64 69 82 68 75 33 16 31 33 67 46 3 30 26 67 39 92 54 35 89 44 28 24 16 93 76 14 87 93 68 62 98 56 87 43 55 38 23 39 78 24 52 5 74 17 79 78 36 69 81 37 49 50 92 54 79 47 34 67 87 21 79 30 1 20 10 97 28 2 98 95 40 74 71 94 49 63 34 41 3 94 33 72 14 54 96 86 38 14 43 2 79 40 41 33 33 80 28 91 92 79 54 0 70 21 99 13 57 9 96 63 74 15 56 43 66 50 53 43 77 7 17 92 48 58 25 8 15 4 86 54 62 45 50 91 79 54 65 67 37 25 9 9 52 60 90 31 57 64 7 42 70 91 65 77 89 11 13 83 22 16 47 49 67 8 19 28 75 42 85 72 9 85 85 34 94 41 61 20 53 54 45 59 55 40 43 8 43 3 83 5 98 17 97 17 46 76 66 98 27 72 27 47 34 56 71 83 22 51 75 5 36 46 53 21 0 52 62 77 60 39 52 51 43 25 70 38 47 89 92 78 98 43 10 53 87 41 89 60 87 0 34 87 26 27 53 84 63 66 56 49 39 85 39 16 90 73 59 99 2 19 76 32 80 41 44 94 88 42 89 56 65 46 84 5 57 84 74 61 
2 74 39 96 21 42 70 93 62 78 8 96 16 39 93 19 58 29 55 77 66 58 0 92 97 63 30 76 43 75 76 88 0 15 84 29 24 11 3 57 47 7 77 98 8 83 26 19 15 58 92 86 64 89 81 7 82 41 95 56 75 51 95 25 70 15 47 5 15 22 67 81 26 3 18 81 74 21 92 5 91 90 87 78 34 99 30 65 84 50 89 40 22 96 98 54 83 77 40 15 66 40 62 93 42 0 66 28 23 55 11 73 26 72 27 85 8 84 81 60 92 80 74 32 63 30 27 18 43 21 90 64 2 62 24 8 31 41 10 64 38 19 43 42 53 32 86 78 31 76 40 2 24 66 99 45 22 33 20 15 10 51 82 24 86 15 57 70 61 53 26 53 87 11 11 57 95 46 90 70 22 67 45 95 95 60 32 63 71 58 58 33 45 51 21 46 94 94 4 13 93 14 10 34 43 97 49 85 45 43 52 80 82 85 73 0 78 30 65 45 91 15 89 54 31 89 93 87 50 61 11 22 14 83 10 19 61 40 55 83 50 97 72 69 53 59 3 5 43 60 2 24 41 53 64 11 85 50 74 42 19 7 24 16 41 0 61 61 5 4 66 3 22 97 1 37 25 43 21 49 21 14 74 39 25 52 73 70 45 28 30 52 81 88 27 97 21 21 53 56 51 17 22 16 1 51 13 59 66 62 45 0 5 40 62 7 60 21 38 79 86 8 39 60 22 64 78 93 58 54 24 3 24 39 98 18 88 16 98 52 18 9 64 16 13 70 34 80 5 38 56 82 37 19 7 19 12 55 32 25 20 20 3 79 87 98 8 98 10 94 69 71 7 2 70 42 31 48 10 89 32 13 55 78 24 71 52 56 62 17 84 1 4 53 37 31 85 50 98 0 
27 7 26 12 69 99 27 53 99 3 98 35 26 53 3 23 70 62 82 4 97 70 63 88 1 42 96 84 41 23 57 27 24 21 17 81 46 83 98 75 24 45 25 29 46 65 71 66 23 66 63 39 83 66 5 11 63 88 30 34 55 37 5 72 80 90 50 20 32 73 20 28 38 99 4 55 0 55 32 11 27 77 37 8 70 25 78 17 71 73 16 52 71 48 34 51 71 81 12 17 95 23 98 57 1 10 71 71 73 30 62 85 23 2 10 0 14 64 89 79 32 99 78 50 50 13 71 71 66 74 84 97 81 16 6 30 38 64 10 75 92 58 9 77 43 33 0 78 85 65 48 60 50 12 64 13 23 50 50 96 95 68 62 60 52 32 88 2 32 71 29 39 65 11 21 94 49 6 48 79 65 77 1 81 58 78 74 69 70 12 69 83 53 45 30 45 7 87 26 58 27 18 19 12 12 89 18 73 99 13 13 46 46 13 97 18 47 76 59 49 52 84 1 44 25 0 23 68 99 61 70 69 31 8 94 46 30 60 55 1 76 22 77 0 98 56 88 38 37 33 92 62 36 48 17 82 29 45 35 51 50 66 42 0 81 63 20 68 94 24 57 31 29 53 38 97 3 13 97 1 13 95 33 56 2 22 99 90 8 8 72 55 35 82 64 2 73 18 14 14 89 81 88 99 28 42 85 4 89 34 82 56 18 89 94 18 11 21 89 19 67 30 31 19 67 85 28 56 61 89 83 62 13 27 12 36 80 5 22 61 26 58 5 11 24 23 39 80 98 57 41 46 4 37 96 17 8 52 36 62 3 76 53 58 44 58 96 63 14 10 9 82 32 28 31 94 31 21 87 43 47 77 5 35 49 70 35 1 97 57 83 79 10 63 66 26 2 7 14 55 
88 5 58 88 2 54 60 27 0 23 44 19 82 95 37 9 26 53 3 64 50 73 40 92 59 14 24 99 54 64 72 49 89 87 0 42 41 75 31 89 90 53 32 91 44 18 99 48 17 91 77 70 64 77 80 40 52 9 41 80 40 59 47 4 33 70 56 78 32 63 86 82 50 47 64 20 80 26 53 58 68 70 86 58 10 3 11 20 91 76 89 82 52 82 55 69 29 16 30 40 39 90 99 67 58 94 3 69 19 91 97 64 55 96 75 9 40 25 12 55 0 28 26 25 55 95 80 84 16 3 14 45 2 60 87 91 93 60 35 47 68 58 65 89 76 19 15 10 51 46 1 90 2 91 30 0 95 85 5 12 58 57 84 85 74 42 98 30 52 66 62 66 7 29 66 38 33 41 93 22 18 65 92 29 13 43 63 44 95 7 91 77 52 21 7 23 50 70 88 18 69 45 41 13 68 45 71 14 14 81 16 48 57 20 79 63 9 6 43 96 88 87 31 89 53 86 32 99 39 45 45 72 67 79 16 84 92 78 94 7 5 34 13 97 0 78 47 44 99 22 7 73 88 76 18 17 9 26 32 95 59 36 60 43 66 2 51 16 94 65 49 97 56 18 64 53 24 35 95 81 82 81 42 31 86 62 87 24 0 64 28 60 76 37 66 65 83 92 26 49 38 72 53 57 42 96 69 71 48 59 86 6 86 21 94 97 83 29 9 56 67 72 31 25 66 50 95 66 24 47 80 2 1 5 94 83 68 48 16 52 37 10 87 74 3 29 57 11 26 61 87 57 77 2 40 56 15 1 47 31 32 78 34 32 66 26 96 62 65 34 76 63 66 20 3 98 18 8 48 50 39 42 30 60 95 58 2 29 57 88 30 36 0 81 64 3 65 73 87 3 
93 66 10 21 91 17 6 18 43 12 35 98 94 20 18 17 76 24 22 61 68 69 51 12 94 96 98 54 7 73 62 41 8 4 30 77 44 93 8 25 20 40 6 82 40 11 99 11 40 36 88 8 34 74 55 16 65 51 20 65 47 25 22 1 27 89 72 24 70 77 89 39 51 76 5 35 32 60 25 10 35 43 44 33 93 94 58 95 34 54 29 21 13 59 3 99 61 11 52 97 56 59 96 37 35 52 59 96 78 13 15 44 70 43 17 77 84 21 44 54 76 93 83 18 85 70 45 42 82 43 41 73 70 28 51 83 65 16 49 14 59 15 30 63 80 17 25 47 68 43 1 21 31 8 20 23 84 18 92 91 59 78 69 64 25 45 76 36 91 32 43 9 70 11 62 75 65 30 2 0 44 84 52 83 35 87 37 77 10 31 87 69 87 14 78 61 76 60 64 77 31 13 61 12 47 8 43 81 18 24 69 28 56 32 27 80 85 2 45 63 37 65 47 20 23 77 33 29 91 31 42 10 97 85 47 56 75 13 41 4 94 97 2 62 96 75 88 50 68 70 82 38 59 80 24 14 53 97 85 35 83 77 44 97 24 25 24 20 17 36 23 93 41 23 29 46 65 97 0 46 40 93 66 98 7 33 74 9 23 64 8 28 11 49 72 25 80 62 9 88 9 16 99 84 72 64 29 61 78 50 70 19 46 20 70 82 93 10 89 21 8 41 56 23 75 33 95 72 57 34 34 50 40 24 43 72 58 59 39 95 91 87 36 6 29 88 22 66 42 68 61 59 13 11 11 81 92 12 25 3 48 35 19 40 69 30 4 78 99 0 79 79 9 22 40 6 25 76 2 71 21 60 57 54 33 8 99 2 17 34 70 77 67 35 4 94 4 5 29 45 
24 90 89 50 79 5 32 37 99 79 10 89 10 36 78 28 96 43 72 93 22 47 78 11 29 24 48 29 97 17 72 6 55 55 29 84 93 14 90 75 10 15 29 55 2 17 60 58 55 48 68 35 55 67 68 8 39 73 65 29 13 66 55 53 47 62 46 0 88 31 34 25 14 43 68 74 64 88 11 50 92 99 41 83 77 38 25 1 99 2 85 57 59 20 71 33 77 31 74 22 47 2 22 43 24 6 51 30 76 28 42 64 17 56 5 66 91 4 9 41 40 10 29 13 56 43 48 86 87 67 99 51 30 37 76 44 87 34 58 41 67 20 67 84 38 99 86 87 46 77 12 41 19 51 1 7 35 36 18 9 12 16 26 95 42 79 62 5 39 66 21 74 72 78 0 84 86 17 1 91 36 2 30 5 23 92 60 57 72 57 81 22 16 47 15 65 66 4 6 53 16 62 23 31 39 81 30 31 89 84 85 94 35 49 62 88 32 81 83 83 87 39 44 68 92 8 45 50 62 19 13 77 11 62 38 21 29 9 13 47 3 57 96 87 59 95 14 74 54 14 39 86 13 43 80 84 59 32 82 45 39 66 86 57 15 86 56 63 80 38 40 13 81 77 40 70 2 13 88 73 62 8 74 1 61 27 33 61 1 61 76 87 11 84 67 92 45 75 54 50 75 12 9 32 66 94 14 16 6 41 97 78 87 57 28 9 19 85 19 48 59 29 68 51 77 9 66 10 47 79 63 45 39 39 50 0 66 82 66 5 87 85 16 16 22 38 91 30 88 75 86 21 72 10 82 22 42 14 96 28 31 71 69 57 82 59 68 3 18 91 64 24 75 12 31 29 21 79 42 55 11 55 57 75 72 66 61 24 24 1 9 22 29 68 74 97 19 48 99 15 
17 23 27 2 12 25 24 53 70 57 76 53 12 48 86 99 20 71 39 88 22 3 57 87 39 68 35 91 78 43 19 4 23 29 33 7 49 94 84 17 77 62 78 31 91 74 35 36 39 87 98 87 8 88 31 80 55 57 96 28 68 14 39 95 53 72 40 14 19 50 71 37 16 36 16 6 97 52 33 59 45 17 43 0 39 25 89 49 29 65 53 46 72 34 40 0 58 70 97 39 61 93 77 88 21 1 13 66 17 40 11 59 19 85 98 48 42 76 29 93 7 74 22 89 54 4 43 94 78 86 4 75 63 87 2 3 88 63 15 6 24 53 75 21 64 95 39 90 93 7 48 76 35 79 6 40 55 58 30 69 17 32 80 86 90 64 77 69 71 41 48 66 61 75 95 52 84 3 29 63 49 80 50 83 17 59 62 88 94 98 61 15 44 4 67 75 84 84 75 3 60 7 29 55 20 59 49 17 75 9 54 75 41 25 74 54 83 8 30 1 3 55 98 73 82 78 23 91 67 11 36 72 30 45 94 93 73 51 10 72 94 1 80 9 77 0 94 88 63 37 74 13 23 28 35 14 56 14 29 17 39 37 4 5 94 22 99 3 1 32 33 64 28 11 0 54 14 3 88 78 44 38 42 75 9 15 41 28 80 88 49 82 11 91 91 22 83 24 16 22 95 50 33 30 90 23 53 41 19 89 73 35 11 83 1 37 57 11 84 63 0 57 70 54 3 27 80 98 65 14 76 53 28 18 65 97 22 2 37 42 68 18 33 64 75 32 9 60 80 12 72 92 56 27 98 72 83 7 24 98 96 41 60 13 14 10 55 82 94 30 34 35 17 46 88 60 8 21 72 47 96 78 13 47 15 88 91 20 64 49 48 81 33 35 68 22 47 8 61 96 
74 68 46 6 3 29 29 77 78 74 83 71 8 69 18 15 73 42 62 56 1 47 41 60 23 41 88 43 67 18 47 72 84 97 27 47 69 55 49 88 50 60 57 83 25 77 41 73 86 78 7 73 62 51 34 6 43 55 96 44 56 50 51 66 82 44 85 59 40 12 49 63 79 65 64 4 37 94 96 24 7 65 14 78 96 83 58 84 63 54 83 71 76 42 8 25 16 84 50 86 51 84 58 58 85 90 54 33 43 8 72 93 82 86 19 12 90 94 16 46 85 96 30 5 66 68 89 53 96 79 68 71 14 92 83 56 49 20 36 39 91 75 96 99 22 8 45 66 48 3 77 67 37 91 5 73 79 35 39 47 96 36 9 7 89 50 63 94 78 53 70 70 2 52 62 47 60 49 5 94 50 60 53 15 5 93 28 73 42 11 38 59 83 78 23 89 45 11 5 3 76 39 36 41 79 89 0 37 62 72 95 64 89 80 52 15 43 80 71 9 63 0 70 33 18 79 87 54 97 88 58 68 76 8 66 49 3 8 47 88 55 25 99 86 36 11 89 51 63 2 61 30 95 38 18 67 92 26 60 45 1 95 70 69 69 6 11 57 28 91 71 48 92 36 88 5 4 1 50 95 35 1 76 88 0 57 39 56 89 23 56 15 66 14 61 5 75 28 48 74 60 24 16 87 88 17 84 75 20 94 53 73 65 28 50 46 89 25 26 46 21 90 73 56 3 55 19 69 47 86 65 15 78 21 22 98 87 64 65 96 88 70 23 44 48 51 68 36 47 74 41 9 65 27 0 99 8 96 35 44 23 72 78 69 75 32 4 32 61 17 92 68 24 74 20 18 9 54 34 4 4 36 80 11 88 55 9 52 86 48 38 35 82 62 83 32 22 4 79 31 
43 36 49 34 57 12 8 27 99 73 75 31 71 40 81 1 23 4 60 96 51 19 60 73 53 48 31 7 67 49 67 27 28 30 72 46 90 61 50 0 2 20 68 8 68 80 46 94 92 91 97 19 34 16 37 79 98 2 96 3 3 78 24 77 41 53 16 29 75 62 87 21 90 63 46 65 96 21 53 23 85 12 51 49 72 81 37 32 76 80 0 7 1 37 42 61 28 10 22 83 41 53 55 61 36 46 91 6 62 20 76 15 82 48 43 20 19 53 4 69 36 86 56 76 45 69 84 82 39 26 87 79 27 8 98 85 39 33 75 12 58 71 32 84 94 61 45 79 34 68 13 14 56 76 27 9 27 15 83 37 46 99 93 98 17 29 96 49 92 36 24 35 49 0 68 38 24 29 81 40 26 67 77 18 46 51 99 47 56 17 39 9 51 87 4 27 8 90 61 31 81 48 13 2 14 62 74 74 7 79 95 95 77 16 16 90 42 61 6 69 15 80 60 43 52 53 14 27 7 22 80 34 92 11 5 46 9 12 72 48 0 18 18 10 89 84 82 25 6 43 41 64 64 44 86 70 40 16 25 33 34 28 42 52 1 83 53 42 67 76 55 71 97 40 4 22 66 71 98 48 64 78 12 92 12 13 28 83 68 10 2 90 86 74 3 70 14 6 25 39 2 5 87 80 46 52 19 46 63 46 90 38 36 97 51 24 10 92 36 62 83 14 57 46 38 95 27 59 33 70 76 93 73 19 68 66 57 42 23 67 44 39 88 64 36 15 6 1 55 47 92 78 29 92 90 24 42 19 9 56 54 77 52 99 45 70 65 14 40 14 26 80 17 80 57 22 74 62 12 74 53 16 85 96 43 24 89 24 66 78 51 80 63 85 47 29 68 42 20 99 
94 24 59 87 3 99 1 27 21 17 26 0 58 65 39 67 23 6 93 84 51 68 91 80 50 61 78 28 65 51 39 86 52 40 69 28 69 94 23 24 78 71 92 10 2 92 45 4 64 14 63 13 84 49 34 91 58 25 13 12 41 81 3 31 0 14 61 88 23 56 33 76 36 38 70 77 23 64 5 70 87 40 11 70 34 18 92 42 32 45 40 76 10 13 92 13 28 14 91 23 21 12 77 75 51 41 76 81 47 77 81 62 42 28 69 77 75 65 44 53 71 69 35 85 30 25 57 37 16 24 35 64 64 24 68 35 8 56 77 41 1 26 10 59 40 3 57 70 65 15 40 31 75 65 93 78 41 62 56 94 71 41 20 48 95 47 26 58 17 71 31 50 66 41 68 34 21 67 14 58 4 61 66 77 68 13 95 72 57 73 43 73 65 79 32 54 71 73 70 8 53 94 76 43 93 17 94 87 54 13 66 89 2 57 11 14 7 9 9 87 72 64 15 81 94 35 37 67 91 22 26 38 49 46 41 97 50 78 38 69 66 78 23 86 17 93 3 91 3 33 23 18 26 13 68 83 55 22 24 83 3 18 20 56 35 61 73 91 13 52 78 25 81 80 18 46 17 55 34 43 37 82 77 1 33 94 69 39 99 34 33 65 63 13 49 29 34 28 74 18 7 27 35 26 52 57 3 72 80 65 39 3 43 62 98 14 91 81 56 60 10 49 96 89 72 95 81 82 66 48 30 73 31 96 97 29 26 92 13 9 0 42 52 54 23 2 67 74 4 81 35 18 1 90 56 72 45 81 52 62 12 71 82 29 66 13 24 85 43 84 9 44 76 1 43 9 5 43 84 72 90 29 83 43 7 0 82 34 7 21 70 10 47 63 22 62 30 99 7 35 
8 87 68 34 25 28 57 0 11 75 37 6 79 67 80 52 32 69 30 38 92 64 42 53 39 38 98 59 97 7 47 43 52 28 52 15 70 70 2 86 59 4 30 16 78 62 42 92 68 4 40 89 50 95 49 12 89 30 42 13 11 91 45 32 99 55 77 90 15 11 93 16 61 21 90 15 40 50 52 93 8 25 4 63 5 92 39 99 20 82 73 23 30 69 70 79 37 32 85 44 9 63 16 61 55 93 63 23 28 31 4 15 35 4 37 78 95 37 0 13 56 57 64 30 56 55 97 23 83 3 62 64 10 38 89 86 79 42 15 35 50 5 88 39 30 93 5 29 70 72 20 14 45 33 75 49 73 3 37 89 80 28 18 79 92 48 37 79 96 71 31 19 58 73 65 5 32 60 26 78 90 79 22 20 64 37 50 37 35 24 69 96 33 51 51 92 35 38 88 83 63 28 51 53 53 29 67 8 13 89 9 34 57 65 71 32 85 9 89 54 48 33 78 53 8 64 42 80 34 50 69 66 99 49 98 82 42 38 29 68 1 49 78 44 57 74 63 53 42 9 75 71 95 44 48 23 36 8 26 94 61 25 82 21 20 82 85 33 13 64 57 99 89 18 12 29 17 78 66 1 97 9 82 33 69 68 71 99 2 5 29 59 0 4 29 32 66 91 77 36 99 0 25 67 32 29 77 84 78 53 52 20 5 33 32 23 73 49 71 25 92 28 89 7 12 61 83 6 42 24 24 63 11 72 42 96 42 63 59 46 55 71 28 15 18 17 38 66 91 31 79 40 53 98 3 77 72 34 52 40 15 41 30 91 69 42 92 39 0 14 95 22 44 36 72 46 17 50 95 29 83 54 93 73 25 85 87 18 96 61 84 89 10 91 21 76 42 33 22 67 
73 60 45 65 53 52 30 60 73 98 57 85 90 94 15 7 77 7 73 81 81 44 58 98 81 96 8 41 73 0 22 45 61 27 84 67 35 55 87 1 91 82 26 45 95 91 49 19 4 66 84 95 34 54 96 39 46 70 18 23 86 37 14 61 61 93 46 23 17 13 94 99 33 3 59 34 27 50 73 76 66 80 62 64 43 22 16 3 49 35 36 61 82 63 91 94 60 81 81 74 44 62 77 44 25 75 0 80 24 41 30 3 15 80 33 95 68 18 79 74 28 33 66 40 72 66 49 45 74 99 26 99 66 99 94 80 87 64 77 82 8 37 67 48 0 14 10 4 54 41 77 62 85 18 31 79 16 98 56 9 83 34 5 19 49 90 42 12 33 16 42 85 39 71 37 14 64 14 29 84 88 87 9 64 83 32 73 43 14 79 80 3 28 60 62 93 1 1 53 67 73 97 62 4 59 45 60 98 76 24 41 99 67 20 9 71 11 26 22 36 47 25 60 35 77 64 92 58 76 26 63 99 78 50 62 0 22 61 60 87 3 40 56 52 34 4 15 28 88 71 59 1 74 20 37 36 24 82 49 22 8 27 76 77 49 3 82 0 92 18 96 90 37 74 64 24 9 99 32 74 26 53 88 59 64 80 59 94 95 31 31 68 72 67 35 39 77 0 86 13 75 11 34 10 34 50 78 66 60 34 72 3 2 39 65 33 99 85 6 58 41 13 63 84 57 37 54 41 18 65 22 51 61 42 72 4 11 44 66 75 32 67 14 31 83 45 62 24 37 15 97 64 78 45 88 36 30 99 11 95 56 6 57 33 81 70 47 55 79 80 79 83 44 55 76 72 1 71 10 71 18 51 86 39 15 23 36 61 67 8 90 71 4 47 81 52 12 59 67 69 
79 99 91 65 64 59 8 87 48 65 22 23 89 35 31 68 87 32 85 6 93 56 49 68 33 28 68 11 41 69 71 43 9 55 92 69 5 33 35 70 45 55 34 68 78 13 93 95 94 98 9 21 74 63 11 36 12 1 79 51 68 60 9 31 67 54 27 52 90 67 81 1 7 58 66 1 57 91 36 82 29 3 26 66 57 21 3 83 4 6 93 55 37 56 27 45 77 14 64 46 19 79 78 20 78 64 58 58 75 47 28 24 11 5 12 10 31 14 54 47 33 60 48 12 5 17 78 52 57 73 51 87 41 59 53 86 95 18 5 17 94 88 4 99 92 50 29 93 98 62 0 81 83 65 94 53 71 31 50 81 53 45 28 17 43 58 80 87 93 81 88 59 21 17 73 12 17 28 24 30 5 18 9 4 3 6 72 15 16 55 3 80 41 68 50 59 97 59 93 32 65 59 39 79 73 8 43 26 21 17 64 9 44 64 56 17 0 48 78 10 94 75 96 56 23 89 98 3 16 48 69 25 65 46 78 6 80 32 62 58 8 72 70 96 84 17 83 87 78 5 56 57 75 80 63 9 65 40 68 49 59 72 51 21 47 76 13 15 49 25 78 87 39 33 50 57 40 26 36 32 70 11 6 49 39 55 70 92 58 1 76 6 94 79 89 69 22 43 35 84 33 55 79 14 37 20 63 72 4 37 64 96 67 9 47 85 8 50 22 85 59 68 25 54 5 85 65 76 31 50 58 33 27 22 52 94 86 5 91 26 13 0 87 48 89 63 52 74 88 51 90 59 47 53 41 80 85 66 1 39 9 80 80 60 7 94 22 44 66 8 32 42 50 90 92 12 20 48 13 63 59 4 56 39 66 84 98 81 37 70 19 77 16 71 86 62 25 3 53 36 
86 29 7 89 7 86 41 71 5 94 10 9 79 95 62 44 56 69 61 28 78 38 47 3 49 42 84 18 82 13 77 33 49 52 88 39 57 98 92 66 15 40 75 72 18 35 30 83 50 0 10 62 2 48 15 85 55 57 29 9 85 21 94 24 83 45 67 7 83 1 78 92 51 46 23 91 91 4 74 20 75 53 17 3 47 41 22 14 86 32 34 26 22 89 75 16 49 57 92 46 13 71 67 6 72 52 64 75 27 14 54 46 87 49 1 74 65 26 71 75 14 67 0 67 26 78 61 14 66 18 26 51 51 48 63 52 70 78 84 43 29 41 28 73 7 62 8 76 82 5 35 7 80 7 73 36 40 17 32 41 83 74 54 27 18 36 41 97 29 33 64 20 13 65 27 6 10 46 64 80 40 56 90 75 47 14 93 46 52 29 68 82 42 87 84 14 41 75 78 37 30 99 67 37 7 90 14 41 4 35 50 98 23 77 48 34 75 33 86 17 31 73 85 9 17 3 72 99 61 1 54 53 44 81 11 35 84 28 26 29 26 19 1 56 61 10 24 97 53 60 27 40 88 7 2 53 72 80 62 2 29 50 53 89 75 64 66 61 27 83 67 79 39 96 75 76 60 22 3 31 64 68 79 52 43 54 13 70 33 64 21 93 9 58 95 8 20 14 89 36 65 27 12 59 67 84 42 30 7 44 42 33 52 83 27 24 1 33 8 37 26 42 31 41 41 26 4 99 38 49 24 88 4 33 75 92 31 50 31 27 67 82 63 51 90 47 75 41 5 34 52 90 66 57 30 92 14 84 71 74 81 31 99 52 99 3 34 26 78 6 90 51 47 31 94 28 45 14 42 58 47 44 76 25 98 31 43 2 91 33 61 72 98 78 66 73 75 74 10 66 
16 52 51 57 99 23 1 29 45 90 10 4 63 79 50 88 97 3 77 31 80 70 38 17 32 16 92 66 10 47 87 8 17 31 70 9 91 90 18 77 83 30 37 51 98 91 80 58 63 93 34 46 38 25 6 30 87 27 34 88 55 89 25 39 82 42 18 49 32 92 15 17 74 70 40 42 79 96 75 97 92 69 92 23 60 60 69 51 96 2 68 38 42 31 16 36 34 58 56 86 41 94 98 89 34 62 23 30 43 10 47 61 9 51 56 11 58 2 2 47 86 53 90 21 11 39 91 66 66 8 64 75 87 86 11 52 36 5 6 74 69 82 44 0 1 8 50 2 89 78 18 75 45 72 80 85 19 12 83 54 57 0 6 10 45 29 36 58 50 85 97 71 17 90 18 79 13 86 82 23 16 14 65 14 57 99 41 13 62 78 28 52 87 58 70 55 71 15 19 84 75 33 59 64 59 47 56 29 55 86 48 15 19 1 27 37 35 90 27 2 50 64 34 95 28 23 27 23 33 69 18 62 0 98 73 34 44 98 83 67 65 21 63 89 86 95 92 4 50 53 80 51 73 0 9 15 49 81 3 94 76 45 51 83 15 42 75 1 31 53 95 4 7 89 96 30 86 20 51 2 71 76 61 37 62 45 32 1 45 5 76 23 55 1 11 28 67 78 49 28 92 54 20 2 7 35 35 33 30 64 98 39 92 60 17 7 62 23 20 97 40 48 11 75 6 23 29 68 68 34 39 83 80 43 26 21 87 20 56 64 43 79 31 16 8 27 82 86 95 27 90 70 87 13 60 21 42 97 3 32 87 55 4 12 54 94 84 42 63 55 19 28 59 86 15 25 68 42 10 37 95 79 31 49 97 83 26 38 85 10 67 8 27 99 57 96 86 46 68 69 
45 63 39 11 61 3 54 13 54 26 42 97 42 68 2 82 46 60 2 77 42 46 26 71 12 7 34 30 96 71 52 29 7 22 49 1 2 47 55 53 73 9 70 46 59 14 98 44 38 59 65 67 22 20 24 21 67 4 19 75 45 73 85 43 49 87 73 25 88 34 95 41 29 41 42 35 46 74 82 99 70 44 45 72 87 18 69 20 43 97 88 74 8 87 14 54 97 98 15 24 34 13 19 96 87 52 90 57 83 30 23 68 70 30 58 67 4 51 45 45 84 5 96 5 38 51 61 63 77 11 71 37 64 98 77 30 5 88 33 11 31 4 25 99 88 79 10 33 26 35 99 7 31 2 61 20 98 96 80 93 40 94 84 53 83 3 85 76 42 44 76 74 89 74 28 27 42 70 55 25 8 14 88 31 19 7 77 85 60 59 64 61 67 35 92 64 74 71 37 62 7 32 47 57 73 62 43 13 43 64 39 4 90 69 68 8 44 88 33 97 48 2 41 39 28 34 45 33 61 49 87 35 50 12 58 53 7 79 84 8 96 35 56 9 20 42 99 80 99 61 33 35 91 90 43 22 97 11 16 69 52 79 33 68 6 24 73 54 96 41 33 21 99 44 23 81 27 74 45 51 34 62 68 44 0 55 6 99 70 30 65 19 28 36 73 60 44 28 75 99 24 59 11 16 14 63 75 7 82 77 37 47 0 7 52 87 28 58 65 45 38 76 3 4 53 64 72 64 59 96 74 65 13 79 74 84 33 84 2 76 37 24 81 81 70 24 47 58 41 25 97 65 21 43 64 51 29 99 37 59 71 52 24 35 37 12 13 37 38 12 78 56 85 53 47 32 82 29 6 61 49 54 46 14 35 12 98 33 78 17 42 14 68 32 70 70 79 2 94 49 
7 33 0 50 33 70 12 25 35 50 65 77 76 99 92 45 57 80 46 89 91 54 97 89 95 24 43 33 0 89 79 77 84 53 48 75 33 81 87 87 89 99 83 26 52 90 87 30 58 57 64 4 13 82 83 67 91 65 61 33 70 81 5 44 35 54 58 82 82 20 90 60 65 37 38 99 91 13 82 32 2 37 63 38 58 69 16 89 28 37 94 81 43 87 12 23 58 42 49 68 19 58 3 48 14 38 24 97 48 62 3 7 86 63 77 86 60 51 52 86 35 9 31 34 47 9 72 49 77 96 99 0 64 95 83 12 12 64 94 63 92 88 8 1 64 90 20 57 59 29 10 15 3 98 52 52 53 88 64 80 46 52 98 55 82 30 22 36 32 17 16 10 2 47 94 15 87 28 65 94 74 1 20 87 20 34 17 70 49 25 6 28 79 21 63 49 11 65 12 27 9 91 13 29 34 91 29 44 0 32 36 86 37 32 76 7 67 99 10 33 63 90 44 34 51 5 94 5 10 63 53 18 39 88 63 17 93 72 12 70 77 74 9 92 88 55 11 35 19 88 34 56 36 53 35 26 35 79 42 24 40 20 44 64 43 66 60 10 89 74 84 1 53 74 79 49 52 64 61 22 16 81 78 32 23 44 34 91 62 7 17 73 79 0 90 46 76 24 21 19 49 49 22 38 57 68 0 65 23 57 65 77 55 37 50 56 52 65 39 6 92 33 77 69 14 64 63 67 14 50 14 29 10 9 68 1 12 76 38 55 48 93 65 99 99 34 14 1 0 47 76 38 13 50 35 95 45 6 43 56 2 44 63 99 18 38 6 69 6 62 18 43 48 0 71 45 0 63 18 15 85 53 47 80 10 64 91 80 49 19 74 65 74 22 40 62 68 49 22 14 
19 47 47 27 21 69 32 62 78 68 61 49 10 81 22 48 94 68 97 24 81 27 7 69 29 84 76 93 96 52 34 98 60 93 91 76 14 58 68 55 10 69 69 32 48 58 5 45 69 2 24 2 42 23 28 1 92 78 16 37 19 28 36 71 32 81 28 5 16 58 31 83 35 6 80 63 89 12 42 72 72 55 33 62 10 93 59 52 49 0 32 18 64 18 54 41 99 76 96 31 26 25 80 3 90 68 23 19 32 35 75 80 98 97 0 29 43 63 24 35 51 62 8 63 67 0 52 9 58 88 17 81 24 79 41 87 1 25 77 15 54 87 58 49 3 82 93 99 41 51 57 89 6 61 20 76 49 80 32 98 92 47 95 89 34 76 12 38 94 94 80 40 77 92 5 81 8 44 28 7 82 79 53 11 87 39 27 66 1 1 97 89 21 95 64 64 25 1 94 13 89 80 82 93 4 6 41 2 24 37 77 2 60 98 47 52 25 21 10 85 31 66 18 54 54 26 35 85 76 4 54 59 64 65 24 43 12 86 21 60 27 60 63 32 10 60 12 57 84 52 37 57 24 17 76 20 30 47 43 8 80 70 2 49 97 15 34 38 91 18 43 32 54 61 99 92 45 12 88 26 85 86 60 12 74 89 47 40 17 14 41 31 3 84 12 46 56 12 24 93 76 23 37 13 68 39 81 14 56 40 55 50 11 97 87 93 24 18 83 25 75 35 37 55 31 24 65 3 39 86 62 37 79 54 4 29 29 8 25 39 15 91 93 78 10 8 41 10 91 40 67 8 97 29 58 95 20 7 9 32 72 51 31 1 61 61 48 89 25 31 71 15 70 45 17 17 87 86 4 51 73 23 25 81 66 2 18 65 40 78 32 32 79 69 72 62 57 62 77 63 
5 20 38 29 46 82 52 96 77 89 74 78 45 99 47 59 95 6 15 25 9 52 86 63 38 51 77 99 79 8 35 47 12 67 39 46 82 79 18 3 44 16 4 24 60 0 62 46 59 11 70 76 19 68 98 75 63 89 26 1 88 10 33 57 19 85 2 1 95 14 43 81 80 19 98 67 48 27 33 7 26 98 23 22 8 8 97 5 25 59 15 0 19 18 24 68 57 28 11 3 44 28 59 66 70 98 15 23 87 6 66 62 60 35 66 46 94 11 80 88 57 85 31 63 56 11 92 12 22 73 2 72 1 65 29 51 61 1 1 16 65 66 63 54 22 38 11 1 4 53 48 42 22 75 80 35 91 33 29 14 70 44 62 99 50 66 90 20 98 28 86 41 44 72 98 20 31 4 57 50 11 74 8 11 8 17 84 67 29 64 27 86 86 78 1 80 20 69 50 44 16 23 87 70 6 82 17 84 67 79 89 94 98 46 31 0 67 83 88 84 53 44 13 31 49 29 13 93 18 80 17 56 47 50 12 84 3 22 33 28 75 61 79 45 29 41 96 1 12 94 55 85 92 17 56 14 31 3 15 79 60 69 3 11 51 54 80 35 69 82 29 63 94 24 19 18 76 95 84 65 50 84 39 43 17 91 88 50 69 82 6 97 11 74 24 54 17 61 73 82 82 88 27 15 20 98 21 5 92 12 43 65 17 38 42 73 44 70 17 84 94 36 76 5 77 98 63 21 28 49 85 94 34 63 49 41 50 90 80 71 8 92 29 32 10 25 53 28 37 62 51 15 62 16 31 7 45 73 77 39 28 40 1 10 23 59 56 52 39 91 50 88 96 72 97 91 88 91 84 4 69 72 65 0 62 53 0 44 44 66 90 92 90 44 57 47 63 99 44 53 
71 11 65 35 45 82 73 85 3 6 63 68 59 34 45 23 72 29 63 67 52 43 98 90 81 15 8 28 77 37 45 67 91 37 86 1 18 88 55 19 4 80 42 33 67 54 5 19 71 75 20 34 20 71 96 94 97 27 32 14 2 56 30 47 38 41 52 78 91 88 40 21 34 11 88 78 6 62 34 20 60 35 59 74 81 78 54 99 27 99 91 77 85 8 37 32 48 43 65 1 85 12 64 74 29 10 58 64 91 64 56 44 41 73 51 93 10 61 74 15 58 34 34 28 82 9 40 23 17 47 71 46 31 86 66 54 58 73 28 86 54 54 30 68 73 33 57 71 95 46 97 78 2 86 65 20 65 76 88 76 2 37 75 30 41 8 24 95 79 8 58 53 72 34 22 95 45 39 25 60 36 30 67 85 99 54 36 8 15 87 93 2 90 81 33 9 68 37 12 50 83 75 0 9 96 67 30 15 39 36 51 87 10 37 64 88 22 90 59 29 91 91 6 38 61 96 53 78 47 64 47 70 83 14 53 73 94 81 59 76 33 78 91 20 40 60 3 94 98 58 25 22 65 1 85 47 92 12 31 78 22 47 81 25 61 49 39 42 6 40 13 87 3 74 81 0 26 21 5 71 56 38 51 0 18 59 52 78 18 78 50 20 82 45 33 7 56 52 0 47 57 36 35 44 12 13 48 43 45 45 58 77 15 30 5 87 77 42 36 42 72 91 11 89 93 78 97 73 69 79 97 65 78 97 39 34 60 97 69 72 56 53 22 89 91 79 75 42 14 63 33 4 44 29 70 12 38 2 63 63 94 98 9 11 14 47 7 2 67 48 44 84 91 68 93 18 92 11 33 69 14 61 10 88 60 54 67 90 70 5 64 12 25 98 6 42 20 78 56 83 
53 0 57 82 99 73 2 54 59 3 42 13 4 75 73 41 0 8 66 63 27 4 68 76 46 77 6 21 64 46 10 70 67 7 79 11 35 22 19 53 23 84 47 90 56 47 60 35 42 85 78 14 88 53 75 73 3 88 18 53 90 7 93 46 17 0 35 90 3 34 14 24 12 60 16 91 23 48 48 31 24 92 40 64 77 33 29 73 74 96 34 18 23 50 0 20 69 62 2 44 16 25 28 3 83 57 1 49 0 14 17 17 49 53 72 76 31 97 1 4 27 83 2 31 98 93 28 88 57 59 78 9 0 74 41 45 19 45 10 36 95 49 83 1 10 7 14 87 97 91 8 55 60 47 86 21 27 89 46 73 40 70 11 56 58 35 32 67 0 14 2 99 24 21 97 49 98 76 26 8 3 65 98 69 67 67 41 87 35 91 92 19 39 91 7 33 39 51 87 76 99 35 23 90 88 66 85 56 97 31 56 24 18 61 91 48 35 71 4 38 25 14 70 32 69 2 56 30 1 3 24 1 51 27 71 38 26 48 69 68 87 56 3 95 57 97 7 17 13 70 35 53 77 73 94 37 74 63 0 8 51 33 68 61 52 92 99 11 27 67 46 57 9 55 20 84 80 11 73 58 12 58 14 89 52 54 10 21 58 82 69 38 1 22 47 37 26 49 47 52 85 87 48 21 66 13 79 99 60 85 82 79 4 78 5 42 17 0 67 22 90 88 44 62 84 10 56 29 62 98 70 78 46 72 42 45 23 60 8 90 80 26 34 75 90 86 91 15 56 58 85 8 29 83 96 32 67 74 29 96 39 19 50 45 98 19 34 76 2 13 50 6 68 42 97 3 28 22 82 84 61 42 88 68 0 28 15 73 71 20 68 23 66 12 49 16 4 86 98 79 
61 37 7 14 28 5 75 7 13 10 64 3 73 27 68 50 17 60 7 17 54 21 14 81 14 90 52 31 76 3 11 49 12 42 61 48 13 23 75 54 26 87 18 93 71 57 52 89 30 33 69 3 58 50 7 3 15 47 99 67 2 60 21 68 65 94 53 84 18 0 43 40 49 39 39 25 20 8 10 82 11 85 49 12 35 78 95 8 61 64 77 80 50 83 12 8 26 3 7 39 52 40 89 15 53 3 13 1 55 21 8 80 62 66 15 63 47 40 57 13 9 33 0 93 29 63 3 2 27 95 66 5 30 11 34 84 42 32 10 37 96 34 51 60 13 14 54 53 0 6 15 49 74 63 30 75 99 55 19 70 94 12 64 13 16 49 61 14 13 56 19 86 71 20 82 21 55 43 8 49 49 11 55 14 68 80 16 1 58 81 52 91 85 80 83 68 54 55 96 26 57 29 20 44 53 19 11 88 77 87 71 60 91 87 2 89 96 58 30 52 20 96 66 2 83 6 28 85 61 95 97 35 62 45 5 14 61 32 20 9 90 61 56 6 33 33 84 16 93 19 27 51 8 52 61 94 1 78 23 49 4 67 30 43 77 54 94 37 91 29 94 55 6 61 99 6 63 15 32 95 19 69 85 95 59 33 5 52 10 36 12 87 55 69 89 42 41 18 54 96 84 44 53 55 62 99 51 61 77 96 48 81 35 95 30 88 52 59 37 51 46 32 90 36 39 31 46 53 62 83 42 84 27 11 21 96 88 39 86 74 88 73 34 55 56 1 15 73 79 46 66 56 74 70 75 36 51 47 7 84 4 76 34 64 16 32 25 23 47 57 98 26 83 40 99 53 62 2 72 3 76 42 72 55 80 2 69 38 3 47 78 66 96 41 90 9 28 34 63 67 
60 13 0 68 27 22 51 70 61 4 93 69 60 27 35 63 54 60 29 30 52 22 41 24 58 70 62 99 82 84 33 57 77 15 56 97 63 15 37 90 58 22 18 72 54 18 74 49 76 96 30 45 92 32 42 5 8 3 81 53 78 76 40 72 41 88 54 76 83 76 75 58 16 20 74 51 30 89 43 40 21 43 2 87 42 68 66 78 24 96 5 31 24 41 56 21 60 70 97 19 83 63 83 6 28 47 10 55 37 90 68 89 93 79 27 68 51 88 32 75 13 25 8 35 9 39 57 0 35 18 14 35 80 97 50 57 13 33 62 72 70 27 42 71 56 1 7 70 57 47 2 79 7 74 83 6 68 62 22 96 29 37 81 18 93 71 4 60 87 91 82 97 33 78 29 19 71 90 96 92 71 65 66 66 7 16 77 95 42 2 0 54 30 13 30 96 58 68 73 18 26 81 14 98 43 49 97 57 57 4 70 32 18 99 89 37 32 69 28 56 22 51 43 9 59 48 13 8 55 43 20 28 71 16 81 20 95 50 49 64 66 57 23 62 32 99 39 52 71 34 18 21 8 34 7 22 95 93 34 31 41 82 51 10 85 86 32 47 29 20 58 12 43 72 70 68 28 50 52 22 70 96 24 27 12 1 84 40 14 47 84 85 20 36 0 7 96 0 35 70 62 94 69 31 90 57 78 35 27 36 67 88 3 21 6 86 91 45 33 40 85 96 40 93 70 21 44 52 97 83 42 54 57 46 27 38 10 3 68 62 3 10 62 14 10 23 8 49 80 51 56 86 39 3 34 23 17 21 94 4 67 74 93 7 54 79 47 80 64 16 48 50 35 82 15 83 17 0 66 45 59 5 83 33 68 80 82 84 0 47 64 79 22 60 79 72 5 61 52 87 
10 19 10 46 15 70 43 75 22 66 63 37 85 25 87 26 60 59 56 88 32 50 72 83 35 47 50 5 75 24 93 51 31 80 1 0 48 84 30 91 44 16 40 2 29 93 8 68 32 84 75 58 72 75 72 78 4 54 68 99 39 72 99 89 8 19 54 4 49 6 99 23 32 58 89 87 3 95 57 88 27 83 20 23 92 99 54 52 32 17 86 58 82 33 30 5 48 72 58 91 78 79 76 86 97 56 22 81 0 9 48 1 82 64 51 86 8 66 43 50 4 20 44 89 71 8 86 30 87 24 82 1 7 78 55 21 11 50 39 48 91 53 63 52 31 87 20 24 49 52 38 40 78 95 33 9 46 91 35 16 89 73 21 81 53 81 69 91 6 64 55 55 24 2 23 4 37 93 27 21 50 34 73 81 97 26 31 42 95 79 12 9 47 0 54 20 76 95 18 17 47 38 12 14 60 72 16 14 53 36 95 68 31 50 14 89 74 77 4 50 19 1 62 43 80 5 12 77 50 60 6 79 53 96 32 11 1 71 69 30 33 57 34 97 21 10 2 74 43 28 1 8 93 15 29 10 36 1 80 25 25 16 8 12 13 74 60 67 66 43 12 55 88 45 70 18 91 48 81 29 39 75 94 26 41 15 25 27 60 14 66 72 96 67 1 40 70 28 59 53 48 96 43 18 58 66 20 72 93 38 95 13 87 30 74 25 28 59 34 33 55 26 58 1 71 49 66 16 32 59 83 39 21 38 63 2 80 42 83 50 24 82 59 36 41 86 19 96 33 37 11 93 53 96 36 36 3 66 52 80 35 85 98 5 0 77 80 20 49 8 17 45 91 18 58 34 52 17 23 8 12 40 46 95 51 63 95 78 87 55 14 31 76 7 65 8 81 50 66 3 
25 79 28 28 78 77 49 36 64 53 39 0 33 20 65 50 4 89 25 31 32 78 75 90 46 74 92 40 5 95 68 76 92 21 9 73 86 27 22 58 50 96 71 25 41 1 97 63 60 13 24 74 56 40 94 5 33 52 43 72 23 17 99 19 67 17 76 96 21 68 37 75 77 72 38 34 95 66 9 25 99 23 85 28 25 70 0 42 18 87 34 45 31 17 11 39 25 63 29 22 38 96 28 52 41 51 54 28 96 69 71 53 62 59 51 20 15 98 93 0 44 78 0 78 6 97 92 65 71 71 20 83 66 11 93 12 31 23 45 7 59 61 53 91 16 41 88 51 12 90 41 93 47 33 30 60 31 23 98 48 36 5 56 82 51 5 70 68 33 55 28 18 40 91 32 34 26 5 42 33 82 40 52 66 95 15 68 22 38 30 57 1 80 73 98 0 12 10 33 91 62 67 39 46 43 9 88 6 79 3 18 77 37 42 97 82 81 34 10 5 36 13 64 23 91 3 59 57 49 18 26 10 55 27 66 14 17 60 1 20 31 35 72 44 95 55 25 34 28 49 68 21 44 6 88 7 22 35 36 43 39 21 27 9 86 51 85 91 21 60 23 80 94 85 48 29 26 7 16 33 85 68 13 21 30 36 65 68 48 30 84 29 73 80 23 63 82 71 55 16 60 22 9 13 13 85 6 37 5 21 54 52 31 79 67 1 35 99 35 48 78 58 42 89 16 49 29 73 72 3 61 70 80 20 48 72 55 16 61 79 57 55 95 18 38 90 36 95 13 23 6 72 42 8 65 72 78 54 2 94 74 75 35 8 11 36 4 97 52 40 50 44 49 96 94 52 42 22 81 12 67 0 57 66 6 53 2 33 53 49 70 11 7 67 65 60 25 8 41 22 
33 71 61 87 25 68 81 62 4 9 49 67 38 22 38 6 94 11 17 4 41 88 61 91 76 76 27 27 36 14 23 38 17 67 70 13 77 24 86 83 51 8 78 18 84 81 67 27 56 52 62 55 52 25 6 67 55 8 44 19 42 92 57 23 20 42 37 94 74 82 74 4 99 84 18 25 4 65 32 90 6 95 72 64 80 78 6 23 11 92 1 88 82 16 81 18 55 87 9 45 95 95 17 40 97 23 42 97 10 66 27 43 87 3 9 15 60 66 70 70 4 37 62 57 5 25 73 18 93 9 55 55 65 47 86 32 52 23 14 42 27 37 79 29 0 30 47 1 73 37 35 40 91 97 15 27 10 23 10 40 34 66 95 55 86 87 95 7 68 98 10 15 22 64 19 76 12 71 51 58 10 43 48 94 55 82 32 70 1 78 11 63 7 97 69 46 8 29 18 54 10 82 98 73 76 33 80 9 79 74 72 57 75 96 56 80 76 11 41 97 67 26 62 20 34 90 73 7 55 23 8 49 5 17 97 51 79 62 2 40 58 35 12 46 48 44 42 37 58 23 17 96 34 35 17 34 70 49 51 91 65 47 48 27 5 69 80 22 33 37 57 36 63 66 97 15 58 99 95 94 74 36 97 28 48 5 2 90 92 94 38 54 52 15 96 81 95 81 71 69 21 36 56 62 5 27 1 57 8 41 71 7 52 21 65 97 93 0 46 24 74 93 19 31 79 2 11 90 50 45 18 13 0 13 81 65 89 62 54 79 47 78 98 19 14 94 25 42 68 20 80 35 87 62 34 26 15 19 84 31 78 5 85 50 9 11 78 90 49 95 73 55 37 22 4 98 82 23 4 16 49 94 75 8 59 38 75 89 79 76 16 99 43 17 23 51 60 10 4 1 
44 66 25 69 49 14 24 37 71 88 80 6 56 16 98 22 19 99 89 5 63 80 43 51 42 21 38 24 50 90 47 53 66 36 36 82 0 92 60 88 22 57 83 45 22 15 27 10 18 10 74 73 8 39 32 62 30 41 20 23 14 94 98 94 32 71 44 90 20 66 50 22 5 6 98 37 58 20 4 99 73 20 48 27 97 57 29 69 28 13 14 5 4 33 23 29 53 97 46 0 80 6 39 4 86 67 97 61 84 21 77 6 58 55 84 75 26 6 40 0 10 94 83 37 12 80 52 86 5 80 58 61 0 18 70 89 93 85 3 38 37 44 64 71 79 29 74 2 3 90 14 70 23 82 81 57 79 12 54 16 89 10 80 56 40 36 61 90 13 18 94 91 24 80 52 89 36 32 93 68 13 45 35 88 64 98 74 13 88 33 69 96 68 17 99 50 45 98 62 75 94 11 0 57 5 16 64 16 87 42 75 68 19 8 23 17 67 43 23 26 67 83 37 94 2 55 25 10 99 3 94 7 84 21 38 43 13 10 25 97 58 18 70 42 61 9 2 14 87 63 36 92 25 35 69 97 8 55 84 45 64 19 17 67 52 23 44 98 26 13 67 4 32 64 15 4 96 49 95 58 48 28 9 10 45 23 47 89 37 97 57 7 50 46 59 98 69 4 74 77 71 81 22 61 86 71 2 40 83 29 35 86 95 48 94 93 24 52 57 7 29 81 44 51 44 12 16 64 27 6 39 77 81 30 93 50 95 77 39 10 2 43 86 26 6 21 90 56 4 55 84 83 88 51 32 10 79 17 55 91 18 48 0 70 70 80 17 50 91 37 57 51 6 57 84 93 84 26 22 24 3 98 19 0 15 3 63 87 62 57 81 89 27 65 41 31 97 79 7 91 
74 51 74 2 26 97 68 99 30 23 66 60 52 83 24 71 37 13 59 95 81 24 2 62 2 79 62 81 99 75 37 93 33 8 24 16 6 93 80 42 2 88 82 5 28 73 61 95 7 41 37 21 4 82 94 7 81 21 55 43 22 53 91 74 87 6 64 81 35 4 98 11 91 81 54 71 50 0 64 33 44 31 61 26 40 55 69 8 2 11 60 86 60 55 87 99 85 94 38 60 12 90 3 89 14 10 49 77 50 91 3 65 56 71 51 9 80 68 78 40 96 45 36 81 85 62 47 99 33 40 5 26 81 7 15 78 14 31 57 51 5 44 50 98 19 70 78 79 88 47 75 3 24 39 36 77 11 19 29 91 37 57 50 58 66 79 54 74 99 16 84 95 2 18 15 28 66 14 35 20 77 46 14 55 68 89 24 29 32 36 59 18 29 7 42 73 68 62 75 62 69 53 91 14 9 41 45 45 60 9 34 19 38 55 20 9 14 76 56 66 88 23 2 46 67 72 67 99 98 12 44 86 89 46 93 95 2 37 87 58 25 9 7 73 71 28 24 72 6 58 72 56 93 86 57 31 73 42 2 35 49 81 87 13 46 16 24 92 38 31 26 38 78 48 70 21 57 83 92 70 47 48 67 10 45 67 30 54 63 99 6 57 20 57 5 0 96 61 70 69 84 45 86 74 2 12 31 40 19 10 90 59 69 39 86 13 16 73 27 87 47 97 29 46 91 56 69 94 84 66 40 63 85 36 58 21 69 67 77 82 25 56 23 80 68 37 97 88 88 40 57 25 67 14 5 90 22 30 53 36 53 0 26 54 31 24 36 49 83 96 21 6 91 73 35 69 1 36 88 68 27 7 68 21 86 73 19 88 82 96 31 21 71 41 8 93 24 98 18 58 
9 63 95 12 42 9 70 49 83 38 63 25 4 76 8 50 37 14 15 41 18 0 84 70 39 55 86 73 44 40 5 69 7 84 47 41 82 80 40 5 94 69 50 38 8 50 96 81 7 89 85 61 90 92 60 27 48 21 11 61 81 72 69 62 63 19 81 41 89 98 64 72 74 96 60 63 66 29 90 5 80 38 8 31 35 50 47 91 18 35 24 98 73 76 50 72 27 80 20 99 93 43 95 51 92 74 26 25 54 13 12 3 5 13 17 11 68 88 65 22 34 72 17 63 32 34 92 28 42 63 41 12 65 27 57 25 43 73 68 28 60 35 27 47 88 50 69 2 17 49 73 37 39 62 2 49 52 29 74 13 12 8 8 83 85 94 46 43 88 8 90 47 13 57 99 36 99 97 65 8 19 8 1 76 5 12 43 16 35 72 13 36 6 43 69 89 50 52 22 37 78 15 83 99 24 12 63 87 2 90 0 12 25 11 11 35 64 46 27 35 64 13 29 29 51 8 60 14 63 78 52 34 93 6 61 71 13 61 57 47 56 10 21 99 95 97 39 68 81 72 92 14 0 95 46 15 4 60 36 49 77 78 5 51 9 49 54 32 81 98 55 49 13 87 91 0 1 74 23 22 43 46 28 75 78 30 56 74 47 1 7 94 18 26 58 27 31 57 79 50 35 84 2 52 89 3 63 84 64 46 38 63 35 5 80 39 50 26 54 12 94 57 67 54 60 60 80 27 90 24 76 72 67 12 46 73 61 84 9 26 43 85 59 88 3 35 11 9 76 27 73 54 53 62 65 77 22 50 22 38 15 95 32 51 42 5 34 20 0 44 53 12 47 63 67 76 89 73 7 55 29 5 49 23 90 2 68 82 33 34 31 9 56 98 29 46 71 22 24 88 
38 73 7 63 27 48 82 71 29 72 38 25 60 69 86 56 71 43 66 98 0 14 90 40 67 10 93 58 78 85 38 65 4 85 2 81 79 9 20 39 18 62 93 8 30 89 92 92 88 39 65 29 75 57 24 58 92 53 77 62 32 17 1 33 84 67 56 2 79 12 40 66 47 97 16 64 45 38 15 85 91 21 26 14 91 31 89 15 69 5 17 39 76 70 45 57 33 94 39 41 80 58 68 64 39 71 71 96 59 85 98 83 30 69 97 37 87 68 81 84 32 84 1 12 2 64 34 0 60 56 76 83 13 12 66 74 7 2 74 13 68 0 62 59 48 14 78 91 51 64 95 33 77 32 40 78 46 51 39 44 71 24 74 91 18 36 67 19 29 16 60 98 78 16 27 9 82 70 89 72 15 19 1 49 94 36 63 41 21 83 98 65 37 86 67 98 20 96 39 20 41 95 18 76 43 2 85 52 63 32 69 51 88 93 69 81 69 32 86 12 18 8 53 60 19 78 69 80 14 87 89 85 41 98 24 78 27 57 27 33 87 77 48 9 25 50 72 97 13 71 45 7 10 10 17 53 8 16 85 20 12 68 59 45 59 1 42 77 4 44 19 52 6 63 68 65 59 82 54 60 71 55 60 56 7 69 38 55 56 5 3 75 3 1 59 25 50 64 52 53 64 97 59 99 73 67 29 44 32 49 95 54 42 67 43 89 39 65 67 38 79 91 99 8 17 45 38 4 63 95 89 89 70 43 84 61 31 45 85 18 34 44 10 56 26 7 85 14 42 11 94 64 50 7 37 24 69 56 48 55 9 82 43 81 67 78 2 40 52 6 75 90 1 21 88 98 47 56 35 44 31 85 73 15 76 1 96 2 12 26 9 6 96 33 52 99 42 62 20 1 
73 68 90 12 76 74 49 71 26 76 29 34 34 97 69 35 85 70 13 27 16 43 12 40 24 36 13 80 27 55 52 99 89 40 43 74 15 21 53 56 14 80 55 81 23 21 10 57 38 92 44 58 92 95 18 69 58 60 73 79 34 49 80 10 88 39 98 37 86 20 64 25 52 96 85 21 14 35 63 36 58 29 29 64 65 70 91 95 53 91 98 14 52 68 89 72 59 36 7 40 69 53 78 4 10 69 46 61 36 78 2 21 93 92 32 53 1 88 99 71 61 30 10 17 48 4 67 43 13 46 73 61 89 10 98 84 58 57 87 90 29 21 29 84 20 36 96 4 82 65 10 16 99 30 82 93 3 10 74 39 58 39 90 84 82 74 29 39 56 69 8 95 43 38 57 20 46 7 26 42 0 54 32 67 6 21 42 54 35 8 37 37 99 62 32 38 26 61 79 38 58 62 61 9 40 0 98 46 3 60 74 62 90 37 40 87 18 53 34 51 18 19 54 64 67 47 32 19 83 87 92 36 50 43 86 40 63 75 68 41 87 67 16 1 32 27 47 30 36 88 26 45 96 28 59 46 86 41 5 70 20 0 15 18 44 31 43 31 29 99 55 38 23 84 76 70 54 9 69 4 51 8 69 67 27 53 57 92 44 42 25 71 22 80 2 23 78 0 11 6 69 40 10 97 94 15 70 86 93 93 26 14 51 8 4 94 13 12 55 40 58 93 79 12 11 7 3 80 58 69 55 90 91 30 62 29 81 12 29 77 95 93 6 84 85 32 23 5 70 51 63 18 3 22 42 86 62 25 11 76 43 6 95 19 15 69 7 42 23 43 74 6 91 52 0 97 63 72 38 57 20 56 95 10 20 38 47 0 56 46 86 24 94 95 3 36 38 53 41 65 
24 60 45 81 50 13 5 58 60 4 81 46 5 6 0 91 8 67 42 60 87 11 55 92 62 4 70 90 39 15 67 54 48 63 66 84 90 86 17 98 5 20 3 7 36 13 67 25 27 82 94 86 94 30 88 71 95 81 42 72 2 81 23 84 20 33 84 0 70 46 40 38 64 60 42 84 42 57 49 37 33 7 97 3 61 8 87 77 69 90 49 11 28 81 83 24 27 0 65 28 99 65 10 58 24 12 24 99 94 46 41 39 79 15 21 43 49 22 89 88 89 79 76 15 60 73 24 34 17 45 59 33 60 83 34 93 38 80 58 37 40 92 5 70 44 24 63 77 65 6 6 98 18 44 95 59 54 19 62 28 67 65 39 94 81 72 90 67 16 20 43 37 8 3 39 91 0 8 7 22 61 2 50 95 17 61 61 32 11 41 45 81 16 2 97 61 2 68 60 33 68 33 97 1 7 87 13 53 84 17 85 61 66 77 0 92 40 27 88 93 74 65 28 91 28 18 44 59 44 8 25 99 62 5 22 77 84 84 64 33 59 85 84 59 87 66 78 92 73 48 70 42 99 14 68 11 32 88 10 51 34 26 73 28 28 1 75 86 36 98 35 98 49 31 82 83 44 39 38 24 24 18 24 89 55 7 25 88 15 35 81 77 17 55 59 9 92 6 68 92 1 70 4 5 75 19 37 10 33 95 37 36 67 75 22 48 89 66 95 23 97 37 26 19 43 31 12 90 42 50 29 94 34 34 85 2 83 64 98 88 31 34 3 3 36 45 20 7 21 46 78 43 55 45 37 26 10 51 61 38 56 15 42 37 96 60 63 28 52 32 97 76 89 52 67 58 59 98 25 63 91 63 42 33 95 67 90 29 30 77 36 49 12 64 74 36 29 50 58 43 
83 66 21 71 76 81 99 24 94 88 34 56 76 69 26 32 20 23 48 62 53 43 41 8 50 41 50 84 83 70 62 5 78 62 12 12 31 17 65 46 91 54 31 93 3 80 7 41 59 49 97 65 13 8 82 23 64 41 46 44 61 86 67 19 28 32 28 44 10 20 42 63 33 44 52 62 9 45 29 16 70 29 3 23 22 67 33 25 52 74 90 21 32 64 4 24 22 1 82 86 45 18 74 36 25 62 49 21 73 78 8 0 4 31 23 60 98 46 8 7 1 99 62 63 22 67 6 42 10 11 74 67 81 72 4 49 38 56 34 36 23 60 96 66 77 40 1 71 43 40 85 48 96 56 33 89 27 91 77 89 38 19 56 86 73 4 18 45 36 26 98 47 95 3 12 41 30 86 64 29 68 37 85 85 47 69 57 91 57 31 89 6 78 65 99 20 21 7 2 25 11 20 26 3 6 84 17 10 34 82 98 77 62 29 27 14 29 78 8 74 66 49 86 57 64 6 64 17 6 70 45 76 16 34 18 91 83 81 35 48 54 29 33 4 60 4 37 54 7 4 15 10 21 72 79 93 58 12 95 32 47 15 39 83 2 48 94 72 30 4 34 88 48 1 94 34 6 18 41 81 79 49 89 83 35 57 17 63 20 69 24 62 48 64 80 49 78 91 30 86 32 91 78 22 6 28 89 2 92 91 36 28 36 34 36 16 26 94 20 98 64 79 35 46 22 68 31 3 14 37 17 72 84 20 38 61 44 20 45 80 87 75 90 55 30 60 38 37 64 76 76 95 40 96 68 93 92 14 66 33 12 15 72 83 90 62 55 45 4 71 12 53 2 22 39 73 74 77 4 87 29 55 9 33 24 51 78 90 62 20 51 46 32 98 59 10 2 21 74 35 
28 20 88 9 97 85 90 91 11 19 94 10 76 55 82 57 82 60 10 30 77 1 31 78 96 44 66 18 85 69 37 51 15 59 94 43 41 42 53 4 9 32 56 57 73 29 93 63 48 22 96 13 64 9 82 87 90 27 33 47 10 41 28 37 94 92 6 60 49 78 6 65 69 82 54 88 0 95 40 6 13 83 84 10 59 56 51 54 58 34 20 76 98 7 69 59 20 74 16 36 46 42 66 86 82 47 7 5 82 39 64 30 34 74 46 38 10 90 24 54 6 68 70 57 44 35 46 8 13 11 71 58 2 77 85 66 36 25 56 46 22 43 37 77 22 39 5 52 78 23 55 48 4 51 84 55 24 23 20 66 85 55 4 14 35 30 50 98 80 59 93 27 0 25 70 68 25 6 70 81 34 67 65 59 15 86 14 70 58 4 51 73 45 8 36 41 68 79 91 65 24 41 62 37 8 32 45 58 11 83 37 60 59 66 18 29 64 21 0 9 11 42 7 59 28 19 5 11 10 67 98 8 75 15 31 72 51 12 8 53 49 31 58 34 47 97 73 26 70 24 65 25 58 1 20 41 99 56 3 71 76 1 72 54 66 37 15 35 77 76 16 21 34 88 33 87 40 66 68 80 13 43 23 73 88 10 29 34 80 67 12 42 26 27 13 28 91 47 88 2 44 38 89 83 54 79 17 10 86 50 1 36 37 78 36 50 31 63 75 71 29 17 94 19 1 80 93 5 41 69 40 26 26 41 54 87 62 77 20 35 79 86 81 4 11 41 89 96 33 22 70 11 26 84 2 39 83 36 19 90 32 7 16 99 6 61 9 36 1 0 4 3 93 48 16 48 34 60 22 22 82 9 26 4 45 34 8 77 71 99 68 75 13 82 79 85 77 42 16 59 
47 54 50 94 16 6 86 56 35 84 90 80 44 86 63 22 28 41 72 18 2 37 89 11 23 28 15 59 77 56 12 75 69 57 93 27 6 63 38 7 32 35 71 0 65 75 32 98 39 67 70 86 30 91 64 71 31 30 26 33 92 12 37 93 62 43 55 31 73 54 26 69 43 58 95 11 0 66 91 52 72 87 65 12 18 91 45 86 67 25 69 96 50 80 31 12 18 31 42 42 69 49 36 71 80 78 47 60 18 14 66 63 17 92 79 69 74 6 58 81 57 91 56 8 58 65 5 25 58 84 83 67 92 79 93 97 13 1 95 57 98 7 54 68 57 24 78 36 51 37 61 99 89 30 15 40 68 72 8 80 61 52 58 58 16 44 92 86 12 53 63 94 96 29 86 90 37 38 23 2 12 46 51 45 73 88 30 0 8 67 25 12 39 98 67 72 28 76 99 7 73 37 26 0 17 68 68 50 32 38 53 90 69 34 92 47 23 95 68 6 55 88 41 54 61 2 98 73 61 71 12 79 50 72 81 79 71 72 70 55 74 80 70 73 7 62 56 56 42 30 54 80 60 33 15 57 25 92 22 32 21 25 37 19 29 64 76 10 52 93 1 2 96 64 20 91 25 61 47 13 31 53 96 22 87 36 42 98 93 44 69 30 35 34 80 94 25 64 83 41 64 47 73 15 52 78 8 59 67 22 72 17 13 40 90 37 13 96 17 12 21 54 49 86 64 90 17 1 11 40 54 70 86 46 2 73 64 54 90 1 22 7 44 25 80 19 52 4 56 40 73 92 24 95 94 25 54 54 98 92 58 8 33 58 46 39 40 81 80 76 42 83 89 75 12 84 49 62 81 77 51 2 14 85 14 25 26 51 28 84 2 74 94 0 79 16 12 36 6 30 
39 9 24 6 12 50 93 67 62 25 67 49 39 41 80 32 63 17 16 71 50 37 84 16 47 64 9 22 37 50 25 41 81 67 87 53 47 56 42 33 29 84 52 54 42 85 47 29 72 60 23 65 69 70 33 5 38 32 23 64 12 26 93 89 34 48 0 38 31 81 50 35 50 91 61 36 59 94 58 63 72 24 24 27 72 37 41 26 14 81 9 7 9 2 6 7 95 62 83 25 39 81 76 85 20 82 77 43 35 60 67 47 51 31 19 82 27 60 4 14 19 73 75 19 81 24 32 19 83 39 80 11 32 76 85 14 63 46 2 97 92 75 56 16 62 15 92 5 83 94 53 34 58 85 80 75 19 31 74 4 82 21 83 8 9 86 45 15 67 49 86 29 33 59 46 95 20 62 14 37 95 86 25 37 98 78 5 28 31 94 6 34 68 34 7 27 50 95 24 67 77 76 38 45 99 73 64 35 97 71 11 1 99 26 57 0 0 90 19 69 2 87 38 39 82 53 21 25 15 88 29 43 68 92 18 54 16 99 72 77 66 57 57 19 43 61 91 91 50 83 39 95 26 13 15 36 56 1 46 65 5 79 38 74 44 79 6 43 87 26 0 53 22 54 53 59 52 75 71 69 70 91 72 14 14 8 21 4 20 52 19 52 3 54 29 45 38 35 2 4 88 75 49 82 93 41 15 63 29 80 79 47 3 8 45 37 47 8 7 41 96 93 3 93 65 55 51 68 73 39 57 39 80 28 23 45 31 14 10 8 91 60 97 0 90 1 69 52 59 13 98 7 3 28 13 77 0 0 56 10 5 87 44 86 98 71 98 45 53 85 0 20 61 91 15 57 66 57 45 88 89 91 51 83 54 77 44 27 19 31 67 63 50 54 91 29 90 19 81 43 
70 14 91 27 79 53 87 38 95 46 25 13 57 6 96 9 55 8 21 77 50 62 78 45 53 70 74 89 13 19 54 22 19 45 80 65 61 22 41 22 66 51 13 34 64 23 29 80 13 6 80 32 66 68 79 25 17 10 93 61 73 21 35 91 34 3 51 76 0 11 43 77 34 40 68 36 17 72 88 16 53 69 81 74 82 24 39 38 11 62 31 51 17 68 41 49 9 62 71 15 35 90 55 28 79 61 36 74 37 14 75 63 5 46 3 91 26 72 58 2 62 70 62 32 6 8 64 53 68 43 98 36 50 68 83 27 77 46 47 49 22 14 0 55 20 70 12 11 38 19 39 29 94 54 44 26 78 49 95 83 62 55 38 40 74 54 65 45 65 8 86 29 18 94 73 84 46 19 26 68 35 37 60 24 23 87 86 57 48 3 64 10 35 84 88 66 14 50 78 15 74 9 57 61 81 84 6 67 28 22 18 9 80 98 27 11 30 19 19 57 45 78 37 27 63 0 96 95 18 62 65 24 0 94 51 97 73 6 53 43 37 24 12 16 14 6 57 73 22 23 29 64 40 14 15 21 79 21 30 46 87 93 44 85 96 23 46 99 44 86 1 9 5 52 51 45 87 30 66 19 35 84 50 61 85 19 70 69 81 85 77 48 92 78 97 2 77 41 4 32 82 79 69 89 93 13 69 98 98 4 74 48 34 32 44 34 8 66 46 2 96 38 47 68 85 19 17 66 92 2 10 39 53 73 54 26 24 69 48 76 52 29 37 13 74 53 48 80 50 57 50 13 73 14 98 19 99 15 24 29 75 52 0 34 71 55 52 25 46 91 61 62 71 6 82 29 11 45 97 66 94 29 68 82 30 96 79 81 41 66 50 1 96 41 30 73 27 79 95 9 
7 67 96 9 18 65 38 97 26 22 38 68 72 87 14 80 42 80 90 13 99 36 23 43 50 47 43 53 90 64 18 31 80 5 65 44 37 40 5 81 62 78 74 4 25 97 77 72 46 46 50 11 69 89 10 50 62 53 68 46 38 26 63 99 32 57 63 1 81 89 51 64 23 95 94 32 4 93 49 41 73 54 69 49 96 53 84 63 15 31 22 59 66 49 36 76 28 59 76 56 49 78 16 54 74 32 43 48 73 41 53 68 19 16 37 4 67 92 85 89 57 64 6 80 7 50 50 86 23 31 38 26 17 33 7 16 10 33 78 25 77 39 90 84 4 24 67 31 83 98 89 90 29 90 75 3 79 39 20 42 5 5 6 35 41 16 69 10 87 22 86 42 67 86 93 50 13 54 59 88 18 32 76 14 33 56 40 57 73 1 32 16 86 33 88 10 54 50 86 48 53 75 65 21 43 42 96 14 89 31 33 43 30 16 61 43 68 62 92 85 93 13 72 99 11 12 15 60 68 27 6 0 89 16 73 19 13 71 39 15 73 93 60 73 87 11 66 70 91 57 16 33 56 85 66 44 47 56 1 92 37 39 53 29 66 81 48 74 34 1 68 17 63 29 33 26 63 38 13 89 24 3 44 89 21 94 8 95 94 30 48 63 31 6 50 53 53 94 87 26 5 88 58 41 25 12 97 57 20 19 27 16 82 45 32 50 60 53 95 14 13 11 13 65 93 84 91 17 13 92 69 59 71 28 60 99 83 60 81 31 90 44 3 19 9 79 20 52 26 33 26 28 23 61 68 97 15 93 6 20 2 93 96 59 19 77 59 58 19 43 8 83 51 96 75 29 42 82 67 38 10 41 75 51 8 58 76 99 34 53 28 18 72 98 54 93 17 91 11 47 
15 44 45 26 29 62 77 30 48 80 90 57 52 19 80 20 45 93 51 56 93 16 96 29 40 60 85 99 45 26 39 14 46 98 19 79 28 60 14 3 55 14 54 36 73 70 50 62 73 74 95 56 85 31 48 22 45 9 46 86 92 39 73 66 49 55 39 35 26 73 94 12 52 9 44 72 32 66 33 66 60 56 93 94 80 16 94 96 23 95 52 9 93 12 11 67 87 78 37 26 49 85 29 48 90 4 35 72 5 43 77 7 35 17 21 75 92 85 48 69 75 80 38 24 60 34 18 74 88 15 29 59 0 8 99 96 81 54 54 49 76 1 69 86 84 40 39 74 81 84 24 53 91 14 19 69 54 90 2 67 37 62 19 15 96 90 87 27 98 97 44 23 78 76 99 94 98 65 26 12 49 63 74 81 62 56 4 82 42 63 35 13 84 31 30 17 27 79 50 38 76 52 6 89 50 68 89 80 18 44 15 13 14 32 56 81 33 18 18 11 72 68 61 41 8 14 39 94 99 83 76 48 47 87 60 48 13 9 72 48 54 13 95 44 68 69 60 0 18 60 6 45 69 87 59 2 10 23 74 81 96 82 25 38 0 22 10 75 97 95 76 97 9 20 36 10 49 17 16 79 20 90 67 47 72 35 14 37 60 82 87 91 77 85 29 8 21 89 79 23 80 26 4 12 79 2 30 26 7 20 86 81 76 0 51 55 93 24 78 46 85 0 46 71 14 98 19 49 93 36 49 11 50 95 30 4 57 5 59 13 37 49 7 27 77 62 32 10 60 65 75 16 73 99 38 82 23 99 33 14 57 63 50 72 70 64 24 10 30 94 53 34 12 14 82 97 15 32 0 98 46 4 97 63 45 16 41 56 37 90 9 74 83 14 99 46 52 27 99 53 
47 82 65 22 83 86 21 26 6 50 0 11 66 16 7 92 76 8 49 32 91 13 56 62 38 21 68 76 84 42 3 50 82 31 0 56 78 5 66 38 99 0 95 49 81 9 2 63 10 45 43 23 5 38 53 65 46 60 12 82 34 35 51 9 41 19 15 53 37 40 30 87 33 55 71 82 30 28 55 27 48 77 58 16 76 35 50 96 32 60 13 58 79 97 1 93 91 40 89 37 81 93 65 78 76 29 62 61 29 7 99 29 53 75 84 8 43 38 29 90 11 95 29 37 11 15 71 22 25 36 20 39 37 65 23 10 61 91 62 4 42 23 13 1 49 86 27 67 26 49 15 8 59 59 81 94 60 47 58 77 34 66 58 32 82 60 95 4 43 58 44 39 42 44 8 34 25 12 81 0 89 3 32 2 17 22 5 79 8 12 90 94 98 2 41 95 34 75 75 43 46 28 7 72 48 43 63 8 60 32 59 91 41 64 8 79 52 78 89 12 46 30 35 65 66 0 94 49 59 8 89 93 15 47 34 8 20 86 31 64 30 46 64 65 1 64 39 4 60 29 76 58 43 53 92 40 9 0 24 53 33 93 6 50 61 46 92 34 3 11 0 98 39 30 47 86 2 67 60 0 98 97 63 20 78 97 71 62 63 54 97 44 74 56 26 99 88 37 6 71 48 48 58 93 88 16 83 93 87 1 8 80 17 53 67 44 75 14 78 29 56 66 95 30 16 27 56 48 29 79 17 86 19 67 68 62 36 44 98 31 8 94 91 16 29 13 53 79 6 52 58 61 49 88 23 94 2 69 38 28 43 18 54 85 25 31 60 40 4 10 38 19 33 75 85 67 11 13 80 20 20 91 95 8 57 52 1 24 21 73 50 32 54 45 0 44 53 35 32 84 
42 54 67 86 7 70 38 53 65 37 55 64 40 80 72 71 65 10 41 54 40 65 73 71 10 0 21 52 35 45 89 10 97 37 75 64 49 68 29 83 22 49 5 22 38 97 79 81 11 26 3 85 35 4 59 86 92 7 7 37 47 56 3 57 6 93 65 96 63 30 15 57 7 97 47 36 31 52 6 51 69 49 70 32 63 46 28 69 39 6 0 98 46 28 17 89 39 15 28 30 58 10 52 98 42 45 81 98 78 23 46 28 35 73 43 13 59 47 39 7 84 18 25 80 95 53 77 28 55 40 45 23 93 30 96 87 74 5 63 37 51 20 31 42 35 48 46 20 67 27 85 8 57 45 97 94 7 91 65 51 14 54 80 39 0 12 79 63 47 74 97 21 67 49 29 17 59 96 87 54 79 42 31 9 16 8 86 1 5 66 66 61 1 27 17 82 60 42 65 87 66 58 46 93 89 20 75 2 55 99 58 91 96 44 42 98 81 8 10 29 21 35 36 15 95 9 95 26 64 7 89 15 30 54 23 38 21 36 10 33 1 80 42 78 97 86 89 58 31 95 43 49 67 20 67 32 4 34 72 62 80 54 88 86 35 35 29 79 16 4 78 73 3 46 40 3 42 82 47 94 6 3 10 73 68 74 18 86 32 85 90 12 57 5 6 4 2 91 81 85 1 94 91 75 60 91 73 64 0 49 55 70 46 78 94 55 59 86 91 73 12 26 14 44 86 39 87 27 50 64 90 91 52 9 33 82 69 18 78 31 86 72 62 37 47 54 94 84 84 74 84 50 99 5 96 99 3 4 10 68 23 73 79 46 53 85 56 27 53 83 54 80 24 29 84 39 70 41 93 63 72 24 2 97 86 18 3 25 24 16 29 2 62 89 27 70 69 22 47 1 
96 90 12 96 87 34 73 81 3 69 0 65 54 50 84 81 16 9 29 9 74 19 94 59 2 34 67 90 7 20 67 21 10 23 51 6 54 97 49 51 60 17 8 73 14 38 76 99 37 38 80 80 60 57 98 91 39 43 87 43 56 12 12 59 40 54 24 43 21 32 7 0 19 9 58 41 77 35 24 98 85 17 21 9 63 11 1 11 97 64 55 68 79 28 46 10 85 31 71 11 93 82 72 69 51 21 53 97 46 20 14 91 61 70 68 73 9 19 67 87 65 1 98 18 84 97 36 95 10 23 52 93 53 55 12 85 93 45 76 14 37 75 60 74 60 5 88 56 40 26 59 78 54 66 62 48 59 83 56 25 74 76 78 10 61 58 27 73 36 21 98 68 75 11 22 70 71 11 39 49 4 5 82 32 9 59 77 23 73 15 12 69 29 87 51 89 90 33 89 8 72 37 12 42 66 72 94 27 44 26 95 17 63 62 44 27 33 60 28 47 65 51 49 50 59 73 85 67 58 51 37 95 17 97 94 97 61 66 34 83 93 8 85 67 91 71 17 24 58 97 19 67 27 85 47 21 73 60 21 20 27 85 17 94 20 58 44 96 85 5 80 31 26 55 25 79 40 66 17 46 8 83 73 67 92 40 90 54 42 94 83 99 73 5 75 52 20 86 9 48 12 61 62 58 41 25 15 75 4 53 56 71 76 44 36 9 71 75 33 12 66 33 82 28 11 12 60 14 85 34 62 65 25 74 89 5 40 80 10 81 93 67 21 35 41 89 38 26 52 12 97 51 37 55 52 72 73 42 28 7 48 3 60 70 52 85 0 7 11 42 84 33 90 75 65 99 83 11 28 93 39 6 11 49 48 83 7 3 99 63 34 24 32 7 45 87 70 28 9 54 
8 42 99 40 28 11 16 15 75 16 42 91 9 45 36 75 47 25 52 68 78 8 71 8 57 80 13 58 26 76 94 94 13 60 0 54 82 74 66 22 16 94 72 11 21 80 39 92 44 36 79 20 5 7 36 32 40 0 50 20 20 66 76 33 33 60 23 62 4 96 14 21 34 84 93 47 76 33 23 46 17 90 64 87 56 94 27 88 88 33 22 60 25 28 7 32 9 90 87 64 27 5 94 99 90 73 66 71 21 52 27 13 97 38 2 36 88 95 80 27 5 22 55 99 28 68 79 45 4 10 66 66 25 33 8 37 99 63 44 97 48 55 92 26 81 84 47 43 96 76 69 94 60 63 55 72 57 81 52 16 78 64 86 77 88 40 65 6 41 9 92 70 61 55 98 41 95 81 97 25 92 28 33 84 11 64 50 49 25 34 89 13 87 12 92 20 84 55 41 67 24 75 1 89 73 36 61 69 90 27 45 38 65 78 51 22 81 53 58 42 83 57 23 58 48 30 52 21 52 68 83 40 53 13 78 15 11 10 29 82 47 7 99 45 46 20 40 23 87 34 14 40 63 45 26 38 40 74 18 12 52 72 41 64 91 55 18 59 80 90 93 74 76 85 22 19 15 45 16 24 7 67 37 35 42 30 2 91 99 85 61 38 80 92 33 8 63 17 70 67 94 86 10 63 12 78 28 3 92 9 66 52 80 24 4 62 74 68 27 46 30 17 42 47 53 50 84 95 24 59 2 59 15 44 8 57 87 12 87 86 82 68 16 28 75 25 75 30 62 23 48 90 92 44 38 94 90 68 18 6 22 30 34 32 47 70 83 57 62 37 88 23 60 78 60 28 54 74 98 86 79 51 46 35 45 48 46 44 59 0 31 80 33 56 42 90 40 42 71 18 
24 43 3 19 87 23 27 51 75 24 72 23 83 44 9 87 6 3 53 32 77 0 54 78 62 82 49 40 24 30 39 57 57 76 63 14 94 59 53 90 58 77 86 37 41 58 89 0 90 23 30 71 31 87 25 87 44 1 72 35 70 44 65 10 70 94 82 55 97 3 38 24 81 14 13 31 65 49 14 26 37 78 0 80 57 44 14 85 71 87 12 66 31 55 55 72 70 7 58 99 20 5 26 94 54 72 79 49 12 6 76 6 84 15 8 84 71 89 62 69 68 30 86 98 34 31 58 64 57 70 16 41 0 82 88 95 13 97 32 81 17 47 74 72 62 66 18 51 30 37 13 1 50 4 69 2 87 44 53 93 59 23 60 18 16 83 41 80 56 19 70 48 60 94 9 11 63 11 14 52 37 4 82 29 29 31 20 27 11 62 98 96 33 54 18 41 96 54 1 29 77 53 79 21 98 61 53 35 75 14 32 4 77 2 87 24 82 14 18 93 32 53 11 97 98 67 37 63 77 77 84 73 64 27 1 5 34 34 78 49 15 19 95 62 5 11 82 51 8 40 28 27 96 49 53 43 67 82 82 8 74 94 13 73 63 16 58 83 16 95 95 81 58 54 48 87 29 43 56 98 3 11 38 30 55 82 84 6 47 99 10 75 79 19 50 44 88 50 30 41 69 94 86 47 77 27 51 82 29 75 37 40 27 46 84 13 72 84 72 19 74 38 23 37 1 95 85 26 42 4 51 11 64 10 65 54 71 66 24 60 34 49 20 13 65 9 25 57 91 20 17 66 44 63 13 77 18 30 19 17 62 34 4 62 81 23 53 70 36 75 99 68 83 6 75 10 64 84 75 53 0 48 90 58 18 91 30 80 29 32 20 3 38 48 92 6 49 45 74 16 
60 15 99 67 92 23 0 83 69 3 96 66 64 33 32 32 83 52 36 77 71 9 92 64 65 34 44 58 39 52 51 8 28 20 2 89 90 38 72 35 15 10 73 0 26 68 55 12 51 59 85 69 62 65 42 69 56 65 0 79 99 56 50 49 19 47 34 5 84 89 31 67 34 38 78 34 42 43 39 80 35 9 47 99 65 72 48 10 61 59 28 32 57 97 1 0 41 33 76 64 58 14 89 98 18 61 34 20 13 20 36 11 6 13 14 84 53 34 24 38 51 53 75 94 86 83 73 80 95 29 31 53 41 83 29 9 92 8 19 19 50 54 29 3 28 62 32 84 44 55 19 26 30 0 14 9 37 54 6 98 44 70 21 65 76 99 37 36 71 56 95 99 41 0 80 9 30 34 31 62 36 67 20 41 63 98 70 32 38 50 40 21 48 6 52 3 79 61 99 38 31 27 15 0 91 16 79 8 67 20 61 91 37 6 53 4 5 65 49 91 98 76 54 74 91 4 86 76 51 71 76 67 81 99 47 4 74 53 55 37 91 27 28 82 66 73 40 94 12 99 15 24 32 66 61 5 90 44 69 36 63 28 59 97 52 58 47 2 85 99 43 55 79 77 21 24 87 30 46 48 33 46 54 36 5 57 50 17 21 57 1 70 39 96 82 93 40 78 26 88 57 6 45 47 37 9 51 44 76 11 3 62 75 36 32 82 23 18 3 74 86 89 4 79 7 39 43 46 38 46 45 66 4 90 99 52 36 43 48 11 22 42 15 51 42 83 7 83 8 84 12 30 19 3 84 98 80 85 16 34 29 98 21 50 85 3 14 3 69 15 94 65 88 21 86 91 3 46 53 38 55 50 39 94 11 8 67 76 45 98 39 29 93 17 55 21 4 25 70 24 
62 77 94 57 18 43 23 16 48 69 66 85 9 50 46 1 54 30 67 64 67 71 89 24 70 9 38 41 74 73 15 26 2 98 36 75 68 99 8 47 36 44 96 4 21 83 2 9 29 46 81 91 88 94 13 7 65 21 9 42 22 57 1 46 1 24 96 53 71 83 87 35 16 11 10 16 91 8 7 34 15 44 96 89 2 96 61 85 9 85 31 64 53 58 47 79 68 24 38 92 38 18 76 46 98 62 63 13 96 23 37 49 85 1 86 1 73 66 51 90 27 17 85 22 13 89 47 78 42 10 9 75 58 96 1 12 57 1 96 30 23 55 32 50 5 35 41 75 11 26 8 16 38 14 39 36 32 56 27 82 20 47 78 15 34 5 49 18 93 16 37 76 4 96 39 60 5 87 6 68 10 66 56 40 26 86 81 3 14 5 83 92 60 45 33 11 74 1 15 40 71 80 34 34 51 6 8 88 77 42 81 76 2 40 91 69 67 62 19 59 77 42 53 0 52 2 50 93 38 36 96 45 46 75 86 25 21 10 89 37 71 3 50 2 33 2 12 33 66 87 44 47 47 77 4 17 79 57 57 38 95 30 60 57 71 38 82 49 13 62 71 68 69 53 16 27 29 3 88 16 22 87 6 84 0 13 43 15 18 5 1 25 24 36 43 58 92 54 95 41 40 19 13 28 11 62 73 35 57 26 56 63 63 35 71 61 50 90 47 91 8 88 15 10 18 36 16 54 87 85 19 81 92 1 77 26 67 77 63 85 34 25 26 74 14 24 23 11 63 43 96 97 81 61 24 59 43 47 93 73 24 17 98 87 3 97 93 94 35 29 83 9 15 47 38 8 22 25 40 73 78 46 74 77 70 32 29 5 49 18 84 36 1 12 34 84 21 25 62 87 
42 32 85 16 72 72 46 14 35 61 45 60 48 30 64 61 94 21 29 95 96 95 38 86 44 16 45 43 68 3 56 49 41 17 4 86 54 16 96 95 26 2 49 92 35 99 23 80 73 32 35 79 54 60 75 93 76 60 5 65 82 81 15 18 47 28 98 42 51 23 78 84 62 35 89 64 50 86 12 76 19 85 46 49 37 24 50 46 10 52 72 5 11 9 51 87 72 93 9 13 37 5 14 68 75 28 13 77 42 53 57 25 41 48 51 38 41 30 89 31 93 20 90 81 45 34 7 43 52 21 2 66 28 75 64 24 21 33 29 74 13 33 90 57 74 5 54 86 68 56 86 52 61 72 61 21 90 71 36 24 56 2 57 82 83 39 26 88 21 50 60 72 38 58 13 57 51 24 15 8 4 45 6 9 83 0 68 66 93 34 90 98 11 13 45 9 42 6 99 51 90 59 88 26 37 89 64 4 26 86 45 57 8 5 85 52 85 44 82 24 83 66 93 54 73 42 88 6 21 85 86 98 69 28 39 1 43 52 53 31 89 53 46 96 89 40 59 96 25 92 96 78 95 79 37 72 95 30 60 5 49 82 92 0 60 1 2 37 67 76 86 1 56 74 0 94 62 26 35 43 55 16 86 57 45 81 17 55 20 95 90 48 1 35 61 58 66 74 45 77 29 54 48 60 1 46 80 27 55 99 26 85 86 36 16 24 29 84 66 68 56 43 62 44 25 14 5 91 76 27 27 41 98 9 54 48 98 43 78 78 44 63 44 8 26 89 37 20 88 92 20 26 72 24 8 84 86 57 71 80 16 53 26 22 85 32 26 30 11 95 38 39 14 54 41 49 11 25 54 57 69 14 51 74 99 8 84 94 91 99 12 61 65 94 36 56 78 81 86 62 
34 9 91 75 28 40 69 43 38 45 24 58 69 88 99 11 93 78 29 10 92 76 85 25 35 76 10 50 46 43 95 55 57 44 22 26 94 58 84 43 98 34 89 83 94 51 43 94 43 66 40 41 21 51 43 92 67 37 84 85 36 70 81 78 63 74 67 3 65 70 13 64 79 86 45 70 30 76 33 7 28 19 29 70 19 26 85 35 28 3 14 85 36 18 12 90 33 54 18 27 72 77 53 8 62 51 78 92 73 29 83 85 92 71 64 23 5 32 42 22 78 44 75 45 50 71 55 76 70 56 19 26 24 76 36 3 22 60 86 68 97 80 50 93 39 97 64 29 80 33 45 40 10 82 64 69 59 13 20 11 78 0 65 67 75 29 30 66 31 89 63 87 56 95 22 82 34 29 3 26 51 57 99 70 6 20 98 70 86 28 77 60 85 90 74 26 23 66 75 41 21 65 15 84 14 40 62 97 4 43 75 62 74 1 80 16 17 42 11 64 36 96 75 11 84 78 80 20 47 82 78 91 21 34 70 93 45 13 32 73 38 32 25 21 81 55 28 5 80 16 91 78 55 1 62 11 26 96 8 37 0 69 52 41 18 87 46 30 3 12 66 67 19 2 53 66 49 48 27 21 33 26 48 77 5 88 21 65 92 29 34 76 17 18 13 38 29 32 78 80 55 0 1 62 91 14 11 61 69 72 56 77 75 72 76 37 22 3 42 64 25 7 85 74 74 23 77 87 33 25 17 71 42 73 41 31 94 40 70 83 5 16 37 37 95 66 24 37 21 23 15 29 93 47 79 10 28 7 32 84 70 38 8 70 87 55 65 6 97 69 91 48 70 38 24 24 83 72 92 65 30 61 69 35 64 10 50 37 13 58 69 44 40 28 11 54 22 42 83 70 
27 39 87 11 55 92 78 55 54 38 36 18 21 23 0 15 63 42 19 46 8 64 50 79 72 29 74 70 59 26 45 40 76 68 52 37 60 0 94 65 49 57 28 64 10 19 75 25 77 5 30 6 70 13 69 58 93 94 96 75 19 63 4 79 29 94 6 61 98 48 38 19 42 39 63 14 26 56 32 80 90 41 74 25 1 58 63 69 19 28 66 1 37 77 80 52 65 67 55 96 28 55 76 69 32 45 55 17 77 5 77 16 78 12 69 50 48 17 67 27 31 9 57 83 58 25 33 38 28 54 89 93 50 5 49 90 79 48 70 0 9 8 87 99 50 89 13 38 67 39 55 73 72 75 95 33 72 93 22 46 19 38 85 13 13 81 97 19 8 6 60 60 24 32 42 10 70 32 95 16 31 76 69 3 78 72 92 72 81 34 48 76 68 17 7 88 7 33 32 47 2 93 35 36 25 49 58 64 68 77 55 57 87 9 23 68 14 98 18 92 65 37 44 79 38 38 39 25 39 76 2 86 5 64 18 9 33 59 54 91 66 15 21 4 91 84 31 12 39 31 55 60 14 16 47 4 14 29 53 72 54 90 90 14 58 54 56 67 43 30 52 83 51 16 72 42 84 83 13 72 41 69 13 49 98 57 64 86 46 38 68 51 46 87 49 57 31 85 82 1 99 30 78 89 68 99 42 31 13 17 91 72 69 55 14 7 65 43 74 54 9 57 97 91 54 80 71 3 19 92 80 16 85 23 93 49 23 1 49 34 38 97 91 95 34 81 38 25 73 53 56 23 44 62 36 95 58 11 84 65 47 59 58 87 2 42 97 90 55 36 34 59 32 33 75 14 40 91 51 95 60 5 59 70 49 46 33 41 55 89 48 43 1 86 3 95 57 81 57 68 
93 5 88 56 10 68 73 60 23 9 4 58 41 42 71 26 54 83 60 77 16 58 98 64 96 89 33 99 38 37 79 29 63 24 25 42 0 42 54 86 76 7 68 22 9 76 48 16 47 94 68 64 58 59 4 76 41 32 74 96 78 71 37 3 52 58 43 48 42 63 21 40 22 9 68 38 35 19 50 52 79 88 3 34 7 62 72 21 38 63 47 58 88 77 40 86 40 85 96 44 21 35 16 21 82 51 16 99 35 47 4 37 62 51 59 58 73 41 75 96 21 42 88 96 88 81 72 59 40 3 86 70 32 98 17 89 31 90 8 4 37 68 44 36 72 85 17 85 8 66 28 24 50 50 20 62 47 73 80 97 87 86 5 11 48 56 37 29 13 92 95 26 82 90 4 64 41 44 44 34 70 75 13 15 12 45 57 85 8 79 54 29 81 32 99 27 88 77 92 49 60 10 82 45 17 53 56 66 70 30 98 34 5 3 80 73 23 4 61 65 95 54 16 11 51 79 98 13 16 29 38 80 41 45 26 48 75 29 78 10 47 58 17 52 96 50 86 59 63 20 81 9 9 85 59 22 52 89 88 78 72 49 62 11 43 11 1 31 58 91 45 82 94 27 31 33 8 83 87 89 69 31 21 34 61 62 47 63 0 33 39 65 9 99 26 54 22 42 71 95 88 41 72 33 57 87 50 93 16 68 47 6 44 95 5 28 11 4 80 29 7 35 40 63 94 12 24 12 59 16 22 52 93 81 44 69 47 33 78 87 72 72 94 7 80 83 40 54 59 27 58 69 82 99 34 31 99 89 89 13 96 67 20 17 16 45 49 51 33 13 1 16 76 55 63 83 37 82 91 16 86 19 88 59 24 45 55 6 49 89 25 10 72 70 23 15 40 3 43 66 
50 55 25 83 37 81 59 79 0 98 75 91 51 60 47 62 98 45 49 95 39 75 35 43 52 53 5 10 32 17 21 59 22 35 44 1 10 79 22 66 81 46 90 99 91 35 11 2 27 15 21 16 13 77 29 11 30 60 94 73 65 89 45 61 5 81 36 89 28 75 28 73 22 62 60 99 85 22 64 60 63 23 27 22 28 86 85 71 61 83 8 52 61 14 17 33 16 34 2 8 2 30 25 52 25 62 95 56 93 2 89 4 54 53 43 47 83 93 52 38 62 30 82 32 19 56 38 91 34 84 25 93 84 0 60 10 21 46 21 78 55 55 44 61 9 70 97 95 22 92 14 81 80 89 67 9 48 43 16 74 64 72 15 18 78 78 22 48 71 94 55 11 84 26 83 20 99 20 72 45 33 6 59 31 51 36 8 82 3 34 58 10 72 87 94 32 29 86 0 57 93 70 29 78 75 57 35 53 20 1 69 14 21 91 78 5 79 23 65 28 84 60 46 24 24 31 75 57 24 46 51 18 69 55 99 41 32 26 64 58 69 59 44 30 61 67 96 47 93 54 18 94 68 42 94 24 76 94 90 57 67 12 6 34 79 7 5 69 8 72 38 30 97 88 5 60 46 22 14 56 84 82 2 5 9 5 55 13 78 10 23 71 71 38 96 2 58 39 74 5 62 2 60 47 20 30 80 44 42 77 30 25 36 9 70 57 45 73 49 52 12 97 45 8 58 43 24 10 6 76 88 2 34 58 35 14 19 79 16 0 32 46 80 33 98 84 63 21 52 2 4 57 85 54 82 88 99 43 27 65 51 92 77 47 8 43 43 26 97 10 83 13 5 50 6 21 77 8 75 9 21 81 79 67 70 32 76 70 7 89 13 3 18 45 97 9 81 29 96 36 
54 46 31 82 99 38 50 84 77 95 82 6 52 60 40 14 94 29 92 86 8 31 94 81 54 9 22 59 60 52 42 87 87 93 36 8 93 56 57 75 63 43 22 72 93 60 53 55 85 92 14 45 5 84 17 83 39 38 75 10 30 12 1 80 18 38 60 6 15 21 11 74 94 31 45 74 37 34 23 34 64 49 77 27 79 92 0 80 81 3 71 18 90 13 28 6 34 21 82 90 34 46 64 12 58 23 25 53 83 96 25 54 45 80 7 55 25 71 97 69 81 91 75 74 12 51 84 14 44 26 33 20 1 10 4 50 4 26 52 57 79 64 1 44 7 45 46 90 11 98 97 70 3 36 39 15 84 62 29 8 94 89 2 29 72 20 90 3 43 70 38 41 53 53 33 87 87 20 23 35 89 83 96 62 37 57 35 16 3 42 95 87 15 27 93 57 23 58 51 12 47 62 85 33 6 75 3 24 19 97 54 35 52 35 22 13 5 54 22 62 48 87 18 36 7 6 34 19 35 63 19 72 48 94 76 38 90 77 65 23 30 85 42 74 39 30 74 16 18 75 78 40 4 94 1 66 63 75 68 68 4 11 94 40 11 38 82 0 95 73 7 71 44 38 77 43 34 9 57 19 52 84 33 83 69 57 53 46 34 67 65 99 0 74 80 59 55 18 28 2 27 38 91 48 46 29 65 6 98 10 75 65 80 97 8 62 89 70 18 67 4 24 71 49 77 60 53 98 69 7 58 5 1 48 44 95 47 47 3 73 38 75 40 83 33 75 71 23 20 91 44 14 82 79 63 62 62 5 88 53 27 87 4 72 14 47 65 4 87 94 39 53 6 38 28 29 4 28 13 51 92 46 47 59 71 41 97 53 64 81 34 71 75 63 49 12 68 76 23 94 
3 56 41 5 63 37 23 81 47 85 80 40 87 25 14 33 39 5 17 46 65 56 75 93 13 56 30 37 17 73 58 42 58 0 97 18 52 75 40 10 13 55 34 58 92 18 70 56 15 78 54 42 63 66 63 86 4 28 72 34 57 43 9 48 76 77 82 99 57 52 72 42 79 28 92 12 76 80 40 77 50 54 61 77 2 12 53 71 8 33 49 67 91 94 58 3 78 21 21 54 11 68 7 94 19 82 58 83 50 31 22 28 32 4 6 66 32 92 43 27 9 65 93 69 39 27 15 19 79 11 98 67 52 22 41 41 31 67 20 63 74 23 12 73 38 52 49 30 51 40 91 59 59 42 54 52 65 44 1 37 19 79 45 63 71 80 5 16 14 61 89 47 81 44 16 90 75 70 98 60 71 50 98 59 31 58 98 31 42 83 68 85 70 37 81 6 97 37 33 6 21 15 94 71 85 42 72 26 43 78 84 93 74 56 32 14 65 27 19 63 25 6 76 18 65 81 48 67 40 58 95 28 74 65 84 80 12 69 89 11 6 44 57 5 98 84 0 96 59 8 23 16 42 83 17 45 31 19 72 59 55 69 32 49 52 30 61 62 66 73 79 65 57 56 87 43 83 96 44 7 7 45 38 25 70 45 86 33 89 47 98 2 74 99 20 98 28 12 13 4 94 34 90 38 79 46 95 32 83 51 74 36 64 62 82 38 95 87 20 75 89 5 26 22 10 72 6 63 73 62 50 11 20 1 74 63 21 98 93 35 68 8 39 30 15 3 22 40 52 7 19 87 10 86 76 54 82 49 40 15 83 76 66 87 84 84 18 39 57 77 40 25 13 61 91 27 3 88 13 27 14 0 59 40 57 28 19 72 59 84 76 90 86 70 10 78 35 96 15 47 
25 97 54 45 43 97 49 55 36 93 28 66 71 94 80 66 32 52 49 61 51 70 67 46 67 9 82 43 0 46 57 98 25 87 69 16 57 40 75 35 46 2 63 98 54 81 29 19 30 99 8 40 84 60 41 61 77 35 2 40 83 44 44 90 79 96 42 97 35 10 91 7 34 56 66 6 44 53 87 8 75 19 97 73 90 77 94 43 57 13 14 42 69 32 8 15 45 14 45 21 33 63 30 6 19 5 36 47 59 34 42 40 52 50 99 34 83 72 89 85 13 52 9 24 85 49 52 18 7 55 41 64 88 84 60 57 89 50 94 85 38 49 14 36 76 75 20 65 21 99 64 74 11 78 69 3 71 3 18 7 71 10 12 73 11 91 49 7 25 44 49 23 22 52 95 51 19 61 18 18 39 9 21 87 47 32 60 70 12 29 16 41 47 18 24 5 63 33 5 29 34 17 59 5 37 64 81 87 53 26 34 54 18 18 37 60 7 39 34 26 2 1 23 41 34 73 98 87 10 31 35 18 52 87 68 52 50 74 67 12 43 33 36 5 49 73 56 48 45 6 33 74 84 54 90 82 61 46 42 92 70 27 56 95 80 48 14 24 73 32 90 47 48 62 72 10 36 60 25 36 5 52 16 95 43 24 71 33 83 57 48 63 67 75 80 4 9 82 47 52 35 23 86 72 21 77 46 85 95 22 62 27 93 83 94 77 41 43 20 17 20 46 63 85 71 17 95 80 27 52 73 13 67 32 63 22 77 22 81 20 51 8 53 54 47 86 0 47 89 47 30 52 84 65 57 50 32 67 89 79 51 66 18 87 53 74 64 26 28 25 54 8 43 60 91 68 94 29 22 6 71 0 29 39 84 82 44 57 10 67 53 55 88 52 94 61 50 64 71 99 
78 62 61 88 52 23 0 82 59 96 96 65 52 67 49 12 87 13 1 78 43 31 84 77 14 17 99 67 96 84 66 86 96 57 18 34 41 41 79 64 97 18 81 37 11 78 26 55 94 95 19 31 81 98 78 12 93 56 20 6 6 45 2 51 73 87 93 66 46 55 26 41 20 50 23 49 65 26 63 15 59 6 44 33 51 12 39 78 22 6 92 58 73 59 3 49 34 6 77 41 19 71 11 94 4 85 84 30 48 44 1 25 73 11 74 83 62 77 3 55 24 56 8 6 3 70 92 28 97 87 12 91 89 62 7 98 54 4 85 51 38 54 52 44 81 59 63 47 61 33 77 12 16 78 80 7 43 22 3 94 72 19 24 23 27 37 22 18 1 71 62 93 23 86 64 21 29 76 81 69 80 52 39 77 76 60 4 96 58 91 30 72 3 68 30 18 53 63 4 73 6 62 6 8 69 94 53 0 20 8 52 34 23 38 3 97 82 70 31 78 83 49 46 17 56 24 98 27 64 11 32 12 55 6 95 55 54 40 6 40 86 81 90 98 11 59 86 80 34 93 98 1 70 4 19 34 29 54 15 15 98 83 60 3 34 77 91 35 70 75 81 98 23 5 58 28 7 51 7 28 94 63 30 84 15 29 61 62 81 73 22 81 10 82 42 5 87 69 11 23 15 91 36 53 20 39 39 60 19 83 92 59 56 30 69 91 91 26 47 23 29 15 16 2 29 72 3 70 16 20 27 68 3 7 68 73 61 87 6 76 0 17 63 21 8 24 43 23 49 0 95 29 24 27 7 62 97 52 71 39 27 88 27 58 25 77 77 52 88 73 15 30 13 23 53 83 28 27 6 56 21 56 19 22 6 41 95 84 69 24 9 12 12 11 54 24 50 52 66 8 
79 37 9 14 2 27 26 40 94 70 56 41 12 24 8 95 16 69 38 33 42 48 87 45 29 43 37 2 56 16 72 81 65 62 86 97 88 63 86 78 78 29 87 67 77 74 53 2 48 39 6 80 59 54 39 48 64 87 93 5 6 54 40 4 79 23 96 54 2 57 37 2 10 31 37 2 12 36 48 55 33 95 93 38 8 71 42 96 28 63 56 49 97 12 80 65 75 1 40 2 88 71 54 14 20 22 70 49 26 80 55 22 56 97 45 26 21 91 4 47 66 3 82 61 83 39 40 11 8 97 10 65 35 32 83 2 95 93 36 20 74 65 76 57 71 53 95 5 43 42 72 21 77 59 81 74 19 83 74 11 59 63 14 38 74 32 6 49 52 52 34 36 52 55 13 15 53 87 62 42 29 49 64 59 93 63 11 95 45 89 0 28 2 95 80 94 85 94 72 24 69 55 87 93 72 14 38 98 42 8 84 46 47 34 30 97 74 27 89 37 42 99 80 79 40 10 59 44 89 44 4 91 89 42 68 54 23 66 29 71 7 34 87 33 74 22 27 90 41 51 83 24 5 95 4 39 73 70 84 41 88 37 60 33 41 34 41 32 68 7 64 21 43 7 84 58 1 2 83 19 73 47 81 83 6 47 72 9 62 53 11 13 29 61 98 94 59 1 18 74 88 61 93 60 74 77 39 18 96 61 58 24 51 7 23 83 94 69 18 44 58 21 16 23 33 37 19 8 98 28 66 37 70 52 66 58 85 14 36 84 4 18 83 64 9 80 36 35 96 63 77 61 13 84 27 15 70 15 87 32 78 52 6 85 82 4 40 5 55 36 14 33 84 59 96 95 49 52 34 56 88 71 24 96 4 1 55 70 19 16 6 49 12 55 47 21 68 5 6 85 
28 77 31 53 36 3 67 58 99 37 83 37 87 32 68 44 70 47 6 44 40 24 15 96 43 3 79 57 21 12 26 7 73 20 29 66 77 98 37 57 13 89 4 11 20 82 57 58 11 12 30 0 34 88 60 4 39 46 50 46 40 75 30 35 53 61 41 75 97 60 85 47 77 82 68 49 63 25 39 81 55 35 36 7 84 22 51 91 1 14 94 48 5 16 87 24 28 16 83 86 35 73 25 45 3 39 5 32 68 61 65 82 27 72 83 45 46 76 37 69 52 85 61 94 9 17 1 18 86 13 58 80 68 81 7 90 29 27 25 80 32 26 61 17 78 59 85 29 61 60 6 39 16 57 93 61 87 64 12 91 76 96 24 80 94 64 53 11 93 36 93 88 62 20 17 1 21 16 76 19 76 88 77 29 74 73 80 97 19 39 64 0 9 29 23 47 48 66 85 31 90 1 29 57 47 39 62 74 63 11 9 48 51 39 12 50 68 93 2 21 98 56 4 64 22 52 84 84 14 67 63 59 13 38 73 30 49 51 27 33 40 96 56 24 91 52 37 79 41 25 25 97 95 30 81 57 82 25 91 68 85 75 53 31 13 15 48 56 78 85 50 30 16 4 77 58 47 41 85 11 90 61 0 30 90 41 83 79 17 88 79 19 0 31 54 6 38 80 0 58 58 35 65 76 84 81 16 7 79 77 56 35 45 73 30 64 11 32 66 19 83 66 6 92 44 9 65 1 96 65 27 69 84 30 82 8 63 60 40 98 59 68 22 63 61 53 76 14 63 81 90 25 65 61 10 87 43 51 63 55 60 50 46 92 68 99 11 50 69 22 34 68 40 54 22 62 90 69 14 73 29 67 14 68 74 31 88 77 39 59 56 1 93 63 29 40 98 64 1 85 
79 93 70 92 49 39 69 60 45 10 8 8 2 63 7 41 86 10 56 42 84 39 88 58 24 85 31 33 42 19 67 85 96 87 72 55 95 59 43 74 33 78 9 24 89 11 37 63 2 52 14 37 4 61 42 7 71 6 34 62 77 87 31 51 20 62 52 49 29 18 60 12 23 58 86 37 6 16 76 11 85 23 18 55 77 27 71 51 20 71 64 96 27 91 15 35 12 28 41 37 47 53 8 37 45 83 0 98 49 18 32 52 27 9 7 0 86 72 96 15 83 5 6 10 26 53 80 48 95 44 56 92 57 26 43 6 25 3 25 3 59 21 48 75 48 41 10 79 96 28 7 19 62 14 96 53 20 60 22 63 85 82 69 93 80 74 56 99 83 52 89 89 19 30 42 64 29 67 7 76 50 95 0 70 95 88 26 13 32 64 41 3 95 97 36 61 79 62 80 51 65 72 78 32 61 79 64 22 46 19 66 16 32 5 5 33 42 34 35 53 99 85 4 21 95 31 1 23 30 52 11 90 17 65 26 47 58 70 99 45 69 41 39 95 10 86 24 63 93 35 89 9 0 7 21 24 60 35 28 48 22 10 53 1 42 6 91 27 97 37 75 55 64 29 33 20 25 2 27 9 2 65 2 62 95 46 30 77 79 45 32 12 86 94 78 60 5 23 47 36 74 46 15 25 58 27 41 36 0 49 20 7 12 75 43 96 84 18 12 36 14 82 50 62 98 70 61 98 69 28 22 45 34 28 85 26 7 95 11 94 32 19 47 52 68 33 67 2 52 4 47 12 16 44 6 23 47 61 47 72 86 76 34 66 60 47 51 16 60 41 7 91 67 72 22 60 5 87 52 81 90 82 54 46 33 48 8 90 99 27 84 29 9 46 50 88 20 66 50 43 
96 89 49 27 60 1 95 44 19 37 88 72 2 1 23 29 74 26 51 72 1 60 24 74 80 59 57 71 90 47 54 80 20 12 8 41 76 96 84 36 2 31 60 56 5 38 76 14 42 95 53 76 38 15 55 3 9 20 96 82 59 17 6 59 66 0 46 85 97 79 47 91 11 33 36 57 58 67 74 76 69 13 80 59 48 82 32 67 96 17 31 30 58 4 20 99 32 23 37 81 10 72 41 26 93 56 68 34 33 2 17 48 48 30 21 76 42 85 53 42 36 22 74 30 0 64 42 45 74 67 50 90 51 65 29 44 24 26 32 92 15 13 68 54 66 72 52 32 77 74 12 29 21 19 24 7 72 57 93 0 42 70 0 87 64 40 77 42 77 20 87 38 31 78 1 41 7 17 0 99 87 70 10 52 35 13 6 57 10 72 93 89 18 14 93 14 78 55 87 72 51 67 15 92 53 0 86 13 48 87 47 92 22 25 51 26 27 50 57 83 90 31 70 95 46 1 87 23 25 57 96 77 7 73 14 12 34 86 4 68 96 28 59 68 70 55 6 24 4 32 71 97 5 55 83 27 24 46 91 7 19 30 12 25 99 28 73 96 69 38 31 87 83 63 25 54 70 77 88 42 70 73 60 20 22 65 97 49 86 13 5 65 54 58 15 10 81 6 63 16 98 95 51 85 38 28 85 23 34 73 42 30 90 71 26 76 21 79 13 16 91 18 45 7 97 53 17 9 64 97 78 85 41 57 83 59 52 15 99 50 22 25 50 3 23 73 87 0 27 83 37 40 28 88 47 78 33 99 69 33 21 36 96 59 95 92 17 36 41 92 46 56 39 43 96 95 57 6 49 65 7 59 5 59 44 70 34 1 53 4 60 75 55 42 18 97 67 0 11 30 
53 79 28 97 32 9 38 63 40 48 38 19 45 25 67 99 15 57 51 37 29 84 46 58 94 53 96 67 78 46 94 13 29 44 31 8 29 66 34 22 85 26 98 53 98 28 97 44 81 26 26 25 9 47 87 24 31 20 34 79 59 28 30 83 4 7 60 93 34 89 46 49 95 16 63 59 37 15 16 3 43 33 75 7 22 69 79 77 85 75 23 51 86 43 22 25 11 64 6 1 32 56 4 71 7 42 84 10 42 32 76 7 60 22 2 99 39 27 89 43 36 66 77 3 47 19 8 18 72 68 19 20 82 74 45 77 12 76 64 82 10 26 33 81 56 82 26 62 44 59 87 71 28 93 26 68 7 85 94 95 9 13 61 46 93 51 36 46 34 42 64 94 75 73 47 5 16 51 61 28 66 7 79 67 30 68 23 17 77 67 93 51 38 12 54 45 80 91 23 79 25 45 92 3 24 17 45 82 51 50 97 68 44 9 6 63 41 88 36 63 45 59 85 68 33 98 32 64 39 66 80 72 66 3 48 8 82 98 29 41 69 16 51 63 62 35 15 15 21 63 56 58 80 52 54 18 68 78 23 85 78 12 88 4 28 21 15 18 55 60 65 1 39 36 59 0 53 23 88 34 27 54 97 29 89 1 87 66 75 79 37 65 82 1 99 20 48 16 62 76 26 39 94 3 24 9 72 8 88 7 75 56 38 6 53 9 32 32 73 0 80 47 73 71 46 34 97 83 56 22 50 8 59 12 55 82 48 53 35 54 19 90 33 42 3 5 41 41 9 32 72 99 73 69 14 71 47 77 73 82 46 20 85 71 95 13 62 95 0 67 41 83 47 4 54 76 24 65 65 38 33 21 16 32 5 88 97 51 3 63 21 96 1 79 63 3 49 79 93 58 
59 99 36 11 42 81 30 65 3 36 49 60 27 19 69 58 53 26 14 92 80 25 3 62 6 78 38 80 85 15 69 6 1 12 20 93 63 53 61 10 3 28 32 98 28 78 35 30 60 54 41 25 54 25 84 76 68 44 8 17 80 87 10 4 30 20 83 61 3 84 78 30 81 60 48 60 83 82 17 88 90 28 41 16 75 29 68 53 59 59 67 75 85 97 40 39 47 86 27 89 76 70 22 10 20 0 11 55 80 15 60 63 75 48 99 9 13 31 58 70 12 50 53 82 96 76 18 20 43 51 50 87 33 71 97 49 36 35 22 3 27 57 8 43 40 66 15 85 44 25 32 58 86 25 62 44 58 55 10 14 43 77 62 75 10 83 83 12 2 67 36 27 69 92 77 77 4 19 49 36 54 38 0 10 5 44 12 76 90 0 46 82 26 37 96 14 48 30 56 15 88 11 31 96 33 32 18 1 80 21 41 57 45 30 11 69 17 15 2 28 56 6 31 71 40 23 71 71 38 73 35 69 25 67 65 49 24 22 53 42 10 37 87 89 60 89 49 76 3 62 55 97 69 69 73 22 89 7 61 55 13 34 74 39 70 83 23 35 56 8 4 53 32 15 2 7 24 43 2 58 34 89 44 14 47 49 12 31 10 14 88 14 51 3 59 48 81 88 37 74 91 0 68 9 10 52 55 32 36 44 61 36 79 52 33 24 25 6 27 85 30 46 33 39 42 2 51 13 69 28 63 61 1 72 9 75 39 94 2 24 76 48 20 50 33 19 66 42 80 32 35 29 73 57 28 91 53 53 77 37 14 32 41 0 0 34 59 43 71 35 51 82 32 43 9 35 88 47 46 57 2 51 88 66 92 49 57 9 1 74 39 17 85 77 30 1 86 93 89 92 
90 86 30 14 9 81 29 16 28 34 58 32 22 19 42 89 66 40 23 38 5 19 71 4 17 53 12 13 98 20 40 27 72 70 18 37 86 14 83 40 2 98 79 41 56 61 53 13 71 65 20 29 37 39 42 43 70 5 21 63 53 57 21 11 26 65 53 39 88 58 45 80 17 37 99 93 25 95 84 47 76 4 90 75 10 82 64 34 1 90 42 49 14 71 45 96 52 26 85 15 49 66 89 31 77 69 66 6 32 42 33 55 11 56 30 76 51 32 45 36 93 79 14 75 21 34 95 92 8 25 91 2 87 48 96 14 15 56 46 76 21 55 34 92 39 3 60 39 60 37 69 98 58 27 67 90 95 46 58 33 20 86 94 80 26 22 82 73 53 12 25 2 53 52 24 71 77 72 79 13 21 77 83 23 37 8 43 14 62 75 21 43 7 45 80 32 68 34 67 43 50 32 77 57 63 83 11 27 43 43 81 17 27 32 44 12 65 5 43 6 68 89 45 71 82 54 11 82 31 94 71 48 51 60 24 56 63 98 38 89 12 76 40 16 49 78 8 49 38 22 19 2 65 52 90 57 83 81 40 31 42 49 53 6 70 88 14 88 82 11 86 40 25 48 53 77 36 95 35 13 81 75 43 80 16 96 56 96 49 46 43 19 6 74 42 54 78 59 13 17 87 37 72 89 12 17 36 81 14 91 89 72 80 31 6 53 65 18 43 41 9 81 76 93 38 11 71 91 8 99 72 10 62 88 14 35 3 56 25 76 25 75 1 87 50 9 54 48 0 12 90 71 89 66 87 42 66 3 37 39 55 48 94 48 68 76 37 35 22 89 75 53 17 53 76 6 32 2 85 59 86 39 38 55 44 2 7 25 31 90 15 74 43 92 72 78 40 45 32 69 
83 57 95 12 53 67 86 36 64 59 16 26 34 96 99 16 86 99 53 15 15 8 12 33 88 72 50 29 62 71 97 72 36 78 81 94 5 19 7 42 45 76 51 94 32 6 85 71 60 55 33 19 17 65 71 44 71 72 60 64 62 98 62 9 53 90 81 43 25 51 51 11 35 97 81 51 13 60 48 95 5 80 71 54 6 65 5 54 67 64 17 24 13 30 96 63 0 11 95 82 41 29 34 24 55 51 52 88 24 84 7 85 17 0 79 80 72 8 34 72 8 33 27 56 98 11 39 79 79 43 79 4 30 23 39 17 88 44 58 6 85 33 88 61 61 26 52 60 42 31 74 97 95 77 12 81 13 77 31 89 46 37 40 13 44 36 23 49 78 38 84 80 65 94 81 70 56 81 75 35 24 68 84 18 19 82 49 27 31 1 51 15 51 25 39 16 45 32 10 4 66 3 34 59 10 57 51 13 22 7 88 48 7 16 58 78 64 42 33 97 71 17 80 76 80 54 24 97 43 11 28 92 51 65 96 99 79 73 29 85 67 91 47 88 86 44 22 18 15 75 18 0 62 98 70 6 40 22 27 13 57 5 8 42 29 94 13 95 5 62 21 35 68 73 28 82 37 14 45 30 79 76 70 51 46 9 41 38 68 8 4 64 88 10 84 13 57 80 83 19 70 40 29 39 92 41 95 99 49 56 95 65 28 56 79 11 41 53 17 23 31 8 58 85 74 90 94 83 54 90 52 48 97 91 98 60 36 95 63 47 53 33 43 31 95 77 87 75 78 93 58 6 21 66 86 57 42 5 43 56 32 44 57 2 58 31 4 22 23 55 37 9 93 4 99 29 39 82 23 16 34 63 95 86 94 6 64 99 53 83 11 29 68 42 21 4 66 41 31 70 
5 89 73 41 90 31 41 15 84 63 34 82 96 26 93 24 67 73 28 72 21 16 42 17 28 68 18 55 48 99 31 44 30 46 47 41 11 5 50 37 78 28 26 56 60 10 24 0 83 89 62 44 33 65 19 66 79 54 42 62 9 86 55 35 43 92 86 46 0 18 78 97 2 33 49 35 39 46 60 89 50 27 5 22 57 84 63 5 78 16 10 6 63 47 64 64 43 72 8 3 13 26 12 58 27 18 80 86 20 60 77 19 37 12 83 22 38 31 62 29 15 14 22 75 4 56 86 71 98 87 47 30 19 53 10 74 22 72 47 82 35 79 54 79 3 78 74 34 99 60 76 15 69 64 66 64 40 59 49 23 33 79 24 19 29 19 66 86 81 61 30 42 28 95 40 81 72 47 43 19 40 61 1 38 84 26 82 77 49 62 89 76 71 78 83 71 0 44 45 61 98 42 28 87 56 33 88 92 33 53 73 52 10 53 69 24 1 45 97 56 65 75 9 79 92 58 15 30 35 16 11 23 57 48 99 48 54 47 83 73 97 50 6 74 32 19 47 93 83 11 93 86 24 33 83 4 77 81 38 7 46 19 4 22 5 29 13 62 31 94 88 40 72 37 96 72 74 81 40 58 58 2 68 58 12 12 53 42 29 54 18 59 25 70 96 96 50 86 99 77 13 30 30 68 95 61 56 72 84 86 24 83 51 72 43 70 23 11 0 18 48 33 8 49 41 51 94 73 96 0 0 40 34 40 72 85 97 24 82 6 87 18 11 95 77 31 25 94 0 4 39 3 98 25 84 82 77 79 47 74 7 34 54 16 74 10 15 84 70 37 58 84 55 57 12 75 16 98 72 79 28 26 56 2 36 52 6 33 57 35 71 78 44 35 75 0 23 26 31 41 
3 64 88 83 34 51 81 62 9 76 98 77 69 9 41 38 46 17 85 55 18 97 50 50 95 33 41 37 19 70 60 95 42 49 95 93 18 44 4 21 23 55 68 83 34 54 19 92 38 72 91 39 11 79 8 86 6 71 6 6 42 60 45 3 1 20 88 46 10 84 38 71 54 2 34 97 40 27 18 4 58 22 74 87 60 56 68 65 91 9 19 96 50 75 36 20 84 53 32 42 62 79 43 57 62 1 36 65 53 57 38 37 5 81 75 36 6 8 27 28 21 55 75 71 81 30 79 51 90 41 40 91 99 74 82 15 32 20 97 0 84 76 79 44 11 50 85 0 64 74 49 38 29 1 64 66 50 39 63 64 47 22 83 12 28 43 89 4 11 39 31 61 17 13 80 4 69 77 18 3 62 64 2 84 10 87 52 26 18 13 76 14 79 89 84 63 65 91 66 5 76 58 68 10 21 62 82 50 98 95 40 4 72 85 58 46 20 1 68 2 88 96 45 81 35 79 50 9 39 95 86 61 98 21 25 19 71 49 62 9 46 14 69 40 79 41 56 23 11 83 20 19 76 96 0 70 30 46 10 57 89 25 25 1 73 28 74 69 23 68 1 30 90 0 75 55 46 72 42 75 96 85 8 8 10 25 71 77 36 96 12 20 35 19 63 48 29 88 6 12 78 77 82 53 69 27 50 32 14 14 94 88 50 44 47 78 31 55 63 85 22 11 92 85 38 80 79 47 23 27 99 39 79 66 28 9 47 25 8 27 65 72 65 67 5 10 11 8 54 95 12 71 19 61 37 13 73 75 95 33 2 22 47 87 50 57 26 18 21 68 12 42 66 44 6 47 62 53 18 51 44 47 94 3 83 97 88 7 92 42 29 4 10 66 3 95 60 41 5 62 
10 14 45 46 22 31 75 13 44 51 17 39 3 84 52 36 71 82 74 76 60 12 42 5 56 97 35 80 52 2 93 74 66 70 12 54 55 69 98 80 71 74 99 71 53 11 4 18 93 34 73 4 52 85 26 14 39 41 35 97 86 96 90 49 70 60 37 83 28 87 5 50 60 0 86 24 90 94 0 90 96 48 85 14 52 93 48 31 87 1 10 75 62 39 31 68 57 88 96 32 17 51 62 19 18 59 76 49 20 3 25 80 13 4 0 2 28 64 74 75 57 64 58 54 29 83 57 10 99 74 20 99 43 23 1 36 49 30 95 35 65 4 38 7 14 98 56 10 89 62 74 95 36 68 93 9 78 44 9 37 24 54 58 92 5 66 32 45 22 41 17 81 21 99 1 16 22 38 15 47 90 83 57 95 36 64 52 93 78 38 33 37 57 48 83 64 79 39 29 77 28 0 3 60 62 83 8 74 62 20 19 36 96 19 31 2 97 88 22 97 43 13 9 28 17 88 12 3 53 72 70 57 23 34 36 52 78 87 61 6 48 85 5 35 17 31 43 0 24 88 13 90 35 50 91 7 53 58 92 40 96 20 69 64 91 17 86 40 32 9 62 28 94 55 88 12 43 41 11 34 48 96 19 75 58 59 65 41 3 59 50 12 84 11 79 3 45 41 39 21 69 44 51 79 4 39 10 8 42 10 53 4 26 28 90 69 59 85 57 11 41 1 69 98 39 33 19 2 88 8 36 62 44 84 38 23 81 58 29 75 56 27 58 65 13 80 24 28 66 73 61 96 31 50 18 83 31 10 15 80 25 75 73 4 53 57 33 82 85 50 90 64 79 46 54 98 25 33 77 11 83 97 6 58 99 84 17 63 3 62 61 13 82 46 30 30 44 55 90 65 
40 69 25 44 43 89 1 42 70 45 23 54 62 35 27 89 67 65 10 69 80 77 86 70 53 5 74 97 38 34 55 43 67 49 18 14 94 75 98 94 89 29 56 71 32 58 62 38 83 67 57 9 96 7 58 7 22 89 27 68 2 86 21 73 44 76 40 55 90 23 15 6 45 10 90 75 97 37 17 41 93 20 5 32 33 4 81 71 67 12 27 48 49 0 11 42 82 16 17 18 35 51 22 53 2 30 91 61 75 82 1 61 35 63 56 62 15 21 26 71 34 12 35 49 1 62 87 88 46 19 91 96 7 10 28 71 49 79 12 59 96 28 62 51 8 19 64 58 44 36 71 67 59 31 30 54 28 93 79 75 6 16 27 57 0 48 9 18 1 63 92 73 35 11 48 86 45 62 2 93 71 34 62 46 36 39 14 60 10 46 24 92 17 55 9 72 49 45 48 75 6 40 61 52 9 99 78 67 65 47 97 10 17 96 48 52 63 79 5 62 69 39 90 55 36 64 40 90 71 85 62 17 37 77 61 84 49 60 10 54 20 10 31 62 55 1 81 86 60 78 9 5 43 54 53 95 10 55 78 66 56 44 72 38 29 61 25 28 63 94 34 26 58 71 34 73 34 28 16 76 73 18 84 36 80 10 57 77 83 88 97 97 47 34 68 58 10 30 41 52 71 33 79 55 20 98 95 42 82 87 47 1 48 22 43 76 70 18 13 16 27 75 62 50 21 67 43 26 8 67 45 2 38 10 45 74 41 44 86 10 33 57 0 70 24 34 17 89 19 96 6 21 43 72 21 38 8 52 92 6 40 4 96 55 7 19 31 35 86 39 67 24 9 9 8 46 2 78 92 78 6 87 56 92 58 88 10 44 47 63 53 93 21 25 8 74 30 89 11 81 
45 0 82 5 1 57 39 50 40 94 6 52 28 39 51 84 61 45 52 93 54 41 24 35 28 94 75 53 44 17 91 17 40 92 30 16 50 4 97 94 33 70 84 30 20 60 87 77 70 16 88 17 58 27 46 42 96 23 18 64 88 61 48 30 19 25 96 58 39 90 21 13 62 47 70 5 66 94 23 45 31 90 14 23 66 91 95 7 57 77 73 20 86 15 98 41 93 64 88 74 64 19 24 67 41 75 28 8 94 17 92 45 20 33 78 24 62 39 51 57 39 66 31 73 39 69 24 22 29 54 94 49 65 63 55 41 9 91 41 12 9 69 98 32 67 35 16 39 43 74 93 34 31 83 70 50 90 49 80 36 66 54 62 7 95 91 59 7 70 48 15 64 62 90 45 48 74 95 48 33 16 63 42 74 80 73 52 52 63 42 88 72 93 71 19 47 17 37 59 64 89 12 4 85 50 88 41 25 64 96 13 6 33 76 19 6 66 58 62 86 59 3 77 41 68 67 86 6 40 2 46 69 21 64 21 39 75 64 66 56 90 40 8 33 90 12 82 46 62 48 4 69 57 22 7 47 75 13 31 99 14 87 11 65 22 73 61 25 27 24 31 20 99 38 13 30 0 71 91 37 99 97 66 88 81 50 14 16 92 33 14 11 5 54 51 93 73 18 74 88 2 2 89 91 35 90 96 90 46 49 80 76 9 79 23 8 99 7 65 98 25 31 11 37 25 36 98 77 17 26 62 43 38 68 28 30 35 8 9 77 61 78 47 86 81 13 41 65 60 41 34 69 77 27 18 46 56 30 88 68 90 47 15 15 89 20 4 91 97 20 91 62 20 54 98 80 66 3 34 38 55 72 27 26 9 25 18 46 0 31 61 11 93 4 75 35 55 92 12 18 
84 2 3 58 79 5 71 97 12 0 71 44 53 13 93 25 47 77 48 52 1 98 56 69 52 77 71 76 74 82 50 79 81 50 25 16 70 23 10 30 59 6 39 42 69 46 44 13 77 15 32 56 13 61 86 35 58 90 50 18 36 89 48 64 6 36 89 33 38 5 29 99 44 4 16 33 95 84 67 59 79 91 10 88 2 43 67 52 24 83 50 12 72 73 11 56 38 21 83 41 70 5 79 11 98 26 28 56 3 39 16 26 28 38 45 17 79 36 83 61 32 16 57 87 59 30 11 29 49 75 42 15 34 48 11 67 14 88 93 92 10 24 81 31 28 66 87 58 69 64 22 21 53 57 12 10 52 88 59 12 40 87 28 71 75 59 14 90 11 19 41 97 7 81 59 49 11 8 38 29 71 83 8 21 55 98 11 22 15 7 1 60 74 98 83 98 84 92 16 29 37 97 28 66 66 20 78 81 70 9 51 90 29 13 68 69 3 39 34 74 60 11 83 49 7 90 76 28 93 69 77 55 4 51 64 67 40 48 5 82 92 63 70 6 3 42 31 32 52 37 48 55 12 92 26 85 92 69 54 28 19 41 96 97 17 25 39 46 88 40 14 1 61 48 54 89 62 22 1 35 55 22 7 60 2 6 86 58 76 18 59 47 49 95 42 7 7 80 3 16 50 2 7 42 22 55 53 50 49 73 78 57 58 48 85 30 43 77 19 52 99 4 13 1 19 49 88 96 70 54 54 40 10 5 97 68 45 59 33 13 92 44 69 7 71 13 75 9 26 58 88 40 66 9 93 17 46 86 39 32 95 73 13 47 33 53 64 96 65 18 83 8 60 53 20 12 98 99 56 16 51 35 90 22 8 0 99 59 53 54 42 4 65 44 19 44 90 50 88 5 
11 3 75 37 0 46 73 93 1 36 30 8 98 61 94 85 49 21 11 4 76 37 44 32 28 54 66 77 70 64 25 28 5 70 37 12 4 5 13 94 42 38 79 88 92 89 70 9 77 4 37 0 31 79 28 83 89 41 32 66 0 95 94 89 34 23 48 50 45 12 92 82 8 0 81 29 4 2 58 64 77 93 28 66 79 28 83 26 83 24 50 41 88 11 56 71 75 82 10 78 70 41 97 18 16 34 90 46 78 47 36 75 56 48 65 99 23 28 65 77 6 7 72 99 90 76 39 78 71 79 41 29 71 74 22 49 73 64 87 28 74 42 50 29 55 45 77 70 12 23 34 83 18 5 38 55 3 54 75 7 58 2 14 7 57 86 29 16 55 65 3 71 65 66 85 0 4 44 45 20 40 90 54 44 4 20 3 54 2 45 31 46 64 16 21 95 75 52 47 14 27 99 92 10 31 98 93 20 2 54 72 37 13 35 24 21 79 68 17 55 76 42 81 6 18 35 41 14 85 14 80 68 83 70 56 58 30 84 30 46 2 93 81 76 83 67 82 30 52 11 74 56 55 39 31 20 71 24 75 91 64 79 31 85 81 0 88 98 4 3 56 58 90 70 79 70 76 27 98 78 58 98 27 93 53 66 58 16 71 64 40 31 58 19 42 6 73 62 64 55 32 95 98 59 77 74 63 26 66 17 49 62 65 57 12 47 90 45 78 41 31 49 74 42 34 6 55 87 70 40 84 28 79 4 26 46 3 71 81 88 5 11 46 5 97 0 88 70 64 38 39 71 54 93 70 75 29 44 19 79 80 6 63 26 79 71 38 70 73 51 33 82 87 12 7 84 79 88 65 21 57 32 64 67 4 18 3 86 29 34 50 23 39 45 39 92 54 34 75 40 
14 45 42 98 22 19 82 71 58 63 73 69 56 18 74 21 46 70 75 8 97 46 68 18 76 55 2 83 32 34 76 55 86 4 82 72 30 70 60 57 78 83 97 21 98 18 97 8 31 40 0 49 9 13 97 85 18 22 97 27 84 7 55 8 9 30 79 49 37 64 65 27 48 54 5 26 26 19 29 33 79 68 83 84 18 36 96 71 17 8 51 59 30 26 26 47 96 34 82 77 57 33 25 56 67 2 21 39 32 41 70 87 2 42 16 70 87 77 94 13 90 95 82 56 98 57 6 75 58 48 90 47 5 9 72 76 63 29 20 25 85 68 56 91 5 1 75 67 60 70 91 3 76 46 92 33 33 70 83 56 64 52 25 55 50 20 5 45 61 93 0 20 31 52 58 48 91 67 55 10 90 77 55 28 83 72 39 83 50 31 81 44 81 74 26 43 66 98 29 73 43 93 75 67 96 9 85 27 57 8 9 39 8 28 94 28 7 3 29 69 49 74 28 12 69 90 52 88 76 71 84 64 28 17 14 87 84 55 17 16 58 10 38 39 94 81 79 5 45 14 59 64 38 62 51 67 16 28 84 9 45 31 82 15 85 97 72 71 74 70 2 94 82 38 32 66 33 98 59 12 84 97 76 48 38 26 87 63 39 96 86 68 83 39 67 78 20 53 27 20 94 3 92 98 9 44 99 83 28 38 46 0 9 92 18 72 81 64 4 84 49 18 45 65 13 53 22 60 64 81 5 37 80 96 6 23 48 60 37 63 87 93 28 71 63 91 71 33 9 3 74 3 87 35 67 41 67 30 69 61 74 29 20 75 49 31 37 86 2 35 60 17 34 51 89 53 86 66 76 62 44 71 9 16 83 33 10 80 94 95 62 39 4 29 42 18 28 82 13 98 
3 95 37 98 38 36 88 99 14 38 29 4 53 60 52 78 39 86 87 69 13 66 94 7 73 25 55 97 21 59 98 24 44 54 56 65 42 36 55 53 8 77 42 6 13 30 88 34 75 44 94 41 28 1 60 40 86 13 37 80 13 4 24 20 80 74 93 51 39 71 16 14 27 36 18 25 46 37 33 19 9 13 19 31 84 19 94 64 17 38 14 44 99 23 30 69 27 65 8 0 64 93 40 7 24 16 43 24 87 6 11 58 23 75 29 84 72 3 62 31 33 22 32 41 83 91 21 39 30 18 48 91 61 22 30 79 9 35 23 76 81 59 46 70 93 32 86 19 96 7 37 54 26 43 25 63 86 43 10 96 60 76 51 13 90 75 60 71 28 90 19 25 50 49 33 60 85 99 32 97 0 14 59 65 89 91 14 4 34 53 6 21 17 61 67 97 88 34 72 10 49 34 10 90 65 97 38 28 33 8 64 82 45 40 76 23 69 72 2 75 70 56 60 29 66 48 5 12 34 81 47 85 2 94 98 96 70 89 59 61 96 71 66 49 34 97 32 45 14 41 87 86 11 20 27 17 26 89 24 69 88 30 65 72 49 17 33 78 58 11 69 72 95 52 9 47 16 69 78 66 97 69 43 25 23 13 26 80 85 24 6 21 55 95 14 6 77 65 57 9 64 77 8 64 45 63 15 27 50 32 3 87 84 42 7 54 45 67 50 28 87 37 49 92 50 54 82 11 3 49 92 4 68 73 19 66 22 32 62 90 40 66 63 59 42 63 95 6 65 50 63 37 9 64 74 49 33 85 60 72 2 97 19 52 31 77 84 25 98 99 11 35 2 15 86 95 60 16 79 59 48 59 61 37 18 89 21 97 9 31 78 61 46 49 69 49 87 39 85 54 
42 92 46 7 97 88 0 31 92 33 86 61 69 88 80 45 46 12 14 83 60 68 66 10 3 97 96 98 23 38 75 48 13 83 3 25 64 27 72 90 85 66 26 4 17 2 91 76 18 82 33 32 49 3 92 69 2 81 34 44 60 86 78 32 35 65 69 78 87 6 39 57 48 75 97 51 22 30 3 95 21 61 77 35 81 78 30 89 66 89 44 70 72 59 85 54 25 8 21 34 27 63 42 39 51 44 52 6 30 62 24 97 4 99 63 29 74 64 51 68 12 61 38 69 42 1 94 49 62 66 87 64 91 72 18 65 60 1 59 82 97 60 38 28 41 22 99 25 23 33 98 67 19 49 44 72 31 88 3 14 54 9 83 49 63 71 18 26 3 91 45 67 53 14 61 64 6 76 41 72 37 90 88 69 95 90 13 20 77 92 13 32 2 91 77 76 40 94 89 67 99 40 52 84 12 82 12 70 99 87 1 30 98 1 37 50 8 2 51 92 99 89 64 48 37 10 89 74 97 80 82 56 32 57 78 70 98 87 17 98 10 65 10 62 72 3 65 40 91 19 80 77 90 84 64 61 83 20 94 42 50 60 18 88 14 3 72 64 41 49 34 95 65 33 85 73 67 64 27 28 67 55 9 71 92 47 56 28 29 52 85 93 0 36 57 47 50 16 38 83 91 24 92 30 79 66 98 78 34 49 85 29 56 44 69 73 24 15 57 65 86 54 10 43 54 7 59 6 7 86 0 82 71 63 26 30 33 54 73 62 73 24 33 9 75 32 78 96 46 25 52 75 98 90 5 47 64 37 56 1 81 20 65 58 50 20 70 12 66 68 18 20 24 19 4 32 63 17 2 87 3 11 58 23 69 72 54 70 30 90 47 83 96 69 99 83 6 78 98 16 
78 60 33 21 44 64 2 47 28 10 67 7 78 39 2 28 32 28 96 19 29 62 37 37 37 39 48 64 2 22 51 9 33 2 97 73 28 89 30 66 66 71 79 83 35 44 79 99 46 70 28 71 80 81 66 63 84 13 49 90 3 30 41 11 24 78 83 91 56 21 66 84 74 12 67 24 19 21 48 71 68 90 26 13 52 8 46 24 43 27 89 52 59 87 84 3 66 57 47 99 48 51 52 94 39 88 82 42 49 4 78 37 81 64 58 6 51 69 21 4 20 97 46 15 97 37 32 57 44 85 29 62 73 41 5 75 46 77 90 88 89 20 41 12 61 16 76 50 3 21 42 80 10 23 14 54 53 29 4 32 96 63 60 16 39 82 77 32 38 3 13 59 51 65 73 69 48 19 19 88 8 57 94 52 74 17 7 50 44 37 25 13 96 40 90 9 4 62 20 93 55 36 60 54 88 67 86 4 11 95 45 32 76 99 69 43 98 11 59 91 29 75 91 43 8 10 85 91 34 5 25 45 33 97 91 82 67 86 91 72 13 81 0 43 65 69 23 34 64 17 90 4 48 81 66 87 90 87 2 89 76 67 21 28 33 58 54 26 33 78 38 18 42 98 49 81 11 53 20 64 16 32 78 61 18 69 50 37 64 97 81 37 86 32 4 80 14 3 16 43 73 3 77 77 51 49 75 85 56 73 60 94 25 62 13 71 98 73 78 40 82 86 17 44 1 88 42 54 60 69 31 60 23 85 65 42 55 49 52 32 62 48 74 12 23 37 45 18 64 71 60 65 18 76 92 89 0 88 71 68 88 6 73 86 27 44 93 96 94 36 70 42 28 93 71 93 74 95 72 93 65 34 70 43 46 13 40 28 40 46 31 94 69 12 67 97 10 37 91 12 
4 89 38 6 71 62 23 6 31 98 47 29 32 30 89 26 66 84 14 27 59 47 97 60 75 37 60 44 39 14 21 58 18 40 56 24 46 2 10 74 13 80 45 98 37 63 32 24 40 29 22 87 3 40 18 53 71 11 54 56 26 65 84 53 28 36 72 5 93 61 11 14 32 67 24 79 0 69 53 71 26 4 92 19 0 3 74 17 16 13 99 64 32 4 20 10 20 75 58 29 93 19 12 97 60 94 30 92 18 48 6 23 39 45 35 41 52 86 17 89 98 6 69 77 92 17 1 32 12 0 69 83 36 88 99 88 34 48 64 34 98 68 53 65 96 72 53 13 9 31 39 57 34 0 22 74 18 86 38 80 11 40 51 32 64 48 29 74 18 67 42 5 29 93 20 69 35 85 32 0 31 52 95 40 31 90 71 48 71 93 45 5 25 69 30 11 25 44 62 32 34 98 4 48 73 87 71 62 26 72 9 42 88 92 82 43 65 16 47 91 54 85 36 48 87 80 90 97 78 14 30 66 36 77 9 12 8 83 44 33 1 29 80 86 98 91 64 97 0 70 36 42 15 42 68 76 24 81 1 74 31 71 96 99 39 52 35 21 22 39 9 25 83 41 88 21 56 25 77 91 33 92 8 10 82 76 29 78 93 29 18 1 64 20 33 47 52 87 12 6 46 20 8 75 28 2 35 42 35 1 25 1 19 38 56 14 92 94 10 34 76 94 16 42 10 35 77 88 77 30 93 3 24 51 83 6 48 61 35 50 18 57 79 98 11 13 56 79 28 78 9 47 23 65 56 7 40 54 40 15 80 10 82 61 76 58 14 3 56 47 97 57 1 1 89 6 19 35 8 36 51 68 24 14 38 79 22 37 70 15 34 87 57 37 34 64 6 99 23 5 
23 70 45 46 56 67 97 78 53 9 59 94 0 70 24 86 23 55 82 91 1 88 38 14 27 72 31 39 23 33 61 10 13 92 22 73 72 24 88 54 81 52 83 64 27 25 81 40 76 92 87 94 36 8 74 64 6 92 99 55 51 47 83 39 55 88 94 71 76 76 50 97 34 98 2 35 24 5 71 8 57 44 83 17 63 10 28 34 6 87 55 83 24 63 18 70 3 14 79 80 45 87 38 32 68 64 93 3 36 83 69 49 48 74 60 34 78 60 25 40 0 67 39 8 88 4 62 7 76 45 46 11 61 62 45 71 39 47 83 35 10 93 93 7 99 98 67 61 58 25 61 89 86 18 71 85 66 54 47 9 19 71 19 53 94 27 36 17 27 30 94 8 78 72 25 59 21 79 4 92 22 1 31 14 31 82 94 11 95 65 8 61 38 63 78 66 84 16 73 62 77 72 24 5 49 89 54 65 83 31 58 88 35 20 73 38 88 10 6 22 22 89 87 71 68 41 82 49 49 91 28 95 25 55 31 19 6 10 35 12 84 81 3 55 8 78 21 74 11 74 21 29 3 42 90 2 74 9 16 14 59 82 7 88 69 6 57 77 49 1 98 9 16 73 97 73 93 35 16 25 11 57 8 53 10 72 98 10 43 51 85 42 21 16 48 40 39 1 63 56 19 93 5 59 71 68 21 62 90 88 2 88 33 29 22 49 92 96 90 76 31 35 43 57 60 52 1 44 22 32 32 32 3 18 58 87 30 40 75 81 44 59 26 79 76 73 41 86 72 24 20 4 50 46 98 90 71 84 44 11 35 7 66 92 33 71 23 41 72 46 42 30 78 9 70 9 72 53 55 71 90 69 74 53 9 78 48 78 2 35 30 46 57 82 51 64 85 14 8 60 
1 94 64 86 56 95 88 43 13 85 50 17 27 44 46 44 79 48 75 0 10 29 78 44 60 97 64 50 16 42 91 8 22 73 99 65 59 39 1 4 56 34 92 80 78 59 62 85 92 21 80 41 25 90 82 58 12 40 33 23 57 15 83 74 94 17 24 54 10 31 37 9 12 42 33 87 47 88 51 7 41 39 19 28 30 70 0 32 10 47 70 2 53 89 31 2 9 52 71 18 9 57 56 61 94 38 51 42 19 41 48 34 45 32 32 30 46 25 65 65 45 39 10 73 59 25 56 27 52 8 60 60 37 39 25 57 4 34 4 22 21 92 59 15 56 43 15 19 43 7 41 14 1 82 7 68 43 77 14 42 70 7 26 93 17 28 46 49 12 91 74 11 25 12 54 54 19 63 83 10 68 1 0 94 27 62 35 92 17 2 60 31 71 80 63 0 53 7 89 80 10 79 59 0 84 41 78 78 37 70 2 60 77 57 81 78 30 77 19 89 70 20 92 33 24 11 13 10 90 62 95 50 20 92 48 54 93 14 11 76 10 51 26 64 43 92 94 61 46 9 6 46 5 20 40 80 96 63 41 87 55 8 12 20 96 69 44 13 60 37 69 55 70 14 64 27 77 87 85 32 76 88 30 20 34 84 5 61 43 18 31 6 84 93 83 38 14 65 45 56 1 9 3 52 38 47 7 92 39 24 3 99 11 28 77 46 50 2 91 56 21 39 18 47 25 29 30 76 80 50 25 3 85 34 3 22 65 86 5 76 2 49 68 65 39 24 53 33 88 52 6 32 79 70 60 68 39 64 3 28 0 79 53 83 15 76 95 14 0 51 88 75 13 40 67 23 9 88 48 92 60 88 94 86 60 71 67 94 97 42 95 53 33 52 13 64 48 36 8 36 
82 78 77 84 64 43 94 52 64 44 11 48 63 89 66 1 37 55 0 32 80 8 66 25 72 20 45 21 47 76 6 15 47 83 12 11 96 33 75 61 44 35 37 97 96 2 75 18 9 76 11 56 50 68 43 80 4 85 41 71 88 93 24 40 91 66 85 6 24 54 43 13 49 87 80 74 43 41 5 5 36 11 68 18 45 67 96 79 41 94 76 38 91 52 68 86 43 43 8 18 76 78 66 97 40 40 78 23 97 85 48 81 42 16 26 43 17 46 27 70 27 80 19 52 57 11 76 90 54 79 80 82 92 81 16 24 8 80 20 30 96 10 96 30 80 96 94 63 92 43 73 60 67 21 18 52 29 31 29 11 72 20 54 96 89 67 32 63 70 48 54 52 23 60 76 53 93 5 69 17 12 64 46 14 24 14 45 16 95 73 7 98 42 60 34 72 30 8 91 74 72 96 8 56 39 11 57 82 89 49 96 54 61 79 90 88 59 71 92 97 56 28 25 91 67 45 12 59 88 8 10 72 88 28 1 48 50 35 72 32 37 10 78 25 1 26 88 24 26 85 34 54 23 83 41 21 47 1 32 49 82 71 35 34 22 29 3 8 39 41 26 48 68 58 38 27 74 40 58 29 43 98 36 24 52 0 73 8 11 39 25 73 8 29 22 91 68 97 36 57 2 99 30 30 38 76 47 59 31 20 54 61 54 4 14 78 11 62 18 66 46 14 76 36 74 18 61 64 88 50 13 23 80 82 27 1 68 95 2 34 5 36 69 73 29 73 72 1 81 93 4 64 68 68 90 53 1 39 10 32 66 86 94 9 56 58 96 9 72 33 15 0 71 87 62 36 6 31 34 80 49 45 99 61 26 24 88 77 52 86 34 0 84 87 30 92 62 0 26 59 
61 85 54 48 13 1 67 51 13 16 7 80 88 70 70 74 90 86 49 67 71 61 97 96 52 80 59 87 71 38 1 15 4 99 39 75 64 78 82 41 4 14 89 37 41 84 91 46 31 42 4 92 43 58 35 35 74 44 67 19 70 10 13 96 67 67 9 20 34 46 13 51 33 64 94 62 36 39 36 7 42 28 0 95 35 7 20 61 16 9 31 51 55 47 21 11 77 1 93 96 45 1 66 20 47 82 59 8 41 15 18 14 17 28 42 26 91 35 95 8 72 50 47 92 3 44 59 63 91 61 67 22 61 36 18 9 87 4 39 98 5 96 53 78 7 78 18 38 32 1 37 61 97 27 94 86 33 71 89 77 55 56 67 91 29 77 48 2 88 46 76 1 87 26 56 71 92 59 40 65 57 99 63 7 76 12 46 52 45 19 16 69 83 76 77 38 1 81 42 10 82 8 64 56 92 86 53 55 17 5 67 79 78 20 54 12 19 29 85 18 48 20 80 42 15 94 36 5 45 9 82 29 93 2 85 44 66 18 98 79 49 61 17 55 51 20 69 40 33 86 56 86 96 98 24 96 49 99 38 73 42 15 93 89 78 28 41 20 7 36 20 54 89 60 56 82 45 55 95 76 19 36 87 29 24 49 26 53 52 29 25 0 79 21 35 32 16 62 84 14 19 78 51 78 95 44 9 84 3 81 27 96 39 81 90 66 9 97 36 86 77 38 30 14 24 13 68 98 20 68 24 59 84 90 55 75 21 79 16 64 50 50 30 35 52 10 32 51 5 34 71 70 45 92 4 86 58 49 59 84 24 55 19 1 64 43 71 94 19 3 36 26 89 82 36 50 10 55 71 48 15 48 55 26 1 13 53 97 72 44 9 41 98 49 19 56 66 44 72 71 
31 46 55 24 64 62 17 88 26 37 9 62 15 64 80 73 57 32 67 95 34 49 91 14 70 60 22 83 75 31 2 1 31 47 3 7 35 8 44 22 43 50 7 5 98 0 37 53 11 64 24 75 92 82 11 3 26 10 81 47 18 75 41 5 50 98 69 10 71 1 95 15 29 48 81 60 31 45 96 94 97 43 53 69 71 26 13 99 52 5 3 88 71 44 37 58 21 2 61 66 87 26 16 88 17 58 94 24 94 52 87 53 74 16 73 18 74 61 15 19 28 36 82 17 19 10 10 29 63 17 71 22 75 93 88 17 66 27 68 60 44 3 15 10 31 43 87 70 50 67 31 34 24 70 28 22 24 37 15 42 96 46 46 28 72 20 31 37 64 85 73 77 52 84 55 0 47 72 18 80 58 92 51 41 46 97 42 32 96 61 45 44 0 41 20 76 61 82 0 72 28 75 70 90 30 77 17 84 34 95 76 77 70 80 29 96 21 16 44 15 23 78 28 75 16 39 79 99 2 90 21 40 64 57 71 20 39 96 15 13 64 56 23 64 34 40 93 73 42 15 70 78 0 88 64 64 79 22 96 5 0 90 56 46 51 39 39 99 14 24 99 96 70 80 75 18 79 50 41 11 28 90 80 74 71 88 52 67 54 23 63 73 69 89 2 57 50 81 28 94 71 5 55 65 47 41 70 91 76 83 71 32 59 93 85 91 24 72 66 59 99 26 59 24 8 63 95 23 59 87 76 49 71 51 71 43 51 28 95 38 9 16 21 57 11 20 50 91 24 2 44 77 68 28 50 21 86 16 70 24 33 49 72 18 84 6 9 43 99 82 93 95 7 87 61 89 89 51 59 85 82 4 67 12 9 39 54 65 57 24 5 97 56 35 64 22 61 14 63 36 
38 21 57 0 9 34 36 61 24 50 84 79 86 72 47 13 32 93 44 68 80 55 74 34 77 1 80 64 95 83 67 82 41 51 71 98 99 95 89 60 9 62 81 30 37 96 36 56 75 64 44 13 32 49 26 86 35 84 71 82 92 21 23 71 42 22 3 12 42 8 38 67 66 45 61 29 78 2 85 68 38 14 97 56 95 74 45 25 99 98 43 56 3 68 0 41 7 72 40 3 45 40 33 18 45 44 89 77 1 45 87 74 47 85 5 30 67 98 83 85 99 81 50 75 56 96 9 60 27 48 56 6 92 59 31 4 58 16 13 17 38 44 67 49 92 35 14 7 92 90 32 88 93 79 37 99 92 10 28 21 55 49 13 31 16 32 20 77 75 35 5 62 70 57 54 65 24 71 65 34 53 48 47 46 37 94 0 31 62 12 3 35 38 93 24 58 23 93 32 47 66 91 21 35 89 3 83 16 20 81 14 64 14 37 29 28 9 36 54 48 31 40 87 44 52 75 57 16 36 37 95 43 59 23 68 33 93 98 89 16 55 5 37 24 87 22 42 29 87 71 5 65 37 60 68 73 2 7 63 65 84 64 76 24 76 50 12 28 0 62 43 9 97 31 65 51 57 65 54 3 42 78 39 7 34 74 34 80 18 85 52 80 77 34 48 67 71 10 67 95 65 43 22 24 75 59 47 17 90 64 73 87 7 49 33 73 53 12 81 5 31 21 82 38 38 12 83 79 55 54 2 55 92 25 38 21 79 9 56 41 97 78 38 83 41 27 83 0 71 76 72 52 26 71 66 27 31 20 25 86 5 18 4 31 98 89 39 75 63 81 10 44 99 67 62 15 68 6 36 36 39 61 72 43 89 48 4 37 69 55 22 72 24 50 19 24 6 13 77 27 
75 59 53 25 62 22 61 63 37 93 62 0 57 31 53 29 95 6 47 7 39 41 21 83 40 50 5 41 89 10 71 68 22 76 83 21 65 37 51 29 58 13 15 84 2 45 55 16 52 18 69 43 42 35 76 16 13 66 12 63 61 93 82 19 8 10 14 11 97 67 88 12 41 68 36 26 61 33 18 1 61 9 60 94 88 59 77 61 32 94 6 77 84 4 70 19 65 26 48 80 93 36 95 94 86 15 53 31 34 54 89 71 17 81 1 83 3 71 17 2 44 46 43 48 62 53 31 5 54 5 39 55 97 64 34 87 88 58 46 18 65 69 85 70 12 56 56 38 55 89 55 75 94 87 29 76 45 14 1 96 94 70 95 37 65 39 67 57 71 49 18 9 11 64 90 36 63 68 9 1 86 3 93 43 84 55 26 4 63 61 15 78 69 68 14 34 70 14 95 29 55 89 87 32 71 0 92 27 17 35 31 46 26 28 65 90 84 48 80 85 87 1 15 16 24 57 74 93 87 39 89 50 53 96 95 28 57 97 51 91 50 91 48 93 6 52 76 97 86 4 25 42 70 38 43 44 29 12 77 3 45 99 55 93 8 36 67 41 62 43 95 5 31 18 2 35 43 54 34 28 12 17 14 8 7 44 12 46 55 88 77 95 78 42 67 21 88 55 51 22 17 27 87 33 59 15 26 4 28 20 83 10 48 89 18 23 70 86 37 65 59 27 47 38 0 21 43 88 94 55 78 32 71 31 96 62 58 30 68 75 97 65 39 24 5 78 35 30 48 34 40 2 67 84 14 43 39 78 61 2 49 79 70 70 14 77 58 72 48 23 67 28 98 33 17 41 92 55 39 85 35 91 75 81 98 27 60 27 29 63 73 0 9 22 65 77 84 79 49 1 
82 74 45 21 92 40 6 62 40 3 31 49 42 54 35 85 97 12 83 86 88 55 5 74 22 30 88 68 93 87 12 74 67 43 12 79 50 95 30 70 49 96 31 58 86 89 80 50 39 71 36 15 76 61 79 39 1 62 51 32 99 84 93 10 76 74 97 41 21 76 81 78 44 81 11 87 33 61 78 9 92 57 27 22 31 95 25 68 17 94 53 65 8 50 10 51 75 91 84 17 0 92 23 22 8 26 27 85 94 66 29 82 88 68 80 89 35 32 41 92 3 50 80 2 35 96 48 93 58 3 41 23 23 19 55 93 57 79 26 75 53 69 4 12 52 53 7 69 51 12 60 0 54 70 2 55 5 36 31 29 85 64 91 20 10 98 83 8 67 40 5 90 79 60 44 68 3 44 75 25 84 75 21 68 26 10 12 10 25 81 50 39 3 15 75 4 54 99 9 74 75 53 16 34 15 69 61 10 25 22 1 59 53 29 66 67 71 75 86 56 75 71 71 58 92 77 90 50 30 32 10 88 80 51 63 86 81 22 3 85 27 45 93 47 18 42 37 21 2 83 56 28 19 18 56 51 92 52 81 71 54 31 65 73 74 8 70 31 14 9 86 33 12 95 39 6 19 54 83 83 26 39 37 64 94 62 42 33 40 94 87 86 59 34 56 74 46 53 80 96 89 20 29 87 48 31 19 96 45 1 52 93 12 27 3 44 51 76 1 49 99 2 27 92 47 76 69 94 79 95 58 82 62 81 58 35 96 60 64 12 23 15 0 82 22 16 76 89 87 98 41 66 25 27 8 88 77 25 25 26 86 92 88 64 38 11 31 20 11 76 91 94 61 1 14 39 18 52 65 63 72 1 73 73 74 3 59 87 74 80 16 22 69 86 38 23 92 98 45 47 
9 18 5 24 48 21 56 44 52 69 34 33 28 54 46 86 27 77 92 37 84 43 2 89 66 31 32 82 16 62 99 7 2 42 27 52 79 76 88 0 70 14 66 8 83 59 45 44 91 13 43 29 90 9 15 92 36 1 13 38 14 87 31 53 99 20 4 74 31 31 75 67 50 82 63 7 11 86 88 7 7 91 32 60 61 10 54 54 4 83 43 95 31 25 11 92 67 72 99 59 90 13 21 30 63 87 83 51 66 33 67 97 70 71 30 1 4 74 92 56 89 45 72 96 58 24 48 21 35 2 59 46 90 85 29 65 42 88 99 7 12 34 76 91 76 97 98 1 39 98 1 2 3 74 69 62 68 36 22 32 62 26 57 88 6 77 45 71 46 97 7 80 23 88 13 56 13 97 16 75 2 40 93 19 23 36 53 48 71 73 49 68 32 80 81 73 95 12 43 5 99 38 90 50 21 22 75 18 30 79 16 88 2 61 12 91 48 18 70 91 65 84 77 2 93 48 7 32 88 85 72 46 49 19 50 36 37 70 2 57 6 68 18 71 94 85 9 95 46 48 46 94 18 11 97 61 22 27 30 70 65 86 20 99 9 96 73 30 16 59 98 82 82 34 61 1 46 5 5 99 73 42 63 42 44 35 98 62 54 31 0 30 47 38 71 28 86 9 68 38 77 81 7 89 56 34 3 26 35 7 21 58 18 33 55 54 73 65 77 48 21 57 19 1 68 65 84 48 81 46 31 97 20 32 72 65 58 9 22 1 20 49 14 53 96 95 42 59 77 11 95 52 84 18 40 43 43 55 52 71 89 11 74 26 89 68 79 55 80 73 51 59 33 85 51 23 15 93 2 61 38 47 55 98 62 40 7 19 93 60 76 98 34 89 64 47 9 49 78 94 
72 68 73 67 23 1 95 65 84 3 57 67 18 48 92 65 7 69 48 73 88 69 17 85 68 82 91 56 11 63 58 43 16 73 94 6 45 16 13 63 34 86 25 66 57 17 81 25 96 96 74 86 7 64 82 15 8 40 93 58 76 35 10 17 19 91 4 27 3 14 46 60 57 80 36 45 5 96 31 76 0 28 90 14 42 30 78 25 25 29 63 33 26 83 96 57 18 72 17 55 10 78 66 92 14 79 79 37 92 88 22 67 87 91 48 20 30 84 12 47 91 99 49 64 95 28 14 63 44 79 59 58 24 26 21 85 84 53 93 50 93 61 70 77 86 56 88 41 50 72 65 63 39 44 50 12 67 91 33 54 89 60 14 43 52 5 54 16 15 60 4 27 25 19 94 3 51 79 6 21 30 11 21 56 92 14 52 76 28 54 21 11 42 43 24 91 71 27 87 64 48 35 58 24 19 62 51 8 5 96 13 43 39 14 96 92 6 36 93 65 16 3 54 69 17 76 39 89 43 40 38 86 50 34 20 34 83 22 98 38 89 27 11 35 60 92 14 28 29 22 34 26 47 53 75 89 25 83 41 34 39 21 32 9 17 89 10 29 37 99 65 98 49 40 50 62 53 56 66 15 74 95 19 48 11 51 98 90 71 8 24 29 7 48 61 39 10 19 68 80 14 26 16 51 16 19 39 64 91 16 49 58 44 1 79 27 46 47 5 45 21 11 68 51 76 62 89 80 11 58 82 72 21 29 21 85 58 33 70 88 21 15 91 56 8 63 36 66 99 52 85 21 38 65 47 52 85 8 83 26 71 89 67 96 46 73 82 78 32 60 86 55 39 93 64 62 93 22 92 9 99 78 58 7 10 92 80 55 51 56 44 90 63 41 52 49 90 19 77 63 
93 33 57 28 85 58 36 55 55 32 72 42 49 69 20 51 22 33 10 92 0 15 80 14 93 96 89 3 28 93 80 35 54 33 97 76 76 82 82 4 46 98 20 54 33 1 30 56 53 41 98 4 74 90 67 30 92 15 50 1 16 89 8 8 25 86 15 74 7 37 80 37 79 8 68 80 43 50 21 51 43 86 28 71 93 20 49 26 20 10 59 0 55 29 8 22 12 6 67 7 87 91 44 1 93 30 99 58 56 24 97 87 29 22 32 12 15 4 42 13 66 42 91 55 88 7 38 10 47 83 96 67 99 84 23 5 92 17 51 36 51 63 30 41 6 15 65 24 50 48 97 27 45 85 11 70 71 10 52 24 24 31 72 17 7 48 5 48 73 35 14 35 93 72 92 12 98 15 37 75 85 19 71 97 69 1 3 87 41 62 43 11 65 37 73 30 19 52 77 51 95 34 97 83 20 89 30 25 62 57 74 40 49 49 20 7 11 60 3 52 77 46 75 40 89 77 8 53 56 94 37 61 42 12 64 15 86 83 26 96 9 53 89 35 85 37 40 96 38 20 35 89 67 20 48 70 73 39 97 39 81 8 43 47 99 83 30 8 87 59 62 60 83 35 50 85 45 17 26 97 78 19 74 27 47 99 97 54 24 62 20 47 70 88 64 5 73 10 1 45 29 83 27 82 20 15 76 22 61 84 16 1 56 79 50 38 66 3 28 64 42 0 72 82 44 68 67 18 36 72 63 51 34 89 45 81 89 89 9 17 78 35 12 85 23 3 77 65 15 80 83 99 59 88 3 84 34 6 58 63 21 63 25 89 30 43 75 2 13 65 7 15 47 96 87 56 91 7 60 60 31 47 7 47 32 47 83 68 52 32 80 3 87 26 19 32 27 11 15 44 
49 39 51 3 5 64 85 7 5 95 19 17 92 18 16 57 80 75 1 27 19 73 44 63 90 53 56 28 47 56 99 0 48 19 73 74 59 95 53 90 63 83 29 66 29 38 93 65 84 89 32 56 34 20 31 90 14 20 74 60 53 74 96 85 86 61 92 64 65 50 41 48 0 3 19 15 43 88 96 98 18 21 42 60 9 99 93 89 4 15 59 24 22 61 78 72 3 74 14 12 91 19 67 14 5 35 6 13 84 78 47 9 20 20 9 50 32 33 49 87 99 10 88 22 77 9 56 93 68 44 29 2 82 91 56 43 68 43 20 47 11 85 7 5 90 48 71 15 40 10 61 37 36 30 21 59 82 14 8 67 8 77 86 24 61 55 64 20 36 75 17 46 32 86 8 19 50 51 82 78 76 18 19 83 73 41 38 22 81 32 84 39 15 91 13 39 96 66 23 12 53 23 7 46 28 56 81 43 26 23 82 40 33 14 88 24 72 64 74 65 67 55 69 44 74 92 98 54 0 43 96 52 24 32 81 90 62 66 0 56 34 74 69 45 9 80 68 53 85 67 83 84 3 7 51 43 32 94 9 79 63 72 21 23 48 28 86 63 6 26 3 31 80 31 21 4 55 37 31 81 23 35 3 52 38 44 22 51 97 67 5 98 24 72 0 38 53 53 23 56 12 39 67 27 74 33 76 42 60 1 81 17 62 66 31 13 58 19 9 77 5 58 31 72 92 23 42 97 96 29 12 66 9 41 72 32 15 74 84 54 94 89 29 56 6 42 43 86 2 86 45 85 21 67 51 32 97 76 59 23 60 98 92 69 36 4 34 24 32 89 54 77 4 47 52 51 19 62 74 64 79 30 30 62 73 6 13 56 38 81 30 33 57 46 57 8 82 96 72 69 
48 70 45 22 50 93 70 46 94 1 78 46 51 4 36 89 43 39 56 21 68 81 9 66 28 47 85 71 74 17 8 23 15 85 39 74 69 5 99 44 55 93 25 41 85 91 3 69 85 10 70 85 42 93 46 19 8 52 9 87 88 67 68 3 78 54 2 93 44 61 62 33 80 13 8 64 29 6 75 95 74 79 97 76 68 91 34 12 25 29 81 24 12 78 81 49 79 13 19 42 35 39 85 35 15 89 7 36 7 99 31 18 82 58 34 30 26 88 33 56 40 98 41 57 75 82 79 88 20 78 98 29 78 85 94 83 99 93 85 53 92 49 88 15 42 71 97 90 45 60 38 87 71 23 13 3 88 75 61 9 1 17 31 35 26 70 90 80 33 53 96 18 32 4 66 81 17 58 54 8 64 48 19 30 65 88 40 17 4 54 69 23 77 11 30 48 39 6 73 44 76 41 10 43 85 39 89 78 28 44 28 9 99 26 74 37 99 57 23 0 57 45 41 63 4 58 26 64 23 97 47 87 20 13 52 77 25 36 49 47 25 99 96 25 79 67 12 11 43 10 46 88 89 42 22 24 62 72 40 17 28 51 19 78 81 73 66 48 99 34 41 62 90 13 51 95 11 44 9 53 28 75 13 60 24 71 28 87 28 79 8 18 17 4 3 45 8 9 84 20 4 45 99 51 95 20 74 0 79 60 9 50 14 1 80 68 92 26 6 91 41 61 90 17 98 60 9 3 72 90 89 0 10 42 57 33 42 42 36 59 12 18 27 15 58 10 26 74 75 94 46 38 33 40 30 39 88 91 90 61 9 66 19 0 35 31 19 49 29 77 56 69 53 56 85 84 75 47 80 43 28 98 70 77 65 30 59 47 18 29 29 82 52 7 64 9 43 17 63 35 
48 11 9 97 18 73 33 16 77 5 94 86 84 28 71 90 59 86 62 81 97 43 88 91 24 59 65 23 37 72 32 46 49 43 56 52 40 69 0 63 1 22 36 49 58 71 13 13 66 47 76 23 75 31 21 31 45 24 22 77 5 1 41 30 82 53 77 86 93 44 78 67 50 88 30 88 38 79 28 37 63 7 90 90 18 27 61 7 64 12 82 11 43 38 7 60 90 73 40 54 32 61 98 25 52 10 51 68 28 72 19 15 92 33 83 45 70 93 40 47 24 57 83 47 24 85 18 32 10 47 65 88 54 87 29 28 64 39 97 57 41 66 60 55 88 49 18 54 49 95 26 34 61 34 47 71 3 8 66 65 41 39 23 94 69 47 8 54 5 49 82 2 36 45 89 20 12 55 10 93 57 91 59 44 76 39 15 83 8 41 42 4 75 25 43 50 64 6 73 75 19 55 43 19 82 25 55 34 90 71 96 47 34 79 46 11 96 15 83 56 83 15 12 48 36 65 5 8 39 88 37 52 50 93 0 2 94 86 6 42 41 98 0 4 70 50 1 88 9 20 34 2 49 93 74 90 73 67 73 97 71 89 79 5 67 79 96 84 32 9 25 16 78 50 98 27 99 64 2 94 31 97 2 40 70 73 33 46 65 55 67 84 51 34 81 41 1 45 60 4 32 72 2 15 43 96 17 89 64 44 37 63 43 35 9 98 88 82 61 55 16 38 26 10 76 77 97 92 77 7 73 44 11 21 27 60 75 81 7 1 22 16 92 23 48 72 96 77 61 16 33 13 63 2 76 91 60 44 84 52 50 93 69 24 96 30 61 91 70 35 70 84 40 35 26 95 51 97 23 53 20 99 63 77 33 84 27 82 25 89 98 66 0 51 0 9 91 45 68 75 
57 71 95 62 30 89 98 55 78 14 74 74 10 91 33 55 50 41 12 16 7 34 71 41 71 42 12 99 81 72 16 68 87 50 22 70 16 99 73 70 23 7 12 62 17 16 28 86 67 40 82 60 84 97 66 71 36 8 28 5 61 53 40 19 80 83 15 48 35 15 51 96 2 81 95 84 80 31 4 59 31 64 75 95 82 32 21 8 94 11 63 12 3 27 49 64 45 93 17 45 30 58 68 83 97 82 93 42 8 58 85 94 50 83 49 4 68 90 38 97 5 89 50 43 91 97 19 66 53 58 33 17 30 12 63 37 50 80 35 81 59 50 66 30 93 44 82 48 91 87 26 74 94 4 77 31 22 69 30 46 40 1 83 27 1 58 50 18 97 21 33 88 32 64 45 31 91 79 4 27 10 71 96 26 76 90 15 48 4 46 30 43 66 26 7 12 93 46 3 15 68 71 54 19 43 82 24 54 72 67 63 80 25 26 98 6 63 41 26 73 19 96 7 62 24 89 65 48 98 90 7 71 25 41 84 80 17 58 72 43 20 74 33 56 88 64 46 17 64 24 52 62 69 87 48 58 29 94 4 54 86 68 82 56 56 94 61 73 21 74 64 69 20 75 68 10 24 65 30 24 46 26 30 8 25 19 46 48 62 93 58 90 39 62 15 59 75 40 78 82 3 48 10 93 15 35 14 71 4 73 4 46 73 17 76 79 7 57 29 4 98 22 45 53 84 15 32 30 60 74 15 28 56 59 24 98 78 24 97 74 77 64 64 96 69 80 30 18 16 31 97 21 5 65 6 51 94 2 95 45 82 36 35 42 82 22 24 25 40 39 2 64 37 18 40 42 87 83 84 42 59 38 18 20 47 22 33 99 52 33 1 63 10 86 60 26 32 51 60 10 
29 52 96 92 59 40 63 43 74 42 81 74 25 42 95 12 17 42 37 82 50 83 86 77 70 28 56 89 31 57 24 72 37 88 5 16 88 72 4 48 7 85 86 11 44 4 37 34 2 87 20 31 97 60 54 95 21 54 52 85 85 16 74 59 13 49 67 1 58 88 36 32 57 28 19 25 30 50 88 41 82 6 64 15 8 0 12 88 44 1 92 6 9 40 41 76 36 92 47 21 72 90 35 92 20 68 16 95 3 6 96 18 2 60 42 9 47 11 5 80 89 87 72 16 32 69 88 51 14 54 57 56 14 20 45 15 24 47 69 5 61 30 77 73 33 27 46 66 54 61 13 25 27 17 75 21 24 79 84 3 16 85 1 25 16 44 81 82 58 26 85 53 18 80 18 1 7 1 19 74 82 54 52 92 62 75 75 36 72 10 37 41 37 23 98 57 19 0 96 96 37 50 65 68 97 11 44 58 85 57 63 0 58 59 10 52 91 30 26 15 1 67 86 65 5 15 26 56 75 55 47 83 73 73 25 61 99 79 48 90 90 86 24 49 26 74 11 22 5 28 5 87 21 20 45 98 37 61 75 61 46 9 55 60 7 73 1 46 3 4 91 30 38 30 7 0 39 0 78 85 92 3 76 19 83 6 92 56 47 76 94 56 10 94 83 69 2 4 49 47 65 5 40 9 42 44 72 74 60 38 76 43 65 2 22 87 15 30 80 76 82 58 83 34 18 42 62 42 90 72 44 25 90 36 66 41 8 0 27 98 65 14 5 56 35 88 45 45 62 90 97 90 7 86 29 91 3 49 59 2 96 32 20 52 88 13 40 34 39 18 35 41 43 62 65 9 6 39 35 47 39 56 99 49 92 88 6 66 8 79 11 94 67 84 87 39 54 86 3 21 
28 66 82 79 25 8 64 78 43 50 33 25 78 27 46 30 96 8 40 4 21 92 26 26 87 83 50 70 89 4 3 58 69 32 34 59 19 14 9 62 40 65 35 52 24 98 37 68 40 39 44 92 6 16 48 21 28 95 65 39 43 15 20 56 81 48 16 37 18 7 77 18 88 40 24 39 60 35 69 88 74 55 50 23 76 11 21 99 95 71 39 11 39 31 6 87 76 99 35 15 85 47 20 57 0 19 34 76 54 69 82 74 44 49 77 33 86 2 64 5 51 43 33 61 17 33 48 13 31 15 57 26 64 22 86 88 58 90 87 52 14 60 12 29 22 93 99 61 36 79 95 3 89 59 32 67 94 63 71 15 17 77 28 53 48 91 99 3 33 93 56 37 97 36 39 17 74 76 6 23 71 32 4 16 96 16 66 53 93 35 71 40 31 50 18 78 67 76 46 89 93 16 5 75 34 57 38 96 66 68 43 45 14 83 16 61 20 92 91 48 22 55 44 18 99 12 49 29 3 1 25 54 3 63 46 14 38 47 94 39 86 91 78 52 1 86 94 41 5 16 49 20 98 65 90 5 11 57 93 39 12 16 30 99 50 19 46 40 96 98 91 53 52 79 27 87 77 27 4 53 56 64 67 80 48 7 12 18 14 95 48 84 97 74 62 84 23 86 27 56 8 34 85 59 14 18 94 23 33 60 12 49 72 65 56 45 12 19 20 93 21 52 61 11 2 95 92 20 0 14 95 96 22 43 68 12 12 7 70 15 37 68 59 72 81 57 53 6 43 40 88 93 3 71 31 9 87 63 26 16 91 37 43 5 59 46 68 82 80 62 0 21 6 35 85 23 40 66 42 96 0 74 29 3 60 40 15 9 21 27 74 32 32 69 19 70 90 29 48 69 
52 14 16 41 62 77 2 61 64 30 30 18 59 57 58 66 89 99 17 12 87 1 50 23 21 40 86 15 59 14 77 62 87 45 98 16 12 74 58 34 1 39 11 89 4 57 65 51 13 36 0 97 41 35 0 65 84 64 2 10 59 83 27 5 6 50 53 94 33 74 68 16 24 64 95 61 68 10 36 82 48 23 42 17 56 39 44 27 76 4 1 93 57 54 2 69 56 41 3 62 55 89 21 1 0 89 51 29 90 80 96 6 42 44 45 27 47 95 72 69 46 36 44 80 69 9 49 15 49 46 90 17 81 31 41 45 61 86 63 94 59 35 9 63 4 35 26 97 6 46 42 38 5 19 11 60 88 98 14 26 89 74 11 63 27 44 88 93 95 2 3 31 5 71 7 82 1 48 61 64 6 67 84 7 25 31 65 28 49 0 79 79 45 15 50 74 54 4 58 45 59 75 63 25 70 53 22 19 98 47 6 10 98 36 92 75 39 95 60 22 68 95 65 70 8 46 75 5 1 52 50 28 32 84 54 63 10 7 61 49 53 16 9 23 74 60 39 95 41 52 66 83 37 95 28 58 70 87 41 10 53 30 70 90 23 62 41 14 55 98 65 41 20 20 1 98 74 79 24 47 89 56 40 33 97 76 59 56 16 15 57 58 68 44 20 41 35 55 8 46 51 51 10 54 83 69 35 4 83 65 93 66 67 12 62 60 95 50 24 67 89 80 20 52 88 32 45 10 68 24 27 38 86 24 12 5 80 61 47 85 64 58 88 76 22 8 96 0 60 57 53 19 65 20 8 41 32 32 88 20 14 49 90 10 26 11 55 34 21 6 65 56 90 26 22 30 94 12 57 55 31 73 15 66 13 21 25 44 29 14 35 81 30 91 36 24 17 67 90 36 
2 98 65 9 12 41 79 36 51 45 51 44 24 70 82 50 28 17 93 58 86 80 68 65 31 56 34 9 15 83 43 36 17 80 46 78 94 36 79 57 58 37 0 17 3 20 30 3 70 59 18 50 23 97 44 97 61 73 64 12 86 13 40 77 92 75 58 64 44 45 13 82 6 6 49 71 73 96 2 50 24 78 61 29 69 33 19 29 93 47 98 79 12 12 10 96 6 25 71 18 15 1 39 58 15 50 26 41 53 0 80 6 5 92 2 47 67 88 89 36 94 1 92 98 48 32 84 84 8 53 9 57 6 37 55 22 2 51 14 35 7 1 82 77 89 28 77 59 37 90 18 83 28 74 21 34 31 93 36 62 37 95 18 44 57 83 58 34 74 4 19 7 8 68 61 56 81 34 38 97 43 39 73 57 16 20 83 23 8 43 36 1 93 7 93 45 57 69 84 45 35 20 59 79 43 68 76 65 11 70 24 99 30 95 91 75 44 42 24 44 35 2 26 2 40 57 17 36 5 89 40 64 53 29 47 47 8 32 53 48 41 16 96 78 85 22 48 40 27 92 49 81 52 82 16 53 3 97 59 34 9 73 68 58 21 6 75 20 48 94 22 73 27 28 34 21 73 80 84 45 38 38 46 28 4 68 58 33 33 95 43 63 94 80 10 48 94 11 26 41 14 49 85 63 84 19 2 86 4 61 15 10 79 96 22 14 86 70 34 47 79 68 13 18 22 70 51 49 89 16 70 32 6 28 76 34 24 75 56 9 4 58 56 42 49 98 6 18 34 1 34 22 16 46 60 72 44 31 7 66 85 13 93 86 0 25 67 27 51 5 31 31 37 25 92 78 41 60 15 50 65 74 16 43 80 78 38 68 9 23 34 26 54 74 4 37 17 35 72 6 
