486001 465642 413769 457908 389940 443455 456194 447752 454958 452927 438571 464025 463097 450989 460829 448428 437036 490232 465576 455778 437233 443501 449581 435700 461291 469990 466410 472576 440799 492645 461974 462173 443170 464326 429100 458327 431433 445856 466701 446900 454580 442415 458061 454990 483261 459633 479591 455014 433344 451891 442272 443254 435335 438735 448733 464701 420539 484344 438171 429227 461305 436428 471580 488346 469099 468714 489864 490373 461823 454268 496101 474930 474670 435488 415096 456837 431252 423875 434029 450679 448891 424694 429313 470207 451299 462616 441018 427440 492138 452676 435213 475019 457078 453001 480106 463738 420165 496902 429039 434186 477997 451647 445412 471469 468781 456492 433331 468171 475313 504002 444014 470398 430849 464352 484079 439739 391627 476571 434137 484573 437143 451921 499045 400767 467171 461420 471465 408063 472634 466895 484980 457636 403973 412786 447790 473927 444609 485991 433543 429794 481600 434666 460900 428536 476493 466080 437928 453075 431370 440348 477701 453234 440841 465826 436053 450601 457519 452238 448273 453506 407181 437201 458367 415375 446356 456042 453677 431231 438539 423953 434491 460948 482034 422396 504600 431453 463713 424918 450455 448200 441806 473498 435327 453299 427109 433033 467741 441607 463073 430262 468615 449882 462527 452902 473495 487829 431497 479019 485755 468668 
529006 478364 456578 480559 422102 457521 510480 512904 448155 484910 477625 475240 482393 463009 513073 476313 465368 520393 477593 506290 448244 484526 467400 458544 499602 478305 484227 489616 468431 530648 495001 506570 468640 516083 448837 490202 465431 476951 515545 474867 490598 500837 488297 467031 497420 495381 501523 486495 477720 466364 462159 474273 473942 478714 481515 490445 458842 509218 454158 466610 490505 461916 517519 528227 493021 487632 521023 501500 482724 513487 508258 509503 539056 480276 432712 461758 468323 465360 468189 485141 487181 481116 442017 516473 481305 475093 476362 487808 541759 475218 463667 483001 474314 530552 499759 504279 478198 521173 465729 480441 516535 491076 498181 476292 492951 490554 448541 504466 514537 523122 476921 478086 452989 484353 505184 473191 462869 509678 472518 496739 469346 477224 460005 448205 485835 501012 485398 453201 511702 472046 495245 492612 465101 478684 495970 493113 479875 514375 473445 474553 514503 497348 514002 467826 487545 495101 462229 495884 461113 487887 506365 502349 500378 493681 474819 472683 463794 521738 477647 475840 462022 501212 497710 423372 506607 473098 479080 465226 457759 472421 473968 482253 502577 470175 523576 478113 509266 489964 475512 486825 490233 510991 465379 472897 461035 474312 519439 480993 499715 453997 506279 458580 494811 487879 512595 530895 460027 514944 519879 497838 
551174 487596 461279 474238 441702 475704 489173 515385 465471 490546 473550 516016 486941 489865 492250 489903 464865 520226 492858 520643 491888 486584 483729 504276 515101 482492 498551 501649 478875 556455 511623 493688 470675 520181 483734 494687 478890 485973 500622 490704 505598 503398 510147 499356 516484 480485 530657 516509 484209 466145 490364 479469 490021 470426 491865 485179 464187 525292 463464 470974 499543 477411 512217 542969 502459 507769 514065 507082 491520 522603 521471 527598 518354 493336 456883 497645 471035 467241 476030 493204 500711 465605 470790 503273 474929 484978 480062 471601 545386 515925 477345 492836 486544 513126 528348 502955 478679 538240 510573 477718 535953 519463 485753 499042 513695 502423 465742 514173 511099 545093 480808 500517 457505 493494 543212 469988 452288 507968 476800 510484 498712 483541 487554 454124 507393 501911 502615 456602 534718 510750 540591 524237 499523 490751 501733 519401 497398 521232 481147 484511 487567 487932 517195 487232 531800 522665 493123 522579 450110 503237 507298 515115 513730 525818 471065 477292 487097 519179 518731 480675 467012 494066 519379 444104 508943 498830 491444 475851 492950 468438 497665 479241 508623 486154 544714 519291 498248 469940 488730 470862 514657 513962 495107 482272 463052 488937 521885 479096 509405 469268 490124 489567 493004 486299 523870 539761 461333 510342 515810 519754 
513364 488553 454326 452637 430609 446710 510941 471089 446524 481413 490774 501211 513136 471980 500573 472971 458235 516394 493131 509460 457214 485388 475891 473533 485304 491890 476018 501461 461671 536625 489935 504320 458632 503187 470639 468893 452657 465320 509868 478090 481003 502422 501190 449838 496302 453438 522212 479385 469049 445049 463910 477346 477025 465625 490657 485878 460706 499030 451395 451793 493522 471457 503220 522203 477928 473089 516840 499666 477691 518411 497106 497331 507432 464867 458817 494447 441504 442094 453033 493109 494510 445877 448951 494955 482121 485529 489912 457043 542876 478840 483263 480327 460193 490438 499173 467255 492652 529009 444779 467063 511972 468266 472954 466183 474469 492693 430118 490942 479496 494327 470896 475952 454550 477771 515432 479412 443911 489992 487987 514016 483309 454663 525907 448902 467125 476374 482144 463445 503462 474913 490246 477791 464746 477062 489155 498827 485352 518628 467175 464463 471775 484136 510233 458096 504780 514789 441710 502829 476253 480359 495383 507126 488057 503187 460196 469325 497518 467437 450194 486471 459971 496717 479703 444655 496415 488979 477049 489881 466100 466718 480356 480740 500126 451166 530767 449164 468822 442034 473658 471382 483532 508423 474810 460844 455621 495584 511296 458221 479647 464713 482521 464353 482500 494057 497921 523344 456309 518104 516157 497674 
507321 474655 438557 470762 438783 454442 485666 475053 475891 481366 469089 486893 492266 477304 486830 468482 454905 495141 481336 512432 456079 477432 463316 480486 473629 483356 505497 475640 453485 533204 509407 485314 468060 507694 455221 469792 471246 452862 509929 481213 496312 481664 490429 459871 512533 478064 523021 488480 472011 458805 476509 462911 480531 475430 498723 481551 468177 511137 444920 446026 455781 463948 500742 515237 510950 474024 507449 511255 473971 505545 522124 501475 496283 469256 456079 466649 451265 455857 485960 453443 481810 440269 461326 492990 496453 481625 472154 471565 527330 450289 472861 450756 456310 499818 497330 493287 467357 520095 454006 452952 528601 488110 489489 493900 488399 496011 453492 487820 496742 512449 449952 480365 456958 478300 485537 451740 456355 488853 471587 520019 479424 458439 503194 464225 478000 485245 488898 449494 497366 465743 507111 490916 466842 474443 493959 505023 493117 491268 470931 459999 493533 472679 521096 457070 473075 526166 466827 510507 454570 502638 502244 490614 496538 490432 459118 476526 488615 493495 470951 444573 448976 478538 502419 447334 494787 475165 482346 458885 459671 464068 466731 484901 499377 468116 531345 465000 457883 460623 463289 428876 507922 484032 467730 471991 455518 474831 491307 453396 508169 443306 490709 494277 467452 490751 497846 514763 445151 497770 532075 491049 
518595 502100 446113 438867 461199 460385 475429 449146 461086 476264 471042 487155 486616 463771 496805 467377 450711 496919 512362 514010 466930 492350 473755 475703 494039 495270 493108 482377 464453 530213 513430 496270 445728 501144 447049 479127 459093 494562 502704 481125 504223 472482 478669 472119 488499 470892 532810 506372 462464 464018 481506 443137 463403 461109 481529 480795 434717 518561 461349 443640 475431 466585 505332 541972 481209 481525 524752 498024 465373 505887 531161 496933 487354 466995 475118 485312 473180 435738 442883 477215 465231 451693 435380 487454 475570 470271 469998 455544 529187 494717 475829 493110 478672 494980 505604 482694 472095 515348 458157 455748 511221 502640 472590 487752 485840 502952 452979 501538 505337 515922 483000 470524 428315 484075 516336 471310 444341 512411 468343 504112 471256 470547 500364 462907 483676 498543 495220 448465 522510 453371 505725 484560 480719 484992 488059 484442 499171 517800 457246 461286 513734 475329 488471 477136 508698 527768 446261 472229 475241 476346 507933 498629 506275 499723 475815 481993 474614 488581 502228 480186 465825 494424 486046 427966 483282 489654 478054 462159 456172 438710 475811 465720 493579 475290 497145 461646 479182 454768 481862 467714 497281 514449 461538 467143 449137 481568 490993 467267 506125 436095 497323 482617 474397 493992 473652 529883 475014 506697 498346 506871 
477211 452387 426642 434056 409378 447392 474598 472599 433413 446067 439621 488008 462872 436971 462901 449307 436365 488511 486887 464429 435681 470141 455836 440699 480162 465867 486625 477118 426228 502311 477885 470226 433679 471142 426041 449382 432005 454562 505690 460144 481995 461183 468307 429426 478245 459763 476494 461009 421972 436607 448138 427115 457487 430753 465714 445366 415982 480390 430615 435129 448358 439714 480590 488621 457035 457377 492484 478231 452661 483613 493865 491670 476921 434657 454450 466595 442963 417134 427339 440973 464424 416119 431633 480570 444925 457711 455636 452551 493199 456742 474944 472216 449074 467239 471491 459256 463424 497783 418497 437950 484335 465866 439056 467251 473948 451725 438008 456680 479235 489659 444412 451109 428491 458783 475405 448650 422274 486926 456758 471353 446816 441351 479810 433470 458317 476327 453259 451927 505289 479814 468289 447066 442860 463263 459866 472740 481203 504153 450008 452143 468675 459636 474828 430487 456672 504570 415984 461371 441471 449833 463988 461243 466486 466542 437576 461162 455270 480543 455732 452799 424659 488698 469849 415919 460912 455932 455907 453624 443146 433402 447127 473063 463913 442995 496047 444215 460519 442950 446250 438402 462222 475028 445691 449747 433416 466018 492214 431572 486565 442944 458926 427162 458663 472845 464660 496248 460360 492694 479568 477336 
508883 495225 443285 486918 450526 459499 469998 474095 466436 482866 454675 503400 494016 452939 488066 478973 466250 519351 516621 502804 484635 469504 477542 462690 501719 491639 481534 499359 474282 521018 502852 508748 459621 491372 466546 472938 463143 482051 512011 488547 502256 504416 507954 469870 493723 485827 523396 497558 481436 454246 481421 464577 482520 468903 470139 466287 448622 481931 448199 454984 465917 491092 495875 544641 522988 482576 533556 494590 471364 510008 512313 511754 496431 443543 454245 477707 457785 461983 460610 474932 471307 470033 469911 513332 487986 483808 459114 457213 540015 477592 478886 474120 463930 519844 513886 481131 465890 510655 477302 459542 541323 498094 458754 493062 488360 477330 473328 493377 506292 516392 487144 497022 448618 463232 504604 466339 460500 495365 481578 514972 472540 472794 500939 442733 497880 501531 488207 451553 498440 481507 489194 490675 473192 489789 482234 487243 474913 527631 482063 459406 497211 467737 502394 464565 488422 521847 468483 487441 464151 469789 497210 525841 486296 509794 454447 479908 481130 498528 485063 487605 445142 483352 510055 445449 493838 474274 498231 457063 464395 454869 496799 464293 509377 470770 521058 456656 469689 485333 461430 444893 492387 489025 455372 463534 459352 484084 541217 465132 500197 447767 455797 476726 488368 486169 495199 529299 464068 522236 526447 491486 
581861 541036 478204 493147 473353 518682 534570 510616 520968 532518 509381 547318 541400 533301 549984 518783 500608 541958 563707 544346 505172 529047 515273 532859 537449 537294 557789 545480 504127 566085 550663 548816 501046 541256 463192 515181 514028 499126 541567 531509 535883 535491 538164 513852 554603 529752 539573 525151 520229 503056 514444 521632 534775 511952 528217 531685 519333 542809 510617 501371 516201 511750 529172 570378 572201 509652 561021 552504 511588 550559 555181 575557 546090 486400 511111 521932 505665 496890 506254 494904 511763 492653 508669 538345 536208 527163 498185 504990 579749 522811 504146 523827 517213 548920 531295 528026 514693 552354 528047 496610 570584 534663 537129 531695 563819 540280 518665 524286 576836 577825 510136 542706 489416 533813 539514 500269 478921 546664 519940 556311 524347 529143 551983 487605 556512 554217 547125 479212 584208 536610 550243 537624 514811 532135 535023 536126 556012 555989 513866 519861 533875 508336 554392 502150 560283 558799 511992 538303 522970 518773 532915 544823 549592 538990 495208 516217 534880 523549 537427 516322 487897 548070 540554 498271 540920 535924 536516 497186 493450 494479 521071 512856 552974 517876 583551 498997 515642 492521 533894 491108 541067 547379 523723 491421 484898 538957 573200 503689 544530 504257 531276 531741 513941 511637 555890 566815 520774 586701 579800 547449 
538527 488288 478971 476964 448962 478753 500480 480658 493290 504365 476203 512046 518887 485744 515996 473975 477289 539243 502598 520807 481985 497599 490521 479433 516958 509879 522949 510277 479401 527452 520860 521048 492428 499854 466751 491331 494814 484377 556718 521579 503772 505309 499450 515913 516745 543150 524810 512735 476570 504432 477039 459345 506264 473591 513071 500508 454696 542546 473164 459701 489673 503040 530514 553730 522374 492117 561621 498401 487175 532742 555957 529891 519698 485159 470045 472575 465646 467056 478103 505693 489749 478511 451910 525251 485642 491070 498022 485280 522560 498605 500336 501985 488561 542133 511743 514660 484926 544412 473852 478583 527880 494682 525361 505614 516322 502385 450600 516346 526280 536503 492609 530969 475992 499840 534464 481374 457101 512759 506316 530667 496368 485901 523238 465169 492881 508452 528678 458734 515834 496382 502318 507518 483122 488367 493135 527633 521928 516225 481507 499274 512545 484998 551196 485400 508782 530040 477205 484517 502430 503671 493035 495170 522389 534845 497232 512320 514494 505253 502449 481480 468451 504075 499008 465517 511481 516279 486229 481148 482319 474146 518427 499422 509395 467441 542589 479753 510383 459129 491027 481011 519031 528558 493826 469738 482871 500098 515853 473202 519572 457134 524599 495237 496495 514724 494546 553932 466262 527987 533794 507568 
531051 483757 451316 469662 460431 498071 504021 508828 464583 502615 464516 521355 522608 502660 491685 461477 474480 531639 496165 512977 468618 501948 468096 475654 506017 492721 502891 497766 450548 537599 503226 499250 472010 495418 470958 505889 468681 492578 508452 481918 484628 498028 500796 470541 494569 492107 538512 477198 483982 494571 473009 489036 496014 466312 496749 461894 455157 500681 436980 449835 498955 470884 525011 539675 509820 490956 538253 511045 475330 521740 511851 520623 508465 482931 453637 488782 485044 462467 454336 493376 468511 457862 447681 521785 481406 476452 482256 483775 518309 477849 507412 494296 475276 530535 523360 483314 471368 538021 483999 467142 515225 495120 484938 482764 508363 514614 467594 517044 507696 525200 483619 510111 463966 498666 516253 454716 464685 517212 488727 498996 480526 463333 518245 459241 511852 508114 495310 463627 499860 500812 508481 514760 483974 489114 497739 521878 515359 521016 475428 499647 488353 474943 508269 470908 494703 547682 477409 505247 465103 486911 506237 519481 518790 516120 480599 485629 490929 506399 477781 504596 460505 503540 489666 441920 517113 490751 479172 472039 467862 450030 491301 484084 498454 472109 548497 467384 498136 478912 491949 483728 500890 508140 482016 477017 462614 464777 527283 476966 531312 469631 509159 498638 498996 489908 527457 521893 461833 528680 487605 518898 
514542 464180 439056 446137 423312 433472 483555 460404 427368 470334 442381 483623 498605 457834 485791 445144 453834 499286 465873 474764 436882 478142 472274 438838 470084 470649 481852 483818 432256 489750 477307 476165 449927 501093 451949 463559 447163 462315 500965 443456 477049 491376 478994 456761 492150 457979 458962 477339 471377 438829 456223 450024 484984 445692 464410 429517 461122 503661 430715 441454 477625 481539 483587 500309 484721 464548 488682 470156 446640 489854 492848 499406 476441 450889 435023 448929 423728 457284 438293 463155 471437 440102 446612 497831 449293 422603 460130 467609 516070 479157 478586 462632 435896 467551 479710 481615 433116 508407 467713 444679 492700 454042 479073 456766 482289 475737 468293 487452 482158 507123 456028 487777 431642 472479 485987 436884 466295 515916 480194 501962 462124 449568 465316 450654 479122 498141 492508 429004 485154 466795 488572 472553 446460 450117 451505 498590 495203 499535 440967 443896 467383 438829 493842 441022 464948 504339 458277 464776 451918 459009 470133 488658 480968 480154 442028 443074 482647 485903 461479 441457 426191 478571 483223 429378 493762 490299 464170 465287 438045 444338 444936 470001 479369 437692 499271 466756 436216 447109 467937 440129 490147 512290 450750 462643 436249 470431 506264 461091 481336 440323 488188 427560 466467 475475 487877 508111 462670 512777 490176 501463 
494673 447903 421405 475641 417299 443998 486322 473966 447115 466586 453267 480057 476063 454406 478977 455971 469991 496507 472413 492462 443366 476212 421659 464226 493342 467989 474072 487269 447692 485982 473260 485849 437504 490109 436920 450779 455135 458570 498669 465447 467529 459715 461986 457819 493892 463325 469189 489571 465376 443564 461720 453062 452615 443125 443736 470801 445514 477343 426258 450412 456770 456251 490672 501063 477117 454974 511774 495437 457079 492059 486616 484964 481246 457008 443130 449645 459214 436166 446769 447183 453389 425263 437750 470919 461059 449974 465460 454303 501156 467083 461406 490696 460249 496854 481305 468526 440981 492399 452709 431246 505700 477563 463328 449609 478887 476040 457667 485973 486305 513147 446697 460761 441612 478194 493269 453392 432618 480926 457845 483673 479674 459014 475598 416409 460701 470262 470033 421463 481377 454695 493259 481949 447526 448218 459562 489932 464523 502179 471895 460630 471973 450419 489781 459801 488859 502797 449238 457599 455034 466544 470018 483461 456731 479352 457629 465061 458945 496849 462564 448352 420348 466208 473488 409953 468489 482429 472015 441927 438431 441874 473608 458788 487893 474543 500903 461053 459053 444597 441094 452193 468173 476844 463453 468184 460898 448215 496732 437873 480376 439825 475076 470855 454913 463797 490619 512585 455196 503074 496086 473028 
562362 525914 469727 485044 470405 498917 509608 507304 484321 503000 467551 523176 508393 492043 518472 479308 471817 536226 531000 528352 483384 501404 486903 486980 501782 516170 504992 517095 493780 547131 515100 540824 490273 538499 491891 507053 462746 479206 528939 480123 503749 510138 494983 479788 518504 515885 529448 515588 478951 479872 506576 491945 482980 493497 468460 499941 464296 540496 481931 470470 475697 490949 500922 559303 513746 503623 545425 509429 489141 535022 556609 535868 499163 465495 492306 478351 480995 447499 464980 522270 506917 471653 482834 525211 470612 482385 495009 491584 539164 503266 501902 498371 477822 503850 501916 500603 502482 537952 488210 480446 531828 514335 500674 509872 516441 512068 495980 499224 556173 558146 504672 502960 463433 510479 540294 469285 456741 539261 504141 547128 467102 484555 516223 486054 519098 512323 521838 471131 538131 508621 528551 500415 504954 488034 493403 504656 514509 527981 472240 484341 518563 476912 506678 455598 519613 542695 484485 506496 460047 493121 527474 525267 526291 523405 479218 485928 496380 523826 520031 486976 494039 508804 509235 455010 495120 505566 502038 497852 493071 476643 507900 503519 513141 493133 539428 483950 502740 486523 510431 492929 485483 535453 476975 498142 445361 513908 534838 474432 522864 470094 506260 480105 498824 511565 495248 558432 490175 534453 525754 513089 
503939 491793 460061 461979 458599 475386 503071 509111 458365 476342 464460 526155 511200 481317 509147 465980 454693 528313 514577 504132 462364 481943 483995 476558 486968 501433 497289 502453 448589 525944 497821 513775 484178 504957 456247 494859 477115 517179 511449 476412 499644 515212 496801 461687 524072 485884 518807 516264 467079 482425 473605 460649 471940 454268 484749 484552 468556 531439 452196 454665 502403 483234 495799 533911 486900 500453 525775 510523 481562 507192 521991 514112 508430 458183 454854 469946 460255 463353 447745 481377 501061 444599 475478 503927 480294 484481 476544 456130 516283 490904 490937 498657 468104 503699 533214 493189 480178 531299 477578 482378 520019 495354 473819 494425 498125 497425 464344 484728 496084 533720 467692 502654 464282 479816 506877 451643 467519 519479 511997 514561 468847 475142 501638 459201 478748 512643 478651 465604 508100 497783 535387 502036 461630 476920 502928 510884 501411 527483 450416 494889 509287 486564 501989 467654 507642 531863 464042 488720 482769 507959 493737 492982 519692 518931 473756 472743 493985 499700 460201 478105 464643 506089 490780 461080 504724 498921 476554 482995 466887 481885 492301 489959 496305 482961 508101 472578 479258 477423 455309 468257 499135 520758 475173 486365 445940 488969 511941 487098 514495 465007 480787 466349 494442 529779 485653 549021 465074 508417 522399 493115 
521814 493069 458253 484433 474840 476060 503874 471060 483577 511381 494655 533470 527040 489454 530983 483686 463781 507398 518064 518749 472911 500967 467834 482665 518034 508447 538550 490506 463359 534440 522978 512358 457148 508495 477585 486040 463851 499623 511314 483445 497065 511673 502070 469977 516764 506175 536942 510488 478575 481579 489827 491144 495523 489335 496119 496350 478177 521022 458314 450687 501047 493785 499278 544732 518680 498716 513217 514192 481813 523270 543291 544900 504517 474544 486711 489216 474674 456212 453696 490878 490401 456215 468841 536567 498881 514459 497224 471620 533484 483261 487624 490515 473252 512966 521863 494132 486801 538959 471269 471602 523398 494945 491924 486242 508111 493972 445914 511529 526050 547473 470901 504643 470432 498090 531051 461603 450055 508527 490230 527319 488153 478568 498577 480581 484852 494815 505204 471029 515379 501200 530143 505482 496136 472862 499708 501651 513358 504701 482567 490360 513695 505488 501161 470407 496618 548796 480211 493546 493426 501950 515832 514023 509794 517936 472284 516589 499391 500844 500854 482229 448972 490590 506630 454091 500820 482055 515205 469772 471474 472440 489123 498883 501337 476090 553584 490513 496011 468385 493332 462796 530200 496067 494974 468196 466897 509140 523356 488868 479754 472745 508963 486947 490004 501065 494952 554813 473649 539643 515061 505128 
537076 479013 478631 489306 462814 486259 500613 493972 466814 484673 474555 528092 517163 488962 511207 489899 490081 544489 511324 518835 478493 499277 482307 496353 501533 508557 503224 496468 482635 554378 504961 521139 473312 523493 457117 503218 486728 478612 529776 504615 487127 513570 487338 515921 536351 514076 523116 524899 473978 485180 491709 492411 475880 482482 494035 497267 488872 531193 460729 464931 519638 476705 515902 541683 510843 502758 541758 518663 496726 513885 518249 533256 531142 484667 483104 489827 473282 473427 465461 494170 491381 462378 471541 516279 476634 489679 498974 499213 529376 500825 484315 476408 468050 518337 525702 505955 476064 536594 499277 481994 533192 512486 511124 508081 525194 500338 468936 501742 526867 526220 472056 504136 468862 515451 519585 485567 469748 511449 511110 527142 467981 478602 513536 471572 486524 506767 516156 459149 513313 495728 512286 515343 488401 495169 504592 508911 511535 531162 485828 489038 536289 492688 497397 468797 523841 515003 484000 508889 465672 485311 490835 503272 512622 515370 462870 512318 495330 495984 511188 477391 465671 500234 508407 452590 499291 504152 518386 478814 475333 465044 491145 480429 509933 483161 543911 485015 504003 489793 507597 487884 517797 520327 476714 488025 471597 475768 509557 468261 508896 450213 496980 479599 504291 495113 506276 560784 473183 543688 539619 512428 
507162 474350 428499 442554 459558 455766 477730 488308 448907 481754 460427 483747 505114 481270 495074 468057 457070 505389 514546 494081 454927 477909 456351 458551 481180 487831 484906 500700 458194 504050 504714 489861 450035 508166 461334 454569 457036 483931 515574 489604 479732 473312 479370 456986 493224 483274 504549 499049 445258 458803 484334 471932 458855 454785 482427 465939 452778 514488 462694 443091 489098 451777 491062 536399 482309 456254 521698 495553 464148 517651 512613 529090 494889 447107 465331 457986 435324 448871 446954 473403 477265 448470 419151 504005 461536 476495 461407 475721 519285 465642 485746 478437 473941 494077 459323 462873 462394 515310 459096 441956 506590 476225 465416 490046 476203 489155 451383 480513 494035 524310 465755 468301 446915 485277 507157 450427 439116 504372 477838 502978 485491 479056 508745 450252 467174 498541 500566 455598 507860 491729 485449 493564 473436 485254 489482 488080 511409 507070 458848 457806 499571 455049 510963 462029 519837 505864 442380 465799 456588 504359 497645 489360 496982 510857 465322 480651 460754 511088 467900 476173 434278 483631 471013 436566 482360 492109 457210 478533 458667 466684 464906 475039 494017 465778 501847 466849 473002 447230 456671 488447 482293 490359 484912 478658 452754 495086 507304 466803 486336 482360 494622 478096 440585 490102 473371 533738 470499 487150 509858 505366 
545483 479099 468861 486994 431599 472405 499720 491487 471007 487709 481773 498604 511757 493575 488817 460971 466774 516046 510077 493394 469831 497315 462528 472159 507058 497831 509730 500443 462397 508105 507049 497367 467547 498189 465618 453264 469916 470706 532758 481994 492734 502907 498912 487664 488435 497199 511917 481873 458415 464816 471423 468173 491221 473963 481096 470102 472473 504875 458946 451930 481255 480750 512191 536660 510980 491477 501354 513536 488681 528715 529488 523377 505760 480399 459869 475280 470839 463481 446916 479025 490590 465782 463504 498904 495281 483679 487858 459177 513176 459804 490267 490136 491772 520240 496033 471472 484919 528278 462826 447583 504217 473476 479536 490361 473318 494264 463141 517667 505748 529751 478964 490382 462881 479621 511575 456717 449840 510029 496383 521377 488758 469798 511998 468193 483225 503822 496446 458254 521618 499072 526689 476890 476934 464519 490150 528728 488403 527662 469310 486464 521516 462292 500394 470803 492969 524238 464847 485354 492181 494348 507514 501675 498671 523671 478171 473450 479055 494912 485569 486749 442320 502857 486381 445838 513168 486217 465539 474727 477451 462950 493819 483606 521038 473312 546660 475527 489954 451753 463884 461089 482358 487966 484070 486870 479832 472004 511663 476307 496787 465422 519060 488082 457939 505296 488193 514236 476796 507338 504436 481658 
502660 496503 463791 473918 437821 427451 499300 498598 467660 494640 478505 506086 489554 472188 495686 462556 442929 502446 513145 497339 495716 480905 471629 470008 489484 478074 479110 489171 444761 510843 495709 508321 469000 504297 468616 487564 470504 494561 536136 463635 473163 490380 491183 461310 491399 467968 507525 504684 477804 460532 488722 453814 487483 462265 463395 498605 471031 487372 465554 456803 480266 472215 495718 513793 515215 457100 512128 511207 466818 513804 518983 521359 517202 467815 431529 506562 465664 455568 473263 480230 481719 446891 452386 500263 469616 477486 455425 481498 528529 493658 488853 488963 455736 512745 519076 494652 462698 510378 472414 455159 522962 458133 483700 485470 508610 483647 448493 494897 497071 515195 487734 474966 452013 472484 496814 456233 441962 501435 475548 507402 508800 467530 506872 442714 477411 514469 482714 455463 517394 469174 518678 509916 449026 468794 496028 491290 472875 540400 450645 459052 494647 471869 517747 479427 501478 513160 440300 493588 482891 494062 502411 475066 508188 497215 469624 472397 477267 500035 473698 458011 460528 502298 486750 458656 503096 482932 492058 475531 445874 468482 494351 471351 509750 466837 527721 462135 498564 462798 466241 467787 480295 518548 471256 480800 454050 488311 512371 455030 516866 434720 476141 489660 479118 488214 480875 516862 471082 530888 518872 505595 
504481 461964 424186 447893 427132 458150 454559 465226 440701 491744 455082 499585 474995 456948 463764 470751 449776 504489 467481 515726 464705 459067 440314 438888 461151 485235 489272 486968 450014 489519 489201 495828 450765 502568 446419 471683 457630 460879 509242 494728 475043 477199 459444 453355 481638 492293 492869 468711 464093 453728 450661 453336 443075 452787 462949 472638 437434 502018 437566 457068 459087 464577 496752 511711 476523 457557 494723 465766 459572 481459 506049 482262 465650 445804 444353 466146 474592 432880 445451 473704 469567 440834 445397 484090 468515 481839 457341 452074 531694 467582 473345 473926 444715 493486 502979 463311 451966 522759 471138 469693 500277 499197 460846 485282 482893 500971 441294 499949 490353 501305 464654 468366 454532 473658 484440 460651 448247 491347 493723 493895 462145 442329 498527 456428 480191 498624 463922 453548 493214 480493 492268 462427 478315 465637 455901 490714 482563 481859 451738 462354 478529 458731 506293 465120 496166 499739 449731 464218 469551 487517 487098 485268 475195 496176 454534 473106 480735 495792 465717 480562 434294 460735 496574 415443 471329 483984 462841 454041 471218 444546 467367 496150 480304 443336 523353 448725 461209 449836 466298 443192 488339 499930 460578 450351 448634 466874 507679 453171 500856 440282 478652 466472 446597 469530 477313 509345 471659 492204 509435 496010 
497961 491697 441808 461529 429891 435543 484798 473113 464448 497775 478991 487775 488294 472598 483373 460353 450218 483479 491440 502734 475292 490226 471350 478055 496110 480531 484045 475772 447494 508997 485315 498694 425430 506598 460423 474724 448230 470997 484811 453156 492649 493695 480708 469271 475212 483604 494037 498547 464950 459805 463256 445429 485859 455428 478117 473367 443061 502340 438861 468400 484082 466809 490956 545925 469226 493753 548752 498433 461357 496359 505493 497468 484883 448530 466801 467455 462668 439300 452000 483306 467888 432751 452863 505957 463471 472833 492453 478471 509438 466122 480908 477797 469967 496814 480114 476610 464509 526538 481946 472049 529450 471871 470059 464421 472103 491831 449074 506246 484976 508918 480947 477719 455856 471157 514172 463310 437838 504527 474985 516330 488292 479713 508265 450167 480915 485723 474804 443224 475972 464470 497564 484384 442879 475593 471054 528594 496089 510749 463721 458285 499427 481655 508113 467077 516615 506536 468735 507030 453672 484393 481014 489606 492058 505804 467743 484529 471641 495332 471866 487729 438078 494434 480753 423783 476154 493565 489972 463246 430966 448814 489059 482084 485434 480050 542803 477604 471602 450598 465080 484044 477534 494764 469027 456215 461045 490031 498673 438121 501332 460463 484847 467929 473095 489301 493425 518899 486849 497445 494490 503832 
522792 497579 452926 482871 442301 455730 512131 488053 471635 471119 485971 516246 494136 470824 511482 484123 480410 516458 472158 531376 450746 483490 463250 482698 511772 481078 491705 477619 464699 540924 490506 498772 449050 480933 454931 466480 469814 492336 518695 511112 494403 480334 487694 468693 482402 478069 510896 482801 440567 472845 467841 441958 487839 487732 481082 471497 451075 510046 460522 467977 469504 473732 494149 510881 494546 496059 503234 499354 482124 505008 521256 497634 498268 465872 469469 485174 458505 448209 466217 478590 481372 476484 465930 514232 492245 493682 496720 476682 526093 482848 471449 486665 480925 510748 505280 468242 487950 512196 468225 458948 499070 511819 475715 498292 493212 498147 438656 486185 507967 509261 488350 473676 479334 502809 519566 480172 467400 506265 473915 496292 493637 488608 492358 462132 502283 505633 498121 440042 514745 476346 485392 503502 489347 500762 495142 491790 485994 504335 491139 469613 493407 493634 502595 475651 509376 517387 488371 503870 446019 486231 494592 502788 484077 507525 455724 482904 483216 508409 467576 469550 449947 506863 487473 457020 478551 473300 475036 462502 482015 450006 483473 489379 499514 454542 552087 493943 477402 480548 437488 477244 496635 477678 475654 475334 475514 472522 536563 457654 518093 457292 490407 492132 475177 505707 505891 536122 462224 513337 509964 505323 
559607 513186 469957 474870 440357 461737 490972 508870 495619 504883 484985 506910 514291 519892 506003 504494 473003 542574 515872 522396 469029 478313 466964 473558 503728 497298 521680 513009 493033 545484 516748 536583 487470 515041 483426 486208 486626 503262 509560 493240 497610 532461 504976 480141 515193 511933 542492 504566 477203 490753 487901 483675 506594 471892 494496 497091 462574 536723 471088 474869 524436 498733 520791 553791 515136 489747 539547 526249 490141 548910 534755 514155 520828 479416 473073 498212 480378 470742 464139 523318 508232 467597 474300 516059 507391 497443 509286 485311 535036 513492 487110 481676 485174 520662 512844 509544 487902 525367 490924 494352 523687 515922 501168 495771 518534 497649 475700 526322 539936 539806 491125 503273 464425 505745 524509 467902 463946 530023 510392 520360 479988 496478 516594 485975 514656 522328 513788 460403 537667 503226 528087 495500 500454 500950 497559 516407 521773 513786 474960 490794 490524 487349 514869 477552 541351 520147 495739 524897 493183 498389 527529 519458 501943 527737 499033 503439 489717 526676 507932 490854 485937 510500 503161 465576 492985 514867 496675 498232 486732 491764 511290 505321 519426 481145 558694 486159 495571 472575 477293 482824 508079 542108 491638 478310 480602 498852 521174 478308 519185 475006 506488 472188 474671 524044 513889 570102 485969 520595 536613 518701 
552787 495846 468955 493028 468030 489557 499379 486054 494426 481162 476420 514869 516580 500118 519897 500562 486360 519052 481746 531378 468876 510501 471966 499367 526552 508210 530600 498079 488069 546297 515680 525809 459331 528698 494998 479258 470073 504709 534342 495072 503133 518160 493007 491195 523999 498608 520260 511791 467641 512411 511320 485820 510148 483102 500648 518914 454041 514145 457555 472816 507966 490281 531291 545765 513439 506834 542627 520783 490309 527317 523545 521740 523780 481385 470800 487441 503760 450722 474643 481736 504707 480162 472331 532694 501815 494149 479100 490301 543379 501255 478184 492138 491749 542299 524405 505916 479962 543205 497486 498452 538702 529769 516863 518025 524317 513684 475340 508026 542523 553335 473655 514775 480497 533046 556850 470938 479621 530206 498172 527222 489042 501649 510514 478039 527635 513179 526535 456457 539281 506137 532675 512544 513759 507750 505441 523121 530254 503616 482353 494337 513366 497939 493803 476280 526049 505741 487960 524290 473528 510090 514981 510385 514948 516770 483620 499518 483471 527379 525577 482309 469866 496923 513384 451421 504167 502882 509843 483718 476227 458806 506303 492968 519548 487971 567595 484411 505794 496133 476045 495882 513639 510690 490482 492554 485641 500377 527133 492404 541551 477675 483537 488037 522861 505501 535444 562399 486470 526883 539143 527779 
505957 452738 450824 461721 456060 438745 477175 467652 458024 461393 464331 499988 502987 440452 475905 465525 462903 494451 491390 499135 452923 476709 466863 467329 466973 500818 495968 483049 454259 499697 485274 492714 447046 484299 448677 464691 472548 473060 514857 489351 480445 499435 459769 450450 489120 494413 525043 481779 479906 458669 475841 466748 458193 447403 473994 472392 445923 506568 451194 451730 475477 473367 486899 524078 494400 463341 502194 475482 457497 497001 506279 492886 498499 451338 447131 450087 451660 431200 453579 463843 475861 438324 453447 482421 472991 489132 480791 442592 514329 477401 480836 473480 459539 513031 475239 458391 458376 509807 469005 472993 517562 506856 474512 470111 481510 489264 462665 485725 507751 509322 441916 472646 453419 481588 508126 448848 459102 499916 484004 495390 471586 461216 495077 451638 466137 484236 496192 456777 484188 451112 510312 478728 455431 482645 467751 502832 510845 491640 453477 475262 490547 461252 487072 448359 488132 504070 450148 459492 467253 468412 472336 477084 505150 510591 466524 453839 485730 485191 480566 465495 454732 484910 474709 436621 471280 484673 497391 473835 451940 461046 477037 486348 484921 474157 505123 453727 457632 466985 468659 446654 501703 485980 473885 455079 465493 470293 498231 465190 485816 453443 483471 473720 478618 493709 471335 537323 440069 503583 497085 485026 
505105 471290 442034 432071 425467 447620 450492 454977 443791 473192 450672 475231 487607 448236 479877 466907 455780 488629 473130 483740 457254 439749 449146 443486 447738 473546 476493 500468 421211 496530 476095 484133 436754 499761 423194 458497 459895 463883 502016 475063 488999 478215 462674 463351 485986 461051 502944 486554 457169 445885 449402 432953 451844 430904 474362 461684 445431 504813 436551 431514 501003 452030 471371 514706 472408 471919 475549 479891 452133 475040 515391 482715 462450 437728 434606 451960 460596 422978 460436 472574 453680 425915 430783 487214 447681 464381 431255 444865 500062 441949 463088 443397 433042 475637 484225 458499 432873 498981 466006 436357 484312 486412 463676 447368 480086 475661 425957 500829 487265 516113 467741 477582 449833 474586 493063 464951 441885 493009 468903 481291 468071 440922 475031 426823 482547 469113 501197 436472 489873 473569 496061 457584 427720 442267 471679 492697 477936 487721 464441 443103 480317 445366 497353 456145 486820 492828 452251 476219 468591 468083 467284 471179 491410 486776 473646 485868 454206 490656 478384 458084 440022 464099 476338 420422 475623 469304 476537 444603 438973 422360 465920 486271 477113 439802 497199 461445 486502 416846 465738 437808 491964 470384 466124 459261 444607 448167 486860 459266 458920 438560 504753 461686 473003 463763 455206 527169 444888 470003 488909 500271 
483628 431079 433106 449528 419446 425281 465413 457664 431034 472461 452282 478247 483901 434605 487664 447020 450539 478600 478506 476751 429465 464034 433202 452225 463038 468069 486082 463909 440190 493709 480190 470915 441919 472208 430791 471927 434702 474286 494473 450149 463932 467388 466773 452880 489681 448879 502659 474340 455409 440207 443252 451747 446645 440157 461094 472121 431184 481250 422941 435861 454716 435864 485026 503770 467555 452642 502317 472785 446256 488542 489568 481685 505072 456360 429953 449164 430701 440804 425795 439446 467252 406314 425422 471432 444005 459673 453781 456681 508429 460967 468445 476537 433281 464423 481184 455561 423329 507128 453273 460637 487129 477766 450538 464552 463413 474965 431315 456202 481583 493843 442402 453776 440025 462647 487475 435314 433238 481617 455521 474353 468719 426800 466578 422258 461235 489813 465804 435162 468157 465373 477785 469025 463473 456437 477150 480840 493867 478184 458886 450144 460518 456180 493393 433493 480855 497190 430136 442025 458460 473837 476171 486054 468389 485197 444784 458248 445612 466861 449416 433474 405296 462796 460881 433123 481048 472459 482752 456959 431519 449478 475294 470254 487162 447491 503037 442175 437450 423309 439429 452595 471874 496297 474162 448122 451619 455475 488535 437184 477202 436006 460068 448397 458389 486259 478305 502695 450957 465699 495546 475668 
503522 470815 436948 456353 437417 460548 490004 480077 457155 476744 466794 481606 503629 468665 477012 455060 453608 546103 497181 507189 453080 466961 439221 453868 513029 476510 493123 504604 437309 529497 507686 477983 454340 477378 442205 456744 465488 484601 512903 475887 471259 460745 503631 457982 493325 494297 500217 466325 447170 455194 452656 457997 446660 444943 475590 467434 446354 488402 439540 428715 494925 458254 486792 516726 484596 467167 497624 485053 491397 474560 488257 506902 499938 437842 430991 469112 476124 450207 445875 469413 468008 449948 439365 513781 470364 468422 463840 459278 508025 465668 480477 452269 449783 499235 493794 473865 464941 493567 434782 461162 492879 459991 464844 498056 482919 471945 422790 458445 510660 512532 448548 468681 448264 483868 507150 455856 440745 499772 452816 473662 467034 482228 502517 447993 483468 504443 472869 439001 507388 473395 482188 478208 468446 453478 499314 495859 476339 499872 461214 453360 474051 482524 516579 444857 497769 510380 432964 458899 430212 459856 492009 487825 472125 505484 457771 452324 481582 494242 460123 464474 435523 478746 485759 421240 466052 472918 471615 460660 433309 452709 478799 452162 490025 454476 504396 454594 467078 442152 468004 446922 485825 503345 454674 450207 444009 465328 493254 440949 510246 452433 483337 457238 484415 470865 477659 508868 452026 518944 506836 519649 
526931 480719 440614 463548 459391 456754 498748 482439 462073 493908 486252 496153 490948 497366 508702 480647 457251 505370 490096 526511 447233 481023 463610 458263 509629 482895 508048 488050 447671 517489 506598 508473 482515 478244 465902 475671 482433 481620 520888 485286 492393 482609 464668 484295 507360 484824 522034 499178 468055 440130 460021 481973 480875 453645 487399 500587 480041 495823 448034 453671 467899 476226 498274 517631 497100 477520 525072 483914 476514 511383 548814 529082 495057 480448 463500 491900 466807 437831 476794 470082 489933 470822 468937 521094 480078 479770 481769 475579 530459 477306 484949 480579 468978 517493 508270 494747 482135 523259 464693 458041 498486 475753 465526 490790 494062 506678 454049 511627 526409 505185 484686 479865 452912 474321 512663 469334 440336 493858 483916 517891 496509 469932 487871 455580 502994 487312 478445 447549 515304 475963 498920 492527 480998 474569 489072 499679 498746 498804 442979 469167 501712 488419 523645 456340 501946 514869 477015 512674 464457 495226 484218 481209 516356 505288 471285 486785 476985 505927 469711 489609 445598 494813 485715 434905 478471 492101 494494 455322 482769 477691 465290 491446 489827 469365 556852 480469 477818 453345 491735 455668 479866 492562 479032 480625 464256 484714 519132 450938 503533 456225 498827 484176 470202 487092 501736 521944 480327 497875 510590 492485 
517486 472862 471619 462417 466722 490612 491026 485179 460032 504632 476773 521850 505212 469754 503069 448195 470077 515998 507252 511551 472431 509225 490823 495455 506404 535495 507154 484427 453660 541299 526695 511556 450642 488241 473776 494646 458006 482930 506899 470964 490245 487054 508507 489810 510884 495101 499036 517369 484745 473961 476619 468630 483536 461265 491204 474984 462302 514534 462430 467286 485582 494002 527659 547174 498265 463633 526581 486777 472434 511750 541726 529813 484147 457454 469656 464521 469845 459012 459288 489973 492413 445664 461155 522428 472425 487433 483984 483307 527003 481804 508761 505799 501586 522374 507708 489507 498732 530476 472623 481878 530826 502688 509905 481626 482323 497543 469710 533433 512345 537224 470270 467476 469202 489311 524262 473636 456409 516860 484938 522677 488928 486344 504449 437212 504471 499794 503704 456890 510284 514396 508445 487070 493357 477077 487788 512588 496630 518192 480526 482624 503183 474178 501204 481562 499316 526680 463620 485247 457053 492127 490972 513741 509418 508894 475735 486216 484743 494842 510202 482765 443538 500087 507946 439969 505950 473239 484220 464779 451720 464668 481200 490899 509792 483133 541979 477074 481949 482126 506645 464428 519594 498557 493567 480843 471262 482802 526074 477482 509440 475289 495199 497491 477141 478153 488027 530832 485940 512021 509699 511377 
542959 518876 462253 473759 477688 463841 517720 522467 488018 521883 500890 520027 523975 497690 520481 495741 492434 522000 528446 537312 482019 492534 475332 493800 509296 493154 512174 508365 494023 536433 496096 528749 469618 531204 476686 495587 485773 512325 529084 508338 513117 517551 512906 489091 515819 503293 530589 510310 495942 487638 510304 481278 492380 500940 500725 497245 494166 533907 485826 479347 501150 502306 510386 543370 517027 494858 564684 537573 505571 531882 545677 524817 527987 494840 474214 473917 488718 468831 476552 504639 489258 470324 486920 531172 512251 487069 492824 486729 552029 499263 497969 492363 477136 537405 522253 507697 482451 559332 483935 486370 538188 517463 500448 507175 522253 525922 470733 489883 535304 540392 494676 499651 473343 518567 546552 486170 474894 538875 518408 542880 498578 475869 518465 477669 511331 522283 506164 482577 525074 491944 528543 525498 480353 512123 512273 523304 517883 542974 476678 502717 523654 492056 537943 492319 530834 554891 494808 512928 482506 508042 537725 517746 514083 537220 512805 487934 486159 520545 483686 503820 460780 523885 516136 466337 493728 503246 508928 499651 481251 487122 507451 513209 540853 484179 541041 476060 491466 474926 504245 492632 525469 540575 512516 488743 491564 501150 507817 472258 520990 488775 506060 507141 508122 518764 517386 560448 485607 524584 533167 536081 
546189 479603 477057 471738 441854 466470 505174 487314 475947 511601 469746 494845 496857 481914 472448 477739 474583 517564 482285 540510 450245 462554 488469 491374 489668 495338 496128 491564 463638 528437 528955 523443 470986 509060 469086 480056 481653 475397 513298 497282 480586 501008 489456 477562 507797 489371 513648 493178 476791 487019 466047 497927 458034 471662 480791 504866 461805 512626 454721 451398 488996 479450 512946 528846 501749 489206 518703 504783 480864 503142 521541 519485 498322 471637 455188 470812 456086 449316 470540 493332 494734 459331 470237 500446 496096 489932 488355 482280 533816 486387 487889 479152 470027 522594 505205 474458 464256 512539 482953 474567 517901 509167 507216 484210 499472 510055 461730 498453 514371 519567 491337 477603 452838 487073 529309 481905 428812 507197 494243 530737 482658 473942 495004 454820 495350 508823 495396 464479 536925 480932 523236 511995 478537 484917 491596 519919 483610 501964 460807 471310 480012 473350 518111 474247 519494 525821 472494 495271 470536 517027 508517 490755 506557 517018 475434 465726 492810 501631 496009 468871 478170 467986 477854 451547 505375 492936 507840 481396 478409 452973 499467 507746 512816 473543 554491 461915 488803 459649 477612 479877 493517 515236 478862 474788 453964 502060 520545 476057 516557 462351 512988 470527 485862 507478 503295 525767 485903 529930 524673 476587 
506964 464801 449296 440732 419776 422929 492044 469622 444047 482725 450299 482456 490494 441906 481961 448660 469413 494281 473404 480362 447200 480036 441076 469924 484208 469633 467306 466758 436599 514463 469951 486818 425818 489198 446295 450752 445168 478531 472533 457537 470813 465806 475296 477454 489594 467784 474520 504910 458577 448825 441163 416361 465523 451963 458009 452841 443579 499940 414767 458979 451461 472938 494340 509285 493858 472557 506406 462164 442361 486012 490798 498159 469901 444803 451338 463181 440171 417424 452896 470826 467381 434120 444218 505201 470406 481189 474600 471662 486062 465323 481638 458766 441379 506306 474111 490407 470744 510522 482146 444822 516043 458265 475788 488099 467542 459714 420902 476866 477549 507045 454116 467507 430437 479704 493666 452998 432043 493642 471939 504978 476151 468462 495070 442492 476910 488140 484065 423761 480318 454500 492158 453105 460259 452945 440732 493679 488515 482690 435996 445400 475746 466522 484649 460943 491376 503979 448948 470858 462052 456558 476770 494333 477862 482682 461919 476806 445560 501663 466819 455163 451360 471277 474766 419207 466794 472038 457062 450150 414819 438168 468497 468259 462655 451202 515948 444688 439915 447106 453028 450206 475127 489202 469184 452750 431263 478602 511049 453264 489057 430284 490155 467376 458448 483246 452723 503315 473728 495404 481390 505056 
562219 517975 482905 486754 475885 482643 528631 489714 503056 512339 520388 529512 551926 501462 536600 499033 482552 551300 535362 551969 475892 526008 505520 496500 535996 516789 514177 514342 475716 561720 527336 525672 503563 520949 493731 494019 487005 521315 551540 512501 523663 522253 536830 489623 538987 516190 534508 540298 509455 481044 494377 504728 519727 512911 535487 527155 480194 548625 471590 486248 505760 542001 527891 572782 520525 496024 537520 542118 488128 532782 577389 554695 541976 499776 477007 509778 489278 483698 493457 491084 516399 520213 484733 533027 518076 508930 491707 491708 563607 536480 505964 512292 501709 538018 543691 534294 493715 577367 489869 498156 565770 513173 520177 516349 504760 539602 468608 533872 525250 540283 505434 503851 483253 525139 558848 496987 502522 548808 508632 530205 523749 516681 536226 487970 507429 529935 531630 462638 551904 515182 547126 509095 506840 527529 530662 528409 521691 533753 473931 489956 537723 528345 552926 483439 535112 556327 488812 505326 496439 526410 536384 530813 509119 558586 512653 501334 534493 515078 498987 511909 471629 516913 519330 483646 509977 536078 504452 498737 502401 508022 503547 488944 540450 511137 554560 509076 514851 496986 520504 500363 544624 554968 498471 499205 493318 506223 548433 476812 532356 495041 532666 505407 507984 520774 551707 561696 510719 558577 554741 550395 
548983 524250 465632 502602 454338 502412 535061 515636 492313 521087 498564 533291 539045 498474 510258 513359 480623 525748 549888 521691 493972 530192 481686 496830 529255 512528 530699 535383 485563 545919 549860 541977 498005 507244 475537 499775 498545 498093 547093 517409 515354 528506 535006 503035 528010 521628 560588 526907 492951 503032 490756 495266 521766 487074 510470 509141 503930 557838 460237 490724 502196 500664 550813 571388 538934 507349 551565 514021 516739 533567 560304 545990 528872 484648 493978 495647 497807 470792 499536 505956 498487 468251 495272 531469 514463 524184 512380 498300 560776 512200 501374 503863 512135 545856 533034 512859 515108 571168 491166 482577 554631 528500 528107 504690 515447 511087 481930 548828 542463 554338 502239 498943 493003 505399 550145 504910 478853 537740 508518 536684 495351 524585 539284 474545 508858 526284 538766 466498 533839 508935 542403 511170 516035 504699 508889 537017 523330 537723 465558 486482 549576 487110 509508 485211 526496 551389 502687 510278 525342 544242 509759 553967 550904 556658 484876 513685 515769 532819 503350 514805 479847 505839 512495 472232 529943 532723 519644 468484 515143 516699 492696 513410 529062 504429 567040 478976 498651 490032 495636 498552 501475 536454 512471 479351 497179 509450 541873 510155 524251 488978 518664 528899 491884 520295 510517 549936 526591 530479 537588 526511 
555381 516472 455302 490966 482647 480023 521284 501473 470684 497153 496306 509681 525159 512917 500912 498563 491192 524525 516554 559719 480565 515940 479162 496698 529639 502665 513695 518771 484735 549695 535150 535805 498620 524454 504031 503597 500048 515526 525242 501287 523588 510845 506346 501455 531140 485682 552982 520611 498529 480010 518298 489135 501727 501063 489458 512746 488389 537925 468462 462856 497468 476672 531144 546628 517059 505947 507636 517224 500186 529673 571423 541382 521085 490152 480910 497533 479445 485121 477971 500299 497216 470546 490762 533110 528263 531364 499620 501666 568077 497641 488692 517219 486276 554639 546337 506744 492843 549946 479198 485944 544269 523426 502405 518140 492693 536213 458462 525985 528480 528973 502319 504469 478876 508327 539025 484221 477686 528574 494714 545435 524027 503574 534928 493701 510314 510367 534054 462432 527205 498680 526012 502327 486751 516105 516138 504848 529813 511888 468057 482566 527715 505207 529206 470528 513454 529848 491999 512035 474707 511201 529082 519089 507537 533967 495934 499447 504095 521800 502935 494608 466192 521162 503806 441364 509572 496013 519771 480331 488876 463316 496812 504670 530821 497912 548136 496113 512593 491713 517293 494729 508457 510219 500614 508351 491106 493160 524794 491388 529262 506855 523315 517732 492921 518639 511009 556197 487391 519303 563139 531822 
483698 462207 416597 433660 411974 427455 463780 434194 427978 451493 450331 477340 457902 448093 466444 456064 421102 476534 461768 465115 457024 453686 421444 435609 464786 464257 459564 472590 430120 495155 474083 460542 435870 472895 419271 437745 443781 424036 479702 439834 460844 478520 448989 429872 460756 452523 504332 476837 452852 443741 446397 440828 450942 432196 459659 467859 422511 480507 434273 414677 444848 448095 465796 499014 452828 446289 499996 451080 435865 458243 477646 471130 492436 438646 415864 444466 444401 408689 434099 453460 446474 426249 422739 474621 434884 446530 449778 427755 493837 440181 437971 444680 432120 460544 479606 460139 459101 490032 429173 441877 479621 472389 453026 463995 464731 469376 400241 465623 473794 495696 440411 456544 452231 453641 479847 437923 409860 470188 456265 480913 475264 443247 478455 419520 458259 469733 444056 433253 469409 443689 465397 453866 440955 448186 466778 453665 488411 489084 418039 463414 451255 444302 477905 449437 479232 488809 426999 458968 444131 465752 440904 454070 493866 473694 447947 446962 477713 472529 446733 442801 435005 455461 452897 412643 450718 479554 460782 436177 427361 432456 441218 454179 448959 440584 469803 406515 430135 450747 439880 435477 472775 483930 457807 428930 430490 449044 474514 445290 484968 425010 441832 445043 455510 447316 446545 501741 421806 469330 470671 473202 
486948 471805 457548 477128 434422 439540 500686 474106 472045 486365 472180 498643 498835 455880 501583 454166 469694 545233 498334 509957 449244 483257 453386 464544 471651 476302 477066 490804 450191 517060 518667 504372 448002 483811 447873 477963 461631 465816 512994 483768 505134 477327 476147 482499 498968 486077 525261 487760 460413 451386 453829 472606 464877 464717 450823 436894 464341 509255 428352 465810 478076 479469 484237 493579 501417 484783 493121 493350 461786 501611 536619 518319 494453 467026 458563 465579 446916 459735 459603 473705 465203 437879 467624 517577 469731 480667 481730 459164 489618 464510 490598 453159 467489 493891 513623 478503 467156 524414 459439 459866 524140 485389 476094 488517 466149 487033 460754 497480 498933 500533 459359 482952 485025 493426 511231 476467 450803 505687 479618 502776 464908 450422 521625 430064 478103 476257 515619 437749 482549 479787 496809 478677 468590 480728 479120 501204 464748 526735 453216 471890 509897 458286 495477 443870 495653 519054 442181 481995 449643 470434 482725 493139 487855 490159 445008 474697 487251 498927 477850 479184 444412 478554 494692 437359 471875 471213 481326 459447 440834 456128 479704 471436 487177 489276 514441 454879 458866 463155 473976 468267 506718 486945 474743 471421 470570 468361 498989 450428 499748 462575 490733 484784 478401 482967 483491 528819 468817 499685 477643 504197 
542418 492747 463501 474138 456895 484653 514898 497421 474133 498855 476233 535314 534185 496154 515466 475362 478098 535287 496292 507421 475185 500909 476479 461937 489168 499598 508908 492707 484380 541299 511635 524339 469513 501482 458516 497704 500090 488086 526244 487159 505257 510432 493244 491053 501193 508105 535111 507636 475819 464110 494849 476087 503203 462582 503001 502983 452739 514968 463350 491028 488885 477421 512113 531233 507551 497324 532280 514213 491590 499324 531841 524037 519767 476998 469458 488562 480856 458157 460701 463803 467254 457937 467441 533898 478900 474083 487497 485455 535979 486639 497251 478879 491391 515191 512955 480829 485711 540291 496394 464786 533242 503299 504621 489555 530857 523553 452453 490760 513458 537043 482945 487901 476196 508820 523258 470201 467614 530578 508227 520675 504268 467366 515643 451114 501521 510715 500462 474019 511859 521832 504401 488650 468376 499063 471665 493140 510967 525689 467596 476293 502679 481866 517741 484879 505133 518081 472210 509006 471916 500248 516300 505449 527038 500371 479743 500451 469792 520590 495840 484536 442919 509976 494193 474855 509891 510544 488225 476907 481474 473070 484394 499506 523770 461108 546196 481298 482445 455551 491162 493368 514206 496732 480633 486189 476066 499039 514167 467397 518130 467925 521562 492073 497075 495721 487981 531977 486296 499031 523179 507890 
550644 511326 472069 494468 441233 494443 516869 508623 499741 512143 485080 537213 531162 505613 508207 504672 478985 544704 521859 524596 487521 523787 495275 500058 509531 523476 532048 497699 483830 554515 564057 524141 492249 517624 467043 515891 502608 510978 550868 533678 499440 520242 525856 498233 527406 523941 522731 520302 488122 479451 486822 478935 520717 503948 509617 505044 481981 539884 479890 501305 486498 493311 534173 579419 499606 491758 567716 525947 512613 537694 542266 531614 523348 470424 486134 517394 497919 464075 494447 515070 518281 488188 458615 530451 518361 494698 516493 480914 549987 526286 509890 506347 509596 532054 551151 539225 504000 549054 491964 480156 548744 541149 508606 519033 532235 535896 485161 528050 554374 549900 494729 495721 478286 527440 518069 482110 472858 535679 508020 515632 517384 502028 521164 466120 527166 518448 520517 477127 555835 520715 537345 528218 486145 521430 519588 523026 515313 565114 492754 484885 507225 501698 540590 505804 530564 568516 496556 509324 495051 505169 523545 525917 537062 529527 502048 520010 511052 558886 513628 493806 488846 513472 523149 458805 526610 525527 498459 505140 492759 497444 492500 497891 541165 514637 576255 506430 509858 498696 494198 479332 516439 532281 491547 505238 484973 508975 551269 486459 526922 460546 510890 496531 495940 510045 527804 578656 493248 528476 546435 535397 
505468 469673 428587 446985 415854 467048 467328 455407 423576 458961 474530 478931 481927 466371 484184 447614 442425 497547 459939 478992 454876 470609 435388 438818 466306 480292 499422 462727 444027 515115 464506 494410 437070 487712 435985 445466 456965 453581 465258 466561 477422 481588 495101 469317 496157 474064 470056 481226 445321 451001 455249 436417 468747 440348 468666 490916 462815 490477 441336 441526 473583 460347 480625 494890 499281 474197 513999 480794 462391 501638 508212 507778 491367 432911 439970 452508 445193 411582 432224 456433 461687 417550 451788 478059 477809 483769 468995 453602 504057 446649 446531 478175 445424 497222 483013 487251 472073 519870 461751 445832 490268 468517 467436 468686 470953 471890 425996 494882 501745 488335 445386 471225 437756 490544 493355 449573 425900 461746 469339 493336 452946 443947 466483 436909 468468 491334 479597 435503 496653 459384 485252 465246 443344 445495 481805 471525 498483 489712 453860 458441 466704 440806 486883 448507 494907 496911 447073 456296 469888 440555 486470 493908 476820 465523 454474 452795 471858 494476 449151 477218 447957 482905 463607 404657 457461 473503 478653 460160 434983 441991 452335 460411 482257 457362 521712 451552 455450 433087 458402 430199 501271 486960 457160 451157 430961 467283 485737 464170 464415 435584 478385 471546 443681 488500 483612 516155 449457 485618 502773 470173 
523329 473321 451866 479070 446595 484100 500341 487112 475699 494712 475867 523266 512641 480581 509606 480794 495015 512240 501794 534978 455437 504902 473947 474481 510607 494684 493474 528451 448076 541622 516084 503305 473713 519199 456286 480370 485752 500982 544924 499022 499397 471935 490744 477483 515922 480424 540399 487273 472872 472914 472620 483456 490094 459631 486209 472398 470969 524858 444639 449871 517492 483326 498512 525406 505748 474031 506202 495130 486564 518254 518538 527123 511162 493772 468716 460902 472882 471005 479943 490617 475751 458120 469296 507294 507007 485803 480507 473546 535431 511365 493736 496178 466643 531685 530849 503993 478267 522763 459504 466561 521890 496055 490952 507920 468132 507822 483042 484298 512976 521070 488348 494218 478723 508526 514005 466471 470999 522002 485825 504466 485716 470972 516415 460449 497052 504385 531497 414785 526806 507499 511821 526869 516440 485373 511626 520957 514319 525895 459821 459561 504989 487014 502693 477628 506765 518654 454031 479403 473198 494464 489270 503643 490084 517285 476437 492803 515423 503413 469809 510715 439420 496842 488379 448902 504756 497633 492819 480320 467149 479006 481189 476660 511493 479725 532217 495798 482580 464770 487187 463972 534241 501582 497670 489326 463515 490884 512415 485085 497675 478563 487198 506436 487295 495789 511100 552410 461086 514367 528523 524551 
513071 488927 451944 462728 432164 471925 498425 458166 453391 480007 465680 486134 482559 469779 478438 461464 429265 515210 493886 488589 444816 473030 473873 449302 484615 490057 487145 486346 466297 507289 491798 519115 454881 492243 461991 482505 455585 469874 497924 487639 479342 497882 484925 462351 492414 474621 503936 477489 476225 469683 473092 477321 467251 455164 459011 483064 437591 502955 444993 432981 473276 468524 503039 531697 485287 464961 514487 510183 451247 513102 516368 515354 482368 453242 441940 452565 439122 445532 451699 474695 477313 445173 418202 492399 464432 466013 452927 461972 535175 485834 483079 464983 466790 487053 511022 487127 452392 510229 460563 459685 513800 488554 468233 469225 486079 483206 435583 483317 506376 523619 470594 477919 442430 465158 518075 464283 454267 495274 473989 495725 455829 463197 483039 456680 475511 501313 495487 435030 523890 476303 500204 493387 459875 458890 473999 467431 481068 485722 475754 471010 488422 467148 485672 455425 487948 527865 463243 485649 458966 482570 495837 493578 491286 494773 468975 467241 497796 490415 474169 465937 446637 486765 475302 442099 490150 479381 476624 462751 460077 439824 456632 481238 502712 436384 511241 473875 476113 456200 461298 459325 482709 506006 463772 455589 443703 474957 504032 461167 477397 469830 496335 480767 480225 478438 481595 521200 467953 503438 511075 492750 
540344 498122 458889 501854 457830 472924 507907 515375 470839 508434 471380 526676 530363 492177 502873 495682 473133 536353 536101 533685 495946 501978 474418 487849 510845 512386 509354 515300 459076 548344 529169 519738 481301 521137 473530 480877 487762 495848 510791 496791 499879 508612 513571 485521 522240 505162 533940 517798 491192 487002 491887 510202 461416 471692 493322 505799 498222 519096 471152 455952 500603 492952 509850 546904 516019 500490 555978 540324 501019 516186 546688 522934 495545 465851 476214 477157 481109 472215 456925 488296 478990 453373 471535 530731 527876 501801 510910 470697 563134 490827 503194 499906 472353 546881 530946 484035 483471 542053 506603 461356 540837 523016 510909 515445 505710 501899 445688 517251 525963 548123 471362 481479 497754 513758 530935 501978 447318 533069 491198 522094 487143 507535 505882 480702 502981 521326 507827 469973 547499 503010 526363 511326 500620 490020 490016 516516 525082 538972 491846 469024 509517 487389 522491 461204 520288 545822 474270 510610 464069 504816 524234 516696 512169 532883 483939 495295 501013 545763 490011 473367 485271 494172 500817 456010 490183 496042 515130 490360 462145 463624 493020 497663 516288 497846 553168 466105 482160 482096 481704 485592 539906 510513 501084 487601 496697 486368 526214 488375 526392 485748 505622 516856 488348 520152 488351 560229 475238 542205 539035 502449 
488123 442244 400011 455888 426010 439158 484734 456349 416323 472206 450465 501697 490118 454398 477916 450413 438611 485633 464707 493247 443154 459543 441082 426918 465416 480413 463149 495153 430779 489564 472468 472955 422738 480220 415561 458465 437934 451841 484665 440592 478600 479077 465272 452474 482584 455435 484984 494617 446494 446511 440453 452000 442048 425051 455509 444938 430052 482804 427065 431173 466871 456454 479717 490751 494700 478098 489708 484735 461449 479376 491481 471774 461217 452313 463959 436184 426910 416988 430072 453812 455429 411399 436899 467167 460402 470072 445896 450092 507136 486769 446325 457909 446538 507728 480879 473707 447603 503216 466223 448998 470797 458576 478327 453182 467087 455762 415633 485716 476613 504845 442245 449851 442735 463561 476297 444827 450348 481297 447349 476587 422145 454588 465360 455723 439475 485717 491366 403241 469816 470800 465169 480701 474776 444116 447391 460904 477083 476233 437670 449906 468298 437395 470283 457184 469193 482275 431859 450223 451894 470178 449077 503931 475487 476141 447360 437816 459769 465995 446760 467256 417924 460725 450597 423479 463187 464628 461162 451186 429694 438706 446650 469717 486392 454269 496336 443083 435137 449261 441818 449154 508068 489643 466180 432176 431876 452073 484906 449357 465453 439401 471656 458131 471046 482050 460673 501747 442696 484128 492899 485022 
545785 499653 467377 465870 463691 481128 514065 497574 456516 505298 495870 519710 498935 492038 514624 483137 473204 518682 507999 527704 462256 512359 480013 478089 507697 514575 515787 504972 463039 523594 516100 525655 488421 507007 468567 483744 499022 516290 525268 507610 504338 487710 519822 488369 507943 485614 520337 505703 492130 471978 471356 483538 487657 485450 491972 491032 490082 553573 469586 455991 484802 489519 515661 536555 515805 494474 517191 506793 475516 496858 544392 520972 502452 476464 466883 483021 478286 466558 477745 492413 514221 465501 474807 518766 494460 486846 471873 478047 546394 488029 500299 491847 478729 507233 529507 503342 506795 537816 438128 465579 515440 527731 486192 503935 509087 512745 472664 499140 543744 534556 489292 499241 478350 507607 520694 475439 480271 532063 487801 530833 498589 483011 497609 458964 509280 515077 512124 464626 522790 495683 510970 498476 487763 501716 504384 501097 522629 510304 479783 485659 497481 506321 530523 472485 515263 535183 457635 510802 492010 493127 522098 498571 517588 529499 487041 485847 508561 515021 508690 481947 470330 519310 504506 454069 521579 523015 495279 476744 478527 470405 498973 498698 511606 484756 551708 490085 482901 454409 491891 479226 516094 525345 484916 466286 472931 473073 527444 462382 528140 458991 499723 512453 494209 529047 534457 558623 471570 534264 527302 535570 
499679 463890 440632 460346 419716 435555 495841 442587 450714 444995 458028 461747 463031 454353 487413 453789 470006 502414 482859 479910 421768 456386 423254 455721 481636 472709 498730 472412 454362 516734 475201 481236 437009 462226 424976 464000 453246 450872 493314 458790 471143 473849 478111 457201 458101 469679 490558 475018 468320 440181 431399 440211 453432 446262 452712 463088 451935 486406 424867 441657 461221 446571 487286 497823 478206 470894 496038 461238 442352 480078 479822 494286 467373 438232 441456 458390 449060 446997 446956 449337 454602 430705 448661 468877 453904 466450 447842 457729 518133 467854 428790 462400 431501 494213 457725 466061 438635 489391 455511 434167 502642 476485 466489 470984 450030 478196 421860 485963 491305 496087 456317 471396 435182 462621 500132 466722 437173 474362 457262 478367 481102 451648 449676 444736 478538 480416 483619 421892 470905 453407 485249 467736 457575 462042 470978 484664 480427 482441 468024 446641 470476 454095 490133 453032 495069 498237 455093 463538 439031 457124 484847 463296 446630 490403 455217 463598 460412 474406 471058 445609 423506 483181 467042 440896 483456 478702 452134 437211 442421 419493 453584 440965 491322 427023 515192 463382 479197 434737 432301 434470 482293 480577 457122 450189 466325 461244 490481 442457 476838 445448 482130 454310 460555 474838 482194 496637 452731 489033 470638 486882 
577229 547018 507746 507977 503302 495468 536884 526581 503235 525358 501336 567712 543350 545546 547449 524372 511544 554922 532330 558455 497211 532791 503295 523407 555579 525107 530728 551850 499332 594840 548738 536116 506398 558788 514416 526865 527919 527305 543419 541059 541298 540940 532690 517356 555458 517508 585771 552799 528140 529179 529479 525456 529472 505005 524062 525936 517781 577642 491702 503922 544251 513738 558258 576901 550931 533445 577564 571084 517209 565632 568542 565594 557844 518840 487876 506900 513932 498428 515057 524690 523260 495729 521614 551662 540709 532658 532320 501211 588091 510805 516790 541111 507505 561211 558648 516096 501863 575044 526839 511191 591008 561407 538551 530972 542488 550015 498467 547518 555878 580937 510310 570514 510285 553132 562366 508665 498711 554010 557179 569268 525053 524565 558677 502355 538034 547119 567784 504480 560036 522841 572873 551785 526241 539594 537663 557366 561927 568902 527234 525399 532842 539838 559202 515582 556804 567353 516034 547722 506692 556358 556350 542470 538414 549371 524257 536625 521147 553587 521912 510227 508509 535783 552855 492739 565278 565803 526664 541988 493165 493536 511315 531187 548129 511825 576836 528759 533473 496401 532750 530669 575425 555919 519372 526487 515264 526134 552568 516418 541157 527601 529876 548489 536535 565848 578744 595646 498243 555707 584556 561741 
520247 432396 450367 460221 428868 442181 469512 480229 447372 488525 440738 500278 476164 451958 488505 465743 429818 510184 473735 504023 466324 462596 456852 460076 491482 470596 456317 488264 419485 500968 471644 480127 448729 496116 453763 482749 460794 480833 505393 474441 479899 488094 486149 444053 507209 449996 498173 485307 459636 450986 449768 453078 456180 449575 465691 464187 455145 521652 439041 438273 471691 483627 509605 516200 482849 449505 505486 490959 456781 490060 490327 498582 496358 458252 437393 452147 450583 425449 456536 450364 478659 446524 442318 495468 478716 463025 456577 439581 514457 483534 477982 476904 475855 486411 497901 473192 447460 528137 477123 429180 528475 474993 514365 484529 484078 477753 454558 484642 477239 525406 461832 488274 458418 472029 512558 472612 462028 498486 480909 498450 456680 481029 519648 447621 461519 476146 490357 443101 510622 481030 490227 484595 468601 467026 468631 505380 479840 511058 463599 462010 494545 470104 507160 453459 500654 525026 444948 469121 427681 493114 481213 491406 496172 493358 440197 465412 484152 477162 453104 450019 442179 481114 478757 441109 489809 467357 473561 453299 451876 452238 458051 467423 482363 454836 487857 466182 441142 460328 477727 472971 496756 483095 481850 459321 475381 466132 504833 466567 483877 460966 469416 472106 477068 485868 490184 504880 448865 507348 523050 487872 
465503 434861 385295 411226 408170 393429 412341 436680 394213 431941 424246 419743 449145 412576 449311 414120 399474 441947 444046 446229 414793 424453 414089 415195 413962 449985 415628 458424 406531 462134 452540 433769 415540 450097 409295 413136 422293 422118 456983 415818 433383 423925 434143 407293 425302 449130 452198 431561 419955 415359 437812 414746 431388 417177 425116 428604 410363 460378 390624 404540 435904 425606 448201 459688 459201 417242 458732 453799 420408 450023 468214 440956 457892 414842 386171 421849 406133 398251 416415 407302 437294 408465 389041 429113 425866 438405 405470 402357 470141 422785 415473 425638 426242 441372 434412 437178 412596 455003 415221 395522 465715 449910 412740 432521 443365 417114 407520 456271 457660 470606 412305 409003 398638 431183 447815 417198 388908 456496 420444 446256 408130 413854 445864 407086 426616 435584 454949 403916 441683 429307 448834 424805 415666 410773 436769 437825 446533 464868 423884 420960 453785 407362 466927 408646 456804 462119 404271 421119 416869 432686 447028 441094 424218 451529 416454 427237 452765 449600 430660 417707 395463 422127 436528 395391 445384 448814 424137 414404 410938 395934 407950 422431 450247 423122 464951 405821 422287 390579 404230 401895 433091 454389 427884 413135 410739 433902 444986 416733 412450 407867 439096 429187 400939 428193 429746 449486 417041 442199 458208 439225 
488867 455390 434115 441286 405019 444885 460593 463659 437146 489376 446755 483495 488565 453433 465294 457469 421670 497117 465313 474570 447555 484419 419339 446625 484670 473848 489653 497632 460732 506690 463854 501511 459731 471458 434412 451133 451511 451992 476823 448573 458438 483392 471421 445612 488556 474658 495840 477758 471319 468782 463491 431406 472344 432062 450522 488423 431371 486285 432059 434243 469024 448335 490527 509276 493567 463777 526269 493409 465246 493127 494358 477319 486710 435644 427234 427657 429447 447624 425883 448776 452068 408508 435467 481793 450944 460539 465668 467146 515067 458611 460652 445580 446401 494723 486174 474060 469562 477611 449976 450918 495230 455676 469305 451404 462238 452043 430559 466121 480338 492151 454009 476373 432723 457382 487987 428748 431114 487978 454608 475512 461472 441412 459725 437405 448818 492725 490830 430184 508003 450948 469681 454725 444197 440550 466143 481928 488071 484325 444284 459216 465604 473592 466188 465399 488940 493455 456780 472834 453933 467626 478743 468703 491837 473115 466711 447591 470037 474670 451138 448201 460125 482775 456328 419030 456333 478560 471785 449779 423476 453928 466476 480332 481777 452692 503755 447524 446262 415967 439656 446577 489920 486106 459916 439645 440141 443280 463284 447986 461488 455597 484597 447348 479808 476076 477592 512699 439479 501809 505963 481728 
525773 508269 464806 471824 459946 483997 523099 494298 465551 516967 492166 508579 504237 478078 515469 474427 470820 521613 501108 502904 468537 502414 466261 473774 500915 511150 514707 501675 472538 546543 509930 533729 480546 509770 458145 471109 476812 492377 502451 490433 501621 510079 492946 486129 520159 510990 517510 488921 466370 484690 481715 483370 497161 467027 486657 485340 492402 518240 470878 481132 495863 492215 519247 545683 519253 496116 526165 502390 478851 521764 522282 536175 525359 484772 477472 492440 456701 473289 479221 490997 499624 462727 475251 526061 479601 511685 500205 486740 529100 471468 493612 492028 470941 517467 493468 501854 510187 519491 486015 488497 524931 506749 475637 504422 493481 510108 467816 511100 540045 541030 492811 491731 459018 503847 548954 456418 473197 537015 509949 525447 496274 476637 506621 489851 528580 537423 506911 488069 516122 507536 527763 484284 489615 486232 504725 535598 531690 517641 477338 486686 497112 495008 514374 489690 512935 532960 476314 519298 494232 511187 506800 517690 518200 515124 486748 484250 505191 533893 489533 496641 466472 531656 497382 457212 513259 492359 475441 475342 458772 476489 489827 504302 506171 468641 553796 480377 483218 474115 483453 458483 514737 534002 508853 486810 468927 492411 536282 473750 521175 481093 507013 490569 487167 500564 499047 538051 489401 528579 518543 512492 
578407 533464 511823 546083 515543 524318 546926 546493 515608 535447 509509 570902 563816 545025 532232 530244 501124 568608 548658 582707 523390 547544 534210 513210 537194 542495 558908 546549 516987 564697 542317 564814 524634 585891 530936 522015 541075 541084 588287 556030 546595 538669 542287 519359 538616 548263 570332 540612 514997 518264 540293 511334 535735 516960 526102 536710 524318 572691 505359 505219 527000 540383 542762 607086 542725 530247 579935 593435 510485 562265 592376 562758 543145 524438 507045 515592 525607 501752 503975 533837 531826 498990 500551 570925 528465 533682 520329 513185 583235 553584 544472 552893 529145 545018 562617 551957 515705 596856 525946 517450 563718 565916 540209 550585 576738 537060 482092 550271 590626 564478 515296 556413 514684 541565 557669 525048 492957 574129 554508 575074 548128 521438 562294 508342 529677 540738 543196 515800 567968 537996 550506 554566 529754 526293 548086 559741 558630 574008 529025 519849 558177 537768 567950 516028 555866 572806 508238 548510 511966 551732 558365 533926 563289 554954 520105 523947 552952 565489 539046 503563 500660 528061 568904 502244 516539 547500 546003 520552 509209 509563 537779 536209 559628 515153 567667 523003 547485 515812 551158 508919 558497 548994 532519 508015 493132 530770 561451 510532 565236 516262 536783 548005 565668 574427 544497 612830 497628 591046 569039 555514 
495285 466519 458603 467633 425995 440896 460436 471835 423545 459787 452416 480942 514415 475707 453914 464114 435358 467680 467438 486244 459535 479548 448158 458444 469448 465045 456644 453394 443981 507384 466544 482747 446739 499201 438955 447263 457034 436297 474918 458526 493697 482717 468899 465450 472510 461149 509536 494008 457582 453713 471316 445799 448967 452559 463924 491386 444546 478728 421899 440176 480272 461103 480433 503649 484350 461807 508490 498124 457396 478847 492697 490652 475762 449516 423232 439422 443777 417082 445647 455724 436038 421939 442023 464963 465173 458426 474372 444918 494802 457235 441194 462214 432784 487485 488697 473542 439404 504104 458676 442535 495026 469850 491909 464359 484630 480124 436421 464319 492711 500422 450085 462676 424098 448705 482761 441029 427263 476679 449055 493771 453125 448081 474082 437708 467310 464138 468635 428450 485301 469818 500711 473766 427645 472584 473863 464615 497738 496717 430106 449553 493290 443102 495749 429835 468678 501052 442617 473677 453145 457502 480810 476231 482964 474313 453689 464152 471038 464501 460001 449942 448515 489586 470436 424516 491198 472894 485136 431467 448270 453212 455686 443219 480401 467386 496708 429572 449173 452954 450011 452900 462876 487785 441508 452570 440541 444630 488858 445223 474299 422845 472529 447746 456254 476449 475919 474666 454444 486702 497248 459453 
509084 453008 426164 452043 414804 453933 474251 475464 438588 455380 434880 468071 504886 448824 475874 441296 447097 488912 460344 491110 432919 463569 435446 437585 458182 469966 459786 474263 418917 483509 471451 491625 431858 488484 435931 460969 456118 455493 486654 450448 460551 463358 469353 455247 464703 486476 491453 488129 432376 446276 454644 459599 433292 453036 468790 462263 442221 474036 438191 426397 486335 451154 463282 487091 482792 446368 475000 479518 469461 463537 483184 497493 461484 435741 431410 423774 415816 429005 421429 444568 437328 412591 424913 493727 470280 485975 482398 440595 519357 452994 479048 451683 443955 496348 469788 436921 446145 511243 465999 451738 502296 490212 460389 464854 449150 482868 432849 459423 466285 515246 450798 453933 445155 473297 488706 462279 441053 486794 443148 480821 432016 458653 450927 452491 471121 493360 477701 426734 485740 466375 484069 481701 447928 433404 454620 475056 474805 489614 416981 432935 481707 439713 480501 426022 472531 493488 453577 465078 440424 457157 491503 473602 461123 482851 444364 452730 467205 484744 445527 456366 452488 459151 454042 421734 454978 459021 452799 459928 444761 435527 434441 468887 481009 448094 488967 446932 439623 424919 444797 440004 501165 469270 441306 444560 425729 456826 483740 449302 466402 438131 489873 461809 449339 491561 443495 479515 458125 471490 479618 479558 
508157 478198 460715 468494 441466 443339 529381 488482 455766 476610 458068 484043 497938 473183 505712 472599 456377 515308 504430 526621 459328 486504 470145 471802 493571 494628 507422 478759 457536 497191 492747 495443 476680 510424 472179 475416 467264 491532 522218 475970 499474 491023 481133 494363 499847 490457 518541 498989 474337 482416 495677 476880 484718 474467 476053 494839 460249 520766 451199 453637 474957 468781 517227 530798 493167 481622 518446 518146 470633 505762 510417 506892 518809 469641 443043 460317 463747 451266 480953 487444 472095 448137 454072 496507 484351 501013 476822 464575 521827 473323 470483 484461 475127 515446 509817 483068 464928 512266 467338 450983 517975 511811 494337 488450 495737 515171 461177 501764 511030 529679 469970 488723 464081 491788 518097 467991 456941 507681 486850 528741 475532 457466 511734 440856 467497 493357 504616 427823 501523 492209 499995 494359 463632 484365 501156 505329 503566 530507 469966 467156 494820 484328 506319 463151 513268 501082 482266 494696 451900 494145 498302 476099 506227 487433 474770 479442 498763 498206 483029 461452 459915 490208 496623 441101 470843 510441 498677 473105 457900 464231 482076 490848 507039 475239 531628 474204 472432 465928 463920 480184 492145 502651 472791 479589 491729 492968 504778 472349 510973 469573 484412 485425 473681 517236 497701 533366 469353 507653 505467 506660 
517674 483624 459650 473483 428439 440831 490607 486529 453033 483542 466211 475537 482822 487241 492299 470118 455242 521954 481138 511564 461749 471391 465376 478517 489364 486433 497900 491028 451915 508645 480196 505712 451958 505811 463489 469094 436823 486968 505313 485081 476719 481336 480030 479849 514432 474392 495064 486311 465256 460990 468261 483843 459500 441844 455314 489686 470710 487155 444488 458456 481327 460144 495090 519218 496789 481455 512524 512602 466994 524592 517553 504923 497630 473286 455288 480255 431967 456178 463194 488849 491004 433433 468405 483733 472637 470457 462576 469234 520277 493292 462295 482121 414904 511695 481544 475323 462688 503744 469144 468093 523993 479966 476557 493311 486862 475105 445766 482586 506205 522113 470593 471634 461475 503899 527545 459981 463173 502398 468884 516979 473065 461366 491217 456650 491413 479479 507977 449070 514880 474265 487639 479080 477920 480106 465052 480728 502450 501331 466259 452086 475351 479694 501778 460915 519920 499981 458160 501837 467710 482011 493578 496761 482661 511630 457002 480134 480366 481223 483406 464442 448810 484666 490908 445264 481058 491726 485564 466741 457654 449940 472119 476308 497708 471511 538529 479379 478061 440766 460208 460750 481420 509183 480398 452665 464288 467818 497505 437981 479112 458385 499947 464168 505768 462627 508658 541543 468173 518472 520432 502081 
497661 462747 442114 447280 420834 453947 457606 486608 425787 456313 451926 457517 474075 453621 484807 467982 416966 497409 474682 479593 447319 463796 453036 425584 468776 459115 446883 485515 446934 520152 480341 511118 447520 477063 442363 452552 462761 463298 475806 474475 472412 478763 469252 453057 498726 472781 514889 495835 455234 448468 449005 448244 458463 442356 451146 486309 447271 488575 436105 432507 458594 466538 485116 520852 485192 465767 495389 498694 437147 491828 497839 468620 480134 437441 426364 447724 432133 423605 441711 461472 445218 435683 445690 478726 470936 468518 453851 447015 500961 454664 438066 461175 437300 498486 496198 458659 447712 501074 460697 429754 501328 485329 469908 455096 473095 469715 421174 470706 505517 497986 450420 446336 453106 458022 493664 459384 430303 488595 446488 479628 471486 449906 455104 418542 466014 471243 492184 444889 511150 464299 500184 478753 419087 468663 468388 456158 478461 488915 440144 448190 483977 452392 470462 440007 477094 497764 470244 492490 459861 458054 468763 483630 472422 471948 465786 470269 453191 488667 451620 438747 442850 479316 467412 445390 466086 463593 490020 449235 461146 440342 455660 469875 487506 454355 508420 433063 465358 431825 458807 446770 475167 480669 457291 447881 446379 450188 484058 436862 470174 453564 486205 447834 474870 480636 471835 531663 432567 483997 515356 456753 
538130 511055 471406 480408 455282 495564 524755 512262 479302 524027 499956 525343 519459 519381 512788 490295 487410 534909 506777 545122 479701 533319 503207 487189 510124 509565 504785 528454 469320 545527 522490 542336 474199 522654 465110 494409 482123 514329 538584 505206 507566 503675 532065 496045 510976 521297 527906 507513 486216 479941 483429 474918 495016 498633 505273 522972 474877 517428 467395 474449 511123 489748 520495 555233 514232 515503 547915 513500 494418 527658 536773 530563 494890 480357 511726 491565 506214 457056 490721 527774 506822 463958 486455 538839 506181 510224 500904 489932 541636 500390 509370 501075 481485 517537 500883 515431 494189 558629 481986 475386 539503 508135 504686 505545 500715 527735 450616 510278 531931 550216 483794 505226 495380 528429 532208 483526 479970 539600 502304 530704 505041 487719 544316 467634 526042 515572 516109 465180 549928 511137 511663 508883 481007 480024 503104 537028 517811 540264 503893 480040 515046 503373 517357 472578 535776 552756 489068 527988 497191 491782 529498 535837 514283 499182 493366 507338 500631 525638 503067 512001 476589 531700 510026 465404 503569 507173 492002 498526 475503 470219 522033 483144 534570 472048 564875 486044 492871 455200 495689 482674 534577 509113 503298 479774 476210 488987 527476 473161 523052 489211 519671 514511 493478 527741 519890 551858 478159 537233 514377 531002 
475697 467664 428024 454358 410797 437551 452441 467450 427176 462956 457765 458473 480480 447883 485822 450820 405255 491194 450855 491602 441622 472794 425866 434756 454672 457357 482185 447557 423109 488786 468199 481482 449175 461567 430896 442821 447073 454863 486590 437227 446699 464648 466647 438388 463972 434071 476705 448891 437728 448082 449585 425690 455328 416140 450100 459276 433146 483586 426190 405534 479028 440735 472659 494714 464197 456264 494064 475891 455975 476778 482643 476575 467183 453780 424163 432763 458406 424920 418133 451903 457133 420106 426895 467037 457533 436299 460398 454768 488599 452241 434213 458172 445067 448409 469541 464668 435717 506504 435110 428992 465563 477212 441153 435924 479646 480580 441430 472473 479368 490370 415392 456106 437732 455508 469675 431690 430382 482567 456617 468894 438046 435581 475238 416277 460154 464403 464469 424647 483715 464366 462405 453543 434598 419026 473959 483466 471675 485958 453761 450189 473358 467642 455338 424550 483525 481121 444500 471317 475455 468228 484466 472047 478806 459804 428621 449184 457018 476411 457116 446275 441543 469880 462851 419367 463098 486385 449569 436581 417318 438285 441506 456720 480304 415489 493162 430514 459830 416358 443824 445342 465785 448143 448697 444817 436200 429286 464905 416139 495085 427581 465769 455562 456776 475934 463297 503159 419677 481494 467734 464326 
554436 502409 475016 505283 477352 496602 519208 519536 496575 544534 498179 537200 530679 515013 552993 519181 505036 568405 530788 550506 483826 500860 491672 502515 549171 544990 532862 531220 494299 566463 530162 537340 510634 531899 473241 520673 517097 500184 561914 537058 510010 530050 524099 500882 534141 517257 556911 542124 502798 481354 496160 528422 499445 509516 517093 516832 502104 538092 473011 480607 522228 526773 527177 559175 531792 497604 549465 517847 512353 536076 567841 539137 556956 502807 489139 492614 491844 505129 480848 488362 517277 498533 478981 548261 503879 498175 518908 509887 568964 520394 523421 510812 492408 527064 537592 501556 506155 556612 517696 500278 554055 534526 516971 509392 537917 535097 483270 528572 545573 549101 505378 512782 499781 542760 547281 490980 476752 538767 526585 543415 509950 490671 556806 492707 522881 531476 532489 495385 545346 516278 555135 516977 519296 517504 506362 515449 545868 546471 510894 496030 518093 516374 560364 480765 538396 538946 494914 520175 495505 529985 543559 531733 542693 531706 497129 532380 529207 518991 509353 495231 476392 524535 530498 483934 510095 523558 553387 490907 488323 493554 520047 527415 526852 489238 568285 502813 501209 499552 524239 508495 547797 536295 513781 499895 502616 505930 560473 503054 547647 492707 519484 514248 494405 526204 510949 565578 517706 559673 554894 564234 
530709 485348 434846 457355 445418 461035 493138 483141 442638 497898 476281 492606 489150 468596 493210 462198 449722 520087 498039 501456 451963 498182 448480 458336 500753 482383 495261 497651 444989 521479 516639 490664 475213 480741 464838 480189 461992 479791 517553 474013 466551 496622 503491 455208 495400 475853 512821 485527 464227 485489 486940 465642 464264 446990 480786 498722 436927 529294 426400 448422 477578 476371 504773 537353 500208 474926 498700 495931 458259 486756 512529 518369 509302 456547 460904 460892 478692 444732 446225 459036 491454 449332 446200 502081 483322 476186 470816 436421 531239 476467 490596 504129 474702 501700 511359 476468 472256 534815 474963 446806 514660 487687 479674 491411 461401 489344 425734 505922 484789 519195 459365 465817 446134 478567 505235 456959 420230 490911 460653 512581 492452 472706 499303 453440 474911 500711 501128 451156 514304 495465 501275 469676 471409 474732 479532 494845 500770 498679 465579 459390 488290 499775 498432 469196 511312 523905 436654 484704 459587 518464 511232 498773 477314 507189 463205 468089 476647 495437 446668 453606 458211 484957 487537 431201 479672 491641 473650 454884 464891 469719 438473 470711 504589 463834 520957 459506 466892 450735 481668 471584 482333 479921 475967 442625 454951 494506 503635 455171 506721 467145 480291 492731 468094 510773 484462 516650 476013 493087 510963 515989 
550858 502051 487415 489719 467701 488326 508505 511042 477013 510063 469545 519966 526116 496261 525323 502781 496149 525413 524174 540514 469813 490128 500478 523609 509822 502813 494071 520324 482372 551850 516010 515690 476375 494557 461916 497922 498401 508436 550694 510469 513700 516805 512784 492070 517110 504373 546159 521269 505744 467091 487490 490495 496898 494692 499917 506192 485965 561263 476118 483160 516422 509422 517986 536215 531238 495054 543269 513332 501789 529267 561149 565906 526038 510288 472449 494323 469581 474336 468108 479913 527248 489012 488124 522487 509084 509640 510365 487582 545351 536034 503761 503774 511480 514306 524668 506997 504186 539887 483350 477802 553755 530358 492026 501150 514368 525531 494567 530554 533707 547286 499103 503287 475505 515363 537793 517094 482594 531994 524223 520060 485454 501447 533798 480663 514749 512399 519073 493201 525209 488629 539417 507927 495675 494526 516344 539162 499984 535218 481373 493347 529922 501154 520022 473149 533874 553480 486093 536599 488076 493667 514891 517655 513511 526815 497679 502108 546669 495773 495212 484597 468918 495623 516382 484356 507258 526298 509444 498309 485980 489572 504444 513536 544318 489694 568745 495264 485919 468892 496448 486911 529898 522209 499751 499159 480473 518191 544441 485448 518793 493781 508060 517928 469086 511419 505683 563825 486514 536070 535742 525829 
548383 525810 483955 511412 483756 473321 543472 527194 509323 525088 512146 551079 531394 496576 521224 507427 513970 557056 550014 522611 512717 514022 486050 494747 538112 535304 541187 539275 488975 551813 543805 555154 484115 566582 493234 505402 515704 501098 530780 534595 526497 513965 505961 523118 529976 538350 551402 545832 493031 491731 495138 504887 490806 509730 503568 513680 511508 544141 486295 504646 512206 529478 521813 566693 566966 501242 554781 544333 522182 531020 562692 569253 548597 497441 497328 526033 506262 488350 510369 494364 511863 476902 508639 552268 513321 532864 514144 506682 589396 516857 532098 514476 498560 560760 539514 528351 505063 548638 524264 495813 578889 524807 537249 530286 520674 516685 499005 522256 529779 564427 498567 516900 481364 534075 566065 521881 488720 559896 508689 561720 504979 512964 548640 499810 521070 525685 530173 495565 550086 525634 563500 519020 507213 507253 510206 552704 528662 554812 506192 511862 531383 515445 536073 507089 564954 556005 499007 544603 506457 505772 525766 536327 524905 557914 503802 520997 527610 530971 528733 520877 479059 532232 545829 471318 503531 528873 534080 506893 480415 494976 523381 537432 537657 505593 570938 503936 513962 506226 516124 496845 543377 533262 506529 518845 503711 523136 539725 504092 538459 491290 508222 518528 516847 527230 516781 573149 509292 563750 550274 548283 
517054 513743 498680 485676 462382 488249 497769 496752 438333 497613 491438 499911 534013 503431 510029 479651 463272 517018 494381 523742 495476 498958 480260 493798 513312 509255 500121 512118 474914 535387 504230 516152 471529 528084 478904 495224 496765 499502 524981 510897 527194 535647 508273 491795 513790 479258 560583 521819 487870 480683 506792 470446 461087 464724 505246 525739 477933 514365 453791 470006 504242 502227 503511 558452 520450 509597 539832 534432 486309 517474 548862 521033 507500 499225 471034 501552 477100 441146 477789 513129 501712 469421 482632 516537 494865 488791 488582 465514 539786 495478 491525 487660 472411 518618 515098 463777 503228 537959 496773 484037 535914 511104 496892 499133 522251 517721 447789 519773 535813 534126 495616 480923 472222 491509 521352 490344 454740 517682 511580 521986 505797 472300 529893 456021 500931 489486 503852 481094 526848 503882 537866 503258 457437 477602 495829 504751 502607 520784 485952 476751 508837 491789 533289 490208 518970 537453 462269 512619 488348 518165 536603 515790 532422 522451 505021 493594 484694 505105 491640 487308 461858 501262 512411 458397 512264 518449 509595 491206 469264 480076 509736 508468 514692 490002 548241 500252 497893 449327 474451 488157 504709 514431 494336 491471 451598 495689 521548 484968 514338 483481 515710 510028 507066 483848 494351 552752 488863 499829 529943 513255 
551593 486945 459955 487564 448482 454019 508627 504726 460923 500992 477264 503988 542522 482737 511410 489592 495848 509219 498047 524618 499374 488026 467694 479119 487190 497519 510218 497497 459126 528163 494773 539309 462234 513262 461770 504193 498768 479903 523427 445973 530648 495038 501560 482563 504725 499327 512735 503882 490659 467491 473437 469302 477745 461715 503508 500882 473780 490441 471154 464540 491836 478649 496678 523624 505182 490768 535267 530372 492512 521425 516820 507409 519303 475715 480506 473728 448564 459011 467062 480917 481114 438795 468566 525069 498497 491968 518362 482255 528147 474357 483246 495607 481391 502690 518354 486744 484900 542047 498952 464726 529765 517200 505036 494059 509088 520906 473278 519804 508390 530494 464526 501047 464708 483230 510221 475566 454215 517104 510755 504037 462347 495549 515440 448541 500916 529978 505794 476297 516466 484810 498670 501296 452978 487340 501988 504033 510024 543156 477241 479138 506004 481345 535068 459928 504758 520053 464803 481537 471285 482244 484654 516653 514749 500181 465785 484968 490677 513732 482790 488547 470186 497141 484487 433660 476639 516723 505897 488481 453682 490392 482670 499732 524778 489499 532547 452142 470250 453805 467026 473775 501051 517980 480433 492398 485229 495138 513496 465958 507628 473427 506096 480245 485336 520331 476953 516092 491206 503585 524724 503380 
562443 511349 483316 480365 478592 462221 523200 514908 479969 504874 488785 520927 525157 499857 511623 529130 488372 532488 514244 536775 455139 510726 459015 493447 489861 486350 498086 533158 481963 547964 516950 536098 488510 519360 476153 506208 504808 518871 541084 508570 511340 528185 514807 498397 541895 503658 511681 514262 483283 499230 490077 465371 489510 481607 513601 488697 495854 555291 467632 477265 522685 498948 523476 557306 535790 498455 523804 508808 488542 517750 540278 523871 499617 499818 469242 498758 491517 485360 469241 479577 502463 465853 488366 522523 500051 496165 486462 516734 555951 506040 500066 490860 485054 524135 522484 493122 483343 537399 502045 487412 539884 502504 493578 494031 506287 502200 463765 500789 542103 549630 496430 491002 464674 495933 531136 472799 487392 543179 501826 526835 512846 498940 516760 469919 512282 532976 527132 464586 526498 501276 522443 519999 503380 514901 513462 509609 522795 519032 495097 498552 514786 482123 515894 481616 532783 536007 463865 506613 475116 524829 508987 521677 534034 521260 497959 500232 489815 521530 496672 482458 477813 510524 516412 468000 539130 530876 510789 490828 472467 482289 499274 492573 542038 491179 527776 497351 484167 480481 482136 475247 513696 535076 482059 507485 485440 488238 529063 499335 531473 479275 519417 492595 488340 531133 527209 559604 492950 536315 549117 552247 
520451 494806 459309 460122 446486 458528 490659 492717 457207 481786 479190 492966 494273 493559 461769 458185 468549 490952 490929 504775 467863 485063 451561 470235 482161 476693 476099 486270 429757 514691 508335 499844 453598 497004 461844 493301 438739 477491 523393 466149 495685 500193 480564 429881 497080 499407 496654 485385 478570 467421 477316 469854 477727 458883 488147 489274 457112 516398 447987 450010 486941 464675 503330 510302 490731 462687 514175 491569 474299 503400 518772 511702 507516 463765 466312 486735 461564 448316 467094 484675 480683 433031 440161 496610 468792 479404 498337 487746 502679 471762 477745 482278 473831 503511 484610 495863 472313 524133 452170 459030 511308 484938 491510 487338 497892 481090 470356 498535 490085 513446 460233 484324 451610 484733 494935 468388 451396 515613 484482 477969 479574 479111 485752 470869 474371 496815 483097 444150 516067 491040 517082 512781 477185 464187 496345 505181 500178 505544 464679 490372 510733 467033 494698 443189 502571 512850 468246 489984 452021 484658 494910 499383 502895 500751 448292 464765 493243 484104 474783 451349 441280 477739 475731 423843 482026 485478 496794 471388 461299 454047 466738 488587 487888 457457 514778 465765 472750 474849 489966 444341 471459 504515 464468 466840 434427 467382 485777 467066 500497 479506 490362 469561 482226 471341 504559 520175 474504 524612 513720 488422 
514227 491626 466016 474973 450322 463447 495947 468171 464958 478810 463065 501597 505176 486425 510114 499794 450334 523481 492543 516843 479019 493490 462556 480795 503130 503408 518909 515646 470737 527269 487755 505640 465605 513417 479167 484178 480257 487872 516947 495384 501567 506313 497135 476712 507799 493027 515939 519338 477240 468329 470607 477861 484269 482897 481279 496196 472018 513764 463561 453579 489673 492099 497905 543571 503023 494413 541321 515491 469292 491926 524914 509769 505265 460141 462264 469902 480009 454795 459299 481304 496426 459930 458428 525566 472492 483922 479549 486236 518590 498629 499353 475078 472785 512695 513003 495681 466293 517088 486013 466039 519926 493365 472278 504045 506095 490206 472671 505582 516919 535161 489508 474424 468270 505846 531165 464868 452410 501356 488747 513862 486014 474705 503004 455692 501912 501524 491775 434553 529801 497689 512912 478816 488054 468126 495351 506181 517673 550631 473638 486003 506272 481748 494712 466491 527473 517820 468342 506853 477002 499319 517102 488724 499045 492985 482152 495012 484035 518136 495975 486232 462491 488599 502034 452446 480546 516697 496073 459313 465682 449440 472849 497353 491417 485709 543197 492026 494233 462308 470003 458823 494720 512096 499938 473034 452343 485106 513629 472706 497088 459345 498381 466759 500103 504622 516789 541767 482529 504630 509405 514762 
512539 463186 462807 481018 442481 457286 481904 481340 462691 473859 459825 488277 477230 457857 497508 471431 432065 498035 471112 513862 446175 501825 462431 450372 465040 462325 493808 477846 456022 530032 498652 506682 459430 470023 460503 475893 463727 465307 507572 491178 497082 498083 494277 458729 500689 469001 485448 472574 461092 470461 467984 459517 479223 463693 459277 489782 476543 492191 460933 454481 450483 477278 482024 515570 508145 478211 512859 480033 464010 507840 508849 508952 469242 484945 447341 461008 465819 449403 451436 456762 468170 454340 467507 496657 484297 458480 457247 474781 511740 474052 462622 465312 468415 500451 507313 492073 457168 512010 474678 457721 517926 483091 471554 480692 498987 490954 460949 481229 500857 518950 469285 471989 469719 469106 512021 458422 457670 506746 474758 504385 480941 448002 512226 443759 486054 484268 488820 445647 500783 473118 487230 504485 470512 481542 480215 492669 496877 522353 458650 495883 495246 472013 511114 436813 514343 504375 451172 486558 443022 501684 489857 472278 498945 475432 460797 469027 485212 489969 465614 447126 432688 478290 502259 443813 476772 505774 497554 472570 438413 472215 492610 460677 508706 464924 516962 445328 458743 456918 481882 444399 482847 506008 464298 440047 474913 456951 499717 452562 518504 449895 469732 453472 483838 491072 508143 510764 460358 530699 493721 488836 
526882 490200 471367 468175 448589 471176 515771 529851 461769 507364 479939 494858 513177 485864 515505 478405 454956 523709 504883 510751 464942 515292 493321 488872 508612 482907 478238 511184 463875 521220 485058 527228 470487 517826 463010 492663 487149 499030 539219 513619 501245 477722 498129 481428 507560 497885 530166 495237 469425 476266 472602 454655 498636 468266 476656 492071 469315 508970 465755 494999 495307 495658 513428 543833 516109 474720 534431 488141 471949 534794 515133 512496 533842 471019 462873 495242 483273 453680 497250 492405 487396 470243 460667 522898 499702 488195 515127 489180 541820 492300 504021 497557 488932 501373 499594 499509 464354 529994 468681 486041 540342 502974 499357 475299 511775 504210 461896 498360 534456 516115 489564 505636 480407 495280 532347 477539 466642 528662 506881 494673 500047 487072 517533 461571 490198 508196 509865 445827 535365 489642 536110 506232 489013 469382 488964 519751 513088 534641 487208 485433 520619 491365 510223 485253 542762 523480 477332 488734 497493 481560 526719 504428 512751 501047 487502 493253 506813 524011 510939 488325 468314 510953 513907 464940 499402 512587 491990 500729 476916 451755 506956 510079 512012 490089 531452 480019 489952 446748 477331 481329 520876 523852 460371 485729 484346 487364 509775 502169 504952 475636 481427 481196 503547 516434 499197 540706 474374 525660 524552 522897 
486227 475124 462732 463929 423426 428018 479260 464635 436019 460774 462025 482884 492871 460770 488744 449452 449067 486754 479847 480876 444713 473666 443793 463187 483840 486459 490132 452010 431157 512973 473911 478505 440182 494702 431719 445033 436998 469213 511222 457971 466794 477984 469225 449250 484275 468315 484515 492219 432838 442761 465683 440974 467900 432274 478895 474790 449250 479726 431331 444901 453748 450090 479092 502190 482538 465041 484136 480822 447968 504594 501623 498518 466463 467415 448052 457153 424884 437691 455621 452437 467753 423414 436579 472454 454033 461336 466760 445892 506429 462986 474147 480452 424169 490307 476181 472320 453446 517145 468288 457108 492620 462526 486417 473436 462059 461619 424105 469122 497368 503101 451269 470096 441337 480704 482832 447420 443995 485867 456879 488658 484717 456587 476325 453122 454571 468272 486599 425657 475628 470582 481444 491466 450581 455570 466657 490841 495032 502481 462925 455669 473957 462810 494256 447127 488461 488802 423646 478302 443003 498160 473316 470295 470082 483118 447153 476131 465754 493150 460225 447325 428036 491839 468724 433592 486923 481372 458464 477706 417196 444921 472053 443187 474024 440434 495378 464231 477337 419637 448580 443233 483504 465313 453943 456333 452743 468123 474444 438686 466444 432106 470072 452930 479478 465779 464211 506909 446723 479794 517450 486423 
539543 510387 456056 478173 441673 484146 507241 502953 440569 478560 486583 490453 496911 460110 494610 491000 454153 520515 505971 521723 472308 488426 479870 477726 501078 489362 499881 494066 484890 537892 485397 519073 461860 505120 452621 486888 494496 483600 529189 501292 498145 505324 520871 480005 510703 472315 519708 502347 485934 458066 466038 490267 470811 480478 488710 506227 488934 517277 456629 451013 484660 480330 486218 541056 505296 489941 509690 502477 470365 507227 511102 526714 494510 451165 472307 477643 454146 472213 466933 495932 494295 468575 468978 495034 496247 507720 470131 481276 550768 497834 455025 476738 464116 532012 507999 475804 489601 531587 487850 455559 524709 507933 482371 503642 501114 512456 450132 489310 518851 515042 480494 500990 456509 498256 520241 478464 463441 494472 474908 509292 490497 462002 501591 435955 488900 500869 508457 443845 521155 465565 499813 479148 462905 488069 506808 500311 495833 510561 472879 452164 501616 486388 534232 459793 503430 509286 467691 500235 478252 482516 500373 488431 512477 511214 484925 488698 504931 507167 480183 465918 446817 486388 497758 448000 482929 506015 508289 492718 470063 468597 500337 471415 514875 483906 542748 481778 491747 452574 481896 454932 488156 504387 463687 464803 478269 499661 514631 454984 500149 473342 499810 477849 481437 498355 485304 535104 470254 515317 521836 521645 
510787 481655 436049 474614 450501 475704 491231 476184 459459 506855 475246 508638 492971 481932 493079 478074 468288 529718 497798 512494 496126 495925 469742 478682 495975 511744 482689 510717 455188 536852 532891 492946 470417 500281 461666 484005 476274 483671 546742 494173 485098 484319 487575 486981 519715 495037 524475 523376 475848 465542 458417 457752 495055 445052 480589 485136 477075 523219 447149 470165 471674 488568 520022 533471 509377 491703 536416 488779 490991 505428 538655 523184 495230 471696 459866 472477 474234 457233 485569 484684 490632 462808 473934 521679 491352 474771 470044 446540 524308 487799 499286 502955 487879 513733 517101 503379 479526 539650 509949 484252 505841 500449 489934 495429 493266 490710 461174 503601 513664 536889 483867 489189 451542 506401 527220 474583 459109 504108 480648 515831 473465 490337 514738 465013 481567 518269 513790 439830 514171 513502 522005 515565 484638 480796 496862 518646 487902 514684 465877 458159 501896 474334 521064 472866 502929 522716 468560 480364 482529 489368 513563 503244 511839 514116 494205 490374 505243 531604 485942 493025 453043 493152 516026 442566 496132 510987 483336 470908 490849 484898 481565 481682 495830 496732 535904 477907 478433 466879 478393 472440 504730 495126 479783 477624 431964 481538 525410 475158 520401 449869 485901 505485 482612 504537 509645 530346 478034 502029 521254 516340 
477658 466971 430866 436283 422106 438270 458687 480969 431725 478840 439959 461208 504257 470964 484535 442129 442818 485947 488549 499689 434393 469606 468410 446578 475344 477280 479841 489358 449812 494966 492419 474081 439113 489182 452002 446806 435142 489884 458697 456892 462426 486552 481575 443780 482688 460334 484330 499769 436613 463885 459314 455047 464414 444973 479976 462518 440929 493878 452572 434133 472923 440335 479828 515995 460346 489447 502450 489697 468663 495156 513679 477492 472472 442604 456792 467332 441396 436607 448067 476573 500892 414739 430838 501088 445707 466968 465782 435473 491882 464456 466201 458222 434795 498293 492520 464767 447404 527444 437187 436644 483888 474635 460422 459474 483922 474341 426853 489236 481301 511663 439490 469651 445310 468191 498604 446465 447052 499088 457256 499636 468922 436009 480190 433821 467453 473065 481219 449641 481232 476358 484858 447675 449418 453834 444643 501586 471180 516241 443785 455542 480874 473728 497728 450388 494434 496991 456259 488814 465132 499730 500002 487698 488916 485959 452392 456813 463666 474842 462966 481555 459564 468501 488739 417232 469413 457803 438925 459745 432980 437727 462533 469452 479445 455242 511521 469029 464684 414299 460354 461840 483051 475257 478569 449182 440399 480071 493776 445161 485903 439980 470745 459599 472677 476108 491449 521952 446514 482910 475619 501310 
550165 516601 471284 473091 461458 462947 515276 515198 467480 508668 493057 551612 514310 491245 518005 495694 486506 524882 499082 517247 487015 494067 471846 525403 511116 519535 510083 495737 475060 540405 497779 521343 475553 540318 473057 506634 482910 502527 532575 502934 516428 515921 500051 497190 524425 503601 535648 517698 484798 459570 472248 469014 496882 488178 506021 497273 481485 544744 468494 484254 483726 494953 516471 565627 516799 496739 523511 520372 490928 509361 550810 539058 531574 501662 474239 489080 479139 473122 496995 494765 527756 475877 487225 524894 489745 487082 483768 488001 538228 497949 482975 513856 483186 505782 525430 494869 474801 553844 505226 484275 541548 525801 509945 504459 525485 503672 476126 535376 511955 532892 492563 508738 466107 503698 552823 470710 477167 517723 520162 543221 492537 505301 507604 477165 509891 503066 504824 490098 541535 490121 539864 500665 488854 511864 504066 528584 530707 522273 486993 500887 520469 479391 524394 477848 519571 548603 473956 493096 477977 506656 511086 516163 533526 526478 478128 495271 517672 521933 500681 483955 460312 511405 508091 472497 506732 504640 481139 472808 498134 494456 499862 497086 501767 497801 545632 510077 515677 479437 475163 493019 511487 545795 498340 491627 479940 503743 531031 470894 506291 468063 495818 507402 496649 519985 522241 542072 489991 521661 517340 523856 
515891 493966 457314 463768 445498 461513 494247 484977 448579 489440 464196 492986 520728 472564 481223 490542 442420 510180 503125 516368 463948 506880 464374 482347 490091 528313 481201 511284 455157 521513 475068 529630 465482 519162 480308 507087 456339 493756 521111 485664 482455 490724 503536 474163 530944 486864 523219 497055 496186 474373 505293 484567 491966 481702 490242 494150 453628 513381 458110 449616 487011 468248 522027 554161 495242 475155 525638 519438 459066 512108 518694 483173 496926 462852 455923 467322 459517 451731 467035 497111 467373 464166 465320 491760 485347 486255 475419 485130 520281 482309 479552 477343 466710 520888 515584 475935 464986 530309 487479 485847 533315 515618 486227 476577 491170 505894 453925 502327 489671 559308 487997 506219 481541 510173 521941 452062 480116 523243 488283 515134 497721 464990 497819 472722 515207 503050 511559 447090 530111 502381 507331 508175 472799 505235 493104 499134 508867 530644 462461 458796 489515 492421 515654 457141 496072 530191 475072 483218 464548 501210 504593 510048 508578 488332 490989 493460 489403 530985 487734 470050 477542 504966 510987 454010 507029 505861 488322 479426 454361 479687 489704 473867 493172 468899 518535 467931 497904 467877 479771 477368 521710 506823 483011 472446 458708 460353 502875 467043 511775 471553 500213 477157 490629 505944 495916 547564 464040 518017 525861 522340 
525968 481359 438656 462462 433352 463329 485999 500643 465879 506642 471424 508331 477694 479333 498001 484713 475850 526588 485366 518079 467095 471979 485552 463210 482680 490155 517719 502204 481249 521775 498444 497015 457617 505785 442871 485666 473709 499359 525254 504663 477018 489865 489344 469834 504619 501148 521581 492462 475268 464477 471094 472978 480555 465815 490148 486898 449141 531845 444552 471481 492649 467490 504318 508688 496421 480007 505291 490083 474764 504310 519742 519059 528379 445844 463043 490122 454713 455220 484732 491197 499448 446113 469768 520054 470829 485427 465983 466163 522900 464955 486010 473432 458821 502833 496784 492152 473073 533645 475877 469162 502855 500328 484772 497268 500308 482901 441848 493837 515942 511027 467665 478488 492535 497871 507389 470655 453855 497241 486561 519437 471707 466905 497432 456059 479900 505797 491619 472554 490360 475208 503536 492507 471256 484476 479241 489603 489058 525629 465082 454666 484511 473120 507037 480576 516953 502978 452127 481321 466889 496677 499579 495041 508808 507390 477067 496378 488100 519009 480635 476696 457344 499855 487387 447650 488472 503399 474920 466782 471445 462926 477309 489927 494136 470302 534785 472129 483387 462568 485899 482460 498626 499342 460182 458583 447938 491118 502823 473434 488818 448217 523405 493646 479754 489263 502001 544893 474292 491081 511586 511927 
501190 470731 445264 499913 418592 472991 519467 486382 479201 495192 440507 504937 508114 468544 491009 476215 451579 530047 493222 490470 470373 499999 451921 467780 482597 480749 509004 494899 455431 502535 482678 497126 466391 500362 446827 477595 464461 465831 519847 486820 489713 488557 497429 485233 466672 496457 491446 472050 450011 464045 467130 467709 475745 448749 455361 475288 448578 496513 447375 464082 490350 467564 476846 534391 514649 475414 503844 514668 486362 485500 521726 501758 511262 461982 438463 469457 447244 440209 448305 475633 463766 445271 447326 492223 471938 461472 480787 466539 526815 491459 478111 481069 458528 485440 507454 472417 472833 511834 484383 455123 510874 487151 483079 483681 475172 482179 455767 480478 499349 529722 460806 467633 477531 483657 513155 452213 443394 496280 475396 486655 470526 485950 502831 458541 491660 495550 503595 432937 491016 498271 513312 505231 486824 457755 476635 477896 489139 485787 443538 468785 488288 490341 493453 442569 503778 529422 447891 492174 460764 477799 500269 495530 475854 501325 453930 475501 486566 508290 468045 452334 448551 495552 494056 431985 484845 492262 472046 463226 454329 461073 484370 482531 518005 455366 537756 471811 473708 458843 437374 456816 505983 485061 481434 466378 458544 461715 508220 481887 502383 442796 495553 477228 495509 502966 468698 521440 451994 521103 490865 485106 
510355 489948 437138 443019 408220 473323 478337 479443 466645 484062 445673 466124 475771 475904 478748 468210 451390 509034 507191 482203 459760 473702 439517 467936 473648 440801 477061 482997 468758 503863 495194 494599 439738 507006 428042 468096 466377 464633 499368 475381 503072 513083 463761 463244 469565 503974 487476 476935 459551 479218 454621 466698 464715 446345 486315 477029 471686 495465 447487 445764 478106 470156 463434 510230 480922 474151 522048 508705 478108 501965 518962 518099 492165 447875 440659 461297 458698 441684 456929 485999 471287 426533 437746 497785 459907 467152 455532 467204 521135 475485 460846 460399 460514 485494 491454 466893 455411 506256 452021 441643 516719 471321 486364 466272 484519 480380 453763 474584 498857 512604 462853 479478 445153 469102 514700 462809 434963 489877 475212 475915 466797 476691 471363 442987 489801 490288 489653 454301 499574 459946 502089 492947 462245 461582 490016 476471 487283 509394 446533 476070 504684 456475 519583 453317 499020 512607 443408 503630 478454 472830 489943 464742 493574 500009 466060 473195 495749 501132 463958 458086 449600 480159 479144 440910 495146 486970 472828 460722 430649 469046 477634 476662 492017 469896 533325 462439 468373 457469 441852 435027 502948 535602 468416 449723 441701 477740 501787 448271 497539 465359 470279 460368 469200 479996 481988 530733 438099 513081 517980 483945 
533824 509746 455624 482695 465240 449599 513112 486491 470435 502626 496979 530927 507764 488829 525015 473538 508598 529955 504693 527697 481846 483179 472285 484392 490152 494184 527754 480659 482799 543464 508925 518460 456508 516975 472694 487929 478154 496454 531182 502573 522012 516903 491752 486256 509857 493484 531703 519272 476560 469437 477017 452052 464724 481067 473161 492650 460001 518290 462515 464629 479815 473327 512973 539864 511635 509686 547121 524140 484191 509757 536771 527308 504336 468568 485915 499178 478555 470496 474425 503967 512625 460005 448004 543854 498727 491266 485567 482336 546664 486612 494491 486327 459733 522900 533592 481295 466276 539289 487718 470907 528326 506314 488527 524121 514986 499655 451620 509091 506611 526545 483186 495721 463773 511998 538301 484006 460236 493408 501584 519828 484743 481421 494940 463858 499745 510380 489914 463698 511713 471276 502825 495471 491022 500847 498222 497810 516551 515018 480681 488516 499845 492809 528306 476065 518656 526144 452446 505480 469652 518103 525479 515970 524417 508221 478484 491938 498824 529913 485691 472978 453850 513170 497980 456873 504118 503055 488884 486449 478389 475382 493935 494198 522979 492532 551469 480969 480452 482810 497665 473620 512129 499693 475532 467808 476657 509742 516605 461486 514307 452282 526017 490661 512972 530231 509855 529590 488576 509786 506582 540608 
526347 451752 428209 470204 432017 454407 490122 472362 456937 463317 468542 472902 461776 482099 503826 465340 470076 519278 486224 493124 437802 462930 456950 449119 464720 467530 470896 493608 469078 521197 475464 497712 441333 509784 461666 481102 466646 453135 492245 458882 483919 485234 487174 463248 503984 480582 503786 472980 464091 461637 462171 477027 452740 435970 463402 458908 452886 497001 442342 444339 484291 454409 482284 518102 486592 491757 496471 495448 465623 486498 483407 506445 489233 459319 468610 467637 448057 448675 458074 487913 469800 421536 442675 495079 462388 444856 466484 440357 509280 468199 459381 475365 443938 504463 497573 481115 467363 515849 458751 441408 489338 482510 481923 478538 459795 468404 440245 480903 491115 502455 466811 482618 450002 468584 524186 438483 458934 475017 470859 489038 450639 448304 487905 449279 474838 492551 498117 431018 478510 459122 492089 490094 485140 470330 472001 481597 485915 486305 471428 470852 494411 462887 490627 438808 499521 522375 439864 481317 427328 475795 498072 492245 485450 486886 467675 444885 483630 498032 448946 467657 447680 488230 468860 405838 483710 467826 465233 455333 445067 435189 458620 472566 508175 455311 506506 462879 483369 462141 448823 446092 488556 501294 444586 456355 458386 468542 478291 455216 478826 457412 488749 443435 484332 484912 488755 512814 426802 486123 469453 492025 
538597 511066 486742 478156 462147 468525 525208 498480 488525 523520 490959 530477 539734 513184 546277 467457 486102 549293 502757 536159 480282 515351 493184 495025 516619 526566 524823 533249 496147 527882 523684 523386 515151 531173 489003 508232 494165 520132 541322 523270 520778 511046 518622 497666 524578 535392 535044 511976 488383 509001 507466 487023 534302 486601 494251 508347 476357 512008 478637 493385 510732 493795 539063 559831 520255 509854 547038 538637 509301 545828 565506 523638 536597 493120 469181 483050 492426 470226 523375 521906 503475 473139 486957 542951 503514 491110 502415 487162 556979 505367 524884 509475 495166 538514 512010 523376 489530 554169 470192 503732 536314 500221 518913 503553 512594 514833 475229 521550 557620 543924 498036 517784 480337 524736 545874 475770 493514 544737 520577 541406 512511 485998 538686 482722 535786 511800 518029 455253 531622 511956 510649 515877 495488 502096 515607 532962 523137 541374 495840 505766 512684 501094 545269 502055 508391 542932 483411 497958 502487 515806 536414 535757 518083 529356 512158 495888 501917 524402 499243 523989 480923 528850 528413 467270 529741 515178 481600 508890 487679 507191 508764 510660 545425 502456 562812 505069 505459 479264 502750 509292 517387 541579 500848 508753 485702 518552 537441 497491 524908 497120 519929 506777 519138 532677 545178 561236 511056 528881 530804 537458 
542515 500917 464516 488205 449276 485189 505938 509163 490004 507839 483999 520436 513872 500964 533882 481960 461107 546642 516851 517597 489174 516504 483892 486783 504341 490319 511319 514304 463822 562112 508355 502522 481656 533696 478079 500745 473202 494736 529104 512008 534260 509180 539255 513779 506759 510633 553752 496389 481448 495992 491012 490540 496440 478767 485288 495993 489225 542532 458788 475392 538395 508170 519453 565332 515591 511152 555627 551673 489017 525513 549740 532902 547447 484921 479160 492896 493686 476322 467093 500185 487654 456622 454196 507245 508988 483763 494229 500188 554018 503700 475448 511760 495021 500520 521375 524739 482999 551028 487324 474407 548113 490219 518535 494011 515783 497807 468491 527026 530219 544983 493975 499839 479793 505456 553605 470095 469674 530630 491836 552306 489518 494096 536720 478711 504876 510395 516758 473104 534857 484329 523907 520291 503821 484844 503967 529667 512171 541577 499424 487316 519272 491523 541973 476628 542684 554872 493825 496293 472604 513059 509377 529127 485637 525916 490731 490407 508364 520010 504954 488728 469850 489594 507556 452491 518260 503491 509863 475278 468262 451051 482443 486282 520249 483349 556810 486915 499296 480862 484500 499619 531767 526843 505423 482983 476714 490712 521981 465108 510000 494864 500088 503554 505208 514829 493189 563585 473756 538194 523666 516639 
515301 519867 439197 472849 447371 448168 503119 486431 464151 500118 485352 504307 537059 489363 503154 496120 473382 519137 506824 502347 454058 477149 474958 486986 491067 488737 501325 514056 479921 531663 514683 532859 461194 507021 455954 486489 477499 491754 523048 486229 519399 486873 512428 486094 522249 486467 531396 506668 474656 456354 499640 476677 486958 464442 491695 480586 490871 503771 454638 485776 508955 485937 495862 515904 506647 513187 531817 500074 478588 513817 537593 509605 498898 483594 471880 472471 453873 478192 456555 475379 463618 461627 473159 530426 499913 489829 488060 483302 549521 484287 484927 485479 459691 521777 516436 481121 454076 506860 490193 479543 546190 503071 479031 486670 493555 496025 445174 477753 503856 515998 470965 505784 453483 480435 510863 469214 456755 518364 487012 521283 504782 475270 502225 469616 490924 512785 513953 472838 515452 485230 498306 502229 449512 503669 481766 502479 493252 543647 466219 471572 506457 479476 515826 448940 517713 532408 467328 490255 481904 482918 506376 516399 502976 505124 484669 479039 487166 516573 476196 457848 457999 522016 506654 437272 489405 492063 493749 487825 467940 466563 479072 472520 509153 486052 500054 462293 476379 445069 484216 473777 502360 503493 473104 471405 478133 491917 505208 482978 499788 489386 499341 464457 504897 489708 502069 543044 482335 509533 519036 518411 
517610 461972 436756 451384 421816 443870 464863 461881 435506 453151 428683 496634 492606 461351 482943 444238 442785 505214 453509 474079 463435 480179 429539 439990 459900 469819 458031 473300 439207 493615 478723 476496 447115 493464 429877 459826 445270 459302 485011 432888 461894 484469 465965 455223 478905 455195 471469 493063 444683 468315 451423 428198 470347 462757 457371 471573 422558 489849 451188 420234 460591 461857 478042 524749 473096 463896 491414 485709 470952 468608 498960 476198 481812 437270 429413 444205 458859 431325 455828 463890 467211 434942 446797 473506 464720 454506 452452 443427 502877 443440 446986 463113 459636 484336 479682 463617 447707 514709 458410 443269 493404 478308 470280 489129 483365 481735 456747 491168 474820 506816 454831 454950 442225 486814 490237 454462 434217 487665 463909 484835 451094 455487 480156 423222 479274 479426 478563 437012 490567 474633 471048 457892 428882 442365 477666 489382 473076 487094 439917 445001 480563 451376 474702 452057 468664 474549 449749 452753 444830 451440 461233 467164 492424 471034 440098 454261 461098 478974 456268 451759 431992 462788 464149 424284 465062 479032 458284 445447 439071 441858 455401 474609 478610 442942 519588 456443 471915 439974 457990 448697 465439 495982 464706 456927 450416 449785 490481 437188 481567 422362 458142 480672 440370 469087 472714 505726 438233 484483 497876 493726 
542988 517529 470638 488680 453052 482617 519613 506230 474206 504915 498534 502551 511806 517817 505949 487073 472194 530347 507708 538486 468851 490851 486509 465149 513420 518396 486506 510757 479549 545747 520858 538842 488559 515959 469322 501647 463327 487714 539412 499053 486878 500364 501022 470104 516307 486550 559950 514738 495842 479646 464191 511206 487086 471792 491492 509781 466115 543338 470358 467815 497894 480170 506001 551105 527475 474874 537731 525830 469643 531852 537281 518129 529730 481667 484890 499448 473857 467301 480434 499727 492029 474662 469382 506178 509464 475564 512806 499581 544832 509601 490225 492396 485836 501057 508016 509821 470270 552464 484968 471610 540330 520258 495482 490129 515123 511122 487586 509404 522784 525366 497541 488947 479341 492251 536517 488660 484589 504455 510622 513662 503598 479520 493797 466283 504147 500256 514965 469282 545174 490450 546254 520723 483073 492762 515511 497892 503659 521284 467760 479795 514876 476603 507063 476434 516490 534044 489112 521427 488131 493496 530922 519644 513579 520536 483125 480092 494422 526443 481766 484574 460481 494351 493482 476793 517019 501543 528841 492762 506377 470121 487208 495554 513930 498843 547716 499550 488586 473683 493297 480774 509776 513788 487192 512767 483441 510663 516642 473859 511087 480058 510484 494830 508407 515594 515669 549357 497642 531725 548792 522431 
504406 447988 433622 428034 410487 450795 472233 463342 442716 455825 427451 501027 484088 444543 473629 452827 447591 485717 485916 479642 447119 452336 460626 437392 471084 457071 471094 491840 438648 506513 474111 486591 452956 469567 425779 460731 448368 469451 488930 465767 456696 474192 445551 442072 470600 474675 472064 455402 434581 440423 431125 450524 431499 452693 462527 464966 431611 505220 434750 432395 471814 438339 479378 516683 459753 437611 512764 479956 446496 484006 500681 476820 482534 438894 442786 454819 432761 430553 441009 448162 470633 435506 446853 496811 453177 479451 462794 438680 496174 459534 459888 457378 448970 480571 463543 463306 446531 514025 449287 423499 485863 469428 474913 473046 472553 469557 425538 454879 487045 503295 446439 470561 448771 462162 486076 459849 455819 494555 464385 475945 448989 451139 469879 440634 464334 499242 489736 429695 483170 474742 465835 469776 463820 459729 467103 482824 466039 476312 437411 439867 463975 464086 485160 437689 470361 487896 428867 457030 464611 448079 450398 479104 501922 485647 438195 443078 448765 465878 466493 457571 437906 469414 461982 437870 450637 455744 430839 440741 436380 446772 444797 468367 473563 422829 508126 454634 452446 449490 472056 449042 460422 467344 477960 447101 431948 444421 481234 435501 485233 441771 467554 460784 457661 461900 473723 514980 455317 499760 488428 492593 
546830 507345 452410 466188 468490 475189 495064 510085 469375 501845 498191 507310 496297 465835 488374 491309 490298 488581 505960 537869 494715 481941 466376 473662 512589 513667 478792 491846 460826 512569 508127 511084 474792 492233 506398 476175 470866 498675 541701 480299 497510 501337 500935 479581 514238 482070 503140 489915 466132 475651 476695 464287 474893 459601 499155 496293 469107 527074 477786 462500 500955 484292 511371 536435 490490 500622 539580 480345 498937 535510 514930 531085 502047 500925 477968 509218 468458 465517 464320 514224 511138 467001 474598 507525 503725 514842 509702 481508 533776 506084 469355 511811 483210 520604 513962 495956 490959 555734 468080 456421 501748 494974 475312 493383 496252 498851 473862 504674 519260 531456 489202 497423 453878 482217 531498 461135 449074 515512 488517 516581 500388 485097 510215 465913 511568 535997 499951 452988 525819 500262 523256 515785 475449 500988 506401 527920 503196 543424 471241 475179 510344 478336 533915 483943 500690 516514 468916 489522 477550 491046 494178 508413 521443 520662 466917 485633 509165 508125 500403 510006 464420 519991 501650 440203 516408 496869 496712 481299 484037 475003 480976 490275 502126 475017 541344 494812 492530 485992 479894 455979 489822 495497 493034 475813 479322 493687 535181 477374 505933 469438 488331 487944 472422 500009 506472 524683 482766 529328 525272 515435 
495047 492202 444278 461342 441139 438049 491079 479101 457763 464374 467637 497292 481185 462644 488711 466277 446268 519393 503606 498088 441408 479006 448524 451276 484476 488597 500716 504808 448632 518750 497388 490539 446705 473324 451074 470165 463584 471443 500007 485135 463085 487761 484328 454953 479761 479317 495310 491827 472813 460007 480036 470765 472464 445426 478342 472601 459380 500560 469586 450319 481674 456923 504704 501644 491144 450978 502305 474174 455537 513743 507827 497998 504392 432880 435180 471924 453397 445388 448805 472383 463494 452338 442206 505359 470194 453309 476340 437287 503501 480411 486219 468252 443096 499795 498264 483367 442825 536189 444094 443972 497901 480804 464841 482190 487823 492342 446841 465466 508063 518674 459090 481355 466921 490878 530689 464767 436305 503790 479291 501462 479529 466274 477230 466195 492380 500814 468958 448848 504088 482648 504515 486335 472692 489468 480816 495207 501262 539374 454502 463244 505444 469283 487964 444497 514305 512199 469165 501581 467279 470477 495223 498564 493658 494954 437869 473339 480368 484403 447685 468506 437907 508723 481057 418035 480531 496561 452591 466075 479931 452093 467670 475911 492321 455590 524342 443532 479356 450881 463297 451653 474186 472700 474295 450177 475530 466877 506287 471786 502216 448668 474060 460844 460571 477643 500966 509973 459924 494111 504272 492052 
485377 478000 444819 456927 441441 464564 470690 490386 435310 494971 457705 461178 484710 467544 471534 466430 464925 496070 495523 496285 431381 467230 465554 452368 478355 495902 461219 480741 459194 525876 474621 482660 453945 458140 464827 464010 466084 471348 491835 471056 474235 475667 470232 454597 498736 456728 494057 465738 465169 460367 446855 468198 461491 445283 486421 469146 440330 525773 430984 447785 461026 452568 488965 510916 486537 448733 502067 483442 453786 495478 504170 487981 492110 458514 466771 480231 451455 435635 443662 456677 475977 446530 453419 492381 465752 470165 473051 468365 500414 449979 462221 456330 451689 497016 505459 477685 468138 521182 459251 434091 497269 488457 477557 468981 491776 468037 445204 485108 497510 499550 454986 460368 463587 470704 494340 448847 452086 499575 467656 495884 474452 450466 488179 428253 480665 484431 477968 447296 497869 491061 496812 478885 466308 460727 468512 508589 476822 506352 471156 457441 495578 474443 490748 425543 502035 502536 471281 485396 446186 471359 466419 482145 495779 474131 465415 477176 478674 487296 463546 476986 440939 491127 478094 423581 468766 488191 461328 455250 450251 451138 457150 471791 477716 484646 531672 461001 467804 442486 465111 466558 492647 480178 465664 461011 454927 472261 514856 455138 505883 444378 474980 457081 450881 465949 504703 499019 472076 480211 502067 487469 
545099 499156 478719 482153 463424 482176 509614 493475 479644 519086 482159 514226 535606 488724 501667 490732 488806 536861 501328 523204 478971 490915 470688 470469 501016 502712 508750 521396 471002 533304 509798 533690 488474 526357 469609 499841 484628 524976 533139 493543 508658 483186 507153 486714 522167 513899 555334 514085 470757 490929 483568 494526 481631 471360 485769 493844 469998 515572 466333 466446 521435 518125 512403 536942 524229 506867 520730 527278 494783 524168 522544 531506 495257 492474 463373 471841 476576 465269 474164 487799 483700 483322 458325 518456 474417 496320 497290 480536 566078 516846 512010 486471 480402 525912 525299 479782 459211 545363 483495 479613 518219 514139 519342 529177 516162 479903 488801 505107 521819 539217 494231 494653 469306 526486 516712 495381 458397 544537 484685 512540 501375 462754 485442 481794 515717 527964 517349 467186 522710 500110 530570 515404 479829 492232 505622 504577 512416 542885 459774 477739 513974 475936 501708 480025 530660 538606 476883 505068 487569 495844 516743 512784 504561 508596 490937 489919 510014 527098 470468 487636 455714 514878 483584 456827 495330 472093 503266 480308 480442 464538 514696 481626 515701 485018 560567 474732 469946 447307 487766 487375 524491 547760 502670 488775 493554 495922 547347 483333 519817 460396 522228 495835 507638 517849 493751 555106 465904 527076 516701 532525 
546702 507875 492015 497936 473560 490663 522668 501850 477869 512365 478194 531942 554279 495736 518420 481827 462523 527172 527750 521805 473992 517194 467499 499544 505079 505882 548415 507875 489500 545401 518244 547748 516265 524234 486256 510074 474763 505866 546662 508581 508738 517986 501954 486546 542179 523065 543668 540918 489633 502213 518221 470107 501464 491436 491449 512266 477186 505946 477312 491610 510360 497341 536008 559567 530874 508966 561895 531006 486052 531469 547337 545094 520256 501445 487554 500220 478471 470572 488565 501379 488494 486698 484927 538205 513956 524153 521676 492566 550809 525879 520157 515632 488080 548562 518942 509600 503581 548037 492755 487561 534615 511894 520501 512709 518077 545099 469468 537004 550617 537718 501777 529229 466702 512068 532942 486449 471711 518844 529290 525182 497485 485973 501202 487641 511512 526686 527974 470879 528043 505231 544435 519744 502594 493577 528188 516541 533371 526740 472683 500052 522244 506506 527130 490230 516113 557106 478368 516892 526859 517393 539139 522661 544572 525412 494355 508858 513603 541463 495016 504998 490894 525021 495820 470641 509251 515513 477890 491313 480516 506916 519299 511333 527381 476567 560104 501395 504783 477342 486897 483339 488156 531513 508738 488919 474459 504541 536056 486631 541864 469574 508073 518798 511168 532292 500846 561685 490030 550423 531955 524376 
509367 466150 436475 475908 434273 439438 504248 484071 471429 475513 463068 478123 473757 480942 475484 459523 464786 518220 507985 515371 453911 465507 468395 464769 478939 476568 458516 503045 439130 523736 511200 498849 448347 527647 471389 486505 471972 485955 504760 478059 479883 476927 473082 466505 517184 492487 496380 482802 468298 480640 475109 477322 463136 450370 466438 469215 467837 501976 445414 446528 499456 469527 494121 534169 494381 487787 504678 504975 469302 508992 510388 499510 511422 475334 454744 474520 449398 462382 461656 492176 474123 425800 447135 520114 478662 485401 492255 474344 525258 481434 516445 490146 453291 503070 517273 474472 424857 531028 473880 464205 514754 479231 484350 474039 483414 502267 451551 490767 461263 527096 464492 480970 451219 497928 526629 453534 461695 514670 471203 494435 472409 471846 508471 460987 479096 497561 509112 453993 509399 473202 514923 495075 478787 480882 468025 511671 491247 510318 465955 465042 490359 461707 519254 433549 514094 535438 438687 489699 476815 477675 491688 496410 474717 493850 470518 478449 497995 502987 457080 476371 462051 494549 461003 437215 476522 495133 484936 502686 447269 456572 477368 473665 520012 472433 529510 458735 476552 476198 463940 487769 479820 505150 467382 471300 465147 493865 499916 447042 517519 465652 500240 468210 497282 484923 490618 526578 466393 506664 515957 508196 
549393 532919 481114 484422 454610 512308 513879 530547 483521 510717 511332 559066 529028 502091 524964 517729 502500 530605 521684 526434 503027 545596 488491 508785 498304 516092 519955 522161 496979 549013 539997 540067 497853 534974 485431 521037 477537 497504 532855 531570 537593 521471 532106 488463 530532 522622 536901 521785 487322 530637 503881 480307 522968 488815 525632 524247 491656 543594 501973 485743 513384 508799 527873 565573 544715 503776 543867 538400 508328 535956 531113 551884 522280 493329 478113 505341 481502 440532 515739 500709 506126 479734 468923 527505 524031 515319 525853 479275 553180 513419 507968 527623 509115 528132 541091 526131 491490 570388 510126 480095 535231 527220 504485 503870 518008 537230 502280 536384 534184 550537 515218 532363 507670 518689 548536 477346 460626 541037 509585 556424 505005 519946 532714 481890 544237 545629 522615 463476 562025 537661 560983 560153 511943 506820 522082 546106 529488 567097 500892 504056 516528 495269 535169 501253 543695 555770 486875 521503 487768 509763 524990 532338 519607 543018 494906 496712 515990 533983 499872 517617 484373 509638 524763 472491 541873 529704 491715 507417 499367 510274 516856 506323 526010 510311 561611 492509 509029 487604 482938 476225 521687 523390 511966 512217 458946 509104 548221 531848 542171 480294 536615 514797 482753 521308 544259 544787 509364 531244 560241 528950 
558277 513056 450702 476909 451312 481896 518794 502883 460049 493992 494531 514193 541403 508169 495394 499721 491125 550823 525657 519166 484987 510238 486650 482540 512729 493803 511988 525151 469694 532706 528714 506284 488482 534308 487623 483239 477764 493241 557456 511328 483217 522400 498018 495666 516115 516253 526585 501761 499785 474787 486745 491167 502692 470452 506392 506600 462556 521906 470345 467034 513071 495361 545151 548938 535800 519930 535755 526005 503025 537631 548771 529818 525721 492208 468935 499770 491061 474579 480624 483825 513362 469368 461182 526795 498130 511314 483825 471491 559664 499684 509718 515164 487675 520407 515175 511871 494385 538849 504771 477885 533743 503381 512472 505075 501038 500739 452526 507297 510540 539616 495215 496654 478609 514151 536997 481303 458761 519256 490938 512945 496754 484487 529428 489398 495611 530663 535382 479500 543227 495279 502738 523914 469287 482670 510665 522778 550076 513968 489338 502061 494773 495940 554190 484749 535633 559113 490244 487690 484514 500127 504323 506959 528323 529135 497078 495868 510445 538238 495912 496691 473595 518091 486061 454724 490603 510005 494354 490176 489368 481623 493195 490244 513080 491141 551453 490503 493784 481774 507169 491167 516717 522881 523608 482562 486351 506242 531840 479611 513164 491745 531526 520805 515566 516599 530379 537230 482518 547704 542637 537207 
549762 523616 469845 498945 465545 510012 514293 514250 512970 521585 505374 520866 511959 527001 529872 481118 516785 550605 524349 526132 480635 528366 512603 503513 553652 523253 534094 537413 473241 565325 541333 540668 481626 517185 487278 508991 495643 507220 536179 522376 525725 524364 507895 501840 529648 516502 566418 509911 500320 520140 526827 493978 509365 501768 495080 509710 469345 527014 483865 478711 505797 503542 543465 578068 534226 527446 534278 534101 512960 543991 534377 538536 538265 496738 474687 488744 488333 477355 480390 517312 515924 478301 503602 537654 501530 498196 485212 486608 566190 483160 513824 503572 510919 537777 536194 510354 497463 564437 481327 494053 550397 519274 516151 499211 522797 509965 478673 536181 538203 558005 515574 525017 478303 502210 545508 489435 487492 527219 512008 538331 510106 500362 529248 498407 510856 523284 525505 481346 553498 515070 550672 529973 506304 521870 523386 537738 527418 545300 508307 505050 528419 512076 511334 496623 519299 540622 515228 518995 488058 516901 543940 512176 517475 527653 505494 502347 502798 524120 511197 510527 467875 519365 524628 476591 538991 500777 525919 495731 506783 469658 513079 511849 535393 495633 563203 484852 507278 498069 507527 507101 522843 532604 493420 486635 495749 497726 537152 517238 525594 505705 509860 497009 531954 517649 524355 567240 476540 535880 561645 528135 
507379 489756 449421 441534 411844 444999 480006 478136 441299 475917 474708 486511 477753 445433 470389 454284 469786 486098 478311 474270 444968 481120 461566 436976 466256 479311 498775 488152 459149 518126 489004 492655 450385 496140 439314 460603 460139 458597 507477 462408 471879 476337 473551 457455 489236 474073 478814 483923 470259 448684 473208 450899 457724 438064 482141 468066 458016 490817 434975 432646 481769 469828 469522 503354 482372 485307 493825 459293 475370 492958 499137 502743 479204 429708 435014 478004 453672 441413 469743 475366 470650 453307 456736 479002 464962 464595 458685 466983 513070 489404 454844 451616 443715 488251 473329 470509 445477 533406 454727 423900 489148 460617 474562 462894 479694 461980 441657 453839 501210 509477 446634 468111 439650 481559 509796 443395 432325 511437 473415 494086 454434 466479 482898 433098 460468 497976 482643 434808 486414 473466 504891 493943 454096 470193 450290 493973 489539 495236 448952 442429 492797 451605 495053 446791 484618 474784 446749 492006 455281 484654 473927 475920 487567 495344 437262 447193 486210 482133 453678 488609 421635 474366 476263 410141 494602 502997 462525 457751 444604 444917 451468 473564 473861 429313 511944 448172 455569 443594 473377 440409 476196 482915 444297 456676 435781 454549 484666 447277 475416 442527 493277 456519 467871 457653 467829 491830 470365 497904 501478 483474 
521418 500285 470876 450771 456608 491569 502225 473563 478303 491098 491610 515771 505229 507497 501532 466598 473935 515561 503533 513766 484180 507245 473626 479273 506313 512942 502790 513515 458056 558790 515904 522992 463365 500124 480643 467477 479791 502602 527274 481865 488702 527009 512509 481061 508913 496118 521031 512767 470198 483339 483285 464713 494794 460508 503325 476761 458011 534129 454666 457331 513070 482751 532083 537585 514827 503542 535147 516599 489861 521502 537382 513524 482180 483619 465889 477152 474694 460650 469201 493924 491680 453799 453910 518774 483150 497922 484497 491882 511853 499011 506203 493030 477224 517935 506258 516611 495968 523530 474373 463026 535388 489340 503777 501996 503786 503950 469238 503830 522767 532726 482107 487450 460443 493921 511275 467565 474868 509214 485449 521753 497434 488484 527868 477070 492768 512022 501789 459378 519029 493464 512291 501722 477433 477265 514785 533455 512584 513518 464249 494702 499237 480583 509874 474369 504397 517023 478338 519909 497550 500882 520827 493832 512874 537547 490988 475598 496562 508842 486029 489513 463827 508439 512618 477039 510327 493881 485411 491418 467735 482136 505209 483181 514219 464752 550144 490151 482692 486907 477241 482514 512964 528410 506985 492107 463013 488862 521707 457522 541367 466131 510755 475314 493070 531123 511958 539876 474900 530612 530798 515849 
511556 472234 461363 451533 453445 457047 505742 471783 455004 497202 468618 493688 507604 482697 505203 461738 459763 547646 504413 517927 475141 493906 485190 467017 501313 501197 497594 503968 442986 520116 512146 507090 478039 508563 462615 465240 486812 496194 534892 505632 491451 495531 493727 475327 501990 495290 494808 503541 476035 464651 482277 488220 476306 485925 471292 472710 455774 516694 468871 470142 461252 499989 502028 545579 490329 461734 536454 517257 470462 538108 543325 501221 520331 455938 470757 482535 449114 475294 487371 501231 501843 465703 450267 519214 462417 468152 475178 455001 498491 479268 498596 495164 476564 524512 523589 502715 495800 519096 454014 453118 520727 476461 505748 503620 498778 497476 458207 501718 525600 519696 481431 477641 461901 504270 517227 480959 467347 509885 503956 501140 490690 465944 524762 453586 478831 487698 494398 443476 511402 491943 469104 490185 490893 477474 490487 507142 500479 511337 468825 474872 494784 506046 526048 476901 513889 527926 462900 481436 470684 501226 481269 502173 502834 513316 461974 483676 498041 495054 479906 488536 454666 490424 498635 427518 465826 476138 474107 471994 464001 469241 474321 485600 499081 477419 536958 467067 480930 474570 483026 472767 498452 503558 502671 488828 465385 474735 509947 468783 487017 458874 468728 486237 489037 480668 502787 539925 448710 516696 515578 496412 
553092 515569 455638 497830 458821 485916 513520 487377 489005 499467 501383 511752 526219 514875 538479 517798 506592 540689 526379 538713 467801 504785 482265 491697 526208 519149 514009 520672 486746 542111 527097 549427 482287 512689 473352 498058 493315 485347 548921 517205 515613 514040 507472 498045 523600 523577 519898 533028 497571 479597 496647 497794 512784 492266 510664 507809 509151 532037 474076 465454 498972 499760 509857 574689 526833 520798 553068 535737 505144 527613 562768 545802 542586 492844 506003 486379 503366 483637 479786 475328 528224 489648 479074 548700 506395 513117 489785 488832 558868 506124 503022 524310 495510 525343 514203 511898 495824 570468 495332 463558 568602 511793 521980 510731 506817 512506 447907 523173 547034 559486 498194 518531 471124 529148 543170 503678 476146 516946 511284 521008 496805 490265 529645 492012 509491 519090 513496 462375 531848 512359 548807 504294 497060 510842 525846 523407 528000 516782 511278 502610 530566 494339 532874 472198 537574 559084 497006 508942 497040 489435 502321 527186 524645 513844 490583 520282 511119 525380 512987 497420 458237 507062 510006 473666 521609 499512 531571 478587 488132 483543 506441 500951 517333 499295 570289 512969 504955 485792 507194 484071 501963 517154 508874 500490 501074 519440 546543 477889 508898 512300 517469 499998 499777 510853 525711 558106 495467 537582 566135 524588 
470543 429257 404710 417055 414628 434814 444255 459297 402585 439896 431450 458559 475050 449219 459133 450017 435003 463827 451281 483127 417690 460289 427016 430821 440307 439583 445201 463887 407033 475088 461768 486759 429811 460138 429739 443148 436428 454525 450586 450153 449001 448288 453601 443850 458351 449233 479353 457373 429787 456931 451274 435567 424512 432594 432257 446687 431086 492359 406376 442865 443494 430123 453426 480603 465058 437032 475404 436937 430363 465468 479736 465969 460314 437833 426598 417537 431918 402356 436798 422377 455906 413667 420808 470382 442402 450925 444847 421956 475338 436195 443062 445696 416079 480947 483753 448095 410109 470995 437478 440379 494585 471363 445274 443623 450700 459246 404678 456627 470934 471669 421062 444255 435319 455939 468045 434608 403120 478201 430199 461711 431720 430648 466629 430927 460488 440583 470637 405730 478258 455431 480327 433499 423861 444768 444830 458534 471029 457993 414855 447345 446837 443545 455938 396964 471194 473428 413662 448811 440196 447152 460321 469465 462376 468441 430444 438543 451281 475415 435436 435549 425946 451536 458236 409766 451254 446933 446361 440852 441984 439235 455493 444776 456791 445138 500352 421301 441292 424360 429953 439514 458347 458680 421528 414874 425178 441743 475608 429746 476782 427218 464290 431872 439323 463330 463346 480460 432206 466772 464198 476678 
517618 469653 438071 467261 422053 438298 476120 483262 438387 473568 452649 476053 461464 480453 477435 475774 438403 488010 488206 510464 446234 494275 449558 436505 481738 466915 482999 477705 451272 517611 480849 498175 462745 488529 470467 476611 457639 458057 498074 480025 484348 487161 483211 468688 481346 480803 507235 496769 480946 471351 451142 455243 480702 428331 466840 477523 451675 494914 433314 450858 480450 456749 479200 510868 472911 474063 495713 480611 456525 481907 505046 515002 487070 463919 445827 456984 437986 432418 452993 477836 470862 419610 454720 493114 484017 464466 497891 455907 518511 469706 474968 472401 446234 489860 489717 488966 477901 523446 457046 474142 504148 496044 482344 457620 470333 473177 420549 480533 497410 493768 467240 461175 464419 471358 497139 445188 426908 490176 471116 497951 463650 450084 480257 445168 459579 473145 492050 437609 494397 465812 490086 488339 471999 437534 474887 466981 501129 497205 460849 469346 496746 442791 481140 443945 492229 506182 455751 498191 457067 487094 487443 481396 486894 488979 464704 457744 476882 497469 470587 446864 455981 483109 462163 425714 484034 497865 494643 451820 459234 455966 459614 471869 488772 453671 535015 449832 461719 453184 455965 453878 489051 496115 452173 455815 455844 474766 481408 447776 496941 444744 467132 471539 474460 497994 465567 533270 461313 481149 504912 497528 
582058 531384 519928 508459 493812 514338 542127 531266 509162 547184 518639 556229 546073 523895 540294 522038 488914 585867 550123 547031 515545 554396 490656 496754 539289 545943 562176 540951 504942 595004 558868 544428 514019 540184 523606 519407 514947 532529 561733 521481 526098 548532 537343 513877 550990 530495 549794 549118 502280 523221 505252 507508 540959 511374 552081 537520 509136 571184 506013 486909 539984 520645 562360 574811 565080 539378 558042 552738 542409 552168 582512 576259 567919 505416 499780 528250 519550 473278 503565 538864 524144 491878 513488 548037 514748 536443 534558 534243 574597 538025 528222 530548 523640 541454 576219 543806 530987 584962 524065 483101 545556 521124 552165 530571 528533 549955 511320 531117 568968 565686 532631 518237 502571 553285 562284 495515 494152 558705 503799 561790 496545 511022 550675 490836 542660 576095 549388 488640 570108 532578 558698 568460 515403 514694 553651 578950 554547 571324 523614 539975 559320 490957 563189 495109 558732 581312 531475 537062 497895 527925 539490 539550 547875 537131 501067 516072 532450 548790 525560 521900 515498 563801 524860 469906 554408 552101 529567 525380 498390 502178 524607 523346 545168 527179 598299 520955 530946 500534 535463 506612 552215 560538 531156 516557 500178 517512 554360 501256 563367 506372 557124 523731 545003 543140 576808 574122 531842 579139 578602 534701 
528741 482979 442613 477602 437359 479280 491683 479688 455011 489802 456659 485361 494129 483605 492526 480078 446240 507080 467865 527208 456894 481154 489341 463421 503901 501931 498575 491319 454947 526625 481350 512535 478941 507635 464088 482914 455919 473164 510019 468731 467837 475378 490990 476678 481059 477846 498221 491123 484526 479750 471737 492966 484659 455178 481866 491722 455825 512325 464295 465879 478689 474144 492331 530759 498475 477186 515675 485597 466105 516270 509528 494026 505708 449452 451308 465583 458216 452395 455126 471213 481064 443278 461964 514581 474989 457991 482773 475114 541672 489384 469980 506500 464129 497277 503694 500444 458452 523379 484676 462303 498732 498332 533788 493490 473745 498905 469298 497037 482044 524184 485619 482189 465566 474136 507755 465322 451259 490639 470805 502352 470511 452153 479186 468877 482264 507971 511167 442030 510427 472884 492840 489106 464916 467621 458263 487156 506476 518321 476241 464426 504721 471621 516904 450587 506617 507524 468645 487055 460568 496339 505521 482194 480474 503922 456204 466987 482966 490398 469482 466787 471611 484612 499121 420781 487927 487557 473494 450772 444377 440479 475843 471834 501302 446450 518187 471219 470757 465727 475209 484871 513065 507132 475024 477134 453729 492546 508497 466486 518627 456113 498034 485458 514448 494842 491531 522982 468937 517947 529686 518608 
519686 479072 471420 472898 449007 482788 490223 495973 444320 488243 475070 498059 499270 476057 480691 482886 460999 511167 491860 501532 477730 489138 475677 479558 486090 478427 476434 486461 437264 534620 494500 488730 463311 484803 461576 474074 474141 485905 515696 473746 499138 473534 476772 457066 507816 479542 504283 486720 469582 451382 458361 462041 468783 443341 479119 489034 454350 515350 456999 463543 478086 466585 521101 534520 489189 468211 520348 508949 470288 484263 526224 503084 496356 473685 453120 486672 454039 450428 469619 470357 481278 442091 468393 488081 479978 480177 481272 468300 522027 475467 488008 490658 468059 497352 497288 462384 460413 530877 466475 451969 516073 498202 488897 485295 485393 501858 458540 504516 505826 521495 491918 485856 439366 475190 525919 454116 465609 511079 503197 521909 479803 465093 509562 450752 487204 482473 487921 447700 505940 504862 509824 488735 462046 483702 497639 515202 489371 514245 485598 471872 473676 465359 511276 456639 482928 530630 460415 487267 463700 490005 504972 493934 490922 506744 479170 470735 488638 500105 489219 469390 449431 476651 481958 461839 505987 508697 468290 472142 472731 427022 459294 478397 509022 466589 528825 486335 488071 440447 462938 453427 482720 501637 467444 464887 456782 482219 482802 470620 489630 459161 489588 491723 468873 485678 520843 519390 470960 512947 501709 469641 
511355 487032 467390 475390 442138 457766 492636 495435 468114 493848 485468 499235 515322 478331 502333 460961 446088 536823 514538 498212 458038 513086 483460 450231 471279 486878 472147 513036 470274 519739 513238 515752 468713 526473 475906 467834 474652 469492 515223 483935 489748 497372 517000 472217 502060 488045 528300 511914 449587 499856 497099 481802 500133 475416 504968 487807 470055 527783 458007 445168 499597 494546 499220 543470 499046 476978 531555 506984 471216 507879 524053 517027 511214 482901 461148 470126 470110 438325 474622 489346 481681 468802 424192 497086 477852 461593 467504 478082 525000 485006 488195 465804 472636 495091 520049 483972 458517 540069 472610 471882 511836 503685 477508 485134 506574 497433 454553 487250 527205 514070 476756 472363 462704 520263 518669 459339 456203 516877 470253 511093 480052 476916 512207 440333 500138 486421 503281 456462 518488 477330 492500 498508 473866 465004 480180 504942 504903 527949 459783 464609 519639 480205 533281 451349 512179 515081 454035 509801 468733 486122 521029 478208 506134 498411 478961 459823 492638 519444 503538 478589 449073 487632 484039 421025 510773 492501 498404 479088 465739 468815 473643 457686 504463 501112 513669 450372 482463 467633 490662 464792 507005 485270 471123 479625 469021 446700 515331 458850 502772 449158 492869 492776 494550 503485 494494 530199 464957 507395 509129 524547 
489798 473097 470394 485245 421182 470351 505609 498497 450449 483217 452645 501804 501220 492464 499620 465513 461305 509620 500681 508847 473351 499596 476824 468196 522324 514303 537631 518773 441656 531241 517390 492987 466670 506909 449314 475453 470085 483553 514497 456557 493267 485153 493679 473175 491570 488551 482731 512059 463161 462844 476824 478681 476862 469165 482547 490537 477855 521431 436462 434445 507251 467974 498976 539219 492281 488671 512568 509751 482062 495316 550516 514594 502565 442991 456721 454877 470786 466954 455098 480134 492721 427710 468468 495436 477158 491409 483783 458858 532885 489760 497244 504755 452715 509275 509604 485501 463905 533175 449369 463843 531148 514828 486968 491626 495828 485962 440162 507414 515711 547336 472057 481802 477626 486332 493716 463398 439012 513745 475406 514026 472868 489995 493154 450848 471414 471226 494482 474996 487584 503225 520716 489433 472482 468554 489980 511192 489075 522724 463313 491007 519237 470064 504614 466672 504061 505264 460827 488844 495325 520306 480121 502990 481298 527934 453832 463340 494874 493980 481605 494964 471601 488180 504000 454616 491813 481052 488892 456763 463869 458143 448606 480834 498859 480462 529779 486978 486986 440588 481278 477119 502310 504514 483302 461527 449558 474634 490016 469802 509525 463547 498951 485793 488989 487872 491549 530629 485021 517019 523407 503793 
554662 539002 471383 493831 490266 476874 558452 532988 493085 522538 517814 537536 549373 524783 536581 504490 537388 567039 542171 559110 523215 515602 495587 509245 530240 540180 548231 530445 488935 541278 556951 551024 497359 551356 490534 537665 520085 529536 601224 532956 531769 536792 519268 498283 566343 550560 578822 537805 532937 515390 524086 504685 536071 500273 527554 519673 508086 550687 482752 476772 513534 516755 546582 594013 544295 529156 550964 558326 521507 550031 585258 554597 551859 488175 501912 535294 500647 503277 523675 509115 539190 501134 473962 572502 509898 535147 517387 509588 590379 511192 537290 529891 503893 567264 554965 527872 489404 582706 537009 511828 567375 541462 530692 541106 549163 553263 495154 545061 552014 560728 504827 520667 497686 549416 544819 513644 503394 568752 526770 533021 527493 527163 542236 513469 531666 540317 520230 482063 572699 519635 564280 541014 509287 547611 549534 555675 550535 571213 509198 514258 540452 526609 551483 516235 566564 577093 513812 515508 509014 533390 532403 560405 552018 553462 512411 517059 538094 544285 541397 510097 484367 559368 528938 474074 508756 536614 542956 536680 511299 504511 518256 531181 550313 525908 567270 503181 523253 525473 525073 520909 523878 553369 505490 549272 494416 553342 546267 509398 571880 525462 540146 529221 540278 530365 542359 572398 523493 559964 569557 568232 
517682 500079 453532 497469 449572 466179 490202 513069 469230 489169 486203 504766 513347 486210 503536 493219 455225 522735 520748 514001 475802 494237 487439 471588 510134 497090 509671 509399 468896 549434 506195 502706 453922 513946 473356 487036 460267 483142 538151 497598 494732 507479 493555 475328 500041 493637 523180 498177 476483 460517 470570 479281 482232 466868 502448 470147 454411 500430 468677 465367 511385 487652 507385 525204 511218 482505 535646 520977 494502 506176 529099 505561 516404 457952 459787 486916 459968 466579 494051 475793 480719 489721 462025 517322 495232 485687 492591 467853 534189 482312 484277 492298 461412 512855 498503 477722 476913 528326 456057 485590 506974 494799 486769 481772 487166 492500 454041 515113 521394 526504 507517 497343 469135 491426 520844 464772 465918 499362 494483 521437 472658 462040 499833 466648 509567 492183 485166 455997 512593 485621 510635 495741 485939 480491 489008 520044 501637 523909 487099 481411 504650 485409 526697 461781 488049 525843 471006 503475 479292 491535 516307 508253 496312 522320 476234 494550 491564 509602 483129 499838 460721 504677 512781 449660 511269 498798 478816 465821 480847 463552 470754 490199 506807 476366 540415 462070 492141 467893 489367 470357 499627 508189 467284 471216 472045 490371 522117 479153 510747 450241 488794 489890 499869 501992 522492 520206 476737 520525 518053 519797 
500976 494064 423698 452972 432998 463074 462609 469051 439699 490041 466282 474683 498266 468463 493522 463371 469423 514186 505404 516080 456396 467712 472922 457594 486875 490518 489793 487377 462038 527187 498659 470856 438108 503996 448263 450715 447359 462923 495780 476997 471137 473002 478046 460294 497060 478704 504529 477721 457771 447604 476119 492291 488001 449295 482587 464218 454022 515649 442715 434364 477315 437365 483633 504099 493376 463925 479986 507256 452241 511480 520026 504288 497127 442989 446717 449479 432547 446889 432285 478956 467240 439397 453390 486098 483810 460605 454271 436874 509892 445287 468444 467119 441813 496573 506649 457254 459202 511702 481629 433455 499509 491809 470023 478550 457955 485913 436798 491864 485407 508094 466838 478681 443128 491762 492603 455131 455704 493014 439225 506589 483992 447883 491664 474181 473274 491183 505227 434582 497447 462031 497070 478688 472350 486191 473023 501520 487267 493936 467492 453469 475815 459443 511321 431766 495045 510794 464920 464814 448582 476980 494264 501697 467118 492702 459186 464338 485992 491341 466652 460404 435239 485761 486715 432570 471549 498404 482359 473436 466449 440977 456084 460100 495680 475100 528417 455646 462495 453012 465379 464441 488249 478821 471659 437999 447162 490473 488402 463064 502582 450969 506013 471563 443469 480850 499619 515782 466412 494448 504648 487584 
500930 460090 406165 441145 406523 437673 493011 437848 445017 473325 460164 492360 471627 452199 469512 459883 437441 515876 455255 487227 451240 465918 457052 468400 455234 481298 473318 476195 435873 505485 477030 482822 429922 497072 409777 443854 454300 449080 501085 477444 450654 446830 493950 468594 478724 471881 470939 469022 458121 432621 440639 460235 461893 441533 456136 440971 453338 503988 436887 436213 474730 447106 480399 516925 468442 445729 476932 481812 441209 458538 484672 478942 468591 416675 424472 443538 455382 445418 456080 487000 457967 427840 427573 477014 453956 455093 438225 455046 496431 466981 455305 461122 430922 476626 475191 471759 441309 493540 468136 431389 495717 469105 462119 470555 473339 452240 436181 441888 505765 498158 426615 453922 430465 462607 485694 453342 436305 473541 455297 492184 448577 455308 474806 438781 470998 475122 470428 410771 499554 452219 469943 490387 452392 478566 464718 477267 487965 479542 459214 429842 451252 435197 466041 418187 484997 488761 440814 464750 449725 455466 486876 493345 482173 486394 446125 450249 464951 481764 456605 438176 436405 477803 482980 430484 478202 466960 470322 448822 446686 430878 468803 452549 482010 436656 509966 441187 462468 425878 452975 450013 478774 474359 446084 460944 436500 464804 488209 427744 476890 433093 495518 461777 447405 476592 487404 503191 433419 500939 463797 481796 
485964 450540 418877 449903 408991 417099 457807 420087 409018 442171 433297 436659 456687 426236 486390 432648 413121 475834 460895 458061 429133 458836 419999 424209 445001 472006 451861 458197 420117 499834 457565 468985 436574 467789 438844 442371 414415 442428 482883 431890 429752 430791 457529 463552 448284 435795 474735 472741 430536 436434 438603 435097 432621 431970 419010 451523 424269 458705 423739 425350 445421 429428 442350 482779 469641 437539 475059 434223 430771 466849 505270 475853 450491 433615 419737 447632 429361 431562 412019 441772 434030 397549 413360 440040 445401 428714 452288 448059 498101 452159 442539 466540 426506 458793 456530 453545 433872 475909 422414 424467 490620 445704 437672 439395 445520 444217 422280 445818 479311 500467 428710 430612 429024 452196 482155 436563 407325 459016 425987 474008 440602 421579 450337 417271 454625 453502 456644 407376 474187 438229 451029 451684 436826 412702 440236 448098 446114 462982 426472 416546 444797 446726 461633 420093 477025 484317 418735 450016 422225 436522 452225 471095 452094 447936 437943 462638 448121 464908 448748 419667 427511 451660 452483 390119 449408 440188 456737 443725 397864 427587 448861 442363 452904 413848 486857 427713 436797 408285 427050 416526 468729 437891 452347 444396 424521 452035 491292 425156 447005 411582 459441 449120 454577 453487 439980 492325 426953 488638 472081 471186 
543856 516337 489702 508453 477910 511610 568759 542762 492852 535222 528918 545598 550457 519613 544713 492519 505261 548004 549727 556450 490875 535102 505919 506859 541446 552201 579124 550706 502378 561282 555214 554545 504678 527316 490867 535135 508643 516063 570640 538852 529394 531560 535024 521008 563818 522553 544569 540245 516644 502921 525683 512171 515161 496346 513075 527782 512179 557653 487253 490536 522346 501102 547551 559548 556936 511650 559469 548994 511315 558341 554609 554758 544781 498305 512971 519148 508146 502911 507081 508769 525089 501615 500278 553912 520395 539281 507244 524978 576271 523194 519861 513401 517126 572166 555543 520468 511055 556691 512920 493525 549306 537648 524585 525853 552405 538253 478936 567673 542087 572834 506130 523883 505965 543697 556833 513707 488426 556543 527809 557662 540683 508391 538307 485695 522786 536910 541396 498145 554659 549647 537999 519358 520809 513754 540589 555173 551472 569598 514150 535107 535053 507717 552909 506556 553084 575258 500472 521790 515758 544559 537281 536816 552685 543052 486231 513326 532160 544315 511327 520645 482234 537011 525552 478904 534854 535004 518023 508617 497133 509269 514799 529796 553422 514875 575091 503671 531863 508046 529519 522395 546661 546846 522770 489784 515353 515044 549431 511905 551362 502054 547577 530472 524368 523759 541081 562413 520636 564337 541804 556065 
578483 527179 469662 500436 479054 494807 527702 504668 476977 490456 493273 514850 534096 496333 513534 515319 481546 540393 532714 524830 505260 498896 469831 484514 497005 511521 533277 523550 487125 562181 527661 540445 474837 533393 499461 522029 493913 496562 539094 495702 498123 523380 520036 492432 516986 505360 525229 527802 492052 466188 487755 495125 486318 483892 498895 505210 476805 525635 476583 453069 509913 486344 517067 560816 533586 504716 540759 529615 483138 528274 557214 526447 525373 479753 479737 508636 478441 456100 442766 500690 501417 459918 467804 547994 517947 501385 498443 490413 548374 501370 503970 510610 499698 525819 541324 509100 475178 568327 520050 476335 552682 503673 505365 520286 540765 516165 471524 519693 534894 549014 466357 486369 476560 514219 521973 505226 469841 526612 495417 521568 492190 494570 514946 486129 512225 537873 525510 499864 553237 504648 520054 498959 492720 511600 508213 503011 534562 546146 484122 483570 524232 471885 534658 455164 537569 547967 477192 538326 500541 501711 520748 542036 537457 533533 492905 502081 502686 545311 496802 485504 475920 497084 508771 478948 512153 523862 513819 506527 486153 479373 498060 498278 526513 492297 563674 483567 499553 489224 502013 487485 521075 495561 486626 494475 475437 518865 529909 459477 525013 496186 522295 502008 513580 520061 496495 547400 495541 529281 548687 513693 
526326 501385 481989 500016 479594 492494 508051 507143 485343 512089 502711 511542 508813 495749 498788 495567 469249 542262 523606 516971 484446 498665 485765 488874 507859 510888 514357 525223 473076 565493 528848 518340 489082 503786 487117 482779 501327 483004 541119 516308 486989 523478 528710 491048 533711 486415 531517 515136 483827 496214 494862 482599 497309 494804 488879 521603 473999 540811 470978 475028 506293 481395 536958 561549 533910 480856 543685 531415 498870 520686 543994 537521 544127 486075 463979 502509 486797 478185 497395 494591 506788 489385 499403 494589 499222 476276 478006 500368 523568 502335 473033 485945 495783 533449 531052 489015 509428 526486 496442 476726 537777 499452 500511 504392 517245 488723 461150 510847 528811 553230 487661 481337 479523 526925 529084 460519 479353 529256 476445 521503 503067 487839 526911 458881 511643 494903 526354 450623 532264 504824 539581 526359 490950 510224 522909 528302 497641 524669 482098 492085 523642 470631 524702 480010 517428 524475 490203 534433 471863 507406 512351 512525 514601 514030 502115 472958 500926 538893 506207 470702 465994 504665 518253 451185 504763 501485 527462 490294 485663 496782 501285 482955 511830 530931 563689 481568 477478 478721 502195 453301 502408 496807 475206 479908 473504 464004 513901 480287 524825 484655 502821 505265 512760 498858 534236 549786 488487 541580 535668 512794 
525473 498093 469172 475078 455538 485494 486957 478187 476282 513424 478875 492496 510799 481854 524933 479336 471924 522412 521132 522356 460429 493400 475254 488408 508733 481933 498181 508684 479422 533960 526012 525996 494663 507890 472193 498490 473214 492700 533752 498421 500884 509725 504970 478584 518412 496611 515133 511199 483927 494089 493215 475473 519160 466520 493308 500554 475971 545127 455693 478024 494562 503883 533181 535566 516586 485374 531972 507815 487126 521779 534429 523339 509196 493400 487141 483198 464524 479412 482816 484460 495576 466509 479474 525700 485070 496957 499227 495656 523214 495501 507737 498232 490959 535455 524256 495663 493942 551230 465055 492392 533224 499401 495213 511048 497343 519116 477468 519975 523739 550000 486055 505634 460237 497523 541881 454603 468798 530417 497212 510143 482341 478620 525779 473576 496784 512305 518854 431822 516421 513437 537113 518837 483593 478380 510980 520832 488582 514406 463102 470583 515798 492784 536657 477130 517603 540238 473923 503981 489935 520279 514414 514546 507542 505170 499952 504467 508855 494459 498129 492764 455699 504191 492336 465087 499925 522035 490577 473460 473662 482559 493590 500676 513320 469585 545873 464165 488526 454587 495366 492683 504818 525066 478891 463706 466118 489209 524614 464295 517875 479726 506914 509039 478772 513394 508677 533239 477039 521330 516240 530905 
501649 495688 440794 455981 436374 467320 492900 466197 472535 479324 456532 493088 482579 464357 503198 468170 462510 503716 482533 507579 430718 480900 479202 475266 502855 506109 494655 494116 463259 534049 499818 519747 467843 495150 428255 503111 471723 502658 512281 483339 468298 480743 478081 499652 501934 484127 513103 485592 465432 466734 476606 452853 450900 464468 468670 483350 453446 498827 432151 449232 480022 480488 477977 509208 496017 477327 506957 487765 479116 483570 503375 485512 504655 483500 449032 468116 460458 456105 461464 480464 476333 485399 452515 513206 477846 478871 462443 483202 535469 492102 485848 468063 468179 517270 518762 486400 445138 508108 474076 463321 510932 507039 487159 488401 492411 507174 450775 480203 515420 512584 471527 480313 465812 493408 530190 488708 468516 516909 493649 500893 470404 470198 470785 459996 489884 514567 489501 433966 508828 462026 493427 507661 483004 471335 475312 506233 492073 507139 458347 472056 493727 480493 474586 455211 529499 506647 463902 508218 463727 476497 496187 479197 501628 493328 485088 503205 510804 487809 465113 458588 456023 479230 464739 454806 474133 477540 466721 475221 446074 445666 498577 497070 503003 462459 531823 466242 454134 458044 482716 469601 498101 513111 464090 456073 452977 480095 515693 445760 517970 453612 491936 476367 490534 476433 484305 539213 458276 504881 509301 500173 
488763 458718 428419 452117 427580 427265 479974 458934 438828 494727 450039 465595 476995 454840 470536 445838 440647 473052 494503 507184 441247 467229 441753 445572 464742 473214 468119 472046 450611 485174 471378 479131 446971 470465 443665 466555 449280 460047 499688 486986 475519 473950 460645 455828 480658 470292 502849 471619 446412 468660 448232 454890 453601 451717 450818 466153 433767 504929 420486 450713 461396 468017 482385 486999 482282 446538 473836 473267 450334 474280 503263 480940 491643 458742 451180 456957 451092 440512 449224 485723 451068 431666 456957 482330 452490 461501 484857 453273 481840 477632 454196 464861 432315 491305 484185 483769 469618 508782 452618 438973 497573 470455 466947 462880 455429 467688 428378 488795 493774 495959 454950 420095 455123 483196 501769 443905 452978 481138 454814 480685 469290 466150 480740 439920 456025 483364 488244 428674 477659 456082 483325 473182 461035 482149 477272 477444 481975 487100 446795 436134 474539 458460 475132 436286 486301 494724 467580 484880 437496 463840 489068 486133 485628 480719 445875 468938 466802 461022 464467 419035 437019 476612 480713 418833 437258 466059 487183 445900 457626 450270 458623 471947 482492 474490 516190 447484 440753 459580 469277 458227 480251 449538 464914 429279 463446 462509 485468 449478 495385 450818 467024 458789 464833 470632 481666 509242 462750 500210 477877 494094 
504231 484502 431465 457415 439890 469281 507685 470072 469541 488604 457235 504590 500624 473372 483852 465459 458736 532248 502923 516598 463347 482115 472366 439777 483268 501856 479396 497504 439027 498360 500707 512664 479592 497500 464534 486076 469358 488251 529384 482722 478821 497652 504611 467363 499330 477932 517067 499441 491702 477272 492684 498373 478317 443826 488893 489411 462887 516687 445097 439803 502077 483779 488553 549935 500931 467222 509236 523290 448840 514634 502194 518672 499071 459892 445208 472700 460142 449786 455563 486569 480199 437801 445148 492574 465533 471943 461101 478775 528986 471964 484348 493321 433356 492788 535172 486335 468308 506085 485018 459142 509877 496651 490501 475500 481895 497320 449549 483588 497466 523221 476981 482801 452914 488122 500613 427118 479771 506125 488434 501118 493399 443847 509958 441078 476856 505990 501634 443299 512564 495643 488647 501185 456670 464851 479519 497348 489066 507616 476861 454950 488426 470895 513215 461779 489491 535842 458138 479835 464611 491503 497658 492888 496338 492952 478841 464375 492538 492859 464505 451011 450357 490652 492238 417830 485595 482091 511326 482112 456099 464165 494181 462328 518234 459893 522943 462467 487724 474779 483820 444704 502939 499622 473020 477526 446176 471890 513682 456412 495264 470610 490003 483256 498875 501471 488001 536822 431155 521422 526865 514112 
531526 488021 449830 443284 426500 462537 486236 493920 453595 479380 470425 484714 503751 467306 498840 460074 478678 495876 489854 494979 490754 478576 467242 481995 479306 471231 466480 510843 463446 514059 478179 504640 479653 500161 445045 476666 466745 491265 523567 465876 478126 479877 460539 482281 520477 490627 518171 481307 472709 476004 446613 456356 464276 450343 483118 467774 446268 518115 464799 461189 481943 473445 490716 516205 509041 486947 511660 493074 470193 490765 509698 486187 498166 456656 471023 490609 456043 458677 484699 483330 479697 445368 454079 477042 481223 464131 472920 469925 524549 492921 483299 466316 446310 499753 505037 498692 462654 502706 461146 446536 510486 481891 508494 492989 503379 464206 466975 483086 488911 510271 465043 468130 436294 485984 509894 459075 472839 513617 473636 478604 482159 469438 494485 478616 493802 515586 528968 446757 504162 471017 510568 481975 444977 474057 468666 490744 516384 508626 461674 479725 468111 459790 494690 473055 488349 520165 438244 480754 475168 468758 497969 509636 506440 514848 489115 468806 488064 504217 471873 459185 462308 493494 478936 443674 503719 495390 477471 479595 464598 439384 470051 491305 496929 464178 512652 463867 474200 488441 465880 451280 482220 506584 468217 473780 448988 468283 487356 457483 489442 450671 508717 467114 498539 480606 477308 538516 444903 507171 528083 513418 
534837 485627 451677 470067 427407 464061 472721 487866 457356 481791 495856 489319 506117 496792 517660 486186 464374 546369 483987 517936 472100 495943 481910 474379 486730 498614 495055 509297 455848 530872 492023 504223 467165 532318 482918 479593 460802 499496 521699 473499 480822 488011 502291 477260 518182 497965 512023 523013 491793 467083 482100 493776 499059 474674 486896 497585 472433 527375 482967 471043 526787 492436 506780 549211 486406 482397 515393 526927 484939 515702 543896 518868 516438 456721 445902 505411 471230 464609 471152 490394 514071 455937 453830 526518 501183 494256 486145 465336 537671 491499 510561 491677 470572 498917 506628 503668 480427 534041 477867 465546 507785 518794 502642 498111 504115 495385 467552 515689 507754 526551 488107 486872 473796 503686 507971 479811 468642 528947 482559 508535 483034 477565 493101 480652 473750 512515 516283 462738 518137 484618 514990 490448 476114 479923 475326 494681 503535 523207 472747 461313 501531 486480 508016 463777 528999 515146 451704 507482 500411 495355 519124 515596 515825 510165 475658 478609 499659 504215 487937 475171 479554 498691 515508 439308 483526 499022 503610 480374 457034 468819 469713 504668 511887 475329 540285 480070 471053 468435 497495 482958 498850 530936 484474 485345 453866 493239 509489 481656 501888 458511 519226 494607 506237 497391 526459 570181 477861 523630 517686 536781 
531587 493801 450609 464328 454169 476093 490324 479740 469443 477418 474332 473161 482710 479707 512210 444850 482683 535463 492534 501468 442965 494449 467804 456616 508645 490091 487038 491279 469276 535852 506101 495613 465583 508281 470991 486158 460828 470950 515338 491874 469859 497008 498609 473320 526836 458951 520797 502166 482546 480666 482374 470940 497922 430032 461527 481586 439812 510333 459666 445342 490716 462238 513598 522213 508194 489494 518189 488921 468057 526027 501343 508421 490481 482687 464293 470848 458080 455597 458374 480626 489493 448800 435999 509373 479437 460736 470811 490808 533000 473094 489503 485525 471429 514725 523880 477988 459812 520036 487025 452417 511416 475251 486493 488949 481117 496964 448866 511640 489979 533426 479534 495624 457333 498367 526090 446821 467381 491048 473862 526147 491861 467478 511282 464868 490004 508836 487344 439863 510787 491424 509984 507271 477238 469853 483967 499945 486691 522693 470500 481064 493656 484247 515052 452717 512530 528028 469277 498605 454654 486797 512959 508592 482137 492526 477700 482782 482123 507779 462837 462470 451517 501559 482422 428186 502327 475023 486270 505053 456620 452774 487602 470588 484865 459641 524858 478308 466169 473207 468469 464788 496776 492221 472197 491371 458145 484898 518661 472513 520490 454678 484670 488057 486181 501037 504685 520526 452111 506163 528256 517930 
531078 499470 454701 469853 428846 473399 507169 478482 470349 491875 487597 506197 510349 467996 477208 470367 503657 520581 512980 516608 466775 503339 452424 477612 496973 504042 501436 508483 480191 521532 514538 528048 466653 514300 456129 491732 463097 481079 541233 481571 498348 496153 502169 488136 506990 505223 513547 505028 495586 478808 487588 464902 488593 452374 506695 509207 439047 516442 461110 465544 473654 480177 519236 516838 500741 487693 533098 506214 488981 501384 531253 513361 504281 461384 457743 461170 475148 457675 482458 486366 487757 456148 448447 515674 486516 481668 487399 459063 519259 501583 503349 487326 487658 513303 515661 488249 478365 537648 459750 464156 539636 498155 513815 485385 498351 493111 459497 492263 512057 528674 475737 498842 458923 495538 538513 480360 451131 493802 495455 509285 478119 487926 504885 439672 494805 523668 497654 450026 522682 476056 506481 500760 475025 485651 484761 517660 503112 524094 465683 468857 496998 486837 505935 459067 490292 516340 467140 495272 469947 494575 503848 500068 517298 496383 462302 474725 494330 504190 496574 473197 450511 476074 505143 432273 482622 506150 497350 474646 485116 481476 487722 501011 509048 480963 527040 442064 472206 473504 481848 467689 495174 515194 467827 471123 467130 479195 518683 469899 517238 457067 498031 501191 501988 517039 505391 509709 486679 526266 510153 533645 
573919 519663 479574 499507 472514 489140 532369 515679 503606 517606 500882 542149 542330 507960 545576 520039 511917 536133 522367 545025 499635 528566 514416 513413 537992 513318 521199 552709 493794 573222 547212 545454 499501 525218 487237 516207 510228 510323 558786 520091 529595 535329 538529 510328 534205 522637 527466 539730 486828 502788 515381 498871 504988 510977 523305 513511 490509 556407 485381 483220 528876 500911 534421 570811 529201 528712 544085 530346 524675 549639 547521 542943 519799 479821 500113 500998 501210 496481 522785 509771 525656 510935 502905 531744 507808 509130 496385 498062 553444 520419 495497 515528 500270 545943 551369 525046 498949 570307 498178 499628 580042 526901 506143 531875 525798 521491 479141 533896 542618 559307 508990 512404 489935 521262 546726 493169 480082 547297 511447 543138 523801 509778 549705 481818 525526 536518 542252 485833 538375 526094 545702 543012 499872 505617 527568 537591 512110 544027 508447 514784 537962 514281 533341 499223 536487 547296 496995 521959 491754 541323 500986 553717 545355 544006 494945 509991 511448 523639 509021 508029 472775 514705 525354 476144 546037 524983 527604 500721 509401 493322 520088 504020 548245 493905 579204 513727 530627 503140 516596 504667 515033 538564 512141 501966 501733 514902 555113 489925 537179 498744 521331 510200 496045 527517 541896 572165 514460 536294 546150 563522 
534093 511972 477547 472581 458393 480266 511842 504949 468080 513665 489450 513545 523560 511733 521667 478578 469045 550225 507248 509601 474505 520496 482742 479628 543868 530178 513105 504763 485406 522101 504362 523002 496226 494695 490699 492321 472827 494441 532050 499334 493705 517741 511029 471295 518699 508474 523522 525414 475904 482816 500422 494855 496910 473188 498416 512985 472094 537926 470656 466611 503172 504004 511286 543913 500101 486897 543420 511914 482982 522331 560396 520021 512996 480096 472798 480129 460786 449594 476080 495632 519205 469326 483643 525056 481775 494152 505756 484976 537293 506254 517743 506194 483749 530084 515051 492452 514740 539566 472198 489197 523603 499920 501381 483572 504836 489648 459833 512090 531314 529163 488968 505355 474319 523237 559680 471536 473602 531110 506745 542965 480597 503864 520779 484766 494224 521211 508495 477052 532745 506114 532335 484589 485762 474462 482101 509620 530104 537748 458528 501162 521667 495513 526460 472465 513899 517485 473515 510853 502249 501663 533930 502029 515484 516208 482561 490246 492759 507879 488274 509556 470476 506141 505204 465200 518738 507114 509918 482945 483411 480920 503122 518617 496677 485948 562473 485171 502315 466428 486839 489890 511050 523273 488453 492485 483931 487452 527044 481649 513325 480011 498971 474532 495100 530647 492165 555201 501080 525206 551280 538682 
539796 496371 469106 475825 462201 476343 526903 505834 489912 528705 468686 507605 507614 502889 512902 486553 470137 520082 519938 544338 477574 482562 469714 479918 528323 517727 510413 515002 460086 535754 533965 525374 474274 520203 461654 485605 499988 492539 521868 489251 501361 502942 503300 480540 516567 508668 530641 511411 484551 486148 484304 490119 493647 457569 496432 507570 482645 549627 456589 481509 486020 485327 505720 537409 531105 482931 540534 521653 493971 543798 543488 535898 521506 486491 487038 504203 472394 456171 498407 502629 497620 461778 476285 517677 481499 490129 497500 482754 543598 517693 482782 497706 468771 527405 528383 514884 489611 538403 491236 454556 546811 520282 520173 515235 504895 499375 464097 504312 533243 546145 493130 495481 481241 514550 527062 505275 458778 530898 500677 521509 508059 479096 508198 478512 529161 520454 515479 490802 548305 500749 515851 507223 490374 505464 499610 506569 527460 543130 488282 493230 514379 498593 540962 491159 541137 538522 490940 522095 479991 512974 517017 510204 522234 529927 496923 499014 508513 531792 506859 472572 471623 515049 497190 455589 509471 507924 506554 476765 462109 464767 489095 510060 519034 509735 548239 479611 491030 480493 499524 479246 521548 521137 513129 507887 493814 524113 534002 450324 539347 496066 519295 496617 494785 492798 506320 560806 496956 535842 542842 523702 
559079 526693 503126 493628 471757 473783 535840 516358 498761 524529 524463 525249 529058 511502 544013 487911 497839 559811 522125 552626 483782 516347 513693 500511 543372 524517 515424 533601 507360 576169 538805 544586 496646 556007 475302 522201 512252 504496 529459 517443 533394 551210 528268 501235 534992 528341 551406 549437 503169 497238 522211 518633 509405 489751 505694 518989 491285 558507 477884 489005 524758 505132 534993 546232 526755 519433 550239 547028 508292 547154 557904 550040 550172 514959 502354 504782 467784 471959 501703 525358 516881 462935 505010 548458 508197 486026 524272 496266 566536 516513 528701 507745 494583 537598 536074 493842 504210 572982 513561 480462 559339 509500 536576 504508 518141 540776 479768 537736 533750 563168 496099 517075 481979 517425 559930 517248 491029 528381 526181 549549 513396 488732 537105 481683 511458 523274 528140 496461 550974 515350 560101 533069 492923 499081 493765 535231 517958 540472 497056 496560 533579 516596 550985 498045 544453 561173 489120 555343 492952 514978 541672 526510 530456 545553 481471 512211 515538 503306 503312 506342 484499 533715 522462 478457 535016 515369 521317 506709 497922 503754 514338 523972 558108 490575 575167 504923 508515 478081 504755 507124 534299 541195 500461 523216 503273 522362 541454 515190 528141 495979 531467 503525 513815 530024 521253 559980 493475 533289 549010 522744 
510528 493054 447243 459272 451695 477347 496692 475682 450026 468976 488206 473811 493110 476852 499953 485761 457482 511419 497143 508057 454623 475870 469428 472264 508548 509487 477336 501875 451623 533651 505711 504666 461459 495899 470654 493239 478724 458426 490789 482822 483875 498283 503938 477540 494555 498047 508134 497639 464371 465528 497422 470896 486603 453573 484012 487969 481939 524559 443318 451731 502930 474325 503585 532006 488018 460968 523057 498685 456831 492335 522770 533037 487516 487716 475260 482062 456007 427533 451635 476970 468468 437163 451874 500573 493551 471684 493856 471242 531383 471812 488595 497187 457827 506183 500426 476800 482900 509769 480471 467506 520503 508467 494458 479364 480120 492059 429623 512911 512942 526355 487928 502132 451163 491413 516024 479647 457083 506326 482683 523264 474040 463266 485964 473064 487749 498707 502662 446758 513440 499558 504081 489321 480922 485529 474878 509037 494564 495763 474190 471165 480695 488210 525902 467247 519693 522626 455085 516757 452881 491106 494109 499691 498099 520670 504000 471971 504386 487553 484800 461769 467091 502872 508794 434103 497814 496305 488754 490292 446180 461648 483429 469486 498852 475304 531566 500705 482712 464554 493035 454238 522065 486931 469124 470351 442504 491102 489008 477758 499358 484562 504294 478766 479914 484259 495705 527211 477823 507965 527643 517800 
545962 510086 485870 492654 455798 480960 507089 499031 499631 502391 475719 518015 532904 508854 503689 506151 490203 521279 534627 531707 490769 503604 488341 507335 519973 502059 523607 538040 492755 544223 526186 504431 483731 534045 474870 483022 485202 493177 548095 500886 524228 529942 514345 500188 524926 515843 532689 516240 491207 503441 500078 474572 509242 485146 500424 500106 482666 530226 485629 475937 516317 503354 532804 551142 507582 509398 544982 513501 509238 501465 541593 526416 524471 481012 483141 476800 498070 485666 488509 499897 496560 474576 500737 509372 503517 518786 486889 484915 536801 509278 478390 509827 493823 561233 518879 498777 498196 538995 493964 501095 535899 500253 513674 510773 519194 511542 459051 524091 528907 558535 473263 506359 485980 507411 533046 476012 479881 516856 515303 556238 496277 504120 518445 488178 519076 507562 524457 481207 530890 522788 527489 504657 481759 501993 525406 545790 517978 522452 475232 484991 505608 482156 562016 488874 501965 545231 481705 504683 475876 497542 518809 498340 513529 541851 493045 497736 494099 515361 484588 502124 474440 526450 542133 465885 525507 505243 498346 471133 485159 476572 509093 485789 514552 504690 545819 495950 505619 491965 500009 484068 521471 516961 509103 467409 478911 495805 538598 485627 535334 494400 484873 507194 507945 519047 526576 546426 495121 547469 552504 528824 
523233 471320 447613 478349 432067 461534 496473 483039 472298 485503 456810 513454 509351 480911 503850 475325 447816 500708 495892 501149 454655 494407 496284 470296 495110 507314 485771 506892 461402 533530 492977 507562 464326 495809 438382 474037 453684 474060 511840 479375 460188 504444 497814 476252 499536 496537 497725 496913 454754 479496 477060 468936 478199 456850 471144 488579 449624 533619 472046 475090 495002 459608 499983 536210 520402 461237 530069 481857 483026 513257 524612 490374 518088 459497 458378 451260 461208 458710 458443 488227 489339 449940 468384 501373 477555 485728 492274 466907 511304 497248 488345 495292 461197 529903 491568 508286 477627 518381 467169 487032 519266 497779 496915 499606 493515 471545 441179 490002 538249 526311 489669 483872 451741 493071 502494 476769 447094 490296 506217 505654 473783 476185 506876 465165 479389 499437 499296 437732 524688 492831 510062 475227 488642 456391 459213 497171 506634 514888 477012 472389 488426 475434 482187 456102 488037 496113 452518 452057 472815 481680 498586 509562 507942 514410 458501 462769 476965 503261 482683 489018 477902 500304 488631 448432 498311 477179 467573 466977 461833 451755 466421 479858 490060 467575 513298 472989 485894 469392 472337 464352 495171 507757 481690 469918 459341 497614 519542 484257 487363 444749 485338 478088 467311 480519 486460 544271 469857 516339 516157 511931 
498508 447246 416377 423891 413508 431015 457837 446900 436682 454473 451581 463263 463036 437621 459050 433640 431521 465966 457999 478227 435197 446038 425339 450178 482042 465920 444836 460622 405743 485623 452984 471381 433564 465247 429240 443625 425502 450198 488091 446044 437936 472399 443490 450332 475825 451057 485704 499540 435568 432585 428194 433577 423064 434562 448948 454570 402467 490003 417294 424879 462166 449952 471773 482268 465949 450147 491854 427691 455361 488611 472130 483576 469043 421207 428168 449573 423864 407030 439286 438531 470906 432033 427410 470068 455223 461707 468625 451284 450427 448660 445209 437570 433964 481495 457687 451599 441200 486089 422516 431510 463836 451324 447831 447225 448873 465341 453204 483016 480076 475695 437195 450534 424767 455209 464577 414418 415935 449481 454420 464778 441220 429991 464128 431748 442152 476193 471758 398167 470942 440932 489401 447742 432228 434413 446149 485477 466254 468060 424683 430240 470758 438829 448738 426712 449251 469865 432518 470526 451258 445576 452725 461258 464991 479725 416027 439921 464539 461009 449075 438629 419721 460776 453927 408873 474322 445832 453012 455927 440820 437799 451929 432178 447691 437717 485721 437746 428538 447352 435405 431739 459733 477150 451132 453859 415839 441737 476787 436817 440480 429589 467842 445123 447528 462186 461441 496056 425111 481710 473331 457836 
471069 456164 443745 426907 429351 416330 476688 472518 419363 461235 450152 452825 468865 453109 467225 448881 432325 495262 456861 490384 446686 460719 449498 440667 470619 470817 451767 473340 444085 482412 493610 483920 439304 467737 459522 444072 429933 452161 465781 443904 478608 488264 456779 423557 470288 452316 471941 471414 428474 437894 457682 440073 442833 437877 449153 473356 437714 466890 429585 399953 461940 446236 473548 508311 453795 447980 487881 481363 457477 446890 499485 468321 484337 445099 402858 429480 434438 400640 431338 447722 470506 426424 438561 475207 455001 434794 456929 419356 498899 437554 459876 439430 449913 477762 482665 440603 450920 514185 429753 447913 481422 491075 434597 449122 471458 453614 421210 460723 476885 490616 433968 435069 441909 458020 484384 438951 409304 498840 455716 459681 435067 455936 477960 401152 467250 447073 465563 426743 488284 453533 486871 454830 441132 465780 457948 467060 469750 486672 425664 463869 468339 466141 465881 422682 472518 486391 433669 457911 411011 453115 466368 448127 474011 458419 449609 425124 446637 474622 475582 450540 435821 457691 467800 392576 429566 472719 463333 439070 436531 438721 427778 463736 468051 479084 479253 441905 443192 428289 448935 436402 454251 465436 454006 430342 421769 416367 477254 457499 465137 436805 454116 435663 464348 465479 487787 506329 452576 465625 481395 466115 
534819 502410 465748 492372 433174 463608 512002 498497 468413 489642 489875 523445 526416 486592 511393 501159 487838 506426 513975 513382 501037 505732 473431 459339 494873 478640 493296 506714 469511 519977 499991 508396 462096 516869 474345 485937 459384 483192 548652 493546 506529 501412 518614 476838 511684 487776 526103 505338 478228 454533 485575 472534 501351 474355 503188 488221 467120 520144 456072 463192 511035 477469 521371 532479 512673 502110 530455 502796 492633 520011 543106 540574 516504 475308 477931 502211 472465 478990 471657 484173 491775 449568 471218 517111 474907 494603 496028 478771 546523 493403 495145 507779 467977 531031 517807 505505 483117 554359 466411 479508 543027 474952 460157 491306 512842 502834 471907 498369 538290 540929 467881 500972 480840 502719 523055 484468 467012 518979 491173 515642 497412 466234 501480 453622 492134 500914 516510 457739 521861 507977 531286 521861 475672 490929 509533 504027 517265 528896 457882 459699 507648 483416 515451 470408 514661 526132 477310 483284 481543 496431 488323 516469 525626 515914 473546 490498 512491 523419 500383 500110 468444 508929 478952 449395 501662 500644 520635 511334 476630 480282 489534 493896 493264 483380 531006 486048 498243 474556 496154 489539 511105 503881 468595 483097 472806 499682 525108 476173 499798 481701 501868 488778 493436 485416 500289 536820 482101 539199 513458 537515 
549992 494258 450405 477303 455148 475083 499484 469327 485790 504896 482899 520953 514835 479152 517266 467240 480656 563194 506608 513544 479076 491836 485845 458669 492032 522483 513446 510459 462277 533532 536288 519103 478913 511376 486725 490049 500472 503019 535288 511993 516801 515938 516584 494564 517828 511035 530703 515697 482448 490791 469302 471712 473367 475131 495538 472816 462894 533876 469736 454285 502611 513282 508579 568213 515739 515521 543536 532744 510480 507400 544034 536235 509069 477117 480296 483686 471196 456520 469069 507384 507297 476406 468899 527239 501475 491717 470582 477399 541549 498613 503484 481051 482128 528949 517783 497626 485377 560524 481211 457784 530518 494042 508805 506094 494169 504909 477883 520379 530559 530931 494437 501747 465629 514716 533214 471322 485691 528710 497234 537115 486477 478432 528845 468308 497149 518450 522838 451794 510569 485180 513803 519181 497153 486459 475637 513641 516020 507968 479817 485926 491215 478791 534265 488048 513700 547195 472090 488082 474852 504177 499159 511669 524652 537429 508040 504164 513005 510597 509433 504435 455183 503196 491693 454234 521219 519481 489604 495517 471279 483919 477562 519667 512725 503597 552144 485497 462725 484380 495653 475101 505171 523729 493992 481722 463369 505699 519465 487981 506039 474742 514620 491091 499850 502496 509682 553752 494196 512378 528753 519263 
557373 511654 476183 501614 470679 488416 533297 538171 496744 538721 502988 545164 537436 513389 548475 512664 496704 572847 549226 546166 505286 517327 496232 473688 515889 522983 555561 546145 508140 554951 547797 559461 502040 543666 484860 512348 519541 523909 535352 525161 539534 547978 553050 509942 530739 510233 544292 540232 512354 516070 522510 499224 502484 507854 520170 517348 528649 547767 470218 496014 534608 499709 537051 555497 535583 537968 540318 537543 523870 553693 555621 577784 541732 507623 519800 499056 475518 504146 477669 527198 520836 456953 505708 555160 513844 493740 522735 511051 587679 517393 518947 511620 488190 538388 527370 538196 494924 571893 515425 500570 541560 534235 511914 526530 537037 533394 487811 526447 543104 562832 511240 539113 501837 532656 542101 515321 494132 567410 521656 543357 511179 501908 549876 488150 519473 540427 533898 494956 539735 510038 537648 538212 515847 509058 529757 527328 523292 562889 498150 524502 554347 511407 536753 498566 555314 563021 502308 530529 527058 535056 549161 549677 531348 537722 505433 526498 539045 545135 519502 517882 505472 543444 536806 468346 533169 539583 511105 504280 492908 501720 522826 530072 552745 509160 570489 493466 507701 485011 498971 504506 559304 545900 498382 499441 480312 516497 543145 518612 550395 500653 538032 501660 506027 532603 510911 578954 522257 550381 528293 561103 
554186 520897 469635 475014 473268 452689 492899 532720 479747 504880 496576 543331 541009 511447 511164 489895 484561 551557 526451 530872 493920 518303 493701 475938 522251 510272 497474 547639 492763 553190 530964 528503 477855 560894 493372 482611 490696 515117 518392 516655 505829 528044 506187 493064 510233 516110 550668 539179 495939 499521 514215 483119 475508 499756 481861 509876 471698 517019 489922 471953 535824 510760 509184 550903 518655 480924 526269 525405 494093 521979 551399 544832 532458 502992 478656 478649 482978 502137 464897 487147 472824 485803 478228 533366 512927 491557 508959 484353 547905 492425 533591 503812 485226 529529 532523 507050 473549 551332 493807 486814 542510 513410 489896 497340 491906 502944 467737 515260 522690 550447 506574 493551 483696 510801 532060 495845 463056 520787 513196 529862 510237 501341 515239 465083 497554 532984 515255 481183 542948 512159 543213 518019 492265 491259 502176 514403 514524 527562 465256 499895 523418 478759 515270 508564 514899 526751 471447 515139 496229 516899 520611 516100 516716 529928 477133 506830 478596 524807 482649 513466 473600 510098 520303 455527 521130 494079 499518 469919 477157 496516 497490 494202 523338 494920 529091 488711 509716 488185 507424 491894 532612 519253 505717 502182 487849 484176 543229 503390 506933 476155 509198 522839 488180 527912 495238 571567 517618 545275 551738 547071 
524604 468264 451663 465373 456131 453123 482495 466027 453083 488464 464489 497500 504024 443926 498186 472592 459208 498711 501071 509276 470673 482755 462601 484857 489224 499732 498121 455380 462358 540886 500384 506511 462802 479481 474431 464967 477192 488122 499701 469934 494568 485251 483885 474403 498273 489027 508646 497124 460225 462306 474151 460667 474338 463476 491403 487585 454267 494954 456963 455512 484625 471436 487603 529505 481801 481092 524072 501518 470994 511835 534222 521450 510458 465617 452565 477158 446977 444817 448962 465438 480374 443704 480777 495085 470035 490080 488489 478483 521665 481708 462977 466779 466292 489038 496483 479678 494088 539969 446082 464788 513120 490996 479566 487304 491251 494753 450038 483485 537588 516963 454365 460178 442961 488464 518360 453996 453831 497767 483680 518379 485699 451127 506328 438558 485531 518335 487645 447091 489158 477307 497335 487288 475254 488403 495299 489996 501813 497999 465160 460620 497206 477875 499059 465362 488240 515261 461928 488062 450835 492848 473297 486087 510070 506881 468447 463837 484361 487766 479734 472238 451900 481232 482930 441110 486896 483669 495055 466791 457067 466083 464368 481726 495179 469316 549689 464058 475054 478598 464911 461638 484943 494449 489277 476540 476790 486727 493428 451774 481938 460828 454889 470407 455034 476282 469379 529167 474186 483090 510317 503689 
533409 488106 450033 459549 426152 456148 471736 488310 469931 476725 469930 498281 491132 479275 493500 489585 460411 520368 499019 500421 479164 480154 477815 465945 488726 487408 478061 487267 458356 537937 501810 497779 472089 481508 454995 476920 471887 475375 502858 455565 479431 487467 479551 477046 484965 495873 507096 498550 469323 444991 461409 466523 474159 461232 468632 482328 448649 518381 439584 447833 496594 470441 489962 537568 501540 464139 522667 514503 475896 492617 523156 501593 513652 469967 443789 467129 454729 459410 462518 455020 483812 434255 454102 511436 479052 461716 484677 451592 520329 466707 475621 490365 459499 478400 508785 482213 470505 520754 469602 437023 513053 501138 471448 509996 503261 476313 469676 473086 498631 519729 471429 464008 458778 468565 520050 461840 452821 502825 477872 520869 471203 463279 501916 444772 486599 505695 490321 440516 514915 486084 512791 482981 471601 484854 478767 515338 494523 502687 467596 463424 491449 467555 498649 451470 498722 505730 431889 482699 455358 479015 488237 486481 491118 500206 465077 475691 476672 494033 479401 449862 470314 479171 495067 433500 480975 468412 482896 449770 472566 477586 473014 468083 501110 467265 540212 482681 468324 452681 474748 466990 482272 487296 474942 452999 457952 472823 511026 451247 483965 444702 474187 470380 455697 493266 503926 520157 447631 510272 516951 495881 
550544 503441 465251 474826 446746 462437 488247 491590 484995 530344 492952 501457 506331 494554 513832 476215 455795 539266 510652 511543 470003 486892 459576 477042 486003 521319 495689 521221 474150 523517 523582 511005 481946 529625 467772 502062 474101 481986 549339 498057 471225 502797 518172 457270 513501 494240 542598 490261 477596 469284 470585 488230 492484 473861 482971 511373 487044 534412 461370 484364 504908 482069 527722 519977 500389 476434 538317 521666 484052 541418 517245 522687 511975 469389 484756 508937 481223 483943 467372 499499 488635 473428 460241 486846 473354 484721 490730 497564 529669 490087 470247 499405 484068 528687 490656 503167 502544 546155 484609 457748 522692 479001 497278 478008 488104 495845 462621 523249 538855 545009 487832 488501 464141 521848 521569 473885 467332 520499 498674 525693 503378 476774 500916 485121 497439 519889 507238 466970 528922 487660 513918 509100 491579 478402 503822 512855 484042 524752 477905 454439 506336 474649 515802 480099 531530 559895 490306 487594 493817 487674 504051 521933 515959 510253 480993 512089 498109 511334 497763 477419 484592 498296 473695 452192 512190 489675 493176 482319 471865 466258 473962 496016 504706 486176 541745 474519 496674 451431 480380 470966 494402 510383 494757 494212 471838 496351 521771 485458 493662 470303 529722 498580 496669 502991 506112 540991 491378 524083 520597 524451 
523697 498010 469238 489556 476607 468252 532921 494508 458655 498084 500346 510148 541153 480478 520059 505642 474379 549227 516222 514327 461587 492219 495928 486372 496974 495365 503345 498723 478517 552902 518927 524548 470721 506554 489621 473193 473754 488215 523874 519203 513862 523952 522270 482908 540489 489580 509475 518148 466354 480256 481603 477861 491892 494547 484827 485170 480596 531511 471173 490789 478653 503215 531490 551427 508184 500888 546293 508313 469206 523167 535871 524044 504767 476293 479719 489177 475254 468922 472432 486890 505332 463587 468754 501810 496821 506720 485885 479706 524831 495337 500332 489954 491240 527714 522325 509162 472448 544602 512112 481224 554905 492262 502021 510237 516965 493933 463933 494400 517352 538624 479777 494712 454833 520488 538522 499480 462847 513281 494171 518604 486344 490077 514921 470228 510829 499049 503216 468387 542418 501678 518560 497858 483260 523588 514755 518602 530702 536842 487661 494938 492796 508674 547978 466424 539835 506903 485046 499145 478561 497729 522805 510901 508305 519756 491180 484791 496711 517639 512071 502615 456963 519365 502290 470378 500209 511145 503482 491794 480135 489957 495910 494005 512162 493714 536610 487357 482144 489725 500191 468865 496847 499582 477242 470003 490131 495372 539141 482479 505676 482737 503476 478546 493055 513356 526848 532868 504856 525377 548059 530158 
529139 496881 440386 465391 451750 467609 509349 476108 483581 505955 498185 495826 502959 478338 522921 472861 488838 552006 508942 508648 455729 486455 483686 474722 484888 522169 507894 508795 481887 546617 518418 515809 490168 524745 480587 511279 465259 487637 539335 507789 514910 508777 497972 479808 544512 498830 539113 520761 489089 491814 489907 490920 488990 471282 495930 507338 461894 540073 470073 468467 493340 496971 523292 554203 518008 490562 532154 514513 471897 515089 523486 507129 524836 477718 470264 473236 479518 473275 479662 497134 497658 463582 458095 515606 502326 492071 467162 477384 525273 479986 493827 501662 481052 535200 530729 508112 484025 538920 482291 483574 538745 515405 501193 488580 505007 494282 464384 507814 525169 538548 505742 504045 451605 513254 558362 474676 469569 534954 500500 530640 512996 490829 516192 475262 501525 495636 511506 471459 522752 500217 509686 497956 464796 525732 513437 527025 533709 524605 491819 482789 501407 493797 527558 469873 517324 532230 469270 497287 472372 482621 529191 510506 502526 515157 484328 505582 515133 512967 480582 486662 446719 520291 487881 451016 507234 507419 507203 491146 477562 478926 493182 481537 488874 491543 526672 475425 495685 484386 494806 484985 501290 532408 475059 463178 478726 490904 523875 461510 507118 499586 497354 492017 515971 501388 512319 555017 468635 525253 547591 514503 
509896 481051 448886 451469 426463 464583 484514 476779 462861 483774 458345 493420 498846 467354 507956 460661 464985 507775 493974 502687 446997 493064 457977 453013 486490 470245 479527 484649 448573 523608 502773 498903 444235 498206 443109 473601 439703 463354 506074 472730 520736 492625 487127 467895 500786 466093 503512 502698 443132 458467 447550 460101 464125 443030 483533 463233 463744 496600 457289 469708 488283 470275 484354 497816 488395 489983 526597 469536 470680 502313 516283 513469 504052 462849 459435 468868 451237 458532 457930 468115 474026 439038 425379 517924 476131 467261 480149 463994 515070 477150 469164 487668 463604 505160 497565 491210 463763 518862 447042 476436 513333 486542 484297 472204 484326 483290 458541 498895 500673 504988 485559 491933 444433 493793 509252 473969 433996 497028 478406 487975 500285 463785 481642 447785 485456 489883 498805 451081 524552 482452 505576 482409 462246 466357 500299 481546 490040 535372 458191 473233 491032 460240 514506 457682 494421 493799 465495 475254 482632 465576 485343 486066 497506 472522 473600 456486 479729 518102 493700 472980 434914 473879 472507 436437 506966 483083 473193 455700 458281 444523 464424 473492 483261 478005 504644 455680 467738 447779 466458 464876 498741 481964 469943 472013 461932 481396 511908 466808 503534 453080 485161 452467 498922 475244 486909 527037 472816 498551 506840 501930 
517081 481706 459472 456659 431370 453817 489343 498151 475054 496043 468815 490381 505990 501352 491321 493989 478427 514792 502516 519207 442565 475129 480989 480422 508427 482452 475748 499729 453391 533407 492108 511845 472168 509573 438562 480227 472687 470985 503647 504006 493707 509844 490097 482995 505091 501883 525219 484132 482035 475360 472199 493785 474743 476804 471491 487820 458463 517077 453634 472128 498778 480648 507126 534670 489118 470086 533915 509862 473174 512087 528651 523578 507961 470691 476717 479305 463376 459934 461702 493443 484983 462193 456098 498790 490626 467775 490200 464814 517032 491126 485150 481676 461521 493552 498764 481896 471844 532166 466170 458573 526088 518572 481983 485352 483457 494896 460849 496875 517430 508562 478586 491232 468355 487935 512182 480661 446439 507647 502875 497293 482133 466314 517915 467905 499094 503750 512651 463227 504855 500041 515804 500047 462863 506915 486284 492357 503735 503191 475861 481437 497024 507765 520610 453591 510736 509655 465839 500149 465936 500301 501673 500211 471437 496960 474784 493206 489916 513616 477204 470482 462341 507694 523873 449723 489834 485461 482250 463370 479587 472575 485506 475687 495280 468804 522791 479214 471256 467722 479466 484657 533013 507827 480046 491326 461782 482674 516774 465487 494475 460332 496307 489172 465812 503009 502651 542411 480056 524530 515189 503043 
551193 475395 462541 480025 453202 471750 506342 500824 455898 494201 474217 502646 512416 489501 520843 490679 466709 520646 493571 502127 468968 476725 483328 465142 499048 491633 507199 496239 478187 524598 508896 516912 466239 513828 473560 492156 481646 489713 508629 502332 511320 516064 503455 482730 509513 507868 514345 498633 468649 473489 468486 482849 499190 473499 484763 492202 473060 526429 454773 466731 492941 495195 513978 518687 485260 506132 543080 499164 488228 520621 538514 537060 511000 472755 477669 464229 465706 445417 483893 480719 486368 458434 455628 517327 475544 489362 493614 476368 534501 488780 466431 484123 491902 524737 506344 525377 496274 550365 485744 475316 520395 503201 489117 494202 510293 503376 465274 511531 534535 519273 473478 489917 480075 499948 517193 490334 474643 520664 482978 508032 470549 463746 488229 455267 482325 495245 522276 461058 510135 499033 494615 499828 486939 481778 483244 512379 510112 524884 459836 493179 508221 500018 543102 473847 516243 525562 487264 489144 477792 489398 490586 510250 528802 522379 467549 481226 496218 517026 506305 508520 462865 509035 492771 445915 497454 509216 485212 480092 468105 475134 481689 499256 493752 469443 549254 491917 478305 477634 490645 482297 517277 511890 490162 486663 481158 500640 521698 467599 484259 478571 505168 493460 493204 488620 504143 544034 487948 501314 512914 517940 
495030 489473 453951 489542 414243 457902 506737 484283 456959 478073 467016 514762 507115 460541 507996 469014 471259 550449 499841 513436 475322 496301 444989 472529 500969 501793 491216 487734 449580 523705 485928 493241 467751 522400 454626 454550 461777 465833 513824 481111 506476 512822 497457 492879 504094 488097 489868 502294 465112 465903 483249 456494 470237 444461 467370 476257 476670 531588 458001 484888 474999 480502 506386 540462 491741 485868 533873 506647 479241 502991 530079 512693 490996 454251 451900 472351 469977 462407 458579 494842 488414 442221 456852 498780 464103 463771 466614 468972 523240 494365 488049 494603 440690 500580 496750 506314 471195 524037 472579 461325 530323 487645 498585 502015 493820 467138 449334 493066 500455 528809 464971 494901 466217 487134 517894 478005 468686 513400 479200 522278 476141 500173 519299 462137 488250 496178 496850 454544 495372 491429 490922 503721 468847 458709 491335 480004 510086 524370 450508 486464 496154 477351 501312 461048 516030 508141 472596 499793 478700 512889 505611 485784 484310 513646 465444 479911 484870 504373 464812 466030 476379 499717 523217 437114 480636 487725 473652 463424 467446 474824 467871 493841 495825 488887 522941 473480 482352 469805 470619 483384 505340 507538 478841 466076 462935 491477 508980 466112 522131 447978 484134 465476 474752 500304 495225 534054 479273 513320 503837 518942 
518952 504078 455686 475937 438962 455543 483439 467785 458010 477921 482935 498815 511130 491405 497542 469917 482107 514357 478417 515385 492810 491356 508536 479526 488779 480951 486785 508768 468063 517295 493283 489606 449978 501695 467078 476661 464911 479397 529262 494531 504208 477118 501880 484138 508709 505391 523373 488440 494743 475874 484213 447459 509390 489988 481894 483939 449534 532531 446740 463815 480728 481186 513838 537349 496819 477904 520116 507358 467412 511627 529411 507043 504690 466332 449718 479804 463703 453816 450552 480072 487769 471174 458906 507720 468399 481831 470540 473174 527110 478309 482801 488163 483818 503460 514271 480619 467055 519747 491718 459928 532766 497166 474854 498005 519789 491606 463227 513022 519251 524294 464075 487998 482794 491382 512643 489681 460149 511071 492500 500119 478671 490543 519246 430237 473701 512270 496474 455479 515162 481969 502595 486227 471701 498856 500409 496153 491753 520119 470302 466964 496618 472505 502453 460112 515504 520505 453939 474656 449483 482546 478361 515222 513647 515620 470866 494499 497965 494614 477516 474913 456752 494407 500979 431261 506323 509343 484505 463680 461990 462854 472706 477146 492992 491908 522439 459150 490022 486305 480262 483333 501940 511252 463652 484086 468591 483649 540402 471655 514184 450827 526308 484874 484230 488129 502533 537599 482604 507159 535289 523245 
509980 492581 445686 467768 441530 449317 478463 484234 462302 464678 465700 499356 502681 487901 477872 466663 467673 506068 493363 510090 459817 484474 472472 445464 500412 503594 496071 469750 443946 496380 491380 494985 454346 485062 473314 459181 470108 490443 508316 477655 479664 476016 495054 483418 465871 507818 489304 497331 480117 449055 473506 437687 482648 454739 473048 477167 439880 504552 448112 473915 481047 471608 487310 539216 487392 473516 487442 499567 455347 497018 522321 505611 496774 465095 468235 496448 457117 454717 436450 461397 489604 429888 451066 507633 464223 483236 476018 462587 524759 495650 488244 504484 451620 502912 511400 499426 466913 517986 461843 445301 504606 514798 460726 487711 494180 495026 441559 488725 524778 527913 449698 487481 449597 487066 505613 462006 447850 512243 466921 498431 475554 463779 494639 439511 500519 499238 476723 425463 492892 470312 508004 481794 454701 467590 486410 492023 493417 519479 446788 464465 508402 469166 504373 448423 504380 521072 450334 466149 473648 474122 471609 489710 478073 497951 458988 486279 509899 502838 495641 462990 449457 502973 495714 441840 469835 482361 478938 463314 469278 470649 481808 472667 511641 473626 539521 473362 485842 459158 446198 439372 490885 518321 473634 455185 451630 495369 519189 457021 500929 444061 492144 469855 473672 505586 480692 513313 461506 526362 494733 510279 
495841 474169 451606 453742 437794 428596 476043 449778 447771 474868 474090 475908 493103 478856 481788 438234 450837 481927 467525 495352 422834 479053 455846 458372 479234 462873 472551 481916 454870 506493 493449 471600 454863 482055 449440 465120 442589 442453 502723 495447 474573 460673 477726 481047 476143 475978 489030 480403 452056 475386 451013 438391 470172 449816 452942 450232 441257 497473 447535 441726 471146 464749 482573 490916 492891 441697 497765 468459 449558 505598 506897 500390 496021 459676 469079 469775 449407 449645 455523 463232 464228 429943 441620 491719 466741 451943 469002 470808 495332 481228 465923 469674 472594 485852 491950 482066 456780 510291 428895 438122 518521 457638 472184 447274 481705 492406 436868 497802 506364 486002 445728 456402 457979 458205 491446 451280 416549 497327 477166 480566 454150 461325 485369 432200 472673 478796 477950 431477 506188 467401 510916 484759 454486 439101 469088 491096 466256 505547 460168 463979 488785 448836 489972 448861 513301 527302 459270 470341 453446 475307 463755 496510 480422 481281 444434 468123 468447 471772 474815 455745 435270 484562 483478 439636 478920 483176 473267 442891 434748 441450 479388 481852 485898 463241 499419 450484 453113 434830 449041 438218 497117 466160 471887 462739 450511 448002 501234 447118 494314 448339 491972 477966 484708 474682 485932 500858 467294 514912 497689 492824 
489028 460194 439279 441560 425632 440462 475278 484987 400598 456084 427455 454310 509404 458899 472555 435303 430897 470442 461320 501640 435985 488276 448147 448372 464056 448798 461194 483909 433927 473481 457540 472660 436452 488130 457552 442641 423289 458986 484787 446479 464249 455872 456121 464108 442374 443456 476787 465201 443373 446694 461423 437839 462188 444844 429608 460103 428152 505060 428487 438428 472957 452392 468101 510948 478583 436632 486863 469481 437975 474354 502048 482540 473121 460328 423936 428772 451716 428846 425137 431702 445455 426568 422592 480997 461272 443383 464357 450593 504381 455144 454209 470245 452892 471852 466671 473649 441355 514961 431806 432197 498686 477075 453989 459802 456486 470568 425475 468625 469023 499686 447776 434787 452199 462999 484032 451875 425654 505367 449801 469903 457222 431813 473794 423772 465734 475259 481752 427660 492742 462094 476236 453685 448369 441357 466677 466373 493856 473665 421931 449143 469131 454753 476905 421888 477785 483246 449637 449066 444178 453141 463315 458366 467219 484562 456787 462417 454250 454300 479866 434732 432693 458670 460016 406289 436531 455888 433871 447128 439496 425875 435009 463298 467302 454377 496304 459497 442950 415905 459844 464161 471195 474952 466436 443549 439094 457100 488790 443897 488546 449956 478029 476117 438143 453416 463496 499785 457294 487165 461248 485991 
494185 464964 460283 477921 449906 456133 503509 487663 465359 509016 471235 485719 502789 488263 493375 473093 454693 526721 512610 502638 444233 468949 496062 456574 480280 467866 506500 501765 467078 537761 529418 478784 472259 498752 471515 478855 472694 497448 522073 477915 489660 512733 487197 486386 507540 471778 515782 503289 469451 458705 453443 482547 470901 469756 483225 467477 445913 507439 457671 444040 485275 475228 499466 531106 474199 503775 516276 484803 490412 528593 522481 514932 501117 451090 465701 500284 464954 480105 478643 493627 498462 476610 457831 494466 461194 492006 467895 483721 518711 488097 473524 457693 450330 514922 528942 489731 468821 522269 463420 473162 503097 470546 447139 480356 491089 505164 435807 504282 529052 517129 485696 475282 472656 473927 528429 453965 425924 501193 494120 514622 510470 453069 502425 435073 489808 500859 492775 463658 494345 488136 509245 490429 450222 458149 501251 526416 484823 513623 467930 476251 475258 483440 526072 479408 494881 533124 462888 488593 463647 489309 484037 477923 504243 494543 475804 492776 490553 517788 487338 517101 432258 500252 500653 450249 519995 472707 477257 463398 466797 459804 499089 497436 485747 481534 540810 475246 485227 459937 485722 467868 492805 517616 500494 475893 478193 480157 526856 454956 500507 464332 506271 477266 493508 494254 509332 533918 473786 508687 498984 506064 
507396 474151 440004 447102 432265 470005 496069 460062 462395 492821 469578 486479 483930 487903 503254 476249 482041 539103 481543 517073 446326 468167 471553 479604 489663 518452 506145 494362 475163 531155 512032 511685 472931 495220 467827 464796 486248 489349 518138 484825 478976 467592 497609 483493 514512 498205 520912 494644 474727 473301 484772 488092 495941 478126 482452 470635 450497 511061 449458 449053 482993 480170 483145 538055 489368 495702 502387 516491 481666 523948 538814 496804 486826 458969 466944 464622 463955 457246 464908 493803 499877 472866 479434 495771 477870 493390 472521 456946 515625 489096 485778 476985 455520 507019 524378 480727 481654 528823 460563 459847 530980 511739 477079 499044 478497 503760 453451 481306 530320 515208 494613 476352 456621 503086 530199 472033 452268 501873 488003 495607 486557 480303 494049 466534 501483 509447 487537 442820 513828 480893 501650 498501 487886 509520 492373 520389 516011 504987 470500 488377 487837 476727 501273 475066 521453 517044 465038 502133 445275 480982 504598 493767 489716 495857 488197 474510 510652 525442 492271 502190 448506 482503 496014 432751 482467 475192 501290 481626 478443 464102 475535 502405 480622 481182 528714 477125 467888 475802 470415 462009 512694 517031 476788 466454 468317 487405 517247 445325 490686 489742 500136 477194 474347 496235 493896 530017 469074 511648 533642 521986 
530092 489686 472281 493247 461328 486849 515781 474687 468750 495141 493059 533921 497758 476194 503215 479789 473225 528769 496928 529817 501227 521454 474177 480530 513615 500386 530040 507280 472650 544358 511904 530832 489628 507049 456440 477018 491806 495972 537330 500778 492576 519324 478004 504255 513129 503815 531936 495209 488914 494759 503599 465712 495232 469617 499980 502863 477364 522616 469202 464678 476247 483221 510800 553610 524508 504805 515711 512772 495508 513815 549353 547216 507086 478669 476471 472568 474218 466919 488835 492693 504013 470714 480022 501386 493883 500493 464390 483307 542075 504387 497261 497998 473122 540068 517163 499885 484388 539277 507181 483897 520135 510415 505217 514198 500775 518837 463325 502815 533168 530958 499396 499514 468732 501697 534419 458901 459056 515223 493197 521192 473819 472749 513080 462942 499163 506309 513876 443211 525775 517423 505897 518448 491048 485146 480548 527906 521645 499129 503957 497666 500142 493647 491047 483380 509495 519953 462828 499424 484736 498956 500808 499267 516645 507533 494203 509894 497559 524755 487087 501289 464430 514723 511246 447770 505221 512362 508811 467011 468772 467177 501240 496361 521407 480260 548036 494805 500457 479473 507629 467548 518198 493020 484636 466786 462536 487689 522567 454207 519463 456217 512896 518081 494000 505029 523169 555963 462343 525709 520690 506575 
523689 473753 448735 474406 464815 473775 480032 470516 463472 489769 471776 492706 488709 467206 492408 443955 461005 502436 466350 516160 443406 479076 457782 487787 472825 491773 497131 462679 438545 513492 500983 485738 470247 501040 461072 474532 439490 472398 507301 465054 502122 493648 505366 466317 505965 483266 507369 472735 473635 476981 468184 454074 476239 464546 479043 480293 460151 520704 455138 448848 477152 475551 509647 534658 495423 469979 515233 493925 472912 507805 509523 515720 499025 478456 451726 463295 465958 445880 474147 474791 486816 451939 455288 512711 465487 473482 467661 480026 538183 482075 480435 459227 463750 489769 490629 496694 462677 530849 448253 458259 514586 486689 486623 484826 484442 502598 461778 514853 509879 513883 472635 484833 452770 484361 507860 452024 451628 486833 485762 497800 472725 468758 467728 452602 477329 467548 490355 437707 502839 470845 518755 492173 478525 472364 495916 511406 489401 513316 481986 471171 492996 463908 521163 465111 488536 534453 476599 474970 434937 505149 500428 486780 482942 515108 459756 482970 489696 495170 486494 462443 448462 479155 506910 430770 493201 494768 477888 457284 469270 453425 467683 478574 496770 483277 507303 476575 471056 443029 477201 449478 481089 500890 476202 466952 461545 481887 515999 472351 485711 452733 486188 463493 488688 498311 520742 536026 457773 513449 511618 507200 
527837 497738 480477 484496 430865 482697 503309 494837 463332 513700 458884 506244 529011 474460 495938 486523 467862 534709 526361 523447 454295 497380 467807 481821 497008 492804 484021 489756 467935 507928 508030 510354 471592 492991 459745 483457 441456 483805 525092 501982 500833 513250 483973 478642 495860 494229 501462 463655 463419 474906 470918 490225 489767 445755 495352 492508 472667 516696 448868 489739 488059 481800 515476 537569 487309 466299 521895 519989 488392 498519 525038 526102 517882 491941 465721 480892 483716 471447 458554 485839 493696 440686 473652 477784 471722 476889 492647 478040 521761 507761 487274 508235 483274 496999 495865 495300 491013 542222 472156 470336 516944 501534 486150 485984 481743 485203 470516 485592 526628 521012 474608 485999 461553 506754 530040 475939 467513 531210 487223 514537 487906 466847 503965 469865 505271 504959 527466 448861 515971 507893 514481 501363 469613 486256 506026 509487 494111 506440 471574 457009 495252 503844 536638 470065 508334 528582 473954 478599 460861 477690 493486 500222 486269 512968 470209 473545 494322 497794 499688 466696 459661 497449 494985 450083 497375 504011 490480 479494 460004 482773 483908 490010 497862 508952 554239 493641 476006 454700 490651 475387 495749 491438 489384 470647 457900 480413 518079 476819 516094 479719 487927 491508 486482 467316 502829 545813 482310 520384 528492 516357 
576593 524329 469523 482584 477730 506458 534129 521708 495279 531327 515304 524216 529083 519616 537164 509399 505587 563169 531164 535795 490268 514230 504578 486070 528632 528068 526729 537218 504305 576458 535993 544466 493189 526655 487703 505334 507307 526890 534887 512993 515207 521555 511965 493225 531464 562082 554703 542574 505690 500769 501886 495208 509753 502249 525489 509408 469241 567359 477395 486822 524115 509172 518749 579629 509816 510443 551744 525355 518718 491508 549841 543691 534829 490343 491579 490685 502193 487173 489038 527288 517275 462984 494904 564593 513722 536253 533875 499814 545043 491518 528025 514941 498501 552693 550678 523337 511840 563854 486071 487916 556017 547442 508840 538953 512803 523171 451647 526649 550427 542958 508974 510337 494887 511535 550160 488038 467488 530813 511948 559552 501948 492769 529027 459866 526441 523626 514693 485875 531355 519926 543592 506751 490239 497514 520366 531614 541347 556359 479604 510527 511735 499022 533868 491637 522865 547623 480380 510438 497498 511874 549449 516366 536005 526500 526601 527271 524656 534804 516968 498427 497379 525558 519090 485817 519809 492497 525100 495941 496801 489148 494718 517785 540928 498288 587286 491972 518549 506621 521269 484908 542532 557073 508441 505878 493512 535898 529617 497384 541580 484360 515699 511748 513381 538632 514164 594034 491801 536184 549689 559547 
512005 487178 480529 489357 456661 471385 525129 500832 472587 501607 476233 519948 522546 503110 495803 495912 467964 530336 516966 525279 469036 517915 496717 507825 500685 529389 493908 502777 488267 525469 530940 525770 474002 510166 451775 496640 471748 486453 514877 507676 501831 523188 479369 504826 516215 498655 510251 514866 473972 476578 485352 483257 477737 496840 461829 490125 471447 532449 470776 485579 485330 482770 529301 525239 506351 483007 542813 504600 493149 519909 552097 504435 505637 488993 477639 481799 461015 469657 490553 494733 496816 464609 482315 515236 515750 494657 515978 465060 521022 497294 497644 500084 486563 526718 523904 497401 482461 528980 491945 491013 528068 512213 513451 493238 516561 496240 459491 515979 539647 546880 480667 514484 478512 535253 534006 479351 469601 532785 513340 530742 477091 502332 524050 469395 504376 512122 528613 475109 537677 528417 534848 497764 454106 499446 475443 527529 511056 512106 481586 475084 512562 486658 518219 480618 497714 517128 482371 518803 463273 487743 499435 502716 533819 515763 471247 497108 485935 504506 498287 478092 461305 516255 515633 462033 509502 499889 497339 478860 473480 465210 494302 511567 512096 501367 571039 477024 513950 474204 498402 476864 518626 496510 505407 482658 485461 470316 537867 503807 502026 482168 502273 489828 496562 507006 518789 559460 481203 512007 543454 509809 
519564 499335 465997 492122 451131 464536 517156 487947 478919 502704 486565 521091 521973 493697 503749 495113 464842 497580 525255 512301 473679 523640 459918 485736 497323 493390 487714 508639 476362 527007 517234 518222 487181 534077 476143 498164 458536 482077 520143 498497 518166 521188 503136 459149 512974 505872 528576 521482 482360 509074 514404 481372 477254 504870 489900 508022 474057 525648 469507 457203 488571 500218 504246 547322 508412 485476 551864 499178 487735 518992 528811 511706 503308 484336 485034 478058 478178 480841 483929 494489 479771 454151 471699 507800 491527 510066 502088 498058 543102 478248 476570 491089 483369 532100 507994 496479 470423 532543 476116 494007 549431 499374 482644 484561 498756 495332 475176 514693 519820 547265 486340 505716 474382 510929 506248 465771 464048 517901 495345 518288 497393 499079 506839 481025 477222 502193 520176 448449 516616 507751 533726 499748 477993 487873 508514 513671 508482 520043 457579 490509 528914 497137 522254 476789 492219 537435 482838 488154 505193 519840 504187 509195 507984 502421 476665 478659 488591 516527 497985 476864 461328 491020 498411 465124 504571 493555 516560 482317 469266 501156 496929 494302 505011 468140 529595 460472 482477 480690 475251 482599 512156 499856 506591 492801 488596 475745 518240 483759 502107 489396 486946 495074 494029 507214 494849 530814 484681 542410 532958 532669 
510647 489433 435559 479013 424352 458516 499803 475002 478548 464127 465427 478401 482071 509008 482985 484051 467369 510023 479475 522117 444008 489641 467335 474854 513599 500729 525200 505179 439855 518195 478606 510985 472940 523173 468018 472799 454296 461730 512503 472186 490066 509577 517261 465373 517725 477049 485569 487131 472459 482390 480383 481573 470421 472530 465889 481249 456036 498463 443060 450812 492619 460170 510850 516284 490904 486781 510820 508569 469310 512316 499632 502612 503316 452923 464255 467438 454387 454012 445705 482694 488403 445189 462476 512928 494064 486193 469389 459841 521575 471811 469399 500130 465087 532802 494232 495550 500364 525236 471274 490263 518085 489870 465221 476278 498073 499517 465404 509285 499975 520820 442927 473974 473293 495541 507358 470182 452192 490989 487303 520516 492294 478282 506227 466534 485711 484560 496277 444582 508212 484444 497158 488091 483759 458811 491892 489393 517135 501198 448175 467162 489317 492126 496583 444381 514721 500330 467333 501216 468416 494909 488348 479997 480395 500456 462447 476235 495764 516783 470894 491671 461498 489141 495538 424970 480300 482791 487470 447119 464110 460875 472244 477919 479346 466626 512896 464626 480970 478559 478209 473665 495189 497432 475370 484104 460092 475896 512387 470088 511201 485902 492297 458802 487489 495008 493019 532313 466520 515222 528477 505188 
502295 489139 432048 479664 448827 444635 490515 459653 434418 462019 467639 473018 515785 441647 501191 462345 460723 503890 486872 514998 472441 480309 474890 457445 466590 466916 457184 467173 432417 506926 500148 494230 442759 487457 463948 451509 460579 480574 500144 467946 483481 453790 460907 473487 475403 461927 507967 464226 451192 458721 475427 434941 444732 459048 486546 467283 459277 499080 436540 428360 466500 463200 484857 515309 485195 467626 508012 484115 448326 475091 515778 499763 480837 454654 457404 473711 452304 429417 439917 461392 451829 452179 431636 506138 479919 473848 464746 438458 510299 455607 471665 484886 475310 479753 488595 462285 439255 520004 462172 443626 516120 478933 461350 482200 488791 483528 434701 465433 478801 490103 422676 475561 450088 459517 498476 477842 436446 512568 451365 487069 452787 464328 504394 438777 470020 473356 484242 432014 491209 476491 488038 491724 452576 469002 486747 517243 483525 496511 435400 452540 505968 456680 484947 435584 506282 504184 440707 466955 443255 449682 470647 504943 488153 494776 438636 452296 464685 488992 467317 467104 436777 467939 471929 415801 474180 498259 476350 466512 442265 455012 472005 465689 460325 462280 507044 453935 477018 464015 459412 461443 480362 438218 467182 446705 448184 466512 510294 445607 494214 450979 502566 488160 468382 492288 478481 512353 457000 496781 492130 470163 
553114 485040 452680 461860 454295 486798 495775 489482 459163 478248 477625 521563 513343 505288 513482 508424 454814 526928 513801 525626 473047 486341 468772 486992 509311 509916 519952 497779 478830 532104 496075 520244 480557 518317 477768 480822 475419 487110 513205 516765 509273 513584 529127 491120 527954 486717 513619 517734 489912 475626 481685 482744 462363 493224 506594 499492 482666 543663 461477 462095 508338 498364 505198 538921 501357 494303 521781 503515 478614 509275 548749 527285 481848 478892 479533 493784 481898 465144 466296 485146 486664 453581 461577 517126 506312 502281 506791 503902 548579 493499 479120 493368 461433 523895 527536 506454 488252 520446 479984 464186 511781 517695 494295 502179 505758 512065 460050 514959 527651 532140 501324 502211 469801 497048 530758 491728 468272 510715 503629 551829 502220 479669 500380 471214 497330 502505 499955 461614 543431 477630 519015 484822 494163 481379 498624 507127 519941 528123 485169 468868 516010 478146 530070 465831 506608 535367 502380 520985 485730 502364 508743 508138 514860 506688 483880 489153 507382 503670 508228 465353 461479 498210 526687 449218 494603 498760 513095 465760 481816 458497 492157 490725 511027 477956 559090 493440 491194 466686 506064 462269 541656 521652 504223 499683 487185 494506 519281 474644 514597 485569 491687 496313 500165 494507 492695 543676 485746 529050 552474 532706 
485790 448289 434613 438606 420536 445919 467797 463157 440339 459082 429394 473240 498347 470271 471004 437286 434763 469972 470414 471584 432867 464421 427324 438732 489172 445656 483367 476805 429430 489409 479911 467958 431266 437102 435911 430801 464769 447919 487680 468330 450560 477113 457293 448790 454907 476829 492447 474025 439732 445324 436295 435582 484150 430567 465757 454327 431673 458029 414511 433021 457425 447436 488210 509368 476235 465328 497744 491625 453825 483434 495158 490361 470059 448694 448779 453262 432578 412282 456032 439336 442390 436626 444067 483892 466446 477641 460776 433411 494718 463289 438464 446699 449556 513948 459983 461624 467243 504883 433363 428057 492390 467713 470327 450794 483047 468696 409468 467070 489640 507137 440708 450034 440148 473705 465740 448441 439042 487483 444079 471660 461545 442909 462713 426424 472252 452179 462511 410853 470665 465897 460091 465009 449466 451130 464921 484882 478952 478741 446448 454348 460964 462690 488765 462596 471824 502775 456202 448098 456417 459216 455809 460319 470619 486471 461275 456987 460244 486751 471595 454869 436224 460398 448297 430585 462564 461756 449979 434631 437901 437245 468435 450075 477436 454832 510206 437079 440074 439935 438791 434157 492690 486050 454932 434127 453135 446265 478993 425333 465116 437559 454071 461741 474096 455659 470773 496057 431871 486056 475194 476912 
530587 527452 459577 482945 456357 466135 505467 493073 492019 497864 511095 492556 515408 481864 506347 489615 468040 548235 515462 509593 488219 492985 492084 465421 495004 525344 483006 529195 483188 550854 528763 534948 484883 522308 483161 514403 491207 490352 550765 502238 507283 513128 501605 490063 517357 496571 523838 521002 483209 474999 485563 484809 470725 473980 480433 505094 470470 545820 480642 462579 523102 511964 495563 539248 516452 503867 538883 520705 504084 503000 551409 522119 530920 477007 480659 500087 449610 459757 481931 496269 484776 473806 457229 547916 498373 497141 518322 476291 528002 491330 523297 503400 485788 503371 529397 503312 492439 553526 499291 480157 521679 490671 509869 510428 510352 513338 458358 511989 513194 539513 483127 471678 487514 500383 536868 475364 467579 521651 487969 519283 485452 495370 526755 465059 502267 531112 508357 469417 537750 518134 541842 519781 470819 485517 503103 525924 504008 523023 457444 470606 520397 479429 528736 457300 539489 528965 469873 536999 476451 485726 517170 504635 539183 510478 486404 508512 513900 507970 492363 476193 471705 514904 509559 468919 499867 499531 509422 517144 478655 488486 510134 498819 508294 490397 540727 480129 456983 492437 513429 483820 508095 508099 481763 486445 461113 489493 529583 469602 518295 467314 503165 491841 522883 521781 518554 547678 498302 536331 562283 512648 
561266 507873 475608 498405 481486 501263 519327 526485 462850 506555 488693 539919 530740 494067 506871 495681 483072 548337 528824 543672 500284 530102 492179 478378 509778 510151 512254 555664 477625 552215 533953 543512 493415 539192 498832 496658 477381 530821 557994 495094 507147 514204 504969 490240 534161 525358 548865 516852 495103 490054 496647 503575 488682 489402 501750 501248 474926 556032 490899 481430 532428 500373 527342 552543 532815 532555 554296 505682 504809 533979 556261 550028 538686 494734 481601 474480 472299 466711 477409 510973 513883 484849 493900 539249 494460 506706 521781 495517 550227 528046 519337 512734 488627 541943 542153 518893 492897 554847 496608 496886 540351 513435 524528 523329 478646 525551 510040 527285 534756 539204 511484 517866 495390 530441 542944 493767 493782 539064 492982 523387 500724 494228 516479 502033 504488 545293 568807 469663 551453 517067 547340 521161 500236 479697 486871 542542 537768 531938 479850 484526 530310 497111 524358 485377 529660 548459 494449 526727 492584 494062 536471 529663 533410 526720 488926 495682 499542 537316 516880 515934 484044 514402 504155 447363 512148 540694 504606 509657 495029 501497 503443 516554 552499 490933 557376 501395 502974 487772 519394 485262 535646 519310 500129 493144 480840 502053 526836 502577 528411 499316 514874 511631 502986 538902 530371 572518 500124 546590 542871 547646 
529981 473328 443694 473534 418587 437231 474304 472003 433610 468852 439188 484578 475978 478375 461151 494097 452892 494554 488904 493455 466796 468563 446905 471616 479231 483060 472830 478415 447314 511338 483893 478506 462665 511030 439623 469673 456139 448448 500094 457459 474295 497135 477162 472515 484735 485935 497760 478061 500383 449244 442783 458634 458365 470590 467107 468008 458595 495226 433349 460557 450084 457987 492890 514747 490806 486870 503677 492644 470306 495931 538505 500813 501934 467453 443456 472198 459658 452120 462901 478162 470234 426895 453142 479807 463976 486621 474383 454538 524648 465901 451300 500711 448230 504438 502591 481658 463061 528076 475168 463355 518786 497473 475952 481906 461676 479439 444139 499595 504379 507356 475807 484074 453556 480080 524208 474139 430452 503077 485532 518044 466964 456261 488313 443336 483535 495391 498078 443146 498022 461753 486461 461841 447907 455543 479565 495803 485810 508154 471581 454420 477624 472593 495419 456717 497465 517055 456809 465428 470695 481338 481844 502654 477214 493145 466467 469170 480889 490071 480594 455007 471166 486691 484184 417068 482645 488057 480668 457256 439116 447897 467529 473479 484534 444649 520972 459682 485605 460944 479203 466192 487487 489432 461319 483146 447588 471621 498730 466099 474877 462307 482835 479492 475798 460114 488616 509423 467265 503679 494091 488404 
542521 505545 480665 481448 443410 476651 506415 496289 470909 493479 493899 531160 547771 494734 494826 479066 465719 524404 494912 511274 495705 498829 482826 495495 509235 512393 513345 513562 488613 562029 510446 519648 486709 537281 498263 509836 494879 500836 526891 484876 519276 529652 526255 509207 524808 517322 547094 524765 502267 495494 491945 467584 492978 492085 506604 504045 466652 523990 463440 474817 529960 510531 525137 566910 522284 516161 545088 521552 482326 533047 554761 505277 524099 481424 474746 498994 476454 479690 468690 509203 497256 461107 468911 515852 519213 524193 510800 479718 546172 501723 507227 504571 486212 536959 521305 509517 498907 538596 478605 485331 546922 511398 517908 493093 507028 496337 447013 515998 540301 545402 497502 498057 471925 492250 521658 483971 464625 518907 506286 523169 502685 502926 518688 478528 501521 532760 522229 471347 523007 503651 525687 509393 456833 507244 516067 504767 533727 538340 483061 500189 500540 487984 538730 497719 522934 523240 470674 504176 494630 490440 503003 520156 502236 539283 506772 489569 516937 524854 500559 495545 483584 528018 488802 456776 515220 495595 495949 492618 474469 482183 505209 500776 511317 498871 529644 489759 472231 482410 472171 470811 518873 526048 488723 501877 491991 488201 523690 476593 492388 504867 522838 507329 524033 514841 486105 548304 496078 531694 554817 520752 
500896 454814 447747 463106 405828 464647 469161 443222 442013 463058 442221 460156 494972 451900 461097 466515 441147 467944 464743 491851 444105 454073 454519 453937 463642 464351 452765 464888 431060 495697 451144 479500 438126 485031 443208 459619 416915 429672 487594 463710 461451 464500 475617 479694 476346 462351 480471 483409 444423 440352 447405 433002 478281 412195 455547 467524 442034 475066 431946 426496 461440 470701 474650 506009 460871 442314 486094 427313 446221 486585 482764 496414 469831 455584 426675 446104 435385 423633 424194 437826 474519 427873 427845 467376 457640 461508 453355 445227 476806 462305 447872 460476 457271 498667 465524 473582 438339 508926 457189 468892 472700 443455 485138 480889 456070 469556 444029 486283 467711 506227 445156 469901 430396 468578 490146 432693 404464 477564 459885 475242 437353 438040 477798 428146 466057 477425 490197 400703 487634 465702 486318 457768 425119 453260 471355 481976 490161 491627 428514 427060 465529 427007 499422 431943 465618 489688 442455 454965 440783 438696 463706 436937 467597 480982 446073 452202 487613 456822 452087 450965 412293 453649 476114 407982 463384 461352 454163 438924 424004 431563 464394 443862 465333 440169 492130 439220 446644 449068 456785 443420 475818 481222 440549 442077 435358 449951 489656 439550 486468 445082 467581 451382 468847 456328 460609 495140 442328 504710 488228 485249 
511660 499065 448580 462717 416964 463374 491869 489057 469962 489427 480510 475628 499005 477936 516928 464426 467800 531312 502368 519682 459858 483283 474085 460021 510660 492319 494400 519016 477378 525874 473991 498693 458068 518000 447954 482858 470440 470024 530299 489563 492756 468396 495799 483389 490005 491258 511012 497701 461802 450810 461585 459932 493423 471683 477213 463679 454162 531928 456209 468649 498852 480158 486173 510860 505664 478579 528320 505898 478510 498463 526552 490498 511723 462913 437808 471901 478152 458178 465052 461711 473031 462610 438950 525782 498390 485785 471585 458803 528170 488550 492641 481331 478127 504293 506002 496851 467520 544671 478996 443285 516026 504696 499837 480724 495995 477233 440966 486575 520509 516619 481907 485184 471641 490925 518603 489186 481721 508390 479109 485306 472531 469864 484308 435969 493782 519842 494120 433306 501553 473927 488737 486417 470695 487430 482464 494975 494933 536217 475310 455144 505936 480582 528117 458202 518071 511503 460036 501391 457206 487198 515751 484109 499370 496451 477221 487465 497884 501826 481520 462223 442470 494349 485644 436941 480426 480766 478184 470684 457324 443470 458652 479418 499862 464764 524831 483725 474816 460480 484989 460705 508442 486926 464015 478674 490680 482423 522606 453783 494257 466663 506226 491540 481130 489492 495095 529266 460025 527637 508648 513092 
520865 480101 455639 459852 415712 443555 488303 460840 460907 473802 459793 467103 493050 463861 492232 440673 468366 501227 482951 505545 474135 490160 474884 434581 492525 470249 478571 504256 440792 511075 514865 473696 462265 494115 445390 444991 474758 449367 519563 485021 479270 469396 458672 472524 500747 474973 498744 457469 452784 454661 458904 462176 471221 433928 453893 464544 462192 507357 470121 437321 470691 471164 484442 498109 510351 468217 502647 489609 491172 497745 521971 504757 516468 464006 444143 452881 448070 450641 465365 480461 452681 445428 457969 507792 459870 472025 468496 449766 531934 486605 477287 476028 458868 502857 501140 481496 446434 519707 451170 455854 520160 454161 467526 461578 478196 488325 449329 485060 509267 511976 450813 467826 450739 483088 516517 461814 449088 491684 465943 486817 474747 461030 504557 434776 483039 491334 507278 442575 498352 473054 495374 502145 436654 452065 500281 480438 484322 513346 414110 448690 480086 454010 514677 448184 497084 514470 452805 472453 458795 466118 492317 479578 486219 510707 443745 473243 489136 484928 439953 486001 453447 473861 479882 451003 495048 471206 473147 470868 461082 455764 447876 484446 495276 466049 512051 444322 474890 456178 490549 478195 477921 478558 446047 464445 442931 470273 509525 469942 491380 448749 491311 457814 488773 475890 490854 504583 452047 525055 500713 490983 
532332 474966 460669 458853 419189 465247 498086 463368 462380 469417 447692 497997 487507 469797 476893 471191 463434 498056 494119 486164 447805 466109 440324 434366 479065 474072 490887 487211 451718 504079 496022 501875 471942 483237 432589 449774 474025 447215 518080 472865 464338 490807 457669 455000 482232 469339 490252 470995 451022 438704 457426 482403 459023 431364 486397 481440 452714 484557 438448 433865 475465 469146 497471 499693 492431 455315 503906 504390 464948 497353 499983 516916 495008 452137 458903 466098 456262 442466 467724 458261 478639 453903 465194 480960 486581 471736 467249 441804 522126 479401 459237 470722 462267 498114 474165 463059 477046 522652 471718 442890 501019 492701 484263 482951 480035 483253 459983 479719 516006 519632 458674 477357 433842 488294 500000 452050 428163 478633 499713 507343 471937 452141 478812 444430 478546 486358 497395 444223 507385 480234 506878 476191 447613 470793 480217 483255 481021 479476 447246 456346 464977 458883 510055 464575 476935 497246 449787 480401 484646 488763 477416 466165 494134 490762 459221 460633 470121 487546 484831 453034 436870 476120 455410 441862 486353 492503 466714 466521 461552 456785 466414 479859 489699 454954 527174 437176 460453 459948 471620 443550 470938 481642 479154 450852 449510 469390 502632 451582 498839 452743 474632 477073 470757 478043 477789 498254 467897 519474 508473 478296 
512037 477816 449793 455043 428350 451663 504287 498475 438731 482927 473049 469956 496760 464155 491757 469002 466448 534668 485968 491558 443610 472952 446736 463340 488422 471287 478681 493385 470635 522958 490210 522897 457933 505249 448845 464115 473237 463276 508098 482756 486848 497982 481832 464629 498822 483898 491875 506258 469458 445083 470675 462829 473706 454355 461359 486896 466315 500936 449342 443986 492902 477543 507786 526395 501609 456796 496059 496553 465642 496937 497889 521522 500749 423911 446098 468173 464889 442739 467131 452310 468681 455005 435723 497419 458998 477332 475003 480167 548114 467078 481246 475099 457064 487779 501460 477407 467074 514135 465273 448443 500895 491088 461989 476595 499009 504231 427334 496906 509488 519867 457941 477613 440038 476237 509719 454314 442060 487135 480723 513126 490518 460151 484934 451945 478085 496371 487896 454045 482339 454750 521201 479848 454011 467982 497019 486185 484771 495606 443894 465143 484918 464353 513939 454926 498231 531014 476357 496092 454207 474323 482208 483902 491382 480724 458672 467575 496959 494433 460466 450610 459589 490063 497284 436516 482974 484419 483515 470197 474658 449510 455976 467357 502234 478496 523719 454216 468592 472970 472909 455616 475032 518258 458027 457055 437094 483066 516888 483095 488093 448141 484505 484142 490338 510222 488920 512573 464329 494761 515512 506076 
536551 513959 459744 474536 470770 493295 511072 504700 470939 510615 492653 500689 513992 501559 537561 485028 499161 525995 520990 532684 491184 495718 493086 484813 522303 519647 514933 520624 477910 544961 529352 514297 486252 532138 493907 500375 473148 485507 560334 512437 527591 505626 506838 498130 527851 498811 528924 542008 501204 474129 492029 489954 497465 468292 481579 510439 471687 535303 473179 462475 520281 479943 518371 557536 511762 498844 559717 515238 506335 536987 540818 540991 513501 463425 469447 497051 488427 479517 489032 494406 517970 471533 466669 540502 508852 514000 486374 485753 551736 476533 483686 499842 488987 527110 531358 484064 485447 558466 499277 463098 519110 517801 499537 521593 515119 537703 477585 550006 528182 525738 482310 523103 471558 519162 537652 485575 464715 513221 524630 530472 488015 483425 520125 473964 506289 521985 509968 456649 532046 508797 557662 496689 504170 499707 514456 536774 529282 517483 496945 488993 522414 492631 560425 460224 520253 534872 472870 516994 493662 520855 526543 497708 520165 513140 484500 500465 526389 512269 516477 494218 448404 512543 509523 455558 531110 529365 490287 499973 462534 456287 481378 506943 525399 483977 560980 499900 522631 483287 498499 477507 507425 524241 495293 491316 485809 515146 540194 480884 509529 482033 501832 498630 491521 518575 513189 542484 483835 542468 543200 535167 
507893 470093 444392 450731 422414 436152 486945 475387 453523 475806 457514 466119 485068 462584 462683 461984 464513 529334 471049 508600 441308 473779 461699 472565 492460 465558 484075 475686 430247 503337 491581 496859 460296 480413 426574 449154 463141 474218 502871 461617 482004 479636 452773 476700 483417 490553 489178 475294 446679 447613 458995 449002 446551 441754 455511 461924 454917 504593 432654 425069 487033 440171 475735 503464 475536 464922 482640 486494 454116 474479 512011 510578 496184 421452 458633 467123 422532 444720 461233 457401 457437 420115 433126 496348 462590 475055 460606 442562 499275 468739 466840 465012 431683 500366 502385 474722 439184 510049 452610 436049 506805 470373 475889 484496 472408 481753 447083 467462 510691 497960 452945 470817 456898 459630 504494 452765 453871 483388 448467 501080 446664 456524 492734 447240 466570 496595 486949 416548 490475 470149 500425 466207 447209 467036 477684 523975 488449 489837 440649 451110 488573 462480 488362 438741 484877 487322 457904 480100 452905 459582 471028 459683 466522 506163 422933 457497 469788 453411 464896 456490 448335 493524 486880 411342 465473 473604 475271 453939 475510 409161 476841 467419 496932 474600 525364 464093 464684 444014 469239 460653 475247 480040 442416 452666 445952 459968 486697 436709 479272 462507 473272 459830 478190 476912 484953 508413 457326 468065 492042 475617 
519865 479694 449722 450031 440209 444738 466944 462724 434319 467594 460122 478093 507981 452382 489742 450375 458140 487960 478871 477097 449310 468545 466197 448206 463548 483813 469076 461686 454334 506355 461697 496818 444860 458636 451410 456981 456217 483725 484824 467772 486337 464921 461904 469195 485109 481519 485018 465506 454109 461280 467324 434887 469207 442989 477319 476759 439846 489077 442249 458870 465227 456509 481596 518275 501416 475745 503065 489019 456520 471541 521744 485774 512719 467625 428814 464605 426380 420637 443700 471060 484353 437895 458192 496908 463286 452595 479150 440359 496697 463610 464442 469836 458610 475624 469254 469878 454835 498829 451635 454382 484782 476249 468664 481711 487887 465933 423146 458576 497526 508895 437743 459289 446663 478528 489728 446888 436468 493126 471238 487722 455020 451148 486528 435344 491532 471738 480099 448003 495484 465044 494011 479071 454280 450405 462539 463551 480377 489496 468851 470133 493601 447369 489054 438790 483480 487523 435422 461292 454072 465472 481474 469800 472851 495952 462697 461177 452863 474931 477215 450176 445894 481929 462642 431091 475791 475821 452502 452780 446193 460740 455831 473600 498329 463970 517514 441432 453264 441325 453688 446772 457100 496771 451921 445719 425252 470679 493842 444648 474316 423722 480769 438657 485366 475880 473536 513314 454434 488447 502637 472556 
532947 498625 478546 509669 474595 488736 500964 493068 473265 525387 484677 526190 530050 508036 523396 509365 493069 556457 517270 542004 470000 501998 486138 494678 509443 523440 538560 527717 478843 544939 557939 526860 480498 526661 476433 484356 483357 502762 545252 516802 513603 517572 509751 490514 533345 498151 529958 512122 461014 482655 497705 483358 490861 487452 501045 491048 501070 534249 491033 469617 506119 484020 520208 546430 507784 487343 531456 523864 507394 529725 533118 531210 531158 480023 482073 491923 494612 483687 485652 494235 527129 480322 466818 531310 527776 504706 505253 485897 544331 502074 480238 513073 502456 533992 532238 498441 498670 527676 469107 485028 532845 522881 490331 529899 503626 505908 465216 516689 562347 538327 484831 514476 486031 528410 528844 493114 469631 524081 510231 548178 499391 490695 518086 503817 508664 524417 512410 469260 539383 482967 514443 493810 495106 500405 524050 538206 514138 534827 518942 470385 524495 504360 557734 500182 522232 534798 478243 502475 479078 514138 530089 511613 512903 526896 501148 495523 513835 523897 499368 487482 460203 506572 518060 444390 503847 497276 505951 483148 483210 469539 506912 520228 515696 521190 549124 495987 493189 466378 500652 456874 514546 503609 511281 494387 471736 497018 553341 499541 526368 498367 523109 498697 490825 522120 511862 573253 483007 539747 557977 532552 
480816 450421 412600 453880 424060 450643 460820 467210 419204 470910 444596 450916 460400 442633 472664 447519 434721 486673 470488 476096 422402 466910 437478 422104 452629 481200 469123 480999 420076 493087 474908 471472 432566 467580 436767 438792 440862 446965 459275 460339 460504 456345 465869 447473 474122 444426 467277 468612 430678 425581 447804 438859 450487 423866 429561 460076 433052 480684 427530 436309 457134 440823 453084 494160 474515 454339 483548 441427 436019 460817 493044 481497 456978 431729 408644 437953 424613 421381 424945 435452 449770 410553 437383 467196 464346 441844 443457 439545 491547 435083 435249 436684 433245 483167 472183 461009 438025 477181 467621 438161 481407 473432 435413 461157 455858 450725 428560 445227 482459 506170 408960 429685 449697 450862 479576 449537 430059 493460 430610 495814 457289 426006 452862 429556 469563 462311 470333 426034 478862 475174 464687 447468 460495 448514 443108 467852 476880 487882 419843 421241 485738 425434 457616 415935 486211 471173 435755 463406 439274 447936 475175 471852 465488 465744 439835 428901 445928 477890 439559 452235 448255 465763 456851 426083 450442 439135 462693 428951 419087 449542 431275 433811 469795 441464 482799 430089 437230 434356 453331 429912 488292 466704 457465 436916 432746 443210 469956 450178 470464 421944 465091 450849 445909 462784 460129 489637 440758 482153 477555 476111 
543216 509395 493818 503467 469631 476038 528254 525715 474915 531156 502073 525712 537054 512344 531224 508906 475997 565624 512763 549264 521716 508060 511735 486302 519000 527054 506923 534376 495531 552556 522897 534265 512084 541856 490464 507072 503022 528199 537745 539967 515236 502231 536970 513676 536532 516133 577508 526871 489693 509372 514547 490287 502844 479799 511407 531582 497017 568744 496098 478240 529124 512037 532363 570843 538796 505451 542910 525441 496374 543914 560283 537088 537514 494154 491877 526288 486997 487254 507279 529537 506787 480385 477050 537472 522806 502175 518759 486213 551549 512983 496752 508070 492976 536359 539315 526716 494504 549487 505014 479441 532950 520973 538825 519460 527169 520663 483018 537232 533592 538453 511960 528417 515057 522271 541333 488928 502042 556798 514068 521644 490499 496544 542500 488333 501577 530684 553046 479318 541850 528599 521370 537308 503766 510771 506704 524895 539781 539176 496632 491541 536998 505222 529656 482163 552839 556847 503915 522046 496733 508202 537899 528405 545348 528228 498021 526520 541915 530302 512294 500789 492069 539010 508454 449766 515282 527566 508475 507415 466880 486699 498115 518642 529757 489220 547010 495741 514488 469036 504537 506994 539537 552076 491939 506620 494249 477816 528365 490031 529146 490924 531438 528548 511397 519044 524478 587150 475094 565642 544925 537571 
538257 485857 468082 471427 451690 468923 504776 502445 447181 496157 472062 504041 516201 486296 505131 482485 470351 515533 499004 514369 476291 484965 458451 484772 497113 513457 522814 503096 450126 541974 492505 500196 459518 514025 464872 468643 489994 499553 530480 471116 503970 482520 499249 473815 502460 494778 532824 493724 477300 469175 473923 473295 480518 462067 499704 486162 477231 529201 456598 457893 491473 468616 480847 528779 506517 486910 525900 517351 494401 520453 540160 530305 507656 469501 465985 474960 454411 439751 457476 488345 487718 436284 476398 492774 482640 497238 496398 455866 557266 492869 495544 474100 462448 502982 496813 482452 498103 534960 451035 476975 525683 501271 499539 492446 494107 508492 459448 474773 535893 535052 468287 468974 469450 492351 499480 499292 439581 519016 476403 500371 480706 477580 503384 468678 486773 498729 490146 462681 509995 495170 502471 499498 494031 488210 492411 516827 532032 526813 462745 474503 490679 479359 499317 471867 532880 518325 449405 493383 455456 493882 510489 508355 503863 537631 467865 481569 497581 503796 478713 484563 463105 494566 498253 454919 485565 524366 495838 497723 463088 476661 476492 494848 516971 469130 526959 461598 466894 460544 473713 477899 496938 492221 474556 483743 471911 488273 489713 456926 499113 475213 515969 471749 503841 508704 498697 543621 479405 494968 524668 520146 
541655 499604 467042 483535 464259 494065 503641 496844 488297 529511 491861 524634 524268 520322 532326 488724 467066 539877 514791 536871 486662 517494 479761 492055 514728 541718 527775 525652 480533 556205 543642 528738 489765 523365 479519 517419 494328 502282 553761 508878 506118 509058 538370 490503 521493 519062 547992 536098 489171 483824 497763 513010 503375 495365 518280 520484 475806 540677 467864 461049 539753 500437 526677 553892 514070 514354 550684 533041 511267 518393 542421 539527 513566 469091 491431 498269 499078 469651 500288 498874 504695 489441 460459 546313 498766 523320 505492 494909 561027 519228 496656 519790 486197 536713 538848 510874 499356 597601 499360 477393 531289 520010 488816 526220 513167 542429 486522 541787 542322 530602 493751 512772 493400 505482 539584 486829 478486 517041 517379 531720 513019 492612 530134 467183 514685 522968 515385 490506 520519 497485 534361 532271 499800 491707 509892 544914 516703 520711 496918 491763 537278 510353 547382 471074 518025 570311 484382 517982 494539 531816 530863 541740 540983 528058 479504 511664 520312 512522 497614 513217 468761 502784 524946 460509 546719 517475 494452 490788 494574 470041 494030 501321 547492 491505 561878 491353 534155 471921 521771 493492 543668 521783 516846 492114 486933 501721 537827 469674 520770 480794 541082 513588 520391 513952 523348 541975 472729 523176 512996 521624 
509981 466300 447535 471165 428930 473052 486298 463903 464797 479788 446596 473766 485386 456436 492851 457595 434940 507625 475486 493160 432759 478549 441115 473373 494544 480026 493448 486656 432695 527717 484578 479723 456482 479747 433274 494974 473466 470455 509549 473016 454742 484101 492619 470530 502484 477858 504950 491990 467745 447584 451610 460032 475169 442905 477250 497662 444993 488007 448609 447668 463451 450530 508698 544092 494503 469314 503310 493223 451319 507500 495395 504589 504037 466026 455473 473844 439266 437132 442955 456250 481378 458390 430511 491780 474326 468677 471790 453232 503874 499240 467061 482408 460781 523008 508107 467400 467887 526716 464878 449087 506438 494875 483751 486134 502698 489797 429638 489328 507070 513902 455028 489419 425589 490659 496909 447427 427268 485639 486627 484990 479760 458623 485607 445472 483802 493969 470506 442689 527546 484972 486708 458641 475989 485160 475677 483455 501183 510816 480877 467643 489208 489372 501062 449245 506235 520999 455458 470628 461305 493129 485136 488065 506239 486197 469562 476640 484176 501332 453644 460201 450646 466172 462902 424491 484171 478243 463088 456954 458595 447660 470984 464020 490656 462973 511339 451263 487553 438283 457995 445756 474707 509466 465903 457863 459928 477676 497937 440219 471151 455074 484168 459314 481158 481073 486240 519755 447572 501986 503909 486346 
522525 507920 464624 486353 478749 503634 503423 497686 485188 523499 486507 508594 522115 500370 529133 480867 486873 530037 511879 540462 477561 530640 486926 507060 517939 506283 530515 510990 493041 544981 517380 550699 495387 528805 479552 500446 460543 493909 540973 489612 519227 507008 497893 485693 525091 509824 508403 513202 459379 509138 503080 503678 485521 475586 502800 504650 482155 509785 488631 446133 528456 490666 524797 533887 511044 507166 558639 510115 517575 543719 548909 546074 512177 466717 499359 481980 485795 483297 499384 510987 502410 467018 471608 537841 504689 504612 512646 506465 543208 516365 498887 510360 497992 531332 513682 501562 489246 544706 464437 488420 510946 496809 520543 498201 493432 515797 503282 528153 551187 537037 488542 509123 484363 523721 543442 471474 462462 534769 507555 506767 491492 485390 519056 483868 511433 515792 531130 460025 528150 505547 533327 529606 495421 486447 514142 545206 534666 537123 478780 504250 526524 499164 539821 459945 516759 524635 463332 508678 493864 517939 524064 504772 525651 512953 465438 485837 534878 534256 512532 513646 469804 524260 495814 454052 520015 524239 485953 500854 458257 489463 519234 490248 503130 491803 546237 477042 501621 487121 514547 484576 508729 504498 492242 479361 470135 473501 516494 467786 531681 500276 531858 497913 516739 514383 516880 554383 481064 537411 516200 513463 
525610 472115 450574 472918 450187 467784 461008 483125 455707 490461 453858 510705 497054 481897 503155 458408 440938 540381 495494 481751 463636 496438 467967 469370 488285 507068 494041 484148 453504 542079 498329 497563 467268 487337 482494 473551 456498 498513 518958 481146 484791 480134 514136 473436 510085 495234 527713 492636 458289 449276 475979 445152 493056 457178 479081 473580 446994 519744 447500 463920 505480 482353 493583 538196 498818 493351 520603 508984 472957 491298 539447 521498 498100 457416 463358 496994 457484 438125 470439 478351 478626 454577 457582 507154 472344 486665 486064 477727 517485 484600 475873 488523 465000 501573 516211 486330 487583 512658 464642 475121 503779 497871 477403 487892 478596 485810 461911 506695 523771 502801 481309 479427 471195 495552 518452 449299 439648 511572 456119 497195 475063 466803 510674 460208 484826 491513 491627 448818 492289 486853 506535 491241 478116 466167 473146 510066 503395 518965 463435 467489 501901 466502 514923 455857 534807 530883 450629 484047 445182 481005 503519 492688 496735 510155 464035 471386 514464 509751 488909 477887 453256 517872 484292 442687 478807 488909 491015 465960 458379 482573 500051 484760 508555 472992 544548 464594 476470 456535 477374 456183 490239 504265 457240 468700 456630 473618 499160 451983 502498 464253 496393 467314 489624 491030 488121 528217 460096 499144 495534 524355 
473795 456245 412973 429267 432055 451730 448128 461503 411390 470232 454715 470165 458856 438333 486091 440101 441147 489221 474096 493608 428069 455300 437105 449808 464692 466683 473687 461118 442826 485961 464155 492974 435237 477192 443189 422456 424910 484161 482619 446804 471361 472605 470303 442468 467219 457504 480320 476726 428747 433813 460023 435155 450394 437608 446439 458620 439723 470061 427762 434732 450689 447330 485557 498925 456885 471462 500776 484579 451610 477675 472448 479951 462339 438336 425647 437426 456514 425421 421496 451140 456344 415525 407156 485345 455654 451769 445428 458127 493560 447412 457542 445280 432670 472573 480252 452096 438815 499497 432047 427861 482986 460507 452999 447588 463601 461773 422578 469301 485841 501555 454945 451065 434157 457992 498399 413096 422860 461407 463593 488067 460545 419202 470407 410806 459281 486545 443302 428443 477413 447383 478030 470804 448575 438585 448933 478917 466343 482361 439072 440572 460334 445074 475575 450341 466786 486835 456622 477723 443895 471982 477855 459655 465711 456784 448867 450870 448470 460738 463408 440191 428940 456522 458810 405607 461996 419735 469679 432819 420713 418875 457094 448842 488086 445435 528775 437473 450139 421761 437254 425520 459482 482090 469164 437534 441141 448967 484638 444957 487487 445445 452531 449730 438435 478527 454025 516438 422378 474176 494814 474118 
521969 474750 446775 448289 450376 475939 488837 482422 451618 483476 452109 495277 493088 481797 490802 479314 478949 519842 514144 519802 450332 472864 441540 464156 495749 488760 481260 498641 459728 518053 495320 497815 456706 486963 444994 457901 487709 469385 507513 496247 491926 486170 505398 478105 491892 476611 521710 496504 478946 472090 459677 466082 461824 464154 471902 479071 460479 527121 436422 460334 483989 471221 511815 518330 508126 464492 524872 472849 491563 478283 501508 509742 498690 468341 440613 472938 478942 446078 461508 472169 461453 440729 465571 502828 476828 503050 468261 477380 529828 481591 462518 486580 450709 527392 510463 483624 453019 517906 470923 448901 523965 494454 461943 487534 488059 498353 450871 505293 507899 503305 492688 469166 456740 472257 510385 478671 432392 489942 490983 504215 489928 479726 520610 429163 494196 494992 467150 447512 503423 476449 492083 477369 471811 475475 509665 510244 495003 513028 456369 456198 511539 472249 515895 460906 490085 525837 467195 495336 475552 470632 506412 483646 466555 502887 471002 477779 497190 502276 500181 464821 442620 462340 515302 421891 491158 490772 491737 461540 467165 448766 475152 473426 490043 477354 521980 474348 485837 454411 478014 441067 523902 507908 476895 454907 468087 482727 514912 459551 501260 457926 470197 493775 487566 490215 481726 513190 476297 525984 518624 496673 
554313 520755 496352 498839 468301 498273 535327 494409 493971 515229 496501 518806 544436 505516 526574 486963 480001 530021 508804 543097 493209 519679 502552 504181 520714 522957 521743 519592 490218 554498 524909 530219 479680 542422 482318 499768 498956 470882 533561 533369 522388 531186 503472 510910 538947 514726 548192 523489 503520 500158 464244 502660 506126 494885 502335 511618 492274 545199 471382 479089 509528 519569 525788 553583 546591 532952 542664 539160 496992 532025 559517 541097 525307 491462 503911 493421 478370 473924 491851 515396 515753 464562 495582 531304 521160 502702 523324 489648 533355 494436 506753 498206 500523 541292 529510 503235 495593 551300 501076 505392 543156 515453 532082 508795 524710 528713 499487 538956 515086 548658 497675 519491 492158 515613 557258 486326 477360 539487 524371 546836 481965 503543 554704 474675 517861 516616 531517 471325 546481 518319 553727 514289 494503 480538 517442 541237 524937 546786 482475 512969 522324 499707 530318 468935 525951 557121 492795 519358 500048 509237 525653 529611 528124 513257 504415 514691 543361 522540 499128 494579 490685 525717 512222 469549 512299 532353 529796 507733 483331 492016 523697 522915 511101 499296 573623 486649 493975 484505 499489 493005 540139 529764 491008 500536 467190 521738 546461 498975 525608 475324 519335 502748 510191 538459 540116 554464 500797 557289 533353 514625 
557049 519001 492572 482353 481263 503828 546661 508951 499670 534079 494040 508931 532965 505163 527008 494605 489671 559166 526519 547869 484353 527030 500338 485524 536773 510580 511575 542824 501583 549782 540788 541122 501861 528133 480065 506969 537355 495861 553888 522555 546729 510261 507957 499297 518931 525953 563128 523935 505709 499527 491462 508880 504376 480544 498062 496256 484143 563163 481273 479572 488146 513686 510325 561669 525486 496411 531866 528189 496607 557987 552088 541454 527971 513236 507782 502912 494129 477925 505344 531737 507320 498200 481982 524104 496929 523007 509393 506308 555335 523345 511019 503367 500298 545090 543445 521454 493540 547684 506380 470067 556486 524919 518801 529428 514775 528522 474654 531883 543253 559291 504715 515002 489960 518717 548786 507862 471769 531668 529150 553548 520392 511175 541810 491710 524074 523092 542420 458184 553964 521202 541455 509465 506446 511227 521696 523199 527494 563004 502513 515454 533442 519636 542237 495712 549332 560323 487900 515956 503109 496175 534551 558266 541907 533698 506939 538298 496807 540442 517583 506118 488793 516540 513019 467116 524832 521199 510760 503809 488472 466544 514966 522598 527790 495753 547509 501357 508372 469353 505227 502862 520557 532980 506140 509502 492269 527726 552361 496990 546303 501371 533229 516001 496300 528478 530213 576280 493459 545873 540510 546543 
492366 461612 426038 467097 422283 439779 477167 473699 438941 457711 433214 481044 489420 447233 463301 472895 453068 505514 503799 480240 442143 470726 447969 449196 458312 484443 487533 467103 444317 484043 485065 480083 438905 463400 438412 455096 443469 450179 512279 478287 469539 465692 462624 455190 490395 454355 490492 480787 449127 454546 444003 443254 446979 436585 461095 470938 428951 493881 431249 449255 467914 457330 456891 503016 492914 455352 499686 479269 451393 459582 493937 488578 461262 452554 465166 465249 436740 448692 447470 429497 459731 405835 440122 483524 483804 458007 479017 436779 519277 466766 465807 481909 438815 493507 495005 438966 439060 505732 458980 453268 497775 469314 452073 479616 471819 468293 445740 459048 479387 513145 455452 456194 454570 477737 498968 464340 432621 471708 458992 487610 450452 465689 498630 417692 472692 486070 483476 446718 495784 470684 472138 491387 459393 455487 451076 500514 468301 481829 446380 450403 479236 446928 483266 445016 471400 487649 436589 471721 444588 481030 446391 471190 483407 468743 443514 463041 467003 462646 465608 434176 413230 458316 465364 438210 475703 473396 470146 459791 455539 462382 436511 452628 483550 462405 508613 444347 468364 443208 451296 456361 481831 467248 458749 448412 460884 445964 496439 429242 467379 433797 468398 457969 468370 469761 462503 500816 457434 475320 507240 491181 
509295 502155 473695 461103 438592 471774 489142 500649 462073 499052 482013 487418 519103 488375 508135 495776 460327 500813 501092 503781 490692 501996 483256 471948 481618 463303 506624 501188 470793 527747 501518 487980 458024 490776 475736 472994 476120 475418 528842 465425 524855 515680 507266 465199 496747 485249 508571 503725 455225 477005 480269 454855 499445 467421 494054 483984 460045 528823 465381 434223 486937 475928 476016 520194 494005 494110 501414 498731 499554 502263 530336 499721 490889 449137 464550 493818 452493 454112 474685 461214 505089 446521 448647 486706 479815 509219 482487 472188 533101 481763 458934 463213 464889 499625 517566 480800 482508 524881 467665 462105 520253 494600 451755 497079 494397 483915 449782 492464 513546 533878 475386 487164 489638 482664 525384 466589 438137 512635 487954 539764 489846 481764 517203 449326 487010 503977 507238 453934 509419 475532 502822 468814 445183 485755 532383 514031 506794 551653 468698 486551 497956 476343 523580 463487 501522 507966 454751 492438 455958 488613 489585 483491 507630 509695 475583 480458 505285 498008 488401 471373 464937 476109 490888 454292 503536 502978 490910 462583 469294 456640 480550 489526 491546 494534 516061 465110 470107 443215 462389 456221 492983 501360 477039 461931 461920 471698 501058 468508 503341 476112 501979 476435 472558 509176 503864 521625 478421 518111 517684 502698 
509105 508184 475944 466053 452443 466501 514213 496238 464567 493378 474769 494063 525839 490017 487768 478187 474266 542711 509901 507745 465155 491443 501916 461902 505456 498667 493368 507195 482659 531027 501077 512351 469454 507386 464111 479793 477136 483825 527505 509545 492910 514245 522162 481413 497140 494697 533370 496712 470737 469648 480408 482504 496636 461512 492772 484983 465941 522382 446390 470263 493354 476698 495902 539327 484264 495364 533853 522639 465627 514147 539928 498259 496573 451421 477202 485994 451153 461827 482199 505484 496740 459533 451925 522772 490474 467961 481257 463719 529201 491941 518631 472144 456205 536469 529907 487179 478638 532770 485459 461489 523238 506356 493398 511617 499364 498882 444643 477164 521078 525846 490460 497634 473988 475845 550903 495502 479497 521774 492001 518897 473704 481130 510116 468578 509283 489518 509978 463396 503361 497299 494778 499107 468875 486601 460666 518604 493235 542169 474068 458752 503911 487120 514162 455223 513667 507887 461561 533352 468127 483687 517020 504854 490255 534498 476962 479814 488532 503066 480991 480649 458039 518594 510390 454811 484575 491280 486344 493300 469914 471633 498755 493007 517406 482188 558921 484790 489927 450917 466959 473871 502142 496210 478799 453258 473775 480449 516449 450745 507520 482890 506548 494198 496474 496731 499691 539504 466468 499342 506235 510238 
538891 501953 462225 491746 427344 452777 501267 484045 487995 504669 478701 493026 518507 487971 500309 500888 471124 482395 510695 501638 465708 465181 481405 474885 509465 494719 489705 494597 456329 508538 499201 500817 467847 481130 447284 485336 486831 464345 517004 488128 487820 485445 473472 477261 500704 497992 499957 497891 475345 448784 486801 463547 489451 480425 489396 491845 481676 505558 444538 453408 491776 476078 479317 526110 508093 480344 495450 488524 467559 495488 533363 502331 492642 479789 453017 479479 472902 456132 478615 474684 487848 450212 467410 512440 484784 478927 486263 473938 527315 494383 481052 474287 460593 516976 497001 481661 461102 518815 488613 470152 515238 495622 480711 474333 499024 490376 436714 515438 522132 511185 471834 488724 450191 496645 512171 464781 471643 515778 492849 501378 496950 484318 500960 444817 506046 493921 517213 447619 509347 468040 506186 474736 456628 477045 486820 511825 490690 491983 480654 461925 507355 454254 502143 462054 485686 515831 446887 505830 473348 472939 491241 498949 507876 515676 470355 481509 489331 500610 478489 470782 436120 485280 494485 449487 498377 478543 516244 442149 459717 458999 486057 478581 533837 482916 540467 470675 500342 468579 489854 471758 493714 516956 468595 490029 486205 475693 529971 473267 489090 445783 487489 469523 475700 483156 477485 538679 476982 524782 508393 505958 
460016 445054 401215 427167 403384 437005 485508 453839 443914 462556 447366 456327 463487 439025 477275 446917 418919 480891 479684 473507 421979 444953 432288 442007 465432 452494 480415 474010 445881 484404 487918 435000 429449 478525 428578 447664 455970 443576 478666 451789 463969 459171 469858 422485 481762 460018 471449 488302 436582 444255 437360 435721 446729 428770 464625 454393 441203 529394 414337 422352 464814 452406 461029 469667 464979 449515 485079 486296 462379 466687 479036 468164 473982 424782 430174 447099 437432 418505 440149 440191 437955 417361 426434 475762 446272 474286 460493 444316 484087 442060 450277 438551 433597 484295 484202 453063 460187 493453 437334 424228 462897 474340 456327 458934 463978 461282 427145 462046 478717 473233 437212 450914 432509 465894 477918 443112 428317 481663 453226 485228 445988 475817 464552 422826 452429 476178 470202 419565 472179 461329 475768 461861 450812 432831 464197 480869 465004 492106 432740 431032 470941 465677 460329 419595 473051 486937 442321 479575 443853 448167 461323 460986 469894 459440 447374 437308 477141 465683 440458 448944 426941 471933 441065 405593 444598 472493 465878 432004 406385 423504 412256 473155 473231 453647 497378 448199 445182 432152 440743 432880 482680 477083 464439 453800 438923 458259 467782 435446 467439 428742 462353 471198 457701 472034 477201 498492 441964 478189 474105 475856 
550676 489316 472280 501146 464467 498862 528876 512355 501892 511905 486372 506709 513413 492200 516849 492692 503308 524092 538091 521985 478342 514080 476671 499263 520493 504295 514966 494788 486263 555854 532763 532005 477426 514397 465591 519784 483089 498223 541797 500915 496434 528483 523487 508425 552226 500167 513134 518927 484100 494142 487578 484417 481343 469491 505367 506580 488824 528785 466878 468713 521356 484821 527131 527874 520584 485277 546358 492208 503117 535956 533147 534313 505415 498472 476585 494501 459683 475714 475312 506468 494116 479444 468922 509718 517270 525155 525562 509574 550838 505120 493103 514413 497610 544857 531638 520664 481043 562735 516027 490013 542193 508820 521341 507400 518521 522790 463312 511266 520309 560305 471266 519990 479867 501262 551870 487889 476204 515035 508868 539183 499622 509241 515980 473423 504082 537545 520751 453858 535453 500285 529072 521995 502000 491732 509881 546251 504322 543506 480400 494963 518509 476007 548158 487667 523558 547816 484431 499735 490913 510493 504300 525470 526722 521762 497691 527552 508891 522732 508937 483660 472459 511682 499305 459660 542183 513606 495770 489733 461880 479598 503919 488664 517822 485763 537790 464112 486380 488534 500579 475525 520859 502154 491371 497157 512056 497095 537026 483853 524105 480676 529902 511388 519176 525577 513096 542426 498833 547996 555188 510180 
541527 498835 455739 450428 436778 458710 512462 482042 464467 498948 472497 491385 512050 484795 473241 468410 446684 525475 506143 499118 452590 469491 450424 440184 482483 497394 503122 513500 453496 506915 495802 513712 476151 490479 470549 475701 492992 466032 523999 486793 479462 506243 481941 452380 499928 483587 502157 467155 475702 452673 469864 479415 477128 446041 451559 486924 446496 500325 436058 458998 487003 484509 486602 530188 500753 476554 503822 506269 458283 517990 514647 522187 510372 463458 450866 498189 435700 453185 455021 484976 486739 455099 445127 494374 496148 471372 471296 454388 508495 510419 483671 473187 464682 514729 507442 474775 469153 515535 477359 456446 503049 483402 470372 465711 495498 483530 457068 479257 514063 518060 487652 468913 457204 472843 503199 461518 443091 515533 501881 477212 473568 466868 517190 452537 489640 509710 517641 466823 504892 482705 499954 506078 477507 492283 473059 473153 513036 507844 431242 493476 484057 470027 496356 470584 505985 513522 449166 507946 485938 502397 499864 487381 497075 506812 473661 471355 506791 500053 461333 478668 462514 490850 483657 450062 502724 500869 477300 470910 477833 466483 469525 499957 512782 485426 523641 464734 473190 459289 467318 457584 489270 499079 479198 467372 452881 460890 508167 457369 487842 461002 503576 464650 492246 486548 480204 523978 480846 516488 526869 489867 
511221 467656 451955 442931 442734 454810 493263 483245 440289 504755 462530 490985 491287 470672 496427 491792 455423 513851 511418 502608 474996 495064 464977 461542 485504 504029 490791 505241 456691 526526 492340 494591 454388 508849 451040 468764 468110 490844 523038 479323 476328 478570 488747 464526 505396 473791 509315 502439 463410 465783 480221 458394 461577 451849 488760 492227 437317 500721 463465 444293 471425 484020 511143 535623 503040 454955 506611 499198 461082 506031 517026 499990 510007 437011 464669 471160 462917 433492 477125 487982 476571 441926 446761 469645 466404 499588 463983 448258 536806 494859 487470 494506 472039 506159 494246 494974 478773 511124 457851 463543 505473 482893 476851 489617 474956 486997 437539 485735 522469 526458 462710 459662 458954 497598 508413 458336 436316 480541 467879 499953 473087 461616 505245 465126 477171 495292 506407 438792 506557 496410 497704 480837 467944 469690 491245 500222 511778 516692 456859 454952 494849 472910 498481 477170 510972 512125 449049 490509 471914 494948 515041 486080 483913 488257 476062 485390 488557 490965 459937 489237 459433 487806 487400 453045 479704 482557 472694 481093 459237 448418 480907 485716 495987 477322 546555 459387 486060 446778 462621 454330 492557 488917 495329 455528 444589 479046 502602 464722 472528 463301 498876 488965 476959 492687 484137 511035 450946 502481 512798 515337 
478752 455122 414268 438621 416048 441866 436173 457707 416601 465798 431096 468876 480669 440570 462431 434535 444856 479544 453935 467650 437988 452468 436743 451820 465974 443151 466345 464065 427764 494772 467567 453471 422951 442712 426823 439672 424837 445542 474368 456617 455867 443900 469621 436088 463225 443759 466100 466355 441067 437219 450236 403971 461951 401161 436759 460836 432997 471039 429515 413703 468787 434315 458974 496021 465172 435514 467053 481734 446972 457185 480806 475825 479568 422345 418233 440314 449092 437155 428152 418133 445932 412534 422993 458375 451366 459160 434520 427131 484517 458972 415740 478843 455911 470544 466505 461460 422252 495027 423408 420228 472094 435327 438323 452204 450779 449235 415345 470539 454242 497398 430995 448367 427671 456058 477602 426324 418349 464217 441155 477234 447378 437691 461702 415582 445364 463770 459474 411333 459115 451344 484423 452768 442609 443525 485365 470108 452739 489579 436248 444038 458964 442374 471134 449853 471847 487646 426710 431079 429865 471689 446945 474891 450501 471333 438098 437497 480031 423880 423093 433681 412441 445576 443059 410365 454675 460890 432488 416224 434469 426062 431123 428548 474968 457360 503094 437735 441999 423909 437805 433249 451292 465059 445649 422305 412234 450200 478266 419389 446792 413205 450894 472820 439266 445521 475557 473898 436948 457192 470896 467376 
552296 529049 487124 504838 471744 499187 548324 531684 490206 530180 521287 542725 560171 497230 516799 514623 499475 568049 533008 541226 512234 543957 519989 480093 500605 528933 531690 533872 505558 564865 558430 542963 517176 559907 490489 508724 488944 508608 566917 529532 523791 551215 530969 496860 543391 548710 538318 533537 501069 503727 499304 513701 505745 510138 524017 527249 501610 560215 489645 492816 543307 528291 546153 564863 531372 528624 570886 527417 510578 537033 554026 551695 535817 473701 511418 516789 496878 488210 503600 529840 523279 483910 476635 541178 505040 522925 527516 497038 571948 513240 520355 502675 475056 549341 549399 520939 513657 574850 518695 503493 538351 511918 540814 546557 522583 523662 492377 540933 548642 559249 520718 518463 486097 541325 569915 496149 477322 556822 520363 529604 527145 497122 530418 484363 535943 530743 541079 489188 554687 527589 559206 524085 488729 515801 530334 563606 545625 549852 496934 499646 512398 513055 561389 485396 534222 549138 513838 528515 509062 503292 512044 522625 539035 546591 505874 510186 541490 549064 533731 523207 490488 542110 517039 456134 534348 532817 508765 523662 477136 494721 511235 505442 512831 498924 576834 501421 532229 490610 517030 486266 543879 564802 509951 474249 493952 507881 556759 508361 538154 494169 526359 507073 535444 522492 519510 580262 492919 574316 570318 550294 
509486 448101 425571 425413 415838 430558 437584 445252 444372 453885 450956 463955 469435 464567 472997 445309 460613 469364 465364 468989 445050 455053 433842 453130 448069 454848 482603 458572 443770 500269 458366 469140 417963 484116 424919 461767 445543 443243 495122 457085 463009 465162 457312 446273 481867 449822 496651 457270 461512 445308 440663 423022 471647 415188 447721 454935 435673 488282 450878 436507 461825 432707 471717 499507 468090 463632 507230 497542 465315 465665 485961 485888 488717 448006 433058 451431 455988 442801 425804 427283 462004 412577 417009 470951 442989 449337 436731 463154 492375 443304 453416 449764 455831 483539 490242 461307 432120 508317 447379 422774 487569 455114 463748 450496 463160 475999 435699 468834 482817 490297 441202 452326 397235 452441 489929 451530 433224 470360 460323 474052 452601 448568 462166 444604 462505 452664 449941 434566 474141 456265 461676 467236 441988 452800 462318 476708 474160 502464 457766 452979 444596 443855 480703 433907 485514 519424 440748 469812 418804 445520 462258 461414 493315 474894 450247 459806 445239 484738 452307 437361 402710 464459 466222 422687 462287 466617 480671 448242 421626 426920 439666 469833 484849 448072 489383 450481 441355 433230 449010 442031 459064 462641 443743 446469 446060 459576 470384 424748 461722 438352 474670 446232 471456 471473 478959 496475 440569 468579 494672 483517 
542021 484043 455225 470933 426631 456109 489145 507819 463487 490931 477733 494460 497418 468399 495557 476354 450061 502452 503572 526821 479957 471879 472036 462892 467718 489920 480451 490832 455876 541870 516268 510279 462022 520735 461684 501397 453655 497005 518462 476941 500025 489874 483589 470008 508529 484985 511971 504911 488354 455764 466783 454939 469324 466962 491339 477616 461377 517808 457144 470894 476660 475599 496599 514429 479487 494980 542219 522184 495880 521248 525181 509145 516551 473739 470247 477092 474540 439259 452557 492341 485138 446123 472454 509111 486679 490230 485629 466024 554062 492804 481278 476525 476036 503762 506006 483496 476399 532891 482441 467111 532274 508672 494593 480521 501822 494573 456138 500410 502693 527689 448855 480446 445103 490569 522878 489318 433631 505827 471475 500013 469779 463180 484641 445694 503771 484161 485848 469014 538035 484117 503135 480766 460772 483611 508206 507363 497283 536749 475077 463569 508809 464189 525742 452182 496786 531374 475287 498351 454286 472905 517028 507235 513455 503364 468696 491056 479028 532532 494630 482920 471755 488494 505172 441943 499861 457167 489634 473682 471643 485406 479494 492229 500389 471310 533912 463713 488746 474550 475115 483003 500557 503317 481355 480496 463640 493618 519184 465603 504066 463604 498219 464104 497539 509301 493111 539991 465165 530433 523923 495844 
510310 490680 446226 448252 444086 461039 499449 472903 456529 474273 463116 494039 519988 451274 503351 438739 456651 490288 477322 493819 436220 490354 461017 466634 487175 483088 486745 489797 478217 519783 504318 506507 453404 481868 449804 471456 465667 468591 518748 474913 472097 488681 481100 458799 487332 470125 497924 489837 452474 480429 480001 457734 480358 419908 482674 472613 440471 500354 436558 456535 488885 452268 491825 511644 508509 478498 504259 483563 464883 499330 489377 492402 506508 464108 466185 449371 440544 443602 465816 459327 470826 428373 451077 507989 469636 465462 477577 450324 493385 460250 490586 458696 453468 496362 471608 487983 477059 509411 439483 454846 515927 470357 512133 478445 495192 481453 444263 452405 479371 500964 447483 481503 438397 480205 500584 438308 449919 480303 470029 487940 466168 458856 502240 453087 493183 480125 487036 438483 494000 472430 487145 493651 460227 452010 490728 486438 511028 487637 450622 471475 479435 484683 510433 445890 491996 500465 448863 487871 472097 485691 493418 466595 509396 483142 458869 466211 483593 484217 472470 460502 431844 481731 462323 439876 489392 475966 472476 471968 435344 460706 484266 468868 502298 455516 524094 449318 457668 441161 457114 444566 473099 477449 478179 444234 450221 494145 485033 457159 500059 440275 458356 463903 492720 501494 481599 493778 451367 507004 499476 493630 
